wall_time,ros_time_sec,elapsed_sec,has_ready,driver_ready,ready_age_sec,has_state,state_age_sec,state_size,has_command,command_age_sec,command_size,service_mode,service_suction,service_pick,service_place,service_stack,service_payload_estimate,service_payload_state,service_arm_mission,service_nav_arm_event,action_move_joint,has_nav_state,nav_state_age_sec,nav_state_x,nav_state_y,nav_state_yaw,has_nav_task_points,nav_task_points_age_sec,nav_task_points_count,nav_task_points_min_id,nav_task_points_max_id,nav_task_points_summary,has_nav_mission_request,nav_mission_request_age_sec,nav_mission_action,nav_mission_task_index,nav_mission_point_id,nav_mission_x,nav_mission_y,has_nav_mission_response,nav_mission_response_age_sec,nav_mission_response_success,nav_mission_response_message,has_nav_arm_event_request,nav_arm_event_request_age_sec,nav_arm_event_request_message,has_nav_arm_event_response,nav_arm_event_response_age_sec,nav_arm_event_response_success,nav_arm_event_response_message,state_valid_0,state_q_rad_0,state_q_deg_0,state_dq_0,state_tau_est_0,state_valid_1,state_q_rad_1,state_q_deg_1,state_dq_1,state_tau_est_1,state_valid_2,state_q_rad_2,state_q_deg_2,state_dq_2,state_tau_est_2,state_valid_3,state_q_rad_3,state_q_deg_3,state_dq_3,state_tau_est_3,state_valid_4,state_q_rad_4,state_q_deg_4,state_dq_4,state_tau_est_4,cmd_q_rad_0,cmd_q_deg_0,cmd_dq_0,cmd_tau_0,cmd_kp_0,cmd_kd_0,cmd_q_rad_1,cmd_q_deg_1,cmd_dq_1,cmd_tau_1,cmd_kp_1,cmd_kd_1,cmd_q_rad_2,cmd_q_deg_2,cmd_dq_2,cmd_tau_2,cmd_kp_2,cmd_kd_2,cmd_q_rad_3,cmd_q_deg_3,cmd_dq_3,cmd_tau_3,cmd_kp_3,cmd_kd_3,cmd_q_rad_4,cmd_q_deg_4,cmd_dq_4,cmd_tau_4,cmd_kp_4,cmd_kd_4
2026-07-04 22:21:26.157,1783174886.157907724,1.014358506,0,0,-1.000000000,0,-1.000000000,0,1,0.003760202,5,1,0,0,0,0,1,1,0,0,1,0,-1.000000000,0.000000000,0.000000000,0.000000000,0,-1.000000000,0,0,0,,0,-1.000000000,,0,0,0.000000000,0.000000000,0,-1.000000000,0,,0,-1.000000000,,0,-1.000000000,0,,,,,,,,,,,,,,,,,,,,,,,,,,,-0.054413415,-3.117659057,0.000000000,-0.000000000,2.000000000,1.000000000,3.150317430,180.499892894,0.000000000,-2.782876253,8.500000000,2.500000000,-2.870547533,-164.470258535,0.000000000,2.681807995,3.000000000,0.800000012,-0.188639641,-10.808255267,0.000000000,0.430443883,1.200000048,0.200000003,0.709263802,40.637822392,0.000000000,0.000112629,0.100000001,0.020000000
2026-07-04 22:21:27.157,1783174887.157903671,2.014354451,1,1,0.288217861,1,0.008997623,5,1,0.003466889,5,1,0,0,0,0,1,1,1,0,1,0,-1.000000000,0.000000000,0.000000000,0.000000000,0,-1.000000000,0,0,0,,0,-1.000000000,,0,0,0.000000000,0.000000000,0,-1.000000000,0,,0,-1.000000000,,0,-1.000000000,0,,1,-0.054031946,-3.095802451,0.007326126,-0.012209892,1,3.140780687,179.953477760,-0.002442360,-2.714529037,1,-2.870166063,-164.448401929,0.002442360,2.659828186,1,-0.187876701,-10.764542056,-0.021978378,0.422466278,1,0.709647179,40.659788280,-0.012210846,-0.003663063,-0.054413415,-3.117659057,0.000000000,-0.000000000,2.000000000,1.000000000,3.150317430,180.499892894,0.000000000,-2.782876253,8.500000000,2.500000000,-2.870547533,-164.470258535,0.000000000,2.681807995,3.000000000,0.800000012,-0.188639641,-10.808255267,0.000000000,0.430443883,1.200000048,0.200000003,0.709263802,40.637822392,0.000000000,0.000112629,0.100000001,0.020000000
2026-07-04 22:21:28.158,1783174888.158115864,3.014566651,1,1,1.288430061,1,0.009008419,5,1,0.003752570,5,1,0,0,0,0,1,1,1,0,1,0,-1.000000000,0.000000000,0.000000000,0.000000000,0,-1.000000000,0,0,0,,0,-1.000000000,,0,0,0.000000000,0.000000000,0,-1.000000000,0,,0,-1.000000000,,0,-1.000000000,0,,1,-0.054031946,-3.095802451,-0.007326126,-0.012209892,1,3.140780687,179.953477760,-0.007326126,-2.714529037,1,-2.870166063,-164.448401929,-0.002442360,2.659828186,1,-0.187876701,-10.764542056,0.007326126,0.422466278,1,0.709263802,40.637822392,-0.012210846,-0.003663063,-0.054413415,-3.117659057,0.000000000,-0.000000000,2.000000000,1.000000000,3.150317430,180.499892894,0.000000000,-2.782876253,8.500000000,2.500000000,-2.870547533,-164.470258535,0.000000000,2.681807995,3.000000000,0.800000012,-0.188639641,-10.808255267,0.000000000,0.430443883,1.200000048,0.200000003,0.709263802,40.637822392,0.000000000,0.000112629,0.100000001,0.020000000
2026-07-04 22:21:29.158,1783174889.158392668,4.014843455,1,1,2.288706865,1,0.009084208,5,1,0.003655814,5,1,0,0,0,0,1,1,1,0,1,0,-1.000000000,0.000000000,0.000000000,0.000000000,0,-1.000000000,0,0,0,,0,-1.000000000,,0,0,0.000000000,0.000000000,0,-1.000000000,0,,0,-1.000000000,,0,-1.000000000,0,,1,-0.054031946,-3.095802451,-0.007326126,-0.012209892,1,3.140780687,179.953477760,-0.002442360,-2.728204727,1,-2.870166063,-164.448401929,-0.002442360,2.659828186,1,-0.187876701,-10.764542056,-0.021978378,0.422466278,1,0.709263802,40.637822392,-0.012210846,-0.001221180,-0.054413415,-3.117659057,0.000000000,-0.000000000,2.000000000,1.000000000,3.150317430,180.499892894,0.000000000,-2.782876253,8.500000000,2.500000000,-2.870547533,-164.470258535,0.000000000,2.681807995,3.000000000,0.800000012,-0.188639641,-10.808255267,0.000000000,0.430443883,1.200000048,0.200000003,0.709263802,40.637822392,0.000000000,0.000112629,0.100000001,0.020000000
2026-07-04 22:21:30.158,1783174890.158564806,5.015015722,1,1,3.288879132,1,0.009094984,5,1,0.003721749,5,1,0,0,0,0,1,1,1,0,1,0,-1.000000000,0.000000000,0.000000000,0.000000000,0,-1.000000000,0,0,0,,0,-1.000000000,,0,0,0.000000000,0.000000000,0,-1.000000000,0,,0,-1.000000000,,0,-1.000000000,0,,1,-0.054031946,-3.095802451,-0.021978378,-0.012209892,1,3.140780687,179.953477760,-0.002442360,-2.728204727,1,-2.870166063,-164.448401929,0.002442360,2.659828186,1,-0.187876701,-10.764542056,0.007326126,0.422466278,1,0.709647179,40.659788280,-0.012210846,-0.001221180,-0.054413415,-3.117659057,0.000000000,-0.000000000,2.000000000,1.000000000,3.150317430,180.499892894,0.000000000,-2.782876253,8.500000000,2.500000000,-2.870547533,-164.470258535,0.000000000,2.681807995,3.000000000,0.800000012,-0.188639641,-10.808255267,0.000000000,0.430443883,1.200000048,0.200000003,0.709263802,40.637822392,0.000000000,0.000112629,0.100000001,0.020000000
2026-07-04 22:21:31.158,1783174891.158787251,6.015238281,1,1,4.289101691,1,0.008892673,5,1,0.003620058,5,1,0,0,0,0,1,1,1,0,1,0,-1.000000000,0.000000000,0.000000000,0.000000000,0,-1.000000000,0,0,0,,0,-1.000000000,,0,0,0.000000000,0.000000000,0,-1.000000000,0,,0,-1.000000000,,0,-1.000000000,0,,1,-0.054031946,-3.095802451,-0.007326126,-0.012209892,1,3.140780687,179.953477760,-0.002442360,-2.728204727,1,-2.870166063,-164.448401929,-0.002442360,2.659828186,1,-0.187876701,-10.764542056,-0.021978378,0.422466278,1,0.709647179,40.659788280,-0.012210846,-0.003663063,-0.054413415,-3.117659057,0.000000000,-0.000000000,2.000000000,1.000000000,3.150317430,180.499892894,0.000000000,-2.782876253,8.500000000,2.500000000,-2.870547533,-164.470258535,0.000000000,2.681807995,3.000000000,0.800000012,-0.188639641,-10.808255267,0.000000000,0.430443883,1.200000048,0.200000003,0.709263802,40.637822392,0.000000000,0.000112629,0.100000001,0.020000000
2026-07-04 22:21:32.159,1783174892.158967257,7.015418215,1,1,5.289281625,1,0.009255065,5,1,0.003609395,5,1,0,0,0,0,1,1,1,0,1,0,-1.000000000,0.000000000,0.000000000,0.000000000,0,-1.000000000,0,0,0,,0,-1.000000000,,0,0,0.000000000,0.000000000,0,-1.000000000,0,,0,-1.000000000,,0,-1.000000000,0,,1,-0.054413415,-3.117659057,-0.007326126,-0.012209892,1,3.140780687,179.953477760,0.002442360,-2.714529037,1,-2.870166063,-164.448401929,0.002442360,2.659828186,1,-0.187876701,-10.764542056,-0.007326126,0.422466278,1,0.709647179,40.659788280,0.012210846,-0.001221180,-0.054413415,-3.117659057,0.000000000,-0.000000000,2.000000000,1.000000000,3.150317430,180.499892894,0.000000000,-2.782876253,8.500000000,2.500000000,-2.870547533,-164.470258535,0.000000000,2.681807995,3.000000000,0.800000012,-0.188639641,-10.808255267,0.000000000,0.430443883,1.200000048,0.200000003,0.709263802,40.637822392,0.000000000,0.000112629,0.100000001,0.020000000
2026-07-04 22:21:33.159,1783174893.159313202,8.015764091,1,1,6.289627501,1,0.009078902,5,1,0.003816701,5,1,0,0,0,0,1,1,1,0,1,0,-1.000000000,0.000000000,0.000000000,0.000000000,0,-1.000000000,0,0,0,,0,-1.000000000,,0,0,0.000000000,0.000000000,0,-1.000000000,0,,0,-1.000000000,,0,-1.000000000,0,,1,-0.054031946,-3.095802451,-0.021978378,-0.012209892,1,3.140780687,179.953477760,-0.002442360,-2.714529037,1,-2.870166063,-164.448401929,-0.002442360,2.659828186,1,-0.187876701,-10.764542056,0.007326126,0.422466278,1,0.709263802,40.637822392,-0.036628723,-0.003663063,-0.054413415,-3.117659057,0.000000000,-0.000000000,2.000000000,1.000000000,3.150317430,180.499892894,0.000000000,-2.782876253,8.500000000,2.500000000,-2.870547533,-164.470258535,0.000000000,2.681807995,3.000000000,0.800000012,-0.188639641,-10.808255267,0.000000000,0.430443883,1.200000048,0.200000003,0.709263802,40.637822392,0.000000000,0.000112629,0.100000001,0.020000000
2026-07-04 22:21:34.159,1783174894.159448862,9.015899624,1,1,7.289763034,1,0.009141687,5,1,0.003649010,5,1,0,0,0,0,1,1,1,0,1,0,-1.000000000,0.000000000,0.000000000,0.000000000,0,-1.000000000,0,0,0,,0,-1.000000000,,0,0,0.000000000,0.000000000,0,-1.000000000,0,,0,-1.000000000,,0,-1.000000000,0,,1,-0.054031946,-3.095802451,-0.007326126,-0.012209892,1,3.140780687,179.953477760,-0.002442360,-2.714529037,1,-2.870166063,-164.448401929,-0.002442360,2.659828186,1,-0.187876701,-10.764542056,-0.007326126,0.422466278,1,0.709647179,40.659788280,-0.012210846,-0.003663063,-0.054413415,-3.117659057,0.000000000,-0.000000000,2.000000000,1.000000000,3.150317430,180.499892894,0.000000000,-2.782876253,8.500000000,2.500000000,-2.870547533,-164.470258535,0.000000000,2.681807995,3.000000000,0.800000012,-0.188639641,-10.808255267,0.000000000,0.430443883,1.200000048,0.200000003,0.709263802,40.637822392,0.000000000,0.000112629,0.100000001,0.020000000
2026-07-04 22:21:35.159,1783174895.159713745,10.016164684,1,1,8.290028094,1,0.009317610,5,1,0.003607094,5,1,0,0,0,0,1,1,1,0,1,0,-1.000000000,0.000000000,0.000000000,0.000000000,0,-1.000000000,0,0,0,,0,-1.000000000,,0,0,0.000000000,0.000000000,0,-1.000000000,0,,0,-1.000000000,,0,-1.000000000,0,,1,-0.054031946,-3.095802451,-0.007326126,-0.012209892,1,3.140780687,179.953477760,-0.002442360,-2.714529037,1,-2.870166063,-164.448401929,-0.002442360,2.659828186,1,-0.187876701,-10.764542056,-0.007326126,0.422466278,1,0.709263802,40.637822392,-0.012210846,-0.001221180,-0.054413415,-3.117659057,0.000000000,-0.000000000,2.000000000,1.000000000,3.150317430,180.499892894,0.000000000,-2.782876253,8.500000000,2.500000000,-2.870547533,-164.470258535,0.000000000,2.681807995,3.000000000,0.800000012,-0.188639641,-10.808255267,0.000000000,0.430443883,1.200000048,0.200000003,0.709263802,40.637822392,0.000000000,0.000112629,0.100000001,0.020000000
2026-07-04 22:21:36.159,1783174896.159850597,11.016301308,1,1,9.290164718,1,0.009105748,5,1,0.003716250,5,1,0,0,0,0,1,1,1,0,1,0,-1.000000000,0.000000000,0.000000000,0.000000000,0,-1.000000000,0,0,0,,0,-1.000000000,,0,0,0.000000000,0.000000000,0,-1.000000000,0,,0,-1.000000000,,0,-1.000000000,0,,1,-0.054031946,-3.095802451,0.007326126,-0.012209892,1,3.140780687,179.953477760,-0.002442360,-2.714529037,1,-2.870166063,-164.448401929,-0.002442360,2.659828186,1,-0.187495232,-10.742685451,-0.007326126,0.422466278,1,0.709263802,40.637822392,-0.061050415,-0.001221180,-0.054413415,-3.117659057,0.000000000,-0.000000000,2.000000000,1.000000000,3.150317430,180.499892894,0.000000000,-2.782876253,8.500000000,2.500000000,-2.870547533,-164.470258535,0.000000000,2.681807995,3.000000000,0.800000012,-0.188639641,-10.808255267,0.000000000,0.430443883,1.200000048,0.200000003,0.709263802,40.637822392,0.000000000,0.000112629,0.100000001,0.020000000
2026-07-04 22:21:37.160,1783174897.160122395,12.016573147,1,1,10.290436557,1,0.009217287,5,1,0.003646535,5,1,0,0,0,0,1,1,1,0,1,0,-1.000000000,0.000000000,0.000000000,0.000000000,0,-1.000000000,0,0,0,,0,-1.000000000,,0,0,0.000000000,0.000000000,0,-1.000000000,0,,0,-1.000000000,,0,-1.000000000,0,,1,-0.054031946,-3.095802451,0.007326126,-0.012209892,1,3.140780687,179.953477760,-0.002442360,-2.714529037,1,-2.870166063,-164.448401929,-0.002442360,2.659828186,1,-0.187876701,-10.764542056,-0.021978378,0.422466278,1,0.709263802,40.637822392,-0.036628723,-0.003663063,-0.054413415,-3.117659057,0.000000000,-0.000000000,2.000000000,1.000000000,3.150317430,180.499892894,0.000000000,-2.782876253,8.500000000,2.500000000,-2.870547533,-164.470258535,0.000000000,2.681807995,3.000000000,0.800000012,-0.188639641,-10.808255267,0.000000000,0.430443883,1.200000048,0.200000003,0.709263802,40.637822392,0.000000000,0.000112629,0.100000001,0.020000000
2026-07-04 22:21:38.160,1783174898.160313845,13.016764686,1,1,11.290628096,1,0.008882891,5,1,0.003431975,5,1,0,0,0,0,1,1,1,0,1,0,-1.000000000,0.000000000,0.000000000,0.000000000,0,-1.000000000,0,0,0,,0,-1.000000000,,0,0,0.000000000,0.000000000,0,-1.000000000,0,,0,-1.000000000,,0,-1.000000000,0,,1,-0.054413415,-3.117659057,-0.021978378,-0.012209892,1,3.140780687,179.953477760,-0.007326126,-2.728204727,1,-2.870166063,-164.448401929,-0.002442360,2.673503876,1,-0.187876701,-10.764542056,-0.007326126,0.422466278,1,0.709263802,40.637822392,0.012210846,-0.003663063,-0.054413415,-3.117659057,0.000000000,-0.000000000,2.000000000,1.000000000,3.150317430,180.499892894,0.000000000,-2.782876253,8.500000000,2.500000000,-2.870547533,-164.470258535,0.000000000,2.681807995,3.000000000,0.800000012,-0.188639641,-10.808255267,0.000000000,0.430443883,1.200000048,0.200000003,0.709263802,40.637822392,0.000000000,0.000112629,0.100000001,0.020000000
2026-07-04 22:21:39.160,1783174899.160526752,14.016977710,1,1,12.290841120,1,0.009367049,5,1,0.003707207,5,1,0,0,0,0,1,1,1,0,1,0,-1.000000000,0.000000000,0.000000000,0.000000000,0,-1.000000000,0,0,0,,0,-1.000000000,,0,0,0.000000000,0.000000000,0,-1.000000000,0,,0,-1.000000000,,0,-1.000000000,0,,1,-0.054413415,-3.117659057,-0.021978378,-0.012209892,1,3.140780687,179.953477760,-0.002442360,-2.714529037,1,-2.870166063,-164.448401929,-0.002442360,2.659828186,1,-0.187876701,-10.764542056,-0.007326126,0.422466278,1,0.709263802,40.637822392,0.012210846,-0.001221180,-0.054413415,-3.117659057,0.000000000,-0.000000000,2.000000000,1.000000000,3.150317430,180.499892894,0.000000000,-2.782876253,8.500000000,2.500000000,-2.870547533,-164.470258535,0.000000000,2.681807995,3.000000000,0.800000012,-0.188639641,-10.808255267,0.000000000,0.430443883,1.200000048,0.200000003,0.709263802,40.637822392,0.000000000,0.000112629,0.100000001,0.020000000
2026-07-04 22:21:40.160,1783174900.160775423,15.017226254,1,1,13.291089664,1,0.009193821,5,1,0.003682690,5,1,0,0,0,0,1,1,1,0,1,0,-1.000000000,0.000000000,0.000000000,0.000000000,0,-1.000000000,0,0,0,,0,-1.000000000,,0,0,0.000000000,0.000000000,0,-1.000000000,0,,0,-1.000000000,,0,-1.000000000,0,,1,-0.054031946,-3.095802451,-0.007326126,-0.012209892,1,3.140780687,179.953477760,-0.002442360,-2.714529037,1,-2.870166063,-164.448401929,-0.002442360,2.659828186,1,-0.187876701,-10.764542056,-0.007326126,0.422466278,1,0.709263802,40.637822392,-0.036628723,-0.003663063,-0.054413415,-3.117659057,0.000000000,-0.000000000,2.000000000,1.000000000,3.150317430,180.499892894,0.000000000,-2.782876253,8.500000000,2.500000000,-2.870547533,-164.470258535,0.000000000,2.681807995,3.000000000,0.800000012,-0.188639641,-10.808255267,0.000000000,0.430443883,1.200000048,0.200000003,0.709263802,40.637822392,0.000000000,0.000112629,0.100000001,0.020000000
2026-07-04 22:21:41.161,1783174901.161042452,16.017493418,1,1,14.291356828,1,0.008763102,5,1,0.003643774,5,1,0,0,0,0,1,1,1,0,1,0,-1.000000000,0.000000000,0.000000000,0.000000000,0,-1.000000000,0,0,0,,0,-1.000000000,,0,0,0.000000000,0.000000000,0,-1.000000000,0,,0,-1.000000000,,0,-1.000000000,0,,1,-0.054031946,-3.095802451,0.007326126,-0.017093658,1,3.140780687,179.953477760,-0.002442360,-2.714529037,1,-2.870166063,-164.448401929,-0.002442360,2.673503876,1,-0.187876701,-10.764542056,-0.007326126,0.422466278,1,0.709647179,40.659788280,0.012210846,-0.003663063,-0.054413415,-3.117659057,0.000000000,-0.000000000,2.000000000,1.000000000,3.150317430,180.499892894,0.000000000,-2.782876253,8.500000000,2.500000000,-2.870547533,-164.470258535,0.000000000,2.681807995,3.000000000,0.800000012,-0.188639641,-10.808255267,0.000000000,0.430443883,1.200000048,0.200000003,0.709263802,40.637822392,0.000000000,0.000112629,0.100000001,0.020000000
2026-07-04 22:21:42.161,1783174902.161238194,17.017689047,1,1,15.291552457,1,0.009321200,5,1,0.003790335,5,1,0,0,0,0,1,1,1,0,1,0,-1.000000000,0.000000000,0.000000000,0.000000000,0,-1.000000000,0,0,0,,0,-1.000000000,,0,0,0.000000000,0.000000000,0,-1.000000000,0,,0,-1.000000000,,0,-1.000000000,0,,1,-0.054031946,-3.095802451,0.007326126,-0.012209892,1,3.140780687,179.953477760,-0.002442360,-2.728204727,1,-2.870166063,-164.448401929,-0.002442360,2.673503876,1,-0.187876701,-10.764542056,0.007326126,0.422466278,1,0.709263802,40.637822392,-0.012210846,-0.003663063,-0.054413415,-3.117659057,0.000000000,-0.000000000,2.000000000,1.000000000,3.150317430,180.499892894,0.000000000,-2.782876253,8.500000000,2.500000000,-2.870547533,-164.470258535,0.000000000,2.681807995,3.000000000,0.800000012,-0.188639641,-10.808255267,0.000000000,0.430443883,1.200000048,0.200000003,0.709263802,40.637822392,0.000000000,0.000112629,0.100000001,0.020000000
2026-07-04 22:21:43.161,1783174903.161488295,18.017939296,1,1,16.291802706,1,0.009253666,5,1,0.003794132,5,1,0,0,0,0,1,1,1,0,1,0,-1.000000000,0.000000000,0.000000000,0.000000000,0,-1.000000000,0,0,0,,0,-1.000000000,,0,0,0.000000000,0.000000000,0,-1.000000000,0,,0,-1.000000000,,0,-1.000000000,0,,1,-0.054413415,-3.117659057,-0.007326126,-0.012209892,1,3.140780687,179.953477760,-0.002442360,-2.714529037,1,-2.870166063,-164.448401929,0.002442360,2.659828186,1,-0.187876701,-10.764542056,-0.007326126,0.422466278,1,0.709647179,40.659788280,0.012210846,-0.003663063,-0.054413415,-3.117659057,0.000000000,-0.000000000,2.000000000,1.000000000,3.150317430,180.499892894,0.000000000,-2.782876253,8.500000000,2.500000000,-2.870547533,-164.470258535,0.000000000,2.681807995,3.000000000,0.800000012,-0.188639641,-10.808255267,0.000000000,0.430443883,1.200000048,0.200000003,0.709263802,40.637822392,0.000000000,0.000112629,0.100000001,0.020000000
2026-07-04 22:21:44.161,1783174904.161662817,19.018113721,1,1,17.291977131,1,0.008932676,5,1,0.003643200,5,1,0,0,0,0,1,1,1,0,1,0,-1.000000000,0.000000000,0.000000000,0.000000000,0,-1.000000000,0,0,0,,0,-1.000000000,,0,0,0.000000000,0.000000000,0,-1.000000000,0,,0,-1.000000000,,0,-1.000000000,0,,1,-0.054031946,-3.095802451,-0.021978378,-0.012209892,1,3.140780687,179.953477760,-0.002442360,-2.714529037,1,-2.870166063,-164.448401929,-0.002442360,2.659828186,1,-0.187876701,-10.764542056,-0.007326126,0.422466278,1,0.709263802,40.637822392,-0.012210846,-0.003663063,-0.054413415,-3.117659057,0.000000000,-0.000000000,2.000000000,1.000000000,3.150317430,180.499892894,0.000000000,-2.782876253,8.500000000,2.500000000,-2.870547533,-164.470258535,0.000000000,2.681807995,3.000000000,0.800000012,-0.188639641,-10.808255267,0.000000000,0.430443883,1.200000048,0.200000003,0.709263802,40.637822392,0.000000000,0.000112629,0.100000001,0.020000000
2026-07-04 22:21:45.161,1783174905.161923409,20.018374098,1,1,18.292237508,1,0.009339800,5,1,0.003686938,5,1,0,0,0,0,1,1,1,0,1,0,-1.000000000,0.000000000,0.000000000,0.000000000,0,-1.000000000,0,0,0,,0,-1.000000000,,0,0,0.000000000,0.000000000,0,-1.000000000,0,,0,-1.000000000,,0,-1.000000000,0,,1,-0.054031946,-3.095802451,-0.007326126,-0.012209892,1,3.140780687,179.953477760,-0.002442360,-2.714529037,1,-2.870166063,-164.448401929,-0.002442360,2.673503876,1,-0.187876701,-10.764542056,-0.007326126,0.422466278,1,0.709263802,40.637822392,-0.012210846,-0.003663063,-0.054413415,-3.117659057,0.000000000,-0.000000000,2.000000000,1.000000000,3.150317430,180.499892894,0.000000000,-2.782876253,8.500000000,2.500000000,-2.870547533,-164.470258535,0.000000000,2.681807995,3.000000000,0.800000012,-0.188639641,-10.808255267,0.000000000,0.430443883,1.200000048,0.200000003,0.709263802,40.637822392,0.000000000,0.000112629,0.100000001,0.020000000
2026-07-04 22:21:46.162,1783174906.162149906,21.018600801,1,1,19.292464211,1,0.009178349,5,1,0.003768966,5,1,0,0,0,0,1,1,1,0,1,0,-1.000000000,0.000000000,0.000000000,0.000000000,0,-1.000000000,0,0,0,,0,-1.000000000,,0,0,0.000000000,0.000000000,0,-1.000000000,0,,0,-1.000000000,,0,-1.000000000,0,,1,-0.054031946,-3.095802451,-0.021978378,-0.012209892,1,3.140780687,179.953477760,-0.002442360,-2.714529037,1,-2.870166063,-164.448401929,-0.002442360,2.659828186,1,-0.187876701,-10.764542056,-0.007326126,0.422466278,1,0.709263802,40.637822392,-0.012210846,-0.003663063,-0.054413415,-3.117659057,0.000000000,-0.000000000,2.000000000,1.000000000,3.150317430,180.499892894,0.000000000,-2.782876253,8.500000000,2.500000000,-2.870547533,-164.470258535,0.000000000,2.681807995,3.000000000,0.800000012,-0.188639641,-10.808255267,0.000000000,0.430443883,1.200000048,0.200000003,0.709263802,40.637822392,0.000000000,0.000112629,0.100000001,0.020000000
2026-07-04 22:21:47.162,1783174907.162314653,22.018765746,1,1,20.292629156,1,0.008976140,5,1,0.003614381,5,1,0,0,0,0,1,1,1,0,1,0,-1.000000000,0.000000000,0.000000000,0.000000000,0,-1.000000000,0,0,0,,0,-1.000000000,,0,0,0.000000000,0.000000000,0,-1.000000000,0,,0,-1.000000000,,0,-1.000000000,0,,1,-0.054031946,-3.095802451,-0.007326126,-0.012209892,1,3.140780687,179.953477760,-0.002442360,-2.728204727,1,-2.870166063,-164.448401929,-0.002442360,2.659828186,1,-0.187876701,-10.764542056,-0.021978378,0.422466278,1,0.709647179,40.659788280,-0.012210846,-0.003663063,-0.054413415,-3.117659057,0.000000000,-0.000000000,2.000000000,1.000000000,3.150317430,180.499892894,0.000000000,-2.782876253,8.500000000,2.500000000,-2.870547533,-164.470258535,0.000000000,2.681807995,3.000000000,0.800000012,-0.188639641,-10.808255267,0.000000000,0.430443883,1.200000048,0.200000003,0.709263802,40.637822392,0.000000000,0.000112629,0.100000001,0.020000000
2026-07-04 22:21:48.162,1783174908.162517548,23.018968376,1,1,21.292831786,1,0.009186484,5,1,0.003650092,5,1,0,0,0,0,1,1,1,0,1,0,-1.000000000,0.000000000,0.000000000,0.000000000,0,-1.000000000,0,0,0,,0,-1.000000000,,0,0,0.000000000,0.000000000,0,-1.000000000,0,,0,-1.000000000,,0,-1.000000000,0,,1,-0.054413415,-3.117659057,-0.007326126,-0.012209892,1,3.140780687,179.953477760,-0.002442360,-2.714529037,1,-2.870166063,-164.448401929,-0.002442360,2.673503876,1,-0.187876701,-10.764542056,-0.007326126,0.422466278,1,0.709263802,40.637822392,-0.012210846,-0.003663063,-0.054413415,-3.117659057,0.000000000,-0.000000000,2.000000000,1.000000000,3.150317430,180.499892894,0.000000000,-2.782876253,8.500000000,2.500000000,-2.870547533,-164.470258535,0.000000000,2.681807995,3.000000000,0.800000012,-0.188639641,-10.808255267,0.000000000,0.430443883,1.200000048,0.200000003,0.709263802,40.637822392,0.000000000,0.000112629,0.100000001,0.020000000
2026-07-04 22:21:49.162,1783174909.162853956,24.019304808,1,1,22.293168218,1,0.009327772,5,1,0.003654301,5,1,0,0,0,0,1,1,1,0,1,0,-1.000000000,0.000000000,0.000000000,0.000000000,0,-1.000000000,0,0,0,,0,-1.000000000,,0,0,0.000000000,0.000000000,0,-1.000000000,0,,0,-1.000000000,,0,-1.000000000,0,,1,-0.054031946,-3.095802451,-0.007326126,-0.012209892,1,3.140780687,179.953477760,-0.002442360,-2.714529037,1,-2.870166063,-164.448401929,-0.002442360,2.659828186,1,-0.187876701,-10.764542056,-0.021978378,0.422466278,1,0.709263802,40.637822392,-0.012210846,-0.003663063,-0.054413415,-3.117659057,0.000000000,-0.000000000,2.000000000,1.000000000,3.150317430,180.499892894,0.000000000,-2.782876253,8.500000000,2.500000000,-2.870547533,-164.470258535,0.000000000,2.681807995,3.000000000,0.800000012,-0.188639641,-10.808255267,0.000000000,0.430443883,1.200000048,0.200000003,0.709263802,40.637822392,0.000000000,0.000112629,0.100000001,0.020000000
2026-07-04 22:21:50.163,1783174910.162966490,25.019417413,1,1,23.293280823,1,0.009250014,5,1,0.003667164,5,1,0,0,0,0,1,1,1,0,1,0,-1.000000000,0.000000000,0.000000000,0.000000000,0,-1.000000000,0,0,0,,0,-1.000000000,,0,0,0.000000000,0.000000000,0,-1.000000000,0,,0,-1.000000000,,0,-1.000000000,0,,1,-0.054031946,-3.095802451,-0.021978378,-0.012209892,1,3.140780687,179.953477760,-0.002442360,-2.714529037,1,-2.870166063,-164.448401929,-0.002442360,2.659828186,1,-0.187876701,-10.764542056,-0.007326126,0.422466278,1,0.709263802,40.637822392,-0.036628723,-0.003663063,-0.054413415,-3.117659057,0.000000000,-0.000000000,2.000000000,1.000000000,3.150317430,180.499892894,0.000000000,-2.782876253,8.500000000,2.500000000,-2.870547533,-164.470258535,0.000000000,2.681807995,3.000000000,0.800000012,-0.188639641,-10.808255267,0.000000000,0.430443883,1.200000048,0.200000003,0.709263802,40.637822392,0.000000000,0.000112629,0.100000001,0.020000000
2026-07-04 22:21:51.163,1783174911.163195610,26.019646598,1,1,24.293510008,1,0.009103480,5,1,0.003485170,5,1,0,0,0,0,1,1,1,0,1,0,-1.000000000,0.000000000,0.000000000,0.000000000,0,-1.000000000,0,0,0,,0,-1.000000000,,0,0,0.000000000,0.000000000,0,-1.000000000,0,,0,-1.000000000,,0,-1.000000000,0,,1,-0.054031946,-3.095802451,-0.007326126,-0.017093658,1,3.140780687,179.953477760,-0.002442360,-2.714529037,1,-2.870166063,-164.448401929,-0.002442360,2.659828186,1,-0.187876701,-10.764542056,-0.007326126,0.422466278,1,0.709263802,40.637822392,-0.012210846,-0.001221180,-0.054413415,-3.117659057,0.000000000,-0.000000000,2.000000000,1.000000000,3.150317430,180.499892894,0.000000000,-2.782876253,8.500000000,2.500000000,-2.870547533,-164.470258535,0.000000000,2.681807995,3.000000000,0.800000012,-0.188639641,-10.808255267,0.000000000,0.430443883,1.200000048,0.200000003,0.709263802,40.637822392,0.000000000,0.000112629,0.100000001,0.020000000
2026-07-04 22:21:52.163,1783174912.163400173,27.019851089,1,1,25.293714499,1,0.009275144,5,1,0.003767971,5,1,0,0,0,0,1,1,1,0,1,0,-1.000000000,0.000000000,0.000000000,0.000000000,0,-1.000000000,0,0,0,,0,-1.000000000,,0,0,0.000000000,0.000000000,0,-1.000000000,0,,0,-1.000000000,,0,-1.000000000,0,,1,-0.054031946,-3.095802451,-0.007326126,-0.012209892,1,3.140780687,179.953477760,-0.002442360,-2.714529037,1,-2.870166063,-164.448401929,-0.002442360,2.659828186,1,-0.187876701,-10.764542056,0.007326126,0.422466278,1,0.709263802,40.637822392,-0.012210846,-0.003663063,-0.054413415,-3.117659057,0.000000000,-0.000000000,2.000000000,1.000000000,3.150317430,180.499892894,0.000000000,-2.782876253,8.500000000,2.500000000,-2.870547533,-164.470258535,0.000000000,2.681807995,3.000000000,0.800000012,-0.188639641,-10.808255267,0.000000000,0.430443883,1.200000048,0.200000003,0.709263802,40.637822392,0.000000000,0.000112629,0.100000001,0.020000000
2026-07-04 22:21:53.163,1783174913.163656235,28.020107012,1,1,26.293970422,1,0.008870695,5,1,0.003809327,5,1,0,0,0,0,1,1,1,0,1,0,-1.000000000,0.000000000,0.000000000,0.000000000,0,-1.000000000,0,0,0,,0,-1.000000000,,0,0,0.000000000,0.000000000,0,-1.000000000,0,,0,-1.000000000,,0,-1.000000000,0,,1,-0.054031946,-3.095802451,0.007326126,-0.012209892,1,3.140780687,179.953477760,-0.002442360,-2.714529037,1,-2.870166063,-164.448401929,-0.002442360,2.659828186,1,-0.187876701,-10.764542056,-0.007326126,0.422466278,1,0.709647179,40.659788280,-0.012210846,-0.003663063,-0.054413415,-3.117659057,0.000000000,-0.000000000,2.000000000,1.000000000,3.150317430,180.499892894,0.000000000,-2.782876253,8.500000000,2.500000000,-2.870547533,-164.470258535,0.000000000,2.681807995,3.000000000,0.800000012,-0.188639641,-10.808255267,0.000000000,0.430443883,1.200000048,0.200000003,0.709263802,40.637822392,0.000000000,0.000112629,0.100000001,0.020000000
2026-07-04 22:21:54.163,1783174914.163805008,29.020255739,1,1,27.294119149,1,0.008904600,5,1,0.003601851,5,1,0,0,0,0,1,1,1,0,1,0,-1.000000000,0.000000000,0.000000000,0.000000000,0,-1.000000000,0,0,0,,0,-1.000000000,,0,0,0.000000000,0.000000000,0,-1.000000000,0,,0,-1.000000000,,0,-1.000000000,0,,1,-0.054413415,-3.117659057,-0.007326126,-0.012209892,1,3.140780687,179.953477760,0.002442360,-2.714529037,1,-2.870166063,-164.448401929,-0.002442360,2.659828186,1,-0.187876701,-10.764542056,-0.007326126,0.422466278,1,0.709263802,40.637822392,-0.012210846,-0.003663063,-0.054413415,-3.117659057,0.000000000,-0.000000000,2.000000000,1.000000000,3.150317430,180.499892894,0.000000000,-2.782876253,8.500000000,2.500000000,-2.870547533,-164.470258535,0.000000000,2.681807995,3.000000000,0.800000012,-0.188639641,-10.808255267,0.000000000,0.430443883,1.200000048,0.200000003,0.709263802,40.637822392,0.000000000,0.000112629,0.100000001,0.020000000
2026-07-04 22:21:55.164,1783174915.164082527,30.020533350,1,1,28.294396760,1,0.009036255,5,1,0.003756803,5,1,0,0,0,0,1,1,1,0,1,0,-1.000000000,0.000000000,0.000000000,0.000000000,0,-1.000000000,0,0,0,,0,-1.000000000,,0,0,0.000000000,0.000000000,0,-1.000000000,0,,0,-1.000000000,,0,-1.000000000,0,,1,-0.054031946,-3.095802451,-0.007326126,-0.012209892,1,3.140780687,179.953477760,-0.002442360,-2.728204727,1,-2.870166063,-164.448401929,-0.002442360,2.659828186,1,-0.187876701,-10.764542056,-0.021978378,0.422466278,1,0.709263802,40.637822392,-0.012210846,-0.001221180,-0.054413415,-3.117659057,0.000000000,-0.000000000,2.000000000,1.000000000,3.150317430,180.499892894,0.000000000,-2.782876253,8.500000000,2.500000000,-2.870547533,-164.470258535,0.000000000,2.681807995,3.000000000,0.800000012,-0.188639641,-10.808255267,0.000000000,0.430443883,1.200000048,0.200000003,0.709263802,40.637822392,0.000000000,0.000112629,0.100000001,0.020000000
2026-07-04 22:21:56.164,1783174916.164333582,31.020784534,1,1,29.294647944,1,0.009364653,5,1,0.003821552,5,1,0,0,0,0,1,1,1,0,1,0,-1.000000000,0.000000000,0.000000000,0.000000000,0,-1.000000000,0,0,0,,0,-1.000000000,,0,0,0.000000000,0.000000000,0,-1.000000000,0,,0,-1.000000000,,0,-1.000000000,0,,1,-0.054031946,-3.095802451,-0.007326126,-0.012209892,1,3.140780687,179.953477760,-0.002442360,-2.714529037,1,-2.870166063,-164.448401929,-0.002442360,2.659828186,1,-0.187876701,-10.764542056,-0.021978378,0.422466278,1,0.709263802,40.637822392,0.012210846,-0.003663063,-0.054413415,-3.117659057,0.000000000,-0.000000000,2.000000000,1.000000000,3.150317430,180.499892894,0.000000000,-2.782876253,8.500000000,2.500000000,-2.870547533,-164.470258535,0.000000000,2.681807995,3.000000000,0.800000012,-0.188639641,-10.808255267,0.000000000,0.430443883,1.200000048,0.200000003,0.709263802,40.637822392,0.000000000,0.000112629,0.100000001,0.020000000
2026-07-04 22:21:57.164,1783174917.164452791,32.020903843,1,1,30.294767253,1,0.009188530,5,1,0.003612969,5,1,0,0,0,0,1,1,1,0,1,0,-1.000000000,0.000000000,0.000000000,0.000000000,0,-1.000000000,0,0,0,,0,-1.000000000,,0,0,0.000000000,0.000000000,0,-1.000000000,0,,0,-1.000000000,,0,-1.000000000,0,,1,-0.054031946,-3.095802451,-0.007326126,-0.012209892,1,3.140780687,179.953477760,-0.002442360,-2.714529037,1,-2.870166063,-164.448401929,-0.002442360,2.673503876,1,-0.187876701,-10.764542056,-0.007326126,0.422466278,1,0.709263802,40.637822392,-0.012210846,-0.003663063,-0.054413415,-3.117659057,0.000000000,-0.000000000,2.000000000,1.000000000,3.150317430,180.499892894,0.000000000,-2.782876253,8.500000000,2.500000000,-2.870547533,-164.470258535,0.000000000,2.681807995,3.000000000,0.800000012,-0.188639641,-10.808255267,0.000000000,0.430443883,1.200000048,0.200000003,0.709263802,40.637822392,0.000000000,0.000112629,0.100000001,0.020000000
2026-07-04 22:21:58.164,1783174918.164744139,33.021195033,1,1,31.295058443,1,0.009127363,5,1,0.003738253,5,1,0,0,0,0,1,1,1,0,1,0,-1.000000000,0.000000000,0.000000000,0.000000000,0,-1.000000000,0,0,0,,0,-1.000000000,,0,0,0.000000000,0.000000000,0,-1.000000000,0,,0,-1.000000000,,0,-1.000000000,0,,1,-0.054031946,-3.095802451,0.007326126,-0.012209892,1,3.140780687,179.953477760,-0.002442360,-2.714529037,1,-2.870166063,-164.448401929,-0.002442360,2.659828186,1,-0.187876701,-10.764542056,-0.007326126,0.422466278,1,0.709647179,40.659788280,0.012210846,-0.003663063,-0.054413415,-3.117659057,0.000000000,-0.000000000,2.000000000,1.000000000,3.150317430,180.499892894,0.000000000,-2.782876253,8.500000000,2.500000000,-2.870547533,-164.470258535,0.000000000,2.681807995,3.000000000,0.800000012,-0.188639641,-10.808255267,0.000000000,0.430443883,1.200000048,0.200000003,0.709263802,40.637822392,0.000000000,0.000112629,0.100000001,0.020000000
2026-07-04 22:21:59.165,1783174919.164950132,34.021400891,1,1,32.295264301,1,0.009087967,5,1,0.003645355,5,1,0,0,0,0,1,1,1,0,1,0,-1.000000000,0.000000000,0.000000000,0.000000000,0,-1.000000000,0,0,0,,0,-1.000000000,,0,0,0.000000000,0.000000000,0,-1.000000000,0,,0,-1.000000000,,0,-1.000000000,0,,1,-0.054031946,-3.095802451,0.007326126,-0.012209892,1,3.140780687,179.953477760,-0.007326126,-2.714529037,1,-2.870166063,-164.448401929,0.002442360,2.659828186,1,-0.187495232,-10.742685451,0.007326126,0.422466278,1,0.709647179,40.659788280,0.012210846,-0.001221180,-0.054413415,-3.117659057,0.000000000,-0.000000000,2.000000000,1.000000000,3.150317430,180.499892894,0.000000000,-2.782876253,8.500000000,2.500000000,-2.870547533,-164.470258535,0.000000000,2.681807995,3.000000000,0.800000012,-0.188639641,-10.808255267,0.000000000,0.430443883,1.200000048,0.200000003,0.709263802,40.637822392,0.000000000,0.000112629,0.100000001,0.020000000
2026-07-04 22:22:00.165,1783174920.165217161,35.021668202,1,1,33.295531612,1,0.009327721,5,1,0.003829098,5,1,0,0,0,0,1,1,1,0,1,0,-1.000000000,0.000000000,0.000000000,0.000000000,0,-1.000000000,0,0,0,,0,-1.000000000,,0,0,0.000000000,0.000000000,0,-1.000000000,0,,0,-1.000000000,,0,-1.000000000,0,,1,-0.054031946,-3.095802451,0.007326126,-0.012209892,1,3.140780687,179.953477760,-0.002442360,-2.728204727,1,-2.870166063,-164.448401929,-0.002442360,2.659828186,1,-0.187876701,-10.764542056,-0.007326126,0.422466278,1,0.709647179,40.659788280,0.012210846,-0.001221180,-0.054413415,-3.117659057,0.000000000,-0.000000000,2.000000000,1.000000000,3.150317430,180.499892894,0.000000000,-2.782876253,8.500000000,2.500000000,-2.870547533,-164.470258535,0.000000000,2.681807995,3.000000000,0.800000012,-0.188639641,-10.808255267,0.000000000,0.430443883,1.200000048,0.200000003,0.709263802,40.637822392,0.000000000,0.000112629,0.100000001,0.020000000
2026-07-04 22:22:01.165,1783174921.165342808,36.021793692,1,1,34.295657102,1,0.009052122,5,1,0.003543538,5,1,0,0,0,0,1,1,1,0,1,0,-1.000000000,0.000000000,0.000000000,0.000000000,0,-1.000000000,0,0,0,,0,-1.000000000,,0,0,0.000000000,0.000000000,0,-1.000000000,0,,0,-1.000000000,,0,-1.000000000,0,,1,-0.054031946,-3.095802451,-0.007326126,-0.012209892,1,3.140780687,179.953477760,-0.002442360,-2.714529037,1,-2.870166063,-164.448401929,-0.002442360,2.659828186,1,-0.187876701,-10.764542056,-0.007326126,0.422466278,1,0.709647179,40.659788280,0.012210846,-0.001221180,-0.054413415,-3.117659057,0.000000000,-0.000000000,2.000000000,1.000000000,3.150317430,180.499892894,0.000000000,-2.782876253,8.500000000,2.500000000,-2.870547533,-164.470258535,0.000000000,2.681807995,3.000000000,0.800000012,-0.188639641,-10.808255267,0.000000000,0.430443883,1.200000048,0.200000003,0.709263802,40.637822392,0.000000000,0.000112629,0.100000001,0.020000000
2026-07-04 22:22:02.165,1783174922.165585518,37.022036242,1,1,35.295899652,1,0.009324711,5,1,0.003633774,5,1,0,0,0,0,1,1,1,0,1,0,-1.000000000,0.000000000,0.000000000,0.000000000,0,-1.000000000,0,0,0,,0,-1.000000000,,0,0,0.000000000,0.000000000,0,-1.000000000,0,,0,-1.000000000,,0,-1.000000000,0,,1,-0.054413415,-3.117659057,0.007326126,-0.012209892,1,3.140780687,179.953477760,-0.002442360,-2.700855255,1,-2.870166063,-164.448401929,-0.002442360,2.659828186,1,-0.187876701,-10.764542056,-0.007326126,0.422466278,1,0.709263802,40.637822392,-0.012210846,-0.003663063,-0.054413415,-3.117659057,0.000000000,-0.000000000,2.000000000,1.000000000,3.150317430,180.499892894,0.000000000,-2.782876253,8.500000000,2.500000000,-2.870547533,-164.470258535,0.000000000,2.681807995,3.000000000,0.800000012,-0.188639641,-10.808255267,0.000000000,0.430443883,1.200000048,0.200000003,0.709263802,40.637822392,0.000000000,0.000112629,0.100000001,0.020000000
2026-07-04 22:22:03.165,1783174923.165827513,38.022278509,1,1,36.296141919,1,0.009216425,5,1,0.003659063,5,1,0,0,0,0,1,1,1,0,1,0,-1.000000000,0.000000000,0.000000000,0.000000000,0,-1.000000000,0,0,0,,0,-1.000000000,,0,0,0.000000000,0.000000000,0,-1.000000000,0,,0,-1.000000000,,0,-1.000000000,0,,1,-0.054031946,-3.095802451,-0.021978378,-0.012209892,1,3.140780687,179.953477760,-0.002442360,-2.714529037,1,-2.870166063,-164.448401929,-0.002442360,2.659828186,1,-0.187876701,-10.764542056,-0.007326126,0.422466278,1,0.709647179,40.659788280,-0.012210846,-0.003663063,-0.054413415,-3.117659057,0.000000000,-0.000000000,2.000000000,1.000000000,3.150317430,180.499892894,0.000000000,-2.782876253,8.500000000,2.500000000,-2.870547533,-164.470258535,0.000000000,2.681807995,3.000000000,0.800000012,-0.188639641,-10.808255267,0.000000000,0.430443883,1.200000048,0.200000003,0.709263802,40.637822392,0.000000000,0.000112629,0.100000001,0.020000000
2026-07-04 22:22:04.166,1783174924.166052818,39.022503630,1,1,37.296367040,1,0.009255994,5,1,0.003808171,5,1,0,0,0,0,1,1,1,0,1,0,-1.000000000,0.000000000,0.000000000,0.000000000,0,-1.000000000,0,0,0,,0,-1.000000000,,0,0,0.000000000,0.000000000,0,-1.000000000,0,,0,-1.000000000,,0,-1.000000000,0,,1,-0.054413415,-3.117659057,-0.007326126,-0.012209892,1,3.140780687,179.953477760,-0.002442360,-2.728204727,1,-2.870166063,-164.448401929,-0.002442360,2.659828186,1,-0.187876701,-10.764542056,-0.007326126,0.422466278,1,0.709263802,40.637822392,-0.036628723,-0.003663063,-0.054413415,-3.117659057,0.000000000,-0.000000000,2.000000000,1.000000000,3.150317430,180.499892894,0.000000000,-2.782876253,8.500000000,2.500000000,-2.870547533,-164.470258535,0.000000000,2.681807995,3.000000000,0.800000012,-0.188639641,-10.808255267,0.000000000,0.430443883,1.200000048,0.200000003,0.709263802,40.637822392,0.000000000,0.000112629,0.100000001,0.020000000
2026-07-04 22:22:05.166,1783174925.166227341,40.022678360,1,1,38.296541770,1,0.009149402,5,1,0.003647905,5,1,0,0,0,0,1,1,1,0,1,0,-1.000000000,0.000000000,0.000000000,0.000000000,0,-1.000000000,0,0,0,,0,-1.000000000,,0,0,0.000000000,0.000000000,0,-1.000000000,0,,0,-1.000000000,,0,-1.000000000,0,,1,-0.054031946,-3.095802451,0.007326126,-0.012209892,1,3.140780687,179.953477760,-0.002442360,-2.714529037,1,-2.870166063,-164.448401929,-0.002442360,2.659828186,1,-0.187876701,-10.764542056,-0.021978378,0.422466278,1,0.709263802,40.637822392,-0.036628723,-0.001221180,-0.054413415,-3.117659057,0.000000000,-0.000000000,2.000000000,1.000000000,3.150317430,180.499892894,0.000000000,-2.782876253,8.500000000,2.500000000,-2.870547533,-164.470258535,0.000000000,2.681807995,3.000000000,0.800000012,-0.188639641,-10.808255267,0.000000000,0.430443883,1.200000048,0.200000003,0.709263802,40.637822392,0.000000000,0.000112629,0.100000001,0.020000000
2026-07-04 22:22:06.166,1783174926.166471004,41.022921688,1,1,39.296785098,1,0.009130848,5,1,0.003677263,5,1,0,0,0,0,1,1,1,0,1,0,-1.000000000,0.000000000,0.000000000,0.000000000,0,-1.000000000,0,0,0,,0,-1.000000000,,0,0,0.000000000,0.000000000,0,-1.000000000,0,,0,-1.000000000,,0,-1.000000000,0,,1,-0.054031946,-3.095802451,-0.007326126,-0.012209892,1,3.140780687,179.953477760,-0.002442360,-2.714529037,1,-2.870166063,-164.448401929,-0.002442360,2.659828186,1,-0.187876701,-10.764542056,-0.021978378,0.422466278,1,0.709263802,40.637822392,-0.012210846,-0.003663063,-0.054413415,-3.117659057,0.000000000,-0.000000000,2.000000000,1.000000000,3.150317430,180.499892894,0.000000000,-2.782876253,8.500000000,2.500000000,-2.870547533,-164.470258535,0.000000000,2.681807995,3.000000000,0.800000012,-0.188639641,-10.808255267,0.000000000,0.430443883,1.200000048,0.200000003,0.709263802,40.637822392,0.000000000,0.000112629,0.100000001,0.020000000
2026-07-04 22:22:07.166,1783174927.166797638,42.023248386,1,1,40.297111796,1,0.009334172,5,1,0.003660570,5,1,0,0,0,0,1,1,1,0,1,0,-1.000000000,0.000000000,0.000000000,0.000000000,0,-1.000000000,0,0,0,,0,-1.000000000,,0,0,0.000000000,0.000000000,0,-1.000000000,0,,0,-1.000000000,,0,-1.000000000,0,,1,-0.054413415,-3.117659057,-0.007326126,-0.012209892,1,3.140780687,179.953477760,-0.002442360,-2.714529037,1,-2.870166063,-164.448401929,-0.002442360,2.659828186,1,-0.187876701,-10.764542056,-0.007326126,0.422466278,1,0.709647179,40.659788280,0.012210846,-0.003663063,-0.054413415,-3.117659057,0.000000000,-0.000000000,2.000000000,1.000000000,3.150317430,180.499892894,0.000000000,-2.782876253,8.500000000,2.500000000,-2.870547533,-164.470258535,0.000000000,2.681807995,3.000000000,0.800000012,-0.188639641,-10.808255267,0.000000000,0.430443883,1.200000048,0.200000003,0.709263802,40.637822392,0.000000000,0.000112629,0.100000001,0.020000000
2026-07-04 22:22:08.167,1783174928.166982651,43.023433492,1,1,41.297296902,1,0.009136372,5,1,0.003761420,5,1,0,0,0,0,1,1,1,0,1,0,-1.000000000,0.000000000,0.000000000,0.000000000,0,-1.000000000,0,0,0,,0,-1.000000000,,0,0,0.000000000,0.000000000,0,-1.000000000,0,,0,-1.000000000,,0,-1.000000000,0,,1,-0.054413415,-3.117659057,-0.021978378,-0.012209892,1,3.140780687,179.953477760,-0.002442360,-2.714529037,1,-2.870166063,-164.448401929,-0.002442360,2.659828186,1,-0.187876701,-10.764542056,-0.007326126,0.422466278,1,0.709263802,40.637822392,-0.012210846,-0.003663063,-0.054413415,-3.117659057,0.000000000,-0.000000000,2.000000000,1.000000000,3.150317430,180.499892894,0.000000000,-2.782876253,8.500000000,2.500000000,-2.870547533,-164.470258535,0.000000000,2.681807995,3.000000000,0.800000012,-0.188639641,-10.808255267,0.000000000,0.430443883,1.200000048,0.200000003,0.709263802,40.637822392,0.000000000,0.000112629,0.100000001,0.020000000
2026-07-04 22:22:09.167,1783174929.167130709,44.023581622,1,1,42.297445032,1,0.008936525,5,1,0.003637572,5,1,0,0,0,0,1,1,1,0,1,0,-1.000000000,0.000000000,0.000000000,0.000000000,0,-1.000000000,0,0,0,,0,-1.000000000,,0,0,0.000000000,0.000000000,0,-1.000000000,0,,0,-1.000000000,,0,-1.000000000,0,,1,-0.054413415,-3.117659057,-0.007326126,-0.012209892,1,3.140780687,179.953477760,0.002442360,-2.714529037,1,-2.870166063,-164.448401929,-0.002442360,2.659828186,1,-0.187876701,-10.764542056,-0.007326126,0.422466278,1,0.709263802,40.637822392,-0.036628723,-0.003663063,-0.054413415,-3.117659057,0.000000000,-0.000000000,2.000000000,1.000000000,3.150317430,180.499892894,0.000000000,-2.782876253,8.500000000,2.500000000,-2.870547533,-164.470258535,0.000000000,2.681807995,3.000000000,0.800000012,-0.188639641,-10.808255267,0.000000000,0.430443883,1.200000048,0.200000003,0.709263802,40.637822392,0.000000000,0.000112629,0.100000001,0.020000000
2026-07-04 22:22:10.167,1783174930.167377234,45.023828121,1,1,43.297691531,1,0.008980632,5,1,0.003725105,5,1,0,0,0,0,1,1,1,0,1,0,-1.000000000,0.000000000,0.000000000,0.000000000,0,-1.000000000,0,0,0,,0,-1.000000000,,0,0,0.000000000,0.000000000,0,-1.000000000,0,,0,-1.000000000,,0,-1.000000000,0,,1,-0.054031946,-3.095802451,0.007326126,-0.012209892,1,3.140780687,179.953477760,-0.002442360,-2.728204727,1,-2.870166063,-164.448401929,-0.002442360,2.659828186,1,-0.187876701,-10.764542056,-0.021978378,0.422466278,1,0.709263802,40.637822392,-0.012210846,-0.001221180,-0.054413415,-3.117659057,0.000000000,-0.000000000,2.000000000,1.000000000,3.150317430,180.499892894,0.000000000,-2.782876253,8.500000000,2.500000000,-2.870547533,-164.470258535,0.000000000,2.681807995,3.000000000,0.800000012,-0.188639641,-10.808255267,0.000000000,0.430443883,1.200000048,0.200000003,0.709263802,40.637822392,0.000000000,0.000112629,0.100000001,0.020000000
2026-07-04 22:22:11.167,1783174931.167561769,46.024012529,1,1,44.297875939,1,0.009110551,5,1,0.003593661,5,1,0,0,0,0,1,1,1,0,1,0,-1.000000000,0.000000000,0.000000000,0.000000000,0,-1.000000000,0,0,0,,0,-1.000000000,,0,0,0.000000000,0.000000000,0,-1.000000000,0,,0,-1.000000000,,0,-1.000000000,0,,1,-0.054031946,-3.095802451,-0.007326126,-0.012209892,1,3.140780687,179.953477760,-0.002442360,-2.714529037,1,-2.870166063,-164.448401929,-0.002442360,2.659828186,1,-0.187876701,-10.764542056,-0.007326126,0.422466278,1,0.709647179,40.659788280,0.012210846,-0.003663063,-0.054413415,-3.117659057,0.000000000,-0.000000000,2.000000000,1.000000000,3.150317430,180.499892894,0.000000000,-2.782876253,8.500000000,2.500000000,-2.870547533,-164.470258535,0.000000000,2.681807995,3.000000000,0.800000012,-0.188639641,-10.808255267,0.000000000,0.430443883,1.200000048,0.200000003,0.709263802,40.637822392,0.000000000,0.000112629,0.100000001,0.020000000
2026-07-04 22:22:12.167,1783174932.167814255,47.024264902,1,1,45.298128312,1,0.009390476,5,1,0.003775946,5,1,0,0,0,0,1,1,1,0,1,0,-1.000000000,0.000000000,0.000000000,0.000000000,0,-1.000000000,0,0,0,,0,-1.000000000,,0,0,0.000000000,0.000000000,0,-1.000000000,0,,0,-1.000000000,,0,-1.000000000,0,,1,-0.054031946,-3.095802451,-0.007326126,-0.012209892,1,3.140780687,179.953477760,-0.002442360,-2.714529037,1,-2.870166063,-164.448401929,-0.002442360,2.659828186,1,-0.187876701,-10.764542056,-0.021978378,0.422466278,1,0.709647179,40.659788280,0.012210846,-0.003663063,-0.054413415,-3.117659057,0.000000000,-0.000000000,2.000000000,1.000000000,3.150317430,180.499892894,0.000000000,-2.782876253,8.500000000,2.500000000,-2.870547533,-164.470258535,0.000000000,2.681807995,3.000000000,0.800000012,-0.188639641,-10.808255267,0.000000000,0.430443883,1.200000048,0.200000003,0.709263802,40.637822392,0.000000000,0.000112629,0.100000001,0.020000000
2026-07-04 22:22:13.168,1783174933.167970896,48.024421616,1,1,46.298285026,1,0.009207398,5,1,0.003699855,5,1,0,0,0,0,1,1,1,0,1,0,-1.000000000,0.000000000,0.000000000,0.000000000,0,-1.000000000,0,0,0,,0,-1.000000000,,0,0,0.000000000,0.000000000,0,-1.000000000,0,,0,-1.000000000,,0,-1.000000000,0,,1,-0.054413415,-3.117659057,0.007326126,-0.017093658,1,3.140780687,179.953477760,-0.002442360,-2.714529037,1,-2.870166063,-164.448401929,0.002442360,2.659828186,1,-0.187876701,-10.764542056,-0.021978378,0.422466278,1,0.709647179,40.659788280,0.036628723,-0.003663063,-0.054413415,-3.117659057,0.000000000,-0.000000000,2.000000000,1.000000000,3.150317430,180.499892894,0.000000000,-2.782876253,8.500000000,2.500000000,-2.870547533,-164.470258535,0.000000000,2.681807995,3.000000000,0.800000012,-0.188639641,-10.808255267,0.000000000,0.430443883,1.200000048,0.200000003,0.709263802,40.637822392,0.000000000,0.000112629,0.100000001,0.020000000
2026-07-04 22:22:14.168,1783174934.168231487,49.024682326,1,1,47.298545736,1,0.008930711,5,1,0.003648349,5,1,0,0,0,0,1,1,1,0,1,0,-1.000000000,0.000000000,0.000000000,0.000000000,0,-1.000000000,0,0,0,,0,-1.000000000,,0,0,0.000000000,0.000000000,0,-1.000000000,0,,0,-1.000000000,,0,-1.000000000,0,,1,-0.054413415,-3.117659057,-0.021978378,-0.017093658,1,3.140780687,179.953477760,-0.002442360,-2.714529037,1,-2.870166063,-164.448401929,-0.002442360,2.659828186,1,-0.187876701,-10.764542056,-0.007326126,0.422466278,1,0.709647179,40.659788280,0.012210846,-0.003663063,-0.054413415,-3.117659057,0.000000000,-0.000000000,2.000000000,1.000000000,3.150317430,180.499892894,0.000000000,-2.782876253,8.500000000,2.500000000,-2.870547533,-164.470258535,0.000000000,2.681807995,3.000000000,0.800000012,-0.188639641,-10.808255267,0.000000000,0.430443883,1.200000048,0.200000003,0.709263802,40.637822392,0.000000000,0.000112629,0.100000001,0.020000000
2026-07-04 22:22:15.168,1783174935.168474913,50.024925756,1,1,48.298789166,1,0.008941989,5,1,0.003677007,5,1,0,0,0,0,1,1,1,0,1,0,-1.000000000,0.000000000,0.000000000,0.000000000,0,-1.000000000,0,0,0,,0,-1.000000000,,0,0,0.000000000,0.000000000,0,-1.000000000,0,,0,-1.000000000,,0,-1.000000000,0,,1,-0.054413415,-3.117659057,0.007326126,-0.012209892,1,3.140780687,179.953477760,-0.002442360,-2.728204727,1,-2.870166063,-164.448401929,-0.002442360,2.659828186,1,-0.187876701,-10.764542056,0.007326126,0.422466278,1,0.709647179,40.659788280,-0.012210846,-0.001221180,-0.054413415,-3.117659057,0.000000000,-0.000000000,2.000000000,1.000000000,3.150317430,180.499892894,0.000000000,-2.782876253,8.500000000,2.500000000,-2.870547533,-164.470258535,0.000000000,2.681807995,3.000000000,0.800000012,-0.188639641,-10.808255267,0.000000000,0.430443883,1.200000048,0.200000003,0.709263802,40.637822392,0.000000000,0.000112629,0.100000001,0.020000000
2026-07-04 22:22:16.168,1783174936.168828726,51.025279510,1,1,49.299142920,1,0.009222878,5,1,0.003736628,5,1,0,0,0,0,1,1,1,0,1,0,-1.000000000,0.000000000,0.000000000,0.000000000,0,-1.000000000,0,0,0,,0,-1.000000000,,0,0,0.000000000,0.000000000,0,-1.000000000,0,,0,-1.000000000,,0,-1.000000000,0,,1,-0.054413415,-3.117659057,0.007326126,-0.012209892,1,3.140780687,179.953477760,-0.007326126,-2.714529037,1,-2.870166063,-164.448401929,-0.002442360,2.659828186,1,-0.187876701,-10.764542056,-0.021978378,0.422466278,1,0.709263802,40.637822392,-0.036628723,-0.003663063,-0.054413415,-3.117659057,0.000000000,-0.000000000,2.000000000,1.000000000,3.150317430,180.499892894,0.000000000,-2.782876253,8.500000000,2.500000000,-2.870547533,-164.470258535,0.000000000,2.681807995,3.000000000,0.800000012,-0.188639641,-10.808255267,0.000000000,0.430443883,1.200000048,0.200000003,0.709263802,40.637822392,0.000000000,0.000112629,0.100000001,0.020000000
2026-07-04 22:22:17.169,1783174937.168991804,52.025442705,1,1,50.299306115,1,0.009276422,5,1,0.003718004,5,1,0,0,0,0,1,1,1,0,1,0,-1.000000000,0.000000000,0.000000000,0.000000000,0,-1.000000000,0,0,0,,0,-1.000000000,,0,0,0.000000000,0.000000000,0,-1.000000000,0,,0,-1.000000000,,0,-1.000000000,0,,1,-0.054031946,-3.095802451,-0.007326126,-0.012209892,1,3.140780687,179.953477760,-0.002442360,-2.714529037,1,-2.870166063,-164.448401929,-0.002442360,2.659828186,1,-0.187876701,-10.764542056,-0.007326126,0.422466278,1,0.709263802,40.637822392,-0.012210846,-0.003663063,-0.054413415,-3.117659057,0.000000000,-0.000000000,2.000000000,1.000000000,3.150317430,180.499892894,0.000000000,-2.782876253,8.500000000,2.500000000,-2.870547533,-164.470258535,0.000000000,2.681807995,3.000000000,0.800000012,-0.188639641,-10.808255267,0.000000000,0.430443883,1.200000048,0.200000003,0.709263802,40.637822392,0.000000000,0.000112629,0.100000001,0.020000000
2026-07-04 22:22:18.169,1783174938.169183493,53.025634362,1,1,51.299497772,1,0.008981023,5,1,0.003764421,5,1,0,0,0,0,1,1,1,0,1,0,-1.000000000,0.000000000,0.000000000,0.000000000,0,-1.000000000,0,0,0,,0,-1.000000000,,0,0,0.000000000,0.000000000,0,-1.000000000,0,,0,-1.000000000,,0,-1.000000000,0,,1,-0.054413415,-3.117659057,-0.007326126,-0.012209892,1,3.140780687,179.953477760,-0.002442360,-2.728204727,1,-2.870166063,-164.448401929,-0.002442360,2.659828186,1,-0.187876701,-10.764542056,-0.007326126,0.422466278,1,0.709263802,40.637822392,0.012210846,-0.003663063,-0.054413415,-3.117659057,0.000000000,-0.000000000,2.000000000,1.000000000,3.150317430,180.499892894,0.000000000,-2.782876253,8.500000000,2.500000000,-2.870547533,-164.470258535,0.000000000,2.681807995,3.000000000,0.800000012,-0.188639641,-10.808255267,0.000000000,0.430443883,1.200000048,0.200000003,0.709263802,40.637822392,0.000000000,0.000112629,0.100000001,0.020000000
2026-07-04 22:22:19.169,1783174939.169379950,54.025830627,1,1,52.299694037,1,0.009187994,5,1,0.003647233,5,1,0,0,0,0,1,1,1,0,1,0,-1.000000000,0.000000000,0.000000000,0.000000000,0,-1.000000000,0,0,0,,0,-1.000000000,,0,0,0.000000000,0.000000000,0,-1.000000000,0,,0,-1.000000000,,0,-1.000000000,0,,1,-0.054031946,-3.095802451,0.007326126,-0.012209892,1,3.140780687,179.953477760,-0.002442360,-2.714529037,1,-2.870166063,-164.448401929,-0.002442360,2.659828186,1,-0.187876701,-10.764542056,-0.007326126,0.422466278,1,0.709263802,40.637822392,-0.012210846,-0.003663063,-0.054413415,-3.117659057,0.000000000,-0.000000000,2.000000000,1.000000000,3.150317430,180.499892894,0.000000000,-2.782876253,8.500000000,2.500000000,-2.870547533,-164.470258535,0.000000000,2.681807995,3.000000000,0.800000012,-0.188639641,-10.808255267,0.000000000,0.430443883,1.200000048,0.200000003,0.709263802,40.637822392,0.000000000,0.000112629,0.100000001,0.020000000
2026-07-04 22:22:20.169,1783174940.169541597,55.025992555,1,1,53.299855965,1,0.009271175,5,1,0.003717140,5,1,0,0,0,0,1,1,1,0,1,0,-1.000000000,0.000000000,0.000000000,0.000000000,0,-1.000000000,0,0,0,,0,-1.000000000,,0,0,0.000000000,0.000000000,0,-1.000000000,0,,0,-1.000000000,,0,-1.000000000,0,,1,-0.054413415,-3.117659057,-0.007326126,-0.012209892,1,3.140780687,179.953477760,-0.002442360,-2.728204727,1,-2.870166063,-164.448401929,-0.002442360,2.659828186,1,-0.187876701,-10.764542056,-0.007326126,0.422466278,1,0.709647179,40.659788280,-0.012210846,-0.001221180,-0.054413415,-3.117659057,0.000000000,-0.000000000,2.000000000,1.000000000,3.150317430,180.499892894,0.000000000,-2.782876253,8.500000000,2.500000000,-2.870547533,-164.470258535,0.000000000,2.681807995,3.000000000,0.800000012,-0.188639641,-10.808255267,0.000000000,0.430443883,1.200000048,0.200000003,0.709263802,40.637822392,0.000000000,0.000112629,0.100000001,0.020000000
2026-07-04 22:22:21.169,1783174941.169815302,56.026266236,1,1,54.300129646,1,0.009088502,5,1,0.003624110,5,1,0,0,0,0,1,1,1,0,1,0,-1.000000000,0.000000000,0.000000000,0.000000000,0,-1.000000000,0,0,0,,0,-1.000000000,,0,0,0.000000000,0.000000000,0,-1.000000000,0,,0,-1.000000000,,0,-1.000000000,0,,1,-0.054413415,-3.117659057,-0.007326126,-0.012209892,1,3.140780687,179.953477760,-0.002442360,-2.714529037,1,-2.870166063,-164.448401929,-0.002442360,2.659828186,1,-0.187876701,-10.764542056,-0.007326126,0.422466278,1,0.709263802,40.637822392,-0.036628723,-0.003663063,-0.054413415,-3.117659057,0.000000000,-0.000000000,2.000000000,1.000000000,3.150317430,180.499892894,0.000000000,-2.782876253,8.500000000,2.500000000,-2.870547533,-164.470258535,0.000000000,2.681807995,3.000000000,0.800000012,-0.188639641,-10.808255267,0.000000000,0.430443883,1.200000048,0.200000003,0.709263802,40.637822392,0.000000000,0.000112629,0.100000001,0.020000000
2026-07-04 22:22:22.170,1783174942.170022249,57.026473099,1,1,55.300336509,1,0.009288098,5,1,0.003563771,5,1,0,0,0,0,1,1,1,0,1,0,-1.000000000,0.000000000,0.000000000,0.000000000,0,-1.000000000,0,0,0,,0,-1.000000000,,0,0,0.000000000,0.000000000,0,-1.000000000,0,,0,-1.000000000,,0,-1.000000000,0,,1,-0.054031946,-3.095802451,-0.021978378,-0.012209892,1,3.140780687,179.953477760,-0.007326126,-2.714529037,1,-2.870166063,-164.448401929,-0.002442360,2.659828186,1,-0.187876701,-10.764542056,-0.021978378,0.422466278,1,0.709263802,40.637822392,0.012210846,-0.001221180,-0.054413415,-3.117659057,0.000000000,-0.000000000,2.000000000,1.000000000,3.150317430,180.499892894,0.000000000,-2.782876253,8.500000000,2.500000000,-2.870547533,-164.470258535,0.000000000,2.681807995,3.000000000,0.800000012,-0.188639641,-10.808255267,0.000000000,0.430443883,1.200000048,0.200000003,0.709263802,40.637822392,0.000000000,0.000112629,0.100000001,0.020000000
2026-07-04 22:22:23.170,1783174943.170193195,58.026644081,1,1,56.300507491,1,0.009165875,5,1,0.003751734,5,1,0,0,0,0,1,1,1,0,1,0,-1.000000000,0.000000000,0.000000000,0.000000000,0,-1.000000000,0,0,0,,0,-1.000000000,,0,0,0.000000000,0.000000000,0,-1.000000000,0,,0,-1.000000000,,0,-1.000000000,0,,1,-0.054413415,-3.117659057,-0.007326126,-0.012209892,1,3.140780687,179.953477760,-0.002442360,-2.714529037,1,-2.870166063,-164.448401929,-0.002442360,2.659828186,1,-0.187876701,-10.764542056,-0.007326126,0.422466278,1,0.709263802,40.637822392,0.012210846,-0.001221180,-0.054413415,-3.117659057,0.000000000,-0.000000000,2.000000000,1.000000000,3.150317430,180.499892894,0.000000000,-2.782876253,8.500000000,2.500000000,-2.870547533,-164.470258535,0.000000000,2.681807995,3.000000000,0.800000012,-0.188639641,-10.808255267,0.000000000,0.430443883,1.200000048,0.200000003,0.709263802,40.637822392,0.000000000,0.000112629,0.100000001,0.020000000
2026-07-04 22:22:24.170,1783174944.170448542,59.026899516,1,1,57.300762926,1,0.009142411,5,1,0.003651694,5,1,0,0,0,0,1,1,1,0,1,0,-1.000000000,0.000000000,0.000000000,0.000000000,0,-1.000000000,0,0,0,,0,-1.000000000,,0,0,0.000000000,0.000000000,0,-1.000000000,0,,0,-1.000000000,,0,-1.000000000,0,,1,-0.054413415,-3.117659057,-0.021978378,-0.012209892,1,3.140780687,179.953477760,-0.007326126,-2.714529037,1,-2.870166063,-164.448401929,-0.002442360,2.659828186,1,-0.187495232,-10.742685451,0.007326126,0.422466278,1,0.709263802,40.637822392,-0.036628723,-0.003663063,-0.054413415,-3.117659057,0.000000000,-0.000000000,2.000000000,1.000000000,3.150317430,180.499892894,0.000000000,-2.782876253,8.500000000,2.500000000,-2.870547533,-164.470258535,0.000000000,2.681807995,3.000000000,0.800000012,-0.188639641,-10.808255267,0.000000000,0.430443883,1.200000048,0.200000003,0.709263802,40.637822392,0.000000000,0.000112629,0.100000001,0.020000000
2026-07-04 22:22:25.170,1783174945.170662403,60.027113229,1,1,58.300976639,1,0.008948945,5,1,0.003740224,5,1,0,0,0,0,1,1,1,0,1,0,-1.000000000,0.000000000,0.000000000,0.000000000,0,-1.000000000,0,0,0,,0,-1.000000000,,0,0,0.000000000,0.000000000,0,-1.000000000,0,,0,-1.000000000,,0,-1.000000000,0,,1,-0.054031946,-3.095802451,-0.007326126,-0.012209892,1,3.140780687,179.953477760,-0.002442360,-2.714529037,1,-2.870166063,-164.448401929,-0.002442360,2.659828186,1,-0.187876701,-10.764542056,-0.007326126,0.422466278,1,0.709647179,40.659788280,-0.012210846,-0.003663063,-0.054413415,-3.117659057,0.000000000,-0.000000000,2.000000000,1.000000000,3.150317430,180.499892894,0.000000000,-2.782876253,8.500000000,2.500000000,-2.870547533,-164.470258535,0.000000000,2.681807995,3.000000000,0.800000012,-0.188639641,-10.808255267,0.000000000,0.430443883,1.200000048,0.200000003,0.709263802,40.637822392,0.000000000,0.000112629,0.100000001,0.020000000
2026-07-04 22:22:26.171,1783174946.170937538,61.027388538,1,1,59.301251948,1,0.009206666,5,1,0.003672249,5,1,0,0,0,0,1,1,1,0,1,0,-1.000000000,0.000000000,0.000000000,0.000000000,0,-1.000000000,0,0,0,,0,-1.000000000,,0,0,0.000000000,0.000000000,0,-1.000000000,0,,0,-1.000000000,,0,-1.000000000,0,,1,-0.054413415,-3.117659057,-0.007326126,-0.012209892,1,3.140780687,179.953477760,0.002442360,-2.714529037,1,-2.870166063,-164.448401929,-0.002442360,2.659828186,1,-0.187495232,-10.742685451,0.007326126,0.422466278,1,0.709263802,40.637822392,-0.036628723,-0.003663063,-0.054413415,-3.117659057,0.000000000,-0.000000000,2.000000000,1.000000000,3.150317430,180.499892894,0.000000000,-2.782876253,8.500000000,2.500000000,-2.870547533,-164.470258535,0.000000000,2.681807995,3.000000000,0.800000012,-0.188639641,-10.808255267,0.000000000,0.430443883,1.200000048,0.200000003,0.709263802,40.637822392,0.000000000,0.000112629,0.100000001,0.020000000
2026-07-04 22:22:27.171,1783174947.171052694,62.027503694,1,1,60.301367104,1,0.009050701,5,1,0.003665021,5,1,0,0,0,0,1,1,1,0,1,0,-1.000000000,0.000000000,0.000000000,0.000000000,0,-1.000000000,0,0,0,,0,-1.000000000,,0,0,0.000000000,0.000000000,0,-1.000000000,0,,0,-1.000000000,,0,-1.000000000,0,,1,-0.054031946,-3.095802451,-0.007326126,-0.012209892,1,3.140780687,179.953477760,0.002442360,-2.714529037,1,-2.870166063,-164.448401929,-0.002442360,2.659828186,1,-0.187876701,-10.764542056,-0.007326126,0.422466278,1,0.709263802,40.637822392,-0.036628723,-0.003663063,-0.054413415,-3.117659057,0.000000000,-0.000000000,2.000000000,1.000000000,3.150317430,180.499892894,0.000000000,-2.782876253,8.500000000,2.500000000,-2.870547533,-164.470258535,0.000000000,2.681807995,3.000000000,0.800000012,-0.188639641,-10.808255267,0.000000000,0.430443883,1.200000048,0.200000003,0.709263802,40.637822392,0.000000000,0.000112629,0.100000001,0.020000000
2026-07-04 22:22:28.171,1783174948.171402454,63.027853390,1,1,61.301716800,1,0.009297919,5,1,0.003609238,5,1,0,0,0,0,1,1,1,0,1,0,-1.000000000,0.000000000,0.000000000,0.000000000,0,-1.000000000,0,0,0,,0,-1.000000000,,0,0,0.000000000,0.000000000,0,-1.000000000,0,,0,-1.000000000,,0,-1.000000000,0,,1,-0.054413415,-3.117659057,-0.007326126,-0.012209892,1,3.140780687,179.953477760,-0.007326126,-2.714529037,1,-2.870166063,-164.448401929,-0.002442360,2.659828186,1,-0.187876701,-10.764542056,-0.007326126,0.422466278,1,0.709647179,40.659788280,-0.012210846,-0.003663063,-0.054413415,-3.117659057,0.000000000,-0.000000000,2.000000000,1.000000000,3.150317430,180.499892894,0.000000000,-2.782876253,8.500000000,2.500000000,-2.870547533,-164.470258535,0.000000000,2.681807995,3.000000000,0.800000012,-0.188639641,-10.808255267,0.000000000,0.430443883,1.200000048,0.200000003,0.709263802,40.637822392,0.000000000,0.000112629,0.100000001,0.020000000
2026-07-04 22:22:29.171,1783174949.171534538,64.027985371,1,1,62.301848781,1,0.009026532,5,1,0.003552069,5,1,0,0,0,0,1,1,1,0,1,0,-1.000000000,0.000000000,0.000000000,0.000000000,0,-1.000000000,0,0,0,,0,-1.000000000,,0,0,0.000000000,0.000000000,0,-1.000000000,0,,0,-1.000000000,,0,-1.000000000,0,,1,-0.054413415,-3.117659057,-0.021978378,-0.012209892,1,3.140780687,179.953477760,-0.002442360,-2.728204727,1,-2.870166063,-164.448401929,-0.002442360,2.659828186,1,-0.187876701,-10.764542056,0.007326126,0.422466278,1,0.709263802,40.637822392,-0.012210846,-0.003663063,-0.054413415,-3.117659057,0.000000000,-0.000000000,2.000000000,1.000000000,3.150317430,180.499892894,0.000000000,-2.782876253,8.500000000,2.500000000,-2.870547533,-164.470258535,0.000000000,2.681807995,3.000000000,0.800000012,-0.188639641,-10.808255267,0.000000000,0.430443883,1.200000048,0.200000003,0.709263802,40.637822392,0.000000000,0.000112629,0.100000001,0.020000000
2026-07-04 22:22:30.171,1783174950.171739340,65.028190366,1,1,63.302053776,1,0.009314241,5,1,0.003641717,5,1,0,0,0,0,1,1,1,0,1,0,-1.000000000,0.000000000,0.000000000,0.000000000,0,-1.000000000,0,0,0,,0,-1.000000000,,0,0,0.000000000,0.000000000,0,-1.000000000,0,,0,-1.000000000,,0,-1.000000000,0,,1,-0.054031946,-3.095802451,0.007326126,-0.012209892,1,3.140780687,179.953477760,-0.002442360,-2.714529037,1,-2.870166063,-164.448401929,-0.002442360,2.659828186,1,-0.187876701,-10.764542056,0.007326126,0.422466278,1,0.709263802,40.637822392,-0.036628723,-0.003663063,-0.054413415,-3.117659057,0.000000000,-0.000000000,2.000000000,1.000000000,3.150317430,180.499892894,0.000000000,-2.782876253,8.500000000,2.500000000,-2.870547533,-164.470258535,0.000000000,2.681807995,3.000000000,0.800000012,-0.188639641,-10.808255267,0.000000000,0.430443883,1.200000048,0.200000003,0.709263802,40.637822392,0.000000000,0.000112629,0.100000001,0.020000000
2026-07-04 22:22:31.172,1783174951.171940327,66.028391305,1,1,64.302254715,1,0.009220040,5,1,0.003719428,5,1,0,0,0,0,1,1,1,0,1,0,-1.000000000,0.000000000,0.000000000,0.000000000,0,-1.000000000,0,0,0,,0,-1.000000000,,0,0,0.000000000,0.000000000,0,-1.000000000,0,,0,-1.000000000,,0,-1.000000000,0,,1,-0.054413415,-3.117659057,-0.021978378,-0.012209892,1,3.140780687,179.953477760,-0.002442360,-2.714529037,1,-2.870166063,-164.448401929,-0.002442360,2.659828186,1,-0.187495232,-10.742685451,0.007326126,0.422466278,1,0.709263802,40.637822392,-0.012210846,-0.003663063,-0.054413415,-3.117659057,0.000000000,-0.000000000,2.000000000,1.000000000,3.150317430,180.499892894,0.000000000,-2.782876253,8.500000000,2.500000000,-2.870547533,-164.470258535,0.000000000,2.681807995,3.000000000,0.800000012,-0.188639641,-10.808255267,0.000000000,0.430443883,1.200000048,0.200000003,0.709263802,40.637822392,0.000000000,0.000112629,0.100000001,0.020000000
2026-07-04 22:22:32.172,1783174952.172202349,67.028653232,1,1,65.302516642,1,0.009129389,5,1,0.003790682,5,1,0,0,0,0,1,1,1,0,1,0,-1.000000000,0.000000000,0.000000000,0.000000000,0,-1.000000000,0,0,0,,0,-1.000000000,,0,0,0.000000000,0.000000000,0,-1.000000000,0,,0,-1.000000000,,0,-1.000000000,0,,1,-0.054413415,-3.117659057,-0.007326126,-0.012209892,1,3.140780687,179.953477760,-0.002442360,-2.714529037,1,-2.870166063,-164.448401929,-0.002442360,2.659828186,1,-0.187876701,-10.764542056,-0.036630630,0.422466278,1,0.709263802,40.637822392,-0.036628723,-0.003663063,-0.054413415,-3.117659057,0.000000000,-0.000000000,2.000000000,1.000000000,3.150317430,180.499892894,0.000000000,-2.782876253,8.500000000,2.500000000,-2.870547533,-164.470258535,0.000000000,2.681807995,3.000000000,0.800000012,-0.188639641,-10.808255267,0.000000000,0.430443883,1.200000048,0.200000003,0.709263802,40.637822392,0.000000000,0.000112629,0.100000001,0.020000000
2026-07-04 22:22:33.172,1783174953.172467709,68.028918480,1,1,66.302781890,1,0.008615629,5,1,0.003638003,5,1,0,0,0,0,1,1,1,0,1,0,-1.000000000,0.000000000,0.000000000,0.000000000,0,-1.000000000,0,0,0,,0,-1.000000000,,0,0,0.000000000,0.000000000,0,-1.000000000,0,,0,-1.000000000,,0,-1.000000000,0,,1,-0.054031946,-3.095802451,-0.007326126,-0.012209892,1,3.140780687,179.953477760,-0.002442360,-2.714529037,1,-2.870166063,-164.448401929,-0.002442360,2.659828186,1,-0.187495232,-10.742685451,-0.007326126,0.422466278,1,0.709647179,40.659788280,0.012210846,-0.003663063,-0.054413415,-3.117659057,0.000000000,-0.000000000,2.000000000,1.000000000,3.150317430,180.499892894,0.000000000,-2.782876253,8.500000000,2.500000000,-2.870547533,-164.470258535,0.000000000,2.681807995,3.000000000,0.800000012,-0.188639641,-10.808255267,0.000000000,0.430443883,1.200000048,0.200000003,0.709263802,40.637822392,0.000000000,0.000112629,0.100000001,0.020000000
2026-07-04 22:22:34.172,1783174954.172686815,69.029137695,1,1,67.303001105,1,0.009290699,5,1,0.003769729,5,1,0,0,0,0,1,1,1,0,1,0,-1.000000000,0.000000000,0.000000000,0.000000000,0,-1.000000000,0,0,0,,0,-1.000000000,,0,0,0.000000000,0.000000000,0,-1.000000000,0,,0,-1.000000000,,0,-1.000000000,0,,1,-0.054413415,-3.117659057,-0.007326126,-0.012209892,1,3.140780687,179.953477760,0.002442360,-2.728204727,1,-2.870166063,-164.448401929,0.002442360,2.659828186,1,-0.187876701,-10.764542056,-0.021978378,0.422466278,1,0.709263802,40.637822392,-0.036628723,-0.003663063,-0.054413415,-3.117659057,0.000000000,-0.000000000,2.000000000,1.000000000,3.150317430,180.499892894,0.000000000,-2.782876253,8.500000000,2.500000000,-2.870547533,-164.470258535,0.000000000,2.681807995,3.000000000,0.800000012,-0.188639641,-10.808255267,0.000000000,0.430443883,1.200000048,0.200000003,0.709263802,40.637822392,0.000000000,0.000112629,0.100000001,0.020000000
2026-07-04 22:22:35.172,1783174955.172838688,70.029289625,1,1,68.303153035,1,0.009232958,5,1,0.003655688,5,1,0,0,0,0,1,1,1,0,1,0,-1.000000000,0.000000000,0.000000000,0.000000000,0,-1.000000000,0,0,0,,0,-1.000000000,,0,0,0.000000000,0.000000000,0,-1.000000000,0,,0,-1.000000000,,0,-1.000000000,0,,1,-0.054413415,-3.117659057,-0.007326126,-0.012209892,1,3.140780687,179.953477760,-0.002442360,-2.714529037,1,-2.870166063,-164.448401929,-0.002442360,2.659828186,1,-0.187876701,-10.764542056,-0.021978378,0.422466278,1,0.709263802,40.637822392,-0.036628723,-0.003663063,-0.054413415,-3.117659057,0.000000000,-0.000000000,2.000000000,1.000000000,3.150317430,180.499892894,0.000000000,-2.782876253,8.500000000,2.500000000,-2.870547533,-164.470258535,0.000000000,2.681807995,3.000000000,0.800000012,-0.188639641,-10.808255267,0.000000000,0.430443883,1.200000048,0.200000003,0.709263802,40.637822392,0.000000000,0.000112629,0.100000001,0.020000000
2026-07-04 22:22:36.173,1783174956.173205614,71.029656292,1,1,69.303519702,1,0.008990526,5,1,0.003633593,5,1,0,0,0,0,1,1,1,0,1,0,-1.000000000,0.000000000,0.000000000,0.000000000,0,-1.000000000,0,0,0,,0,-1.000000000,,0,0,0.000000000,0.000000000,0,-1.000000000,0,,0,-1.000000000,,0,-1.000000000,0,,1,-0.054413415,-3.117659057,-0.021978378,-0.012209892,1,3.140780687,179.953477760,-0.002442360,-2.728204727,1,-2.870166063,-164.448401929,-0.002442360,2.659828186,1,-0.187876701,-10.764542056,0.007326126,0.422466278,1,0.709647179,40.659788280,-0.012210846,-0.001221180,-0.054413415,-3.117659057,0.000000000,-0.000000000,2.000000000,1.000000000,3.150317430,180.499892894,0.000000000,-2.782876253,8.500000000,2.500000000,-2.870547533,-164.470258535,0.000000000,2.681807995,3.000000000,0.800000012,-0.188639641,-10.808255267,0.000000000,0.430443883,1.200000048,0.200000003,0.709263802,40.637822392,0.000000000,0.000112629,0.100000001,0.020000000
2026-07-04 22:22:37.173,1783174957.173315763,72.029766620,1,1,70.303630030,1,0.009205115,5,1,0.003629380,5,1,0,0,0,0,1,1,1,0,1,0,-1.000000000,0.000000000,0.000000000,0.000000000,0,-1.000000000,0,0,0,,0,-1.000000000,,0,0,0.000000000,0.000000000,0,-1.000000000,0,,0,-1.000000000,,0,-1.000000000,0,,1,-0.054413415,-3.117659057,-0.007326126,-0.012209892,1,3.140780687,179.953477760,-0.002442360,-2.714529037,1,-2.870166063,-164.448401929,-0.002442360,2.659828186,1,-0.187876701,-10.764542056,-0.007326126,0.422466278,1,0.709263802,40.637822392,-0.012210846,-0.003663063,-0.054413415,-3.117659057,0.000000000,-0.000000000,2.000000000,1.000000000,3.150317430,180.499892894,0.000000000,-2.782876253,8.500000000,2.500000000,-2.870547533,-164.470258535,0.000000000,2.681807995,3.000000000,0.800000012,-0.188639641,-10.808255267,0.000000000,0.430443883,1.200000048,0.200000003,0.709263802,40.637822392,0.000000000,0.000112629,0.100000001,0.020000000
2026-07-04 22:22:38.173,1783174958.173531055,73.029982079,1,1,71.303845489,1,0.009025280,5,1,0.003622338,5,1,0,0,0,0,1,1,1,0,1,0,-1.000000000,0.000000000,0.000000000,0.000000000,0,-1.000000000,0,0,0,,0,-1.000000000,,0,0,0.000000000,0.000000000,0,-1.000000000,0,,0,-1.000000000,,0,-1.000000000,0,,1,-0.054031946,-3.095802451,0.007326126,-0.012209892,1,3.140780687,179.953477760,-0.002442360,-2.714529037,1,-2.870166063,-164.448401929,0.002442360,2.659828186,1,-0.187876701,-10.764542056,-0.007326126,0.422466278,1,0.709263802,40.637822392,-0.036628723,-0.003663063,-0.054413415,-3.117659057,0.000000000,-0.000000000,2.000000000,1.000000000,3.150317430,180.499892894,0.000000000,-2.782876253,8.500000000,2.500000000,-2.870547533,-164.470258535,0.000000000,2.681807995,3.000000000,0.800000012,-0.188639641,-10.808255267,0.000000000,0.430443883,1.200000048,0.200000003,0.709263802,40.637822392,0.000000000,0.000112629,0.100000001,0.020000000
2026-07-04 22:22:39.173,1783174959.173709869,74.030160612,1,1,72.304024022,1,0.009046080,5,1,0.003732143,5,1,0,0,0,0,1,1,1,0,1,0,-1.000000000,0.000000000,0.000000000,0.000000000,0,-1.000000000,0,0,0,,0,-1.000000000,,0,0,0.000000000,0.000000000,0,-1.000000000,0,,0,-1.000000000,,0,-1.000000000,0,,1,-0.054413415,-3.117659057,-0.007326126,-0.012209892,1,3.140780687,179.953477760,-0.002442360,-2.728204727,1,-2.870166063,-164.448401929,0.002442360,2.659828186,1,-0.187876701,-10.764542056,-0.007326126,0.422466278,1,0.709647179,40.659788280,-0.012210846,-0.003663063,-0.054413415,-3.117659057,0.000000000,-0.000000000,2.000000000,1.000000000,3.150317430,180.499892894,0.000000000,-2.782876253,8.500000000,2.500000000,-2.870547533,-164.470258535,0.000000000,2.681807995,3.000000000,0.800000012,-0.188639641,-10.808255267,0.000000000,0.430443883,1.200000048,0.200000003,0.709263802,40.637822392,0.000000000,0.000112629,0.100000001,0.020000000
2026-07-04 22:22:40.173,1783174960.173904896,75.030355724,1,1,73.304219134,1,0.008874199,5,1,0.003673678,5,1,0,0,0,0,1,1,1,0,1,0,-1.000000000,0.000000000,0.000000000,0.000000000,0,-1.000000000,0,0,0,,0,-1.000000000,,0,0,0.000000000,0.000000000,0,-1.000000000,0,,0,-1.000000000,,0,-1.000000000,0,,1,-0.054413415,-3.117659057,-0.007326126,-0.012209892,1,3.140780687,179.953477760,-0.002442360,-2.714529037,1,-2.870166063,-164.448401929,-0.002442360,2.659828186,1,-0.187876701,-10.764542056,-0.021978378,0.422466278,1,0.709263802,40.637822392,-0.036628723,-0.003663063,-0.054413415,-3.117659057,0.000000000,-0.000000000,2.000000000,1.000000000,3.150317430,180.499892894,0.000000000,-2.782876253,8.500000000,2.500000000,-2.870547533,-164.470258535,0.000000000,2.681807995,3.000000000,0.800000012,-0.188639641,-10.808255267,0.000000000,0.430443883,1.200000048,0.200000003,0.709263802,40.637822392,0.000000000,0.000112629,0.100000001,0.020000000
2026-07-04 22:22:41.174,1783174961.174234629,76.030685626,1,1,74.304549036,1,0.008998590,5,1,0.003788285,5,1,0,0,0,0,1,1,1,0,1,0,-1.000000000,0.000000000,0.000000000,0.000000000,0,-1.000000000,0,0,0,,0,-1.000000000,,0,0,0.000000000,0.000000000,0,-1.000000000,0,,0,-1.000000000,,0,-1.000000000,0,,1,-0.054031946,-3.095802451,-0.007326126,-0.012209892,1,3.140780687,179.953477760,-0.002442360,-2.728204727,1,-2.870166063,-164.448401929,-0.002442360,2.659828186,1,-0.187876701,-10.764542056,-0.021978378,0.422466278,1,0.709647179,40.659788280,0.012210846,-0.003663063,-0.054413415,-3.117659057,0.000000000,-0.000000000,2.000000000,1.000000000,3.150317430,180.499892894,0.000000000,-2.782876253,8.500000000,2.500000000,-2.870547533,-164.470258535,0.000000000,2.681807995,3.000000000,0.800000012,-0.188639641,-10.808255267,0.000000000,0.430443883,1.200000048,0.200000003,0.709263802,40.637822392,0.000000000,0.000112629,0.100000001,0.020000000
2026-07-04 22:22:42.174,1783174962.174345493,77.030796302,1,1,75.304659712,1,0.009171892,5,1,0.003704244,5,1,0,0,0,0,1,1,1,0,1,0,-1.000000000,0.000000000,0.000000000,0.000000000,0,-1.000000000,0,0,0,,0,-1.000000000,,0,0,0.000000000,0.000000000,0,-1.000000000,0,,0,-1.000000000,,0,-1.000000000,0,,1,-0.054413415,-3.117659057,-0.007326126,-0.012209892,1,3.140780687,179.953477760,-0.002442360,-2.714529037,1,-2.870166063,-164.448401929,-0.007326126,2.659828186,1,-0.187876701,-10.764542056,0.007326126,0.422466278,1,0.709263802,40.637822392,-0.036628723,-0.001221180,-0.054413415,-3.117659057,0.000000000,-0.000000000,2.000000000,1.000000000,3.150317430,180.499892894,0.000000000,-2.782876253,8.500000000,2.500000000,-2.870547533,-164.470258535,0.000000000,2.681807995,3.000000000,0.800000012,-0.188639641,-10.808255267,0.000000000,0.430443883,1.200000048,0.200000003,0.709263802,40.637822392,0.000000000,0.000112629,0.100000001,0.020000000
2026-07-04 22:22:43.174,1783174963.174728632,78.031179533,1,1,76.305042943,1,0.008947704,5,1,0.003772969,5,1,0,0,0,0,1,1,1,0,1,0,-1.000000000,0.000000000,0.000000000,0.000000000,0,-1.000000000,0,0,0,,0,-1.000000000,,0,0,0.000000000,0.000000000,0,-1.000000000,0,,0,-1.000000000,,0,-1.000000000,0,,1,-0.054413415,-3.117659057,-0.021978378,-0.012209892,1,3.140780687,179.953477760,-0.002442360,-2.714529037,1,-2.870166063,-164.448401929,-0.002442360,2.659828186,1,-0.187876701,-10.764542056,-0.007326126,0.422466278,1,0.709263802,40.637822392,-0.012210846,-0.003663063,-0.054413415,-3.117659057,0.000000000,-0.000000000,2.000000000,1.000000000,3.150317430,180.499892894,0.000000000,-2.782876253,8.500000000,2.500000000,-2.870547533,-164.470258535,0.000000000,2.681807995,3.000000000,0.800000012,-0.188639641,-10.808255267,0.000000000,0.430443883,1.200000048,0.200000003,0.709263802,40.637822392,0.000000000,0.000112629,0.100000001,0.020000000
2026-07-04 22:22:44.174,1783174964.174851894,79.031302672,1,1,77.305166082,1,0.009290898,5,1,0.003714090,5,1,0,0,0,0,1,1,1,0,1,0,-1.000000000,0.000000000,0.000000000,0.000000000,0,-1.000000000,0,0,0,,0,-1.000000000,,0,0,0.000000000,0.000000000,0,-1.000000000,0,,0,-1.000000000,,0,-1.000000000,0,,1,-0.054031946,-3.095802451,-0.007326126,-0.012209892,1,3.140780687,179.953477760,-0.002442360,-2.700855255,1,-2.870166063,-164.448401929,-0.002442360,2.659828186,1,-0.187876701,-10.764542056,-0.021978378,0.422466278,1,0.709263802,40.637822392,0.012210846,-0.003663063,-0.054413415,-3.117659057,0.000000000,-0.000000000,2.000000000,1.000000000,3.150317430,180.499892894,0.000000000,-2.782876253,8.500000000,2.500000000,-2.870547533,-164.470258535,0.000000000,2.681807995,3.000000000,0.800000012,-0.188639641,-10.808255267,0.000000000,0.430443883,1.200000048,0.200000003,0.709263802,40.637822392,0.000000000,0.000112629,0.100000001,0.020000000
2026-07-04 22:22:45.175,1783174965.175059795,80.031510506,1,1,78.305373916,1,0.008737742,5,1,0.003602196,5,1,0,0,0,0,1,1,1,0,1,0,-1.000000000,0.000000000,0.000000000,0.000000000,0,-1.000000000,0,0,0,,0,-1.000000000,,0,0,0.000000000,0.000000000,0,-1.000000000,0,,0,-1.000000000,,0,-1.000000000,0,,1,-0.054413415,-3.117659057,-0.007326126,-0.012209892,1,3.140780687,179.953477760,0.002442360,-2.714529037,1,-2.870166063,-164.448401929,-0.002442360,2.659828186,1,-0.187876701,-10.764542056,-0.007326126,0.422466278,1,0.709647179,40.659788280,-0.012210846,-0.003663063,-0.054413415,-3.117659057,0.000000000,-0.000000000,2.000000000,1.000000000,3.150317430,180.499892894,0.000000000,-2.782876253,8.500000000,2.500000000,-2.870547533,-164.470258535,0.000000000,2.681807995,3.000000000,0.800000012,-0.188639641,-10.808255267,0.000000000,0.430443883,1.200000048,0.200000003,0.709263802,40.637822392,0.000000000,0.000112629,0.100000001,0.020000000
2026-07-04 22:22:46.175,1783174966.175248146,81.031699039,1,1,79.305562449,1,0.009255677,5,1,0.003699909,5,1,0,0,0,0,1,1,1,0,1,0,-1.000000000,0.000000000,0.000000000,0.000000000,0,-1.000000000,0,0,0,,0,-1.000000000,,0,0,0.000000000,0.000000000,0,-1.000000000,0,,0,-1.000000000,,0,-1.000000000,0,,1,-0.054413415,-3.117659057,-0.007326126,-0.012209892,1,3.140780687,179.953477760,-0.002442360,-2.700855255,1,-2.870166063,-164.448401929,0.002442360,2.659828186,1,-0.187876701,-10.764542056,-0.021978378,0.422466278,1,0.709647179,40.659788280,-0.012210846,-0.003663063,-0.054413415,-3.117659057,0.000000000,-0.000000000,2.000000000,1.000000000,3.150317430,180.499892894,0.000000000,-2.782876253,8.500000000,2.500000000,-2.870547533,-164.470258535,0.000000000,2.681807995,3.000000000,0.800000012,-0.188639641,-10.808255267,0.000000000,0.430443883,1.200000048,0.200000003,0.709263802,40.637822392,0.000000000,0.000112629,0.100000001,0.020000000
2026-07-04 22:22:47.175,1783174967.175568342,82.032019137,1,1,80.305882547,1,0.009292219,5,1,0.003754856,5,1,0,0,0,0,1,1,1,0,1,0,-1.000000000,0.000000000,0.000000000,0.000000000,0,-1.000000000,0,0,0,,0,-1.000000000,,0,0,0.000000000,0.000000000,0,-1.000000000,0,,0,-1.000000000,,0,-1.000000000,0,,1,-0.054413415,-3.117659057,-0.007326126,-0.012209892,1,3.140780687,179.953477760,0.002442360,-2.728204727,1,-2.870166063,-164.448401929,-0.002442360,2.659828186,1,-0.187876701,-10.764542056,-0.021978378,0.422466278,1,0.709263802,40.637822392,0.012210846,-0.001221180,-0.054413415,-3.117659057,0.000000000,-0.000000000,2.000000000,1.000000000,3.150317430,180.499892894,0.000000000,-2.782876253,8.500000000,2.500000000,-2.870547533,-164.470258535,0.000000000,2.681807995,3.000000000,0.800000012,-0.188639641,-10.808255267,0.000000000,0.430443883,1.200000048,0.200000003,0.709263802,40.637822392,0.000000000,0.000112629,0.100000001,0.020000000
2026-07-04 22:22:48.175,1783174968.175724506,83.032175386,1,1,81.306038796,1,0.009082572,5,1,0.003629435,5,1,0,0,0,0,1,1,1,0,1,0,-1.000000000,0.000000000,0.000000000,0.000000000,0,-1.000000000,0,0,0,,0,-1.000000000,,0,0,0.000000000,0.000000000,0,-1.000000000,0,,0,-1.000000000,,0,-1.000000000,0,,1,-0.054413415,-3.117659057,-0.007326126,-0.012209892,1,3.140780687,179.953477760,-0.002442360,-2.714529037,1,-2.870166063,-164.448401929,-0.002442360,2.659828186,1,-0.187876701,-10.764542056,-0.021978378,0.422466278,1,0.709263802,40.637822392,-0.036628723,-0.001221180,-0.054413415,-3.117659057,0.000000000,-0.000000000,2.000000000,1.000000000,3.150317430,180.499892894,0.000000000,-2.782876253,8.500000000,2.500000000,-2.870547533,-164.470258535,0.000000000,2.681807995,3.000000000,0.800000012,-0.188639641,-10.808255267,0.000000000,0.430443883,1.200000048,0.200000003,0.709263802,40.637822392,0.000000000,0.000112629,0.100000001,0.020000000
2026-07-04 22:22:49.176,1783174969.175997019,84.032447793,1,1,82.306311203,1,0.009293310,5,1,0.003766379,5,1,0,0,0,0,1,1,1,0,1,0,-1.000000000,0.000000000,0.000000000,0.000000000,0,-1.000000000,0,0,0,,0,-1.000000000,,0,0,0.000000000,0.000000000,0,-1.000000000,0,,0,-1.000000000,,0,-1.000000000,0,,1,-0.054413415,-3.117659057,-0.007326126,-0.012209892,1,3.140780687,179.953477760,-0.002442360,-2.714529037,1,-2.870166063,-164.448401929,-0.002442360,2.659828186,1,-0.187495232,-10.742685451,-0.021978378,0.422466278,1,0.709263802,40.637822392,-0.036628723,-0.003663063,-0.054413415,-3.117659057,0.000000000,-0.000000000,2.000000000,1.000000000,3.150317430,180.499892894,0.000000000,-2.782876253,8.500000000,2.500000000,-2.870547533,-164.470258535,0.000000000,2.681807995,3.000000000,0.800000012,-0.188639641,-10.808255267,0.000000000,0.430443883,1.200000048,0.200000003,0.709263802,40.637822392,0.000000000,0.000112629,0.100000001,0.020000000
2026-07-04 22:22:50.176,1783174970.176103354,85.032554402,1,1,83.306417812,1,0.009111540,5,1,0.003690783,5,1,0,0,0,0,1,1,1,0,1,0,-1.000000000,0.000000000,0.000000000,0.000000000,0,-1.000000000,0,0,0,,0,-1.000000000,,0,0,0.000000000,0.000000000,0,-1.000000000,0,,0,-1.000000000,,0,-1.000000000,0,,1,-0.054413415,-3.117659057,-0.007326126,-0.012209892,1,3.140780687,179.953477760,-0.007326126,-2.714529037,1,-2.870166063,-164.448401929,-0.002442360,2.659828186,1,-0.187876701,-10.764542056,0.007326126,0.422466278,1,0.709647179,40.659788280,-0.012210846,-0.003663063,-0.054413415,-3.117659057,0.000000000,-0.000000000,2.000000000,1.000000000,3.150317430,180.499892894,0.000000000,-2.782876253,8.500000000,2.500000000,-2.870547533,-164.470258535,0.000000000,2.681807995,3.000000000,0.800000012,-0.188639641,-10.808255267,0.000000000,0.430443883,1.200000048,0.200000003,0.709263802,40.637822392,0.000000000,0.000112629,0.100000001,0.020000000
2026-07-04 22:22:51.176,1783174971.176422119,86.032873038,1,1,84.306736448,1,0.009090273,5,1,0.003612086,5,1,0,0,0,0,1,1,1,0,1,0,-1.000000000,0.000000000,0.000000000,0.000000000,0,-1.000000000,0,0,0,,0,-1.000000000,,0,0,0.000000000,0.000000000,0,-1.000000000,0,,0,-1.000000000,,0,-1.000000000,0,,1,-0.054413415,-3.117659057,0.007326126,-0.012209892,1,3.140780687,179.953477760,-0.002442360,-2.714529037,1,-2.870166063,-164.448401929,-0.002442360,2.659828186,1,-0.187495232,-10.742685451,0.007326126,0.422466278,1,0.709263802,40.637822392,-0.036628723,-0.003663063,-0.054413415,-3.117659057,0.000000000,-0.000000000,2.000000000,1.000000000,3.150317430,180.499892894,0.000000000,-2.782876253,8.500000000,2.500000000,-2.870547533,-164.470258535,0.000000000,2.681807995,3.000000000,0.800000012,-0.188639641,-10.808255267,0.000000000,0.430443883,1.200000048,0.200000003,0.709263802,40.637822392,0.000000000,0.000112629,0.100000001,0.020000000
2026-07-04 22:22:52.176,1783174972.176543713,87.032994677,1,1,85.306858087,1,0.008938788,5,1,0.003560551,5,1,0,0,0,0,1,1,1,0,1,0,-1.000000000,0.000000000,0.000000000,0.000000000,0,-1.000000000,0,0,0,,0,-1.000000000,,0,0,0.000000000,0.000000000,0,-1.000000000,0,,0,-1.000000000,,0,-1.000000000,0,,1,-0.054413415,-3.117659057,-0.007326126,-0.012209892,1,3.140780687,179.953477760,0.002442360,-2.714529037,1,-2.870166063,-164.448401929,-0.002442360,2.673503876,1,-0.187876701,-10.764542056,-0.021978378,0.422466278,1,0.709263802,40.637822392,-0.012210846,-0.003663063,-0.054413415,-3.117659057,0.000000000,-0.000000000,2.000000000,1.000000000,3.150317430,180.499892894,0.000000000,-2.782876253,8.500000000,2.500000000,-2.870547533,-164.470258535,0.000000000,2.681807995,3.000000000,0.800000012,-0.188639641,-10.808255267,0.000000000,0.430443883,1.200000048,0.200000003,0.709263802,40.637822392,0.000000000,0.000112629,0.100000001,0.020000000
2026-07-04 22:22:53.176,1783174973.176808596,88.033259463,1,1,86.307122873,1,0.008923166,5,1,0.003663510,5,1,0,0,0,0,1,1,1,0,1,0,-1.000000000,0.000000000,0.000000000,0.000000000,0,-1.000000000,0,0,0,,0,-1.000000000,,0,0,0.000000000,0.000000000,0,-1.000000000,0,,0,-1.000000000,,0,-1.000000000,0,,1,-0.054413415,-3.117659057,0.007326126,-0.012209892,1,3.140780687,179.953477760,-0.002442360,-2.714529037,1,-2.870166063,-164.448401929,-0.002442360,2.673503876,1,-0.187876701,-10.764542056,-0.007326126,0.422466278,1,0.709263802,40.637822392,-0.012210846,-0.003663063,-0.054413415,-3.117659057,0.000000000,-0.000000000,2.000000000,1.000000000,3.150317430,180.499892894,0.000000000,-2.782876253,8.500000000,2.500000000,-2.870547533,-164.470258535,0.000000000,2.681807995,3.000000000,0.800000012,-0.188639641,-10.808255267,0.000000000,0.430443883,1.200000048,0.200000003,0.709263802,40.637822392,0.000000000,0.000112629,0.100000001,0.020000000
2026-07-04 22:22:54.177,1783174974.177019358,89.033470173,1,1,87.307333583,1,0.009228526,5,1,0.003705374,5,1,0,0,0,0,1,1,1,0,1,0,-1.000000000,0.000000000,0.000000000,0.000000000,0,-1.000000000,0,0,0,,0,-1.000000000,,0,0,0.000000000,0.000000000,0,-1.000000000,0,,0,-1.000000000,,0,-1.000000000,0,,1,-0.054413415,-3.117659057,-0.007326126,-0.017093658,1,3.140780687,179.953477760,-0.002442360,-2.728204727,1,-2.870166063,-164.448401929,-0.002442360,2.659828186,1,-0.187876701,-10.764542056,-0.021978378,0.422466278,1,0.709647179,40.659788280,-0.012210846,-0.003663063,-0.054413415,-3.117659057,0.000000000,-0.000000000,2.000000000,1.000000000,3.150317430,180.499892894,0.000000000,-2.782876253,8.500000000,2.500000000,-2.870547533,-164.470258535,0.000000000,2.681807995,3.000000000,0.800000012,-0.188639641,-10.808255267,0.000000000,0.430443883,1.200000048,0.200000003,0.709263802,40.637822392,0.000000000,0.000112629,0.100000001,0.020000000
2026-07-04 22:22:55.177,1783174975.177216053,90.033666988,1,1,88.307530398,1,0.009307566,5,1,0.003662890,5,1,0,0,0,0,1,1,1,0,1,0,-1.000000000,0.000000000,0.000000000,0.000000000,0,-1.000000000,0,0,0,,0,-1.000000000,,0,0,0.000000000,0.000000000,0,-1.000000000,0,,0,-1.000000000,,0,-1.000000000,0,,1,-0.054413415,-3.117659057,-0.007326126,-0.012209892,1,3.140780687,179.953477760,-0.002442360,-2.714529037,1,-2.870166063,-164.448401929,-0.002442360,2.673503876,1,-0.187876701,-10.764542056,-0.007326126,0.422466278,1,0.709263802,40.637822392,-0.036628723,-0.001221180,-0.054413415,-3.117659057,0.000000000,-0.000000000,2.000000000,1.000000000,3.150317430,180.499892894,0.000000000,-2.782876253,8.500000000,2.500000000,-2.870547533,-164.470258535,0.000000000,2.681807995,3.000000000,0.800000012,-0.188639641,-10.808255267,0.000000000,0.430443883,1.200000048,0.200000003,0.709263802,40.637822392,0.000000000,0.000112629,0.100000001,0.020000000
2026-07-04 22:22:56.177,1783174976.177592516,91.034043342,1,1,89.307906752,1,0.008778921,5,1,0.003820336,5,1,0,0,0,0,1,1,1,0,1,0,-1.000000000,0.000000000,0.000000000,0.000000000,0,-1.000000000,0,0,0,,0,-1.000000000,,0,0,0.000000000,0.000000000,0,-1.000000000,0,,0,-1.000000000,,0,-1.000000000,0,,1,-0.054031946,-3.095802451,-0.007326126,-0.017093658,1,3.140780687,179.953477760,-0.002442360,-2.714529037,1,-2.870166063,-164.448401929,-0.002442360,2.659828186,1,-0.187495232,-10.742685451,-0.007326126,0.422466278,1,0.709263802,40.637822392,0.012210846,-0.003663063,-0.054413415,-3.117659057,0.000000000,-0.000000000,2.000000000,1.000000000,3.150317430,180.499892894,0.000000000,-2.782876253,8.500000000,2.500000000,-2.870547533,-164.470258535,0.000000000,2.681807995,3.000000000,0.800000012,-0.188639641,-10.808255267,0.000000000,0.430443883,1.200000048,0.200000003,0.709263802,40.637822392,0.000000000,0.000112629,0.100000001,0.020000000
2026-07-04 22:22:57.177,1783174977.177705526,92.034156233,1,1,90.308019643,1,0.009062877,5,1,0.003585258,5,1,0,0,0,0,1,1,1,0,1,0,-1.000000000,0.000000000,0.000000000,0.000000000,0,-1.000000000,0,0,0,,0,-1.000000000,,0,0,0.000000000,0.000000000,0,-1.000000000,0,,0,-1.000000000,,0,-1.000000000,0,,1,-0.054413415,-3.117659057,-0.007326126,-0.012209892,1,3.140780687,179.953477760,-0.002442360,-2.714529037,1,-2.870166063,-164.448401929,-0.002442360,2.659828186,1,-0.187876701,-10.764542056,0.007326126,0.422466278,1,0.709263802,40.637822392,0.012210846,-0.003663063,-0.054413415,-3.117659057,0.000000000,-0.000000000,2.000000000,1.000000000,3.150317430,180.499892894,0.000000000,-2.782876253,8.500000000,2.500000000,-2.870547533,-164.470258535,0.000000000,2.681807995,3.000000000,0.800000012,-0.188639641,-10.808255267,0.000000000,0.430443883,1.200000048,0.200000003,0.709263802,40.637822392,0.000000000,0.000112629,0.100000001,0.020000000
2026-07-04 22:22:58.178,1783174978.177957296,93.034408302,1,1,91.308271712,1,0.008881917,5,1,0.003683043,5,1,0,0,0,0,1,1,1,0,1,0,-1.000000000,0.000000000,0.000000000,0.000000000,0,-1.000000000,0,0,0,,0,-1.000000000,,0,0,0.000000000,0.000000000,0,-1.000000000,0,,0,-1.000000000,,0,-1.000000000,0,,1,-0.054413415,-3.117659057,0.007326126,-0.012209892,1,3.140780687,179.953477760,-0.002442360,-2.714529037,1,-2.870166063,-164.448401929,-0.002442360,2.659828186,1,-0.187876701,-10.764542056,-0.007326126,0.422466278,1,0.709263802,40.637822392,0.012210846,-0.001221180,-0.054413415,-3.117659057,0.000000000,-0.000000000,2.000000000,1.000000000,3.150317430,180.499892894,0.000000000,-2.782876253,8.500000000,2.500000000,-2.870547533,-164.470258535,0.000000000,2.681807995,3.000000000,0.800000012,-0.188639641,-10.808255267,0.000000000,0.430443883,1.200000048,0.200000003,0.709263802,40.637822392,0.000000000,0.000112629,0.100000001,0.020000000
2026-07-04 22:22:59.178,1783174979.178256989,94.034707665,1,1,92.308571075,1,0.008996573,5,1,0.003697233,5,1,0,0,0,0,1,1,1,0,1,0,-1.000000000,0.000000000,0.000000000,0.000000000,0,-1.000000000,0,0,0,,0,-1.000000000,,0,0,0.000000000,0.000000000,0,-1.000000000,0,,0,-1.000000000,,0,-1.000000000,0,,1,-0.054413415,-3.117659057,-0.007326126,-0.012209892,1,3.140780687,179.953477760,-0.002442360,-2.728204727,1,-2.870166063,-164.448401929,-0.007326126,2.659828186,1,-0.187876701,-10.764542056,-0.007326126,0.422466278,1,0.709263802,40.637822392,-0.012210846,-0.003663063,-0.054413415,-3.117659057,0.000000000,-0.000000000,2.000000000,1.000000000,3.150317430,180.499892894,0.000000000,-2.782876253,8.500000000,2.500000000,-2.870547533,-164.470258535,0.000000000,2.681807995,3.000000000,0.800000012,-0.188639641,-10.808255267,0.000000000,0.430443883,1.200000048,0.200000003,0.709263802,40.637822392,0.000000000,0.000112629,0.100000001,0.020000000
2026-07-04 22:23:00.178,1783174980.178305387,95.034756130,1,1,93.308619540,1,0.008980717,5,1,0.003691584,5,1,0,0,0,0,1,1,1,0,1,0,-1.000000000,0.000000000,0.000000000,0.000000000,0,-1.000000000,0,0,0,,0,-1.000000000,,0,0,0.000000000,0.000000000,0,-1.000000000,0,,0,-1.000000000,,0,-1.000000000,0,,1,-0.054413415,-3.117659057,-0.021978378,-0.012209892,1,3.140780687,179.953477760,-0.002442360,-2.728204727,1,-2.870166063,-164.448401929,-0.002442360,2.659828186,1,-0.187876701,-10.764542056,-0.007326126,0.422466278,1,0.709647179,40.659788280,0.012210846,-0.003663063,-0.054413415,-3.117659057,0.000000000,-0.000000000,2.000000000,1.000000000,3.150317430,180.499892894,0.000000000,-2.782876253,8.500000000,2.500000000,-2.870547533,-164.470258535,0.000000000,2.681807995,3.000000000,0.800000012,-0.188639641,-10.808255267,0.000000000,0.430443883,1.200000048,0.200000003,0.709263802,40.637822392,0.000000000,0.000112629,0.100000001,0.020000000
2026-07-04 22:23:01.178,1783174981.178598404,96.035049158,1,1,94.308912568,1,0.009275350,5,1,0.003716987,5,1,0,0,0,0,1,1,1,0,1,0,-1.000000000,0.000000000,0.000000000,0.000000000,0,-1.000000000,0,0,0,,0,-1.000000000,,0,0,0.000000000,0.000000000,0,-1.000000000,0,,0,-1.000000000,,0,-1.000000000,0,,1,-0.054413415,-3.117659057,-0.007326126,-0.017093658,1,3.140780687,179.953477760,-0.002442360,-2.728204727,1,-2.870166063,-164.448401929,-0.002442360,2.659828186,1,-0.187876701,-10.764542056,-0.007326126,0.422466278,1,0.709263802,40.637822392,-0.012210846,-0.003663063,-0.054413415,-3.117659057,0.000000000,-0.000000000,2.000000000,1.000000000,3.150317430,180.499892894,0.000000000,-2.782876253,8.500000000,2.500000000,-2.870547533,-164.470258535,0.000000000,2.681807995,3.000000000,0.800000012,-0.188639641,-10.808255267,0.000000000,0.430443883,1.200000048,0.200000003,0.709263802,40.637822392,0.000000000,0.000112629,0.100000001,0.020000000
2026-07-04 22:23:02.179,1783174982.178911686,97.035362666,1,1,95.309226076,1,0.009241668,5,1,0.003844162,5,1,0,0,0,0,1,1,1,0,1,0,-1.000000000,0.000000000,0.000000000,0.000000000,0,-1.000000000,0,0,0,,0,-1.000000000,,0,0,0.000000000,0.000000000,0,-1.000000000,0,,0,-1.000000000,,0,-1.000000000,0,,1,-0.054413415,-3.117659057,-0.007326126,-0.012209892,1,3.140780687,179.953477760,-0.002442360,-2.700855255,1,-2.870166063,-164.448401929,-0.002442360,2.659828186,1,-0.187876701,-10.764542056,-0.007326126,0.422466278,1,0.709263802,40.637822392,0.012210846,-0.003663063,-0.054413415,-3.117659057,0.000000000,-0.000000000,2.000000000,1.000000000,3.150317430,180.499892894,0.000000000,-2.782876253,8.500000000,2.500000000,-2.870547533,-164.470258535,0.000000000,2.681807995,3.000000000,0.800000012,-0.188639641,-10.808255267,0.000000000,0.430443883,1.200000048,0.200000003,0.709263802,40.637822392,0.000000000,0.000112629,0.100000001,0.020000000
2026-07-04 22:23:03.179,1783174983.179156303,98.035607060,1,1,96.309470470,1,0.009166429,5,1,0.003872810,5,1,0,0,0,0,1,1,1,0,1,0,-1.000000000,0.000000000,0.000000000,0.000000000,0,-1.000000000,0,0,0,,0,-1.000000000,,0,0,0.000000000,0.000000000,0,-1.000000000,0,,0,-1.000000000,,0,-1.000000000,0,,1,-0.054413415,-3.117659057,-0.007326126,-0.012209892,1,3.140780687,179.953477760,-0.002442360,-2.714529037,1,-2.870166063,-164.448401929,-0.002442360,2.659828186,1,-0.187876701,-10.764542056,-0.021978378,0.422466278,1,0.709263802,40.637822392,0.012210846,-0.003663063,-0.054413415,-3.117659057,0.000000000,-0.000000000,2.000000000,1.000000000,3.150317430,180.499892894,0.000000000,-2.782876253,8.500000000,2.500000000,-2.870547533,-164.470258535,0.000000000,2.681807995,3.000000000,0.800000012,-0.188639641,-10.808255267,0.000000000,0.430443883,1.200000048,0.200000003,0.709263802,40.637822392,0.000000000,0.000112629,0.100000001,0.020000000
2026-07-04 22:23:04.179,1783174984.179293871,99.035744791,1,1,97.309608201,1,0.009253028,5,1,0.003628048,5,1,0,0,0,0,1,1,1,0,1,0,-1.000000000,0.000000000,0.000000000,0.000000000,0,-1.000000000,0,0,0,,0,-1.000000000,,0,0,0.000000000,0.000000000,0,-1.000000000,0,,0,-1.000000000,,0,-1.000000000,0,,1,-0.054413415,-3.117659057,-0.007326126,-0.012209892,1,3.140780687,179.953477760,-0.007326126,-2.714529037,1,-2.870166063,-164.448401929,0.002442360,2.659828186,1,-0.187876701,-10.764542056,0.007326126,0.422466278,1,0.709263802,40.637822392,0.012210846,-0.003663063,-0.054413415,-3.117659057,0.000000000,-0.000000000,2.000000000,1.000000000,3.150317430,180.499892894,0.000000000,-2.782876253,8.500000000,2.500000000,-2.870547533,-164.470258535,0.000000000,2.681807995,3.000000000,0.800000012,-0.188639641,-10.808255267,0.000000000,0.430443883,1.200000048,0.200000003,0.709263802,40.637822392,0.000000000,0.000112629,0.100000001,0.020000000
2026-07-04 22:23:05.179,1783174985.179403782,100.035854551,1,1,98.309717961,1,0.009078199,5,1,0.003616456,5,1,0,0,0,0,1,1,1,0,1,0,-1.000000000,0.000000000,0.000000000,0.000000000,0,-1.000000000,0,0,0,,0,-1.000000000,,0,0,0.000000000,0.000000000,0,-1.000000000,0,,0,-1.000000000,,0,-1.000000000,0,,1,-0.054413415,-3.117659057,-0.007326126,-0.012209892,1,3.140780687,179.953477760,-0.002442360,-2.714529037,1,-2.870166063,-164.448401929,-0.002442360,2.659828186,1,-0.187876701,-10.764542056,-0.021978378,0.422466278,1,0.709647179,40.659788280,0.012210846,-0.001221180,-0.054413415,-3.117659057,0.000000000,-0.000000000,2.000000000,1.000000000,3.150317430,180.499892894,0.000000000,-2.782876253,8.500000000,2.500000000,-2.870547533,-164.470258535,0.000000000,2.681807995,3.000000000,0.800000012,-0.188639641,-10.808255267,0.000000000,0.430443883,1.200000048,0.200000003,0.709263802,40.637822392,0.000000000,0.000112629,0.100000001,0.020000000
2026-07-04 22:23:06.179,1783174986.179723024,101.036174010,1,1,99.310037420,1,0.009236221,5,1,0.003681181,5,1,0,0,0,0,1,1,1,0,1,0,-1.000000000,0.000000000,0.000000000,0.000000000,0,-1.000000000,0,0,0,,0,-1.000000000,,0,0,0.000000000,0.000000000,0,-1.000000000,0,,0,-1.000000000,,0,-1.000000000,0,,1,-0.054031946,-3.095802451,0.007326126,-0.012209892,1,3.140780687,179.953477760,0.002442360,-2.714529037,1,-2.870166063,-164.448401929,-0.002442360,2.659828186,1,-0.187876701,-10.764542056,-0.007326126,0.422466278,1,0.709263802,40.637822392,-0.012210846,-0.001221180,-0.054413415,-3.117659057,0.000000000,-0.000000000,2.000000000,1.000000000,3.150317430,180.499892894,0.000000000,-2.782876253,8.500000000,2.500000000,-2.870547533,-164.470258535,0.000000000,2.681807995,3.000000000,0.800000012,-0.188639641,-10.808255267,0.000000000,0.430443883,1.200000048,0.200000003,0.709263802,40.637822392,0.000000000,0.000112629,0.100000001,0.020000000
2026-07-04 22:23:07.180,1783174987.179972649,102.036423392,1,1,100.310286802,1,0.009226390,5,1,0.003777730,5,1,0,0,0,0,1,1,1,0,1,0,-1.000000000,0.000000000,0.000000000,0.000000000,0,-1.000000000,0,0,0,,0,-1.000000000,,0,0,0.000000000,0.000000000,0,-1.000000000,0,,0,-1.000000000,,0,-1.000000000,0,,1,-0.054413415,-3.117659057,-0.007326126,-0.012209892,1,3.140780687,179.953477760,-0.002442360,-2.714529037,1,-2.870166063,-164.448401929,-0.002442360,2.673503876,1,-0.187876701,-10.764542056,-0.021978378,0.422466278,1,0.709263802,40.637822392,0.012210846,-0.001221180,-0.054413415,-3.117659057,0.000000000,-0.000000000,2.000000000,1.000000000,3.150317430,180.499892894,0.000000000,-2.782876253,8.500000000,2.500000000,-2.870547533,-164.470258535,0.000000000,2.681807995,3.000000000,0.800000012,-0.188639641,-10.808255267,0.000000000,0.430443883,1.200000048,0.200000003,0.709263802,40.637822392,0.000000000,0.000112629,0.100000001,0.020000000
2026-07-04 22:23:08.180,1783174988.180254698,103.036705651,1,1,101.310569061,1,0.009208976,5,1,0.003843632,5,1,0,0,0,0,1,1,1,0,1,0,-1.000000000,0.000000000,0.000000000,0.000000000,0,-1.000000000,0,0,0,,0,-1.000000000,,0,0,0.000000000,0.000000000,0,-1.000000000,0,,0,-1.000000000,,0,-1.000000000,0,,1,-0.054413415,-3.117659057,-0.007326126,-0.012209892,1,3.140780687,179.953477760,-0.007326126,-2.714529037,1,-2.870166063,-164.448401929,-0.002442360,2.659828186,1,-0.187876701,-10.764542056,0.007326126,0.422466278,1,0.709263802,40.637822392,-0.036628723,-0.003663063,-0.054413415,-3.117659057,0.000000000,-0.000000000,2.000000000,1.000000000,3.150317430,180.499892894,0.000000000,-2.782876253,8.500000000,2.500000000,-2.870547533,-164.470258535,0.000000000,2.681807995,3.000000000,0.800000012,-0.188639641,-10.808255267,0.000000000,0.430443883,1.200000048,0.200000003,0.709263802,40.637822392,0.000000000,0.000112629,0.100000001,0.020000000
2026-07-04 22:23:09.180,1783174989.180382490,104.036833367,1,1,102.310696777,1,0.008963770,5,1,0.003529933,5,1,0,0,0,0,1,1,1,0,1,0,-1.000000000,0.000000000,0.000000000,0.000000000,0,-1.000000000,0,0,0,,0,-1.000000000,,0,0,0.000000000,0.000000000,0,-1.000000000,0,,0,-1.000000000,,0,-1.000000000,0,,1,-0.054413415,-3.117659057,0.007326126,-0.012209892,1,3.140780687,179.953477760,-0.002442360,-2.714529037,1,-2.870166063,-164.448401929,-0.007326126,2.659828186,1,-0.187876701,-10.764542056,-0.007326126,0.422466278,1,0.709263802,40.637822392,-0.036628723,-0.003663063,-0.054413415,-3.117659057,0.000000000,-0.000000000,2.000000000,1.000000000,3.150317430,180.499892894,0.000000000,-2.782876253,8.500000000,2.500000000,-2.870547533,-164.470258535,0.000000000,2.681807995,3.000000000,0.800000012,-0.188639641,-10.808255267,0.000000000,0.430443883,1.200000048,0.200000003,0.709263802,40.637822392,0.000000000,0.000112629,0.100000001,0.020000000
2026-07-04 22:23:10.180,1783174990.180540085,105.036991029,1,1,103.310854439,1,0.008962852,5,1,0.003441583,5,1,0,0,0,0,1,1,1,0,1,0,-1.000000000,0.000000000,0.000000000,0.000000000,0,-1.000000000,0,0,0,,0,-1.000000000,,0,0,0.000000000,0.000000000,0,-1.000000000,0,,0,-1.000000000,,0,-1.000000000,0,,1,-0.054413415,-3.117659057,-0.007326126,-0.012209892,1,3.140780687,179.953477760,-0.002442360,-2.714529037,1,-2.870166063,-164.448401929,-0.002442360,2.673503876,1,-0.187495232,-10.742685451,0.007326126,0.422466278,1,0.709263802,40.637822392,0.012210846,-0.001221180,-0.054413415,-3.117659057,0.000000000,-0.000000000,2.000000000,1.000000000,3.150317430,180.499892894,0.000000000,-2.782876253,8.500000000,2.500000000,-2.870547533,-164.470258535,0.000000000,2.681807995,3.000000000,0.800000012,-0.188639641,-10.808255267,0.000000000,0.430443883,1.200000048,0.200000003,0.709263802,40.637822392,0.000000000,0.000112629,0.100000001,0.020000000
2026-07-04 22:23:11.180,1783174991.180731058,106.037182040,1,1,104.311045450,1,0.008977903,5,1,0.003741161,5,1,0,0,0,0,1,1,1,0,1,0,-1.000000000,0.000000000,0.000000000,0.000000000,0,-1.000000000,0,0,0,,0,-1.000000000,,0,0,0.000000000,0.000000000,0,-1.000000000,0,,0,-1.000000000,,0,-1.000000000,0,,1,-0.054413415,-3.117659057,-0.007326126,-0.012209892,1,3.140780687,179.953477760,-0.002442360,-2.714529037,1,-2.870166063,-164.448401929,-0.002442360,2.659828186,1,-0.187495232,-10.742685451,-0.007326126,0.422466278,1,0.709263802,40.637822392,-0.012210846,-0.001221180,-0.054413415,-3.117659057,0.000000000,-0.000000000,2.000000000,1.000000000,3.150317430,180.499892894,0.000000000,-2.782876253,8.500000000,2.500000000,-2.870547533,-164.470258535,0.000000000,2.681807995,3.000000000,0.800000012,-0.188639641,-10.808255267,0.000000000,0.430443883,1.200000048,0.200000003,0.709263802,40.637822392,0.000000000,0.000112629,0.100000001,0.020000000
2026-07-04 22:23:12.181,1783174992.181014299,107.037465194,1,1,105.311328604,1,0.009098682,5,1,0.003657258,5,1,0,0,0,0,1,1,1,0,1,0,-1.000000000,0.000000000,0.000000000,0.000000000,0,-1.000000000,0,0,0,,0,-1.000000000,,0,0,0.000000000,0.000000000,0,-1.000000000,0,,0,-1.000000000,,0,-1.000000000,0,,1,-0.054413415,-3.117659057,-0.021978378,-0.012209892,1,3.140780687,179.953477760,-0.002442360,-2.714529037,1,-2.870166063,-164.448401929,-0.007326126,2.673503876,1,-0.187876701,-10.764542056,-0.007326126,0.422466278,1,0.709263802,40.637822392,-0.061050415,-0.003663063,-0.054413415,-3.117659057,0.000000000,-0.000000000,2.000000000,1.000000000,3.150317430,180.499892894,0.000000000,-2.782876253,8.500000000,2.500000000,-2.870547533,-164.470258535,0.000000000,2.681807995,3.000000000,0.800000012,-0.188639641,-10.808255267,0.000000000,0.430443883,1.200000048,0.200000003,0.709263802,40.637822392,0.000000000,0.000112629,0.100000001,0.020000000
2026-07-04 22:23:13.181,1783174993.181190491,108.037641343,1,1,106.311504753,1,0.008928191,5,1,0.003655600,5,1,0,0,0,0,1,1,1,0,1,0,-1.000000000,0.000000000,0.000000000,0.000000000,0,-1.000000000,0,0,0,,0,-1.000000000,,0,0,0.000000000,0.000000000,0,-1.000000000,0,,0,-1.000000000,,0,-1.000000000,0,,1,-0.054413415,-3.117659057,-0.021978378,-0.012209892,1,3.140780687,179.953477760,-0.002442360,-2.714529037,1,-2.870166063,-164.448401929,-0.002442360,2.659828186,1,-0.187495232,-10.742685451,-0.007326126,0.422466278,1,0.709647179,40.659788280,0.012210846,-0.001221180,-0.054413415,-3.117659057,0.000000000,-0.000000000,2.000000000,1.000000000,3.150317430,180.499892894,0.000000000,-2.782876253,8.500000000,2.500000000,-2.870547533,-164.470258535,0.000000000,2.681807995,3.000000000,0.800000012,-0.188639641,-10.808255267,0.000000000,0.430443883,1.200000048,0.200000003,0.709263802,40.637822392,0.000000000,0.000112629,0.100000001,0.020000000
2026-07-04 22:23:14.181,1783174994.181580305,109.038031112,1,1,107.311894522,1,0.009278141,5,1,0.003744780,5,1,0,0,0,0,1,1,1,0,1,0,-1.000000000,0.000000000,0.000000000,0.000000000,0,-1.000000000,0,0,0,,0,-1.000000000,,0,0,0.000000000,0.000000000,0,-1.000000000,0,,0,-1.000000000,,0,-1.000000000,0,,1,-0.054413415,-3.117659057,-0.021978378,-0.017093658,1,3.140780687,179.953477760,-0.002442360,-2.714529037,1,-2.870166063,-164.448401929,-0.002442360,2.673503876,1,-0.187876701,-10.764542056,-0.007326126,0.422466278,1,0.709263802,40.637822392,0.036628723,-0.001221180,-0.054413415,-3.117659057,0.000000000,-0.000000000,2.000000000,1.000000000,3.150317430,180.499892894,0.000000000,-2.782876253,8.500000000,2.500000000,-2.870547533,-164.470258535,0.000000000,2.681807995,3.000000000,0.800000012,-0.188639641,-10.808255267,0.000000000,0.430443883,1.200000048,0.200000003,0.709263802,40.637822392,0.000000000,0.000112629,0.100000001,0.020000000
2026-07-04 22:23:15.181,1783174995.181681395,110.038132270,1,1,108.311995680,1,0.008987310,5,1,0.003637558,5,1,0,0,0,0,1,1,1,0,1,0,-1.000000000,0.000000000,0.000000000,0.000000000,0,-1.000000000,0,0,0,,0,-1.000000000,,0,0,0.000000000,0.000000000,0,-1.000000000,0,,0,-1.000000000,,0,-1.000000000,0,,1,-0.054413415,-3.117659057,-0.007326126,-0.012209892,1,3.140780687,179.953477760,-0.002442360,-2.714529037,1,-2.870166063,-164.448401929,-0.002442360,2.659828186,1,-0.187876701,-10.764542056,-0.007326126,0.422466278,1,0.709647179,40.659788280,0.012210846,-0.003663063,-0.054413415,-3.117659057,0.000000000,-0.000000000,2.000000000,1.000000000,3.150317430,180.499892894,0.000000000,-2.782876253,8.500000000,2.500000000,-2.870547533,-164.470258535,0.000000000,2.681807995,3.000000000,0.800000012,-0.188639641,-10.808255267,0.000000000,0.430443883,1.200000048,0.200000003,0.709263802,40.637822392,0.000000000,0.000112629,0.100000001,0.020000000
2026-07-04 22:23:16.181,1783174996.181858063,111.038308967,1,1,109.312172377,1,0.009228034,5,1,0.003685355,5,1,0,0,0,0,1,1,1,0,1,0,-1.000000000,0.000000000,0.000000000,0.000000000,0,-1.000000000,0,0,0,,0,-1.000000000,,0,0,0.000000000,0.000000000,0,-1.000000000,0,,0,-1.000000000,,0,-1.000000000,0,,1,-0.054031946,-3.095802451,0.007326126,-0.012209892,1,3.140780687,179.953477760,-0.002442360,-2.714529037,1,-2.870166063,-164.448401929,-0.002442360,2.659828186,1,-0.187876701,-10.764542056,-0.007326126,0.422466278,1,0.709263802,40.637822392,-0.012210846,-0.003663063,-0.054413415,-3.117659057,0.000000000,-0.000000000,2.000000000,1.000000000,3.150317430,180.499892894,0.000000000,-2.782876253,8.500000000,2.500000000,-2.870547533,-164.470258535,0.000000000,2.681807995,3.000000000,0.800000012,-0.188639641,-10.808255267,0.000000000,0.430443883,1.200000048,0.200000003,0.709263802,40.637822392,0.000000000,0.000112629,0.100000001,0.020000000
2026-07-04 22:23:17.182,1783174997.182101727,112.038552738,1,1,110.312416148,1,0.009133099,5,1,0.003791058,5,1,0,0,0,0,1,1,1,0,1,0,-1.000000000,0.000000000,0.000000000,0.000000000,0,-1.000000000,0,0,0,,0,-1.000000000,,0,0,0.000000000,0.000000000,0,-1.000000000,0,,0,-1.000000000,,0,-1.000000000,0,,1,-0.054413415,-3.117659057,-0.021978378,-0.012209892,1,3.140780687,179.953477760,-0.002442360,-2.728204727,1,-2.870166063,-164.448401929,-0.002442360,2.673503876,1,-0.187876701,-10.764542056,-0.007326126,0.422466278,1,0.709263802,40.637822392,-0.061050415,-0.003663063,-0.054413415,-3.117659057,0.000000000,-0.000000000,2.000000000,1.000000000,3.150317430,180.499892894,0.000000000,-2.782876253,8.500000000,2.500000000,-2.870547533,-164.470258535,0.000000000,2.681807995,3.000000000,0.800000012,-0.188639641,-10.808255267,0.000000000,0.430443883,1.200000048,0.200000003,0.709263802,40.637822392,0.000000000,0.000112629,0.100000001,0.020000000
2026-07-04 22:23:18.182,1783174998.182271242,113.038722206,1,1,111.312585616,1,0.008816635,5,1,0.003604046,5,1,0,0,0,0,1,1,1,0,1,0,-1.000000000,0.000000000,0.000000000,0.000000000,0,-1.000000000,0,0,0,,0,-1.000000000,,0,0,0.000000000,0.000000000,0,-1.000000000,0,,0,-1.000000000,,0,-1.000000000,0,,1,-0.054413415,-3.117659057,-0.021978378,-0.012209892,1,3.140780687,179.953477760,0.002442360,-2.714529037,1,-2.870166063,-164.448401929,-0.002442360,2.659828186,1,-0.187876701,-10.764542056,-0.007326126,0.422466278,1,0.709263802,40.637822392,-0.012210846,-0.003663063,-0.054413415,-3.117659057,0.000000000,-0.000000000,2.000000000,1.000000000,3.150317430,180.499892894,0.000000000,-2.782876253,8.500000000,2.500000000,-2.870547533,-164.470258535,0.000000000,2.681807995,3.000000000,0.800000012,-0.188639641,-10.808255267,0.000000000,0.430443883,1.200000048,0.200000003,0.709263802,40.637822392,0.000000000,0.000112629,0.100000001,0.020000000
2026-07-04 22:23:19.182,1783174999.182579041,114.039029720,1,1,112.312893130,1,0.008742472,5,1,0.003641896,5,1,0,0,0,0,1,1,1,0,1,0,-1.000000000,0.000000000,0.000000000,0.000000000,0,-1.000000000,0,0,0,,0,-1.000000000,,0,0,0.000000000,0.000000000,0,-1.000000000,0,,0,-1.000000000,,0,-1.000000000,0,,1,-0.054031946,-3.095802451,-0.007326126,-0.017093658,1,3.140780687,179.953477760,0.002442360,-2.714529037,1,-2.870166063,-164.448401929,-0.002442360,2.659828186,1,-0.187876701,-10.764542056,-0.021978378,0.422466278,1,0.709647179,40.659788280,0.012210846,-0.003663063,-0.054413415,-3.117659057,0.000000000,-0.000000000,2.000000000,1.000000000,3.150317430,180.499892894,0.000000000,-2.782876253,8.500000000,2.500000000,-2.870547533,-164.470258535,0.000000000,2.681807995,3.000000000,0.800000012,-0.188639641,-10.808255267,0.000000000,0.430443883,1.200000048,0.200000003,0.709263802,40.637822392,0.000000000,0.000112629,0.100000001,0.020000000
2026-07-04 22:23:20.182,1783175000.182743073,115.039194003,1,1,113.313057413,1,0.008925758,5,1,0.003764949,5,1,0,0,0,0,1,1,1,0,1,0,-1.000000000,0.000000000,0.000000000,0.000000000,0,-1.000000000,0,0,0,,0,-1.000000000,,0,0,0.000000000,0.000000000,0,-1.000000000,0,,0,-1.000000000,,0,-1.000000000,0,,1,-0.054031946,-3.095802451,-0.007326126,-0.012209892,1,3.140780687,179.953477760,-0.002442360,-2.714529037,1,-2.870166063,-164.448401929,-0.002442360,2.659828186,1,-0.187876701,-10.764542056,0.007326126,0.422466278,1,0.709263802,40.637822392,0.012210846,-0.003663063,-0.054413415,-3.117659057,0.000000000,-0.000000000,2.000000000,1.000000000,3.150317430,180.499892894,0.000000000,-2.782876253,8.500000000,2.500000000,-2.870547533,-164.470258535,0.000000000,2.681807995,3.000000000,0.800000012,-0.188639641,-10.808255267,0.000000000,0.430443883,1.200000048,0.200000003,0.709263802,40.637822392,0.000000000,0.000112629,0.100000001,0.020000000
2026-07-04 22:23:21.183,1783175001.183006287,116.039457036,1,1,114.313320446,1,0.008966406,5,1,0.003652207,5,1,0,0,0,0,1,1,1,0,1,0,-1.000000000,0.000000000,0.000000000,0.000000000,0,-1.000000000,0,0,0,,0,-1.000000000,,0,0,0.000000000,0.000000000,0,-1.000000000,0,,0,-1.000000000,,0,-1.000000000,0,,1,-0.054413415,-3.117659057,0.007326126,-0.012209892,1,3.140780687,179.953477760,-0.007326126,-2.714529037,1,-2.870166063,-164.448401929,-0.002442360,2.659828186,1,-0.187876701,-10.764542056,-0.007326126,0.422466278,1,0.709263802,40.637822392,-0.036628723,-0.001221180,-0.054413415,-3.117659057,0.000000000,-0.000000000,2.000000000,1.000000000,3.150317430,180.499892894,0.000000000,-2.782876253,8.500000000,2.500000000,-2.870547533,-164.470258535,0.000000000,2.681807995,3.000000000,0.800000012,-0.188639641,-10.808255267,0.000000000,0.430443883,1.200000048,0.200000003,0.709263802,40.637822392,0.000000000,0.000112629,0.100000001,0.020000000
2026-07-04 22:23:22.183,1783175002.183388233,117.039838924,1,1,115.313702334,1,0.009189442,5,1,0.003792166,5,1,0,0,0,0,1,1,1,0,1,0,-1.000000000,0.000000000,0.000000000,0.000000000,0,-1.000000000,0,0,0,,0,-1.000000000,,0,0,0.000000000,0.000000000,0,-1.000000000,0,,0,-1.000000000,,0,-1.000000000,0,,1,-0.054413415,-3.117659057,0.007326126,-0.012209892,1,3.140780687,179.953477760,-0.002442360,-2.714529037,1,-2.870166063,-164.448401929,-0.002442360,2.659828186,1,-0.187876701,-10.764542056,-0.007326126,0.422466278,1,0.709263802,40.637822392,-0.061050415,-0.001221180,-0.054413415,-3.117659057,0.000000000,-0.000000000,2.000000000,1.000000000,3.150317430,180.499892894,0.000000000,-2.782876253,8.500000000,2.500000000,-2.870547533,-164.470258535,0.000000000,2.681807995,3.000000000,0.800000012,-0.188639641,-10.808255267,0.000000000,0.430443883,1.200000048,0.200000003,0.709263802,40.637822392,0.000000000,0.000112629,0.100000001,0.020000000
2026-07-04 22:23:23.183,1783175003.183476686,118.039927727,1,1,116.313791137,1,0.009366922,5,1,0.003659196,5,1,0,0,0,0,1,1,1,0,1,0,-1.000000000,0.000000000,0.000000000,0.000000000,0,-1.000000000,0,0,0,,0,-1.000000000,,0,0,0.000000000,0.000000000,0,-1.000000000,0,,0,-1.000000000,,0,-1.000000000,0,,1,-0.054413415,-3.117659057,-0.007326126,-0.012209892,1,3.140780687,179.953477760,-0.002442360,-2.714529037,1,-2.870166063,-164.448401929,-0.002442360,2.659828186,1,-0.187876701,-10.764542056,0.007326126,0.422466278,1,0.709647179,40.659788280,-0.012210846,-0.003663063,-0.054413415,-3.117659057,0.000000000,-0.000000000,2.000000000,1.000000000,3.150317430,180.499892894,0.000000000,-2.782876253,8.500000000,2.500000000,-2.870547533,-164.470258535,0.000000000,2.681807995,3.000000000,0.800000012,-0.188639641,-10.808255267,0.000000000,0.430443883,1.200000048,0.200000003,0.709263802,40.637822392,0.000000000,0.000112629,0.100000001,0.020000000
2026-07-04 22:23:24.183,1783175004.183618784,119.040069678,1,1,117.313933088,1,0.009148795,5,1,0.003719489,5,1,0,0,0,0,1,1,1,0,1,0,-1.000000000,0.000000000,0.000000000,0.000000000,0,-1.000000000,0,0,0,,0,-1.000000000,,0,0,0.000000000,0.000000000,0,-1.000000000,0,,0,-1.000000000,,0,-1.000000000,0,,1,-0.054413415,-3.117659057,-0.007326126,-0.012209892,1,3.140780687,179.953477760,-0.002442360,-2.714529037,1,-2.870166063,-164.448401929,-0.002442360,2.659828186,1,-0.187876701,-10.764542056,-0.007326126,0.422466278,1,0.709263802,40.637822392,-0.012210846,-0.003663063,-0.054413415,-3.117659057,0.000000000,-0.000000000,2.000000000,1.000000000,3.150317430,180.499892894,0.000000000,-2.782876253,8.500000000,2.500000000,-2.870547533,-164.470258535,0.000000000,2.681807995,3.000000000,0.800000012,-0.188639641,-10.808255267,0.000000000,0.430443883,1.200000048,0.200000003,0.709263802,40.637822392,0.000000000,0.000112629,0.100000001,0.020000000
2026-07-04 22:23:25.184,1783175005.183927536,120.040378384,1,1,118.314241794,1,0.009348115,5,1,0.003700663,5,1,0,0,0,0,1,1,1,0,1,0,-1.000000000,0.000000000,0.000000000,0.000000000,0,-1.000000000,0,0,0,,0,-1.000000000,,0,0,0.000000000,0.000000000,0,-1.000000000,0,,0,-1.000000000,,0,-1.000000000,0,,1,-0.054413415,-3.117659057,-0.007326126,-0.012209892,1,3.140780687,179.953477760,-0.002442360,-2.714529037,1,-2.870166063,-164.448401929,-0.002442360,2.673503876,1,-0.187876701,-10.764542056,-0.007326126,0.422466278,1,0.709263802,40.637822392,0.012210846,-0.001221180,-0.054413415,-3.117659057,0.000000000,-0.000000000,2.000000000,1.000000000,3.150317430,180.499892894,0.000000000,-2.782876253,8.500000000,2.500000000,-2.870547533,-164.470258535,0.000000000,2.681807995,3.000000000,0.800000012,-0.188639641,-10.808255267,0.000000000,0.430443883,1.200000048,0.200000003,0.709263802,40.637822392,0.000000000,0.000112629,0.100000001,0.020000000
2026-07-04 22:23:26.184,1783175006.184087038,121.040537846,1,1,119.314401256,1,0.009349826,5,1,0.003733693,5,1,0,0,0,0,1,1,1,0,1,0,-1.000000000,0.000000000,0.000000000,0.000000000,0,-1.000000000,0,0,0,,0,-1.000000000,,0,0,0.000000000,0.000000000,0,-1.000000000,0,,0,-1.000000000,,0,-1.000000000,0,,1,-0.054413415,-3.117659057,-0.021978378,-0.017093658,1,3.140780687,179.953477760,-0.002442360,-2.714529037,1,-2.870166063,-164.448401929,-0.002442360,2.659828186,1,-0.187876701,-10.764542056,-0.007326126,0.422466278,1,0.709263802,40.637822392,-0.012210846,-0.001221180,-0.054413415,-3.117659057,0.000000000,-0.000000000,2.000000000,1.000000000,3.150317430,180.499892894,0.000000000,-2.782876253,8.500000000,2.500000000,-2.870547533,-164.470258535,0.000000000,2.681807995,3.000000000,0.800000012,-0.188639641,-10.808255267,0.000000000,0.430443883,1.200000048,0.200000003,0.709263802,40.637822392,0.000000000,0.000112629,0.100000001,0.020000000
2026-07-04 22:23:27.184,1783175007.184370518,122.040821188,1,1,120.314684598,1,0.009161209,5,1,0.003845459,5,1,0,0,0,0,1,1,1,0,1,0,-1.000000000,0.000000000,0.000000000,0.000000000,0,-1.000000000,0,0,0,,0,-1.000000000,,0,0,0.000000000,0.000000000,0,-1.000000000,0,,0,-1.000000000,,0,-1.000000000,0,,1,-0.054413415,-3.117659057,-0.007326126,-0.012209892,1,3.140780687,179.953477760,-0.002442360,-2.714529037,1,-2.870166063,-164.448401929,-0.002442360,2.659828186,1,-0.187495232,-10.742685451,-0.007326126,0.422466278,1,0.709263802,40.637822392,-0.012210846,-0.001221180,-0.054413415,-3.117659057,0.000000000,-0.000000000,2.000000000,1.000000000,3.150317430,180.499892894,0.000000000,-2.782876253,8.500000000,2.500000000,-2.870547533,-164.470258535,0.000000000,2.681807995,3.000000000,0.800000012,-0.188639641,-10.808255267,0.000000000,0.430443883,1.200000048,0.200000003,0.709263802,40.637822392,0.000000000,0.000112629,0.100000001,0.020000000
2026-07-04 22:23:28.184,1783175008.184616089,123.041067140,1,1,121.314930550,1,0.009038691,5,1,0.003761264,5,1,0,0,0,0,1,1,1,0,1,0,-1.000000000,0.000000000,0.000000000,0.000000000,0,-1.000000000,0,0,0,,0,-1.000000000,,0,0,0.000000000,0.000000000,0,-1.000000000,0,,0,-1.000000000,,0,-1.000000000,0,,1,-0.054413415,-3.117659057,-0.007326126,-0.012209892,1,3.140780687,179.953477760,-0.002442360,-2.714529037,1,-2.870166063,-164.448401929,-0.002442360,2.659828186,1,-0.187876701,-10.764542056,-0.021978378,0.422466278,1,0.709263802,40.637822392,-0.012210846,-0.003663063,-0.054413415,-3.117659057,0.000000000,-0.000000000,2.000000000,1.000000000,3.150317430,180.499892894,0.000000000,-2.782876253,8.500000000,2.500000000,-2.870547533,-164.470258535,0.000000000,2.681807995,3.000000000,0.800000012,-0.188639641,-10.808255267,0.000000000,0.430443883,1.200000048,0.200000003,0.709263802,40.637822392,0.000000000,0.000112629,0.100000001,0.020000000
2026-07-04 22:23:29.184,1783175009.184776783,124.041227690,1,1,122.315091100,1,0.008932601,5,1,0.003662762,5,1,0,0,0,0,1,1,1,0,1,0,-1.000000000,0.000000000,0.000000000,0.000000000,0,-1.000000000,0,0,0,,0,-1.000000000,,0,0,0.000000000,0.000000000,0,-1.000000000,0,,0,-1.000000000,,0,-1.000000000,0,,1,-0.054413415,-3.117659057,-0.007326126,-0.012209892,1,3.140780687,179.953477760,-0.002442360,-2.714529037,1,-2.870166063,-164.448401929,-0.002442360,2.659828186,1,-0.187876701,-10.764542056,-0.021978378,0.422466278,1,0.709647179,40.659788280,-0.036628723,-0.003663063,-0.054413415,-3.117659057,0.000000000,-0.000000000,2.000000000,1.000000000,3.150317430,180.499892894,0.000000000,-2.782876253,8.500000000,2.500000000,-2.870547533,-164.470258535,0.000000000,2.681807995,3.000000000,0.800000012,-0.188639641,-10.808255267,0.000000000,0.430443883,1.200000048,0.200000003,0.709263802,40.637822392,0.000000000,0.000112629,0.100000001,0.020000000
2026-07-04 22:23:30.185,1783175010.184961557,125.041412339,1,1,123.315275749,1,0.009218091,5,1,0.003616678,5,1,0,0,0,0,1,1,1,0,1,0,-1.000000000,0.000000000,0.000000000,0.000000000,0,-1.000000000,0,0,0,,0,-1.000000000,,0,0,0.000000000,0.000000000,0,-1.000000000,0,,0,-1.000000000,,0,-1.000000000,0,,1,-0.054413415,-3.117659057,-0.007326126,-0.012209892,1,3.140780687,179.953477760,-0.002442360,-2.714529037,1,-2.870166063,-164.448401929,-0.002442360,2.659828186,1,-0.187876701,-10.764542056,-0.007326126,0.422466278,1,0.709263802,40.637822392,-0.036628723,-0.003663063,-0.054413415,-3.117659057,0.000000000,-0.000000000,2.000000000,1.000000000,3.150317430,180.499892894,0.000000000,-2.782876253,8.500000000,2.500000000,-2.870547533,-164.470258535,0.000000000,2.681807995,3.000000000,0.800000012,-0.188639641,-10.808255267,0.000000000,0.430443883,1.200000048,0.200000003,0.709263802,40.637822392,0.000000000,0.000112629,0.100000001,0.020000000
2026-07-04 22:23:31.185,1783175011.185225248,126.041675971,1,1,124.315539381,1,0.009031908,5,1,0.003695044,5,1,0,0,0,0,1,1,1,0,1,0,-1.000000000,0.000000000,0.000000000,0.000000000,0,-1.000000000,0,0,0,,0,-1.000000000,,0,0,0.000000000,0.000000000,0,-1.000000000,0,,0,-1.000000000,,0,-1.000000000,0,,1,-0.054413415,-3.117659057,-0.007326126,-0.012209892,1,3.140780687,179.953477760,-0.002442360,-2.714529037,1,-2.870166063,-164.448401929,0.002442360,2.659828186,1,-0.187495232,-10.742685451,0.007326126,0.422466278,1,0.709647179,40.659788280,0.012210846,-0.003663063,-0.054413415,-3.117659057,0.000000000,-0.000000000,2.000000000,1.000000000,3.150317430,180.499892894,0.000000000,-2.782876253,8.500000000,2.500000000,-2.870547533,-164.470258535,0.000000000,2.681807995,3.000000000,0.800000012,-0.188639641,-10.808255267,0.000000000,0.430443883,1.200000048,0.200000003,0.709263802,40.637822392,0.000000000,0.000112629,0.100000001,0.020000000
2026-07-04 22:23:32.185,1783175012.185378313,127.041829052,1,1,125.315692462,1,0.009152478,5,1,0.003488612,5,1,0,0,0,0,1,1,1,0,1,0,-1.000000000,0.000000000,0.000000000,0.000000000,0,-1.000000000,0,0,0,,0,-1.000000000,,0,0,0.000000000,0.000000000,0,-1.000000000,0,,0,-1.000000000,,0,-1.000000000,0,,1,-0.054413415,-3.117659057,0.007326126,-0.012209892,1,3.140780687,179.953477760,-0.002442360,-2.714529037,1,-2.870166063,-164.448401929,-0.002442360,2.673503876,1,-0.187876701,-10.764542056,-0.021978378,0.422466278,1,0.709263802,40.637822392,0.012210846,-0.001221180,-0.054413415,-3.117659057,0.000000000,-0.000000000,2.000000000,1.000000000,3.150317430,180.499892894,0.000000000,-2.782876253,8.500000000,2.500000000,-2.870547533,-164.470258535,0.000000000,2.681807995,3.000000000,0.800000012,-0.188639641,-10.808255267,0.000000000,0.430443883,1.200000048,0.200000003,0.709263802,40.637822392,0.000000000,0.000112629,0.100000001,0.020000000
2026-07-04 22:23:33.185,1783175013.185612917,128.042063639,1,1,126.315927049,1,0.008973635,5,1,0.003609016,5,1,0,0,0,0,1,1,1,0,1,0,-1.000000000,0.000000000,0.000000000,0.000000000,0,-1.000000000,0,0,0,,0,-1.000000000,,0,0,0.000000000,0.000000000,0,-1.000000000,0,,0,-1.000000000,,0,-1.000000000,0,,1,-0.054413415,-3.117659057,0.007326126,-0.012209892,1,3.140780687,179.953477760,-0.002442360,-2.714529037,1,-2.870166063,-164.448401929,-0.002442360,2.659828186,1,-0.187876701,-10.764542056,-0.021978378,0.422466278,1,0.709263802,40.637822392,-0.036628723,-0.003663063,-0.054413415,-3.117659057,0.000000000,-0.000000000,2.000000000,1.000000000,3.150317430,180.499892894,0.000000000,-2.782876253,8.500000000,2.500000000,-2.870547533,-164.470258535,0.000000000,2.681807995,3.000000000,0.800000012,-0.188639641,-10.808255267,0.000000000,0.430443883,1.200000048,0.200000003,0.709263802,40.637822392,0.000000000,0.000112629,0.100000001,0.020000000
2026-07-04 22:23:34.185,1783175014.185802221,129.042253133,1,1,127.316116543,1,0.009238980,5,1,0.003633679,5,1,0,0,0,0,1,1,1,0,1,0,-1.000000000,0.000000000,0.000000000,0.000000000,0,-1.000000000,0,0,0,,0,-1.000000000,,0,0,0.000000000,0.000000000,0,-1.000000000,0,,0,-1.000000000,,0,-1.000000000,0,,1,-0.054413415,-3.117659057,-0.007326126,-0.012209892,1,3.140780687,179.953477760,-0.007326126,-2.714529037,1,-2.870166063,-164.448401929,-0.002442360,2.659828186,1,-0.187876701,-10.764542056,-0.007326126,0.422466278,1,0.709263802,40.637822392,-0.036628723,-0.003663063,-0.054413415,-3.117659057,0.000000000,-0.000000000,2.000000000,1.000000000,3.150317430,180.499892894,0.000000000,-2.782876253,8.500000000,2.500000000,-2.870547533,-164.470258535,0.000000000,2.681807995,3.000000000,0.800000012,-0.188639641,-10.808255267,0.000000000,0.430443883,1.200000048,0.200000003,0.709263802,40.637822392,0.000000000,0.000112629,0.100000001,0.020000000
2026-07-04 22:23:35.186,1783175015.186114550,130.042565436,1,1,128.316428846,1,0.009090707,5,1,0.003737462,5,1,0,0,0,0,1,1,1,0,1,0,-1.000000000,0.000000000,0.000000000,0.000000000,0,-1.000000000,0,0,0,,0,-1.000000000,,0,0,0.000000000,0.000000000,0,-1.000000000,0,,0,-1.000000000,,0,-1.000000000,0,,1,-0.054031946,-3.095802451,0.007326126,-0.012209892,1,3.140780687,179.953477760,-0.002442360,-2.714529037,1,-2.870166063,-164.448401929,-0.002442360,2.659828186,1,-0.187876701,-10.764542056,0.007326126,0.422466278,1,0.709263802,40.637822392,-0.036628723,-0.003663063,-0.054413415,-3.117659057,0.000000000,-0.000000000,2.000000000,1.000000000,3.150317430,180.499892894,0.000000000,-2.782876253,8.500000000,2.500000000,-2.870547533,-164.470258535,0.000000000,2.681807995,3.000000000,0.800000012,-0.188639641,-10.808255267,0.000000000,0.430443883,1.200000048,0.200000003,0.709263802,40.637822392,0.000000000,0.000112629,0.100000001,0.020000000
2026-07-04 22:23:36.186,1783175016.186235905,131.042686761,1,1,129.316550171,1,0.008620592,5,1,0.003498558,5,1,0,0,0,0,1,1,1,0,1,0,-1.000000000,0.000000000,0.000000000,0.000000000,0,-1.000000000,0,0,0,,0,-1.000000000,,0,0,0.000000000,0.000000000,0,-1.000000000,0,,0,-1.000000000,,0,-1.000000000,0,,1,-0.054413415,-3.117659057,-0.007326126,-0.012209892,1,3.140780687,179.953477760,-0.002442360,-2.714529037,1,-2.870166063,-164.448401929,-0.002442360,2.659828186,1,-0.187876701,-10.764542056,0.007326126,0.422466278,1,0.709647179,40.659788280,0.012210846,-0.003663063,-0.054413415,-3.117659057,0.000000000,-0.000000000,2.000000000,1.000000000,3.150317430,180.499892894,0.000000000,-2.782876253,8.500000000,2.500000000,-2.870547533,-164.470258535,0.000000000,2.681807995,3.000000000,0.800000012,-0.188639641,-10.808255267,0.000000000,0.430443883,1.200000048,0.200000003,0.709263802,40.637822392,0.000000000,0.000112629,0.100000001,0.020000000
2026-07-04 22:23:37.186,1783175017.186446190,132.042896898,1,1,130.316760308,1,0.009277606,5,1,0.003608822,5,1,0,1,0,0,1,1,1,0,1,0,-1.000000000,0.000000000,0.000000000,0.000000000,0,-1.000000000,0,0,0,,0,-1.000000000,,0,0,0.000000000,0.000000000,0,-1.000000000,0,,0,-1.000000000,,0,-1.000000000,0,,1,-0.054413415,-3.117659057,-0.021978378,-0.012209892,1,3.140780687,179.953477760,-0.002442360,-2.714529037,1,-2.870166063,-164.448401929,-0.002442360,2.659828186,1,-0.187876701,-10.764542056,-0.021978378,0.422466278,1,0.709263802,40.637822392,-0.012210846,-0.003663063,-0.054413415,-3.117659057,0.000000000,-0.000000000,2.000000000,1.000000000,3.150317430,180.499892894,0.000000000,-2.782876253,8.500000000,2.500000000,-2.870547533,-164.470258535,0.000000000,2.681807995,3.000000000,0.800000012,-0.188639641,-10.808255267,0.000000000,0.430443883,1.200000048,0.200000003,0.709263802,40.637822392,0.000000000,0.000112629,0.100000001,0.020000000
2026-07-04 22:23:38.186,1783175018.186658144,133.043108907,1,1,131.316972317,1,0.009109895,5,1,0.003646946,5,1,0,1,0,0,1,1,1,0,1,0,-1.000000000,0.000000000,0.000000000,0.000000000,0,-1.000000000,0,0,0,,0,-1.000000000,,0,0,0.000000000,0.000000000,0,-1.000000000,0,,0,-1.000000000,,0,-1.000000000,0,,1,-0.054413415,-3.117659057,-0.007326126,-0.012209892,1,3.140780687,179.953477760,-0.002442360,-2.714529037,1,-2.870166063,-164.448401929,0.002442360,2.659828186,1,-0.187876701,-10.764542056,-0.007326126,0.422466278,1,0.709647179,40.659788280,0.012210846,-0.001221180,-0.054413415,-3.117659057,0.000000000,-0.000000000,2.000000000,1.000000000,3.150317430,180.499892894,0.000000000,-2.782876253,8.500000000,2.500000000,-2.870547533,-164.470258535,0.000000000,2.681807995,3.000000000,0.800000012,-0.188639641,-10.808255267,0.000000000,0.430443883,1.200000048,0.200000003,0.709263802,40.637822392,0.000000000,0.000112629,0.100000001,0.020000000
2026-07-04 22:23:39.187,1783175019.186910152,134.043360978,1,1,132.317224388,1,0.009178631,5,1,0.003694228,5,1,0,1,0,0,1,1,1,0,1,0,-1.000000000,0.000000000,0.000000000,0.000000000,0,-1.000000000,0,0,0,,0,-1.000000000,,0,0,0.000000000,0.000000000,0,-1.000000000,0,,0,-1.000000000,,0,-1.000000000,0,,1,-0.054413415,-3.117659057,-0.007326126,-0.012209892,1,3.140780687,179.953477760,-0.002442360,-2.714529037,1,-2.870166063,-164.448401929,-0.002442360,2.659828186,1,-0.187876701,-10.764542056,-0.007326126,0.422466278,1,0.709263802,40.637822392,-0.036628723,-0.001221180,-0.054413415,-3.117659057,0.000000000,-0.000000000,2.000000000,1.000000000,3.150317430,180.499892894,0.000000000,-2.782876253,8.500000000,2.500000000,-2.870547533,-164.470258535,0.000000000,2.681807995,3.000000000,0.800000012,-0.188639641,-10.808255267,0.000000000,0.430443883,1.200000048,0.200000003,0.709263802,40.637822392,0.000000000,0.000112629,0.100000001,0.020000000
2026-07-04 22:23:40.187,1783175020.187299728,135.043750717,1,1,133.317614127,1,0.009344445,5,1,0.003621955,5,1,0,1,0,0,1,1,1,0,1,0,-1.000000000,0.000000000,0.000000000,0.000000000,0,-1.000000000,0,0,0,,0,-1.000000000,,0,0,0.000000000,0.000000000,0,-1.000000000,0,,0,-1.000000000,,0,-1.000000000,0,,1,-0.054413415,-3.117659057,-0.007326126,-0.012209892,1,3.140780687,179.953477760,-0.002442360,-2.714529037,1,-2.870166063,-164.448401929,-0.002442360,2.659828186,1,-0.187876701,-10.764542056,-0.007326126,0.422466278,1,0.709263802,40.637822392,-0.012210846,-0.003663063,-0.054413415,-3.117659057,0.000000000,-0.000000000,2.000000000,1.000000000,3.150317430,180.499892894,0.000000000,-2.782876253,8.500000000,2.500000000,-2.870547533,-164.470258535,0.000000000,2.681807995,3.000000000,0.800000012,-0.188639641,-10.808255267,0.000000000,0.430443883,1.200000048,0.200000003,0.709263802,40.637822392,0.000000000,0.000112629,0.100000001,0.020000000
2026-07-04 22:23:41.187,1783175021.187349319,136.043800234,1,1,134.317663644,1,0.008821086,5,1,0.003501497,5,1,0,1,0,0,1,1,1,0,1,0,-1.000000000,0.000000000,0.000000000,0.000000000,0,-1.000000000,0,0,0,,0,-1.000000000,,0,0,0.000000000,0.000000000,0,-1.000000000,0,,0,-1.000000000,,0,-1.000000000,0,,1,-0.054413415,-3.117659057,0.007326126,-0.012209892,1,3.140780687,179.953477760,-0.002442360,-2.714529037,1,-2.870166063,-164.448401929,-0.002442360,2.659828186,1,-0.187876701,-10.764542056,-0.007326126,0.422466278,1,0.709263802,40.637822392,-0.036628723,-0.003663063,-0.054413415,-3.117659057,0.000000000,-0.000000000,2.000000000,1.000000000,3.150317430,180.499892894,0.000000000,-2.782876253,8.500000000,2.500000000,-2.870547533,-164.470258535,0.000000000,2.681807995,3.000000000,0.800000012,-0.188639641,-10.808255267,0.000000000,0.430443883,1.200000048,0.200000003,0.709263802,40.637822392,0.000000000,0.000112629,0.100000001,0.020000000
2026-07-04 22:23:42.187,1783175022.187544584,137.043995475,1,1,135.317858885,1,0.008948976,5,1,0.003632931,5,1,0,1,0,0,1,1,1,0,1,0,-1.000000000,0.000000000,0.000000000,0.000000000,0,-1.000000000,0,0,0,,0,-1.000000000,,0,0,0.000000000,0.000000000,0,-1.000000000,0,,0,-1.000000000,,0,-1.000000000,0,,1,-0.054413415,-3.117659057,-0.007326126,-0.012209892,1,3.140780687,179.953477760,-0.002442360,-2.714529037,1,-2.870166063,-164.448401929,-0.002442360,2.659828186,1,-0.187876701,-10.764542056,-0.021978378,0.422466278,1,0.709263802,40.637822392,-0.036628723,-0.003663063,-0.054413415,-3.117659057,0.000000000,-0.000000000,2.000000000,1.000000000,3.150317430,180.499892894,0.000000000,-2.782876253,8.500000000,2.500000000,-2.870547533,-164.470258535,0.000000000,2.681807995,3.000000000,0.800000012,-0.188639641,-10.808255267,0.000000000,0.430443883,1.200000048,0.200000003,0.709263802,40.637822392,0.000000000,0.000112629,0.100000001,0.020000000
2026-07-04 22:23:43.187,1783175023.187764645,138.044215513,1,1,136.318078923,1,0.009160242,5,1,0.003722822,5,1,0,1,0,0,1,1,1,0,1,0,-1.000000000,0.000000000,0.000000000,0.000000000,0,-1.000000000,0,0,0,,0,-1.000000000,,0,0,0.000000000,0.000000000,0,-1.000000000,0,,0,-1.000000000,,0,-1.000000000,0,,1,-0.054413415,-3.117659057,-0.007326126,-0.012209892,1,3.140780687,179.953477760,0.002442360,-2.714529037,1,-2.870166063,-164.448401929,0.002442360,2.673503876,1,-0.187876701,-10.764542056,-0.021978378,0.422466278,1,0.709647179,40.659788280,0.012210846,-0.003663063,-0.054413415,-3.117659057,0.000000000,-0.000000000,2.000000000,1.000000000,3.150317430,180.499892894,0.000000000,-2.782876253,8.500000000,2.500000000,-2.870547533,-164.470258535,0.000000000,2.681807995,3.000000000,0.800000012,-0.188639641,-10.808255267,0.000000000,0.430443883,1.200000048,0.200000003,0.709263802,40.637822392,0.000000000,0.000112629,0.100000001,0.020000000
2026-07-04 22:23:44.188,1783175024.188045025,139.044495869,1,1,137.318359279,1,0.009273291,5,1,0.003577492,5,1,0,1,0,0,1,1,1,0,1,0,-1.000000000,0.000000000,0.000000000,0.000000000,0,-1.000000000,0,0,0,,0,-1.000000000,,0,0,0.000000000,0.000000000,0,-1.000000000,0,,0,-1.000000000,,0,-1.000000000,0,,1,-0.054413415,-3.117659057,0.007326126,-0.012209892,1,3.140780687,179.953477760,-0.002442360,-2.714529037,1,-2.870166063,-164.448401929,-0.002442360,2.659828186,1,-0.187876701,-10.764542056,-0.021978378,0.422466278,1,0.709647179,40.659788280,0.012210846,-0.003663063,-0.054413415,-3.117659057,0.000000000,-0.000000000,2.000000000,1.000000000,3.150317430,180.499892894,0.000000000,-2.782876253,8.500000000,2.500000000,-2.870547533,-164.470258535,0.000000000,2.681807995,3.000000000,0.800000012,-0.188639641,-10.808255267,0.000000000,0.430443883,1.200000048,0.200000003,0.709263802,40.637822392,0.000000000,0.000112629,0.100000001,0.020000000
2026-07-04 22:23:45.188,1783175025.188488245,140.044939001,1,1,138.318802411,1,0.009479245,5,1,0.003863275,5,1,0,1,0,0,1,1,1,0,1,0,-1.000000000,0.000000000,0.000000000,0.000000000,0,-1.000000000,0,0,0,,0,-1.000000000,,0,0,0.000000000,0.000000000,0,-1.000000000,0,,0,-1.000000000,,0,-1.000000000,0,,1,-0.054413415,-3.117659057,-0.007326126,-0.012209892,1,3.140780687,179.953477760,-0.002442360,-2.714529037,1,-2.870166063,-164.448401929,-0.002442360,2.659828186,1,-0.187495232,-10.742685451,-0.007326126,0.422466278,1,0.709647179,40.659788280,-0.012210846,-0.003663063,-0.054413415,-3.117659057,0.000000000,-0.000000000,2.000000000,1.000000000,3.150317430,180.499892894,0.000000000,-2.782876253,8.500000000,2.500000000,-2.870547533,-164.470258535,0.000000000,2.681807995,3.000000000,0.800000012,-0.188639641,-10.808255267,0.000000000,0.430443883,1.200000048,0.200000003,0.709263802,40.637822392,0.000000000,0.000112629,0.100000001,0.020000000
2026-07-04 22:23:46.188,1783175026.188441753,141.044892774,1,1,139.318756184,1,0.008732908,5,1,0.003590974,5,1,0,1,0,0,1,1,1,0,1,0,-1.000000000,0.000000000,0.000000000,0.000000000,0,-1.000000000,0,0,0,,0,-1.000000000,,0,0,0.000000000,0.000000000,0,-1.000000000,0,,0,-1.000000000,,0,-1.000000000,0,,1,-0.054413415,-3.117659057,0.007326126,-0.012209892,1,3.140780687,179.953477760,0.002442360,-2.714529037,1,-2.870166063,-164.448401929,-0.002442360,2.659828186,1,-0.187876701,-10.764542056,-0.007326126,0.422466278,1,0.709263802,40.637822392,0.012210846,-0.003663063,-0.054413415,-3.117659057,0.000000000,-0.000000000,2.000000000,1.000000000,3.150317430,180.499892894,0.000000000,-2.782876253,8.500000000,2.500000000,-2.870547533,-164.470258535,0.000000000,2.681807995,3.000000000,0.800000012,-0.188639641,-10.808255267,0.000000000,0.430443883,1.200000048,0.200000003,0.709263802,40.637822392,0.000000000,0.000112629,0.100000001,0.020000000
2026-07-04 22:23:47.188,1783175027.188674212,142.045125099,1,1,140.318988509,1,0.008932203,5,1,0.003441857,5,1,0,1,0,0,1,1,1,0,1,0,-1.000000000,0.000000000,0.000000000,0.000000000,0,-1.000000000,0,0,0,,0,-1.000000000,,0,0,0.000000000,0.000000000,0,-1.000000000,0,,0,-1.000000000,,0,-1.000000000,0,,1,-0.054413415,-3.117659057,-0.007326126,-0.012209892,1,3.140780687,179.953477760,0.002442360,-2.714529037,1,-2.870166063,-164.448401929,-0.007326126,2.659828186,1,-0.187876701,-10.764542056,-0.007326126,0.422466278,1,0.709263802,40.637822392,-0.036628723,-0.003663063,-0.054413415,-3.117659057,0.000000000,-0.000000000,2.000000000,1.000000000,3.150317430,180.499892894,0.000000000,-2.782876253,8.500000000,2.500000000,-2.870547533,-164.470258535,0.000000000,2.681807995,3.000000000,0.800000012,-0.188639641,-10.808255267,0.000000000,0.430443883,1.200000048,0.200000003,0.709263802,40.637822392,0.000000000,0.000112629,0.100000001,0.020000000
2026-07-04 22:23:48.188,1783175028.188879967,143.045330771,1,1,141.319194181,1,0.009101001,5,1,0.003390588,5,1,0,1,0,0,1,1,1,0,1,0,-1.000000000,0.000000000,0.000000000,0.000000000,0,-1.000000000,0,0,0,,0,-1.000000000,,0,0,0.000000000,0.000000000,0,-1.000000000,0,,0,-1.000000000,,0,-1.000000000,0,,1,-0.054413415,-3.117659057,-0.007326126,-0.012209892,1,3.140780687,179.953477760,-0.002442360,-2.714529037,1,-2.870166063,-164.448401929,-0.002442360,2.659828186,1,-0.187876701,-10.764542056,0.007326126,0.422466278,1,0.709647179,40.659788280,0.012210846,-0.003663063,-0.054413415,-3.117659057,0.000000000,-0.000000000,2.000000000,1.000000000,3.150317430,180.499892894,0.000000000,-2.782876253,8.500000000,2.500000000,-2.870547533,-164.470258535,0.000000000,2.681807995,3.000000000,0.800000012,-0.188639641,-10.808255267,0.000000000,0.430443883,1.200000048,0.200000003,0.709263802,40.637822392,0.000000000,0.000112629,0.100000001,0.020000000
2026-07-04 22:23:49.189,1783175029.189083338,144.045534312,1,1,142.319397722,1,0.009275627,5,1,0.003723139,5,1,0,1,0,0,1,1,1,0,1,0,-1.000000000,0.000000000,0.000000000,0.000000000,0,-1.000000000,0,0,0,,0,-1.000000000,,0,0,0.000000000,0.000000000,0,-1.000000000,0,,0,-1.000000000,,0,-1.000000000,0,,1,-0.054413415,-3.117659057,-0.007326126,-0.017093658,1,3.140780687,179.953477760,0.002442360,-2.714529037,1,-2.870166063,-164.448401929,-0.002442360,2.659828186,1,-0.187876701,-10.764542056,-0.007326126,0.422466278,1,0.709647179,40.659788280,0.012210846,-0.003663063,-0.054413415,-3.117659057,0.000000000,-0.000000000,2.000000000,1.000000000,3.150317430,180.499892894,0.000000000,-2.782876253,8.500000000,2.500000000,-2.870547533,-164.470258535,0.000000000,2.681807995,3.000000000,0.800000012,-0.188639641,-10.808255267,0.000000000,0.430443883,1.200000048,0.200000003,0.709263802,40.637822392,0.000000000,0.000112629,0.100000001,0.020000000
2026-07-04 22:23:50.189,1783175030.189336300,145.045787200,1,1,143.319650610,1,0.009030904,5,1,0.003635503,5,1,0,1,0,0,1,1,1,0,1,0,-1.000000000,0.000000000,0.000000000,0.000000000,0,-1.000000000,0,0,0,,0,-1.000000000,,0,0,0.000000000,0.000000000,0,-1.000000000,0,,0,-1.000000000,,0,-1.000000000,0,,1,-0.054413415,-3.117659057,-0.007326126,-0.012209892,1,3.140780687,179.953477760,-0.002442360,-2.714529037,1,-2.870166063,-164.448401929,0.002442360,2.659828186,1,-0.187876701,-10.764542056,-0.007326126,0.422466278,1,0.709647179,40.659788280,0.012210846,-0.001221180,-0.054413415,-3.117659057,0.000000000,-0.000000000,2.000000000,1.000000000,3.150317430,180.499892894,0.000000000,-2.782876253,8.500000000,2.500000000,-2.870547533,-164.470258535,0.000000000,2.681807995,3.000000000,0.800000012,-0.188639641,-10.808255267,0.000000000,0.430443883,1.200000048,0.200000003,0.709263802,40.637822392,0.000000000,0.000112629,0.100000001,0.020000000
2026-07-04 22:23:51.189,1783175031.189609051,146.046059737,1,1,144.319923147,1,0.009145852,5,1,0.003697000,5,1,0,1,0,0,1,1,1,0,1,0,-1.000000000,0.000000000,0.000000000,0.000000000,0,-1.000000000,0,0,0,,0,-1.000000000,,0,0,0.000000000,0.000000000,0,-1.000000000,0,,0,-1.000000000,,0,-1.000000000,0,,1,-0.054413415,-3.117659057,0.007326126,-0.012209892,1,3.140780687,179.953477760,-0.002442360,-2.714529037,1,-2.870166063,-164.448401929,-0.007326126,2.659828186,1,-0.187876701,-10.764542056,-0.007326126,0.422466278,1,0.709263802,40.637822392,0.012210846,-0.003663063,-0.054413415,-3.117659057,0.000000000,-0.000000000,2.000000000,1.000000000,3.150317430,180.499892894,0.000000000,-2.782876253,8.500000000,2.500000000,-2.870547533,-164.470258535,0.000000000,2.681807995,3.000000000,0.800000012,-0.188639641,-10.808255267,0.000000000,0.430443883,1.200000048,0.200000003,0.709263802,40.637822392,0.000000000,0.000112629,0.100000001,0.020000000
2026-07-04 22:23:52.189,1783175032.189768076,147.046219148,1,1,145.320082558,1,0.009161419,5,1,0.003553862,5,1,0,1,0,0,1,1,1,0,1,0,-1.000000000,0.000000000,0.000000000,0.000000000,0,-1.000000000,0,0,0,,0,-1.000000000,,0,0,0.000000000,0.000000000,0,-1.000000000,0,,0,-1.000000000,,0,-1.000000000,0,,1,-0.054413415,-3.117659057,0.007326126,-0.012209892,1,3.140780687,179.953477760,-0.002442360,-2.700855255,1,-2.870166063,-164.448401929,-0.002442360,2.659828186,1,-0.187876701,-10.764542056,-0.007326126,0.422466278,1,0.709263802,40.637822392,-0.012210846,-0.003663063,-0.054413415,-3.117659057,0.000000000,-0.000000000,2.000000000,1.000000000,3.150317430,180.499892894,0.000000000,-2.782876253,8.500000000,2.500000000,-2.870547533,-164.470258535,0.000000000,2.681807995,3.000000000,0.800000012,-0.188639641,-10.808255267,0.000000000,0.430443883,1.200000048,0.200000003,0.709263802,40.637822392,0.000000000,0.000112629,0.100000001,0.020000000
2026-07-04 22:23:53.190,1783175033.190032959,148.046483739,1,1,146.320347149,1,0.009144383,5,1,0.003635538,5,1,0,1,0,0,1,1,1,0,1,0,-1.000000000,0.000000000,0.000000000,0.000000000,0,-1.000000000,0,0,0,,0,-1.000000000,,0,0,0.000000000,0.000000000,0,-1.000000000,0,,0,-1.000000000,,0,-1.000000000,0,,1,-0.054413415,-3.117659057,-0.007326126,-0.012209892,1,3.140780687,179.953477760,-0.002442360,-2.714529037,1,-2.870166063,-164.448401929,-0.002442360,2.659828186,1,-0.187876701,-10.764542056,-0.007326126,0.422466278,1,0.709263802,40.637822392,-0.012210846,-0.001221180,-0.054413415,-3.117659057,0.000000000,-0.000000000,2.000000000,1.000000000,3.150317430,180.499892894,0.000000000,-2.782876253,8.500000000,2.500000000,-2.870547533,-164.470258535,0.000000000,2.681807995,3.000000000,0.800000012,-0.188639641,-10.808255267,0.000000000,0.430443883,1.200000048,0.200000003,0.709263802,40.637822392,0.000000000,0.000112629,0.100000001,0.020000000
2026-07-04 22:23:54.190,1783175034.190235138,149.046686000,1,1,147.320549410,1,0.009214247,5,1,0.003658777,5,1,0,1,0,0,1,1,1,0,1,0,-1.000000000,0.000000000,0.000000000,0.000000000,0,-1.000000000,0,0,0,,0,-1.000000000,,0,0,0.000000000,0.000000000,0,-1.000000000,0,,0,-1.000000000,,0,-1.000000000,0,,1,-0.054413415,-3.117659057,-0.007326126,-0.012209892,1,3.140780687,179.953477760,-0.002442360,-2.728204727,1,-2.870166063,-164.448401929,-0.002442360,2.659828186,1,-0.187876701,-10.764542056,-0.007326126,0.422466278,1,0.709647179,40.659788280,0.012210846,-0.003663063,-0.054413415,-3.117659057,0.000000000,-0.000000000,2.000000000,1.000000000,3.150317430,180.499892894,0.000000000,-2.782876253,8.500000000,2.500000000,-2.870547533,-164.470258535,0.000000000,2.681807995,3.000000000,0.800000012,-0.188639641,-10.808255267,0.000000000,0.430443883,1.200000048,0.200000003,0.709263802,40.637822392,0.000000000,0.000112629,0.100000001,0.020000000
2026-07-04 22:23:55.190,1783175035.190510273,150.046961197,1,1,148.320824607,1,0.009147472,5,1,0.003635673,5,1,0,1,0,0,1,1,1,0,1,0,-1.000000000,0.000000000,0.000000000,0.000000000,0,-1.000000000,0,0,0,,0,-1.000000000,,0,0,0.000000000,0.000000000,0,-1.000000000,0,,0,-1.000000000,,0,-1.000000000,0,,1,-0.054413415,-3.117659057,-0.007326126,-0.017093658,1,3.140780687,179.953477760,-0.002442360,-2.714529037,1,-2.870166063,-164.448401929,-0.002442360,2.659828186,1,-0.187495232,-10.742685451,-0.007326126,0.422466278,1,0.709647179,40.659788280,0.012210846,-0.003663063,-0.054413415,-3.117659057,0.000000000,-0.000000000,2.000000000,1.000000000,3.150317430,180.499892894,0.000000000,-2.782876253,8.500000000,2.500000000,-2.870547533,-164.470258535,0.000000000,2.681807995,3.000000000,0.800000012,-0.188639641,-10.808255267,0.000000000,0.430443883,1.200000048,0.200000003,0.709263802,40.637822392,0.000000000,0.000112629,0.100000001,0.020000000
2026-07-04 22:23:56.190,1783175036.190694571,151.047145583,1,1,149.321008993,1,0.009131229,5,1,0.003667860,5,1,0,1,0,0,1,1,1,0,1,0,-1.000000000,0.000000000,0.000000000,0.000000000,0,-1.000000000,0,0,0,,0,-1.000000000,,0,0,0.000000000,0.000000000,0,-1.000000000,0,,0,-1.000000000,,0,-1.000000000,0,,1,-0.054413415,-3.117659057,-0.007326126,-0.012209892,1,3.140780687,179.953477760,-0.002442360,-2.714529037,1,-2.870166063,-164.448401929,0.002442360,2.659828186,1,-0.187876701,-10.764542056,0.007326126,0.422466278,1,0.709263802,40.637822392,-0.036628723,-0.001221180,-0.054413415,-3.117659057,0.000000000,-0.000000000,2.000000000,1.000000000,3.150317430,180.499892894,0.000000000,-2.782876253,8.500000000,2.500000000,-2.870547533,-164.470258535,0.000000000,2.681807995,3.000000000,0.800000012,-0.188639641,-10.808255267,0.000000000,0.430443883,1.200000048,0.200000003,0.709263802,40.637822392,0.000000000,0.000112629,0.100000001,0.020000000
2026-07-04 22:23:57.191,1783175037.190896988,152.047347894,1,1,150.321211304,1,0.009224315,5,1,0.003605383,5,1,0,1,0,0,1,1,1,0,1,0,-1.000000000,0.000000000,0.000000000,0.000000000,0,-1.000000000,0,0,0,,0,-1.000000000,,0,0,0.000000000,0.000000000,0,-1.000000000,0,,0,-1.000000000,,0,-1.000000000,0,,1,-0.054413415,-3.117659057,-0.007326126,-0.012209892,1,3.140780687,179.953477760,-0.002442360,-2.728204727,1,-2.870166063,-164.448401929,-0.002442360,2.659828186,1,-0.187876701,-10.764542056,-0.007326126,0.422466278,1,0.709263802,40.637822392,-0.012210846,-0.003663063,-0.054413415,-3.117659057,0.000000000,-0.000000000,2.000000000,1.000000000,3.150317430,180.499892894,0.000000000,-2.782876253,8.500000000,2.500000000,-2.870547533,-164.470258535,0.000000000,2.681807995,3.000000000,0.800000012,-0.188639641,-10.808255267,0.000000000,0.430443883,1.200000048,0.200000003,0.709263802,40.637822392,0.000000000,0.000112629,0.100000001,0.020000000
2026-07-04 22:23:58.191,1783175038.191118002,153.047569056,1,1,151.321432466,1,0.009125881,5,1,0.003660227,5,1,0,1,0,0,1,1,1,0,1,0,-1.000000000,0.000000000,0.000000000,0.000000000,0,-1.000000000,0,0,0,,0,-1.000000000,,0,0,0.000000000,0.000000000,0,-1.000000000,0,,0,-1.000000000,,0,-1.000000000,0,,1,-0.054413415,-3.117659057,0.007326126,-0.012209892,1,3.140780687,179.953477760,-0.007326126,-2.728204727,1,-2.870166063,-164.448401929,-0.002442360,2.659828186,1,-0.187876701,-10.764542056,-0.007326126,0.422466278,1,0.709647179,40.659788280,-0.012210846,-0.003663063,-0.054413415,-3.117659057,0.000000000,-0.000000000,2.000000000,1.000000000,3.150317430,180.499892894,0.000000000,-2.782876253,8.500000000,2.500000000,-2.870547533,-164.470258535,0.000000000,2.681807995,3.000000000,0.800000012,-0.188639641,-10.808255267,0.000000000,0.430443883,1.200000048,0.200000003,0.709263802,40.637822392,0.000000000,0.000112629,0.100000001,0.020000000
