wall_time,ros_time_sec,elapsed_sec,has_ready,driver_ready,ready_age_sec,has_state,state_age_sec,state_size,has_command,command_age_sec,command_size,service_mode,service_suction,service_pick,service_place,service_stack,service_payload_estimate,service_payload_state,service_arm_mission,service_nav_arm_event,action_move_joint,has_nav_state,nav_state_age_sec,nav_state_x,nav_state_y,nav_state_yaw,has_nav_task_points,nav_task_points_age_sec,nav_task_points_count,nav_task_points_min_id,nav_task_points_max_id,nav_task_points_summary,has_nav_mission_request,nav_mission_request_age_sec,nav_mission_action,nav_mission_task_index,nav_mission_point_id,nav_mission_x,nav_mission_y,has_nav_mission_response,nav_mission_response_age_sec,nav_mission_response_success,nav_mission_response_message,has_nav_arm_event_request,nav_arm_event_request_age_sec,nav_arm_event_request_message,has_nav_arm_event_response,nav_arm_event_response_age_sec,nav_arm_event_response_success,nav_arm_event_response_message,state_valid_0,state_q_rad_0,state_q_deg_0,state_dq_0,state_tau_est_0,state_valid_1,state_q_rad_1,state_q_deg_1,state_dq_1,state_tau_est_1,state_valid_2,state_q_rad_2,state_q_deg_2,state_dq_2,state_tau_est_2,state_valid_3,state_q_rad_3,state_q_deg_3,state_dq_3,state_tau_est_3,state_valid_4,state_q_rad_4,state_q_deg_4,state_dq_4,state_tau_est_4,cmd_q_rad_0,cmd_q_deg_0,cmd_dq_0,cmd_tau_0,cmd_kp_0,cmd_kd_0,cmd_q_rad_1,cmd_q_deg_1,cmd_dq_1,cmd_tau_1,cmd_kp_1,cmd_kd_1,cmd_q_rad_2,cmd_q_deg_2,cmd_dq_2,cmd_tau_2,cmd_kp_2,cmd_kd_2,cmd_q_rad_3,cmd_q_deg_3,cmd_dq_3,cmd_tau_3,cmd_kp_3,cmd_kd_3,cmd_q_rad_4,cmd_q_deg_4,cmd_dq_4,cmd_tau_4,cmd_kp_4,cmd_kd_4
2026-07-04 23:16:48.736,1783178208.736045837,1.006219717,1,1,0.994053142,1,0.003269759,5,1,0.004587195,5,1,0,0,0,0,1,1,0,0,1,0,-1.000000000,0.000000000,0.000000000,0.000000000,0,-1.000000000,0,0,0,,0,-1.000000000,,0,0,0.000000000,0.000000000,0,-1.000000000,0,,0,-1.000000000,,0,-1.000000000,0,,1,-0.065476038,-3.751500612,-0.007326126,0.021978378,1,3.115602732,178.510887166,-0.007326126,-2.741880417,1,-2.880465746,-165.038530274,-0.002442360,2.673503876,1,-0.187876701,-10.764542056,0.007326126,0.422466278,1,0.709263802,40.637822392,0.012210846,-0.003663063,-0.057846643,-3.314368505,0.000000000,-0.000000000,6.000000000,2.500000000,3.143450975,180.106473998,0.000000000,-2.770881653,2.000000000,0.500000000,-2.880847216,-165.060386879,0.000000000,2.693999767,1.000000000,0.500000000,-0.189021111,-10.830111873,0.000000000,0.431064546,0.500000000,0.200000003,0.709263802,40.637822392,0.000000000,0.000112792,0.000000000,0.100000001
2026-07-04 23:16:49.735,1783178209.735887766,2.006061661,1,1,1.993895086,1,0.001726000,5,1,0.004431809,5,1,0,0,0,0,1,1,1,0,1,0,-1.000000000,0.000000000,0.000000000,0.000000000,0,-1.000000000,0,0,0,,0,-1.000000000,,0,0,0.000000000,0.000000000,0,-1.000000000,0,,0,-1.000000000,,0,-1.000000000,0,,1,-0.056702234,-3.248798689,-0.007326126,-0.021978378,1,2.909224749,166.686299750,0.393162727,-2.468376160,1,-2.880465746,-165.038530274,-0.002442360,2.673503876,1,-0.187876701,-10.764542056,-0.021978378,0.422466278,1,0.709263802,40.637822392,-0.012210846,-0.003663063,-0.057846643,-3.314368505,0.000000000,-0.000000000,6.000000000,2.500000000,3.143450975,180.106473998,0.000000000,-2.770881653,2.000000000,0.500000000,-2.880847216,-165.060386879,0.000000000,2.693999767,1.000000000,0.500000000,-0.189021111,-10.830111873,0.000000000,0.431064546,0.500000000,0.200000003,0.709263802,40.637822392,0.000000000,0.000112792,0.000000000,0.100000001
2026-07-04 23:16:50.735,1783178210.735684156,3.005857850,1,1,2.993691275,1,0.003391692,5,1,0.004729756,5,1,0,0,0,0,1,1,1,0,1,0,-1.000000000,0.000000000,0.000000000,0.000000000,0,-1.000000000,0,0,0,,0,-1.000000000,,0,0,0.000000000,0.000000000,0,-1.000000000,0,,0,-1.000000000,,0,-1.000000000,0,,1,-0.026947593,-1.543983365,0.080585480,-0.456654549,1,2.972168207,170.292694274,-1.018315315,-1.907691956,1,-2.880465746,-165.038530274,-0.002442360,2.687179565,1,-0.187876701,-10.764542056,-0.007326126,0.422466278,1,0.709263802,40.637822392,-0.012210846,-0.003663063,-0.057846643,-3.314368505,0.000000000,-0.000000000,6.000000000,2.500000000,3.143450975,180.106473998,0.000000000,-2.770881653,2.000000000,0.500000000,-2.880847216,-165.060386879,0.000000000,2.693999767,1.000000000,0.500000000,-0.189021111,-10.830111873,0.000000000,0.431064546,0.500000000,0.200000003,0.709263802,40.637822392,0.000000000,0.000112792,0.000000000,0.100000001
2026-07-04 23:16:51.735,1783178211.735414028,4.005587803,1,1,3.993421228,1,0.003658574,5,1,0.004407453,5,1,0,0,0,0,1,1,1,0,1,0,-1.000000000,0.000000000,0.000000000,0.000000000,0,-1.000000000,0,0,0,,0,-1.000000000,,0,0,0.000000000,0.000000000,0,-1.000000000,0,,0,-1.000000000,,0,-1.000000000,0,,1,-0.031525232,-1.806262736,0.007326126,-0.188034058,1,2.694072962,154.359010412,0.490842819,-2.140171051,1,-2.880465746,-165.038530274,-0.002442360,2.673503876,1,-0.187876701,-10.764542056,-0.007326126,0.422466278,1,0.709263802,40.637822392,-0.012210846,-0.003663063,-0.057846643,-3.314368505,0.000000000,-0.000000000,6.000000000,2.500000000,3.143450975,180.106473998,0.000000000,-2.770881653,2.000000000,0.500000000,-2.880847216,-165.060386879,0.000000000,2.693999767,1.000000000,0.500000000,-0.189021111,-10.830111873,0.000000000,0.431064546,0.500000000,0.200000003,0.709263802,40.637822392,0.000000000,0.000112792,0.000000000,0.100000001
2026-07-04 23:16:52.735,1783178212.735198975,5.005372833,1,1,4.993206258,1,0.003574999,5,1,0.004657399,5,1,0,0,0,0,1,1,1,0,1,0,-1.000000000,0.000000000,0.000000000,0.000000000,0,-1.000000000,0,0,0,,0,-1.000000000,,0,0,0.000000000,0.000000000,0,-1.000000000,0,,0,-1.000000000,,0,-1.000000000,0,,1,-0.032288171,-1.849975947,0.007326126,-0.183150291,1,3.131243944,179.407062627,-0.002442360,-2.769229889,1,-2.880465746,-165.038530274,-0.002442360,2.687179565,1,-0.187876701,-10.764542056,-0.021978378,0.422466278,1,0.709263802,40.637822392,-0.036628723,-0.003663063,-0.057846643,-3.314368505,0.000000000,-0.000000000,6.000000000,2.500000000,3.143450975,180.106473998,0.000000000,-2.770881653,2.000000000,0.500000000,-2.880847216,-165.060386879,0.000000000,2.693999767,1.000000000,0.500000000,-0.189021111,-10.830111873,0.000000000,0.431064546,0.500000000,0.200000003,0.709263802,40.637822392,0.000000000,0.000112792,0.000000000,0.100000001
2026-07-04 23:16:53.734,1783178213.734827280,6.005000998,1,1,5.992834423,1,0.003431146,5,1,0.004361327,5,1,0,0,0,0,1,1,1,0,1,0,-1.000000000,0.000000000,0.000000000,0.000000000,0,-1.000000000,0,0,0,,0,-1.000000000,,0,0,0.000000000,0.000000000,0,-1.000000000,0,,0,-1.000000000,,0,-1.000000000,0,,1,-0.032288171,-1.849975947,0.007326126,-0.178266525,1,3.131243944,179.407062627,0.002442360,-2.769229889,1,-2.880465746,-165.038530274,-0.002442360,2.687179565,1,-0.187495232,-10.742685451,-0.007326126,0.422466278,1,0.709263802,40.637822392,-0.036628723,-0.003663063,-0.057846643,-3.314368505,0.000000000,-0.000000000,6.000000000,2.500000000,3.143450975,180.106473998,0.000000000,-2.770881653,2.000000000,0.500000000,-2.880847216,-165.060386879,0.000000000,2.693999767,1.000000000,0.500000000,-0.189021111,-10.830111873,0.000000000,0.431064546,0.500000000,0.200000003,0.709263802,40.637822392,0.000000000,0.000112792,0.000000000,0.100000001
2026-07-04 23:16:54.734,1783178214.734686375,7.004860403,1,1,6.992693828,1,0.003079881,5,1,0.004319245,5,1,0,0,0,0,1,1,1,0,1,0,-1.000000000,0.000000000,0.000000000,0.000000000,0,-1.000000000,0,0,0,,0,-1.000000000,,0,0,0.000000000,0.000000000,0,-1.000000000,0,,0,-1.000000000,,0,-1.000000000,0,,1,-0.032288171,-1.849975947,-0.021978378,-0.178266525,1,3.131243944,179.407062627,-0.002442360,-2.755556107,1,-2.880465746,-165.038530274,-0.002442360,2.673503876,1,-0.187876701,-10.764542056,-0.007326126,0.422466278,1,0.709263802,40.637822392,-0.036628723,-0.003663063,-0.057846643,-3.314368505,0.000000000,-0.000000000,6.000000000,2.500000000,3.143450975,180.106473998,0.000000000,-2.770881653,2.000000000,0.500000000,-2.880847216,-165.060386879,0.000000000,2.693999767,1.000000000,0.500000000,-0.189021111,-10.830111873,0.000000000,0.431064546,0.500000000,0.200000003,0.709263802,40.637822392,0.000000000,0.000112792,0.000000000,0.100000001
2026-07-04 23:16:55.734,1783178215.734465122,8.004638988,1,1,7.992472413,1,0.003345579,5,1,0.004526640,5,1,0,0,0,0,1,1,1,0,1,0,-1.000000000,0.000000000,0.000000000,0.000000000,0,-1.000000000,0,0,0,,0,-1.000000000,,0,0,0.000000000,0.000000000,0,-1.000000000,0,,0,-1.000000000,,0,-1.000000000,0,,1,-0.032288171,-1.849975947,-0.007326126,-0.178266525,1,3.131243944,179.407062627,-0.002442360,-2.769229889,1,-2.880465746,-165.038530274,-0.002442360,2.673503876,1,-0.187495232,-10.742685451,-0.021978378,0.422466278,1,0.709263802,40.637822392,-0.012210846,-0.003663063,-0.057846643,-3.314368505,0.000000000,-0.000000000,6.000000000,2.500000000,3.143450975,180.106473998,0.000000000,-2.770881653,2.000000000,0.500000000,-2.880847216,-165.060386879,0.000000000,2.693999767,1.000000000,0.500000000,-0.189021111,-10.830111873,0.000000000,0.431064546,0.500000000,0.200000003,0.709263802,40.637822392,0.000000000,0.000112792,0.000000000,0.100000001
2026-07-04 23:16:56.734,1783178216.734245539,9.004419435,1,1,8.992252860,1,0.003733439,5,1,0.004461223,5,1,0,0,0,0,1,1,1,0,1,0,-1.000000000,0.000000000,0.000000000,0.000000000,0,-1.000000000,0,0,0,,0,-1.000000000,,0,0,0.000000000,0.000000000,0,-1.000000000,0,,0,-1.000000000,,0,-1.000000000,0,,1,-0.032288171,-1.849975947,-0.021978378,-0.183150291,1,3.131243944,179.407062627,-0.002442360,-2.769229889,1,-2.880465746,-165.038530274,-0.002442360,2.673503876,1,-0.187876701,-10.764542056,-0.021978378,0.422466278,1,0.709263802,40.637822392,-0.012210846,-0.003663063,-0.057846643,-3.314368505,0.000000000,-0.000000000,6.000000000,2.500000000,3.143450975,180.106473998,0.000000000,-2.770881653,2.000000000,0.500000000,-2.880847216,-165.060386879,0.000000000,2.693999767,1.000000000,0.500000000,-0.189021111,-10.830111873,0.000000000,0.431064546,0.500000000,0.200000003,0.709263802,40.637822392,0.000000000,0.000112792,0.000000000,0.100000001
2026-07-04 23:16:57.734,1783178217.734097958,10.004271811,1,1,9.992105236,1,0.003493713,5,1,0.004575810,5,1,0,0,0,0,1,1,1,0,1,0,-1.000000000,0.000000000,0.000000000,0.000000000,0,-1.000000000,0,0,0,,0,-1.000000000,,0,0,0.000000000,0.000000000,0,-1.000000000,0,,0,-1.000000000,,0,-1.000000000,0,,1,-0.032288171,-1.849975947,-0.007326126,-0.173381805,1,3.130862474,179.385206021,-0.002442360,-2.769229889,1,-2.880465746,-165.038530274,-0.002442360,2.673503876,1,-0.187495232,-10.742685451,-0.007326126,0.422466278,1,0.709263802,40.637822392,-0.012210846,-0.003663063,-0.057846643,-3.314368505,0.000000000,-0.000000000,6.000000000,2.500000000,3.143450975,180.106473998,0.000000000,-2.770881653,2.000000000,0.500000000,-2.880847216,-165.060386879,0.000000000,2.693999767,1.000000000,0.500000000,-0.189021111,-10.830111873,0.000000000,0.431064546,0.500000000,0.200000003,0.709263802,40.637822392,0.000000000,0.000112792,0.000000000,0.100000001
2026-07-04 23:16:58.733,1783178218.733948469,11.004122305,1,1,10.991955730,1,0.003510025,5,1,0.004549378,5,1,0,0,0,0,1,1,1,0,1,0,-1.000000000,0.000000000,0.000000000,0.000000000,0,-1.000000000,0,0,0,,0,-1.000000000,,0,0,0.000000000,0.000000000,0,-1.000000000,0,,0,-1.000000000,,0,-1.000000000,0,,1,-0.032669641,-1.871832552,-0.007326126,-0.173381805,1,3.131243944,179.407062627,-0.002442360,-2.769229889,1,-2.880465746,-165.038530274,-0.002442360,2.673503876,1,-0.187495232,-10.742685451,0.007326126,0.422466278,1,0.709263802,40.637822392,-0.012210846,-0.003663063,-0.057846643,-3.314368505,0.000000000,-0.000000000,6.000000000,2.500000000,3.143450975,180.106473998,0.000000000,-2.770881653,2.000000000,0.500000000,-2.880847216,-165.060386879,0.000000000,2.693999767,1.000000000,0.500000000,-0.189021111,-10.830111873,0.000000000,0.431064546,0.500000000,0.200000003,0.709263802,40.637822392,0.000000000,0.000112792,0.000000000,0.100000001
2026-07-04 23:16:59.733,1783178219.733699083,12.003872803,1,1,11.991706228,1,0.003698423,5,1,0.004625611,5,1,0,0,0,0,1,1,1,0,1,0,-1.000000000,0.000000000,0.000000000,0.000000000,0,-1.000000000,0,0,0,,0,-1.000000000,,0,0,0.000000000,0.000000000,0,-1.000000000,0,,0,-1.000000000,,0,-1.000000000,0,,1,-0.032669641,-1.871832552,-0.007326126,-0.173381805,1,3.131243944,179.407062627,-0.002442360,-2.769229889,1,-2.880465746,-165.038530274,-0.002442360,2.687179565,1,-0.187495232,-10.742685451,-0.007326126,0.422466278,1,0.709263802,40.637822392,-0.012210846,-0.003663063,-0.057846643,-3.314368505,0.000000000,-0.000000000,6.000000000,2.500000000,3.143450975,180.106473998,0.000000000,-2.770881653,2.000000000,0.500000000,-2.880847216,-165.060386879,0.000000000,2.693999767,1.000000000,0.500000000,-0.189021111,-10.830111873,0.000000000,0.431064546,0.500000000,0.200000003,0.709263802,40.637822392,0.000000000,0.000112792,0.000000000,0.100000001
2026-07-04 23:17:00.733,1783178220.733478069,13.003651989,1,1,12.991485414,1,0.003286426,5,1,0.004606050,5,1,0,0,0,0,1,1,1,0,1,0,-1.000000000,0.000000000,0.000000000,0.000000000,0,-1.000000000,0,0,0,,0,-1.000000000,,0,0,0.000000000,0.000000000,0,-1.000000000,0,,0,-1.000000000,,0,-1.000000000,0,,1,-0.032288171,-1.849975947,0.007326126,-0.178266525,1,3.131243944,179.407062627,-0.002442360,-2.769229889,1,-2.880465746,-165.038530274,-0.002442360,2.673503876,1,-0.187495232,-10.742685451,-0.021978378,0.422466278,1,0.709263802,40.637822392,0.012210846,-0.003663063,-0.057846643,-3.314368505,0.000000000,-0.000000000,6.000000000,2.500000000,3.143450975,180.106473998,0.000000000,-2.770881653,2.000000000,0.500000000,-2.880847216,-165.060386879,0.000000000,2.693999767,1.000000000,0.500000000,-0.189021111,-10.830111873,0.000000000,0.431064546,0.500000000,0.200000003,0.709263802,40.637822392,0.000000000,0.000112792,0.000000000,0.100000001
2026-07-04 23:17:01.733,1783178221.733182669,14.003356548,1,1,13.991189973,1,0.003418964,5,1,0.004427715,5,1,0,0,0,0,1,1,1,0,1,0,-1.000000000,0.000000000,0.000000000,0.000000000,0,-1.000000000,0,0,0,,0,-1.000000000,,0,0,0.000000000,0.000000000,0,-1.000000000,0,,0,-1.000000000,,0,-1.000000000,0,,1,-0.032669641,-1.871832552,-0.007326126,-0.173381805,1,3.131243944,179.407062627,-0.007326126,-2.755556107,1,-2.880465746,-165.038530274,0.002442360,2.673503876,1,-0.187495232,-10.742685451,-0.007326126,0.422466278,1,0.709647179,40.659788280,0.012210846,-0.003663063,-0.057846643,-3.314368505,0.000000000,-0.000000000,6.000000000,2.500000000,3.143450975,180.106473998,0.000000000,-2.770881653,2.000000000,0.500000000,-2.880847216,-165.060386879,0.000000000,2.693999767,1.000000000,0.500000000,-0.189021111,-10.830111873,0.000000000,0.431064546,0.500000000,0.200000003,0.709263802,40.637822392,0.000000000,0.000112792,0.000000000,0.100000001
2026-07-04 23:17:02.733,1783178222.732966900,15.003140816,1,1,14.990974241,1,0.003444296,5,1,0.004358392,5,1,0,0,0,0,1,1,1,0,1,0,-1.000000000,0.000000000,0.000000000,0.000000000,0,-1.000000000,0,0,0,,0,-1.000000000,,0,0,0.000000000,0.000000000,0,-1.000000000,0,,0,-1.000000000,,0,-1.000000000,0,,1,-0.032669641,-1.871832552,-0.007326126,-0.173381805,1,3.131243944,179.407062627,-0.002442360,-2.769229889,1,-2.880465746,-165.038530274,-0.007326126,2.687179565,1,-0.187495232,-10.742685451,-0.021978378,0.422466278,1,0.709263802,40.637822392,-0.012210846,-0.003663063,-0.057846643,-3.314368505,0.000000000,-0.000000000,6.000000000,2.500000000,3.143450975,180.106473998,0.000000000,-2.770881653,2.000000000,0.500000000,-2.880847216,-165.060386879,0.000000000,2.693999767,1.000000000,0.500000000,-0.189021111,-10.830111873,0.000000000,0.431064546,0.500000000,0.200000003,0.709263802,40.637822392,0.000000000,0.000112792,0.000000000,0.100000001
2026-07-04 23:17:03.732,1783178223.732888460,16.003062442,1,1,15.990895867,1,0.003469344,5,1,0.004563283,5,1,0,0,0,0,1,1,1,0,1,0,-1.000000000,0.000000000,0.000000000,0.000000000,0,-1.000000000,0,0,0,,0,-1.000000000,,0,0,0.000000000,0.000000000,0,-1.000000000,0,,0,-1.000000000,,0,-1.000000000,0,,1,-0.032669641,-1.871832552,-0.007326126,-0.183150291,1,3.131243944,179.407062627,-0.002442360,-2.769229889,1,-2.880465746,-165.038530274,-0.002442360,2.673503876,1,-0.187876701,-10.764542056,0.007326126,0.422466278,1,0.709263802,40.637822392,-0.036628723,-0.003663063,-0.057846643,-3.314368505,0.000000000,-0.000000000,6.000000000,2.500000000,3.143450975,180.106473998,0.000000000,-2.770881653,2.000000000,0.500000000,-2.880847216,-165.060386879,0.000000000,2.693999767,1.000000000,0.500000000,-0.189021111,-10.830111873,0.000000000,0.431064546,0.500000000,0.200000003,0.709263802,40.637822392,0.000000000,0.000112792,0.000000000,0.100000001
2026-07-04 23:17:04.732,1783178224.732527971,17.002701695,1,1,16.990535120,1,0.003160546,5,1,0.004485421,5,1,0,0,0,0,1,1,1,0,1,0,-1.000000000,0.000000000,0.000000000,0.000000000,0,-1.000000000,0,0,0,,0,-1.000000000,,0,0,0.000000000,0.000000000,0,-1.000000000,0,,0,-1.000000000,,0,-1.000000000,0,,1,-0.032669641,-1.871832552,-0.021978378,-0.173381805,1,3.131243944,179.407062627,-0.002442360,-2.769229889,1,-2.880465746,-165.038530274,-0.002442360,2.687179565,1,-0.187495232,-10.742685451,-0.007326126,0.422466278,1,0.709263802,40.637822392,-0.012210846,-0.003663063,-0.057846643,-3.314368505,0.000000000,-0.000000000,6.000000000,2.500000000,3.143450975,180.106473998,0.000000000,-2.770881653,2.000000000,0.500000000,-2.880847216,-165.060386879,0.000000000,2.693999767,1.000000000,0.500000000,-0.189021111,-10.830111873,0.000000000,0.431064546,0.500000000,0.200000003,0.709263802,40.637822392,0.000000000,0.000112792,0.000000000,0.100000001
2026-07-04 23:17:05.732,1783178225.732320547,18.002494419,1,1,17.990327844,1,0.003193236,5,1,0.004495491,5,1,0,0,0,0,1,1,1,0,1,0,-1.000000000,0.000000000,0.000000000,0.000000000,0,-1.000000000,0,0,0,,0,-1.000000000,,0,0,0.000000000,0.000000000,0,-1.000000000,0,,0,-1.000000000,,0,-1.000000000,0,,1,-0.032669641,-1.871832552,-0.007326126,-0.173381805,1,3.131243944,179.407062627,-0.002442360,-2.769229889,1,-2.880465746,-165.038530274,-0.002442360,2.673503876,1,-0.187495232,-10.742685451,0.007326126,0.422466278,1,0.709263802,40.637822392,0.012210846,-0.003663063,-0.057846643,-3.314368505,0.000000000,-0.000000000,6.000000000,2.500000000,3.143450975,180.106473998,0.000000000,-2.770881653,2.000000000,0.500000000,-2.880847216,-165.060386879,0.000000000,2.693999767,1.000000000,0.500000000,-0.189021111,-10.830111873,0.000000000,0.431064546,0.500000000,0.200000003,0.709263802,40.637822392,0.000000000,0.000112792,0.000000000,0.100000001
2026-07-04 23:17:06.732,1783178226.732241392,19.002415336,1,1,18.990248761,1,0.003196988,5,1,0.004471701,5,1,0,0,0,0,1,1,1,0,1,0,-1.000000000,0.000000000,0.000000000,0.000000000,0,-1.000000000,0,0,0,,0,-1.000000000,,0,0,0.000000000,0.000000000,0,-1.000000000,0,,0,-1.000000000,,0,-1.000000000,0,,1,-0.032669641,-1.871832552,-0.021978378,-0.178266525,1,3.131243944,179.407062627,-0.002442360,-2.769229889,1,-2.880465746,-165.038530274,-0.002442360,2.673503876,1,-0.187495232,-10.742685451,0.007326126,0.422466278,1,0.709263802,40.637822392,-0.012210846,-0.003663063,-0.057846643,-3.314368505,0.000000000,-0.000000000,6.000000000,2.500000000,3.143450975,180.106473998,0.000000000,-2.770881653,2.000000000,0.500000000,-2.880847216,-165.060386879,0.000000000,2.693999767,1.000000000,0.500000000,-0.189021111,-10.830111873,0.000000000,0.431064546,0.500000000,0.200000003,0.709263802,40.637822392,0.000000000,0.000112792,0.000000000,0.100000001
2026-07-04 23:17:07.732,1783178227.731990576,20.002164265,1,1,19.989997690,1,0.003226294,5,1,0.004555219,5,1,0,0,0,0,1,1,1,0,1,0,-1.000000000,0.000000000,0.000000000,0.000000000,0,-1.000000000,0,0,0,,0,-1.000000000,,0,0,0.000000000,0.000000000,0,-1.000000000,0,,0,-1.000000000,,0,-1.000000000,0,,1,-0.032669641,-1.871832552,-0.007326126,-0.173381805,1,3.131243944,179.407062627,-0.002442360,-2.769229889,1,-2.880465746,-165.038530274,-0.002442360,2.673503876,1,-0.187495232,-10.742685451,0.007326126,0.422466278,1,0.709263802,40.637822392,-0.036628723,-0.003663063,-0.057846643,-3.314368505,0.000000000,-0.000000000,6.000000000,2.500000000,3.143450975,180.106473998,0.000000000,-2.770881653,2.000000000,0.500000000,-2.880847216,-165.060386879,0.000000000,2.693999767,1.000000000,0.500000000,-0.189021111,-10.830111873,0.000000000,0.431064546,0.500000000,0.200000003,0.709263802,40.637822392,0.000000000,0.000112792,0.000000000,0.100000001
2026-07-04 23:17:08.731,1783178228.731787205,21.001961123,1,1,20.989794548,1,0.002669950,5,1,0.004898118,5,1,0,0,0,0,1,1,1,0,1,0,-1.000000000,0.000000000,0.000000000,0.000000000,0,-1.000000000,0,0,0,,0,-1.000000000,,0,0,0.000000000,0.000000000,0,-1.000000000,0,,0,-1.000000000,,0,-1.000000000,0,,1,-0.032669641,-1.871832552,-0.021978378,-0.178266525,1,3.131243944,179.407062627,-0.002442360,-2.769229889,1,-2.880465746,-165.038530274,-0.002442360,2.673503876,1,-0.187495232,-10.742685451,-0.007326126,0.422466278,1,0.709263802,40.637822392,-0.012210846,-0.003663063,-0.057846643,-3.314368505,0.000000000,-0.000000000,6.000000000,2.500000000,3.143450975,180.106473998,0.000000000,-2.770881653,2.000000000,0.500000000,-2.880847216,-165.060386879,0.000000000,2.693999767,1.000000000,0.500000000,-0.189021111,-10.830111873,0.000000000,0.431064546,0.500000000,0.200000003,0.709263802,40.637822392,0.000000000,0.000112792,0.000000000,0.100000001
2026-07-04 23:17:09.731,1783178229.731546402,22.001720299,1,1,21.989553724,1,0.003695972,5,1,0.004621043,5,1,0,0,0,0,1,1,1,0,1,0,-1.000000000,0.000000000,0.000000000,0.000000000,0,-1.000000000,0,0,0,,0,-1.000000000,,0,0,0.000000000,0.000000000,0,-1.000000000,0,,0,-1.000000000,,0,-1.000000000,0,,1,-0.032669641,-1.871832552,0.007326126,-0.178266525,1,3.131243944,179.407062627,-0.007326126,-2.769229889,1,-2.880465746,-165.038530274,0.002442360,2.687179565,1,-0.187495232,-10.742685451,-0.021978378,0.422466278,1,0.709263802,40.637822392,-0.036628723,-0.003663063,-0.057846643,-3.314368505,0.000000000,-0.000000000,6.000000000,2.500000000,3.143450975,180.106473998,0.000000000,-2.770881653,2.000000000,0.500000000,-2.880847216,-165.060386879,0.000000000,2.693999767,1.000000000,0.500000000,-0.189021111,-10.830111873,0.000000000,0.431064546,0.500000000,0.200000003,0.709263802,40.637822392,0.000000000,0.000112792,0.000000000,0.100000001
2026-07-04 23:17:10.731,1783178230.731346607,23.001520567,1,1,22.989353992,1,0.003465625,5,1,0.004667240,5,1,0,0,0,0,1,1,1,0,1,0,-1.000000000,0.000000000,0.000000000,0.000000000,0,-1.000000000,0,0,0,,0,-1.000000000,,0,0,0.000000000,0.000000000,0,-1.000000000,0,,0,-1.000000000,,0,-1.000000000,0,,1,-0.032669641,-1.871832552,-0.021978378,-0.173381805,1,3.131243944,179.407062627,-0.002442360,-2.769229889,1,-2.880465746,-165.038530274,-0.002442360,2.687179565,1,-0.187495232,-10.742685451,-0.007326126,0.422466278,1,0.709263802,40.637822392,-0.036628723,-0.003663063,-0.057846643,-3.314368505,0.000000000,-0.000000000,6.000000000,2.500000000,3.143450975,180.106473998,0.000000000,-2.770881653,2.000000000,0.500000000,-2.880847216,-165.060386879,0.000000000,2.693999767,1.000000000,0.500000000,-0.189021111,-10.830111873,0.000000000,0.431064546,0.500000000,0.200000003,0.709263802,40.637822392,0.000000000,0.000112792,0.000000000,0.100000001
2026-07-04 23:17:11.731,1783178231.731133223,24.001307023,1,1,23.989140448,1,0.003090827,5,1,0.004431391,5,1,0,0,0,0,1,1,1,0,1,0,-1.000000000,0.000000000,0.000000000,0.000000000,0,-1.000000000,0,0,0,,0,-1.000000000,,0,0,0.000000000,0.000000000,0,-1.000000000,0,,0,-1.000000000,,0,-1.000000000,0,,1,-0.032669641,-1.871832552,-0.007326126,-0.178266525,1,3.131243944,179.407062627,0.002442360,-2.769229889,1,-2.880465746,-165.038530274,-0.002442360,2.687179565,1,-0.187495232,-10.742685451,-0.007326126,0.422466278,1,0.709263802,40.637822392,-0.012210846,-0.003663063,-0.057846643,-3.314368505,0.000000000,-0.000000000,6.000000000,2.500000000,3.143450975,180.106473998,0.000000000,-2.770881653,2.000000000,0.500000000,-2.880847216,-165.060386879,0.000000000,2.693999767,1.000000000,0.500000000,-0.189021111,-10.830111873,0.000000000,0.431064546,0.500000000,0.200000003,0.709263802,40.637822392,0.000000000,0.000112792,0.000000000,0.100000001
2026-07-04 23:17:12.730,1783178232.730811596,25.000985416,1,1,24.988818841,1,0.003627750,5,1,0.004399769,5,1,0,0,0,0,1,1,1,0,1,0,-1.000000000,0.000000000,0.000000000,0.000000000,0,-1.000000000,0,0,0,,0,-1.000000000,,0,0,0.000000000,0.000000000,0,-1.000000000,0,,0,-1.000000000,,0,-1.000000000,0,,1,-0.032669641,-1.871832552,0.007326126,-0.178266525,1,3.131243944,179.407062627,-0.002442360,-2.769229889,1,-2.880465746,-165.038530274,-0.002442360,2.673503876,1,-0.187495232,-10.742685451,-0.007326126,0.422466278,1,0.709263802,40.637822392,-0.012210846,-0.003663063,-0.057846643,-3.314368505,0.000000000,-0.000000000,6.000000000,2.500000000,3.143450975,180.106473998,0.000000000,-2.770881653,2.000000000,0.500000000,-2.880847216,-165.060386879,0.000000000,2.693999767,1.000000000,0.500000000,-0.189021111,-10.830111873,0.000000000,0.431064546,0.500000000,0.200000003,0.709263802,40.637822392,0.000000000,0.000112792,0.000000000,0.100000001
2026-07-04 23:17:13.730,1783178233.730675459,26.000849394,1,1,25.988682819,1,0.003769537,5,1,0.004458460,5,1,0,0,0,0,1,1,1,0,1,0,-1.000000000,0.000000000,0.000000000,0.000000000,0,-1.000000000,0,0,0,,0,-1.000000000,,0,0,0.000000000,0.000000000,0,-1.000000000,0,,0,-1.000000000,,0,-1.000000000,0,,1,-0.032669641,-1.871832552,-0.007326126,-0.178266525,1,3.131243944,179.407062627,-0.007326126,-2.755556107,1,-2.880465746,-165.038530274,-0.002442360,2.673503876,1,-0.187495232,-10.742685451,-0.007326126,0.422466278,1,0.709263802,40.637822392,-0.012210846,-0.003663063,-0.057846643,-3.314368505,0.000000000,-0.000000000,6.000000000,2.500000000,3.143450975,180.106473998,0.000000000,-2.770881653,2.000000000,0.500000000,-2.880847216,-165.060386879,0.000000000,2.693999767,1.000000000,0.500000000,-0.189021111,-10.830111873,0.000000000,0.431064546,0.500000000,0.200000003,0.709263802,40.637822392,0.000000000,0.000112792,0.000000000,0.100000001
2026-07-04 23:17:14.730,1783178234.730411768,27.000585515,1,1,26.988418940,1,0.003164971,5,1,0.004463780,5,1,0,0,0,0,1,1,1,0,1,0,-1.000000000,0.000000000,0.000000000,0.000000000,0,-1.000000000,0,0,0,,0,-1.000000000,,0,0,0.000000000,0.000000000,0,-1.000000000,0,,0,-1.000000000,,0,-1.000000000,0,,1,-0.032288171,-1.849975947,-0.007326126,-0.178266525,1,3.131243944,179.407062627,-0.002442360,-2.769229889,1,-2.880465746,-165.038530274,-0.002442360,2.673503876,1,-0.187495232,-10.742685451,-0.007326126,0.422466278,1,0.709263802,40.637822392,-0.061050415,-0.003663063,-0.057846643,-3.314368505,0.000000000,-0.000000000,6.000000000,2.500000000,3.143450975,180.106473998,0.000000000,-2.770881653,2.000000000,0.500000000,-2.880847216,-165.060386879,0.000000000,2.693999767,1.000000000,0.500000000,-0.189021111,-10.830111873,0.000000000,0.431064546,0.500000000,0.200000003,0.709263802,40.637822392,0.000000000,0.000112792,0.000000000,0.100000001
2026-07-04 23:17:15.730,1783178235.730328560,28.000502389,1,1,27.988335814,1,0.003718305,5,1,0.004593656,5,1,0,0,0,0,1,1,1,0,1,0,-1.000000000,0.000000000,0.000000000,0.000000000,0,-1.000000000,0,0,0,,0,-1.000000000,,0,0,0.000000000,0.000000000,0,-1.000000000,0,,0,-1.000000000,,0,-1.000000000,0,,1,-0.032669641,-1.871832552,0.007326126,-0.173381805,1,3.130862474,179.385206021,-0.002442360,-2.769229889,1,-2.880465746,-165.038530274,-0.002442360,2.673503876,1,-0.187495232,-10.742685451,0.007326126,0.422466278,1,0.709263802,40.637822392,-0.036628723,-0.003663063,-0.057846643,-3.314368505,0.000000000,-0.000000000,6.000000000,2.500000000,3.143450975,180.106473998,0.000000000,-2.770881653,2.000000000,0.500000000,-2.880847216,-165.060386879,0.000000000,2.693999767,1.000000000,0.500000000,-0.189021111,-10.830111873,0.000000000,0.431064546,0.500000000,0.200000003,0.709263802,40.637822392,0.000000000,0.000112792,0.000000000,0.100000001
2026-07-04 23:17:16.730,1783178236.730022430,29.000196291,1,1,28.988029716,1,0.003197171,5,1,0.004547824,5,1,0,0,0,0,1,1,1,0,1,0,-1.000000000,0.000000000,0.000000000,0.000000000,0,-1.000000000,0,0,0,,0,-1.000000000,,0,0,0.000000000,0.000000000,0,-1.000000000,0,,0,-1.000000000,,0,-1.000000000,0,,1,-0.032669641,-1.871832552,-0.021978378,-0.178266525,1,3.131243944,179.407062627,-0.002442360,-2.769229889,1,-2.880465746,-165.038530274,-0.002442360,2.673503876,1,-0.187495232,-10.742685451,-0.021978378,0.422466278,1,0.709263802,40.637822392,-0.036628723,-0.003663063,-0.057846643,-3.314368505,0.000000000,-0.000000000,6.000000000,2.500000000,3.143450975,180.106473998,0.000000000,-2.770881653,2.000000000,0.500000000,-2.880847216,-165.060386879,0.000000000,2.693999767,1.000000000,0.500000000,-0.189021111,-10.830111873,0.000000000,0.431064546,0.500000000,0.200000003,0.709263802,40.637822392,0.000000000,0.000112792,0.000000000,0.100000001
2026-07-04 23:17:17.729,1783178237.729903698,30.000077530,1,1,29.987910955,1,0.002300083,5,1,0.004522172,5,1,0,0,0,0,1,1,1,0,1,0,-1.000000000,0.000000000,0.000000000,0.000000000,0,-1.000000000,0,0,0,,0,-1.000000000,,0,0,0.000000000,0.000000000,0,-1.000000000,0,,0,-1.000000000,,0,-1.000000000,0,,1,-0.032669641,-1.871832552,-0.007326126,-0.173381805,1,3.131243944,179.407062627,-0.002442360,-2.769229889,1,-2.880465746,-165.038530274,-0.002442360,2.673503876,1,-0.187495232,-10.742685451,-0.007326126,0.422466278,1,0.709263802,40.637822392,0.012210846,-0.003663063,-0.057846643,-3.314368505,0.000000000,-0.000000000,6.000000000,2.500000000,3.143450975,180.106473998,0.000000000,-2.770881653,2.000000000,0.500000000,-2.880847216,-165.060386879,0.000000000,2.693999767,1.000000000,0.500000000,-0.189021111,-10.830111873,0.000000000,0.431064546,0.500000000,0.200000003,0.709263802,40.637822392,0.000000000,0.000112792,0.000000000,0.100000001
2026-07-04 23:17:18.729,1783178238.729624510,30.999798508,1,1,30.987631933,1,0.003241530,5,1,0.004503144,5,1,0,0,0,0,1,1,1,0,1,0,-1.000000000,0.000000000,0.000000000,0.000000000,0,-1.000000000,0,0,0,,0,-1.000000000,,0,0,0.000000000,0.000000000,0,-1.000000000,0,,0,-1.000000000,,0,-1.000000000,0,,1,-0.032669641,-1.871832552,-0.021978378,-0.173381805,1,3.131243944,179.407062627,-0.002442360,-2.769229889,1,-2.880465746,-165.038530274,-0.002442360,2.673503876,1,-0.187495232,-10.742685451,-0.007326126,0.422466278,1,0.709263802,40.637822392,-0.012210846,-0.003663063,-0.057846643,-3.314368505,0.000000000,-0.000000000,6.000000000,2.500000000,3.143450975,180.106473998,0.000000000,-2.770881653,2.000000000,0.500000000,-2.880847216,-165.060386879,0.000000000,2.693999767,1.000000000,0.500000000,-0.189021111,-10.830111873,0.000000000,0.431064546,0.500000000,0.200000003,0.709263802,40.637822392,0.000000000,0.000112792,0.000000000,0.100000001
2026-07-04 23:17:19.729,1783178239.729431868,31.999605712,1,1,31.987439137,1,0.003498288,5,1,0.004439456,5,1,0,0,0,0,1,1,1,0,1,0,-1.000000000,0.000000000,0.000000000,0.000000000,0,-1.000000000,0,0,0,,0,-1.000000000,,0,0,0.000000000,0.000000000,0,-1.000000000,0,,0,-1.000000000,,0,-1.000000000,0,,1,-0.032669641,-1.871832552,-0.007326126,-0.183150291,1,3.131243944,179.407062627,-0.002442360,-2.769229889,1,-2.880465746,-165.038530274,-0.002442360,2.673503876,1,-0.187495232,-10.742685451,-0.036630630,0.422466278,1,0.709263802,40.637822392,0.012210846,-0.003663063,-0.057846643,-3.314368505,0.000000000,-0.000000000,6.000000000,2.500000000,3.143450975,180.106473998,0.000000000,-2.770881653,2.000000000,0.500000000,-2.880847216,-165.060386879,0.000000000,2.693999767,1.000000000,0.500000000,-0.189021111,-10.830111873,0.000000000,0.431064546,0.500000000,0.200000003,0.709263802,40.637822392,0.000000000,0.000112792,0.000000000,0.100000001
2026-07-04 23:17:20.729,1783178240.729322195,32.999496190,1,1,32.987329615,1,0.003299537,5,1,0.004721144,5,1,0,0,0,0,1,1,1,0,1,0,-1.000000000,0.000000000,0.000000000,0.000000000,0,-1.000000000,0,0,0,,0,-1.000000000,,0,0,0.000000000,0.000000000,0,-1.000000000,0,,0,-1.000000000,,0,-1.000000000,0,,1,-0.032669641,-1.871832552,-0.007326126,-0.168498039,1,3.131243944,179.407062627,-0.002442360,-2.769229889,1,-2.880465746,-165.038530274,-0.002442360,2.687179565,1,-0.187495232,-10.742685451,-0.007326126,0.422466278,1,0.709647179,40.659788280,0.012210846,-0.003663063,-0.057846643,-3.314368505,0.000000000,-0.000000000,6.000000000,2.500000000,3.143450975,180.106473998,0.000000000,-2.770881653,2.000000000,0.500000000,-2.880847216,-165.060386879,0.000000000,2.693999767,1.000000000,0.500000000,-0.189021111,-10.830111873,0.000000000,0.431064546,0.500000000,0.200000003,0.709263802,40.637822392,0.000000000,0.000112792,0.000000000,0.100000001
2026-07-04 23:17:21.728,1783178241.728919268,33.999093064,1,1,33.986926489,1,0.003332273,5,1,0.004609083,5,1,0,0,0,0,1,1,1,0,1,0,-1.000000000,0.000000000,0.000000000,0.000000000,0,-1.000000000,0,0,0,,0,-1.000000000,,0,0,0.000000000,0.000000000,0,-1.000000000,0,,0,-1.000000000,,0,-1.000000000,0,,1,-0.032669641,-1.871832552,-0.007326126,-0.173381805,1,3.131243944,179.407062627,-0.002442360,-2.769229889,1,-2.880465746,-165.038530274,-0.002442360,2.673503876,1,-0.187495232,-10.742685451,-0.007326126,0.422466278,1,0.709263802,40.637822392,-0.012210846,-0.003663063,-0.057846643,-3.314368505,0.000000000,-0.000000000,6.000000000,2.500000000,3.143450975,180.106473998,0.000000000,-2.770881653,2.000000000,0.500000000,-2.880847216,-165.060386879,0.000000000,2.693999767,1.000000000,0.500000000,-0.189021111,-10.830111873,0.000000000,0.431064546,0.500000000,0.200000003,0.709263802,40.637822392,0.000000000,0.000112792,0.000000000,0.100000001
2026-07-04 23:17:22.728,1783178242.728874683,34.999048496,1,1,34.986881921,1,0.002688561,5,1,0.004815980,5,1,0,0,0,0,1,1,1,0,1,0,-1.000000000,0.000000000,0.000000000,0.000000000,0,-1.000000000,0,0,0,,0,-1.000000000,,0,0,0.000000000,0.000000000,0,-1.000000000,0,,0,-1.000000000,,0,-1.000000000,0,,1,-0.032669641,-1.871832552,-0.007326126,-0.173381805,1,3.131243944,179.407062627,-0.002442360,-2.769229889,1,-2.880465746,-165.038530274,-0.007326126,2.673503876,1,-0.187876701,-10.764542056,-0.021978378,0.422466278,1,0.709263802,40.637822392,0.012210846,-0.003663063,-0.057846643,-3.314368505,0.000000000,-0.000000000,6.000000000,2.500000000,3.143450975,180.106473998,0.000000000,-2.770881653,2.000000000,0.500000000,-2.880847216,-165.060386879,0.000000000,2.693999767,1.000000000,0.500000000,-0.189021111,-10.830111873,0.000000000,0.431064546,0.500000000,0.200000003,0.709263802,40.637822392,0.000000000,0.000112792,0.000000000,0.100000001
2026-07-04 23:17:23.728,1783178243.728556633,35.998730474,1,1,35.986563899,1,0.002671586,5,1,0.004415385,5,1,0,0,0,0,1,1,1,0,1,0,-1.000000000,0.000000000,0.000000000,0.000000000,0,-1.000000000,0,0,0,,0,-1.000000000,,0,0,0.000000000,0.000000000,0,-1.000000000,0,,0,-1.000000000,,0,-1.000000000,0,,1,-0.032669641,-1.871832552,-0.007326126,-0.173381805,1,3.131243944,179.407062627,-0.002442360,-2.769229889,1,-2.880465746,-165.038530274,-0.002442360,2.673503876,1,-0.187495232,-10.742685451,-0.007326126,0.422466278,1,0.709263802,40.637822392,-0.012210846,-0.003663063,-0.057846643,-3.314368505,0.000000000,-0.000000000,6.000000000,2.500000000,3.143450975,180.106473998,0.000000000,-2.770881653,2.000000000,0.500000000,-2.880847216,-165.060386879,0.000000000,2.693999767,1.000000000,0.500000000,-0.189021111,-10.830111873,0.000000000,0.431064546,0.500000000,0.200000003,0.709263802,40.637822392,0.000000000,0.000112792,0.000000000,0.100000001
2026-07-04 23:17:24.728,1783178244.728432417,36.998606106,1,1,36.986439531,1,0.003820216,5,1,0.004656334,5,1,0,0,0,0,1,1,1,0,1,0,-1.000000000,0.000000000,0.000000000,0.000000000,0,-1.000000000,0,0,0,,0,-1.000000000,,0,0,0.000000000,0.000000000,0,-1.000000000,0,,0,-1.000000000,,0,-1.000000000,0,,1,-0.032669641,-1.871832552,-0.007326126,-0.173381805,1,3.131243944,179.407062627,-0.007326126,-2.769229889,1,-2.880465746,-165.038530274,-0.002442360,2.687179565,1,-0.187495232,-10.742685451,-0.007326126,0.422466278,1,0.709263802,40.637822392,-0.012210846,-0.003663063,-0.057846643,-3.314368505,0.000000000,-0.000000000,6.000000000,2.500000000,3.143450975,180.106473998,0.000000000,-2.770881653,2.000000000,0.500000000,-2.880847216,-165.060386879,0.000000000,2.693999767,1.000000000,0.500000000,-0.189021111,-10.830111873,0.000000000,0.431064546,0.500000000,0.200000003,0.709263802,40.637822392,0.000000000,0.000112792,0.000000000,0.100000001
2026-07-04 23:17:25.728,1783178245.728221655,37.998395424,1,1,37.986228849,1,0.003098107,5,1,0.004683042,5,1,0,0,0,0,1,1,1,0,1,0,-1.000000000,0.000000000,0.000000000,0.000000000,0,-1.000000000,0,0,0,,0,-1.000000000,,0,0,0.000000000,0.000000000,0,-1.000000000,0,,0,-1.000000000,,0,-1.000000000,0,,1,-0.032669641,-1.871832552,-0.007326126,-0.173381805,1,3.131243944,179.407062627,-0.007326126,-2.769229889,1,-2.880465746,-165.038530274,-0.002442360,2.687179565,1,-0.187495232,-10.742685451,-0.021978378,0.422466278,1,0.709263802,40.637822392,-0.012210846,-0.003663063,-0.057846643,-3.314368505,0.000000000,-0.000000000,6.000000000,2.500000000,3.143450975,180.106473998,0.000000000,-2.770881653,2.000000000,0.500000000,-2.880847216,-165.060386879,0.000000000,2.693999767,1.000000000,0.500000000,-0.189021111,-10.830111873,0.000000000,0.431064546,0.500000000,0.200000003,0.709263802,40.637822392,0.000000000,0.000112792,0.000000000,0.100000001
2026-07-04 23:17:26.727,1783178246.727929831,38.998103630,1,1,38.985937055,1,0.002820730,5,1,0.004595327,5,1,0,0,0,0,1,1,1,0,1,0,-1.000000000,0.000000000,0.000000000,0.000000000,0,-1.000000000,0,0,0,,0,-1.000000000,,0,0,0.000000000,0.000000000,0,-1.000000000,0,,0,-1.000000000,,0,-1.000000000,0,,1,-0.032669641,-1.871832552,-0.021978378,-0.178266525,1,3.131243944,179.407062627,-0.002442360,-2.769229889,1,-2.880465746,-165.038530274,-0.002442360,2.673503876,1,-0.187495232,-10.742685451,0.007326126,0.422466278,1,0.709263802,40.637822392,0.012210846,-0.003663063,-0.057846643,-3.314368505,0.000000000,-0.000000000,6.000000000,2.500000000,3.143450975,180.106473998,0.000000000,-2.770881653,2.000000000,0.500000000,-2.880847216,-165.060386879,0.000000000,2.693999767,1.000000000,0.500000000,-0.189021111,-10.830111873,0.000000000,0.431064546,0.500000000,0.200000003,0.709263802,40.637822392,0.000000000,0.000112792,0.000000000,0.100000001
2026-07-04 23:17:27.727,1783178247.727724075,39.997897971,1,1,39.985731396,1,0.002685974,5,1,0.004776259,5,1,0,0,0,0,1,1,1,0,1,0,-1.000000000,0.000000000,0.000000000,0.000000000,0,-1.000000000,0,0,0,,0,-1.000000000,,0,0,0.000000000,0.000000000,0,-1.000000000,0,,0,-1.000000000,,0,-1.000000000,0,,1,-0.032669641,-1.871832552,-0.021978378,-0.178266525,1,3.131243944,179.407062627,0.002442360,-2.755556107,1,-2.880465746,-165.038530274,-0.002442360,2.673503876,1,-0.187495232,-10.742685451,-0.007326126,0.422466278,1,0.709263802,40.637822392,-0.036628723,-0.003663063,-0.057846643,-3.314368505,0.000000000,-0.000000000,6.000000000,2.500000000,3.143450975,180.106473998,0.000000000,-2.770881653,2.000000000,0.500000000,-2.880847216,-165.060386879,0.000000000,2.693999767,1.000000000,0.500000000,-0.189021111,-10.830111873,0.000000000,0.431064546,0.500000000,0.200000003,0.709263802,40.637822392,0.000000000,0.000112792,0.000000000,0.100000001
2026-07-04 23:17:28.727,1783178248.727487326,40.997660967,1,1,40.985494392,1,0.002617295,5,1,0.004687117,5,1,0,0,0,0,1,1,1,0,1,0,-1.000000000,0.000000000,0.000000000,0.000000000,0,-1.000000000,0,0,0,,0,-1.000000000,,0,0,0.000000000,0.000000000,0,-1.000000000,0,,0,-1.000000000,,0,-1.000000000,0,,1,-0.032669641,-1.871832552,-0.007326126,-0.173381805,1,3.130862474,179.385206021,-0.002442360,-2.769229889,1,-2.880465746,-165.038530274,-0.002442360,2.673503876,1,-0.187495232,-10.742685451,-0.021978378,0.422466278,1,0.709263802,40.637822392,-0.012210846,-0.003663063,-0.057846643,-3.314368505,0.000000000,-0.000000000,6.000000000,2.500000000,3.143450975,180.106473998,0.000000000,-2.770881653,2.000000000,0.500000000,-2.880847216,-165.060386879,0.000000000,2.693999767,1.000000000,0.500000000,-0.189021111,-10.830111873,0.000000000,0.431064546,0.500000000,0.200000003,0.709263802,40.637822392,0.000000000,0.000112792,0.000000000,0.100000001
2026-07-04 23:17:29.727,1783178249.727205038,41.997378993,1,1,41.985212418,1,0.003352882,5,1,0.004491194,5,1,0,0,0,0,1,1,1,0,1,0,-1.000000000,0.000000000,0.000000000,0.000000000,0,-1.000000000,0,0,0,,0,-1.000000000,,0,0,0.000000000,0.000000000,0,-1.000000000,0,,0,-1.000000000,,0,-1.000000000,0,,1,-0.032669641,-1.871832552,-0.007326126,-0.173381805,1,3.131243944,179.407062627,-0.002442360,-2.769229889,1,-2.880465746,-165.038530274,-0.002442360,2.673503876,1,-0.187495232,-10.742685451,-0.007326126,0.422466278,1,0.709263802,40.637822392,0.012210846,-0.003663063,-0.057846643,-3.314368505,0.000000000,-0.000000000,6.000000000,2.500000000,3.143450975,180.106473998,0.000000000,-2.770881653,2.000000000,0.500000000,-2.880847216,-165.060386879,0.000000000,2.693999767,1.000000000,0.500000000,-0.189021111,-10.830111873,0.000000000,0.431064546,0.500000000,0.200000003,0.709263802,40.637822392,0.000000000,0.000112792,0.000000000,0.100000001
2026-07-04 23:17:30.726,1783178250.726917744,42.997091366,1,1,42.984924791,1,0.002917212,5,1,0.004273656,5,1,0,0,0,0,1,1,1,0,1,0,-1.000000000,0.000000000,0.000000000,0.000000000,0,-1.000000000,0,0,0,,0,-1.000000000,,0,0,0.000000000,0.000000000,0,-1.000000000,0,,0,-1.000000000,,0,-1.000000000,0,,1,-0.032669641,-1.871832552,-0.021978378,-0.178266525,1,3.131243944,179.407062627,-0.002442360,-2.769229889,1,-2.880465746,-165.038530274,-0.007326126,2.673503876,1,-0.187495232,-10.742685451,-0.007326126,0.422466278,1,0.709647179,40.659788280,-0.012210846,-0.003663063,-0.057846643,-3.314368505,0.000000000,-0.000000000,6.000000000,2.500000000,3.143450975,180.106473998,0.000000000,-2.770881653,2.000000000,0.500000000,-2.880847216,-165.060386879,0.000000000,2.693999767,1.000000000,0.500000000,-0.189021111,-10.830111873,0.000000000,0.431064546,0.500000000,0.200000003,0.709263802,40.637822392,0.000000000,0.000112792,0.000000000,0.100000001
2026-07-04 23:17:31.726,1783178251.726707697,43.996881666,1,1,43.984715091,1,0.003163798,5,1,0.004473648,5,1,0,0,0,0,1,1,1,0,1,0,-1.000000000,0.000000000,0.000000000,0.000000000,0,-1.000000000,0,0,0,,0,-1.000000000,,0,0,0.000000000,0.000000000,0,-1.000000000,0,,0,-1.000000000,,0,-1.000000000,0,,1,-0.032669641,-1.871832552,-0.007326126,-0.178266525,1,3.131243944,179.407062627,-0.002442360,-2.769229889,1,-2.880465746,-165.038530274,-0.002442360,2.687179565,1,-0.187495232,-10.742685451,-0.007326126,0.422466278,1,0.709263802,40.637822392,-0.012210846,-0.003663063,-0.057846643,-3.314368505,0.000000000,-0.000000000,6.000000000,2.500000000,3.143450975,180.106473998,0.000000000,-2.770881653,2.000000000,0.500000000,-2.880847216,-165.060386879,0.000000000,2.693999767,1.000000000,0.500000000,-0.189021111,-10.830111873,0.000000000,0.431064546,0.500000000,0.200000003,0.709263802,40.637822392,0.000000000,0.000112792,0.000000000,0.100000001
2026-07-04 23:17:32.726,1783178252.726585627,44.996759333,1,1,44.984592758,1,0.003518274,5,1,0.004359062,5,1,0,1,0,0,1,1,1,0,1,0,-1.000000000,0.000000000,0.000000000,0.000000000,0,-1.000000000,0,0,0,,0,-1.000000000,,0,0,0.000000000,0.000000000,0,-1.000000000,0,,0,-1.000000000,,0,-1.000000000,0,,1,-0.032669641,-1.871832552,-0.007326126,-0.178266525,1,3.131243944,179.407062627,-0.002442360,-2.769229889,1,-2.880465746,-165.038530274,-0.002442360,2.673503876,1,-0.187495232,-10.742685451,-0.007326126,0.422466278,1,0.709263802,40.637822392,0.012210846,-0.003663063,-0.057846643,-3.314368505,0.000000000,-0.000000000,6.000000000,2.500000000,3.143450975,180.106473998,0.000000000,-2.770881653,2.000000000,0.500000000,-2.880847216,-165.060386879,0.000000000,2.693999767,1.000000000,0.500000000,-0.189021111,-10.830111873,0.000000000,0.431064546,0.500000000,0.200000003,0.709263802,40.637822392,0.000000000,0.000112792,0.000000000,0.100000001
2026-07-04 23:17:33.726,1783178253.726311922,45.996485695,1,1,45.984319120,1,0.003872243,5,1,0.004507370,5,1,0,1,0,0,1,1,1,0,1,0,-1.000000000,0.000000000,0.000000000,0.000000000,0,-1.000000000,0,0,0,,0,-1.000000000,,0,0,0.000000000,0.000000000,0,-1.000000000,0,,0,-1.000000000,,0,-1.000000000,0,,1,-0.032669641,-1.871832552,-0.021978378,-0.178266525,1,3.131243944,179.407062627,-0.007326126,-2.769229889,1,-2.880465746,-165.038530274,-0.002442360,2.673503876,1,-0.187495232,-10.742685451,0.007326126,0.422466278,1,0.709263802,40.637822392,0.012210846,-0.003663063,-0.057846643,-3.314368505,0.000000000,-0.000000000,6.000000000,2.500000000,3.143450975,180.106473998,0.000000000,-2.770881653,2.000000000,0.500000000,-2.880847216,-165.060386879,0.000000000,2.693999767,1.000000000,0.500000000,-0.189021111,-10.830111873,0.000000000,0.431064546,0.500000000,0.200000003,0.709263802,40.637822392,0.000000000,0.000112792,0.000000000,0.100000001
2026-07-04 23:17:34.726,1783178254.726068735,46.996242657,1,1,46.984076082,1,0.003787779,5,1,0.004562159,5,1,0,1,0,0,1,1,1,0,1,0,-1.000000000,0.000000000,0.000000000,0.000000000,0,-1.000000000,0,0,0,,0,-1.000000000,,0,0,0.000000000,0.000000000,0,-1.000000000,0,,0,-1.000000000,,0,-1.000000000,0,,1,-0.032669641,-1.871832552,-0.021978378,-0.173381805,1,3.131243944,179.407062627,-0.002442360,-2.769229889,1,-2.880465746,-165.038530274,-0.002442360,2.673503876,1,-0.187495232,-10.742685451,-0.007326126,0.422466278,1,0.709263802,40.637822392,-0.012210846,-0.003663063,-0.057846643,-3.314368505,0.000000000,-0.000000000,6.000000000,2.500000000,3.143450975,180.106473998,0.000000000,-2.770881653,2.000000000,0.500000000,-2.880847216,-165.060386879,0.000000000,2.693999767,1.000000000,0.500000000,-0.189021111,-10.830111873,0.000000000,0.431064546,0.500000000,0.200000003,0.709263802,40.637822392,0.000000000,0.000112792,0.000000000,0.100000001
2026-07-04 23:17:35.726,1783178255.726004124,47.996177996,1,1,47.984011421,1,0.003497741,5,1,0.004542520,5,1,0,1,0,0,1,1,1,0,1,0,-1.000000000,0.000000000,0.000000000,0.000000000,0,-1.000000000,0,0,0,,0,-1.000000000,,0,0,0.000000000,0.000000000,0,-1.000000000,0,,0,-1.000000000,,0,-1.000000000,0,,1,-0.032669641,-1.871832552,-0.021978378,-0.173381805,1,3.130862474,179.385206021,-0.007326126,-2.769229889,1,-2.880465746,-165.038530274,-0.002442360,2.673503876,1,-0.187495232,-10.742685451,-0.007326126,0.422466278,1,0.709263802,40.637822392,-0.012210846,-0.001221180,-0.057846643,-3.314368505,0.000000000,-0.000000000,6.000000000,2.500000000,3.143450975,180.106473998,0.000000000,-2.770881653,2.000000000,0.500000000,-2.880847216,-165.060386879,0.000000000,2.693999767,1.000000000,0.500000000,-0.189021111,-10.830111873,0.000000000,0.431064546,0.500000000,0.200000003,0.709263802,40.637822392,0.000000000,0.000112792,0.000000000,0.100000001
2026-07-04 23:17:36.725,1783178256.725775957,48.995949833,1,1,48.983783258,1,0.003423105,5,1,0.004567508,5,1,0,1,0,0,1,1,1,0,1,0,-1.000000000,0.000000000,0.000000000,0.000000000,0,-1.000000000,0,0,0,,0,-1.000000000,,0,0,0.000000000,0.000000000,0,-1.000000000,0,,0,-1.000000000,,0,-1.000000000,0,,1,-0.032669641,-1.871832552,-0.007326126,-0.178266525,1,3.131243944,179.407062627,-0.002442360,-2.769229889,1,-2.880465746,-165.038530274,-0.002442360,2.687179565,1,-0.187495232,-10.742685451,-0.007326126,0.422466278,1,0.709263802,40.637822392,-0.036628723,-0.003663063,-0.057846643,-3.314368505,0.000000000,-0.000000000,6.000000000,2.500000000,3.143450975,180.106473998,0.000000000,-2.770881653,2.000000000,0.500000000,-2.880847216,-165.060386879,0.000000000,2.693999767,1.000000000,0.500000000,-0.189021111,-10.830111873,0.000000000,0.431064546,0.500000000,0.200000003,0.709263802,40.637822392,0.000000000,0.000112792,0.000000000,0.100000001
2026-07-04 23:17:37.725,1783178257.725507259,49.995681076,1,1,49.983514501,1,0.003041427,5,1,0.003929165,5,1,0,1,0,0,1,1,1,0,1,0,-1.000000000,0.000000000,0.000000000,0.000000000,0,-1.000000000,0,0,0,,0,-1.000000000,,0,0,0.000000000,0.000000000,0,-1.000000000,0,,0,-1.000000000,,0,-1.000000000,0,,1,-0.032669641,-1.871832552,0.007326126,-0.173381805,1,3.131243944,179.407062627,-0.002442360,-2.769229889,1,-2.880465746,-165.038530274,-0.002442360,2.687179565,1,-0.187495232,-10.742685451,0.007326126,0.422466278,1,0.709263802,40.637822392,-0.012210846,-0.003663063,-0.057846643,-3.314368505,0.000000000,-0.000000000,6.000000000,2.500000000,3.143450975,180.106473998,0.000000000,-2.770881653,2.000000000,0.500000000,-2.880847216,-165.060386879,0.000000000,2.693999767,1.000000000,0.500000000,-0.189021111,-10.830111873,0.000000000,0.431064546,0.500000000,0.200000003,0.709263802,40.637822392,0.000000000,0.000112792,0.000000000,0.100000001
2026-07-04 23:17:38.725,1783178258.725276232,50.995449984,1,1,50.983283409,1,0.003575173,5,1,0.004480643,5,1,0,1,0,0,1,1,1,0,1,0,-1.000000000,0.000000000,0.000000000,0.000000000,0,-1.000000000,0,0,0,,0,-1.000000000,,0,0,0.000000000,0.000000000,0,-1.000000000,0,,0,-1.000000000,,0,-1.000000000,0,,1,-0.032669641,-1.871832552,-0.021978378,-0.173381805,1,3.131243944,179.407062627,-0.002442360,-2.769229889,1,-2.880465746,-165.038530274,-0.002442360,2.673503876,1,-0.187495232,-10.742685451,-0.007326126,0.422466278,1,0.709263802,40.637822392,-0.012210846,-0.003663063,-0.057846643,-3.314368505,0.000000000,-0.000000000,6.000000000,2.500000000,3.143450975,180.106473998,0.000000000,-2.770881653,2.000000000,0.500000000,-2.880847216,-165.060386879,0.000000000,2.693999767,1.000000000,0.500000000,-0.189021111,-10.830111873,0.000000000,0.431064546,0.500000000,0.200000003,0.709263802,40.637822392,0.000000000,0.000112792,0.000000000,0.100000001
2026-07-04 23:17:39.725,1783178259.725100994,51.995274967,1,1,51.983108392,1,0.003564461,5,1,0.004591277,5,1,0,1,0,0,1,1,1,0,1,0,-1.000000000,0.000000000,0.000000000,0.000000000,0,-1.000000000,0,0,0,,0,-1.000000000,,0,0,0.000000000,0.000000000,0,-1.000000000,0,,0,-1.000000000,,0,-1.000000000,0,,1,-0.034576990,-1.981115579,-0.051282883,-0.051281929,1,3.124758005,179.035445694,-0.319902420,-2.304273605,1,-2.880465746,-165.038530274,-0.002442360,2.673503876,1,-0.187495232,-10.742685451,-0.007326126,0.422466278,1,0.709263802,40.637822392,-0.012210846,-0.003663063,-0.057846643,-3.314368505,0.000000000,-0.000000000,6.000000000,2.500000000,3.143450975,180.106473998,0.000000000,-2.770881653,2.000000000,0.500000000,-2.880847216,-165.060386879,0.000000000,2.693999767,1.000000000,0.500000000,-0.189021111,-10.830111873,0.000000000,0.431064546,0.500000000,0.200000003,0.709263802,40.637822392,0.000000000,0.000112792,0.000000000,0.100000001
2026-07-04 23:17:40.724,1783178260.724881887,52.995055845,1,1,52.982889270,1,0.003236811,5,1,0.004265917,5,1,0,1,0,0,1,1,1,0,1,0,-1.000000000,0.000000000,0.000000000,0.000000000,0,-1.000000000,0,0,0,,0,-1.000000000,,0,0,0.000000000,0.000000000,0,-1.000000000,0,,0,-1.000000000,,0,-1.000000000,0,,1,-0.156649202,-8.975338145,0.197801590,0.168498039,1,2.909224749,166.686299750,0.124542236,-2.345298767,1,-2.880465746,-165.038530274,-0.002442360,2.673503876,1,-0.187495232,-10.742685451,-0.007326126,0.422466278,1,0.709263802,40.637822392,-0.036628723,-0.003663063,-0.057846643,-3.314368505,0.000000000,-0.000000000,6.000000000,2.500000000,3.143450975,180.106473998,0.000000000,-2.770881653,2.000000000,0.500000000,-2.880847216,-165.060386879,0.000000000,2.693999767,1.000000000,0.500000000,-0.189021111,-10.830111873,0.000000000,0.431064546,0.500000000,0.200000003,0.709263802,40.637822392,0.000000000,0.000112792,0.000000000,0.100000001
2026-07-04 23:17:41.724,1783178261.724710464,53.994884307,1,1,53.982717732,1,0.003723743,5,1,0.004657189,5,1,0,1,0,0,1,1,1,0,1,0,-1.000000000,0.000000000,0.000000000,0.000000000,0,-1.000000000,0,0,0,,0,-1.000000000,,0,0,0.000000000,0.000000000,0,-1.000000000,0,,0,-1.000000000,,0,-1.000000000,0,,1,-0.097901918,-5.609366707,-0.021978378,0.217338562,1,3.071733713,175.997377552,-0.002442360,-2.659828186,1,-2.880465746,-165.038530274,0.002442360,2.673503876,1,-0.187495232,-10.742685451,-0.007326126,0.422466278,1,0.709263802,40.637822392,0.012210846,-0.003663063,-0.057846643,-3.314368505,0.000000000,-0.000000000,6.000000000,2.500000000,3.143450975,180.106473998,0.000000000,-2.770881653,2.000000000,0.500000000,-2.880847216,-165.060386879,0.000000000,2.693999767,1.000000000,0.500000000,-0.189021111,-10.830111873,0.000000000,0.431064546,0.500000000,0.200000003,0.709263802,40.637822392,0.000000000,0.000112792,0.000000000,0.100000001
2026-07-04 23:17:42.724,1783178262.724395752,54.994569740,1,1,54.982403165,1,0.003334338,5,1,0.004558642,5,1,0,1,0,0,1,1,1,0,1,0,-1.000000000,0.000000000,0.000000000,0.000000000,0,-1.000000000,0,0,0,,0,-1.000000000,,0,0,0.000000000,0.000000000,0,-1.000000000,0,,0,-1.000000000,,0,-1.000000000,0,,1,-0.097901918,-5.609366707,0.007326126,0.217338562,1,3.071733713,175.997377552,-0.007326126,-2.659828186,1,-2.880465746,-165.038530274,-0.002442360,2.673503876,1,-0.187495232,-10.742685451,-0.021978378,0.422466278,1,0.709263802,40.637822392,-0.012210846,-0.003663063,-0.057846643,-3.314368505,0.000000000,-0.000000000,6.000000000,2.500000000,3.143450975,180.106473998,0.000000000,-2.770881653,2.000000000,0.500000000,-2.880847216,-165.060386879,0.000000000,2.693999767,1.000000000,0.500000000,-0.189021111,-10.830111873,0.000000000,0.431064546,0.500000000,0.200000003,0.709263802,40.637822392,0.000000000,0.000112792,0.000000000,0.100000001
2026-07-04 23:17:43.724,1783178263.724211454,55.994385299,1,1,55.982218724,1,0.003115155,5,1,0.004345925,5,1,0,1,0,0,1,1,1,0,1,0,-1.000000000,0.000000000,0.000000000,0.000000000,0,-1.000000000,0,0,0,,0,-1.000000000,,0,0,0.000000000,0.000000000,0,-1.000000000,0,,0,-1.000000000,,0,-1.000000000,0,,1,-0.097901918,-5.609366707,-0.007326126,0.207570076,1,3.071733713,175.997377552,0.002442360,-2.646154404,1,-2.880465746,-165.038530274,0.002442360,2.673503876,1,-0.187495232,-10.742685451,-0.021978378,0.422466278,1,0.709263802,40.637822392,-0.036628723,-0.003663063,-0.057846643,-3.314368505,0.000000000,-0.000000000,6.000000000,2.500000000,3.143450975,180.106473998,0.000000000,-2.770881653,2.000000000,0.500000000,-2.880847216,-165.060386879,0.000000000,2.693999767,1.000000000,0.500000000,-0.189021111,-10.830111873,0.000000000,0.431064546,0.500000000,0.200000003,0.709263802,40.637822392,0.000000000,0.000112792,0.000000000,0.100000001
2026-07-04 23:17:44.724,1783178264.723963737,56.994137581,1,1,56.981971006,1,0.003728146,5,1,0.004491009,5,1,0,1,0,0,1,1,1,0,1,0,-1.000000000,0.000000000,0.000000000,0.000000000,0,-1.000000000,0,0,0,,0,-1.000000000,,0,0,0.000000000,0.000000000,0,-1.000000000,0,,0,-1.000000000,,0,-1.000000000,0,,1,-0.097901918,-5.609366707,-0.007326126,0.217338562,1,3.071733713,175.997377552,-0.007326126,-2.646154404,1,-2.880465746,-165.038530274,-0.002442360,2.673503876,1,-0.187495232,-10.742685451,-0.007326126,0.422466278,1,0.709647179,40.659788280,0.012210846,-0.003663063,-0.057846643,-3.314368505,0.000000000,-0.000000000,6.000000000,2.500000000,3.143450975,180.106473998,0.000000000,-2.770881653,2.000000000,0.500000000,-2.880847216,-165.060386879,0.000000000,2.693999767,1.000000000,0.500000000,-0.189021111,-10.830111873,0.000000000,0.431064546,0.500000000,0.200000003,0.709263802,40.637822392,0.000000000,0.000112792,0.000000000,0.100000001
2026-07-04 23:17:45.723,1783178265.723809004,57.993982776,1,1,57.981816201,1,0.002904431,5,1,0.004490029,5,1,0,1,0,0,1,1,1,0,1,0,-1.000000000,0.000000000,0.000000000,0.000000000,0,-1.000000000,0,0,0,,0,-1.000000000,,0,0,0.000000000,0.000000000,0,-1.000000000,0,,0,-1.000000000,,0,-1.000000000,0,,1,-0.097901918,-5.609366707,-0.007326126,0.212453842,1,3.071733713,175.997377552,-0.002442360,-2.659828186,1,-2.880465746,-165.038530274,-0.002442360,2.687179565,1,-0.187495232,-10.742685451,0.007326126,0.422466278,1,0.709263802,40.637822392,0.012210846,-0.003663063,-0.057846643,-3.314368505,0.000000000,-0.000000000,6.000000000,2.500000000,3.143450975,180.106473998,0.000000000,-2.770881653,2.000000000,0.500000000,-2.880847216,-165.060386879,0.000000000,2.693999767,1.000000000,0.500000000,-0.189021111,-10.830111873,0.000000000,0.431064546,0.500000000,0.200000003,0.709263802,40.637822392,0.000000000,0.000112792,0.000000000,0.100000001
2026-07-04 23:17:46.723,1783178266.723513842,58.993687594,1,1,58.981521019,1,0.003601865,5,1,0.004650361,5,1,0,1,0,0,1,1,1,0,1,0,-1.000000000,0.000000000,0.000000000,0.000000000,0,-1.000000000,0,0,0,,0,-1.000000000,,0,0,0.000000000,0.000000000,0,-1.000000000,0,,0,-1.000000000,,0,-1.000000000,0,,1,-0.097901918,-5.609366707,-0.007326126,0.217338562,1,3.071733713,175.997377552,-0.002442360,-2.646154404,1,-2.880465746,-165.038530274,-0.002442360,2.673503876,1,-0.187495232,-10.742685451,0.007326126,0.422466278,1,0.709263802,40.637822392,-0.012210846,-0.003663063,-0.057846643,-3.314368505,0.000000000,-0.000000000,6.000000000,2.500000000,3.143450975,180.106473998,0.000000000,-2.770881653,2.000000000,0.500000000,-2.880847216,-165.060386879,0.000000000,2.693999767,1.000000000,0.500000000,-0.189021111,-10.830111873,0.000000000,0.431064546,0.500000000,0.200000003,0.709263802,40.637822392,0.000000000,0.000112792,0.000000000,0.100000001
2026-07-04 23:17:47.723,1783178267.723271847,59.993445895,1,1,59.981279320,1,0.003824727,5,1,0.004695831,5,1,0,1,0,0,1,1,1,0,1,0,-1.000000000,0.000000000,0.000000000,0.000000000,0,-1.000000000,0,0,0,,0,-1.000000000,,0,0,0.000000000,0.000000000,0,-1.000000000,0,,0,-1.000000000,,0,-1.000000000,0,,1,-0.075776674,-4.341683597,0.007326126,0.080586433,1,3.071733713,175.997377552,-0.002442360,-2.646154404,1,-2.880465746,-165.038530274,-0.002442360,2.687179565,1,-0.187876701,-10.764542056,-0.021978378,0.422466278,1,0.709263802,40.637822392,0.036628723,-0.003663063,-0.057846643,-3.314368505,0.000000000,-0.000000000,6.000000000,2.500000000,3.143450975,180.106473998,0.000000000,-2.770881653,2.000000000,0.500000000,-2.880847216,-165.060386879,0.000000000,2.693999767,1.000000000,0.500000000,-0.189021111,-10.830111873,0.000000000,0.431064546,0.500000000,0.200000003,0.709263802,40.637822392,0.000000000,0.000112792,0.000000000,0.100000001
2026-07-04 23:17:48.723,1783178268.723168373,60.993341997,1,1,60.981175422,1,0.003671996,5,1,0.004691562,5,1,0,1,0,0,1,1,1,0,1,0,-1.000000000,0.000000000,0.000000000,0.000000000,0,-1.000000000,0,0,0,,0,-1.000000000,,0,0,0.000000000,0.000000000,0,-1.000000000,0,,0,-1.000000000,,0,-1.000000000,0,,0,-0.075776674,-4.341683597,-0.007326126,0.080586433,0,3.071733713,175.997377552,-0.002442360,-2.646154404,1,-2.880465746,-165.038530274,-0.002442360,2.673503876,1,-0.187495232,-10.742685451,-0.007326126,0.422466278,1,0.709263802,40.637822392,-0.012210846,-0.003663063,-0.057846643,-3.314368505,0.000000000,-0.000000000,6.000000000,2.500000000,3.143450975,180.106473998,0.000000000,-2.770881653,2.000000000,0.500000000,-2.880847216,-165.060386879,0.000000000,2.693999767,1.000000000,0.500000000,-0.189021111,-10.830111873,0.000000000,0.431064546,0.500000000,0.200000003,0.709263802,40.637822392,0.000000000,0.000112792,0.000000000,0.100000001
2026-07-04 23:17:49.722,1783178269.722845078,61.993019100,1,1,61.980852525,1,0.003938610,5,1,0.004781612,5,1,0,1,0,0,1,1,1,0,1,0,-1.000000000,0.000000000,0.000000000,0.000000000,0,-1.000000000,0,0,0,,0,-1.000000000,,0,0,0.000000000,0.000000000,0,-1.000000000,0,,0,-1.000000000,,0,-1.000000000,0,,1,-0.075395204,-4.319826992,-0.021978378,0.075701714,1,3.071733713,175.997377552,-0.007326126,-2.646154404,1,-2.880465746,-165.038530274,-0.002442360,2.673503876,1,-0.187495232,-10.742685451,0.007326126,0.422466278,1,0.709263802,40.637822392,-0.012210846,-0.003663063,-0.057846643,-3.314368505,0.000000000,-0.000000000,6.000000000,2.500000000,3.143450975,180.106473998,0.000000000,-2.770881653,2.000000000,0.500000000,-2.880847216,-165.060386879,0.000000000,2.693999767,1.000000000,0.500000000,-0.189021111,-10.830111873,0.000000000,0.431064546,0.500000000,0.200000003,0.709263802,40.637822392,0.000000000,0.000112792,0.000000000,0.100000001
2026-07-04 23:17:50.722,1783178270.722768545,62.992942602,1,1,62.980776027,1,0.003441204,5,1,0.004646763,5,1,0,1,0,0,1,1,1,0,1,0,-1.000000000,0.000000000,0.000000000,0.000000000,0,-1.000000000,0,0,0,,0,-1.000000000,,0,0,0.000000000,0.000000000,0,-1.000000000,0,,0,-1.000000000,,0,-1.000000000,0,,1,-0.075395204,-4.319826992,-0.007326126,0.075701714,1,3.071733713,175.997377552,-0.002442360,-2.646154404,1,-2.880465746,-165.038530274,-0.002442360,2.673503876,1,-0.187495232,-10.742685451,-0.007326126,0.422466278,1,0.709263802,40.637822392,-0.012210846,-0.003663063,-0.057846643,-3.314368505,0.000000000,-0.000000000,6.000000000,2.500000000,3.143450975,180.106473998,0.000000000,-2.770881653,2.000000000,0.500000000,-2.880847216,-165.060386879,0.000000000,2.693999767,1.000000000,0.500000000,-0.189021111,-10.830111873,0.000000000,0.431064546,0.500000000,0.200000003,0.709263802,40.637822392,0.000000000,0.000112792,0.000000000,0.100000001
2026-07-04 23:17:51.722,1783178271.722415209,63.992588916,1,1,63.980422341,1,0.003748698,5,1,0.004806461,5,1,0,1,0,0,1,1,1,0,1,0,-1.000000000,0.000000000,0.000000000,0.000000000,0,-1.000000000,0,0,0,,0,-1.000000000,,0,0,0.000000000,0.000000000,0,-1.000000000,0,,0,-1.000000000,,0,-1.000000000,0,,1,-0.075395204,-4.319826992,0.007326126,0.080586433,1,3.071733713,175.997377552,-0.002442360,-2.659828186,1,-2.880465746,-165.038530274,-0.002442360,2.687179565,1,-0.187495232,-10.742685451,-0.007326126,0.422466278,1,0.709263802,40.637822392,-0.012210846,-0.003663063,-0.057846643,-3.314368505,0.000000000,-0.000000000,6.000000000,2.500000000,3.143450975,180.106473998,0.000000000,-2.770881653,2.000000000,0.500000000,-2.880847216,-165.060386879,0.000000000,2.693999767,1.000000000,0.500000000,-0.189021111,-10.830111873,0.000000000,0.431064546,0.500000000,0.200000003,0.709263802,40.637822392,0.000000000,0.000112792,0.000000000,0.100000001
2026-07-04 23:17:52.722,1783178272.722316980,64.992490905,1,1,64.980324330,1,0.003767742,5,1,0.004554632,5,1,0,1,0,0,1,1,1,0,1,0,-1.000000000,0.000000000,0.000000000,0.000000000,0,-1.000000000,0,0,0,,0,-1.000000000,,0,0,0.000000000,0.000000000,0,-1.000000000,0,,0,-1.000000000,,0,-1.000000000,0,,1,-0.075395204,-4.319826992,-0.007326126,0.080586433,1,3.071733713,175.997377552,-0.002442360,-2.646154404,1,-2.880465746,-165.038530274,0.002442360,2.673503876,1,-0.187495232,-10.742685451,-0.007326126,0.422466278,1,0.709263802,40.637822392,-0.036628723,-0.003663063,-0.057846643,-3.314368505,0.000000000,-0.000000000,6.000000000,2.500000000,3.143450975,180.106473998,0.000000000,-2.770881653,2.000000000,0.500000000,-2.880847216,-165.060386879,0.000000000,2.693999767,1.000000000,0.500000000,-0.189021111,-10.830111873,0.000000000,0.431064546,0.500000000,0.200000003,0.709263802,40.637822392,0.000000000,0.000112792,0.000000000,0.100000001
2026-07-04 23:17:53.722,1783178273.722034693,65.992208478,1,1,65.980041903,1,0.003474879,5,1,0.004522326,5,1,0,1,0,0,1,1,1,0,1,0,-1.000000000,0.000000000,0.000000000,0.000000000,0,-1.000000000,0,0,0,,0,-1.000000000,,0,0,0.000000000,0.000000000,0,-1.000000000,0,,0,-1.000000000,,0,-1.000000000,0,,1,-0.075395204,-4.319826992,-0.007326126,0.080586433,1,3.071733713,175.997377552,0.002442360,-2.659828186,1,-2.880465746,-165.038530274,-0.002442360,2.673503876,1,-0.187876701,-10.764542056,-0.021978378,0.422466278,1,0.709263802,40.637822392,-0.012210846,-0.003663063,-0.057846643,-3.314368505,0.000000000,-0.000000000,6.000000000,2.500000000,3.143450975,180.106473998,0.000000000,-2.770881653,2.000000000,0.500000000,-2.880847216,-165.060386879,0.000000000,2.693999767,1.000000000,0.500000000,-0.189021111,-10.830111873,0.000000000,0.431064546,0.500000000,0.200000003,0.709263802,40.637822392,0.000000000,0.000112792,0.000000000,0.100000001
2026-07-04 23:17:54.721,1783178274.721791506,66.991965213,1,1,66.979798638,1,0.003585250,5,1,0.004784646,5,1,0,1,0,0,1,1,1,0,1,0,-1.000000000,0.000000000,0.000000000,0.000000000,0,-1.000000000,0,0,0,,0,-1.000000000,,0,0,0.000000000,0.000000000,0,-1.000000000,0,,0,-1.000000000,,0,-1.000000000,0,,1,-0.075395204,-4.319826992,-0.007326126,0.080586433,1,3.071733713,175.997377552,-0.002442360,-2.646154404,1,-2.880465746,-165.038530274,-0.002442360,2.673503876,1,-0.187495232,-10.742685451,0.007326126,0.422466278,1,0.709263802,40.637822392,-0.012210846,-0.003663063,-0.057846643,-3.314368505,0.000000000,-0.000000000,6.000000000,2.500000000,3.143450975,180.106473998,0.000000000,-2.770881653,2.000000000,0.500000000,-2.880847216,-165.060386879,0.000000000,2.693999767,1.000000000,0.500000000,-0.189021111,-10.830111873,0.000000000,0.431064546,0.500000000,0.200000003,0.709263802,40.637822392,0.000000000,0.000112792,0.000000000,0.100000001
2026-07-04 23:17:55.721,1783178275.721577883,67.991751883,1,1,67.979585308,1,0.003868612,5,1,0.004752835,5,1,0,1,0,0,1,1,1,0,1,0,-1.000000000,0.000000000,0.000000000,0.000000000,0,-1.000000000,0,0,0,,0,-1.000000000,,0,0,0.000000000,0.000000000,0,-1.000000000,0,,0,-1.000000000,,0,-1.000000000,0,,1,-0.075395204,-4.319826992,0.007326126,0.080586433,1,3.071733713,175.997377552,0.002442360,-2.646154404,1,-2.880465746,-165.038530274,-0.002442360,2.673503876,1,-0.187495232,-10.742685451,-0.007326126,0.422466278,1,0.709263802,40.637822392,-0.036628723,-0.003663063,-0.057846643,-3.314368505,0.000000000,-0.000000000,6.000000000,2.500000000,3.143450975,180.106473998,0.000000000,-2.770881653,2.000000000,0.500000000,-2.880847216,-165.060386879,0.000000000,2.693999767,1.000000000,0.500000000,-0.189021111,-10.830111873,0.000000000,0.431064546,0.500000000,0.200000003,0.709263802,40.637822392,0.000000000,0.000112792,0.000000000,0.100000001
2026-07-04 23:17:56.721,1783178276.721348047,68.991521943,1,1,68.979355368,1,0.003896889,5,1,0.004738134,5,1,0,1,0,0,1,1,1,0,1,0,-1.000000000,0.000000000,0.000000000,0.000000000,0,-1.000000000,0,0,0,,0,-1.000000000,,0,0,0.000000000,0.000000000,0,-1.000000000,0,,0,-1.000000000,,0,-1.000000000,0,,1,-0.075395204,-4.319826992,-0.021978378,0.080586433,1,3.071733713,175.997377552,-0.002442360,-2.646154404,1,-2.880465746,-165.038530274,-0.002442360,2.673503876,1,-0.187495232,-10.742685451,-0.007326126,0.422466278,1,0.709263802,40.637822392,-0.036628723,-0.003663063,-0.057846643,-3.314368505,0.000000000,-0.000000000,6.000000000,2.500000000,3.143450975,180.106473998,0.000000000,-2.770881653,2.000000000,0.500000000,-2.880847216,-165.060386879,0.000000000,2.693999767,1.000000000,0.500000000,-0.189021111,-10.830111873,0.000000000,0.431064546,0.500000000,0.200000003,0.709263802,40.637822392,0.000000000,0.000112792,0.000000000,0.100000001
2026-07-04 23:17:57.721,1783178277.721198082,69.991371987,1,1,69.979205412,1,0.003370334,5,1,0.004582625,5,1,0,1,0,0,1,1,1,0,1,0,-1.000000000,0.000000000,0.000000000,0.000000000,0,-1.000000000,0,0,0,,0,-1.000000000,,0,0,0.000000000,0.000000000,0,-1.000000000,0,,0,-1.000000000,,0,-1.000000000,0,,1,-0.075395204,-4.319826992,-0.021978378,0.080586433,1,3.071733713,175.997377552,-0.002442360,-2.646154404,1,-2.880465746,-165.038530274,-0.002442360,2.687179565,1,-0.187495232,-10.742685451,-0.021978378,0.422466278,0,0.709263802,40.637822392,0.012210846,-0.003663063,-0.057846643,-3.314368505,0.000000000,-0.000000000,6.000000000,2.500000000,3.143450975,180.106473998,0.000000000,-2.770881653,2.000000000,0.500000000,-2.880847216,-165.060386879,0.000000000,2.693999767,1.000000000,0.500000000,-0.189021111,-10.830111873,0.000000000,0.431064546,0.500000000,0.200000003,0.709263802,40.637822392,0.000000000,0.000112792,0.000000000,0.100000001
2026-07-04 23:17:58.721,1783178278.721065760,70.991239473,1,1,70.979072898,1,0.003643255,5,1,0.004606080,5,1,0,1,0,0,1,1,1,0,1,0,-1.000000000,0.000000000,0.000000000,0.000000000,0,-1.000000000,0,0,0,,0,-1.000000000,,0,0,0.000000000,0.000000000,0,-1.000000000,0,,0,-1.000000000,,0,-1.000000000,0,,1,-0.075395204,-4.319826992,-0.007326126,0.075701714,1,3.071733713,175.997377552,-0.007326126,-2.646154404,1,-2.880465746,-165.038530274,-0.002442360,2.673503876,1,-0.187495232,-10.742685451,-0.021978378,0.422466278,1,0.709263802,40.637822392,-0.036628723,-0.003663063,-0.057846643,-3.314368505,0.000000000,-0.000000000,6.000000000,2.500000000,3.143450975,180.106473998,0.000000000,-2.770881653,2.000000000,0.500000000,-2.880847216,-165.060386879,0.000000000,2.693999767,1.000000000,0.500000000,-0.189021111,-10.830111873,0.000000000,0.431064546,0.500000000,0.200000003,0.709263802,40.637822392,0.000000000,0.000112792,0.000000000,0.100000001
2026-07-04 23:17:59.720,1783178279.720716238,71.990890050,1,1,71.978723475,1,0.003744754,5,1,0.004722052,5,1,0,1,0,0,1,1,1,0,1,0,-1.000000000,0.000000000,0.000000000,0.000000000,0,-1.000000000,0,0,0,,0,-1.000000000,,0,0,0.000000000,0.000000000,0,-1.000000000,0,,0,-1.000000000,,0,-1.000000000,0,,1,-0.075013734,-4.297970387,-0.021978378,0.080586433,1,3.071733713,175.997377552,-0.002442360,-2.659828186,1,-2.880465746,-165.038530274,-0.002442360,2.687179565,1,-0.187495232,-10.742685451,-0.007326126,0.422466278,1,0.709263802,40.637822392,-0.036628723,-0.003663063,-0.057846643,-3.314368505,0.000000000,-0.000000000,6.000000000,2.500000000,3.143450975,180.106473998,0.000000000,-2.770881653,2.000000000,0.500000000,-2.880847216,-165.060386879,0.000000000,2.693999767,1.000000000,0.500000000,-0.189021111,-10.830111873,0.000000000,0.431064546,0.500000000,0.200000003,0.709263802,40.637822392,0.000000000,0.000112792,0.000000000,0.100000001
2026-07-04 23:18:00.720,1783178280.720564842,72.990738646,1,1,72.978572071,1,0.003360326,5,1,0.004516672,5,1,0,1,0,0,1,1,1,0,1,0,-1.000000000,0.000000000,0.000000000,0.000000000,0,-1.000000000,0,0,0,,0,-1.000000000,,0,0,0.000000000,0.000000000,0,-1.000000000,0,,0,-1.000000000,,0,-1.000000000,0,,1,-0.074632265,-4.276113781,-0.021978378,0.075701714,1,3.071733713,175.997377552,-0.002442360,-2.659828186,1,-2.880465746,-165.038530274,-0.002442360,2.687179565,1,-0.187495232,-10.742685451,-0.021978378,0.422466278,1,0.709263802,40.637822392,-0.036628723,-0.003663063,-0.057846643,-3.314368505,0.000000000,-0.000000000,6.000000000,2.500000000,3.143450975,180.106473998,0.000000000,-2.770881653,2.000000000,0.500000000,-2.880847216,-165.060386879,0.000000000,2.693999767,1.000000000,0.500000000,-0.189021111,-10.830111873,0.000000000,0.431064546,0.500000000,0.200000003,0.709263802,40.637822392,0.000000000,0.000112792,0.000000000,0.100000001
2026-07-04 23:18:01.720,1783178281.720320225,73.990494160,1,1,73.978327585,1,0.002971223,5,1,0.004685444,5,1,0,1,0,0,1,1,1,0,1,0,-1.000000000,0.000000000,0.000000000,0.000000000,0,-1.000000000,0,0,0,,0,-1.000000000,,0,0,0.000000000,0.000000000,0,-1.000000000,0,,0,-1.000000000,,0,-1.000000000,0,,1,-0.074632265,-4.276113781,-0.007326126,0.075701714,1,3.071733713,175.997377552,-0.007326126,-2.646154404,1,-2.880465746,-165.038530274,-0.002442360,2.673503876,1,-0.187876701,-10.764542056,-0.021978378,0.422466278,1,0.709263802,40.637822392,-0.061050415,-0.003663063,-0.057846643,-3.314368505,0.000000000,-0.000000000,6.000000000,2.500000000,3.143450975,180.106473998,0.000000000,-2.770881653,2.000000000,0.500000000,-2.880847216,-165.060386879,0.000000000,2.693999767,1.000000000,0.500000000,-0.189021111,-10.830111873,0.000000000,0.431064546,0.500000000,0.200000003,0.709263802,40.637822392,0.000000000,0.000112792,0.000000000,0.100000001
2026-07-04 23:18:02.720,1783178282.720195532,74.990369378,1,1,74.978202803,1,0.003947490,5,1,0.004622557,5,1,0,1,0,0,1,1,1,0,1,0,-1.000000000,0.000000000,0.000000000,0.000000000,0,-1.000000000,0,0,0,,0,-1.000000000,,0,0,0.000000000,0.000000000,0,-1.000000000,0,,0,-1.000000000,,0,-1.000000000,0,,1,-0.074632265,-4.276113781,-0.007326126,0.075701714,1,3.071733713,175.997377552,-0.002442360,-2.646154404,1,-2.880465746,-165.038530274,-0.002442360,2.673503876,1,-0.187495232,-10.742685451,-0.007326126,0.422466278,1,0.709263802,40.637822392,-0.012210846,-0.003663063,-0.057846643,-3.314368505,0.000000000,-0.000000000,6.000000000,2.500000000,3.143450975,180.106473998,0.000000000,-2.770881653,2.000000000,0.500000000,-2.880847216,-165.060386879,0.000000000,2.693999767,1.000000000,0.500000000,-0.189021111,-10.830111873,0.000000000,0.431064546,0.500000000,0.200000003,0.709263802,40.637822392,0.000000000,0.000112792,0.000000000,0.100000001
2026-07-04 23:18:03.719,1783178283.719861269,75.990034968,1,1,75.977868393,1,0.003529031,5,1,0.004510901,5,1,0,1,0,0,1,1,1,0,1,0,-1.000000000,0.000000000,0.000000000,0.000000000,0,-1.000000000,0,0,0,,0,-1.000000000,,0,0,0.000000000,0.000000000,0,-1.000000000,0,,0,-1.000000000,,0,-1.000000000,0,,1,-0.074632265,-4.276113781,-0.007326126,0.075701714,1,3.071733713,175.997377552,0.002442360,-2.646154404,1,-2.880465746,-165.038530274,-0.002442360,2.673503876,1,-0.187495232,-10.742685451,-0.021978378,0.422466278,1,0.709263802,40.637822392,-0.012210846,-0.003663063,-0.057846643,-3.314368505,0.000000000,-0.000000000,6.000000000,2.500000000,3.143450975,180.106473998,0.000000000,-2.770881653,2.000000000,0.500000000,-2.880847216,-165.060386879,0.000000000,2.693999767,1.000000000,0.500000000,-0.189021111,-10.830111873,0.000000000,0.431064546,0.500000000,0.200000003,0.709263802,40.637822392,0.000000000,0.000112792,0.000000000,0.100000001
2026-07-04 23:18:04.719,1783178284.719636679,76.989810618,1,1,76.977644043,1,0.003827914,5,1,0.004629945,5,1,0,1,0,0,1,1,1,0,1,0,-1.000000000,0.000000000,0.000000000,0.000000000,0,-1.000000000,0,0,0,,0,-1.000000000,,0,0,0.000000000,0.000000000,0,-1.000000000,0,,0,-1.000000000,,0,-1.000000000,0,,1,-0.074632265,-4.276113781,-0.007326126,0.075701714,1,3.071733713,175.997377552,-0.002442360,-2.646154404,1,-2.880465746,-165.038530274,-0.002442360,2.673503876,1,-0.187495232,-10.742685451,-0.007326126,0.422466278,1,0.709263802,40.637822392,0.012210846,-0.003663063,-0.057846643,-3.314368505,0.000000000,-0.000000000,6.000000000,2.500000000,3.143450975,180.106473998,0.000000000,-2.770881653,2.000000000,0.500000000,-2.880847216,-165.060386879,0.000000000,2.693999767,1.000000000,0.500000000,-0.189021111,-10.830111873,0.000000000,0.431064546,0.500000000,0.200000003,0.709263802,40.637822392,0.000000000,0.000112792,0.000000000,0.100000001
2026-07-04 23:18:05.719,1783178285.719423771,77.989597655,1,1,77.977431080,1,0.003742464,5,1,0.004755690,5,1,0,1,0,0,1,1,1,0,1,0,-1.000000000,0.000000000,0.000000000,0.000000000,0,-1.000000000,0,0,0,,0,-1.000000000,,0,0,0.000000000,0.000000000,0,-1.000000000,0,,0,-1.000000000,,0,-1.000000000,0,,1,-0.074632265,-4.276113781,-0.007326126,0.070817947,1,3.071733713,175.997377552,-0.002442360,-2.646154404,1,-2.880465746,-165.038530274,-0.002442360,2.687179565,1,-0.187495232,-10.742685451,-0.007326126,0.422466278,1,0.709647179,40.659788280,0.012210846,-0.003663063,-0.057846643,-3.314368505,0.000000000,-0.000000000,6.000000000,2.500000000,3.143450975,180.106473998,0.000000000,-2.770881653,2.000000000,0.500000000,-2.880847216,-165.060386879,0.000000000,2.693999767,1.000000000,0.500000000,-0.189021111,-10.830111873,0.000000000,0.431064546,0.500000000,0.200000003,0.709263802,40.637822392,0.000000000,0.000112792,0.000000000,0.100000001
2026-07-04 23:18:06.719,1783178286.719219923,78.989393776,1,1,78.977227201,1,0.003429049,5,1,0.004517074,5,1,0,1,0,0,1,1,1,0,1,0,-1.000000000,0.000000000,0.000000000,0.000000000,0,-1.000000000,0,0,0,,0,-1.000000000,,0,0,0.000000000,0.000000000,0,-1.000000000,0,,0,-1.000000000,,0,-1.000000000,0,,1,-0.074632265,-4.276113781,-0.007326126,0.075701714,1,3.071733713,175.997377552,-0.007326126,-2.659828186,1,-2.880465746,-165.038530274,-0.002442360,2.673503876,1,-0.187495232,-10.742685451,-0.007326126,0.422466278,1,0.709647179,40.659788280,0.036628723,-0.003663063,-0.057846643,-3.314368505,0.000000000,-0.000000000,6.000000000,2.500000000,3.143450975,180.106473998,0.000000000,-2.770881653,2.000000000,0.500000000,-2.880847216,-165.060386879,0.000000000,2.693999767,1.000000000,0.500000000,-0.189021111,-10.830111873,0.000000000,0.431064546,0.500000000,0.200000003,0.709263802,40.637822392,0.000000000,0.000112792,0.000000000,0.100000001
2026-07-04 23:18:07.719,1783178287.719006062,79.989179920,1,1,79.977013345,1,0.003476932,5,1,0.004766320,5,1,0,1,0,0,1,1,1,0,1,0,-1.000000000,0.000000000,0.000000000,0.000000000,0,-1.000000000,0,0,0,,0,-1.000000000,,0,0,0.000000000,0.000000000,0,-1.000000000,0,,0,-1.000000000,,0,-1.000000000,0,,1,-0.074632265,-4.276113781,-0.007326126,0.075701714,1,3.071733713,175.997377552,-0.002442360,-2.646154404,1,-2.880465746,-165.038530274,-0.002442360,2.673503876,1,-0.187495232,-10.742685451,-0.007326126,0.422466278,1,0.709263802,40.637822392,-0.012210846,-0.003663063,-0.057846643,-3.314368505,0.000000000,-0.000000000,6.000000000,2.500000000,3.143450975,180.106473998,0.000000000,-2.770881653,2.000000000,0.500000000,-2.880847216,-165.060386879,0.000000000,2.693999767,1.000000000,0.500000000,-0.189021111,-10.830111873,0.000000000,0.431064546,0.500000000,0.200000003,0.709263802,40.637822392,0.000000000,0.000112792,0.000000000,0.100000001
2026-07-04 23:18:08.718,1783178288.718831539,80.989005403,1,1,80.976838828,1,0.003794778,5,1,0.004749953,5,1,0,1,0,0,1,1,1,0,1,0,-1.000000000,0.000000000,0.000000000,0.000000000,0,-1.000000000,0,0,0,,0,-1.000000000,,0,0,0.000000000,0.000000000,0,-1.000000000,0,,0,-1.000000000,,0,-1.000000000,0,,1,-0.074632265,-4.276113781,0.007326126,0.075701714,1,3.071733713,175.997377552,-0.002442360,-2.659828186,1,-2.880465746,-165.038530274,-0.002442360,2.673503876,1,-0.187495232,-10.742685451,-0.007326126,0.422466278,1,0.709263802,40.637822392,0.012210846,-0.003663063,-0.057846643,-3.314368505,0.000000000,-0.000000000,6.000000000,2.500000000,3.143450975,180.106473998,0.000000000,-2.770881653,2.000000000,0.500000000,-2.880847216,-165.060386879,0.000000000,2.693999767,1.000000000,0.500000000,-0.189021111,-10.830111873,0.000000000,0.431064546,0.500000000,0.200000003,0.709263802,40.637822392,0.000000000,0.000112792,0.000000000,0.100000001
2026-07-04 23:18:09.718,1783178289.718569756,81.988743524,1,1,81.976576949,1,0.003535330,5,1,0.004634757,5,1,0,1,0,0,1,1,1,0,1,0,-1.000000000,0.000000000,0.000000000,0.000000000,0,-1.000000000,0,0,0,,0,-1.000000000,,0,0,0.000000000,0.000000000,0,-1.000000000,0,,0,-1.000000000,,0,-1.000000000,0,,1,-0.074632265,-4.276113781,-0.007326126,0.075701714,1,3.071733713,175.997377552,-0.002442360,-2.646154404,1,-2.880465746,-165.038530274,-0.002442360,2.687179565,1,-0.187495232,-10.742685451,0.007326126,0.422466278,1,0.709263802,40.637822392,0.012210846,-0.003663063,-0.057846643,-3.314368505,0.000000000,-0.000000000,6.000000000,2.500000000,3.143450975,180.106473998,0.000000000,-2.770881653,2.000000000,0.500000000,-2.880847216,-165.060386879,0.000000000,2.693999767,1.000000000,0.500000000,-0.189021111,-10.830111873,0.000000000,0.431064546,0.500000000,0.200000003,0.709263802,40.637822392,0.000000000,0.000112792,0.000000000,0.100000001
2026-07-04 23:18:10.718,1783178290.718419552,82.988593214,1,1,82.976426639,1,0.003588748,5,1,0.004554546,5,1,0,1,0,0,1,1,1,0,1,0,-1.000000000,0.000000000,0.000000000,0.000000000,0,-1.000000000,0,0,0,,0,-1.000000000,,0,0,0.000000000,0.000000000,0,-1.000000000,0,,0,-1.000000000,,0,-1.000000000,0,,1,-0.074632265,-4.276113781,-0.007326126,0.080586433,1,3.071733713,175.997377552,-0.002442360,-2.646154404,1,-2.880465746,-165.038530274,-0.002442360,2.673503876,1,-0.187495232,-10.742685451,-0.007326126,0.422466278,1,0.709263802,40.637822392,0.012210846,-0.003663063,-0.057846643,-3.314368505,0.000000000,-0.000000000,6.000000000,2.500000000,3.143450975,180.106473998,0.000000000,-2.770881653,2.000000000,0.500000000,-2.880847216,-165.060386879,0.000000000,2.693999767,1.000000000,0.500000000,-0.189021111,-10.830111873,0.000000000,0.431064546,0.500000000,0.200000003,0.709263802,40.637822392,0.000000000,0.000112792,0.000000000,0.100000001
2026-07-04 23:18:11.718,1783178291.718191624,83.988365545,1,1,83.976198970,1,0.003278832,5,1,0.004375330,5,1,0,1,0,0,1,1,1,0,1,0,-1.000000000,0.000000000,0.000000000,0.000000000,0,-1.000000000,0,0,0,,0,-1.000000000,,0,0,0.000000000,0.000000000,0,-1.000000000,0,,0,-1.000000000,,0,-1.000000000,0,,1,-0.074632265,-4.276113781,0.007326126,0.075701714,1,3.071733713,175.997377552,-0.002442360,-2.646154404,1,-2.880465746,-165.038530274,0.002442360,2.687179565,1,-0.187495232,-10.742685451,-0.007326126,0.422466278,1,0.709263802,40.637822392,-0.036628723,-0.003663063,-0.057846643,-3.314368505,0.000000000,-0.000000000,6.000000000,2.500000000,3.143450975,180.106473998,0.000000000,-2.770881653,2.000000000,0.500000000,-2.880847216,-165.060386879,0.000000000,2.693999767,1.000000000,0.500000000,-0.189021111,-10.830111873,0.000000000,0.431064546,0.500000000,0.200000003,0.709263802,40.637822392,0.000000000,0.000112792,0.000000000,0.100000001
2026-07-04 23:18:12.718,1783178292.717936754,84.988110521,1,1,84.975943946,1,0.003265393,5,1,0.004692957,5,1,0,1,0,0,1,1,1,0,1,0,-1.000000000,0.000000000,0.000000000,0.000000000,0,-1.000000000,0,0,0,,0,-1.000000000,,0,0,0.000000000,0.000000000,0,-1.000000000,0,,0,-1.000000000,,0,-1.000000000,0,,1,-0.074632265,-4.276113781,-0.007326126,0.075701714,1,3.071733713,175.997377552,-0.002442360,-2.646154404,1,-2.880465746,-165.038530274,0.002442360,2.673503876,1,-0.187495232,-10.742685451,-0.021978378,0.422466278,1,0.709263802,40.637822392,-0.012210846,-0.003663063,-0.057846643,-3.314368505,0.000000000,-0.000000000,6.000000000,2.500000000,3.143450975,180.106473998,0.000000000,-2.770881653,2.000000000,0.500000000,-2.880847216,-165.060386879,0.000000000,2.693999767,1.000000000,0.500000000,-0.189021111,-10.830111873,0.000000000,0.431064546,0.500000000,0.200000003,0.709263802,40.637822392,0.000000000,0.000112792,0.000000000,0.100000001
2026-07-04 23:18:13.717,1783178293.717783451,85.987957394,1,1,85.975790819,1,0.003818914,5,1,0.004710313,5,1,0,1,0,0,1,1,1,0,1,0,-1.000000000,0.000000000,0.000000000,0.000000000,0,-1.000000000,0,0,0,,0,-1.000000000,,0,0,0.000000000,0.000000000,0,-1.000000000,0,,0,-1.000000000,,0,-1.000000000,0,,1,-0.074632265,-4.276113781,-0.007326126,0.080586433,1,3.071733713,175.997377552,0.002442360,-2.646154404,1,-2.880465746,-165.038530274,-0.002442360,2.687179565,1,-0.187495232,-10.742685451,-0.007326126,0.422466278,1,0.709263802,40.637822392,0.012210846,-0.003663063,-0.057846643,-3.314368505,0.000000000,-0.000000000,6.000000000,2.500000000,3.143450975,180.106473998,0.000000000,-2.770881653,2.000000000,0.500000000,-2.880847216,-165.060386879,0.000000000,2.693999767,1.000000000,0.500000000,-0.189021111,-10.830111873,0.000000000,0.431064546,0.500000000,0.200000003,0.709263802,40.637822392,0.000000000,0.000112792,0.000000000,0.100000001
2026-07-04 23:18:14.717,1783178294.717585802,86.987759635,1,1,86.975593060,1,0.003683649,5,1,0.004668773,5,1,0,1,0,0,1,1,1,0,1,0,-1.000000000,0.000000000,0.000000000,0.000000000,0,-1.000000000,0,0,0,,0,-1.000000000,,0,0,0.000000000,0.000000000,0,-1.000000000,0,,0,-1.000000000,,0,-1.000000000,0,,1,-0.074632265,-4.276113781,-0.021978378,0.075701714,1,3.071733713,175.997377552,0.002442360,-2.646154404,1,-2.880465746,-165.038530274,-0.002442360,2.687179565,1,-0.187495232,-10.742685451,-0.007326126,0.422466278,1,0.709263802,40.637822392,0.012210846,-0.003663063,-0.057846643,-3.314368505,0.000000000,-0.000000000,6.000000000,2.500000000,3.143450975,180.106473998,0.000000000,-2.770881653,2.000000000,0.500000000,-2.880847216,-165.060386879,0.000000000,2.693999767,1.000000000,0.500000000,-0.189021111,-10.830111873,0.000000000,0.431064546,0.500000000,0.200000003,0.709263802,40.637822392,0.000000000,0.000112792,0.000000000,0.100000001
2026-07-04 23:18:15.717,1783178295.717299700,87.987473480,1,1,87.975306905,1,0.003454979,5,1,0.004664655,5,1,0,1,0,0,1,1,1,0,1,0,-1.000000000,0.000000000,0.000000000,0.000000000,0,-1.000000000,0,0,0,,0,-1.000000000,,0,0,0.000000000,0.000000000,0,-1.000000000,0,,0,-1.000000000,,0,-1.000000000,0,,1,-0.075013734,-4.297970387,-0.021978378,0.075701714,1,3.071733713,175.997377552,-0.002442360,-2.659828186,1,-2.880465746,-165.038530274,-0.002442360,2.673503876,1,-0.187495232,-10.742685451,-0.007326126,0.422466278,1,0.709647179,40.659788280,0.012210846,-0.003663063,-0.057846643,-3.314368505,0.000000000,-0.000000000,6.000000000,2.500000000,3.143450975,180.106473998,0.000000000,-2.770881653,2.000000000,0.500000000,-2.880847216,-165.060386879,0.000000000,2.693999767,1.000000000,0.500000000,-0.189021111,-10.830111873,0.000000000,0.431064546,0.500000000,0.200000003,0.709263802,40.637822392,0.000000000,0.000112792,0.000000000,0.100000001
2026-07-04 23:18:16.717,1783178296.717108965,88.987282951,1,1,88.975116376,1,0.003243635,5,1,0.004674046,5,1,0,1,0,0,1,1,1,0,1,0,-1.000000000,0.000000000,0.000000000,0.000000000,0,-1.000000000,0,0,0,,0,-1.000000000,,0,0,0.000000000,0.000000000,0,-1.000000000,0,,0,-1.000000000,,0,-1.000000000,0,,1,-0.074632265,-4.276113781,-0.007326126,0.075701714,1,3.071733713,175.997377552,-0.002442360,-2.659828186,1,-2.880465746,-165.038530274,-0.002442360,2.673503876,1,-0.187495232,-10.742685451,-0.007326126,0.422466278,1,0.709647179,40.659788280,-0.012210846,-0.003663063,-0.057846643,-3.314368505,0.000000000,-0.000000000,6.000000000,2.500000000,3.143450975,180.106473998,0.000000000,-2.770881653,2.000000000,0.500000000,-2.880847216,-165.060386879,0.000000000,2.693999767,1.000000000,0.500000000,-0.189021111,-10.830111873,0.000000000,0.431064546,0.500000000,0.200000003,0.709263802,40.637822392,0.000000000,0.000112792,0.000000000,0.100000001
2026-07-04 23:18:17.716,1783178297.716887236,89.987061223,1,1,89.974894648,1,0.003692809,5,1,0.004540264,5,1,0,1,0,0,1,1,1,0,1,0,-1.000000000,0.000000000,0.000000000,0.000000000,0,-1.000000000,0,0,0,,0,-1.000000000,,0,0,0.000000000,0.000000000,0,-1.000000000,0,,0,-1.000000000,,0,-1.000000000,0,,1,-0.074632265,-4.276113781,-0.007326126,0.075701714,1,3.071733713,175.997377552,0.002442360,-2.646154404,1,-2.880465746,-165.038530274,-0.002442360,2.673503876,1,-0.187876701,-10.764542056,0.007326126,0.422466278,0,0.709263802,40.637822392,-0.012210846,-0.003663063,-0.057846643,-3.314368505,0.000000000,-0.000000000,6.000000000,2.500000000,3.143450975,180.106473998,0.000000000,-2.770881653,2.000000000,0.500000000,-2.880847216,-165.060386879,0.000000000,2.693999767,1.000000000,0.500000000,-0.189021111,-10.830111873,0.000000000,0.431064546,0.500000000,0.200000003,0.709263802,40.637822392,0.000000000,0.000112792,0.000000000,0.100000001
2026-07-04 23:18:18.717,1783178298.716801167,90.986975108,1,1,90.974808533,1,0.003344095,5,1,0.004835109,5,1,0,1,0,0,1,1,1,0,1,0,-1.000000000,0.000000000,0.000000000,0.000000000,0,-1.000000000,0,0,0,,0,-1.000000000,,0,0,0.000000000,0.000000000,0,-1.000000000,0,,0,-1.000000000,,0,-1.000000000,0,,1,-0.074632265,-4.276113781,-0.007326126,0.075701714,1,3.071733713,175.997377552,0.002442360,-2.646154404,1,-2.880465746,-165.038530274,-0.002442360,2.673503876,1,-0.187495232,-10.742685451,-0.007326126,0.422466278,1,0.709263802,40.637822392,-0.036628723,-0.003663063,-0.057846643,-3.314368505,0.000000000,-0.000000000,6.000000000,2.500000000,3.143450975,180.106473998,0.000000000,-2.770881653,2.000000000,0.500000000,-2.880847216,-165.060386879,0.000000000,2.693999767,1.000000000,0.500000000,-0.189021111,-10.830111873,0.000000000,0.431064546,0.500000000,0.200000003,0.709263802,40.637822392,0.000000000,0.000112792,0.000000000,0.100000001
2026-07-04 23:18:19.716,1783178299.716449261,91.986623163,1,1,91.974456588,1,0.003802971,5,1,0.004624195,5,1,0,1,0,0,1,1,1,0,1,0,-1.000000000,0.000000000,0.000000000,0.000000000,0,-1.000000000,0,0,0,,0,-1.000000000,,0,0,0.000000000,0.000000000,0,-1.000000000,0,,0,-1.000000000,,0,-1.000000000,0,,1,-0.075013734,-4.297970387,-0.007326126,0.075701714,1,3.071733713,175.997377552,-0.007326126,-2.646154404,1,-2.880465746,-165.038530274,-0.002442360,2.687179565,1,-0.187495232,-10.742685451,-0.007326126,0.422466278,1,0.709263802,40.637822392,-0.012210846,-0.003663063,-0.057846643,-3.314368505,0.000000000,-0.000000000,6.000000000,2.500000000,3.143450975,180.106473998,0.000000000,-2.770881653,2.000000000,0.500000000,-2.880847216,-165.060386879,0.000000000,2.693999767,1.000000000,0.500000000,-0.189021111,-10.830111873,0.000000000,0.431064546,0.500000000,0.200000003,0.709263802,40.637822392,0.000000000,0.000112792,0.000000000,0.100000001
2026-07-04 23:18:20.716,1783178300.716307163,92.986481100,1,1,92.974314525,1,0.003844848,5,1,0.004385618,5,1,0,1,0,0,1,1,1,0,1,0,-1.000000000,0.000000000,0.000000000,0.000000000,0,-1.000000000,0,0,0,,0,-1.000000000,,0,0,0.000000000,0.000000000,0,-1.000000000,0,,0,-1.000000000,,0,-1.000000000,0,,1,-0.075013734,-4.297970387,-0.007326126,0.075701714,1,3.071733713,175.997377552,-0.007326126,-2.646154404,1,-2.880465746,-165.038530274,-0.002442360,2.687179565,1,-0.187495232,-10.742685451,0.007326126,0.422466278,1,0.709263802,40.637822392,-0.012210846,-0.003663063,-0.057846643,-3.314368505,0.000000000,-0.000000000,6.000000000,2.500000000,3.143450975,180.106473998,0.000000000,-2.770881653,2.000000000,0.500000000,-2.880847216,-165.060386879,0.000000000,2.693999767,1.000000000,0.500000000,-0.189021111,-10.830111873,0.000000000,0.431064546,0.500000000,0.200000003,0.709263802,40.637822392,0.000000000,0.000112792,0.000000000,0.100000001
2026-07-04 23:18:21.716,1783178301.716011763,93.986185649,1,1,93.974019074,1,0.003661467,5,1,0.004670304,5,1,0,1,0,0,1,1,1,0,1,0,-1.000000000,0.000000000,0.000000000,0.000000000,0,-1.000000000,0,0,0,,0,-1.000000000,,0,0,0.000000000,0.000000000,0,-1.000000000,0,,0,-1.000000000,,0,-1.000000000,0,,1,-0.074632265,-4.276113781,-0.021978378,0.075701714,1,3.071733713,175.997377552,0.002442360,-2.646154404,1,-2.880465746,-165.038530274,-0.002442360,2.673503876,1,-0.187495232,-10.742685451,-0.007326126,0.422466278,1,0.709263802,40.637822392,-0.012210846,-0.003663063,-0.057846643,-3.314368505,0.000000000,-0.000000000,6.000000000,2.500000000,3.143450975,180.106473998,0.000000000,-2.770881653,2.000000000,0.500000000,-2.880847216,-165.060386879,0.000000000,2.693999767,1.000000000,0.500000000,-0.189021111,-10.830111873,0.000000000,0.431064546,0.500000000,0.200000003,0.709263802,40.637822392,0.000000000,0.000112792,0.000000000,0.100000001
2026-07-04 23:18:22.715,1783178302.715836048,94.986010024,1,1,94.973843449,1,0.003627257,5,1,0.004565241,5,1,0,1,0,0,1,1,1,0,1,0,-1.000000000,0.000000000,0.000000000,0.000000000,0,-1.000000000,0,0,0,,0,-1.000000000,,0,0,0.000000000,0.000000000,0,-1.000000000,0,,0,-1.000000000,,0,-1.000000000,0,,1,-0.074632265,-4.276113781,-0.007326126,0.080586433,1,3.071733713,175.997377552,-0.002442360,-2.646154404,1,-2.880465746,-165.038530274,-0.007326126,2.673503876,1,-0.187876701,-10.764542056,-0.007326126,0.422466278,1,0.709263802,40.637822392,-0.036628723,-0.003663063,-0.057846643,-3.314368505,0.000000000,-0.000000000,6.000000000,2.500000000,3.143450975,180.106473998,0.000000000,-2.770881653,2.000000000,0.500000000,-2.880847216,-165.060386879,0.000000000,2.693999767,1.000000000,0.500000000,-0.189021111,-10.830111873,0.000000000,0.431064546,0.500000000,0.200000003,0.709263802,40.637822392,0.000000000,0.000112792,0.000000000,0.100000001
2026-07-04 23:18:23.715,1783178303.715633631,95.985807546,1,1,95.973640971,1,0.003657345,5,1,0.004580164,5,1,0,1,0,0,1,1,1,0,1,0,-1.000000000,0.000000000,0.000000000,0.000000000,0,-1.000000000,0,0,0,,0,-1.000000000,,0,0,0.000000000,0.000000000,0,-1.000000000,0,,0,-1.000000000,,0,-1.000000000,0,,1,-0.074632265,-4.276113781,-0.007326126,0.075701714,1,3.071733713,175.997377552,-0.002442360,-2.646154404,1,-2.880465746,-165.038530274,-0.002442360,2.673503876,1,-0.187495232,-10.742685451,-0.007326126,0.422466278,1,0.709263802,40.637822392,-0.012210846,-0.003663063,-0.057846643,-3.314368505,0.000000000,-0.000000000,6.000000000,2.500000000,3.143450975,180.106473998,0.000000000,-2.770881653,2.000000000,0.500000000,-2.880847216,-165.060386879,0.000000000,2.693999767,1.000000000,0.500000000,-0.189021111,-10.830111873,0.000000000,0.431064546,0.500000000,0.200000003,0.709263802,40.637822392,0.000000000,0.000112792,0.000000000,0.100000001
2026-07-04 23:18:24.715,1783178304.715456486,96.985630460,1,1,96.973463885,1,0.003859006,5,1,0.004674461,5,1,0,1,0,0,1,1,1,0,1,0,-1.000000000,0.000000000,0.000000000,0.000000000,0,-1.000000000,0,0,0,,0,-1.000000000,,0,0,0.000000000,0.000000000,0,-1.000000000,0,,0,-1.000000000,,0,-1.000000000,0,,1,-0.074632265,-4.276113781,-0.007326126,0.075701714,1,3.071733713,175.997377552,-0.002442360,-2.646154404,1,-2.880465746,-165.038530274,-0.002442360,2.673503876,1,-0.187495232,-10.742685451,-0.007326126,0.422466278,1,0.709263802,40.637822392,0.012210846,-0.003663063,-0.057846643,-3.314368505,0.000000000,-0.000000000,6.000000000,2.500000000,3.143450975,180.106473998,0.000000000,-2.770881653,2.000000000,0.500000000,-2.880847216,-165.060386879,0.000000000,2.693999767,1.000000000,0.500000000,-0.189021111,-10.830111873,0.000000000,0.431064546,0.500000000,0.200000003,0.709263802,40.637822392,0.000000000,0.000112792,0.000000000,0.100000001
2026-07-04 23:18:25.715,1783178305.715203047,97.985376990,1,1,97.973210415,1,0.003688772,5,1,0.004815193,5,1,0,1,0,0,1,1,1,0,1,0,-1.000000000,0.000000000,0.000000000,0.000000000,0,-1.000000000,0,0,0,,0,-1.000000000,,0,0,0.000000000,0.000000000,0,-1.000000000,0,,0,-1.000000000,,0,-1.000000000,0,,1,-0.071580507,-4.101260939,-0.021978378,0.065934181,1,3.071733713,175.997377552,-0.007326126,-2.659828186,1,-2.880465746,-165.038530274,-0.002442360,2.673503876,1,-0.187495232,-10.742685451,-0.021978378,0.422466278,1,0.709263802,40.637822392,-0.012210846,-0.003663063,-0.057846643,-3.314368505,0.000000000,-0.000000000,6.000000000,2.500000000,3.143450975,180.106473998,0.000000000,-2.770881653,2.000000000,0.500000000,-2.880847216,-165.060386879,0.000000000,2.693999767,1.000000000,0.500000000,-0.189021111,-10.830111873,0.000000000,0.431064546,0.500000000,0.200000003,0.709263802,40.637822392,0.000000000,0.000112792,0.000000000,0.100000001
2026-07-04 23:18:26.715,1783178306.714979410,98.985153181,1,1,98.972986606,1,0.002794518,5,1,0.002771916,5,1,0,1,0,0,1,1,1,0,1,0,-1.000000000,0.000000000,0.000000000,0.000000000,0,-1.000000000,0,0,0,,0,-1.000000000,,0,0,0.000000000,0.000000000,0,-1.000000000,0,,0,-1.000000000,,0,-1.000000000,0,,1,-0.071961977,-4.123117544,-0.021978378,0.061050415,1,3.071733713,175.997377552,0.002442360,-2.646154404,1,-2.880465746,-165.038530274,0.002442360,2.673503876,1,-0.187495232,-10.742685451,-0.007326126,0.422466278,1,0.709263802,40.637822392,-0.012210846,-0.003663063,-0.057846643,-3.314368505,0.000000000,-0.000000000,6.000000000,2.500000000,3.143450975,180.106473998,0.000000000,-2.770881653,2.000000000,0.500000000,-2.880847216,-165.060386879,0.000000000,2.693999767,1.000000000,0.500000000,-0.189021111,-10.830111873,0.000000000,0.431064546,0.500000000,0.200000003,0.709263802,40.637822392,0.000000000,0.000112792,0.000000000,0.100000001
2026-07-04 23:18:27.714,1783178307.714726925,99.984900752,1,1,99.972734177,1,0.003726065,5,1,0.004697478,5,1,0,1,0,0,1,1,1,0,1,0,-1.000000000,0.000000000,0.000000000,0.000000000,0,-1.000000000,0,0,0,,0,-1.000000000,,0,0,0.000000000,0.000000000,0,-1.000000000,0,,0,-1.000000000,,0,-1.000000000,0,,1,-0.071961977,-4.123117544,-0.007326126,0.056165695,1,3.071733713,175.997377552,-0.002442360,-2.659828186,1,-2.880465746,-165.038530274,-0.002442360,2.687179565,1,-0.187495232,-10.742685451,-0.007326126,0.422466278,1,0.709647179,40.659788280,0.012210846,-0.003663063,-0.057846643,-3.314368505,0.000000000,-0.000000000,6.000000000,2.500000000,3.143450975,180.106473998,0.000000000,-2.770881653,2.000000000,0.500000000,-2.880847216,-165.060386879,0.000000000,2.693999767,1.000000000,0.500000000,-0.189021111,-10.830111873,0.000000000,0.431064546,0.500000000,0.200000003,0.709263802,40.637822392,0.000000000,0.000112792,0.000000000,0.100000001
2026-07-04 23:18:28.714,1783178308.714521646,100.984695541,1,1,100.972528966,1,0.003800593,5,1,0.004776893,5,1,0,1,0,0,1,1,1,0,1,0,-1.000000000,0.000000000,0.000000000,0.000000000,0,-1.000000000,0,0,0,,0,-1.000000000,,0,0,0.000000000,0.000000000,0,-1.000000000,0,,0,-1.000000000,,0,-1.000000000,0,,1,-0.071961977,-4.123117544,-0.007326126,0.061050415,1,3.071733713,175.997377552,-0.002442360,-2.646154404,1,-2.880465746,-165.038530274,-0.002442360,2.673503876,1,-0.187495232,-10.742685451,-0.007326126,0.422466278,1,0.709263802,40.637822392,0.012210846,-0.003663063,-0.057846643,-3.314368505,0.000000000,-0.000000000,6.000000000,2.500000000,3.143450975,180.106473998,0.000000000,-2.770881653,2.000000000,0.500000000,-2.880847216,-165.060386879,0.000000000,2.693999767,1.000000000,0.500000000,-0.189021111,-10.830111873,0.000000000,0.431064546,0.500000000,0.200000003,0.709263802,40.637822392,0.000000000,0.000112792,0.000000000,0.100000001
2026-07-04 23:18:29.714,1783178309.714308262,101.984482237,1,1,101.972315662,1,0.003733458,5,1,0.004639683,5,1,0,1,0,0,1,1,1,0,1,0,-1.000000000,0.000000000,0.000000000,0.000000000,0,-1.000000000,0,0,0,,0,-1.000000000,,0,0,0.000000000,0.000000000,0,-1.000000000,0,,0,-1.000000000,,0,-1.000000000,0,,1,-0.071961977,-4.123117544,-0.007326126,0.061050415,1,3.071733713,175.997377552,-0.002442360,-2.646154404,1,-2.880465746,-165.038530274,-0.002442360,2.687179565,1,-0.187495232,-10.742685451,-0.007326126,0.422466278,1,0.709263802,40.637822392,-0.012210846,-0.003663063,-0.057846643,-3.314368505,0.000000000,-0.000000000,6.000000000,2.500000000,3.143450975,180.106473998,0.000000000,-2.770881653,2.000000000,0.500000000,-2.880847216,-165.060386879,0.000000000,2.693999767,1.000000000,0.500000000,-0.189021111,-10.830111873,0.000000000,0.431064546,0.500000000,0.200000003,0.709263802,40.637822392,0.000000000,0.000112792,0.000000000,0.100000001
2026-07-04 23:18:30.714,1783178310.714079380,102.984253211,1,1,102.972086636,1,0.003584429,5,1,0.004620562,5,1,0,1,0,0,1,1,1,0,1,0,-1.000000000,0.000000000,0.000000000,0.000000000,0,-1.000000000,0,0,0,,0,-1.000000000,,0,0,0.000000000,0.000000000,0,-1.000000000,0,,0,-1.000000000,,0,-1.000000000,0,,1,-0.071961977,-4.123117544,-0.021978378,0.056165695,1,3.071733713,175.997377552,-0.007326126,-2.646154404,1,-2.880465746,-165.038530274,-0.002442360,2.673503876,1,-0.187495232,-10.742685451,0.007326126,0.422466278,1,0.709263802,40.637822392,-0.036628723,-0.003663063,-0.057846643,-3.314368505,0.000000000,-0.000000000,6.000000000,2.500000000,3.143450975,180.106473998,0.000000000,-2.770881653,2.000000000,0.500000000,-2.880847216,-165.060386879,0.000000000,2.693999767,1.000000000,0.500000000,-0.189021111,-10.830111873,0.000000000,0.431064546,0.500000000,0.200000003,0.709263802,40.637822392,0.000000000,0.000112792,0.000000000,0.100000001
2026-07-04 23:18:31.714,1783178311.713866711,103.984040685,1,1,103.971874110,1,0.003594025,5,1,0.004806051,5,1,0,1,0,0,1,1,1,0,1,0,-1.000000000,0.000000000,0.000000000,0.000000000,0,-1.000000000,0,0,0,,0,-1.000000000,,0,0,0.000000000,0.000000000,0,-1.000000000,0,,0,-1.000000000,,0,-1.000000000,0,,1,-0.071961977,-4.123117544,0.007326126,0.061050415,1,3.071733713,175.997377552,-0.002442360,-2.646154404,1,-2.880465746,-165.038530274,-0.002442360,2.673503876,1,-0.187495232,-10.742685451,-0.021978378,0.422466278,1,0.709263802,40.637822392,-0.012210846,-0.003663063,-0.057846643,-3.314368505,0.000000000,-0.000000000,6.000000000,2.500000000,3.143450975,180.106473998,0.000000000,-2.770881653,2.000000000,0.500000000,-2.880847216,-165.060386879,0.000000000,2.693999767,1.000000000,0.500000000,-0.189021111,-10.830111873,0.000000000,0.431064546,0.500000000,0.200000003,0.709263802,40.637822392,0.000000000,0.000112792,0.000000000,0.100000001
2026-07-04 23:18:32.713,1783178312.713655710,104.983829643,1,1,104.971663068,1,0.003648478,5,1,0.004658279,5,1,0,1,0,0,1,1,1,0,1,0,-1.000000000,0.000000000,0.000000000,0.000000000,0,-1.000000000,0,0,0,,0,-1.000000000,,0,0,0.000000000,0.000000000,0,-1.000000000,0,,0,-1.000000000,,0,-1.000000000,0,,1,-0.071961977,-4.123117544,-0.021978378,0.061050415,1,3.071733713,175.997377552,0.002442360,-2.659828186,1,-2.880465746,-165.038530274,-0.002442360,2.673503876,1,-0.187495232,-10.742685451,-0.021978378,0.422466278,1,0.709263802,40.637822392,-0.012210846,-0.003663063,-0.057846643,-3.314368505,0.000000000,-0.000000000,6.000000000,2.500000000,3.143450975,180.106473998,0.000000000,-2.770881653,2.000000000,0.500000000,-2.880847216,-165.060386879,0.000000000,2.693999767,1.000000000,0.500000000,-0.189021111,-10.830111873,0.000000000,0.431064546,0.500000000,0.200000003,0.709263802,40.637822392,0.000000000,0.000112792,0.000000000,0.100000001
2026-07-04 23:18:33.713,1783178313.713434219,105.983607877,1,1,105.971441302,1,0.003550404,5,1,0.004736817,5,1,0,1,0,0,1,1,1,0,1,0,-1.000000000,0.000000000,0.000000000,0.000000000,0,-1.000000000,0,0,0,,0,-1.000000000,,0,0,0.000000000,0.000000000,0,-1.000000000,0,,0,-1.000000000,,0,-1.000000000,0,,1,-0.071961977,-4.123117544,-0.007326126,0.056165695,1,3.071733713,175.997377552,-0.002442360,-2.646154404,1,-2.880465746,-165.038530274,-0.002442360,2.673503876,1,-0.187495232,-10.742685451,0.007326126,0.422466278,1,0.709263802,40.637822392,-0.061050415,-0.003663063,-0.057846643,-3.314368505,0.000000000,-0.000000000,6.000000000,2.500000000,3.143450975,180.106473998,0.000000000,-2.770881653,2.000000000,0.500000000,-2.880847216,-165.060386879,0.000000000,2.693999767,1.000000000,0.500000000,-0.189021111,-10.830111873,0.000000000,0.431064546,0.500000000,0.200000003,0.709263802,40.637822392,0.000000000,0.000112792,0.000000000,0.100000001
2026-07-04 23:18:34.713,1783178314.713239908,106.983413720,1,1,106.971247145,1,0.003064192,5,1,0.004524450,5,1,0,1,0,0,1,1,1,0,1,0,-1.000000000,0.000000000,0.000000000,0.000000000,0,-1.000000000,0,0,0,,0,-1.000000000,,0,0,0.000000000,0.000000000,0,-1.000000000,0,,0,-1.000000000,,0,-1.000000000,0,,1,-0.071961977,-4.123117544,-0.007326126,0.061050415,1,3.071733713,175.997377552,-0.007326126,-2.659828186,1,-2.880465746,-165.038530274,-0.002442360,2.673503876,1,-0.187495232,-10.742685451,-0.007326126,0.422466278,1,0.709263802,40.637822392,0.012210846,-0.003663063,-0.057846643,-3.314368505,0.000000000,-0.000000000,6.000000000,2.500000000,3.143450975,180.106473998,0.000000000,-2.770881653,2.000000000,0.500000000,-2.880847216,-165.060386879,0.000000000,2.693999767,1.000000000,0.500000000,-0.189021111,-10.830111873,0.000000000,0.431064546,0.500000000,0.200000003,0.709263802,40.637822392,0.000000000,0.000112792,0.000000000,0.100000001
2026-07-04 23:18:35.713,1783178315.713022947,107.983196841,1,1,107.971030266,1,0.003723913,5,1,0.004763717,5,1,0,1,0,0,1,1,1,0,1,0,-1.000000000,0.000000000,0.000000000,0.000000000,0,-1.000000000,0,0,0,,0,-1.000000000,,0,0,0.000000000,0.000000000,0,-1.000000000,0,,0,-1.000000000,,0,-1.000000000,0,,1,-0.071961977,-4.123117544,-0.007326126,0.061050415,1,3.071733713,175.997377552,-0.002442360,-2.646154404,1,-2.880465746,-165.038530274,-0.002442360,2.673503876,1,-0.187495232,-10.742685451,-0.007326126,0.422466278,1,0.709263802,40.637822392,0.012210846,-0.003663063,-0.057846643,-3.314368505,0.000000000,-0.000000000,6.000000000,2.500000000,3.143450975,180.106473998,0.000000000,-2.770881653,2.000000000,0.500000000,-2.880847216,-165.060386879,0.000000000,2.693999767,1.000000000,0.500000000,-0.189021111,-10.830111873,0.000000000,0.431064546,0.500000000,0.200000003,0.709263802,40.637822392,0.000000000,0.000112792,0.000000000,0.100000001
2026-07-04 23:18:36.713,1783178316.712824583,108.982998498,1,1,108.970831923,1,0.003731160,5,1,0.004624779,5,1,0,1,0,0,1,1,1,0,1,0,-1.000000000,0.000000000,0.000000000,0.000000000,0,-1.000000000,0,0,0,,0,-1.000000000,,0,0,0.000000000,0.000000000,0,-1.000000000,0,,0,-1.000000000,,0,-1.000000000,0,,1,-0.071961977,-4.123117544,-0.007326126,0.061050415,1,3.071733713,175.997377552,-0.007326126,-2.659828186,1,-2.880465746,-165.038530274,-0.002442360,2.687179565,1,-0.187495232,-10.742685451,-0.007326126,0.422466278,1,0.709263802,40.637822392,-0.012210846,-0.003663063,-0.057846643,-3.314368505,0.000000000,-0.000000000,6.000000000,2.500000000,3.143450975,180.106473998,0.000000000,-2.770881653,2.000000000,0.500000000,-2.880847216,-165.060386879,0.000000000,2.693999767,1.000000000,0.500000000,-0.189021111,-10.830111873,0.000000000,0.431064546,0.500000000,0.200000003,0.709263802,40.637822392,0.000000000,0.000112792,0.000000000,0.100000001
2026-07-04 23:18:37.712,1783178317.712580204,109.982753879,1,1,109.970587304,1,0.003601804,5,1,0.004622784,5,1,0,1,0,0,1,1,1,0,1,0,-1.000000000,0.000000000,0.000000000,0.000000000,0,-1.000000000,0,0,0,,0,-1.000000000,,0,0,0.000000000,0.000000000,0,-1.000000000,0,,0,-1.000000000,,0,-1.000000000,0,,1,-0.071961977,-4.123117544,-0.007326126,0.056165695,1,3.071733713,175.997377552,-0.002442360,-2.659828186,1,-2.880465746,-165.038530274,-0.002442360,2.673503876,1,-0.187495232,-10.742685451,-0.007326126,0.422466278,1,0.709263802,40.637822392,0.036628723,-0.003663063,-0.057846643,-3.314368505,0.000000000,-0.000000000,6.000000000,2.500000000,3.143450975,180.106473998,0.000000000,-2.770881653,2.000000000,0.500000000,-2.880847216,-165.060386879,0.000000000,2.693999767,1.000000000,0.500000000,-0.189021111,-10.830111873,0.000000000,0.431064546,0.500000000,0.200000003,0.709263802,40.637822392,0.000000000,0.000112792,0.000000000,0.100000001
2026-07-04 23:18:38.712,1783178318.712423086,110.982597123,1,1,110.970430548,1,0.003724728,5,1,0.004645791,5,1,0,1,0,0,1,1,1,0,1,0,-1.000000000,0.000000000,0.000000000,0.000000000,0,-1.000000000,0,0,0,,0,-1.000000000,,0,0,0.000000000,0.000000000,0,-1.000000000,0,,0,-1.000000000,,0,-1.000000000,0,,1,-0.071961977,-4.123117544,-0.007326126,0.061050415,1,3.071733713,175.997377552,-0.002442360,-2.646154404,1,-2.880465746,-165.038530274,-0.002442360,2.687179565,1,-0.187495232,-10.742685451,-0.007326126,0.422466278,1,0.709263802,40.637822392,0.012210846,-0.003663063,-0.057846643,-3.314368505,0.000000000,-0.000000000,6.000000000,2.500000000,3.143450975,180.106473998,0.000000000,-2.770881653,2.000000000,0.500000000,-2.880847216,-165.060386879,0.000000000,2.693999767,1.000000000,0.500000000,-0.189021111,-10.830111873,0.000000000,0.431064546,0.500000000,0.200000003,0.709263802,40.637822392,0.000000000,0.000112792,0.000000000,0.100000001
2026-07-04 23:18:39.712,1783178319.712165833,111.982339664,1,1,111.970173089,1,0.003588125,5,1,0.004612607,5,1,0,1,0,0,1,1,1,0,1,0,-1.000000000,0.000000000,0.000000000,0.000000000,0,-1.000000000,0,0,0,,0,-1.000000000,,0,0,0.000000000,0.000000000,0,-1.000000000,0,,0,-1.000000000,,0,-1.000000000,0,,1,-0.071961977,-4.123117544,-0.007326126,0.061050415,1,3.071733713,175.997377552,0.002442360,-2.646154404,1,-2.880465746,-165.038530274,-0.002442360,2.673503876,1,-0.187495232,-10.742685451,0.007326126,0.422466278,1,0.709647179,40.659788280,-0.061050415,-0.003663063,-0.057846643,-3.314368505,0.000000000,-0.000000000,6.000000000,2.500000000,3.143450975,180.106473998,0.000000000,-2.770881653,2.000000000,0.500000000,-2.880847216,-165.060386879,0.000000000,2.693999767,1.000000000,0.500000000,-0.189021111,-10.830111873,0.000000000,0.431064546,0.500000000,0.200000003,0.709263802,40.637822392,0.000000000,0.000112792,0.000000000,0.100000001
2026-07-04 23:18:40.712,1783178320.711984158,112.982158068,1,1,112.969991493,1,0.003652774,5,1,0.004705948,5,1,0,1,0,0,1,1,1,0,1,0,-1.000000000,0.000000000,0.000000000,0.000000000,0,-1.000000000,0,0,0,,0,-1.000000000,,0,0,0.000000000,0.000000000,0,-1.000000000,0,,0,-1.000000000,,0,-1.000000000,0,,1,-0.071961977,-4.123117544,-0.007326126,0.061050415,1,3.071733713,175.997377552,0.002442360,-2.646154404,1,-2.880465746,-165.038530274,-0.007326126,2.673503876,1,-0.187495232,-10.742685451,-0.007326126,0.422466278,1,0.709263802,40.637822392,-0.036628723,-0.003663063,-0.057846643,-3.314368505,0.000000000,-0.000000000,6.000000000,2.500000000,3.143450975,180.106473998,0.000000000,-2.770881653,2.000000000,0.500000000,-2.880847216,-165.060386879,0.000000000,2.693999767,1.000000000,0.500000000,-0.189021111,-10.830111873,0.000000000,0.431064546,0.500000000,0.200000003,0.709263802,40.637822392,0.000000000,0.000112792,0.000000000,0.100000001
2026-07-04 23:18:41.711,1783178321.711712837,113.981886649,1,1,113.969720074,1,0.003657418,5,1,0.004694103,5,1,0,1,0,0,1,1,1,0,1,0,-1.000000000,0.000000000,0.000000000,0.000000000,0,-1.000000000,0,0,0,,0,-1.000000000,,0,0,0.000000000,0.000000000,0,-1.000000000,0,,0,-1.000000000,,0,-1.000000000,0,,1,-0.071961977,-4.123117544,-0.007326126,0.061050415,1,3.071733713,175.997377552,-0.002442360,-2.659828186,1,-2.880465746,-165.038530274,-0.002442360,2.673503876,1,-0.187495232,-10.742685451,-0.007326126,0.422466278,1,0.709263802,40.637822392,0.036628723,-0.003663063,-0.057846643,-3.314368505,0.000000000,-0.000000000,6.000000000,2.500000000,3.143450975,180.106473998,0.000000000,-2.770881653,2.000000000,0.500000000,-2.880847216,-165.060386879,0.000000000,2.693999767,1.000000000,0.500000000,-0.189021111,-10.830111873,0.000000000,0.431064546,0.500000000,0.200000003,0.709263802,40.637822392,0.000000000,0.000112792,0.000000000,0.100000001
2026-07-04 23:18:42.711,1783178322.711503983,114.981677740,1,1,114.969511165,1,0.003845394,5,1,0.004815550,5,1,0,1,0,0,1,1,1,0,1,0,-1.000000000,0.000000000,0.000000000,0.000000000,0,-1.000000000,0,0,0,,0,-1.000000000,,0,0,0.000000000,0.000000000,0,-1.000000000,0,,0,-1.000000000,,0,-1.000000000,0,,1,-0.071961977,-4.123117544,-0.007326126,0.061050415,1,3.071733713,175.997377552,-0.002442360,-2.659828186,1,-2.880465746,-165.038530274,-0.002442360,2.687179565,1,-0.187495232,-10.742685451,-0.007326126,0.422466278,1,0.709263802,40.637822392,-0.012210846,-0.003663063,-0.057846643,-3.314368505,0.000000000,-0.000000000,6.000000000,2.500000000,3.143450975,180.106473998,0.000000000,-2.770881653,2.000000000,0.500000000,-2.880847216,-165.060386879,0.000000000,2.693999767,1.000000000,0.500000000,-0.189021111,-10.830111873,0.000000000,0.431064546,0.500000000,0.200000003,0.709263802,40.637822392,0.000000000,0.000112792,0.000000000,0.100000001
2026-07-04 23:18:43.711,1783178323.711324692,115.981498547,1,1,115.969331972,1,0.003092855,5,1,0.004145645,5,1,0,1,0,0,1,1,1,0,1,0,-1.000000000,0.000000000,0.000000000,0.000000000,0,-1.000000000,0,0,0,,0,-1.000000000,,0,0,0.000000000,0.000000000,0,-1.000000000,0,,0,-1.000000000,,0,-1.000000000,0,,1,-0.071961977,-4.123117544,-0.007326126,0.056165695,1,3.071733713,175.997377552,-0.002442360,-2.659828186,1,-2.880465746,-165.038530274,-0.002442360,2.673503876,1,-0.187495232,-10.742685451,-0.021978378,0.422466278,1,0.709263802,40.637822392,-0.012210846,-0.003663063,-0.057846643,-3.314368505,0.000000000,-0.000000000,6.000000000,2.500000000,3.143450975,180.106473998,0.000000000,-2.770881653,2.000000000,0.500000000,-2.880847216,-165.060386879,0.000000000,2.693999767,1.000000000,0.500000000,-0.189021111,-10.830111873,0.000000000,0.431064546,0.500000000,0.200000003,0.709263802,40.637822392,0.000000000,0.000112792,0.000000000,0.100000001
2026-07-04 23:18:44.711,1783178324.711237431,116.981411326,1,1,116.969244751,1,0.003974302,5,1,0.004480543,5,1,0,1,0,0,1,1,1,0,1,0,-1.000000000,0.000000000,0.000000000,0.000000000,0,-1.000000000,0,0,0,,0,-1.000000000,,0,0,0.000000000,0.000000000,0,-1.000000000,0,,0,-1.000000000,,0,-1.000000000,0,,1,-0.071961977,-4.123117544,-0.007326126,0.061050415,1,3.071733713,175.997377552,-0.002442360,-2.659828186,1,-2.880465746,-165.038530274,-0.002442360,2.659828186,1,-0.187495232,-10.742685451,-0.007326126,0.422466278,1,0.709647179,40.659788280,0.012210846,-0.003663063,-0.057846643,-3.314368505,0.000000000,-0.000000000,6.000000000,2.500000000,3.143450975,180.106473998,0.000000000,-2.770881653,2.000000000,0.500000000,-2.880847216,-165.060386879,0.000000000,2.693999767,1.000000000,0.500000000,-0.189021111,-10.830111873,0.000000000,0.431064546,0.500000000,0.200000003,0.709263802,40.637822392,0.000000000,0.000112792,0.000000000,0.100000001
2026-07-04 23:18:45.710,1783178325.710891962,117.981065805,1,1,117.968899230,1,0.003738858,5,1,0.004655065,5,1,0,1,0,0,1,1,1,0,1,0,-1.000000000,0.000000000,0.000000000,0.000000000,0,-1.000000000,0,0,0,,0,-1.000000000,,0,0,0.000000000,0.000000000,0,-1.000000000,0,,0,-1.000000000,,0,-1.000000000,0,,1,-0.071961977,-4.123117544,0.007326126,0.061050415,1,3.071733713,175.997377552,-0.002442360,-2.646154404,1,-2.880465746,-165.038530274,-0.002442360,2.673503876,1,-0.187495232,-10.742685451,0.007326126,0.422466278,1,0.709263802,40.637822392,-0.012210846,-0.003663063,-0.057846643,-3.314368505,0.000000000,-0.000000000,6.000000000,2.500000000,3.143450975,180.106473998,0.000000000,-2.770881653,2.000000000,0.500000000,-2.880847216,-165.060386879,0.000000000,2.693999767,1.000000000,0.500000000,-0.189021111,-10.830111873,0.000000000,0.431064546,0.500000000,0.200000003,0.709263802,40.637822392,0.000000000,0.000112792,0.000000000,0.100000001
2026-07-04 23:18:46.710,1783178326.710676670,118.980850698,1,1,118.968684123,1,0.003837965,5,1,0.004600625,5,1,0,1,0,0,1,1,1,0,1,0,-1.000000000,0.000000000,0.000000000,0.000000000,0,-1.000000000,0,0,0,,0,-1.000000000,,0,0,0.000000000,0.000000000,0,-1.000000000,0,,0,-1.000000000,,0,-1.000000000,0,,1,-0.071961977,-4.123117544,0.007326126,0.061050415,1,3.071733713,175.997377552,-0.002442360,-2.646154404,1,-2.880465746,-165.038530274,-0.002442360,2.687179565,1,-0.187495232,-10.742685451,-0.007326126,0.417582512,1,0.709263802,40.637822392,-0.036628723,-0.003663063,-0.057846643,-3.314368505,0.000000000,-0.000000000,6.000000000,2.500000000,3.143450975,180.106473998,0.000000000,-2.770881653,2.000000000,0.500000000,-2.880847216,-165.060386879,0.000000000,2.693999767,1.000000000,0.500000000,-0.189021111,-10.830111873,0.000000000,0.431064546,0.500000000,0.200000003,0.709263802,40.637822392,0.000000000,0.000112792,0.000000000,0.100000001
2026-07-04 23:18:47.710,1783178327.710486412,119.980660310,1,1,119.968493735,1,0.003519258,5,1,0.004652388,5,1,0,1,0,0,1,1,1,0,1,0,-1.000000000,0.000000000,0.000000000,0.000000000,0,-1.000000000,0,0,0,,0,-1.000000000,,0,0,0.000000000,0.000000000,0,-1.000000000,0,,0,-1.000000000,,0,-1.000000000,0,,1,-0.071580507,-4.101260939,-0.007326126,0.031745911,1,3.071733713,175.997377552,-0.002442360,-2.646154404,1,-2.880465746,-165.038530274,-0.002442360,2.673503876,1,-0.187495232,-10.742685451,-0.007326126,0.422466278,1,0.709263802,40.637822392,-0.036628723,-0.003663063,-0.057846643,-3.314368505,0.000000000,-0.000000000,6.000000000,2.500000000,3.143450975,180.106473998,0.000000000,-2.770881653,2.000000000,0.500000000,-2.880847216,-165.060386879,0.000000000,2.693999767,1.000000000,0.500000000,-0.189021111,-10.830111873,0.000000000,0.431064546,0.500000000,0.200000003,0.709263802,40.637822392,0.000000000,0.000112792,0.000000000,0.100000001
2026-07-04 23:18:48.710,1783178328.710256577,120.980430547,1,1,120.968263972,1,0.003827237,5,1,0.004649532,5,1,0,1,0,0,1,1,1,0,1,0,-1.000000000,0.000000000,0.000000000,0.000000000,0,-1.000000000,0,0,0,,0,-1.000000000,,0,0,0.000000000,0.000000000,0,-1.000000000,0,,0,-1.000000000,,0,-1.000000000,0,,1,-0.071961977,-4.123117544,-0.007326126,0.061050415,1,3.071733713,175.997377552,-0.002442360,-2.646154404,1,-2.880465746,-165.038530274,-0.002442360,2.687179565,1,-0.187495232,-10.742685451,-0.007326126,0.422466278,1,0.709263802,40.637822392,0.012210846,-0.003663063,-0.057846643,-3.314368505,0.000000000,-0.000000000,6.000000000,2.500000000,3.143450975,180.106473998,0.000000000,-2.770881653,2.000000000,0.500000000,-2.880847216,-165.060386879,0.000000000,2.693999767,1.000000000,0.500000000,-0.189021111,-10.830111873,0.000000000,0.431064546,0.500000000,0.200000003,0.709263802,40.637822392,0.000000000,0.000112792,0.000000000,0.100000001
2026-07-04 23:18:49.710,1783178329.710079432,121.980253233,1,1,121.968086658,1,0.003863320,5,1,0.004612493,5,1,0,1,0,0,1,1,1,0,1,0,-1.000000000,0.000000000,0.000000000,0.000000000,0,-1.000000000,0,0,0,,0,-1.000000000,,0,0,0.000000000,0.000000000,0,-1.000000000,0,,0,-1.000000000,,0,-1.000000000,0,,1,-0.071961977,-4.123117544,-0.007326126,0.061050415,1,3.071733713,175.997377552,0.002442360,-2.646154404,1,-2.880465746,-165.038530274,-0.002442360,2.673503876,1,-0.187495232,-10.742685451,-0.007326126,0.422466278,1,0.709263802,40.637822392,-0.012210846,-0.003663063,-0.057846643,-3.314368505,0.000000000,-0.000000000,6.000000000,2.500000000,3.143450975,180.106473998,0.000000000,-2.770881653,2.000000000,0.500000000,-2.880847216,-165.060386879,0.000000000,2.693999767,1.000000000,0.500000000,-0.189021111,-10.830111873,0.000000000,0.431064546,0.500000000,0.200000003,0.709263802,40.637822392,0.000000000,0.000112792,0.000000000,0.100000001
2026-07-04 23:18:50.709,1783178330.709875107,122.980049123,1,1,122.967882548,1,0.003817067,5,1,0.004718895,5,1,0,1,0,0,1,1,1,0,1,0,-1.000000000,0.000000000,0.000000000,0.000000000,0,-1.000000000,0,0,0,,0,-1.000000000,,0,0,0.000000000,0.000000000,0,-1.000000000,0,,0,-1.000000000,,0,-1.000000000,0,,1,-0.071580507,-4.101260939,0.007326126,0.061050415,1,3.071733713,175.997377552,-0.002442360,-2.646154404,1,-2.880465746,-165.038530274,-0.002442360,2.687179565,1,-0.187495232,-10.742685451,0.021978378,0.422466278,1,0.709263802,40.637822392,-0.036628723,-0.003663063,-0.057846643,-3.314368505,0.000000000,-0.000000000,6.000000000,2.500000000,3.143450975,180.106473998,0.000000000,-2.770881653,2.000000000,0.500000000,-2.880847216,-165.060386879,0.000000000,2.693999767,1.000000000,0.500000000,-0.189021111,-10.830111873,0.000000000,0.431064546,0.500000000,0.200000003,0.709263802,40.637822392,0.000000000,0.000112792,0.000000000,0.100000001
2026-07-04 23:18:51.709,1783178331.709621429,123.979795467,1,1,123.967628892,1,0.003760767,5,1,0.004687251,5,1,0,1,0,0,1,1,1,0,1,0,-1.000000000,0.000000000,0.000000000,0.000000000,0,-1.000000000,0,0,0,,0,-1.000000000,,0,0,0.000000000,0.000000000,0,-1.000000000,0,,0,-1.000000000,,0,-1.000000000,0,,1,-0.071961977,-4.123117544,-0.007326126,0.061050415,1,3.071733713,175.997377552,-0.002442360,-2.659828186,1,-2.880465746,-165.038530274,-0.002442360,2.687179565,1,-0.187495232,-10.742685451,-0.007326126,0.422466278,1,0.709263802,40.637822392,-0.012210846,-0.003663063,-0.057846643,-3.314368505,0.000000000,-0.000000000,6.000000000,2.500000000,3.143450975,180.106473998,0.000000000,-2.770881653,2.000000000,0.500000000,-2.880847216,-165.060386879,0.000000000,2.693999767,1.000000000,0.500000000,-0.189021111,-10.830111873,0.000000000,0.431064546,0.500000000,0.200000003,0.709263802,40.637822392,0.000000000,0.000112792,0.000000000,0.100000001
2026-07-04 23:18:52.709,1783178332.709385872,124.979559717,1,1,124.967393142,1,0.003328070,5,1,0.004677448,5,1,0,1,0,0,1,1,1,0,1,0,-1.000000000,0.000000000,0.000000000,0.000000000,0,-1.000000000,0,0,0,,0,-1.000000000,,0,0,0.000000000,0.000000000,0,-1.000000000,0,,0,-1.000000000,,0,-1.000000000,0,,1,-0.071961977,-4.123117544,-0.021978378,0.056165695,1,3.071733713,175.997377552,-0.002442360,-2.659828186,1,-2.880465746,-165.038530274,-0.002442360,2.673503876,1,-0.187495232,-10.742685451,-0.021978378,0.422466278,1,0.709263802,40.637822392,-0.012210846,-0.003663063,-0.057846643,-3.314368505,0.000000000,-0.000000000,6.000000000,2.500000000,3.143450975,180.106473998,0.000000000,-2.770881653,2.000000000,0.500000000,-2.880847216,-165.060386879,0.000000000,2.693999767,1.000000000,0.500000000,-0.189021111,-10.830111873,0.000000000,0.431064546,0.500000000,0.200000003,0.709263802,40.637822392,0.000000000,0.000112792,0.000000000,0.100000001
2026-07-04 23:18:53.709,1783178333.709290266,125.979464001,1,1,125.967297426,1,0.003572305,5,1,0.004583532,5,1,0,1,0,0,1,1,1,0,1,0,-1.000000000,0.000000000,0.000000000,0.000000000,0,-1.000000000,0,0,0,,0,-1.000000000,,0,0,0.000000000,0.000000000,0,-1.000000000,0,,0,-1.000000000,,0,-1.000000000,0,,1,-0.071580507,-4.101260939,0.007326126,0.056165695,1,3.071733713,175.997377552,-0.002442360,-2.646154404,1,-2.880465746,-165.038530274,-0.002442360,2.687179565,1,-0.187495232,-10.742685451,-0.007326126,0.422466278,1,0.709263802,40.637822392,-0.012210846,-0.003663063,-0.057846643,-3.314368505,0.000000000,-0.000000000,6.000000000,2.500000000,3.143450975,180.106473998,0.000000000,-2.770881653,2.000000000,0.500000000,-2.880847216,-165.060386879,0.000000000,2.693999767,1.000000000,0.500000000,-0.189021111,-10.830111873,0.000000000,0.431064546,0.500000000,0.200000003,0.709263802,40.637822392,0.000000000,0.000112792,0.000000000,0.100000001
2026-07-04 23:18:54.709,1783178334.708988190,126.979161891,1,1,126.966995316,1,0.003804878,5,1,0.004448483,5,1,0,1,0,0,1,1,1,0,1,0,-1.000000000,0.000000000,0.000000000,0.000000000,0,-1.000000000,0,0,0,,0,-1.000000000,,0,0,0.000000000,0.000000000,0,-1.000000000,0,,0,-1.000000000,,0,-1.000000000,0,,1,-0.071961977,-4.123117544,-0.007326126,0.061050415,1,3.071733713,175.997377552,-0.002442360,-2.659828186,1,-2.880465746,-165.038530274,-0.002442360,2.687179565,1,-0.187495232,-10.742685451,-0.021978378,0.422466278,1,0.709647179,40.659788280,-0.012210846,-0.003663063,-0.057846643,-3.314368505,0.000000000,-0.000000000,6.000000000,2.500000000,3.143450975,180.106473998,0.000000000,-2.770881653,2.000000000,0.500000000,-2.880847216,-165.060386879,0.000000000,2.693999767,1.000000000,0.500000000,-0.189021111,-10.830111873,0.000000000,0.431064546,0.500000000,0.200000003,0.709263802,40.637822392,0.000000000,0.000112792,0.000000000,0.100000001
2026-07-04 23:18:55.708,1783178335.708745241,127.978919101,1,1,127.966752526,1,0.003914135,5,1,0.004687373,5,1,0,1,0,0,1,1,1,0,1,0,-1.000000000,0.000000000,0.000000000,0.000000000,0,-1.000000000,0,0,0,,0,-1.000000000,,0,0,0.000000000,0.000000000,0,-1.000000000,0,,0,-1.000000000,,0,-1.000000000,0,,1,-0.071961977,-4.123117544,0.007326126,0.061050415,1,3.071733713,175.997377552,-0.002442360,-2.659828186,1,-2.880465746,-165.038530274,-0.002442360,2.673503876,1,-0.187495232,-10.742685451,-0.021978378,0.422466278,1,0.709263802,40.637822392,-0.012210846,-0.003663063,-0.057846643,-3.314368505,0.000000000,-0.000000000,6.000000000,2.500000000,3.143450975,180.106473998,0.000000000,-2.770881653,2.000000000,0.500000000,-2.880847216,-165.060386879,0.000000000,2.693999767,1.000000000,0.500000000,-0.189021111,-10.830111873,0.000000000,0.431064546,0.500000000,0.200000003,0.709263802,40.637822392,0.000000000,0.000112792,0.000000000,0.100000001
2026-07-04 23:18:56.708,1783178336.708561659,128.978735597,1,1,128.966569022,1,0.003655796,5,1,0.004626565,5,1,0,1,0,0,1,1,1,0,1,0,-1.000000000,0.000000000,0.000000000,0.000000000,0,-1.000000000,0,0,0,,0,-1.000000000,,0,0,0.000000000,0.000000000,0,-1.000000000,0,,0,-1.000000000,,0,-1.000000000,0,,1,-0.071961977,-4.123117544,0.007326126,0.061050415,1,3.071733713,175.997377552,0.002442360,-2.659828186,1,-2.880465746,-165.038530274,-0.002442360,2.673503876,1,-0.187495232,-10.742685451,-0.007326126,0.422466278,1,0.709263802,40.637822392,0.012210846,-0.003663063,-0.057846643,-3.314368505,0.000000000,-0.000000000,6.000000000,2.500000000,3.143450975,180.106473998,0.000000000,-2.770881653,2.000000000,0.500000000,-2.880847216,-165.060386879,0.000000000,2.693999767,1.000000000,0.500000000,-0.189021111,-10.830111873,0.000000000,0.431064546,0.500000000,0.200000003,0.709263802,40.637822392,0.000000000,0.000112792,0.000000000,0.100000001
2026-07-04 23:18:57.708,1783178337.708305359,129.978479323,1,1,129.966312748,1,0.003564273,5,1,0.004567114,5,1,0,1,0,0,1,1,1,0,1,0,-1.000000000,0.000000000,0.000000000,0.000000000,0,-1.000000000,0,0,0,,0,-1.000000000,,0,0,0.000000000,0.000000000,0,-1.000000000,0,,0,-1.000000000,,0,-1.000000000,0,,1,-0.071961977,-4.123117544,-0.007326126,0.056165695,1,3.071733713,175.997377552,-0.007326126,-2.646154404,1,-2.880465746,-165.038530274,-0.002442360,2.673503876,1,-0.187495232,-10.742685451,0.007326126,0.422466278,1,0.709263802,40.637822392,-0.036628723,-0.003663063,-0.057846643,-3.314368505,0.000000000,-0.000000000,6.000000000,2.500000000,3.143450975,180.106473998,0.000000000,-2.770881653,2.000000000,0.500000000,-2.880847216,-165.060386879,0.000000000,2.693999767,1.000000000,0.500000000,-0.189021111,-10.830111873,0.000000000,0.431064546,0.500000000,0.200000003,0.709263802,40.637822392,0.000000000,0.000112792,0.000000000,0.100000001
2026-07-04 23:18:58.708,1783178338.708109379,130.978283085,1,1,130.966116510,1,0.003925233,5,1,0.004794199,5,1,0,1,0,0,1,1,1,0,1,0,-1.000000000,0.000000000,0.000000000,0.000000000,0,-1.000000000,0,0,0,,0,-1.000000000,,0,0,0.000000000,0.000000000,0,-1.000000000,0,,0,-1.000000000,,0,-1.000000000,0,,1,-0.071961977,-4.123117544,-0.007326126,0.061050415,1,3.071733713,175.997377552,-0.002442360,-2.646154404,1,-2.880465746,-165.038530274,-0.002442360,2.673503876,1,-0.187495232,-10.742685451,-0.007326126,0.422466278,1,0.709263802,40.637822392,-0.036628723,-0.003663063,-0.057846643,-3.314368505,0.000000000,-0.000000000,6.000000000,2.500000000,3.143450975,180.106473998,0.000000000,-2.770881653,2.000000000,0.500000000,-2.880847216,-165.060386879,0.000000000,2.693999767,1.000000000,0.500000000,-0.189021111,-10.830111873,0.000000000,0.431064546,0.500000000,0.200000003,0.709263802,40.637822392,0.000000000,0.000112792,0.000000000,0.100000001
2026-07-04 23:18:59.708,1783178339.707893610,131.978067431,1,1,131.965900856,1,0.003663349,5,1,0.004654117,5,1,0,1,0,0,1,1,1,0,1,0,-1.000000000,0.000000000,0.000000000,0.000000000,0,-1.000000000,0,0,0,,0,-1.000000000,,0,0,0.000000000,0.000000000,0,-1.000000000,0,,0,-1.000000000,,0,-1.000000000,0,,1,-0.071961977,-4.123117544,-0.007326126,0.061050415,1,3.071733713,175.997377552,-0.002442360,-2.646154404,1,-2.880465746,-165.038530274,-0.002442360,2.673503876,1,-0.187495232,-10.742685451,-0.007326126,0.422466278,1,0.709263802,40.637822392,-0.036628723,-0.003663063,-0.057846643,-3.314368505,0.000000000,-0.000000000,6.000000000,2.500000000,3.143450975,180.106473998,0.000000000,-2.770881653,2.000000000,0.500000000,-2.880847216,-165.060386879,0.000000000,2.693999767,1.000000000,0.500000000,-0.189021111,-10.830111873,0.000000000,0.431064546,0.500000000,0.200000003,0.709263802,40.637822392,0.000000000,0.000112792,0.000000000,0.100000001
2026-07-04 23:19:00.707,1783178340.707707882,132.977881628,1,1,132.965715053,1,0.003712018,5,1,0.004694701,5,1,0,1,0,0,1,1,1,0,1,0,-1.000000000,0.000000000,0.000000000,0.000000000,0,-1.000000000,0,0,0,,0,-1.000000000,,0,0,0.000000000,0.000000000,0,-1.000000000,0,,0,-1.000000000,,0,-1.000000000,0,,1,-0.071961977,-4.123117544,-0.007326126,0.056165695,1,3.071733713,175.997377552,0.002442360,-2.646154404,1,-2.880465746,-165.038530274,-0.002442360,2.673503876,1,-0.187495232,-10.742685451,0.007326126,0.422466278,1,0.709263802,40.637822392,-0.012210846,-0.003663063,-0.057846643,-3.314368505,0.000000000,-0.000000000,6.000000000,2.500000000,3.143450975,180.106473998,0.000000000,-2.770881653,2.000000000,0.500000000,-2.880847216,-165.060386879,0.000000000,2.693999767,1.000000000,0.500000000,-0.189021111,-10.830111873,0.000000000,0.431064546,0.500000000,0.200000003,0.709263802,40.637822392,0.000000000,0.000112792,0.000000000,0.100000001
2026-07-04 23:19:01.707,1783178341.707547903,133.977721822,1,1,133.965555247,1,0.003629602,5,1,0.004691614,5,1,0,1,0,0,1,1,1,0,1,0,-1.000000000,0.000000000,0.000000000,0.000000000,0,-1.000000000,0,0,0,,0,-1.000000000,,0,0,0.000000000,0.000000000,0,-1.000000000,0,,0,-1.000000000,,0,-1.000000000,0,,1,-0.071961977,-4.123117544,-0.021978378,0.061050415,1,3.071733713,175.997377552,-0.002442360,-2.646154404,1,-2.880465746,-165.038530274,-0.002442360,2.673503876,1,-0.187495232,-10.742685451,-0.007326126,0.422466278,1,0.709263802,40.637822392,0.012210846,-0.003663063,-0.057846643,-3.314368505,0.000000000,-0.000000000,6.000000000,2.500000000,3.143450975,180.106473998,0.000000000,-2.770881653,2.000000000,0.500000000,-2.880847216,-165.060386879,0.000000000,2.693999767,1.000000000,0.500000000,-0.189021111,-10.830111873,0.000000000,0.431064546,0.500000000,0.200000003,0.709263802,40.637822392,0.000000000,0.000112792,0.000000000,0.100000001
2026-07-04 23:19:02.707,1783178342.707293987,134.977467677,1,1,134.965301102,1,0.003665691,5,1,0.004433170,5,1,0,1,0,0,1,1,1,0,1,0,-1.000000000,0.000000000,0.000000000,0.000000000,0,-1.000000000,0,0,0,,0,-1.000000000,,0,0,0.000000000,0.000000000,0,-1.000000000,0,,0,-1.000000000,,0,-1.000000000,0,,1,-0.071961977,-4.123117544,0.007326126,0.056165695,1,3.071733713,175.997377552,-0.007326126,-2.646154404,1,-2.880465746,-165.038530274,-0.002442360,2.673503876,1,-0.187495232,-10.742685451,-0.007326126,0.422466278,1,0.709263802,40.637822392,-0.012210846,-0.003663063,-0.057846643,-3.314368505,0.000000000,-0.000000000,6.000000000,2.500000000,3.143450975,180.106473998,0.000000000,-2.770881653,2.000000000,0.500000000,-2.880847216,-165.060386879,0.000000000,2.693999767,1.000000000,0.500000000,-0.189021111,-10.830111873,0.000000000,0.431064546,0.500000000,0.200000003,0.709263802,40.637822392,0.000000000,0.000112792,0.000000000,0.100000001
2026-07-04 23:19:03.707,1783178343.707025051,135.977198949,1,1,135.965032374,1,0.003849354,5,1,0.004725702,5,1,0,1,0,0,1,1,1,0,1,0,-1.000000000,0.000000000,0.000000000,0.000000000,0,-1.000000000,0,0,0,,0,-1.000000000,,0,0,0.000000000,0.000000000,0,-1.000000000,0,,0,-1.000000000,,0,-1.000000000,0,,1,-0.071961977,-4.123117544,-0.007326126,0.056165695,1,3.071733713,175.997377552,-0.002442360,-2.659828186,1,-2.880465746,-165.038530274,-0.002442360,2.687179565,0,-0.187495232,-10.742685451,-0.007326126,0.422466278,1,0.709263802,40.637822392,-0.012210846,-0.003663063,-0.057846643,-3.314368505,0.000000000,-0.000000000,6.000000000,2.500000000,3.143450975,180.106473998,0.000000000,-2.770881653,2.000000000,0.500000000,-2.880847216,-165.060386879,0.000000000,2.693999767,1.000000000,0.500000000,-0.189021111,-10.830111873,0.000000000,0.431064546,0.500000000,0.200000003,0.709263802,40.637822392,0.000000000,0.000112792,0.000000000,0.100000001
2026-07-04 23:19:04.707,1783178344.706890583,136.977064218,1,1,136.964897643,1,0.003855040,5,1,0.004713086,5,1,0,1,0,0,1,1,1,0,1,0,-1.000000000,0.000000000,0.000000000,0.000000000,0,-1.000000000,0,0,0,,0,-1.000000000,,0,0,0.000000000,0.000000000,0,-1.000000000,0,,0,-1.000000000,,0,-1.000000000,0,,1,-0.071961977,-4.123117544,-0.007326126,0.061050415,1,3.071733713,175.997377552,-0.002442360,-2.646154404,1,-2.880465746,-165.038530274,-0.002442360,2.687179565,1,-0.187495232,-10.742685451,-0.007326126,0.422466278,1,0.709647179,40.659788280,0.036628723,-0.003663063,-0.057846643,-3.314368505,0.000000000,-0.000000000,6.000000000,2.500000000,3.143450975,180.106473998,0.000000000,-2.770881653,2.000000000,0.500000000,-2.880847216,-165.060386879,0.000000000,2.693999767,1.000000000,0.500000000,-0.189021111,-10.830111873,0.000000000,0.431064546,0.500000000,0.200000003,0.709263802,40.637822392,0.000000000,0.000112792,0.000000000,0.100000001
2026-07-04 23:19:05.706,1783178345.706614494,137.976788328,1,1,137.964621753,1,0.003269675,5,1,0.004580401,5,1,0,1,0,0,1,1,1,0,1,0,-1.000000000,0.000000000,0.000000000,0.000000000,0,-1.000000000,0,0,0,,0,-1.000000000,,0,0,0.000000000,0.000000000,0,-1.000000000,0,,0,-1.000000000,,0,-1.000000000,0,,1,-0.071961977,-4.123117544,-0.007326126,0.061050415,1,3.071733713,175.997377552,-0.007326126,-2.646154404,1,-2.880465746,-165.038530274,-0.002442360,2.673503876,1,-0.187876701,-10.764542056,-0.021978378,0.422466278,1,0.709263802,40.637822392,-0.036628723,-0.003663063,-0.057846643,-3.314368505,0.000000000,-0.000000000,6.000000000,2.500000000,3.143450975,180.106473998,0.000000000,-2.770881653,2.000000000,0.500000000,-2.880847216,-165.060386879,0.000000000,2.693999767,1.000000000,0.500000000,-0.189021111,-10.830111873,0.000000000,0.431064546,0.500000000,0.200000003,0.709263802,40.637822392,0.000000000,0.000112792,0.000000000,0.100000001
2026-07-04 23:19:06.706,1783178346.706464529,138.976638461,1,1,138.964471886,1,0.003875908,5,1,0.004534745,5,1,0,1,0,0,1,1,1,0,1,0,-1.000000000,0.000000000,0.000000000,0.000000000,0,-1.000000000,0,0,0,,0,-1.000000000,,0,0,0.000000000,0.000000000,0,-1.000000000,0,,0,-1.000000000,,0,-1.000000000,0,,1,-0.071961977,-4.123117544,0.007326126,0.061050415,1,3.071733713,175.997377552,-0.002442360,-2.659828186,1,-2.880465746,-165.038530274,-0.002442360,2.687179565,1,-0.187876701,-10.764542056,-0.007326126,0.422466278,1,0.709263802,40.637822392,-0.036628723,-0.003663063,-0.057846643,-3.314368505,0.000000000,-0.000000000,6.000000000,2.500000000,3.143450975,180.106473998,0.000000000,-2.770881653,2.000000000,0.500000000,-2.880847216,-165.060386879,0.000000000,2.693999767,1.000000000,0.500000000,-0.189021111,-10.830111873,0.000000000,0.431064546,0.500000000,0.200000003,0.709263802,40.637822392,0.000000000,0.000112792,0.000000000,0.100000001
2026-07-04 23:19:07.706,1783178347.706179619,139.976353444,1,1,139.964186869,1,0.003485891,5,1,0.004641005,5,1,0,1,0,0,1,1,1,0,1,0,-1.000000000,0.000000000,0.000000000,0.000000000,0,-1.000000000,0,0,0,,0,-1.000000000,,0,0,0.000000000,0.000000000,0,-1.000000000,0,,0,-1.000000000,,0,-1.000000000,0,,1,-0.071961977,-4.123117544,0.007326126,0.056165695,1,3.071733713,175.997377552,-0.002442360,-2.646154404,1,-2.880465746,-165.038530274,-0.002442360,2.673503876,1,-0.187495232,-10.742685451,-0.007326126,0.422466278,1,0.709263802,40.637822392,-0.012210846,-0.003663063,-0.057846643,-3.314368505,0.000000000,-0.000000000,6.000000000,2.500000000,3.143450975,180.106473998,0.000000000,-2.770881653,2.000000000,0.500000000,-2.880847216,-165.060386879,0.000000000,2.693999767,1.000000000,0.500000000,-0.189021111,-10.830111873,0.000000000,0.431064546,0.500000000,0.200000003,0.709263802,40.637822392,0.000000000,0.000112792,0.000000000,0.100000001
2026-07-04 23:19:08.706,1783178348.705994129,140.976168010,1,1,140.964001435,1,0.003795166,5,1,0.004607190,5,1,0,1,0,0,1,1,1,0,1,0,-1.000000000,0.000000000,0.000000000,0.000000000,0,-1.000000000,0,0,0,,0,-1.000000000,,0,0,0.000000000,0.000000000,0,-1.000000000,0,,0,-1.000000000,,0,-1.000000000,0,,1,-0.071961977,-4.123117544,0.007326126,0.061050415,1,3.071733713,175.997377552,-0.002442360,-2.659828186,1,-2.880465746,-165.038530274,0.002442360,2.687179565,1,-0.187495232,-10.742685451,-0.007326126,0.422466278,1,0.709263802,40.637822392,-0.012210846,-0.003663063,-0.057846643,-3.314368505,0.000000000,-0.000000000,6.000000000,2.500000000,3.143450975,180.106473998,0.000000000,-2.770881653,2.000000000,0.500000000,-2.880847216,-165.060386879,0.000000000,2.693999767,1.000000000,0.500000000,-0.189021111,-10.830111873,0.000000000,0.431064546,0.500000000,0.200000003,0.709263802,40.637822392,0.000000000,0.000112792,0.000000000,0.100000001
2026-07-04 23:19:09.705,1783178349.705739498,141.975913366,1,1,141.963746791,1,0.003596474,5,1,0.004578880,5,1,0,1,0,0,1,1,1,0,1,0,-1.000000000,0.000000000,0.000000000,0.000000000,0,-1.000000000,0,0,0,,0,-1.000000000,,0,0,0.000000000,0.000000000,0,-1.000000000,0,,0,-1.000000000,,0,-1.000000000,0,,1,-0.071961977,-4.123117544,-0.021978378,0.061050415,1,3.071733713,175.997377552,-0.002442360,-2.646154404,1,-2.880465746,-165.038530274,-0.002442360,2.673503876,1,-0.187495232,-10.742685451,-0.007326126,0.422466278,1,0.709647179,40.659788280,0.012210846,-0.003663063,-0.057846643,-3.314368505,0.000000000,-0.000000000,6.000000000,2.500000000,3.143450975,180.106473998,0.000000000,-2.770881653,2.000000000,0.500000000,-2.880847216,-165.060386879,0.000000000,2.693999767,1.000000000,0.500000000,-0.189021111,-10.830111873,0.000000000,0.431064546,0.500000000,0.200000003,0.709263802,40.637822392,0.000000000,0.000112792,0.000000000,0.100000001
2026-07-04 23:19:10.705,1783178350.705582619,142.975756434,1,1,142.963589859,1,0.003963259,5,1,0.004729084,5,1,0,1,0,0,1,1,1,0,1,0,-1.000000000,0.000000000,0.000000000,0.000000000,0,-1.000000000,0,0,0,,0,-1.000000000,,0,0,0.000000000,0.000000000,0,-1.000000000,0,,0,-1.000000000,,0,-1.000000000,0,,1,-0.071961977,-4.123117544,-0.021978378,0.061050415,1,3.071733713,175.997377552,-0.002442360,-2.646154404,1,-2.880465746,-165.038530274,-0.002442360,2.687179565,1,-0.187495232,-10.742685451,-0.007326126,0.422466278,1,0.709263802,40.637822392,-0.012210846,-0.003663063,-0.057846643,-3.314368505,0.000000000,-0.000000000,6.000000000,2.500000000,3.143450975,180.106473998,0.000000000,-2.770881653,2.000000000,0.500000000,-2.880847216,-165.060386879,0.000000000,2.693999767,1.000000000,0.500000000,-0.189021111,-10.830111873,0.000000000,0.431064546,0.500000000,0.200000003,0.709263802,40.637822392,0.000000000,0.000112792,0.000000000,0.100000001
2026-07-04 23:19:11.705,1783178351.705348015,143.975521970,1,1,143.963355395,1,0.003646649,5,1,0.004683545,5,1,0,1,0,0,1,1,1,0,1,0,-1.000000000,0.000000000,0.000000000,0.000000000,0,-1.000000000,0,0,0,,0,-1.000000000,,0,0,0.000000000,0.000000000,0,-1.000000000,0,,0,-1.000000000,,0,-1.000000000,0,,1,-0.071961977,-4.123117544,-0.007326126,0.061050415,1,3.071733713,175.997377552,-0.002442360,-2.646154404,1,-2.880465746,-165.038530274,0.002442360,2.687179565,1,-0.187495232,-10.742685451,-0.007326126,0.422466278,1,0.709263802,40.637822392,0.012210846,-0.003663063,-0.057846643,-3.314368505,0.000000000,-0.000000000,6.000000000,2.500000000,3.143450975,180.106473998,0.000000000,-2.770881653,2.000000000,0.500000000,-2.880847216,-165.060386879,0.000000000,2.693999767,1.000000000,0.500000000,-0.189021111,-10.830111873,0.000000000,0.431064546,0.500000000,0.200000003,0.709263802,40.637822392,0.000000000,0.000112792,0.000000000,0.100000001
2026-07-04 23:19:12.705,1783178352.705181599,144.975355567,1,1,144.963188992,1,0.003666785,5,1,0.004758823,5,1,0,1,0,0,1,1,1,0,1,0,-1.000000000,0.000000000,0.000000000,0.000000000,0,-1.000000000,0,0,0,,0,-1.000000000,,0,0,0.000000000,0.000000000,0,-1.000000000,0,,0,-1.000000000,,0,-1.000000000,0,,1,-0.071961977,-4.123117544,-0.007326126,0.061050415,1,3.071733713,175.997377552,-0.002442360,-2.646154404,1,-2.880465746,-165.038530274,-0.002442360,2.673503876,1,-0.187495232,-10.742685451,0.007326126,0.422466278,1,0.709263802,40.637822392,-0.012210846,-0.003663063,-0.057846643,-3.314368505,0.000000000,-0.000000000,6.000000000,2.500000000,3.143450975,180.106473998,0.000000000,-2.770881653,2.000000000,0.500000000,-2.880847216,-165.060386879,0.000000000,2.693999767,1.000000000,0.500000000,-0.189021111,-10.830111873,0.000000000,0.431064546,0.500000000,0.200000003,0.709263802,40.637822392,0.000000000,0.000112792,0.000000000,0.100000001
2026-07-04 23:19:13.705,1783178353.704973936,145.975147654,1,1,145.962981079,1,0.003508278,5,1,0.004490427,5,1,0,1,0,0,1,1,1,0,1,0,-1.000000000,0.000000000,0.000000000,0.000000000,0,-1.000000000,0,0,0,,0,-1.000000000,,0,0,0.000000000,0.000000000,0,-1.000000000,0,,0,-1.000000000,,0,-1.000000000,0,,1,-0.071961977,-4.123117544,-0.007326126,0.061050415,1,3.071733713,175.997377552,-0.002442360,-2.659828186,1,-2.880465746,-165.038530274,-0.002442360,2.673503876,1,-0.187495232,-10.742685451,-0.007326126,0.422466278,1,0.709263802,40.637822392,0.012210846,-0.003663063,-0.057846643,-3.314368505,0.000000000,-0.000000000,6.000000000,2.500000000,3.143450975,180.106473998,0.000000000,-2.770881653,2.000000000,0.500000000,-2.880847216,-165.060386879,0.000000000,2.693999767,1.000000000,0.500000000,-0.189021111,-10.830111873,0.000000000,0.431064546,0.500000000,0.200000003,0.709263802,40.637822392,0.000000000,0.000112792,0.000000000,0.100000001
2026-07-04 23:19:14.704,1783178354.704717398,146.974891191,1,1,146.962724616,1,0.003848667,5,1,0.004526342,5,1,0,1,0,0,1,1,1,0,1,0,-1.000000000,0.000000000,0.000000000,0.000000000,0,-1.000000000,0,0,0,,0,-1.000000000,,0,0,0.000000000,0.000000000,0,-1.000000000,0,,0,-1.000000000,,0,-1.000000000,0,,1,-0.071961977,-4.123117544,0.007326126,0.061050415,1,3.071733713,175.997377552,-0.002442360,-2.659828186,1,-2.880465746,-165.038530274,-0.007326126,2.673503876,1,-0.187876701,-10.764542056,-0.021978378,0.422466278,1,0.709263802,40.637822392,0.012210846,-0.003663063,-0.057846643,-3.314368505,0.000000000,-0.000000000,6.000000000,2.500000000,3.143450975,180.106473998,0.000000000,-2.770881653,2.000000000,0.500000000,-2.880847216,-165.060386879,0.000000000,2.693999767,1.000000000,0.500000000,-0.189021111,-10.830111873,0.000000000,0.431064546,0.500000000,0.200000003,0.709263802,40.637822392,0.000000000,0.000112792,0.000000000,0.100000001
2026-07-04 23:19:15.704,1783178355.704442739,147.974616408,1,1,147.962449833,1,0.003462355,5,1,0.004746270,5,1,0,1,0,0,1,1,1,0,1,0,-1.000000000,0.000000000,0.000000000,0.000000000,0,-1.000000000,0,0,0,,0,-1.000000000,,0,0,0.000000000,0.000000000,0,-1.000000000,0,,0,-1.000000000,,0,-1.000000000,0,,1,-0.071961977,-4.123117544,-0.007326126,0.056165695,1,3.071733713,175.997377552,-0.002442360,-2.646154404,1,-2.880465746,-165.038530274,-0.002442360,2.673503876,1,-0.187495232,-10.742685451,-0.007326126,0.422466278,1,0.709263802,40.637822392,-0.012210846,-0.003663063,-0.057846643,-3.314368505,0.000000000,-0.000000000,6.000000000,2.500000000,3.143450975,180.106473998,0.000000000,-2.770881653,2.000000000,0.500000000,-2.880847216,-165.060386879,0.000000000,2.693999767,1.000000000,0.500000000,-0.189021111,-10.830111873,0.000000000,0.431064546,0.500000000,0.200000003,0.709263802,40.637822392,0.000000000,0.000112792,0.000000000,0.100000001
2026-07-04 23:19:16.704,1783178356.704247952,148.974421809,1,1,148.962255234,1,0.003696544,5,1,0.004768088,5,1,0,1,0,0,1,1,1,0,1,0,-1.000000000,0.000000000,0.000000000,0.000000000,0,-1.000000000,0,0,0,,0,-1.000000000,,0,0,0.000000000,0.000000000,0,-1.000000000,0,,0,-1.000000000,,0,-1.000000000,0,,1,-0.071961977,-4.123117544,-0.007326126,0.056165695,1,3.071733713,175.997377552,-0.002442360,-2.646154404,1,-2.880465746,-165.038530274,-0.002442360,2.673503876,1,-0.187495232,-10.742685451,-0.007326126,0.422466278,1,0.709263802,40.637822392,0.012210846,-0.003663063,-0.057846643,-3.314368505,0.000000000,-0.000000000,6.000000000,2.500000000,3.143450975,180.106473998,0.000000000,-2.770881653,2.000000000,0.500000000,-2.880847216,-165.060386879,0.000000000,2.693999767,1.000000000,0.500000000,-0.189021111,-10.830111873,0.000000000,0.431064546,0.500000000,0.200000003,0.709263802,40.637822392,0.000000000,0.000112792,0.000000000,0.100000001
2026-07-04 23:19:17.704,1783178357.704197645,149.974371525,1,1,149.962204950,1,0.003640303,5,1,0.004587593,5,1,0,1,0,0,1,1,1,0,1,0,-1.000000000,0.000000000,0.000000000,0.000000000,0,-1.000000000,0,0,0,,0,-1.000000000,,0,0,0.000000000,0.000000000,0,-1.000000000,0,,0,-1.000000000,,0,-1.000000000,0,,1,-0.071961977,-4.123117544,-0.021978378,0.061050415,1,3.071733713,175.997377552,-0.002442360,-2.646154404,1,-2.880465746,-165.038530274,-0.002442360,2.673503876,1,-0.187495232,-10.742685451,-0.021978378,0.422466278,1,0.709263802,40.637822392,-0.012210846,-0.003663063,-0.057846643,-3.314368505,0.000000000,-0.000000000,6.000000000,2.500000000,3.143450975,180.106473998,0.000000000,-2.770881653,2.000000000,0.500000000,-2.880847216,-165.060386879,0.000000000,2.693999767,1.000000000,0.500000000,-0.189021111,-10.830111873,0.000000000,0.431064546,0.500000000,0.200000003,0.709263802,40.637822392,0.000000000,0.000112792,0.000000000,0.100000001
2026-07-04 23:19:18.703,1783178358.703837872,150.974011877,1,1,150.961845302,1,0.003576252,5,1,0.004626150,5,1,0,1,0,0,1,1,1,0,1,0,-1.000000000,0.000000000,0.000000000,0.000000000,0,-1.000000000,0,0,0,,0,-1.000000000,,0,0,0.000000000,0.000000000,0,-1.000000000,0,,0,-1.000000000,,0,-1.000000000,0,,1,-0.071961977,-4.123117544,-0.021978378,0.061050415,1,3.071733713,175.997377552,-0.002442360,-2.646154404,1,-2.880465746,-165.038530274,0.002442360,2.673503876,1,-0.187495232,-10.742685451,-0.021978378,0.422466278,1,0.709647179,40.659788280,0.012210846,-0.003663063,-0.057846643,-3.314368505,0.000000000,-0.000000000,6.000000000,2.500000000,3.143450975,180.106473998,0.000000000,-2.770881653,2.000000000,0.500000000,-2.880847216,-165.060386879,0.000000000,2.693999767,1.000000000,0.500000000,-0.189021111,-10.830111873,0.000000000,0.431064546,0.500000000,0.200000003,0.709263802,40.637822392,0.000000000,0.000112792,0.000000000,0.100000001
2026-07-04 23:19:19.703,1783178359.703656435,151.973830334,1,1,151.961663759,1,0.003210999,5,1,0.004314576,5,1,0,1,0,0,1,1,1,0,1,0,-1.000000000,0.000000000,0.000000000,0.000000000,0,-1.000000000,0,0,0,,0,-1.000000000,,0,0,0.000000000,0.000000000,0,-1.000000000,0,,0,-1.000000000,,0,-1.000000000,0,,1,-0.071961977,-4.123117544,-0.007326126,0.061050415,1,3.071733713,175.997377552,-0.002442360,-2.659828186,1,-2.880465746,-165.038530274,-0.002442360,2.673503876,1,-0.187495232,-10.742685451,0.007326126,0.422466278,1,0.709263802,40.637822392,-0.012210846,-0.003663063,-0.057846643,-3.314368505,0.000000000,-0.000000000,6.000000000,2.500000000,3.143450975,180.106473998,0.000000000,-2.770881653,2.000000000,0.500000000,-2.880847216,-165.060386879,0.000000000,2.693999767,1.000000000,0.500000000,-0.189021111,-10.830111873,0.000000000,0.431064546,0.500000000,0.200000003,0.709263802,40.637822392,0.000000000,0.000112792,0.000000000,0.100000001
2026-07-04 23:19:20.703,1783178360.703433514,152.973607226,1,1,152.961440651,1,0.003779754,5,1,0.004678381,5,1,0,1,0,0,1,1,1,0,1,0,-1.000000000,0.000000000,0.000000000,0.000000000,0,-1.000000000,0,0,0,,0,-1.000000000,,0,0,0.000000000,0.000000000,0,-1.000000000,0,,0,-1.000000000,,0,-1.000000000,0,,1,-0.071961977,-4.123117544,-0.007326126,0.061050415,1,3.071733713,175.997377552,0.002442360,-2.659828186,1,-2.880465746,-165.038530274,-0.002442360,2.673503876,1,-0.187495232,-10.742685451,-0.007326126,0.422466278,1,0.709263802,40.637822392,-0.012210846,-0.003663063,-0.057846643,-3.314368505,0.000000000,-0.000000000,6.000000000,2.500000000,3.143450975,180.106473998,0.000000000,-2.770881653,2.000000000,0.500000000,-2.880847216,-165.060386879,0.000000000,2.693999767,1.000000000,0.500000000,-0.189021111,-10.830111873,0.000000000,0.431064546,0.500000000,0.200000003,0.709263802,40.637822392,0.000000000,0.000112792,0.000000000,0.100000001
2026-07-04 23:19:21.703,1783178361.703197479,153.973371393,1,1,153.961204818,1,0.003693611,5,1,0.004486129,5,1,0,1,0,0,1,1,1,0,1,0,-1.000000000,0.000000000,0.000000000,0.000000000,0,-1.000000000,0,0,0,,0,-1.000000000,,0,0,0.000000000,0.000000000,0,-1.000000000,0,,0,-1.000000000,,0,-1.000000000,0,,1,-0.071961977,-4.123117544,-0.007326126,0.061050415,1,3.071733713,175.997377552,0.002442360,-2.659828186,1,-2.880465746,-165.038530274,-0.002442360,2.673503876,1,-0.187495232,-10.742685451,-0.007326126,0.422466278,1,0.709263802,40.637822392,0.012210846,-0.003663063,-0.057846643,-3.314368505,0.000000000,-0.000000000,6.000000000,2.500000000,3.143450975,180.106473998,0.000000000,-2.770881653,2.000000000,0.500000000,-2.880847216,-165.060386879,0.000000000,2.693999767,1.000000000,0.500000000,-0.189021111,-10.830111873,0.000000000,0.431064546,0.500000000,0.200000003,0.709263802,40.637822392,0.000000000,0.000112792,0.000000000,0.100000001
2026-07-04 23:19:22.703,1783178362.703074932,154.973248640,1,1,154.961082065,1,0.003776976,5,1,0.004631137,5,1,0,1,0,0,1,1,1,0,1,0,-1.000000000,0.000000000,0.000000000,0.000000000,0,-1.000000000,0,0,0,,0,-1.000000000,,0,0,0.000000000,0.000000000,0,-1.000000000,0,,0,-1.000000000,,0,-1.000000000,0,,1,-0.071961977,-4.123117544,-0.007326126,0.061050415,1,3.071733713,175.997377552,-0.002442360,-2.646154404,1,-2.880465746,-165.038530274,-0.002442360,2.673503876,1,-0.187495232,-10.742685451,-0.007326126,0.422466278,1,0.709263802,40.637822392,-0.012210846,-0.003663063,-0.057846643,-3.314368505,0.000000000,-0.000000000,6.000000000,2.500000000,3.143450975,180.106473998,0.000000000,-2.770881653,2.000000000,0.500000000,-2.880847216,-165.060386879,0.000000000,2.693999767,1.000000000,0.500000000,-0.189021111,-10.830111873,0.000000000,0.431064546,0.500000000,0.200000003,0.709263802,40.637822392,0.000000000,0.000112792,0.000000000,0.100000001
2026-07-04 23:19:23.702,1783178363.702773333,155.972947181,1,1,155.960780606,1,0.003739466,5,1,0.004649855,5,1,0,1,0,0,1,1,1,0,1,0,-1.000000000,0.000000000,0.000000000,0.000000000,0,-1.000000000,0,0,0,,0,-1.000000000,,0,0,0.000000000,0.000000000,0,-1.000000000,0,,0,-1.000000000,,0,-1.000000000,0,,1,-0.071961977,-4.123117544,-0.007326126,0.061050415,1,3.071733713,175.997377552,-0.007326126,-2.659828186,1,-2.880465746,-165.038530274,-0.002442360,2.687179565,1,-0.187495232,-10.742685451,0.007326126,0.422466278,1,0.709263802,40.637822392,-0.036628723,-0.003663063,-0.057846643,-3.314368505,0.000000000,-0.000000000,6.000000000,2.500000000,3.143450975,180.106473998,0.000000000,-2.770881653,2.000000000,0.500000000,-2.880847216,-165.060386879,0.000000000,2.693999767,1.000000000,0.500000000,-0.189021111,-10.830111873,0.000000000,0.431064546,0.500000000,0.200000003,0.709263802,40.637822392,0.000000000,0.000112792,0.000000000,0.100000001
2026-07-04 23:19:24.702,1783178364.702581406,156.972755371,1,1,156.960588796,1,0.003827038,5,1,0.004572632,5,1,0,1,0,0,1,1,1,0,1,0,-1.000000000,0.000000000,0.000000000,0.000000000,0,-1.000000000,0,0,0,,0,-1.000000000,,0,0,0.000000000,0.000000000,0,-1.000000000,0,,0,-1.000000000,,0,-1.000000000,0,,1,-0.071961977,-4.123117544,-0.007326126,0.056165695,1,3.071733713,175.997377552,-0.002442360,-2.659828186,1,-2.880465746,-165.038530274,-0.002442360,2.673503876,1,-0.187876701,-10.764542056,-0.021978378,0.422466278,1,0.709263802,40.637822392,-0.012210846,-0.003663063,-0.057846643,-3.314368505,0.000000000,-0.000000000,6.000000000,2.500000000,3.143450975,180.106473998,0.000000000,-2.770881653,2.000000000,0.500000000,-2.880847216,-165.060386879,0.000000000,2.693999767,1.000000000,0.500000000,-0.189021111,-10.830111873,0.000000000,0.431064546,0.500000000,0.200000003,0.709263802,40.637822392,0.000000000,0.000112792,0.000000000,0.100000001
2026-07-04 23:19:25.702,1783178365.702309132,157.972482972,1,1,157.960316397,1,0.003756738,5,1,0.004616774,5,1,0,1,0,0,1,1,1,0,1,0,-1.000000000,0.000000000,0.000000000,0.000000000,0,-1.000000000,0,0,0,,0,-1.000000000,,0,0,0.000000000,0.000000000,0,-1.000000000,0,,0,-1.000000000,,0,-1.000000000,0,,1,-0.071961977,-4.123117544,-0.021978378,0.056165695,1,3.071733713,175.997377552,-0.002442360,-2.646154404,1,-2.880465746,-165.038530274,-0.007326126,2.673503876,1,-0.187495232,-10.742685451,0.007326126,0.422466278,1,0.709263802,40.637822392,-0.036628723,-0.003663063,-0.057846643,-3.314368505,0.000000000,-0.000000000,6.000000000,2.500000000,3.143450975,180.106473998,0.000000000,-2.770881653,2.000000000,0.500000000,-2.880847216,-165.060386879,0.000000000,2.693999767,1.000000000,0.500000000,-0.189021111,-10.830111873,0.000000000,0.431064546,0.500000000,0.200000003,0.709263802,40.637822392,0.000000000,0.000112792,0.000000000,0.100000001
2026-07-04 23:19:26.702,1783178366.702106714,158.972280564,1,1,158.960113989,1,0.003745591,5,1,0.004690805,5,1,0,1,0,0,1,1,1,0,1,0,-1.000000000,0.000000000,0.000000000,0.000000000,0,-1.000000000,0,0,0,,0,-1.000000000,,0,0,0.000000000,0.000000000,0,-1.000000000,0,,0,-1.000000000,,0,-1.000000000,0,,1,-0.071961977,-4.123117544,-0.021978378,0.056165695,1,3.071733713,175.997377552,-0.002442360,-2.646154404,1,-2.880465746,-165.038530274,-0.002442360,2.673503876,1,-0.187495232,-10.742685451,0.007326126,0.422466278,1,0.709263802,40.637822392,-0.012210846,-0.003663063,-0.057846643,-3.314368505,0.000000000,-0.000000000,6.000000000,2.500000000,3.143450975,180.106473998,0.000000000,-2.770881653,2.000000000,0.500000000,-2.880847216,-165.060386879,0.000000000,2.693999767,1.000000000,0.500000000,-0.189021111,-10.830111873,0.000000000,0.431064546,0.500000000,0.200000003,0.709263802,40.637822392,0.000000000,0.000112792,0.000000000,0.100000001
2026-07-04 23:19:27.701,1783178367.701883554,159.972057573,1,1,159.959890998,1,0.003773731,5,1,0.004772371,5,1,0,1,0,0,1,1,1,0,1,0,-1.000000000,0.000000000,0.000000000,0.000000000,0,-1.000000000,0,0,0,,0,-1.000000000,,0,0,0.000000000,0.000000000,0,-1.000000000,0,,0,-1.000000000,,0,-1.000000000,0,,1,-0.041443445,-2.374534475,0.109889984,-0.471306801,1,2.826063395,161.921505144,-1.062271118,-1.661539078,1,-2.880465746,-165.038530274,-0.002442360,2.673503876,1,-0.187495232,-10.742685451,0.007326126,0.422466278,1,0.709263802,40.637822392,-0.012210846,-0.003663063,-0.057846643,-3.314368505,0.000000000,-0.000000000,6.000000000,2.500000000,3.143450975,180.106473998,0.000000000,-2.770881653,2.000000000,0.500000000,-2.880847216,-165.060386879,0.000000000,2.693999767,1.000000000,0.500000000,-0.189021111,-10.830111873,0.000000000,0.431064546,0.500000000,0.200000003,0.709263802,40.637822392,0.000000000,0.000112792,0.000000000,0.100000001
2026-07-04 23:19:28.701,1783178368.701716185,160.971889957,1,1,160.959723382,1,0.003901218,5,1,0.004539419,5,1,0,1,0,0,1,1,1,0,1,0,-1.000000000,0.000000000,0.000000000,0.000000000,0,-1.000000000,0,0,0,,0,-1.000000000,,0,0,0.000000000,0.000000000,0,-1.000000000,0,,0,-1.000000000,,0,-1.000000000,0,,1,-0.060898401,-3.489221347,-0.007326126,-0.017093658,1,2.591455698,148.479474291,-0.002442360,-1.716239929,1,-2.880465746,-165.038530274,-0.002442360,2.687179565,1,-0.187495232,-10.742685451,-0.021978378,0.422466278,1,0.709263802,40.637822392,0.012210846,-0.003663063,-0.057846643,-3.314368505,0.000000000,-0.000000000,6.000000000,2.500000000,3.143450975,180.106473998,0.000000000,-2.770881653,2.000000000,0.500000000,-2.880847216,-165.060386879,0.000000000,2.693999767,1.000000000,0.500000000,-0.189021111,-10.830111873,0.000000000,0.431064546,0.500000000,0.200000003,0.709263802,40.637822392,0.000000000,0.000112792,0.000000000,0.100000001
2026-07-04 23:19:29.701,1783178369.701511383,161.971685327,1,1,161.959518752,1,0.003735461,5,1,0.004544785,5,1,0,1,0,0,1,1,1,0,1,0,-1.000000000,0.000000000,0.000000000,0.000000000,0,-1.000000000,0,0,0,,0,-1.000000000,,0,0,0.000000000,0.000000000,0,-1.000000000,0,,0,-1.000000000,,0,-1.000000000,0,,1,-0.045258142,-2.593100528,-0.007326126,-0.100122452,1,2.591837168,148.501330897,-0.002442360,-1.702564240,1,-2.880465746,-165.038530274,-0.002442360,2.673503876,1,-0.187495232,-10.742685451,-0.007326126,0.422466278,1,0.709263802,40.637822392,-0.012210846,-0.003663063,-0.057846643,-3.314368505,0.000000000,-0.000000000,6.000000000,2.500000000,3.143450975,180.106473998,0.000000000,-2.770881653,2.000000000,0.500000000,-2.880847216,-165.060386879,0.000000000,2.693999767,1.000000000,0.500000000,-0.189021111,-10.830111873,0.000000000,0.431064546,0.500000000,0.200000003,0.709263802,40.637822392,0.000000000,0.000112792,0.000000000,0.100000001
2026-07-04 23:19:30.701,1783178370.701296329,162.971470334,1,1,162.959303759,1,0.003623302,5,1,0.004593687,5,1,0,1,0,0,1,1,1,0,1,0,-1.000000000,0.000000000,0.000000000,0.000000000,0,-1.000000000,0,0,0,,0,-1.000000000,,0,0,0.000000000,0.000000000,0,-1.000000000,0,,0,-1.000000000,,0,-1.000000000,0,,1,-0.045258142,-2.593100528,-0.021978378,-0.100122452,1,2.591837168,148.501330897,-0.002442360,-1.716239929,1,-2.880465746,-165.038530274,-0.002442360,2.687179565,1,-0.187495232,-10.742685451,-0.007326126,0.422466278,1,0.709263802,40.637822392,-0.036628723,-0.003663063,-0.057846643,-3.314368505,0.000000000,-0.000000000,6.000000000,2.500000000,3.143450975,180.106473998,0.000000000,-2.770881653,2.000000000,0.500000000,-2.880847216,-165.060386879,0.000000000,2.693999767,1.000000000,0.500000000,-0.189021111,-10.830111873,0.000000000,0.431064546,0.500000000,0.200000003,0.709263802,40.637822392,0.000000000,0.000112792,0.000000000,0.100000001
2026-07-04 23:19:31.701,1783178371.701102495,163.971276476,1,1,163.959109901,1,0.003613624,5,1,0.004387830,5,1,0,1,0,0,1,1,1,0,1,0,-1.000000000,0.000000000,0.000000000,0.000000000,0,-1.000000000,0,0,0,,0,-1.000000000,,0,0,0.000000000,0.000000000,0,-1.000000000,0,,0,-1.000000000,,0,-1.000000000,0,,1,-0.045258142,-2.593100528,0.007326126,-0.100122452,1,2.591837168,148.501330897,-0.002442360,-1.716239929,1,-2.880465746,-165.038530274,-0.002442360,2.673503876,1,-0.187876701,-10.764542056,-0.021978378,0.422466278,1,0.709263802,40.637822392,0.012210846,-0.003663063,-0.057846643,-3.314368505,0.000000000,-0.000000000,6.000000000,2.500000000,3.143450975,180.106473998,0.000000000,-2.770881653,2.000000000,0.500000000,-2.880847216,-165.060386879,0.000000000,2.693999767,1.000000000,0.500000000,-0.189021111,-10.830111873,0.000000000,0.431064546,0.500000000,0.200000003,0.709263802,40.637822392,0.000000000,0.000112792,0.000000000,0.100000001
2026-07-04 23:19:32.700,1783178372.700882435,164.971056333,1,1,164.958889758,1,0.003540297,5,1,0.004696778,5,1,0,1,0,0,1,1,1,0,1,0,-1.000000000,0.000000000,0.000000000,0.000000000,0,-1.000000000,0,0,0,,0,-1.000000000,,0,0,0.000000000,0.000000000,0,-1.000000000,0,,0,-1.000000000,,0,-1.000000000,0,,1,-0.045639612,-2.614957134,-0.007326126,-0.095237732,1,2.591837168,148.501330897,-0.002442360,-1.702564240,1,-2.880465746,-165.038530274,-0.002442360,2.673503876,1,-0.187495232,-10.742685451,-0.021978378,0.417582512,1,0.709263802,40.637822392,-0.012210846,-0.003663063,-0.057846643,-3.314368505,0.000000000,-0.000000000,6.000000000,2.500000000,3.143450975,180.106473998,0.000000000,-2.770881653,2.000000000,0.500000000,-2.880847216,-165.060386879,0.000000000,2.693999767,1.000000000,0.500000000,-0.189021111,-10.830111873,0.000000000,0.431064546,0.500000000,0.200000003,0.709263802,40.637822392,0.000000000,0.000112792,0.000000000,0.100000001
2026-07-04 23:19:33.700,1783178373.700636148,165.970809932,1,1,165.958643357,1,0.003545032,5,1,0.004356073,5,1,0,1,0,0,1,1,1,0,1,0,-1.000000000,0.000000000,0.000000000,0.000000000,0,-1.000000000,0,0,0,,0,-1.000000000,,0,0,0.000000000,0.000000000,0,-1.000000000,0,,0,-1.000000000,,0,-1.000000000,0,,1,-0.045639612,-2.614957134,-0.021978378,-0.100122452,1,2.592600107,148.545044107,-0.002442360,-1.716239929,1,-2.880465746,-165.038530274,-0.002442360,2.687179565,1,-0.187495232,-10.742685451,0.007326126,0.422466278,1,0.709263802,40.637822392,-0.012210846,-0.003663063,-0.057846643,-3.314368505,0.000000000,-0.000000000,6.000000000,2.500000000,3.143450975,180.106473998,0.000000000,-2.770881653,2.000000000,0.500000000,-2.880847216,-165.060386879,0.000000000,2.693999767,1.000000000,0.500000000,-0.189021111,-10.830111873,0.000000000,0.431064546,0.500000000,0.200000003,0.709263802,40.637822392,0.000000000,0.000112792,0.000000000,0.100000001
2026-07-04 23:19:34.700,1783178374.700422287,166.970596261,1,1,166.958429686,1,0.003637718,5,1,0.004347853,5,1,0,1,0,0,1,1,1,0,1,0,-1.000000000,0.000000000,0.000000000,0.000000000,0,-1.000000000,0,0,0,,0,-1.000000000,,0,0,0.000000000,0.000000000,0,-1.000000000,0,,0,-1.000000000,,0,-1.000000000,0,,1,-0.045639612,-2.614957134,-0.007326126,-0.100122452,1,2.592600107,148.545044107,-0.002442360,-1.716239929,1,-2.880465746,-165.038530274,-0.002442360,2.673503876,1,-0.187495232,-10.742685451,-0.007326126,0.422466278,1,0.709263802,40.637822392,-0.012210846,-0.003663063,-0.057846643,-3.314368505,0.000000000,-0.000000000,6.000000000,2.500000000,3.143450975,180.106473998,0.000000000,-2.770881653,2.000000000,0.500000000,-2.880847216,-165.060386879,0.000000000,2.693999767,1.000000000,0.500000000,-0.189021111,-10.830111873,0.000000000,0.431064546,0.500000000,0.200000003,0.709263802,40.637822392,0.000000000,0.000112792,0.000000000,0.100000001
2026-07-04 23:19:35.700,1783178375.700203180,167.970377214,1,1,167.958210639,1,0.003914733,5,1,0.004587729,5,1,0,1,0,0,1,1,1,0,1,0,-1.000000000,0.000000000,0.000000000,0.000000000,0,-1.000000000,0,0,0,,0,-1.000000000,,0,0,0.000000000,0.000000000,0,-1.000000000,0,,0,-1.000000000,,0,-1.000000000,0,,1,-0.045639612,-2.614957134,0.007326126,-0.100122452,1,2.592600107,148.545044107,-0.002442360,-1.716239929,1,-2.880465746,-165.038530274,-0.002442360,2.673503876,1,-0.187495232,-10.742685451,0.007326126,0.422466278,1,0.709263802,40.637822392,-0.012210846,-0.003663063,-0.057846643,-3.314368505,0.000000000,-0.000000000,6.000000000,2.500000000,3.143450975,180.106473998,0.000000000,-2.770881653,2.000000000,0.500000000,-2.880847216,-165.060386879,0.000000000,2.693999767,1.000000000,0.500000000,-0.189021111,-10.830111873,0.000000000,0.431064546,0.500000000,0.200000003,0.709263802,40.637822392,0.000000000,0.000112792,0.000000000,0.100000001
2026-07-04 23:19:36.700,1783178376.699961424,168.970135057,1,1,168.957968482,1,0.003516584,5,1,0.004531282,5,1,0,1,0,0,1,1,1,0,1,0,-1.000000000,0.000000000,0.000000000,0.000000000,0,-1.000000000,0,0,0,,0,-1.000000000,,0,0,0.000000000,0.000000000,0,-1.000000000,0,,0,-1.000000000,,0,-1.000000000,0,,1,-0.045639612,-2.614957134,-0.007326126,-0.095237732,1,2.592600107,148.545044107,-0.002442360,-1.716239929,1,-2.880465746,-165.038530274,-0.002442360,2.673503876,1,-0.187876701,-10.764542056,-0.007326126,0.422466278,1,0.709263802,40.637822392,0.036628723,-0.003663063,-0.057846643,-3.314368505,0.000000000,-0.000000000,6.000000000,2.500000000,3.143450975,180.106473998,0.000000000,-2.770881653,2.000000000,0.500000000,-2.880847216,-165.060386879,0.000000000,2.693999767,1.000000000,0.500000000,-0.189021111,-10.830111873,0.000000000,0.431064546,0.500000000,0.200000003,0.709263802,40.637822392,0.000000000,0.000112792,0.000000000,0.100000001
2026-07-04 23:19:37.699,1783178377.699782610,169.969956418,1,1,169.957789843,1,0.003779972,5,1,0.004499019,5,1,0,1,0,0,1,1,1,0,1,0,-1.000000000,0.000000000,0.000000000,0.000000000,0,-1.000000000,0,0,0,,0,-1.000000000,,0,0,0.000000000,0.000000000,0,-1.000000000,0,,0,-1.000000000,,0,-1.000000000,0,,1,-0.045639612,-2.614957134,0.007326126,-0.095237732,1,2.592600107,148.545044107,0.002442360,-1.716239929,1,-2.880465746,-165.038530274,-0.002442360,2.687179565,1,-0.187495232,-10.742685451,-0.007326126,0.422466278,1,0.709263802,40.637822392,-0.012210846,-0.003663063,-0.057846643,-3.314368505,0.000000000,-0.000000000,6.000000000,2.500000000,3.143450975,180.106473998,0.000000000,-2.770881653,2.000000000,0.500000000,-2.880847216,-165.060386879,0.000000000,2.693999767,1.000000000,0.500000000,-0.189021111,-10.830111873,0.000000000,0.431064546,0.500000000,0.200000003,0.709263802,40.637822392,0.000000000,0.000112792,0.000000000,0.100000001
2026-07-04 23:19:38.699,1783178378.699583054,170.969756930,1,1,170.957590355,1,0.003930217,5,1,0.004610690,5,1,0,1,0,0,1,1,1,0,1,0,-1.000000000,0.000000000,0.000000000,0.000000000,0,-1.000000000,0,0,0,,0,-1.000000000,,0,0,0.000000000,0.000000000,0,-1.000000000,0,,0,-1.000000000,,0,-1.000000000,0,,1,-0.045639612,-2.614957134,-0.007326126,-0.100122452,1,2.592600107,148.545044107,-0.002442360,-1.716239929,1,-2.880465746,-165.038530274,-0.002442360,2.687179565,1,-0.187495232,-10.742685451,-0.007326126,0.422466278,1,0.709263802,40.637822392,-0.012210846,-0.003663063,-0.057846643,-3.314368505,0.000000000,-0.000000000,6.000000000,2.500000000,3.143450975,180.106473998,0.000000000,-2.770881653,2.000000000,0.500000000,-2.880847216,-165.060386879,0.000000000,2.693999767,1.000000000,0.500000000,-0.189021111,-10.830111873,0.000000000,0.431064546,0.500000000,0.200000003,0.709263802,40.637822392,0.000000000,0.000112792,0.000000000,0.100000001
2026-07-04 23:19:39.699,1783178379.699370384,171.969544250,1,1,171.957377675,1,0.003515601,5,1,0.004460960,5,1,0,1,0,0,1,1,1,0,1,0,-1.000000000,0.000000000,0.000000000,0.000000000,0,-1.000000000,0,0,0,,0,-1.000000000,,0,0,0.000000000,0.000000000,0,-1.000000000,0,,0,-1.000000000,,0,-1.000000000,0,,1,-0.045639612,-2.614957134,-0.007326126,-0.100122452,1,2.592600107,148.545044107,-0.002442360,-1.716239929,1,-2.880465746,-165.038530274,0.002442360,2.673503876,1,-0.187876701,-10.764542056,-0.007326126,0.422466278,1,0.709263802,40.637822392,-0.036628723,-0.003663063,-0.057846643,-3.314368505,0.000000000,-0.000000000,6.000000000,2.500000000,3.143450975,180.106473998,0.000000000,-2.770881653,2.000000000,0.500000000,-2.880847216,-165.060386879,0.000000000,2.693999767,1.000000000,0.500000000,-0.189021111,-10.830111873,0.000000000,0.431064546,0.500000000,0.200000003,0.709263802,40.637822392,0.000000000,0.000112792,0.000000000,0.100000001
2026-07-04 23:19:40.699,1783178380.699209929,172.969383909,1,1,172.957217334,1,0.003585515,5,1,0.004403079,5,1,0,1,0,0,1,1,1,0,1,0,-1.000000000,0.000000000,0.000000000,0.000000000,0,-1.000000000,0,0,0,,0,-1.000000000,,0,0,0.000000000,0.000000000,0,-1.000000000,0,,0,-1.000000000,,0,-1.000000000,0,,1,-0.045639612,-2.614957134,-0.021978378,-0.095237732,1,2.592600107,148.545044107,-0.002442360,-1.716239929,1,-2.880465746,-165.038530274,-0.002442360,2.687179565,1,-0.187876701,-10.764542056,-0.007326126,0.422466278,1,0.709263802,40.637822392,-0.012210846,-0.003663063,-0.057846643,-3.314368505,0.000000000,-0.000000000,6.000000000,2.500000000,3.143450975,180.106473998,0.000000000,-2.770881653,2.000000000,0.500000000,-2.880847216,-165.060386879,0.000000000,2.693999767,1.000000000,0.500000000,-0.189021111,-10.830111873,0.000000000,0.431064546,0.500000000,0.200000003,0.709263802,40.637822392,0.000000000,0.000112792,0.000000000,0.100000001
2026-07-04 23:19:41.698,1783178381.698906422,173.969080263,1,1,173.956913688,1,0.003540748,5,1,0.004620873,5,1,0,1,0,0,1,1,1,0,1,0,-1.000000000,0.000000000,0.000000000,0.000000000,0,-1.000000000,0,0,0,,0,-1.000000000,,0,0,0.000000000,0.000000000,0,-1.000000000,0,,0,-1.000000000,,0,-1.000000000,0,,1,-0.045639612,-2.614957134,-0.007326126,-0.100122452,1,2.592600107,148.545044107,-0.002442360,-1.716239929,1,-2.880465746,-165.038530274,-0.002442360,2.687179565,1,-0.187876701,-10.764542056,-0.007326126,0.422466278,1,0.709263802,40.637822392,-0.012210846,-0.003663063,-0.057846643,-3.314368505,0.000000000,-0.000000000,6.000000000,2.500000000,3.143450975,180.106473998,0.000000000,-2.770881653,2.000000000,0.500000000,-2.880847216,-165.060386879,0.000000000,2.693999767,1.000000000,0.500000000,-0.189021111,-10.830111873,0.000000000,0.431064546,0.500000000,0.200000003,0.709263802,40.637822392,0.000000000,0.000112792,0.000000000,0.100000001
2026-07-04 23:19:42.698,1783178382.698777914,174.968951807,1,1,174.956785232,1,0.003740807,5,1,0.004515624,5,1,0,1,0,0,1,1,1,0,1,0,-1.000000000,0.000000000,0.000000000,0.000000000,0,-1.000000000,0,0,0,,0,-1.000000000,,0,0,0.000000000,0.000000000,0,-1.000000000,0,,0,-1.000000000,,0,-1.000000000,0,,1,-0.045639612,-2.614957134,-0.021978378,-0.100122452,1,2.592600107,148.545044107,-0.002442360,-1.716239929,1,-2.880465746,-165.038530274,-0.002442360,2.673503876,1,-0.187876701,-10.764542056,0.007326126,0.422466278,1,0.709263802,40.637822392,-0.036628723,-0.003663063,-0.057846643,-3.314368505,0.000000000,-0.000000000,6.000000000,2.500000000,3.143450975,180.106473998,0.000000000,-2.770881653,2.000000000,0.500000000,-2.880847216,-165.060386879,0.000000000,2.693999767,1.000000000,0.500000000,-0.189021111,-10.830111873,0.000000000,0.431064546,0.500000000,0.200000003,0.709263802,40.637822392,0.000000000,0.000112792,0.000000000,0.100000001
2026-07-04 23:19:43.698,1783178383.698536634,175.968710629,1,1,175.956544054,1,0.003300212,5,1,0.004550977,5,1,0,1,0,0,1,1,1,0,1,0,-1.000000000,0.000000000,0.000000000,0.000000000,0,-1.000000000,0,0,0,,0,-1.000000000,,0,0,0.000000000,0.000000000,0,-1.000000000,0,,0,-1.000000000,,0,-1.000000000,0,,1,-0.045639612,-2.614957134,-0.007326126,-0.095237732,1,2.592600107,148.545044107,-0.007326126,-1.716239929,1,-2.880465746,-165.038530274,-0.002442360,2.673503876,1,-0.187876701,-10.764542056,-0.007326126,0.422466278,1,0.709263802,40.637822392,0.012210846,-0.003663063,-0.057846643,-3.314368505,0.000000000,-0.000000000,6.000000000,2.500000000,3.143450975,180.106473998,0.000000000,-2.770881653,2.000000000,0.500000000,-2.880847216,-165.060386879,0.000000000,2.693999767,1.000000000,0.500000000,-0.189021111,-10.830111873,0.000000000,0.431064546,0.500000000,0.200000003,0.709263802,40.637822392,0.000000000,0.000112792,0.000000000,0.100000001
2026-07-04 23:19:44.698,1783178384.698292255,176.968466153,1,1,176.956299578,1,0.003474704,5,1,0.004163131,5,1,0,1,0,0,1,1,1,0,1,0,-1.000000000,0.000000000,0.000000000,0.000000000,0,-1.000000000,0,0,0,,0,-1.000000000,,0,0,0.000000000,0.000000000,0,-1.000000000,0,,0,-1.000000000,,0,-1.000000000,0,,1,-0.045639612,-2.614957134,-0.007326126,-0.090353966,1,2.592600107,148.545044107,-0.002442360,-1.716239929,1,-2.880465746,-165.038530274,-0.002442360,2.673503876,1,-0.187876701,-10.764542056,0.007326126,0.422466278,1,0.709263802,40.637822392,-0.012210846,-0.003663063,-0.057846643,-3.314368505,0.000000000,-0.000000000,6.000000000,2.500000000,3.143450975,180.106473998,0.000000000,-2.770881653,2.000000000,0.500000000,-2.880847216,-165.060386879,0.000000000,2.693999767,1.000000000,0.500000000,-0.189021111,-10.830111873,0.000000000,0.431064546,0.500000000,0.200000003,0.709263802,40.637822392,0.000000000,0.000112792,0.000000000,0.100000001
2026-07-04 23:19:45.698,1783178385.698072910,177.968246654,1,1,177.956080079,1,0.003639134,5,1,0.004506921,5,1,0,1,0,0,1,1,1,0,1,0,-1.000000000,0.000000000,0.000000000,0.000000000,0,-1.000000000,0,0,0,,0,-1.000000000,,0,0,0.000000000,0.000000000,0,-1.000000000,0,,0,-1.000000000,,0,-1.000000000,0,,1,-0.046021082,-2.636813739,0.007326126,-0.095237732,1,2.592600107,148.545044107,-0.002442360,-1.716239929,1,-2.880465746,-165.038530274,-0.002442360,2.687179565,1,-0.187876701,-10.764542056,-0.007326126,0.422466278,1,0.709263802,40.637822392,-0.036628723,-0.003663063,-0.057846643,-3.314368505,0.000000000,-0.000000000,6.000000000,2.500000000,3.143450975,180.106473998,0.000000000,-2.770881653,2.000000000,0.500000000,-2.880847216,-165.060386879,0.000000000,2.693999767,1.000000000,0.500000000,-0.189021111,-10.830111873,0.000000000,0.431064546,0.500000000,0.200000003,0.709263802,40.637822392,0.000000000,0.000112792,0.000000000,0.100000001
2026-07-04 23:19:46.697,1783178386.697836876,178.968010746,1,1,178.955844171,1,0.003385243,5,1,0.004548529,5,1,0,1,0,0,1,1,1,0,1,0,-1.000000000,0.000000000,0.000000000,0.000000000,0,-1.000000000,0,0,0,,0,-1.000000000,,0,0,0.000000000,0.000000000,0,-1.000000000,0,,0,-1.000000000,,0,-1.000000000,0,,1,-0.046021082,-2.636813739,-0.007326126,-0.095237732,1,2.592600107,148.545044107,-0.007326126,-1.716239929,1,-2.880465746,-165.038530274,-0.002442360,2.673503876,1,-0.187876701,-10.764542056,-0.007326126,0.422466278,1,0.709647179,40.659788280,-0.012210846,-0.003663063,-0.057846643,-3.314368505,0.000000000,-0.000000000,6.000000000,2.500000000,3.143450975,180.106473998,0.000000000,-2.770881653,2.000000000,0.500000000,-2.880847216,-165.060386879,0.000000000,2.693999767,1.000000000,0.500000000,-0.189021111,-10.830111873,0.000000000,0.431064546,0.500000000,0.200000003,0.709263802,40.637822392,0.000000000,0.000112792,0.000000000,0.100000001
2026-07-04 23:19:47.697,1783178387.697633982,179.967807930,1,1,179.955641355,1,0.003737728,5,1,0.004409035,5,1,0,1,0,0,1,1,1,0,1,0,-1.000000000,0.000000000,0.000000000,0.000000000,0,-1.000000000,0,0,0,,0,-1.000000000,,0,0,0.000000000,0.000000000,0,-1.000000000,0,,0,-1.000000000,,0,-1.000000000,0,,1,-0.046021082,-2.636813739,-0.007326126,-0.095237732,1,2.592981577,148.566900713,-0.002442360,-1.716239929,1,-2.880465746,-165.038530274,-0.002442360,2.673503876,1,-0.187876701,-10.764542056,-0.021978378,0.422466278,1,0.709263802,40.637822392,-0.012210846,-0.003663063,-0.057846643,-3.314368505,0.000000000,-0.000000000,6.000000000,2.500000000,3.143450975,180.106473998,0.000000000,-2.770881653,2.000000000,0.500000000,-2.880847216,-165.060386879,0.000000000,2.693999767,1.000000000,0.500000000,-0.189021111,-10.830111873,0.000000000,0.431064546,0.500000000,0.200000003,0.709263802,40.637822392,0.000000000,0.000112792,0.000000000,0.100000001
2026-07-04 23:19:48.697,1783178388.697404861,180.967578656,1,1,180.955412081,1,0.003869965,5,1,0.004661628,5,1,0,1,0,0,1,1,1,0,1,0,-1.000000000,0.000000000,0.000000000,0.000000000,0,-1.000000000,0,0,0,,0,-1.000000000,,0,0,0.000000000,0.000000000,0,-1.000000000,0,,0,-1.000000000,,0,-1.000000000,0,,1,-0.046021082,-2.636813739,-0.007326126,-0.100122452,1,2.592981577,148.566900713,-0.007326126,-1.702564240,1,-2.880465746,-165.038530274,-0.002442360,2.687179565,1,-0.187876701,-10.764542056,-0.007326126,0.422466278,1,0.709263802,40.637822392,-0.012210846,-0.003663063,-0.057846643,-3.314368505,0.000000000,-0.000000000,6.000000000,2.500000000,3.143450975,180.106473998,0.000000000,-2.770881653,2.000000000,0.500000000,-2.880847216,-165.060386879,0.000000000,2.693999767,1.000000000,0.500000000,-0.189021111,-10.830111873,0.000000000,0.431064546,0.500000000,0.200000003,0.709263802,40.637822392,0.000000000,0.000112792,0.000000000,0.100000001
2026-07-04 23:19:49.697,1783178389.697286606,181.967460372,1,1,181.955293797,1,0.003810227,5,1,0.004771070,5,1,0,1,0,0,1,1,1,0,1,0,-1.000000000,0.000000000,0.000000000,0.000000000,0,-1.000000000,0,0,0,,0,-1.000000000,,0,0,0.000000000,0.000000000,0,-1.000000000,0,,0,-1.000000000,,0,-1.000000000,0,,1,-0.046021082,-2.636813739,-0.007326126,-0.095237732,1,2.592981577,148.566900713,-0.002442360,-1.716239929,1,-2.880465746,-165.038530274,-0.002442360,2.687179565,1,-0.187876701,-10.764542056,-0.007326126,0.422466278,1,0.709263802,40.637822392,-0.061050415,-0.003663063,-0.057846643,-3.314368505,0.000000000,-0.000000000,6.000000000,2.500000000,3.143450975,180.106473998,0.000000000,-2.770881653,2.000000000,0.500000000,-2.880847216,-165.060386879,0.000000000,2.693999767,1.000000000,0.500000000,-0.189021111,-10.830111873,0.000000000,0.431064546,0.500000000,0.200000003,0.709263802,40.637822392,0.000000000,0.000112792,0.000000000,0.100000001
2026-07-04 23:19:50.697,1783178390.696972370,182.967146224,1,1,182.954979649,1,0.003761541,5,1,0.004635738,5,1,0,1,0,0,1,1,1,0,1,0,-1.000000000,0.000000000,0.000000000,0.000000000,0,-1.000000000,0,0,0,,0,-1.000000000,,0,0,0.000000000,0.000000000,0,-1.000000000,0,,0,-1.000000000,,0,-1.000000000,0,,1,-0.046784021,-2.680526950,0.007326126,-0.095237732,1,2.592981577,148.566900713,-0.002442360,-1.716239929,1,-2.880465746,-165.038530274,-0.002442360,2.673503876,1,-0.187876701,-10.764542056,-0.021978378,0.422466278,1,0.709263802,40.637822392,-0.012210846,-0.003663063,-0.057846643,-3.314368505,0.000000000,-0.000000000,6.000000000,2.500000000,3.143450975,180.106473998,0.000000000,-2.770881653,2.000000000,0.500000000,-2.880847216,-165.060386879,0.000000000,2.693999767,1.000000000,0.500000000,-0.189021111,-10.830111873,0.000000000,0.431064546,0.500000000,0.200000003,0.709263802,40.637822392,0.000000000,0.000112792,0.000000000,0.100000001
2026-07-04 23:19:51.697,1783178391.696893454,183.967067372,1,1,183.954900797,1,0.003946117,5,1,0.004764896,5,1,0,1,0,0,1,1,1,0,1,0,-1.000000000,0.000000000,0.000000000,0.000000000,0,-1.000000000,0,0,0,,0,-1.000000000,,0,0,0.000000000,0.000000000,0,-1.000000000,0,,0,-1.000000000,,0,-1.000000000,0,,1,-0.050217248,-2.877236398,-0.036630630,-0.021978378,1,2.592981577,148.566900713,-0.002442360,-1.716239929,1,-2.880465746,-165.038530274,-0.002442360,2.687179565,1,-0.187495232,-10.742685451,-0.007326126,0.422466278,1,0.709263802,40.637822392,-0.036628723,-0.003663063,-0.057846643,-3.314368505,0.000000000,-0.000000000,6.000000000,2.500000000,3.143450975,180.106473998,0.000000000,-2.770881653,2.000000000,0.500000000,-2.880847216,-165.060386879,0.000000000,2.693999767,1.000000000,0.500000000,-0.189021111,-10.830111873,0.000000000,0.431064546,0.500000000,0.200000003,0.709263802,40.637822392,0.000000000,0.000112792,0.000000000,0.100000001
2026-07-04 23:19:52.696,1783178392.696567535,184.966741455,1,1,184.954574880,1,0.003805704,5,1,0.004703386,5,1,0,1,0,0,1,1,1,0,1,0,-1.000000000,0.000000000,0.000000000,0.000000000,0,-1.000000000,0,0,0,,0,-1.000000000,,0,0,0.000000000,0.000000000,0,-1.000000000,0,,0,-1.000000000,,0,-1.000000000,0,,1,-0.107057191,-6.133925236,-0.080585480,0.451770782,1,2.642955065,151.430170654,0.153845787,-1.907691956,1,-2.880465746,-165.038530274,-0.007326126,2.673503876,1,-0.187876701,-10.764542056,-0.007326126,0.422466278,1,0.709263802,40.637822392,-0.012210846,-0.003663063,-0.057846643,-3.314368505,0.000000000,-0.000000000,6.000000000,2.500000000,3.143450975,180.106473998,0.000000000,-2.770881653,2.000000000,0.500000000,-2.880847216,-165.060386879,0.000000000,2.693999767,1.000000000,0.500000000,-0.189021111,-10.830111873,0.000000000,0.431064546,0.500000000,0.200000003,0.709263802,40.637822392,0.000000000,0.000112792,0.000000000,0.100000001
2026-07-04 23:19:53.696,1783178393.696355343,185.966529245,1,1,185.954362670,1,0.003572005,5,1,0.004541982,5,1,0,1,0,0,1,1,1,0,1,0,-1.000000000,0.000000000,0.000000000,0.000000000,0,-1.000000000,0,0,0,,0,-1.000000000,,0,0,0.000000000,0.000000000,0,-1.000000000,0,,0,-1.000000000,,0,-1.000000000,0,,1,-0.078065492,-4.472823229,-0.139194489,0.339438438,1,2.590692759,148.435761081,0.002442360,-1.716239929,1,-2.880465746,-165.038530274,-0.002442360,2.673503876,1,-0.187876701,-10.764542056,-0.007326126,0.422466278,1,0.709263802,40.637822392,-0.012210846,-0.003663063,-0.057846643,-3.314368505,0.000000000,-0.000000000,6.000000000,2.500000000,3.143450975,180.106473998,0.000000000,-2.770881653,2.000000000,0.500000000,-2.880847216,-165.060386879,0.000000000,2.693999767,1.000000000,0.500000000,-0.189021111,-10.830111873,0.000000000,0.431064546,0.500000000,0.200000003,0.709263802,40.637822392,0.000000000,0.000112792,0.000000000,0.100000001
2026-07-04 23:19:54.696,1783178394.696120262,186.966294049,1,1,186.954127474,1,0.003543857,5,1,0.004665336,5,1,0,1,0,0,1,1,1,0,1,0,-1.000000000,0.000000000,0.000000000,0.000000000,0,-1.000000000,0,0,0,,0,-1.000000000,,0,0,0.000000000,0.000000000,0,-1.000000000,0,,0,-1.000000000,,0,-1.000000000,0,,1,-0.080735780,-4.625819467,0.007326126,0.051281929,1,2.590692759,148.435761081,-0.002442360,-1.716239929,1,-2.880465746,-165.038530274,-0.002442360,2.673503876,1,-0.187876701,-10.764542056,-0.007326126,0.427350044,1,0.709647179,40.659788280,0.012210846,-0.003663063,-0.057846643,-3.314368505,0.000000000,-0.000000000,6.000000000,2.500000000,3.143450975,180.106473998,0.000000000,-2.770881653,2.000000000,0.500000000,-2.880847216,-165.060386879,0.000000000,2.693999767,1.000000000,0.500000000,-0.189021111,-10.830111873,0.000000000,0.431064546,0.500000000,0.200000003,0.709263802,40.637822392,0.000000000,0.000112792,0.000000000,0.100000001
2026-07-04 23:19:55.695,1783178395.695904493,187.966078298,1,1,187.953911723,1,0.003711330,5,1,0.004695894,5,1,0,1,0,0,1,1,1,0,1,0,-1.000000000,0.000000000,0.000000000,0.000000000,0,-1.000000000,0,0,0,,0,-1.000000000,,0,0,0.000000000,0.000000000,0,-1.000000000,0,,0,-1.000000000,,0,-1.000000000,0,,1,-0.083787538,-4.800672310,-0.007326126,0.139194489,1,2.590692759,148.435761081,-0.007326126,-1.702564240,1,-2.880465746,-165.038530274,-0.002442360,2.673503876,1,-0.187876701,-10.764542056,-0.007326126,0.422466278,1,0.709647179,40.659788280,0.012210846,-0.003663063,-0.057846643,-3.314368505,0.000000000,-0.000000000,6.000000000,2.500000000,3.143450975,180.106473998,0.000000000,-2.770881653,2.000000000,0.500000000,-2.880847216,-165.060386879,0.000000000,2.693999767,1.000000000,0.500000000,-0.189021111,-10.830111873,0.000000000,0.431064546,0.500000000,0.200000003,0.709263802,40.637822392,0.000000000,0.000112792,0.000000000,0.100000001
2026-07-04 23:19:56.695,1783178396.695723057,188.965896875,1,1,188.953730300,1,0.003725470,5,1,0.004778677,5,1,0,1,0,0,1,1,1,0,1,0,-1.000000000,0.000000000,0.000000000,0.000000000,0,-1.000000000,0,0,0,,0,-1.000000000,,0,0,0.000000000,0.000000000,0,-1.000000000,0,,0,-1.000000000,,0,-1.000000000,0,,1,-0.086457826,-4.953668547,-0.021978378,0.168498039,1,2.590692759,148.435761081,-0.002442360,-1.716239929,1,-2.880465746,-165.038530274,-0.002442360,2.687179565,1,-0.188258171,-10.786398662,-0.007326126,0.422466278,1,0.709263802,40.637822392,-0.036628723,-0.003663063,-0.057846643,-3.314368505,0.000000000,-0.000000000,6.000000000,2.500000000,3.143450975,180.106473998,0.000000000,-2.770881653,2.000000000,0.500000000,-2.880847216,-165.060386879,0.000000000,2.693999767,1.000000000,0.500000000,-0.189021111,-10.830111873,0.000000000,0.431064546,0.500000000,0.200000003,0.709263802,40.637822392,0.000000000,0.000112792,0.000000000,0.100000001
2026-07-04 23:19:57.695,1783178397.695508957,189.965682888,1,1,189.953516313,1,0.003804547,5,1,0.004710328,5,1,0,1,0,0,1,1,1,0,1,0,-1.000000000,0.000000000,0.000000000,0.000000000,0,-1.000000000,0,0,0,,0,-1.000000000,,0,0,0.000000000,0.000000000,0,-1.000000000,0,,0,-1.000000000,,0,-1.000000000,0,,1,-0.086839296,-4.975525152,-0.021978378,0.148962021,1,2.590692759,148.435761081,-0.002442360,-1.702564240,1,-2.880465746,-165.038530274,-0.002442360,2.673503876,1,-0.188258171,-10.786398662,-0.007326126,0.422466278,1,0.709263802,40.637822392,-0.036628723,-0.003663063,-0.057846643,-3.314368505,0.000000000,-0.000000000,6.000000000,2.500000000,3.143450975,180.106473998,0.000000000,-2.770881653,2.000000000,0.500000000,-2.880847216,-165.060386879,0.000000000,2.693999767,1.000000000,0.500000000,-0.189021111,-10.830111873,0.000000000,0.431064546,0.500000000,0.200000003,0.709263802,40.637822392,0.000000000,0.000112792,0.000000000,0.100000001
2026-07-04 23:19:58.695,1783178398.695267677,190.965441491,1,1,190.953274916,1,0.003668536,5,1,0.004651860,5,1,0,1,0,0,1,1,1,0,1,0,-1.000000000,0.000000000,0.000000000,0.000000000,0,-1.000000000,0,0,0,,0,-1.000000000,,0,0,0.000000000,0.000000000,0,-1.000000000,0,,0,-1.000000000,,0,-1.000000000,0,,1,-0.086839296,-4.975525152,-0.007326126,0.148962021,1,2.590692759,148.435761081,-0.002442360,-1.716239929,1,-2.880465746,-165.038530274,-0.002442360,2.687179565,1,-0.188258171,-10.786398662,-0.007326126,0.422466278,1,0.709647179,40.659788280,-0.036628723,-0.003663063,-0.057846643,-3.314368505,0.000000000,-0.000000000,6.000000000,2.500000000,3.143450975,180.106473998,0.000000000,-2.770881653,2.000000000,0.500000000,-2.880847216,-165.060386879,0.000000000,2.693999767,1.000000000,0.500000000,-0.189021111,-10.830111873,0.000000000,0.431064546,0.500000000,0.200000003,0.709263802,40.637822392,0.000000000,0.000112792,0.000000000,0.100000001
2026-07-04 23:19:59.695,1783178399.695115328,191.965289110,1,1,191.953122535,1,0.003775348,5,1,0.004507151,5,1,0,1,0,0,1,1,1,0,1,0,-1.000000000,0.000000000,0.000000000,0.000000000,0,-1.000000000,0,0,0,,0,-1.000000000,,0,0,0.000000000,0.000000000,0,-1.000000000,0,,0,-1.000000000,,0,-1.000000000,0,,1,-0.085694887,-4.909955336,-0.021978378,0.139194489,1,2.590692759,148.435761081,0.002442360,-1.702564240,1,-2.880465746,-165.038530274,-0.002442360,2.673503876,1,-0.188258171,-10.786398662,-0.007326126,0.422466278,1,0.709263802,40.637822392,-0.012210846,-0.003663063,-0.057846643,-3.314368505,0.000000000,-0.000000000,6.000000000,2.500000000,3.143450975,180.106473998,0.000000000,-2.770881653,2.000000000,0.500000000,-2.880847216,-165.060386879,0.000000000,2.693999767,1.000000000,0.500000000,-0.189021111,-10.830111873,0.000000000,0.431064546,0.500000000,0.200000003,0.709263802,40.637822392,0.000000000,0.000112792,0.000000000,0.100000001
2026-07-04 23:20:00.694,1783178400.694817066,192.964990926,1,1,192.952824351,1,0.003813576,5,1,0.004695627,5,1,0,1,0,0,1,1,1,0,1,0,-1.000000000,0.000000000,0.000000000,0.000000000,0,-1.000000000,0,0,0,,0,-1.000000000,,0,0,0.000000000,0.000000000,0,-1.000000000,0,,0,-1.000000000,,0,-1.000000000,0,,1,-0.083787538,-4.800672310,0.007326126,0.139194489,1,2.590692759,148.435761081,-0.007326126,-1.716239929,1,-2.880465746,-165.038530274,-0.002442360,2.673503876,1,-0.188258171,-10.786398662,-0.021978378,0.422466278,1,0.709263802,40.637822392,-0.036628723,-0.003663063,-0.057846643,-3.314368505,0.000000000,-0.000000000,6.000000000,2.500000000,3.143450975,180.106473998,0.000000000,-2.770881653,2.000000000,0.500000000,-2.880847216,-165.060386879,0.000000000,2.693999767,1.000000000,0.500000000,-0.189021111,-10.830111873,0.000000000,0.431064546,0.500000000,0.200000003,0.709263802,40.637822392,0.000000000,0.000112792,0.000000000,0.100000001
2026-07-04 23:20:01.694,1783178401.694618940,193.964792757,1,1,193.952626182,1,0.003627032,5,1,0.004422158,5,1,0,1,0,0,1,1,1,0,1,0,-1.000000000,0.000000000,0.000000000,0.000000000,0,-1.000000000,0,0,0,,0,-1.000000000,,0,0,0.000000000,0.000000000,0,-1.000000000,0,,0,-1.000000000,,0,-1.000000000,0,,1,-0.083406068,-4.778815704,-0.007326126,0.124542236,1,2.590692759,148.435761081,-0.002442360,-1.716239929,1,-2.880465746,-165.038530274,-0.002442360,2.687179565,1,-0.188258171,-10.786398662,-0.007326126,0.422466278,1,0.709647179,40.659788280,-0.012210846,-0.003663063,-0.057846643,-3.314368505,0.000000000,-0.000000000,6.000000000,2.500000000,3.143450975,180.106473998,0.000000000,-2.770881653,2.000000000,0.500000000,-2.880847216,-165.060386879,0.000000000,2.693999767,1.000000000,0.500000000,-0.189021111,-10.830111873,0.000000000,0.431064546,0.500000000,0.200000003,0.709263802,40.637822392,0.000000000,0.000112792,0.000000000,0.100000001
2026-07-04 23:20:02.694,1783178402.694417715,194.964591488,1,1,194.952424913,1,0.003693892,5,1,0.004616462,5,1,0,1,0,0,1,1,1,0,1,0,-1.000000000,0.000000000,0.000000000,0.000000000,0,-1.000000000,0,0,0,,0,-1.000000000,,0,0,0.000000000,0.000000000,0,-1.000000000,0,,0,-1.000000000,,0,-1.000000000,0,,1,-0.083787538,-4.800672310,0.007326126,0.114773750,1,2.590692759,148.435761081,-0.002442360,-1.702564240,1,-2.880465746,-165.038530274,0.002442360,2.673503876,1,-0.188258171,-10.786398662,-0.021978378,0.422466278,1,0.709263802,40.637822392,-0.012210846,-0.003663063,-0.057846643,-3.314368505,0.000000000,-0.000000000,6.000000000,2.500000000,3.143450975,180.106473998,0.000000000,-2.770881653,2.000000000,0.500000000,-2.880847216,-165.060386879,0.000000000,2.693999767,1.000000000,0.500000000,-0.189021111,-10.830111873,0.000000000,0.431064546,0.500000000,0.200000003,0.709263802,40.637822392,0.000000000,0.000112792,0.000000000,0.100000001
2026-07-04 23:20:03.694,1783178403.694175243,195.964349042,1,1,195.952182467,1,0.003475310,5,1,0.004612789,5,1,0,1,0,0,1,1,1,0,1,0,-1.000000000,0.000000000,0.000000000,0.000000000,0,-1.000000000,0,0,0,,0,-1.000000000,,0,0,0.000000000,0.000000000,0,-1.000000000,0,,0,-1.000000000,,0,-1.000000000,0,,1,-0.083406068,-4.778815704,-0.007326126,0.134309769,1,2.592600107,148.545044107,-0.002442360,-1.716239929,1,-2.880465746,-165.038530274,-0.002442360,2.687179565,1,-0.188258171,-10.786398662,-0.007326126,0.422466278,1,0.709263802,40.637822392,0.012210846,-0.003663063,-0.057846643,-3.314368505,0.000000000,-0.000000000,6.000000000,2.500000000,3.143450975,180.106473998,0.000000000,-2.770881653,2.000000000,0.500000000,-2.880847216,-165.060386879,0.000000000,2.693999767,1.000000000,0.500000000,-0.189021111,-10.830111873,0.000000000,0.431064546,0.500000000,0.200000003,0.709263802,40.637822392,0.000000000,0.000112792,0.000000000,0.100000001
2026-07-04 23:20:04.694,1783178404.694038391,196.964212202,1,1,196.952045627,1,0.003703128,5,1,0.004614608,5,1,0,1,0,0,1,1,1,0,1,0,-1.000000000,0.000000000,0.000000000,0.000000000,0,-1.000000000,0,0,0,,0,-1.000000000,,0,0,0.000000000,0.000000000,0,-1.000000000,0,,0,-1.000000000,,0,-1.000000000,0,,1,-0.086457826,-4.953668547,0.007326126,0.148962021,1,2.592600107,148.545044107,-0.002442360,-1.716239929,1,-2.880465746,-165.038530274,-0.002442360,2.673503876,1,-0.188258171,-10.786398662,-0.007326126,0.422466278,1,0.709263802,40.637822392,-0.012210846,-0.003663063,-0.057846643,-3.314368505,0.000000000,-0.000000000,6.000000000,2.500000000,3.143450975,180.106473998,0.000000000,-2.770881653,2.000000000,0.500000000,-2.880847216,-165.060386879,0.000000000,2.693999767,1.000000000,0.500000000,-0.189021111,-10.830111873,0.000000000,0.431064546,0.500000000,0.200000003,0.709263802,40.637822392,0.000000000,0.000112792,0.000000000,0.100000001
2026-07-04 23:20:05.693,1783178405.693769932,197.963943909,1,1,197.951777334,1,0.003530250,5,1,0.004689398,5,1,0,1,0,0,1,1,1,0,1,0,-1.000000000,0.000000000,0.000000000,0.000000000,0,-1.000000000,0,0,0,,0,-1.000000000,,0,0,0.000000000,0.000000000,0,-1.000000000,0,,0,-1.000000000,,0,-1.000000000,0,,1,-0.084169008,-4.822528915,0.007326126,0.129426003,1,2.592600107,148.545044107,-0.002442360,-1.716239929,1,-2.880465746,-165.038530274,-0.002442360,2.687179565,1,-0.188258171,-10.786398662,-0.007326126,0.422466278,1,0.709263802,40.637822392,-0.036628723,-0.003663063,-0.057846643,-3.314368505,0.000000000,-0.000000000,6.000000000,2.500000000,3.143450975,180.106473998,0.000000000,-2.770881653,2.000000000,0.500000000,-2.880847216,-165.060386879,0.000000000,2.693999767,1.000000000,0.500000000,-0.189021111,-10.830111873,0.000000000,0.431064546,0.500000000,0.200000003,0.709263802,40.637822392,0.000000000,0.000112792,0.000000000,0.100000001
2026-07-04 23:20:06.693,1783178406.693564177,198.963737961,1,1,198.951571386,1,0.003302887,5,1,0.004212864,5,1,0,1,0,0,1,1,1,0,1,0,-1.000000000,0.000000000,0.000000000,0.000000000,0,-1.000000000,0,0,0,,0,-1.000000000,,0,0,0.000000000,0.000000000,0,-1.000000000,0,,0,-1.000000000,,0,-1.000000000,0,,1,-0.083787538,-4.800672310,-0.021978378,0.134309769,1,2.592600107,148.545044107,-0.007326126,-1.716239929,1,-2.880465746,-165.038530274,-0.002442360,2.673503876,1,-0.188258171,-10.786398662,-0.021978378,0.422466278,1,0.709263802,40.637822392,-0.012210846,-0.003663063,-0.057846643,-3.314368505,0.000000000,-0.000000000,6.000000000,2.500000000,3.143450975,180.106473998,0.000000000,-2.770881653,2.000000000,0.500000000,-2.880847216,-165.060386879,0.000000000,2.693999767,1.000000000,0.500000000,-0.189021111,-10.830111873,0.000000000,0.431064546,0.500000000,0.200000003,0.709263802,40.637822392,0.000000000,0.000112792,0.000000000,0.100000001
2026-07-04 23:20:07.693,1783178407.693349838,199.963523657,1,1,199.951357082,1,0.003755536,5,1,0.004664836,5,1,0,1,0,0,1,1,1,0,1,0,-1.000000000,0.000000000,0.000000000,0.000000000,0,-1.000000000,0,0,0,,0,-1.000000000,,0,0,0.000000000,0.000000000,0,-1.000000000,0,,0,-1.000000000,,0,-1.000000000,0,,1,-0.084169008,-4.822528915,0.007326126,0.129426003,1,2.600229502,148.982176214,-0.002442360,-1.729913712,1,-2.880465746,-165.038530274,-0.002442360,2.673503876,1,-0.188258171,-10.786398662,-0.007326126,0.422466278,1,0.709647179,40.659788280,-0.036628723,-0.003663063,-0.057846643,-3.314368505,0.000000000,-0.000000000,6.000000000,2.500000000,3.143450975,180.106473998,0.000000000,-2.770881653,2.000000000,0.500000000,-2.880847216,-165.060386879,0.000000000,2.693999767,1.000000000,0.500000000,-0.189021111,-10.830111873,0.000000000,0.431064546,0.500000000,0.200000003,0.709263802,40.637822392,0.000000000,0.000112792,0.000000000,0.100000001
2026-07-04 23:20:08.693,1783178408.693134785,200.963308708,1,1,200.951142133,1,0.003646238,5,1,0.004623848,5,1,0,1,0,0,1,1,1,0,1,0,-1.000000000,0.000000000,0.000000000,0.000000000,0,-1.000000000,0,0,0,,0,-1.000000000,,0,0,0.000000000,0.000000000,0,-1.000000000,0,,0,-1.000000000,,0,-1.000000000,0,,1,-0.083787538,-4.800672310,-0.021978378,0.129426003,1,2.600229502,148.982176214,-0.002442360,-1.729913712,1,-2.880465746,-165.038530274,-0.002442360,2.687179565,1,-0.188258171,-10.786398662,-0.021978378,0.422466278,1,0.709263802,40.637822392,-0.012210846,-0.003663063,-0.057846643,-3.314368505,0.000000000,-0.000000000,6.000000000,2.500000000,3.143450975,180.106473998,0.000000000,-2.770881653,2.000000000,0.500000000,-2.880847216,-165.060386879,0.000000000,2.693999767,1.000000000,0.500000000,-0.189021111,-10.830111873,0.000000000,0.431064546,0.500000000,0.200000003,0.709263802,40.637822392,0.000000000,0.000112792,0.000000000,0.100000001
2026-07-04 23:20:09.693,1783178409.692983150,201.963156801,1,1,201.950990226,1,0.003594611,5,1,0.004585281,5,1,0,1,0,0,1,1,1,0,1,0,-1.000000000,0.000000000,0.000000000,0.000000000,0,-1.000000000,0,0,0,,0,-1.000000000,,0,0,0.000000000,0.000000000,0,-1.000000000,0,,0,-1.000000000,,0,-1.000000000,0,,1,-0.084169008,-4.822528915,-0.007326126,0.124542236,1,2.600229502,148.982176214,-0.002442360,-1.729913712,1,-2.880465746,-165.038530274,-0.002442360,2.687179565,1,-0.188258171,-10.786398662,-0.007326126,0.422466278,1,0.709263802,40.637822392,-0.036628723,-0.003663063,-0.057846643,-3.314368505,0.000000000,-0.000000000,6.000000000,2.500000000,3.143450975,180.106473998,0.000000000,-2.770881653,2.000000000,0.500000000,-2.880847216,-165.060386879,0.000000000,2.693999767,1.000000000,0.500000000,-0.189021111,-10.830111873,0.000000000,0.431064546,0.500000000,0.200000003,0.709263802,40.637822392,0.000000000,0.000112792,0.000000000,0.100000001
2026-07-04 23:20:10.692,1783178410.692726374,202.962900235,1,1,202.950733660,1,0.003840584,5,1,0.004651591,5,1,0,1,0,0,1,1,1,0,1,0,-1.000000000,0.000000000,0.000000000,0.000000000,0,-1.000000000,0,0,0,,0,-1.000000000,,0,0,0.000000000,0.000000000,0,-1.000000000,0,,0,-1.000000000,,0,-1.000000000,0,,1,-0.084169008,-4.822528915,-0.021978378,0.139194489,1,2.600229502,148.982176214,-0.002442360,-1.729913712,1,-2.880465746,-165.038530274,-0.002442360,2.673503876,1,-0.188258171,-10.786398662,0.007326126,0.422466278,1,0.709647179,40.659788280,0.012210846,-0.003663063,-0.057846643,-3.314368505,0.000000000,-0.000000000,6.000000000,2.500000000,3.143450975,180.106473998,0.000000000,-2.770881653,2.000000000,0.500000000,-2.880847216,-165.060386879,0.000000000,2.693999767,1.000000000,0.500000000,-0.189021111,-10.830111873,0.000000000,0.431064546,0.500000000,0.200000003,0.709263802,40.637822392,0.000000000,0.000112792,0.000000000,0.100000001
2026-07-04 23:20:11.692,1783178411.692487001,203.962660723,1,1,203.950494148,1,0.003795511,5,1,0.004622100,5,1,0,1,0,0,1,1,1,0,1,0,-1.000000000,0.000000000,0.000000000,0.000000000,0,-1.000000000,0,0,0,,0,-1.000000000,,0,0,0.000000000,0.000000000,0,-1.000000000,0,,0,-1.000000000,,0,-1.000000000,0,,1,-0.083787538,-4.800672310,-0.007326126,0.129426003,1,2.600229502,148.982176214,-0.002442360,-1.729913712,1,-2.880465746,-165.038530274,-0.002442360,2.673503876,1,-0.188258171,-10.786398662,-0.007326126,0.422466278,1,0.709263802,40.637822392,0.012210846,-0.003663063,-0.057846643,-3.314368505,0.000000000,-0.000000000,6.000000000,2.500000000,3.143450975,180.106473998,0.000000000,-2.770881653,2.000000000,0.500000000,-2.880847216,-165.060386879,0.000000000,2.693999767,1.000000000,0.500000000,-0.189021111,-10.830111873,0.000000000,0.431064546,0.500000000,0.200000003,0.709263802,40.637822392,0.000000000,0.000112792,0.000000000,0.100000001
2026-07-04 23:20:12.692,1783178412.692404032,204.962577913,1,1,204.950411338,1,0.003843774,5,1,0.004774806,5,1,0,1,0,0,1,1,1,0,1,0,-1.000000000,0.000000000,0.000000000,0.000000000,0,-1.000000000,0,0,0,,0,-1.000000000,,0,0,0.000000000,0.000000000,0,-1.000000000,0,,0,-1.000000000,,0,-1.000000000,0,,1,-0.083787538,-4.800672310,-0.007326126,0.129426003,1,2.600229502,148.982176214,-0.002442360,-1.729913712,1,-2.880465746,-165.038530274,-0.002442360,2.673503876,1,-0.188258171,-10.786398662,-0.021978378,0.422466278,1,0.709263802,40.637822392,-0.012210846,-0.003663063,-0.057846643,-3.314368505,0.000000000,-0.000000000,6.000000000,2.500000000,3.143450975,180.106473998,0.000000000,-2.770881653,2.000000000,0.500000000,-2.880847216,-165.060386879,0.000000000,2.693999767,1.000000000,0.500000000,-0.189021111,-10.830111873,0.000000000,0.431064546,0.500000000,0.200000003,0.709263802,40.637822392,0.000000000,0.000112792,0.000000000,0.100000001
2026-07-04 23:20:13.692,1783178413.692060709,205.962234569,1,1,205.950067994,1,0.003806808,5,1,0.004691033,5,1,0,1,0,0,1,1,1,0,1,0,-1.000000000,0.000000000,0.000000000,0.000000000,0,-1.000000000,0,0,0,,0,-1.000000000,,0,0,0.000000000,0.000000000,0,-1.000000000,0,,0,-1.000000000,,0,-1.000000000,0,,1,-0.083406068,-4.778815704,-0.007326126,0.129426003,1,2.600229502,148.982176214,-0.007326126,-1.729913712,1,-2.880465746,-165.038530274,-0.002442360,2.673503876,1,-0.188258171,-10.786398662,-0.021978378,0.422466278,1,0.709263802,40.637822392,-0.012210846,-0.003663063,-0.057846643,-3.314368505,0.000000000,-0.000000000,6.000000000,2.500000000,3.143450975,180.106473998,0.000000000,-2.770881653,2.000000000,0.500000000,-2.880847216,-165.060386879,0.000000000,2.693999767,1.000000000,0.500000000,-0.189021111,-10.830111873,0.000000000,0.431064546,0.500000000,0.200000003,0.709263802,40.637822392,0.000000000,0.000112792,0.000000000,0.100000001
2026-07-04 23:20:14.691,1783178414.691828251,206.962002111,1,1,206.949835536,1,0.003781246,5,1,0.004642408,5,1,0,1,0,0,1,1,1,0,1,0,-1.000000000,0.000000000,0.000000000,0.000000000,0,-1.000000000,0,0,0,,0,-1.000000000,,0,0,0.000000000,0.000000000,0,-1.000000000,0,,0,-1.000000000,,0,-1.000000000,0,,1,-0.083406068,-4.778815704,-0.007326126,0.129426003,1,2.600229502,148.982176214,-0.002442360,-1.729913712,1,-2.880465746,-165.038530274,-0.007326126,2.673503876,1,-0.188258171,-10.786398662,-0.021978378,0.422466278,1,0.709263802,40.637822392,-0.012210846,-0.003663063,-0.057846643,-3.314368505,0.000000000,-0.000000000,6.000000000,2.500000000,3.143450975,180.106473998,0.000000000,-2.770881653,2.000000000,0.500000000,-2.880847216,-165.060386879,0.000000000,2.693999767,1.000000000,0.500000000,-0.189021111,-10.830111873,0.000000000,0.431064546,0.500000000,0.200000003,0.709263802,40.637822392,0.000000000,0.000112792,0.000000000,0.100000001
2026-07-04 23:20:15.691,1783178415.691644669,207.961818482,1,1,207.949651907,1,0.003798689,5,1,0.004633900,5,1,0,1,0,0,1,1,1,0,1,0,-1.000000000,0.000000000,0.000000000,0.000000000,0,-1.000000000,0,0,0,,0,-1.000000000,,0,0,0.000000000,0.000000000,0,-1.000000000,0,,0,-1.000000000,,0,-1.000000000,0,,1,-0.083406068,-4.778815704,0.007326126,0.129426003,1,2.600229502,148.982176214,-0.002442360,-1.729913712,1,-2.880465746,-165.038530274,-0.002442360,2.673503876,1,-0.188258171,-10.786398662,0.007326126,0.422466278,1,0.709263802,40.637822392,-0.012210846,-0.003663063,-0.057846643,-3.314368505,0.000000000,-0.000000000,6.000000000,2.500000000,3.143450975,180.106473998,0.000000000,-2.770881653,2.000000000,0.500000000,-2.880847216,-165.060386879,0.000000000,2.693999767,1.000000000,0.500000000,-0.189021111,-10.830111873,0.000000000,0.431064546,0.500000000,0.200000003,0.709263802,40.637822392,0.000000000,0.000112792,0.000000000,0.100000001
2026-07-04 23:20:16.691,1783178416.691448927,208.961622577,1,1,208.949456002,1,0.003393311,5,1,0.004524537,5,1,0,1,0,0,1,1,1,0,1,0,-1.000000000,0.000000000,0.000000000,0.000000000,0,-1.000000000,0,0,0,,0,-1.000000000,,0,0,0.000000000,0.000000000,0,-1.000000000,0,,0,-1.000000000,,0,-1.000000000,0,,1,-0.083406068,-4.778815704,-0.021978378,0.129426003,1,2.600229502,148.982176214,-0.007326126,-1.729913712,1,-2.880465746,-165.038530274,-0.002442360,2.673503876,1,-0.188258171,-10.786398662,-0.021978378,0.422466278,1,0.709263802,40.637822392,-0.012210846,-0.003663063,-0.057846643,-3.314368505,0.000000000,-0.000000000,6.000000000,2.500000000,3.143450975,180.106473998,0.000000000,-2.770881653,2.000000000,0.500000000,-2.880847216,-165.060386879,0.000000000,2.693999767,1.000000000,0.500000000,-0.189021111,-10.830111873,0.000000000,0.431064546,0.500000000,0.200000003,0.709263802,40.637822392,0.000000000,0.000112792,0.000000000,0.100000001
2026-07-04 23:20:17.691,1783178417.691248178,209.961421849,1,1,209.949255274,1,0.003947022,5,1,0.004688391,5,1,0,1,0,0,1,1,1,0,1,0,-1.000000000,0.000000000,0.000000000,0.000000000,0,-1.000000000,0,0,0,,0,-1.000000000,,0,0,0.000000000,0.000000000,0,-1.000000000,0,,0,-1.000000000,,0,-1.000000000,0,,1,-0.083024599,-4.756959099,-0.007326126,0.124542236,1,2.600229502,148.982176214,-0.002442360,-1.729913712,1,-2.880465746,-165.038530274,-0.002442360,2.673503876,1,-0.188258171,-10.786398662,-0.007326126,0.427350044,1,0.709263802,40.637822392,-0.036628723,-0.003663063,-0.057846643,-3.314368505,0.000000000,-0.000000000,6.000000000,2.500000000,3.143450975,180.106473998,0.000000000,-2.770881653,2.000000000,0.500000000,-2.880847216,-165.060386879,0.000000000,2.693999767,1.000000000,0.500000000,-0.189021111,-10.830111873,0.000000000,0.431064546,0.500000000,0.200000003,0.709263802,40.637822392,0.000000000,0.000112792,0.000000000,0.100000001
2026-07-04 23:20:18.691,1783178418.691017628,210.961191510,1,1,210.949024935,1,0.003941893,5,1,0.004610591,5,1,0,1,0,0,1,1,1,0,1,0,-1.000000000,0.000000000,0.000000000,0.000000000,0,-1.000000000,0,0,0,,0,-1.000000000,,0,0,0.000000000,0.000000000,0,-1.000000000,0,,0,-1.000000000,,0,-1.000000000,0,,1,-0.083406068,-4.778815704,0.007326126,0.129426003,1,2.600229502,148.982176214,-0.002442360,-1.729913712,1,-2.880465746,-165.038530274,0.002442360,2.687179565,1,-0.188258171,-10.786398662,-0.007326126,0.422466278,1,0.709263802,40.637822392,0.012210846,-0.003663063,-0.057846643,-3.314368505,0.000000000,-0.000000000,6.000000000,2.500000000,3.143450975,180.106473998,0.000000000,-2.770881653,2.000000000,0.500000000,-2.880847216,-165.060386879,0.000000000,2.693999767,1.000000000,0.500000000,-0.189021111,-10.830111873,0.000000000,0.431064546,0.500000000,0.200000003,0.709263802,40.637822392,0.000000000,0.000112792,0.000000000,0.100000001
2026-07-04 23:20:19.690,1783178419.690822124,211.960996004,1,1,211.948829429,1,0.003466176,5,1,0.004731857,5,1,0,1,0,0,1,1,1,0,1,0,-1.000000000,0.000000000,0.000000000,0.000000000,0,-1.000000000,0,0,0,,0,-1.000000000,,0,0,0.000000000,0.000000000,0,-1.000000000,0,,0,-1.000000000,,0,-1.000000000,0,,1,-0.083406068,-4.778815704,0.007326126,0.124542236,1,2.600229502,148.982176214,-0.002442360,-1.729913712,0,-2.880465746,-165.038530274,-0.002442360,2.673503876,0,-0.188258171,-10.786398662,-0.007326126,0.422466278,0,0.709263802,40.637822392,0.012210846,-0.003663063,-0.057846643,-3.314368505,0.000000000,-0.000000000,6.000000000,2.500000000,3.143450975,180.106473998,0.000000000,-2.770881653,2.000000000,0.500000000,-2.880847216,-165.060386879,0.000000000,2.693999767,1.000000000,0.500000000,-0.189021111,-10.830111873,0.000000000,0.431064546,0.500000000,0.200000003,0.709263802,40.637822392,0.000000000,0.000112792,0.000000000,0.100000001
2026-07-04 23:20:20.690,1783178420.690609217,212.960782998,1,1,212.948616423,1,0.003863515,5,1,0.004659091,5,1,0,1,0,0,1,1,1,0,1,0,-1.000000000,0.000000000,0.000000000,0.000000000,0,-1.000000000,0,0,0,,0,-1.000000000,,0,0,0.000000000,0.000000000,0,-1.000000000,0,,0,-1.000000000,,0,-1.000000000,0,,1,-0.083406068,-4.778815704,-0.007326126,0.124542236,1,2.600229502,148.982176214,-0.002442360,-1.729913712,1,-2.880465746,-165.038530274,-0.002442360,2.673503876,1,-0.188258171,-10.786398662,-0.007326126,0.422466278,1,0.709263802,40.637822392,-0.036628723,-0.003663063,-0.057846643,-3.314368505,0.000000000,-0.000000000,6.000000000,2.500000000,3.143450975,180.106473998,0.000000000,-2.770881653,2.000000000,0.500000000,-2.880847216,-165.060386879,0.000000000,2.693999767,1.000000000,0.500000000,-0.189021111,-10.830111873,0.000000000,0.431064546,0.500000000,0.200000003,0.709263802,40.637822392,0.000000000,0.000112792,0.000000000,0.100000001
2026-07-04 23:20:21.690,1783178421.690339088,213.960512969,1,1,213.948346394,1,0.003772945,5,1,0.004583155,5,1,0,1,0,0,1,1,1,0,1,0,-1.000000000,0.000000000,0.000000000,0.000000000,0,-1.000000000,0,0,0,,0,-1.000000000,,0,0,0.000000000,0.000000000,0,-1.000000000,0,,0,-1.000000000,,0,-1.000000000,0,,1,-0.083406068,-4.778815704,-0.007326126,0.129426003,1,2.600229502,148.982176214,-0.002442360,-1.729913712,1,-2.880465746,-165.038530274,-0.002442360,2.687179565,1,-0.188258171,-10.786398662,0.007326126,0.422466278,1,0.709263802,40.637822392,-0.012210846,-0.003663063,-0.057846643,-3.314368505,0.000000000,-0.000000000,6.000000000,2.500000000,3.143450975,180.106473998,0.000000000,-2.770881653,2.000000000,0.500000000,-2.880847216,-165.060386879,0.000000000,2.693999767,1.000000000,0.500000000,-0.189021111,-10.830111873,0.000000000,0.431064546,0.500000000,0.200000003,0.709263802,40.637822392,0.000000000,0.000112792,0.000000000,0.100000001
2026-07-04 23:20:22.690,1783178422.690383673,214.960557440,1,1,214.948390865,1,0.003877047,5,1,0.004718755,5,1,0,1,0,0,1,1,1,0,1,0,-1.000000000,0.000000000,0.000000000,0.000000000,0,-1.000000000,0,0,0,,0,-1.000000000,,0,0,0.000000000,0.000000000,0,-1.000000000,0,,0,-1.000000000,,0,-1.000000000,0,,1,-0.083406068,-4.778815704,-0.021978378,0.124542236,1,2.600229502,148.982176214,-0.002442360,-1.729913712,1,-2.880465746,-165.038530274,-0.002442360,2.673503876,1,-0.188258171,-10.786398662,0.007326126,0.422466278,1,0.709647179,40.659788280,-0.012210846,-0.003663063,-0.057846643,-3.314368505,0.000000000,-0.000000000,6.000000000,2.500000000,3.143450975,180.106473998,0.000000000,-2.770881653,2.000000000,0.500000000,-2.880847216,-165.060386879,0.000000000,2.693999767,1.000000000,0.500000000,-0.189021111,-10.830111873,0.000000000,0.431064546,0.500000000,0.200000003,0.709263802,40.637822392,0.000000000,0.000112792,0.000000000,0.100000001
2026-07-04 23:20:23.689,1783178423.689922333,215.960096067,1,1,215.947929492,1,0.003503375,5,1,0.004468331,5,1,0,1,0,0,1,1,1,0,1,0,-1.000000000,0.000000000,0.000000000,0.000000000,0,-1.000000000,0,0,0,,0,-1.000000000,,0,0,0.000000000,0.000000000,0,-1.000000000,0,,0,-1.000000000,,0,-1.000000000,0,,1,-0.083406068,-4.778815704,-0.007326126,0.129426003,1,2.600229502,148.982176214,-0.002442360,-1.729913712,1,-2.880465746,-165.038530274,-0.002442360,2.673503876,1,-0.188258171,-10.786398662,-0.007326126,0.422466278,1,0.709263802,40.637822392,0.012210846,-0.003663063,-0.057846643,-3.314368505,0.000000000,-0.000000000,6.000000000,2.500000000,3.143450975,180.106473998,0.000000000,-2.770881653,2.000000000,0.500000000,-2.880847216,-165.060386879,0.000000000,2.693999767,1.000000000,0.500000000,-0.189021111,-10.830111873,0.000000000,0.431064546,0.500000000,0.200000003,0.709263802,40.637822392,0.000000000,0.000112792,0.000000000,0.100000001
2026-07-04 23:20:24.689,1783178424.689750195,216.959924143,1,1,216.947757568,1,0.003742221,5,1,0.004563086,5,1,0,1,0,0,1,1,1,0,1,0,-1.000000000,0.000000000,0.000000000,0.000000000,0,-1.000000000,0,0,0,,0,-1.000000000,,0,0,0.000000000,0.000000000,0,-1.000000000,0,,0,-1.000000000,,0,-1.000000000,0,,1,-0.083406068,-4.778815704,-0.007326126,0.124542236,1,2.600229502,148.982176214,-0.002442360,-1.729913712,1,-2.880465746,-165.038530274,-0.002442360,2.673503876,1,-0.188258171,-10.786398662,0.007326126,0.422466278,1,0.709263802,40.637822392,-0.036628723,-0.003663063,-0.057846643,-3.314368505,0.000000000,-0.000000000,6.000000000,2.500000000,3.143450975,180.106473998,0.000000000,-2.770881653,2.000000000,0.500000000,-2.880847216,-165.060386879,0.000000000,2.693999767,1.000000000,0.500000000,-0.189021111,-10.830111873,0.000000000,0.431064546,0.500000000,0.200000003,0.709263802,40.637822392,0.000000000,0.000112792,0.000000000,0.100000001
2026-07-04 23:20:25.689,1783178425.689593077,217.959766895,1,1,217.947600320,1,0.003491338,5,1,0.004483211,5,1,0,1,0,0,1,1,1,0,1,0,-1.000000000,0.000000000,0.000000000,0.000000000,0,-1.000000000,0,0,0,,0,-1.000000000,,0,0,0.000000000,0.000000000,0,-1.000000000,0,,0,-1.000000000,,0,-1.000000000,0,,1,-0.083024599,-4.756959099,-0.007326126,0.119658470,1,2.608621836,149.463021532,0.241758347,-1.852991104,1,-2.880465746,-165.038530274,-0.002442360,2.673503876,1,-0.188258171,-10.786398662,-0.021978378,0.422466278,1,0.709263802,40.637822392,-0.012210846,-0.003663063,-0.057846643,-3.314368505,0.000000000,-0.000000000,6.000000000,2.500000000,3.143450975,180.106473998,0.000000000,-2.770881653,2.000000000,0.500000000,-2.880847216,-165.060386879,0.000000000,2.693999767,1.000000000,0.500000000,-0.189021111,-10.830111873,0.000000000,0.431064546,0.500000000,0.200000003,0.709263802,40.637822392,0.000000000,0.000112792,0.000000000,0.100000001
2026-07-04 23:20:26.689,1783178426.689256191,218.959430156,1,1,218.947263581,1,0.003709074,5,1,0.004578797,5,1,0,1,0,0,1,1,1,0,1,0,-1.000000000,0.000000000,0.000000000,0.000000000,0,-1.000000000,0,0,0,,0,-1.000000000,,0,0,0.000000000,0.000000000,0,-1.000000000,0,,0,-1.000000000,,0,-1.000000000,0,,1,-0.087220766,-4.997381758,-0.007326126,0.153845787,1,2.631892443,150.796329099,-0.002442360,-1.784614563,1,-2.880465746,-165.038530274,-0.002442360,2.687179565,1,-0.188258171,-10.786398662,-0.007326126,0.427350044,1,0.709263802,40.637822392,-0.012210846,-0.003663063,-0.057846643,-3.314368505,0.000000000,-0.000000000,6.000000000,2.500000000,3.143450975,180.106473998,0.000000000,-2.770881653,2.000000000,0.500000000,-2.880847216,-165.060386879,0.000000000,2.693999767,1.000000000,0.500000000,-0.189021111,-10.830111873,0.000000000,0.431064546,0.500000000,0.200000003,0.709263802,40.637822392,0.000000000,0.000112792,0.000000000,0.100000001
2026-07-04 23:20:27.689,1783178427.689139605,219.959313571,1,1,219.947146996,1,0.003391573,5,1,0.004586523,5,1,0,1,0,0,1,1,1,0,1,0,-1.000000000,0.000000000,0.000000000,0.000000000,0,-1.000000000,0,0,0,,0,-1.000000000,,0,0,0.000000000,0.000000000,0,-1.000000000,0,,0,-1.000000000,,0,-1.000000000,0,,1,-0.087602235,-5.019238363,0.007326126,0.148962021,1,2.632273912,150.818185705,-0.002442360,-1.798290253,1,-2.880465746,-165.038530274,-0.002442360,2.673503876,1,-0.188258171,-10.786398662,-0.021978378,0.422466278,1,0.709263802,40.637822392,-0.036628723,-0.003663063,-0.057846643,-3.314368505,0.000000000,-0.000000000,6.000000000,2.500000000,3.143450975,180.106473998,0.000000000,-2.770881653,2.000000000,0.500000000,-2.880847216,-165.060386879,0.000000000,2.693999767,1.000000000,0.500000000,-0.189021111,-10.830111873,0.000000000,0.431064546,0.500000000,0.200000003,0.709263802,40.637822392,0.000000000,0.000112792,0.000000000,0.100000001
2026-07-04 23:20:28.688,1783178428.688870430,220.959044350,1,1,220.946877775,1,0.003812840,5,1,0.004684202,5,1,0,1,0,0,1,1,1,0,1,0,-1.000000000,0.000000000,0.000000000,0.000000000,0,-1.000000000,0,0,0,,0,-1.000000000,,0,0,0.000000000,0.000000000,0,-1.000000000,0,,0,-1.000000000,,0,-1.000000000,0,,1,-0.087602235,-5.019238363,-0.007326126,0.153845787,1,2.631892443,150.796329099,-0.007326126,-1.798290253,1,-2.880465746,-165.038530274,-0.002442360,2.673503876,1,-0.188258171,-10.786398662,0.007326126,0.422466278,1,0.709263802,40.637822392,0.012210846,-0.003663063,-0.057846643,-3.314368505,0.000000000,-0.000000000,6.000000000,2.500000000,3.143450975,180.106473998,0.000000000,-2.770881653,2.000000000,0.500000000,-2.880847216,-165.060386879,0.000000000,2.693999767,1.000000000,0.500000000,-0.189021111,-10.830111873,0.000000000,0.431064546,0.500000000,0.200000003,0.709263802,40.637822392,0.000000000,0.000112792,0.000000000,0.100000001
2026-07-04 23:20:29.688,1783178429.688630819,221.958804724,1,1,221.946638149,1,0.003773886,5,1,0.004646276,5,1,0,1,0,0,1,1,1,0,1,0,-1.000000000,0.000000000,0.000000000,0.000000000,0,-1.000000000,0,0,0,,0,-1.000000000,,0,0,0.000000000,0.000000000,0,-1.000000000,0,,0,-1.000000000,,0,-1.000000000,0,,1,-0.087983705,-5.041094968,-0.021978378,0.158730507,1,2.632273912,150.818185705,-0.002442360,-1.798290253,1,-2.880465746,-165.038530274,-0.002442360,2.673503876,1,-0.188258171,-10.786398662,-0.021978378,0.422466278,1,0.709263802,40.637822392,-0.036628723,-0.003663063,-0.057846643,-3.314368505,0.000000000,-0.000000000,6.000000000,2.500000000,3.143450975,180.106473998,0.000000000,-2.770881653,2.000000000,0.500000000,-2.880847216,-165.060386879,0.000000000,2.693999767,1.000000000,0.500000000,-0.189021111,-10.830111873,0.000000000,0.431064546,0.500000000,0.200000003,0.709263802,40.637822392,0.000000000,0.000112792,0.000000000,0.100000001
2026-07-04 23:20:30.688,1783178430.688423634,222.958597567,1,1,222.946430992,1,0.003856342,5,1,0.004673532,5,1,0,1,0,0,1,1,1,0,1,0,-1.000000000,0.000000000,0.000000000,0.000000000,0,-1.000000000,0,0,0,,0,-1.000000000,,0,0,0.000000000,0.000000000,0,-1.000000000,0,,0,-1.000000000,,0,-1.000000000,0,,1,-0.087983705,-5.041094968,0.007326126,0.158730507,1,2.631892443,150.796329099,-0.007326126,-1.798290253,1,-2.880465746,-165.038530274,-0.002442360,2.687179565,1,-0.188258171,-10.786398662,-0.007326126,0.427350044,1,0.709263802,40.637822392,-0.012210846,-0.003663063,-0.057846643,-3.314368505,0.000000000,-0.000000000,6.000000000,2.500000000,3.143450975,180.106473998,0.000000000,-2.770881653,2.000000000,0.500000000,-2.880847216,-165.060386879,0.000000000,2.693999767,1.000000000,0.500000000,-0.189021111,-10.830111873,0.000000000,0.431064546,0.500000000,0.200000003,0.709263802,40.637822392,0.000000000,0.000112792,0.000000000,0.100000001
2026-07-04 23:20:31.688,1783178431.688215971,223.958389917,1,1,223.946223342,1,0.003594115,5,1,0.004587930,5,1,0,1,0,0,1,1,1,0,1,0,-1.000000000,0.000000000,0.000000000,0.000000000,0,-1.000000000,0,0,0,,0,-1.000000000,,0,0,0.000000000,0.000000000,0,-1.000000000,0,,0,-1.000000000,,0,-1.000000000,0,,1,-0.087983705,-5.041094968,-0.021978378,0.153845787,1,2.632273912,150.818185705,-0.007326126,-1.784614563,1,-2.880465746,-165.038530274,-0.002442360,2.673503876,1,-0.188258171,-10.786398662,-0.021978378,0.422466278,1,0.709263802,40.637822392,0.036628723,-0.003663063,-0.057846643,-3.314368505,0.000000000,-0.000000000,6.000000000,2.500000000,3.143450975,180.106473998,0.000000000,-2.770881653,2.000000000,0.500000000,-2.880847216,-165.060386879,0.000000000,2.693999767,1.000000000,0.500000000,-0.189021111,-10.830111873,0.000000000,0.431064546,0.500000000,0.200000003,0.709263802,40.637822392,0.000000000,0.000112792,0.000000000,0.100000001
2026-07-04 23:20:32.688,1783178432.687991381,224.958165021,1,1,224.945998446,1,0.003566079,5,1,0.004663331,5,1,0,1,0,0,1,1,1,0,1,0,-1.000000000,0.000000000,0.000000000,0.000000000,0,-1.000000000,0,0,0,,0,-1.000000000,,0,0,0.000000000,0.000000000,0,-1.000000000,0,,0,-1.000000000,,0,-1.000000000,0,,1,-0.087602235,-5.019238363,-0.007326126,0.158730507,1,2.632273912,150.818185705,-0.002442360,-1.784614563,1,-2.880465746,-165.038530274,-0.002442360,2.673503876,1,-0.188258171,-10.786398662,-0.007326126,0.422466278,1,0.709263802,40.637822392,-0.012210846,-0.003663063,-0.057846643,-3.314368505,0.000000000,-0.000000000,6.000000000,2.500000000,3.143450975,180.106473998,0.000000000,-2.770881653,2.000000000,0.500000000,-2.880847216,-165.060386879,0.000000000,2.693999767,1.000000000,0.500000000,-0.189021111,-10.830111873,0.000000000,0.431064546,0.500000000,0.200000003,0.709263802,40.637822392,0.000000000,0.000112792,0.000000000,0.100000001
2026-07-04 23:20:33.687,1783178433.687780142,225.957953991,1,1,225.945787416,1,0.003831072,5,1,0.004654428,5,1,0,1,0,0,1,1,1,0,1,0,-1.000000000,0.000000000,0.000000000,0.000000000,0,-1.000000000,0,0,0,,0,-1.000000000,,0,0,0.000000000,0.000000000,0,-1.000000000,0,,0,-1.000000000,,0,-1.000000000,0,,1,-0.091035463,-5.215947811,-0.007326126,0.173381805,1,2.632273912,150.818185705,-0.007326126,-1.784614563,1,-2.880465746,-165.038530274,-0.002442360,2.673503876,1,-0.188258171,-10.786398662,-0.007326126,0.422466278,1,0.709263802,40.637822392,-0.036628723,-0.003663063,-0.057846643,-3.314368505,0.000000000,-0.000000000,6.000000000,2.500000000,3.143450975,180.106473998,0.000000000,-2.770881653,2.000000000,0.500000000,-2.880847216,-165.060386879,0.000000000,2.693999767,1.000000000,0.500000000,-0.189021111,-10.830111873,0.000000000,0.431064546,0.500000000,0.200000003,0.709263802,40.637822392,0.000000000,0.000112792,0.000000000,0.100000001
2026-07-04 23:20:34.687,1783178434.687555313,226.957729229,1,1,226.945562654,1,0.003757008,5,1,0.004650467,5,1,0,1,0,0,1,1,1,0,1,0,-1.000000000,0.000000000,0.000000000,0.000000000,0,-1.000000000,0,0,0,,0,-1.000000000,,0,0,0.000000000,0.000000000,0,-1.000000000,0,,0,-1.000000000,,0,-1.000000000,0,,1,-0.091035463,-5.215947811,-0.007326126,0.173381805,1,2.632273912,150.818185705,-0.002442360,-1.798290253,1,-2.880465746,-165.038530274,-0.002442360,2.673503876,1,-0.188258171,-10.786398662,-0.021978378,0.422466278,1,0.709263802,40.637822392,-0.012210846,-0.003663063,-0.057846643,-3.314368505,0.000000000,-0.000000000,6.000000000,2.500000000,3.143450975,180.106473998,0.000000000,-2.770881653,2.000000000,0.500000000,-2.880847216,-165.060386879,0.000000000,2.693999767,1.000000000,0.500000000,-0.189021111,-10.830111873,0.000000000,0.431064546,0.500000000,0.200000003,0.709263802,40.637822392,0.000000000,0.000112792,0.000000000,0.100000001
2026-07-04 23:20:35.687,1783178435.687363386,227.957537264,1,1,227.945370689,1,0.003866807,5,1,0.004639097,5,1,0,1,0,0,1,1,1,0,1,0,-1.000000000,0.000000000,0.000000000,0.000000000,0,-1.000000000,0,0,0,,0,-1.000000000,,0,0,0.000000000,0.000000000,0,-1.000000000,0,,0,-1.000000000,,0,-1.000000000,0,,1,-0.091416933,-5.237804416,-0.021978378,0.168498039,1,2.632273912,150.818185705,-0.002442360,-1.798290253,1,-2.880465746,-165.038530274,-0.002442360,2.687179565,1,-0.188258171,-10.786398662,0.007326126,0.422466278,1,0.709263802,40.637822392,0.012210846,-0.003663063,-0.057846643,-3.314368505,0.000000000,-0.000000000,6.000000000,2.500000000,3.143450975,180.106473998,0.000000000,-2.770881653,2.000000000,0.500000000,-2.880847216,-165.060386879,0.000000000,2.693999767,1.000000000,0.500000000,-0.189021111,-10.830111873,0.000000000,0.431064546,0.500000000,0.200000003,0.709263802,40.637822392,0.000000000,0.000112792,0.000000000,0.100000001
2026-07-04 23:20:36.687,1783178436.687198639,228.957372681,1,1,228.945206106,1,0.003833659,5,1,0.004737098,5,1,0,1,0,0,1,1,1,0,1,0,-1.000000000,0.000000000,0.000000000,0.000000000,0,-1.000000000,0,0,0,,0,-1.000000000,,0,0,0.000000000,0.000000000,0,-1.000000000,0,,0,-1.000000000,,0,-1.000000000,0,,1,-0.091035463,-5.215947811,-0.007326126,0.168498039,1,2.632273912,150.818185705,-0.007326126,-1.798290253,1,-2.880465746,-165.038530274,-0.002442360,2.687179565,1,-0.188258171,-10.786398662,-0.007326126,0.422466278,1,0.709263802,40.637822392,-0.012210846,-0.003663063,-0.057846643,-3.314368505,0.000000000,-0.000000000,6.000000000,2.500000000,3.143450975,180.106473998,0.000000000,-2.770881653,2.000000000,0.500000000,-2.880847216,-165.060386879,0.000000000,2.693999767,1.000000000,0.500000000,-0.189021111,-10.830111873,0.000000000,0.431064546,0.500000000,0.200000003,0.709263802,40.637822392,0.000000000,0.000112792,0.000000000,0.100000001
2026-07-04 23:20:37.687,1783178437.686959028,229.957132821,1,1,229.944966246,1,0.003425075,5,1,0.004622892,5,1,0,1,0,0,1,1,1,0,1,0,-1.000000000,0.000000000,0.000000000,0.000000000,0,-1.000000000,0,0,0,,0,-1.000000000,,0,0,0.000000000,0.000000000,0,-1.000000000,0,,0,-1.000000000,,0,-1.000000000,0,,1,-0.091416933,-5.237804416,0.007326126,0.173381805,1,2.632273912,150.818185705,0.002442360,-1.798290253,1,-2.880465746,-165.038530274,0.002442360,2.687179565,1,-0.188258171,-10.786398662,-0.007326126,0.422466278,1,0.709647179,40.659788280,-0.012210846,-0.003663063,-0.057846643,-3.314368505,0.000000000,-0.000000000,6.000000000,2.500000000,3.143450975,180.106473998,0.000000000,-2.770881653,2.000000000,0.500000000,-2.880847216,-165.060386879,0.000000000,2.693999767,1.000000000,0.500000000,-0.189021111,-10.830111873,0.000000000,0.431064546,0.500000000,0.200000003,0.709263802,40.637822392,0.000000000,0.000112792,0.000000000,0.100000001
2026-07-04 23:20:38.686,1783178438.686702490,230.956876472,1,1,230.944709897,1,0.003710413,5,1,0.004572999,5,1,0,1,0,0,1,1,1,0,1,0,-1.000000000,0.000000000,0.000000000,0.000000000,0,-1.000000000,0,0,0,,0,-1.000000000,,0,0,0.000000000,0.000000000,0,-1.000000000,0,,0,-1.000000000,,0,-1.000000000,0,,1,-0.091416933,-5.237804416,-0.021978378,0.173381805,1,2.632273912,150.818185705,-0.002442360,-1.798290253,1,-2.880465746,-165.038530274,-0.002442360,2.673503876,1,-0.188258171,-10.786398662,-0.007326126,0.422466278,1,0.709263802,40.637822392,-0.012210846,-0.003663063,-0.057846643,-3.314368505,0.000000000,-0.000000000,6.000000000,2.500000000,3.143450975,180.106473998,0.000000000,-2.770881653,2.000000000,0.500000000,-2.880847216,-165.060386879,0.000000000,2.693999767,1.000000000,0.500000000,-0.189021111,-10.830111873,0.000000000,0.431064546,0.500000000,0.200000003,0.709263802,40.637822392,0.000000000,0.000112792,0.000000000,0.100000001
2026-07-04 23:20:39.686,1783178439.686488390,231.956662063,1,1,231.944495488,1,0.003784108,5,1,0.004601669,5,1,0,1,0,0,1,1,1,0,1,0,-1.000000000,0.000000000,0.000000000,0.000000000,0,-1.000000000,0,0,0,,0,-1.000000000,,0,0,0.000000000,0.000000000,0,-1.000000000,0,,0,-1.000000000,,0,-1.000000000,0,,1,-0.091798402,-5.259661022,-0.007326126,0.183150291,1,2.632273912,150.818185705,-0.002442360,-1.798290253,1,-2.880465746,-165.038530274,-0.002442360,2.673503876,1,-0.188258171,-10.786398662,-0.007326126,0.422466278,1,0.709263802,40.637822392,-0.036628723,-0.003663063,-0.057846643,-3.314368505,0.000000000,-0.000000000,6.000000000,2.500000000,3.143450975,180.106473998,0.000000000,-2.770881653,2.000000000,0.500000000,-2.880847216,-165.060386879,0.000000000,2.693999767,1.000000000,0.500000000,-0.189021111,-10.830111873,0.000000000,0.431064546,0.500000000,0.200000003,0.709263802,40.637822392,0.000000000,0.000112792,0.000000000,0.100000001
2026-07-04 23:20:40.686,1783178440.686286688,232.956460354,1,1,232.944293779,1,0.003809031,5,1,0.004738705,5,1,0,1,0,0,1,1,1,0,1,0,-1.000000000,0.000000000,0.000000000,0.000000000,0,-1.000000000,0,0,0,,0,-1.000000000,,0,0,0.000000000,0.000000000,0,-1.000000000,0,,0,-1.000000000,,0,-1.000000000,0,,1,-0.091798402,-5.259661022,-0.021978378,0.183150291,1,2.632273912,150.818185705,0.002442360,-1.798290253,1,-2.880465746,-165.038530274,-0.002442360,2.673503876,1,-0.188639641,-10.808255267,-0.021978378,0.422466278,1,0.709263802,40.637822392,-0.012210846,-0.003663063,-0.057846643,-3.314368505,0.000000000,-0.000000000,6.000000000,2.500000000,3.143450975,180.106473998,0.000000000,-2.770881653,2.000000000,0.500000000,-2.880847216,-165.060386879,0.000000000,2.693999767,1.000000000,0.500000000,-0.189021111,-10.830111873,0.000000000,0.431064546,0.500000000,0.200000003,0.709263802,40.637822392,0.000000000,0.000112792,0.000000000,0.100000001
2026-07-04 23:20:41.686,1783178441.686065674,233.956239525,1,1,233.944072950,1,0.003777042,5,1,0.004145678,5,1,0,1,0,0,1,1,1,0,1,0,-1.000000000,0.000000000,0.000000000,0.000000000,0,-1.000000000,0,0,0,,0,-1.000000000,,0,0,0.000000000,0.000000000,0,-1.000000000,0,,0,-1.000000000,,0,-1.000000000,0,,1,-0.104005434,-5.959072393,-0.036630630,0.319902420,1,2.705135584,154.992851967,-0.007326126,-1.935043335,1,-2.880465746,-165.038530274,-0.002442360,2.673503876,1,-0.188258171,-10.786398662,0.007326126,0.422466278,1,0.709263802,40.637822392,-0.012210846,-0.003663063,-0.057846643,-3.314368505,0.000000000,-0.000000000,6.000000000,2.500000000,3.143450975,180.106473998,0.000000000,-2.770881653,2.000000000,0.500000000,-2.880847216,-165.060386879,0.000000000,2.693999767,1.000000000,0.500000000,-0.189021111,-10.830111873,0.000000000,0.431064546,0.500000000,0.200000003,0.709263802,40.637822392,0.000000000,0.000112792,0.000000000,0.100000001
2026-07-04 23:20:42.685,1783178442.685857773,234.956031574,1,1,234.943864999,1,0.003600417,5,1,0.004206910,5,1,0,1,0,0,1,1,1,0,1,0,-1.000000000,0.000000000,0.000000000,0.000000000,0,-1.000000000,0,0,0,,0,-1.000000000,,0,0,0.000000000,0.000000000,0,-1.000000000,0,,0,-1.000000000,,0,-1.000000000,0,,1,-0.044876672,-2.571243923,-0.007326126,-0.109889984,1,2.713146448,155.451840679,0.070817947,-2.030769348,1,-2.880465746,-165.038530274,-0.002442360,2.673503876,1,-0.187876701,-10.764542056,0.007326126,0.422466278,1,0.709263802,40.637822392,-0.012210846,-0.003663063,-0.057846643,-3.314368505,0.000000000,-0.000000000,6.000000000,2.500000000,3.143450975,180.106473998,0.000000000,-2.770881653,2.000000000,0.500000000,-2.880847216,-165.060386879,0.000000000,2.693999767,1.000000000,0.500000000,-0.189021111,-10.830111873,0.000000000,0.431064546,0.500000000,0.200000003,0.709263802,40.637822392,0.000000000,0.000112792,0.000000000,0.100000001
2026-07-04 23:20:43.685,1783178443.685639143,235.955813133,1,1,235.943646558,1,0.003801864,5,1,0.004627362,5,1,0,1,0,0,1,1,1,0,1,0,-1.000000000,0.000000000,0.000000000,0.000000000,0,-1.000000000,0,0,0,,0,-1.000000000,,0,0,0.000000000,0.000000000,0,-1.000000000,0,,0,-1.000000000,,0,-1.000000000,0,,1,-0.057083704,-3.270655294,-0.007326126,-0.026862144,1,2.739086390,156.938089842,-0.002442360,-2.003417969,1,-2.880465746,-165.038530274,-0.002442360,2.673503876,1,-0.187876701,-10.764542056,0.007326126,0.427350044,1,0.709263802,40.637822392,-0.012210846,-0.003663063,-0.057846643,-3.314368505,0.000000000,-0.000000000,6.000000000,2.500000000,3.143450975,180.106473998,0.000000000,-2.770881653,2.000000000,0.500000000,-2.880847216,-165.060386879,0.000000000,2.693999767,1.000000000,0.500000000,-0.189021111,-10.830111873,0.000000000,0.431064546,0.500000000,0.200000003,0.709263802,40.637822392,0.000000000,0.000112792,0.000000000,0.100000001
2026-07-04 23:20:44.685,1783178444.685419083,236.955592942,1,1,236.943426367,1,0.003855026,5,1,0.004516967,5,1,0,1,0,0,1,1,1,0,1,0,-1.000000000,0.000000000,0.000000000,0.000000000,0,-1.000000000,0,0,0,,0,-1.000000000,,0,0,0.000000000,0.000000000,0,-1.000000000,0,,0,-1.000000000,,0,-1.000000000,0,,1,-0.075395204,-4.319826992,0.007326126,0.017093658,1,2.739086390,156.938089842,-0.002442360,-1.989744186,1,-2.880465746,-165.038530274,-0.002442360,2.687179565,1,-0.187876701,-10.764542056,0.007326126,0.422466278,1,0.709263802,40.637822392,-0.012210846,-0.003663063,-0.057846643,-3.314368505,0.000000000,-0.000000000,6.000000000,2.500000000,3.143450975,180.106473998,0.000000000,-2.770881653,2.000000000,0.500000000,-2.880847216,-165.060386879,0.000000000,2.693999767,1.000000000,0.500000000,-0.189021111,-10.830111873,0.000000000,0.431064546,0.500000000,0.200000003,0.709263802,40.637822392,0.000000000,0.000112792,0.000000000,0.100000001
2026-07-04 23:20:45.685,1783178445.685251236,237.955425118,1,1,237.943258543,1,0.003915872,5,1,0.004534565,5,1,0,1,0,0,1,1,1,0,1,0,-1.000000000,0.000000000,0.000000000,0.000000000,0,-1.000000000,0,0,0,,0,-1.000000000,,0,0,0.000000000,0.000000000,0,-1.000000000,0,,0,-1.000000000,,0,-1.000000000,0,,1,-0.079209901,-4.538393045,-0.021978378,0.134309769,1,2.750149012,157.571931397,-0.002442360,-2.030769348,1,-2.880465746,-165.038530274,-0.002442360,2.687179565,1,-0.187876701,-10.764542056,-0.007326126,0.422466278,1,0.709263802,40.637822392,-0.036628723,-0.003663063,-0.057846643,-3.314368505,0.000000000,-0.000000000,6.000000000,2.500000000,3.143450975,180.106473998,0.000000000,-2.770881653,2.000000000,0.500000000,-2.880847216,-165.060386879,0.000000000,2.693999767,1.000000000,0.500000000,-0.189021111,-10.830111873,0.000000000,0.431064546,0.500000000,0.200000003,0.709263802,40.637822392,0.000000000,0.000112792,0.000000000,0.100000001
2026-07-04 23:20:46.685,1783178446.685141802,238.955315721,1,1,238.943149146,1,0.003828359,5,1,0.004762599,5,1,0,1,0,0,1,1,1,0,1,0,-1.000000000,0.000000000,0.000000000,0.000000000,0,-1.000000000,0,0,0,,0,-1.000000000,,0,0,0.000000000,0.000000000,0,-1.000000000,0,,0,-1.000000000,,0,-1.000000000,0,,1,-0.067764856,-3.882640244,-0.021978378,0.031745911,1,2.796689272,160.238491891,-0.002442360,-2.112819672,1,-2.880465746,-165.038530274,-0.002442360,2.673503876,1,-0.187876701,-10.764542056,-0.021978378,0.422466278,1,0.709263802,40.637822392,-0.012210846,-0.003663063,-0.057846643,-3.314368505,0.000000000,-0.000000000,6.000000000,2.500000000,3.143450975,180.106473998,0.000000000,-2.770881653,2.000000000,0.500000000,-2.880847216,-165.060386879,0.000000000,2.693999767,1.000000000,0.500000000,-0.189021111,-10.830111873,0.000000000,0.431064546,0.500000000,0.200000003,0.709263802,40.637822392,0.000000000,0.000112792,0.000000000,0.100000001
2026-07-04 23:20:47.684,1783178447.684788465,239.954962199,1,1,239.942795624,1,0.003868346,5,1,0.004672333,5,1,0,1,0,0,1,1,1,0,1,0,-1.000000000,0.000000000,0.000000000,0.000000000,0,-1.000000000,0,0,0,,0,-1.000000000,,0,0,0.000000000,0.000000000,0,-1.000000000,0,,0,-1.000000000,,0,-1.000000000,0,,1,-0.060135461,-3.445508137,-0.007326126,-0.017093658,1,2.796689272,160.238491891,-0.002442360,-2.126495361,1,-2.880465746,-165.038530274,-0.002442360,2.673503876,1,-0.187876701,-10.764542056,-0.021978378,0.422466278,1,0.709647179,40.659788280,0.012210846,-0.003663063,-0.057846643,-3.314368505,0.000000000,-0.000000000,6.000000000,2.500000000,3.143450975,180.106473998,0.000000000,-2.770881653,2.000000000,0.500000000,-2.880847216,-165.060386879,0.000000000,2.693999767,1.000000000,0.500000000,-0.189021111,-10.830111873,0.000000000,0.431064546,0.500000000,0.200000003,0.709263802,40.637822392,0.000000000,0.000112792,0.000000000,0.100000001
2026-07-04 23:20:48.684,1783178448.684715986,240.954889781,1,1,240.942723206,1,0.004001328,5,1,0.004809145,5,1,0,1,0,0,1,1,1,0,1,0,-1.000000000,0.000000000,0.000000000,0.000000000,0,-1.000000000,0,0,0,,0,-1.000000000,,0,0,0.000000000,0.000000000,0,-1.000000000,0,,0,-1.000000000,,0,-1.000000000,0,,1,-0.082643129,-4.735102494,0.021978378,0.090353966,1,2.796689272,160.238491891,-0.007326126,-2.112819672,1,-2.880465746,-165.038530274,-0.002442360,2.687179565,1,-0.187876701,-10.764542056,-0.021978378,0.422466278,1,0.709647179,40.659788280,0.012210846,-0.003663063,-0.057846643,-3.314368505,0.000000000,-0.000000000,6.000000000,2.500000000,3.143450975,180.106473998,0.000000000,-2.770881653,2.000000000,0.500000000,-2.880847216,-165.060386879,0.000000000,2.693999767,1.000000000,0.500000000,-0.189021111,-10.830111873,0.000000000,0.431064546,0.500000000,0.200000003,0.709263802,40.637822392,0.000000000,0.000112792,0.000000000,0.100000001
2026-07-04 23:20:49.684,1783178449.684415579,241.954589299,1,1,241.942422724,1,0.003885921,5,1,0.004720643,5,1,0,1,0,0,1,1,1,0,1,0,-1.000000000,0.000000000,0.000000000,0.000000000,0,-1.000000000,0,0,0,,0,-1.000000000,,0,0,0.000000000,0.000000000,0,-1.000000000,0,,0,-1.000000000,,0,-1.000000000,0,,1,-0.073106386,-4.188687360,-0.007326126,0.070817947,1,2.796689272,160.238491891,-0.002442360,-2.112819672,1,-2.880465746,-165.038530274,-0.002442360,2.673503876,1,-0.187876701,-10.764542056,-0.021978378,0.422466278,1,0.709263802,40.637822392,-0.036628723,-0.003663063,-0.057846643,-3.314368505,0.000000000,-0.000000000,6.000000000,2.500000000,3.143450975,180.106473998,0.000000000,-2.770881653,2.000000000,0.500000000,-2.880847216,-165.060386879,0.000000000,2.693999767,1.000000000,0.500000000,-0.189021111,-10.830111873,0.000000000,0.431064546,0.500000000,0.200000003,0.709263802,40.637822392,0.000000000,0.000112792,0.000000000,0.100000001
2026-07-04 23:20:50.684,1783178450.684165955,242.954339713,1,1,242.942173138,1,0.003619705,5,1,0.004598442,5,1,0,1,0,0,1,1,1,0,1,0,-1.000000000,0.000000000,0.000000000,0.000000000,0,-1.000000000,0,0,0,,0,-1.000000000,,0,0,0.000000000,0.000000000,0,-1.000000000,0,,0,-1.000000000,,0,-1.000000000,0,,1,-0.079209901,-4.538393045,-0.021978378,0.183150291,1,2.796689272,160.238491891,-0.002442360,-2.112819672,1,-2.880465746,-165.038530274,-0.002442360,2.673503876,1,-0.187876701,-10.764542056,-0.021978378,0.422466278,1,0.709263802,40.637822392,-0.012210846,-0.003663063,-0.057846643,-3.314368505,0.000000000,-0.000000000,6.000000000,2.500000000,3.143450975,180.106473998,0.000000000,-2.770881653,2.000000000,0.500000000,-2.880847216,-165.060386879,0.000000000,2.693999767,1.000000000,0.500000000,-0.189021111,-10.830111873,0.000000000,0.431064546,0.500000000,0.200000003,0.709263802,40.637822392,0.000000000,0.000112792,0.000000000,0.100000001
2026-07-04 23:20:51.684,1783178451.683920383,243.954094274,1,1,243.941927699,1,0.003514466,5,1,0.004501367,5,1,0,1,0,0,1,1,1,0,1,0,-1.000000000,0.000000000,0.000000000,0.000000000,0,-1.000000000,0,0,0,,0,-1.000000000,,0,0,0.000000000,0.000000000,0,-1.000000000,0,,0,-1.000000000,,0,-1.000000000,0,,1,-0.083024599,-4.756959099,-0.021978378,0.119658470,1,2.796689272,160.238491891,0.002442360,-2.112819672,1,-2.880465746,-165.038530274,-0.002442360,2.673503876,1,-0.187876701,-10.764542056,0.007326126,0.427350044,1,0.709263802,40.637822392,-0.012210846,-0.003663063,-0.057846643,-3.314368505,0.000000000,-0.000000000,6.000000000,2.500000000,3.143450975,180.106473998,0.000000000,-2.770881653,2.000000000,0.500000000,-2.880847216,-165.060386879,0.000000000,2.693999767,1.000000000,0.500000000,-0.189021111,-10.830111873,0.000000000,0.431064546,0.500000000,0.200000003,0.709263802,40.637822392,0.000000000,0.000112792,0.000000000,0.100000001
2026-07-04 23:20:52.683,1783178452.683710814,244.953884593,1,1,244.941718018,1,0.003514738,5,1,0.004489857,5,1,0,1,0,0,1,1,1,0,1,0,-1.000000000,0.000000000,0.000000000,0.000000000,0,-1.000000000,0,0,0,,0,-1.000000000,,0,0,0.000000000,0.000000000,0,-1.000000000,0,,0,-1.000000000,,0,-1.000000000,0,,1,-0.065094568,-3.729644006,-0.021978378,0.007326126,1,2.796689272,160.238491891,-0.002442360,-2.112819672,1,-2.880465746,-165.038530274,-0.002442360,2.673503876,1,-0.187876701,-10.764542056,0.007326126,0.422466278,1,0.709263802,40.637822392,-0.036628723,-0.003663063,-0.057846643,-3.314368505,0.000000000,-0.000000000,6.000000000,2.500000000,3.143450975,180.106473998,0.000000000,-2.770881653,2.000000000,0.500000000,-2.880847216,-165.060386879,0.000000000,2.693999767,1.000000000,0.500000000,-0.189021111,-10.830111873,0.000000000,0.431064546,0.500000000,0.200000003,0.709263802,40.637822392,0.000000000,0.000112792,0.000000000,0.100000001
2026-07-04 23:20:53.683,1783178453.683496475,245.953670172,1,1,245.941503597,1,0.003754604,5,1,0.004672867,5,1,0,1,0,0,1,1,1,0,1,0,-1.000000000,0.000000000,0.000000000,0.000000000,0,-1.000000000,0,0,0,,0,-1.000000000,,0,0,0.000000000,0.000000000,0,-1.000000000,0,,0,-1.000000000,,0,-1.000000000,0,,1,-0.056702234,-3.248798689,-0.021978378,-0.031745911,1,2.796689272,160.238491891,-0.002442360,-2.112819672,1,-2.880465746,-165.038530274,-0.002442360,2.687179565,1,-0.187876701,-10.764542056,-0.007326126,0.422466278,1,0.709263802,40.637822392,-0.036628723,-0.003663063,-0.057846643,-3.314368505,0.000000000,-0.000000000,6.000000000,2.500000000,3.143450975,180.106473998,0.000000000,-2.770881653,2.000000000,0.500000000,-2.880847216,-165.060386879,0.000000000,2.693999767,1.000000000,0.500000000,-0.189021111,-10.830111873,0.000000000,0.431064546,0.500000000,0.200000003,0.709263802,40.637822392,0.000000000,0.000112792,0.000000000,0.100000001
2026-07-04 23:20:54.683,1783178454.683347702,246.953521597,1,1,246.941355022,1,0.003620627,5,1,0.004624153,5,1,0,1,0,0,1,1,1,0,1,0,-1.000000000,0.000000000,0.000000000,0.000000000,0,-1.000000000,0,0,0,,0,-1.000000000,,0,0,0.000000000,0.000000000,0,-1.000000000,0,,0,-1.000000000,,0,-1.000000000,0,,1,-0.056702234,-3.248798689,-0.007326126,-0.031745911,1,2.796689272,160.238491891,-0.002442360,-2.112819672,1,-2.880465746,-165.038530274,0.002442360,2.673503876,1,-0.187876701,-10.764542056,-0.007326126,0.422466278,1,0.709263802,40.637822392,-0.036628723,-0.003663063,-0.057846643,-3.314368505,0.000000000,-0.000000000,6.000000000,2.500000000,3.143450975,180.106473998,0.000000000,-2.770881653,2.000000000,0.500000000,-2.880847216,-165.060386879,0.000000000,2.693999767,1.000000000,0.500000000,-0.189021111,-10.830111873,0.000000000,0.431064546,0.500000000,0.200000003,0.709263802,40.637822392,0.000000000,0.000112792,0.000000000,0.100000001
2026-07-04 23:20:55.683,1783178455.683082819,247.953256598,1,1,247.941090023,1,0.003605709,5,1,0.004643851,5,1,0,1,0,0,1,1,1,0,1,0,-1.000000000,0.000000000,0.000000000,0.000000000,0,-1.000000000,0,0,0,,0,-1.000000000,,0,0,0.000000000,0.000000000,0,-1.000000000,0,,0,-1.000000000,,0,-1.000000000,0,,1,-0.055939294,-3.205085478,-0.021978378,-0.036629677,1,2.796689272,160.238491891,-0.002442360,-2.112819672,1,-2.880465746,-165.038530274,-0.002442360,2.673503876,1,-0.187876701,-10.764542056,-0.021978378,0.422466278,1,0.709263802,40.637822392,-0.012210846,-0.003663063,-0.057846643,-3.314368505,0.000000000,-0.000000000,6.000000000,2.500000000,3.143450975,180.106473998,0.000000000,-2.770881653,2.000000000,0.500000000,-2.880847216,-165.060386879,0.000000000,2.693999767,1.000000000,0.500000000,-0.189021111,-10.830111873,0.000000000,0.431064546,0.500000000,0.200000003,0.709263802,40.637822392,0.000000000,0.000112792,0.000000000,0.100000001
2026-07-04 23:20:56.682,1783178456.682860613,248.953034308,1,1,248.940867733,1,0.003710047,5,1,0.004597579,5,1,0,1,0,0,1,1,1,0,1,0,-1.000000000,0.000000000,0.000000000,0.000000000,0,-1.000000000,0,0,0,,0,-1.000000000,,0,0,0.000000000,0.000000000,0,-1.000000000,0,,0,-1.000000000,,0,-1.000000000,0,,1,-0.047928430,-2.746096766,-0.065933228,-0.002442360,1,2.796689272,160.238491891,-0.002442360,-2.112819672,1,-2.880465746,-165.038530274,0.002442360,2.673503876,1,-0.187876701,-10.764542056,-0.007326126,0.422466278,1,0.709263802,40.637822392,-0.012210846,-0.003663063,-0.057846643,-3.314368505,0.000000000,-0.000000000,6.000000000,2.500000000,3.143450975,180.106473998,0.000000000,-2.770881653,2.000000000,0.500000000,-2.880847216,-165.060386879,0.000000000,2.693999767,1.000000000,0.500000000,-0.189021111,-10.830111873,0.000000000,0.431064546,0.500000000,0.200000003,0.709263802,40.637822392,0.000000000,0.000112792,0.000000000,0.100000001
2026-07-04 23:20:57.682,1783178457.682737112,249.952911090,1,1,249.940744515,1,0.003784778,5,1,0.004672252,5,1,0,1,0,0,1,1,1,0,1,0,-1.000000000,0.000000000,0.000000000,0.000000000,0,-1.000000000,0,0,0,,0,-1.000000000,,0,0,0.000000000,0.000000000,0,-1.000000000,0,,0,-1.000000000,,0,-1.000000000,0,,1,-0.030380821,-1.740692813,-0.007326126,-0.178266525,1,2.797070742,160.260348496,-0.002442360,-2.126495361,1,-2.880465746,-165.038530274,-0.002442360,2.673503876,1,-0.187876701,-10.764542056,-0.021978378,0.422466278,1,0.709263802,40.637822392,0.012210846,-0.003663063,-0.057846643,-3.314368505,0.000000000,-0.000000000,6.000000000,2.500000000,3.143450975,180.106473998,0.000000000,-2.770881653,2.000000000,0.500000000,-2.880847216,-165.060386879,0.000000000,2.693999767,1.000000000,0.500000000,-0.189021111,-10.830111873,0.000000000,0.431064546,0.500000000,0.200000003,0.709263802,40.637822392,0.000000000,0.000112792,0.000000000,0.100000001
2026-07-04 23:20:58.682,1783178458.682412624,250.952586346,1,1,250.940419771,1,0.003531991,5,1,0.004493074,5,1,0,1,0,0,1,1,1,0,1,0,-1.000000000,0.000000000,0.000000000,0.000000000,0,-1.000000000,0,0,0,,0,-1.000000000,,0,0,0.000000000,0.000000000,0,-1.000000000,0,,0,-1.000000000,,0,-1.000000000,0,,1,-0.046402551,-2.658670344,0.095237732,-0.334554672,1,2.796689272,160.238491891,-0.002442360,-2.112819672,1,-2.880465746,-165.038530274,-0.002442360,2.673503876,1,-0.187876701,-10.764542056,-0.007326126,0.422466278,1,0.709263802,40.637822392,-0.012210846,-0.003663063,-0.057846643,-3.314368505,0.000000000,-0.000000000,6.000000000,2.500000000,3.143450975,180.106473998,0.000000000,-2.770881653,2.000000000,0.500000000,-2.880847216,-165.060386879,0.000000000,2.693999767,1.000000000,0.500000000,-0.189021111,-10.830111873,0.000000000,0.431064546,0.500000000,0.200000003,0.709263802,40.637822392,0.000000000,0.000112792,0.000000000,0.100000001
2026-07-04 23:20:59.682,1783178459.682358265,251.952532131,1,1,251.940365556,1,0.003466078,5,1,0.004798075,5,1,0,1,0,0,1,1,1,0,1,0,-1.000000000,0.000000000,0.000000000,0.000000000,0,-1.000000000,0,0,0,,0,-1.000000000,,0,0,0.000000000,0.000000000,0,-1.000000000,0,,0,-1.000000000,,0,-1.000000000,0,,1,-0.031525232,-1.806262736,0.007326126,-0.173381805,1,2.860777140,163.910456230,-0.002442360,-2.249572754,1,-2.880465746,-165.038530274,-0.002442360,2.673503876,1,-0.187876701,-10.764542056,0.007326126,0.422466278,1,0.709263802,40.637822392,-0.036628723,-0.003663063,-0.057846643,-3.314368505,0.000000000,-0.000000000,6.000000000,2.500000000,3.143450975,180.106473998,0.000000000,-2.770881653,2.000000000,0.500000000,-2.880847216,-165.060386879,0.000000000,2.693999767,1.000000000,0.500000000,-0.189021111,-10.830111873,0.000000000,0.431064546,0.500000000,0.200000003,0.709263802,40.637822392,0.000000000,0.000112792,0.000000000,0.100000001
2026-07-04 23:21:00.682,1783178460.682065487,252.952239301,1,1,252.940072726,1,0.003913790,5,1,0.004725636,5,1,0,1,0,0,1,1,1,0,1,0,-1.000000000,0.000000000,0.000000000,0.000000000,0,-1.000000000,0,0,0,,0,-1.000000000,,0,0,0.000000000,0.000000000,0,-1.000000000,0,,0,-1.000000000,,0,-1.000000000,0,,1,-0.028473472,-1.631409786,0.036630630,-0.256410599,1,2.861158609,163.932312836,-0.002442360,-2.249572754,1,-2.880465746,-165.038530274,-0.002442360,2.687179565,1,-0.187876701,-10.764542056,0.007326126,0.422466278,1,0.709263802,40.637822392,0.012210846,-0.003663063,-0.057846643,-3.314368505,0.000000000,-0.000000000,6.000000000,2.500000000,3.143450975,180.106473998,0.000000000,-2.770881653,2.000000000,0.500000000,-2.880847216,-165.060386879,0.000000000,2.693999767,1.000000000,0.500000000,-0.189021111,-10.830111873,0.000000000,0.431064546,0.500000000,0.200000003,0.709263802,40.637822392,0.000000000,0.000112792,0.000000000,0.100000001
2026-07-04 23:21:01.681,1783178461.681793213,253.951967193,1,1,253.939800618,1,0.003377846,5,1,0.004196373,5,1,0,1,0,0,1,1,1,0,1,0,-1.000000000,0.000000000,0.000000000,0.000000000,0,-1.000000000,0,0,0,,0,-1.000000000,,0,0,0.000000000,0.000000000,0,-1.000000000,0,,0,-1.000000000,,0,-1.000000000,0,,1,-0.026184654,-1.500270154,-0.021978378,-0.207570076,1,2.861158609,163.932312836,-0.002442360,-2.235897064,1,-2.880465746,-165.038530274,-0.002442360,2.673503876,1,-0.187876701,-10.764542056,0.007326126,0.422466278,1,0.709263802,40.637822392,-0.012210846,-0.003663063,-0.057846643,-3.314368505,0.000000000,-0.000000000,6.000000000,2.500000000,3.143450975,180.106473998,0.000000000,-2.770881653,2.000000000,0.500000000,-2.880847216,-165.060386879,0.000000000,2.693999767,1.000000000,0.500000000,-0.189021111,-10.830111873,0.000000000,0.431064546,0.500000000,0.200000003,0.709263802,40.637822392,0.000000000,0.000112792,0.000000000,0.100000001
2026-07-04 23:21:02.681,1783178462.681587934,254.951761724,1,1,254.939595149,1,0.003758765,5,1,0.004674691,5,1,0,1,0,0,1,1,1,0,1,0,-1.000000000,0.000000000,0.000000000,0.000000000,0,-1.000000000,0,0,0,,0,-1.000000000,,0,0,0.000000000,0.000000000,0,-1.000000000,0,,0,-1.000000000,,0,-1.000000000,0,,1,-0.034576990,-1.981115579,0.007326126,-0.148962021,1,2.861158609,163.932312836,0.002442360,-2.235897064,1,-2.880465746,-165.038530274,-0.002442360,2.687179565,1,-0.187876701,-10.764542056,-0.021978378,0.422466278,1,0.709263802,40.637822392,-0.036628723,-0.003663063,-0.057846643,-3.314368505,0.000000000,-0.000000000,6.000000000,2.500000000,3.143450975,180.106473998,0.000000000,-2.770881653,2.000000000,0.500000000,-2.880847216,-165.060386879,0.000000000,2.693999767,1.000000000,0.500000000,-0.189021111,-10.830111873,0.000000000,0.431064546,0.500000000,0.200000003,0.709263802,40.637822392,0.000000000,0.000112792,0.000000000,0.100000001
2026-07-04 23:21:03.681,1783178463.681381464,255.951555319,1,1,255.939388744,1,0.003714538,5,1,0.004384074,5,1,0,1,0,0,1,1,1,0,1,0,-1.000000000,0.000000000,0.000000000,0.000000000,0,-1.000000000,0,0,0,,0,-1.000000000,,0,0,0.000000000,0.000000000,0,-1.000000000,0,,0,-1.000000000,,0,-1.000000000,0,,1,-0.029617881,-1.696979602,0.021978378,-0.246642113,1,2.861158609,163.932312836,-0.002442360,-2.235897064,1,-2.880465746,-165.038530274,-0.002442360,2.687179565,1,-0.187876701,-10.764542056,-0.007326126,0.422466278,1,0.709263802,40.637822392,-0.012210846,-0.003663063,-0.057846643,-3.314368505,0.000000000,-0.000000000,6.000000000,2.500000000,3.143450975,180.106473998,0.000000000,-2.770881653,2.000000000,0.500000000,-2.880847216,-165.060386879,0.000000000,2.693999767,1.000000000,0.500000000,-0.189021111,-10.830111873,0.000000000,0.431064546,0.500000000,0.200000003,0.709263802,40.637822392,0.000000000,0.000112792,0.000000000,0.100000001
2026-07-04 23:21:04.681,1783178464.681156874,256.951330781,1,1,256.939164206,1,0.003760419,5,1,0.004716848,5,1,0,1,0,0,1,1,1,0,1,0,-1.000000000,0.000000000,0.000000000,0.000000000,0,-1.000000000,0,0,0,,0,-1.000000000,,0,0,0.000000000,0.000000000,0,-1.000000000,0,,0,-1.000000000,,0,-1.000000000,0,,1,-0.053650476,-3.073945846,-0.051282883,0.056165695,1,3.046174288,174.532930352,0.109889984,-2.564102173,1,-2.880465746,-165.038530274,-0.002442360,2.673503876,1,-0.187876701,-10.764542056,-0.007326126,0.422466278,1,0.709263802,40.637822392,0.012210846,-0.003663063,-0.057846643,-3.314368505,0.000000000,-0.000000000,6.000000000,2.500000000,3.143450975,180.106473998,0.000000000,-2.770881653,2.000000000,0.500000000,-2.880847216,-165.060386879,0.000000000,2.693999767,1.000000000,0.500000000,-0.189021111,-10.830111873,0.000000000,0.431064546,0.500000000,0.200000003,0.709263802,40.637822392,0.000000000,0.000112792,0.000000000,0.100000001
2026-07-04 23:21:05.681,1783178465.680941105,257.951114914,1,1,257.938948339,1,0.003821784,5,1,0.004609832,5,1,0,1,0,0,1,1,1,0,1,0,-1.000000000,0.000000000,0.000000000,0.000000000,0,-1.000000000,0,0,0,,0,-1.000000000,,0,0,0.000000000,0.000000000,0,-1.000000000,0,,0,-1.000000000,,0,-1.000000000,0,,1,-0.060135461,-3.445508137,-0.007326126,-0.007326126,1,3.125902414,179.101015510,-0.002442360,-2.755556107,1,-2.880465746,-165.038530274,-0.002442360,2.673503876,1,-0.187495232,-10.742685451,-0.007326126,0.422466278,1,0.709263802,40.637822392,-0.036628723,-0.003663063,-0.057846643,-3.314368505,0.000000000,-0.000000000,6.000000000,2.500000000,3.143450975,180.106473998,0.000000000,-2.770881653,2.000000000,0.500000000,-2.880847216,-165.060386879,0.000000000,2.693999767,1.000000000,0.500000000,-0.189021111,-10.830111873,0.000000000,0.431064546,0.500000000,0.200000003,0.709263802,40.637822392,0.000000000,0.000112792,0.000000000,0.100000001
2026-07-04 23:21:06.680,1783178466.680715799,258.950889680,1,1,258.938723105,1,0.003251105,5,1,0.004304840,5,1,0,1,0,0,1,1,1,0,1,0,-1.000000000,0.000000000,0.000000000,0.000000000,0,-1.000000000,0,0,0,,0,-1.000000000,,0,0,0.000000000,0.000000000,0,-1.000000000,0,,0,-1.000000000,,0,-1.000000000,0,,1,-0.060135461,-3.445508137,-0.007326126,-0.012209892,1,3.125902414,179.101015510,-0.002442360,-2.755556107,1,-2.880465746,-165.038530274,-0.007326126,2.673503876,1,-0.187495232,-10.742685451,-0.007326126,0.422466278,1,0.709263802,40.637822392,-0.012210846,-0.003663063,-0.057846643,-3.314368505,0.000000000,-0.000000000,6.000000000,2.500000000,3.143450975,180.106473998,0.000000000,-2.770881653,2.000000000,0.500000000,-2.880847216,-165.060386879,0.000000000,2.693999767,1.000000000,0.500000000,-0.189021111,-10.830111873,0.000000000,0.431064546,0.500000000,0.200000003,0.709263802,40.637822392,0.000000000,0.000112792,0.000000000,0.100000001
2026-07-04 23:21:07.680,1783178467.680491924,259.950665989,1,1,259.938499414,1,0.003497517,5,1,0.004687007,5,1,0,1,0,0,1,1,1,0,1,0,-1.000000000,0.000000000,0.000000000,0.000000000,0,-1.000000000,0,0,0,,0,-1.000000000,,0,0,0.000000000,0.000000000,0,-1.000000000,0,,0,-1.000000000,,0,-1.000000000,0,,1,-0.060135461,-3.445508137,0.007326126,-0.012209892,1,3.125902414,179.101015510,-0.002442360,-2.755556107,1,-2.880465746,-165.038530274,-0.002442360,2.673503876,1,-0.187495232,-10.742685451,-0.021978378,0.422466278,1,0.709263802,40.637822392,-0.012210846,-0.003663063,-0.057846643,-3.314368505,0.000000000,-0.000000000,6.000000000,2.500000000,3.143450975,180.106473998,0.000000000,-2.770881653,2.000000000,0.500000000,-2.880847216,-165.060386879,0.000000000,2.693999767,1.000000000,0.500000000,-0.189021111,-10.830111873,0.000000000,0.431064546,0.500000000,0.200000003,0.709263802,40.637822392,0.000000000,0.000112792,0.000000000,0.100000001
2026-07-04 23:21:08.680,1783178468.680291414,260.950465190,1,1,260.938298615,1,0.003433332,5,1,0.004117722,5,1,0,1,0,0,1,1,1,0,1,0,-1.000000000,0.000000000,0.000000000,0.000000000,0,-1.000000000,0,0,0,,0,-1.000000000,,0,0,0.000000000,0.000000000,0,-1.000000000,0,,0,-1.000000000,,0,-1.000000000,0,,1,-0.060135461,-3.445508137,-0.021978378,-0.007326126,1,3.125902414,179.101015510,0.002442360,-2.755556107,1,-2.880465746,-165.038530274,-0.002442360,2.687179565,1,-0.187495232,-10.742685451,-0.007326126,0.422466278,1,0.709263802,40.637822392,0.012210846,-0.003663063,-0.057846643,-3.314368505,0.000000000,-0.000000000,6.000000000,2.500000000,3.143450975,180.106473998,0.000000000,-2.770881653,2.000000000,0.500000000,-2.880847216,-165.060386879,0.000000000,2.693999767,1.000000000,0.500000000,-0.189021111,-10.830111873,0.000000000,0.431064546,0.500000000,0.200000003,0.709263802,40.637822392,0.000000000,0.000112792,0.000000000,0.100000001
2026-07-04 23:21:09.680,1783178469.680069208,261.950242882,1,1,261.938076307,1,0.003774679,5,1,0.004665738,5,1,0,1,0,0,1,1,1,0,1,0,-1.000000000,0.000000000,0.000000000,0.000000000,0,-1.000000000,0,0,0,,0,-1.000000000,,0,0,0.000000000,0.000000000,0,-1.000000000,0,,0,-1.000000000,,0,-1.000000000,0,,1,-0.060135461,-3.445508137,-0.007326126,-0.012209892,1,3.125902414,179.101015510,-0.002442360,-2.755556107,1,-2.880465746,-165.038530274,-0.007326126,2.673503876,1,-0.187495232,-10.742685451,-0.007326126,0.422466278,1,0.709263802,40.637822392,-0.012210846,-0.003663063,-0.057846643,-3.314368505,0.000000000,-0.000000000,6.000000000,2.500000000,3.143450975,180.106473998,0.000000000,-2.770881653,2.000000000,0.500000000,-2.880847216,-165.060386879,0.000000000,2.693999767,1.000000000,0.500000000,-0.189021111,-10.830111873,0.000000000,0.431064546,0.500000000,0.200000003,0.709263802,40.637822392,0.000000000,0.000112792,0.000000000,0.100000001
2026-07-04 23:21:10.679,1783178470.679864645,262.950038541,1,1,262.937871966,1,0.003842912,5,1,0.004602114,5,1,0,1,0,0,1,1,1,0,1,0,-1.000000000,0.000000000,0.000000000,0.000000000,0,-1.000000000,0,0,0,,0,-1.000000000,,0,0,0.000000000,0.000000000,0,-1.000000000,0,,0,-1.000000000,,0,-1.000000000,0,,1,-0.060135461,-3.445508137,-0.007326126,-0.012209892,1,3.125902414,179.101015510,-0.002442360,-2.755556107,1,-2.880465746,-165.038530274,-0.002442360,2.673503876,1,-0.187495232,-10.742685451,-0.007326126,0.422466278,1,0.709263802,40.637822392,0.012210846,-0.003663063,-0.057846643,-3.314368505,0.000000000,-0.000000000,6.000000000,2.500000000,3.143450975,180.106473998,0.000000000,-2.770881653,2.000000000,0.500000000,-2.880847216,-165.060386879,0.000000000,2.693999767,1.000000000,0.500000000,-0.189021111,-10.830111873,0.000000000,0.431064546,0.500000000,0.200000003,0.709263802,40.637822392,0.000000000,0.000112792,0.000000000,0.100000001
2026-07-04 23:21:11.679,1783178471.679646015,263.949819735,1,1,263.937653160,1,0.003589664,5,1,0.004653063,5,1,0,1,0,0,1,1,1,0,1,0,-1.000000000,0.000000000,0.000000000,0.000000000,0,-1.000000000,0,0,0,,0,-1.000000000,,0,0,0.000000000,0.000000000,0,-1.000000000,0,,0,-1.000000000,,0,-1.000000000,0,,1,-0.060135461,-3.445508137,-0.007326126,-0.012209892,1,3.125902414,179.101015510,-0.002442360,-2.755556107,1,-2.880465746,-165.038530274,-0.002442360,2.673503876,1,-0.187495232,-10.742685451,-0.021978378,0.422466278,1,0.709263802,40.637822392,0.012210846,-0.003663063,-0.057846643,-3.314368505,0.000000000,-0.000000000,6.000000000,2.500000000,3.143450975,180.106473998,0.000000000,-2.770881653,2.000000000,0.500000000,-2.880847216,-165.060386879,0.000000000,2.693999767,1.000000000,0.500000000,-0.189021111,-10.830111873,0.000000000,0.431064546,0.500000000,0.200000003,0.709263802,40.637822392,0.000000000,0.000112792,0.000000000,0.100000001
2026-07-04 23:21:12.679,1783178472.679430723,264.949604411,1,1,264.937437836,1,0.003672116,5,1,0.004628294,5,1,0,1,0,0,1,1,1,0,1,0,-1.000000000,0.000000000,0.000000000,0.000000000,0,-1.000000000,0,0,0,,0,-1.000000000,,0,0,0.000000000,0.000000000,0,-1.000000000,0,,0,-1.000000000,,0,-1.000000000,0,,1,-0.060135461,-3.445508137,-0.021978378,-0.017093658,1,3.125902414,179.101015510,-0.002442360,-2.755556107,1,-2.880465746,-165.038530274,-0.002442360,2.687179565,1,-0.187495232,-10.742685451,0.007326126,0.422466278,1,0.709647179,40.659788280,0.012210846,-0.003663063,-0.057846643,-3.314368505,0.000000000,-0.000000000,6.000000000,2.500000000,3.143450975,180.106473998,0.000000000,-2.770881653,2.000000000,0.500000000,-2.880847216,-165.060386879,0.000000000,2.693999767,1.000000000,0.500000000,-0.189021111,-10.830111873,0.000000000,0.431064546,0.500000000,0.200000003,0.709263802,40.637822392,0.000000000,0.000112792,0.000000000,0.100000001
2026-07-04 23:21:13.679,1783178473.679260731,265.949434571,1,1,265.937267996,1,0.003560398,5,1,0.004675523,5,1,0,1,0,0,1,1,1,0,1,0,-1.000000000,0.000000000,0.000000000,0.000000000,0,-1.000000000,0,0,0,,0,-1.000000000,,0,0,0.000000000,0.000000000,0,-1.000000000,0,,0,-1.000000000,,0,-1.000000000,0,,1,-0.060135461,-3.445508137,-0.007326126,-0.012209892,1,3.125902414,179.101015510,-0.002442360,-2.755556107,1,-2.880465746,-165.038530274,-0.002442360,2.673503876,1,-0.187876701,-10.764542056,-0.021978378,0.422466278,1,0.709263802,40.637822392,-0.012210846,-0.003663063,-0.057846643,-3.314368505,0.000000000,-0.000000000,6.000000000,2.500000000,3.143450975,180.106473998,0.000000000,-2.770881653,2.000000000,0.500000000,-2.880847216,-165.060386879,0.000000000,2.693999767,1.000000000,0.500000000,-0.189021111,-10.830111873,0.000000000,0.431064546,0.500000000,0.200000003,0.709263802,40.637822392,0.000000000,0.000112792,0.000000000,0.100000001
2026-07-04 23:21:14.679,1783178474.679024696,266.949198416,1,1,266.937031841,1,0.003732515,5,1,0.004690493,5,1,0,1,0,0,1,1,1,0,1,0,-1.000000000,0.000000000,0.000000000,0.000000000,0,-1.000000000,0,0,0,,0,-1.000000000,,0,0,0.000000000,0.000000000,0,-1.000000000,0,,0,-1.000000000,,0,-1.000000000,0,,1,-0.060135461,-3.445508137,-0.007326126,-0.012209892,1,3.125902414,179.101015510,-0.002442360,-2.755556107,1,-2.880465746,-165.038530274,-0.002442360,2.673503876,1,-0.187495232,-10.742685451,-0.007326126,0.422466278,1,0.709263802,40.637822392,-0.012210846,-0.003663063,-0.057846643,-3.314368505,0.000000000,-0.000000000,6.000000000,2.500000000,3.143450975,180.106473998,0.000000000,-2.770881653,2.000000000,0.500000000,-2.880847216,-165.060386879,0.000000000,2.693999767,1.000000000,0.500000000,-0.189021111,-10.830111873,0.000000000,0.431064546,0.500000000,0.200000003,0.709263802,40.637822392,0.000000000,0.000112792,0.000000000,0.100000001
2026-07-04 23:21:15.678,1783178475.678765059,267.948938802,1,1,267.936772227,1,0.003759201,5,1,0.004766406,5,1,0,1,0,0,1,1,1,0,1,0,-1.000000000,0.000000000,0.000000000,0.000000000,0,-1.000000000,0,0,0,,0,-1.000000000,,0,0,0.000000000,0.000000000,0,-1.000000000,0,,0,-1.000000000,,0,-1.000000000,0,,1,-0.060135461,-3.445508137,-0.021978378,-0.012209892,1,3.125902414,179.101015510,-0.002442360,-2.755556107,1,-2.880465746,-165.038530274,-0.002442360,2.687179565,1,-0.187495232,-10.742685451,0.007326126,0.422466278,1,0.709263802,40.637822392,-0.012210846,-0.003663063,-0.057846643,-3.314368505,0.000000000,-0.000000000,6.000000000,2.500000000,3.143450975,180.106473998,0.000000000,-2.770881653,2.000000000,0.500000000,-2.880847216,-165.060386879,0.000000000,2.693999767,1.000000000,0.500000000,-0.189021111,-10.830111873,0.000000000,0.431064546,0.500000000,0.200000003,0.709263802,40.637822392,0.000000000,0.000112792,0.000000000,0.100000001
2026-07-04 23:21:16.678,1783178476.678583145,268.948756788,1,1,268.936590213,1,0.003722271,5,1,0.004604169,5,1,0,1,0,0,1,1,1,0,1,0,-1.000000000,0.000000000,0.000000000,0.000000000,0,-1.000000000,0,0,0,,0,-1.000000000,,0,0,0.000000000,0.000000000,0,-1.000000000,0,,0,-1.000000000,,0,-1.000000000,0,,1,-0.060135461,-3.445508137,-0.007326126,-0.017093658,1,3.125902414,179.101015510,-0.002442360,-2.755556107,1,-2.880465746,-165.038530274,-0.002442360,2.673503876,1,-0.187495232,-10.742685451,-0.021978378,0.422466278,1,0.709263802,40.637822392,-0.012210846,-0.003663063,-0.057846643,-3.314368505,0.000000000,-0.000000000,6.000000000,2.500000000,3.143450975,180.106473998,0.000000000,-2.770881653,2.000000000,0.500000000,-2.880847216,-165.060386879,0.000000000,2.693999767,1.000000000,0.500000000,-0.189021111,-10.830111873,0.000000000,0.431064546,0.500000000,0.200000003,0.709263802,40.637822392,0.000000000,0.000112792,0.000000000,0.100000001
2026-07-04 23:21:17.678,1783178477.678389072,269.948562810,1,1,269.936396235,1,0.003432582,5,1,0.004681366,5,1,0,1,0,0,1,1,1,0,1,0,-1.000000000,0.000000000,0.000000000,0.000000000,0,-1.000000000,0,0,0,,0,-1.000000000,,0,0,0.000000000,0.000000000,0,-1.000000000,0,,0,-1.000000000,,0,-1.000000000,0,,1,-0.060135461,-3.445508137,-0.007326126,-0.012209892,1,3.125902414,179.101015510,-0.002442360,-2.755556107,1,-2.880465746,-165.038530274,-0.002442360,2.687179565,1,-0.187876701,-10.764542056,-0.021978378,0.422466278,1,0.709263802,40.637822392,-0.012210846,-0.003663063,-0.057846643,-3.314368505,0.000000000,-0.000000000,6.000000000,2.500000000,3.143450975,180.106473998,0.000000000,-2.770881653,2.000000000,0.500000000,-2.880847216,-165.060386879,0.000000000,2.693999767,1.000000000,0.500000000,-0.189021111,-10.830111873,0.000000000,0.431064546,0.500000000,0.200000003,0.709263802,40.637822392,0.000000000,0.000112792,0.000000000,0.100000001
2026-07-04 23:21:18.678,1783178478.678170443,270.948344173,1,1,270.936177598,1,0.003161778,5,1,0.004355319,5,1,0,1,0,0,1,1,1,0,1,0,-1.000000000,0.000000000,0.000000000,0.000000000,0,-1.000000000,0,0,0,,0,-1.000000000,,0,0,0.000000000,0.000000000,0,-1.000000000,0,,0,-1.000000000,,0,-1.000000000,0,,1,-0.000243759,-0.013966371,0.417581558,-1.340659142,1,3.125902414,179.101015510,-0.002442360,-2.769229889,1,-2.880465746,-165.038530274,-0.002442360,2.687179565,1,-0.187876701,-10.764542056,-0.007326126,0.417582512,1,0.654808998,37.517791979,-0.036628723,0.013431072,-0.057846643,-3.314368505,0.000000000,-0.000000000,6.000000000,2.500000000,3.143450975,180.106473998,0.000000000,-2.770881653,2.000000000,0.500000000,-2.880847216,-165.060386879,0.000000000,2.693999767,1.000000000,0.500000000,-0.189021111,-10.830111873,0.000000000,0.431064546,0.500000000,0.200000003,0.709263802,40.637822392,0.000000000,0.000112792,0.000000000,0.100000001
2026-07-04 23:21:19.678,1783178479.678007841,271.948181555,1,1,271.936014980,1,0.003712848,5,1,0.004655000,5,1,0,1,0,0,1,1,1,0,1,0,-1.000000000,0.000000000,0.000000000,0.000000000,0,-1.000000000,0,0,0,,0,-1.000000000,,0,0,0.000000000,0.000000000,0,-1.000000000,0,,0,-1.000000000,,0,-1.000000000,0,,1,0.009674454,0.554305389,-0.007326126,-0.402930260,1,3.125902414,179.101015510,-0.007326126,-2.755556107,1,-2.880465746,-165.038530274,-0.002442360,2.687179565,1,-0.187495232,-10.742685451,-0.021978378,0.422466278,1,0.628731728,36.023674437,0.012210846,-0.003663063,-0.057846643,-3.314368505,0.000000000,-0.000000000,6.000000000,2.500000000,3.143450975,180.106473998,0.000000000,-2.770881653,2.000000000,0.500000000,-2.880847216,-165.060386879,0.000000000,2.693999767,1.000000000,0.500000000,-0.189021111,-10.830111873,0.000000000,0.431064546,0.500000000,0.200000003,0.709263802,40.637822392,0.000000000,0.000112792,0.000000000,0.100000001
2026-07-04 23:21:20.677,1783178480.677744389,272.947918108,1,1,272.935751533,1,0.003380949,5,1,0.004568744,5,1,0,1,0,0,1,1,1,0,1,0,-1.000000000,0.000000000,0.000000000,0.000000000,0,-1.000000000,0,0,0,,0,-1.000000000,,0,0,0.000000000,0.000000000,0,-1.000000000,0,,0,-1.000000000,,0,-1.000000000,0,,1,0.003570938,0.204599677,-0.021978378,-0.393162727,1,3.125902414,179.101015510,-0.002442360,-2.755556107,1,-2.880465746,-165.038530274,-0.002442360,2.673503876,1,-0.187495232,-10.742685451,-0.007326126,0.422466278,1,0.628731728,36.023674437,-0.012210846,-0.006104946,-0.057846643,-3.314368505,0.000000000,-0.000000000,6.000000000,2.500000000,3.143450975,180.106473998,0.000000000,-2.770881653,2.000000000,0.500000000,-2.880847216,-165.060386879,0.000000000,2.693999767,1.000000000,0.500000000,-0.189021111,-10.830111873,0.000000000,0.431064546,0.500000000,0.200000003,0.709263802,40.637822392,0.000000000,0.000112792,0.000000000,0.100000001
2026-07-04 23:21:21.677,1783178481.677524805,273.947698578,1,1,273.935532003,1,0.003400685,5,1,0.004533196,5,1,0,1,0,0,1,1,1,0,1,0,-1.000000000,0.000000000,0.000000000,0.000000000,0,-1.000000000,0,0,0,,0,-1.000000000,,0,0,0.000000000,0.000000000,0,-1.000000000,0,,0,-1.000000000,,0,-1.000000000,0,,1,0.002426529,0.139029861,-0.007326126,-0.388278008,1,3.125902414,179.101015510,0.002442360,-2.755556107,1,-2.880465746,-165.038530274,0.002442360,2.673503876,1,-0.187876701,-10.764542056,-0.021978378,0.422466278,1,0.628731728,36.023674437,-0.012210846,-0.003663063,-0.057846643,-3.314368505,0.000000000,-0.000000000,6.000000000,2.500000000,3.143450975,180.106473998,0.000000000,-2.770881653,2.000000000,0.500000000,-2.880847216,-165.060386879,0.000000000,2.693999767,1.000000000,0.500000000,-0.189021111,-10.830111873,0.000000000,0.431064546,0.500000000,0.200000003,0.709263802,40.637822392,0.000000000,0.000112792,0.000000000,0.100000001
2026-07-04 23:21:22.677,1783178482.677344322,274.947518001,1,1,274.935351426,1,0.003661081,5,1,0.004717604,5,1,0,1,0,0,1,1,1,0,1,0,-1.000000000,0.000000000,0.000000000,0.000000000,0,-1.000000000,0,0,0,,0,-1.000000000,,0,0,0.000000000,0.000000000,0,-1.000000000,0,,0,-1.000000000,,0,-1.000000000,0,,1,0.002045059,0.117173256,-0.021978378,-0.378510475,1,3.125902414,179.101015510,-0.002442360,-2.755556107,1,-2.880465746,-165.038530274,-0.002442360,2.673503876,1,-0.187876701,-10.764542056,-0.007326126,0.422466278,1,0.629115105,36.045640326,-0.036628723,-0.003663063,-0.057846643,-3.314368505,0.000000000,-0.000000000,6.000000000,2.500000000,3.143450975,180.106473998,0.000000000,-2.770881653,2.000000000,0.500000000,-2.880847216,-165.060386879,0.000000000,2.693999767,1.000000000,0.500000000,-0.189021111,-10.830111873,0.000000000,0.431064546,0.500000000,0.200000003,0.709263802,40.637822392,0.000000000,0.000112792,0.000000000,0.100000001
2026-07-04 23:21:23.677,1783178483.677126646,275.947300604,1,1,275.935134029,1,0.003786707,5,1,0.004645383,5,1,0,1,0,0,1,1,1,0,1,0,-1.000000000,0.000000000,0.000000000,0.000000000,0,-1.000000000,0,0,0,,0,-1.000000000,,0,0,0.000000000,0.000000000,0,-1.000000000,0,,0,-1.000000000,,0,-1.000000000,0,,1,0.002045059,0.117173256,0.007326126,-0.388278008,1,3.125902414,179.101015510,-0.002442360,-2.755556107,1,-2.880465746,-165.038530274,-0.002442360,2.673503876,1,-0.187495232,-10.742685451,0.007326126,0.422466278,1,0.629115105,36.045640326,0.012210846,-0.003663063,-0.057846643,-3.314368505,0.000000000,-0.000000000,6.000000000,2.500000000,3.143450975,180.106473998,0.000000000,-2.770881653,2.000000000,0.500000000,-2.880847216,-165.060386879,0.000000000,2.693999767,1.000000000,0.500000000,-0.189021111,-10.830111873,0.000000000,0.431064546,0.500000000,0.200000003,0.709263802,40.637822392,0.000000000,0.000112792,0.000000000,0.100000001
2026-07-04 23:21:24.677,1783178484.676908493,276.947082357,1,1,276.934915782,1,0.003577005,5,1,0.004729556,5,1,0,1,0,0,1,1,1,0,1,0,-1.000000000,0.000000000,0.000000000,0.000000000,0,-1.000000000,0,0,0,,0,-1.000000000,,0,0,0.000000000,0.000000000,0,-1.000000000,0,,0,-1.000000000,,0,-1.000000000,0,,1,0.002045059,0.117173256,-0.007326126,-0.383394241,1,3.125902414,179.101015510,-0.002442360,-2.755556107,1,-2.880465746,-165.038530274,-0.002442360,2.687179565,1,-0.187495232,-10.742685451,-0.021978378,0.422466278,1,0.629115105,36.045640326,-0.012210846,-0.003663063,-0.057846643,-3.314368505,0.000000000,-0.000000000,6.000000000,2.500000000,3.143450975,180.106473998,0.000000000,-2.770881653,2.000000000,0.500000000,-2.880847216,-165.060386879,0.000000000,2.693999767,1.000000000,0.500000000,-0.189021111,-10.830111873,0.000000000,0.431064546,0.500000000,0.200000003,0.709263802,40.637822392,0.000000000,0.000112792,0.000000000,0.100000001
2026-07-04 23:21:25.676,1783178485.676644564,277.946818534,1,1,277.934651959,1,0.003724002,5,1,0.004679222,5,1,0,1,0,0,1,1,1,0,1,0,-1.000000000,0.000000000,0.000000000,0.000000000,0,-1.000000000,0,0,0,,0,-1.000000000,,0,0,0.000000000,0.000000000,0,-1.000000000,0,,0,-1.000000000,,0,-1.000000000,0,,1,0.002045059,0.117173256,-0.007326126,-0.388278008,1,3.125902414,179.101015510,-0.002442360,-2.755556107,1,-2.880465746,-165.038530274,-0.002442360,2.673503876,1,-0.187495232,-10.742685451,-0.007326126,0.422466278,1,0.629115105,36.045640326,-0.012210846,-0.003663063,-0.057846643,-3.314368505,0.000000000,-0.000000000,6.000000000,2.500000000,3.143450975,180.106473998,0.000000000,-2.770881653,2.000000000,0.500000000,-2.880847216,-165.060386879,0.000000000,2.693999767,1.000000000,0.500000000,-0.189021111,-10.830111873,0.000000000,0.431064546,0.500000000,0.200000003,0.709263802,40.637822392,0.000000000,0.000112792,0.000000000,0.100000001
2026-07-04 23:21:26.676,1783178486.676408768,278.946582669,1,1,278.934416094,1,0.003746727,5,1,0.004744100,5,1,0,1,0,0,1,1,1,0,1,0,-1.000000000,0.000000000,0.000000000,0.000000000,0,-1.000000000,0,0,0,,0,-1.000000000,,0,0,0.000000000,0.000000000,0,-1.000000000,0,,0,-1.000000000,,0,-1.000000000,0,,1,0.002045059,0.117173256,0.007326126,-0.378510475,1,3.125902414,179.101015510,-0.007326126,-2.755556107,1,-2.880465746,-165.038530274,-0.007326126,2.673503876,1,-0.187495232,-10.742685451,-0.007326126,0.422466278,1,0.629115105,36.045640326,-0.036628723,-0.003663063,-0.057846643,-3.314368505,0.000000000,-0.000000000,6.000000000,2.500000000,3.143450975,180.106473998,0.000000000,-2.770881653,2.000000000,0.500000000,-2.880847216,-165.060386879,0.000000000,2.693999767,1.000000000,0.500000000,-0.189021111,-10.830111873,0.000000000,0.431064546,0.500000000,0.200000003,0.709263802,40.637822392,0.000000000,0.000112792,0.000000000,0.100000001
2026-07-04 23:21:27.676,1783178487.676270962,279.946444703,1,1,279.934278128,1,0.003685837,5,1,0.004701602,5,1,0,1,0,0,1,1,1,0,1,0,-1.000000000,0.000000000,0.000000000,0.000000000,0,-1.000000000,0,0,0,,0,-1.000000000,,0,0,0.000000000,0.000000000,0,-1.000000000,0,,0,-1.000000000,,0,-1.000000000,0,,1,0.002045059,0.117173256,-0.007326126,-0.383394241,1,3.125902414,179.101015510,-0.002442360,-2.755556107,1,-2.880465746,-165.038530274,-0.002442360,2.673503876,1,-0.187495232,-10.742685451,-0.007326126,0.422466278,1,0.629115105,36.045640326,-0.012210846,-0.003663063,-0.057846643,-3.314368505,0.000000000,-0.000000000,6.000000000,2.500000000,3.143450975,180.106473998,0.000000000,-2.770881653,2.000000000,0.500000000,-2.880847216,-165.060386879,0.000000000,2.693999767,1.000000000,0.500000000,-0.189021111,-10.830111873,0.000000000,0.431064546,0.500000000,0.200000003,0.709263802,40.637822392,0.000000000,0.000112792,0.000000000,0.100000001
2026-07-04 23:21:28.676,1783178488.676008701,280.946182643,1,1,280.934016068,1,0.003459997,5,1,0.004439295,5,1,0,1,0,0,1,1,1,0,1,0,-1.000000000,0.000000000,0.000000000,0.000000000,0,-1.000000000,0,0,0,,0,-1.000000000,,0,0,0.000000000,0.000000000,0,-1.000000000,0,,0,-1.000000000,,0,-1.000000000,0,,1,0.002045059,0.117173256,-0.007326126,-0.383394241,1,3.125902414,179.101015510,-0.002442360,-2.755556107,1,-2.880465746,-165.038530274,-0.002442360,2.687179565,1,-0.187495232,-10.742685451,0.021978378,0.422466278,1,0.629115105,36.045640326,-0.036628723,-0.003663063,-0.057846643,-3.314368505,0.000000000,-0.000000000,6.000000000,2.500000000,3.143450975,180.106473998,0.000000000,-2.770881653,2.000000000,0.500000000,-2.880847216,-165.060386879,0.000000000,2.693999767,1.000000000,0.500000000,-0.189021111,-10.830111873,0.000000000,0.431064546,0.500000000,0.200000003,0.709263802,40.637822392,0.000000000,0.000112792,0.000000000,0.100000001
2026-07-04 23:21:29.675,1783178489.675860882,281.946034732,1,1,281.933868157,1,0.003828535,5,1,0.004591377,5,1,0,1,0,0,1,1,1,0,1,0,-1.000000000,0.000000000,0.000000000,0.000000000,0,-1.000000000,0,0,0,,0,-1.000000000,,0,0,0.000000000,0.000000000,0,-1.000000000,0,,0,-1.000000000,,0,-1.000000000,0,,1,0.002045059,0.117173256,-0.007326126,-0.388278008,1,3.125902414,179.101015510,-0.002442360,-2.755556107,1,-2.880465746,-165.038530274,-0.002442360,2.673503876,1,-0.187495232,-10.742685451,-0.007326126,0.422466278,1,0.629498482,36.067606214,-0.012210846,-0.003663063,-0.057846643,-3.314368505,0.000000000,-0.000000000,6.000000000,2.500000000,3.143450975,180.106473998,0.000000000,-2.770881653,2.000000000,0.500000000,-2.880847216,-165.060386879,0.000000000,2.693999767,1.000000000,0.500000000,-0.189021111,-10.830111873,0.000000000,0.431064546,0.500000000,0.200000003,0.709263802,40.637822392,0.000000000,0.000112792,0.000000000,0.100000001
2026-07-04 23:21:30.675,1783178490.675564528,282.945738428,1,1,282.933571853,1,0.003768466,5,1,0.004750590,5,1,0,1,0,0,1,1,1,0,1,0,-1.000000000,0.000000000,0.000000000,0.000000000,0,-1.000000000,0,0,0,,0,-1.000000000,,0,0,0.000000000,0.000000000,0,-1.000000000,0,,0,-1.000000000,,0,-1.000000000,0,,1,0.002045059,0.117173256,-0.021978378,-0.383394241,1,3.125902414,179.101015510,-0.002442360,-2.755556107,1,-2.880465746,-165.038530274,-0.007326126,2.687179565,1,-0.187495232,-10.742685451,0.007326126,0.422466278,1,0.629115105,36.045640326,-0.036628723,-0.003663063,-0.057846643,-3.314368505,0.000000000,-0.000000000,6.000000000,2.500000000,3.143450975,180.106473998,0.000000000,-2.770881653,2.000000000,0.500000000,-2.880847216,-165.060386879,0.000000000,2.693999767,1.000000000,0.500000000,-0.189021111,-10.830111873,0.000000000,0.431064546,0.500000000,0.200000003,0.709263802,40.637822392,0.000000000,0.000112792,0.000000000,0.100000001
2026-07-04 23:21:31.675,1783178491.675349474,283.945523291,1,1,283.933356716,1,0.003708943,5,1,0.004627057,5,1,0,1,0,0,1,1,1,0,1,0,-1.000000000,0.000000000,0.000000000,0.000000000,0,-1.000000000,0,0,0,,0,-1.000000000,,0,0,0.000000000,0.000000000,0,-1.000000000,0,,0,-1.000000000,,0,-1.000000000,0,,1,0.002045059,0.117173256,-0.007326126,-0.378510475,1,3.125902414,179.101015510,-0.002442360,-2.755556107,1,-2.880465746,-165.038530274,-0.002442360,2.673503876,1,-0.187495232,-10.742685451,-0.007326126,0.422466278,1,0.629115105,36.045640326,-0.012210846,-0.003663063,-0.057846643,-3.314368505,0.000000000,-0.000000000,6.000000000,2.500000000,3.143450975,180.106473998,0.000000000,-2.770881653,2.000000000,0.500000000,-2.880847216,-165.060386879,0.000000000,2.693999767,1.000000000,0.500000000,-0.189021111,-10.830111873,0.000000000,0.431064546,0.500000000,0.200000003,0.709263802,40.637822392,0.000000000,0.000112792,0.000000000,0.100000001
2026-07-04 23:21:32.675,1783178492.675170422,284.945344251,1,1,284.933177676,1,0.003805862,5,1,0.004722280,5,1,0,1,0,0,1,1,1,0,1,0,-1.000000000,0.000000000,0.000000000,0.000000000,0,-1.000000000,0,0,0,,0,-1.000000000,,0,0,0.000000000,0.000000000,0,-1.000000000,0,,0,-1.000000000,,0,-1.000000000,0,,1,0.002045059,0.117173256,-0.007326126,-0.383394241,1,3.125902414,179.101015510,-0.002442360,-2.755556107,1,-2.880465746,-165.038530274,-0.002442360,2.687179565,1,-0.187495232,-10.742685451,-0.007326126,0.422466278,1,0.629115105,36.045640326,-0.061050415,-0.003663063,-0.057846643,-3.314368505,0.000000000,-0.000000000,6.000000000,2.500000000,3.143450975,180.106473998,0.000000000,-2.770881653,2.000000000,0.500000000,-2.880847216,-165.060386879,0.000000000,2.693999767,1.000000000,0.500000000,-0.189021111,-10.830111873,0.000000000,0.431064546,0.500000000,0.200000003,0.709263802,40.637822392,0.000000000,0.000112792,0.000000000,0.100000001
2026-07-04 23:21:33.675,1783178493.674928904,285.945102768,1,1,285.932936193,1,0.003536338,5,1,0.004654461,5,1,0,1,0,0,1,1,1,0,1,0,-1.000000000,0.000000000,0.000000000,0.000000000,0,-1.000000000,0,0,0,,0,-1.000000000,,0,0,0.000000000,0.000000000,0,-1.000000000,0,,0,-1.000000000,,0,-1.000000000,0,,1,0.002045059,0.117173256,-0.007326126,-0.383394241,1,3.125902414,179.101015510,-0.002442360,-2.755556107,1,-2.880465746,-165.038530274,-0.002442360,2.673503876,1,-0.187495232,-10.742685451,0.007326126,0.422466278,1,0.629498482,36.067606214,-0.036628723,-0.003663063,-0.057846643,-3.314368505,0.000000000,-0.000000000,6.000000000,2.500000000,3.143450975,180.106473998,0.000000000,-2.770881653,2.000000000,0.500000000,-2.880847216,-165.060386879,0.000000000,2.693999767,1.000000000,0.500000000,-0.189021111,-10.830111873,0.000000000,0.431064546,0.500000000,0.200000003,0.709263802,40.637822392,0.000000000,0.000112792,0.000000000,0.100000001
2026-07-04 23:21:34.674,1783178494.674727201,286.944901121,1,1,286.932734546,1,0.003647492,5,1,0.004643788,5,1,0,1,0,0,1,1,1,0,1,0,-1.000000000,0.000000000,0.000000000,0.000000000,0,-1.000000000,0,0,0,,0,-1.000000000,,0,0,0.000000000,0.000000000,0,-1.000000000,0,,0,-1.000000000,,0,-1.000000000,0,,1,0.002045059,0.117173256,-0.021978378,-0.383394241,1,3.125902414,179.101015510,-0.002442360,-2.755556107,1,-2.880465746,-165.038530274,-0.002442360,2.673503876,1,-0.187495232,-10.742685451,-0.021978378,0.422466278,1,0.629115105,36.045640326,-0.012210846,-0.003663063,-0.057846643,-3.314368505,0.000000000,-0.000000000,6.000000000,2.500000000,3.143450975,180.106473998,0.000000000,-2.770881653,2.000000000,0.500000000,-2.880847216,-165.060386879,0.000000000,2.693999767,1.000000000,0.500000000,-0.189021111,-10.830111873,0.000000000,0.431064546,0.500000000,0.200000003,0.709263802,40.637822392,0.000000000,0.000112792,0.000000000,0.100000001
2026-07-04 23:21:35.674,1783178495.674584866,287.944758643,1,1,287.932592068,1,0.003632171,5,1,0.004753589,5,1,0,1,0,0,1,1,1,0,1,0,-1.000000000,0.000000000,0.000000000,0.000000000,0,-1.000000000,0,0,0,,0,-1.000000000,,0,0,0.000000000,0.000000000,0,-1.000000000,0,,0,-1.000000000,,0,-1.000000000,0,,1,0.002045059,0.117173256,-0.007326126,-0.378510475,1,3.125902414,179.101015510,-0.002442360,-2.755556107,1,-2.880465746,-165.038530274,-0.002442360,2.673503876,1,-0.187495232,-10.742685451,-0.021978378,0.422466278,1,0.629115105,36.045640326,-0.036628723,-0.003663063,-0.057846643,-3.314368505,0.000000000,-0.000000000,6.000000000,2.500000000,3.143450975,180.106473998,0.000000000,-2.770881653,2.000000000,0.500000000,-2.880847216,-165.060386879,0.000000000,2.693999767,1.000000000,0.500000000,-0.189021111,-10.830111873,0.000000000,0.431064546,0.500000000,0.200000003,0.709263802,40.637822392,0.000000000,0.000112792,0.000000000,0.100000001
2026-07-04 23:21:36.674,1783178496.674289942,288.944463805,1,1,288.932297230,1,0.003741201,5,1,0.004642426,5,1,0,1,0,0,1,1,1,0,1,0,-1.000000000,0.000000000,0.000000000,0.000000000,0,-1.000000000,0,0,0,,0,-1.000000000,,0,0,0.000000000,0.000000000,0,-1.000000000,0,,0,-1.000000000,,0,-1.000000000,0,,1,0.002045059,0.117173256,-0.007326126,-0.383394241,1,3.125902414,179.101015510,-0.002442360,-2.755556107,1,-2.880465746,-165.038530274,-0.002442360,2.687179565,1,-0.187495232,-10.742685451,-0.007326126,0.422466278,1,0.629498482,36.067606214,-0.012210846,-0.003663063,-0.057846643,-3.314368505,0.000000000,-0.000000000,6.000000000,2.500000000,3.143450975,180.106473998,0.000000000,-2.770881653,2.000000000,0.500000000,-2.880847216,-165.060386879,0.000000000,2.693999767,1.000000000,0.500000000,-0.189021111,-10.830111873,0.000000000,0.431064546,0.500000000,0.200000003,0.709263802,40.637822392,0.000000000,0.000112792,0.000000000,0.100000001
2026-07-04 23:21:37.674,1783178497.674109936,289.944283815,1,1,289.932117240,1,0.003741675,5,1,0.004393780,5,1,0,1,0,0,1,1,1,0,1,0,-1.000000000,0.000000000,0.000000000,0.000000000,0,-1.000000000,0,0,0,,0,-1.000000000,,0,0,0.000000000,0.000000000,0,-1.000000000,0,,0,-1.000000000,,0,-1.000000000,0,,1,0.002045059,0.117173256,-0.007326126,-0.388278008,1,3.125902414,179.101015510,-0.007326126,-2.755556107,1,-2.880465746,-165.038530274,-0.007326126,2.673503876,1,-0.187495232,-10.742685451,0.007326126,0.422466278,1,0.629115105,36.045640326,0.012210846,-0.003663063,-0.057846643,-3.314368505,0.000000000,-0.000000000,6.000000000,2.500000000,3.143450975,180.106473998,0.000000000,-2.770881653,2.000000000,0.500000000,-2.880847216,-165.060386879,0.000000000,2.693999767,1.000000000,0.500000000,-0.189021111,-10.830111873,0.000000000,0.431064546,0.500000000,0.200000003,0.709263802,40.637822392,0.000000000,0.000112792,0.000000000,0.100000001
2026-07-04 23:21:38.674,1783178498.673953295,290.944127047,1,1,290.931960472,1,0.003826642,5,1,0.004795670,5,1,0,1,0,0,1,1,1,0,1,0,-1.000000000,0.000000000,0.000000000,0.000000000,0,-1.000000000,0,0,0,,0,-1.000000000,,0,0,0.000000000,0.000000000,0,-1.000000000,0,,0,-1.000000000,,0,-1.000000000,0,,1,0.002045059,0.117173256,-0.007326126,-0.388278008,1,3.125902414,179.101015510,0.002442360,-2.755556107,1,-2.880465746,-165.038530274,-0.002442360,2.687179565,1,-0.187495232,-10.742685451,-0.007326126,0.422466278,1,0.629498482,36.067606214,-0.012210846,-0.003663063,-0.057846643,-3.314368505,0.000000000,-0.000000000,6.000000000,2.500000000,3.143450975,180.106473998,0.000000000,-2.770881653,2.000000000,0.500000000,-2.880847216,-165.060386879,0.000000000,2.693999767,1.000000000,0.500000000,-0.189021111,-10.830111873,0.000000000,0.431064546,0.500000000,0.200000003,0.709263802,40.637822392,0.000000000,0.000112792,0.000000000,0.100000001
2026-07-04 23:21:39.673,1783178499.673648834,291.943822692,1,1,291.931656117,1,0.003799204,5,1,0.004221329,5,1,0,1,0,0,1,1,1,0,1,0,-1.000000000,0.000000000,0.000000000,0.000000000,0,-1.000000000,0,0,0,,0,-1.000000000,,0,0,0.000000000,0.000000000,0,-1.000000000,0,,0,-1.000000000,,0,-1.000000000,0,,1,0.002045059,0.117173256,-0.007326126,-0.383394241,1,3.125902414,179.101015510,-0.002442360,-2.755556107,1,-2.880465746,-165.038530274,-0.002442360,2.687179565,1,-0.187495232,-10.742685451,-0.021978378,0.422466278,1,0.629115105,36.045640326,0.012210846,-0.003663063,-0.057846643,-3.314368505,0.000000000,-0.000000000,6.000000000,2.500000000,3.143450975,180.106473998,0.000000000,-2.770881653,2.000000000,0.500000000,-2.880847216,-165.060386879,0.000000000,2.693999767,1.000000000,0.500000000,-0.189021111,-10.830111873,0.000000000,0.431064546,0.500000000,0.200000003,0.709263802,40.637822392,0.000000000,0.000112792,0.000000000,0.100000001
2026-07-04 23:21:40.673,1783178500.673462391,292.943636124,1,1,292.931469549,1,0.003754265,5,1,0.004669759,5,1,0,1,0,0,1,1,1,0,1,0,-1.000000000,0.000000000,0.000000000,0.000000000,0,-1.000000000,0,0,0,,0,-1.000000000,,0,0,0.000000000,0.000000000,0,-1.000000000,0,,0,-1.000000000,,0,-1.000000000,0,,1,0.002045059,0.117173256,0.007326126,-0.383394241,1,3.125902414,179.101015510,-0.002442360,-2.755556107,1,-2.880465746,-165.038530274,-0.002442360,2.687179565,1,-0.187495232,-10.742685451,0.021978378,0.422466278,1,0.629498482,36.067606214,0.012210846,-0.003663063,-0.057846643,-3.314368505,0.000000000,-0.000000000,6.000000000,2.500000000,3.143450975,180.106473998,0.000000000,-2.770881653,2.000000000,0.500000000,-2.880847216,-165.060386879,0.000000000,2.693999767,1.000000000,0.500000000,-0.189021111,-10.830111873,0.000000000,0.431064546,0.500000000,0.200000003,0.709263802,40.637822392,0.000000000,0.000112792,0.000000000,0.100000001
2026-07-04 23:21:41.673,1783178501.673243999,293.943417672,1,1,293.931251097,1,0.002600850,5,1,0.004662466,5,1,0,1,0,0,1,1,1,0,1,0,-1.000000000,0.000000000,0.000000000,0.000000000,0,-1.000000000,0,0,0,,0,-1.000000000,,0,0,0.000000000,0.000000000,0,-1.000000000,0,,0,-1.000000000,,0,-1.000000000,0,,1,0.002045059,0.117173256,-0.007326126,-0.383394241,1,3.125902414,179.101015510,-0.002442360,-2.755556107,1,-2.880465746,-165.038530274,-0.002442360,2.687179565,1,-0.187495232,-10.742685451,0.007326126,0.422466278,1,0.629115105,36.045640326,-0.036628723,-0.003663063,-0.057846643,-3.314368505,0.000000000,-0.000000000,6.000000000,2.500000000,3.143450975,180.106473998,0.000000000,-2.770881653,2.000000000,0.500000000,-2.880847216,-165.060386879,0.000000000,2.693999767,1.000000000,0.500000000,-0.189021111,-10.830111873,0.000000000,0.431064546,0.500000000,0.200000003,0.709263802,40.637822392,0.000000000,0.000112792,0.000000000,0.100000001
2026-07-04 23:21:42.673,1783178502.673002243,294.943176149,1,1,294.931009574,1,0.003711874,5,1,0.004513175,5,1,0,1,0,0,1,1,1,0,1,0,-1.000000000,0.000000000,0.000000000,0.000000000,0,-1.000000000,0,0,0,,0,-1.000000000,,0,0,0.000000000,0.000000000,0,-1.000000000,0,,0,-1.000000000,,0,-1.000000000,0,,1,0.002045059,0.117173256,-0.007326126,-0.383394241,1,3.125902414,179.101015510,-0.002442360,-2.755556107,1,-2.880465746,-165.038530274,-0.002442360,2.673503876,1,-0.187495232,-10.742685451,-0.007326126,0.422466278,1,0.629115105,36.045640326,-0.012210846,-0.003663063,-0.057846643,-3.314368505,0.000000000,-0.000000000,6.000000000,2.500000000,3.143450975,180.106473998,0.000000000,-2.770881653,2.000000000,0.500000000,-2.880847216,-165.060386879,0.000000000,2.693999767,1.000000000,0.500000000,-0.189021111,-10.830111873,0.000000000,0.431064546,0.500000000,0.200000003,0.709263802,40.637822392,0.000000000,0.000112792,0.000000000,0.100000001
2026-07-04 23:21:43.672,1783178503.672843695,295.943017572,1,1,295.930850997,1,0.002703533,5,1,0.004516592,5,1,0,1,0,0,1,1,1,0,1,0,-1.000000000,0.000000000,0.000000000,0.000000000,0,-1.000000000,0,0,0,,0,-1.000000000,,0,0,0.000000000,0.000000000,0,-1.000000000,0,,0,-1.000000000,,0,-1.000000000,0,,1,0.002045059,0.117173256,0.007326126,-0.383394241,1,3.125902414,179.101015510,-0.002442360,-2.755556107,1,-2.880465746,-165.038530274,-0.002442360,2.673503876,1,-0.187495232,-10.742685451,0.007326126,0.422466278,1,0.629115105,36.045640326,0.012210846,-0.003663063,-0.057846643,-3.314368505,0.000000000,-0.000000000,6.000000000,2.500000000,3.143450975,180.106473998,0.000000000,-2.770881653,2.000000000,0.500000000,-2.880847216,-165.060386879,0.000000000,2.693999767,1.000000000,0.500000000,-0.189021111,-10.830111873,0.000000000,0.431064546,0.500000000,0.200000003,0.709263802,40.637822392,0.000000000,0.000112792,0.000000000,0.100000001
2026-07-04 23:21:44.672,1783178504.672619343,296.942793232,1,1,296.930626657,1,0.003492441,5,1,0.004628217,5,1,0,1,0,0,1,1,1,0,1,0,-1.000000000,0.000000000,0.000000000,0.000000000,0,-1.000000000,0,0,0,,0,-1.000000000,,0,0,0.000000000,0.000000000,0,-1.000000000,0,,0,-1.000000000,,0,-1.000000000,0,,1,0.002045059,0.117173256,-0.021978378,-0.383394241,1,3.125902414,179.101015510,-0.002442360,-2.755556107,1,-2.880465746,-165.038530274,-0.002442360,2.673503876,1,-0.187495232,-10.742685451,-0.007326126,0.422466278,1,0.629498482,36.067606214,-0.012210846,-0.003663063,-0.057846643,-3.314368505,0.000000000,-0.000000000,6.000000000,2.500000000,3.143450975,180.106473998,0.000000000,-2.770881653,2.000000000,0.500000000,-2.880847216,-165.060386879,0.000000000,2.693999767,1.000000000,0.500000000,-0.189021111,-10.830111873,0.000000000,0.431064546,0.500000000,0.200000003,0.709263802,40.637822392,0.000000000,0.000112792,0.000000000,0.100000001
2026-07-04 23:21:45.672,1783178505.672370434,297.942544166,1,1,297.930377591,1,0.003725769,5,1,0.004602691,5,1,0,1,0,0,1,1,1,0,1,0,-1.000000000,0.000000000,0.000000000,0.000000000,0,-1.000000000,0,0,0,,0,-1.000000000,,0,0,0.000000000,0.000000000,0,-1.000000000,0,,0,-1.000000000,,0,-1.000000000,0,,1,0.002045059,0.117173256,-0.007326126,-0.383394241,1,3.125902414,179.101015510,0.002442360,-2.755556107,1,-2.880465746,-165.038530274,-0.002442360,2.673503876,1,-0.187495232,-10.742685451,0.007326126,0.422466278,1,0.629115105,36.045640326,0.012210846,-0.003663063,-0.057846643,-3.314368505,0.000000000,-0.000000000,6.000000000,2.500000000,3.143450975,180.106473998,0.000000000,-2.770881653,2.000000000,0.500000000,-2.880847216,-165.060386879,0.000000000,2.693999767,1.000000000,0.500000000,-0.189021111,-10.830111873,0.000000000,0.431064546,0.500000000,0.200000003,0.709263802,40.637822392,0.000000000,0.000112792,0.000000000,0.100000001
2026-07-04 23:21:46.672,1783178506.672179222,298.942353079,1,1,298.930186504,1,0.003683996,5,1,0.004708905,5,1,0,1,0,0,1,1,1,0,1,0,-1.000000000,0.000000000,0.000000000,0.000000000,0,-1.000000000,0,0,0,,0,-1.000000000,,0,0,0.000000000,0.000000000,0,-1.000000000,0,,0,-1.000000000,,0,-1.000000000,0,,1,0.002045059,0.117173256,0.007326126,-0.383394241,1,3.125902414,179.101015510,0.002442360,-2.755556107,1,-2.880465746,-165.038530274,-0.002442360,2.673503876,1,-0.187495232,-10.742685451,-0.007326126,0.422466278,1,0.629115105,36.045640326,-0.012210846,-0.003663063,-0.057846643,-3.314368505,0.000000000,-0.000000000,6.000000000,2.500000000,3.143450975,180.106473998,0.000000000,-2.770881653,2.000000000,0.500000000,-2.880847216,-165.060386879,0.000000000,2.693999767,1.000000000,0.500000000,-0.189021111,-10.830111873,0.000000000,0.431064546,0.500000000,0.200000003,0.709263802,40.637822392,0.000000000,0.000112792,0.000000000,0.100000001
2026-07-04 23:21:47.672,1783178507.671930790,299.942104731,1,1,299.929938156,1,0.003444446,5,1,0.004565681,5,1,0,1,0,0,1,1,1,0,1,0,-1.000000000,0.000000000,0.000000000,0.000000000,0,-1.000000000,0,0,0,,0,-1.000000000,,0,0,0.000000000,0.000000000,0,-1.000000000,0,,0,-1.000000000,,0,-1.000000000,0,,1,0.002045059,0.117173256,-0.007326126,-0.383394241,1,3.125902414,179.101015510,-0.002442360,-2.755556107,1,-2.880465746,-165.038530274,-0.002442360,2.687179565,1,-0.187495232,-10.742685451,0.007326126,0.422466278,1,0.629115105,36.045640326,-0.012210846,-0.003663063,-0.057846643,-3.314368505,0.000000000,-0.000000000,6.000000000,2.500000000,3.143450975,180.106473998,0.000000000,-2.770881653,2.000000000,0.500000000,-2.880847216,-165.060386879,0.000000000,2.693999767,1.000000000,0.500000000,-0.189021111,-10.830111873,0.000000000,0.431064546,0.500000000,0.200000003,0.709263802,40.637822392,0.000000000,0.000112792,0.000000000,0.100000001
2026-07-04 23:21:48.671,1783178508.671722651,300.941896467,1,1,300.929729892,1,0.003585834,5,1,0.004619702,5,1,0,1,0,0,1,1,1,0,1,0,-1.000000000,0.000000000,0.000000000,0.000000000,0,-1.000000000,0,0,0,,0,-1.000000000,,0,0,0.000000000,0.000000000,0,-1.000000000,0,,0,-1.000000000,,0,-1.000000000,0,,1,0.002045059,0.117173256,-0.007326126,-0.378510475,1,3.125902414,179.101015510,-0.002442360,-2.755556107,1,-2.880465746,-165.038530274,-0.002442360,2.673503876,1,-0.187495232,-10.742685451,-0.007326126,0.422466278,1,0.629498482,36.067606214,-0.012210846,-0.003663063,-0.057846643,-3.314368505,0.000000000,-0.000000000,6.000000000,2.500000000,3.143450975,180.106473998,0.000000000,-2.770881653,2.000000000,0.500000000,-2.880847216,-165.060386879,0.000000000,2.693999767,1.000000000,0.500000000,-0.189021111,-10.830111873,0.000000000,0.431064546,0.500000000,0.200000003,0.709263802,40.637822392,0.000000000,0.000112792,0.000000000,0.100000001
2026-07-04 23:21:49.671,1783178509.671531439,301.941705423,1,1,301.929538848,1,0.003822738,5,1,0.004660163,5,1,0,1,0,0,1,1,1,0,1,0,-1.000000000,0.000000000,0.000000000,0.000000000,0,-1.000000000,0,0,0,,0,-1.000000000,,0,0,0.000000000,0.000000000,0,-1.000000000,0,,0,-1.000000000,,0,-1.000000000,0,,1,0.002045059,0.117173256,-0.007326126,-0.383394241,1,3.125902414,179.101015510,0.002442360,-2.755556107,1,-2.880465746,-165.038530274,-0.002442360,2.673503876,1,-0.187495232,-10.742685451,-0.007326126,0.422466278,1,0.629115105,36.045640326,-0.012210846,-0.003663063,-0.057846643,-3.314368505,0.000000000,-0.000000000,6.000000000,2.500000000,3.143450975,180.106473998,0.000000000,-2.770881653,2.000000000,0.500000000,-2.880847216,-165.060386879,0.000000000,2.693999767,1.000000000,0.500000000,-0.189021111,-10.830111873,0.000000000,0.431064546,0.500000000,0.200000003,0.709263802,40.637822392,0.000000000,0.000112792,0.000000000,0.100000001
2026-07-04 23:21:50.671,1783178510.671420097,302.941594076,1,1,302.929427501,1,0.003418518,5,1,0.004706308,5,1,0,1,0,0,1,1,1,0,1,0,-1.000000000,0.000000000,0.000000000,0.000000000,0,-1.000000000,0,0,0,,0,-1.000000000,,0,0,0.000000000,0.000000000,0,-1.000000000,0,,0,-1.000000000,,0,-1.000000000,0,,1,0.002045059,0.117173256,-0.021978378,-0.383394241,1,3.125902414,179.101015510,-0.002442360,-2.755556107,1,-2.880465746,-165.038530274,-0.007326126,2.673503876,1,-0.187495232,-10.742685451,-0.007326126,0.422466278,1,0.629115105,36.045640326,-0.012210846,-0.003663063,-0.057846643,-3.314368505,0.000000000,-0.000000000,6.000000000,2.500000000,3.143450975,180.106473998,0.000000000,-2.770881653,2.000000000,0.500000000,-2.880847216,-165.060386879,0.000000000,2.693999767,1.000000000,0.500000000,-0.189021111,-10.830111873,0.000000000,0.431064546,0.500000000,0.200000003,0.709263802,40.637822392,0.000000000,0.000112792,0.000000000,0.100000001
2026-07-04 23:21:51.671,1783178511.671095133,303.941269000,1,1,303.929102425,1,0.003732677,5,1,0.004699005,5,1,0,1,0,0,1,1,1,0,1,0,-1.000000000,0.000000000,0.000000000,0.000000000,0,-1.000000000,0,0,0,,0,-1.000000000,,0,0,0.000000000,0.000000000,0,-1.000000000,0,,0,-1.000000000,,0,-1.000000000,0,,1,0.002045059,0.117173256,0.007326126,-0.378510475,1,3.125902414,179.101015510,-0.002442360,-2.755556107,1,-2.880465746,-165.038530274,-0.002442360,2.687179565,1,-0.187495232,-10.742685451,0.007326126,0.422466278,1,0.629115105,36.045640326,-0.036628723,-0.003663063,-0.057846643,-3.314368505,0.000000000,-0.000000000,6.000000000,2.500000000,3.143450975,180.106473998,0.000000000,-2.770881653,2.000000000,0.500000000,-2.880847216,-165.060386879,0.000000000,2.693999767,1.000000000,0.500000000,-0.189021111,-10.830111873,0.000000000,0.431064546,0.500000000,0.200000003,0.709263802,40.637822392,0.000000000,0.000112792,0.000000000,0.100000001
2026-07-04 23:21:52.671,1783178512.670903206,304.941077085,1,1,304.928910510,1,0.003782883,5,1,0.004577524,5,1,0,1,0,0,1,1,1,0,1,0,-1.000000000,0.000000000,0.000000000,0.000000000,0,-1.000000000,0,0,0,,0,-1.000000000,,0,0,0.000000000,0.000000000,0,-1.000000000,0,,0,-1.000000000,,0,-1.000000000,0,,1,0.002045059,0.117173256,-0.021978378,-0.383394241,1,3.125902414,179.101015510,-0.007326126,-2.755556107,1,-2.880465746,-165.038530274,-0.002442360,2.673503876,1,-0.187495232,-10.742685451,-0.007326126,0.422466278,1,0.629498482,36.067606214,-0.012210846,-0.003663063,-0.057846643,-3.314368505,0.000000000,-0.000000000,6.000000000,2.500000000,3.143450975,180.106473998,0.000000000,-2.770881653,2.000000000,0.500000000,-2.880847216,-165.060386879,0.000000000,2.693999767,1.000000000,0.500000000,-0.189021111,-10.830111873,0.000000000,0.431064546,0.500000000,0.200000003,0.709263802,40.637822392,0.000000000,0.000112792,0.000000000,0.100000001
2026-07-04 23:21:53.670,1783178513.670667171,305.940841035,1,1,305.928674460,1,0.003375279,5,1,0.004507444,5,1,0,1,0,0,1,1,1,0,1,0,-1.000000000,0.000000000,0.000000000,0.000000000,0,-1.000000000,0,0,0,,0,-1.000000000,,0,0,0.000000000,0.000000000,0,-1.000000000,0,,0,-1.000000000,,0,-1.000000000,0,,1,0.002045059,0.117173256,-0.021978378,-0.383394241,1,3.125902414,179.101015510,-0.002442360,-2.755556107,1,-2.880465746,-165.038530274,-0.002442360,2.673503876,1,-0.187495232,-10.742685451,-0.021978378,0.422466278,1,0.629115105,36.045640326,-0.012210846,-0.003663063,-0.057846643,-3.314368505,0.000000000,-0.000000000,6.000000000,2.500000000,3.143450975,180.106473998,0.000000000,-2.770881653,2.000000000,0.500000000,-2.880847216,-165.060386879,0.000000000,2.693999767,1.000000000,0.500000000,-0.189021111,-10.830111873,0.000000000,0.431064546,0.500000000,0.200000003,0.709263802,40.637822392,0.000000000,0.000112792,0.000000000,0.100000001
2026-07-04 23:21:54.670,1783178514.670447826,306.940621767,1,1,306.928455192,1,0.003748196,5,1,0.004635189,5,1,0,1,0,0,1,1,1,0,1,0,-1.000000000,0.000000000,0.000000000,0.000000000,0,-1.000000000,0,0,0,,0,-1.000000000,,0,0,0.000000000,0.000000000,0,-1.000000000,0,,0,-1.000000000,,0,-1.000000000,0,,1,0.002045059,0.117173256,-0.007326126,-0.383394241,1,3.125902414,179.101015510,-0.002442360,-2.755556107,1,-2.880465746,-165.038530274,-0.002442360,2.673503876,1,-0.187495232,-10.742685451,-0.007326126,0.422466278,1,0.629498482,36.067606214,-0.012210846,-0.003663063,-0.057846643,-3.314368505,0.000000000,-0.000000000,6.000000000,2.500000000,3.143450975,180.106473998,0.000000000,-2.770881653,2.000000000,0.500000000,-2.880847216,-165.060386879,0.000000000,2.693999767,1.000000000,0.500000000,-0.189021111,-10.830111873,0.000000000,0.431064546,0.500000000,0.200000003,0.709263802,40.637822392,0.000000000,0.000112792,0.000000000,0.100000001
2026-07-04 23:21:55.670,1783178515.670322180,307.940496023,1,1,307.928329448,1,0.003771586,5,1,0.004691086,5,1,0,1,0,0,1,1,1,0,1,0,-1.000000000,0.000000000,0.000000000,0.000000000,0,-1.000000000,0,0,0,,0,-1.000000000,,0,0,0.000000000,0.000000000,0,-1.000000000,0,,0,-1.000000000,,0,-1.000000000,0,,1,0.002045059,0.117173256,0.007326126,-0.383394241,1,3.125902414,179.101015510,-0.002442360,-2.755556107,1,-2.880465746,-165.038530274,-0.007326126,2.687179565,1,-0.187495232,-10.742685451,0.007326126,0.422466278,1,0.629498482,36.067606214,0.012210846,-0.003663063,-0.057846643,-3.314368505,0.000000000,-0.000000000,6.000000000,2.500000000,3.143450975,180.106473998,0.000000000,-2.770881653,2.000000000,0.500000000,-2.880847216,-165.060386879,0.000000000,2.693999767,1.000000000,0.500000000,-0.189021111,-10.830111873,0.000000000,0.431064546,0.500000000,0.200000003,0.709263802,40.637822392,0.000000000,0.000112792,0.000000000,0.100000001
2026-07-04 23:21:56.670,1783178516.670081139,308.940254793,1,1,308.928088218,1,0.003857310,5,1,0.004749411,5,1,0,1,0,0,1,1,1,0,1,0,-1.000000000,0.000000000,0.000000000,0.000000000,0,-1.000000000,0,0,0,,0,-1.000000000,,0,0,0.000000000,0.000000000,0,-1.000000000,0,,0,-1.000000000,,0,-1.000000000,0,,1,0.002045059,0.117173256,-0.007326126,-0.388278008,1,3.125902414,179.101015510,-0.002442360,-2.769229889,1,-2.880465746,-165.038530274,-0.002442360,2.673503876,1,-0.187495232,-10.742685451,0.007326126,0.422466278,1,0.629115105,36.045640326,-0.036628723,-0.003663063,-0.057846643,-3.314368505,0.000000000,-0.000000000,6.000000000,2.500000000,3.143450975,180.106473998,0.000000000,-2.770881653,2.000000000,0.500000000,-2.880847216,-165.060386879,0.000000000,2.693999767,1.000000000,0.500000000,-0.189021111,-10.830111873,0.000000000,0.431064546,0.500000000,0.200000003,0.709263802,40.637822392,0.000000000,0.000112792,0.000000000,0.100000001
2026-07-04 23:21:57.670,1783178517.669880867,309.940054562,1,1,309.927887987,1,0.003437586,5,1,0.004653141,5,1,0,1,0,0,1,1,1,0,1,0,-1.000000000,0.000000000,0.000000000,0.000000000,0,-1.000000000,0,0,0,,0,-1.000000000,,0,0,0.000000000,0.000000000,0,-1.000000000,0,,0,-1.000000000,,0,-1.000000000,0,,1,0.002045059,0.117173256,0.007326126,-0.378510475,1,3.125902414,179.101015510,-0.002442360,-2.755556107,1,-2.880465746,-165.038530274,-0.002442360,2.673503876,1,-0.187495232,-10.742685451,-0.007326126,0.422466278,1,0.629115105,36.045640326,-0.036628723,-0.003663063,-0.057846643,-3.314368505,0.000000000,-0.000000000,6.000000000,2.500000000,3.143450975,180.106473998,0.000000000,-2.770881653,2.000000000,0.500000000,-2.880847216,-165.060386879,0.000000000,2.693999767,1.000000000,0.500000000,-0.189021111,-10.830111873,0.000000000,0.431064546,0.500000000,0.200000003,0.709263802,40.637822392,0.000000000,0.000112792,0.000000000,0.100000001
2026-07-04 23:21:58.669,1783178518.669672966,310.939846912,1,1,310.927680337,1,0.003800667,5,1,0.004590798,5,1,0,1,0,0,1,1,1,0,1,0,-1.000000000,0.000000000,0.000000000,0.000000000,0,-1.000000000,0,0,0,,0,-1.000000000,,0,0,0.000000000,0.000000000,0,-1.000000000,0,,0,-1.000000000,,0,-1.000000000,0,,1,0.002045059,0.117173256,-0.007326126,-0.383394241,1,3.125902414,179.101015510,-0.002442360,-2.755556107,1,-2.880465746,-165.038530274,-0.002442360,2.673503876,1,-0.187495232,-10.742685451,0.007326126,0.422466278,1,0.629115105,36.045640326,0.012210846,-0.003663063,-0.057846643,-3.314368505,0.000000000,-0.000000000,6.000000000,2.500000000,3.143450975,180.106473998,0.000000000,-2.770881653,2.000000000,0.500000000,-2.880847216,-165.060386879,0.000000000,2.693999767,1.000000000,0.500000000,-0.189021111,-10.830111873,0.000000000,0.431064546,0.500000000,0.200000003,0.709263802,40.637822392,0.000000000,0.000112792,0.000000000,0.100000001
2026-07-04 23:21:59.669,1783178519.669373751,311.939547573,1,1,311.927380998,1,0.003799794,5,1,0.004664715,5,1,0,1,0,0,1,1,1,0,1,0,-1.000000000,0.000000000,0.000000000,0.000000000,0,-1.000000000,0,0,0,,0,-1.000000000,,0,0,0.000000000,0.000000000,0,-1.000000000,0,,0,-1.000000000,,0,-1.000000000,0,,1,0.002045059,0.117173256,-0.007326126,-0.378510475,1,3.125902414,179.101015510,-0.002442360,-2.755556107,1,-2.880465746,-165.038530274,-0.002442360,2.687179565,1,-0.187495232,-10.742685451,-0.007326126,0.422466278,1,0.629115105,36.045640326,-0.036628723,-0.003663063,-0.057846643,-3.314368505,0.000000000,-0.000000000,6.000000000,2.500000000,3.143450975,180.106473998,0.000000000,-2.770881653,2.000000000,0.500000000,-2.880847216,-165.060386879,0.000000000,2.693999767,1.000000000,0.500000000,-0.189021111,-10.830111873,0.000000000,0.431064546,0.500000000,0.200000003,0.709263802,40.637822392,0.000000000,0.000112792,0.000000000,0.100000001
2026-07-04 23:22:00.669,1783178520.669154406,312.939328196,1,1,312.927161621,1,0.003610725,5,1,0.004697733,5,1,0,1,0,0,1,1,1,0,1,0,-1.000000000,0.000000000,0.000000000,0.000000000,0,-1.000000000,0,0,0,,0,-1.000000000,,0,0,0.000000000,0.000000000,0,-1.000000000,0,,0,-1.000000000,,0,-1.000000000,0,,1,0.002045059,0.117173256,-0.007326126,-0.378510475,1,3.125902414,179.101015510,-0.007326126,-2.755556107,1,-2.880465746,-165.038530274,-0.002442360,2.687179565,1,-0.187495232,-10.742685451,-0.021978378,0.422466278,1,0.629115105,36.045640326,-0.012210846,-0.003663063,-0.057846643,-3.314368505,0.000000000,-0.000000000,6.000000000,2.500000000,3.143450975,180.106473998,0.000000000,-2.770881653,2.000000000,0.500000000,-2.880847216,-165.060386879,0.000000000,2.693999767,1.000000000,0.500000000,-0.189021111,-10.830111873,0.000000000,0.431064546,0.500000000,0.200000003,0.709263802,40.637822392,0.000000000,0.000112792,0.000000000,0.100000001
2026-07-04 23:22:01.669,1783178521.668935776,313.939109503,1,1,313.926942928,1,0.003902727,5,1,0.004655077,5,1,0,1,0,0,1,1,1,0,1,0,-1.000000000,0.000000000,0.000000000,0.000000000,0,-1.000000000,0,0,0,,0,-1.000000000,,0,0,0.000000000,0.000000000,0,-1.000000000,0,,0,-1.000000000,,0,-1.000000000,0,,1,0.002045059,0.117173256,0.007326126,-0.383394241,1,3.125902414,179.101015510,0.002442360,-2.755556107,1,-2.880465746,-165.038530274,-0.002442360,2.673503876,1,-0.187495232,-10.742685451,-0.036630630,0.422466278,1,0.629115105,36.045640326,-0.012210846,-0.003663063,-0.057846643,-3.314368505,0.000000000,-0.000000000,6.000000000,2.500000000,3.143450975,180.106473998,0.000000000,-2.770881653,2.000000000,0.500000000,-2.880847216,-165.060386879,0.000000000,2.693999767,1.000000000,0.500000000,-0.189021111,-10.830111873,0.000000000,0.431064546,0.500000000,0.200000003,0.709263802,40.637822392,0.000000000,0.000112792,0.000000000,0.100000001
2026-07-04 23:22:02.668,1783178522.668709993,314.938883841,1,1,314.926717266,1,0.003301530,5,1,0.004453150,5,1,0,1,0,0,1,1,1,0,1,0,-1.000000000,0.000000000,0.000000000,0.000000000,0,-1.000000000,0,0,0,,0,-1.000000000,,0,0,0.000000000,0.000000000,0,-1.000000000,0,,0,-1.000000000,,0,-1.000000000,0,,1,0.002045059,0.117173256,-0.036630630,-0.388278008,1,3.125902414,179.101015510,-0.002442360,-2.755556107,1,-2.880465746,-165.038530274,0.002442360,2.673503876,1,-0.187495232,-10.742685451,-0.007326126,0.422466278,1,0.629498482,36.067606214,0.012210846,-0.003663063,-0.057846643,-3.314368505,0.000000000,-0.000000000,6.000000000,2.500000000,3.143450975,180.106473998,0.000000000,-2.770881653,2.000000000,0.500000000,-2.880847216,-165.060386879,0.000000000,2.693999767,1.000000000,0.500000000,-0.189021111,-10.830111873,0.000000000,0.431064546,0.500000000,0.200000003,0.709263802,40.637822392,0.000000000,0.000112792,0.000000000,0.100000001
2026-07-04 23:22:03.668,1783178523.668503761,315.938677671,1,1,315.926511096,1,0.003868599,5,1,0.004650866,5,1,0,1,0,0,1,1,1,0,1,0,-1.000000000,0.000000000,0.000000000,0.000000000,0,-1.000000000,0,0,0,,0,-1.000000000,,0,0,0.000000000,0.000000000,0,-1.000000000,0,,0,-1.000000000,,0,-1.000000000,0,,1,0.002045059,0.117173256,-0.007326126,-0.373626709,1,3.125902414,179.101015510,-0.007326126,-2.755556107,1,-2.880465746,-165.038530274,-0.002442360,2.673503876,1,-0.187495232,-10.742685451,0.007326126,0.422466278,1,0.629115105,36.045640326,-0.036628723,-0.003663063,-0.057846643,-3.314368505,0.000000000,-0.000000000,6.000000000,2.500000000,3.143450975,180.106473998,0.000000000,-2.770881653,2.000000000,0.500000000,-2.880847216,-165.060386879,0.000000000,2.693999767,1.000000000,0.500000000,-0.189021111,-10.830111873,0.000000000,0.431064546,0.500000000,0.200000003,0.709263802,40.637822392,0.000000000,0.000112792,0.000000000,0.100000001
2026-07-04 23:22:04.668,1783178524.668341875,316.938515684,1,1,316.926349109,1,0.003298209,5,1,0.004668303,5,1,0,1,0,0,1,1,1,0,1,0,-1.000000000,0.000000000,0.000000000,0.000000000,0,-1.000000000,0,0,0,,0,-1.000000000,,0,0,0.000000000,0.000000000,0,-1.000000000,0,,0,-1.000000000,,0,-1.000000000,0,,1,0.002045059,0.117173256,-0.021978378,-0.388278008,1,3.125902414,179.101015510,-0.002442360,-2.755556107,1,-2.880465746,-165.038530274,-0.002442360,2.673503876,1,-0.187495232,-10.742685451,0.007326126,0.422466278,1,0.629115105,36.045640326,-0.012210846,-0.003663063,-0.057846643,-3.314368505,0.000000000,-0.000000000,6.000000000,2.500000000,3.143450975,180.106473998,0.000000000,-2.770881653,2.000000000,0.500000000,-2.880847216,-165.060386879,0.000000000,2.693999767,1.000000000,0.500000000,-0.189021111,-10.830111873,0.000000000,0.431064546,0.500000000,0.200000003,0.709263802,40.637822392,0.000000000,0.000112792,0.000000000,0.100000001
2026-07-04 23:22:05.668,1783178525.668138981,317.938312731,1,1,317.926146156,1,0.003766005,5,1,0.004644619,5,1,0,1,0,0,1,1,1,0,1,0,-1.000000000,0.000000000,0.000000000,0.000000000,0,-1.000000000,0,0,0,,0,-1.000000000,,0,0,0.000000000,0.000000000,0,-1.000000000,0,,0,-1.000000000,,0,-1.000000000,0,,1,0.002045059,0.117173256,-0.007326126,-0.383394241,1,3.125902414,179.101015510,0.002442360,-2.755556107,1,-2.880465746,-165.038530274,-0.002442360,2.673503876,1,-0.187495232,-10.742685451,-0.007326126,0.422466278,1,0.629115105,36.045640326,-0.036628723,-0.003663063,-0.057846643,-3.314368505,0.000000000,-0.000000000,6.000000000,2.500000000,3.143450975,180.106473998,0.000000000,-2.770881653,2.000000000,0.500000000,-2.880847216,-165.060386879,0.000000000,2.693999767,1.000000000,0.500000000,-0.189021111,-10.830111873,0.000000000,0.431064546,0.500000000,0.200000003,0.709263802,40.637822392,0.000000000,0.000112792,0.000000000,0.100000001
2026-07-04 23:22:06.668,1783178526.667926550,318.938100291,1,1,318.925933716,1,0.003745023,5,1,0.004656715,5,1,0,1,0,0,1,1,1,0,1,0,-1.000000000,0.000000000,0.000000000,0.000000000,0,-1.000000000,0,0,0,,0,-1.000000000,,0,0,0.000000000,0.000000000,0,-1.000000000,0,,0,-1.000000000,,0,-1.000000000,0,,1,0.001663590,0.095316657,-0.007326126,-0.373626709,1,3.125902414,179.101015510,-0.002442360,-2.755556107,1,-2.880465746,-165.038530274,-0.002442360,2.687179565,1,-0.187495232,-10.742685451,-0.007326126,0.422466278,1,0.629115105,36.045640326,0.012210846,-0.003663063,-0.057846643,-3.314368505,0.000000000,-0.000000000,6.000000000,2.500000000,3.143450975,180.106473998,0.000000000,-2.770881653,2.000000000,0.500000000,-2.880847216,-165.060386879,0.000000000,2.693999767,1.000000000,0.500000000,-0.189021111,-10.830111873,0.000000000,0.431064546,0.500000000,0.200000003,0.709263802,40.637822392,0.000000000,0.000112792,0.000000000,0.100000001
2026-07-04 23:22:07.667,1783178527.667645931,319.937819772,1,1,319.925653197,1,0.003726010,5,1,0.004476320,5,1,0,1,0,0,1,1,1,0,1,0,-1.000000000,0.000000000,0.000000000,0.000000000,0,-1.000000000,0,0,0,,0,-1.000000000,,0,0,0.000000000,0.000000000,0,-1.000000000,0,,0,-1.000000000,,0,-1.000000000,0,,1,-0.024277305,-1.390987128,-0.021978378,-0.217338562,1,3.120180368,178.773166430,-0.002442360,-2.741880417,1,-2.880465746,-165.038530274,-0.002442360,2.673503876,1,-0.187495232,-10.742685451,0.007326126,0.422466278,1,0.629115105,36.045640326,-0.036628723,-0.003663063,-0.057846643,-3.314368505,0.000000000,-0.000000000,6.000000000,2.500000000,3.143450975,180.106473998,0.000000000,-2.770881653,2.000000000,0.500000000,-2.880847216,-165.060386879,0.000000000,2.693999767,1.000000000,0.500000000,-0.189021111,-10.830111873,0.000000000,0.431064546,0.500000000,0.200000003,0.709263802,40.637822392,0.000000000,0.000112792,0.000000000,0.100000001
2026-07-04 23:22:08.667,1783178528.667458534,320.937632297,1,1,320.925465722,1,0.003456335,5,1,0.004693980,5,1,0,1,0,0,1,1,1,0,1,0,-1.000000000,0.000000000,0.000000000,0.000000000,0,-1.000000000,0,0,0,,0,-1.000000000,,0,0,0.000000000,0.000000000,0,-1.000000000,0,,0,-1.000000000,,0,-1.000000000,0,,1,-0.031906702,-1.828119341,-0.007326126,-0.173381805,1,3.120561838,178.795023036,-0.002442360,-2.741880417,1,-2.880465746,-165.038530274,-0.002442360,2.673503876,1,-0.187495232,-10.742685451,-0.021978378,0.422466278,1,0.629115105,36.045640326,-0.036628723,-0.003663063,-0.057846643,-3.314368505,0.000000000,-0.000000000,6.000000000,2.500000000,3.143450975,180.106473998,0.000000000,-2.770881653,2.000000000,0.500000000,-2.880847216,-165.060386879,0.000000000,2.693999767,1.000000000,0.500000000,-0.189021111,-10.830111873,0.000000000,0.431064546,0.500000000,0.200000003,0.709263802,40.637822392,0.000000000,0.000112792,0.000000000,0.100000001
2026-07-04 23:22:09.667,1783178529.667242289,321.937416138,1,1,321.925249563,1,0.003086086,5,1,0.004476559,5,1,0,1,0,0,1,1,1,0,1,0,-1.000000000,0.000000000,0.000000000,0.000000000,0,-1.000000000,0,0,0,,0,-1.000000000,,0,0,0.000000000,0.000000000,0,-1.000000000,0,,0,-1.000000000,,0,-1.000000000,0,,1,-0.031906702,-1.828119341,0.007326126,-0.173381805,1,3.120561838,178.795023036,-0.002442360,-2.741880417,1,-2.880465746,-165.038530274,-0.002442360,2.673503876,1,-0.187495232,-10.742685451,-0.007326126,0.422466278,1,0.629115105,36.045640326,-0.012210846,-0.003663063,-0.057846643,-3.314368505,0.000000000,-0.000000000,6.000000000,2.500000000,3.143450975,180.106473998,0.000000000,-2.770881653,2.000000000,0.500000000,-2.880847216,-165.060386879,0.000000000,2.693999767,1.000000000,0.500000000,-0.189021111,-10.830111873,0.000000000,0.431064546,0.500000000,0.200000003,0.709263802,40.637822392,0.000000000,0.000112792,0.000000000,0.100000001
2026-07-04 23:22:10.667,1783178530.667069435,322.937243338,1,1,322.925076763,1,0.003469221,5,1,0.004546898,5,1,0,1,0,0,1,1,1,0,1,0,-1.000000000,0.000000000,0.000000000,0.000000000,0,-1.000000000,0,0,0,,0,-1.000000000,,0,0,0.000000000,0.000000000,0,-1.000000000,0,,0,-1.000000000,,0,-1.000000000,0,,1,-0.031906702,-1.828119341,-0.007326126,-0.183150291,1,3.120561838,178.795023036,0.002442360,-2.741880417,1,-2.880465746,-165.038530274,-0.002442360,2.673503876,1,-0.187495232,-10.742685451,-0.021978378,0.422466278,1,0.629498482,36.067606214,0.012210846,-0.003663063,-0.057846643,-3.314368505,0.000000000,-0.000000000,6.000000000,2.500000000,3.143450975,180.106473998,0.000000000,-2.770881653,2.000000000,0.500000000,-2.880847216,-165.060386879,0.000000000,2.693999767,1.000000000,0.500000000,-0.189021111,-10.830111873,0.000000000,0.431064546,0.500000000,0.200000003,0.709263802,40.637822392,0.000000000,0.000112792,0.000000000,0.100000001
2026-07-04 23:22:11.666,1783178531.666795492,323.936969333,1,1,323.924802758,1,0.003490316,5,1,0.004627540,5,1,0,1,0,0,1,1,1,0,1,0,-1.000000000,0.000000000,0.000000000,0.000000000,0,-1.000000000,0,0,0,,0,-1.000000000,,0,0,0.000000000,0.000000000,0,-1.000000000,0,,0,-1.000000000,,0,-1.000000000,0,,1,-0.039154626,-2.243394843,-0.007326126,-0.134309769,1,3.120561838,178.795023036,-0.002442360,-2.755556107,1,-2.880465746,-165.038530274,-0.002442360,2.673503876,1,-0.187495232,-10.742685451,-0.007326126,0.422466278,1,0.629115105,36.045640326,-0.012210846,-0.003663063,-0.057846643,-3.314368505,0.000000000,-0.000000000,6.000000000,2.500000000,3.143450975,180.106473998,0.000000000,-2.770881653,2.000000000,0.500000000,-2.880847216,-165.060386879,0.000000000,2.693999767,1.000000000,0.500000000,-0.189021111,-10.830111873,0.000000000,0.431064546,0.500000000,0.200000003,0.709263802,40.637822392,0.000000000,0.000112792,0.000000000,0.100000001
2026-07-04 23:22:12.666,1783178532.666594744,324.936768778,1,1,324.924602203,1,0.003791878,5,1,0.004707295,5,1,0,1,0,0,1,1,1,0,1,0,-1.000000000,0.000000000,0.000000000,0.000000000,0,-1.000000000,0,0,0,,0,-1.000000000,,0,0,0.000000000,0.000000000,0,-1.000000000,0,,0,-1.000000000,,0,-1.000000000,0,,1,-0.057846643,-3.314368505,0.007326126,0.017093658,1,3.119417429,178.729453220,-0.002442360,-2.741880417,1,-2.880465746,-165.038530274,-0.002442360,2.673503876,1,-0.187113762,-10.720828846,0.007326126,0.422466278,1,0.629498482,36.067606214,-0.012210846,-0.003663063,-0.057846643,-3.314368505,0.000000000,-0.000000000,6.000000000,2.500000000,3.143450975,180.106473998,0.000000000,-2.770881653,2.000000000,0.500000000,-2.880847216,-165.060386879,0.000000000,2.693999767,1.000000000,0.500000000,-0.189021111,-10.830111873,0.000000000,0.431064546,0.500000000,0.200000003,0.709263802,40.637822392,0.000000000,0.000112792,0.000000000,0.100000001
2026-07-04 23:22:13.666,1783178533.666362762,325.936536678,1,1,325.924370103,1,0.003540224,5,1,0.004565354,5,1,0,1,0,0,1,1,1,0,1,0,-1.000000000,0.000000000,0.000000000,0.000000000,0,-1.000000000,0,0,0,,0,-1.000000000,,0,0,0.000000000,0.000000000,0,-1.000000000,0,,0,-1.000000000,,0,-1.000000000,0,,1,-0.064331628,-3.685930796,-0.241758347,0.427350044,1,3.119417429,178.729453220,-0.002442360,-2.728204727,1,-2.880084276,-165.016673668,-0.002442360,2.673503876,1,-0.186350822,-10.677115635,-0.036630630,0.427350044,1,0.629498482,36.067606214,-0.036628723,-0.003663063,-0.057846643,-3.314368505,0.000000000,-0.000000000,6.000000000,2.500000000,3.143450975,180.106473998,0.000000000,-2.770881653,2.000000000,0.500000000,-2.880847216,-165.060386879,0.000000000,2.693999767,1.000000000,0.500000000,-0.189021111,-10.830111873,0.000000000,0.431064546,0.500000000,0.200000003,0.709263802,40.637822392,0.000000000,0.000112792,0.000000000,0.100000001
2026-07-04 23:22:14.666,1783178534.666171312,326.936345291,1,1,326.924178716,1,0.003813382,5,1,0.004654284,5,1,0,1,0,0,1,1,1,0,1,0,-1.000000000,0.000000000,0.000000000,0.000000000,0,-1.000000000,0,0,0,,0,-1.000000000,,0,0,0.000000000,0.000000000,0,-1.000000000,0,,0,-1.000000000,,0,-1.000000000,0,,1,-0.057083704,-3.270655294,-0.007326126,-0.026862144,1,3.117128611,178.598313587,-0.002442360,-2.741880417,1,-2.880084276,-165.016673668,-0.007326126,2.673503876,1,-0.186732292,-10.698972240,-0.021978378,0.422466278,1,0.629498482,36.067606214,-0.012210846,-0.003663063,-0.057846643,-3.314368505,0.000000000,-0.000000000,6.000000000,2.500000000,3.143450975,180.106473998,0.000000000,-2.770881653,2.000000000,0.500000000,-2.880847216,-165.060386879,0.000000000,2.693999767,1.000000000,0.500000000,-0.189021111,-10.830111873,0.000000000,0.431064546,0.500000000,0.200000003,0.709263802,40.637822392,0.000000000,0.000112792,0.000000000,0.100000001
2026-07-04 23:22:15.666,1783178535.665978670,327.936152524,1,1,327.923985949,1,0.003554248,5,1,0.004679227,5,1,0,1,0,0,1,1,1,0,1,0,-1.000000000,0.000000000,0.000000000,0.000000000,0,-1.000000000,0,0,0,,0,-1.000000000,,0,0,0.000000000,0.000000000,0,-1.000000000,0,,0,-1.000000000,,0,-1.000000000,0,,1,-0.070436098,-4.035691123,-0.051282883,0.222222328,1,3.112932444,178.357890929,0.085470200,-2.673503876,1,-2.880084276,-165.016673668,0.002442360,2.673503876,1,-0.186732292,-10.698972240,-0.021978378,0.432234764,1,0.629498482,36.067606214,-0.012210846,-0.003663063,-0.057846643,-3.314368505,0.000000000,-0.000000000,6.000000000,2.500000000,3.143450975,180.106473998,0.000000000,-2.770881653,2.000000000,0.500000000,-2.880847216,-165.060386879,0.000000000,2.693999767,1.000000000,0.500000000,-0.189021111,-10.830111873,0.000000000,0.431064546,0.500000000,0.200000003,0.709263802,40.637822392,0.000000000,0.000112792,0.000000000,0.100000001
2026-07-04 23:22:16.665,1783178536.665787220,328.935960948,1,1,328.923794373,1,0.003902989,5,1,0.004503826,5,1,0,1,0,0,1,1,1,0,1,0,-1.000000000,0.000000000,0.000000000,0.000000000,0,-1.000000000,0,0,0,,0,-1.000000000,,0,0,0.000000000,0.000000000,0,-1.000000000,0,,0,-1.000000000,,0,-1.000000000,0,,1,-0.057083704,-3.270655294,0.168498993,-0.315018654,1,3.086611032,176.849785160,-0.183150291,-2.960683823,1,-2.880084276,-165.016673668,-0.002442360,2.673503876,1,-0.186732292,-10.698972240,-0.007326126,0.422466278,1,0.629498482,36.067606214,-0.012210846,-0.003663063,-0.057846643,-3.314368505,0.000000000,-0.000000000,6.000000000,2.500000000,3.143450975,180.106473998,0.000000000,-2.770881653,2.000000000,0.500000000,-2.880847216,-165.060386879,0.000000000,2.693999767,1.000000000,0.500000000,-0.189021111,-10.830111873,0.000000000,0.431064546,0.500000000,0.200000003,0.709263802,40.637822392,0.000000000,0.000112792,0.000000000,0.100000001
2026-07-04 23:22:17.665,1783178537.665527821,329.935701662,1,1,329.923535087,1,0.003814285,5,1,0.004625997,5,1,0,1,0,0,1,1,1,0,1,0,-1.000000000,0.000000000,0.000000000,0.000000000,0,-1.000000000,0,0,0,,0,-1.000000000,,0,0,0.000000000,0.000000000,0,-1.000000000,0,,0,-1.000000000,,0,-1.000000000,0,,1,-0.065476038,-3.751500612,-0.007326126,0.021978378,1,3.111025095,178.248607902,-0.017093658,-2.687179565,1,-2.880084276,-165.016673668,-0.002442360,2.673503876,1,-0.187113762,-10.720828846,-0.021978378,0.422466278,1,0.629881859,36.089572103,0.036628723,-0.003663063,-0.057846643,-3.314368505,0.000000000,-0.000000000,6.000000000,2.500000000,3.143450975,180.106473998,0.000000000,-2.770881653,2.000000000,0.500000000,-2.880847216,-165.060386879,0.000000000,2.693999767,1.000000000,0.500000000,-0.189021111,-10.830111873,0.000000000,0.431064546,0.500000000,0.200000003,0.709263802,40.637822392,0.000000000,0.000112792,0.000000000,0.100000001
2026-07-04 23:22:18.665,1783178538.665325165,330.935499012,1,1,330.923332437,1,0.003789029,5,1,0.004538113,5,1,0,1,0,0,1,1,1,0,1,0,-1.000000000,0.000000000,0.000000000,0.000000000,0,-1.000000000,0,0,0,,0,-1.000000000,,0,0,0.000000000,0.000000000,0,-1.000000000,0,,0,-1.000000000,,0,-1.000000000,0,,1,-0.055176355,-3.161372267,-0.007326126,0.075701714,1,3.116365671,178.554600377,0.002442360,-2.741880417,1,-2.880084276,-165.016673668,-0.002442360,2.687179565,1,-0.187113762,-10.720828846,-0.007326126,0.427350044,1,0.629498482,36.067606214,-0.012210846,-0.003663063,-0.057846643,-3.314368505,0.000000000,-0.000000000,6.000000000,2.500000000,3.143450975,180.106473998,0.000000000,-2.770881653,2.000000000,0.500000000,-2.880847216,-165.060386879,0.000000000,2.693999767,1.000000000,0.500000000,-0.189021111,-10.830111873,0.000000000,0.431064546,0.500000000,0.200000003,0.709263802,40.637822392,0.000000000,0.000112792,0.000000000,0.100000001
2026-07-04 23:22:19.665,1783178539.665111542,331.935285363,1,1,331.923118788,1,0.003398024,5,1,0.004554902,5,1,0,1,0,0,1,1,1,0,1,0,-1.000000000,0.000000000,0.000000000,0.000000000,0,-1.000000000,0,0,0,,0,-1.000000000,,0,0,0.000000000,0.000000000,0,-1.000000000,0,,0,-1.000000000,,0,-1.000000000,0,,1,-0.087983705,-5.041094968,-0.358974457,0.622710228,1,3.092714548,177.199490845,-0.691086769,-2.372650146,1,-2.880084276,-165.016673668,-0.002442360,2.687179565,1,-0.186732292,-10.698972240,-0.021978378,0.417582512,1,0.629115105,36.045640326,-0.012210846,-0.003663063,-0.057846643,-3.314368505,0.000000000,-0.000000000,6.000000000,2.500000000,3.143450975,180.106473998,0.000000000,-2.770881653,2.000000000,0.500000000,-2.880847216,-165.060386879,0.000000000,2.693999767,1.000000000,0.500000000,-0.189021111,-10.830111873,0.000000000,0.431064546,0.500000000,0.200000003,0.709263802,40.637822392,0.000000000,0.000112792,0.000000000,0.100000001
2026-07-04 23:22:20.664,1783178540.664863348,332.935037021,1,1,332.922870446,1,0.003527035,5,1,0.004609413,5,1,0,1,0,0,1,1,1,0,1,0,-1.000000000,0.000000000,0.000000000,0.000000000,0,-1.000000000,0,0,0,,0,-1.000000000,,0,0,0.000000000,0.000000000,0,-1.000000000,0,,0,-1.000000000,,0,-1.000000000,0,,1,-0.054794885,-3.139515662,0.095237732,-0.188034058,1,3.123232126,178.948019273,-0.007326126,-2.741880417,1,-2.880084276,-165.016673668,-0.002442360,2.673503876,1,-0.187113762,-10.720828846,-0.021978378,0.422466278,1,0.629498482,36.067606214,-0.012210846,-0.003663063,-0.057846643,-3.314368505,0.000000000,-0.000000000,6.000000000,2.500000000,3.143450975,180.106473998,0.000000000,-2.770881653,2.000000000,0.500000000,-2.880847216,-165.060386879,0.000000000,2.693999767,1.000000000,0.500000000,-0.189021111,-10.830111873,0.000000000,0.431064546,0.500000000,0.200000003,0.709263802,40.637822392,0.000000000,0.000112792,0.000000000,0.100000001
2026-07-04 23:22:21.664,1783178541.664693356,333.934867085,1,1,333.922700510,1,0.003647473,5,1,0.004182086,5,1,0,1,0,0,1,1,1,0,1,0,-1.000000000,0.000000000,0.000000000,0.000000000,0,-1.000000000,0,0,0,,0,-1.000000000,,0,0,0.000000000,0.000000000,0,-1.000000000,0,,0,-1.000000000,,0,-1.000000000,0,,1,-0.075395204,-4.319826992,0.153846741,-0.256410599,1,3.121324778,178.838736246,-0.041514397,-2.632478714,1,-2.880084276,-165.016673668,-0.002442360,2.673503876,1,-0.186732292,-10.698972240,-0.036630630,0.427350044,1,0.629498482,36.067606214,0.012210846,-0.003663063,-0.057846643,-3.314368505,0.000000000,-0.000000000,6.000000000,2.500000000,3.143450975,180.106473998,0.000000000,-2.770881653,2.000000000,0.500000000,-2.880847216,-165.060386879,0.000000000,2.693999767,1.000000000,0.500000000,-0.189021111,-10.830111873,0.000000000,0.431064546,0.500000000,0.200000003,0.709263802,40.637822392,0.000000000,0.000112792,0.000000000,0.100000001
2026-07-04 23:22:22.664,1783178542.664428473,334.934602267,1,1,334.922435692,1,0.003843214,5,1,0.004607448,5,1,0,1,0,0,1,1,1,0,1,0,-1.000000000,0.000000000,0.000000000,0.000000000,0,-1.000000000,0,0,0,,0,-1.000000000,,0,0,0.000000000,0.000000000,0,-1.000000000,0,,0,-1.000000000,,0,-1.000000000,0,,1,-0.066238977,-3.795213822,0.007326126,-0.065934181,1,3.117128611,178.598313587,-0.002442360,-2.741880417,1,-2.880084276,-165.016673668,-0.002442360,2.687179565,1,-0.186732292,-10.698972240,0.021978378,0.417582512,1,0.629498482,36.067606214,0.012210846,-0.003663063,-0.057846643,-3.314368505,0.000000000,-0.000000000,6.000000000,2.500000000,3.143450975,180.106473998,0.000000000,-2.770881653,2.000000000,0.500000000,-2.880847216,-165.060386879,0.000000000,2.693999767,1.000000000,0.500000000,-0.189021111,-10.830111873,0.000000000,0.431064546,0.500000000,0.200000003,0.709263802,40.637822392,0.000000000,0.000112792,0.000000000,0.100000001
2026-07-04 23:22:23.664,1783178543.664203167,335.934377053,1,1,335.922210478,1,0.003801269,5,1,0.004790858,5,1,0,1,0,0,1,1,1,0,1,0,-1.000000000,0.000000000,0.000000000,0.000000000,0,-1.000000000,0,0,0,,0,-1.000000000,,0,0,0.000000000,0.000000000,0,-1.000000000,0,,0,-1.000000000,,0,-1.000000000,0,,1,-0.062042810,-3.554791163,-0.036630630,-0.080586433,1,3.117128611,178.598313587,-0.002442360,-2.741880417,1,-2.880084276,-165.016673668,-0.002442360,2.673503876,1,-0.186732292,-10.698972240,-0.007326126,0.422466278,1,0.629115105,36.045640326,-0.036628723,-0.003663063,-0.057846643,-3.314368505,0.000000000,-0.000000000,6.000000000,2.500000000,3.143450975,180.106473998,0.000000000,-2.770881653,2.000000000,0.500000000,-2.880847216,-165.060386879,0.000000000,2.693999767,1.000000000,0.500000000,-0.189021111,-10.830111873,0.000000000,0.431064546,0.500000000,0.200000003,0.709263802,40.637822392,0.000000000,0.000112792,0.000000000,0.100000001
2026-07-04 23:22:24.664,1783178544.664072037,336.934245864,1,1,336.922079289,1,0.003804944,5,1,0.004488586,5,1,0,1,0,0,1,1,1,0,1,0,-1.000000000,0.000000000,0.000000000,0.000000000,0,-1.000000000,0,0,0,,0,-1.000000000,,0,0,0.000000000,0.000000000,0,-1.000000000,0,,0,-1.000000000,,0,-1.000000000,0,,1,-0.074632265,-4.276113781,0.065933228,-0.012209892,1,3.117510080,178.620170193,0.002442360,-2.659828186,1,-2.880084276,-165.016673668,-0.002442360,2.673503876,1,-0.187113762,-10.720828846,-0.007326126,0.422466278,1,0.629498482,36.067606214,0.012210846,-0.003663063,-0.057846643,-3.314368505,0.000000000,-0.000000000,6.000000000,2.500000000,3.143450975,180.106473998,0.000000000,-2.770881653,2.000000000,0.500000000,-2.880847216,-165.060386879,0.000000000,2.693999767,1.000000000,0.500000000,-0.189021111,-10.830111873,0.000000000,0.431064546,0.500000000,0.200000003,0.709263802,40.637822392,0.000000000,0.000112792,0.000000000,0.100000001
2026-07-04 23:22:25.663,1783178545.663812876,337.933986825,1,1,337.921820250,1,0.003859728,5,1,0.004561891,5,1,0,1,0,0,1,1,1,0,1,0,-1.000000000,0.000000000,0.000000000,0.000000000,0,-1.000000000,0,0,0,,0,-1.000000000,,0,0,0.000000000,0.000000000,0,-1.000000000,0,,0,-1.000000000,,0,-1.000000000,0,,1,-0.073106386,-4.188687360,0.344322205,-0.652014732,1,3.112932444,178.357890929,-0.168498039,-2.646154404,1,-2.880084276,-165.016673668,-0.002442360,2.687179565,1,-0.186350822,-10.677115635,-0.007326126,0.422466278,1,0.629881859,36.089572103,0.061050415,-0.003663063,-0.057846643,-3.314368505,0.000000000,-0.000000000,6.000000000,2.500000000,3.143450975,180.106473998,0.000000000,-2.770881653,2.000000000,0.500000000,-2.880847216,-165.060386879,0.000000000,2.693999767,1.000000000,0.500000000,-0.189021111,-10.830111873,0.000000000,0.431064546,0.500000000,0.200000003,0.709263802,40.637822392,0.000000000,0.000112792,0.000000000,0.100000001
2026-07-04 23:22:26.663,1783178546.663667202,338.933841133,1,1,338.921674558,1,0.003766414,5,1,0.004696782,5,1,0,1,0,0,1,1,1,0,1,0,-1.000000000,0.000000000,0.000000000,0.000000000,0,-1.000000000,0,0,0,,0,-1.000000000,,0,0,0.000000000,0.000000000,0,-1.000000000,0,,0,-1.000000000,,0,-1.000000000,0,,1,-0.072343446,-4.144974149,0.007326126,-0.017093658,1,3.132006884,179.450775837,-0.002442360,-2.345298767,1,-2.880084276,-165.016673668,-0.002442360,2.673503876,1,-0.187113762,-10.720828846,-0.021978378,0.422466278,1,0.629115105,36.045640326,-0.061050415,-0.003663063,-0.057846643,-3.314368505,0.000000000,-0.000000000,6.000000000,2.500000000,3.143450975,180.106473998,0.000000000,-2.770881653,2.000000000,0.500000000,-2.880847216,-165.060386879,0.000000000,2.693999767,1.000000000,0.500000000,-0.189021111,-10.830111873,0.000000000,0.431064546,0.500000000,0.200000003,0.709263802,40.637822392,0.000000000,0.000112792,0.000000000,0.100000001
2026-07-04 23:22:27.663,1783178547.663382292,339.933556240,1,1,339.921389665,1,0.003407574,5,1,0.004447578,5,1,0,1,0,0,1,1,1,0,1,0,-1.000000000,0.000000000,0.000000000,0.000000000,0,-1.000000000,0,0,0,,0,-1.000000000,,0,0,0.000000000,0.000000000,0,-1.000000000,0,,0,-1.000000000,,0,-1.000000000,0,,1,-0.046784021,-2.680526950,-0.007326126,-0.021978378,1,3.118273020,178.663883404,-0.002442360,-2.741880417,1,-2.880084276,-165.016673668,-0.002442360,2.673503876,1,-0.186350822,-10.677115635,0.007326126,0.422466278,1,0.629498482,36.067606214,-0.012210846,-0.003663063,-0.057846643,-3.314368505,0.000000000,-0.000000000,6.000000000,2.500000000,3.143450975,180.106473998,0.000000000,-2.770881653,2.000000000,0.500000000,-2.880847216,-165.060386879,0.000000000,2.693999767,1.000000000,0.500000000,-0.189021111,-10.830111873,0.000000000,0.431064546,0.500000000,0.200000003,0.709263802,40.637822392,0.000000000,0.000112792,0.000000000,0.100000001
2026-07-04 23:22:28.663,1783178548.663184643,340.933358434,1,1,340.921191859,1,0.003122056,5,1,0.004614558,5,1,0,1,0,0,1,1,1,0,1,0,-1.000000000,0.000000000,0.000000000,0.000000000,0,-1.000000000,0,0,0,,0,-1.000000000,,0,0,0.000000000,0.000000000,0,-1.000000000,0,,0,-1.000000000,,0,-1.000000000,0,,1,-0.062805749,-3.598504374,-0.007326126,-0.017093658,1,3.117128611,178.598313587,-0.002442360,-2.741880417,1,-2.880084276,-165.016673668,-0.002442360,2.673503876,1,-0.186732292,-10.698972240,-0.007326126,0.422466278,1,0.629498482,36.067606214,-0.012210846,-0.003663063,-0.057846643,-3.314368505,0.000000000,-0.000000000,6.000000000,2.500000000,3.143450975,180.106473998,0.000000000,-2.770881653,2.000000000,0.500000000,-2.880847216,-165.060386879,0.000000000,2.693999767,1.000000000,0.500000000,-0.189021111,-10.830111873,0.000000000,0.431064546,0.500000000,0.200000003,0.709263802,40.637822392,0.000000000,0.000112792,0.000000000,0.100000001
2026-07-04 23:22:29.663,1783178549.662966490,341.933140334,1,1,341.920973759,1,0.003651692,5,1,0.004667849,5,1,0,1,0,0,1,1,1,0,1,0,-1.000000000,0.000000000,0.000000000,0.000000000,0,-1.000000000,0,0,0,,0,-1.000000000,,0,0,0.000000000,0.000000000,0,-1.000000000,0,,0,-1.000000000,,0,-1.000000000,0,,1,-0.075776674,-4.341683597,-0.007326126,0.090353966,1,3.117510080,178.620170193,-0.002442360,-2.741880417,1,-2.880084276,-165.016673668,-0.002442360,2.687179565,1,-0.186350822,-10.677115635,-0.007326126,0.422466278,1,0.629498482,36.067606214,-0.012210846,-0.003663063,-0.057846643,-3.314368505,0.000000000,-0.000000000,6.000000000,2.500000000,3.143450975,180.106473998,0.000000000,-2.770881653,2.000000000,0.500000000,-2.880847216,-165.060386879,0.000000000,2.693999767,1.000000000,0.500000000,-0.189021111,-10.830111873,0.000000000,0.431064546,0.500000000,0.200000003,0.709263802,40.637822392,0.000000000,0.000112792,0.000000000,0.100000001
2026-07-04 23:22:30.662,1783178550.662812710,342.932986542,1,1,342.920819967,1,0.003249209,5,1,0.004685157,5,1,0,1,0,0,1,1,1,0,1,0,-1.000000000,0.000000000,0.000000000,0.000000000,0,-1.000000000,0,0,0,,0,-1.000000000,,0,0,0.000000000,0.000000000,0,-1.000000000,0,,0,-1.000000000,,0,-1.000000000,0,,1,-0.075013734,-4.297970387,0.021978378,0.085470200,1,3.110643625,178.226751297,-0.002442360,-2.728204727,1,-2.880084276,-165.016673668,-0.002442360,2.673503876,1,-0.186350822,-10.677115635,0.021978378,0.422466278,1,0.629115105,36.045640326,-0.036628723,-0.003663063,-0.057846643,-3.314368505,0.000000000,-0.000000000,6.000000000,2.500000000,3.143450975,180.106473998,0.000000000,-2.770881653,2.000000000,0.500000000,-2.880847216,-165.060386879,0.000000000,2.693999767,1.000000000,0.500000000,-0.189021111,-10.830111873,0.000000000,0.431064546,0.500000000,0.200000003,0.709263802,40.637822392,0.000000000,0.000112792,0.000000000,0.100000001
2026-07-04 23:22:31.662,1783178551.662570953,343.932744827,1,1,343.920578252,1,0.003822987,5,1,0.004661101,5,1,0,1,0,0,1,1,1,0,1,0,-1.000000000,0.000000000,0.000000000,0.000000000,0,-1.000000000,0,0,0,,0,-1.000000000,,0,0,0.000000000,0.000000000,0,-1.000000000,0,,0,-1.000000000,,0,-1.000000000,0,,1,-0.075776674,-4.341683597,0.021978378,0.017093658,1,3.118273020,178.663883404,0.002442360,-2.741880417,1,-2.880084276,-165.016673668,-0.002442360,2.673503876,1,-0.186732292,-10.698972240,-0.021978378,0.422466278,1,0.629498482,36.067606214,-0.012210846,-0.003663063,-0.057846643,-3.314368505,0.000000000,-0.000000000,6.000000000,2.500000000,3.143450975,180.106473998,0.000000000,-2.770881653,2.000000000,0.500000000,-2.880847216,-165.060386879,0.000000000,2.693999767,1.000000000,0.500000000,-0.189021111,-10.830111873,0.000000000,0.431064546,0.500000000,0.200000003,0.709263802,40.637822392,0.000000000,0.000112792,0.000000000,0.100000001
2026-07-04 23:22:32.662,1783178552.662306786,344.932480745,1,1,344.920314170,1,0.003597906,5,1,0.004709318,5,1,0,1,0,0,1,1,1,0,1,0,-1.000000000,0.000000000,0.000000000,0.000000000,0,-1.000000000,0,0,0,,0,-1.000000000,,0,0,0.000000000,0.000000000,0,-1.000000000,0,,0,-1.000000000,,0,-1.000000000,0,,1,-0.074632265,-4.276113781,-0.021978378,0.075701714,1,3.118273020,178.663883404,-0.007326126,-2.741880417,1,-2.880084276,-165.016673668,-0.002442360,2.673503876,1,-0.186732292,-10.698972240,0.007326126,0.422466278,1,0.629498482,36.067606214,-0.012210846,-0.003663063,-0.057846643,-3.314368505,0.000000000,-0.000000000,6.000000000,2.500000000,3.143450975,180.106473998,0.000000000,-2.770881653,2.000000000,0.500000000,-2.880847216,-165.060386879,0.000000000,2.693999767,1.000000000,0.500000000,-0.189021111,-10.830111873,0.000000000,0.431064546,0.500000000,0.200000003,0.709263802,40.637822392,0.000000000,0.000112792,0.000000000,0.100000001
2026-07-04 23:22:33.662,1783178553.662094355,345.932268049,1,1,345.920101474,1,0.003730055,5,1,0.004641999,5,1,0,1,0,0,1,1,1,0,1,0,-1.000000000,0.000000000,0.000000000,0.000000000,0,-1.000000000,0,0,0,,0,-1.000000000,,0,0,0.000000000,0.000000000,0,-1.000000000,0,,0,-1.000000000,,0,-1.000000000,0,,1,-0.074250795,-4.254257176,-0.007326126,0.075701714,1,3.118273020,178.663883404,-0.002442360,-2.741880417,1,-2.880084276,-165.016673668,-0.002442360,2.687179565,1,-0.186732292,-10.698972240,0.007326126,0.422466278,1,0.629498482,36.067606214,0.012210846,-0.003663063,-0.057846643,-3.314368505,0.000000000,-0.000000000,6.000000000,2.500000000,3.143450975,180.106473998,0.000000000,-2.770881653,2.000000000,0.500000000,-2.880847216,-165.060386879,0.000000000,2.693999767,1.000000000,0.500000000,-0.189021111,-10.830111873,0.000000000,0.431064546,0.500000000,0.200000003,0.709263802,40.637822392,0.000000000,0.000112792,0.000000000,0.100000001
2026-07-04 23:22:34.662,1783178554.661896944,346.932070687,1,1,346.919904112,1,0.003886304,5,1,0.004522551,5,1,0,1,0,0,1,1,1,0,1,0,-1.000000000,0.000000000,0.000000000,0.000000000,0,-1.000000000,0,0,0,,0,-1.000000000,,0,0,0.000000000,0.000000000,0,-1.000000000,0,,0,-1.000000000,,0,-1.000000000,0,,1,-0.074250795,-4.254257176,0.007326126,0.075701714,1,3.118273020,178.663883404,-0.002442360,-2.741880417,1,-2.880084276,-165.016673668,-0.002442360,2.673503876,1,-0.186732292,-10.698972240,-0.007326126,0.422466278,1,0.629498482,36.067606214,-0.012210846,-0.003663063,-0.057846643,-3.314368505,0.000000000,-0.000000000,6.000000000,2.500000000,3.143450975,180.106473998,0.000000000,-2.770881653,2.000000000,0.500000000,-2.880847216,-165.060386879,0.000000000,2.693999767,1.000000000,0.500000000,-0.189021111,-10.830111873,0.000000000,0.431064546,0.500000000,0.200000003,0.709263802,40.637822392,0.000000000,0.000112792,0.000000000,0.100000001
2026-07-04 23:22:35.661,1783178555.661675215,347.931849007,1,1,347.919682432,1,0.003768686,5,1,0.004612695,5,1,0,1,0,0,1,1,1,0,1,0,-1.000000000,0.000000000,0.000000000,0.000000000,0,-1.000000000,0,0,0,,0,-1.000000000,,0,0,0.000000000,0.000000000,0,-1.000000000,0,,0,-1.000000000,,0,-1.000000000,0,,1,-0.074632265,-4.276113781,-0.065933228,0.222222328,1,3.118273020,178.663883404,-0.002442360,-2.741880417,1,-2.880084276,-165.016673668,-0.002442360,2.687179565,1,-0.186732292,-10.698972240,-0.007326126,0.422466278,1,0.629498482,36.067606214,-0.012210846,-0.003663063,-0.057846643,-3.314368505,0.000000000,-0.000000000,6.000000000,2.500000000,3.143450975,180.106473998,0.000000000,-2.770881653,2.000000000,0.500000000,-2.880847216,-165.060386879,0.000000000,2.693999767,1.000000000,0.500000000,-0.189021111,-10.830111873,0.000000000,0.431064546,0.500000000,0.200000003,0.709263802,40.637822392,0.000000000,0.000112792,0.000000000,0.100000001
2026-07-04 23:22:36.661,1783178556.661503315,348.931677151,1,1,348.919510576,1,0.003328015,5,1,0.004685973,5,1,0,1,0,0,1,1,1,0,1,0,-1.000000000,0.000000000,0.000000000,0.000000000,0,-1.000000000,0,0,0,,0,-1.000000000,,0,0,0.000000000,0.000000000,0,-1.000000000,0,,0,-1.000000000,,0,-1.000000000,0,,1,-0.060898401,-3.489221347,-0.007326126,-0.002442360,1,3.122087717,178.882449457,-0.002442360,-2.755556107,1,-2.880084276,-165.016673668,-0.002442360,2.673503876,1,-0.186732292,-10.698972240,-0.007326126,0.422466278,1,0.629498482,36.067606214,-0.036628723,-0.003663063,-0.057846643,-3.314368505,0.000000000,-0.000000000,6.000000000,2.500000000,3.143450975,180.106473998,0.000000000,-2.770881653,2.000000000,0.500000000,-2.880847216,-165.060386879,0.000000000,2.693999767,1.000000000,0.500000000,-0.189021111,-10.830111873,0.000000000,0.431064546,0.500000000,0.200000003,0.709263802,40.637822392,0.000000000,0.000112792,0.000000000,0.100000001
2026-07-04 23:22:37.661,1783178557.661259890,349.931433695,1,1,349.919267120,1,0.003794741,5,1,0.004634413,5,1,0,1,0,0,1,1,1,0,1,0,-1.000000000,0.000000000,0.000000000,0.000000000,0,-1.000000000,0,0,0,,0,-1.000000000,,0,0,0.000000000,0.000000000,0,-1.000000000,0,,0,-1.000000000,,0,-1.000000000,0,,1,-0.060898401,-3.489221347,-0.021978378,-0.007326126,1,3.122087717,178.882449457,-0.002442360,-2.741880417,1,-2.880084276,-165.016673668,-0.007326126,2.673503876,1,-0.186732292,-10.698972240,-0.007326126,0.422466278,1,0.629498482,36.067606214,-0.012210846,-0.003663063,-0.057846643,-3.314368505,0.000000000,-0.000000000,6.000000000,2.500000000,3.143450975,180.106473998,0.000000000,-2.770881653,2.000000000,0.500000000,-2.880847216,-165.060386879,0.000000000,2.693999767,1.000000000,0.500000000,-0.189021111,-10.830111873,0.000000000,0.431064546,0.500000000,0.200000003,0.709263802,40.637822392,0.000000000,0.000112792,0.000000000,0.100000001
2026-07-04 23:22:38.661,1783178558.661039591,350.931213369,1,1,350.919046794,1,0.003577722,5,1,0.004703943,5,1,0,1,0,0,1,1,1,0,1,0,-1.000000000,0.000000000,0.000000000,0.000000000,0,-1.000000000,0,0,0,,0,-1.000000000,,0,0,0.000000000,0.000000000,0,-1.000000000,0,,0,-1.000000000,,0,-1.000000000,0,,1,-0.060898401,-3.489221347,-0.007326126,-0.002442360,1,3.122087717,178.882449457,-0.002442360,-2.741880417,1,-2.880084276,-165.016673668,-0.002442360,2.673503876,1,-0.186732292,-10.698972240,0.007326126,0.422466278,1,0.629498482,36.067606214,0.012210846,-0.003663063,-0.057846643,-3.314368505,0.000000000,-0.000000000,6.000000000,2.500000000,3.143450975,180.106473998,0.000000000,-2.770881653,2.000000000,0.500000000,-2.880847216,-165.060386879,0.000000000,2.693999767,1.000000000,0.500000000,-0.189021111,-10.830111873,0.000000000,0.431064546,0.500000000,0.200000003,0.709263802,40.637822392,0.000000000,0.000112792,0.000000000,0.100000001
2026-07-04 23:22:39.660,1783178559.660835981,351.931009955,1,1,351.918843380,1,0.003833923,5,1,0.004643465,5,1,0,1,0,0,1,1,1,0,1,0,-1.000000000,0.000000000,0.000000000,0.000000000,0,-1.000000000,0,0,0,,0,-1.000000000,,0,0,0.000000000,0.000000000,0,-1.000000000,0,,0,-1.000000000,,0,-1.000000000,0,,1,-0.060898401,-3.489221347,-0.007326126,-0.002442360,1,3.122087717,178.882449457,-0.002442360,-2.755556107,1,-2.880084276,-165.016673668,-0.002442360,2.687179565,1,-0.186732292,-10.698972240,-0.007326126,0.422466278,1,0.629498482,36.067606214,-0.012210846,-0.003663063,-0.057846643,-3.314368505,0.000000000,-0.000000000,6.000000000,2.500000000,3.143450975,180.106473998,0.000000000,-2.770881653,2.000000000,0.500000000,-2.880847216,-165.060386879,0.000000000,2.693999767,1.000000000,0.500000000,-0.189021111,-10.830111873,0.000000000,0.431064546,0.500000000,0.200000003,0.709263802,40.637822392,0.000000000,0.000112792,0.000000000,0.100000001
2026-07-04 23:22:40.660,1783178560.660575390,352.930749258,1,1,352.918582683,1,0.003855791,5,1,0.004755469,5,1,0,1,0,0,1,1,1,0,1,0,-1.000000000,0.000000000,0.000000000,0.000000000,0,-1.000000000,0,0,0,,0,-1.000000000,,0,0,0.000000000,0.000000000,0,-1.000000000,0,,0,-1.000000000,,0,-1.000000000,0,,1,-0.060898401,-3.489221347,0.007326126,-0.002442360,1,3.122087717,178.882449457,-0.007326126,-2.741880417,1,-2.880084276,-165.016673668,-0.007326126,2.673503876,1,-0.186732292,-10.698972240,0.007326126,0.422466278,1,0.629498482,36.067606214,0.012210846,-0.003663063,-0.057846643,-3.314368505,0.000000000,-0.000000000,6.000000000,2.500000000,3.143450975,180.106473998,0.000000000,-2.770881653,2.000000000,0.500000000,-2.880847216,-165.060386879,0.000000000,2.693999767,1.000000000,0.500000000,-0.189021111,-10.830111873,0.000000000,0.431064546,0.500000000,0.200000003,0.709263802,40.637822392,0.000000000,0.000112792,0.000000000,0.100000001
2026-07-04 23:22:41.660,1783178561.660522461,353.930696234,1,1,353.918529659,1,0.003863250,5,1,0.004657207,5,1,0,1,0,0,1,1,1,0,1,0,-1.000000000,0.000000000,0.000000000,0.000000000,0,-1.000000000,0,0,0,,0,-1.000000000,,0,0,0.000000000,0.000000000,0,-1.000000000,0,,0,-1.000000000,,0,-1.000000000,0,,1,-0.060898401,-3.489221347,-0.021978378,-0.002442360,1,3.122087717,178.882449457,-0.002442360,-2.755556107,1,-2.880084276,-165.016673668,-0.002442360,2.673503876,1,-0.186732292,-10.698972240,-0.007326126,0.422466278,1,0.629498482,36.067606214,-0.012210846,-0.003663063,-0.057846643,-3.314368505,0.000000000,-0.000000000,6.000000000,2.500000000,3.143450975,180.106473998,0.000000000,-2.770881653,2.000000000,0.500000000,-2.880847216,-165.060386879,0.000000000,2.693999767,1.000000000,0.500000000,-0.189021111,-10.830111873,0.000000000,0.431064546,0.500000000,0.200000003,0.709263802,40.637822392,0.000000000,0.000112792,0.000000000,0.100000001
2026-07-04 23:22:42.660,1783178562.660164833,354.930338612,1,1,354.918172037,1,0.003748761,5,1,0.004645076,5,1,0,1,0,0,1,1,1,0,1,0,-1.000000000,0.000000000,0.000000000,0.000000000,0,-1.000000000,0,0,0,,0,-1.000000000,,0,0,0.000000000,0.000000000,0,-1.000000000,0,,0,-1.000000000,,0,-1.000000000,0,,1,-0.060898401,-3.489221347,-0.007326126,-0.002442360,1,3.122087717,178.882449457,-0.002442360,-2.755556107,1,-2.880084276,-165.016673668,0.002442360,2.673503876,1,-0.186732292,-10.698972240,0.007326126,0.422466278,1,0.629498482,36.067606214,-0.012210846,-0.003663063,-0.057846643,-3.314368505,0.000000000,-0.000000000,6.000000000,2.500000000,3.143450975,180.106473998,0.000000000,-2.770881653,2.000000000,0.500000000,-2.880847216,-165.060386879,0.000000000,2.693999767,1.000000000,0.500000000,-0.189021111,-10.830111873,0.000000000,0.431064546,0.500000000,0.200000003,0.709263802,40.637822392,0.000000000,0.000112792,0.000000000,0.100000001
2026-07-04 23:22:43.660,1783178563.659986258,355.930159965,1,1,355.917993390,1,0.003823490,5,1,0.004686209,5,1,0,1,0,0,1,1,1,0,1,0,-1.000000000,0.000000000,0.000000000,0.000000000,0,-1.000000000,0,0,0,,0,-1.000000000,,0,0,0.000000000,0.000000000,0,-1.000000000,0,,0,-1.000000000,,0,-1.000000000,0,,1,-0.060898401,-3.489221347,-0.007326126,-0.007326126,1,3.122087717,178.882449457,-0.002442360,-2.755556107,1,-2.880084276,-165.016673668,-0.002442360,2.687179565,1,-0.186732292,-10.698972240,-0.007326126,0.422466278,1,0.629115105,36.045640326,-0.061050415,-0.003663063,-0.057846643,-3.314368505,0.000000000,-0.000000000,6.000000000,2.500000000,3.143450975,180.106473998,0.000000000,-2.770881653,2.000000000,0.500000000,-2.880847216,-165.060386879,0.000000000,2.693999767,1.000000000,0.500000000,-0.189021111,-10.830111873,0.000000000,0.431064546,0.500000000,0.200000003,0.709263802,40.637822392,0.000000000,0.000112792,0.000000000,0.100000001
2026-07-04 23:22:44.659,1783178564.659740210,356.929914077,1,1,356.917747502,1,0.003599004,5,1,0.004701208,5,1,0,1,0,0,1,1,1,0,1,0,-1.000000000,0.000000000,0.000000000,0.000000000,0,-1.000000000,0,0,0,,0,-1.000000000,,0,0,0.000000000,0.000000000,0,-1.000000000,0,,0,-1.000000000,,0,-1.000000000,0,,1,-0.060898401,-3.489221347,-0.007326126,-0.007326126,1,3.122087717,178.882449457,-0.002442360,-2.741880417,1,-2.880084276,-165.016673668,-0.002442360,2.673503876,1,-0.186732292,-10.698972240,-0.007326126,0.422466278,1,0.629115105,36.045640326,-0.036628723,-0.003663063,-0.057846643,-3.314368505,0.000000000,-0.000000000,6.000000000,2.500000000,3.143450975,180.106473998,0.000000000,-2.770881653,2.000000000,0.500000000,-2.880847216,-165.060386879,0.000000000,2.693999767,1.000000000,0.500000000,-0.189021111,-10.830111873,0.000000000,0.431064546,0.500000000,0.200000003,0.709263802,40.637822392,0.000000000,0.000112792,0.000000000,0.100000001
2026-07-04 23:22:45.659,1783178565.659540653,357.929714492,1,1,357.917547917,1,0.003761571,5,1,0.004538261,5,1,0,1,0,0,1,1,1,0,1,0,-1.000000000,0.000000000,0.000000000,0.000000000,0,-1.000000000,0,0,0,,0,-1.000000000,,0,0,0.000000000,0.000000000,0,-1.000000000,0,,0,-1.000000000,,0,-1.000000000,0,,1,-0.060898401,-3.489221347,-0.007326126,-0.007326126,1,3.122087717,178.882449457,-0.002442360,-2.741880417,1,-2.880084276,-165.016673668,-0.002442360,2.687179565,1,-0.186732292,-10.698972240,0.007326126,0.422466278,1,0.629498482,36.067606214,-0.012210846,-0.003663063,-0.057846643,-3.314368505,0.000000000,-0.000000000,6.000000000,2.500000000,3.143450975,180.106473998,0.000000000,-2.770881653,2.000000000,0.500000000,-2.880847216,-165.060386879,0.000000000,2.693999767,1.000000000,0.500000000,-0.189021111,-10.830111873,0.000000000,0.431064546,0.500000000,0.200000003,0.709263802,40.637822392,0.000000000,0.000112792,0.000000000,0.100000001
2026-07-04 23:22:46.659,1783178566.659311295,358.929485104,1,1,358.917318529,1,0.003688905,5,1,0.004710759,5,1,0,1,0,0,1,1,1,0,1,0,-1.000000000,0.000000000,0.000000000,0.000000000,0,-1.000000000,0,0,0,,0,-1.000000000,,0,0,0.000000000,0.000000000,0,-1.000000000,0,,0,-1.000000000,,0,-1.000000000,0,,1,-0.067001916,-3.838927033,-0.007326126,0.046398163,1,3.129336596,179.297779600,-0.002442360,-2.769229889,1,-2.880084276,-165.016673668,0.002442360,2.673503876,1,-0.186732292,-10.698972240,0.007326126,0.417582512,1,0.629115105,36.045640326,-0.061050415,-0.003663063,-0.057846643,-3.314368505,0.000000000,-0.000000000,6.000000000,2.500000000,3.143450975,180.106473998,0.000000000,-2.770881653,2.000000000,0.500000000,-2.880847216,-165.060386879,0.000000000,2.693999767,1.000000000,0.500000000,-0.189021111,-10.830111873,0.000000000,0.431064546,0.500000000,0.200000003,0.709263802,40.637822392,0.000000000,0.000112792,0.000000000,0.100000001
2026-07-04 23:22:47.659,1783178567.659114838,359.929288636,1,1,359.917122061,1,0.003804345,5,1,0.004692301,5,1,0,1,0,0,1,1,1,0,1,0,-1.000000000,0.000000000,0.000000000,0.000000000,0,-1.000000000,0,0,0,,0,-1.000000000,,0,0,0.000000000,0.000000000,0,-1.000000000,0,,0,-1.000000000,,0,-1.000000000,0,,1,-0.068527795,-3.926353454,-0.007326126,0.051281929,1,3.123995066,178.991732484,-0.002442360,-2.755556107,1,-2.880084276,-165.016673668,0.002442360,2.673503876,1,-0.185969353,-10.655259030,-0.007326126,0.422466278,1,0.629115105,36.045640326,-0.036628723,-0.003663063,-0.057846643,-3.314368505,0.000000000,-0.000000000,6.000000000,2.500000000,3.143450975,180.106473998,0.000000000,-2.770881653,2.000000000,0.500000000,-2.880847216,-165.060386879,0.000000000,2.693999767,1.000000000,0.500000000,-0.189021111,-10.830111873,0.000000000,0.431064546,0.500000000,0.200000003,0.709263802,40.637822392,0.000000000,0.000112792,0.000000000,0.100000001
2026-07-04 23:22:48.659,1783178568.658903360,360.929077217,1,1,360.916910642,1,0.003607024,5,1,0.004721175,5,1,0,1,0,0,1,1,1,0,1,0,-1.000000000,0.000000000,0.000000000,0.000000000,0,-1.000000000,0,0,0,,0,-1.000000000,,0,0,0.000000000,0.000000000,0,-1.000000000,0,,0,-1.000000000,,0,-1.000000000,0,,1,-0.029236412,-1.675122997,-0.036630630,-0.080586433,1,3.120180368,178.773166430,-0.002442360,-2.741880417,1,-2.880084276,-165.016673668,-0.002442360,2.673503876,1,-0.185206413,-10.611545819,0.080585480,0.417582512,1,0.629115105,36.045640326,-0.109889984,-0.001221180,-0.057846643,-3.314368505,0.000000000,-0.000000000,6.000000000,2.500000000,3.143450975,180.106473998,0.000000000,-2.770881653,2.000000000,0.500000000,-2.880847216,-165.060386879,0.000000000,2.693999767,1.000000000,0.500000000,-0.189021111,-10.830111873,0.000000000,0.431064546,0.500000000,0.200000003,0.709263802,40.637822392,0.000000000,0.000112792,0.000000000,0.100000001
2026-07-04 23:22:49.658,1783178569.658681631,361.928855564,1,1,361.916688989,1,0.003808694,5,1,0.004757014,5,1,0,1,0,0,1,1,1,0,1,0,-1.000000000,0.000000000,0.000000000,0.000000000,0,-1.000000000,0,0,0,,0,-1.000000000,,0,0,0.000000000,0.000000000,0,-1.000000000,0,,0,-1.000000000,,0,-1.000000000,0,,1,-0.064713098,-3.707787401,0.021978378,0.026862144,1,3.118273020,178.663883404,-0.002442360,-2.755556107,1,-2.880084276,-165.016673668,0.002442360,2.673503876,1,-0.186350822,-10.677115635,-0.007326126,0.427350044,1,0.629115105,36.045640326,-0.061050415,-0.003663063,-0.057846643,-3.314368505,0.000000000,-0.000000000,6.000000000,2.500000000,3.143450975,180.106473998,0.000000000,-2.770881653,2.000000000,0.500000000,-2.880847216,-165.060386879,0.000000000,2.693999767,1.000000000,0.500000000,-0.189021111,-10.830111873,0.000000000,0.431064546,0.500000000,0.200000003,0.709263802,40.637822392,0.000000000,0.000112792,0.000000000,0.100000001
2026-07-04 23:22:50.658,1783178570.658472776,362.928646490,1,1,362.916479915,1,0.003640756,5,1,0.004617480,5,1,0,1,0,0,1,1,1,0,1,0,-1.000000000,0.000000000,0.000000000,0.000000000,0,-1.000000000,0,0,0,,0,-1.000000000,,0,0,0.000000000,0.000000000,0,-1.000000000,0,,0,-1.000000000,,0,-1.000000000,0,,1,-0.065094568,-3.729644006,0.139194489,-0.305250168,1,3.118273020,178.663883404,-0.002442360,-2.755556107,1,-2.880084276,-165.016673668,-0.002442360,2.673503876,1,-0.186350822,-10.677115635,-0.021978378,0.422466278,1,0.629881859,36.089572103,0.061050415,-0.006104946,-0.057846643,-3.314368505,0.000000000,-0.000000000,6.000000000,2.500000000,3.143450975,180.106473998,0.000000000,-2.770881653,2.000000000,0.500000000,-2.880847216,-165.060386879,0.000000000,2.693999767,1.000000000,0.500000000,-0.189021111,-10.830111873,0.000000000,0.431064546,0.500000000,0.200000003,0.709263802,40.637822392,0.000000000,0.000112792,0.000000000,0.100000001
2026-07-04 23:22:51.658,1783178571.658221006,363.928395019,1,1,363.916228444,1,0.003705148,5,1,0.004632851,5,1,0,1,0,0,1,1,1,0,1,0,-1.000000000,0.000000000,0.000000000,0.000000000,0,-1.000000000,0,0,0,,0,-1.000000000,,0,0,0.000000000,0.000000000,0,-1.000000000,0,,0,-1.000000000,,0,-1.000000000,0,,1,-0.064713098,-3.707787401,-0.036630630,0.105006218,1,3.117891550,178.642026798,-0.002442360,-2.741880417,1,-2.880084276,-165.016673668,-0.002442360,2.673503876,1,-0.185587883,-10.633402424,-0.007326126,0.422466278,1,0.629498482,36.067606214,0.036628723,-0.003663063,-0.057846643,-3.314368505,0.000000000,-0.000000000,6.000000000,2.500000000,3.143450975,180.106473998,0.000000000,-2.770881653,2.000000000,0.500000000,-2.880847216,-165.060386879,0.000000000,2.693999767,1.000000000,0.500000000,-0.189021111,-10.830111873,0.000000000,0.431064546,0.500000000,0.200000003,0.709263802,40.637822392,0.000000000,0.000112792,0.000000000,0.100000001
2026-07-04 23:22:52.658,1783178572.658004045,364.928177904,1,1,364.916011329,1,0.003755660,5,1,0.004705973,5,1,0,1,0,0,1,1,1,0,1,0,-1.000000000,0.000000000,0.000000000,0.000000000,0,-1.000000000,0,0,0,,0,-1.000000000,,0,0,0.000000000,0.000000000,0,-1.000000000,0,,0,-1.000000000,,0,-1.000000000,0,,1,-0.035721399,-2.046685395,-0.021978378,-0.148962021,1,3.117891550,178.642026798,-0.002442360,-2.728204727,1,-2.880084276,-165.016673668,-0.002442360,2.673503876,1,-0.185969353,-10.655259030,-0.051282883,0.422466278,1,0.629498482,36.067606214,-0.012210846,-0.003663063,-0.057846643,-3.314368505,0.000000000,-0.000000000,6.000000000,2.500000000,3.143450975,180.106473998,0.000000000,-2.770881653,2.000000000,0.500000000,-2.880847216,-165.060386879,0.000000000,2.693999767,1.000000000,0.500000000,-0.189021111,-10.830111873,0.000000000,0.431064546,0.500000000,0.200000003,0.709263802,40.637822392,0.000000000,0.000112792,0.000000000,0.100000001
2026-07-04 23:22:53.657,1783178573.657786608,365.927960447,1,1,365.915793872,1,0.003684365,5,1,0.004674255,5,1,0,1,0,0,1,1,1,0,1,0,-1.000000000,0.000000000,0.000000000,0.000000000,0,-1.000000000,0,0,0,,0,-1.000000000,,0,0,0.000000000,0.000000000,0,-1.000000000,0,,0,-1.000000000,,0,-1.000000000,0,,1,-0.030762291,-1.762549419,-0.388278961,0.124542236,1,3.120561838,178.795023036,-0.036629677,-2.769229889,1,-2.880084276,-165.016673668,-0.002442360,2.673503876,1,-0.185206413,-10.611545819,-0.007326126,0.422466278,1,0.629498482,36.067606214,-0.012210846,-0.003663063,-0.057846643,-3.314368505,0.000000000,-0.000000000,6.000000000,2.500000000,3.143450975,180.106473998,0.000000000,-2.770881653,2.000000000,0.500000000,-2.880847216,-165.060386879,0.000000000,2.693999767,1.000000000,0.500000000,-0.189021111,-10.830111873,0.000000000,0.431064546,0.500000000,0.200000003,0.709263802,40.637822392,0.000000000,0.000112792,0.000000000,0.100000001
2026-07-04 23:22:54.658,1783178574.657947540,366.928121596,1,1,366.915955021,1,0.003933801,5,1,0.004946983,5,1,0,1,0,0,1,1,1,0,1,0,-1.000000000,0.000000000,0.000000000,0.000000000,0,-1.000000000,0,0,0,,0,-1.000000000,,0,0,0.000000000,0.000000000,0,-1.000000000,0,,0,-1.000000000,,0,-1.000000000,0,,1,-0.076921083,-4.407253413,-0.124542236,0.197802544,1,3.122087717,178.882449457,0.002442360,-2.755556107,1,-2.880084276,-165.016673668,-0.002442360,2.673503876,1,-0.186350822,-10.677115635,-0.051282883,0.432234764,1,0.629115105,36.045640326,0.012210846,-0.003663063,-0.057846643,-3.314368505,0.000000000,-0.000000000,6.000000000,2.500000000,3.143450975,180.106473998,0.000000000,-2.770881653,2.000000000,0.500000000,-2.880847216,-165.060386879,0.000000000,2.693999767,1.000000000,0.500000000,-0.189021111,-10.830111873,0.000000000,0.431064546,0.500000000,0.200000003,0.709263802,40.637822392,0.000000000,0.000112792,0.000000000,0.100000001
2026-07-04 23:22:55.657,1783178575.657408714,367.927582713,1,1,367.915416138,1,0.003875314,5,1,0.004654574,5,1,0,1,0,0,1,1,1,0,1,0,-1.000000000,0.000000000,0.000000000,0.000000000,0,-1.000000000,0,0,0,,0,-1.000000000,,0,0,0.000000000,0.000000000,0,-1.000000000,0,,0,-1.000000000,,0,-1.000000000,0,,1,-0.074250795,-4.254257176,-0.315017700,0.959707260,1,3.108736277,178.117468270,0.109889984,-3.343589783,1,-2.880084276,-165.016673668,-0.002442360,2.673503876,1,-0.186350822,-10.677115635,0.036630630,0.412698746,1,0.629881859,36.089572103,0.061050415,-0.003663063,-0.057846643,-3.314368505,0.000000000,-0.000000000,6.000000000,2.500000000,3.143450975,180.106473998,0.000000000,-2.770881653,2.000000000,0.500000000,-2.880847216,-165.060386879,0.000000000,2.693999767,1.000000000,0.500000000,-0.189021111,-10.830111873,0.000000000,0.431064546,0.500000000,0.200000003,0.709263802,40.637822392,0.000000000,0.000112792,0.000000000,0.100000001
2026-07-04 23:22:56.657,1783178576.657150745,368.927324595,1,1,368.915158020,1,0.003584946,5,1,0.004674848,5,1,0,1,0,0,1,1,1,0,1,0,-1.000000000,0.000000000,0.000000000,0.000000000,0,-1.000000000,0,0,0,,0,-1.000000000,,0,0,0.000000000,0.000000000,0,-1.000000000,0,,0,-1.000000000,,0,-1.000000000,0,,1,-0.075776674,-4.341683597,0.007326126,0.021978378,1,3.122850657,178.926162668,-0.002442360,-2.755556107,1,-2.880084276,-165.016673668,-0.002442360,2.673503876,1,-0.185206413,-10.611545819,-0.021978378,0.427350044,1,0.629498482,36.067606214,0.012210846,-0.003663063,-0.057846643,-3.314368505,0.000000000,-0.000000000,6.000000000,2.500000000,3.143450975,180.106473998,0.000000000,-2.770881653,2.000000000,0.500000000,-2.880847216,-165.060386879,0.000000000,2.693999767,1.000000000,0.500000000,-0.189021111,-10.830111873,0.000000000,0.431064546,0.500000000,0.200000003,0.709263802,40.637822392,0.000000000,0.000112792,0.000000000,0.100000001
2026-07-04 23:22:57.657,1783178577.656971455,369.927145315,1,1,369.914978740,1,0.003818844,5,1,0.004559074,5,1,0,1,0,0,1,1,1,0,1,0,-1.000000000,0.000000000,0.000000000,0.000000000,0,-1.000000000,0,0,0,,0,-1.000000000,,0,0,0.000000000,0.000000000,0,-1.000000000,0,,0,-1.000000000,,0,-1.000000000,0,,1,-0.055557825,-3.183228873,-0.227106094,0.578754425,1,3.116747141,178.576456982,0.070817947,-2.823930740,1,-2.880084276,-165.016673668,-0.002442360,2.687179565,1,-0.184824944,-10.589689214,0.036630630,0.412698746,1,0.629115105,36.045640326,-0.061050415,-0.001221180,-0.057846643,-3.314368505,0.000000000,-0.000000000,6.000000000,2.500000000,3.143450975,180.106473998,0.000000000,-2.770881653,2.000000000,0.500000000,-2.880847216,-165.060386879,0.000000000,2.693999767,1.000000000,0.500000000,-0.189021111,-10.830111873,0.000000000,0.431064546,0.500000000,0.200000003,0.709263802,40.637822392,0.000000000,0.000112792,0.000000000,0.100000001
2026-07-04 23:22:58.657,1783178578.656903028,370.927076775,1,1,370.914910200,1,0.003635919,5,1,0.004800359,5,1,0,1,0,0,1,1,1,0,1,0,-1.000000000,0.000000000,0.000000000,0.000000000,0,-1.000000000,0,0,0,,0,-1.000000000,,0,0,0.000000000,0.000000000,0,-1.000000000,0,,0,-1.000000000,,0,-1.000000000,0,,1,-0.061279871,-3.511077953,0.109889984,-0.520146370,1,3.122850657,178.926162668,0.002442360,-2.755556107,1,-2.880084276,-165.016673668,-0.007326126,2.687179565,1,-0.184443474,-10.567832608,0.021978378,0.427350044,1,0.629498482,36.067606214,-0.012210846,-0.003663063,-0.057846643,-3.314368505,0.000000000,-0.000000000,6.000000000,2.500000000,3.143450975,180.106473998,0.000000000,-2.770881653,2.000000000,0.500000000,-2.880847216,-165.060386879,0.000000000,2.693999767,1.000000000,0.500000000,-0.189021111,-10.830111873,0.000000000,0.431064546,0.500000000,0.200000003,0.709263802,40.637822392,0.000000000,0.000112792,0.000000000,0.100000001
2026-07-04 23:22:59.656,1783178579.656551123,371.926725041,1,1,371.914558466,1,0.003841284,5,1,0.004474609,5,1,0,1,0,0,1,1,1,0,1,0,-1.000000000,0.000000000,0.000000000,0.000000000,0,-1.000000000,0,0,0,,0,-1.000000000,,0,0,0.000000000,0.000000000,0,-1.000000000,0,,0,-1.000000000,,0,-1.000000000,0,,1,-0.071199037,-4.079404333,0.007326126,0.031745911,1,3.122087717,178.882449457,-0.007326126,-2.741880417,1,-2.880084276,-165.016673668,-0.002442360,2.673503876,1,-0.184824944,-10.589689214,0.036630630,0.407814026,1,0.629498482,36.067606214,-0.012210846,-0.003663063,-0.057846643,-3.314368505,0.000000000,-0.000000000,6.000000000,2.500000000,3.143450975,180.106473998,0.000000000,-2.770881653,2.000000000,0.500000000,-2.880847216,-165.060386879,0.000000000,2.693999767,1.000000000,0.500000000,-0.189021111,-10.830111873,0.000000000,0.431064546,0.500000000,0.200000003,0.709263802,40.637822392,0.000000000,0.000112792,0.000000000,0.100000001
2026-07-04 23:23:00.656,1783178580.656328440,372.926502326,1,1,372.914335751,1,0.003293096,5,1,0.004088505,5,1,0,1,0,0,1,1,1,0,1,0,-1.000000000,0.000000000,0.000000000,0.000000000,0,-1.000000000,0,0,0,,0,-1.000000000,,0,0,0.000000000,0.000000000,0,-1.000000000,0,,0,-1.000000000,,0,-1.000000000,0,,1,-0.080735780,-4.625819467,0.153846741,-0.334554672,1,3.108736277,178.117468270,-0.036629677,-2.947008133,1,-2.880084276,-165.016673668,0.002442360,2.673503876,1,-0.184824944,-10.589689214,-0.036630630,0.427350044,1,0.629498482,36.067606214,0.012210846,-0.003663063,-0.057846643,-3.314368505,0.000000000,-0.000000000,6.000000000,2.500000000,3.143450975,180.106473998,0.000000000,-2.770881653,2.000000000,0.500000000,-2.880847216,-165.060386879,0.000000000,2.693999767,1.000000000,0.500000000,-0.189021111,-10.830111873,0.000000000,0.431064546,0.500000000,0.200000003,0.709263802,40.637822392,0.000000000,0.000112792,0.000000000,0.100000001
2026-07-04 23:23:01.656,1783178581.656110048,373.926283884,1,1,373.914117309,1,0.003830926,5,1,0.004724570,5,1,0,1,0,0,1,1,1,0,1,0,-1.000000000,0.000000000,0.000000000,0.000000000,0,-1.000000000,0,0,0,,0,-1.000000000,,0,0,0.000000000,0.000000000,0,-1.000000000,0,,0,-1.000000000,,0,-1.000000000,0,,1,-0.033432581,-1.915545763,0.739927292,-2.029304028,1,3.113695383,178.401604139,0.354090691,-3.042734146,1,-2.880084276,-165.016673668,-0.002442360,2.687179565,1,-0.185206413,-10.611545819,0.007326126,0.427350044,1,0.629115105,36.045640326,-0.036628723,-0.003663063,-0.057846643,-3.314368505,0.000000000,-0.000000000,6.000000000,2.500000000,3.143450975,180.106473998,0.000000000,-2.770881653,2.000000000,0.500000000,-2.880847216,-165.060386879,0.000000000,2.693999767,1.000000000,0.500000000,-0.189021111,-10.830111873,0.000000000,0.431064546,0.500000000,0.200000003,0.709263802,40.637822392,0.000000000,0.000112792,0.000000000,0.100000001
2026-07-04 23:23:02.655,1783178582.655877590,374.926051545,1,1,374.913884970,1,0.003722171,5,1,0.004758458,5,1,0,1,0,0,1,1,1,0,1,0,-1.000000000,0.000000000,0.000000000,0.000000000,0,-1.000000000,0,0,0,,0,-1.000000000,,0,0,0.000000000,0.000000000,0,-1.000000000,0,,0,-1.000000000,,0,-1.000000000,0,,1,-0.080354311,-4.603962861,0.007326126,0.129426003,1,3.116365671,178.554600377,-0.002442360,-2.741880417,1,-2.880084276,-165.016673668,0.002442360,2.673503876,1,-0.184824944,-10.589689214,-0.007326126,0.412698746,1,0.629498482,36.067606214,0.012210846,-0.003663063,-0.057846643,-3.314368505,0.000000000,-0.000000000,6.000000000,2.500000000,3.143450975,180.106473998,0.000000000,-2.770881653,2.000000000,0.500000000,-2.880847216,-165.060386879,0.000000000,2.693999767,1.000000000,0.500000000,-0.189021111,-10.830111873,0.000000000,0.431064546,0.500000000,0.200000003,0.709263802,40.637822392,0.000000000,0.000112792,0.000000000,0.100000001
2026-07-04 23:23:03.655,1783178583.655727625,375.925901485,1,1,375.913734910,1,0.003725411,5,1,0.004504549,5,1,0,1,0,0,1,1,1,0,1,0,-1.000000000,0.000000000,0.000000000,0.000000000,0,-1.000000000,0,0,0,,0,-1.000000000,,0,0,0.000000000,0.000000000,0,-1.000000000,0,,0,-1.000000000,,0,-1.000000000,0,,1,-0.053269006,-3.052089241,-0.329669952,0.568986893,1,3.123613596,178.969875878,0.007326126,-2.755556107,1,-2.880084276,-165.016673668,-0.007326126,2.687179565,1,-0.184443474,-10.567832608,0.051282883,0.412698746,1,0.629115105,36.045640326,-0.036628723,-0.003663063,-0.057846643,-3.314368505,0.000000000,-0.000000000,6.000000000,2.500000000,3.143450975,180.106473998,0.000000000,-2.770881653,2.000000000,0.500000000,-2.880847216,-165.060386879,0.000000000,2.693999767,1.000000000,0.500000000,-0.189021111,-10.830111873,0.000000000,0.431064546,0.500000000,0.200000003,0.709263802,40.637822392,0.000000000,0.000112792,0.000000000,0.100000001
2026-07-04 23:23:04.655,1783178584.655475140,376.925649112,1,1,376.913482537,1,0.003576702,5,1,0.004254567,5,1,0,1,0,0,1,1,1,0,1,0,-1.000000000,0.000000000,0.000000000,0.000000000,0,-1.000000000,0,0,0,,0,-1.000000000,,0,0,0.000000000,0.000000000,0,-1.000000000,0,,0,-1.000000000,,0,-1.000000000,0,,1,-0.066620447,-3.817070428,0.329669952,-0.827838898,1,3.118273020,178.663883404,-0.002442360,-2.769229889,1,-2.880084276,-165.016673668,-0.002442360,2.673503876,1,-0.184824944,-10.589689214,-0.007326126,0.422466278,1,0.629115105,36.045640326,0.012210846,-0.003663063,-0.057846643,-3.314368505,0.000000000,-0.000000000,6.000000000,2.500000000,3.143450975,180.106473998,0.000000000,-2.770881653,2.000000000,0.500000000,-2.880847216,-165.060386879,0.000000000,2.693999767,1.000000000,0.500000000,-0.189021111,-10.830111873,0.000000000,0.431064546,0.500000000,0.200000003,0.709263802,40.637822392,0.000000000,0.000112792,0.000000000,0.100000001
2026-07-04 23:23:05.655,1783178585.655231476,377.925405419,1,1,377.913238844,1,0.003740510,5,1,0.004710705,5,1,0,1,0,0,1,1,1,0,1,0,-1.000000000,0.000000000,0.000000000,0.000000000,0,-1.000000000,0,0,0,,0,-1.000000000,,0,0,0.000000000,0.000000000,0,-1.000000000,0,,0,-1.000000000,,0,-1.000000000,0,,1,-0.050980188,-2.920949608,-0.109889984,-0.129426003,1,3.115602732,178.510887166,-0.417582512,-1.907691956,1,-2.880084276,-165.016673668,-0.002442360,2.673503876,1,-0.184824944,-10.589689214,0.007326126,0.422466278,1,0.629498482,36.067606214,0.012210846,-0.006104946,-0.057846643,-3.314368505,0.000000000,-0.000000000,6.000000000,2.500000000,3.143450975,180.106473998,0.000000000,-2.770881653,2.000000000,0.500000000,-2.880847216,-165.060386879,0.000000000,2.693999767,1.000000000,0.500000000,-0.189021111,-10.830111873,0.000000000,0.431064546,0.500000000,0.200000003,0.709263802,40.637822392,0.000000000,0.000112792,0.000000000,0.100000001
2026-07-04 23:23:06.655,1783178586.655062199,378.925236186,1,1,378.913069611,1,0.003654054,5,1,0.004683058,5,1,0,1,0,0,1,1,1,0,1,0,-1.000000000,0.000000000,0.000000000,0.000000000,0,-1.000000000,0,0,0,,0,-1.000000000,,0,0,0.000000000,0.000000000,0,-1.000000000,0,,0,-1.000000000,,0,-1.000000000,0,,1,-0.062805749,-3.598504374,0.051282883,-0.095237732,1,3.118273020,178.663883404,0.002442360,-2.741880417,1,-2.880084276,-165.016673668,-0.007326126,2.687179565,1,-0.184443474,-10.567832608,0.007326126,0.417582512,1,0.629498482,36.067606214,-0.036628723,-0.003663063,-0.057846643,-3.314368505,0.000000000,-0.000000000,6.000000000,2.500000000,3.143450975,180.106473998,0.000000000,-2.770881653,2.000000000,0.500000000,-2.880847216,-165.060386879,0.000000000,2.693999767,1.000000000,0.500000000,-0.189021111,-10.830111873,0.000000000,0.431064546,0.500000000,0.200000003,0.709263802,40.637822392,0.000000000,0.000112792,0.000000000,0.100000001
2026-07-04 23:23:07.654,1783178587.654807329,379.924981171,1,1,379.912814596,1,0.003906819,5,1,0.004682247,5,1,0,1,0,0,1,1,1,0,1,0,-1.000000000,0.000000000,0.000000000,0.000000000,0,-1.000000000,0,0,0,,0,-1.000000000,,0,0,0.000000000,0.000000000,0,-1.000000000,0,,0,-1.000000000,,0,-1.000000000,0,,1,-0.057083704,-3.270655294,0.007326126,-0.065934181,1,3.118273020,178.663883404,-0.002442360,-2.741880417,1,-2.880084276,-165.016673668,-0.002442360,2.673503876,1,-0.184443474,-10.567832608,-0.007326126,0.422466278,1,0.629115105,36.045640326,-0.012210846,-0.003663063,-0.057846643,-3.314368505,0.000000000,-0.000000000,6.000000000,2.500000000,3.143450975,180.106473998,0.000000000,-2.770881653,2.000000000,0.500000000,-2.880847216,-165.060386879,0.000000000,2.693999767,1.000000000,0.500000000,-0.189021111,-10.830111873,0.000000000,0.431064546,0.500000000,0.200000003,0.709263802,40.637822392,0.000000000,0.000112792,0.000000000,0.100000001
2026-07-04 23:23:08.654,1783178588.654593229,380.924767239,1,1,380.912600664,1,0.003627008,5,1,0.004695059,5,1,0,1,0,0,1,1,1,0,1,0,-1.000000000,0.000000000,0.000000000,0.000000000,0,-1.000000000,0,0,0,,0,-1.000000000,,0,0,0.000000000,0.000000000,0,-1.000000000,0,,0,-1.000000000,,0,-1.000000000,0,,1,-0.047165491,-2.702383555,-0.021978378,-0.065934181,1,3.114076853,178.423460745,-0.256410599,-2.605127335,1,-2.880084276,-165.016673668,-0.002442360,2.673503876,1,-0.184443474,-10.567832608,0.007326126,0.417582512,1,0.629115105,36.045640326,-0.012210846,-0.003663063,-0.057846643,-3.314368505,0.000000000,-0.000000000,6.000000000,2.500000000,3.143450975,180.106473998,0.000000000,-2.770881653,2.000000000,0.500000000,-2.880847216,-165.060386879,0.000000000,2.693999767,1.000000000,0.500000000,-0.189021111,-10.830111873,0.000000000,0.431064546,0.500000000,0.200000003,0.709263802,40.637822392,0.000000000,0.000112792,0.000000000,0.100000001
2026-07-04 23:23:09.654,1783178589.654386759,381.924560450,1,1,381.912393875,1,0.003548992,5,1,0.004627803,5,1,0,1,0,0,1,1,1,0,1,0,-1.000000000,0.000000000,0.000000000,0.000000000,0,-1.000000000,0,0,0,,0,-1.000000000,,0,0,0.000000000,0.000000000,0,-1.000000000,0,,0,-1.000000000,,0,-1.000000000,0,,1,-0.073106386,-4.188687360,-0.021978378,0.163614273,1,3.109499216,178.161181481,0.241758347,-3.042734146,1,-2.880084276,-165.016673668,-0.002442360,2.659828186,1,-0.184443474,-10.567832608,-0.007326126,0.422466278,1,0.629115105,36.045640326,-0.012210846,-0.003663063,-0.057846643,-3.314368505,0.000000000,-0.000000000,6.000000000,2.500000000,3.143450975,180.106473998,0.000000000,-2.770881653,2.000000000,0.500000000,-2.880847216,-165.060386879,0.000000000,2.693999767,1.000000000,0.500000000,-0.189021111,-10.830111873,0.000000000,0.431064546,0.500000000,0.200000003,0.709263802,40.637822392,0.000000000,0.000112792,0.000000000,0.100000001
2026-07-04 23:23:10.654,1783178590.654185295,382.924359173,1,1,382.912192598,1,0.003835094,5,1,0.004537918,5,1,0,1,0,0,1,1,1,0,1,0,-1.000000000,0.000000000,0.000000000,0.000000000,0,-1.000000000,0,0,0,,0,-1.000000000,,0,0,0.000000000,0.000000000,0,-1.000000000,0,,0,-1.000000000,,0,-1.000000000,0,,1,-0.066238977,-3.795213822,0.241758347,-0.256410599,1,3.117891550,178.642026798,-0.002442360,-2.728204727,1,-2.880084276,-165.016673668,-0.007326126,2.673503876,1,-0.185206413,-10.611545819,-0.036630630,0.427350044,1,0.629115105,36.045640326,-0.012210846,-0.003663063,-0.057846643,-3.314368505,0.000000000,-0.000000000,6.000000000,2.500000000,3.143450975,180.106473998,0.000000000,-2.770881653,2.000000000,0.500000000,-2.880847216,-165.060386879,0.000000000,2.693999767,1.000000000,0.500000000,-0.189021111,-10.830111873,0.000000000,0.431064546,0.500000000,0.200000003,0.709263802,40.637822392,0.000000000,0.000112792,0.000000000,0.100000001
2026-07-04 23:23:11.654,1783178591.654031038,383.924205031,1,1,383.912038456,1,0.003816364,5,1,0.004647306,5,1,0,1,0,0,1,1,1,0,1,0,-1.000000000,0.000000000,0.000000000,0.000000000,0,-1.000000000,0,0,0,,0,-1.000000000,,0,0,0.000000000,0.000000000,0,-1.000000000,0,,0,-1.000000000,,0,-1.000000000,0,,1,-0.063950159,-3.664074190,-0.021978378,0.012209892,1,3.117128611,178.598313587,0.002442360,-2.687179565,1,-2.880084276,-165.016673668,-0.002442360,2.673503876,1,-0.184824944,-10.589689214,-0.007326126,0.422466278,1,0.629115105,36.045640326,-0.036628723,-0.003663063,-0.057846643,-3.314368505,0.000000000,-0.000000000,6.000000000,2.500000000,3.143450975,180.106473998,0.000000000,-2.770881653,2.000000000,0.500000000,-2.880847216,-165.060386879,0.000000000,2.693999767,1.000000000,0.500000000,-0.189021111,-10.830111873,0.000000000,0.431064546,0.500000000,0.200000003,0.709263802,40.637822392,0.000000000,0.000112792,0.000000000,0.100000001
2026-07-04 23:23:12.653,1783178592.653803110,384.923976973,1,1,384.911810398,1,0.003821075,5,1,0.004037275,5,1,0,1,0,0,1,1,1,0,1,0,-1.000000000,0.000000000,0.000000000,0.000000000,0,-1.000000000,0,0,0,,0,-1.000000000,,0,0,0.000000000,0.000000000,0,-1.000000000,0,,0,-1.000000000,,0,-1.000000000,0,,1,-0.083406068,-4.778815704,-0.285715103,1.008546829,1,3.110643625,178.226751297,0.114773750,-3.001708984,1,-2.880084276,-165.016673668,-0.002442360,2.673503876,1,-0.184443474,-10.567832608,0.007326126,0.417582512,1,0.629115105,36.045640326,-0.012210846,-0.003663063,-0.057846643,-3.314368505,0.000000000,-0.000000000,6.000000000,2.500000000,3.143450975,180.106473998,0.000000000,-2.770881653,2.000000000,0.500000000,-2.880847216,-165.060386879,0.000000000,2.693999767,1.000000000,0.500000000,-0.189021111,-10.830111873,0.000000000,0.431064546,0.500000000,0.200000003,0.709263802,40.637822392,0.000000000,0.000112792,0.000000000,0.100000001
2026-07-04 23:23:13.653,1783178593.653505564,385.923679465,1,1,385.911512890,1,0.003520073,5,1,0.004659503,5,1,0,1,0,0,1,1,1,0,1,0,-1.000000000,0.000000000,0.000000000,0.000000000,0,-1.000000000,0,0,0,,0,-1.000000000,,0,0,0.000000000,0.000000000,0,-1.000000000,0,,0,-1.000000000,,0,-1.000000000,0,,1,-0.070817567,-4.057547728,-0.021978378,0.061050415,1,3.118273020,178.663883404,-0.002442360,-2.741880417,1,-2.880084276,-165.016673668,-0.002442360,2.673503876,1,-0.184443474,-10.567832608,-0.007326126,0.417582512,1,0.629498482,36.067606214,-0.012210846,-0.003663063,-0.057846643,-3.314368505,0.000000000,-0.000000000,6.000000000,2.500000000,3.143450975,180.106473998,0.000000000,-2.770881653,2.000000000,0.500000000,-2.880847216,-165.060386879,0.000000000,2.693999767,1.000000000,0.500000000,-0.189021111,-10.830111873,0.000000000,0.431064546,0.500000000,0.200000003,0.709263802,40.637822392,0.000000000,0.000112792,0.000000000,0.100000001
2026-07-04 23:23:14.653,1783178594.653340578,386.923514503,1,1,386.911347928,1,0.002940206,5,1,0.004694768,5,1,0,1,0,0,1,1,1,0,1,0,-1.000000000,0.000000000,0.000000000,0.000000000,0,-1.000000000,0,0,0,,0,-1.000000000,,0,0,0.000000000,0.000000000,0,-1.000000000,0,,0,-1.000000000,,0,-1.000000000,0,,1,-0.064331628,-3.685930796,-0.007326126,0.007326126,1,3.119035959,178.707596614,-0.002442360,-2.741880417,1,-2.880084276,-165.016673668,-0.002442360,2.687179565,1,-0.184824944,-10.589689214,-0.021978378,0.422466278,1,0.629115105,36.045640326,-0.012210846,-0.003663063,-0.057846643,-3.314368505,0.000000000,-0.000000000,6.000000000,2.500000000,3.143450975,180.106473998,0.000000000,-2.770881653,2.000000000,0.500000000,-2.880847216,-165.060386879,0.000000000,2.693999767,1.000000000,0.500000000,-0.189021111,-10.830111873,0.000000000,0.431064546,0.500000000,0.200000003,0.709263802,40.637822392,0.000000000,0.000112792,0.000000000,0.100000001
2026-07-04 23:23:15.653,1783178595.653103590,387.923277580,1,1,387.911111005,1,0.003604625,5,1,0.004620538,5,1,0,1,0,0,1,1,1,0,1,0,-1.000000000,0.000000000,0.000000000,0.000000000,0,-1.000000000,0,0,0,,0,-1.000000000,,0,0,0.000000000,0.000000000,0,-1.000000000,0,,0,-1.000000000,,0,-1.000000000,0,,1,-0.061279871,-3.511077953,-0.007326126,0.026862144,1,3.118273020,178.663883404,0.002442360,-2.741880417,1,-2.880084276,-165.016673668,-0.002442360,2.673503876,1,-0.184443474,-10.567832608,-0.007326126,0.422466278,1,0.629115105,36.045640326,-0.036628723,-0.003663063,-0.057846643,-3.314368505,0.000000000,-0.000000000,6.000000000,2.500000000,3.143450975,180.106473998,0.000000000,-2.770881653,2.000000000,0.500000000,-2.880847216,-165.060386879,0.000000000,2.693999767,1.000000000,0.500000000,-0.189021111,-10.830111873,0.000000000,0.431064546,0.500000000,0.200000003,0.709263802,40.637822392,0.000000000,0.000112792,0.000000000,0.100000001
2026-07-04 23:23:16.653,1783178596.652958870,388.923132866,1,1,388.910966291,1,0.003655315,5,1,0.004381461,5,1,0,1,0,0,1,1,1,0,1,0,-1.000000000,0.000000000,0.000000000,0.000000000,0,-1.000000000,0,0,0,,0,-1.000000000,,0,0,0.000000000,0.000000000,0,-1.000000000,0,,0,-1.000000000,,0,-1.000000000,0,,1,-0.071580507,-4.101260939,-0.007326126,0.061050415,1,3.123232126,178.948019273,0.002442360,-2.755556107,1,-2.880084276,-165.016673668,0.002442360,2.673503876,1,-0.184443474,-10.567832608,-0.007326126,0.417582512,1,0.629115105,36.045640326,-0.036628723,-0.003663063,-0.057846643,-3.314368505,0.000000000,-0.000000000,6.000000000,2.500000000,3.143450975,180.106473998,0.000000000,-2.770881653,2.000000000,0.500000000,-2.880847216,-165.060386879,0.000000000,2.693999767,1.000000000,0.500000000,-0.189021111,-10.830111873,0.000000000,0.431064546,0.500000000,0.200000003,0.709263802,40.637822392,0.000000000,0.000112792,0.000000000,0.100000001
2026-07-04 23:23:17.652,1783178597.652688742,389.922862461,1,1,389.910695886,1,0.003706112,5,1,0.004608355,5,1,0,1,0,0,1,1,1,0,1,0,-1.000000000,0.000000000,0.000000000,0.000000000,0,-1.000000000,0,0,0,,0,-1.000000000,,0,0,0.000000000,0.000000000,0,-1.000000000,0,,0,-1.000000000,,0,-1.000000000,0,,1,-0.065476038,-3.751500612,0.124542236,-0.236874580,1,3.116365671,178.554600377,-0.002442360,-2.741880417,1,-2.880084276,-165.016673668,-0.007326126,2.673503876,1,-0.184443474,-10.567832608,0.007326126,0.417582512,1,0.629115105,36.045640326,0.012210846,-0.003663063,-0.057846643,-3.314368505,0.000000000,-0.000000000,6.000000000,2.500000000,3.143450975,180.106473998,0.000000000,-2.770881653,2.000000000,0.500000000,-2.880847216,-165.060386879,0.000000000,2.693999767,1.000000000,0.500000000,-0.189021111,-10.830111873,0.000000000,0.431064546,0.500000000,0.200000003,0.709263802,40.637822392,0.000000000,0.000112792,0.000000000,0.100000001
2026-07-04 23:23:18.652,1783178598.652481794,390.922655700,1,1,390.910489125,1,0.003778896,5,1,0.004706617,5,1,0,1,0,0,1,1,1,0,1,0,-1.000000000,0.000000000,0.000000000,0.000000000,0,-1.000000000,0,0,0,,0,-1.000000000,,0,0,0.000000000,0.000000000,0,-1.000000000,0,,0,-1.000000000,,0,-1.000000000,0,,1,-0.078828432,-4.516536440,-0.080585480,0.339438438,1,3.109499216,178.161181481,0.051281929,-2.892307281,1,-2.880084276,-165.016673668,-0.002442360,2.673503876,1,-0.184443474,-10.567832608,-0.021978378,0.422466278,1,0.629115105,36.045640326,0.012210846,-0.003663063,-0.057846643,-3.314368505,0.000000000,-0.000000000,6.000000000,2.500000000,3.143450975,180.106473998,0.000000000,-2.770881653,2.000000000,0.500000000,-2.880847216,-165.060386879,0.000000000,2.693999767,1.000000000,0.500000000,-0.189021111,-10.830111873,0.000000000,0.431064546,0.500000000,0.200000003,0.709263802,40.637822392,0.000000000,0.000112792,0.000000000,0.100000001
2026-07-04 23:23:19.652,1783178599.652279854,391.922453531,1,1,391.910286956,1,0.003820089,5,1,0.004588742,5,1,0,1,0,0,1,1,1,0,1,0,-1.000000000,0.000000000,0.000000000,0.000000000,0,-1.000000000,0,0,0,,0,-1.000000000,,0,0,0.000000000,0.000000000,0,-1.000000000,0,,0,-1.000000000,,0,-1.000000000,0,,1,-0.050980188,-2.920949608,-0.007326126,-0.070817947,1,3.117128611,178.598313587,-0.002442360,-2.741880417,1,-2.880084276,-165.016673668,-0.002442360,2.687179565,1,-0.184443474,-10.567832608,-0.007326126,0.417582512,1,0.629498482,36.067606214,0.012210846,-0.003663063,-0.057846643,-3.314368505,0.000000000,-0.000000000,6.000000000,2.500000000,3.143450975,180.106473998,0.000000000,-2.770881653,2.000000000,0.500000000,-2.880847216,-165.060386879,0.000000000,2.693999767,1.000000000,0.500000000,-0.189021111,-10.830111873,0.000000000,0.431064546,0.500000000,0.200000003,0.709263802,40.637822392,0.000000000,0.000112792,0.000000000,0.100000001
2026-07-04 23:23:20.652,1783178600.652089596,392.922263416,1,1,392.910096841,1,0.003712882,5,1,0.004589752,5,1,0,1,0,0,1,1,1,0,1,0,-1.000000000,0.000000000,0.000000000,0.000000000,0,-1.000000000,0,0,0,,0,-1.000000000,,0,0,0.000000000,0.000000000,0,-1.000000000,0,,0,-1.000000000,,0,-1.000000000,0,,1,-0.052124597,-2.986519424,-0.007326126,-0.061050415,1,3.117128611,178.598313587,-0.002442360,-2.741880417,1,-2.880084276,-165.016673668,-0.002442360,2.673503876,1,-0.184443474,-10.567832608,-0.007326126,0.422466278,1,0.629115105,36.045640326,-0.012210846,-0.003663063,-0.057846643,-3.314368505,0.000000000,-0.000000000,6.000000000,2.500000000,3.143450975,180.106473998,0.000000000,-2.770881653,2.000000000,0.500000000,-2.880847216,-165.060386879,0.000000000,2.693999767,1.000000000,0.500000000,-0.189021111,-10.830111873,0.000000000,0.431064546,0.500000000,0.200000003,0.709263802,40.637822392,0.000000000,0.000112792,0.000000000,0.100000001
2026-07-04 23:23:21.651,1783178601.651865005,393.922038905,1,1,393.909872330,1,0.003873750,5,1,0.004546566,5,1,0,1,0,0,1,1,1,0,1,0,-1.000000000,0.000000000,0.000000000,0.000000000,0,-1.000000000,0,0,0,,0,-1.000000000,,0,0,0.000000000,0.000000000,0,-1.000000000,0,,0,-1.000000000,,0,-1.000000000,0,,1,-0.047928430,-2.746096766,-0.065933228,-0.236874580,1,3.117510080,178.620170193,-0.002442360,-2.741880417,1,-2.880084276,-165.016673668,-0.007326126,2.673503876,1,-0.184443474,-10.567832608,0.021978378,0.412698746,1,0.629498482,36.067606214,0.012210846,-0.003663063,-0.057846643,-3.314368505,0.000000000,-0.000000000,6.000000000,2.500000000,3.143450975,180.106473998,0.000000000,-2.770881653,2.000000000,0.500000000,-2.880847216,-165.060386879,0.000000000,2.693999767,1.000000000,0.500000000,-0.189021111,-10.830111873,0.000000000,0.431064546,0.500000000,0.200000003,0.709263802,40.637822392,0.000000000,0.000112792,0.000000000,0.100000001
2026-07-04 23:23:22.651,1783178602.651612043,394.921786129,1,1,394.909619554,1,0.003727231,5,1,0.004727467,5,1,0,1,0,0,1,1,1,0,1,0,-1.000000000,0.000000000,0.000000000,0.000000000,0,-1.000000000,0,0,0,,0,-1.000000000,,0,0,0.000000000,0.000000000,0,-1.000000000,0,,0,-1.000000000,,0,-1.000000000,0,,1,-0.072343446,-4.144974149,0.007326126,0.065934181,1,3.122850657,178.926162668,-0.002442360,-2.755556107,1,-2.880084276,-165.016673668,-0.002442360,2.673503876,1,-0.184443474,-10.567832608,-0.007326126,0.422466278,1,0.629498482,36.067606214,0.012210846,-0.003663063,-0.057846643,-3.314368505,0.000000000,-0.000000000,6.000000000,2.500000000,3.143450975,180.106473998,0.000000000,-2.770881653,2.000000000,0.500000000,-2.880847216,-165.060386879,0.000000000,2.693999767,1.000000000,0.500000000,-0.189021111,-10.830111873,0.000000000,0.431064546,0.500000000,0.200000003,0.709263802,40.637822392,0.000000000,0.000112792,0.000000000,0.100000001
2026-07-04 23:23:23.651,1783178603.651371479,395.921545421,1,1,395.909378846,1,0.003828995,5,1,0.004701432,5,1,0,1,0,0,1,1,1,0,1,0,-1.000000000,0.000000000,0.000000000,0.000000000,0,-1.000000000,0,0,0,,0,-1.000000000,,0,0,0.000000000,0.000000000,0,-1.000000000,0,,0,-1.000000000,,0,-1.000000000,0,,1,-0.087220766,-4.997381758,0.036630630,0.036629677,1,3.095384836,177.352487083,-0.007326126,-2.659828186,1,-2.880084276,-165.016673668,-0.002442360,2.673503876,1,-0.184062004,-10.545976003,-0.021978378,0.432234764,1,0.629115105,36.045640326,-0.085468292,-0.001221180,-0.057846643,-3.314368505,0.000000000,-0.000000000,6.000000000,2.500000000,3.143450975,180.106473998,0.000000000,-2.770881653,2.000000000,0.500000000,-2.880847216,-165.060386879,0.000000000,2.693999767,1.000000000,0.500000000,-0.189021111,-10.830111873,0.000000000,0.431064546,0.500000000,0.200000003,0.709263802,40.637822392,0.000000000,0.000112792,0.000000000,0.100000001
2026-07-04 23:23:24.651,1783178604.651220560,396.921394402,1,1,396.909227827,1,0.013322388,5,1,0.004573829,5,1,0,1,0,0,1,1,1,0,1,0,-1.000000000,0.000000000,0.000000000,0.000000000,0,-1.000000000,0,0,0,,0,-1.000000000,,0,0,0.000000000,0.000000000,0,-1.000000000,0,,0,-1.000000000,,0,-1.000000000,0,,1,-0.059372522,-3.401794926,0.007326126,-0.017093658,1,3.122087717,178.882449457,-0.002442360,-2.741880417,1,-2.880084276,-165.016673668,-0.002442360,2.673503876,1,-0.184443474,-10.567832608,-0.021978378,0.422466278,1,0.629498482,36.067606214,-0.012210846,-0.003663063,-0.057846643,-3.314368505,0.000000000,-0.000000000,6.000000000,2.500000000,3.143450975,180.106473998,0.000000000,-2.770881653,2.000000000,0.500000000,-2.880847216,-165.060386879,0.000000000,2.693999767,1.000000000,0.500000000,-0.189021111,-10.830111873,0.000000000,0.431064546,0.500000000,0.200000003,0.709263802,40.637822392,0.000000000,0.000112792,0.000000000,0.100000001
2026-07-04 23:23:25.651,1783178605.651020765,397.921194741,1,1,397.909028166,1,0.003861523,5,1,0.004488662,5,1,0,1,0,0,1,1,1,0,1,0,-1.000000000,0.000000000,0.000000000,0.000000000,0,-1.000000000,0,0,0,,0,-1.000000000,,0,0,0.000000000,0.000000000,0,-1.000000000,0,,0,-1.000000000,,0,-1.000000000,0,,1,-0.076921083,-4.407253413,-0.051282883,0.222222328,1,3.122087717,178.882449457,-0.002442360,-2.755556107,1,-2.880084276,-165.016673668,-0.002442360,2.673503876,1,-0.184443474,-10.567832608,0.007326126,0.422466278,1,0.629498482,36.067606214,-0.012210846,-0.003663063,-0.057846643,-3.314368505,0.000000000,-0.000000000,6.000000000,2.500000000,3.143450975,180.106473998,0.000000000,-2.770881653,2.000000000,0.500000000,-2.880847216,-165.060386879,0.000000000,2.693999767,1.000000000,0.500000000,-0.189021111,-10.830111873,0.000000000,0.431064546,0.500000000,0.200000003,0.709263802,40.637822392,0.000000000,0.000112792,0.000000000,0.100000001
2026-07-04 23:23:26.650,1783178606.650726080,398.920899912,1,1,398.908733337,1,0.003453043,5,1,0.004566680,5,1,0,1,0,0,1,1,1,0,1,0,-1.000000000,0.000000000,0.000000000,0.000000000,0,-1.000000000,0,0,0,,0,-1.000000000,,0,0,0.000000000,0.000000000,0,-1.000000000,0,,0,-1.000000000,,0,-1.000000000,0,,1,-0.041061975,-2.352677870,0.358974457,-0.827838898,1,3.118273020,178.663883404,-0.021978378,-2.728204727,1,-2.880084276,-165.016673668,-0.007326126,2.687179565,1,-0.184062004,-10.545976003,-0.021978378,0.422466278,1,0.629498482,36.067606214,-0.036628723,-0.003663063,-0.057846643,-3.314368505,0.000000000,-0.000000000,6.000000000,2.500000000,3.143450975,180.106473998,0.000000000,-2.770881653,2.000000000,0.500000000,-2.880847216,-165.060386879,0.000000000,2.693999767,1.000000000,0.500000000,-0.189021111,-10.830111873,0.000000000,0.431064546,0.500000000,0.200000003,0.709263802,40.637822392,0.000000000,0.000112792,0.000000000,0.100000001
2026-07-04 23:23:27.650,1783178607.650543690,399.920717342,1,1,399.908550767,1,0.003395275,5,1,0.004358824,5,1,0,1,0,0,1,1,1,0,1,0,-1.000000000,0.000000000,0.000000000,0.000000000,0,-1.000000000,0,0,0,,0,-1.000000000,,0,0,0.000000000,0.000000000,0,-1.000000000,0,,0,-1.000000000,,0,-1.000000000,0,,1,-0.059753992,-3.423651531,0.109889984,-0.412698746,1,3.118273020,178.663883404,-0.002442360,-2.755556107,1,-2.880084276,-165.016673668,-0.002442360,2.687179565,1,-0.184443474,-10.567832608,0.021978378,0.422466278,1,0.629498482,36.067606214,-0.012210846,-0.003663063,-0.057846643,-3.314368505,0.000000000,-0.000000000,6.000000000,2.500000000,3.143450975,180.106473998,0.000000000,-2.770881653,2.000000000,0.500000000,-2.880847216,-165.060386879,0.000000000,2.693999767,1.000000000,0.500000000,-0.189021111,-10.830111873,0.000000000,0.431064546,0.500000000,0.200000003,0.709263802,40.637822392,0.000000000,0.000112792,0.000000000,0.100000001
2026-07-04 23:23:28.650,1783178608.650336504,400.920510460,1,1,400.908343885,1,0.003686461,5,1,0.004649711,5,1,0,1,0,0,1,1,1,0,1,0,-1.000000000,0.000000000,0.000000000,0.000000000,0,-1.000000000,0,0,0,,0,-1.000000000,,0,0,0.000000000,0.000000000,0,-1.000000000,0,,0,-1.000000000,,0,-1.000000000,0,,1,-0.064331628,-3.685930796,-0.007326126,0.021978378,1,3.118273020,178.663883404,-0.002442360,-2.755556107,1,-2.880084276,-165.016673668,0.002442360,2.687179565,1,-0.184443474,-10.567832608,-0.007326126,0.422466278,1,0.629498482,36.067606214,-0.036628723,-0.003663063,-0.057846643,-3.314368505,0.000000000,-0.000000000,6.000000000,2.500000000,3.143450975,180.106473998,0.000000000,-2.770881653,2.000000000,0.500000000,-2.880847216,-165.060386879,0.000000000,2.693999767,1.000000000,0.500000000,-0.189021111,-10.830111873,0.000000000,0.431064546,0.500000000,0.200000003,0.709263802,40.637822392,0.000000000,0.000112792,0.000000000,0.100000001
2026-07-04 23:23:29.650,1783178609.650166988,401.920340872,1,1,401.908174297,1,0.003616288,5,1,0.004682823,5,1,0,1,0,0,1,1,1,0,1,0,-1.000000000,0.000000000,0.000000000,0.000000000,0,-1.000000000,0,0,0,,0,-1.000000000,,0,0,0.000000000,0.000000000,0,-1.000000000,0,,0,-1.000000000,,0,-1.000000000,0,,1,-0.057846643,-3.314368505,0.329669952,-0.695970535,1,3.117891550,178.642026798,-0.017093658,-2.728204727,1,-2.880084276,-165.016673668,-0.002442360,2.687179565,1,-0.186350822,-10.677115635,0.007326126,0.412698746,1,0.629115105,36.045640326,-0.036628723,-0.003663063,-0.057846643,-3.314368505,0.000000000,-0.000000000,6.000000000,2.500000000,3.143450975,180.106473998,0.000000000,-2.770881653,2.000000000,0.500000000,-2.880847216,-165.060386879,0.000000000,2.693999767,1.000000000,0.500000000,-0.189021111,-10.830111873,0.000000000,0.431064546,0.500000000,0.200000003,0.709263802,40.637822392,0.000000000,0.000112792,0.000000000,0.100000001
2026-07-04 23:23:30.649,1783178610.649887562,402.920061309,1,1,402.907894734,1,0.003878482,5,1,0.004666429,5,1,0,1,0,0,1,1,1,0,1,0,-1.000000000,0.000000000,0.000000000,0.000000000,0,-1.000000000,0,0,0,,0,-1.000000000,,0,0,0.000000000,0.000000000,0,-1.000000000,0,,0,-1.000000000,,0,-1.000000000,0,,1,-0.067001916,-3.838927033,0.021978378,-0.007326126,1,3.117510080,178.620170193,-0.002442360,-2.741880417,1,-2.880084276,-165.016673668,-0.002442360,2.673503876,1,-0.184443474,-10.567832608,-0.021978378,0.422466278,1,0.629498482,36.067606214,0.012210846,-0.003663063,-0.057846643,-3.314368505,0.000000000,-0.000000000,6.000000000,2.500000000,3.143450975,180.106473998,0.000000000,-2.770881653,2.000000000,0.500000000,-2.880847216,-165.060386879,0.000000000,2.693999767,1.000000000,0.500000000,-0.189021111,-10.830111873,0.000000000,0.431064546,0.500000000,0.200000003,0.709263802,40.637822392,0.000000000,0.000112792,0.000000000,0.100000001
2026-07-04 23:23:31.649,1783178611.649681568,403.919855378,1,1,403.907688803,1,0.003698551,5,1,0.004648317,5,1,0,1,0,0,1,1,1,0,1,0,-1.000000000,0.000000000,0.000000000,0.000000000,0,-1.000000000,0,0,0,,0,-1.000000000,,0,0,0.000000000,0.000000000,0,-1.000000000,0,,0,-1.000000000,,0,-1.000000000,0,,1,-0.071199037,-4.079404333,0.080585480,-0.163614273,1,3.116365671,178.554600377,-0.002442360,-2.741880417,1,-2.880084276,-165.016673668,-0.002442360,2.687179565,1,-0.184443474,-10.567832608,0.007326126,0.422466278,1,0.629115105,36.045640326,-0.012210846,-0.003663063,-0.057846643,-3.314368505,0.000000000,-0.000000000,6.000000000,2.500000000,3.143450975,180.106473998,0.000000000,-2.770881653,2.000000000,0.500000000,-2.880847216,-165.060386879,0.000000000,2.693999767,1.000000000,0.500000000,-0.189021111,-10.830111873,0.000000000,0.431064546,0.500000000,0.200000003,0.709263802,40.637822392,0.000000000,0.000112792,0.000000000,0.100000001
2026-07-04 23:23:32.649,1783178612.649471521,404.919645284,1,1,404.907478709,1,0.003727895,5,1,0.004691150,5,1,0,1,0,0,1,1,1,0,1,0,-1.000000000,0.000000000,0.000000000,0.000000000,0,-1.000000000,0,0,0,,0,-1.000000000,,0,0,0.000000000,0.000000000,0,-1.000000000,0,,0,-1.000000000,,0,-1.000000000,0,,1,-0.065857507,-3.773357217,-0.007326126,0.036629677,1,3.116365671,178.554600377,0.002442360,-2.741880417,1,-2.880084276,-165.016673668,-0.002442360,2.673503876,1,-0.184443474,-10.567832608,-0.007326126,0.422466278,1,0.629115105,36.045640326,-0.036628723,-0.003663063,-0.057846643,-3.314368505,0.000000000,-0.000000000,6.000000000,2.500000000,3.143450975,180.106473998,0.000000000,-2.770881653,2.000000000,0.500000000,-2.880847216,-165.060386879,0.000000000,2.693999767,1.000000000,0.500000000,-0.189021111,-10.830111873,0.000000000,0.431064546,0.500000000,0.200000003,0.709263802,40.637822392,0.000000000,0.000112792,0.000000000,0.100000001
2026-07-04 23:23:33.649,1783178613.649381638,405.919555419,1,1,405.907388844,1,0.003931071,5,1,0.004575122,5,1,0,1,0,0,1,1,1,0,1,0,-1.000000000,0.000000000,0.000000000,0.000000000,0,-1.000000000,0,0,0,,0,-1.000000000,,0,0,0.000000000,0.000000000,0,-1.000000000,0,,0,-1.000000000,,0,-1.000000000,0,,1,-0.057083704,-3.270655294,-0.021978378,0.158730507,1,3.118654490,178.685740009,-0.007326126,-2.755556107,1,-2.880084276,-165.016673668,-0.002442360,2.687179565,1,-0.184443474,-10.567832608,-0.021978378,0.422466278,1,0.629498482,36.067606214,0.012210846,-0.003663063,-0.057846643,-3.314368505,0.000000000,-0.000000000,6.000000000,2.500000000,3.143450975,180.106473998,0.000000000,-2.770881653,2.000000000,0.500000000,-2.880847216,-165.060386879,0.000000000,2.693999767,1.000000000,0.500000000,-0.189021111,-10.830111873,0.000000000,0.431064546,0.500000000,0.200000003,0.709263802,40.637822392,0.000000000,0.000112792,0.000000000,0.100000001
2026-07-04 23:23:34.649,1783178614.649044037,406.919217840,1,1,406.907051265,1,0.003799859,5,1,0.004693501,5,1,0,1,0,0,1,1,1,0,1,0,-1.000000000,0.000000000,0.000000000,0.000000000,0,-1.000000000,0,0,0,,0,-1.000000000,,0,0,0.000000000,0.000000000,0,-1.000000000,0,,0,-1.000000000,,0,-1.000000000,0,,1,-0.068527795,-3.926353454,-0.007326126,0.065934181,1,3.118273020,178.663883404,-0.007326126,-2.741880417,1,-2.880084276,-165.016673668,-0.002442360,2.673503876,1,-0.184443474,-10.567832608,-0.007326126,0.422466278,1,0.629498482,36.067606214,0.012210846,-0.003663063,-0.057846643,-3.314368505,0.000000000,-0.000000000,6.000000000,2.500000000,3.143450975,180.106473998,0.000000000,-2.770881653,2.000000000,0.500000000,-2.880847216,-165.060386879,0.000000000,2.693999767,1.000000000,0.500000000,-0.189021111,-10.830111873,0.000000000,0.431064546,0.500000000,0.200000003,0.709263802,40.637822392,0.000000000,0.000112792,0.000000000,0.100000001
2026-07-04 23:23:35.649,1783178615.648888588,407.919062364,1,1,407.906895789,1,0.003635707,5,1,0.004717526,5,1,0,1,0,0,1,1,1,0,1,0,-1.000000000,0.000000000,0.000000000,0.000000000,0,-1.000000000,0,0,0,,0,-1.000000000,,0,0,0.000000000,0.000000000,0,-1.000000000,0,,0,-1.000000000,,0,-1.000000000,0,,1,-0.061279871,-3.511077953,-0.124542236,0.398046494,1,3.106065989,177.964472033,0.158730507,-2.933332443,1,-2.880084276,-165.016673668,-0.002442360,2.687179565,1,-0.184062004,-10.545976003,-0.021978378,0.422466278,1,0.629115105,36.045640326,-0.036628723,-0.003663063,-0.057846643,-3.314368505,0.000000000,-0.000000000,6.000000000,2.500000000,3.143450975,180.106473998,0.000000000,-2.770881653,2.000000000,0.500000000,-2.880847216,-165.060386879,0.000000000,2.693999767,1.000000000,0.500000000,-0.189021111,-10.830111873,0.000000000,0.431064546,0.500000000,0.200000003,0.709263802,40.637822392,0.000000000,0.000112792,0.000000000,0.100000001
2026-07-04 23:23:36.648,1783178616.648611784,408.918785588,1,1,408.906619013,1,0.003664361,5,1,0.004626136,5,1,0,1,0,0,1,1,1,0,1,0,-1.000000000,0.000000000,0.000000000,0.000000000,0,-1.000000000,0,0,0,,0,-1.000000000,,0,0,0.000000000,0.000000000,0,-1.000000000,0,,0,-1.000000000,,0,-1.000000000,0,,1,-0.058609582,-3.358081715,-0.051282883,0.080586433,1,3.116365671,178.554600377,-0.002442360,-2.741880417,1,-2.880084276,-165.016673668,0.002442360,2.673503876,1,-0.184443474,-10.567832608,-0.007326126,0.422466278,1,0.629498482,36.067606214,0.012210846,-0.003663063,-0.057846643,-3.314368505,0.000000000,-0.000000000,6.000000000,2.500000000,3.143450975,180.106473998,0.000000000,-2.770881653,2.000000000,0.500000000,-2.880847216,-165.060386879,0.000000000,2.693999767,1.000000000,0.500000000,-0.189021111,-10.830111873,0.000000000,0.431064546,0.500000000,0.200000003,0.709263802,40.637822392,0.000000000,0.000112792,0.000000000,0.100000001
2026-07-04 23:23:37.648,1783178617.648437500,409.918611339,1,1,409.906444764,1,0.003269404,5,1,0.004671955,5,1,0,1,0,0,1,1,1,0,1,0,-1.000000000,0.000000000,0.000000000,0.000000000,0,-1.000000000,0,0,0,,0,-1.000000000,,0,0,0.000000000,0.000000000,0,-1.000000000,0,,0,-1.000000000,,0,-1.000000000,0,,1,-0.066238977,-3.795213822,-0.080585480,0.227106094,1,3.116365671,178.554600377,-0.002442360,-2.741880417,1,-2.880084276,-165.016673668,-0.002442360,2.687179565,1,-0.184062004,-10.545976003,0.007326126,0.417582512,1,0.629498482,36.067606214,-0.012210846,-0.003663063,-0.057846643,-3.314368505,0.000000000,-0.000000000,6.000000000,2.500000000,3.143450975,180.106473998,0.000000000,-2.770881653,2.000000000,0.500000000,-2.880847216,-165.060386879,0.000000000,2.693999767,1.000000000,0.500000000,-0.189021111,-10.830111873,0.000000000,0.431064546,0.500000000,0.200000003,0.709263802,40.637822392,0.000000000,0.000112792,0.000000000,0.100000001
2026-07-04 23:23:38.648,1783178618.648157835,410.918331719,1,1,410.906165144,1,0.003783609,5,1,0.004694569,5,1,0,1,0,0,1,1,1,0,1,0,-1.000000000,0.000000000,0.000000000,0.000000000,0,-1.000000000,0,0,0,,0,-1.000000000,,0,0,0.000000000,0.000000000,0,-1.000000000,0,,0,-1.000000000,,0,-1.000000000,0,,1,-0.050217248,-2.877236398,-0.021978378,-0.119658470,1,3.116365671,178.554600377,-0.002442360,-2.741880417,1,-2.880084276,-165.016673668,-0.007326126,2.673503876,1,-0.184443474,-10.567832608,-0.007326126,0.422466278,1,0.629115105,36.045640326,-0.036628723,-0.003663063,-0.057846643,-3.314368505,0.000000000,-0.000000000,6.000000000,2.500000000,3.143450975,180.106473998,0.000000000,-2.770881653,2.000000000,0.500000000,-2.880847216,-165.060386879,0.000000000,2.693999767,1.000000000,0.500000000,-0.189021111,-10.830111873,0.000000000,0.431064546,0.500000000,0.200000003,0.709263802,40.637822392,0.000000000,0.000112792,0.000000000,0.100000001
2026-07-04 23:23:39.648,1783178619.647986412,411.918160339,1,1,411.905993764,1,0.003753760,5,1,0.004627646,5,1,0,1,0,0,1,1,1,0,1,0,-1.000000000,0.000000000,0.000000000,0.000000000,0,-1.000000000,0,0,0,,0,-1.000000000,,0,0,0.000000000,0.000000000,0,-1.000000000,0,,0,-1.000000000,,0,-1.000000000,0,,1,-0.057465173,-3.292511899,-0.007326126,-0.021978378,1,3.117510080,178.620170193,-0.007326126,-2.741880417,1,-2.880084276,-165.016673668,0.002442360,2.673503876,1,-0.184443474,-10.567832608,-0.007326126,0.422466278,1,0.629498482,36.067606214,-0.036628723,-0.003663063,-0.057846643,-3.314368505,0.000000000,-0.000000000,6.000000000,2.500000000,3.143450975,180.106473998,0.000000000,-2.770881653,2.000000000,0.500000000,-2.880847216,-165.060386879,0.000000000,2.693999767,1.000000000,0.500000000,-0.189021111,-10.830111873,0.000000000,0.431064546,0.500000000,0.200000003,0.709263802,40.637822392,0.000000000,0.000112792,0.000000000,0.100000001
2026-07-04 23:23:40.647,1783178620.647851706,412.918025597,1,1,412.905859022,1,0.003511390,5,1,0.004769311,5,1,0,1,0,0,1,1,1,0,1,0,-1.000000000,0.000000000,0.000000000,0.000000000,0,-1.000000000,0,0,0,,0,-1.000000000,,0,0,0.000000000,0.000000000,0,-1.000000000,0,,0,-1.000000000,,0,-1.000000000,0,,1,-0.057465173,-3.292511899,-0.007326126,-0.026862144,1,3.117510080,178.620170193,-0.007326126,-2.741880417,1,-2.880084276,-165.016673668,0.002442360,2.673503876,1,-0.184443474,-10.567832608,-0.007326126,0.422466278,1,0.629498482,36.067606214,-0.012210846,-0.003663063,-0.057846643,-3.314368505,0.000000000,-0.000000000,6.000000000,2.500000000,3.143450975,180.106473998,0.000000000,-2.770881653,2.000000000,0.500000000,-2.880847216,-165.060386879,0.000000000,2.693999767,1.000000000,0.500000000,-0.189021111,-10.830111873,0.000000000,0.431064546,0.500000000,0.200000003,0.709263802,40.637822392,0.000000000,0.000112792,0.000000000,0.100000001
2026-07-04 23:23:41.648,1783178621.647816658,413.917990449,1,1,413.905823874,1,0.004120937,5,1,0.004932614,5,1,0,1,0,0,1,1,1,0,1,0,-1.000000000,0.000000000,0.000000000,0.000000000,0,-1.000000000,0,0,0,,0,-1.000000000,,0,0,0.000000000,0.000000000,0,-1.000000000,0,,0,-1.000000000,,0,-1.000000000,0,,1,-0.040299036,-2.308964659,-0.051282883,-0.100122452,1,3.117891550,178.642026798,-0.007326126,-2.741880417,1,-2.880084276,-165.016673668,-0.002442360,2.673503876,1,-0.184443474,-10.567832608,0.007326126,0.422466278,1,0.629498482,36.067606214,-0.012210846,-0.003663063,-0.057846643,-3.314368505,0.000000000,-0.000000000,6.000000000,2.500000000,3.143450975,180.106473998,0.000000000,-2.770881653,2.000000000,0.500000000,-2.880847216,-165.060386879,0.000000000,2.693999767,1.000000000,0.500000000,-0.189021111,-10.830111873,0.000000000,0.431064546,0.500000000,0.200000003,0.709263802,40.637822392,0.000000000,0.000112792,0.000000000,0.100000001
2026-07-04 23:23:42.647,1783178622.647333622,414.917507365,1,1,414.905340790,1,0.003860995,5,1,0.004431857,5,1,0,1,0,0,1,1,1,0,1,0,-1.000000000,0.000000000,0.000000000,0.000000000,0,-1.000000000,0,0,0,,0,-1.000000000,,0,0,0.000000000,0.000000000,0,-1.000000000,0,,0,-1.000000000,,0,-1.000000000,0,,1,-0.087602235,-5.019238363,-0.007326126,0.173381805,1,3.117128611,178.598313587,-0.002442360,-2.741880417,1,-2.880084276,-165.016673668,-0.002442360,2.673503876,1,-0.184062004,-10.545976003,-0.007326126,0.422466278,1,0.629498482,36.067606214,-0.012210846,-0.003663063,-0.057846643,-3.314368505,0.000000000,-0.000000000,6.000000000,2.500000000,3.143450975,180.106473998,0.000000000,-2.770881653,2.000000000,0.500000000,-2.880847216,-165.060386879,0.000000000,2.693999767,1.000000000,0.500000000,-0.189021111,-10.830111873,0.000000000,0.431064546,0.500000000,0.200000003,0.709263802,40.637822392,0.000000000,0.000112792,0.000000000,0.100000001
2026-07-04 23:23:43.647,1783178623.647086620,415.917260446,1,1,415.905093871,1,0.003384653,5,1,0.004597001,5,1,0,1,0,0,1,1,1,0,1,0,-1.000000000,0.000000000,0.000000000,0.000000000,0,-1.000000000,0,0,0,,0,-1.000000000,,0,0,0.000000000,0.000000000,0,-1.000000000,0,,0,-1.000000000,,0,-1.000000000,0,,1,-0.071961977,-4.123117544,-0.183149338,0.407814026,1,3.114458323,178.445317350,0.007326126,-2.741880417,1,-2.880084276,-165.016673668,-0.002442360,2.673503876,1,-0.184443474,-10.567832608,-0.007326126,0.422466278,1,0.629115105,36.045640326,-0.036628723,-0.003663063,-0.057846643,-3.314368505,0.000000000,-0.000000000,6.000000000,2.500000000,3.143450975,180.106473998,0.000000000,-2.770881653,2.000000000,0.500000000,-2.880847216,-165.060386879,0.000000000,2.693999767,1.000000000,0.500000000,-0.189021111,-10.830111873,0.000000000,0.431064546,0.500000000,0.200000003,0.709263802,40.637822392,0.000000000,0.000112792,0.000000000,0.100000001
2026-07-04 23:23:44.647,1783178624.646909237,416.917083078,1,1,416.904916503,1,0.003525571,5,1,0.004664204,5,1,0,1,0,0,1,1,1,0,1,0,-1.000000000,0.000000000,0.000000000,0.000000000,0,-1.000000000,0,0,0,,0,-1.000000000,,0,0,0.000000000,0.000000000,0,-1.000000000,0,,0,-1.000000000,,0,-1.000000000,0,,1,-0.038391687,-2.199681632,-0.095237732,0.031745911,1,3.117128611,178.598313587,-0.002442360,-2.741880417,1,-2.880084276,-165.016673668,-0.007326126,2.673503876,1,-0.184443474,-10.567832608,-0.007326126,0.422466278,1,0.629498482,36.067606214,0.012210846,-0.003663063,-0.057846643,-3.314368505,0.000000000,-0.000000000,6.000000000,2.500000000,3.143450975,180.106473998,0.000000000,-2.770881653,2.000000000,0.500000000,-2.880847216,-165.060386879,0.000000000,2.693999767,1.000000000,0.500000000,-0.189021111,-10.830111873,0.000000000,0.431064546,0.500000000,0.200000003,0.709263802,40.637822392,0.000000000,0.000112792,0.000000000,0.100000001
2026-07-04 23:23:45.646,1783178625.646742582,417.916916409,1,1,417.904749834,1,0.003423933,5,1,0.004621380,5,1,0,1,0,0,1,1,1,0,1,0,-1.000000000,0.000000000,0.000000000,0.000000000,0,-1.000000000,0,0,0,,0,-1.000000000,,0,0,0.000000000,0.000000000,0,-1.000000000,0,,0,-1.000000000,,0,-1.000000000,0,,1,-0.074250795,-4.254257176,-0.007326126,0.105006218,1,3.129718065,179.319636205,-0.148962021,-2.536752701,1,-2.880084276,-165.016673668,-0.007326126,2.673503876,1,-0.184062004,-10.545976003,-0.021978378,0.427350044,1,0.629115105,36.045640326,-0.012210846,-0.003663063,-0.057846643,-3.314368505,0.000000000,-0.000000000,6.000000000,2.500000000,3.143450975,180.106473998,0.000000000,-2.770881653,2.000000000,0.500000000,-2.880847216,-165.060386879,0.000000000,2.693999767,1.000000000,0.500000000,-0.189021111,-10.830111873,0.000000000,0.431064546,0.500000000,0.200000003,0.709263802,40.637822392,0.000000000,0.000112792,0.000000000,0.100000001
2026-07-04 23:23:46.646,1783178626.646660089,418.916833969,1,1,418.904667394,1,0.004007054,5,1,0.004618587,5,1,0,1,0,0,1,1,1,0,1,0,-1.000000000,0.000000000,0.000000000,0.000000000,0,-1.000000000,0,0,0,,0,-1.000000000,,0,0,0.000000000,0.000000000,0,-1.000000000,0,,0,-1.000000000,,0,-1.000000000,0,,1,-0.048309900,-2.767953371,0.080585480,-0.227106094,1,3.096147776,177.396200294,0.300366402,-3.138462067,1,-2.880084276,-165.016673668,-0.002442360,2.673503876,1,-0.184062004,-10.545976003,0.007326126,0.422466278,1,0.629115105,36.045640326,-0.036628723,-0.003663063,-0.057846643,-3.314368505,0.000000000,-0.000000000,6.000000000,2.500000000,3.143450975,180.106473998,0.000000000,-2.770881653,2.000000000,0.500000000,-2.880847216,-165.060386879,0.000000000,2.693999767,1.000000000,0.500000000,-0.189021111,-10.830111873,0.000000000,0.431064546,0.500000000,0.200000003,0.709263802,40.637822392,0.000000000,0.000112792,0.000000000,0.100000001
2026-07-04 23:23:47.646,1783178627.646322727,419.916496402,1,1,419.904329827,1,0.003789236,5,1,0.004510479,5,1,0,1,0,0,1,1,1,0,1,0,-1.000000000,0.000000000,0.000000000,0.000000000,0,-1.000000000,0,0,0,,0,-1.000000000,,0,0,0.000000000,0.000000000,0,-1.000000000,0,,0,-1.000000000,,0,-1.000000000,0,,1,-0.045639612,-2.614957134,0.007326126,-0.192917824,1,3.117510080,178.620170193,-0.007326126,-2.741880417,1,-2.880084276,-165.016673668,-0.002442360,2.673503876,1,-0.184443474,-10.567832608,0.007326126,0.417582512,1,0.629115105,36.045640326,-0.012210846,-0.003663063,-0.057846643,-3.314368505,0.000000000,-0.000000000,6.000000000,2.500000000,3.143450975,180.106473998,0.000000000,-2.770881653,2.000000000,0.500000000,-2.880847216,-165.060386879,0.000000000,2.693999767,1.000000000,0.500000000,-0.189021111,-10.830111873,0.000000000,0.431064546,0.500000000,0.200000003,0.709263802,40.637822392,0.000000000,0.000112792,0.000000000,0.100000001
2026-07-04 23:23:48.646,1783178628.646169901,420.916343812,1,1,420.904177237,1,0.003956475,5,1,0.004704075,5,1,0,1,0,0,1,1,1,0,1,0,-1.000000000,0.000000000,0.000000000,0.000000000,0,-1.000000000,0,0,0,,0,-1.000000000,,0,0,0.000000000,0.000000000,0,-1.000000000,0,,0,-1.000000000,,0,-1.000000000,0,,1,-0.055939294,-3.205085478,0.036630630,-0.207570076,1,3.115602732,178.510887166,-0.178266525,-2.372650146,1,-2.880084276,-165.016673668,-0.007326126,2.687179565,1,-0.184443474,-10.567832608,-0.021978378,0.422466278,1,0.629498482,36.067606214,0.012210846,-0.003663063,-0.057846643,-3.314368505,0.000000000,-0.000000000,6.000000000,2.500000000,3.143450975,180.106473998,0.000000000,-2.770881653,2.000000000,0.500000000,-2.880847216,-165.060386879,0.000000000,2.693999767,1.000000000,0.500000000,-0.189021111,-10.830111873,0.000000000,0.431064546,0.500000000,0.200000003,0.709263802,40.637822392,0.000000000,0.000112792,0.000000000,0.100000001
2026-07-04 23:23:49.645,1783178629.645847082,421.916020938,1,1,421.903854363,1,0.003647100,5,1,0.004361707,5,1,0,1,0,0,1,1,1,0,1,0,-1.000000000,0.000000000,0.000000000,0.000000000,0,-1.000000000,0,0,0,,0,-1.000000000,,0,0,0.000000000,0.000000000,0,-1.000000000,0,,0,-1.000000000,,0,-1.000000000,0,,1,-0.062805749,-3.598504374,-0.036630630,0.075701714,1,3.122087717,178.882449457,-0.002442360,-2.755556107,1,-2.880084276,-165.016673668,-0.002442360,2.673503876,1,-0.184443474,-10.567832608,-0.007326126,0.427350044,1,0.629115105,36.045640326,-0.012210846,-0.003663063,-0.057846643,-3.314368505,0.000000000,-0.000000000,6.000000000,2.500000000,3.143450975,180.106473998,0.000000000,-2.770881653,2.000000000,0.500000000,-2.880847216,-165.060386879,0.000000000,2.693999767,1.000000000,0.500000000,-0.189021111,-10.830111873,0.000000000,0.431064546,0.500000000,0.200000003,0.709263802,40.637822392,0.000000000,0.000112792,0.000000000,0.100000001
2026-07-04 23:23:50.645,1783178630.645674944,422.915848892,1,1,422.903682317,1,0.003448772,5,1,0.004614746,5,1,0,1,0,0,1,1,1,0,1,0,-1.000000000,0.000000000,0.000000000,0.000000000,0,-1.000000000,0,0,0,,0,-1.000000000,,0,0,0.000000000,0.000000000,0,-1.000000000,0,,0,-1.000000000,,0,-1.000000000,0,,1,-0.062424280,-3.576647769,-0.007326126,0.007326126,1,3.122087717,178.882449457,-0.002442360,-2.755556107,1,-2.880084276,-165.016673668,0.002442360,2.673503876,1,-0.184062004,-10.545976003,-0.007326126,0.417582512,1,0.629115105,36.045640326,-0.012210846,-0.003663063,-0.057846643,-3.314368505,0.000000000,-0.000000000,6.000000000,2.500000000,3.143450975,180.106473998,0.000000000,-2.770881653,2.000000000,0.500000000,-2.880847216,-165.060386879,0.000000000,2.693999767,1.000000000,0.500000000,-0.189021111,-10.830111873,0.000000000,0.431064546,0.500000000,0.200000003,0.709263802,40.637822392,0.000000000,0.000112792,0.000000000,0.100000001
2026-07-04 23:23:51.645,1783178631.645376682,423.915550613,1,1,423.903384038,1,0.003634388,5,1,0.004696026,5,1,0,1,0,0,1,1,1,0,1,0,-1.000000000,0.000000000,0.000000000,0.000000000,0,-1.000000000,0,0,0,,0,-1.000000000,,0,0,0.000000000,0.000000000,0,-1.000000000,0,,0,-1.000000000,,0,-1.000000000,0,,1,-0.075776674,-4.341683597,-0.007326126,0.109889984,1,3.115602732,178.510887166,0.026862144,-2.810256958,1,-2.880084276,-165.016673668,-0.002442360,2.687179565,1,-0.184443474,-10.567832608,-0.007326126,0.417582512,1,0.629115105,36.045640326,-0.036628723,-0.003663063,-0.057846643,-3.314368505,0.000000000,-0.000000000,6.000000000,2.500000000,3.143450975,180.106473998,0.000000000,-2.770881653,2.000000000,0.500000000,-2.880847216,-165.060386879,0.000000000,2.693999767,1.000000000,0.500000000,-0.189021111,-10.830111873,0.000000000,0.431064546,0.500000000,0.200000003,0.709263802,40.637822392,0.000000000,0.000112792,0.000000000,0.100000001
2026-07-04 23:23:52.645,1783178632.645214796,424.915388645,1,1,424.903222070,1,0.003912179,5,1,0.004346091,5,1,0,1,0,0,1,1,1,0,1,0,-1.000000000,0.000000000,0.000000000,0.000000000,0,-1.000000000,0,0,0,,0,-1.000000000,,0,0,0.000000000,0.000000000,0,-1.000000000,0,,0,-1.000000000,,0,-1.000000000,0,,1,-0.077684022,-4.450966624,-0.153846741,0.358974457,1,3.099962473,177.614766347,0.095237732,-2.618803024,1,-2.880084276,-165.016673668,-0.002442360,2.687179565,1,-0.184062004,-10.545976003,0.007326126,0.417582512,1,0.629498482,36.067606214,-0.012210846,-0.003663063,-0.057846643,-3.314368505,0.000000000,-0.000000000,6.000000000,2.500000000,3.143450975,180.106473998,0.000000000,-2.770881653,2.000000000,0.500000000,-2.880847216,-165.060386879,0.000000000,2.693999767,1.000000000,0.500000000,-0.189021111,-10.830111873,0.000000000,0.431064546,0.500000000,0.200000003,0.709263802,40.637822392,0.000000000,0.000112792,0.000000000,0.100000001
2026-07-04 23:23:53.645,1783178633.644994974,425.915168942,1,1,425.903002367,1,0.003239309,5,1,0.004660854,5,1,0,1,0,0,1,1,1,0,1,0,-1.000000000,0.000000000,0.000000000,0.000000000,0,-1.000000000,0,0,0,,0,-1.000000000,,0,0,0.000000000,0.000000000,0,-1.000000000,0,,0,-1.000000000,,0,-1.000000000,0,,1,-0.065476038,-3.751500612,-0.007326126,0.021978378,1,3.120180368,178.773166430,-0.002442360,-2.741880417,1,-2.880084276,-165.016673668,0.002442360,2.673503876,1,-0.184443474,-10.567832608,-0.007326126,0.417582512,1,0.629498482,36.067606214,-0.012210846,-0.003663063,-0.057846643,-3.314368505,0.000000000,-0.000000000,6.000000000,2.500000000,3.143450975,180.106473998,0.000000000,-2.770881653,2.000000000,0.500000000,-2.880847216,-165.060386879,0.000000000,2.693999767,1.000000000,0.500000000,-0.189021111,-10.830111873,0.000000000,0.431064546,0.500000000,0.200000003,0.709263802,40.637822392,0.000000000,0.000112792,0.000000000,0.100000001
2026-07-04 23:23:54.644,1783178634.644773722,426.914947356,1,1,426.902780781,1,0.002943442,5,1,0.004578398,5,1,0,1,0,0,1,1,1,0,1,0,-1.000000000,0.000000000,0.000000000,0.000000000,0,-1.000000000,0,0,0,,0,-1.000000000,,0,0,0.000000000,0.000000000,0,-1.000000000,0,,0,-1.000000000,,0,-1.000000000,0,,1,-0.065094568,-3.729644006,-0.021978378,0.026862144,1,3.120180368,178.773166430,-0.002442360,-2.755556107,1,-2.880084276,-165.016673668,-0.002442360,2.687179565,1,-0.184062004,-10.545976003,0.007326126,0.422466278,1,0.629498482,36.067606214,0.012210846,-0.003663063,-0.057846643,-3.314368505,0.000000000,-0.000000000,6.000000000,2.500000000,3.143450975,180.106473998,0.000000000,-2.770881653,2.000000000,0.500000000,-2.880847216,-165.060386879,0.000000000,2.693999767,1.000000000,0.500000000,-0.189021111,-10.830111873,0.000000000,0.431064546,0.500000000,0.200000003,0.709263802,40.637822392,0.000000000,0.000112792,0.000000000,0.100000001
2026-07-04 23:23:55.644,1783178635.644573927,427.914747899,1,1,427.902581324,1,0.003710751,5,1,0.004387200,5,1,0,1,0,0,1,1,1,0,1,0,-1.000000000,0.000000000,0.000000000,0.000000000,0,-1.000000000,0,0,0,,0,-1.000000000,,0,0,0.000000000,0.000000000,0,-1.000000000,0,,0,-1.000000000,,0,-1.000000000,0,,1,-0.065094568,-3.729644006,0.007326126,0.036629677,1,3.120180368,178.773166430,0.002442360,-2.741880417,1,-2.880084276,-165.016673668,-0.002442360,2.673503876,1,-0.184443474,-10.567832608,-0.021978378,0.422466278,1,0.629498482,36.067606214,-0.012210846,-0.003663063,-0.057846643,-3.314368505,0.000000000,-0.000000000,6.000000000,2.500000000,3.143450975,180.106473998,0.000000000,-2.770881653,2.000000000,0.500000000,-2.880847216,-165.060386879,0.000000000,2.693999767,1.000000000,0.500000000,-0.189021111,-10.830111873,0.000000000,0.431064546,0.500000000,0.200000003,0.709263802,40.637822392,0.000000000,0.000112792,0.000000000,0.100000001
2026-07-04 23:23:56.644,1783178636.644322634,428.914496359,1,1,428.902329784,1,0.003743531,5,1,0.004648415,5,1,0,1,0,0,1,1,1,0,1,0,-1.000000000,0.000000000,0.000000000,0.000000000,0,-1.000000000,0,0,0,,0,-1.000000000,,0,0,0.000000000,0.000000000,0,-1.000000000,0,,0,-1.000000000,,0,-1.000000000,0,,1,-0.061279871,-3.511077953,-0.007326126,-0.002442360,1,3.120180368,178.773166430,-0.002442360,-2.741880417,1,-2.880084276,-165.016673668,-0.002442360,2.673503876,1,-0.184443474,-10.567832608,-0.007326126,0.422466278,1,0.629498482,36.067606214,-0.012210846,-0.003663063,-0.057846643,-3.314368505,0.000000000,-0.000000000,6.000000000,2.500000000,3.143450975,180.106473998,0.000000000,-2.770881653,2.000000000,0.500000000,-2.880847216,-165.060386879,0.000000000,2.693999767,1.000000000,0.500000000,-0.189021111,-10.830111873,0.000000000,0.431064546,0.500000000,0.200000003,0.709263802,40.637822392,0.000000000,0.000112792,0.000000000,0.100000001
2026-07-04 23:23:57.644,1783178637.644123554,429.914297495,1,1,429.902130920,1,0.003648807,5,1,0.004599028,5,1,0,1,0,0,1,1,1,0,1,0,-1.000000000,0.000000000,0.000000000,0.000000000,0,-1.000000000,0,0,0,,0,-1.000000000,,0,0,0.000000000,0.000000000,0,-1.000000000,0,,0,-1.000000000,,0,-1.000000000,0,,1,-0.061279871,-3.511077953,-0.007326126,-0.007326126,1,3.120180368,178.773166430,0.002442360,-2.755556107,1,-2.880084276,-165.016673668,-0.002442360,2.673503876,1,-0.184443474,-10.567832608,-0.021978378,0.422466278,1,0.629881859,36.089572103,0.012210846,-0.003663063,-0.057846643,-3.314368505,0.000000000,-0.000000000,6.000000000,2.500000000,3.143450975,180.106473998,0.000000000,-2.770881653,2.000000000,0.500000000,-2.880847216,-165.060386879,0.000000000,2.693999767,1.000000000,0.500000000,-0.189021111,-10.830111873,0.000000000,0.431064546,0.500000000,0.200000003,0.709263802,40.637822392,0.000000000,0.000112792,0.000000000,0.100000001
2026-07-04 23:23:58.644,1783178638.644312620,430.914486496,1,1,430.902319921,1,0.003989716,5,1,0.004804852,5,1,0,1,0,0,1,1,1,0,1,0,-1.000000000,0.000000000,0.000000000,0.000000000,0,-1.000000000,0,0,0,,0,-1.000000000,,0,0,0.000000000,0.000000000,0,-1.000000000,0,,0,-1.000000000,,0,-1.000000000,0,,1,-0.061279871,-3.511077953,-0.007326126,-0.002442360,1,3.120180368,178.773166430,-0.002442360,-2.741880417,1,-2.880084276,-165.016673668,-0.002442360,2.673503876,1,-0.184443474,-10.567832608,-0.007326126,0.422466278,1,0.629881859,36.089572103,0.012210846,-0.003663063,-0.057846643,-3.314368505,0.000000000,-0.000000000,6.000000000,2.500000000,3.143450975,180.106473998,0.000000000,-2.770881653,2.000000000,0.500000000,-2.880847216,-165.060386879,0.000000000,2.693999767,1.000000000,0.500000000,-0.189021111,-10.830111873,0.000000000,0.431064546,0.500000000,0.200000003,0.709263802,40.637822392,0.000000000,0.000112792,0.000000000,0.100000001
2026-07-04 23:23:59.643,1783178639.643698454,431.913872203,1,1,431.901705628,1,0.003157916,5,1,0.004039041,5,1,0,1,0,0,1,1,1,0,1,0,-1.000000000,0.000000000,0.000000000,0.000000000,0,-1.000000000,0,0,0,,0,-1.000000000,,0,0,0.000000000,0.000000000,0,-1.000000000,0,,0,-1.000000000,,0,-1.000000000,0,,1,-0.061279871,-3.511077953,0.007326126,-0.002442360,1,3.120180368,178.773166430,0.002442360,-2.741880417,1,-2.880084276,-165.016673668,0.002442360,2.673503876,1,-0.184443474,-10.567832608,-0.007326126,0.422466278,1,0.629881859,36.089572103,0.012210846,-0.003663063,-0.057846643,-3.314368505,0.000000000,-0.000000000,6.000000000,2.500000000,3.143450975,180.106473998,0.000000000,-2.770881653,2.000000000,0.500000000,-2.880847216,-165.060386879,0.000000000,2.693999767,1.000000000,0.500000000,-0.189021111,-10.830111873,0.000000000,0.431064546,0.500000000,0.200000003,0.709263802,40.637822392,0.000000000,0.000112792,0.000000000,0.100000001
2026-07-04 23:24:00.643,1783178640.643446207,432.913620240,1,1,432.901453665,1,0.003586383,5,1,0.004747040,5,1,0,1,0,0,1,1,1,0,1,0,-1.000000000,0.000000000,0.000000000,0.000000000,0,-1.000000000,0,0,0,,0,-1.000000000,,0,0,0.000000000,0.000000000,0,-1.000000000,0,,0,-1.000000000,,0,-1.000000000,0,,1,-0.078065492,-4.472823229,0.080585480,0.085470200,1,3.120561838,178.795023036,-0.002442360,-2.741880417,1,-2.880084276,-165.016673668,0.002442360,2.673503876,1,-0.184443474,-10.567832608,0.007326126,0.417582512,1,0.632949829,36.265353851,0.012210846,-0.003663063,-0.057846643,-3.314368505,0.000000000,-0.000000000,6.000000000,2.500000000,3.143450975,180.106473998,0.000000000,-2.770881653,2.000000000,0.500000000,-2.880847216,-165.060386879,0.000000000,2.693999767,1.000000000,0.500000000,-0.189021111,-10.830111873,0.000000000,0.431064546,0.500000000,0.200000003,0.709263802,40.637822392,0.000000000,0.000112792,0.000000000,0.100000001
2026-07-04 23:24:01.643,1783178641.643270254,433.913443890,1,1,433.901277315,1,0.003456501,5,1,0.004621240,5,1,0,1,0,0,1,1,1,0,1,0,-1.000000000,0.000000000,0.000000000,0.000000000,0,-1.000000000,0,0,0,,0,-1.000000000,,0,0,0.000000000,0.000000000,0,-1.000000000,0,,0,-1.000000000,,0,-1.000000000,0,,0,-0.057465173,-3.292511899,-0.505495071,1.506715775,0,3.022523165,173.177820821,1.521367073,-4.013675690,0,-2.880084276,-165.016673668,-0.002442360,2.673503876,0,-0.183680534,-10.524119398,-0.007326126,0.422466278,0,0.633333206,36.287319739,-0.061050415,-0.003663063,-0.057846643,-3.314368505,0.000000000,-0.000000000,6.000000000,2.500000000,3.143450975,180.106473998,0.000000000,-2.770881653,2.000000000,0.500000000,-2.880847216,-165.060386879,0.000000000,2.693999767,1.000000000,0.500000000,-0.189021111,-10.830111873,0.000000000,0.431064546,0.500000000,0.200000003,0.709263802,40.637822392,0.000000000,0.000112792,0.000000000,0.100000001
2026-07-04 23:24:02.643,1783178642.643095016,434.913268915,1,1,434.901102340,1,0.003494320,5,1,0.004223421,5,1,0,1,0,0,1,1,1,0,1,0,-1.000000000,0.000000000,0.000000000,0.000000000,0,-1.000000000,0,0,0,,0,-1.000000000,,0,0,0.000000000,0.000000000,0,-1.000000000,0,,0,-1.000000000,,0,-1.000000000,0,,1,-0.060516931,-3.467364742,0.212453842,-0.456654549,1,3.120561838,178.795023036,-0.002442360,-2.741880417,1,-2.880084276,-165.016673668,-0.002442360,2.687179565,1,-0.184443474,-10.567832608,-0.007326126,0.422466278,1,0.633716583,36.309285628,-0.012210846,-0.003663063,-0.057846643,-3.314368505,0.000000000,-0.000000000,6.000000000,2.500000000,3.143450975,180.106473998,0.000000000,-2.770881653,2.000000000,0.500000000,-2.880847216,-165.060386879,0.000000000,2.693999767,1.000000000,0.500000000,-0.189021111,-10.830111873,0.000000000,0.431064546,0.500000000,0.200000003,0.709263802,40.637822392,0.000000000,0.000112792,0.000000000,0.100000001
2026-07-04 23:24:03.642,1783178643.642844915,435.913018659,1,1,435.900852084,1,0.003647678,5,1,0.004454332,5,1,0,1,0,0,1,1,1,0,1,0,-1.000000000,0.000000000,0.000000000,0.000000000,0,-1.000000000,0,0,0,,0,-1.000000000,,0,0,0.000000000,0.000000000,0,-1.000000000,0,,0,-1.000000000,,0,-1.000000000,0,,1,-0.056320764,-3.226942083,0.007326126,-0.031745911,1,3.122087717,178.882449457,-0.002442360,-2.741880417,1,-2.880084276,-165.016673668,-0.007326126,2.687179565,1,-0.184443474,-10.567832608,-0.007326126,0.422466278,1,0.633333206,36.287319739,-0.012210846,-0.003663063,-0.057846643,-3.314368505,0.000000000,-0.000000000,6.000000000,2.500000000,3.143450975,180.106473998,0.000000000,-2.770881653,2.000000000,0.500000000,-2.880847216,-165.060386879,0.000000000,2.693999767,1.000000000,0.500000000,-0.189021111,-10.830111873,0.000000000,0.431064546,0.500000000,0.200000003,0.709263802,40.637822392,0.000000000,0.000112792,0.000000000,0.100000001
2026-07-04 23:24:04.642,1783178644.642618656,436.912792510,1,1,436.900625935,1,0.002766228,5,1,0.004510324,5,1,0,1,0,0,1,1,1,0,1,0,-1.000000000,0.000000000,0.000000000,0.000000000,0,-1.000000000,0,0,0,,0,-1.000000000,,0,0,0.000000000,0.000000000,0,-1.000000000,0,,0,-1.000000000,,0,-1.000000000,0,,1,-0.065094568,-3.729644006,-0.021978378,0.065934181,1,3.122469187,178.904306062,-0.002442360,-2.755556107,1,-2.880084276,-165.016673668,-0.002442360,2.673503876,1,-0.184062004,-10.545976003,-0.021978378,0.417582512,1,0.633333206,36.287319739,-0.036628723,-0.003663063,-0.057846643,-3.314368505,0.000000000,-0.000000000,6.000000000,2.500000000,3.143450975,180.106473998,0.000000000,-2.770881653,2.000000000,0.500000000,-2.880847216,-165.060386879,0.000000000,2.693999767,1.000000000,0.500000000,-0.189021111,-10.830111873,0.000000000,0.431064546,0.500000000,0.200000003,0.709263802,40.637822392,0.000000000,0.000112792,0.000000000,0.100000001
2026-07-04 23:24:05.642,1783178645.642427444,437.912601276,1,1,437.900434701,1,0.003774512,5,1,0.004613908,5,1,0,1,0,0,1,1,1,0,1,0,-1.000000000,0.000000000,0.000000000,0.000000000,0,-1.000000000,0,0,0,,0,-1.000000000,,0,0,0.000000000,0.000000000,0,-1.000000000,0,,0,-1.000000000,,0,-1.000000000,0,,1,-0.065094568,-3.729644006,-0.007326126,0.021978378,1,3.122469187,178.904306062,0.002442360,-2.755556107,1,-2.880084276,-165.016673668,-0.002442360,2.687179565,1,-0.184062004,-10.545976003,-0.007326126,0.422466278,1,0.633333206,36.287319739,-0.012210846,-0.003663063,-0.057846643,-3.314368505,0.000000000,-0.000000000,6.000000000,2.500000000,3.143450975,180.106473998,0.000000000,-2.770881653,2.000000000,0.500000000,-2.880847216,-165.060386879,0.000000000,2.693999767,1.000000000,0.500000000,-0.189021111,-10.830111873,0.000000000,0.431064546,0.500000000,0.200000003,0.709263802,40.637822392,0.000000000,0.000112792,0.000000000,0.100000001
2026-07-04 23:24:06.642,1783178646.642246723,438.912420455,1,1,438.900253880,1,0.003847666,5,1,0.004666537,5,1,0,1,0,0,1,1,1,0,1,0,-1.000000000,0.000000000,0.000000000,0.000000000,0,-1.000000000,0,0,0,,0,-1.000000000,,0,0,0.000000000,0.000000000,0,-1.000000000,0,,0,-1.000000000,,0,-1.000000000,0,,1,-0.065094568,-3.729644006,0.007326126,0.041514397,1,3.118273020,178.663883404,-0.002442360,-2.741880417,1,-2.880084276,-165.016673668,-0.002442360,2.673503876,1,-0.184824944,-10.589689214,-0.007326126,0.422466278,1,0.633333206,36.287319739,-0.012210846,-0.003663063,-0.057846643,-3.314368505,0.000000000,-0.000000000,6.000000000,2.500000000,3.143450975,180.106473998,0.000000000,-2.770881653,2.000000000,0.500000000,-2.880847216,-165.060386879,0.000000000,2.693999767,1.000000000,0.500000000,-0.189021111,-10.830111873,0.000000000,0.431064546,0.500000000,0.200000003,0.709263802,40.637822392,0.000000000,0.000112792,0.000000000,0.100000001
2026-07-04 23:24:07.642,1783178647.642022610,439.912196386,1,1,439.900029811,1,0.003663953,5,1,0.004576351,5,1,0,1,0,0,1,1,1,0,1,0,-1.000000000,0.000000000,0.000000000,0.000000000,0,-1.000000000,0,0,0,,0,-1.000000000,,0,0,0.000000000,0.000000000,0,-1.000000000,0,,0,-1.000000000,,0,-1.000000000,0,,1,-0.061279871,-3.511077953,-0.007326126,-0.002442360,1,3.116365671,178.554600377,0.002442360,-2.741880417,1,-2.880084276,-165.016673668,-0.002442360,2.673503876,1,-0.184062004,-10.545976003,-0.007326126,0.422466278,1,0.633333206,36.287319739,-0.012210846,-0.003663063,-0.057846643,-3.314368505,0.000000000,-0.000000000,6.000000000,2.500000000,3.143450975,180.106473998,0.000000000,-2.770881653,2.000000000,0.500000000,-2.880847216,-165.060386879,0.000000000,2.693999767,1.000000000,0.500000000,-0.189021111,-10.830111873,0.000000000,0.431064546,0.500000000,0.200000003,0.709263802,40.637822392,0.000000000,0.000112792,0.000000000,0.100000001
2026-07-04 23:24:08.642,1783178648.642061234,440.912235134,1,1,440.900068559,1,0.003994843,5,1,0.004992713,5,1,0,1,0,0,1,1,1,0,1,0,-1.000000000,0.000000000,0.000000000,0.000000000,0,-1.000000000,0,0,0,,0,-1.000000000,,0,0,0.000000000,0.000000000,0,-1.000000000,0,,0,-1.000000000,,0,-1.000000000,0,,1,-0.061279871,-3.511077953,-0.007326126,-0.002442360,1,3.116365671,178.554600377,-0.002442360,-2.741880417,1,-2.880084276,-165.016673668,-0.002442360,2.673503876,1,-0.184443474,-10.567832608,-0.007326126,0.422466278,1,0.633333206,36.287319739,-0.012210846,-0.003663063,-0.057846643,-3.314368505,0.000000000,-0.000000000,6.000000000,2.500000000,3.143450975,180.106473998,0.000000000,-2.770881653,2.000000000,0.500000000,-2.880847216,-165.060386879,0.000000000,2.693999767,1.000000000,0.500000000,-0.189021111,-10.830111873,0.000000000,0.431064546,0.500000000,0.200000003,0.709263802,40.637822392,0.000000000,0.000112792,0.000000000,0.100000001
2026-07-04 23:24:09.641,1783178649.641522884,441.911696855,1,1,441.899530280,1,0.003833988,5,1,0.004658447,5,1,0,1,0,0,1,1,1,0,1,0,-1.000000000,0.000000000,0.000000000,0.000000000,0,-1.000000000,0,0,0,,0,-1.000000000,,0,0,0.000000000,0.000000000,0,-1.000000000,0,,0,-1.000000000,,0,-1.000000000,0,,1,-0.061279871,-3.511077953,-0.007326126,-0.007326126,1,3.116365671,178.554600377,-0.002442360,-2.741880417,1,-2.880084276,-165.016673668,0.002442360,2.687179565,1,-0.184062004,-10.545976003,-0.007326126,0.417582512,1,0.633333206,36.287319739,0.012210846,-0.003663063,-0.057846643,-3.314368505,0.000000000,-0.000000000,6.000000000,2.500000000,3.143450975,180.106473998,0.000000000,-2.770881653,2.000000000,0.500000000,-2.880847216,-165.060386879,0.000000000,2.693999767,1.000000000,0.500000000,-0.189021111,-10.830111873,0.000000000,0.431064546,0.500000000,0.200000003,0.709263802,40.637822392,0.000000000,0.000112792,0.000000000,0.100000001
2026-07-04 23:24:10.641,1783178650.641330242,442.911504016,1,1,442.899337441,1,0.003732014,5,1,0.004661713,5,1,0,1,0,0,1,1,1,0,1,0,-1.000000000,0.000000000,0.000000000,0.000000000,0,-1.000000000,0,0,0,,0,-1.000000000,,0,0,0.000000000,0.000000000,0,-1.000000000,0,,0,-1.000000000,,0,-1.000000000,0,,1,-0.061279871,-3.511077953,0.007326126,-0.007326126,1,3.116365671,178.554600377,-0.002442360,-2.741880417,1,-2.880084276,-165.016673668,-0.002442360,2.673503876,1,-0.184062004,-10.545976003,-0.007326126,0.422466278,1,0.633333206,36.287319739,-0.012210846,-0.003663063,-0.057846643,-3.314368505,0.000000000,-0.000000000,6.000000000,2.500000000,3.143450975,180.106473998,0.000000000,-2.770881653,2.000000000,0.500000000,-2.880847216,-165.060386879,0.000000000,2.693999767,1.000000000,0.500000000,-0.189021111,-10.830111873,0.000000000,0.431064546,0.500000000,0.200000003,0.709263802,40.637822392,0.000000000,0.000112792,0.000000000,0.100000001
2026-07-04 23:24:11.641,1783178651.641125917,443.911299778,1,1,443.899133203,1,0.003718446,5,1,0.004534712,5,1,0,1,0,0,1,1,1,0,1,0,-1.000000000,0.000000000,0.000000000,0.000000000,0,-1.000000000,0,0,0,,0,-1.000000000,,0,0,0.000000000,0.000000000,0,-1.000000000,0,,0,-1.000000000,,0,-1.000000000,0,,1,-0.061279871,-3.511077953,-0.007326126,-0.002442360,1,3.116365671,178.554600377,-0.002442360,-2.741880417,1,-2.880084276,-165.016673668,-0.002442360,2.673503876,1,-0.184443474,-10.567832608,-0.007326126,0.422466278,1,0.633333206,36.287319739,-0.012210846,-0.003663063,-0.057846643,-3.314368505,0.000000000,-0.000000000,6.000000000,2.500000000,3.143450975,180.106473998,0.000000000,-2.770881653,2.000000000,0.500000000,-2.880847216,-165.060386879,0.000000000,2.693999767,1.000000000,0.500000000,-0.189021111,-10.830111873,0.000000000,0.431064546,0.500000000,0.200000003,0.709263802,40.637822392,0.000000000,0.000112792,0.000000000,0.100000001
2026-07-04 23:24:12.640,1783178652.640889406,444.911063243,1,1,444.898896668,1,0.003616609,5,1,0.004548546,5,1,0,1,0,0,1,1,1,0,1,0,-1.000000000,0.000000000,0.000000000,0.000000000,0,-1.000000000,0,0,0,,0,-1.000000000,,0,0,0.000000000,0.000000000,0,-1.000000000,0,,0,-1.000000000,,0,-1.000000000,0,,1,-0.061279871,-3.511077953,-0.007326126,-0.002442360,1,3.116365671,178.554600377,-0.002442360,-2.741880417,1,-2.880084276,-165.016673668,-0.007326126,2.673503876,1,-0.184443474,-10.567832608,-0.007326126,0.422466278,1,0.633333206,36.287319739,-0.036628723,-0.003663063,-0.057846643,-3.314368505,0.000000000,-0.000000000,6.000000000,2.500000000,3.143450975,180.106473998,0.000000000,-2.770881653,2.000000000,0.500000000,-2.880847216,-165.060386879,0.000000000,2.693999767,1.000000000,0.500000000,-0.189021111,-10.830111873,0.000000000,0.431064546,0.500000000,0.200000003,0.709263802,40.637822392,0.000000000,0.000112792,0.000000000,0.100000001
2026-07-04 23:24:13.640,1783178653.640757322,445.910931040,1,1,445.898764465,1,0.003809469,5,1,0.004646688,5,1,0,1,0,0,1,1,1,0,1,0,-1.000000000,0.000000000,0.000000000,0.000000000,0,-1.000000000,0,0,0,,0,-1.000000000,,0,0,0.000000000,0.000000000,0,-1.000000000,0,,0,-1.000000000,,0,-1.000000000,0,,1,-0.061279871,-3.511077953,-0.007326126,-0.007326126,1,3.116365671,178.554600377,-0.002442360,-2.741880417,1,-2.880084276,-165.016673668,-0.002442360,2.673503876,1,-0.184062004,-10.545976003,-0.007326126,0.422466278,1,0.633333206,36.287319739,-0.012210846,-0.003663063,-0.057846643,-3.314368505,0.000000000,-0.000000000,6.000000000,2.500000000,3.143450975,180.106473998,0.000000000,-2.770881653,2.000000000,0.500000000,-2.880847216,-165.060386879,0.000000000,2.693999767,1.000000000,0.500000000,-0.189021111,-10.830111873,0.000000000,0.431064546,0.500000000,0.200000003,0.709263802,40.637822392,0.000000000,0.000112792,0.000000000,0.100000001
2026-07-04 23:24:14.640,1783178654.640457392,446.910631305,1,1,446.898464730,1,0.003734177,5,1,0.004734834,5,1,0,1,0,0,1,1,1,0,1,0,-1.000000000,0.000000000,0.000000000,0.000000000,0,-1.000000000,0,0,0,,0,-1.000000000,,0,0,0.000000000,0.000000000,0,-1.000000000,0,,0,-1.000000000,,0,-1.000000000,0,,1,-0.061279871,-3.511077953,-0.021978378,-0.007326126,1,3.116365671,178.554600377,-0.002442360,-2.741880417,1,-2.880084276,-165.016673668,-0.002442360,2.673503876,1,-0.184062004,-10.545976003,-0.007326126,0.422466278,1,0.633333206,36.287319739,-0.012210846,-0.003663063,-0.057846643,-3.314368505,0.000000000,-0.000000000,6.000000000,2.500000000,3.143450975,180.106473998,0.000000000,-2.770881653,2.000000000,0.500000000,-2.880847216,-165.060386879,0.000000000,2.693999767,1.000000000,0.500000000,-0.189021111,-10.830111873,0.000000000,0.431064546,0.500000000,0.200000003,0.709263802,40.637822392,0.000000000,0.000112792,0.000000000,0.100000001
2026-07-04 23:24:15.640,1783178655.640254259,447.910428072,1,1,447.898261497,1,0.003812601,5,1,0.004649759,5,1,0,1,0,0,1,1,1,0,1,0,-1.000000000,0.000000000,0.000000000,0.000000000,0,-1.000000000,0,0,0,,0,-1.000000000,,0,0,0.000000000,0.000000000,0,-1.000000000,0,,0,-1.000000000,,0,-1.000000000,0,,1,-0.066238977,-3.795213822,-0.007326126,0.041514397,1,3.116365671,178.554600377,-0.002442360,-2.741880417,1,-2.880084276,-165.016673668,-0.002442360,2.673503876,1,-0.184062004,-10.545976003,-0.007326126,0.422466278,1,0.633333206,36.287319739,-0.036628723,-0.003663063,-0.057846643,-3.314368505,0.000000000,-0.000000000,6.000000000,2.500000000,3.143450975,180.106473998,0.000000000,-2.770881653,2.000000000,0.500000000,-2.880847216,-165.060386879,0.000000000,2.693999767,1.000000000,0.500000000,-0.189021111,-10.830111873,0.000000000,0.431064546,0.500000000,0.200000003,0.709263802,40.637822392,0.000000000,0.000112792,0.000000000,0.100000001
2026-07-04 23:24:16.640,1783178656.640030384,448.910204223,1,1,448.898037648,1,0.003726060,5,1,0.004689743,5,1,0,1,0,0,1,1,1,0,1,0,-1.000000000,0.000000000,0.000000000,0.000000000,0,-1.000000000,0,0,0,,0,-1.000000000,,0,0,0.000000000,0.000000000,0,-1.000000000,0,,0,-1.000000000,,0,-1.000000000,0,,1,-0.074250795,-4.254257176,-0.007326126,0.075701714,1,3.116365671,178.554600377,-0.002442360,-2.728204727,1,-2.880084276,-165.016673668,-0.007326126,2.687179565,1,-0.184443474,-10.567832608,-0.007326126,0.422466278,1,0.633333206,36.287319739,0.012210846,-0.003663063,-0.057846643,-3.314368505,0.000000000,-0.000000000,6.000000000,2.500000000,3.143450975,180.106473998,0.000000000,-2.770881653,2.000000000,0.500000000,-2.880847216,-165.060386879,0.000000000,2.693999767,1.000000000,0.500000000,-0.189021111,-10.830111873,0.000000000,0.431064546,0.500000000,0.200000003,0.709263802,40.637822392,0.000000000,0.000112792,0.000000000,0.100000001
2026-07-04 23:24:17.639,1783178657.639852524,449.910026262,1,1,449.897859687,1,0.003529561,5,1,0.004558861,5,1,0,1,0,0,1,1,1,0,1,0,-1.000000000,0.000000000,0.000000000,0.000000000,0,-1.000000000,0,0,0,,0,-1.000000000,,0,0,0.000000000,0.000000000,0,-1.000000000,0,,0,-1.000000000,,0,-1.000000000,0,,1,-0.074250795,-4.254257176,-0.021978378,0.070817947,1,3.116365671,178.554600377,-0.002442360,-2.741880417,1,-2.880084276,-165.016673668,0.002442360,2.673503876,1,-0.184443474,-10.567832608,-0.007326126,0.422466278,1,0.633333206,36.287319739,-0.012210846,-0.003663063,-0.057846643,-3.314368505,0.000000000,-0.000000000,6.000000000,2.500000000,3.143450975,180.106473998,0.000000000,-2.770881653,2.000000000,0.500000000,-2.880847216,-165.060386879,0.000000000,2.693999767,1.000000000,0.500000000,-0.189021111,-10.830111873,0.000000000,0.431064546,0.500000000,0.200000003,0.709263802,40.637822392,0.000000000,0.000112792,0.000000000,0.100000001
2026-07-04 23:24:18.639,1783178658.639620781,450.909794611,1,1,450.897628036,1,0.003779727,5,1,0.004598282,5,1,0,1,0,0,1,1,1,0,1,0,-1.000000000,0.000000000,0.000000000,0.000000000,0,-1.000000000,0,0,0,,0,-1.000000000,,0,0,0.000000000,0.000000000,0,-1.000000000,0,,0,-1.000000000,,0,-1.000000000,0,,0,-0.074250795,-4.254257176,-0.021978378,0.075701714,1,3.116365671,178.554600377,-0.002442360,-2.741880417,1,-2.880084276,-165.016673668,-0.002442360,2.673503876,1,-0.184443474,-10.567832608,0.007326126,0.422466278,1,0.633333206,36.287319739,-0.012210846,-0.003663063,-0.057846643,-3.314368505,0.000000000,-0.000000000,6.000000000,2.500000000,3.143450975,180.106473998,0.000000000,-2.770881653,2.000000000,0.500000000,-2.880847216,-165.060386879,0.000000000,2.693999767,1.000000000,0.500000000,-0.189021111,-10.830111873,0.000000000,0.431064546,0.500000000,0.200000003,0.709263802,40.637822392,0.000000000,0.000112792,0.000000000,0.100000001
2026-07-04 23:24:19.639,1783178659.639409781,451.909583509,1,1,451.897416934,1,0.003633160,5,1,0.004585083,5,1,0,1,0,0,1,1,1,0,1,0,-1.000000000,0.000000000,0.000000000,0.000000000,0,-1.000000000,0,0,0,,0,-1.000000000,,0,0,0.000000000,0.000000000,0,-1.000000000,0,,0,-1.000000000,,0,-1.000000000,0,,1,-0.074632265,-4.276113781,-0.007326126,0.075701714,1,3.116365671,178.554600377,-0.002442360,-2.741880417,1,-2.880084276,-165.016673668,-0.002442360,2.673503876,1,-0.184443474,-10.567832608,-0.021978378,0.417582512,1,0.633333206,36.287319739,-0.036628723,-0.003663063,-0.057846643,-3.314368505,0.000000000,-0.000000000,6.000000000,2.500000000,3.143450975,180.106473998,0.000000000,-2.770881653,2.000000000,0.500000000,-2.880847216,-165.060386879,0.000000000,2.693999767,1.000000000,0.500000000,-0.189021111,-10.830111873,0.000000000,0.431064546,0.500000000,0.200000003,0.709263802,40.637822392,0.000000000,0.000112792,0.000000000,0.100000001
2026-07-04 23:24:20.639,1783178660.639477253,452.909650992,1,1,452.897484417,1,0.003911465,5,1,0.004947610,5,1,0,1,0,0,1,1,1,0,1,0,-1.000000000,0.000000000,0.000000000,0.000000000,0,-1.000000000,0,0,0,,0,-1.000000000,,0,0,0.000000000,0.000000000,0,-1.000000000,0,,0,-1.000000000,,0,-1.000000000,0,,1,-0.074250795,-4.254257176,0.007326126,0.070817947,1,3.116365671,178.554600377,-0.002442360,-2.741880417,1,-2.880084276,-165.016673668,-0.007326126,2.687179565,1,-0.184443474,-10.567832608,-0.007326126,0.417582512,1,0.633333206,36.287319739,-0.012210846,-0.003663063,-0.057846643,-3.314368505,0.000000000,-0.000000000,6.000000000,2.500000000,3.143450975,180.106473998,0.000000000,-2.770881653,2.000000000,0.500000000,-2.880847216,-165.060386879,0.000000000,2.693999767,1.000000000,0.500000000,-0.189021111,-10.830111873,0.000000000,0.431064546,0.500000000,0.200000003,0.709263802,40.637822392,0.000000000,0.000112792,0.000000000,0.100000001
2026-07-04 23:24:21.639,1783178661.639090061,453.909263918,1,1,453.897097343,1,0.003975890,5,1,0.004772788,5,1,0,1,0,0,1,1,1,0,1,0,-1.000000000,0.000000000,0.000000000,0.000000000,0,-1.000000000,0,0,0,,0,-1.000000000,,0,0,0.000000000,0.000000000,0,-1.000000000,0,,0,-1.000000000,,0,-1.000000000,0,,1,-0.074250795,-4.254257176,-0.021978378,0.075701714,1,3.116365671,178.554600377,0.002442360,-2.755556107,1,-2.880084276,-165.016673668,-0.002442360,2.673503876,1,-0.184062004,-10.545976003,-0.007326126,0.422466278,1,0.633333206,36.287319739,-0.012210846,-0.003663063,-0.057846643,-3.314368505,0.000000000,-0.000000000,6.000000000,2.500000000,3.143450975,180.106473998,0.000000000,-2.770881653,2.000000000,0.500000000,-2.880847216,-165.060386879,0.000000000,2.693999767,1.000000000,0.500000000,-0.189021111,-10.830111873,0.000000000,0.431064546,0.500000000,0.200000003,0.709263802,40.637822392,0.000000000,0.000112792,0.000000000,0.100000001
2026-07-04 23:24:22.638,1783178662.638744593,454.908918374,1,1,454.896751799,1,0.003741285,5,1,0.004541341,5,1,0,1,0,0,1,1,1,0,1,0,-1.000000000,0.000000000,0.000000000,0.000000000,0,-1.000000000,0,0,0,,0,-1.000000000,,0,0,0.000000000,0.000000000,0,-1.000000000,0,,0,-1.000000000,,0,-1.000000000,0,,1,-0.074250795,-4.254257176,-0.007326126,0.070817947,1,3.116365671,178.554600377,-0.002442360,-2.741880417,1,-2.880084276,-165.016673668,-0.002442360,2.673503876,1,-0.184443474,-10.567832608,0.007326126,0.422466278,1,0.633333206,36.287319739,-0.012210846,-0.001221180,-0.057846643,-3.314368505,0.000000000,-0.000000000,6.000000000,2.500000000,3.143450975,180.106473998,0.000000000,-2.770881653,2.000000000,0.500000000,-2.880847216,-165.060386879,0.000000000,2.693999767,1.000000000,0.500000000,-0.189021111,-10.830111873,0.000000000,0.431064546,0.500000000,0.200000003,0.709263802,40.637822392,0.000000000,0.000112792,0.000000000,0.100000001
2026-07-04 23:24:23.638,1783178663.638584137,455.908757992,1,1,455.896591417,1,0.003379062,5,1,0.004014564,5,1,0,1,0,0,1,1,1,0,1,0,-1.000000000,0.000000000,0.000000000,0.000000000,0,-1.000000000,0,0,0,,0,-1.000000000,,0,0,0.000000000,0.000000000,0,-1.000000000,0,,0,-1.000000000,,0,-1.000000000,0,,1,-0.074250795,-4.254257176,-0.021978378,0.075701714,1,3.116365671,178.554600377,-0.002442360,-2.741880417,1,-2.880084276,-165.016673668,-0.002442360,2.687179565,1,-0.184443474,-10.567832608,-0.007326126,0.422466278,1,0.633333206,36.287319739,-0.036628723,-0.003663063,-0.057846643,-3.314368505,0.000000000,-0.000000000,6.000000000,2.500000000,3.143450975,180.106473998,0.000000000,-2.770881653,2.000000000,0.500000000,-2.880847216,-165.060386879,0.000000000,2.693999767,1.000000000,0.500000000,-0.189021111,-10.830111873,0.000000000,0.431064546,0.500000000,0.200000003,0.709263802,40.637822392,0.000000000,0.000112792,0.000000000,0.100000001
2026-07-04 23:24:24.638,1783178664.638483524,456.908657293,1,1,456.896490718,1,0.003723826,5,1,0.004727897,5,1,0,1,0,0,1,1,1,0,1,0,-1.000000000,0.000000000,0.000000000,0.000000000,0,-1.000000000,0,0,0,,0,-1.000000000,,0,0,0.000000000,0.000000000,0,-1.000000000,0,,0,-1.000000000,,0,-1.000000000,0,,1,-0.074250795,-4.254257176,-0.021978378,0.075701714,1,3.116365671,178.554600377,-0.002442360,-2.728204727,1,-2.880084276,-165.016673668,-0.002442360,2.673503876,1,-0.184443474,-10.567832608,-0.007326126,0.417582512,1,0.633333206,36.287319739,-0.012210846,-0.003663063,-0.057846643,-3.314368505,0.000000000,-0.000000000,6.000000000,2.500000000,3.143450975,180.106473998,0.000000000,-2.770881653,2.000000000,0.500000000,-2.880847216,-165.060386879,0.000000000,2.693999767,1.000000000,0.500000000,-0.189021111,-10.830111873,0.000000000,0.431064546,0.500000000,0.200000003,0.709263802,40.637822392,0.000000000,0.000112792,0.000000000,0.100000001
2026-07-04 23:24:25.638,1783178665.638134956,457.908309006,1,1,457.896142431,1,0.003822521,5,1,0.004688961,5,1,0,1,0,0,1,1,1,0,1,0,-1.000000000,0.000000000,0.000000000,0.000000000,0,-1.000000000,0,0,0,,0,-1.000000000,,0,0,0.000000000,0.000000000,0,-1.000000000,0,,0,-1.000000000,,0,-1.000000000,0,,1,-0.074250795,-4.254257176,0.007326126,0.075701714,1,3.116365671,178.554600377,-0.002442360,-2.741880417,1,-2.880084276,-165.016673668,-0.002442360,2.687179565,1,-0.184062004,-10.545976003,-0.007326126,0.422466278,1,0.633333206,36.287319739,0.012210846,-0.003663063,-0.057846643,-3.314368505,0.000000000,-0.000000000,6.000000000,2.500000000,3.143450975,180.106473998,0.000000000,-2.770881653,2.000000000,0.500000000,-2.880847216,-165.060386879,0.000000000,2.693999767,1.000000000,0.500000000,-0.189021111,-10.830111873,0.000000000,0.431064546,0.500000000,0.200000003,0.709263802,40.637822392,0.000000000,0.000112792,0.000000000,0.100000001
2026-07-04 23:24:26.637,1783178666.637886763,458.908060478,1,1,458.895893903,1,0.003529175,5,1,0.004379625,5,1,0,1,0,0,1,1,1,0,1,0,-1.000000000,0.000000000,0.000000000,0.000000000,0,-1.000000000,0,0,0,,0,-1.000000000,,0,0,0.000000000,0.000000000,0,-1.000000000,0,,0,-1.000000000,,0,-1.000000000,0,,1,-0.074250795,-4.254257176,0.007326126,0.075701714,1,3.116365671,178.554600377,0.002442360,-2.728204727,1,-2.880084276,-165.016673668,-0.002442360,2.673503876,1,-0.184443474,-10.567832608,0.007326126,0.422466278,1,0.633333206,36.287319739,-0.012210846,-0.003663063,-0.057846643,-3.314368505,0.000000000,-0.000000000,6.000000000,2.500000000,3.143450975,180.106473998,0.000000000,-2.770881653,2.000000000,0.500000000,-2.880847216,-165.060386879,0.000000000,2.693999767,1.000000000,0.500000000,-0.189021111,-10.830111873,0.000000000,0.431064546,0.500000000,0.200000003,0.709263802,40.637822392,0.000000000,0.000112792,0.000000000,0.100000001
2026-07-04 23:24:27.637,1783178667.637685537,459.907859419,1,1,459.895692844,1,0.003689074,5,1,0.004644861,5,1,0,1,0,0,1,1,1,0,1,0,-1.000000000,0.000000000,0.000000000,0.000000000,0,-1.000000000,0,0,0,,0,-1.000000000,,0,0,0.000000000,0.000000000,0,-1.000000000,0,,0,-1.000000000,,0,-1.000000000,0,,1,-0.074250795,-4.254257176,-0.021978378,0.070817947,1,3.116365671,178.554600377,-0.002442360,-2.741880417,1,-2.880084276,-165.016673668,-0.002442360,2.673503876,1,-0.184443474,-10.567832608,-0.007326126,0.422466278,1,0.633333206,36.287319739,-0.012210846,-0.003663063,-0.057846643,-3.314368505,0.000000000,-0.000000000,6.000000000,2.500000000,3.143450975,180.106473998,0.000000000,-2.770881653,2.000000000,0.500000000,-2.880847216,-165.060386879,0.000000000,2.693999767,1.000000000,0.500000000,-0.189021111,-10.830111873,0.000000000,0.431064546,0.500000000,0.200000003,0.709263802,40.637822392,0.000000000,0.000112792,0.000000000,0.100000001
2026-07-04 23:24:28.637,1783178668.637477875,460.907651814,1,1,460.895485239,1,0.003753146,5,1,0.004630459,5,1,0,1,0,0,1,1,1,0,1,0,-1.000000000,0.000000000,0.000000000,0.000000000,0,-1.000000000,0,0,0,,0,-1.000000000,,0,0,0.000000000,0.000000000,0,-1.000000000,0,,0,-1.000000000,,0,-1.000000000,0,,1,-0.074250795,-4.254257176,-0.007326126,0.070817947,1,3.116365671,178.554600377,-0.002442360,-2.741880417,1,-2.880084276,-165.016673668,-0.002442360,2.673503876,1,-0.184443474,-10.567832608,-0.021978378,0.422466278,1,0.633333206,36.287319739,0.012210846,-0.003663063,-0.057846643,-3.314368505,0.000000000,-0.000000000,6.000000000,2.500000000,3.143450975,180.106473998,0.000000000,-2.770881653,2.000000000,0.500000000,-2.880847216,-165.060386879,0.000000000,2.693999767,1.000000000,0.500000000,-0.189021111,-10.830111873,0.000000000,0.431064546,0.500000000,0.200000003,0.709263802,40.637822392,0.000000000,0.000112792,0.000000000,0.100000001
2026-07-04 23:24:29.637,1783178669.637300491,461.907474349,1,1,461.895307774,1,0.003441790,5,1,0.004647723,5,1,0,1,0,0,1,1,1,0,1,0,-1.000000000,0.000000000,0.000000000,0.000000000,0,-1.000000000,0,0,0,,0,-1.000000000,,0,0,0.000000000,0.000000000,0,-1.000000000,0,,0,-1.000000000,,0,-1.000000000,0,,1,-0.074250795,-4.254257176,-0.007326126,0.075701714,1,3.116365671,178.554600377,-0.002442360,-2.728204727,1,-2.880084276,-165.016673668,0.002442360,2.687179565,1,-0.184062004,-10.545976003,-0.007326126,0.417582512,1,0.633333206,36.287319739,-0.012210846,-0.003663063,-0.057846643,-3.314368505,0.000000000,-0.000000000,6.000000000,2.500000000,3.143450975,180.106473998,0.000000000,-2.770881653,2.000000000,0.500000000,-2.880847216,-165.060386879,0.000000000,2.693999767,1.000000000,0.500000000,-0.189021111,-10.830111873,0.000000000,0.431064546,0.500000000,0.200000003,0.709263802,40.637822392,0.000000000,0.000112792,0.000000000,0.100000001
2026-07-04 23:24:30.637,1783178670.637075901,462.907249898,1,1,462.895083323,1,0.003554616,5,1,0.004630324,5,1,0,1,0,0,1,1,1,0,1,0,-1.000000000,0.000000000,0.000000000,0.000000000,0,-1.000000000,0,0,0,,0,-1.000000000,,0,0,0.000000000,0.000000000,0,-1.000000000,0,,0,-1.000000000,,0,-1.000000000,0,,1,-0.074250795,-4.254257176,-0.021978378,0.075701714,1,3.116365671,178.554600377,-0.002442360,-2.741880417,1,-2.880084276,-165.016673668,-0.002442360,2.687179565,1,-0.184062004,-10.545976003,-0.007326126,0.417582512,1,0.633333206,36.287319739,-0.012210846,-0.003663063,-0.057846643,-3.314368505,0.000000000,-0.000000000,6.000000000,2.500000000,3.143450975,180.106473998,0.000000000,-2.770881653,2.000000000,0.500000000,-2.880847216,-165.060386879,0.000000000,2.693999767,1.000000000,0.500000000,-0.189021111,-10.830111873,0.000000000,0.431064546,0.500000000,0.200000003,0.709263802,40.637822392,0.000000000,0.000112792,0.000000000,0.100000001
2026-07-04 23:24:31.637,1783178671.636964083,463.907137938,1,1,463.894971363,1,0.003869427,5,1,0.004770509,5,1,0,1,0,0,1,1,1,0,1,0,-1.000000000,0.000000000,0.000000000,0.000000000,0,-1.000000000,0,0,0,,0,-1.000000000,,0,0,0.000000000,0.000000000,0,-1.000000000,0,,0,-1.000000000,,0,-1.000000000,0,,1,-0.074250795,-4.254257176,0.007326126,0.075701714,1,3.116365671,178.554600377,-0.002442360,-2.741880417,1,-2.880084276,-165.016673668,-0.002442360,2.673503876,1,-0.184443474,-10.567832608,-0.007326126,0.422466278,1,0.633333206,36.287319739,-0.036628723,-0.003663063,-0.057846643,-3.314368505,0.000000000,-0.000000000,6.000000000,2.500000000,3.143450975,180.106473998,0.000000000,-2.770881653,2.000000000,0.500000000,-2.880847216,-165.060386879,0.000000000,2.693999767,1.000000000,0.500000000,-0.189021111,-10.830111873,0.000000000,0.431064546,0.500000000,0.200000003,0.709263802,40.637822392,0.000000000,0.000112792,0.000000000,0.100000001
2026-07-04 23:24:32.636,1783178672.636665583,464.906839322,1,1,464.894672747,1,0.003815217,5,1,0.004740720,5,1,0,1,0,0,1,1,1,0,1,0,-1.000000000,0.000000000,0.000000000,0.000000000,0,-1.000000000,0,0,0,,0,-1.000000000,,0,0,0.000000000,0.000000000,0,-1.000000000,0,,0,-1.000000000,,0,-1.000000000,0,,1,-0.074250795,-4.254257176,-0.007326126,0.080586433,1,3.116365671,178.554600377,0.002442360,-2.741880417,1,-2.880084276,-165.016673668,-0.002442360,2.673503876,1,-0.184443474,-10.567832608,-0.007326126,0.422466278,1,0.633333206,36.287319739,-0.036628723,-0.003663063,-0.057846643,-3.314368505,0.000000000,-0.000000000,6.000000000,2.500000000,3.143450975,180.106473998,0.000000000,-2.770881653,2.000000000,0.500000000,-2.880847216,-165.060386879,0.000000000,2.693999767,1.000000000,0.500000000,-0.189021111,-10.830111873,0.000000000,0.431064546,0.500000000,0.200000003,0.709263802,40.637822392,0.000000000,0.000112792,0.000000000,0.100000001
2026-07-04 23:24:33.636,1783178673.636473894,465.906647764,1,1,465.894481189,1,0.003847315,5,1,0.004719537,5,1,0,1,0,0,1,1,1,0,1,0,-1.000000000,0.000000000,0.000000000,0.000000000,0,-1.000000000,0,0,0,,0,-1.000000000,,0,0,0.000000000,0.000000000,0,-1.000000000,0,,0,-1.000000000,,0,-1.000000000,0,,1,-0.074250795,-4.254257176,-0.021978378,0.075701714,1,3.116365671,178.554600377,-0.002442360,-2.728204727,1,-2.880084276,-165.016673668,-0.002442360,2.673503876,1,-0.184443474,-10.567832608,-0.007326126,0.417582512,1,0.633333206,36.287319739,-0.012210846,-0.003663063,-0.057846643,-3.314368505,0.000000000,-0.000000000,6.000000000,2.500000000,3.143450975,180.106473998,0.000000000,-2.770881653,2.000000000,0.500000000,-2.880847216,-165.060386879,0.000000000,2.693999767,1.000000000,0.500000000,-0.189021111,-10.830111873,0.000000000,0.431064546,0.500000000,0.200000003,0.709263802,40.637822392,0.000000000,0.000112792,0.000000000,0.100000001
2026-07-04 23:24:34.636,1783178674.636255503,466.906429437,1,1,466.894262862,1,0.003727216,5,1,0.004675806,5,1,0,1,0,0,1,1,1,0,1,0,-1.000000000,0.000000000,0.000000000,0.000000000,0,-1.000000000,0,0,0,,0,-1.000000000,,0,0,0.000000000,0.000000000,0,-1.000000000,0,,0,-1.000000000,,0,-1.000000000,0,,1,-0.074250795,-4.254257176,-0.007326126,0.070817947,1,3.116365671,178.554600377,-0.002442360,-2.741880417,1,-2.880084276,-165.016673668,-0.007326126,2.673503876,1,-0.184443474,-10.567832608,-0.007326126,0.417582512,1,0.633333206,36.287319739,-0.012210846,-0.003663063,-0.057846643,-3.314368505,0.000000000,-0.000000000,6.000000000,2.500000000,3.143450975,180.106473998,0.000000000,-2.770881653,2.000000000,0.500000000,-2.880847216,-165.060386879,0.000000000,2.693999767,1.000000000,0.500000000,-0.189021111,-10.830111873,0.000000000,0.431064546,0.500000000,0.200000003,0.709263802,40.637822392,0.000000000,0.000112792,0.000000000,0.100000001
2026-07-04 23:24:35.636,1783178675.635982275,467.906156111,1,1,467.893989536,1,0.003620463,5,1,0.004501348,5,1,0,1,0,0,1,1,1,0,1,0,-1.000000000,0.000000000,0.000000000,0.000000000,0,-1.000000000,0,0,0,,0,-1.000000000,,0,0,0.000000000,0.000000000,0,-1.000000000,0,,0,-1.000000000,,0,-1.000000000,0,,1,-0.074250795,-4.254257176,0.007326126,0.075701714,1,3.116365671,178.554600377,0.002442360,-2.741880417,1,-2.880084276,-165.016673668,-0.002442360,2.673503876,1,-0.184443474,-10.567832608,-0.007326126,0.422466278,1,0.633333206,36.287319739,-0.036628723,-0.003663063,-0.057846643,-3.314368505,0.000000000,-0.000000000,6.000000000,2.500000000,3.143450975,180.106473998,0.000000000,-2.770881653,2.000000000,0.500000000,-2.880847216,-165.060386879,0.000000000,2.693999767,1.000000000,0.500000000,-0.189021111,-10.830111873,0.000000000,0.431064546,0.500000000,0.200000003,0.709263802,40.637822392,0.000000000,0.000112792,0.000000000,0.100000001
2026-07-04 23:24:36.635,1783178676.635768175,468.905941995,1,1,468.893775420,1,0.003823833,5,1,0.004690072,5,1,0,1,0,0,1,1,1,0,1,0,-1.000000000,0.000000000,0.000000000,0.000000000,0,-1.000000000,0,0,0,,0,-1.000000000,,0,0,0.000000000,0.000000000,0,-1.000000000,0,,0,-1.000000000,,0,-1.000000000,0,,1,-0.074250795,-4.254257176,-0.007326126,0.075701714,1,3.116365671,178.554600377,-0.007326126,-2.728204727,1,-2.880084276,-165.016673668,-0.002442360,2.673503876,1,-0.184062004,-10.545976003,0.007326126,0.422466278,1,0.633333206,36.287319739,-0.012210846,-0.003663063,-0.057846643,-3.314368505,0.000000000,-0.000000000,6.000000000,2.500000000,3.143450975,180.106473998,0.000000000,-2.770881653,2.000000000,0.500000000,-2.880847216,-165.060386879,0.000000000,2.693999767,1.000000000,0.500000000,-0.189021111,-10.830111873,0.000000000,0.431064546,0.500000000,0.200000003,0.709263802,40.637822392,0.000000000,0.000112792,0.000000000,0.100000001
2026-07-04 23:24:37.635,1783178677.635586262,469.905760269,1,1,469.893593694,1,0.003827584,5,1,0.004677428,5,1,0,1,0,0,1,1,1,0,1,0,-1.000000000,0.000000000,0.000000000,0.000000000,0,-1.000000000,0,0,0,,0,-1.000000000,,0,0,0.000000000,0.000000000,0,-1.000000000,0,,0,-1.000000000,,0,-1.000000000,0,,1,-0.074250795,-4.254257176,-0.007326126,0.075701714,1,3.116365671,178.554600377,-0.007326126,-2.728204727,1,-2.880084276,-165.016673668,-0.002442360,2.673503876,1,-0.184062004,-10.545976003,0.007326126,0.422466278,1,0.633333206,36.287319739,-0.012210846,-0.001221180,-0.057846643,-3.314368505,0.000000000,-0.000000000,6.000000000,2.500000000,3.143450975,180.106473998,0.000000000,-2.770881653,2.000000000,0.500000000,-2.880847216,-165.060386879,0.000000000,2.693999767,1.000000000,0.500000000,-0.189021111,-10.830111873,0.000000000,0.431064546,0.500000000,0.200000003,0.709263802,40.637822392,0.000000000,0.000112792,0.000000000,0.100000001
2026-07-04 23:24:38.635,1783178678.635387421,470.905561174,1,1,470.893394599,1,0.003696697,5,1,0.004650053,5,1,0,1,0,0,1,1,1,0,1,0,-1.000000000,0.000000000,0.000000000,0.000000000,0,-1.000000000,0,0,0,,0,-1.000000000,,0,0,0.000000000,0.000000000,0,-1.000000000,0,,0,-1.000000000,,0,-1.000000000,0,,1,-0.074250795,-4.254257176,-0.007326126,0.075701714,1,3.116365671,178.554600377,0.002442360,-2.741880417,1,-2.880084276,-165.016673668,0.002442360,2.673503876,1,-0.184443474,-10.567832608,-0.007326126,0.422466278,1,0.633333206,36.287319739,0.012210846,-0.003663063,-0.057846643,-3.314368505,0.000000000,-0.000000000,6.000000000,2.500000000,3.143450975,180.106473998,0.000000000,-2.770881653,2.000000000,0.500000000,-2.880847216,-165.060386879,0.000000000,2.693999767,1.000000000,0.500000000,-0.189021111,-10.830111873,0.000000000,0.431064546,0.500000000,0.200000003,0.709263802,40.637822392,0.000000000,0.000112792,0.000000000,0.100000001
2026-07-04 23:24:39.635,1783178679.635256052,471.905429855,1,1,471.893263280,1,0.003924368,5,1,0.004801682,5,1,0,1,0,0,1,1,1,0,1,0,-1.000000000,0.000000000,0.000000000,0.000000000,0,-1.000000000,0,0,0,,0,-1.000000000,,0,0,0.000000000,0.000000000,0,-1.000000000,0,,0,-1.000000000,,0,-1.000000000,0,,1,-0.074250795,-4.254257176,-0.007326126,0.075701714,1,3.116365671,178.554600377,-0.002442360,-2.741880417,1,-2.880084276,-165.016673668,0.002442360,2.673503876,1,-0.184062004,-10.545976003,0.007326126,0.422466278,1,0.633333206,36.287319739,-0.036628723,-0.003663063,-0.057846643,-3.314368505,0.000000000,-0.000000000,6.000000000,2.500000000,3.143450975,180.106473998,0.000000000,-2.770881653,2.000000000,0.500000000,-2.880847216,-165.060386879,0.000000000,2.693999767,1.000000000,0.500000000,-0.189021111,-10.830111873,0.000000000,0.431064546,0.500000000,0.200000003,0.709263802,40.637822392,0.000000000,0.000112792,0.000000000,0.100000001
2026-07-04 23:24:40.635,1783178680.634923697,472.905097712,1,1,472.892931137,1,0.003497234,5,1,0.004567487,5,1,0,1,0,0,1,1,1,0,1,0,-1.000000000,0.000000000,0.000000000,0.000000000,0,-1.000000000,0,0,0,,0,-1.000000000,,0,0,0.000000000,0.000000000,0,-1.000000000,0,,0,-1.000000000,,0,-1.000000000,0,,1,-0.074250795,-4.254257176,-0.021978378,0.075701714,1,3.116365671,178.554600377,0.002442360,-2.741880417,1,-2.880084276,-165.016673668,-0.002442360,2.673503876,1,-0.184062004,-10.545976003,-0.007326126,0.422466278,1,0.633333206,36.287319739,-0.012210846,-0.003663063,-0.057846643,-3.314368505,0.000000000,-0.000000000,6.000000000,2.500000000,3.143450975,180.106473998,0.000000000,-2.770881653,2.000000000,0.500000000,-2.880847216,-165.060386879,0.000000000,2.693999767,1.000000000,0.500000000,-0.189021111,-10.830111873,0.000000000,0.431064546,0.500000000,0.200000003,0.709263802,40.637822392,0.000000000,0.000112792,0.000000000,0.100000001
2026-07-04 23:24:41.634,1783178681.634719372,473.904893385,1,1,473.892726810,1,0.003588063,5,1,0.004663581,5,1,0,1,0,0,1,1,1,0,1,0,-1.000000000,0.000000000,0.000000000,0.000000000,0,-1.000000000,0,0,0,,0,-1.000000000,,0,0,0.000000000,0.000000000,0,-1.000000000,0,,0,-1.000000000,,0,-1.000000000,0,,1,-0.074250795,-4.254257176,0.007326126,0.070817947,1,3.116365671,178.554600377,-0.002442360,-2.728204727,1,-2.880084276,-165.016673668,-0.002442360,2.673503876,1,-0.184443474,-10.567832608,-0.021978378,0.417582512,1,0.633333206,36.287319739,-0.012210846,-0.003663063,-0.057846643,-3.314368505,0.000000000,-0.000000000,6.000000000,2.500000000,3.143450975,180.106473998,0.000000000,-2.770881653,2.000000000,0.500000000,-2.880847216,-165.060386879,0.000000000,2.693999767,1.000000000,0.500000000,-0.189021111,-10.830111873,0.000000000,0.431064546,0.500000000,0.200000003,0.709263802,40.637822392,0.000000000,0.000112792,0.000000000,0.100000001
2026-07-04 23:24:42.634,1783178682.634478092,474.904651963,1,1,474.892485388,1,0.003726940,5,1,0.004664646,5,1,0,1,0,0,1,1,1,0,1,0,-1.000000000,0.000000000,0.000000000,0.000000000,0,-1.000000000,0,0,0,,0,-1.000000000,,0,0,0.000000000,0.000000000,0,-1.000000000,0,,0,-1.000000000,,0,-1.000000000,0,,1,-0.074250795,-4.254257176,-0.007326126,0.070817947,1,3.116365671,178.554600377,-0.002442360,-2.741880417,1,-2.880084276,-165.016673668,-0.007326126,2.673503876,1,-0.184443474,-10.567832608,-0.007326126,0.422466278,1,0.633333206,36.287319739,0.012210846,-0.003663063,-0.057846643,-3.314368505,0.000000000,-0.000000000,6.000000000,2.500000000,3.143450975,180.106473998,0.000000000,-2.770881653,2.000000000,0.500000000,-2.880847216,-165.060386879,0.000000000,2.693999767,1.000000000,0.500000000,-0.189021111,-10.830111873,0.000000000,0.431064546,0.500000000,0.200000003,0.709263802,40.637822392,0.000000000,0.000112792,0.000000000,0.100000001
2026-07-04 23:24:43.634,1783178683.634251356,475.904425142,1,1,475.892258567,1,0.003640517,5,1,0.004660045,5,1,0,1,0,0,1,1,1,0,1,0,-1.000000000,0.000000000,0.000000000,0.000000000,0,-1.000000000,0,0,0,,0,-1.000000000,,0,0,0.000000000,0.000000000,0,-1.000000000,0,,0,-1.000000000,,0,-1.000000000,0,,1,-0.074632265,-4.276113781,-0.021978378,0.080586433,1,3.116365671,178.554600377,-0.002442360,-2.741880417,1,-2.880084276,-165.016673668,-0.007326126,2.673503876,1,-0.184443474,-10.567832608,-0.021978378,0.422466278,1,0.633333206,36.287319739,-0.061050415,-0.003663063,-0.057846643,-3.314368505,0.000000000,-0.000000000,6.000000000,2.500000000,3.143450975,180.106473998,0.000000000,-2.770881653,2.000000000,0.500000000,-2.880847216,-165.060386879,0.000000000,2.693999767,1.000000000,0.500000000,-0.189021111,-10.830111873,0.000000000,0.431064546,0.500000000,0.200000003,0.709263802,40.637822392,0.000000000,0.000112792,0.000000000,0.100000001
2026-07-04 23:24:44.634,1783178684.634083748,476.904257591,1,1,476.892091016,1,0.003735583,5,1,0.004668385,5,1,0,1,0,0,1,1,1,0,1,0,-1.000000000,0.000000000,0.000000000,0.000000000,0,-1.000000000,0,0,0,,0,-1.000000000,,0,0,0.000000000,0.000000000,0,-1.000000000,0,,0,-1.000000000,,0,-1.000000000,0,,1,-0.074250795,-4.254257176,-0.007326126,0.075701714,1,3.116365671,178.554600377,-0.002442360,-2.741880417,1,-2.880084276,-165.016673668,-0.002442360,2.673503876,1,-0.184443474,-10.567832608,-0.007326126,0.422466278,1,0.633333206,36.287319739,-0.012210846,-0.003663063,-0.057846643,-3.314368505,0.000000000,-0.000000000,6.000000000,2.500000000,3.143450975,180.106473998,0.000000000,-2.770881653,2.000000000,0.500000000,-2.880847216,-165.060386879,0.000000000,2.693999767,1.000000000,0.500000000,-0.189021111,-10.830111873,0.000000000,0.431064546,0.500000000,0.200000003,0.709263802,40.637822392,0.000000000,0.000112792,0.000000000,0.100000001
2026-07-04 23:24:45.633,1783178685.633853197,477.904027020,1,1,477.891860445,1,0.003725753,5,1,0.004624605,5,1,0,1,0,0,1,1,1,0,1,0,-1.000000000,0.000000000,0.000000000,0.000000000,0,-1.000000000,0,0,0,,0,-1.000000000,,0,0,0.000000000,0.000000000,0,-1.000000000,0,,0,-1.000000000,,0,-1.000000000,0,,1,-0.074250795,-4.254257176,-0.007326126,0.075701714,1,3.116365671,178.554600377,-0.002442360,-2.728204727,1,-2.880084276,-165.016673668,-0.007326126,2.673503876,1,-0.184443474,-10.567832608,-0.007326126,0.422466278,1,0.633333206,36.287319739,-0.012210846,-0.003663063,-0.057846643,-3.314368505,0.000000000,-0.000000000,6.000000000,2.500000000,3.143450975,180.106473998,0.000000000,-2.770881653,2.000000000,0.500000000,-2.880847216,-165.060386879,0.000000000,2.693999767,1.000000000,0.500000000,-0.189021111,-10.830111873,0.000000000,0.431064546,0.500000000,0.200000003,0.709263802,40.637822392,0.000000000,0.000112792,0.000000000,0.100000001
2026-07-04 23:24:46.633,1783178686.633646965,478.903820784,1,1,478.891654209,1,0.003787194,5,1,0.004580740,5,1,0,1,0,0,1,1,1,0,1,0,-1.000000000,0.000000000,0.000000000,0.000000000,0,-1.000000000,0,0,0,,0,-1.000000000,,0,0,0.000000000,0.000000000,0,-1.000000000,0,,0,-1.000000000,,0,-1.000000000,0,,1,-0.074250795,-4.254257176,-0.021978378,0.075701714,1,3.116365671,178.554600377,-0.002442360,-2.741880417,1,-2.880084276,-165.016673668,-0.002442360,2.673503876,1,-0.184443474,-10.567832608,-0.007326126,0.422466278,1,0.633333206,36.287319739,0.012210846,-0.003663063,-0.057846643,-3.314368505,0.000000000,-0.000000000,6.000000000,2.500000000,3.143450975,180.106473998,0.000000000,-2.770881653,2.000000000,0.500000000,-2.880847216,-165.060386879,0.000000000,2.693999767,1.000000000,0.500000000,-0.189021111,-10.830111873,0.000000000,0.431064546,0.500000000,0.200000003,0.709263802,40.637822392,0.000000000,0.000112792,0.000000000,0.100000001
2026-07-04 23:24:47.633,1783178687.633421898,479.903595687,1,1,479.891429112,1,0.003188762,5,1,0.004560162,5,1,0,1,0,0,1,1,1,0,1,0,-1.000000000,0.000000000,0.000000000,0.000000000,0,-1.000000000,0,0,0,,0,-1.000000000,,0,0,0.000000000,0.000000000,0,-1.000000000,0,,0,-1.000000000,,0,-1.000000000,0,,1,-0.074250795,-4.254257176,-0.007326126,0.070817947,1,3.116365671,178.554600377,-0.002442360,-2.728204727,1,-2.880084276,-165.016673668,-0.002442360,2.687179565,1,-0.184443474,-10.567832608,-0.007326126,0.417582512,1,0.632949829,36.265353851,-0.012210846,-0.003663063,-0.057846643,-3.314368505,0.000000000,-0.000000000,6.000000000,2.500000000,3.143450975,180.106473998,0.000000000,-2.770881653,2.000000000,0.500000000,-2.880847216,-165.060386879,0.000000000,2.693999767,1.000000000,0.500000000,-0.189021111,-10.830111873,0.000000000,0.431064546,0.500000000,0.200000003,0.709263802,40.637822392,0.000000000,0.000112792,0.000000000,0.100000001
2026-07-04 23:24:48.633,1783178688.633245230,480.903419036,1,1,480.891252461,1,0.003612451,5,1,0.004701929,5,1,0,1,0,0,1,1,1,0,1,0,-1.000000000,0.000000000,0.000000000,0.000000000,0,-1.000000000,0,0,0,,0,-1.000000000,,0,0,0.000000000,0.000000000,0,-1.000000000,0,,0,-1.000000000,,0,-1.000000000,0,,1,-0.074250795,-4.254257176,-0.007326126,0.075701714,1,3.116365671,178.554600377,-0.002442360,-2.741880417,1,-2.880084276,-165.016673668,-0.002442360,2.673503876,1,-0.184062004,-10.545976003,-0.007326126,0.422466278,1,0.633333206,36.287319739,-0.012210846,-0.003663063,-0.057846643,-3.314368505,0.000000000,-0.000000000,6.000000000,2.500000000,3.143450975,180.106473998,0.000000000,-2.770881653,2.000000000,0.500000000,-2.880847216,-165.060386879,0.000000000,2.693999767,1.000000000,0.500000000,-0.189021111,-10.830111873,0.000000000,0.431064546,0.500000000,0.200000003,0.709263802,40.637822392,0.000000000,0.000112792,0.000000000,0.100000001
2026-07-04 23:24:49.633,1783178689.633038282,481.903212256,1,1,481.891045681,1,0.003792480,5,1,0.004642748,5,1,0,1,0,0,1,1,1,0,1,0,-1.000000000,0.000000000,0.000000000,0.000000000,0,-1.000000000,0,0,0,,0,-1.000000000,,0,0,0.000000000,0.000000000,0,-1.000000000,0,,0,-1.000000000,,0,-1.000000000,0,,1,-0.074250795,-4.254257176,-0.021978378,0.075701714,1,3.116365671,178.554600377,-0.002442360,-2.741880417,1,-2.880084276,-165.016673668,-0.002442360,2.673503876,1,-0.184443474,-10.567832608,-0.007326126,0.422466278,1,0.633333206,36.287319739,0.012210846,-0.003663063,-0.057846643,-3.314368505,0.000000000,-0.000000000,6.000000000,2.500000000,3.143450975,180.106473998,0.000000000,-2.770881653,2.000000000,0.500000000,-2.880847216,-165.060386879,0.000000000,2.693999767,1.000000000,0.500000000,-0.189021111,-10.830111873,0.000000000,0.431064546,0.500000000,0.200000003,0.709263802,40.637822392,0.000000000,0.000112792,0.000000000,0.100000001
2026-07-04 23:24:50.632,1783178690.632882118,482.903055920,1,1,482.890889345,1,0.003808622,5,1,0.004762380,5,1,0,1,0,0,1,1,1,0,1,0,-1.000000000,0.000000000,0.000000000,0.000000000,0,-1.000000000,0,0,0,,0,-1.000000000,,0,0,0.000000000,0.000000000,0,-1.000000000,0,,0,-1.000000000,,0,-1.000000000,0,,1,-0.074632265,-4.276113781,-0.007326126,0.051281929,1,3.116365671,178.554600377,-0.002442360,-2.741880417,1,-2.880084276,-165.016673668,-0.002442360,2.673503876,1,-0.184443474,-10.567832608,-0.007326126,0.422466278,1,0.633333206,36.287319739,-0.036628723,-0.003663063,-0.057846643,-3.314368505,0.000000000,-0.000000000,6.000000000,2.500000000,3.143450975,180.106473998,0.000000000,-2.770881653,2.000000000,0.500000000,-2.880847216,-165.060386879,0.000000000,2.693999767,1.000000000,0.500000000,-0.189021111,-10.830111873,0.000000000,0.431064546,0.500000000,0.200000003,0.709263802,40.637822392,0.000000000,0.000112792,0.000000000,0.100000001
2026-07-04 23:24:51.632,1783178691.632562876,483.902736663,1,1,483.890570088,1,0.003801322,5,1,0.004638343,5,1,0,1,0,0,1,1,1,0,1,0,-1.000000000,0.000000000,0.000000000,0.000000000,0,-1.000000000,0,0,0,,0,-1.000000000,,0,0,0.000000000,0.000000000,0,-1.000000000,0,,0,-1.000000000,,0,-1.000000000,0,,1,-0.068146326,-3.904496849,-0.021978378,0.021978378,1,3.119035959,178.707596614,-0.002442360,-2.755556107,1,-2.880084276,-165.016673668,-0.002442360,2.673503876,1,-0.184062004,-10.545976003,-0.007326126,0.422466278,1,0.633333206,36.287319739,0.012210846,-0.003663063,-0.057846643,-3.314368505,0.000000000,-0.000000000,6.000000000,2.500000000,3.143450975,180.106473998,0.000000000,-2.770881653,2.000000000,0.500000000,-2.880847216,-165.060386879,0.000000000,2.693999767,1.000000000,0.500000000,-0.189021111,-10.830111873,0.000000000,0.431064546,0.500000000,0.200000003,0.709263802,40.637822392,0.000000000,0.000112792,0.000000000,0.100000001
2026-07-04 23:24:52.632,1783178692.632363319,484.902537158,1,1,484.890370583,1,0.003644854,5,1,0.004672038,5,1,0,1,0,0,1,1,1,0,1,0,-1.000000000,0.000000000,0.000000000,0.000000000,0,-1.000000000,0,0,0,,0,-1.000000000,,0,0,0.000000000,0.000000000,0,-1.000000000,0,,0,-1.000000000,,0,-1.000000000,0,,1,-0.068527795,-3.926353454,-0.212453842,0.642246246,1,3.075166941,176.194087000,0.515262604,-3.329914093,1,-2.880084276,-165.016673668,-0.002442360,2.673503876,1,-0.183680534,-10.524119398,-0.007326126,0.422466278,1,0.633716583,36.309285628,0.036628723,-0.003663063,-0.057846643,-3.314368505,0.000000000,-0.000000000,6.000000000,2.500000000,3.143450975,180.106473998,0.000000000,-2.770881653,2.000000000,0.500000000,-2.880847216,-165.060386879,0.000000000,2.693999767,1.000000000,0.500000000,-0.189021111,-10.830111873,0.000000000,0.431064546,0.500000000,0.200000003,0.709263802,40.637822392,0.000000000,0.000112792,0.000000000,0.100000001
2026-07-04 23:24:53.632,1783178693.632166147,485.902339928,1,1,485.890173353,1,0.003535004,5,1,0.004615783,5,1,0,1,0,0,1,1,1,0,1,0,-1.000000000,0.000000000,0.000000000,0.000000000,0,-1.000000000,0,0,0,,0,-1.000000000,,0,0,0.000000000,0.000000000,0,-1.000000000,0,,0,-1.000000000,,0,-1.000000000,0,,1,-0.065476038,-3.751500612,0.036630630,0.017093658,1,3.122087717,178.882449457,-0.002442360,-2.755556107,0,-2.880084276,-165.016673668,0.002442360,2.673503876,0,-0.184062004,-10.545976003,-0.036630630,0.432234764,1,0.633333206,36.287319739,-0.012210846,-0.003663063,-0.057846643,-3.314368505,0.000000000,-0.000000000,6.000000000,2.500000000,3.143450975,180.106473998,0.000000000,-2.770881653,2.000000000,0.500000000,-2.880847216,-165.060386879,0.000000000,2.693999767,1.000000000,0.500000000,-0.189021111,-10.830111873,0.000000000,0.431064546,0.500000000,0.200000003,0.709263802,40.637822392,0.000000000,0.000112792,0.000000000,0.100000001
2026-07-04 23:24:54.632,1783178694.631976128,486.902150047,1,1,486.889983472,1,0.003817596,5,1,0.004708096,5,1,0,1,0,0,1,1,1,0,1,0,-1.000000000,0.000000000,0.000000000,0.000000000,0,-1.000000000,0,0,0,,0,-1.000000000,,0,0,0.000000000,0.000000000,0,-1.000000000,0,,0,-1.000000000,,0,-1.000000000,0,,1,-0.064713098,-3.707787401,0.007326126,0.017093658,1,3.122087717,178.882449457,-0.007326126,-2.741880417,1,-2.880084276,-165.016673668,-0.002442360,2.687179565,1,-0.184062004,-10.545976003,-0.007326126,0.422466278,1,0.633333206,36.287319739,-0.036628723,-0.003663063,-0.057846643,-3.314368505,0.000000000,-0.000000000,6.000000000,2.500000000,3.143450975,180.106473998,0.000000000,-2.770881653,2.000000000,0.500000000,-2.880847216,-165.060386879,0.000000000,2.693999767,1.000000000,0.500000000,-0.189021111,-10.830111873,0.000000000,0.431064546,0.500000000,0.200000003,0.709263802,40.637822392,0.000000000,0.000112792,0.000000000,0.100000001
2026-07-04 23:24:55.631,1783178695.631764174,487.901938021,1,1,487.889771446,1,0.003833290,5,1,0.004606095,5,1,0,1,0,0,1,1,1,0,1,0,-1.000000000,0.000000000,0.000000000,0.000000000,0,-1.000000000,0,0,0,,0,-1.000000000,,0,0,0.000000000,0.000000000,0,-1.000000000,0,,0,-1.000000000,,0,-1.000000000,0,,1,-0.046784021,-2.680526950,-0.564102173,1.155067444,1,3.105684519,177.942615427,-0.002442360,-2.728204727,1,-2.880084276,-165.016673668,-0.002442360,2.673503876,1,-0.184062004,-10.545976003,-0.007326126,0.422466278,1,0.633333206,36.287319739,0.012210846,-0.003663063,-0.057846643,-3.314368505,0.000000000,-0.000000000,6.000000000,2.500000000,3.143450975,180.106473998,0.000000000,-2.770881653,2.000000000,0.500000000,-2.880847216,-165.060386879,0.000000000,2.693999767,1.000000000,0.500000000,-0.189021111,-10.830111873,0.000000000,0.431064546,0.500000000,0.200000003,0.709263802,40.637822392,0.000000000,0.000112792,0.000000000,0.100000001
2026-07-04 23:24:56.631,1783178696.631475687,488.901649441,1,1,488.889482866,1,0.003768993,5,1,0.004671502,5,1,0,1,0,0,1,1,1,0,1,0,-1.000000000,0.000000000,0.000000000,0.000000000,0,-1.000000000,0,0,0,,0,-1.000000000,,0,0,0.000000000,0.000000000,0,-1.000000000,0,,0,-1.000000000,,0,-1.000000000,0,,1,-0.042969324,-2.461960896,-0.007326126,-0.080586433,1,3.038544893,174.095798245,-0.002442360,-2.577777863,1,-2.880084276,-165.016673668,-0.002442360,2.673503876,1,-0.184443474,-10.567832608,-0.007326126,0.422466278,1,0.633333206,36.287319739,-0.012210846,-0.003663063,-0.057846643,-3.314368505,0.000000000,-0.000000000,6.000000000,2.500000000,3.143450975,180.106473998,0.000000000,-2.770881653,2.000000000,0.500000000,-2.880847216,-165.060386879,0.000000000,2.693999767,1.000000000,0.500000000,-0.189021111,-10.830111873,0.000000000,0.431064546,0.500000000,0.200000003,0.709263802,40.637822392,0.000000000,0.000112792,0.000000000,0.100000001
2026-07-04 23:24:57.631,1783178697.631253004,489.901426797,1,1,489.889260222,1,0.003745788,5,1,0.004607705,5,1,0,1,0,0,1,1,1,0,1,0,-1.000000000,0.000000000,0.000000000,0.000000000,0,-1.000000000,0,0,0,,0,-1.000000000,,0,0,0.000000000,0.000000000,0,-1.000000000,0,,0,-1.000000000,,0,-1.000000000,0,,1,-0.062805749,-3.598504374,-0.036630630,0.075701714,1,3.121324778,178.838736246,0.002442360,-2.741880417,1,-2.880084276,-165.016673668,-0.002442360,2.673503876,1,-0.183680534,-10.524119398,0.021978378,0.407814026,1,0.633716583,36.309285628,-0.012210846,-0.003663063,-0.057846643,-3.314368505,0.000000000,-0.000000000,6.000000000,2.500000000,3.143450975,180.106473998,0.000000000,-2.770881653,2.000000000,0.500000000,-2.880847216,-165.060386879,0.000000000,2.693999767,1.000000000,0.500000000,-0.189021111,-10.830111873,0.000000000,0.431064546,0.500000000,0.200000003,0.709263802,40.637822392,0.000000000,0.000112792,0.000000000,0.100000001
2026-07-04 23:24:58.631,1783178698.631089687,490.901263492,1,1,490.889096917,1,0.013254547,5,1,0.004014616,5,1,0,1,0,0,1,1,1,0,1,0,-1.000000000,0.000000000,0.000000000,0.000000000,0,-1.000000000,0,0,0,,0,-1.000000000,,0,0,0.000000000,0.000000000,0,-1.000000000,0,,0,-1.000000000,,0,-1.000000000,0,,1,-0.055176355,-3.161372267,-0.021978378,0.021978378,1,3.123613596,178.969875878,-0.002442360,-2.755556107,1,-2.880084276,-165.016673668,-0.002442360,2.673503876,1,-0.184062004,-10.545976003,-0.007326126,0.422466278,1,0.633333206,36.287319739,-0.036628723,-0.003663063,-0.057846643,-3.314368505,0.000000000,-0.000000000,6.000000000,2.500000000,3.143450975,180.106473998,0.000000000,-2.770881653,2.000000000,0.500000000,-2.880847216,-165.060386879,0.000000000,2.693999767,1.000000000,0.500000000,-0.189021111,-10.830111873,0.000000000,0.431064546,0.500000000,0.200000003,0.709263802,40.637822392,0.000000000,0.000112792,0.000000000,0.100000001
2026-07-04 23:24:59.631,1783178699.630904913,491.901078772,1,1,491.888912197,1,0.003920975,5,1,0.004714374,5,1,0,1,0,0,1,1,1,0,1,0,-1.000000000,0.000000000,0.000000000,0.000000000,0,-1.000000000,0,0,0,,0,-1.000000000,,0,0,0.000000000,0.000000000,0,-1.000000000,0,,0,-1.000000000,,0,-1.000000000,0,,1,-0.042587854,-2.440104291,-0.183149338,0.339438438,1,3.122087717,178.882449457,-0.002442360,-2.755556107,1,-2.880084276,-165.016673668,0.002442360,2.673503876,1,-0.184824944,-10.589689214,-0.051282883,0.422466278,1,0.633333206,36.287319739,-0.012210846,-0.006104946,-0.057846643,-3.314368505,0.000000000,-0.000000000,6.000000000,2.500000000,3.143450975,180.106473998,0.000000000,-2.770881653,2.000000000,0.500000000,-2.880847216,-165.060386879,0.000000000,2.693999767,1.000000000,0.500000000,-0.189021111,-10.830111873,0.000000000,0.431064546,0.500000000,0.200000003,0.709263802,40.637822392,0.000000000,0.000112792,0.000000000,0.100000001
2026-07-04 23:25:00.630,1783178700.630795240,492.900969159,1,1,492.888802584,1,0.003827957,5,1,0.004726375,5,1,0,1,0,0,1,1,1,0,1,0,-1.000000000,0.000000000,0.000000000,0.000000000,0,-1.000000000,0,0,0,,0,-1.000000000,,0,0,0.000000000,0.000000000,0,-1.000000000,0,,0,-1.000000000,,0,-1.000000000,0,,1,-0.045258142,-2.593100528,-0.036630630,0.051281929,1,3.117891550,178.642026798,-0.002442360,-2.741880417,1,-2.880084276,-165.016673668,-0.002442360,2.673503876,1,-0.184062004,-10.545976003,-0.007326126,0.422466278,1,0.633716583,36.309285628,-0.012210846,-0.003663063,-0.057846643,-3.314368505,0.000000000,-0.000000000,6.000000000,2.500000000,3.143450975,180.106473998,0.000000000,-2.770881653,2.000000000,0.500000000,-2.880847216,-165.060386879,0.000000000,2.693999767,1.000000000,0.500000000,-0.189021111,-10.830111873,0.000000000,0.431064546,0.500000000,0.200000003,0.709263802,40.637822392,0.000000000,0.000112792,0.000000000,0.100000001
2026-07-04 23:25:01.630,1783178701.630443096,493.900616917,1,1,493.888450342,1,0.003763025,5,1,0.004655101,5,1,0,1,0,0,1,1,1,0,1,0,-1.000000000,0.000000000,0.000000000,0.000000000,0,-1.000000000,0,0,0,,0,-1.000000000,,0,0,0.000000000,0.000000000,0,-1.000000000,0,,0,-1.000000000,,0,-1.000000000,0,,1,-0.044876672,-2.571243923,0.461538315,-1.018315315,1,3.083559275,176.674932317,0.007326126,-2.741880417,1,-2.880084276,-165.016673668,-0.007326126,2.687179565,1,-0.184062004,-10.545976003,-0.007326126,0.417582512,1,0.633716583,36.309285628,-0.012210846,-0.003663063,-0.057846643,-3.314368505,0.000000000,-0.000000000,6.000000000,2.500000000,3.143450975,180.106473998,0.000000000,-2.770881653,2.000000000,0.500000000,-2.880847216,-165.060386879,0.000000000,2.693999767,1.000000000,0.500000000,-0.189021111,-10.830111873,0.000000000,0.431064546,0.500000000,0.200000003,0.709263802,40.637822392,0.000000000,0.000112792,0.000000000,0.100000001
2026-07-04 23:25:02.630,1783178702.630222559,494.900396467,1,1,494.888229892,1,0.003744785,5,1,0.004643215,5,1,0,1,0,0,1,1,1,0,1,0,-1.000000000,0.000000000,0.000000000,0.000000000,0,-1.000000000,0,0,0,,0,-1.000000000,,0,0,0.000000000,0.000000000,0,-1.000000000,0,,0,-1.000000000,,0,-1.000000000,0,,1,-0.043350793,-2.483817502,0.080585480,-0.300366402,1,3.120180368,178.773166430,-0.002442360,-2.741880417,1,-2.880084276,-165.016673668,-0.007326126,2.673503876,1,-0.184443474,-10.567832608,0.007326126,0.422466278,1,0.633333206,36.287319739,-0.012210846,-0.003663063,-0.057846643,-3.314368505,0.000000000,-0.000000000,6.000000000,2.500000000,3.143450975,180.106473998,0.000000000,-2.770881653,2.000000000,0.500000000,-2.880847216,-165.060386879,0.000000000,2.693999767,1.000000000,0.500000000,-0.189021111,-10.830111873,0.000000000,0.431064546,0.500000000,0.200000003,0.709263802,40.637822392,0.000000000,0.000112792,0.000000000,0.100000001
2026-07-04 23:25:03.630,1783178703.629975557,495.900149483,1,1,495.887982908,1,0.003806945,5,1,0.004681435,5,1,0,1,0,0,1,1,1,0,1,0,-1.000000000,0.000000000,0.000000000,0.000000000,0,-1.000000000,0,0,0,,0,-1.000000000,,0,0,0.000000000,0.000000000,0,-1.000000000,0,,0,-1.000000000,,0,-1.000000000,0,,1,-0.050217248,-2.877236398,-0.256410599,-0.090353966,1,3.017182589,172.871828346,-0.832722664,-3.247863770,1,-2.880084276,-165.016673668,-0.007326126,2.673503876,1,-0.184062004,-10.545976003,-0.036630630,0.417582512,1,0.633716583,36.309285628,0.036628723,-0.003663063,-0.057846643,-3.314368505,0.000000000,-0.000000000,6.000000000,2.500000000,3.143450975,180.106473998,0.000000000,-2.770881653,2.000000000,0.500000000,-2.880847216,-165.060386879,0.000000000,2.693999767,1.000000000,0.500000000,-0.189021111,-10.830111873,0.000000000,0.431064546,0.500000000,0.200000003,0.709263802,40.637822392,0.000000000,0.000112792,0.000000000,0.100000001
2026-07-04 23:25:04.629,1783178704.629791498,496.899965281,1,1,496.887798706,1,0.003625802,5,1,0.004704177,5,1,0,1,0,0,1,1,1,0,1,0,-1.000000000,0.000000000,0.000000000,0.000000000,0,-1.000000000,0,0,0,,0,-1.000000000,,0,0,0.000000000,0.000000000,0,-1.000000000,0,,0,-1.000000000,,0,-1.000000000,0,,1,-0.056702234,-3.248798689,-0.007326126,0.065934181,1,3.117510080,178.620170193,-0.105006218,-2.646154404,1,-2.880084276,-165.016673668,-0.002442360,2.673503876,1,-0.184062004,-10.545976003,-0.007326126,0.422466278,1,0.633333206,36.287319739,-0.036628723,-0.003663063,-0.057846643,-3.314368505,0.000000000,-0.000000000,6.000000000,2.500000000,3.143450975,180.106473998,0.000000000,-2.770881653,2.000000000,0.500000000,-2.880847216,-165.060386879,0.000000000,2.693999767,1.000000000,0.500000000,-0.189021111,-10.830111873,0.000000000,0.431064546,0.500000000,0.200000003,0.709263802,40.637822392,0.000000000,0.000112792,0.000000000,0.100000001
2026-07-04 23:25:05.629,1783178705.629557848,497.899731707,1,1,497.887565132,1,0.003801590,5,1,0.004598110,5,1,0,1,0,0,1,1,1,0,1,0,-1.000000000,0.000000000,0.000000000,0.000000000,0,-1.000000000,0,0,0,,0,-1.000000000,,0,0,0.000000000,0.000000000,0,-1.000000000,0,,0,-1.000000000,,0,-1.000000000,0,,1,-0.052506067,-3.008376030,0.036630630,0.109889984,1,3.103777170,177.833332400,0.056165695,-2.960683823,1,-2.880084276,-165.016673668,-0.002442360,2.673503876,1,-0.183680534,-10.524119398,-0.007326126,0.417582512,1,0.633333206,36.287319739,-0.036628723,-0.003663063,-0.057846643,-3.314368505,0.000000000,-0.000000000,6.000000000,2.500000000,3.143450975,180.106473998,0.000000000,-2.770881653,2.000000000,0.500000000,-2.880847216,-165.060386879,0.000000000,2.693999767,1.000000000,0.500000000,-0.189021111,-10.830111873,0.000000000,0.431064546,0.500000000,0.200000003,0.709263802,40.637822392,0.000000000,0.000112792,0.000000000,0.100000001
2026-07-04 23:25:06.629,1783178706.629388809,498.899562542,1,1,498.887395967,1,0.003041720,5,1,0.003018786,5,1,0,1,0,0,1,1,1,0,1,0,-1.000000000,0.000000000,0.000000000,0.000000000,0,-1.000000000,0,0,0,,0,-1.000000000,,0,0,0.000000000,0.000000000,0,-1.000000000,0,,0,-1.000000000,,0,-1.000000000,0,,1,-0.086076356,-4.931811942,0.783882141,-1.115995407,1,3.119417429,178.729453220,-0.070817947,-2.317949295,1,-2.880084276,-165.016673668,0.002442360,2.687179565,1,-0.187876701,-10.764542056,-0.021978378,0.412698746,1,0.633333206,36.287319739,-0.109889984,-0.003663063,-0.057846643,-3.314368505,0.000000000,-0.000000000,6.000000000,2.500000000,3.143450975,180.106473998,0.000000000,-2.770881653,2.000000000,0.500000000,-2.880847216,-165.060386879,0.000000000,2.693999767,1.000000000,0.500000000,-0.189021111,-10.830111873,0.000000000,0.431064546,0.500000000,0.200000003,0.709263802,40.637822392,0.000000000,0.000112792,0.000000000,0.100000001
2026-07-04 23:25:07.629,1783178707.629186869,499.899360759,1,1,499.887194184,1,0.003876668,5,1,0.004674210,5,1,0,1,0,0,1,1,1,0,1,0,-1.000000000,0.000000000,0.000000000,0.000000000,0,-1.000000000,0,0,0,,0,-1.000000000,,0,0,0.000000000,0.000000000,0,-1.000000000,0,,0,-1.000000000,,0,-1.000000000,0,,1,-0.076158144,-4.363540203,-0.124542236,0.339438438,1,3.126283884,179.122872116,-0.007326126,-2.769229889,1,-2.880084276,-165.016673668,-0.002442360,2.673503876,1,-0.184443474,-10.567832608,-0.007326126,0.422466278,1,0.633333206,36.287319739,-0.036628723,-0.003663063,-0.057846643,-3.314368505,0.000000000,-0.000000000,6.000000000,2.500000000,3.143450975,180.106473998,0.000000000,-2.770881653,2.000000000,0.500000000,-2.880847216,-165.060386879,0.000000000,2.693999767,1.000000000,0.500000000,-0.189021111,-10.830111873,0.000000000,0.431064546,0.500000000,0.200000003,0.709263802,40.637822392,0.000000000,0.000112792,0.000000000,0.100000001
2026-07-04 23:25:08.629,1783178708.628962517,500.899136402,1,1,500.886969827,1,0.003813021,5,1,0.004695311,5,1,0,1,0,0,1,1,1,0,1,0,-1.000000000,0.000000000,0.000000000,0.000000000,0,-1.000000000,0,0,0,,0,-1.000000000,,0,0,0.000000000,0.000000000,0,-1.000000000,0,,0,-1.000000000,,0,-1.000000000,0,,1,-0.066238977,-3.795213822,-0.036630630,0.095237732,1,3.117128611,178.598313587,-0.280830383,-2.413675308,1,-2.880084276,-165.016673668,-0.002442360,2.687179565,1,-0.183680534,-10.524119398,0.007326126,0.422466278,1,0.633716583,36.309285628,0.012210846,-0.003663063,-0.057846643,-3.314368505,0.000000000,-0.000000000,6.000000000,2.500000000,3.143450975,180.106473998,0.000000000,-2.770881653,2.000000000,0.500000000,-2.880847216,-165.060386879,0.000000000,2.693999767,1.000000000,0.500000000,-0.189021111,-10.830111873,0.000000000,0.431064546,0.500000000,0.200000003,0.709263802,40.637822392,0.000000000,0.000112792,0.000000000,0.100000001
2026-07-04 23:25:09.628,1783178709.628688812,501.898862632,1,1,501.886696057,1,0.003630359,5,1,0.004596736,5,1,0,1,0,0,1,1,1,0,1,0,-1.000000000,0.000000000,0.000000000,0.000000000,0,-1.000000000,0,0,0,,0,-1.000000000,,0,0,0.000000000,0.000000000,0,-1.000000000,0,,0,-1.000000000,,0,-1.000000000,0,,1,-0.059753992,-3.423651531,-0.212453842,0.075701714,1,3.116365671,178.554600377,-0.007326126,-2.741880417,1,-2.880084276,-165.016673668,-0.002442360,2.673503876,1,-0.183680534,-10.524119398,0.021978378,0.417582512,1,0.633716583,36.309285628,-0.012210846,-0.003663063,-0.057846643,-3.314368505,0.000000000,-0.000000000,6.000000000,2.500000000,3.143450975,180.106473998,0.000000000,-2.770881653,2.000000000,0.500000000,-2.880847216,-165.060386879,0.000000000,2.693999767,1.000000000,0.500000000,-0.189021111,-10.830111873,0.000000000,0.431064546,0.500000000,0.200000003,0.709263802,40.637822392,0.000000000,0.000112792,0.000000000,0.100000001
2026-07-04 23:25:10.628,1783178710.628531694,502.898705679,1,1,502.886539104,1,0.003715310,5,1,0.004636848,5,1,0,1,0,0,1,1,1,0,1,0,-1.000000000,0.000000000,0.000000000,0.000000000,0,-1.000000000,0,0,0,,0,-1.000000000,,0,0,0.000000000,0.000000000,0,-1.000000000,0,,0,-1.000000000,,0,-1.000000000,0,,1,-0.083406068,-4.778815704,-0.095237732,0.407814026,1,3.122087717,178.882449457,-0.021978378,-2.714529037,1,-2.880084276,-165.016673668,-0.007326126,2.687179565,1,-0.184443474,-10.567832608,-0.021978378,0.422466278,1,0.633333206,36.287319739,-0.061050415,-0.001221180,-0.057846643,-3.314368505,0.000000000,-0.000000000,6.000000000,2.500000000,3.143450975,180.106473998,0.000000000,-2.770881653,2.000000000,0.500000000,-2.880847216,-165.060386879,0.000000000,2.693999767,1.000000000,0.500000000,-0.189021111,-10.830111873,0.000000000,0.431064546,0.500000000,0.200000003,0.709263802,40.637822392,0.000000000,0.000112792,0.000000000,0.100000001
2026-07-04 23:25:11.629,1783178711.629151583,503.899325401,1,1,503.887158826,1,0.004217169,5,1,0.005432539,5,1,0,1,0,0,1,1,1,0,1,0,-1.000000000,0.000000000,0.000000000,0.000000000,0,-1.000000000,0,0,0,,0,-1.000000000,,0,0,0.000000000,0.000000000,0,-1.000000000,0,,0,-1.000000000,,0,-1.000000000,0,,1,-0.064331628,-3.685930796,0.007326126,-0.002442360,1,3.118273020,178.663883404,-0.007326126,-2.741880417,1,-2.880084276,-165.016673668,0.002442360,2.687179565,1,-0.183680534,-10.524119398,0.007326126,0.412698746,1,0.633333206,36.287319739,-0.012210846,-0.003663063,-0.057846643,-3.314368505,0.000000000,-0.000000000,6.000000000,2.500000000,3.143450975,180.106473998,0.000000000,-2.770881653,2.000000000,0.500000000,-2.880847216,-165.060386879,0.000000000,2.693999767,1.000000000,0.500000000,-0.189021111,-10.830111873,0.000000000,0.431064546,0.500000000,0.200000003,0.709263802,40.637822392,0.000000000,0.000112792,0.000000000,0.100000001
2026-07-04 23:25:12.628,1783178712.628090143,504.898263953,1,1,504.886097378,1,0.003568564,5,1,0.004576041,5,1,0,1,0,0,1,1,1,0,1,0,-1.000000000,0.000000000,0.000000000,0.000000000,0,-1.000000000,0,0,0,,0,-1.000000000,,0,0,0.000000000,0.000000000,0,-1.000000000,0,,0,-1.000000000,,0,-1.000000000,0,,1,-0.070054628,-4.013834517,-0.007326126,-0.021978378,1,3.117891550,178.642026798,0.002442360,-2.741880417,1,-2.880084276,-165.016673668,0.002442360,2.673503876,1,-0.184062004,-10.545976003,-0.007326126,0.417582512,1,0.633333206,36.287319739,-0.036628723,-0.003663063,-0.057846643,-3.314368505,0.000000000,-0.000000000,6.000000000,2.500000000,3.143450975,180.106473998,0.000000000,-2.770881653,2.000000000,0.500000000,-2.880847216,-165.060386879,0.000000000,2.693999767,1.000000000,0.500000000,-0.189021111,-10.830111873,0.000000000,0.431064546,0.500000000,0.200000003,0.709263802,40.637822392,0.000000000,0.000112792,0.000000000,0.100000001
2026-07-04 23:25:13.628,1783178713.627886295,505.898060149,1,1,505.885893574,1,0.003688136,5,1,0.004560493,5,1,0,1,0,0,1,1,1,0,1,0,-1.000000000,0.000000000,0.000000000,0.000000000,0,-1.000000000,0,0,0,,0,-1.000000000,,0,0,0.000000000,0.000000000,0,-1.000000000,0,,0,-1.000000000,,0,-1.000000000,0,,1,-0.054794885,-3.139515662,0.608058929,-1.780220032,1,3.117891550,178.642026798,-0.026862144,-2.851282120,1,-2.880084276,-165.016673668,-0.002442360,2.687179565,1,-0.184062004,-10.545976003,-0.007326126,0.422466278,1,0.633333206,36.287319739,-0.012210846,-0.003663063,-0.057846643,-3.314368505,0.000000000,-0.000000000,6.000000000,2.500000000,3.143450975,180.106473998,0.000000000,-2.770881653,2.000000000,0.500000000,-2.880847216,-165.060386879,0.000000000,2.693999767,1.000000000,0.500000000,-0.189021111,-10.830111873,0.000000000,0.431064546,0.500000000,0.200000003,0.709263802,40.637822392,0.000000000,0.000112792,0.000000000,0.100000001
2026-07-04 23:25:14.627,1783178714.627681017,506.897854940,1,1,506.885688365,1,0.003473335,5,1,0.004629468,5,1,0,1,0,0,1,1,1,0,1,0,-1.000000000,0.000000000,0.000000000,0.000000000,0,-1.000000000,0,0,0,,0,-1.000000000,,0,0,0.000000000,0.000000000,0,-1.000000000,0,,0,-1.000000000,,0,-1.000000000,0,,1,-0.078828432,-4.516536440,0.139194489,-0.163614273,1,3.117891550,178.642026798,-0.007326126,-2.741880417,1,-2.880084276,-165.016673668,-0.002442360,2.673503876,1,-0.183680534,-10.524119398,0.036630630,0.412698746,1,0.633333206,36.287319739,-0.012210846,-0.003663063,-0.057846643,-3.314368505,0.000000000,-0.000000000,6.000000000,2.500000000,3.143450975,180.106473998,0.000000000,-2.770881653,2.000000000,0.500000000,-2.880847216,-165.060386879,0.000000000,2.693999767,1.000000000,0.500000000,-0.189021111,-10.830111873,0.000000000,0.431064546,0.500000000,0.200000003,0.709263802,40.637822392,0.000000000,0.000112792,0.000000000,0.100000001
2026-07-04 23:25:15.627,1783178715.627466440,507.897640372,1,1,507.885473797,1,0.003689193,5,1,0.004709835,5,1,0,1,0,0,1,1,1,0,1,0,-1.000000000,0.000000000,0.000000000,0.000000000,0,-1.000000000,0,0,0,,0,-1.000000000,,0,0,0.000000000,0.000000000,0,-1.000000000,0,,0,-1.000000000,,0,-1.000000000,0,,1,-0.077302553,-4.429110019,-0.021978378,0.114773750,1,3.114458323,178.445317350,-0.070817947,-2.700855255,1,-2.880084276,-165.016673668,-0.002442360,2.673503876,1,-0.184062004,-10.545976003,-0.036630630,0.422466278,1,0.633333206,36.287319739,-0.012210846,-0.003663063,-0.057846643,-3.314368505,0.000000000,-0.000000000,6.000000000,2.500000000,3.143450975,180.106473998,0.000000000,-2.770881653,2.000000000,0.500000000,-2.880847216,-165.060386879,0.000000000,2.693999767,1.000000000,0.500000000,-0.189021111,-10.830111873,0.000000000,0.431064546,0.500000000,0.200000003,0.709263802,40.637822392,0.000000000,0.000112792,0.000000000,0.100000001
2026-07-04 23:25:16.627,1783178716.627213478,508.897387520,1,1,508.885220945,1,0.003336793,5,1,0.004603980,5,1,0,1,0,0,1,1,1,0,1,0,-1.000000000,0.000000000,0.000000000,0.000000000,0,-1.000000000,0,0,0,,0,-1.000000000,,0,0,0.000000000,0.000000000,0,-1.000000000,0,,0,-1.000000000,,0,-1.000000000,0,,1,-0.091798402,-5.259661022,-0.021978378,0.158730507,1,3.117128611,178.598313587,-0.002442360,-2.755556107,1,-2.880084276,-165.016673668,-0.002442360,2.673503876,1,-0.184062004,-10.545976003,-0.021978378,0.422466278,1,0.633333206,36.287319739,-0.012210846,-0.003663063,-0.057846643,-3.314368505,0.000000000,-0.000000000,6.000000000,2.500000000,3.143450975,180.106473998,0.000000000,-2.770881653,2.000000000,0.500000000,-2.880847216,-165.060386879,0.000000000,2.693999767,1.000000000,0.500000000,-0.189021111,-10.830111873,0.000000000,0.431064546,0.500000000,0.200000003,0.709263802,40.637822392,0.000000000,0.000112792,0.000000000,0.100000001
2026-07-04 23:25:17.627,1783178717.627024889,509.897198658,1,1,509.885032083,1,0.003702690,5,1,0.004598682,5,1,0,1,0,0,1,1,1,0,1,0,-1.000000000,0.000000000,0.000000000,0.000000000,0,-1.000000000,0,0,0,,0,-1.000000000,,0,0,0.000000000,0.000000000,0,-1.000000000,0,,0,-1.000000000,,0,-1.000000000,0,,1,-0.089891054,-5.150377995,0.080585480,-0.114773750,1,3.114839792,178.467173955,0.007326126,-2.755556107,1,-2.880084276,-165.016673668,-0.002442360,2.687179565,1,-0.184062004,-10.545976003,-0.007326126,0.422466278,1,0.633716583,36.309285628,-0.012210846,-0.003663063,-0.057846643,-3.314368505,0.000000000,-0.000000000,6.000000000,2.500000000,3.143450975,180.106473998,0.000000000,-2.770881653,2.000000000,0.500000000,-2.880847216,-165.060386879,0.000000000,2.693999767,1.000000000,0.500000000,-0.189021111,-10.830111873,0.000000000,0.431064546,0.500000000,0.200000003,0.709263802,40.637822392,0.000000000,0.000112792,0.000000000,0.100000001
2026-07-04 23:25:18.626,1783178718.626814127,510.896988089,1,1,510.884821514,1,0.003497011,5,1,0.004432676,5,1,0,1,0,0,1,1,1,0,1,0,-1.000000000,0.000000000,0.000000000,0.000000000,0,-1.000000000,0,0,0,,0,-1.000000000,,0,0,0.000000000,0.000000000,0,-1.000000000,0,,0,-1.000000000,,0,-1.000000000,0,,1,-0.075776674,-4.341683597,-0.065933228,0.231989861,1,3.118273020,178.663883404,-0.002442360,-2.755556107,1,-2.880084276,-165.016673668,-0.002442360,2.687179565,1,-0.184062004,-10.545976003,-0.007326126,0.417582512,1,0.633716583,36.309285628,-0.036628723,-0.003663063,-0.057846643,-3.314368505,0.000000000,-0.000000000,6.000000000,2.500000000,3.143450975,180.106473998,0.000000000,-2.770881653,2.000000000,0.500000000,-2.880847216,-165.060386879,0.000000000,2.693999767,1.000000000,0.500000000,-0.189021111,-10.830111873,0.000000000,0.431064546,0.500000000,0.200000003,0.709263802,40.637822392,0.000000000,0.000112792,0.000000000,0.100000001
2026-07-04 23:25:19.626,1783178719.626586199,511.896760041,1,1,511.884593466,1,0.003742218,5,1,0.004689339,5,1,0,1,0,0,1,1,1,0,1,0,-1.000000000,0.000000000,0.000000000,0.000000000,0,-1.000000000,0,0,0,,0,-1.000000000,,0,0,0.000000000,0.000000000,0,-1.000000000,0,,0,-1.000000000,,0,-1.000000000,0,,1,-0.090272523,-5.172234600,0.153846741,-0.007326126,1,3.103777170,177.833332400,0.222222328,-3.111110687,1,-2.880084276,-165.016673668,-0.002442360,2.673503876,1,-0.183299065,-10.502262792,0.007326126,0.412698746,1,0.633333206,36.287319739,-0.085468292,-0.003663063,-0.057846643,-3.314368505,0.000000000,-0.000000000,6.000000000,2.500000000,3.143450975,180.106473998,0.000000000,-2.770881653,2.000000000,0.500000000,-2.880847216,-165.060386879,0.000000000,2.693999767,1.000000000,0.500000000,-0.189021111,-10.830111873,0.000000000,0.431064546,0.500000000,0.200000003,0.709263802,40.637822392,0.000000000,0.000112792,0.000000000,0.100000001
2026-07-04 23:25:20.626,1783178720.626345396,512.896519399,1,1,512.884352824,1,0.003623908,5,1,0.004628228,5,1,0,1,0,0,1,1,1,0,1,0,-1.000000000,0.000000000,0.000000000,0.000000000,0,-1.000000000,0,0,0,,0,-1.000000000,,0,0,0.000000000,0.000000000,0,-1.000000000,0,,0,-1.000000000,,0,-1.000000000,0,,1,-0.065857507,-3.773357217,-0.021978378,0.036629677,1,3.119035959,178.707596614,-0.002442360,-2.741880417,1,-2.880084276,-165.016673668,-0.002442360,2.687179565,1,-0.184062004,-10.545976003,0.021978378,0.417582512,1,0.633333206,36.287319739,-0.012210846,-0.003663063,-0.057846643,-3.314368505,0.000000000,-0.000000000,6.000000000,2.500000000,3.143450975,180.106473998,0.000000000,-2.770881653,2.000000000,0.500000000,-2.880847216,-165.060386879,0.000000000,2.693999767,1.000000000,0.500000000,-0.189021111,-10.830111873,0.000000000,0.431064546,0.500000000,0.200000003,0.709263802,40.637822392,0.000000000,0.000112792,0.000000000,0.100000001
2026-07-04 23:25:21.626,1783178721.626170635,513.896344359,1,1,513.884177784,1,0.003259749,5,1,0.004569247,5,1,0,1,0,0,1,1,1,0,1,0,-1.000000000,0.000000000,0.000000000,0.000000000,0,-1.000000000,0,0,0,,0,-1.000000000,,0,0,0.000000000,0.000000000,0,-1.000000000,0,,0,-1.000000000,,0,-1.000000000,0,,1,-0.052506067,-3.008376030,-0.021978378,-0.017093658,1,3.117510080,178.620170193,-0.007326126,-2.714529037,1,-2.880084276,-165.016673668,-0.002442360,2.673503876,1,-0.184062004,-10.545976003,-0.007326126,0.422466278,1,0.633716583,36.309285628,0.012210846,-0.003663063,-0.057846643,-3.314368505,0.000000000,-0.000000000,6.000000000,2.500000000,3.143450975,180.106473998,0.000000000,-2.770881653,2.000000000,0.500000000,-2.880847216,-165.060386879,0.000000000,2.693999767,1.000000000,0.500000000,-0.189021111,-10.830111873,0.000000000,0.431064546,0.500000000,0.200000003,0.709263802,40.637822392,0.000000000,0.000112792,0.000000000,0.100000001
2026-07-04 23:25:22.626,1783178722.625914097,514.896087977,1,1,514.883921402,1,0.003625341,5,1,0.004661137,5,1,0,1,0,0,1,1,1,0,1,0,-1.000000000,0.000000000,0.000000000,0.000000000,0,-1.000000000,0,0,0,,0,-1.000000000,,0,0,0.000000000,0.000000000,0,-1.000000000,0,,0,-1.000000000,,0,-1.000000000,0,,1,-0.035721399,-2.046685395,0.051282883,-0.300366402,1,3.124758005,179.035445694,-0.007326126,-2.755556107,1,-2.880084276,-165.016673668,-0.002442360,2.673503876,1,-0.184062004,-10.545976003,0.007326126,0.417582512,1,0.633333206,36.287319739,-0.012210846,-0.003663063,-0.057846643,-3.314368505,0.000000000,-0.000000000,6.000000000,2.500000000,3.143450975,180.106473998,0.000000000,-2.770881653,2.000000000,0.500000000,-2.880847216,-165.060386879,0.000000000,2.693999767,1.000000000,0.500000000,-0.189021111,-10.830111873,0.000000000,0.431064546,0.500000000,0.200000003,0.709263802,40.637822392,0.000000000,0.000112792,0.000000000,0.100000001
2026-07-04 23:25:23.625,1783178723.625720739,515.895894796,1,1,515.883728221,1,0.003679935,5,1,0.004575597,5,1,0,1,0,0,1,1,1,0,1,0,-1.000000000,0.000000000,0.000000000,0.000000000,0,-1.000000000,0,0,0,,0,-1.000000000,,0,0,0.000000000,0.000000000,0,-1.000000000,0,,0,-1.000000000,,0,-1.000000000,0,,1,-0.066620447,-3.817070428,-0.168498993,0.085470200,1,3.121324778,178.838736246,-0.065934181,-2.495725632,1,-2.880084276,-165.016673668,-0.007326126,2.673503876,1,-0.184062004,-10.545976003,0.036630630,0.407814026,1,0.633333206,36.287319739,-0.012210846,-0.003663063,-0.057846643,-3.314368505,0.000000000,-0.000000000,6.000000000,2.500000000,3.143450975,180.106473998,0.000000000,-2.770881653,2.000000000,0.500000000,-2.880847216,-165.060386879,0.000000000,2.693999767,1.000000000,0.500000000,-0.189021111,-10.830111873,0.000000000,0.431064546,0.500000000,0.200000003,0.709263802,40.637822392,0.000000000,0.000112792,0.000000000,0.100000001
2026-07-04 23:25:24.625,1783178724.625499964,516.895673639,1,1,516.883507064,1,0.003640753,5,1,0.004653834,5,1,0,1,0,0,1,1,1,0,1,0,-1.000000000,0.000000000,0.000000000,0.000000000,0,-1.000000000,0,0,0,,0,-1.000000000,,0,0,0.000000000,0.000000000,0,-1.000000000,0,,0,-1.000000000,,0,-1.000000000,0,,1,-0.056702234,-3.248798689,-0.036630630,0.056165695,1,3.119035959,178.707596614,-0.002442360,-2.741880417,1,-2.880084276,-165.016673668,0.002442360,2.673503876,1,-0.184062004,-10.545976003,0.007326126,0.417582512,1,0.633333206,36.287319739,-0.012210846,-0.003663063,-0.057846643,-3.314368505,0.000000000,-0.000000000,6.000000000,2.500000000,3.143450975,180.106473998,0.000000000,-2.770881653,2.000000000,0.500000000,-2.880847216,-165.060386879,0.000000000,2.693999767,1.000000000,0.500000000,-0.189021111,-10.830111873,0.000000000,0.431064546,0.500000000,0.200000003,0.709263802,40.637822392,0.000000000,0.000112792,0.000000000,0.100000001
2026-07-04 23:25:25.625,1783178725.625303030,517.895476830,1,1,517.883310255,1,0.003854539,5,1,0.004695729,5,1,0,1,0,0,1,1,1,0,1,0,-1.000000000,0.000000000,0.000000000,0.000000000,0,-1.000000000,0,0,0,,0,-1.000000000,,0,0,0.000000000,0.000000000,0,-1.000000000,0,,0,-1.000000000,,0,-1.000000000,0,,1,-0.040680505,-2.330821264,-0.007326126,-0.256410599,1,3.120180368,178.773166430,-0.002442360,-2.741880417,1,-2.880084276,-165.016673668,-0.007326126,2.673503876,1,-0.184062004,-10.545976003,-0.021978378,0.417582512,1,0.633333206,36.287319739,-0.036628723,-0.003663063,-0.057846643,-3.314368505,0.000000000,-0.000000000,6.000000000,2.500000000,3.143450975,180.106473998,0.000000000,-2.770881653,2.000000000,0.500000000,-2.880847216,-165.060386879,0.000000000,2.693999767,1.000000000,0.500000000,-0.189021111,-10.830111873,0.000000000,0.431064546,0.500000000,0.200000003,0.709263802,40.637822392,0.000000000,0.000112792,0.000000000,0.100000001
2026-07-04 23:25:26.625,1783178726.625040054,518.895213895,1,1,518.883047320,1,0.003547798,5,1,0.004646107,5,1,0,1,0,0,1,1,1,0,1,0,-1.000000000,0.000000000,0.000000000,0.000000000,0,-1.000000000,0,0,0,,0,-1.000000000,,0,0,0.000000000,0.000000000,0,-1.000000000,0,,0,-1.000000000,,0,-1.000000000,0,,1,-0.063187219,-3.620360979,-0.271062851,0.871794701,1,3.105684519,177.942615427,-0.051281929,-2.933332443,1,-2.880084276,-165.016673668,-0.002442360,2.673503876,1,-0.183680534,-10.524119398,0.021978378,0.412698746,1,0.633333206,36.287319739,-0.012210846,-0.003663063,-0.057846643,-3.314368505,0.000000000,-0.000000000,6.000000000,2.500000000,3.143450975,180.106473998,0.000000000,-2.770881653,2.000000000,0.500000000,-2.880847216,-165.060386879,0.000000000,2.693999767,1.000000000,0.500000000,-0.189021111,-10.830111873,0.000000000,0.431064546,0.500000000,0.200000003,0.709263802,40.637822392,0.000000000,0.000112792,0.000000000,0.100000001
2026-07-04 23:25:27.624,1783178727.624828100,519.895002105,1,1,519.882835530,1,0.003522146,5,1,0.004559391,5,1,0,1,0,0,1,1,1,0,1,0,-1.000000000,0.000000000,0.000000000,0.000000000,0,-1.000000000,0,0,0,,0,-1.000000000,,0,0,0.000000000,0.000000000,0,-1.000000000,0,,0,-1.000000000,,0,-1.000000000,0,,1,-0.038010217,-2.177825027,-0.109889984,0.017093658,1,3.114076853,178.423460745,-0.017093658,-2.919658661,1,-2.880084276,-165.016673668,-0.002442360,2.673503876,1,-0.184062004,-10.545976003,-0.007326126,0.422466278,1,0.633333206,36.287319739,0.012210846,-0.003663063,-0.057846643,-3.314368505,0.000000000,-0.000000000,6.000000000,2.500000000,3.143450975,180.106473998,0.000000000,-2.770881653,2.000000000,0.500000000,-2.880847216,-165.060386879,0.000000000,2.693999767,1.000000000,0.500000000,-0.189021111,-10.830111873,0.000000000,0.431064546,0.500000000,0.200000003,0.709263802,40.637822392,0.000000000,0.000112792,0.000000000,0.100000001
2026-07-04 23:25:28.624,1783178728.624650717,520.894824582,1,1,520.882658007,1,0.003648420,5,1,0.004622434,5,1,0,1,0,0,1,1,1,0,1,0,-1.000000000,0.000000000,0.000000000,0.000000000,0,-1.000000000,0,0,0,,0,-1.000000000,,0,0,0.000000000,0.000000000,0,-1.000000000,0,,0,-1.000000000,,0,-1.000000000,0,,1,-0.068910219,-3.948264701,0.285715103,-0.862027168,1,3.117128611,178.598313587,0.065934181,-2.933332443,1,-2.880084276,-165.016673668,-0.007326126,2.673503876,1,-0.184062004,-10.545976003,-0.007326126,0.417582512,1,0.633333206,36.287319739,-0.012210846,-0.003663063,-0.057846643,-3.314368505,0.000000000,-0.000000000,6.000000000,2.500000000,3.143450975,180.106473998,0.000000000,-2.770881653,2.000000000,0.500000000,-2.880847216,-165.060386879,0.000000000,2.693999767,1.000000000,0.500000000,-0.189021111,-10.830111873,0.000000000,0.431064546,0.500000000,0.200000003,0.709263802,40.637822392,0.000000000,0.000112792,0.000000000,0.100000001
2026-07-04 23:25:29.624,1783178729.624469280,521.894643011,1,1,521.882476436,1,0.003549867,5,1,0.004614359,5,1,0,1,0,0,1,1,1,0,1,0,-1.000000000,0.000000000,0.000000000,0.000000000,0,-1.000000000,0,0,0,,0,-1.000000000,,0,0,0.000000000,0.000000000,0,-1.000000000,0,,0,-1.000000000,,0,-1.000000000,0,,1,-0.076921083,-4.407253413,-0.124542236,0.759462357,1,3.111788034,178.292321113,0.358974457,-2.988033295,1,-2.880084276,-165.016673668,-0.007326126,2.673503876,1,-0.184443474,-10.567832608,-0.065933228,0.432234764,1,0.633333206,36.287319739,-0.061050415,-0.003663063,-0.057846643,-3.314368505,0.000000000,-0.000000000,6.000000000,2.500000000,3.143450975,180.106473998,0.000000000,-2.770881653,2.000000000,0.500000000,-2.880847216,-165.060386879,0.000000000,2.693999767,1.000000000,0.500000000,-0.189021111,-10.830111873,0.000000000,0.431064546,0.500000000,0.200000003,0.709263802,40.637822392,0.000000000,0.000112792,0.000000000,0.100000001
2026-07-04 23:25:30.624,1783178730.624228954,522.894402643,1,1,522.882236068,1,0.003705472,5,1,0.004602200,5,1,0,1,0,0,1,1,1,0,1,0,-1.000000000,0.000000000,0.000000000,0.000000000,0,-1.000000000,0,0,0,,0,-1.000000000,,0,0,0.000000000,0.000000000,0,-1.000000000,0,,0,-1.000000000,,0,-1.000000000,0,,1,-0.049072839,-2.811666582,-0.065933228,-0.026862144,1,3.118273020,178.663883404,-0.002442360,-2.741880417,1,-2.880084276,-165.016673668,-0.002442360,2.673503876,1,-0.184062004,-10.545976003,-0.021978378,0.422466278,1,0.633333206,36.287319739,-0.061050415,-0.003663063,-0.057846643,-3.314368505,0.000000000,-0.000000000,6.000000000,2.500000000,3.143450975,180.106473998,0.000000000,-2.770881653,2.000000000,0.500000000,-2.880847216,-165.060386879,0.000000000,2.693999767,1.000000000,0.500000000,-0.189021111,-10.830111873,0.000000000,0.431064546,0.500000000,0.200000003,0.709263802,40.637822392,0.000000000,0.000112792,0.000000000,0.100000001
2026-07-04 23:25:31.624,1783178731.624092340,523.894266135,1,1,523.882099560,1,0.003743491,5,1,0.004730925,5,1,0,1,0,0,1,1,1,0,1,0,-1.000000000,0.000000000,0.000000000,0.000000000,0,-1.000000000,0,0,0,,0,-1.000000000,,0,0,0.000000000,0.000000000,0,-1.000000000,0,,0,-1.000000000,,0,-1.000000000,0,,1,-0.067764856,-3.882640244,-0.197801590,0.432234764,1,3.118273020,178.663883404,-0.002442360,-2.741880417,1,-2.880084276,-165.016673668,-0.002442360,2.687179565,1,-0.184062004,-10.545976003,-0.021978378,0.417582512,1,0.633716583,36.309285628,-0.012210846,-0.003663063,-0.057846643,-3.314368505,0.000000000,-0.000000000,6.000000000,2.500000000,3.143450975,180.106473998,0.000000000,-2.770881653,2.000000000,0.500000000,-2.880847216,-165.060386879,0.000000000,2.693999767,1.000000000,0.500000000,-0.189021111,-10.830111873,0.000000000,0.431064546,0.500000000,0.200000003,0.709263802,40.637822392,0.000000000,0.000112792,0.000000000,0.100000001
2026-07-04 23:25:32.623,1783178732.623769045,524.893942849,1,1,524.881776274,1,0.003830116,5,1,0.004642759,5,1,0,1,0,0,1,1,1,0,1,0,-1.000000000,0.000000000,0.000000000,0.000000000,0,-1.000000000,0,0,0,,0,-1.000000000,,0,0,0.000000000,0.000000000,0,-1.000000000,0,,0,-1.000000000,,0,-1.000000000,0,,1,-0.058991052,-3.379938321,-0.095237732,0.070817947,1,3.117128611,178.598313587,0.002442360,-2.741880417,1,-2.880084276,-165.016673668,-0.002442360,2.673503876,1,-0.184062004,-10.545976003,-0.007326126,0.422466278,1,0.633333206,36.287319739,-0.012210846,-0.003663063,-0.057846643,-3.314368505,0.000000000,-0.000000000,6.000000000,2.500000000,3.143450975,180.106473998,0.000000000,-2.770881653,2.000000000,0.500000000,-2.880847216,-165.060386879,0.000000000,2.693999767,1.000000000,0.500000000,-0.189021111,-10.830111873,0.000000000,0.431064546,0.500000000,0.200000003,0.709263802,40.637822392,0.000000000,0.000112792,0.000000000,0.100000001
2026-07-04 23:25:33.623,1783178733.623571396,525.893745405,1,1,525.881578830,1,0.003753496,5,1,0.004711675,5,1,0,1,0,0,1,1,1,0,1,0,-1.000000000,0.000000000,0.000000000,0.000000000,0,-1.000000000,0,0,0,,0,-1.000000000,,0,0,0.000000000,0.000000000,0,-1.000000000,0,,0,-1.000000000,,0,-1.000000000,0,,1,-0.068527795,-3.926353454,-0.007326126,0.036629677,1,3.120180368,178.773166430,-0.002442360,-2.741880417,1,-2.880084276,-165.016673668,-0.002442360,2.659828186,1,-0.184062004,-10.545976003,-0.007326126,0.422466278,1,0.633716583,36.309285628,0.036628723,-0.003663063,-0.057846643,-3.314368505,0.000000000,-0.000000000,6.000000000,2.500000000,3.143450975,180.106473998,0.000000000,-2.770881653,2.000000000,0.500000000,-2.880847216,-165.060386879,0.000000000,2.693999767,1.000000000,0.500000000,-0.189021111,-10.830111873,0.000000000,0.431064546,0.500000000,0.200000003,0.709263802,40.637822392,0.000000000,0.000112792,0.000000000,0.100000001
2026-07-04 23:25:34.623,1783178734.623367786,526.893541422,1,1,526.881374847,1,0.003531788,5,1,0.004597697,5,1,0,1,0,0,1,1,1,0,1,0,-1.000000000,0.000000000,0.000000000,0.000000000,0,-1.000000000,0,0,0,,0,-1.000000000,,0,0,0.000000000,0.000000000,0,-1.000000000,0,,0,-1.000000000,,0,-1.000000000,0,,1,-0.068527795,-3.926353454,-0.007326126,0.041514397,1,3.120180368,178.773166430,-0.002442360,-2.755556107,1,-2.880084276,-165.016673668,-0.002442360,2.673503876,1,-0.184062004,-10.545976003,-0.007326126,0.417582512,1,0.633333206,36.287319739,0.012210846,-0.003663063,-0.057846643,-3.314368505,0.000000000,-0.000000000,6.000000000,2.500000000,3.143450975,180.106473998,0.000000000,-2.770881653,2.000000000,0.500000000,-2.880847216,-165.060386879,0.000000000,2.693999767,1.000000000,0.500000000,-0.189021111,-10.830111873,0.000000000,0.431064546,0.500000000,0.200000003,0.709263802,40.637822392,0.000000000,0.000112792,0.000000000,0.100000001
2026-07-04 23:25:35.623,1783178735.623140812,527.893314694,1,1,527.881148119,1,0.003771390,5,1,0.004609316,5,1,0,1,0,0,1,1,1,0,1,0,-1.000000000,0.000000000,0.000000000,0.000000000,0,-1.000000000,0,0,0,,0,-1.000000000,,0,0,0.000000000,0.000000000,0,-1.000000000,0,,0,-1.000000000,,0,-1.000000000,0,,1,-0.056702234,-3.248798689,-0.007326126,-0.036629677,1,3.120180368,178.773166430,-0.002442360,-2.741880417,1,-2.880084276,-165.016673668,-0.002442360,2.687179565,1,-0.184062004,-10.545976003,0.007326126,0.422466278,1,0.633333206,36.287319739,-0.012210846,-0.003663063,-0.057846643,-3.314368505,0.000000000,-0.000000000,6.000000000,2.500000000,3.143450975,180.106473998,0.000000000,-2.770881653,2.000000000,0.500000000,-2.880847216,-165.060386879,0.000000000,2.693999767,1.000000000,0.500000000,-0.189021111,-10.830111873,0.000000000,0.431064546,0.500000000,0.200000003,0.709263802,40.637822392,0.000000000,0.000112792,0.000000000,0.100000001
2026-07-04 23:25:36.623,1783178736.622960329,528.893134221,1,1,528.880967646,1,0.003722367,5,1,0.004734665,5,1,0,1,0,0,1,1,1,0,1,0,-1.000000000,0.000000000,0.000000000,0.000000000,0,-1.000000000,0,0,0,,0,-1.000000000,,0,0,0.000000000,0.000000000,0,-1.000000000,0,,0,-1.000000000,,0,-1.000000000,0,,1,-0.071580507,-4.101260939,0.007326126,0.026862144,1,3.120180368,178.773166430,-0.002442360,-2.755556107,1,-2.880084276,-165.016673668,-0.002442360,2.687179565,1,-0.184443474,-10.567832608,-0.021978378,0.422466278,1,0.633716583,36.309285628,0.012210846,-0.003663063,-0.057846643,-3.314368505,0.000000000,-0.000000000,6.000000000,2.500000000,3.143450975,180.106473998,0.000000000,-2.770881653,2.000000000,0.500000000,-2.880847216,-165.060386879,0.000000000,2.693999767,1.000000000,0.500000000,-0.189021111,-10.830111873,0.000000000,0.431064546,0.500000000,0.200000003,0.709263802,40.637822392,0.000000000,0.000112792,0.000000000,0.100000001
2026-07-04 23:25:37.622,1783178737.622747421,529.892921126,1,1,529.880754551,1,0.003567684,5,1,0.004633536,5,1,0,1,0,0,1,1,1,0,1,0,-1.000000000,0.000000000,0.000000000,0.000000000,0,-1.000000000,0,0,0,,0,-1.000000000,,0,0,0.000000000,0.000000000,0,-1.000000000,0,,0,-1.000000000,,0,-1.000000000,0,,1,-0.042969324,-2.461960896,-0.197801590,0.339438438,1,3.122087717,178.882449457,-0.002442360,-2.741880417,1,-2.880084276,-165.016673668,-0.002442360,2.687179565,1,-0.184062004,-10.545976003,-0.007326126,0.412698746,1,0.633333206,36.287319739,0.012210846,-0.006104946,-0.057846643,-3.314368505,0.000000000,-0.000000000,6.000000000,2.500000000,3.143450975,180.106473998,0.000000000,-2.770881653,2.000000000,0.500000000,-2.880847216,-165.060386879,0.000000000,2.693999767,1.000000000,0.500000000,-0.189021111,-10.830111873,0.000000000,0.431064546,0.500000000,0.200000003,0.709263802,40.637822392,0.000000000,0.000112792,0.000000000,0.100000001
2026-07-04 23:25:38.622,1783178738.622519255,530.892693064,1,1,530.880526489,1,0.003683125,5,1,0.004672741,5,1,0,1,0,0,1,1,1,0,1,0,-1.000000000,0.000000000,0.000000000,0.000000000,0,-1.000000000,0,0,0,,0,-1.000000000,,0,0,0.000000000,0.000000000,0,-1.000000000,0,,0,-1.000000000,,0,-1.000000000,0,,1,-0.073487855,-4.210543965,-0.080585480,0.271061897,1,3.118273020,178.663883404,-0.002442360,-2.741880417,1,-2.880084276,-165.016673668,-0.007326126,2.673503876,1,-0.184443474,-10.567832608,-0.007326126,0.417582512,1,0.633333206,36.287319739,-0.012210846,-0.003663063,-0.057846643,-3.314368505,0.000000000,-0.000000000,6.000000000,2.500000000,3.143450975,180.106473998,0.000000000,-2.770881653,2.000000000,0.500000000,-2.880847216,-165.060386879,0.000000000,2.693999767,1.000000000,0.500000000,-0.189021111,-10.830111873,0.000000000,0.431064546,0.500000000,0.200000003,0.709263802,40.637822392,0.000000000,0.000112792,0.000000000,0.100000001
2026-07-04 23:25:39.622,1783178739.622313738,531.892487652,1,1,531.880321077,1,0.003622979,5,1,0.004697995,5,1,0,1,0,0,1,1,1,0,1,0,-1.000000000,0.000000000,0.000000000,0.000000000,0,-1.000000000,0,0,0,,0,-1.000000000,,0,0,0.000000000,0.000000000,0,-1.000000000,0,,0,-1.000000000,,0,-1.000000000,0,,1,-0.080735780,-4.625819467,-0.402931213,1.081807137,1,3.121324778,178.838736246,-0.007326126,-2.782905579,1,-2.880084276,-165.016673668,-0.007326126,2.673503876,1,-0.184062004,-10.545976003,-0.007326126,0.422466278,1,0.633333206,36.287319739,-0.036628723,-0.003663063,-0.057846643,-3.314368505,0.000000000,-0.000000000,6.000000000,2.500000000,3.143450975,180.106473998,0.000000000,-2.770881653,2.000000000,0.500000000,-2.880847216,-165.060386879,0.000000000,2.693999767,1.000000000,0.500000000,-0.189021111,-10.830111873,0.000000000,0.431064546,0.500000000,0.200000003,0.709263802,40.637822392,0.000000000,0.000112792,0.000000000,0.100000001
2026-07-04 23:25:40.622,1783178740.622063875,532.892237790,1,1,532.880071215,1,0.003754997,5,1,0.004757990,5,1,0,1,0,0,1,1,1,0,1,0,-1.000000000,0.000000000,0.000000000,0.000000000,0,-1.000000000,0,0,0,,0,-1.000000000,,0,0,0.000000000,0.000000000,0,-1.000000000,0,,0,-1.000000000,,0,-1.000000000,0,,1,-0.065094568,-3.729644006,-0.007326126,0.021978378,1,3.120180368,178.773166430,-0.002442360,-2.741880417,1,-2.880084276,-165.016673668,-0.002442360,2.673503876,1,-0.184062004,-10.545976003,-0.007326126,0.417582512,1,0.633716583,36.309285628,-0.012210846,-0.003663063,-0.057846643,-3.314368505,0.000000000,-0.000000000,6.000000000,2.500000000,3.143450975,180.106473998,0.000000000,-2.770881653,2.000000000,0.500000000,-2.880847216,-165.060386879,0.000000000,2.693999767,1.000000000,0.500000000,-0.189021111,-10.830111873,0.000000000,0.431064546,0.500000000,0.200000003,0.709263802,40.637822392,0.000000000,0.000112792,0.000000000,0.100000001
2026-07-04 23:25:41.621,1783178741.621884108,533.892057976,1,1,533.879891401,1,0.003573083,5,1,0.004724188,5,1,0,1,0,0,1,1,1,0,1,0,-1.000000000,0.000000000,0.000000000,0.000000000,0,-1.000000000,0,0,0,,0,-1.000000000,,0,0,0.000000000,0.000000000,0,-1.000000000,0,,0,-1.000000000,,0,-1.000000000,0,,1,-0.047928430,-2.746096766,-0.505495071,1.013430595,1,3.088518381,176.959068187,0.837606430,-3.835897446,1,-2.880084276,-165.016673668,-0.002442360,2.673503876,1,-0.182917595,-10.480406187,-0.007326126,0.417582512,1,0.630648613,36.133503879,0.109889984,0.001221180,-0.057846643,-3.314368505,0.000000000,-0.000000000,6.000000000,2.500000000,3.143450975,180.106473998,0.000000000,-2.770881653,2.000000000,0.500000000,-2.880847216,-165.060386879,0.000000000,2.693999767,1.000000000,0.500000000,-0.189021111,-10.830111873,0.000000000,0.431064546,0.500000000,0.200000003,0.709263802,40.637822392,0.000000000,0.000112792,0.000000000,0.100000001
2026-07-04 23:25:42.621,1783178742.621802568,534.891976339,1,1,534.879809764,1,0.003959765,5,1,0.004789922,5,1,0,1,0,0,1,1,1,0,1,0,-1.000000000,0.000000000,0.000000000,0.000000000,0,-1.000000000,0,0,0,,0,-1.000000000,,0,0,0.000000000,0.000000000,0,-1.000000000,0,,0,-1.000000000,,0,-1.000000000,0,,1,-0.068910219,-3.948264701,-0.036630630,0.192917824,1,3.128573656,179.254066389,-0.007326126,-2.769229889,1,-2.880084276,-165.016673668,-0.002442360,2.673503876,1,-0.184062004,-10.545976003,-0.007326126,0.417582512,1,0.633333206,36.287319739,0.036628723,-0.003663063,-0.057846643,-3.314368505,0.000000000,-0.000000000,6.000000000,2.500000000,3.143450975,180.106473998,0.000000000,-2.770881653,2.000000000,0.500000000,-2.880847216,-165.060386879,0.000000000,2.693999767,1.000000000,0.500000000,-0.189021111,-10.830111873,0.000000000,0.431064546,0.500000000,0.200000003,0.709263802,40.637822392,0.000000000,0.000112792,0.000000000,0.100000001
2026-07-04 23:25:43.621,1783178743.621460438,535.891634393,1,1,535.879467818,1,0.003832941,5,1,0.004758570,5,1,0,1,0,0,1,1,1,0,1,0,-1.000000000,0.000000000,0.000000000,0.000000000,0,-1.000000000,0,0,0,,0,-1.000000000,,0,0,0.000000000,0.000000000,0,-1.000000000,0,,0,-1.000000000,,0,-1.000000000,0,,1,-0.079209901,-4.538393045,0.007326126,0.070817947,1,3.128573656,179.254066389,-0.002442360,-2.755556107,1,-2.880084276,-165.016673668,-0.002442360,2.673503876,1,-0.184062004,-10.545976003,0.021978378,0.417582512,1,0.633333206,36.287319739,-0.012210846,-0.003663063,-0.057846643,-3.314368505,0.000000000,-0.000000000,6.000000000,2.500000000,3.143450975,180.106473998,0.000000000,-2.770881653,2.000000000,0.500000000,-2.880847216,-165.060386879,0.000000000,2.693999767,1.000000000,0.500000000,-0.189021111,-10.830111873,0.000000000,0.431064546,0.500000000,0.200000003,0.709263802,40.637822392,0.000000000,0.000112792,0.000000000,0.100000001
2026-07-04 23:25:44.621,1783178744.621203899,536.891377884,1,1,536.879211309,1,0.003816171,5,1,0.004574254,5,1,0,1,0,0,1,1,1,0,1,0,-1.000000000,0.000000000,0.000000000,0.000000000,0,-1.000000000,0,0,0,,0,-1.000000000,,0,0,0.000000000,0.000000000,0,-1.000000000,0,,0,-1.000000000,,0,-1.000000000,0,,1,0.066895865,3.832850726,0.739927292,-3.221001148,1,3.028626680,173.527526506,-2.112332344,-1.182905197,1,-2.880084276,-165.016673668,0.002442360,2.673503876,1,-0.186732292,-10.698972240,0.021978378,0.412698746,1,0.633716583,36.309285628,-0.134311676,-0.003663063,-0.057846643,-3.314368505,0.000000000,-0.000000000,6.000000000,2.500000000,3.143450975,180.106473998,0.000000000,-2.770881653,2.000000000,0.500000000,-2.880847216,-165.060386879,0.000000000,2.693999767,1.000000000,0.500000000,-0.189021111,-10.830111873,0.000000000,0.431064546,0.500000000,0.200000003,0.709263802,40.637822392,0.000000000,0.000112792,0.000000000,0.100000001
2026-07-04 23:25:45.621,1783178745.621093273,537.891267111,1,1,537.879100536,1,0.003781097,5,1,0.004714599,5,1,0,1,0,0,1,1,1,0,1,0,-1.000000000,0.000000000,0.000000000,0.000000000,0,-1.000000000,0,0,0,,0,-1.000000000,,0,0,0.000000000,0.000000000,0,-1.000000000,0,,0,-1.000000000,,0,-1.000000000,0,,1,-0.009781456,-0.560436125,0.051282883,-0.471306801,1,3.117128611,178.598313587,0.002442360,-2.741880417,1,-2.849185228,-163.246288635,-0.002442360,2.646154404,1,-0.186732292,-10.698972240,-0.007326126,0.422466278,1,0.633716583,36.309285628,-0.012210846,-0.003663063,-0.057846643,-3.314368505,0.000000000,-0.000000000,6.000000000,2.500000000,3.143450975,180.106473998,0.000000000,-2.770881653,2.000000000,0.500000000,-2.880847216,-165.060386879,0.000000000,2.693999767,1.000000000,0.500000000,-0.189021111,-10.830111873,0.000000000,0.431064546,0.500000000,0.200000003,0.709263802,40.637822392,0.000000000,0.000112792,0.000000000,0.100000001
2026-07-04 23:25:46.621,1783178746.621007442,538.891181100,1,1,538.879014525,1,0.003856232,5,1,0.004901197,5,1,0,1,0,0,1,1,1,0,1,0,-1.000000000,0.000000000,0.000000000,0.000000000,0,-1.000000000,0,0,0,,0,-1.000000000,,0,0,0.000000000,0.000000000,0,-1.000000000,0,,0,-1.000000000,,0,-1.000000000,0,,1,-0.025040245,-1.434700338,-0.007326126,-0.222222328,1,3.116365671,178.554600377,-0.002442360,-2.741880417,1,-2.849185228,-163.246288635,0.002442360,2.646154404,1,-0.186350822,-10.677115635,-0.021978378,0.422466278,1,0.633716583,36.309285628,0.036628723,-0.003663063,-0.057846643,-3.314368505,0.000000000,-0.000000000,6.000000000,2.500000000,3.143450975,180.106473998,0.000000000,-2.770881653,2.000000000,0.500000000,-2.880847216,-165.060386879,0.000000000,2.693999767,1.000000000,0.500000000,-0.189021111,-10.830111873,0.000000000,0.431064546,0.500000000,0.200000003,0.709263802,40.637822392,0.000000000,0.000112792,0.000000000,0.100000001
2026-07-04 23:25:47.620,1783178747.620610714,539.890784734,1,1,539.878618159,1,0.003590144,5,1,0.004436033,5,1,0,1,0,0,1,1,1,0,1,0,-1.000000000,0.000000000,0.000000000,0.000000000,0,-1.000000000,0,0,0,,0,-1.000000000,,0,0,0.000000000,0.000000000,0,-1.000000000,0,,0,-1.000000000,,0,-1.000000000,0,,1,-0.025040245,-1.434700338,-0.007326126,-0.217338562,1,3.116365671,178.554600377,0.002442360,-2.741880417,1,-2.849185228,-163.246288635,-0.002442360,2.646154404,1,-0.186350822,-10.677115635,-0.007326126,0.422466278,1,0.633333206,36.287319739,0.012210846,-0.003663063,-0.057846643,-3.314368505,0.000000000,-0.000000000,6.000000000,2.500000000,3.143450975,180.106473998,0.000000000,-2.770881653,2.000000000,0.500000000,-2.880847216,-165.060386879,0.000000000,2.693999767,1.000000000,0.500000000,-0.189021111,-10.830111873,0.000000000,0.431064546,0.500000000,0.200000003,0.709263802,40.637822392,0.000000000,0.000112792,0.000000000,0.100000001
2026-07-04 23:25:48.620,1783178748.620366812,540.890540714,1,1,540.878374139,1,0.003731012,5,1,0.004650599,5,1,0,1,0,0,1,1,1,0,1,0,-1.000000000,0.000000000,0.000000000,0.000000000,0,-1.000000000,0,0,0,,0,-1.000000000,,0,0,0.000000000,0.000000000,0,-1.000000000,0,,0,-1.000000000,,0,-1.000000000,0,,1,-0.025040245,-1.434700338,-0.021978378,-0.217338562,1,3.116365671,178.554600377,-0.002442360,-2.741880417,1,-2.849185228,-163.246288635,-0.002442360,2.646154404,1,-0.186350822,-10.677115635,-0.007326126,0.422466278,1,0.633333206,36.287319739,-0.012210846,-0.003663063,-0.057846643,-3.314368505,0.000000000,-0.000000000,6.000000000,2.500000000,3.143450975,180.106473998,0.000000000,-2.770881653,2.000000000,0.500000000,-2.880847216,-165.060386879,0.000000000,2.693999767,1.000000000,0.500000000,-0.189021111,-10.830111873,0.000000000,0.431064546,0.500000000,0.200000003,0.709263802,40.637822392,0.000000000,0.000112792,0.000000000,0.100000001
2026-07-04 23:25:49.620,1783178749.620145082,541.890319024,1,1,541.878152449,1,0.003366496,5,1,0.004594395,5,1,0,1,0,0,1,1,1,0,1,0,-1.000000000,0.000000000,0.000000000,0.000000000,0,-1.000000000,0,0,0,,0,-1.000000000,,0,0,0.000000000,0.000000000,0,-1.000000000,0,,0,-1.000000000,,0,-1.000000000,0,,1,-0.057846643,-3.314368505,-0.432233810,0.847374916,1,3.116365671,178.554600377,-0.002442360,-2.741880417,1,-2.849185228,-163.246288635,-0.002442360,2.659828186,1,-0.185969353,-10.655259030,0.007326126,0.412698746,1,0.633716583,36.309285628,0.061050415,-0.006104946,-0.057846643,-3.314368505,0.000000000,-0.000000000,6.000000000,2.500000000,3.143450975,180.106473998,0.000000000,-2.770881653,2.000000000,0.500000000,-2.880847216,-165.060386879,0.000000000,2.693999767,1.000000000,0.500000000,-0.189021111,-10.830111873,0.000000000,0.431064546,0.500000000,0.200000003,0.709263802,40.637822392,0.000000000,0.000112792,0.000000000,0.100000001
2026-07-04 23:25:50.620,1783178750.619934797,542.890108670,1,1,542.877942095,1,0.003653949,5,1,0.004663109,5,1,0,1,0,0,1,1,1,0,1,0,-1.000000000,0.000000000,0.000000000,0.000000000,0,-1.000000000,0,0,0,,0,-1.000000000,,0,0,0.000000000,0.000000000,0,-1.000000000,0,,0,-1.000000000,,0,-1.000000000,0,,1,-0.031143760,-1.784406024,-0.109889984,0.051281929,1,3.123995066,178.991732484,-0.144078255,-2.659828186,1,-2.846514940,-163.093292398,0.002442360,2.646154404,1,-0.183680534,-10.524119398,0.007326126,0.417582512,1,0.633716583,36.309285628,-0.012210846,-0.003663063,-0.057846643,-3.314368505,0.000000000,-0.000000000,6.000000000,2.500000000,3.143450975,180.106473998,0.000000000,-2.770881653,2.000000000,0.500000000,-2.880847216,-165.060386879,0.000000000,2.693999767,1.000000000,0.500000000,-0.189021111,-10.830111873,0.000000000,0.431064546,0.500000000,0.200000003,0.709263802,40.637822392,0.000000000,0.000112792,0.000000000,0.100000001
2026-07-04 23:25:51.620,1783178751.619863033,543.890036940,1,1,543.877870365,1,0.003978756,5,1,0.004581962,5,1,0,1,0,0,1,1,1,0,1,0,-1.000000000,0.000000000,0.000000000,0.000000000,0,-1.000000000,0,0,0,,0,-1.000000000,,0,0,0.000000000,0.000000000,0,-1.000000000,0,,0,-1.000000000,,0,-1.000000000,0,,1,-0.056320764,-3.226942083,0.241758347,-1.140415192,1,3.115984201,178.532743771,-0.007326126,-2.769229889,1,-2.847659349,-163.158862214,-0.002442360,2.632478714,1,-0.187113762,-10.720828846,0.051282883,0.417582512,1,0.622595787,35.672110940,-0.085468292,-0.001221180,-0.057846643,-3.314368505,0.000000000,-0.000000000,6.000000000,2.500000000,3.143450975,180.106473998,0.000000000,-2.770881653,2.000000000,0.500000000,-2.880847216,-165.060386879,0.000000000,2.693999767,1.000000000,0.500000000,-0.189021111,-10.830111873,0.000000000,0.431064546,0.500000000,0.200000003,0.709263802,40.637822392,0.000000000,0.000112792,0.000000000,0.100000001
2026-07-04 23:25:52.619,1783178752.619774103,544.889948096,1,1,544.877781521,1,0.004001137,5,1,0.004905463,5,1,0,1,0,0,1,1,1,0,1,0,-1.000000000,0.000000000,0.000000000,0.000000000,0,-1.000000000,0,0,0,,0,-1.000000000,,0,0,0.000000000,0.000000000,0,-1.000000000,0,,0,-1.000000000,,0,-1.000000000,0,,1,-0.017410850,-0.997568231,0.124542236,-0.573870659,1,3.117891550,178.642026798,-0.002442360,-2.741880417,1,-2.847277880,-163.137005609,-0.002442360,2.646154404,1,-0.184062004,-10.545976003,0.007326126,0.417582512,1,0.622979164,35.694076829,-0.036628723,-0.003663063,-0.057846643,-3.314368505,0.000000000,-0.000000000,6.000000000,2.500000000,3.143450975,180.106473998,0.000000000,-2.770881653,2.000000000,0.500000000,-2.880847216,-165.060386879,0.000000000,2.693999767,1.000000000,0.500000000,-0.189021111,-10.830111873,0.000000000,0.431064546,0.500000000,0.200000003,0.709263802,40.637822392,0.000000000,0.000112792,0.000000000,0.100000001
2026-07-04 23:25:53.619,1783178753.619420052,545.889594009,1,1,545.877427434,1,0.003906118,5,1,0.004825032,5,1,0,1,0,0,1,1,1,0,1,0,-1.000000000,0.000000000,0.000000000,0.000000000,0,-1.000000000,0,0,0,,0,-1.000000000,,0,0,0.000000000,0.000000000,0,-1.000000000,0,,0,-1.000000000,,0,-1.000000000,0,,1,-0.040299036,-2.308964659,0.124542236,-0.481074333,1,3.111788034,178.292321113,0.002442360,-2.728204727,1,-2.846896410,-163.115149003,-0.002442360,2.632478714,1,-0.184062004,-10.545976003,0.007326126,0.422466278,1,0.622979164,35.694076829,-0.012210846,-0.003663063,-0.057846643,-3.314368505,0.000000000,-0.000000000,6.000000000,2.500000000,3.143450975,180.106473998,0.000000000,-2.770881653,2.000000000,0.500000000,-2.880847216,-165.060386879,0.000000000,2.693999767,1.000000000,0.500000000,-0.189021111,-10.830111873,0.000000000,0.431064546,0.500000000,0.200000003,0.709263802,40.637822392,0.000000000,0.000112792,0.000000000,0.100000001
2026-07-04 23:25:54.619,1783178754.619072437,546.889246476,1,1,546.877079901,1,0.003753929,5,1,0.004649788,5,1,0,1,0,0,1,1,1,0,1,0,-1.000000000,0.000000000,0.000000000,0.000000000,0,-1.000000000,0,0,0,,0,-1.000000000,,0,0,0.000000000,0.000000000,0,-1.000000000,0,,0,-1.000000000,,0,-1.000000000,0,,1,-0.020844078,-1.194277680,0.183149338,-0.803419113,1,3.118273020,178.663883404,0.002442360,-2.741880417,1,-2.846896410,-163.115149003,-0.002442360,2.646154404,1,-0.184443474,-10.567832608,-0.021978378,0.427350044,1,0.622979164,35.694076829,-0.012210846,-0.003663063,-0.057846643,-3.314368505,0.000000000,-0.000000000,6.000000000,2.500000000,3.143450975,180.106473998,0.000000000,-2.770881653,2.000000000,0.500000000,-2.880847216,-165.060386879,0.000000000,2.693999767,1.000000000,0.500000000,-0.189021111,-10.830111873,0.000000000,0.431064546,0.500000000,0.200000003,0.709263802,40.637822392,0.000000000,0.000112792,0.000000000,0.100000001
2026-07-04 23:25:55.619,1783178755.619405270,547.889579168,1,1,547.877412593,1,0.004151570,5,1,0.005172653,5,1,0,1,0,0,1,1,1,0,1,0,-1.000000000,0.000000000,0.000000000,0.000000000,0,-1.000000000,0,0,0,,0,-1.000000000,,0,0,0.000000000,0.000000000,0,-1.000000000,0,,0,-1.000000000,,0,-1.000000000,0,,1,-0.025421714,-1.456556944,0.153846741,-0.612942696,1,3.118273020,178.663883404,-0.002442360,-2.741880417,1,-2.846514940,-163.093292398,-0.002442360,2.646154404,1,-0.185969353,-10.655259030,-0.007326126,0.422466278,1,0.622979164,35.694076829,0.012210846,-0.003663063,-0.057846643,-3.314368505,0.000000000,-0.000000000,6.000000000,2.500000000,3.143450975,180.106473998,0.000000000,-2.770881653,2.000000000,0.500000000,-2.880847216,-165.060386879,0.000000000,2.693999767,1.000000000,0.500000000,-0.189021111,-10.830111873,0.000000000,0.431064546,0.500000000,0.200000003,0.709263802,40.637822392,0.000000000,0.000112792,0.000000000,0.100000001
2026-07-04 23:25:56.618,1783178756.618854284,548.889028195,1,1,548.876861620,1,0.003505823,5,1,0.004900313,5,1,0,1,0,0,1,1,1,0,1,0,-1.000000000,0.000000000,0.000000000,0.000000000,0,-1.000000000,0,0,0,,0,-1.000000000,,0,0,0.000000000,0.000000000,0,-1.000000000,0,,0,-1.000000000,,0,-1.000000000,0,,0,-0.050980188,-2.920949608,-0.007326126,-0.065934181,0,3.118273020,178.663883404,-0.002442360,-2.741880417,0,-2.846514940,-163.093292398,-0.002442360,2.646154404,0,-0.184824944,-10.589689214,-0.007326126,0.422466278,0,0.622979164,35.694076829,-0.036628723,-0.003663063,-0.057846643,-3.314368505,0.000000000,-0.000000000,6.000000000,2.500000000,3.143450975,180.106473998,0.000000000,-2.770881653,2.000000000,0.500000000,-2.880847216,-165.060386879,0.000000000,2.693999767,1.000000000,0.500000000,-0.189021111,-10.830111873,0.000000000,0.431064546,0.500000000,0.200000003,0.709263802,40.637822392,0.000000000,0.000112792,0.000000000,0.100000001
2026-07-04 23:25:57.618,1783178757.618451595,549.888625579,1,1,549.876459004,1,0.003720170,5,1,0.004668961,5,1,0,1,0,0,1,1,1,0,1,0,-1.000000000,0.000000000,0.000000000,0.000000000,0,-1.000000000,0,0,0,,0,-1.000000000,,0,0,0.000000000,0.000000000,0,-1.000000000,0,,0,-1.000000000,,0,-1.000000000,0,,1,-0.045639612,-2.614957134,0.124542236,-0.700854301,1,3.116365671,178.554600377,-0.002442360,-2.741880417,1,-2.846514940,-163.093292398,-0.002442360,2.646154404,1,-0.184062004,-10.545976003,-0.007326126,0.422466278,1,0.622979164,35.694076829,0.012210846,-0.003663063,-0.057846643,-3.314368505,0.000000000,-0.000000000,6.000000000,2.500000000,3.143450975,180.106473998,0.000000000,-2.770881653,2.000000000,0.500000000,-2.880847216,-165.060386879,0.000000000,2.693999767,1.000000000,0.500000000,-0.189021111,-10.830111873,0.000000000,0.431064546,0.500000000,0.200000003,0.709263802,40.637822392,0.000000000,0.000112792,0.000000000,0.100000001
2026-07-04 23:25:58.618,1783178758.618222237,550.888396186,1,1,550.876229611,1,0.003766863,5,1,0.004717149,5,1,0,1,0,0,1,1,1,0,1,0,-1.000000000,0.000000000,0.000000000,0.000000000,0,-1.000000000,0,0,0,,0,-1.000000000,,0,0,0.000000000,0.000000000,0,-1.000000000,0,,0,-1.000000000,,0,-1.000000000,0,,1,-0.056320764,-3.226942083,-0.139194489,-0.036629677,1,3.077837229,176.347083237,-1.233211517,-1.716239929,1,-2.847277880,-163.137005609,-0.002442360,2.646154404,1,-0.184443474,-10.567832608,-0.065933228,0.427350044,1,0.622979164,35.694076829,-0.012210846,-0.003663063,-0.057846643,-3.314368505,0.000000000,-0.000000000,6.000000000,2.500000000,3.143450975,180.106473998,0.000000000,-2.770881653,2.000000000,0.500000000,-2.880847216,-165.060386879,0.000000000,2.693999767,1.000000000,0.500000000,-0.189021111,-10.830111873,0.000000000,0.431064546,0.500000000,0.200000003,0.709263802,40.637822392,0.000000000,0.000112792,0.000000000,0.100000001
2026-07-04 23:25:59.618,1783178759.618051767,551.888225612,1,1,551.876059037,1,0.003508633,5,1,0.004474725,5,1,0,1,0,0,1,1,1,0,1,0,-1.000000000,0.000000000,0.000000000,0.000000000,0,-1.000000000,0,0,0,,0,-1.000000000,,0,0,0.000000000,0.000000000,0,-1.000000000,0,,0,-1.000000000,,0,-1.000000000,0,,1,-0.065094568,-3.729644006,-0.021978378,0.021978378,1,3.125520945,179.079158905,-0.002442360,-2.755556107,1,-2.846514940,-163.093292398,-0.007326126,2.646154404,1,-0.184062004,-10.545976003,0.007326126,0.422466278,1,0.622595787,35.672110940,-0.012210846,-0.003663063,-0.057846643,-3.314368505,0.000000000,-0.000000000,6.000000000,2.500000000,3.143450975,180.106473998,0.000000000,-2.770881653,2.000000000,0.500000000,-2.880847216,-165.060386879,0.000000000,2.693999767,1.000000000,0.500000000,-0.189021111,-10.830111873,0.000000000,0.431064546,0.500000000,0.200000003,0.709263802,40.637822392,0.000000000,0.000112792,0.000000000,0.100000001
2026-07-04 23:26:00.617,1783178760.617788315,552.887962358,1,1,552.875795783,1,0.003698280,5,1,0.004643920,5,1,0,1,0,0,1,1,1,0,1,0,-1.000000000,0.000000000,0.000000000,0.000000000,0,-1.000000000,0,0,0,,0,-1.000000000,,0,0,0.000000000,0.000000000,0,-1.000000000,0,,0,-1.000000000,,0,-1.000000000,0,,1,-0.065476038,-3.751500612,-0.021978378,0.007326126,1,3.125520945,179.079158905,-0.002442360,-2.769229889,1,-2.846514940,-163.093292398,-0.002442360,2.632478714,1,-0.184062004,-10.545976003,-0.007326126,0.422466278,1,0.622979164,35.694076829,0.036628723,-0.003663063,-0.057846643,-3.314368505,0.000000000,-0.000000000,6.000000000,2.500000000,3.143450975,180.106473998,0.000000000,-2.770881653,2.000000000,0.500000000,-2.880847216,-165.060386879,0.000000000,2.693999767,1.000000000,0.500000000,-0.189021111,-10.830111873,0.000000000,0.431064546,0.500000000,0.200000003,0.709263802,40.637822392,0.000000000,0.000112792,0.000000000,0.100000001
2026-07-04 23:26:01.617,1783178761.617609739,553.887783559,1,1,553.875616984,1,0.003751751,5,1,0.004675810,5,1,0,1,0,0,1,1,1,0,1,0,-1.000000000,0.000000000,0.000000000,0.000000000,0,-1.000000000,0,0,0,,0,-1.000000000,,0,0,0.000000000,0.000000000,0,-1.000000000,0,,0,-1.000000000,,0,-1.000000000,0,,1,-0.065476038,-3.751500612,0.007326126,0.021978378,1,3.125520945,179.079158905,-0.002442360,-2.755556107,1,-2.846514940,-163.093292398,-0.002442360,2.646154404,1,-0.184062004,-10.545976003,-0.007326126,0.422466278,1,0.622595787,35.672110940,-0.012210846,-0.003663063,-0.057846643,-3.314368505,0.000000000,-0.000000000,6.000000000,2.500000000,3.143450975,180.106473998,0.000000000,-2.770881653,2.000000000,0.500000000,-2.880847216,-165.060386879,0.000000000,2.693999767,1.000000000,0.500000000,-0.189021111,-10.830111873,0.000000000,0.431064546,0.500000000,0.200000003,0.709263802,40.637822392,0.000000000,0.000112792,0.000000000,0.100000001
2026-07-04 23:26:02.617,1783178762.617397547,554.887571256,1,1,554.875404681,1,0.003865522,5,1,0.004443136,5,1,0,1,0,0,1,1,1,0,1,0,-1.000000000,0.000000000,0.000000000,0.000000000,0,-1.000000000,0,0,0,,0,-1.000000000,,0,0,0.000000000,0.000000000,0,-1.000000000,0,,0,-1.000000000,,0,-1.000000000,0,,1,-0.065476038,-3.751500612,-0.007326126,0.021978378,1,3.125520945,179.079158905,-0.002442360,-2.755556107,1,-2.846514940,-163.093292398,-0.002442360,2.646154404,1,-0.184062004,-10.545976003,-0.007326126,0.422466278,1,0.622979164,35.694076829,0.012210846,-0.003663063,-0.057846643,-3.314368505,0.000000000,-0.000000000,6.000000000,2.500000000,3.143450975,180.106473998,0.000000000,-2.770881653,2.000000000,0.500000000,-2.880847216,-165.060386879,0.000000000,2.693999767,1.000000000,0.500000000,-0.189021111,-10.830111873,0.000000000,0.431064546,0.500000000,0.200000003,0.709263802,40.637822392,0.000000000,0.000112792,0.000000000,0.100000001
2026-07-04 23:26:03.617,1783178763.617129564,555.887303393,1,1,555.875136818,1,0.003534400,5,1,0.004652492,5,1,0,1,0,0,1,1,1,0,1,0,-1.000000000,0.000000000,0.000000000,0.000000000,0,-1.000000000,0,0,0,,0,-1.000000000,,0,0,0.000000000,0.000000000,0,-1.000000000,0,,0,-1.000000000,,0,-1.000000000,0,,1,-0.063950159,-3.664074190,0.021978378,-0.090353966,1,3.125520945,179.079158905,0.002442360,-2.755556107,1,-2.846514940,-163.093292398,-0.002442360,2.646154404,1,-0.184062004,-10.545976003,-0.007326126,0.422466278,1,0.622595787,35.672110940,-0.012210846,-0.003663063,-0.057846643,-3.314368505,0.000000000,-0.000000000,6.000000000,2.500000000,3.143450975,180.106473998,0.000000000,-2.770881653,2.000000000,0.500000000,-2.880847216,-165.060386879,0.000000000,2.693999767,1.000000000,0.500000000,-0.189021111,-10.830111873,0.000000000,0.431064546,0.500000000,0.200000003,0.709263802,40.637822392,0.000000000,0.000112792,0.000000000,0.100000001
2026-07-04 23:26:04.617,1783178764.616958141,556.887132007,1,1,556.874965432,1,0.003708337,5,1,0.004620898,5,1,0,1,0,0,1,1,1,0,1,0,-1.000000000,0.000000000,0.000000000,0.000000000,0,-1.000000000,0,0,0,,0,-1.000000000,,0,0,0.000000000,0.000000000,0,-1.000000000,0,,0,-1.000000000,,0,-1.000000000,0,,1,-0.096757509,-5.543796891,-0.007326126,0.358974457,1,3.112932444,178.357890929,0.085470200,-2.687179565,1,-2.846514940,-163.093292398,-0.002442360,2.646154404,1,-0.184062004,-10.545976003,-0.007326126,0.422466278,1,0.622595787,35.672110940,-0.036628723,-0.003663063,-0.057846643,-3.314368505,0.000000000,-0.000000000,6.000000000,2.500000000,3.143450975,180.106473998,0.000000000,-2.770881653,2.000000000,0.500000000,-2.880847216,-165.060386879,0.000000000,2.693999767,1.000000000,0.500000000,-0.189021111,-10.830111873,0.000000000,0.431064546,0.500000000,0.200000003,0.709263802,40.637822392,0.000000000,0.000112792,0.000000000,0.100000001
2026-07-04 23:26:05.616,1783178765.616732121,557.886906008,1,1,557.874739433,1,0.003649097,5,1,0.004665412,5,1,0,1,0,0,1,1,1,0,1,0,-1.000000000,0.000000000,0.000000000,0.000000000,0,-1.000000000,0,0,0,,0,-1.000000000,,0,0,0.000000000,0.000000000,0,-1.000000000,0,,0,-1.000000000,,0,-1.000000000,0,,1,-0.061661340,-3.532934558,-0.608058929,1.452991486,1,3.118273020,178.663883404,-0.002442360,-2.741880417,1,-2.846896410,-163.115149003,-0.002442360,2.646154404,1,-0.185206413,-10.611545819,-0.065933228,0.412698746,1,0.622595787,35.672110940,-0.061050415,-0.003663063,-0.057846643,-3.314368505,0.000000000,-0.000000000,6.000000000,2.500000000,3.143450975,180.106473998,0.000000000,-2.770881653,2.000000000,0.500000000,-2.880847216,-165.060386879,0.000000000,2.693999767,1.000000000,0.500000000,-0.189021111,-10.830111873,0.000000000,0.431064546,0.500000000,0.200000003,0.709263802,40.637822392,0.000000000,0.000112792,0.000000000,0.100000001
2026-07-04 23:26:06.616,1783178766.616519690,558.886693587,1,1,558.874527012,1,0.003555211,5,1,0.004602024,5,1,0,1,0,0,1,1,1,0,1,0,-1.000000000,0.000000000,0.000000000,0.000000000,0,-1.000000000,0,0,0,,0,-1.000000000,,0,0,0.000000000,0.000000000,0,-1.000000000,0,,0,-1.000000000,,0,-1.000000000,0,,1,-0.073106386,-4.188687360,-0.007326126,0.065934181,1,3.118273020,178.663883404,-0.002442360,-2.741880417,1,-2.846896410,-163.115149003,-0.002442360,2.632478714,1,-0.186732292,-10.698972240,-0.007326126,0.422466278,1,0.622979164,35.694076829,-0.036628723,-0.003663063,-0.057846643,-3.314368505,0.000000000,-0.000000000,6.000000000,2.500000000,3.143450975,180.106473998,0.000000000,-2.770881653,2.000000000,0.500000000,-2.880847216,-165.060386879,0.000000000,2.693999767,1.000000000,0.500000000,-0.189021111,-10.830111873,0.000000000,0.431064546,0.500000000,0.200000003,0.709263802,40.637822392,0.000000000,0.000112792,0.000000000,0.100000001
2026-07-04 23:26:07.616,1783178767.616303444,559.886477110,1,1,559.874310535,1,0.003725049,5,1,0.004715566,5,1,0,1,0,0,1,1,1,0,1,0,-1.000000000,0.000000000,0.000000000,0.000000000,0,-1.000000000,0,0,0,,0,-1.000000000,,0,0,0.000000000,0.000000000,0,-1.000000000,0,,0,-1.000000000,,0,-1.000000000,0,,1,-0.073487855,-4.210543965,0.007326126,0.070817947,1,3.118273020,178.663883404,-0.002442360,-2.741880417,1,-2.846896410,-163.115149003,-0.007326126,2.646154404,1,-0.187113762,-10.720828846,-0.021978378,0.422466278,1,0.622595787,35.672110940,-0.036628723,-0.003663063,-0.057846643,-3.314368505,0.000000000,-0.000000000,6.000000000,2.500000000,3.143450975,180.106473998,0.000000000,-2.770881653,2.000000000,0.500000000,-2.880847216,-165.060386879,0.000000000,2.693999767,1.000000000,0.500000000,-0.189021111,-10.830111873,0.000000000,0.431064546,0.500000000,0.200000003,0.709263802,40.637822392,0.000000000,0.000112792,0.000000000,0.100000001
2026-07-04 23:26:08.616,1783178768.616092920,560.886266838,1,1,560.874100263,1,0.003637065,5,1,0.004524819,5,1,0,1,0,0,1,1,1,0,1,0,-1.000000000,0.000000000,0.000000000,0.000000000,0,-1.000000000,0,0,0,,0,-1.000000000,,0,0,0.000000000,0.000000000,0,-1.000000000,0,,0,-1.000000000,,0,-1.000000000,0,,1,-0.073869325,-4.232400571,-0.007326126,0.070817947,1,3.118273020,178.663883404,-0.007326126,-2.741880417,1,-2.846896410,-163.115149003,-0.002442360,2.632478714,1,-0.186732292,-10.698972240,0.007326126,0.422466278,1,0.622595787,35.672110940,-0.012210846,-0.003663063,-0.057846643,-3.314368505,0.000000000,-0.000000000,6.000000000,2.500000000,3.143450975,180.106473998,0.000000000,-2.770881653,2.000000000,0.500000000,-2.880847216,-165.060386879,0.000000000,2.693999767,1.000000000,0.500000000,-0.189021111,-10.830111873,0.000000000,0.431064546,0.500000000,0.200000003,0.709263802,40.637822392,0.000000000,0.000112792,0.000000000,0.100000001
2026-07-04 23:26:09.615,1783178769.615841866,561.886015739,1,1,561.873849164,1,0.003531040,5,1,0.004639513,5,1,0,1,0,0,1,1,1,0,1,0,-1.000000000,0.000000000,0.000000000,0.000000000,0,-1.000000000,0,0,0,,0,-1.000000000,,0,0,0.000000000,0.000000000,0,-1.000000000,0,,0,-1.000000000,,0,-1.000000000,0,,1,-0.073869325,-4.232400571,-0.007326126,0.070817947,1,3.118273020,178.663883404,0.002442360,-2.741880417,1,-2.846896410,-163.115149003,-0.002442360,2.646154404,1,-0.186732292,-10.698972240,-0.007326126,0.422466278,1,0.622595787,35.672110940,-0.012210846,-0.003663063,-0.057846643,-3.314368505,0.000000000,-0.000000000,6.000000000,2.500000000,3.143450975,180.106473998,0.000000000,-2.770881653,2.000000000,0.500000000,-2.880847216,-165.060386879,0.000000000,2.693999767,1.000000000,0.500000000,-0.189021111,-10.830111873,0.000000000,0.431064546,0.500000000,0.200000003,0.709263802,40.637822392,0.000000000,0.000112792,0.000000000,0.100000001
2026-07-04 23:26:10.615,1783178770.615653515,562.885827358,1,1,562.873660783,1,0.003563421,5,1,0.004695149,5,1,0,1,0,0,1,1,1,0,1,0,-1.000000000,0.000000000,0.000000000,0.000000000,0,-1.000000000,0,0,0,,0,-1.000000000,,0,0,0.000000000,0.000000000,0,-1.000000000,0,,0,-1.000000000,,0,-1.000000000,0,,1,-0.075776674,-4.341683597,-0.007326126,0.080586433,1,3.118273020,178.663883404,-0.002442360,-2.741880417,1,-2.846896410,-163.115149003,-0.002442360,2.646154404,1,-0.187113762,-10.720828846,-0.007326126,0.422466278,1,0.622595787,35.672110940,-0.036628723,-0.003663063,-0.057846643,-3.314368505,0.000000000,-0.000000000,6.000000000,2.500000000,3.143450975,180.106473998,0.000000000,-2.770881653,2.000000000,0.500000000,-2.880847216,-165.060386879,0.000000000,2.693999767,1.000000000,0.500000000,-0.189021111,-10.830111873,0.000000000,0.431064546,0.500000000,0.200000003,0.709263802,40.637822392,0.000000000,0.000112792,0.000000000,0.100000001
2026-07-04 23:26:11.615,1783178771.615446568,563.885620347,1,1,563.873453772,1,0.003790341,5,1,0.004633666,5,1,0,1,0,0,1,1,1,0,1,0,-1.000000000,0.000000000,0.000000000,0.000000000,0,-1.000000000,0,0,0,,0,-1.000000000,,0,0,0.000000000,0.000000000,0,-1.000000000,0,,0,-1.000000000,,0,-1.000000000,0,,1,-0.022751426,-1.303560706,0.007326126,-0.251525879,1,3.116365671,178.554600377,-0.002442360,-2.741880417,1,-2.847277880,-163.137005609,-0.007326126,2.646154404,1,-0.184443474,-10.567832608,-0.051282883,0.442002296,1,0.622595787,35.672110940,-0.012210846,-0.003663063,-0.057846643,-3.314368505,0.000000000,-0.000000000,6.000000000,2.500000000,3.143450975,180.106473998,0.000000000,-2.770881653,2.000000000,0.500000000,-2.880847216,-165.060386879,0.000000000,2.693999767,1.000000000,0.500000000,-0.189021111,-10.830111873,0.000000000,0.431064546,0.500000000,0.200000003,0.709263802,40.637822392,0.000000000,0.000112792,0.000000000,0.100000001
2026-07-04 23:26:12.615,1783178772.615195990,564.885369727,1,1,564.873203152,1,0.003674675,5,1,0.004694936,5,1,0,1,0,0,1,1,1,0,1,0,-1.000000000,0.000000000,0.000000000,0.000000000,0,-1.000000000,0,0,0,,0,-1.000000000,,0,0,0.000000000,0.000000000,0,-1.000000000,0,,0,-1.000000000,,0,-1.000000000,0,,1,-0.095994569,-5.500083681,-1.282051086,3.050061226,1,2.902358294,166.292880854,-0.388278008,-4.369230270,1,-2.836978197,-162.546877264,0.158730507,2.728204727,1,-0.182917595,-10.480406187,0.051282883,0.412698746,1,0.622595787,35.672110940,-0.061050415,-0.003663063,-0.057846643,-3.314368505,0.000000000,-0.000000000,6.000000000,2.500000000,3.143450975,180.106473998,0.000000000,-2.770881653,2.000000000,0.500000000,-2.880847216,-165.060386879,0.000000000,2.693999767,1.000000000,0.500000000,-0.189021111,-10.830111873,0.000000000,0.431064546,0.500000000,0.200000003,0.709263802,40.637822392,0.000000000,0.000112792,0.000000000,0.100000001
2026-07-04 23:26:13.615,1783178773.614987373,565.885161185,1,1,565.872994610,1,0.003644063,5,1,0.004580707,5,1,0,1,0,0,1,1,1,0,1,0,-1.000000000,0.000000000,0.000000000,0.000000000,0,-1.000000000,0,0,0,,0,-1.000000000,,0,0,0.000000000,0.000000000,0,-1.000000000,0,,0,-1.000000000,,0,-1.000000000,0,,1,-0.090653993,-5.194091206,0.007326126,0.173381805,1,3.123232126,178.948019273,-0.002442360,-2.755556107,1,-2.820955515,-161.628845198,-0.002442360,2.618803024,1,-0.183299065,-10.502262792,-0.007326126,0.417582512,1,0.622595787,35.672110940,-0.012210846,-0.003663063,-0.057846643,-3.314368505,0.000000000,-0.000000000,6.000000000,2.500000000,3.143450975,180.106473998,0.000000000,-2.770881653,2.000000000,0.500000000,-2.880847216,-165.060386879,0.000000000,2.693999767,1.000000000,0.500000000,-0.189021111,-10.830111873,0.000000000,0.431064546,0.500000000,0.200000003,0.709263802,40.637822392,0.000000000,0.000112792,0.000000000,0.100000001
2026-07-04 23:26:14.614,1783178774.614789963,566.884963805,1,1,566.872797230,1,0.003557430,5,1,0.004602012,5,1,0,1,0,0,1,1,1,0,1,0,-1.000000000,0.000000000,0.000000000,0.000000000,0,-1.000000000,0,0,0,,0,-1.000000000,,0,0,0.000000000,0.000000000,0,-1.000000000,0,,0,-1.000000000,,0,-1.000000000,0,,1,-0.090653993,-5.194091206,-0.021978378,0.173381805,1,3.123232126,178.948019273,0.002442360,-2.741880417,1,-2.820955515,-161.628845198,-0.002442360,2.618803024,1,-0.183299065,-10.502262792,-0.007326126,0.422466278,1,0.622595787,35.672110940,-0.012210846,-0.003663063,-0.057846643,-3.314368505,0.000000000,-0.000000000,6.000000000,2.500000000,3.143450975,180.106473998,0.000000000,-2.770881653,2.000000000,0.500000000,-2.880847216,-165.060386879,0.000000000,2.693999767,1.000000000,0.500000000,-0.189021111,-10.830111873,0.000000000,0.431064546,0.500000000,0.200000003,0.709263802,40.637822392,0.000000000,0.000112792,0.000000000,0.100000001
2026-07-04 23:26:15.614,1783178775.614610672,567.884784441,1,1,567.872617866,1,0.003619450,5,1,0.004285176,5,1,0,1,0,0,1,1,1,0,1,0,-1.000000000,0.000000000,0.000000000,0.000000000,0,-1.000000000,0,0,0,,0,-1.000000000,,0,0,0.000000000,0.000000000,0,-1.000000000,0,,0,-1.000000000,,0,-1.000000000,0,,1,-0.090653993,-5.194091206,0.007326126,0.173381805,1,3.123613596,178.969875878,-0.002442360,-2.755556107,1,-2.820955515,-161.628845198,-0.002442360,2.618803024,1,-0.183680534,-10.524119398,-0.007326126,0.422466278,1,0.622595787,35.672110940,0.012210846,-0.003663063,-0.057846643,-3.314368505,0.000000000,-0.000000000,6.000000000,2.500000000,3.143450975,180.106473998,0.000000000,-2.770881653,2.000000000,0.500000000,-2.880847216,-165.060386879,0.000000000,2.693999767,1.000000000,0.500000000,-0.189021111,-10.830111873,0.000000000,0.431064546,0.500000000,0.200000003,0.709263802,40.637822392,0.000000000,0.000112792,0.000000000,0.100000001
2026-07-04 23:26:16.614,1783178776.614374399,568.884548171,1,1,568.872381596,1,0.003777784,5,1,0.004683561,5,1,0,1,0,0,1,1,1,0,1,0,-1.000000000,0.000000000,0.000000000,0.000000000,0,-1.000000000,0,0,0,,0,-1.000000000,,0,0,0.000000000,0.000000000,0,-1.000000000,0,,0,-1.000000000,,0,-1.000000000,0,,1,-0.090653993,-5.194091206,0.007326126,0.173381805,1,3.123613596,178.969875878,-0.002442360,-2.769229889,1,-2.820955515,-161.628845198,-0.002442360,2.618803024,1,-0.183299065,-10.502262792,-0.007326126,0.422466278,1,0.622979164,35.694076829,-0.012210846,-0.003663063,-0.057846643,-3.314368505,0.000000000,-0.000000000,6.000000000,2.500000000,3.143450975,180.106473998,0.000000000,-2.770881653,2.000000000,0.500000000,-2.880847216,-165.060386879,0.000000000,2.693999767,1.000000000,0.500000000,-0.189021111,-10.830111873,0.000000000,0.431064546,0.500000000,0.200000003,0.709263802,40.637822392,0.000000000,0.000112792,0.000000000,0.100000001
2026-07-04 23:26:17.614,1783178777.614142418,569.884316346,1,1,569.872149771,1,0.003765470,5,1,0.004687234,5,1,0,1,0,0,1,1,1,0,1,0,-1.000000000,0.000000000,0.000000000,0.000000000,0,-1.000000000,0,0,0,,0,-1.000000000,,0,0,0.000000000,0.000000000,0,-1.000000000,0,,0,-1.000000000,,0,-1.000000000,0,,1,-0.097901918,-5.609366707,0.153846741,-0.525030136,1,3.122469187,178.904306062,-0.100122452,-2.523077011,1,-2.820955515,-161.628845198,-0.002442360,2.618803024,1,-0.182917595,-10.480406187,-0.021978378,0.417582512,1,0.622595787,35.672110940,-0.061050415,-0.003663063,-0.057846643,-3.314368505,0.000000000,-0.000000000,6.000000000,2.500000000,3.143450975,180.106473998,0.000000000,-2.770881653,2.000000000,0.500000000,-2.880847216,-165.060386879,0.000000000,2.693999767,1.000000000,0.500000000,-0.189021111,-10.830111873,0.000000000,0.431064546,0.500000000,0.200000003,0.709263802,40.637822392,0.000000000,0.000112792,0.000000000,0.100000001
2026-07-04 23:26:18.614,1783178778.614018202,570.884192268,1,1,570.872025693,1,0.003841975,5,1,0.004777819,5,1,0,1,0,0,1,1,1,0,1,0,-1.000000000,0.000000000,0.000000000,0.000000000,0,-1.000000000,0,0,0,,0,-1.000000000,,0,0,0.000000000,0.000000000,0,-1.000000000,0,,0,-1.000000000,,0,-1.000000000,0,,1,-0.083024599,-4.756959099,-0.007326126,0.105006218,1,3.122087717,178.882449457,-0.007326126,-2.755556107,1,-2.852999926,-163.464854689,-0.002442360,2.646154404,1,-0.186732292,-10.698972240,0.021978378,0.412698746,1,0.622595787,35.672110940,0.012210846,-0.003663063,-0.057846643,-3.314368505,0.000000000,-0.000000000,6.000000000,2.500000000,3.143450975,180.106473998,0.000000000,-2.770881653,2.000000000,0.500000000,-2.880847216,-165.060386879,0.000000000,2.693999767,1.000000000,0.500000000,-0.189021111,-10.830111873,0.000000000,0.431064546,0.500000000,0.200000003,0.709263802,40.637822392,0.000000000,0.000112792,0.000000000,0.100000001
2026-07-04 23:26:19.613,1783178779.613735676,571.883909578,1,1,571.871743003,1,0.003780769,5,1,0.004441885,5,1,0,1,0,0,1,1,1,0,1,0,-1.000000000,0.000000000,0.000000000,0.000000000,0,-1.000000000,0,0,0,,0,-1.000000000,,0,0,0.000000000,0.000000000,0,-1.000000000,0,,0,-1.000000000,,0,-1.000000000,0,,1,-0.072724916,-4.166830755,-0.036630630,0.075701714,1,3.122087717,178.882449457,-0.002442360,-2.741880417,1,-2.852999926,-163.464854689,-0.007326126,2.646154404,1,-0.186732292,-10.698972240,-0.021978378,0.422466278,1,0.622595787,35.672110940,-0.036628723,-0.003663063,-0.057846643,-3.314368505,0.000000000,-0.000000000,6.000000000,2.500000000,3.143450975,180.106473998,0.000000000,-2.770881653,2.000000000,0.500000000,-2.880847216,-165.060386879,0.000000000,2.693999767,1.000000000,0.500000000,-0.189021111,-10.830111873,0.000000000,0.431064546,0.500000000,0.200000003,0.709263802,40.637822392,0.000000000,0.000112792,0.000000000,0.100000001
2026-07-04 23:26:20.613,1783178780.613568068,572.883741730,1,1,572.871575155,1,0.003632049,5,1,0.004549645,5,1,0,1,0,0,1,1,1,0,1,0,-1.000000000,0.000000000,0.000000000,0.000000000,0,-1.000000000,0,0,0,,0,-1.000000000,,0,0,0.000000000,0.000000000,0,-1.000000000,0,,0,-1.000000000,,0,-1.000000000,0,,1,-0.064713098,-3.707787401,-0.021978378,-0.007326126,1,3.118273020,178.663883404,-0.002442360,-2.741880417,1,-2.852999926,-163.464854689,-0.002442360,2.659828186,1,-0.184062004,-10.545976003,-0.021978378,0.417582512,1,0.622595787,35.672110940,-0.036628723,-0.003663063,-0.057846643,-3.314368505,0.000000000,-0.000000000,6.000000000,2.500000000,3.143450975,180.106473998,0.000000000,-2.770881653,2.000000000,0.500000000,-2.880847216,-165.060386879,0.000000000,2.693999767,1.000000000,0.500000000,-0.189021111,-10.830111873,0.000000000,0.431064546,0.500000000,0.200000003,0.709263802,40.637822392,0.000000000,0.000112792,0.000000000,0.100000001
2026-07-04 23:26:21.613,1783178781.613332033,573.883505691,1,1,573.871339116,1,0.003406113,5,1,0.004683124,5,1,0,1,0,0,1,1,1,0,1,0,-1.000000000,0.000000000,0.000000000,0.000000000,0,-1.000000000,0,0,0,,0,-1.000000000,,0,0,0.000000000,0.000000000,0,-1.000000000,0,,0,-1.000000000,,0,-1.000000000,0,,1,-0.067383386,-3.860783638,-0.007326126,0.031745911,1,3.118273020,178.663883404,-0.002442360,-2.741880417,1,-2.852999926,-163.464854689,-0.002442360,2.646154404,1,-0.184443474,-10.567832608,-0.007326126,0.422466278,1,0.622979164,35.694076829,-0.012210846,-0.003663063,-0.057846643,-3.314368505,0.000000000,-0.000000000,6.000000000,2.500000000,3.143450975,180.106473998,0.000000000,-2.770881653,2.000000000,0.500000000,-2.880847216,-165.060386879,0.000000000,2.693999767,1.000000000,0.500000000,-0.189021111,-10.830111873,0.000000000,0.431064546,0.500000000,0.200000003,0.709263802,40.637822392,0.000000000,0.000112792,0.000000000,0.100000001
2026-07-04 23:26:22.613,1783178782.613093853,574.883267629,1,1,574.871101054,1,0.002924230,5,1,0.004402902,5,1,0,1,0,0,1,1,1,0,1,0,-1.000000000,0.000000000,0.000000000,0.000000000,0,-1.000000000,0,0,0,,0,-1.000000000,,0,0,0.000000000,0.000000000,0,-1.000000000,0,,0,-1.000000000,,0,-1.000000000,0,,1,-0.067383386,-3.860783638,-0.007326126,0.031745911,1,3.118273020,178.663883404,-0.002442360,-2.741880417,1,-2.852999926,-163.464854689,0.002442360,2.646154404,1,-0.184443474,-10.567832608,-0.007326126,0.422466278,1,0.622979164,35.694076829,0.012210846,-0.003663063,-0.057846643,-3.314368505,0.000000000,-0.000000000,6.000000000,2.500000000,3.143450975,180.106473998,0.000000000,-2.770881653,2.000000000,0.500000000,-2.880847216,-165.060386879,0.000000000,2.693999767,1.000000000,0.500000000,-0.189021111,-10.830111873,0.000000000,0.431064546,0.500000000,0.200000003,0.709263802,40.637822392,0.000000000,0.000112792,0.000000000,0.100000001
2026-07-04 23:26:23.613,1783178783.612878323,575.883052145,1,1,575.870885570,1,0.003680083,5,1,0.004621889,5,1,0,1,0,0,1,1,1,0,1,0,-1.000000000,0.000000000,0.000000000,0.000000000,0,-1.000000000,0,0,0,,0,-1.000000000,,0,0,0.000000000,0.000000000,0,-1.000000000,0,,0,-1.000000000,,0,-1.000000000,0,,1,-0.067383386,-3.860783638,-0.007326126,0.031745911,1,3.118273020,178.663883404,-0.007326126,-2.728204727,1,-2.852999926,-163.464854689,-0.002442360,2.646154404,1,-0.184443474,-10.567832608,-0.021978378,0.422466278,1,0.622595787,35.672110940,-0.036628723,-0.003663063,-0.057846643,-3.314368505,0.000000000,-0.000000000,6.000000000,2.500000000,3.143450975,180.106473998,0.000000000,-2.770881653,2.000000000,0.500000000,-2.880847216,-165.060386879,0.000000000,2.693999767,1.000000000,0.500000000,-0.189021111,-10.830111873,0.000000000,0.431064546,0.500000000,0.200000003,0.709263802,40.637822392,0.000000000,0.000112792,0.000000000,0.100000001
2026-07-04 23:26:24.613,1783178784.612952948,576.883126768,1,1,576.870960193,1,0.003920283,5,1,0.004852939,5,1,0,1,0,0,1,1,1,0,1,0,-1.000000000,0.000000000,0.000000000,0.000000000,0,-1.000000000,0,0,0,,0,-1.000000000,,0,0,0.000000000,0.000000000,0,-1.000000000,0,,0,-1.000000000,,0,-1.000000000,0,,1,-0.065476038,-3.751500612,0.051282883,-0.036629677,1,3.117891550,178.642026798,-0.002442360,-2.741880417,1,-2.852999926,-163.464854689,-0.007326126,2.646154404,1,-0.184824944,-10.589689214,0.007326126,0.422466278,1,0.622979164,35.694076829,0.036628723,-0.003663063,-0.057846643,-3.314368505,0.000000000,-0.000000000,6.000000000,2.500000000,3.143450975,180.106473998,0.000000000,-2.770881653,2.000000000,0.500000000,-2.880847216,-165.060386879,0.000000000,2.693999767,1.000000000,0.500000000,-0.189021111,-10.830111873,0.000000000,0.431064546,0.500000000,0.200000003,0.709263802,40.637822392,0.000000000,0.000112792,0.000000000,0.100000001
2026-07-04 23:26:25.612,1783178785.612458467,577.882632400,1,1,577.870465825,1,0.003733103,5,1,0.004508597,5,1,0,1,0,0,1,1,1,0,1,0,-1.000000000,0.000000000,0.000000000,0.000000000,0,-1.000000000,0,0,0,,0,-1.000000000,,0,0,0.000000000,0.000000000,0,-1.000000000,0,,0,-1.000000000,,0,-1.000000000,0,,1,-0.057465173,-3.292511899,-0.051282883,0.012209892,1,3.116365671,178.554600377,-0.139194489,-2.413675308,1,-2.852999926,-163.464854689,0.002442360,2.646154404,1,-0.184062004,-10.545976003,0.007326126,0.417582512,1,0.622595787,35.672110940,-0.012210846,-0.003663063,-0.057846643,-3.314368505,0.000000000,-0.000000000,6.000000000,2.500000000,3.143450975,180.106473998,0.000000000,-2.770881653,2.000000000,0.500000000,-2.880847216,-165.060386879,0.000000000,2.693999767,1.000000000,0.500000000,-0.189021111,-10.830111873,0.000000000,0.431064546,0.500000000,0.200000003,0.709263802,40.637822392,0.000000000,0.000112792,0.000000000,0.100000001
2026-07-04 23:26:26.612,1783178786.612221479,578.882395332,1,1,578.870228757,1,0.003908877,5,1,0.004762945,5,1,0,1,0,0,1,1,1,0,1,0,-1.000000000,0.000000000,0.000000000,0.000000000,0,-1.000000000,0,0,0,,0,-1.000000000,,0,0,0.000000000,0.000000000,0,-1.000000000,0,,0,-1.000000000,,0,-1.000000000,0,,1,-0.063568689,-3.642217585,-0.095237732,0.197802544,1,3.117128611,178.598313587,-0.002442360,-2.741880417,1,-2.852999926,-163.464854689,-0.002442360,2.646154404,1,-0.184062004,-10.545976003,-0.021978378,0.427350044,1,0.622979164,35.694076829,0.012210846,-0.003663063,-0.057846643,-3.314368505,0.000000000,-0.000000000,6.000000000,2.500000000,3.143450975,180.106473998,0.000000000,-2.770881653,2.000000000,0.500000000,-2.880847216,-165.060386879,0.000000000,2.693999767,1.000000000,0.500000000,-0.189021111,-10.830111873,0.000000000,0.431064546,0.500000000,0.200000003,0.709263802,40.637822392,0.000000000,0.000112792,0.000000000,0.100000001
2026-07-04 23:26:27.612,1783178787.612012625,579.882186355,1,1,579.870019780,1,0.003319121,5,1,0.004650199,5,1,0,1,0,0,1,1,1,0,1,0,-1.000000000,0.000000000,0.000000000,0.000000000,0,-1.000000000,0,0,0,,0,-1.000000000,,0,0,0.000000000,0.000000000,0,-1.000000000,0,,0,-1.000000000,,0,-1.000000000,0,,1,-0.061279871,-3.511077953,-0.021978378,-0.026862144,1,3.120943308,178.816879641,-0.212453842,-2.345298767,1,-2.851855516,-163.399284873,-0.002442360,2.646154404,1,-0.186350822,-10.677115635,-0.007326126,0.422466278,1,0.622595787,35.672110940,-0.036628723,-0.003663063,-0.057846643,-3.314368505,0.000000000,-0.000000000,6.000000000,2.500000000,3.143450975,180.106473998,0.000000000,-2.770881653,2.000000000,0.500000000,-2.880847216,-165.060386879,0.000000000,2.693999767,1.000000000,0.500000000,-0.189021111,-10.830111873,0.000000000,0.431064546,0.500000000,0.200000003,0.709263802,40.637822392,0.000000000,0.000112792,0.000000000,0.100000001
2026-07-04 23:26:28.611,1783178788.611808062,580.881981735,1,1,580.869815160,1,0.003592144,5,1,0.004618995,5,1,0,1,0,0,1,1,1,0,1,0,-1.000000000,0.000000000,0.000000000,0.000000000,0,-1.000000000,0,0,0,,0,-1.000000000,,0,0,0.000000000,0.000000000,0,-1.000000000,0,,0,-1.000000000,,0,-1.000000000,0,,1,-0.064331628,-3.685930796,-0.007326126,0.012209892,1,3.122087717,178.882449457,0.002442360,-2.741880417,1,-2.851474047,-163.377428267,-0.002442360,2.659828186,1,-0.184062004,-10.545976003,-0.021978378,0.422466278,1,0.622595787,35.672110940,-0.036628723,-0.003663063,-0.057846643,-3.314368505,0.000000000,-0.000000000,6.000000000,2.500000000,3.143450975,180.106473998,0.000000000,-2.770881653,2.000000000,0.500000000,-2.880847216,-165.060386879,0.000000000,2.693999767,1.000000000,0.500000000,-0.189021111,-10.830111873,0.000000000,0.431064546,0.500000000,0.200000003,0.709263802,40.637822392,0.000000000,0.000112792,0.000000000,0.100000001
2026-07-04 23:26:29.611,1783178789.611587286,581.881761162,1,1,581.869594587,1,0.003560010,5,1,0.004583116,5,1,0,1,0,0,1,1,1,0,1,0,-1.000000000,0.000000000,0.000000000,0.000000000,0,-1.000000000,0,0,0,,0,-1.000000000,,0,0,0.000000000,0.000000000,0,-1.000000000,0,,0,-1.000000000,,0,-1.000000000,0,,1,-0.064713098,-3.707787401,-0.007326126,0.017093658,1,3.122087717,178.882449457,-0.002442360,-2.755556107,1,-2.851474047,-163.377428267,-0.002442360,2.646154404,1,-0.184062004,-10.545976003,-0.007326126,0.417582512,1,0.622595787,35.672110940,-0.036628723,-0.003663063,-0.057846643,-3.314368505,0.000000000,-0.000000000,6.000000000,2.500000000,3.143450975,180.106473998,0.000000000,-2.770881653,2.000000000,0.500000000,-2.880847216,-165.060386879,0.000000000,2.693999767,1.000000000,0.500000000,-0.189021111,-10.830111873,0.000000000,0.431064546,0.500000000,0.200000003,0.709263802,40.637822392,0.000000000,0.000112792,0.000000000,0.100000001
2026-07-04 23:26:30.611,1783178790.611353159,582.881527043,1,1,582.869360468,1,0.003875946,5,1,0.004590940,5,1,0,1,0,0,1,1,1,0,1,0,-1.000000000,0.000000000,0.000000000,0.000000000,0,-1.000000000,0,0,0,,0,-1.000000000,,0,0,0.000000000,0.000000000,0,-1.000000000,0,,0,-1.000000000,,0,-1.000000000,0,,1,-0.054031946,-3.095802451,-0.036630630,0.114773750,1,3.122087717,178.882449457,-0.002442360,-2.755556107,1,-2.851474047,-163.377428267,0.002442360,2.632478714,1,-0.183680534,-10.524119398,-0.007326126,0.422466278,1,0.622595787,35.672110940,-0.012210846,-0.003663063,-0.057846643,-3.314368505,0.000000000,-0.000000000,6.000000000,2.500000000,3.143450975,180.106473998,0.000000000,-2.770881653,2.000000000,0.500000000,-2.880847216,-165.060386879,0.000000000,2.693999767,1.000000000,0.500000000,-0.189021111,-10.830111873,0.000000000,0.431064546,0.500000000,0.200000003,0.709263802,40.637822392,0.000000000,0.000112792,0.000000000,0.100000001
2026-07-04 23:26:31.611,1783178791.611274004,583.881447899,1,1,583.869281324,1,0.003745797,5,1,0.004485093,5,1,0,1,0,0,1,1,1,0,1,0,-1.000000000,0.000000000,0.000000000,0.000000000,0,-1.000000000,0,0,0,,0,-1.000000000,,0,0,0.000000000,0.000000000,0,-1.000000000,0,,0,-1.000000000,,0,-1.000000000,0,,1,-0.064713098,-3.707787401,-0.065933228,-0.075701714,1,3.122087717,178.882449457,-0.002442360,-2.755556107,1,-2.851474047,-163.377428267,-0.007326126,2.646154404,1,-0.184824944,-10.589689214,-0.007326126,0.422466278,1,0.622595787,35.672110940,-0.012210846,-0.003663063,-0.057846643,-3.314368505,0.000000000,-0.000000000,6.000000000,2.500000000,3.143450975,180.106473998,0.000000000,-2.770881653,2.000000000,0.500000000,-2.880847216,-165.060386879,0.000000000,2.693999767,1.000000000,0.500000000,-0.189021111,-10.830111873,0.000000000,0.431064546,0.500000000,0.200000003,0.709263802,40.637822392,0.000000000,0.000112792,0.000000000,0.100000001
2026-07-04 23:26:32.611,1783178792.610932112,584.881106007,1,1,584.868939432,1,0.003695253,5,1,0.004780282,5,1,0,1,0,0,1,1,1,0,1,0,-1.000000000,0.000000000,0.000000000,0.000000000,0,-1.000000000,0,0,0,,0,-1.000000000,,0,0,0.000000000,0.000000000,0,-1.000000000,0,,0,-1.000000000,,0,-1.000000000,0,,1,-0.075776674,-4.341683597,-0.021978378,0.061050415,1,3.116365671,178.554600377,-0.007326126,-2.728204727,1,-2.851474047,-163.377428267,-0.002442360,2.659828186,1,-0.184443474,-10.567832608,0.007326126,0.422466278,1,0.622595787,35.672110940,-0.061050415,-0.003663063,-0.057846643,-3.314368505,0.000000000,-0.000000000,6.000000000,2.500000000,3.143450975,180.106473998,0.000000000,-2.770881653,2.000000000,0.500000000,-2.880847216,-165.060386879,0.000000000,2.693999767,1.000000000,0.500000000,-0.189021111,-10.830111873,0.000000000,0.431064546,0.500000000,0.200000003,0.709263802,40.637822392,0.000000000,0.000112792,0.000000000,0.100000001
2026-07-04 23:26:33.610,1783178793.610730171,585.880904137,1,1,585.868737562,1,0.003664708,5,1,0.004607005,5,1,0,1,0,0,1,1,1,0,1,0,-1.000000000,0.000000000,0.000000000,0.000000000,0,-1.000000000,0,0,0,,0,-1.000000000,,0,0,0.000000000,0.000000000,0,-1.000000000,0,,0,-1.000000000,,0,-1.000000000,0,,1,-0.064331628,-3.685930796,-0.197801590,0.192917824,1,3.124376535,179.013589089,0.002442360,-2.755556107,1,-2.851474047,-163.377428267,-0.002442360,2.659828186,1,-0.184443474,-10.567832608,0.021978378,0.422466278,1,0.622595787,35.672110940,0.012210846,-0.003663063,-0.057846643,-3.314368505,0.000000000,-0.000000000,6.000000000,2.500000000,3.143450975,180.106473998,0.000000000,-2.770881653,2.000000000,0.500000000,-2.880847216,-165.060386879,0.000000000,2.693999767,1.000000000,0.500000000,-0.189021111,-10.830111873,0.000000000,0.431064546,0.500000000,0.200000003,0.709263802,40.637822392,0.000000000,0.000112792,0.000000000,0.100000001
2026-07-04 23:26:34.610,1783178794.610546589,586.880720611,1,1,586.868554036,1,0.003609426,5,1,0.004483627,5,1,0,1,0,0,1,1,1,0,1,0,-1.000000000,0.000000000,0.000000000,0.000000000,0,-1.000000000,0,0,0,,0,-1.000000000,,0,0,0.000000000,0.000000000,0,-1.000000000,0,,0,-1.000000000,,0,-1.000000000,0,,1,-0.049454309,-2.833523187,0.153846741,-0.490842819,1,3.118273020,178.663883404,0.002442360,-2.741880417,1,-2.851474047,-163.377428267,-0.002442360,2.659828186,1,-0.184824944,-10.589689214,-0.065933228,0.427350044,1,0.622595787,35.672110940,-0.036628723,-0.003663063,-0.057846643,-3.314368505,0.000000000,-0.000000000,6.000000000,2.500000000,3.143450975,180.106473998,0.000000000,-2.770881653,2.000000000,0.500000000,-2.880847216,-165.060386879,0.000000000,2.693999767,1.000000000,0.500000000,-0.189021111,-10.830111873,0.000000000,0.431064546,0.500000000,0.200000003,0.709263802,40.637822392,0.000000000,0.000112792,0.000000000,0.100000001
2026-07-04 23:26:35.610,1783178795.610342026,587.880516064,1,1,587.868349489,1,0.003445003,5,1,0.004199727,5,1,0,1,0,0,1,1,1,0,1,0,-1.000000000,0.000000000,0.000000000,0.000000000,0,-1.000000000,0,0,0,,0,-1.000000000,,0,0,0.000000000,0.000000000,0,-1.000000000,0,,0,-1.000000000,,0,-1.000000000,0,,1,-0.078828432,-4.516536440,-0.065933228,0.163614273,1,3.118273020,178.663883404,0.148962021,-2.591453552,1,-2.851474047,-163.377428267,-0.002442360,2.659828186,1,-0.184062004,-10.545976003,0.124542236,0.417582512,1,0.622595787,35.672110940,-0.061050415,-0.003663063,-0.057846643,-3.314368505,0.000000000,-0.000000000,6.000000000,2.500000000,3.143450975,180.106473998,0.000000000,-2.770881653,2.000000000,0.500000000,-2.880847216,-165.060386879,0.000000000,2.693999767,1.000000000,0.500000000,-0.189021111,-10.830111873,0.000000000,0.431064546,0.500000000,0.200000003,0.709263802,40.637822392,0.000000000,0.000112792,0.000000000,0.100000001
2026-07-04 23:26:36.610,1783178796.610084772,588.880258588,1,1,588.868092013,1,0.003677935,5,1,0.004601436,5,1,0,1,0,0,1,1,1,0,1,0,-1.000000000,0.000000000,0.000000000,0.000000000,0,-1.000000000,0,0,0,,0,-1.000000000,,0,0,0.000000000,0.000000000,0,-1.000000000,0,,0,-1.000000000,,0,-1.000000000,0,,1,-0.057846643,-3.314368505,0.007326126,-0.061050415,1,3.119035959,178.707596614,-0.002442360,-2.741880417,1,-2.851855516,-163.399284873,-0.002442360,2.646154404,1,-0.184062004,-10.545976003,0.007326126,0.422466278,1,0.622979164,35.694076829,-0.012210846,-0.003663063,-0.057846643,-3.314368505,0.000000000,-0.000000000,6.000000000,2.500000000,3.143450975,180.106473998,0.000000000,-2.770881653,2.000000000,0.500000000,-2.880847216,-165.060386879,0.000000000,2.693999767,1.000000000,0.500000000,-0.189021111,-10.830111873,0.000000000,0.431064546,0.500000000,0.200000003,0.709263802,40.637822392,0.000000000,0.000112792,0.000000000,0.100000001
2026-07-04 23:26:37.610,1783178797.609900713,589.880074659,1,1,589.867908084,1,0.003664724,5,1,0.004486211,5,1,0,1,0,0,1,1,1,0,1,0,-1.000000000,0.000000000,0.000000000,0.000000000,0,-1.000000000,0,0,0,,0,-1.000000000,,0,0,0.000000000,0.000000000,0,-1.000000000,0,,0,-1.000000000,,0,-1.000000000,0,,1,-0.090653993,-5.194091206,-0.036630630,0.344322205,1,3.117128611,178.598313587,-0.002442360,-2.728204727,1,-2.852236986,-163.421141478,-0.002442360,2.659828186,1,-0.184443474,-10.567832608,-0.007326126,0.422466278,1,0.622595787,35.672110940,-0.012210846,-0.003663063,-0.057846643,-3.314368505,0.000000000,-0.000000000,6.000000000,2.500000000,3.143450975,180.106473998,0.000000000,-2.770881653,2.000000000,0.500000000,-2.880847216,-165.060386879,0.000000000,2.693999767,1.000000000,0.500000000,-0.189021111,-10.830111873,0.000000000,0.431064546,0.500000000,0.200000003,0.709263802,40.637822392,0.000000000,0.000112792,0.000000000,0.100000001
2026-07-04 23:26:38.609,1783178798.609710693,590.879884489,1,1,590.867717914,1,0.003856244,5,1,0.004674877,5,1,0,1,0,0,1,1,1,0,1,0,-1.000000000,0.000000000,0.000000000,0.000000000,0,-1.000000000,0,0,0,,0,-1.000000000,,0,0,0.000000000,0.000000000,0,-1.000000000,0,,0,-1.000000000,,0,-1.000000000,0,,1,-0.060135461,-3.445508137,0.139194489,-0.437118530,1,3.119798899,178.751309825,-0.002442360,-2.741880417,1,-2.852236986,-163.421141478,-0.002442360,2.659828186,1,-0.184443474,-10.567832608,-0.007326126,0.422466278,1,0.622979164,35.694076829,-0.012210846,-0.003663063,-0.057846643,-3.314368505,0.000000000,-0.000000000,6.000000000,2.500000000,3.143450975,180.106473998,0.000000000,-2.770881653,2.000000000,0.500000000,-2.880847216,-165.060386879,0.000000000,2.693999767,1.000000000,0.500000000,-0.189021111,-10.830111873,0.000000000,0.431064546,0.500000000,0.200000003,0.709263802,40.637822392,0.000000000,0.000112792,0.000000000,0.100000001
2026-07-04 23:26:39.609,1783178799.609458447,591.879632379,1,1,591.867465804,1,0.003680710,5,1,0.004587713,5,1,0,1,0,0,1,1,1,0,1,0,-1.000000000,0.000000000,0.000000000,0.000000000,0,-1.000000000,0,0,0,,0,-1.000000000,,0,0,0.000000000,0.000000000,0,-1.000000000,0,,0,-1.000000000,,0,-1.000000000,0,,1,-0.087220766,-4.997381758,0.300365448,-0.363858223,1,3.116365671,178.554600377,-0.002442360,-2.741880417,1,-2.851855516,-163.399284873,-0.002442360,2.659828186,1,-0.184062004,-10.545976003,-0.007326126,0.417582512,1,0.622595787,35.672110940,-0.085468292,-0.003663063,-0.057846643,-3.314368505,0.000000000,-0.000000000,6.000000000,2.500000000,3.143450975,180.106473998,0.000000000,-2.770881653,2.000000000,0.500000000,-2.880847216,-165.060386879,0.000000000,2.693999767,1.000000000,0.500000000,-0.189021111,-10.830111873,0.000000000,0.431064546,0.500000000,0.200000003,0.709263802,40.637822392,0.000000000,0.000112792,0.000000000,0.100000001
2026-07-04 23:26:40.609,1783178800.609607935,592.879781766,1,1,592.867615191,1,0.003935000,5,1,0.004900424,5,1,0,1,0,0,1,1,1,0,1,0,-1.000000000,0.000000000,0.000000000,0.000000000,0,-1.000000000,0,0,0,,0,-1.000000000,,0,0,0.000000000,0.000000000,0,-1.000000000,0,,0,-1.000000000,,0,-1.000000000,0,,1,-0.053650476,-3.073945846,-0.036630630,-0.173381805,1,3.117891550,178.642026798,-0.007326126,-2.728204727,1,-2.852618456,-163.442998083,-0.002442360,2.646154404,1,-0.186732292,-10.698972240,-0.007326126,0.422466278,1,0.620294571,35.540260969,0.012210846,-0.003663063,-0.057846643,-3.314368505,0.000000000,-0.000000000,6.000000000,2.500000000,3.143450975,180.106473998,0.000000000,-2.770881653,2.000000000,0.500000000,-2.880847216,-165.060386879,0.000000000,2.693999767,1.000000000,0.500000000,-0.189021111,-10.830111873,0.000000000,0.431064546,0.500000000,0.200000003,0.709263802,40.637822392,0.000000000,0.000112792,0.000000000,0.100000001
2026-07-04 23:26:41.609,1783178801.609009743,593.879183557,1,1,593.867016982,1,0.003442529,5,1,0.004575911,5,1,0,1,0,0,1,1,1,0,1,0,-1.000000000,0.000000000,0.000000000,0.000000000,0,-1.000000000,0,0,0,,0,-1.000000000,,0,0,0.000000000,0.000000000,0,-1.000000000,0,,0,-1.000000000,,0,-1.000000000,0,,1,-0.100190736,-5.740506339,0.080585480,0.144078255,1,3.117128611,178.598313587,-0.100122452,-2.317949295,1,-2.852236986,-163.421141478,-0.002442360,2.646154404,1,-0.185969353,-10.655259030,0.051282883,0.422466278,1,0.622212410,35.650145052,-0.012210846,-0.003663063,-0.057846643,-3.314368505,0.000000000,-0.000000000,6.000000000,2.500000000,3.143450975,180.106473998,0.000000000,-2.770881653,2.000000000,0.500000000,-2.880847216,-165.060386879,0.000000000,2.693999767,1.000000000,0.500000000,-0.189021111,-10.830111873,0.000000000,0.431064546,0.500000000,0.200000003,0.709263802,40.637822392,0.000000000,0.000112792,0.000000000,0.100000001
2026-07-04 23:26:42.608,1783178802.608811855,594.878985632,1,1,594.866819057,1,0.003708983,5,1,0.004658065,5,1,0,1,0,0,1,1,1,0,1,0,-1.000000000,0.000000000,0.000000000,0.000000000,0,-1.000000000,0,0,0,,0,-1.000000000,,0,0,0.000000000,0.000000000,0,-1.000000000,0,,0,-1.000000000,,0,-1.000000000,0,,1,-0.057846643,-3.314368505,0.051282883,-0.114773750,1,3.122469187,178.904306062,-0.002442360,-2.755556107,1,-2.850329638,-163.311858451,-0.002442360,2.646154404,1,-0.186732292,-10.698972240,0.007326126,0.422466278,1,0.622595787,35.672110940,-0.012210846,-0.003663063,-0.057846643,-3.314368505,0.000000000,-0.000000000,6.000000000,2.500000000,3.143450975,180.106473998,0.000000000,-2.770881653,2.000000000,0.500000000,-2.880847216,-165.060386879,0.000000000,2.693999767,1.000000000,0.500000000,-0.189021111,-10.830111873,0.000000000,0.431064546,0.500000000,0.200000003,0.709263802,40.637822392,0.000000000,0.000112792,0.000000000,0.100000001
2026-07-04 23:26:43.608,1783178803.608644009,595.878818047,1,1,595.866651472,1,0.003626437,5,1,0.004538935,5,1,0,1,0,0,1,1,1,0,1,0,-1.000000000,0.000000000,0.000000000,0.000000000,0,-1.000000000,0,0,0,,0,-1.000000000,,0,0,0.000000000,0.000000000,0,-1.000000000,0,,0,-1.000000000,,0,-1.000000000,0,,1,-0.087220766,-4.997381758,-0.315017700,1.189254761,1,3.117891550,178.642026798,0.007326126,-2.796581268,1,-2.850329638,-163.311858451,0.002442360,2.659828186,1,-0.187113762,-10.720828846,-0.007326126,0.422466278,1,0.622595787,35.672110940,-0.012210846,-0.006104946,-0.057846643,-3.314368505,0.000000000,-0.000000000,6.000000000,2.500000000,3.143450975,180.106473998,0.000000000,-2.770881653,2.000000000,0.500000000,-2.880847216,-165.060386879,0.000000000,2.693999767,1.000000000,0.500000000,-0.189021111,-10.830111873,0.000000000,0.431064546,0.500000000,0.200000003,0.709263802,40.637822392,0.000000000,0.000112792,0.000000000,0.100000001
2026-07-04 23:26:44.608,1783178804.608426332,596.878600169,1,1,596.866433594,1,0.003755237,5,1,0.004628205,5,1,0,1,0,0,1,1,1,0,1,0,-1.000000000,0.000000000,0.000000000,0.000000000,0,-1.000000000,0,0,0,,0,-1.000000000,,0,0,0.000000000,0.000000000,0,-1.000000000,0,,0,-1.000000000,,0,-1.000000000,0,,1,-0.074250795,-4.254257176,0.036630630,0.007326126,1,3.117510080,178.620170193,-0.002442360,-2.741880417,1,-2.848422289,-163.202575425,-0.002442360,2.646154404,1,-0.187113762,-10.720828846,-0.036630630,0.427350044,1,0.622595787,35.672110940,-0.012210846,-0.003663063,-0.057846643,-3.314368505,0.000000000,-0.000000000,6.000000000,2.500000000,3.143450975,180.106473998,0.000000000,-2.770881653,2.000000000,0.500000000,-2.880847216,-165.060386879,0.000000000,2.693999767,1.000000000,0.500000000,-0.189021111,-10.830111873,0.000000000,0.431064546,0.500000000,0.200000003,0.709263802,40.637822392,0.000000000,0.000112792,0.000000000,0.100000001
2026-07-04 23:26:45.608,1783178805.608215570,597.878389295,1,1,597.866222720,1,0.003786439,5,1,0.004728759,5,1,0,1,0,0,1,1,1,0,1,0,-1.000000000,0.000000000,0.000000000,0.000000000,0,-1.000000000,0,0,0,,0,-1.000000000,,0,0,0.000000000,0.000000000,0,-1.000000000,0,,0,-1.000000000,,0,-1.000000000,0,,1,-0.075776674,-4.341683597,-0.271062851,0.632478714,1,3.109117746,178.139324875,-0.451770782,-1.976068497,1,-2.848422289,-163.202575425,0.002442360,2.618803024,1,-0.187495232,-10.742685451,-0.021978378,0.417582512,1,0.622979164,35.694076829,0.183151245,-0.006104946,-0.057846643,-3.314368505,0.000000000,-0.000000000,6.000000000,2.500000000,3.143450975,180.106473998,0.000000000,-2.770881653,2.000000000,0.500000000,-2.880847216,-165.060386879,0.000000000,2.693999767,1.000000000,0.500000000,-0.189021111,-10.830111873,0.000000000,0.431064546,0.500000000,0.200000003,0.709263802,40.637822392,0.000000000,0.000112792,0.000000000,0.100000001
2026-07-04 23:26:46.608,1783178806.608186483,598.878360112,1,1,598.866193537,1,0.003896590,5,1,0.004658265,5,1,0,1,0,0,1,1,1,0,1,0,-1.000000000,0.000000000,0.000000000,0.000000000,0,-1.000000000,0,0,0,,0,-1.000000000,,0,0,0.000000000,0.000000000,0,-1.000000000,0,,0,-1.000000000,,0,-1.000000000,0,,1,-0.079209901,-4.538393045,0.051282883,0.031745911,1,3.122087717,178.882449457,-0.002442360,-2.755556107,1,-2.847277880,-163.137005609,-0.002442360,2.646154404,1,-0.184062004,-10.545976003,-0.007326126,0.422466278,1,0.622595787,35.672110940,-0.012210846,-0.003663063,-0.057846643,-3.314368505,0.000000000,-0.000000000,6.000000000,2.500000000,3.143450975,180.106473998,0.000000000,-2.770881653,2.000000000,0.500000000,-2.880847216,-165.060386879,0.000000000,2.693999767,1.000000000,0.500000000,-0.189021111,-10.830111873,0.000000000,0.431064546,0.500000000,0.200000003,0.709263802,40.637822392,0.000000000,0.000112792,0.000000000,0.100000001
2026-07-04 23:26:47.607,1783178807.607760429,599.877934226,1,1,599.865767651,1,0.003234474,5,1,0.004225517,5,1,0,1,0,0,1,1,1,0,1,0,-1.000000000,0.000000000,0.000000000,0.000000000,0,-1.000000000,0,0,0,,0,-1.000000000,,0,0,0.000000000,0.000000000,0,-1.000000000,0,,0,-1.000000000,,0,-1.000000000,0,,1,-0.073487855,-4.210543965,-0.007326126,0.075701714,1,3.122087717,178.882449457,-0.002442360,-2.741880417,1,-2.847277880,-163.137005609,-0.002442360,2.646154404,1,-0.187113762,-10.720828846,-0.021978378,0.417582512,1,0.622595787,35.672110940,-0.012210846,-0.003663063,-0.057846643,-3.314368505,0.000000000,-0.000000000,6.000000000,2.500000000,3.143450975,180.106473998,0.000000000,-2.770881653,2.000000000,0.500000000,-2.880847216,-165.060386879,0.000000000,2.693999767,1.000000000,0.500000000,-0.189021111,-10.830111873,0.000000000,0.431064546,0.500000000,0.200000003,0.709263802,40.637822392,0.000000000,0.000112792,0.000000000,0.100000001
2026-07-04 23:26:48.607,1783178808.607527971,600.877701781,1,1,600.865535206,1,0.003727973,5,1,0.004608382,5,1,0,1,0,0,1,1,1,0,1,0,-1.000000000,0.000000000,0.000000000,0.000000000,0,-1.000000000,0,0,0,,0,-1.000000000,,0,0,0.000000000,0.000000000,0,-1.000000000,0,,0,-1.000000000,,0,-1.000000000,0,,1,-0.063568689,-3.642217585,-0.080585480,0.114773750,1,3.115602732,178.510887166,-0.109889984,-2.550426483,1,-2.847277880,-163.137005609,-0.002442360,2.659828186,1,-0.186350822,-10.677115635,-0.007326126,0.417582512,1,0.622595787,35.672110940,-0.012210846,-0.003663063,-0.057846643,-3.314368505,0.000000000,-0.000000000,6.000000000,2.500000000,3.143450975,180.106473998,0.000000000,-2.770881653,2.000000000,0.500000000,-2.880847216,-165.060386879,0.000000000,2.693999767,1.000000000,0.500000000,-0.189021111,-10.830111873,0.000000000,0.431064546,0.500000000,0.200000003,0.709263802,40.637822392,0.000000000,0.000112792,0.000000000,0.100000001
2026-07-04 23:26:49.607,1783178809.607312918,601.877486851,1,1,601.865320276,1,0.003779747,5,1,0.004716364,5,1,0,1,0,0,1,1,1,0,1,0,-1.000000000,0.000000000,0.000000000,0.000000000,0,-1.000000000,0,0,0,,0,-1.000000000,,0,0,0.000000000,0.000000000,0,-1.000000000,0,,0,-1.000000000,,0,-1.000000000,0,,1,-0.095613100,-5.478227075,-0.520147324,1.291819572,1,3.075929880,176.237800210,-1.179487228,-1.894016266,1,-2.847277880,-163.137005609,-0.002442360,2.646154404,1,-0.187495232,-10.742685451,-0.021978378,0.427350044,1,0.622595787,35.672110940,-0.036628723,-0.003663063,-0.057846643,-3.314368505,0.000000000,-0.000000000,6.000000000,2.500000000,3.143450975,180.106473998,0.000000000,-2.770881653,2.000000000,0.500000000,-2.880847216,-165.060386879,0.000000000,2.693999767,1.000000000,0.500000000,-0.189021111,-10.830111873,0.000000000,0.431064546,0.500000000,0.200000003,0.709263802,40.637822392,0.000000000,0.000112792,0.000000000,0.100000001
2026-07-04 23:26:50.607,1783178810.607068777,602.877242578,1,1,602.865076003,1,0.003742917,5,1,0.004607254,5,1,0,1,0,0,1,1,1,0,1,0,-1.000000000,0.000000000,0.000000000,0.000000000,0,-1.000000000,0,0,0,,0,-1.000000000,,0,0,0.000000000,0.000000000,0,-1.000000000,0,,0,-1.000000000,,0,-1.000000000,0,,1,-0.065857507,-3.773357217,-0.080585480,0.222222328,1,3.117510080,178.620170193,-0.002442360,-2.741880417,1,-2.846514940,-163.093292398,-0.002442360,2.646154404,1,-0.185206413,-10.611545819,-0.021978378,0.422466278,1,0.622595787,35.672110940,-0.012210846,-0.003663063,-0.057846643,-3.314368505,0.000000000,-0.000000000,6.000000000,2.500000000,3.143450975,180.106473998,0.000000000,-2.770881653,2.000000000,0.500000000,-2.880847216,-165.060386879,0.000000000,2.693999767,1.000000000,0.500000000,-0.189021111,-10.830111873,0.000000000,0.431064546,0.500000000,0.200000003,0.709263802,40.637822392,0.000000000,0.000112792,0.000000000,0.100000001
2026-07-04 23:26:51.606,1783178811.606873274,603.877047312,1,1,603.864880737,1,0.003749590,5,1,0.004715621,5,1,0,1,0,0,1,1,1,0,1,0,-1.000000000,0.000000000,0.000000000,0.000000000,0,-1.000000000,0,0,0,,0,-1.000000000,,0,0,0.000000000,0.000000000,0,-1.000000000,0,,0,-1.000000000,,0,-1.000000000,0,,1,-0.068527795,-3.926353454,-0.227106094,0.471306801,1,3.116365671,178.554600377,-0.002442360,-2.741880417,1,-2.846896410,-163.115149003,-0.002442360,2.646154404,1,-0.186732292,-10.698972240,0.036630630,0.412698746,1,0.622595787,35.672110940,0.012210846,-0.003663063,-0.057846643,-3.314368505,0.000000000,-0.000000000,6.000000000,2.500000000,3.143450975,180.106473998,0.000000000,-2.770881653,2.000000000,0.500000000,-2.880847216,-165.060386879,0.000000000,2.693999767,1.000000000,0.500000000,-0.189021111,-10.830111873,0.000000000,0.431064546,0.500000000,0.200000003,0.709263802,40.637822392,0.000000000,0.000112792,0.000000000,0.100000001
2026-07-04 23:26:53.287,1783178813.287184238,605.557358057,1,1,605.545191482,1,0.003783514,5,1,0.004503694,5,1,0,1,0,0,1,1,1,0,1,0,-1.000000000,0.000000000,0.000000000,0.000000000,0,-1.000000000,0,0,0,,0,-1.000000000,,0,0,0.000000000,0.000000000,0,-1.000000000,0,,0,-1.000000000,,0,-1.000000000,0,,1,-0.049835779,-2.855379792,-0.007326126,-0.080586433,1,3.116365671,178.554600377,-0.002442360,-2.741880417,1,-2.846896410,-163.115149003,-0.002442360,2.646154404,1,-0.187113762,-10.720828846,-0.007326126,0.422466278,1,0.622212410,35.650145052,0.012210846,-0.003663063,-0.057846643,-3.314368505,0.000000000,-0.000000000,6.000000000,2.500000000,3.143450975,180.106473998,0.000000000,-2.770881653,2.000000000,0.500000000,-2.880847216,-165.060386879,0.000000000,2.693999767,1.000000000,0.500000000,-0.189021111,-10.830111873,0.000000000,0.431064546,0.500000000,0.200000003,0.709263802,40.637822392,0.000000000,0.000112792,0.000000000,0.100000001
2026-07-04 23:26:54.287,1783178814.286875725,606.557049460,1,1,606.544882885,1,0.003800756,5,1,0.004680412,5,1,0,1,0,0,1,1,1,0,1,0,-1.000000000,0.000000000,0.000000000,0.000000000,0,-1.000000000,0,0,0,,0,-1.000000000,,0,0,0.000000000,0.000000000,0,-1.000000000,0,,0,-1.000000000,,0,-1.000000000,0,,1,0.159975439,9.165917498,0.124542236,-1.667887688,1,3.100343943,177.636622952,-0.002442360,-2.714529037,1,-2.836215258,-162.503164054,-0.002442360,2.632478714,1,-0.175669670,-10.065130685,-0.007326126,0.417582512,1,0.629498482,36.067606214,0.012210846,-0.003663063,-0.057846643,-3.314368505,0.000000000,-0.000000000,6.000000000,2.500000000,3.143450975,180.106473998,0.000000000,-2.770881653,2.000000000,0.500000000,-2.880847216,-165.060386879,0.000000000,2.693999767,1.000000000,0.500000000,-0.189021111,-10.830111873,0.000000000,0.431064546,0.500000000,0.200000003,0.709263802,40.637822392,0.000000000,0.000112792,0.000000000,0.100000001
2026-07-04 23:26:55.286,1783178815.286688328,607.556862153,1,1,607.544695578,1,0.003648839,5,1,0.004736711,5,1,0,1,0,0,1,1,1,0,1,0,-1.000000000,0.000000000,0.000000000,0.000000000,0,-1.000000000,0,0,0,,0,-1.000000000,,0,0,0.000000000,0.000000000,0,-1.000000000,0,,0,-1.000000000,,0,-1.000000000,0,,1,0.187442213,10.739647725,-0.007326126,-1.496947289,1,3.100343943,177.636622952,-0.002442360,-2.714529037,1,-2.836215258,-162.503164054,-0.002442360,2.632478714,1,-0.175669670,-10.065130685,-0.007326126,0.417582512,1,0.629115105,36.045640326,-0.036628723,-0.003663063,-0.057846643,-3.314368505,0.000000000,-0.000000000,6.000000000,2.500000000,3.143450975,180.106473998,0.000000000,-2.770881653,2.000000000,0.500000000,-2.880847216,-165.060386879,0.000000000,2.693999767,1.000000000,0.500000000,-0.189021111,-10.830111873,0.000000000,0.431064546,0.500000000,0.200000003,0.709263802,40.637822392,0.000000000,0.000112792,0.000000000,0.100000001
2026-07-04 23:26:56.286,1783178816.286463022,608.556636732,1,1,608.544470157,1,0.003862077,5,1,0.004596711,5,1,0,1,0,0,1,1,1,0,1,0,-1.000000000,0.000000000,0.000000000,0.000000000,0,-1.000000000,0,0,0,,0,-1.000000000,,0,0,0.000000000,0.000000000,0,-1.000000000,0,,0,-1.000000000,,0,-1.000000000,0,,1,0.187442213,10.739647725,0.007326126,-1.496947289,1,3.100343943,177.636622952,-0.002442360,-2.700855255,1,-2.836596727,-162.525020659,-0.002442360,2.646154404,1,-0.175669670,-10.065130685,-0.007326126,0.412698746,1,0.629498482,36.067606214,0.012210846,-0.003663063,-0.057846643,-3.314368505,0.000000000,-0.000000000,6.000000000,2.500000000,3.143450975,180.106473998,0.000000000,-2.770881653,2.000000000,0.500000000,-2.880847216,-165.060386879,0.000000000,2.693999767,1.000000000,0.500000000,-0.189021111,-10.830111873,0.000000000,0.431064546,0.500000000,0.200000003,0.709263802,40.637822392,0.000000000,0.000112792,0.000000000,0.100000001
2026-07-04 23:26:57.286,1783178817.286239386,609.556413274,1,1,609.544246699,1,0.003809002,5,1,0.004520064,5,1,0,1,0,0,1,1,1,0,1,0,-1.000000000,0.000000000,0.000000000,0.000000000,0,-1.000000000,0,0,0,,0,-1.000000000,,0,0,0.000000000,0.000000000,0,-1.000000000,0,,0,-1.000000000,,0,-1.000000000,0,,1,0.187442213,10.739647725,-0.007326126,-1.492063522,1,3.100343943,177.636622952,-0.002442360,-2.700855255,1,-2.836215258,-162.503164054,-0.002442360,2.632478714,1,-0.175669670,-10.065130685,0.007326126,0.417582512,1,0.629115105,36.045640326,-0.012210846,-0.003663063,-0.057846643,-3.314368505,0.000000000,-0.000000000,6.000000000,2.500000000,3.143450975,180.106473998,0.000000000,-2.770881653,2.000000000,0.500000000,-2.880847216,-165.060386879,0.000000000,2.693999767,1.000000000,0.500000000,-0.189021111,-10.830111873,0.000000000,0.431064546,0.500000000,0.200000003,0.709263802,40.637822392,0.000000000,0.000112792,0.000000000,0.100000001
2026-07-04 23:26:58.286,1783178818.286006689,610.556180574,1,1,610.544013999,1,0.003831980,5,1,0.004644294,5,1,0,1,0,0,1,1,1,0,1,0,-1.000000000,0.000000000,0.000000000,0.000000000,0,-1.000000000,0,0,0,,0,-1.000000000,,0,0,0.000000000,0.000000000,0,-1.000000000,0,,0,-1.000000000,,0,-1.000000000,0,,1,0.187442213,10.739647725,0.007326126,-1.492063522,1,3.100343943,177.636622952,-0.007326126,-2.700855255,1,-2.836596727,-162.525020659,-0.002442360,2.632478714,1,-0.175669670,-10.065130685,-0.007326126,0.417582512,1,0.629115105,36.045640326,-0.036628723,-0.003663063,-0.057846643,-3.314368505,0.000000000,-0.000000000,6.000000000,2.500000000,3.143450975,180.106473998,0.000000000,-2.770881653,2.000000000,0.500000000,-2.880847216,-165.060386879,0.000000000,2.693999767,1.000000000,0.500000000,-0.189021111,-10.830111873,0.000000000,0.431064546,0.500000000,0.200000003,0.709263802,40.637822392,0.000000000,0.000112792,0.000000000,0.100000001
2026-07-04 23:26:59.285,1783178819.285851955,611.556025687,1,1,611.543859112,1,0.003782447,5,1,0.004703012,5,1,0,1,0,0,1,1,1,0,1,0,-1.000000000,0.000000000,0.000000000,0.000000000,0,-1.000000000,0,0,0,,0,-1.000000000,,0,0,0.000000000,0.000000000,0,-1.000000000,0,,0,-1.000000000,,0,-1.000000000,0,,1,0.187442213,10.739647725,-0.007326126,-1.492063522,1,3.100343943,177.636622952,0.002442360,-2.700855255,1,-2.836596727,-162.525020659,-0.002442360,2.632478714,1,-0.175669670,-10.065130685,-0.021978378,0.417582512,1,0.629115105,36.045640326,-0.012210846,-0.001221180,-0.057846643,-3.314368505,0.000000000,-0.000000000,6.000000000,2.500000000,3.143450975,180.106473998,0.000000000,-2.770881653,2.000000000,0.500000000,-2.880847216,-165.060386879,0.000000000,2.693999767,1.000000000,0.500000000,-0.189021111,-10.830111873,0.000000000,0.431064546,0.500000000,0.200000003,0.709263802,40.637822392,0.000000000,0.000112792,0.000000000,0.100000001
2026-07-04 23:27:00.285,1783178820.285640001,612.555813847,1,1,612.543647272,1,0.003646474,5,1,0.004639672,5,1,0,1,0,0,1,1,1,0,1,0,-1.000000000,0.000000000,0.000000000,0.000000000,0,-1.000000000,0,0,0,,0,-1.000000000,,0,0,0.000000000,0.000000000,0,-1.000000000,0,,0,-1.000000000,,0,-1.000000000,0,,1,0.187442213,10.739647725,-0.007326126,-1.492063522,1,3.100343943,177.636622952,0.002442360,-2.714529037,1,-2.836596727,-162.525020659,-0.002442360,2.632478714,1,-0.175669670,-10.065130685,-0.021978378,0.417582512,1,0.629115105,36.045640326,-0.036628723,-0.003663063,-0.057846643,-3.314368505,0.000000000,-0.000000000,6.000000000,2.500000000,3.143450975,180.106473998,0.000000000,-2.770881653,2.000000000,0.500000000,-2.880847216,-165.060386879,0.000000000,2.693999767,1.000000000,0.500000000,-0.189021111,-10.830111873,0.000000000,0.431064546,0.500000000,0.200000003,0.709263802,40.637822392,0.000000000,0.000112792,0.000000000,0.100000001
2026-07-04 23:27:01.285,1783178821.285417318,613.555590983,1,1,613.543424408,1,0.003810519,5,1,0.004677587,5,1,0,1,0,0,1,1,1,0,1,0,-1.000000000,0.000000000,0.000000000,0.000000000,0,-1.000000000,0,0,0,,0,-1.000000000,,0,0,0.000000000,0.000000000,0,-1.000000000,0,,0,-1.000000000,,0,-1.000000000,0,,1,0.187060744,10.717791119,-0.007326126,-1.487179756,1,3.100343943,177.636622952,-0.002442360,-2.714529037,1,-2.836596727,-162.525020659,-0.002442360,2.632478714,1,-0.175669670,-10.065130685,0.007326126,0.417582512,1,0.629115105,36.045640326,-0.012210846,-0.003663063,-0.057846643,-3.314368505,0.000000000,-0.000000000,6.000000000,2.500000000,3.143450975,180.106473998,0.000000000,-2.770881653,2.000000000,0.500000000,-2.880847216,-165.060386879,0.000000000,2.693999767,1.000000000,0.500000000,-0.189021111,-10.830111873,0.000000000,0.431064546,0.500000000,0.200000003,0.709263802,40.637822392,0.000000000,0.000112792,0.000000000,0.100000001
2026-07-04 23:27:02.285,1783178822.285383701,614.555557400,1,1,614.543390825,1,0.003874166,5,1,0.004681044,5,1,0,1,0,0,1,1,1,0,1,0,-1.000000000,0.000000000,0.000000000,0.000000000,0,-1.000000000,0,0,0,,0,-1.000000000,,0,0,0.000000000,0.000000000,0,-1.000000000,0,,0,-1.000000000,,0,-1.000000000,0,,1,0.186297804,10.674077908,-0.007326126,-1.482295036,1,3.100343943,177.636622952,-0.007326126,-2.700855255,1,-2.836596727,-162.525020659,-0.002442360,2.646154404,1,-0.175669670,-10.065130685,-0.007326126,0.417582512,1,0.629115105,36.045640326,-0.012210846,-0.003663063,-0.057846643,-3.314368505,0.000000000,-0.000000000,6.000000000,2.500000000,3.143450975,180.106473998,0.000000000,-2.770881653,2.000000000,0.500000000,-2.880847216,-165.060386879,0.000000000,2.693999767,1.000000000,0.500000000,-0.189021111,-10.830111873,0.000000000,0.431064546,0.500000000,0.200000003,0.709263802,40.637822392,0.000000000,0.000112792,0.000000000,0.100000001
2026-07-04 23:27:03.285,1783178823.284994364,615.555168124,1,1,615.543001549,1,0.003616163,5,1,0.004728563,5,1,0,1,0,0,1,1,1,0,1,0,-1.000000000,0.000000000,0.000000000,0.000000000,0,-1.000000000,0,0,0,,0,-1.000000000,,0,0,0.000000000,0.000000000,0,-1.000000000,0,,0,-1.000000000,,0,-1.000000000,0,,1,0.186297804,10.674077908,-0.021978378,-1.487179756,1,3.100343943,177.636622952,-0.002442360,-2.714529037,1,-2.836596727,-162.525020659,-0.002442360,2.646154404,1,-0.175669670,-10.065130685,-0.007326126,0.417582512,1,0.629115105,36.045640326,-0.036628723,-0.003663063,-0.057846643,-3.314368505,0.000000000,-0.000000000,6.000000000,2.500000000,3.143450975,180.106473998,0.000000000,-2.770881653,2.000000000,0.500000000,-2.880847216,-165.060386879,0.000000000,2.693999767,1.000000000,0.500000000,-0.189021111,-10.830111873,0.000000000,0.431064546,0.500000000,0.200000003,0.709263802,40.637822392,0.000000000,0.000112792,0.000000000,0.100000001
2026-07-04 23:27:04.284,1783178824.284761667,616.554935439,1,1,616.542768864,1,0.003809104,5,1,0.004636483,5,1,0,1,0,0,1,1,1,0,1,0,-1.000000000,0.000000000,0.000000000,0.000000000,0,-1.000000000,0,0,0,,0,-1.000000000,,0,0,0.000000000,0.000000000,0,-1.000000000,0,,0,-1.000000000,,0,-1.000000000,0,,1,0.184390455,10.564794882,-0.036630630,-1.428571701,1,3.100343943,177.636622952,-0.002442360,-2.714529037,1,-2.836596727,-162.525020659,-0.002442360,2.632478714,1,-0.176051140,-10.086987291,-0.021978378,0.417582512,1,0.629115105,36.045640326,-0.012210846,-0.003663063,-0.057846643,-3.314368505,0.000000000,-0.000000000,6.000000000,2.500000000,3.143450975,180.106473998,0.000000000,-2.770881653,2.000000000,0.500000000,-2.880847216,-165.060386879,0.000000000,2.693999767,1.000000000,0.500000000,-0.189021111,-10.830111873,0.000000000,0.431064546,0.500000000,0.200000003,0.709263802,40.637822392,0.000000000,0.000112792,0.000000000,0.100000001
2026-07-04 23:27:05.284,1783178825.284533739,617.554707655,1,1,617.542541080,1,0.003736660,5,1,0.004581288,5,1,0,1,0,0,1,1,1,0,1,0,-1.000000000,0.000000000,0.000000000,0.000000000,0,-1.000000000,0,0,0,,0,-1.000000000,,0,0,0.000000000,0.000000000,0,-1.000000000,0,,0,-1.000000000,,0,-1.000000000,0,,1,0.165697485,9.493766578,-0.021978378,-1.316239357,1,3.100343943,177.636622952,-0.002442360,-2.700855255,1,-2.836596727,-162.525020659,-0.002442360,2.632478714,1,-0.175669670,-10.065130685,-0.007326126,0.417582512,1,0.629115105,36.045640326,-0.012210846,-0.003663063,-0.057846643,-3.314368505,0.000000000,-0.000000000,6.000000000,2.500000000,3.143450975,180.106473998,0.000000000,-2.770881653,2.000000000,0.500000000,-2.880847216,-165.060386879,0.000000000,2.693999767,1.000000000,0.500000000,-0.189021111,-10.830111873,0.000000000,0.431064546,0.500000000,0.200000003,0.709263802,40.637822392,0.000000000,0.000112792,0.000000000,0.100000001
2026-07-04 23:27:06.284,1783178826.284398317,618.554572210,1,1,618.542405635,1,0.003843326,5,1,0.004691318,5,1,0,1,0,0,1,1,1,0,1,0,-1.000000000,0.000000000,0.000000000,0.000000000,0,-1.000000000,0,0,0,,0,-1.000000000,,0,0,0.000000000,0.000000000,0,-1.000000000,0,,0,-1.000000000,,0,-1.000000000,0,,1,0.156542212,8.969208050,-0.051282883,-1.218559265,1,3.100343943,177.636622952,-0.007326126,-2.714529037,1,-2.836596727,-162.525020659,-0.002442360,2.632478714,1,-0.176051140,-10.086987291,-0.007326126,0.417582512,1,0.629115105,36.045640326,0.012210846,-0.003663063,-0.057846643,-3.314368505,0.000000000,-0.000000000,6.000000000,2.500000000,3.143450975,180.106473998,0.000000000,-2.770881653,2.000000000,0.500000000,-2.880847216,-165.060386879,0.000000000,2.693999767,1.000000000,0.500000000,-0.189021111,-10.830111873,0.000000000,0.431064546,0.500000000,0.200000003,0.709263802,40.637822392,0.000000000,0.000112792,0.000000000,0.100000001
2026-07-04 23:27:07.284,1783178827.284177065,619.554351049,1,1,619.542184474,1,0.003436222,5,1,0.004317360,5,1,0,1,0,0,1,1,1,0,1,0,-1.000000000,0.000000000,0.000000000,0.000000000,0,-1.000000000,0,0,0,,0,-1.000000000,,0,0,0.000000000,0.000000000,0,-1.000000000,0,,0,-1.000000000,,0,-1.000000000,0,,1,0.131365210,7.526672097,-0.036630630,-1.091574669,1,3.100343943,177.636622952,-0.007326126,-2.714529037,1,-2.836596727,-162.525020659,-0.002442360,2.632478714,1,-0.175669670,-10.065130685,-0.007326126,0.417582512,1,0.629498482,36.067606214,-0.012210846,-0.003663063,-0.057846643,-3.314368505,0.000000000,-0.000000000,6.000000000,2.500000000,3.143450975,180.106473998,0.000000000,-2.770881653,2.000000000,0.500000000,-2.880847216,-165.060386879,0.000000000,2.693999767,1.000000000,0.500000000,-0.189021111,-10.830111873,0.000000000,0.431064546,0.500000000,0.200000003,0.709263802,40.637822392,0.000000000,0.000112792,0.000000000,0.100000001
2026-07-04 23:27:08.284,1783178828.284012794,620.554186712,1,1,620.542020137,1,0.003820552,5,1,0.004710105,5,1,0,1,0,0,1,1,1,0,1,0,-1.000000000,0.000000000,0.000000000,0.000000000,0,-1.000000000,0,0,0,,0,-1.000000000,,0,0,0.000000000,0.000000000,0,-1.000000000,0,,0,-1.000000000,,0,-1.000000000,0,,1,0.094743155,5.428382916,-0.036630630,-0.852258682,1,3.100343943,177.636622952,-0.007326126,-2.714529037,1,-2.836596727,-162.525020659,-0.002442360,2.632478714,1,-0.175669670,-10.065130685,0.007326126,0.417582512,1,0.629498482,36.067606214,-0.012210846,-0.003663063,-0.057846643,-3.314368505,0.000000000,-0.000000000,6.000000000,2.500000000,3.143450975,180.106473998,0.000000000,-2.770881653,2.000000000,0.500000000,-2.880847216,-165.060386879,0.000000000,2.693999767,1.000000000,0.500000000,-0.189021111,-10.830111873,0.000000000,0.431064546,0.500000000,0.200000003,0.709263802,40.637822392,0.000000000,0.000112792,0.000000000,0.100000001
2026-07-04 23:27:09.283,1783178829.283676147,621.553850027,1,1,621.541683452,1,0.003258138,5,1,0.004341421,5,1,0,1,0,0,1,1,1,0,1,0,-1.000000000,0.000000000,0.000000000,0.000000000,0,-1.000000000,0,0,0,,0,-1.000000000,,0,0,0.000000000,0.000000000,0,-1.000000000,0,,0,-1.000000000,,0,-1.000000000,0,,1,0.038666151,2.215407289,-0.065933228,-0.485958099,1,3.100343943,177.636622952,-0.002442360,-2.714529037,1,-2.836596727,-162.525020659,-0.002442360,2.632478714,1,-0.176051140,-10.086987291,-0.021978378,0.417582512,1,0.629498482,36.067606214,0.012210846,-0.003663063,-0.057846643,-3.314368505,0.000000000,-0.000000000,6.000000000,2.500000000,3.143450975,180.106473998,0.000000000,-2.770881653,2.000000000,0.500000000,-2.880847216,-165.060386879,0.000000000,2.693999767,1.000000000,0.500000000,-0.189021111,-10.830111873,0.000000000,0.431064546,0.500000000,0.200000003,0.709263802,40.637822392,0.000000000,0.000112792,0.000000000,0.100000001
2026-07-04 23:27:10.283,1783178830.283468962,622.553643004,1,1,622.541476429,1,0.003776910,5,1,0.004691385,5,1,0,1,0,0,1,1,1,0,1,0,-1.000000000,0.000000000,0.000000000,0.000000000,0,-1.000000000,0,0,0,,0,-1.000000000,,0,0,0.000000000,0.000000000,0,-1.000000000,0,,0,-1.000000000,,0,-1.000000000,0,,1,-0.073869325,-4.232400571,-0.315017700,0.778998375,1,2.993149042,171.494807568,-1.120879173,-1.894016266,1,-2.836596727,-162.525020659,-0.002442360,2.632478714,1,-0.176051140,-10.086987291,-0.021978378,0.417582512,1,0.629115105,36.045640326,-0.012210846,-0.003663063,-0.057846643,-3.314368505,0.000000000,-0.000000000,6.000000000,2.500000000,3.143450975,180.106473998,0.000000000,-2.770881653,2.000000000,0.500000000,-2.880847216,-165.060386879,0.000000000,2.693999767,1.000000000,0.500000000,-0.189021111,-10.830111873,0.000000000,0.431064546,0.500000000,0.200000003,0.709263802,40.637822392,0.000000000,0.000112792,0.000000000,0.100000001
2026-07-04 23:27:11.283,1783178831.283242941,623.553416750,1,1,623.541250175,1,0.003645313,5,1,0.004623166,5,1,0,1,0,0,1,1,1,0,1,0,-1.000000000,0.000000000,0.000000000,0.000000000,0,-1.000000000,0,0,0,,0,-1.000000000,,0,0,0.000000000,0.000000000,0,-1.000000000,0,,0,-1.000000000,,0,-1.000000000,0,,1,-0.150545686,-8.625632459,0.021978378,0.495726585,1,2.479301691,142.053523037,-0.007326126,-1.483760834,1,-2.836596727,-162.525020659,-0.002442360,2.632478714,1,-0.176051140,-10.086987291,-0.007326126,0.417582512,1,0.629498482,36.067606214,0.036628723,-0.003663063,-0.057846643,-3.314368505,0.000000000,-0.000000000,6.000000000,2.500000000,3.143450975,180.106473998,0.000000000,-2.770881653,2.000000000,0.500000000,-2.880847216,-165.060386879,0.000000000,2.693999767,1.000000000,0.500000000,-0.189021111,-10.830111873,0.000000000,0.431064546,0.500000000,0.200000003,0.709263802,40.637822392,0.000000000,0.000112792,0.000000000,0.100000001
2026-07-04 23:27:12.283,1783178832.283044577,624.553218432,1,1,624.541051857,1,0.003219444,5,1,0.004407611,5,1,0,1,0,0,1,1,1,0,1,0,-1.000000000,0.000000000,0.000000000,0.000000000,0,-1.000000000,0,0,0,,0,-1.000000000,,0,0,0.000000000,0.000000000,0,-1.000000000,0,,0,-1.000000000,,0,-1.000000000,0,,1,-0.090653993,-5.194091206,-0.007326126,0.153845787,1,2.627314806,150.534049835,0.197802544,-1.811965942,1,-2.836596727,-162.525020659,0.002442360,2.632478714,1,-0.176051140,-10.086987291,0.007326126,0.417582512,1,0.629115105,36.045640326,0.012210846,-0.003663063,-0.057846643,-3.314368505,0.000000000,-0.000000000,6.000000000,2.500000000,3.143450975,180.106473998,0.000000000,-2.770881653,2.000000000,0.500000000,-2.880847216,-165.060386879,0.000000000,2.693999767,1.000000000,0.500000000,-0.189021111,-10.830111873,0.000000000,0.431064546,0.500000000,0.200000003,0.709263802,40.637822392,0.000000000,0.000112792,0.000000000,0.100000001
2026-07-04 23:27:13.283,1783178833.282867670,625.553041596,1,1,625.540875021,1,0.003772955,5,1,0.004689615,5,1,0,1,0,0,1,1,1,0,1,0,-1.000000000,0.000000000,0.000000000,0.000000000,0,-1.000000000,0,0,0,,0,-1.000000000,,0,0,0.000000000,0.000000000,0,-1.000000000,0,,0,-1.000000000,,0,-1.000000000,0,,1,-0.060516931,-3.467364742,0.021978378,-0.041514397,1,2.578867197,147.758206315,-0.007326126,-1.688888550,1,-2.836596727,-162.525020659,-0.002442360,2.632478714,1,-0.176051140,-10.086987291,-0.007326126,0.417582512,1,0.629115105,36.045640326,-0.036628723,-0.003663063,-0.057846643,-3.314368505,0.000000000,-0.000000000,6.000000000,2.500000000,3.143450975,180.106473998,0.000000000,-2.770881653,2.000000000,0.500000000,-2.880847216,-165.060386879,0.000000000,2.693999767,1.000000000,0.500000000,-0.189021111,-10.830111873,0.000000000,0.431064546,0.500000000,0.200000003,0.709263802,40.637822392,0.000000000,0.000112792,0.000000000,0.100000001
2026-07-04 23:27:14.282,1783178834.282617331,626.552791290,1,1,626.540624715,1,0.003831782,5,1,0.004627257,5,1,0,1,0,0,1,1,1,0,1,0,-1.000000000,0.000000000,0.000000000,0.000000000,0,-1.000000000,0,0,0,,0,-1.000000000,,0,0,0.000000000,0.000000000,0,-1.000000000,0,,0,-1.000000000,,0,-1.000000000,0,,1,-0.268421739,-15.379432794,-0.315017700,1.916972160,1,2.579248667,147.780062920,-0.002442360,-1.688888550,1,-2.836596727,-162.525020659,-0.002442360,2.632478714,1,-0.175669670,-10.065130685,0.021978378,0.417582512,1,0.629115105,36.045640326,-0.036628723,-0.003663063,-0.057846643,-3.314368505,0.000000000,-0.000000000,6.000000000,2.500000000,3.143450975,180.106473998,0.000000000,-2.770881653,2.000000000,0.500000000,-2.880847216,-165.060386879,0.000000000,2.693999767,1.000000000,0.500000000,-0.189021111,-10.830111873,0.000000000,0.431064546,0.500000000,0.200000003,0.709263802,40.637822392,0.000000000,0.000112792,0.000000000,0.100000001
2026-07-04 23:27:15.282,1783178835.282425165,627.552599016,1,1,627.540432441,1,0.003714525,5,1,0.004661534,5,1,0,1,0,0,1,1,1,0,1,0,-1.000000000,0.000000000,0.000000000,0.000000000,0,-1.000000000,0,0,0,,0,-1.000000000,,0,0,0.000000000,0.000000000,0,-1.000000000,0,,0,-1.000000000,,0,-1.000000000,0,,1,-0.236758798,-13.565279909,-0.021978378,1.052502632,1,2.579248667,147.780062920,-0.002442360,-1.688888550,1,-2.836596727,-162.525020659,-0.002442360,2.632478714,1,-0.176051140,-10.086987291,-0.007326126,0.417582512,1,0.629498482,36.067606214,0.012210846,-0.003663063,-0.057846643,-3.314368505,0.000000000,-0.000000000,6.000000000,2.500000000,3.143450975,180.106473998,0.000000000,-2.770881653,2.000000000,0.500000000,-2.880847216,-165.060386879,0.000000000,2.693999767,1.000000000,0.500000000,-0.189021111,-10.830111873,0.000000000,0.431064546,0.500000000,0.200000003,0.709263802,40.637822392,0.000000000,0.000112792,0.000000000,0.100000001
2026-07-04 23:27:16.282,1783178836.282158375,628.552332233,1,1,628.540165658,1,0.003749148,5,1,0.004613212,5,1,0,1,0,0,1,1,1,0,1,0,-1.000000000,0.000000000,0.000000000,0.000000000,0,-1.000000000,0,0,0,,0,-1.000000000,,0,0,0.000000000,0.000000000,0,-1.000000000,0,,0,-1.000000000,,0,-1.000000000,0,,1,-0.202807993,-11.620042033,-0.021978378,0.842491150,1,2.579248667,147.780062920,-0.002442360,-1.688888550,1,-2.836596727,-162.525020659,-0.002442360,2.632478714,1,-0.176051140,-10.086987291,0.007326126,0.417582512,1,0.629498482,36.067606214,0.012210846,-0.003663063,-0.057846643,-3.314368505,0.000000000,-0.000000000,6.000000000,2.500000000,3.143450975,180.106473998,0.000000000,-2.770881653,2.000000000,0.500000000,-2.880847216,-165.060386879,0.000000000,2.693999767,1.000000000,0.500000000,-0.189021111,-10.830111873,0.000000000,0.431064546,0.500000000,0.200000003,0.709263802,40.637822392,0.000000000,0.000112792,0.000000000,0.100000001
2026-07-04 23:27:17.282,1783178837.281975985,629.552149971,1,1,629.539983396,1,0.003413641,5,1,0.004621907,5,1,0,1,0,0,1,1,1,0,1,0,-1.000000000,0.000000000,0.000000000,0.000000000,0,-1.000000000,0,0,0,,0,-1.000000000,,0,0,0.000000000,0.000000000,0,-1.000000000,0,,0,-1.000000000,,0,-1.000000000,0,,1,-0.112397768,-6.439917710,0.036630630,0.158730507,1,2.579248667,147.780062920,-0.002442360,-1.688888550,1,-2.836596727,-162.525020659,-0.002442360,2.632478714,1,-0.176051140,-10.086987291,-0.021978378,0.417582512,1,0.629498482,36.067606214,-0.012210846,-0.003663063,-0.057846643,-3.314368505,0.000000000,-0.000000000,6.000000000,2.500000000,3.143450975,180.106473998,0.000000000,-2.770881653,2.000000000,0.500000000,-2.880847216,-165.060386879,0.000000000,2.693999767,1.000000000,0.500000000,-0.189021111,-10.830111873,0.000000000,0.431064546,0.500000000,0.200000003,0.709263802,40.637822392,0.000000000,0.000112792,0.000000000,0.100000001
2026-07-04 23:27:18.281,1783178838.281749964,630.551923909,1,1,630.539757334,1,0.003374662,5,1,0.004661435,5,1,0,1,0,0,1,1,1,0,1,0,-1.000000000,0.000000000,0.000000000,0.000000000,0,-1.000000000,0,0,0,,0,-1.000000000,,0,0,0.000000000,0.000000000,0,-1.000000000,0,,0,-1.000000000,,0,-1.000000000,0,,1,-0.097138979,-5.565653497,-0.007326126,0.212453842,1,2.579248667,147.780062920,0.002442360,-1.688888550,1,-2.836596727,-162.525020659,-0.002442360,2.632478714,1,-0.176051140,-10.086987291,-0.021978378,0.417582512,1,0.629115105,36.045640326,-0.036628723,-0.003663063,-0.057846643,-3.314368505,0.000000000,-0.000000000,6.000000000,2.500000000,3.143450975,180.106473998,0.000000000,-2.770881653,2.000000000,0.500000000,-2.880847216,-165.060386879,0.000000000,2.693999767,1.000000000,0.500000000,-0.189021111,-10.830111873,0.000000000,0.431064546,0.500000000,0.200000003,0.709263802,40.637822392,0.000000000,0.000112792,0.000000000,0.100000001
2026-07-04 23:27:19.281,1783178839.281527996,631.551701950,1,1,631.539535375,1,0.003878356,5,1,0.004681186,5,1,0,1,0,0,1,1,1,0,1,0,-1.000000000,0.000000000,0.000000000,0.000000000,0,-1.000000000,0,0,0,,0,-1.000000000,,0,0,0.000000000,0.000000000,0,-1.000000000,0,,0,-1.000000000,,0,-1.000000000,0,,1,-0.082261659,-4.713245888,-0.007326126,0.119658470,1,2.579630136,147.801919526,-0.007326126,-1.688888550,1,-2.836596727,-162.525020659,-0.007326126,2.632478714,1,-0.176051140,-10.086987291,-0.007326126,0.417582512,1,0.629115105,36.045640326,-0.012210846,-0.003663063,-0.057846643,-3.314368505,0.000000000,-0.000000000,6.000000000,2.500000000,3.143450975,180.106473998,0.000000000,-2.770881653,2.000000000,0.500000000,-2.880847216,-165.060386879,0.000000000,2.693999767,1.000000000,0.500000000,-0.189021111,-10.830111873,0.000000000,0.431064546,0.500000000,0.200000003,0.709263802,40.637822392,0.000000000,0.000112792,0.000000000,0.100000001
2026-07-04 23:27:20.281,1783178840.281311989,632.551485867,1,1,632.539319292,1,0.003747187,5,1,0.004637671,5,1,0,1,0,0,1,1,1,0,1,0,-1.000000000,0.000000000,0.000000000,0.000000000,0,-1.000000000,0,0,0,,0,-1.000000000,,0,0,0.000000000,0.000000000,0,-1.000000000,0,,0,-1.000000000,,0,-1.000000000,0,,1,-0.082261659,-4.713245888,-0.007326126,0.124542236,1,2.579630136,147.801919526,-0.002442360,-1.702564240,1,-2.836596727,-162.525020659,-0.002442360,2.632478714,1,-0.176051140,-10.086987291,-0.007326126,0.417582512,1,0.629115105,36.045640326,-0.012210846,-0.003663063,-0.057846643,-3.314368505,0.000000000,-0.000000000,6.000000000,2.500000000,3.143450975,180.106473998,0.000000000,-2.770881653,2.000000000,0.500000000,-2.880847216,-165.060386879,0.000000000,2.693999767,1.000000000,0.500000000,-0.189021111,-10.830111873,0.000000000,0.431064546,0.500000000,0.200000003,0.709263802,40.637822392,0.000000000,0.000112792,0.000000000,0.100000001
2026-07-04 23:27:21.281,1783178841.281124830,633.551298755,1,1,633.539132180,1,0.003881611,5,1,0.004654431,5,1,0,1,0,0,1,1,1,0,1,0,-1.000000000,0.000000000,0.000000000,0.000000000,0,-1.000000000,0,0,0,,0,-1.000000000,,0,0,0.000000000,0.000000000,0,-1.000000000,0,,0,-1.000000000,,0,-1.000000000,0,,1,-0.082261659,-4.713245888,0.007326126,0.119658470,1,2.579630136,147.801919526,0.002442360,-1.702564240,1,-2.836596727,-162.525020659,-0.002442360,2.632478714,1,-0.176051140,-10.086987291,-0.007326126,0.417582512,1,0.629115105,36.045640326,0.012210846,-0.003663063,-0.057846643,-3.314368505,0.000000000,-0.000000000,6.000000000,2.500000000,3.143450975,180.106473998,0.000000000,-2.770881653,2.000000000,0.500000000,-2.880847216,-165.060386879,0.000000000,2.693999767,1.000000000,0.500000000,-0.189021111,-10.830111873,0.000000000,0.431064546,0.500000000,0.200000003,0.709263802,40.637822392,0.000000000,0.000112792,0.000000000,0.100000001
2026-07-04 23:27:22.281,1783178842.280911207,634.551084921,1,1,634.538918346,1,0.003451914,5,1,0.004437175,5,1,0,1,0,0,1,1,1,0,1,0,-1.000000000,0.000000000,0.000000000,0.000000000,0,-1.000000000,0,0,0,,0,-1.000000000,,0,0,0.000000000,0.000000000,0,-1.000000000,0,,0,-1.000000000,,0,-1.000000000,0,,1,-0.082261659,-4.713245888,-0.007326126,0.119658470,1,2.579630136,147.801919526,-0.002442360,-1.688888550,1,-2.836596727,-162.525020659,-0.002442360,2.632478714,1,-0.176051140,-10.086987291,-0.007326126,0.417582512,1,0.629115105,36.045640326,-0.012210846,-0.003663063,-0.057846643,-3.314368505,0.000000000,-0.000000000,6.000000000,2.500000000,3.143450975,180.106473998,0.000000000,-2.770881653,2.000000000,0.500000000,-2.880847216,-165.060386879,0.000000000,2.693999767,1.000000000,0.500000000,-0.189021111,-10.830111873,0.000000000,0.431064546,0.500000000,0.200000003,0.709263802,40.637822392,0.000000000,0.000112792,0.000000000,0.100000001
2026-07-04 23:27:23.280,1783178843.280683041,635.550856769,1,1,635.538690194,1,0.003751835,5,1,0.004703683,5,1,0,1,0,0,1,1,1,0,1,0,-1.000000000,0.000000000,0.000000000,0.000000000,0,-1.000000000,0,0,0,,0,-1.000000000,,0,0,0.000000000,0.000000000,0,-1.000000000,0,,0,-1.000000000,,0,-1.000000000,0,,1,-0.081117250,-4.647676072,0.036630630,0.041514397,1,2.579630136,147.801919526,-0.002442360,-1.688888550,1,-2.836596727,-162.525020659,-0.002442360,2.632478714,1,-0.176051140,-10.086987291,0.007326126,0.417582512,1,0.629498482,36.067606214,-0.012210846,-0.003663063,-0.057846643,-3.314368505,0.000000000,-0.000000000,6.000000000,2.500000000,3.143450975,180.106473998,0.000000000,-2.770881653,2.000000000,0.500000000,-2.880847216,-165.060386879,0.000000000,2.693999767,1.000000000,0.500000000,-0.189021111,-10.830111873,0.000000000,0.431064546,0.500000000,0.200000003,0.709263802,40.637822392,0.000000000,0.000112792,0.000000000,0.100000001
2026-07-04 23:27:24.280,1783178844.280557156,636.550730914,1,1,636.538564339,1,0.003863578,5,1,0.004686191,5,1,0,1,0,0,1,1,1,0,1,0,-1.000000000,0.000000000,0.000000000,0.000000000,0,-1.000000000,0,0,0,,0,-1.000000000,,0,0,0.000000000,0.000000000,0,-1.000000000,0,,0,-1.000000000,,0,-1.000000000,0,,1,-0.078446962,-4.494679835,0.007326126,0.065934181,1,2.579630136,147.801919526,-0.002442360,-1.688888550,1,-2.836596727,-162.525020659,-0.002442360,2.632478714,1,-0.176051140,-10.086987291,0.007326126,0.417582512,1,0.629498482,36.067606214,-0.012210846,-0.003663063,-0.057846643,-3.314368505,0.000000000,-0.000000000,6.000000000,2.500000000,3.143450975,180.106473998,0.000000000,-2.770881653,2.000000000,0.500000000,-2.880847216,-165.060386879,0.000000000,2.693999767,1.000000000,0.500000000,-0.189021111,-10.830111873,0.000000000,0.431064546,0.500000000,0.200000003,0.709263802,40.637822392,0.000000000,0.000112792,0.000000000,0.100000001
2026-07-04 23:27:25.280,1783178845.280259132,637.550432891,1,1,637.538266316,1,0.003751777,5,1,0.004563435,5,1,0,1,0,0,1,1,1,0,1,0,-1.000000000,0.000000000,0.000000000,0.000000000,0,-1.000000000,0,0,0,,0,-1.000000000,,0,0,0.000000000,0.000000000,0,-1.000000000,0,,0,-1.000000000,,0,-1.000000000,0,,1,-0.078828432,-4.516536440,0.007326126,0.100122452,1,2.579630136,147.801919526,-0.002442360,-1.675212860,1,-2.836596727,-162.525020659,-0.002442360,2.632478714,1,-0.176051140,-10.086987291,-0.007326126,0.417582512,1,0.629115105,36.045640326,-0.036628723,-0.003663063,-0.057846643,-3.314368505,0.000000000,-0.000000000,6.000000000,2.500000000,3.143450975,180.106473998,0.000000000,-2.770881653,2.000000000,0.500000000,-2.880847216,-165.060386879,0.000000000,2.693999767,1.000000000,0.500000000,-0.189021111,-10.830111873,0.000000000,0.431064546,0.500000000,0.200000003,0.709263802,40.637822392,0.000000000,0.000112792,0.000000000,0.100000001
2026-07-04 23:27:26.280,1783178846.280040503,638.550214405,1,1,638.538047830,1,0.003659728,5,1,0.004640857,5,1,0,1,0,0,1,1,1,0,1,0,-1.000000000,0.000000000,0.000000000,0.000000000,0,-1.000000000,0,0,0,,0,-1.000000000,,0,0,0.000000000,0.000000000,0,-1.000000000,0,,0,-1.000000000,,0,-1.000000000,0,,1,-0.078828432,-4.516536440,-0.007326126,0.095237732,1,2.579630136,147.801919526,-0.002442360,-1.688888550,1,-2.836596727,-162.525020659,-0.007326126,2.632478714,1,-0.176051140,-10.086987291,-0.021978378,0.417582512,1,0.629115105,36.045640326,0.012210846,-0.003663063,-0.057846643,-3.314368505,0.000000000,-0.000000000,6.000000000,2.500000000,3.143450975,180.106473998,0.000000000,-2.770881653,2.000000000,0.500000000,-2.880847216,-165.060386879,0.000000000,2.693999767,1.000000000,0.500000000,-0.189021111,-10.830111873,0.000000000,0.431064546,0.500000000,0.200000003,0.709263802,40.637822392,0.000000000,0.000112792,0.000000000,0.100000001
2026-07-04 23:27:27.279,1783178847.279824018,639.549998067,1,1,639.537831492,1,0.003686752,5,1,0.004607696,5,1,0,1,0,0,1,1,1,0,1,0,-1.000000000,0.000000000,0.000000000,0.000000000,0,-1.000000000,0,0,0,,0,-1.000000000,,0,0,0.000000000,0.000000000,0,-1.000000000,0,,0,-1.000000000,,0,-1.000000000,0,,1,-0.078828432,-4.516536440,-0.007326126,0.100122452,1,2.579630136,147.801919526,-0.002442360,-1.688888550,1,-2.836596727,-162.525020659,-0.007326126,2.632478714,1,-0.176051140,-10.086987291,0.007326126,0.417582512,1,0.629115105,36.045640326,-0.012210846,-0.003663063,-0.057846643,-3.314368505,0.000000000,-0.000000000,6.000000000,2.500000000,3.143450975,180.106473998,0.000000000,-2.770881653,2.000000000,0.500000000,-2.880847216,-165.060386879,0.000000000,2.693999767,1.000000000,0.500000000,-0.189021111,-10.830111873,0.000000000,0.431064546,0.500000000,0.200000003,0.709263802,40.637822392,0.000000000,0.000112792,0.000000000,0.100000001
2026-07-04 23:27:28.279,1783178848.279634476,640.549808333,1,1,640.537641758,1,0.003494395,5,1,0.004478652,5,1,0,1,0,0,1,1,1,0,1,0,-1.000000000,0.000000000,0.000000000,0.000000000,0,-1.000000000,0,0,0,,0,-1.000000000,,0,0,0.000000000,0.000000000,0,-1.000000000,0,,0,-1.000000000,,0,-1.000000000,0,,1,-0.078446962,-4.494679835,0.007326126,0.095237732,1,2.579630136,147.801919526,-0.002442360,-1.688888550,1,-2.836596727,-162.525020659,-0.002442360,2.632478714,1,-0.176051140,-10.086987291,-0.007326126,0.417582512,1,0.629115105,36.045640326,-0.012210846,-0.003663063,-0.057846643,-3.314368505,0.000000000,-0.000000000,6.000000000,2.500000000,3.143450975,180.106473998,0.000000000,-2.770881653,2.000000000,0.500000000,-2.880847216,-165.060386879,0.000000000,2.693999767,1.000000000,0.500000000,-0.189021111,-10.830111873,0.000000000,0.431064546,0.500000000,0.200000003,0.709263802,40.637822392,0.000000000,0.000112792,0.000000000,0.100000001
2026-07-04 23:27:29.279,1783178849.279419184,641.549592978,1,1,641.537426403,1,0.003568593,5,1,0.004539034,5,1,0,1,0,0,1,1,1,0,1,0,-1.000000000,0.000000000,0.000000000,0.000000000,0,-1.000000000,0,0,0,,0,-1.000000000,,0,0,0.000000000,0.000000000,0,-1.000000000,0,,0,-1.000000000,,0,-1.000000000,0,,1,-0.078828432,-4.516536440,-0.007326126,0.100122452,1,2.579630136,147.801919526,-0.002442360,-1.688888550,1,-2.836596727,-162.525020659,-0.002442360,2.632478714,1,-0.176051140,-10.086987291,0.007326126,0.417582512,1,0.629498482,36.067606214,0.012210846,-0.003663063,-0.057846643,-3.314368505,0.000000000,-0.000000000,6.000000000,2.500000000,3.143450975,180.106473998,0.000000000,-2.770881653,2.000000000,0.500000000,-2.880847216,-165.060386879,0.000000000,2.693999767,1.000000000,0.500000000,-0.189021111,-10.830111873,0.000000000,0.431064546,0.500000000,0.200000003,0.709263802,40.637822392,0.000000000,0.000112792,0.000000000,0.100000001
2026-07-04 23:27:30.279,1783178850.279365301,642.549539147,1,1,642.537372572,1,0.003945241,5,1,0.004855958,5,1,0,1,0,0,1,1,1,0,1,0,-1.000000000,0.000000000,0.000000000,0.000000000,0,-1.000000000,0,0,0,,0,-1.000000000,,0,0,0.000000000,0.000000000,0,-1.000000000,0,,0,-1.000000000,,0,-1.000000000,0,,1,-0.078828432,-4.516536440,-0.007326126,0.100122452,1,2.579630136,147.801919526,-0.007326126,-1.688888550,1,-2.836596727,-162.525020659,-0.002442360,2.632478714,1,-0.176051140,-10.086987291,0.007326126,0.417582512,1,0.629498482,36.067606214,0.012210846,-0.003663063,-0.057846643,-3.314368505,0.000000000,-0.000000000,6.000000000,2.500000000,3.143450975,180.106473998,0.000000000,-2.770881653,2.000000000,0.500000000,-2.880847216,-165.060386879,0.000000000,2.693999767,1.000000000,0.500000000,-0.189021111,-10.830111873,0.000000000,0.431064546,0.500000000,0.200000003,0.709263802,40.637822392,0.000000000,0.000112792,0.000000000,0.100000001
2026-07-04 23:27:31.279,1783178851.279382467,643.549556434,1,1,643.537389859,1,0.004238669,5,1,0.005039895,5,1,0,1,0,0,1,1,1,0,1,0,-1.000000000,0.000000000,0.000000000,0.000000000,0,-1.000000000,0,0,0,,0,-1.000000000,,0,0,0.000000000,0.000000000,0,-1.000000000,0,,0,-1.000000000,,0,-1.000000000,0,,1,-0.078828432,-4.516536440,-0.021978378,0.100122452,1,2.579630136,147.801919526,-0.002442360,-1.688888550,1,-2.836596727,-162.525020659,-0.002442360,2.632478714,1,-0.176051140,-10.086987291,-0.021978378,0.412698746,1,0.629115105,36.045640326,-0.012210846,-0.003663063,-0.057846643,-3.314368505,0.000000000,-0.000000000,6.000000000,2.500000000,3.143450975,180.106473998,0.000000000,-2.770881653,2.000000000,0.500000000,-2.880847216,-165.060386879,0.000000000,2.693999767,1.000000000,0.500000000,-0.189021111,-10.830111873,0.000000000,0.431064546,0.500000000,0.200000003,0.709263802,40.637822392,0.000000000,0.000112792,0.000000000,0.100000001
2026-07-04 23:27:32.278,1783178852.278740644,644.548914469,1,1,644.536747894,1,0.003721012,5,1,0.004663659,5,1,0,1,0,0,1,1,1,0,1,0,-1.000000000,0.000000000,0.000000000,0.000000000,0,-1.000000000,0,0,0,,0,-1.000000000,,0,0,0.000000000,0.000000000,0,-1.000000000,0,,0,-1.000000000,,0,-1.000000000,0,,1,-0.078828432,-4.516536440,-0.007326126,0.095237732,1,2.579630136,147.801919526,-0.002442360,-1.688888550,1,-2.836596727,-162.525020659,-0.002442360,2.632478714,1,-0.176051140,-10.086987291,-0.007326126,0.417582512,1,0.629115105,36.045640326,-0.012210846,-0.003663063,-0.057846643,-3.314368505,0.000000000,-0.000000000,6.000000000,2.500000000,3.143450975,180.106473998,0.000000000,-2.770881653,2.000000000,0.500000000,-2.880847216,-165.060386879,0.000000000,2.693999767,1.000000000,0.500000000,-0.189021111,-10.830111873,0.000000000,0.431064546,0.500000000,0.200000003,0.709263802,40.637822392,0.000000000,0.000112792,0.000000000,0.100000001
2026-07-04 23:27:33.278,1783178853.278531551,645.548705478,1,1,645.536538903,1,0.003724651,5,1,0.004643143,5,1,0,1,0,0,1,1,1,0,1,0,-1.000000000,0.000000000,0.000000000,0.000000000,0,-1.000000000,0,0,0,,0,-1.000000000,,0,0,0.000000000,0.000000000,0,-1.000000000,0,,0,-1.000000000,,0,-1.000000000,0,,1,-0.078828432,-4.516536440,-0.007326126,0.105006218,1,2.579248667,147.780062920,-0.002442360,-1.688888550,1,-2.836596727,-162.525020659,-0.002442360,2.632478714,1,-0.176051140,-10.086987291,-0.007326126,0.417582512,1,0.629498482,36.067606214,0.012210846,-0.003663063,-0.057846643,-3.314368505,0.000000000,-0.000000000,6.000000000,2.500000000,3.143450975,180.106473998,0.000000000,-2.770881653,2.000000000,0.500000000,-2.880847216,-165.060386879,0.000000000,2.693999767,1.000000000,0.500000000,-0.189021111,-10.830111873,0.000000000,0.431064546,0.500000000,0.200000003,0.709263802,40.637822392,0.000000000,0.000112792,0.000000000,0.100000001
2026-07-04 23:27:34.278,1783178854.278339386,646.548513294,1,1,646.536346719,1,0.003983531,5,1,0.004498228,5,1,0,1,0,0,1,1,1,0,1,0,-1.000000000,0.000000000,0.000000000,0.000000000,0,-1.000000000,0,0,0,,0,-1.000000000,,0,0,0.000000000,0.000000000,0,-1.000000000,0,,0,-1.000000000,,0,-1.000000000,0,,1,-0.078828432,-4.516536440,-0.021978378,0.100122452,1,2.579630136,147.801919526,-0.007326126,-1.688888550,1,-2.836596727,-162.525020659,-0.002442360,2.632478714,1,-0.176051140,-10.086987291,-0.007326126,0.417582512,1,0.629498482,36.067606214,0.012210846,-0.003663063,-0.057846643,-3.314368505,0.000000000,-0.000000000,6.000000000,2.500000000,3.143450975,180.106473998,0.000000000,-2.770881653,2.000000000,0.500000000,-2.880847216,-165.060386879,0.000000000,2.693999767,1.000000000,0.500000000,-0.189021111,-10.830111873,0.000000000,0.431064546,0.500000000,0.200000003,0.709263802,40.637822392,0.000000000,0.000112792,0.000000000,0.100000001
2026-07-04 23:27:35.278,1783178855.278119564,647.548293468,1,1,647.536126893,1,0.003843629,5,1,0.004508912,5,1,0,1,0,0,1,1,1,0,1,0,-1.000000000,0.000000000,0.000000000,0.000000000,0,-1.000000000,0,0,0,,0,-1.000000000,,0,0,0.000000000,0.000000000,0,-1.000000000,0,,0,-1.000000000,,0,-1.000000000,0,,1,-0.078828432,-4.516536440,-0.007326126,0.100122452,1,2.579630136,147.801919526,-0.002442360,-1.702564240,1,-2.836596727,-162.525020659,-0.002442360,2.646154404,1,-0.176051140,-10.086987291,-0.021978378,0.417582512,1,0.629498482,36.067606214,-0.012210846,-0.003663063,-0.057846643,-3.314368505,0.000000000,-0.000000000,6.000000000,2.500000000,3.143450975,180.106473998,0.000000000,-2.770881653,2.000000000,0.500000000,-2.880847216,-165.060386879,0.000000000,2.693999767,1.000000000,0.500000000,-0.189021111,-10.830111873,0.000000000,0.431064546,0.500000000,0.200000003,0.709263802,40.637822392,0.000000000,0.000112792,0.000000000,0.100000001
2026-07-04 23:27:36.278,1783178856.277970314,648.548144242,1,1,648.535977667,1,0.002754049,5,1,0.004727757,5,1,0,1,0,0,1,1,1,0,1,0,-1.000000000,0.000000000,0.000000000,0.000000000,0,-1.000000000,0,0,0,,0,-1.000000000,,0,0,0.000000000,0.000000000,0,-1.000000000,0,,0,-1.000000000,,0,-1.000000000,0,,1,-0.078828432,-4.516536440,-0.021978378,0.105006218,1,2.579630136,147.801919526,-0.002442360,-1.688888550,1,-2.836596727,-162.525020659,-0.002442360,2.646154404,1,-0.175669670,-10.065130685,0.007326126,0.417582512,1,0.629115105,36.045640326,-0.036628723,-0.003663063,-0.057846643,-3.314368505,0.000000000,-0.000000000,6.000000000,2.500000000,3.143450975,180.106473998,0.000000000,-2.770881653,2.000000000,0.500000000,-2.880847216,-165.060386879,0.000000000,2.693999767,1.000000000,0.500000000,-0.189021111,-10.830111873,0.000000000,0.431064546,0.500000000,0.200000003,0.709263802,40.637822392,0.000000000,0.000112792,0.000000000,0.100000001
2026-07-04 23:27:37.277,1783178857.277692556,649.547866483,1,1,649.535699908,1,0.003702833,5,1,0.004529755,5,1,0,1,0,0,1,1,1,0,1,0,-1.000000000,0.000000000,0.000000000,0.000000000,0,-1.000000000,0,0,0,,0,-1.000000000,,0,0,0.000000000,0.000000000,0,-1.000000000,0,,0,-1.000000000,,0,-1.000000000,0,,1,-0.078828432,-4.516536440,0.007326126,0.105006218,1,2.579630136,147.801919526,-0.007326126,-1.688888550,1,-2.836596727,-162.525020659,0.002442360,2.632478714,1,-0.176051140,-10.086987291,-0.007326126,0.417582512,1,0.629115105,36.045640326,-0.012210846,-0.003663063,-0.057846643,-3.314368505,0.000000000,-0.000000000,6.000000000,2.500000000,3.143450975,180.106473998,0.000000000,-2.770881653,2.000000000,0.500000000,-2.880847216,-165.060386879,0.000000000,2.693999767,1.000000000,0.500000000,-0.189021111,-10.830111873,0.000000000,0.431064546,0.500000000,0.200000003,0.709263802,40.637822392,0.000000000,0.000112792,0.000000000,0.100000001
2026-07-04 23:27:38.277,1783178858.277485371,650.547659071,1,1,650.535492496,1,0.003650839,5,1,0.004687857,5,1,0,1,0,0,1,1,1,0,1,0,-1.000000000,0.000000000,0.000000000,0.000000000,0,-1.000000000,0,0,0,,0,-1.000000000,,0,0,0.000000000,0.000000000,0,-1.000000000,0,,0,-1.000000000,,0,-1.000000000,0,,1,-0.078828432,-4.516536440,-0.007326126,0.100122452,1,2.579630136,147.801919526,-0.002442360,-1.688888550,1,-2.836596727,-162.525020659,-0.002442360,2.646154404,1,-0.176051140,-10.086987291,-0.007326126,0.417582512,1,0.629115105,36.045640326,-0.012210846,-0.003663063,-0.057846643,-3.314368505,0.000000000,-0.000000000,6.000000000,2.500000000,3.143450975,180.106473998,0.000000000,-2.770881653,2.000000000,0.500000000,-2.880847216,-165.060386879,0.000000000,2.693999767,1.000000000,0.500000000,-0.189021111,-10.830111873,0.000000000,0.431064546,0.500000000,0.200000003,0.709263802,40.637822392,0.000000000,0.000112792,0.000000000,0.100000001
2026-07-04 23:27:39.277,1783178859.277266979,651.547440760,1,1,651.535274185,1,0.003875205,5,1,0.004634760,5,1,0,1,0,0,1,1,1,0,1,0,-1.000000000,0.000000000,0.000000000,0.000000000,0,-1.000000000,0,0,0,,0,-1.000000000,,0,0,0.000000000,0.000000000,0,-1.000000000,0,,0,-1.000000000,,0,-1.000000000,0,,1,-0.078828432,-4.516536440,-0.021978378,0.100122452,1,2.579248667,147.780062920,-0.002442360,-1.688888550,1,-2.836596727,-162.525020659,-0.002442360,2.632478714,1,-0.176051140,-10.086987291,-0.007326126,0.417582512,1,0.629498482,36.067606214,-0.012210846,-0.003663063,-0.057846643,-3.314368505,0.000000000,-0.000000000,6.000000000,2.500000000,3.143450975,180.106473998,0.000000000,-2.770881653,2.000000000,0.500000000,-2.880847216,-165.060386879,0.000000000,2.693999767,1.000000000,0.500000000,-0.189021111,-10.830111873,0.000000000,0.431064546,0.500000000,0.200000003,0.709263802,40.637822392,0.000000000,0.000112792,0.000000000,0.100000001
2026-07-04 23:27:40.277,1783178860.277230740,652.547404777,1,1,652.535238202,1,0.004009655,5,1,0.004868518,5,1,0,1,0,0,1,1,1,0,1,0,-1.000000000,0.000000000,0.000000000,0.000000000,0,-1.000000000,0,0,0,,0,-1.000000000,,0,0,0.000000000,0.000000000,0,-1.000000000,0,,0,-1.000000000,,0,-1.000000000,0,,1,-0.078828432,-4.516536440,-0.021978378,0.095237732,1,2.579630136,147.801919526,-0.002442360,-1.688888550,1,-2.836596727,-162.525020659,-0.002442360,2.632478714,1,-0.176051140,-10.086987291,-0.007326126,0.417582512,1,0.629115105,36.045640326,-0.012210846,-0.003663063,-0.057846643,-3.314368505,0.000000000,-0.000000000,6.000000000,2.500000000,3.143450975,180.106473998,0.000000000,-2.770881653,2.000000000,0.500000000,-2.880847216,-165.060386879,0.000000000,2.693999767,1.000000000,0.500000000,-0.189021111,-10.830111873,0.000000000,0.431064546,0.500000000,0.200000003,0.709263802,40.637822392,0.000000000,0.000112792,0.000000000,0.100000001
2026-07-04 23:27:41.276,1783178861.276852369,653.547026415,1,1,653.534859840,1,0.003846804,5,1,0.004716973,5,1,0,1,0,0,1,1,1,0,1,0,-1.000000000,0.000000000,0.000000000,0.000000000,0,-1.000000000,0,0,0,,0,-1.000000000,,0,0,0.000000000,0.000000000,0,-1.000000000,0,,0,-1.000000000,,0,-1.000000000,0,,1,-0.078828432,-4.516536440,-0.007326126,0.100122452,1,2.579630136,147.801919526,-0.002442360,-1.688888550,1,-2.836596727,-162.525020659,-0.002442360,2.632478714,1,-0.176051140,-10.086987291,-0.021978378,0.417582512,1,0.629115105,36.045640326,-0.012210846,-0.003663063,-0.057846643,-3.314368505,0.000000000,-0.000000000,6.000000000,2.500000000,3.143450975,180.106473998,0.000000000,-2.770881653,2.000000000,0.500000000,-2.880847216,-165.060386879,0.000000000,2.693999767,1.000000000,0.500000000,-0.189021111,-10.830111873,0.000000000,0.431064546,0.500000000,0.200000003,0.709263802,40.637822392,0.000000000,0.000112792,0.000000000,0.100000001
2026-07-04 23:27:42.276,1783178862.276642084,654.546815877,1,1,654.534649302,1,0.003655328,5,1,0.004617521,5,1,0,1,0,0,1,1,1,0,1,0,-1.000000000,0.000000000,0.000000000,0.000000000,0,-1.000000000,0,0,0,,0,-1.000000000,,0,0,0.000000000,0.000000000,0,-1.000000000,0,,0,-1.000000000,,0,-1.000000000,0,,1,-0.078828432,-4.516536440,-0.007326126,0.105006218,1,2.579630136,147.801919526,-0.002442360,-1.688888550,1,-2.836596727,-162.525020659,-0.002442360,2.632478714,1,-0.176051140,-10.086987291,-0.021978378,0.417582512,1,0.629115105,36.045640326,-0.012210846,-0.003663063,-0.057846643,-3.314368505,0.000000000,-0.000000000,6.000000000,2.500000000,3.143450975,180.106473998,0.000000000,-2.770881653,2.000000000,0.500000000,-2.880847216,-165.060386879,0.000000000,2.693999767,1.000000000,0.500000000,-0.189021111,-10.830111873,0.000000000,0.431064546,0.500000000,0.200000003,0.709263802,40.637822392,0.000000000,0.000112792,0.000000000,0.100000001
2026-07-04 23:27:43.276,1783178863.276391506,655.546565291,1,1,655.534398716,1,0.003885238,5,1,0.004597148,5,1,0,1,0,0,1,1,1,0,1,0,-1.000000000,0.000000000,0.000000000,0.000000000,0,-1.000000000,0,0,0,,0,-1.000000000,,0,0,0.000000000,0.000000000,0,-1.000000000,0,,0,-1.000000000,,0,-1.000000000,0,,1,-0.078828432,-4.516536440,-0.007326126,0.105006218,1,2.579248667,147.780062920,-0.002442360,-1.688888550,1,-2.836596727,-162.525020659,-0.007326126,2.632478714,1,-0.176051140,-10.086987291,-0.007326126,0.417582512,1,0.629115105,36.045640326,-0.012210846,-0.003663063,-0.057846643,-3.314368505,0.000000000,-0.000000000,6.000000000,2.500000000,3.143450975,180.106473998,0.000000000,-2.770881653,2.000000000,0.500000000,-2.880847216,-165.060386879,0.000000000,2.693999767,1.000000000,0.500000000,-0.189021111,-10.830111873,0.000000000,0.431064546,0.500000000,0.200000003,0.709263802,40.637822392,0.000000000,0.000112792,0.000000000,0.100000001
2026-07-04 23:27:44.276,1783178864.276205778,656.546379719,1,1,656.534213144,1,0.003741143,5,1,0.004333128,5,1,0,1,0,0,1,1,1,0,1,0,-1.000000000,0.000000000,0.000000000,0.000000000,0,-1.000000000,0,0,0,,0,-1.000000000,,0,0,0.000000000,0.000000000,0,-1.000000000,0,,0,-1.000000000,,0,-1.000000000,0,,1,-0.078828432,-4.516536440,-0.007326126,0.100122452,1,2.579630136,147.801919526,-0.002442360,-1.688888550,1,-2.836596727,-162.525020659,-0.002442360,2.632478714,1,-0.176051140,-10.086987291,-0.021978378,0.417582512,1,0.629115105,36.045640326,0.012210846,-0.003663063,-0.057846643,-3.314368505,0.000000000,-0.000000000,6.000000000,2.500000000,3.143450975,180.106473998,0.000000000,-2.770881653,2.000000000,0.500000000,-2.880847216,-165.060386879,0.000000000,2.693999767,1.000000000,0.500000000,-0.189021111,-10.830111873,0.000000000,0.431064546,0.500000000,0.200000003,0.709263802,40.637822392,0.000000000,0.000112792,0.000000000,0.100000001
2026-07-04 23:27:45.276,1783178865.276068687,657.546242500,1,1,657.534075925,1,0.003674644,5,1,0.004734146,5,1,0,1,0,0,1,1,1,0,1,0,-1.000000000,0.000000000,0.000000000,0.000000000,0,-1.000000000,0,0,0,,0,-1.000000000,,0,0,0.000000000,0.000000000,0,-1.000000000,0,,0,-1.000000000,,0,-1.000000000,0,,1,-0.078828432,-4.516536440,-0.036630630,0.100122452,1,2.579630136,147.801919526,-0.002442360,-1.688888550,1,-2.836596727,-162.525020659,-0.007326126,2.632478714,1,-0.176051140,-10.086987291,-0.021978378,0.417582512,1,0.629115105,36.045640326,-0.012210846,-0.003663063,-0.057846643,-3.314368505,0.000000000,-0.000000000,6.000000000,2.500000000,3.143450975,180.106473998,0.000000000,-2.770881653,2.000000000,0.500000000,-2.880847216,-165.060386879,0.000000000,2.693999767,1.000000000,0.500000000,-0.189021111,-10.830111873,0.000000000,0.431064546,0.500000000,0.200000003,0.709263802,40.637822392,0.000000000,0.000112792,0.000000000,0.100000001
2026-07-04 23:27:46.275,1783178866.275786161,658.545960091,1,1,658.533793516,1,0.003677675,5,1,0.004621659,5,1,0,1,0,0,1,1,1,0,1,0,-1.000000000,0.000000000,0.000000000,0.000000000,0,-1.000000000,0,0,0,,0,-1.000000000,,0,0,0.000000000,0.000000000,0,-1.000000000,0,,0,-1.000000000,,0,-1.000000000,0,,1,-0.078828432,-4.516536440,-0.007326126,0.100122452,1,2.579630136,147.801919526,-0.007326126,-1.688888550,1,-2.836596727,-162.525020659,-0.002442360,2.632478714,1,-0.175669670,-10.065130685,-0.007326126,0.417582512,1,0.629498482,36.067606214,-0.012210846,-0.003663063,-0.057846643,-3.314368505,0.000000000,-0.000000000,6.000000000,2.500000000,3.143450975,180.106473998,0.000000000,-2.770881653,2.000000000,0.500000000,-2.880847216,-165.060386879,0.000000000,2.693999767,1.000000000,0.500000000,-0.189021111,-10.830111873,0.000000000,0.431064546,0.500000000,0.200000003,0.709263802,40.637822392,0.000000000,0.000112792,0.000000000,0.100000001
2026-07-04 23:27:47.275,1783178867.275586843,659.545760632,1,1,659.533594057,1,0.003502574,5,1,0.004581057,5,1,0,1,0,0,1,1,1,0,1,0,-1.000000000,0.000000000,0.000000000,0.000000000,0,-1.000000000,0,0,0,,0,-1.000000000,,0,0,0.000000000,0.000000000,0,-1.000000000,0,,0,-1.000000000,,0,-1.000000000,0,,1,-0.078828432,-4.516536440,-0.007326126,0.105006218,1,2.579630136,147.801919526,-0.007326126,-1.688888550,1,-2.836596727,-162.525020659,-0.007326126,2.646154404,1,-0.176051140,-10.086987291,0.007326126,0.412698746,1,0.629115105,36.045640326,-0.012210846,-0.003663063,-0.057846643,-3.314368505,0.000000000,-0.000000000,6.000000000,2.500000000,3.143450975,180.106473998,0.000000000,-2.770881653,2.000000000,0.500000000,-2.880847216,-165.060386879,0.000000000,2.693999767,1.000000000,0.500000000,-0.189021111,-10.830111873,0.000000000,0.431064546,0.500000000,0.200000003,0.709263802,40.637822392,0.000000000,0.000112792,0.000000000,0.100000001
2026-07-04 23:27:48.275,1783178868.275342941,660.545516774,1,1,660.533350199,1,0.003784297,5,1,0.004643008,5,1,0,1,0,0,1,1,1,0,1,0,-1.000000000,0.000000000,0.000000000,0.000000000,0,-1.000000000,0,0,0,,0,-1.000000000,,0,0,0.000000000,0.000000000,0,-1.000000000,0,,0,-1.000000000,,0,-1.000000000,0,,1,-0.075013734,-4.297970387,-0.007326126,0.056165695,1,2.579630136,147.801919526,-0.002442360,-1.688888550,1,-2.836596727,-162.525020659,-0.007326126,2.632478714,1,-0.176051140,-10.086987291,-0.021978378,0.417582512,1,0.629498482,36.067606214,-0.012210846,-0.003663063,-0.057846643,-3.314368505,0.000000000,-0.000000000,6.000000000,2.500000000,3.143450975,180.106473998,0.000000000,-2.770881653,2.000000000,0.500000000,-2.880847216,-165.060386879,0.000000000,2.693999767,1.000000000,0.500000000,-0.189021111,-10.830111873,0.000000000,0.431064546,0.500000000,0.200000003,0.709263802,40.637822392,0.000000000,0.000112792,0.000000000,0.100000001
2026-07-04 23:27:49.275,1783178869.275128126,661.545302009,1,1,661.533135434,1,0.003880346,5,1,0.004688249,5,1,0,1,0,0,1,1,1,0,1,0,-1.000000000,0.000000000,0.000000000,0.000000000,0,-1.000000000,0,0,0,,0,-1.000000000,,0,0,0.000000000,0.000000000,0,-1.000000000,0,,0,-1.000000000,,0,-1.000000000,0,,1,-0.075013734,-4.297970387,-0.007326126,0.080586433,1,2.579630136,147.801919526,-0.002442360,-1.688888550,1,-2.836596727,-162.525020659,-0.002442360,2.632478714,1,-0.176051140,-10.086987291,-0.021978378,0.417582512,1,0.629115105,36.045640326,-0.012210846,-0.003663063,-0.057846643,-3.314368505,0.000000000,-0.000000000,6.000000000,2.500000000,3.143450975,180.106473998,0.000000000,-2.770881653,2.000000000,0.500000000,-2.880847216,-165.060386879,0.000000000,2.693999767,1.000000000,0.500000000,-0.189021111,-10.830111873,0.000000000,0.431064546,0.500000000,0.200000003,0.709263802,40.637822392,0.000000000,0.000112792,0.000000000,0.100000001
2026-07-04 23:27:50.275,1783178870.275012493,662.545186509,1,1,662.533019934,1,0.003369397,5,1,0.004761717,5,1,0,1,0,0,1,1,1,0,1,0,-1.000000000,0.000000000,0.000000000,0.000000000,0,-1.000000000,0,0,0,,0,-1.000000000,,0,0,0.000000000,0.000000000,0,-1.000000000,0,,0,-1.000000000,,0,-1.000000000,0,,1,-0.075013734,-4.297970387,-0.007326126,0.080586433,1,2.579630136,147.801919526,0.002442360,-1.688888550,1,-2.836596727,-162.525020659,0.002442360,2.632478714,1,-0.176051140,-10.086987291,-0.007326126,0.417582512,1,0.629115105,36.045640326,-0.012210846,-0.003663063,-0.057846643,-3.314368505,0.000000000,-0.000000000,6.000000000,2.500000000,3.143450975,180.106473998,0.000000000,-2.770881653,2.000000000,0.500000000,-2.880847216,-165.060386879,0.000000000,2.693999767,1.000000000,0.500000000,-0.189021111,-10.830111873,0.000000000,0.431064546,0.500000000,0.200000003,0.709263802,40.637822392,0.000000000,0.000112792,0.000000000,0.100000001
2026-07-04 23:27:51.274,1783178871.274800062,663.544973998,1,1,663.532807423,1,0.003720401,5,1,0.004822136,5,1,0,1,0,0,1,1,1,0,1,0,-1.000000000,0.000000000,0.000000000,0.000000000,0,-1.000000000,0,0,0,,0,-1.000000000,,0,0,0.000000000,0.000000000,0,-1.000000000,0,,0,-1.000000000,,0,-1.000000000,0,,1,-0.075013734,-4.297970387,-0.021978378,0.075701714,1,2.579630136,147.801919526,-0.002442360,-1.688888550,1,-2.836596727,-162.525020659,-0.002442360,2.632478714,1,-0.176051140,-10.086987291,-0.007326126,0.417582512,1,0.629115105,36.045640326,-0.012210846,-0.003663063,-0.057846643,-3.314368505,0.000000000,-0.000000000,6.000000000,2.500000000,3.143450975,180.106473998,0.000000000,-2.770881653,2.000000000,0.500000000,-2.880847216,-165.060386879,0.000000000,2.693999767,1.000000000,0.500000000,-0.189021111,-10.830111873,0.000000000,0.431064546,0.500000000,0.200000003,0.709263802,40.637822392,0.000000000,0.000112792,0.000000000,0.100000001
2026-07-04 23:27:52.274,1783178872.274489641,664.544663365,1,1,664.532496790,1,0.003713533,5,1,0.004613375,5,1,0,1,0,0,1,1,1,0,1,0,-1.000000000,0.000000000,0.000000000,0.000000000,0,-1.000000000,0,0,0,,0,-1.000000000,,0,0,0.000000000,0.000000000,0,-1.000000000,0,,0,-1.000000000,,0,-1.000000000,0,,1,-0.075395204,-4.319826992,-0.021978378,0.075701714,1,2.579630136,147.801919526,-0.002442360,-1.688888550,1,-2.836596727,-162.525020659,-0.002442360,2.632478714,1,-0.176051140,-10.086987291,-0.007326126,0.417582512,1,0.629115105,36.045640326,0.012210846,-0.003663063,-0.057846643,-3.314368505,0.000000000,-0.000000000,6.000000000,2.500000000,3.143450975,180.106473998,0.000000000,-2.770881653,2.000000000,0.500000000,-2.880847216,-165.060386879,0.000000000,2.693999767,1.000000000,0.500000000,-0.189021111,-10.830111873,0.000000000,0.431064546,0.500000000,0.200000003,0.709263802,40.637822392,0.000000000,0.000112792,0.000000000,0.100000001
2026-07-04 23:27:53.274,1783178873.274313211,665.544487113,1,1,665.532320538,1,0.003922481,5,1,0.004706537,5,1,0,1,0,0,1,1,1,0,1,0,-1.000000000,0.000000000,0.000000000,0.000000000,0,-1.000000000,0,0,0,,0,-1.000000000,,0,0,0.000000000,0.000000000,0,-1.000000000,0,,0,-1.000000000,,0,-1.000000000,0,,1,-0.075013734,-4.297970387,-0.007326126,0.080586433,1,2.579630136,147.801919526,-0.002442360,-1.688888550,1,-2.836596727,-162.525020659,-0.002442360,2.632478714,1,-0.176051140,-10.086987291,-0.007326126,0.417582512,1,0.629115105,36.045640326,0.012210846,-0.001221180,-0.057846643,-3.314368505,0.000000000,-0.000000000,6.000000000,2.500000000,3.143450975,180.106473998,0.000000000,-2.770881653,2.000000000,0.500000000,-2.880847216,-165.060386879,0.000000000,2.693999767,1.000000000,0.500000000,-0.189021111,-10.830111873,0.000000000,0.431064546,0.500000000,0.200000003,0.709263802,40.637822392,0.000000000,0.000112792,0.000000000,0.100000001
2026-07-04 23:27:54.274,1783178874.274076223,666.544250118,1,1,666.532083543,1,0.003888783,5,1,0.004470488,5,1,0,1,0,0,1,1,1,0,1,0,-1.000000000,0.000000000,0.000000000,0.000000000,0,-1.000000000,0,0,0,,0,-1.000000000,,0,0,0.000000000,0.000000000,0,-1.000000000,0,,0,-1.000000000,,0,-1.000000000,0,,1,-0.075013734,-4.297970387,-0.021978378,0.080586433,1,2.579630136,147.801919526,-0.002442360,-1.688888550,1,-2.836596727,-162.525020659,-0.002442360,2.632478714,1,-0.176051140,-10.086987291,-0.021978378,0.422466278,1,0.629115105,36.045640326,-0.012210846,-0.003663063,-0.057846643,-3.314368505,0.000000000,-0.000000000,6.000000000,2.500000000,3.143450975,180.106473998,0.000000000,-2.770881653,2.000000000,0.500000000,-2.880847216,-165.060386879,0.000000000,2.693999767,1.000000000,0.500000000,-0.189021111,-10.830111873,0.000000000,0.431064546,0.500000000,0.200000003,0.709263802,40.637822392,0.000000000,0.000112792,0.000000000,0.100000001
2026-07-04 23:27:55.274,1783178875.273893595,667.544067420,1,1,667.531900845,1,0.003642918,5,1,0.004404918,5,1,0,1,0,0,1,1,1,0,1,0,-1.000000000,0.000000000,0.000000000,0.000000000,0,-1.000000000,0,0,0,,0,-1.000000000,,0,0,0.000000000,0.000000000,0,-1.000000000,0,,0,-1.000000000,,0,-1.000000000,0,,1,-0.075395204,-4.319826992,-0.021978378,0.080586433,1,2.579630136,147.801919526,-0.002442360,-1.688888550,1,-2.836596727,-162.525020659,-0.002442360,2.632478714,1,-0.176051140,-10.086987291,0.007326126,0.417582512,1,0.629115105,36.045640326,-0.012210846,-0.003663063,-0.057846643,-3.314368505,0.000000000,-0.000000000,6.000000000,2.500000000,3.143450975,180.106473998,0.000000000,-2.770881653,2.000000000,0.500000000,-2.880847216,-165.060386879,0.000000000,2.693999767,1.000000000,0.500000000,-0.189021111,-10.830111873,0.000000000,0.431064546,0.500000000,0.200000003,0.709263802,40.637822392,0.000000000,0.000112792,0.000000000,0.100000001
2026-07-04 23:27:56.273,1783178876.273615837,668.543789587,1,1,668.531623012,1,0.003465132,5,1,0.004519600,5,1,0,1,0,0,1,1,1,0,1,0,-1.000000000,0.000000000,0.000000000,0.000000000,0,-1.000000000,0,0,0,,0,-1.000000000,,0,0,0.000000000,0.000000000,0,-1.000000000,0,,0,-1.000000000,,0,-1.000000000,0,,1,-0.075013734,-4.297970387,0.007326126,0.080586433,1,2.579630136,147.801919526,-0.002442360,-1.688888550,1,-2.836596727,-162.525020659,-0.002442360,2.646154404,1,-0.176051140,-10.086987291,-0.007326126,0.417582512,1,0.629115105,36.045640326,-0.012210846,-0.003663063,-0.057846643,-3.314368505,0.000000000,-0.000000000,6.000000000,2.500000000,3.143450975,180.106473998,0.000000000,-2.770881653,2.000000000,0.500000000,-2.880847216,-165.060386879,0.000000000,2.693999767,1.000000000,0.500000000,-0.189021111,-10.830111873,0.000000000,0.431064546,0.500000000,0.200000003,0.709263802,40.637822392,0.000000000,0.000112792,0.000000000,0.100000001
2026-07-04 23:27:57.273,1783178877.273434639,669.543608362,1,1,669.531441787,1,0.003685998,5,1,0.004694245,5,1,0,1,0,0,1,1,1,0,1,0,-1.000000000,0.000000000,0.000000000,0.000000000,0,-1.000000000,0,0,0,,0,-1.000000000,,0,0,0.000000000,0.000000000,0,-1.000000000,0,,0,-1.000000000,,0,-1.000000000,0,,1,-0.075013734,-4.297970387,-0.007326126,0.075701714,1,2.579630136,147.801919526,-0.002442360,-1.688888550,1,-2.836596727,-162.525020659,-0.002442360,2.632478714,1,-0.176051140,-10.086987291,0.021978378,0.417582512,1,0.629115105,36.045640326,-0.012210846,-0.003663063,-0.057846643,-3.314368505,0.000000000,-0.000000000,6.000000000,2.500000000,3.143450975,180.106473998,0.000000000,-2.770881653,2.000000000,0.500000000,-2.880847216,-165.060386879,0.000000000,2.693999767,1.000000000,0.500000000,-0.189021111,-10.830111873,0.000000000,0.431064546,0.500000000,0.200000003,0.709263802,40.637822392,0.000000000,0.000112792,0.000000000,0.100000001
2026-07-04 23:27:58.273,1783178878.273139954,670.543313842,1,1,670.531147267,1,0.003578891,5,1,0.004638027,5,1,0,1,0,0,1,1,1,0,1,0,-1.000000000,0.000000000,0.000000000,0.000000000,0,-1.000000000,0,0,0,,0,-1.000000000,,0,0,0.000000000,0.000000000,0,-1.000000000,0,,0,-1.000000000,,0,-1.000000000,0,,1,-0.075013734,-4.297970387,-0.007326126,0.075701714,1,2.579630136,147.801919526,0.002442360,-1.688888550,1,-2.836596727,-162.525020659,-0.002442360,2.646154404,1,-0.176051140,-10.086987291,-0.007326126,0.417582512,1,0.629115105,36.045640326,-0.012210846,-0.003663063,-0.057846643,-3.314368505,0.000000000,-0.000000000,6.000000000,2.500000000,3.143450975,180.106473998,0.000000000,-2.770881653,2.000000000,0.500000000,-2.880847216,-165.060386879,0.000000000,2.693999767,1.000000000,0.500000000,-0.189021111,-10.830111873,0.000000000,0.431064546,0.500000000,0.200000003,0.709263802,40.637822392,0.000000000,0.000112792,0.000000000,0.100000001
2026-07-04 23:27:59.273,1783178879.272994757,671.543168607,1,1,671.531002032,1,0.003693422,5,1,0.004750506,5,1,0,1,0,0,1,1,1,0,1,0,-1.000000000,0.000000000,0.000000000,0.000000000,0,-1.000000000,0,0,0,,0,-1.000000000,,0,0,0.000000000,0.000000000,0,-1.000000000,0,,0,-1.000000000,,0,-1.000000000,0,,1,-0.075013734,-4.297970387,-0.007326126,0.080586433,1,2.579630136,147.801919526,-0.002442360,-1.688888550,1,-2.836596727,-162.525020659,-0.002442360,2.632478714,1,-0.176051140,-10.086987291,-0.007326126,0.417582512,1,0.629115105,36.045640326,0.012210846,-0.003663063,-0.057846643,-3.314368505,0.000000000,-0.000000000,6.000000000,2.500000000,3.143450975,180.106473998,0.000000000,-2.770881653,2.000000000,0.500000000,-2.880847216,-165.060386879,0.000000000,2.693999767,1.000000000,0.500000000,-0.189021111,-10.830111873,0.000000000,0.431064546,0.500000000,0.200000003,0.709263802,40.637822392,0.000000000,0.000112792,0.000000000,0.100000001
2026-07-04 23:28:00.272,1783178880.272764921,672.542938879,1,1,672.530772304,1,0.003678192,5,1,0.004554213,5,1,0,1,0,0,1,1,1,0,1,0,-1.000000000,0.000000000,0.000000000,0.000000000,0,-1.000000000,0,0,0,,0,-1.000000000,,0,0,0.000000000,0.000000000,0,-1.000000000,0,,0,-1.000000000,,0,-1.000000000,0,,1,-0.075013734,-4.297970387,-0.007326126,0.075701714,1,2.579630136,147.801919526,-0.002442360,-1.688888550,1,-2.836596727,-162.525020659,-0.002442360,2.632478714,1,-0.176051140,-10.086987291,-0.007326126,0.417582512,1,0.629115105,36.045640326,-0.036628723,-0.003663063,-0.057846643,-3.314368505,0.000000000,-0.000000000,6.000000000,2.500000000,3.143450975,180.106473998,0.000000000,-2.770881653,2.000000000,0.500000000,-2.880847216,-165.060386879,0.000000000,2.693999767,1.000000000,0.500000000,-0.189021111,-10.830111873,0.000000000,0.431064546,0.500000000,0.200000003,0.709263802,40.637822392,0.000000000,0.000112792,0.000000000,0.100000001
2026-07-04 23:28:01.272,1783178881.272526264,673.542700211,1,1,673.530533636,1,0.003681652,5,1,0.004553965,5,1,0,1,0,0,1,1,1,0,1,0,-1.000000000,0.000000000,0.000000000,0.000000000,0,-1.000000000,0,0,0,,0,-1.000000000,,0,0,0.000000000,0.000000000,0,-1.000000000,0,,0,-1.000000000,,0,-1.000000000,0,,1,-0.075013734,-4.297970387,-0.007326126,0.080586433,1,2.579630136,147.801919526,-0.002442360,-1.688888550,1,-2.836596727,-162.525020659,-0.002442360,2.632478714,1,-0.176051140,-10.086987291,-0.021978378,0.417582512,1,0.629115105,36.045640326,-0.036628723,-0.003663063,-0.057846643,-3.314368505,0.000000000,-0.000000000,6.000000000,2.500000000,3.143450975,180.106473998,0.000000000,-2.770881653,2.000000000,0.500000000,-2.880847216,-165.060386879,0.000000000,2.693999767,1.000000000,0.500000000,-0.189021111,-10.830111873,0.000000000,0.431064546,0.500000000,0.200000003,0.709263802,40.637822392,0.000000000,0.000112792,0.000000000,0.100000001
2026-07-04 23:28:02.272,1783178882.272406816,674.542580670,1,1,674.530414095,1,0.003797500,5,1,0.004744807,5,1,0,1,0,0,1,1,1,0,1,0,-1.000000000,0.000000000,0.000000000,0.000000000,0,-1.000000000,0,0,0,,0,-1.000000000,,0,0,0.000000000,0.000000000,0,-1.000000000,0,,0,-1.000000000,,0,-1.000000000,0,,1,-0.075013734,-4.297970387,-0.007326126,0.075701714,1,2.579630136,147.801919526,-0.002442360,-1.688888550,1,-2.836596727,-162.525020659,-0.002442360,2.632478714,1,-0.176051140,-10.086987291,-0.021978378,0.417582512,1,0.629115105,36.045640326,-0.012210846,-0.003663063,-0.057846643,-3.314368505,0.000000000,-0.000000000,6.000000000,2.500000000,3.143450975,180.106473998,0.000000000,-2.770881653,2.000000000,0.500000000,-2.880847216,-165.060386879,0.000000000,2.693999767,1.000000000,0.500000000,-0.189021111,-10.830111873,0.000000000,0.431064546,0.500000000,0.200000003,0.709263802,40.637822392,0.000000000,0.000112792,0.000000000,0.100000001
2026-07-04 23:28:03.272,1783178883.272147894,675.542321930,1,1,675.530155355,1,0.003415372,5,1,0.004641347,5,1,0,1,0,0,1,1,1,0,1,0,-1.000000000,0.000000000,0.000000000,0.000000000,0,-1.000000000,0,0,0,,0,-1.000000000,,0,0,0.000000000,0.000000000,0,-1.000000000,0,,0,-1.000000000,,0,-1.000000000,0,,1,-0.075013734,-4.297970387,-0.021978378,0.080586433,1,2.579630136,147.801919526,-0.002442360,-1.688888550,1,-2.836596727,-162.525020659,-0.002442360,2.632478714,1,-0.176051140,-10.086987291,-0.007326126,0.417582512,1,0.629115105,36.045640326,-0.012210846,-0.003663063,-0.057846643,-3.314368505,0.000000000,-0.000000000,6.000000000,2.500000000,3.143450975,180.106473998,0.000000000,-2.770881653,2.000000000,0.500000000,-2.880847216,-165.060386879,0.000000000,2.693999767,1.000000000,0.500000000,-0.189021111,-10.830111873,0.000000000,0.431064546,0.500000000,0.200000003,0.709263802,40.637822392,0.000000000,0.000112792,0.000000000,0.100000001
2026-07-04 23:28:04.272,1783178884.271912336,676.542086202,1,1,676.529919627,1,0.003786091,5,1,0.004624543,5,1,0,1,0,0,1,1,1,0,1,0,-1.000000000,0.000000000,0.000000000,0.000000000,0,-1.000000000,0,0,0,,0,-1.000000000,,0,0,0.000000000,0.000000000,0,-1.000000000,0,,0,-1.000000000,,0,-1.000000000,0,,1,-0.075013734,-4.297970387,0.007326126,0.085470200,1,2.579630136,147.801919526,-0.002442360,-1.688888550,1,-2.836596727,-162.525020659,-0.002442360,2.632478714,1,-0.176051140,-10.086987291,-0.007326126,0.417582512,1,0.629115105,36.045640326,0.012210846,-0.003663063,-0.057846643,-3.314368505,0.000000000,-0.000000000,6.000000000,2.500000000,3.143450975,180.106473998,0.000000000,-2.770881653,2.000000000,0.500000000,-2.880847216,-165.060386879,0.000000000,2.693999767,1.000000000,0.500000000,-0.189021111,-10.830111873,0.000000000,0.431064546,0.500000000,0.200000003,0.709263802,40.637822392,0.000000000,0.000112792,0.000000000,0.100000001
2026-07-04 23:28:05.271,1783178885.271754265,677.541928135,1,1,677.529761560,1,0.003919744,5,1,0.004631354,5,1,0,1,0,0,1,1,1,0,1,0,-1.000000000,0.000000000,0.000000000,0.000000000,0,-1.000000000,0,0,0,,0,-1.000000000,,0,0,0.000000000,0.000000000,0,-1.000000000,0,,0,-1.000000000,,0,-1.000000000,0,,1,-0.075013734,-4.297970387,-0.007326126,0.080586433,1,2.579630136,147.801919526,-0.007326126,-1.688888550,1,-2.836596727,-162.525020659,-0.002442360,2.632478714,1,-0.176051140,-10.086987291,-0.007326126,0.417582512,1,0.629115105,36.045640326,-0.036628723,-0.003663063,-0.057846643,-3.314368505,0.000000000,-0.000000000,6.000000000,2.500000000,3.143450975,180.106473998,0.000000000,-2.770881653,2.000000000,0.500000000,-2.880847216,-165.060386879,0.000000000,2.693999767,1.000000000,0.500000000,-0.189021111,-10.830111873,0.000000000,0.431064546,0.500000000,0.200000003,0.709263802,40.637822392,0.000000000,0.000112792,0.000000000,0.100000001
2026-07-04 23:28:06.271,1783178886.271537304,678.541711255,1,1,678.529544680,1,0.003843062,5,1,0.004650634,5,1,0,1,0,0,1,1,1,0,1,0,-1.000000000,0.000000000,0.000000000,0.000000000,0,-1.000000000,0,0,0,,0,-1.000000000,,0,0,0.000000000,0.000000000,0,-1.000000000,0,,0,-1.000000000,,0,-1.000000000,0,,1,-0.075013734,-4.297970387,-0.007326126,0.085470200,1,2.579630136,147.801919526,-0.002442360,-1.688888550,1,-2.836596727,-162.525020659,-0.007326126,2.632478714,1,-0.176051140,-10.086987291,-0.007326126,0.417582512,1,0.629115105,36.045640326,0.012210846,-0.003663063,-0.057846643,-3.314368505,0.000000000,-0.000000000,6.000000000,2.500000000,3.143450975,180.106473998,0.000000000,-2.770881653,2.000000000,0.500000000,-2.880847216,-165.060386879,0.000000000,2.693999767,1.000000000,0.500000000,-0.189021111,-10.830111873,0.000000000,0.431064546,0.500000000,0.200000003,0.709263802,40.637822392,0.000000000,0.000112792,0.000000000,0.100000001
2026-07-04 23:28:07.271,1783178887.271363497,679.541537306,1,1,679.529370731,1,0.003572525,5,1,0.004791529,5,1,0,1,0,0,1,1,1,0,1,0,-1.000000000,0.000000000,0.000000000,0.000000000,0,-1.000000000,0,0,0,,0,-1.000000000,,0,0,0.000000000,0.000000000,0,-1.000000000,0,,0,-1.000000000,,0,-1.000000000,0,,1,-0.075013734,-4.297970387,-0.021978378,0.080586433,1,2.579630136,147.801919526,-0.002442360,-1.688888550,1,-2.836596727,-162.525020659,-0.002442360,2.632478714,1,-0.176051140,-10.086987291,-0.021978378,0.417582512,1,0.629115105,36.045640326,-0.012210846,-0.003663063,-0.057846643,-3.314368505,0.000000000,-0.000000000,6.000000000,2.500000000,3.143450975,180.106473998,0.000000000,-2.770881653,2.000000000,0.500000000,-2.880847216,-165.060386879,0.000000000,2.693999767,1.000000000,0.500000000,-0.189021111,-10.830111873,0.000000000,0.431064546,0.500000000,0.200000003,0.709263802,40.637822392,0.000000000,0.000112792,0.000000000,0.100000001
2026-07-04 23:28:08.271,1783178888.271083832,680.541257521,1,1,680.529090946,1,0.003926973,5,1,0.004670066,5,1,0,1,0,0,1,1,1,0,1,0,-1.000000000,0.000000000,0.000000000,0.000000000,0,-1.000000000,0,0,0,,0,-1.000000000,,0,0,0.000000000,0.000000000,0,-1.000000000,0,,0,-1.000000000,,0,-1.000000000,0,,1,-0.075395204,-4.319826992,-0.021978378,0.075701714,1,2.579630136,147.801919526,-0.002442360,-1.688888550,1,-2.836596727,-162.525020659,-0.002442360,2.632478714,1,-0.176051140,-10.086987291,-0.021978378,0.417582512,1,0.629115105,36.045640326,-0.012210846,-0.003663063,-0.057846643,-3.314368505,0.000000000,-0.000000000,6.000000000,2.500000000,3.143450975,180.106473998,0.000000000,-2.770881653,2.000000000,0.500000000,-2.880847216,-165.060386879,0.000000000,2.693999767,1.000000000,0.500000000,-0.189021111,-10.830111873,0.000000000,0.431064546,0.500000000,0.200000003,0.709263802,40.637822392,0.000000000,0.000112792,0.000000000,0.100000001
2026-07-04 23:28:09.270,1783178889.270812988,681.540986753,1,1,681.528820178,1,0.003771640,5,1,0.004628020,5,1,0,1,0,0,1,1,1,0,1,0,-1.000000000,0.000000000,0.000000000,0.000000000,0,-1.000000000,0,0,0,,0,-1.000000000,,0,0,0.000000000,0.000000000,0,-1.000000000,0,,0,-1.000000000,,0,-1.000000000,0,,1,-0.075013734,-4.297970387,0.007326126,0.085470200,1,2.579630136,147.801919526,-0.002442360,-1.675212860,1,-2.836596727,-162.525020659,0.002442360,2.632478714,1,-0.176051140,-10.086987291,-0.007326126,0.417582512,1,0.629115105,36.045640326,-0.012210846,-0.003663063,-0.057846643,-3.314368505,0.000000000,-0.000000000,6.000000000,2.500000000,3.143450975,180.106473998,0.000000000,-2.770881653,2.000000000,0.500000000,-2.880847216,-165.060386879,0.000000000,2.693999767,1.000000000,0.500000000,-0.189021111,-10.830111873,0.000000000,0.431064546,0.500000000,0.200000003,0.709263802,40.637822392,0.000000000,0.000112792,0.000000000,0.100000001
2026-07-04 23:28:10.270,1783178890.270642519,682.540816201,1,1,682.528649626,1,0.003783852,5,1,0.004663382,5,1,0,1,0,0,1,1,1,0,1,0,-1.000000000,0.000000000,0.000000000,0.000000000,0,-1.000000000,0,0,0,,0,-1.000000000,,0,0,0.000000000,0.000000000,0,-1.000000000,0,,0,-1.000000000,,0,-1.000000000,0,,1,-0.075013734,-4.297970387,-0.007326126,0.080586433,1,2.579630136,147.801919526,0.002442360,-1.688888550,1,-2.836596727,-162.525020659,-0.002442360,2.632478714,1,-0.176051140,-10.086987291,-0.007326126,0.417582512,1,0.629115105,36.045640326,-0.085468292,-0.003663063,-0.057846643,-3.314368505,0.000000000,-0.000000000,6.000000000,2.500000000,3.143450975,180.106473998,0.000000000,-2.770881653,2.000000000,0.500000000,-2.880847216,-165.060386879,0.000000000,2.693999767,1.000000000,0.500000000,-0.189021111,-10.830111873,0.000000000,0.431064546,0.500000000,0.200000003,0.709263802,40.637822392,0.000000000,0.000112792,0.000000000,0.100000001
2026-07-04 23:28:11.270,1783178891.270414829,683.540588729,1,1,683.528422154,1,0.003657153,5,1,0.004023486,5,1,0,1,0,0,1,1,1,0,1,0,-1.000000000,0.000000000,0.000000000,0.000000000,0,-1.000000000,0,0,0,,0,-1.000000000,,0,0,0.000000000,0.000000000,0,-1.000000000,0,,0,-1.000000000,,0,-1.000000000,0,,1,-0.075013734,-4.297970387,-0.007326126,0.080586433,1,2.579630136,147.801919526,0.002442360,-1.702564240,1,-2.836596727,-162.525020659,-0.002442360,2.632478714,1,-0.176051140,-10.086987291,-0.007326126,0.417582512,1,0.629115105,36.045640326,-0.012210846,-0.003663063,-0.057846643,-3.314368505,0.000000000,-0.000000000,6.000000000,2.500000000,3.143450975,180.106473998,0.000000000,-2.770881653,2.000000000,0.500000000,-2.880847216,-165.060386879,0.000000000,2.693999767,1.000000000,0.500000000,-0.189021111,-10.830111873,0.000000000,0.431064546,0.500000000,0.200000003,0.709263802,40.637822392,0.000000000,0.000112792,0.000000000,0.100000001
2026-07-04 23:28:12.270,1783178892.270186901,684.540360850,1,1,684.528194275,1,0.002898687,5,1,0.003978302,5,1,0,1,0,0,1,1,1,0,1,0,-1.000000000,0.000000000,0.000000000,0.000000000,0,-1.000000000,0,0,0,,0,-1.000000000,,0,0,0.000000000,0.000000000,0,-1.000000000,0,,0,-1.000000000,,0,-1.000000000,0,,1,-0.075013734,-4.297970387,-0.007326126,0.080586433,1,2.579630136,147.801919526,0.002442360,-1.688888550,1,-2.836596727,-162.525020659,-0.002442360,2.632478714,1,-0.176051140,-10.086987291,-0.007326126,0.417582512,1,0.629115105,36.045640326,-0.012210846,-0.003663063,-0.057846643,-3.314368505,0.000000000,-0.000000000,6.000000000,2.500000000,3.143450975,180.106473998,0.000000000,-2.770881653,2.000000000,0.500000000,-2.880847216,-165.060386879,0.000000000,2.693999767,1.000000000,0.500000000,-0.189021111,-10.830111873,0.000000000,0.431064546,0.500000000,0.200000003,0.709263802,40.637822392,0.000000000,0.000112792,0.000000000,0.100000001
2026-07-04 23:28:13.270,1783178893.269962311,685.540135960,1,1,685.527969385,1,0.003695596,5,1,0.004643606,5,1,0,1,0,0,1,1,1,0,1,0,-1.000000000,0.000000000,0.000000000,0.000000000,0,-1.000000000,0,0,0,,0,-1.000000000,,0,0,0.000000000,0.000000000,0,-1.000000000,0,,0,-1.000000000,,0,-1.000000000,0,,1,-0.075013734,-4.297970387,-0.007326126,0.080586433,1,2.579630136,147.801919526,-0.002442360,-1.702564240,1,-2.836596727,-162.525020659,-0.002442360,2.632478714,1,-0.176051140,-10.086987291,-0.007326126,0.417582512,1,0.629115105,36.045640326,-0.036628723,-0.003663063,-0.057846643,-3.314368505,0.000000000,-0.000000000,6.000000000,2.500000000,3.143450975,180.106473998,0.000000000,-2.770881653,2.000000000,0.500000000,-2.880847216,-165.060386879,0.000000000,2.693999767,1.000000000,0.500000000,-0.189021111,-10.830111873,0.000000000,0.431064546,0.500000000,0.200000003,0.709263802,40.637822392,0.000000000,0.000112792,0.000000000,0.100000001
2026-07-04 23:28:14.269,1783178894.269826889,686.540000744,1,1,686.527834169,1,0.003694580,5,1,0.004638938,5,1,0,1,0,0,1,1,1,0,1,0,-1.000000000,0.000000000,0.000000000,0.000000000,0,-1.000000000,0,0,0,,0,-1.000000000,,0,0,0.000000000,0.000000000,0,-1.000000000,0,,0,-1.000000000,,0,-1.000000000,0,,1,-0.075395204,-4.319826992,-0.021978378,0.080586433,1,2.579630136,147.801919526,0.002442360,-1.688888550,1,-2.836596727,-162.525020659,-0.002442360,2.632478714,1,-0.176051140,-10.086987291,-0.021978378,0.417582512,1,0.629115105,36.045640326,-0.012210846,-0.003663063,-0.057846643,-3.314368505,0.000000000,-0.000000000,6.000000000,2.500000000,3.143450975,180.106473998,0.000000000,-2.770881653,2.000000000,0.500000000,-2.880847216,-165.060386879,0.000000000,2.693999767,1.000000000,0.500000000,-0.189021111,-10.830111873,0.000000000,0.431064546,0.500000000,0.200000003,0.709263802,40.637822392,0.000000000,0.000112792,0.000000000,0.100000001
2026-07-04 23:28:15.269,1783178895.269544363,687.539718291,1,1,687.527551716,1,0.003838116,5,1,0.004688124,5,1,0,1,0,0,1,1,1,0,1,0,-1.000000000,0.000000000,0.000000000,0.000000000,0,-1.000000000,0,0,0,,0,-1.000000000,,0,0,0.000000000,0.000000000,0,-1.000000000,0,,0,-1.000000000,,0,-1.000000000,0,,1,-0.075013734,-4.297970387,-0.021978378,0.080586433,1,2.579630136,147.801919526,-0.007326126,-1.688888550,1,-2.836596727,-162.525020659,-0.007326126,2.632478714,1,-0.176051140,-10.086987291,-0.007326126,0.417582512,1,0.629115105,36.045640326,-0.036628723,-0.003663063,-0.057846643,-3.314368505,0.000000000,-0.000000000,6.000000000,2.500000000,3.143450975,180.106473998,0.000000000,-2.770881653,2.000000000,0.500000000,-2.880847216,-165.060386879,0.000000000,2.693999767,1.000000000,0.500000000,-0.189021111,-10.830111873,0.000000000,0.431064546,0.500000000,0.200000003,0.709263802,40.637822392,0.000000000,0.000112792,0.000000000,0.100000001
2026-07-04 23:28:16.269,1783178896.269331455,688.539505227,1,1,688.527338652,1,0.003700556,5,1,0.004542338,5,1,0,1,0,0,1,1,1,0,1,0,-1.000000000,0.000000000,0.000000000,0.000000000,0,-1.000000000,0,0,0,,0,-1.000000000,,0,0,0.000000000,0.000000000,0,-1.000000000,0,,0,-1.000000000,,0,-1.000000000,0,,1,-0.075395204,-4.319826992,-0.007326126,0.080586433,1,2.579630136,147.801919526,-0.007326126,-1.688888550,1,-2.836596727,-162.525020659,-0.002442360,2.632478714,1,-0.176051140,-10.086987291,-0.021978378,0.417582512,1,0.629115105,36.045640326,-0.012210846,-0.003663063,-0.057846643,-3.314368505,0.000000000,-0.000000000,6.000000000,2.500000000,3.143450975,180.106473998,0.000000000,-2.770881653,2.000000000,0.500000000,-2.880847216,-165.060386879,0.000000000,2.693999767,1.000000000,0.500000000,-0.189021111,-10.830111873,0.000000000,0.431064546,0.500000000,0.200000003,0.709263802,40.637822392,0.000000000,0.000112792,0.000000000,0.100000001
2026-07-04 23:28:17.269,1783178897.269247770,689.539421568,1,1,689.527254993,1,0.003569647,5,1,0.004737244,5,1,0,1,0,0,1,1,1,0,1,0,-1.000000000,0.000000000,0.000000000,0.000000000,0,-1.000000000,0,0,0,,0,-1.000000000,,0,0,0.000000000,0.000000000,0,-1.000000000,0,,0,-1.000000000,,0,-1.000000000,0,,1,-0.075013734,-4.297970387,-0.007326126,0.080586433,1,2.579630136,147.801919526,-0.002442360,-1.688888550,1,-2.836596727,-162.525020659,-0.002442360,2.632478714,1,-0.176051140,-10.086987291,-0.021978378,0.417582512,1,0.629115105,36.045640326,-0.012210846,-0.003663063,-0.057846643,-3.314368505,0.000000000,-0.000000000,6.000000000,2.500000000,3.143450975,180.106473998,0.000000000,-2.770881653,2.000000000,0.500000000,-2.880847216,-165.060386879,0.000000000,2.693999767,1.000000000,0.500000000,-0.189021111,-10.830111873,0.000000000,0.431064546,0.500000000,0.200000003,0.709263802,40.637822392,0.000000000,0.000112792,0.000000000,0.100000001
2026-07-04 23:28:18.269,1783178898.269012213,690.539186097,1,1,690.527019522,1,0.003507707,5,1,0.004794407,5,1,0,1,0,0,1,1,1,0,1,0,-1.000000000,0.000000000,0.000000000,0.000000000,0,-1.000000000,0,0,0,,0,-1.000000000,,0,0,0.000000000,0.000000000,0,-1.000000000,0,,0,-1.000000000,,0,-1.000000000,0,,1,-0.075013734,-4.297970387,-0.007326126,0.080586433,1,2.579630136,147.801919526,-0.002442360,-1.688888550,1,-2.836596727,-162.525020659,-0.002442360,2.632478714,1,-0.176051140,-10.086987291,0.007326126,0.417582512,1,0.629115105,36.045640326,-0.012210846,-0.003663063,-0.057846643,-3.314368505,0.000000000,-0.000000000,6.000000000,2.500000000,3.143450975,180.106473998,0.000000000,-2.770881653,2.000000000,0.500000000,-2.880847216,-165.060386879,0.000000000,2.693999767,1.000000000,0.500000000,-0.189021111,-10.830111873,0.000000000,0.431064546,0.500000000,0.200000003,0.709263802,40.637822392,0.000000000,0.000112792,0.000000000,0.100000001
2026-07-04 23:28:19.268,1783178899.268738270,691.538912246,1,1,691.526745671,1,0.003820451,5,1,0.004706584,5,1,0,1,0,0,1,1,1,0,1,0,-1.000000000,0.000000000,0.000000000,0.000000000,0,-1.000000000,0,0,0,,0,-1.000000000,,0,0,0.000000000,0.000000000,0,-1.000000000,0,,0,-1.000000000,,0,-1.000000000,0,,1,-0.075013734,-4.297970387,0.007326126,0.080586433,1,2.579630136,147.801919526,-0.002442360,-1.688888550,1,-2.836596727,-162.525020659,-0.002442360,2.632478714,1,-0.176051140,-10.086987291,-0.007326126,0.417582512,1,0.629115105,36.045640326,-0.036628723,-0.003663063,-0.057846643,-3.314368505,0.000000000,-0.000000000,6.000000000,2.500000000,3.143450975,180.106473998,0.000000000,-2.770881653,2.000000000,0.500000000,-2.880847216,-165.060386879,0.000000000,2.693999767,1.000000000,0.500000000,-0.189021111,-10.830111873,0.000000000,0.431064546,0.500000000,0.200000003,0.709263802,40.637822392,0.000000000,0.000112792,0.000000000,0.100000001
2026-07-04 23:28:20.268,1783178900.268478870,692.538652840,1,1,692.526486265,1,0.003719445,5,1,0.004667445,5,1,0,1,0,0,1,1,1,0,1,0,-1.000000000,0.000000000,0.000000000,0.000000000,0,-1.000000000,0,0,0,,0,-1.000000000,,0,0,0.000000000,0.000000000,0,-1.000000000,0,,0,-1.000000000,,0,-1.000000000,0,,1,-0.075013734,-4.297970387,-0.021978378,0.080586433,1,2.579630136,147.801919526,-0.002442360,-1.688888550,1,-2.836596727,-162.525020659,-0.002442360,2.632478714,1,-0.176051140,-10.086987291,-0.007326126,0.417582512,1,0.629115105,36.045640326,-0.012210846,-0.003663063,-0.057846643,-3.314368505,0.000000000,-0.000000000,6.000000000,2.500000000,3.143450975,180.106473998,0.000000000,-2.770881653,2.000000000,0.500000000,-2.880847216,-165.060386879,0.000000000,2.693999767,1.000000000,0.500000000,-0.189021111,-10.830111873,0.000000000,0.431064546,0.500000000,0.200000003,0.709263802,40.637822392,0.000000000,0.000112792,0.000000000,0.100000001
2026-07-04 23:28:21.268,1783178901.268309593,693.538483454,1,1,693.526316879,1,0.003656134,5,1,0.004656811,5,1,0,1,0,0,1,1,1,0,1,0,-1.000000000,0.000000000,0.000000000,0.000000000,0,-1.000000000,0,0,0,,0,-1.000000000,,0,0,0.000000000,0.000000000,0,-1.000000000,0,,0,-1.000000000,,0,-1.000000000,0,,1,-0.075013734,-4.297970387,-0.007326126,0.080586433,1,2.579630136,147.801919526,-0.002442360,-1.688888550,1,-2.836596727,-162.525020659,-0.007326126,2.632478714,1,-0.176051140,-10.086987291,-0.007326126,0.417582512,1,0.629115105,36.045640326,-0.012210846,-0.003663063,-0.057846643,-3.314368505,0.000000000,-0.000000000,6.000000000,2.500000000,3.143450975,180.106473998,0.000000000,-2.770881653,2.000000000,0.500000000,-2.880847216,-165.060386879,0.000000000,2.693999767,1.000000000,0.500000000,-0.189021111,-10.830111873,0.000000000,0.431064546,0.500000000,0.200000003,0.709263802,40.637822392,0.000000000,0.000112792,0.000000000,0.100000001
2026-07-04 23:28:22.268,1783178902.268053770,694.538227584,1,1,694.526061009,1,0.003856885,5,1,0.004521074,5,1,0,1,0,0,1,1,1,0,1,0,-1.000000000,0.000000000,0.000000000,0.000000000,0,-1.000000000,0,0,0,,0,-1.000000000,,0,0,0.000000000,0.000000000,0,-1.000000000,0,,0,-1.000000000,,0,-1.000000000,0,,1,-0.075013734,-4.297970387,-0.007326126,0.075701714,1,2.579630136,147.801919526,-0.002442360,-1.688888550,1,-2.836596727,-162.525020659,-0.002442360,2.632478714,1,-0.176051140,-10.086987291,0.021978378,0.417582512,1,0.629115105,36.045640326,0.012210846,-0.003663063,-0.057846643,-3.314368505,0.000000000,-0.000000000,6.000000000,2.500000000,3.143450975,180.106473998,0.000000000,-2.770881653,2.000000000,0.500000000,-2.880847216,-165.060386879,0.000000000,2.693999767,1.000000000,0.500000000,-0.189021111,-10.830111873,0.000000000,0.431064546,0.500000000,0.200000003,0.709263802,40.637822392,0.000000000,0.000112792,0.000000000,0.100000001
2026-07-04 23:28:23.268,1783178903.267941952,695.538115602,1,1,695.525949027,1,0.003661376,5,1,0.004616931,5,1,0,1,0,0,1,1,1,0,1,0,-1.000000000,0.000000000,0.000000000,0.000000000,0,-1.000000000,0,0,0,,0,-1.000000000,,0,0,0.000000000,0.000000000,0,-1.000000000,0,,0,-1.000000000,,0,-1.000000000,0,,1,-0.075395204,-4.319826992,0.007326126,0.080586433,1,2.579630136,147.801919526,-0.002442360,-1.702564240,1,-2.836596727,-162.525020659,-0.002442360,2.632478714,1,-0.176051140,-10.086987291,-0.007326126,0.417582512,1,0.629115105,36.045640326,-0.012210846,-0.003663063,-0.057846643,-3.314368505,0.000000000,-0.000000000,6.000000000,2.500000000,3.143450975,180.106473998,0.000000000,-2.770881653,2.000000000,0.500000000,-2.880847216,-165.060386879,0.000000000,2.693999767,1.000000000,0.500000000,-0.189021111,-10.830111873,0.000000000,0.431064546,0.500000000,0.200000003,0.709263802,40.637822392,0.000000000,0.000112792,0.000000000,0.100000001
2026-07-04 23:28:24.267,1783178904.267631769,696.537805642,1,1,696.525639067,1,0.003769869,5,1,0.004552785,5,1,0,1,0,0,1,1,1,0,1,0,-1.000000000,0.000000000,0.000000000,0.000000000,0,-1.000000000,0,0,0,,0,-1.000000000,,0,0,0.000000000,0.000000000,0,-1.000000000,0,,0,-1.000000000,,0,-1.000000000,0,,1,-0.075013734,-4.297970387,-0.021978378,0.080586433,1,2.579630136,147.801919526,0.002442360,-1.702564240,1,-2.836596727,-162.525020659,-0.002442360,2.632478714,1,-0.176051140,-10.086987291,-0.021978378,0.417582512,1,0.629115105,36.045640326,-0.036628723,-0.003663063,-0.057846643,-3.314368505,0.000000000,-0.000000000,6.000000000,2.500000000,3.143450975,180.106473998,0.000000000,-2.770881653,2.000000000,0.500000000,-2.880847216,-165.060386879,0.000000000,2.693999767,1.000000000,0.500000000,-0.189021111,-10.830111873,0.000000000,0.431064546,0.500000000,0.200000003,0.709263802,40.637822392,0.000000000,0.000112792,0.000000000,0.100000001
2026-07-04 23:28:25.267,1783178905.267411947,697.537585872,1,1,697.525419297,1,0.003821257,5,1,0.004669521,5,1,0,1,0,0,1,1,1,0,1,0,-1.000000000,0.000000000,0.000000000,0.000000000,0,-1.000000000,0,0,0,,0,-1.000000000,,0,0,0.000000000,0.000000000,0,-1.000000000,0,,0,-1.000000000,,0,-1.000000000,0,,1,-0.075013734,-4.297970387,-0.007326126,0.075701714,1,2.579630136,147.801919526,-0.002442360,-1.688888550,1,-2.836596727,-162.525020659,-0.002442360,2.632478714,1,-0.176051140,-10.086987291,-0.007326126,0.417582512,1,0.629115105,36.045640326,0.036628723,-0.003663063,-0.057846643,-3.314368505,0.000000000,-0.000000000,6.000000000,2.500000000,3.143450975,180.106473998,0.000000000,-2.770881653,2.000000000,0.500000000,-2.880847216,-165.060386879,0.000000000,2.693999767,1.000000000,0.500000000,-0.189021111,-10.830111873,0.000000000,0.431064546,0.500000000,0.200000003,0.709263802,40.637822392,0.000000000,0.000112792,0.000000000,0.100000001
2026-07-04 23:28:26.267,1783178906.267223358,698.537397218,1,1,698.525230643,1,0.003795867,5,1,0.004637415,5,1,0,1,0,0,1,1,1,0,1,0,-1.000000000,0.000000000,0.000000000,0.000000000,0,-1.000000000,0,0,0,,0,-1.000000000,,0,0,0.000000000,0.000000000,0,-1.000000000,0,,0,-1.000000000,,0,-1.000000000,0,,1,-0.075013734,-4.297970387,-0.007326126,0.080586433,1,2.579630136,147.801919526,-0.002442360,-1.688888550,1,-2.836596727,-162.525020659,-0.002442360,2.632478714,1,-0.176051140,-10.086987291,-0.007326126,0.417582512,1,0.629115105,36.045640326,0.012210846,-0.003663063,-0.057846643,-3.314368505,0.000000000,-0.000000000,6.000000000,2.500000000,3.143450975,180.106473998,0.000000000,-2.770881653,2.000000000,0.500000000,-2.880847216,-165.060386879,0.000000000,2.693999767,1.000000000,0.500000000,-0.189021111,-10.830111873,0.000000000,0.431064546,0.500000000,0.200000003,0.709263802,40.637822392,0.000000000,0.000112792,0.000000000,0.100000001
2026-07-04 23:28:27.267,1783178907.267006636,699.537180684,1,1,699.525014109,1,0.003896272,5,1,0.004367541,5,1,0,1,0,0,1,1,1,0,1,0,-1.000000000,0.000000000,0.000000000,0.000000000,0,-1.000000000,0,0,0,,0,-1.000000000,,0,0,0.000000000,0.000000000,0,-1.000000000,0,,0,-1.000000000,,0,-1.000000000,0,,1,-0.075395204,-4.319826992,-0.007326126,0.075701714,1,2.579630136,147.801919526,-0.002442360,-1.688888550,1,-2.836596727,-162.525020659,-0.002442360,2.632478714,1,-0.176051140,-10.086987291,-0.007326126,0.417582512,1,0.629115105,36.045640326,-0.012210846,-0.003663063,-0.057846643,-3.314368505,0.000000000,-0.000000000,6.000000000,2.500000000,3.143450975,180.106473998,0.000000000,-2.770881653,2.000000000,0.500000000,-2.880847216,-165.060386879,0.000000000,2.693999767,1.000000000,0.500000000,-0.189021111,-10.830111873,0.000000000,0.431064546,0.500000000,0.200000003,0.709263802,40.637822392,0.000000000,0.000112792,0.000000000,0.100000001
2026-07-04 23:28:28.266,1783178908.266820431,700.536994106,1,1,700.524827531,1,0.003820997,5,1,0.004722087,5,1,0,1,0,0,1,1,1,0,1,0,-1.000000000,0.000000000,0.000000000,0.000000000,0,-1.000000000,0,0,0,,0,-1.000000000,,0,0,0.000000000,0.000000000,0,-1.000000000,0,,0,-1.000000000,,0,-1.000000000,0,,1,-0.075013734,-4.297970387,-0.021978378,0.080586433,1,2.579630136,147.801919526,-0.002442360,-1.675212860,1,-2.836596727,-162.525020659,-0.002442360,2.632478714,1,-0.176051140,-10.086987291,-0.007326126,0.417582512,1,0.629115105,36.045640326,0.012210846,-0.003663063,-0.057846643,-3.314368505,0.000000000,-0.000000000,6.000000000,2.500000000,3.143450975,180.106473998,0.000000000,-2.770881653,2.000000000,0.500000000,-2.880847216,-165.060386879,0.000000000,2.693999767,1.000000000,0.500000000,-0.189021111,-10.830111873,0.000000000,0.431064546,0.500000000,0.200000003,0.709263802,40.637822392,0.000000000,0.000112792,0.000000000,0.100000001
2026-07-04 23:28:29.266,1783178909.266619444,701.536793243,1,1,701.524626668,1,0.003369526,5,1,0.004373666,5,1,0,1,0,0,1,1,1,0,1,0,-1.000000000,0.000000000,0.000000000,0.000000000,0,-1.000000000,0,0,0,,0,-1.000000000,,0,0,0.000000000,0.000000000,0,-1.000000000,0,,0,-1.000000000,,0,-1.000000000,0,,1,-0.075013734,-4.297970387,-0.007326126,0.080586433,1,2.579630136,147.801919526,-0.002442360,-1.688888550,1,-2.836596727,-162.525020659,-0.002442360,2.632478714,1,-0.176051140,-10.086987291,-0.007326126,0.417582512,1,0.629498482,36.067606214,0.012210846,-0.001221180,-0.057846643,-3.314368505,0.000000000,-0.000000000,6.000000000,2.500000000,3.143450975,180.106473998,0.000000000,-2.770881653,2.000000000,0.500000000,-2.880847216,-165.060386879,0.000000000,2.693999767,1.000000000,0.500000000,-0.189021111,-10.830111873,0.000000000,0.431064546,0.500000000,0.200000003,0.709263802,40.637822392,0.000000000,0.000112792,0.000000000,0.100000001
2026-07-04 23:28:30.266,1783178910.266343832,702.536517719,1,1,702.524351144,1,0.003807102,5,1,0.004637399,5,1,0,1,0,0,1,1,1,0,1,0,-1.000000000,0.000000000,0.000000000,0.000000000,0,-1.000000000,0,0,0,,0,-1.000000000,,0,0,0.000000000,0.000000000,0,-1.000000000,0,,0,-1.000000000,,0,-1.000000000,0,,1,-0.075395204,-4.319826992,-0.021978378,0.075701714,1,2.579630136,147.801919526,-0.002442360,-1.688888550,1,-2.836596727,-162.525020659,-0.002442360,2.632478714,1,-0.176051140,-10.086987291,0.007326126,0.417582512,1,0.629498482,36.067606214,0.036628723,-0.003663063,-0.057846643,-3.314368505,0.000000000,-0.000000000,6.000000000,2.500000000,3.143450975,180.106473998,0.000000000,-2.770881653,2.000000000,0.500000000,-2.880847216,-165.060386879,0.000000000,2.693999767,1.000000000,0.500000000,-0.189021111,-10.830111873,0.000000000,0.431064546,0.500000000,0.200000003,0.709263802,40.637822392,0.000000000,0.000112792,0.000000000,0.100000001
2026-07-04 23:28:31.266,1783178911.266134024,703.536307805,1,1,703.524141230,1,0.003572114,5,1,0.004495944,5,1,0,1,0,0,1,1,1,0,1,0,-1.000000000,0.000000000,0.000000000,0.000000000,0,-1.000000000,0,0,0,,0,-1.000000000,,0,0,0.000000000,0.000000000,0,-1.000000000,0,,0,-1.000000000,,0,-1.000000000,0,,1,-0.075013734,-4.297970387,0.007326126,0.080586433,1,2.579630136,147.801919526,-0.002442360,-1.688888550,1,-2.836596727,-162.525020659,0.002442360,2.632478714,1,-0.176051140,-10.086987291,-0.007326126,0.417582512,1,0.629115105,36.045640326,0.012210846,-0.003663063,-0.057846643,-3.314368505,0.000000000,-0.000000000,6.000000000,2.500000000,3.143450975,180.106473998,0.000000000,-2.770881653,2.000000000,0.500000000,-2.880847216,-165.060386879,0.000000000,2.693999767,1.000000000,0.500000000,-0.189021111,-10.830111873,0.000000000,0.431064546,0.500000000,0.200000003,0.709263802,40.637822392,0.000000000,0.000112792,0.000000000,0.100000001
2026-07-04 23:28:32.266,1783178912.265989065,704.536163088,1,1,704.523996513,1,0.003283215,5,1,0.004711520,5,1,0,1,0,0,1,1,1,0,1,0,-1.000000000,0.000000000,0.000000000,0.000000000,0,-1.000000000,0,0,0,,0,-1.000000000,,0,0,0.000000000,0.000000000,0,-1.000000000,0,,0,-1.000000000,,0,-1.000000000,0,,1,-0.075013734,-4.297970387,-0.007326126,0.080586433,1,2.579630136,147.801919526,-0.002442360,-1.702564240,1,-2.836596727,-162.525020659,-0.002442360,2.632478714,1,-0.176051140,-10.086987291,-0.021978378,0.417582512,1,0.629115105,36.045640326,-0.012210846,-0.003663063,-0.057846643,-3.314368505,0.000000000,-0.000000000,6.000000000,2.500000000,3.143450975,180.106473998,0.000000000,-2.770881653,2.000000000,0.500000000,-2.880847216,-165.060386879,0.000000000,2.693999767,1.000000000,0.500000000,-0.189021111,-10.830111873,0.000000000,0.431064546,0.500000000,0.200000003,0.709263802,40.637822392,0.000000000,0.000112792,0.000000000,0.100000001
2026-07-04 23:28:33.265,1783178913.265710354,705.535884069,1,1,705.523717494,1,0.003661152,5,1,0.004616242,5,1,0,1,0,0,1,1,1,0,1,0,-1.000000000,0.000000000,0.000000000,0.000000000,0,-1.000000000,0,0,0,,0,-1.000000000,,0,0,0.000000000,0.000000000,0,-1.000000000,0,,0,-1.000000000,,0,-1.000000000,0,,1,-0.075013734,-4.297970387,-0.007326126,0.085470200,1,2.579630136,147.801919526,-0.002442360,-1.702564240,1,-2.836596727,-162.525020659,-0.007326126,2.632478714,1,-0.176051140,-10.086987291,-0.007326126,0.417582512,1,0.629115105,36.045640326,-0.012210846,-0.003663063,-0.057846643,-3.314368505,0.000000000,-0.000000000,6.000000000,2.500000000,3.143450975,180.106473998,0.000000000,-2.770881653,2.000000000,0.500000000,-2.880847216,-165.060386879,0.000000000,2.693999767,1.000000000,0.500000000,-0.189021111,-10.830111873,0.000000000,0.431064546,0.500000000,0.200000003,0.709263802,40.637822392,0.000000000,0.000112792,0.000000000,0.100000001
2026-07-04 23:28:34.265,1783178914.265494823,706.535668707,1,1,706.523502132,1,0.003849245,5,1,0.004533313,5,1,0,1,0,0,1,1,1,0,1,0,-1.000000000,0.000000000,0.000000000,0.000000000,0,-1.000000000,0,0,0,,0,-1.000000000,,0,0,0.000000000,0.000000000,0,-1.000000000,0,,0,-1.000000000,,0,-1.000000000,0,,1,-0.075013734,-4.297970387,-0.007326126,0.080586433,1,2.579630136,147.801919526,-0.002442360,-1.688888550,1,-2.836596727,-162.525020659,-0.002442360,2.632478714,1,-0.176051140,-10.086987291,-0.021978378,0.417582512,1,0.629115105,36.045640326,-0.036628723,-0.003663063,-0.057846643,-3.314368505,0.000000000,-0.000000000,6.000000000,2.500000000,3.143450975,180.106473998,0.000000000,-2.770881653,2.000000000,0.500000000,-2.880847216,-165.060386879,0.000000000,2.693999767,1.000000000,0.500000000,-0.189021111,-10.830111873,0.000000000,0.431064546,0.500000000,0.200000003,0.709263802,40.637822392,0.000000000,0.000112792,0.000000000,0.100000001
2026-07-04 23:28:35.265,1783178915.265301943,707.535475951,1,1,707.523309376,1,0.003727775,5,1,0.004669527,5,1,0,1,0,0,1,1,1,0,1,0,-1.000000000,0.000000000,0.000000000,0.000000000,0,-1.000000000,0,0,0,,0,-1.000000000,,0,0,0.000000000,0.000000000,0,-1.000000000,0,,0,-1.000000000,,0,-1.000000000,0,,1,-0.075013734,-4.297970387,-0.007326126,0.080586433,1,2.579630136,147.801919526,-0.002442360,-1.702564240,1,-2.836596727,-162.525020659,-0.002442360,2.646154404,1,-0.176051140,-10.086987291,-0.007326126,0.417582512,1,0.629115105,36.045640326,-0.036628723,-0.003663063,-0.057846643,-3.314368505,0.000000000,-0.000000000,6.000000000,2.500000000,3.143450975,180.106473998,0.000000000,-2.770881653,2.000000000,0.500000000,-2.880847216,-165.060386879,0.000000000,2.693999767,1.000000000,0.500000000,-0.189021111,-10.830111873,0.000000000,0.431064546,0.500000000,0.200000003,0.709263802,40.637822392,0.000000000,0.000112792,0.000000000,0.100000001
2026-07-04 23:28:36.265,1783178916.265119553,708.535293356,1,1,708.523126781,1,0.003784194,5,1,0.004501950,5,1,0,1,0,0,1,1,1,0,1,0,-1.000000000,0.000000000,0.000000000,0.000000000,0,-1.000000000,0,0,0,,0,-1.000000000,,0,0,0.000000000,0.000000000,0,-1.000000000,0,,0,-1.000000000,,0,-1.000000000,0,,1,-0.075013734,-4.297970387,-0.007326126,0.080586433,1,2.579630136,147.801919526,-0.002442360,-1.675212860,1,-2.836596727,-162.525020659,-0.002442360,2.632478714,1,-0.176051140,-10.086987291,0.007326126,0.417582512,1,0.629115105,36.045640326,-0.012210846,-0.003663063,-0.057846643,-3.314368505,0.000000000,-0.000000000,6.000000000,2.500000000,3.143450975,180.106473998,0.000000000,-2.770881653,2.000000000,0.500000000,-2.880847216,-165.060386879,0.000000000,2.693999767,1.000000000,0.500000000,-0.189021111,-10.830111873,0.000000000,0.431064546,0.500000000,0.200000003,0.709263802,40.637822392,0.000000000,0.000112792,0.000000000,0.100000001
2026-07-04 23:28:37.264,1783178917.264866829,709.535040638,1,1,709.522874063,1,0.003740152,5,1,0.004696963,5,1,0,1,0,0,1,1,1,0,1,0,-1.000000000,0.000000000,0.000000000,0.000000000,0,-1.000000000,0,0,0,,0,-1.000000000,,0,0,0.000000000,0.000000000,0,-1.000000000,0,,0,-1.000000000,,0,-1.000000000,0,,1,-0.075013734,-4.297970387,0.007326126,0.080586433,1,2.579630136,147.801919526,-0.002442360,-1.688888550,1,-2.836596727,-162.525020659,-0.002442360,2.632478714,1,-0.176051140,-10.086987291,-0.007326126,0.417582512,1,0.629115105,36.045640326,-0.012210846,-0.001221180,-0.057846643,-3.314368505,0.000000000,-0.000000000,6.000000000,2.500000000,3.143450975,180.106473998,0.000000000,-2.770881653,2.000000000,0.500000000,-2.880847216,-165.060386879,0.000000000,2.693999767,1.000000000,0.500000000,-0.189021111,-10.830111873,0.000000000,0.431064546,0.500000000,0.200000003,0.709263802,40.637822392,0.000000000,0.000112792,0.000000000,0.100000001
2026-07-04 23:28:38.264,1783178918.264693737,710.534867645,1,1,710.522701070,1,0.003848448,5,1,0.004642189,5,1,0,1,0,0,1,1,1,0,1,0,-1.000000000,0.000000000,0.000000000,0.000000000,0,-1.000000000,0,0,0,,0,-1.000000000,,0,0,0.000000000,0.000000000,0,-1.000000000,0,,0,-1.000000000,,0,-1.000000000,0,,1,-0.075013734,-4.297970387,-0.007326126,0.080586433,1,2.579630136,147.801919526,-0.002442360,-1.688888550,1,-2.836596727,-162.525020659,-0.002442360,2.646154404,1,-0.176051140,-10.086987291,-0.021978378,0.417582512,1,0.629115105,36.045640326,-0.012210846,-0.003663063,-0.057846643,-3.314368505,0.000000000,-0.000000000,6.000000000,2.500000000,3.143450975,180.106473998,0.000000000,-2.770881653,2.000000000,0.500000000,-2.880847216,-165.060386879,0.000000000,2.693999767,1.000000000,0.500000000,-0.189021111,-10.830111873,0.000000000,0.431064546,0.500000000,0.200000003,0.709263802,40.637822392,0.000000000,0.000112792,0.000000000,0.100000001
2026-07-04 23:28:39.264,1783178919.264416695,711.534590624,1,1,711.522424049,1,0.003445314,5,1,0.004488519,5,1,0,1,0,0,1,1,1,0,1,0,-1.000000000,0.000000000,0.000000000,0.000000000,0,-1.000000000,0,0,0,,0,-1.000000000,,0,0,0.000000000,0.000000000,0,-1.000000000,0,,0,-1.000000000,,0,-1.000000000,0,,1,-0.075013734,-4.297970387,-0.007326126,0.080586433,1,2.579630136,147.801919526,-0.002442360,-1.688888550,1,-2.836596727,-162.525020659,-0.002442360,2.632478714,1,-0.176051140,-10.086987291,-0.007326126,0.417582512,1,0.629115105,36.045640326,0.012210846,-0.003663063,-0.057846643,-3.314368505,0.000000000,-0.000000000,6.000000000,2.500000000,3.143450975,180.106473998,0.000000000,-2.770881653,2.000000000,0.500000000,-2.880847216,-165.060386879,0.000000000,2.693999767,1.000000000,0.500000000,-0.189021111,-10.830111873,0.000000000,0.431064546,0.500000000,0.200000003,0.709263802,40.637822392,0.000000000,0.000112792,0.000000000,0.100000001
2026-07-04 23:28:40.264,1783178920.264211893,712.534385704,1,1,712.522219129,1,0.003732323,5,1,0.004653322,5,1,0,1,0,0,1,1,1,0,1,0,-1.000000000,0.000000000,0.000000000,0.000000000,0,-1.000000000,0,0,0,,0,-1.000000000,,0,0,0.000000000,0.000000000,0,-1.000000000,0,,0,-1.000000000,,0,-1.000000000,0,,1,-0.075013734,-4.297970387,-0.007326126,0.075701714,1,2.579630136,147.801919526,-0.002442360,-1.688888550,1,-2.836596727,-162.525020659,-0.002442360,2.632478714,1,-0.176051140,-10.086987291,-0.007326126,0.417582512,1,0.629115105,36.045640326,-0.036628723,-0.003663063,-0.057846643,-3.314368505,0.000000000,-0.000000000,6.000000000,2.500000000,3.143450975,180.106473998,0.000000000,-2.770881653,2.000000000,0.500000000,-2.880847216,-165.060386879,0.000000000,2.693999767,1.000000000,0.500000000,-0.189021111,-10.830111873,0.000000000,0.431064546,0.500000000,0.200000003,0.709263802,40.637822392,0.000000000,0.000112792,0.000000000,0.100000001
2026-07-04 23:28:41.264,1783178921.264024973,713.534198968,1,1,713.522032393,1,0.003336312,5,1,0.003889660,5,1,0,1,0,0,1,1,1,0,1,0,-1.000000000,0.000000000,0.000000000,0.000000000,0,-1.000000000,0,0,0,,0,-1.000000000,,0,0,0.000000000,0.000000000,0,-1.000000000,0,,0,-1.000000000,,0,-1.000000000,0,,1,-0.075013734,-4.297970387,-0.021978378,0.075701714,1,2.579630136,147.801919526,-0.002442360,-1.688888550,1,-2.836596727,-162.525020659,0.002442360,2.632478714,1,-0.176051140,-10.086987291,-0.007326126,0.417582512,1,0.629115105,36.045640326,0.012210846,-0.003663063,-0.057846643,-3.314368505,0.000000000,-0.000000000,6.000000000,2.500000000,3.143450975,180.106473998,0.000000000,-2.770881653,2.000000000,0.500000000,-2.880847216,-165.060386879,0.000000000,2.693999767,1.000000000,0.500000000,-0.189021111,-10.830111873,0.000000000,0.431064546,0.500000000,0.200000003,0.709263802,40.637822392,0.000000000,0.000112792,0.000000000,0.100000001
2026-07-04 23:28:42.263,1783178922.263760567,714.533934482,1,1,714.521767907,1,0.003634110,5,1,0.004528937,5,1,0,1,0,0,1,1,1,0,1,0,-1.000000000,0.000000000,0.000000000,0.000000000,0,-1.000000000,0,0,0,,0,-1.000000000,,0,0,0.000000000,0.000000000,0,-1.000000000,0,,0,-1.000000000,,0,-1.000000000,0,,1,-0.073106386,-4.188687360,-0.007326126,0.061050415,1,2.579630136,147.801919526,-0.002442360,-1.688888550,1,-2.836596727,-162.525020659,-0.002442360,2.632478714,1,-0.176051140,-10.086987291,-0.007326126,0.417582512,1,0.629115105,36.045640326,-0.012210846,-0.003663063,-0.057846643,-3.314368505,0.000000000,-0.000000000,6.000000000,2.500000000,3.143450975,180.106473998,0.000000000,-2.770881653,2.000000000,0.500000000,-2.880847216,-165.060386879,0.000000000,2.693999767,1.000000000,0.500000000,-0.189021111,-10.830111873,0.000000000,0.431064546,0.500000000,0.200000003,0.709263802,40.637822392,0.000000000,0.000112792,0.000000000,0.100000001
2026-07-04 23:28:43.263,1783178923.263571978,715.533745697,1,1,715.521579122,1,0.003738557,5,1,0.004332154,5,1,0,1,0,0,1,1,1,0,1,0,-1.000000000,0.000000000,0.000000000,0.000000000,0,-1.000000000,0,0,0,,0,-1.000000000,,0,0,0.000000000,0.000000000,0,-1.000000000,0,,0,-1.000000000,,0,-1.000000000,0,,1,-0.072724916,-4.166830755,0.007326126,0.065934181,1,2.579630136,147.801919526,-0.002442360,-1.688888550,1,-2.836596727,-162.525020659,-0.002442360,2.632478714,1,-0.176051140,-10.086987291,-0.007326126,0.417582512,1,0.629115105,36.045640326,-0.036628723,-0.003663063,-0.057846643,-3.314368505,0.000000000,-0.000000000,6.000000000,2.500000000,3.143450975,180.106473998,0.000000000,-2.770881653,2.000000000,0.500000000,-2.880847216,-165.060386879,0.000000000,2.693999767,1.000000000,0.500000000,-0.189021111,-10.830111873,0.000000000,0.431064546,0.500000000,0.200000003,0.709263802,40.637822392,0.000000000,0.000112792,0.000000000,0.100000001
2026-07-04 23:28:44.263,1783178924.263368845,716.533542831,1,1,716.521376256,1,0.003711466,5,1,0.004558341,5,1,0,1,0,0,1,1,1,0,1,0,-1.000000000,0.000000000,0.000000000,0.000000000,0,-1.000000000,0,0,0,,0,-1.000000000,,0,0,0.000000000,0.000000000,0,-1.000000000,0,,0,-1.000000000,,0,-1.000000000,0,,1,-0.072724916,-4.166830755,-0.007326126,0.061050415,1,2.579630136,147.801919526,-0.002442360,-1.688888550,1,-2.836596727,-162.525020659,0.002442360,2.632478714,0,-0.176051140,-10.086987291,-0.007326126,0.417582512,1,0.629498482,36.067606214,0.036628723,-0.003663063,-0.057846643,-3.314368505,0.000000000,-0.000000000,6.000000000,2.500000000,3.143450975,180.106473998,0.000000000,-2.770881653,2.000000000,0.500000000,-2.880847216,-165.060386879,0.000000000,2.693999767,1.000000000,0.500000000,-0.189021111,-10.830111873,0.000000000,0.431064546,0.500000000,0.200000003,0.709263802,40.637822392,0.000000000,0.000112792,0.000000000,0.100000001
2026-07-04 23:28:45.263,1783178925.263231277,717.533405066,1,1,717.521238491,1,0.003379699,5,1,0.004598051,5,1,0,1,0,0,1,1,1,0,1,0,-1.000000000,0.000000000,0.000000000,0.000000000,0,-1.000000000,0,0,0,,0,-1.000000000,,0,0,0.000000000,0.000000000,0,-1.000000000,0,,0,-1.000000000,,0,-1.000000000,0,,1,-0.072724916,-4.166830755,-0.021978378,0.061050415,1,2.579630136,147.801919526,0.002442360,-1.688888550,1,-2.836596727,-162.525020659,-0.002442360,2.632478714,1,-0.176051140,-10.086987291,-0.007326126,0.417582512,1,0.629115105,36.045640326,-0.061050415,-0.003663063,-0.057846643,-3.314368505,0.000000000,-0.000000000,6.000000000,2.500000000,3.143450975,180.106473998,0.000000000,-2.770881653,2.000000000,0.500000000,-2.880847216,-165.060386879,0.000000000,2.693999767,1.000000000,0.500000000,-0.189021111,-10.830111873,0.000000000,0.431064546,0.500000000,0.200000003,0.709263802,40.637822392,0.000000000,0.000112792,0.000000000,0.100000001
2026-07-04 23:28:46.263,1783178926.262978315,718.533152131,1,1,718.520985556,1,0.003904896,5,1,0.004474190,5,1,0,1,0,0,1,1,1,0,1,0,-1.000000000,0.000000000,0.000000000,0.000000000,0,-1.000000000,0,0,0,,0,-1.000000000,,0,0,0.000000000,0.000000000,0,-1.000000000,0,,0,-1.000000000,,0,-1.000000000,0,,1,-0.072724916,-4.166830755,-0.021978378,0.061050415,1,2.579630136,147.801919526,-0.002442360,-1.688888550,1,-2.836596727,-162.525020659,-0.002442360,2.646154404,1,-0.176051140,-10.086987291,-0.007326126,0.417582512,1,0.629115105,36.045640326,-0.012210846,-0.003663063,-0.057846643,-3.314368505,0.000000000,-0.000000000,6.000000000,2.500000000,3.143450975,180.106473998,0.000000000,-2.770881653,2.000000000,0.500000000,-2.880847216,-165.060386879,0.000000000,2.693999767,1.000000000,0.500000000,-0.189021111,-10.830111873,0.000000000,0.431064546,0.500000000,0.200000003,0.709263802,40.637822392,0.000000000,0.000112792,0.000000000,0.100000001
2026-07-04 23:28:47.262,1783178927.262857199,719.533030953,1,1,719.520864378,1,0.003719654,5,1,0.004691904,5,1,0,1,0,0,1,1,1,0,1,0,-1.000000000,0.000000000,0.000000000,0.000000000,0,-1.000000000,0,0,0,,0,-1.000000000,,0,0,0.000000000,0.000000000,0,-1.000000000,0,,0,-1.000000000,,0,-1.000000000,0,,1,-0.072724916,-4.166830755,-0.007326126,0.061050415,1,2.579630136,147.801919526,-0.002442360,-1.688888550,1,-2.836596727,-162.525020659,-0.002442360,2.632478714,1,-0.176051140,-10.086987291,-0.007326126,0.417582512,1,0.629115105,36.045640326,-0.036628723,-0.003663063,-0.057846643,-3.314368505,0.000000000,-0.000000000,6.000000000,2.500000000,3.143450975,180.106473998,0.000000000,-2.770881653,2.000000000,0.500000000,-2.880847216,-165.060386879,0.000000000,2.693999767,1.000000000,0.500000000,-0.189021111,-10.830111873,0.000000000,0.431064546,0.500000000,0.200000003,0.709263802,40.637822392,0.000000000,0.000112792,0.000000000,0.100000001
2026-07-04 23:28:48.262,1783178928.262588501,720.532762157,1,1,720.520595582,1,0.003983441,5,1,0.004684781,5,1,0,1,0,0,1,1,1,0,1,0,-1.000000000,0.000000000,0.000000000,0.000000000,0,-1.000000000,0,0,0,,0,-1.000000000,,0,0,0.000000000,0.000000000,0,-1.000000000,0,,0,-1.000000000,,0,-1.000000000,0,,1,-0.072724916,-4.166830755,-0.007326126,0.061050415,1,2.579630136,147.801919526,-0.002442360,-1.688888550,1,-2.836596727,-162.525020659,-0.002442360,2.632478714,1,-0.176051140,-10.086987291,0.007326126,0.417582512,1,0.629115105,36.045640326,-0.012210846,-0.003663063,-0.057846643,-3.314368505,0.000000000,-0.000000000,6.000000000,2.500000000,3.143450975,180.106473998,0.000000000,-2.770881653,2.000000000,0.500000000,-2.880847216,-165.060386879,0.000000000,2.693999767,1.000000000,0.500000000,-0.189021111,-10.830111873,0.000000000,0.431064546,0.500000000,0.200000003,0.709263802,40.637822392,0.000000000,0.000112792,0.000000000,0.100000001
2026-07-04 23:28:49.262,1783178929.262293100,721.532466842,1,1,721.520300267,1,0.003454848,5,1,0.004470142,5,1,0,1,0,0,1,1,1,0,1,0,-1.000000000,0.000000000,0.000000000,0.000000000,0,-1.000000000,0,0,0,,0,-1.000000000,,0,0,0.000000000,0.000000000,0,-1.000000000,0,,0,-1.000000000,,0,-1.000000000,0,,1,-0.072724916,-4.166830755,0.007326126,0.065934181,1,2.579630136,147.801919526,-0.002442360,-1.688888550,1,-2.836596727,-162.525020659,-0.007326126,2.632478714,1,-0.176432610,-10.108843896,-0.021978378,0.417582512,1,0.629115105,36.045640326,0.012210846,-0.003663063,-0.057846643,-3.314368505,0.000000000,-0.000000000,6.000000000,2.500000000,3.143450975,180.106473998,0.000000000,-2.770881653,2.000000000,0.500000000,-2.880847216,-165.060386879,0.000000000,2.693999767,1.000000000,0.500000000,-0.189021111,-10.830111873,0.000000000,0.431064546,0.500000000,0.200000003,0.709263802,40.637822392,0.000000000,0.000112792,0.000000000,0.100000001
2026-07-04 23:28:50.262,1783178930.262097836,722.532271680,1,1,722.520105105,1,0.003836997,5,1,0.004500993,5,1,0,1,0,0,1,1,1,0,1,0,-1.000000000,0.000000000,0.000000000,0.000000000,0,-1.000000000,0,0,0,,0,-1.000000000,,0,0,0.000000000,0.000000000,0,-1.000000000,0,,0,-1.000000000,,0,-1.000000000,0,,1,-0.072724916,-4.166830755,-0.021978378,0.065934181,1,2.579630136,147.801919526,-0.002442360,-1.688888550,1,-2.836596727,-162.525020659,-0.002442360,2.632478714,1,-0.176051140,-10.086987291,-0.007326126,0.417582512,1,0.629115105,36.045640326,-0.012210846,-0.003663063,-0.057846643,-3.314368505,0.000000000,-0.000000000,6.000000000,2.500000000,3.143450975,180.106473998,0.000000000,-2.770881653,2.000000000,0.500000000,-2.880847216,-165.060386879,0.000000000,2.693999767,1.000000000,0.500000000,-0.189021111,-10.830111873,0.000000000,0.431064546,0.500000000,0.200000003,0.709263802,40.637822392,0.000000000,0.000112792,0.000000000,0.100000001
2026-07-04 23:28:51.262,1783178931.261960745,723.532134478,1,1,723.519967903,1,0.003545701,5,1,0.004623759,5,1,0,1,0,0,1,1,1,0,1,0,-1.000000000,0.000000000,0.000000000,0.000000000,0,-1.000000000,0,0,0,,0,-1.000000000,,0,0,0.000000000,0.000000000,0,-1.000000000,0,,0,-1.000000000,,0,-1.000000000,0,,1,-0.072724916,-4.166830755,-0.007326126,0.061050415,1,2.579630136,147.801919526,-0.002442360,-1.688888550,1,-2.836596727,-162.525020659,-0.007326126,2.632478714,1,-0.176051140,-10.086987291,0.007326126,0.417582512,1,0.629115105,36.045640326,0.012210846,-0.003663063,-0.057846643,-3.314368505,0.000000000,-0.000000000,6.000000000,2.500000000,3.143450975,180.106473998,0.000000000,-2.770881653,2.000000000,0.500000000,-2.880847216,-165.060386879,0.000000000,2.693999767,1.000000000,0.500000000,-0.189021111,-10.830111873,0.000000000,0.431064546,0.500000000,0.200000003,0.709263802,40.637822392,0.000000000,0.000112792,0.000000000,0.100000001
2026-07-04 23:28:52.261,1783178932.261651754,724.531825678,1,1,724.519659103,1,0.003512771,5,1,0.004505523,5,1,0,1,0,0,1,1,1,0,1,0,-1.000000000,0.000000000,0.000000000,0.000000000,0,-1.000000000,0,0,0,,0,-1.000000000,,0,0,0.000000000,0.000000000,0,-1.000000000,0,,0,-1.000000000,,0,-1.000000000,0,,1,-0.072343446,-4.144974149,-0.007326126,0.061050415,1,2.579630136,147.801919526,-0.002442360,-1.688888550,1,-2.836596727,-162.525020659,-0.007326126,2.632478714,1,-0.176051140,-10.086987291,-0.007326126,0.417582512,1,0.629115105,36.045640326,-0.012210846,-0.003663063,-0.057846643,-3.314368505,0.000000000,-0.000000000,6.000000000,2.500000000,3.143450975,180.106473998,0.000000000,-2.770881653,2.000000000,0.500000000,-2.880847216,-165.060386879,0.000000000,2.693999767,1.000000000,0.500000000,-0.189021111,-10.830111873,0.000000000,0.431064546,0.500000000,0.200000003,0.709263802,40.637822392,0.000000000,0.000112792,0.000000000,0.100000001
2026-07-04 23:28:53.261,1783178933.261478186,725.531652048,1,1,725.519485473,1,0.003953414,5,1,0.004660386,5,1,0,1,0,0,1,1,1,0,1,0,-1.000000000,0.000000000,0.000000000,0.000000000,0,-1.000000000,0,0,0,,0,-1.000000000,,0,0,0.000000000,0.000000000,0,-1.000000000,0,,0,-1.000000000,,0,-1.000000000,0,,1,-0.072724916,-4.166830755,-0.007326126,0.061050415,1,2.579630136,147.801919526,-0.007326126,-1.688888550,1,-2.836596727,-162.525020659,-0.002442360,2.632478714,1,-0.176051140,-10.086987291,-0.007326126,0.417582512,1,0.629115105,36.045640326,-0.036628723,-0.003663063,-0.057846643,-3.314368505,0.000000000,-0.000000000,6.000000000,2.500000000,3.143450975,180.106473998,0.000000000,-2.770881653,2.000000000,0.500000000,-2.880847216,-165.060386879,0.000000000,2.693999767,1.000000000,0.500000000,-0.189021111,-10.830111873,0.000000000,0.431064546,0.500000000,0.200000003,0.709263802,40.637822392,0.000000000,0.000112792,0.000000000,0.100000001
2026-07-04 23:28:54.261,1783178934.261222839,726.531396881,1,1,726.519230306,1,0.003775181,5,1,0.004703844,5,1,0,1,0,0,1,1,1,0,1,0,-1.000000000,0.000000000,0.000000000,0.000000000,0,-1.000000000,0,0,0,,0,-1.000000000,,0,0,0.000000000,0.000000000,0,-1.000000000,0,,0,-1.000000000,,0,-1.000000000,0,,1,-0.072724916,-4.166830755,-0.007326126,0.065934181,1,2.579630136,147.801919526,0.002442360,-1.688888550,1,-2.836596727,-162.525020659,-0.002442360,2.632478714,1,-0.176051140,-10.086987291,-0.007326126,0.417582512,1,0.629115105,36.045640326,-0.036628723,-0.003663063,-0.057846643,-3.314368505,0.000000000,-0.000000000,6.000000000,2.500000000,3.143450975,180.106473998,0.000000000,-2.770881653,2.000000000,0.500000000,-2.880847216,-165.060386879,0.000000000,2.693999767,1.000000000,0.500000000,-0.189021111,-10.830111873,0.000000000,0.431064546,0.500000000,0.200000003,0.709263802,40.637822392,0.000000000,0.000112792,0.000000000,0.100000001
2026-07-04 23:28:55.261,1783178935.261014462,727.531188336,1,1,727.519021761,1,0.003659425,5,1,0.004664276,5,1,0,1,0,0,1,1,1,0,1,0,-1.000000000,0.000000000,0.000000000,0.000000000,0,-1.000000000,0,0,0,,0,-1.000000000,,0,0,0.000000000,0.000000000,0,-1.000000000,0,,0,-1.000000000,,0,-1.000000000,0,,1,-0.072724916,-4.166830755,-0.007326126,0.065934181,1,2.579630136,147.801919526,-0.002442360,-1.688888550,1,-2.836596727,-162.525020659,-0.002442360,2.632478714,1,-0.176051140,-10.086987291,-0.007326126,0.417582512,1,0.629115105,36.045640326,0.036628723,-0.003663063,-0.057846643,-3.314368505,0.000000000,-0.000000000,6.000000000,2.500000000,3.143450975,180.106473998,0.000000000,-2.770881653,2.000000000,0.500000000,-2.880847216,-165.060386879,0.000000000,2.693999767,1.000000000,0.500000000,-0.189021111,-10.830111873,0.000000000,0.431064546,0.500000000,0.200000003,0.709263802,40.637822392,0.000000000,0.000112792,0.000000000,0.100000001
2026-07-04 23:28:56.261,1783178936.260948420,728.531122358,1,1,728.518955783,1,0.003532303,5,1,0.004393699,5,1,0,1,0,0,1,1,1,0,1,0,-1.000000000,0.000000000,0.000000000,0.000000000,0,-1.000000000,0,0,0,,0,-1.000000000,,0,0,0.000000000,0.000000000,0,-1.000000000,0,,0,-1.000000000,,0,-1.000000000,0,,1,-0.072343446,-4.144974149,-0.021978378,0.061050415,1,2.579630136,147.801919526,-0.002442360,-1.688888550,1,-2.836596727,-162.525020659,-0.002442360,2.632478714,1,-0.176051140,-10.086987291,-0.007326126,0.417582512,1,0.629115105,36.045640326,-0.012210846,-0.003663063,-0.057846643,-3.314368505,0.000000000,-0.000000000,6.000000000,2.500000000,3.143450975,180.106473998,0.000000000,-2.770881653,2.000000000,0.500000000,-2.880847216,-165.060386879,0.000000000,2.693999767,1.000000000,0.500000000,-0.189021111,-10.830111873,0.000000000,0.431064546,0.500000000,0.200000003,0.709263802,40.637822392,0.000000000,0.000112792,0.000000000,0.100000001
2026-07-04 23:28:57.260,1783178937.260789156,729.530963164,1,1,729.518796589,1,0.003380979,5,1,0.004827750,5,1,0,1,0,0,1,1,1,0,1,0,-1.000000000,0.000000000,0.000000000,0.000000000,0,-1.000000000,0,0,0,,0,-1.000000000,,0,0,0.000000000,0.000000000,0,-1.000000000,0,,0,-1.000000000,,0,-1.000000000,0,,1,-0.072343446,-4.144974149,0.007326126,0.061050415,1,2.579630136,147.801919526,-0.002442360,-1.688888550,1,-2.836596727,-162.525020659,-0.002442360,2.632478714,1,-0.176051140,-10.086987291,0.007326126,0.417582512,1,0.629115105,36.045640326,0.012210846,-0.001221180,-0.057846643,-3.314368505,0.000000000,-0.000000000,6.000000000,2.500000000,3.143450975,180.106473998,0.000000000,-2.770881653,2.000000000,0.500000000,-2.880847216,-165.060386879,0.000000000,2.693999767,1.000000000,0.500000000,-0.189021111,-10.830111873,0.000000000,0.431064546,0.500000000,0.200000003,0.709263802,40.637822392,0.000000000,0.000112792,0.000000000,0.100000001
2026-07-04 23:28:58.260,1783178938.260471582,730.530645328,1,1,730.518478753,1,0.003641454,5,1,0.004619079,5,1,0,1,0,0,1,1,1,0,1,0,-1.000000000,0.000000000,0.000000000,0.000000000,0,-1.000000000,0,0,0,,0,-1.000000000,,0,0,0.000000000,0.000000000,0,-1.000000000,0,,0,-1.000000000,,0,-1.000000000,0,,1,-0.072343446,-4.144974149,-0.021978378,0.065934181,1,2.579630136,147.801919526,-0.002442360,-1.688888550,1,-2.836596727,-162.525020659,-0.002442360,2.632478714,1,-0.176051140,-10.086987291,-0.007326126,0.417582512,1,0.629115105,36.045640326,-0.036628723,-0.003663063,-0.057846643,-3.314368505,0.000000000,-0.000000000,6.000000000,2.500000000,3.143450975,180.106473998,0.000000000,-2.770881653,2.000000000,0.500000000,-2.880847216,-165.060386879,0.000000000,2.693999767,1.000000000,0.500000000,-0.189021111,-10.830111873,0.000000000,0.431064546,0.500000000,0.200000003,0.709263802,40.637822392,0.000000000,0.000112792,0.000000000,0.100000001
2026-07-04 23:28:59.260,1783178939.260136127,731.530310120,1,1,731.518143545,1,0.003437329,5,1,0.004493271,5,1,0,1,0,0,1,1,1,0,1,0,-1.000000000,0.000000000,0.000000000,0.000000000,0,-1.000000000,0,0,0,,0,-1.000000000,,0,0,0.000000000,0.000000000,0,-1.000000000,0,,0,-1.000000000,,0,-1.000000000,0,,1,-0.072343446,-4.144974149,-0.007326126,0.061050415,1,2.579630136,147.801919526,0.002442360,-1.688888550,1,-2.836596727,-162.525020659,-0.002442360,2.632478714,1,-0.176051140,-10.086987291,-0.007326126,0.412698746,1,0.629115105,36.045640326,0.012210846,-0.003663063,-0.057846643,-3.314368505,0.000000000,-0.000000000,6.000000000,2.500000000,3.143450975,180.106473998,0.000000000,-2.770881653,2.000000000,0.500000000,-2.880847216,-165.060386879,0.000000000,2.693999767,1.000000000,0.500000000,-0.189021111,-10.830111873,0.000000000,0.431064546,0.500000000,0.200000003,0.709263802,40.637822392,0.000000000,0.000112792,0.000000000,0.100000001
2026-07-04 23:29:00.259,1783178940.259922743,732.530096461,1,1,732.517929886,1,0.003075386,5,1,0.004541482,5,1,0,1,0,0,1,1,1,0,1,0,-1.000000000,0.000000000,0.000000000,0.000000000,0,-1.000000000,0,0,0,,0,-1.000000000,,0,0,0.000000000,0.000000000,0,-1.000000000,0,,0,-1.000000000,,0,-1.000000000,0,,1,-0.072343446,-4.144974149,-0.007326126,0.065934181,1,2.579630136,147.801919526,-0.002442360,-1.675212860,1,-2.836596727,-162.525020659,-0.002442360,2.632478714,1,-0.176051140,-10.086987291,-0.007326126,0.417582512,1,0.629115105,36.045640326,0.012210846,-0.003663063,-0.057846643,-3.314368505,0.000000000,-0.000000000,6.000000000,2.500000000,3.143450975,180.106473998,0.000000000,-2.770881653,2.000000000,0.500000000,-2.880847216,-165.060386879,0.000000000,2.693999767,1.000000000,0.500000000,-0.189021111,-10.830111873,0.000000000,0.431064546,0.500000000,0.200000003,0.709263802,40.637822392,0.000000000,0.000112792,0.000000000,0.100000001
2026-07-04 23:29:01.259,1783178941.259769917,733.529943624,1,1,733.517777049,1,0.003241237,5,1,0.004616513,5,1,0,1,0,0,1,1,1,0,1,0,-1.000000000,0.000000000,0.000000000,0.000000000,0,-1.000000000,0,0,0,,0,-1.000000000,,0,0,0.000000000,0.000000000,0,-1.000000000,0,,0,-1.000000000,,0,-1.000000000,0,,1,-0.072343446,-4.144974149,-0.007326126,0.061050415,1,2.579630136,147.801919526,-0.002442360,-1.688888550,1,-2.836596727,-162.525020659,-0.002442360,2.632478714,1,-0.176051140,-10.086987291,0.007326126,0.417582512,1,0.629115105,36.045640326,-0.012210846,-0.003663063,-0.057846643,-3.314368505,0.000000000,-0.000000000,6.000000000,2.500000000,3.143450975,180.106473998,0.000000000,-2.770881653,2.000000000,0.500000000,-2.880847216,-165.060386879,0.000000000,2.693999767,1.000000000,0.500000000,-0.189021111,-10.830111873,0.000000000,0.431064546,0.500000000,0.200000003,0.709263802,40.637822392,0.000000000,0.000112792,0.000000000,0.100000001
2026-07-04 23:29:02.259,1783178942.259555578,734.529729400,1,1,734.517562825,1,0.003585001,5,1,0.004657046,5,1,0,1,0,0,1,1,1,0,1,0,-1.000000000,0.000000000,0.000000000,0.000000000,0,-1.000000000,0,0,0,,0,-1.000000000,,0,0,0.000000000,0.000000000,0,-1.000000000,0,,0,-1.000000000,,0,-1.000000000,0,,1,-0.072343446,-4.144974149,-0.036630630,0.061050415,1,2.579630136,147.801919526,-0.002442360,-1.675212860,1,-2.836596727,-162.525020659,-0.007326126,2.632478714,1,-0.176051140,-10.086987291,-0.007326126,0.417582512,1,0.629115105,36.045640326,-0.012210846,-0.003663063,-0.057846643,-3.314368505,0.000000000,-0.000000000,6.000000000,2.500000000,3.143450975,180.106473998,0.000000000,-2.770881653,2.000000000,0.500000000,-2.880847216,-165.060386879,0.000000000,2.693999767,1.000000000,0.500000000,-0.189021111,-10.830111873,0.000000000,0.431064546,0.500000000,0.200000003,0.709263802,40.637822392,0.000000000,0.000112792,0.000000000,0.100000001
2026-07-04 23:29:03.259,1783178943.259265900,735.529439561,1,1,735.517272986,1,0.003810862,5,1,0.004573992,5,1,0,1,0,0,1,1,1,0,1,0,-1.000000000,0.000000000,0.000000000,0.000000000,0,-1.000000000,0,0,0,,0,-1.000000000,,0,0,0.000000000,0.000000000,0,-1.000000000,0,,0,-1.000000000,,0,-1.000000000,0,,1,-0.072343446,-4.144974149,-0.007326126,0.061050415,1,2.579630136,147.801919526,-0.007326126,-1.688888550,1,-2.836596727,-162.525020659,-0.002442360,2.632478714,1,-0.176051140,-10.086987291,0.007326126,0.412698746,1,0.629115105,36.045640326,0.012210846,-0.003663063,-0.057846643,-3.314368505,0.000000000,-0.000000000,6.000000000,2.500000000,3.143450975,180.106473998,0.000000000,-2.770881653,2.000000000,0.500000000,-2.880847216,-165.060386879,0.000000000,2.693999767,1.000000000,0.500000000,-0.189021111,-10.830111873,0.000000000,0.431064546,0.500000000,0.200000003,0.709263802,40.637822392,0.000000000,0.000112792,0.000000000,0.100000001
2026-07-04 23:29:04.259,1783178944.259242058,736.529415819,1,1,736.517249244,1,0.003585342,5,1,0.004701463,5,1,0,1,0,0,1,1,1,0,1,0,-1.000000000,0.000000000,0.000000000,0.000000000,0,-1.000000000,0,0,0,,0,-1.000000000,,0,0,0.000000000,0.000000000,0,-1.000000000,0,,0,-1.000000000,,0,-1.000000000,0,,1,-0.072343446,-4.144974149,-0.007326126,0.065934181,1,2.579630136,147.801919526,-0.002442360,-1.688888550,1,-2.836596727,-162.525020659,-0.002442360,2.632478714,1,-0.176051140,-10.086987291,0.007326126,0.417582512,1,0.629115105,36.045640326,-0.012210846,-0.001221180,-0.057846643,-3.314368505,0.000000000,-0.000000000,6.000000000,2.500000000,3.143450975,180.106473998,0.000000000,-2.770881653,2.000000000,0.500000000,-2.880847216,-165.060386879,0.000000000,2.693999767,1.000000000,0.500000000,-0.189021111,-10.830111873,0.000000000,0.431064546,0.500000000,0.200000003,0.709263802,40.637822392,0.000000000,0.000112792,0.000000000,0.100000001
2026-07-04 23:29:05.259,1783178945.258913517,737.529087364,1,1,737.516920789,1,0.004019087,5,1,0.004656738,5,1,0,1,0,0,1,1,1,0,1,0,-1.000000000,0.000000000,0.000000000,0.000000000,0,-1.000000000,0,0,0,,0,-1.000000000,,0,0,0.000000000,0.000000000,0,-1.000000000,0,,0,-1.000000000,,0,-1.000000000,0,,1,-0.072343446,-4.144974149,-0.007326126,0.061050415,1,2.579630136,147.801919526,0.002442360,-1.688888550,1,-2.836596727,-162.525020659,-0.002442360,2.632478714,1,-0.176432610,-10.108843896,-0.021978378,0.417582512,1,0.629115105,36.045640326,-0.012210846,-0.003663063,-0.057846643,-3.314368505,0.000000000,-0.000000000,6.000000000,2.500000000,3.143450975,180.106473998,0.000000000,-2.770881653,2.000000000,0.500000000,-2.880847216,-165.060386879,0.000000000,2.693999767,1.000000000,0.500000000,-0.189021111,-10.830111873,0.000000000,0.431064546,0.500000000,0.200000003,0.709263802,40.637822392,0.000000000,0.000112792,0.000000000,0.100000001
2026-07-04 23:29:06.258,1783178946.258635283,738.528809069,1,1,738.516642494,1,0.003844084,5,1,0.004607958,5,1,0,1,0,0,1,1,1,0,1,0,-1.000000000,0.000000000,0.000000000,0.000000000,0,-1.000000000,0,0,0,,0,-1.000000000,,0,0,0.000000000,0.000000000,0,-1.000000000,0,,0,-1.000000000,,0,-1.000000000,0,,1,-0.072343446,-4.144974149,0.007326126,0.065934181,1,2.579630136,147.801919526,-0.002442360,-1.688888550,1,-2.836596727,-162.525020659,-0.002442360,2.632478714,1,-0.176051140,-10.086987291,-0.007326126,0.417582512,1,0.629115105,36.045640326,-0.012210846,-0.003663063,-0.057846643,-3.314368505,0.000000000,-0.000000000,6.000000000,2.500000000,3.143450975,180.106473998,0.000000000,-2.770881653,2.000000000,0.500000000,-2.880847216,-165.060386879,0.000000000,2.693999767,1.000000000,0.500000000,-0.189021111,-10.830111873,0.000000000,0.431064546,0.500000000,0.200000003,0.709263802,40.637822392,0.000000000,0.000112792,0.000000000,0.100000001
2026-07-04 23:29:07.258,1783178947.258437395,739.528611115,1,1,739.516444540,1,0.003668490,5,1,0.004282741,5,1,0,1,0,0,1,1,1,0,1,0,-1.000000000,0.000000000,0.000000000,0.000000000,0,-1.000000000,0,0,0,,0,-1.000000000,,0,0,0.000000000,0.000000000,0,-1.000000000,0,,0,-1.000000000,,0,-1.000000000,0,,1,-0.072343446,-4.144974149,0.007326126,0.065934181,1,2.579630136,147.801919526,-0.002442360,-1.688888550,1,-2.836596727,-162.525020659,-0.002442360,2.632478714,1,-0.176051140,-10.086987291,-0.007326126,0.417582512,1,0.629115105,36.045640326,-0.012210846,-0.003663063,-0.057846643,-3.314368505,0.000000000,-0.000000000,6.000000000,2.500000000,3.143450975,180.106473998,0.000000000,-2.770881653,2.000000000,0.500000000,-2.880847216,-165.060386879,0.000000000,2.693999767,1.000000000,0.500000000,-0.189021111,-10.830111873,0.000000000,0.431064546,0.500000000,0.200000003,0.709263802,40.637822392,0.000000000,0.000112792,0.000000000,0.100000001
2026-07-04 23:29:08.258,1783178948.258252144,740.528425970,1,1,740.516259395,1,0.003570458,5,1,0.004671271,5,1,0,1,0,0,1,1,1,0,1,0,-1.000000000,0.000000000,0.000000000,0.000000000,0,-1.000000000,0,0,0,,0,-1.000000000,,0,0,0.000000000,0.000000000,0,-1.000000000,0,,0,-1.000000000,,0,-1.000000000,0,,1,-0.072343446,-4.144974149,0.007326126,0.065934181,1,2.579630136,147.801919526,-0.007326126,-1.688888550,1,-2.836596727,-162.525020659,0.002442360,2.632478714,1,-0.176051140,-10.086987291,-0.007326126,0.417582512,1,0.629115105,36.045640326,-0.012210846,-0.003663063,-0.057846643,-3.314368505,0.000000000,-0.000000000,6.000000000,2.500000000,3.143450975,180.106473998,0.000000000,-2.770881653,2.000000000,0.500000000,-2.880847216,-165.060386879,0.000000000,2.693999767,1.000000000,0.500000000,-0.189021111,-10.830111873,0.000000000,0.431064546,0.500000000,0.200000003,0.709263802,40.637822392,0.000000000,0.000112792,0.000000000,0.100000001
2026-07-04 23:29:09.258,1783178949.258051634,741.528225471,1,1,741.516058896,1,0.003144877,5,1,0.004301316,5,1,0,1,0,0,1,1,1,0,1,0,-1.000000000,0.000000000,0.000000000,0.000000000,0,-1.000000000,0,0,0,,0,-1.000000000,,0,0,0.000000000,0.000000000,0,-1.000000000,0,,0,-1.000000000,,0,-1.000000000,0,,1,-0.072343446,-4.144974149,-0.007326126,0.061050415,1,2.579630136,147.801919526,0.002442360,-1.688888550,1,-2.836596727,-162.525020659,-0.002442360,2.646154404,1,-0.176051140,-10.086987291,-0.021978378,0.417582512,1,0.629115105,36.045640326,-0.036628723,-0.003663063,-0.057846643,-3.314368505,0.000000000,-0.000000000,6.000000000,2.500000000,3.143450975,180.106473998,0.000000000,-2.770881653,2.000000000,0.500000000,-2.880847216,-165.060386879,0.000000000,2.693999767,1.000000000,0.500000000,-0.189021111,-10.830111873,0.000000000,0.431064546,0.500000000,0.200000003,0.709263802,40.637822392,0.000000000,0.000112792,0.000000000,0.100000001
2026-07-04 23:29:10.257,1783178950.257833481,742.528007312,1,1,742.515840737,1,0.003755055,5,1,0.004579330,5,1,0,1,0,0,1,1,1,0,1,0,-1.000000000,0.000000000,0.000000000,0.000000000,0,-1.000000000,0,0,0,,0,-1.000000000,,0,0,0.000000000,0.000000000,0,-1.000000000,0,,0,-1.000000000,,0,-1.000000000,0,,1,-0.072343446,-4.144974149,-0.007326126,0.061050415,1,2.579630136,147.801919526,-0.002442360,-1.688888550,1,-2.836596727,-162.525020659,-0.002442360,2.632478714,1,-0.176051140,-10.086987291,-0.021978378,0.417582512,1,0.629115105,36.045640326,0.012210846,-0.003663063,-0.057846643,-3.314368505,0.000000000,-0.000000000,6.000000000,2.500000000,3.143450975,180.106473998,0.000000000,-2.770881653,2.000000000,0.500000000,-2.880847216,-165.060386879,0.000000000,2.693999767,1.000000000,0.500000000,-0.189021111,-10.830111873,0.000000000,0.431064546,0.500000000,0.200000003,0.709263802,40.637822392,0.000000000,0.000112792,0.000000000,0.100000001
2026-07-04 23:29:11.257,1783178951.257732868,743.527906667,1,1,743.515740092,1,0.003569226,5,1,0.004571142,5,1,0,1,0,0,1,1,1,0,1,0,-1.000000000,0.000000000,0.000000000,0.000000000,0,-1.000000000,0,0,0,,0,-1.000000000,,0,0,0.000000000,0.000000000,0,-1.000000000,0,,0,-1.000000000,,0,-1.000000000,0,,1,-0.072343446,-4.144974149,-0.021978378,0.065934181,1,2.579630136,147.801919526,-0.002442360,-1.688888550,1,-2.836596727,-162.525020659,-0.002442360,2.632478714,1,-0.176051140,-10.086987291,-0.007326126,0.417582512,1,0.629115105,36.045640326,0.012210846,-0.003663063,-0.057846643,-3.314368505,0.000000000,-0.000000000,6.000000000,2.500000000,3.143450975,180.106473998,0.000000000,-2.770881653,2.000000000,0.500000000,-2.880847216,-165.060386879,0.000000000,2.693999767,1.000000000,0.500000000,-0.189021111,-10.830111873,0.000000000,0.431064546,0.500000000,0.200000003,0.709263802,40.637822392,0.000000000,0.000112792,0.000000000,0.100000001
2026-07-04 23:29:12.257,1783178952.257431507,744.527605408,1,1,744.515438833,1,0.003836303,5,1,0.004611517,5,1,0,1,0,0,1,1,1,0,1,0,-1.000000000,0.000000000,0.000000000,0.000000000,0,-1.000000000,0,0,0,,0,-1.000000000,,0,0,0.000000000,0.000000000,0,-1.000000000,0,,0,-1.000000000,,0,-1.000000000,0,,1,-0.072343446,-4.144974149,-0.007326126,0.061050415,1,2.579630136,147.801919526,-0.002442360,-1.688888550,1,-2.836596727,-162.525020659,-0.002442360,2.632478714,1,-0.176051140,-10.086987291,-0.007326126,0.417582512,1,0.629115105,36.045640326,-0.036628723,-0.003663063,-0.057846643,-3.314368505,0.000000000,-0.000000000,6.000000000,2.500000000,3.143450975,180.106473998,0.000000000,-2.770881653,2.000000000,0.500000000,-2.880847216,-165.060386879,0.000000000,2.693999767,1.000000000,0.500000000,-0.189021111,-10.830111873,0.000000000,0.431064546,0.500000000,0.200000003,0.709263802,40.637822392,0.000000000,0.000112792,0.000000000,0.100000001
2026-07-04 23:29:13.257,1783178953.257153511,745.527327422,1,1,745.515160847,1,0.003586503,5,1,0.004502014,5,1,0,1,0,0,1,1,1,0,1,0,-1.000000000,0.000000000,0.000000000,0.000000000,0,-1.000000000,0,0,0,,0,-1.000000000,,0,0,0.000000000,0.000000000,0,-1.000000000,0,,0,-1.000000000,,0,-1.000000000,0,,1,-0.072343446,-4.144974149,-0.007326126,0.065934181,1,2.579248667,147.780062920,-0.002442360,-1.688888550,1,-2.836596727,-162.525020659,-0.002442360,2.632478714,1,-0.176051140,-10.086987291,-0.007326126,0.417582512,1,0.629115105,36.045640326,-0.012210846,-0.003663063,-0.057846643,-3.314368505,0.000000000,-0.000000000,6.000000000,2.500000000,3.143450975,180.106473998,0.000000000,-2.770881653,2.000000000,0.500000000,-2.880847216,-165.060386879,0.000000000,2.693999767,1.000000000,0.500000000,-0.189021111,-10.830111873,0.000000000,0.431064546,0.500000000,0.200000003,0.709263802,40.637822392,0.000000000,0.000112792,0.000000000,0.100000001
2026-07-04 23:29:14.257,1783178954.256969929,746.527143781,1,1,746.514977206,1,0.003819746,5,1,0.004661059,5,1,0,1,0,0,1,1,1,0,1,0,-1.000000000,0.000000000,0.000000000,0.000000000,0,-1.000000000,0,0,0,,0,-1.000000000,,0,0,0.000000000,0.000000000,0,-1.000000000,0,,0,-1.000000000,,0,-1.000000000,0,,1,-0.072343446,-4.144974149,-0.007326126,0.061050415,1,2.579630136,147.801919526,-0.002442360,-1.688888550,1,-2.836596727,-162.525020659,-0.002442360,2.632478714,1,-0.176051140,-10.086987291,-0.007326126,0.417582512,1,0.629115105,36.045640326,-0.036628723,-0.003663063,-0.057846643,-3.314368505,0.000000000,-0.000000000,6.000000000,2.500000000,3.143450975,180.106473998,0.000000000,-2.770881653,2.000000000,0.500000000,-2.880847216,-165.060386879,0.000000000,2.693999767,1.000000000,0.500000000,-0.189021111,-10.830111873,0.000000000,0.431064546,0.500000000,0.200000003,0.709263802,40.637822392,0.000000000,0.000112792,0.000000000,0.100000001
2026-07-04 23:29:15.256,1783178955.256756783,747.526930593,1,1,747.514764018,1,0.003518859,5,1,0.004500873,5,1,0,1,0,0,1,1,1,0,1,0,-1.000000000,0.000000000,0.000000000,0.000000000,0,-1.000000000,0,0,0,,0,-1.000000000,,0,0,0.000000000,0.000000000,0,-1.000000000,0,,0,-1.000000000,,0,-1.000000000,0,,1,-0.072343446,-4.144974149,-0.007326126,0.061050415,1,2.579630136,147.801919526,-0.002442360,-1.702564240,1,-2.836596727,-162.525020659,-0.002442360,2.632478714,1,-0.176051140,-10.086987291,0.007326126,0.417582512,1,0.629115105,36.045640326,-0.036628723,-0.003663063,-0.057846643,-3.314368505,0.000000000,-0.000000000,6.000000000,2.500000000,3.143450975,180.106473998,0.000000000,-2.770881653,2.000000000,0.500000000,-2.880847216,-165.060386879,0.000000000,2.693999767,1.000000000,0.500000000,-0.189021111,-10.830111873,0.000000000,0.431064546,0.500000000,0.200000003,0.709263802,40.637822392,0.000000000,0.000112792,0.000000000,0.100000001
2026-07-04 23:29:16.256,1783178956.256615877,748.526789792,1,1,748.514623217,1,0.003857263,5,1,0.004691367,5,1,0,1,0,0,1,1,1,0,1,0,-1.000000000,0.000000000,0.000000000,0.000000000,0,-1.000000000,0,0,0,,0,-1.000000000,,0,0,0.000000000,0.000000000,0,-1.000000000,0,,0,-1.000000000,,0,-1.000000000,0,,1,-0.072343446,-4.144974149,-0.007326126,0.061050415,1,2.579630136,147.801919526,-0.007326126,-1.688888550,1,-2.836596727,-162.525020659,-0.002442360,2.632478714,1,-0.176051140,-10.086987291,-0.007326126,0.417582512,1,0.629115105,36.045640326,0.012210846,-0.003663063,-0.057846643,-3.314368505,0.000000000,-0.000000000,6.000000000,2.500000000,3.143450975,180.106473998,0.000000000,-2.770881653,2.000000000,0.500000000,-2.880847216,-165.060386879,0.000000000,2.693999767,1.000000000,0.500000000,-0.189021111,-10.830111873,0.000000000,0.431064546,0.500000000,0.200000003,0.709263802,40.637822392,0.000000000,0.000112792,0.000000000,0.100000001
2026-07-04 23:29:17.256,1783178957.256347179,749.526520877,1,1,749.514354302,1,0.003551167,5,1,0.004691302,5,1,0,1,0,0,1,1,1,0,1,0,-1.000000000,0.000000000,0.000000000,0.000000000,0,-1.000000000,0,0,0,,0,-1.000000000,,0,0,0.000000000,0.000000000,0,-1.000000000,0,,0,-1.000000000,,0,-1.000000000,0,,1,-0.072343446,-4.144974149,-0.007326126,0.056165695,1,2.579630136,147.801919526,-0.002442360,-1.688888550,1,-2.836596727,-162.525020659,0.002442360,2.632478714,1,-0.176051140,-10.086987291,-0.007326126,0.417582512,1,0.629115105,36.045640326,-0.012210846,-0.003663063,-0.057846643,-3.314368505,0.000000000,-0.000000000,6.000000000,2.500000000,3.143450975,180.106473998,0.000000000,-2.770881653,2.000000000,0.500000000,-2.880847216,-165.060386879,0.000000000,2.693999767,1.000000000,0.500000000,-0.189021111,-10.830111873,0.000000000,0.431064546,0.500000000,0.200000003,0.709263802,40.637822392,0.000000000,0.000112792,0.000000000,0.100000001
2026-07-04 23:29:18.256,1783178958.256126404,750.526300386,1,1,750.514133811,1,0.003591087,5,1,0.004594060,5,1,0,1,0,0,1,1,1,0,1,0,-1.000000000,0.000000000,0.000000000,0.000000000,0,-1.000000000,0,0,0,,0,-1.000000000,,0,0,0.000000000,0.000000000,0,-1.000000000,0,,0,-1.000000000,,0,-1.000000000,0,,1,-0.072343446,-4.144974149,-0.021978378,0.061050415,1,2.579630136,147.801919526,-0.007326126,-1.688888550,1,-2.836596727,-162.525020659,-0.002442360,2.632478714,1,-0.176051140,-10.086987291,-0.007326126,0.417582512,1,0.629115105,36.045640326,0.012210846,-0.003663063,-0.057846643,-3.314368505,0.000000000,-0.000000000,6.000000000,2.500000000,3.143450975,180.106473998,0.000000000,-2.770881653,2.000000000,0.500000000,-2.880847216,-165.060386879,0.000000000,2.693999767,1.000000000,0.500000000,-0.189021111,-10.830111873,0.000000000,0.431064546,0.500000000,0.200000003,0.709263802,40.637822392,0.000000000,0.000112792,0.000000000,0.100000001
2026-07-04 23:29:19.256,1783178959.255946398,751.526120239,1,1,751.513953664,1,0.003691912,5,1,0.004530399,5,1,0,1,0,0,1,1,1,0,1,0,-1.000000000,0.000000000,0.000000000,0.000000000,0,-1.000000000,0,0,0,,0,-1.000000000,,0,0,0.000000000,0.000000000,0,-1.000000000,0,,0,-1.000000000,,0,-1.000000000,0,,1,-0.072343446,-4.144974149,-0.021978378,0.065934181,1,2.579630136,147.801919526,-0.002442360,-1.688888550,1,-2.836596727,-162.525020659,-0.002442360,2.632478714,1,-0.176051140,-10.086987291,-0.007326126,0.417582512,1,0.629115105,36.045640326,0.012210846,-0.003663063,-0.057846643,-3.314368505,0.000000000,-0.000000000,6.000000000,2.500000000,3.143450975,180.106473998,0.000000000,-2.770881653,2.000000000,0.500000000,-2.880847216,-165.060386879,0.000000000,2.693999767,1.000000000,0.500000000,-0.189021111,-10.830111873,0.000000000,0.431064546,0.500000000,0.200000003,0.709263802,40.637822392,0.000000000,0.000112792,0.000000000,0.100000001
2026-07-04 23:29:20.255,1783178960.255704165,752.525877949,1,1,752.513711374,1,0.003922117,5,1,0.004540502,5,1,0,1,0,0,1,1,1,0,1,0,-1.000000000,0.000000000,0.000000000,0.000000000,0,-1.000000000,0,0,0,,0,-1.000000000,,0,0,0.000000000,0.000000000,0,-1.000000000,0,,0,-1.000000000,,0,-1.000000000,0,,1,-0.072343446,-4.144974149,-0.007326126,0.061050415,1,2.579630136,147.801919526,-0.002442360,-1.688888550,1,-2.836596727,-162.525020659,-0.002442360,2.632478714,1,-0.176051140,-10.086987291,-0.021978378,0.417582512,1,0.629115105,36.045640326,-0.012210846,-0.003663063,-0.057846643,-3.314368505,0.000000000,-0.000000000,6.000000000,2.500000000,3.143450975,180.106473998,0.000000000,-2.770881653,2.000000000,0.500000000,-2.880847216,-165.060386879,0.000000000,2.693999767,1.000000000,0.500000000,-0.189021111,-10.830111873,0.000000000,0.431064546,0.500000000,0.200000003,0.709263802,40.637822392,0.000000000,0.000112792,0.000000000,0.100000001
2026-07-04 23:29:21.255,1783178961.255430698,753.525604442,1,1,753.513437867,1,0.003421708,5,1,0.004634517,5,1,0,1,0,0,1,1,1,0,1,0,-1.000000000,0.000000000,0.000000000,0.000000000,0,-1.000000000,0,0,0,,0,-1.000000000,,0,0,0.000000000,0.000000000,0,-1.000000000,0,,0,-1.000000000,,0,-1.000000000,0,,1,-0.072343446,-4.144974149,0.021978378,0.065934181,1,2.579630136,147.801919526,-0.002442360,-1.688888550,1,-2.836596727,-162.525020659,-0.002442360,2.632478714,1,-0.176051140,-10.086987291,-0.007326126,0.417582512,1,0.629115105,36.045640326,-0.012210846,-0.003663063,-0.057846643,-3.314368505,0.000000000,-0.000000000,6.000000000,2.500000000,3.143450975,180.106473998,0.000000000,-2.770881653,2.000000000,0.500000000,-2.880847216,-165.060386879,0.000000000,2.693999767,1.000000000,0.500000000,-0.189021111,-10.830111873,0.000000000,0.431064546,0.500000000,0.200000003,0.709263802,40.637822392,0.000000000,0.000112792,0.000000000,0.100000001
2026-07-04 23:29:22.255,1783178962.255259275,754.525433300,1,1,754.513266725,1,0.002959002,5,1,0.004521114,5,1,0,1,0,0,1,1,1,0,1,0,-1.000000000,0.000000000,0.000000000,0.000000000,0,-1.000000000,0,0,0,,0,-1.000000000,,0,0,0.000000000,0.000000000,0,-1.000000000,0,,0,-1.000000000,,0,-1.000000000,0,,1,-0.072343446,-4.144974149,0.007326126,0.061050415,1,2.579630136,147.801919526,-0.007326126,-1.688888550,1,-2.836596727,-162.525020659,-0.002442360,2.632478714,1,-0.176051140,-10.086987291,-0.007326126,0.417582512,1,0.629115105,36.045640326,-0.012210846,-0.003663063,-0.057846643,-3.314368505,0.000000000,-0.000000000,6.000000000,2.500000000,3.143450975,180.106473998,0.000000000,-2.770881653,2.000000000,0.500000000,-2.880847216,-165.060386879,0.000000000,2.693999767,1.000000000,0.500000000,-0.189021111,-10.830111873,0.000000000,0.431064546,0.500000000,0.200000003,0.709263802,40.637822392,0.000000000,0.000112792,0.000000000,0.100000001
2026-07-04 23:29:23.255,1783178963.255299330,755.525473230,1,1,755.513306655,1,0.004056225,5,1,0.004889631,5,1,0,1,0,0,1,1,1,0,1,0,-1.000000000,0.000000000,0.000000000,0.000000000,0,-1.000000000,0,0,0,,0,-1.000000000,,0,0,0.000000000,0.000000000,0,-1.000000000,0,,0,-1.000000000,,0,-1.000000000,0,,1,-0.072343446,-4.144974149,-0.007326126,0.065934181,1,2.579630136,147.801919526,-0.002442360,-1.688888550,1,-2.836596727,-162.525020659,-0.002442360,2.632478714,1,-0.176051140,-10.086987291,-0.007326126,0.417582512,1,0.629115105,36.045640326,-0.012210846,-0.003663063,-0.057846643,-3.314368505,0.000000000,-0.000000000,6.000000000,2.500000000,3.143450975,180.106473998,0.000000000,-2.770881653,2.000000000,0.500000000,-2.880847216,-165.060386879,0.000000000,2.693999767,1.000000000,0.500000000,-0.189021111,-10.830111873,0.000000000,0.431064546,0.500000000,0.200000003,0.709263802,40.637822392,0.000000000,0.000112792,0.000000000,0.100000001
2026-07-04 23:29:24.254,1783178964.254850149,756.525023792,1,1,756.512857217,1,0.003154401,5,1,0.004437820,5,1,0,1,0,0,1,1,1,0,1,0,-1.000000000,0.000000000,0.000000000,0.000000000,0,-1.000000000,0,0,0,,0,-1.000000000,,0,0,0.000000000,0.000000000,0,-1.000000000,0,,0,-1.000000000,,0,-1.000000000,0,,1,-0.072343446,-4.144974149,-0.007326126,0.061050415,1,2.579630136,147.801919526,-0.002442360,-1.688888550,1,-2.836596727,-162.525020659,-0.002442360,2.646154404,1,-0.176051140,-10.086987291,0.007326126,0.417582512,1,0.629115105,36.045640326,0.012210846,-0.003663063,-0.057846643,-3.314368505,0.000000000,-0.000000000,6.000000000,2.500000000,3.143450975,180.106473998,0.000000000,-2.770881653,2.000000000,0.500000000,-2.880847216,-165.060386879,0.000000000,2.693999767,1.000000000,0.500000000,-0.189021111,-10.830111873,0.000000000,0.431064546,0.500000000,0.200000003,0.709263802,40.637822392,0.000000000,0.000112792,0.000000000,0.100000001
2026-07-04 23:29:25.254,1783178965.254562140,757.524735963,1,1,757.512569388,1,0.003388049,5,1,0.004388682,5,1,0,1,0,0,1,1,1,0,1,0,-1.000000000,0.000000000,0.000000000,0.000000000,0,-1.000000000,0,0,0,,0,-1.000000000,,0,0,0.000000000,0.000000000,0,-1.000000000,0,,0,-1.000000000,,0,-1.000000000,0,,1,-0.072343446,-4.144974149,-0.007326126,0.061050415,1,2.579630136,147.801919526,-0.002442360,-1.688888550,1,-2.836596727,-162.525020659,-0.002442360,2.632478714,1,-0.176051140,-10.086987291,-0.007326126,0.417582512,1,0.629115105,36.045640326,-0.012210846,-0.003663063,-0.057846643,-3.314368505,0.000000000,-0.000000000,6.000000000,2.500000000,3.143450975,180.106473998,0.000000000,-2.770881653,2.000000000,0.500000000,-2.880847216,-165.060386879,0.000000000,2.693999767,1.000000000,0.500000000,-0.189021111,-10.830111873,0.000000000,0.431064546,0.500000000,0.200000003,0.709263802,40.637822392,0.000000000,0.000112792,0.000000000,0.100000001
2026-07-04 23:29:26.254,1783178966.254389048,758.524562868,1,1,758.512396293,1,0.003904750,5,1,0.004265178,5,1,0,1,0,0,1,1,1,0,1,0,-1.000000000,0.000000000,0.000000000,0.000000000,0,-1.000000000,0,0,0,,0,-1.000000000,,0,0,0.000000000,0.000000000,0,-1.000000000,0,,0,-1.000000000,,0,-1.000000000,0,,1,-0.072343446,-4.144974149,-0.021978378,0.065934181,1,2.579630136,147.801919526,-0.002442360,-1.688888550,1,-2.836596727,-162.525020659,-0.002442360,2.646154404,1,-0.176051140,-10.086987291,-0.007326126,0.417582512,1,0.629115105,36.045640326,0.012210846,-0.003663063,-0.057846643,-3.314368505,0.000000000,-0.000000000,6.000000000,2.500000000,3.143450975,180.106473998,0.000000000,-2.770881653,2.000000000,0.500000000,-2.880847216,-165.060386879,0.000000000,2.693999767,1.000000000,0.500000000,-0.189021111,-10.830111873,0.000000000,0.431064546,0.500000000,0.200000003,0.709263802,40.637822392,0.000000000,0.000112792,0.000000000,0.100000001
2026-07-04 23:29:27.254,1783178967.254238367,759.524412316,1,1,759.512245741,1,0.003191841,5,1,0.004638876,5,1,0,1,0,0,1,1,1,0,1,0,-1.000000000,0.000000000,0.000000000,0.000000000,0,-1.000000000,0,0,0,,0,-1.000000000,,0,0,0.000000000,0.000000000,0,-1.000000000,0,,0,-1.000000000,,0,-1.000000000,0,,1,-0.072343446,-4.144974149,-0.007326126,0.061050415,1,2.579630136,147.801919526,-0.002442360,-1.688888550,1,-2.836596727,-162.525020659,-0.002442360,2.646154404,1,-0.176051140,-10.086987291,-0.007326126,0.417582512,1,0.629115105,36.045640326,-0.012210846,-0.003663063,-0.057846643,-3.314368505,0.000000000,-0.000000000,6.000000000,2.500000000,3.143450975,180.106473998,0.000000000,-2.770881653,2.000000000,0.500000000,-2.880847216,-165.060386879,0.000000000,2.693999767,1.000000000,0.500000000,-0.189021111,-10.830111873,0.000000000,0.431064546,0.500000000,0.200000003,0.709263802,40.637822392,0.000000000,0.000112792,0.000000000,0.100000001
2026-07-04 23:29:28.254,1783178968.253943205,760.524117097,1,1,760.511950522,1,0.003588267,5,1,0.004447332,5,1,0,1,0,0,1,1,1,0,1,0,-1.000000000,0.000000000,0.000000000,0.000000000,0,-1.000000000,0,0,0,,0,-1.000000000,,0,0,0.000000000,0.000000000,0,-1.000000000,0,,0,-1.000000000,,0,-1.000000000,0,,1,-0.072343446,-4.144974149,-0.007326126,0.061050415,1,2.579630136,147.801919526,-0.002442360,-1.688888550,1,-2.836596727,-162.525020659,-0.002442360,2.632478714,1,-0.176051140,-10.086987291,-0.007326126,0.417582512,1,0.629115105,36.045640326,0.012210846,-0.003663063,-0.057846643,-3.314368505,0.000000000,-0.000000000,6.000000000,2.500000000,3.143450975,180.106473998,0.000000000,-2.770881653,2.000000000,0.500000000,-2.880847216,-165.060386879,0.000000000,2.693999767,1.000000000,0.500000000,-0.189021111,-10.830111873,0.000000000,0.431064546,0.500000000,0.200000003,0.709263802,40.637822392,0.000000000,0.000112792,0.000000000,0.100000001
2026-07-04 23:29:29.253,1783178969.253734827,761.523908831,1,1,761.511742256,1,0.003552465,5,1,0.004480415,5,1,0,1,0,0,1,1,1,0,1,0,-1.000000000,0.000000000,0.000000000,0.000000000,0,-1.000000000,0,0,0,,0,-1.000000000,,0,0,0.000000000,0.000000000,0,-1.000000000,0,,0,-1.000000000,,0,-1.000000000,0,,1,-0.072343446,-4.144974149,-0.007326126,0.061050415,1,2.579630136,147.801919526,-0.002442360,-1.688888550,1,-2.836596727,-162.525020659,-0.002442360,2.632478714,1,-0.176051140,-10.086987291,-0.007326126,0.417582512,1,0.629115105,36.045640326,-0.012210846,-0.003663063,-0.057846643,-3.314368505,0.000000000,-0.000000000,6.000000000,2.500000000,3.143450975,180.106473998,0.000000000,-2.770881653,2.000000000,0.500000000,-2.880847216,-165.060386879,0.000000000,2.693999767,1.000000000,0.500000000,-0.189021111,-10.830111873,0.000000000,0.431064546,0.500000000,0.200000003,0.709263802,40.637822392,0.000000000,0.000112792,0.000000000,0.100000001
2026-07-04 23:29:30.253,1783178970.253552914,762.523726766,1,1,762.511560191,1,0.003825376,5,1,0.004476924,5,1,0,1,0,0,1,1,1,0,1,0,-1.000000000,0.000000000,0.000000000,0.000000000,0,-1.000000000,0,0,0,,0,-1.000000000,,0,0,0.000000000,0.000000000,0,-1.000000000,0,,0,-1.000000000,,0,-1.000000000,0,,1,-0.072343446,-4.144974149,-0.007326126,0.061050415,1,2.579630136,147.801919526,-0.002442360,-1.688888550,1,-2.836596727,-162.525020659,-0.002442360,2.646154404,1,-0.176051140,-10.086987291,-0.021978378,0.417582512,1,0.629115105,36.045640326,-0.036628723,-0.003663063,-0.057846643,-3.314368505,0.000000000,-0.000000000,6.000000000,2.500000000,3.143450975,180.106473998,0.000000000,-2.770881653,2.000000000,0.500000000,-2.880847216,-165.060386879,0.000000000,2.693999767,1.000000000,0.500000000,-0.189021111,-10.830111873,0.000000000,0.431064546,0.500000000,0.200000003,0.709263802,40.637822392,0.000000000,0.000112792,0.000000000,0.100000001
2026-07-04 23:29:31.253,1783178971.253382206,763.523555889,1,1,763.511389314,1,0.003688346,5,1,0.004527276,5,1,0,1,0,0,1,1,1,0,1,0,-1.000000000,0.000000000,0.000000000,0.000000000,0,-1.000000000,0,0,0,,0,-1.000000000,,0,0,0.000000000,0.000000000,0,-1.000000000,0,,0,-1.000000000,,0,-1.000000000,0,,1,-0.072343446,-4.144974149,-0.007326126,0.065934181,1,2.579630136,147.801919526,-0.002442360,-1.688888550,1,-2.836596727,-162.525020659,-0.007326126,2.632478714,1,-0.176051140,-10.086987291,-0.007326126,0.417582512,1,0.629115105,36.045640326,0.012210846,-0.003663063,-0.057846643,-3.314368505,0.000000000,-0.000000000,6.000000000,2.500000000,3.143450975,180.106473998,0.000000000,-2.770881653,2.000000000,0.500000000,-2.880847216,-165.060386879,0.000000000,2.693999767,1.000000000,0.500000000,-0.189021111,-10.830111873,0.000000000,0.431064546,0.500000000,0.200000003,0.709263802,40.637822392,0.000000000,0.000112792,0.000000000,0.100000001
2026-07-04 23:29:32.253,1783178972.253182411,764.523356264,1,1,764.511189689,1,0.003666810,5,1,0.004626115,5,1,0,1,0,0,1,1,1,0,1,0,-1.000000000,0.000000000,0.000000000,0.000000000,0,-1.000000000,0,0,0,,0,-1.000000000,,0,0,0.000000000,0.000000000,0,-1.000000000,0,,0,-1.000000000,,0,-1.000000000,0,,1,-0.072343446,-4.144974149,-0.021978378,0.065934181,1,2.579630136,147.801919526,-0.002442360,-1.702564240,1,-2.836596727,-162.525020659,-0.002442360,2.632478714,1,-0.176051140,-10.086987291,0.007326126,0.417582512,1,0.629115105,36.045640326,0.012210846,-0.003663063,-0.057846643,-3.314368505,0.000000000,-0.000000000,6.000000000,2.500000000,3.143450975,180.106473998,0.000000000,-2.770881653,2.000000000,0.500000000,-2.880847216,-165.060386879,0.000000000,2.693999767,1.000000000,0.500000000,-0.189021111,-10.830111873,0.000000000,0.431064546,0.500000000,0.200000003,0.709263802,40.637822392,0.000000000,0.000112792,0.000000000,0.100000001
2026-07-04 23:29:33.252,1783178973.252853870,765.523027699,1,1,765.510861124,1,0.003112476,5,1,0.004658675,5,1,0,1,0,0,1,1,1,0,1,0,-1.000000000,0.000000000,0.000000000,0.000000000,0,-1.000000000,0,0,0,,0,-1.000000000,,0,0,0.000000000,0.000000000,0,-1.000000000,0,,0,-1.000000000,,0,-1.000000000,0,,1,-0.072343446,-4.144974149,-0.021978378,0.061050415,1,2.579630136,147.801919526,-0.002442360,-1.688888550,1,-2.836596727,-162.525020659,-0.002442360,2.632478714,1,-0.176051140,-10.086987291,-0.021978378,0.417582512,1,0.629115105,36.045640326,-0.061050415,-0.003663063,-0.057846643,-3.314368505,0.000000000,-0.000000000,6.000000000,2.500000000,3.143450975,180.106473998,0.000000000,-2.770881653,2.000000000,0.500000000,-2.880847216,-165.060386879,0.000000000,2.693999767,1.000000000,0.500000000,-0.189021111,-10.830111873,0.000000000,0.431064546,0.500000000,0.200000003,0.709263802,40.637822392,0.000000000,0.000112792,0.000000000,0.100000001
2026-07-04 23:29:34.252,1783178974.252676010,766.522849944,1,1,766.510683369,1,0.003823825,5,1,0.004729418,5,1,0,1,0,0,1,1,1,0,1,0,-1.000000000,0.000000000,0.000000000,0.000000000,0,-1.000000000,0,0,0,,0,-1.000000000,,0,0,0.000000000,0.000000000,0,-1.000000000,0,,0,-1.000000000,,0,-1.000000000,0,,1,-0.072343446,-4.144974149,-0.021978378,0.065934181,1,2.579630136,147.801919526,-0.002442360,-1.688888550,1,-2.836596727,-162.525020659,0.002442360,2.646154404,1,-0.176051140,-10.086987291,-0.007326126,0.417582512,1,0.629115105,36.045640326,-0.012210846,-0.003663063,-0.057846643,-3.314368505,0.000000000,-0.000000000,6.000000000,2.500000000,3.143450975,180.106473998,0.000000000,-2.770881653,2.000000000,0.500000000,-2.880847216,-165.060386879,0.000000000,2.693999767,1.000000000,0.500000000,-0.189021111,-10.830111873,0.000000000,0.431064546,0.500000000,0.200000003,0.709263802,40.637822392,0.000000000,0.000112792,0.000000000,0.100000001
2026-07-04 23:29:35.252,1783178975.252498627,767.522672596,1,1,767.510506021,1,0.003915404,5,1,0.004525176,5,1,0,1,0,0,1,1,1,0,1,0,-1.000000000,0.000000000,0.000000000,0.000000000,0,-1.000000000,0,0,0,,0,-1.000000000,,0,0,0.000000000,0.000000000,0,-1.000000000,0,,0,-1.000000000,,0,-1.000000000,0,,1,-0.072343446,-4.144974149,-0.007326126,0.061050415,1,2.579630136,147.801919526,-0.002442360,-1.688888550,1,-2.836596727,-162.525020659,-0.002442360,2.632478714,1,-0.176051140,-10.086987291,-0.007326126,0.417582512,1,0.629115105,36.045640326,0.012210846,-0.003663063,-0.057846643,-3.314368505,0.000000000,-0.000000000,6.000000000,2.500000000,3.143450975,180.106473998,0.000000000,-2.770881653,2.000000000,0.500000000,-2.880847216,-165.060386879,0.000000000,2.693999767,1.000000000,0.500000000,-0.189021111,-10.830111873,0.000000000,0.431064546,0.500000000,0.200000003,0.709263802,40.637822392,0.000000000,0.000112792,0.000000000,0.100000001
2026-07-04 23:29:36.252,1783178976.252214670,768.522388593,1,1,768.510222018,1,0.002829430,5,1,0.004448326,5,1,0,1,0,0,1,1,1,0,1,0,-1.000000000,0.000000000,0.000000000,0.000000000,0,-1.000000000,0,0,0,,0,-1.000000000,,0,0,0.000000000,0.000000000,0,-1.000000000,0,,0,-1.000000000,,0,-1.000000000,0,,1,-0.072343446,-4.144974149,-0.021978378,0.061050415,1,2.579630136,147.801919526,-0.002442360,-1.688888550,1,-2.836596727,-162.525020659,-0.002442360,2.632478714,1,-0.176051140,-10.086987291,0.007326126,0.417582512,1,0.629115105,36.045640326,-0.012210846,-0.003663063,-0.057846643,-3.314368505,0.000000000,-0.000000000,6.000000000,2.500000000,3.143450975,180.106473998,0.000000000,-2.770881653,2.000000000,0.500000000,-2.880847216,-165.060386879,0.000000000,2.693999767,1.000000000,0.500000000,-0.189021111,-10.830111873,0.000000000,0.431064546,0.500000000,0.200000003,0.709263802,40.637822392,0.000000000,0.000112792,0.000000000,0.100000001
2026-07-04 23:29:37.252,1783178977.252048969,769.522222833,1,1,769.510056258,1,0.003594959,5,1,0.004685140,5,1,0,1,0,0,1,1,1,0,1,0,-1.000000000,0.000000000,0.000000000,0.000000000,0,-1.000000000,0,0,0,,0,-1.000000000,,0,0,0.000000000,0.000000000,0,-1.000000000,0,,0,-1.000000000,,0,-1.000000000,0,,1,-0.072343446,-4.144974149,-0.007326126,0.061050415,1,2.579630136,147.801919526,-0.002442360,-1.688888550,1,-2.836596727,-162.525020659,-0.002442360,2.632478714,1,-0.176051140,-10.086987291,-0.007326126,0.417582512,1,0.629115105,36.045640326,-0.012210846,-0.003663063,-0.057846643,-3.314368505,0.000000000,-0.000000000,6.000000000,2.500000000,3.143450975,180.106473998,0.000000000,-2.770881653,2.000000000,0.500000000,-2.880847216,-165.060386879,0.000000000,2.693999767,1.000000000,0.500000000,-0.189021111,-10.830111873,0.000000000,0.431064546,0.500000000,0.200000003,0.709263802,40.637822392,0.000000000,0.000112792,0.000000000,0.100000001
2026-07-04 23:29:38.251,1783178978.251810074,770.521983817,1,1,770.509817242,1,0.003531439,5,1,0.004475640,5,1,0,1,0,0,1,1,1,0,1,0,-1.000000000,0.000000000,0.000000000,0.000000000,0,-1.000000000,0,0,0,,0,-1.000000000,,0,0,0.000000000,0.000000000,0,-1.000000000,0,,0,-1.000000000,,0,-1.000000000,0,,1,-0.072343446,-4.144974149,-0.007326126,0.061050415,1,2.579630136,147.801919526,-0.007326126,-1.688888550,1,-2.836596727,-162.525020659,-0.002442360,2.632478714,1,-0.176051140,-10.086987291,-0.021978378,0.417582512,1,0.629115105,36.045640326,-0.012210846,-0.003663063,-0.057846643,-3.314368505,0.000000000,-0.000000000,6.000000000,2.500000000,3.143450975,180.106473998,0.000000000,-2.770881653,2.000000000,0.500000000,-2.880847216,-165.060386879,0.000000000,2.693999767,1.000000000,0.500000000,-0.189021111,-10.830111873,0.000000000,0.431064546,0.500000000,0.200000003,0.709263802,40.637822392,0.000000000,0.000112792,0.000000000,0.100000001
2026-07-04 23:29:39.251,1783178979.251671791,771.521845543,1,1,771.509678968,1,0.003864205,5,1,0.004588845,5,1,0,1,0,0,1,1,1,0,1,0,-1.000000000,0.000000000,0.000000000,0.000000000,0,-1.000000000,0,0,0,,0,-1.000000000,,0,0,0.000000000,0.000000000,0,-1.000000000,0,,0,-1.000000000,,0,-1.000000000,0,,1,-0.072343446,-4.144974149,-0.021978378,0.056165695,1,2.579630136,147.801919526,-0.002442360,-1.688888550,1,-2.836596727,-162.525020659,-0.002442360,2.646154404,1,-0.176051140,-10.086987291,-0.007326126,0.417582512,1,0.629115105,36.045640326,-0.012210846,-0.003663063,-0.057846643,-3.314368505,0.000000000,-0.000000000,6.000000000,2.500000000,3.143450975,180.106473998,0.000000000,-2.770881653,2.000000000,0.500000000,-2.880847216,-165.060386879,0.000000000,2.693999767,1.000000000,0.500000000,-0.189021111,-10.830111873,0.000000000,0.431064546,0.500000000,0.200000003,0.709263802,40.637822392,0.000000000,0.000112792,0.000000000,0.100000001
2026-07-04 23:29:40.251,1783178980.251351595,772.521525386,1,1,772.509358811,1,0.003294331,5,1,0.004488636,5,1,0,1,0,0,1,1,1,0,1,0,-1.000000000,0.000000000,0.000000000,0.000000000,0,-1.000000000,0,0,0,,0,-1.000000000,,0,0,0.000000000,0.000000000,0,-1.000000000,0,,0,-1.000000000,,0,-1.000000000,0,,1,-0.072343446,-4.144974149,0.007326126,0.065934181,1,2.579630136,147.801919526,-0.002442360,-1.688888550,1,-2.836596727,-162.525020659,-0.002442360,2.632478714,1,-0.176051140,-10.086987291,-0.007326126,0.417582512,1,0.629115105,36.045640326,-0.036628723,-0.003663063,-0.057846643,-3.314368505,0.000000000,-0.000000000,6.000000000,2.500000000,3.143450975,180.106473998,0.000000000,-2.770881653,2.000000000,0.500000000,-2.880847216,-165.060386879,0.000000000,2.693999767,1.000000000,0.500000000,-0.189021111,-10.830111873,0.000000000,0.431064546,0.500000000,0.200000003,0.709263802,40.637822392,0.000000000,0.000112792,0.000000000,0.100000001
2026-07-04 23:29:41.251,1783178981.251231194,773.521405163,1,1,773.509238588,1,0.003464227,5,1,0.004773210,5,1,0,1,0,0,1,1,1,0,1,0,-1.000000000,0.000000000,0.000000000,0.000000000,0,-1.000000000,0,0,0,,0,-1.000000000,,0,0,0.000000000,0.000000000,0,-1.000000000,0,,0,-1.000000000,,0,-1.000000000,0,,1,-0.072343446,-4.144974149,-0.021978378,0.061050415,1,2.579630136,147.801919526,-0.002442360,-1.688888550,1,-2.836596727,-162.525020659,0.002442360,2.632478714,1,-0.176051140,-10.086987291,0.007326126,0.417582512,1,0.629115105,36.045640326,-0.012210846,-0.001221180,-0.057846643,-3.314368505,0.000000000,-0.000000000,6.000000000,2.500000000,3.143450975,180.106473998,0.000000000,-2.770881653,2.000000000,0.500000000,-2.880847216,-165.060386879,0.000000000,2.693999767,1.000000000,0.500000000,-0.189021111,-10.830111873,0.000000000,0.431064546,0.500000000,0.200000003,0.709263802,40.637822392,0.000000000,0.000112792,0.000000000,0.100000001
2026-07-04 23:29:42.251,1783178982.250970125,774.521144011,1,1,774.508977436,1,0.003863570,5,1,0.004443055,5,1,0,1,0,0,1,1,1,0,1,0,-1.000000000,0.000000000,0.000000000,0.000000000,0,-1.000000000,0,0,0,,0,-1.000000000,,0,0,0.000000000,0.000000000,0,-1.000000000,0,,0,-1.000000000,,0,-1.000000000,0,,1,-0.072343446,-4.144974149,0.007326126,0.061050415,1,2.579630136,147.801919526,-0.002442360,-1.688888550,1,-2.836596727,-162.525020659,-0.007326126,2.632478714,1,-0.176051140,-10.086987291,-0.021978378,0.412698746,1,0.629498482,36.067606214,0.012210846,-0.003663063,-0.057846643,-3.314368505,0.000000000,-0.000000000,6.000000000,2.500000000,3.143450975,180.106473998,0.000000000,-2.770881653,2.000000000,0.500000000,-2.880847216,-165.060386879,0.000000000,2.693999767,1.000000000,0.500000000,-0.189021111,-10.830111873,0.000000000,0.431064546,0.500000000,0.200000003,0.709263802,40.637822392,0.000000000,0.000112792,0.000000000,0.100000001
2026-07-04 23:29:43.250,1783178983.250861406,775.521035230,1,1,775.508868655,1,0.003312922,5,1,0.004553321,5,1,0,1,0,0,1,1,1,0,1,0,-1.000000000,0.000000000,0.000000000,0.000000000,0,-1.000000000,0,0,0,,0,-1.000000000,,0,0,0.000000000,0.000000000,0,-1.000000000,0,,0,-1.000000000,,0,-1.000000000,0,,1,-0.072343446,-4.144974149,-0.007326126,0.061050415,1,2.579630136,147.801919526,-0.002442360,-1.688888550,1,-2.836596727,-162.525020659,-0.002442360,2.632478714,1,-0.176051140,-10.086987291,-0.007326126,0.417582512,1,0.629115105,36.045640326,-0.012210846,-0.003663063,-0.057846643,-3.314368505,0.000000000,-0.000000000,6.000000000,2.500000000,3.143450975,180.106473998,0.000000000,-2.770881653,2.000000000,0.500000000,-2.880847216,-165.060386879,0.000000000,2.693999767,1.000000000,0.500000000,-0.189021111,-10.830111873,0.000000000,0.431064546,0.500000000,0.200000003,0.709263802,40.637822392,0.000000000,0.000112792,0.000000000,0.100000001
2026-07-04 23:29:44.250,1783178984.250526667,776.520700529,1,1,776.508533954,1,0.003876059,5,1,0.004701800,5,1,0,1,0,0,1,1,1,0,1,0,-1.000000000,0.000000000,0.000000000,0.000000000,0,-1.000000000,0,0,0,,0,-1.000000000,,0,0,0.000000000,0.000000000,0,-1.000000000,0,,0,-1.000000000,,0,-1.000000000,0,,1,-0.072343446,-4.144974149,-0.007326126,0.065934181,1,2.579630136,147.801919526,-0.002442360,-1.688888550,1,-2.836596727,-162.525020659,-0.002442360,2.632478714,1,-0.176051140,-10.086987291,-0.007326126,0.412698746,1,0.629115105,36.045640326,0.012210846,-0.003663063,-0.057846643,-3.314368505,0.000000000,-0.000000000,6.000000000,2.500000000,3.143450975,180.106473998,0.000000000,-2.770881653,2.000000000,0.500000000,-2.880847216,-165.060386879,0.000000000,2.693999767,1.000000000,0.500000000,-0.189021111,-10.830111873,0.000000000,0.431064546,0.500000000,0.200000003,0.709263802,40.637822392,0.000000000,0.000112792,0.000000000,0.100000001
2026-07-04 23:29:45.250,1783178985.250305653,777.520479255,1,1,777.508312680,1,0.003504851,5,1,0.004535468,5,1,0,1,0,0,1,1,1,0,1,0,-1.000000000,0.000000000,0.000000000,0.000000000,0,-1.000000000,0,0,0,,0,-1.000000000,,0,0,0.000000000,0.000000000,0,-1.000000000,0,,0,-1.000000000,,0,-1.000000000,0,,1,-0.072343446,-4.144974149,-0.007326126,0.061050415,1,2.579630136,147.801919526,0.002442360,-1.702564240,1,-2.836596727,-162.525020659,0.002442360,2.632478714,1,-0.176051140,-10.086987291,-0.007326126,0.417582512,1,0.629115105,36.045640326,-0.012210846,-0.003663063,-0.057846643,-3.314368505,0.000000000,-0.000000000,6.000000000,2.500000000,3.143450975,180.106473998,0.000000000,-2.770881653,2.000000000,0.500000000,-2.880847216,-165.060386879,0.000000000,2.693999767,1.000000000,0.500000000,-0.189021111,-10.830111873,0.000000000,0.431064546,0.500000000,0.200000003,0.709263802,40.637822392,0.000000000,0.000112792,0.000000000,0.100000001
2026-07-04 23:29:46.250,1783178986.250251055,778.520424866,1,1,778.508258291,1,0.004051729,5,1,0.004595390,5,1,0,1,0,0,1,1,1,0,1,0,-1.000000000,0.000000000,0.000000000,0.000000000,0,-1.000000000,0,0,0,,0,-1.000000000,,0,0,0.000000000,0.000000000,0,-1.000000000,0,,0,-1.000000000,,0,-1.000000000,0,,1,-0.072343446,-4.144974149,-0.007326126,0.065934181,1,2.579630136,147.801919526,0.002442360,-1.702564240,1,-2.836596727,-162.525020659,-0.002442360,2.632478714,1,-0.176051140,-10.086987291,-0.007326126,0.417582512,1,0.629115105,36.045640326,-0.012210846,-0.003663063,-0.057846643,-3.314368505,0.000000000,-0.000000000,6.000000000,2.500000000,3.143450975,180.106473998,0.000000000,-2.770881653,2.000000000,0.500000000,-2.880847216,-165.060386879,0.000000000,2.693999767,1.000000000,0.500000000,-0.189021111,-10.830111873,0.000000000,0.431064546,0.500000000,0.200000003,0.709263802,40.637822392,0.000000000,0.000112792,0.000000000,0.100000001
2026-07-04 23:29:47.249,1783178987.249900103,779.520073992,1,1,779.507907417,1,0.003830019,5,1,0.004550536,5,1,0,1,0,0,1,1,1,0,1,0,-1.000000000,0.000000000,0.000000000,0.000000000,0,-1.000000000,0,0,0,,0,-1.000000000,,0,0,0.000000000,0.000000000,0,-1.000000000,0,,0,-1.000000000,,0,-1.000000000,0,,1,-0.072343446,-4.144974149,-0.007326126,0.061050415,1,2.579630136,147.801919526,-0.002442360,-1.688888550,1,-2.836596727,-162.525020659,-0.002442360,2.632478714,1,-0.176051140,-10.086987291,-0.007326126,0.417582512,1,0.629115105,36.045640326,-0.012210846,-0.003663063,-0.057846643,-3.314368505,0.000000000,-0.000000000,6.000000000,2.500000000,3.143450975,180.106473998,0.000000000,-2.770881653,2.000000000,0.500000000,-2.880847216,-165.060386879,0.000000000,2.693999767,1.000000000,0.500000000,-0.189021111,-10.830111873,0.000000000,0.431064546,0.500000000,0.200000003,0.709263802,40.637822392,0.000000000,0.000112792,0.000000000,0.100000001
2026-07-04 23:29:48.249,1783178988.249792814,780.519966551,1,1,780.507799976,1,0.003442850,5,1,0.004706742,5,1,0,1,0,0,1,1,1,0,1,0,-1.000000000,0.000000000,0.000000000,0.000000000,0,-1.000000000,0,0,0,,0,-1.000000000,,0,0,0.000000000,0.000000000,0,-1.000000000,0,,0,-1.000000000,,0,-1.000000000,0,,1,-0.072343446,-4.144974149,-0.007326126,0.061050415,1,2.579630136,147.801919526,-0.002442360,-1.688888550,1,-2.836596727,-162.525020659,-0.002442360,2.632478714,1,-0.176051140,-10.086987291,0.007326126,0.417582512,1,0.629115105,36.045640326,-0.036628723,-0.003663063,-0.057846643,-3.314368505,0.000000000,-0.000000000,6.000000000,2.500000000,3.143450975,180.106473998,0.000000000,-2.770881653,2.000000000,0.500000000,-2.880847216,-165.060386879,0.000000000,2.693999767,1.000000000,0.500000000,-0.189021111,-10.830111873,0.000000000,0.431064546,0.500000000,0.200000003,0.709263802,40.637822392,0.000000000,0.000112792,0.000000000,0.100000001
2026-07-04 23:29:49.249,1783178989.249560356,781.519734167,1,1,781.507567592,1,0.004049089,5,1,0.004669186,5,1,0,1,0,0,1,1,1,0,1,0,-1.000000000,0.000000000,0.000000000,0.000000000,0,-1.000000000,0,0,0,,0,-1.000000000,,0,0,0.000000000,0.000000000,0,-1.000000000,0,,0,-1.000000000,,0,-1.000000000,0,,1,-0.072343446,-4.144974149,-0.021978378,0.065934181,1,2.579630136,147.801919526,-0.002442360,-1.688888550,1,-2.836596727,-162.525020659,-0.007326126,2.632478714,1,-0.176051140,-10.086987291,-0.007326126,0.417582512,1,0.629115105,36.045640326,-0.012210846,-0.003663063,-0.057846643,-3.314368505,0.000000000,-0.000000000,6.000000000,2.500000000,3.143450975,180.106473998,0.000000000,-2.770881653,2.000000000,0.500000000,-2.880847216,-165.060386879,0.000000000,2.693999767,1.000000000,0.500000000,-0.189021111,-10.830111873,0.000000000,0.431064546,0.500000000,0.200000003,0.709263802,40.637822392,0.000000000,0.000112792,0.000000000,0.100000001
2026-07-04 23:29:50.249,1783178990.249203205,782.519376991,1,1,782.507210416,1,0.003265439,5,1,0.004471433,5,1,0,1,0,0,1,1,1,0,1,0,-1.000000000,0.000000000,0.000000000,0.000000000,0,-1.000000000,0,0,0,,0,-1.000000000,,0,0,0.000000000,0.000000000,0,-1.000000000,0,,0,-1.000000000,,0,-1.000000000,0,,1,-0.072343446,-4.144974149,0.007326126,0.061050415,1,2.579630136,147.801919526,-0.002442360,-1.688888550,1,-2.836596727,-162.525020659,-0.007326126,2.646154404,1,-0.176051140,-10.086987291,-0.007326126,0.417582512,1,0.629115105,36.045640326,0.012210846,-0.003663063,-0.057846643,-3.314368505,0.000000000,-0.000000000,6.000000000,2.500000000,3.143450975,180.106473998,0.000000000,-2.770881653,2.000000000,0.500000000,-2.880847216,-165.060386879,0.000000000,2.693999767,1.000000000,0.500000000,-0.189021111,-10.830111873,0.000000000,0.431064546,0.500000000,0.200000003,0.709263802,40.637822392,0.000000000,0.000112792,0.000000000,0.100000001
2026-07-04 23:29:51.249,1783178991.249016523,783.519190424,1,1,783.507023849,1,0.003438661,5,1,0.004449202,5,1,0,1,0,0,1,1,1,0,1,0,-1.000000000,0.000000000,0.000000000,0.000000000,0,-1.000000000,0,0,0,,0,-1.000000000,,0,0,0.000000000,0.000000000,0,-1.000000000,0,,0,-1.000000000,,0,-1.000000000,0,,1,-0.072343446,-4.144974149,-0.007326126,0.065934181,1,2.579630136,147.801919526,-0.002442360,-1.688888550,1,-2.836596727,-162.525020659,-0.002442360,2.632478714,1,-0.176051140,-10.086987291,-0.007326126,0.417582512,1,0.629115105,36.045640326,-0.036628723,-0.003663063,-0.057846643,-3.314368505,0.000000000,-0.000000000,6.000000000,2.500000000,3.143450975,180.106473998,0.000000000,-2.770881653,2.000000000,0.500000000,-2.880847216,-165.060386879,0.000000000,2.693999767,1.000000000,0.500000000,-0.189021111,-10.830111873,0.000000000,0.431064546,0.500000000,0.200000003,0.709263802,40.637822392,0.000000000,0.000112792,0.000000000,0.100000001
2026-07-04 23:29:52.248,1783178992.248782873,784.518956683,1,1,784.506790108,1,0.003678537,5,1,0.004474150,5,1,0,1,0,0,1,1,1,0,1,0,-1.000000000,0.000000000,0.000000000,0.000000000,0,-1.000000000,0,0,0,,0,-1.000000000,,0,0,0.000000000,0.000000000,0,-1.000000000,0,,0,-1.000000000,,0,-1.000000000,0,,1,-0.072343446,-4.144974149,-0.007326126,0.061050415,1,2.579630136,147.801919526,0.002442360,-1.688888550,1,-2.836596727,-162.525020659,-0.002442360,2.632478714,1,-0.176051140,-10.086987291,-0.021978378,0.417582512,1,0.629115105,36.045640326,-0.012210846,-0.003663063,-0.057846643,-3.314368505,0.000000000,-0.000000000,6.000000000,2.500000000,3.143450975,180.106473998,0.000000000,-2.770881653,2.000000000,0.500000000,-2.880847216,-165.060386879,0.000000000,2.693999767,1.000000000,0.500000000,-0.189021111,-10.830111873,0.000000000,0.431064546,0.500000000,0.200000003,0.709263802,40.637822392,0.000000000,0.000112792,0.000000000,0.100000001
2026-07-04 23:29:53.248,1783178993.248587608,785.518761441,1,1,785.506594866,1,0.003612464,5,1,0.004572021,5,1,0,1,0,0,1,1,1,0,1,0,-1.000000000,0.000000000,0.000000000,0.000000000,0,-1.000000000,0,0,0,,0,-1.000000000,,0,0,0.000000000,0.000000000,0,-1.000000000,0,,0,-1.000000000,,0,-1.000000000,0,,1,-0.072343446,-4.144974149,0.007326126,0.061050415,1,2.579630136,147.801919526,-0.002442360,-1.702564240,1,-2.836596727,-162.525020659,-0.002442360,2.646154404,1,-0.176051140,-10.086987291,-0.007326126,0.417582512,1,0.629115105,36.045640326,-0.036628723,-0.003663063,-0.057846643,-3.314368505,0.000000000,-0.000000000,6.000000000,2.500000000,3.143450975,180.106473998,0.000000000,-2.770881653,2.000000000,0.500000000,-2.880847216,-165.060386879,0.000000000,2.693999767,1.000000000,0.500000000,-0.189021111,-10.830111873,0.000000000,0.431064546,0.500000000,0.200000003,0.709263802,40.637822392,0.000000000,0.000112792,0.000000000,0.100000001
2026-07-04 23:29:54.248,1783178994.248406172,786.518580084,1,1,786.506413509,1,0.002726174,5,1,0.004450760,5,1,0,1,0,0,1,1,1,0,1,0,-1.000000000,0.000000000,0.000000000,0.000000000,0,-1.000000000,0,0,0,,0,-1.000000000,,0,0,0.000000000,0.000000000,0,-1.000000000,0,,0,-1.000000000,,0,-1.000000000,0,,1,-0.072343446,-4.144974149,-0.021978378,0.061050415,1,2.579630136,147.801919526,-0.002442360,-1.688888550,1,-2.836596727,-162.525020659,-0.002442360,2.632478714,1,-0.176051140,-10.086987291,-0.021978378,0.417582512,1,0.629115105,36.045640326,-0.012210846,-0.003663063,-0.057846643,-3.314368505,0.000000000,-0.000000000,6.000000000,2.500000000,3.143450975,180.106473998,0.000000000,-2.770881653,2.000000000,0.500000000,-2.880847216,-165.060386879,0.000000000,2.693999767,1.000000000,0.500000000,-0.189021111,-10.830111873,0.000000000,0.431064546,0.500000000,0.200000003,0.709263802,40.637822392,0.000000000,0.000112792,0.000000000,0.100000001
2026-07-04 23:29:55.248,1783178995.248197794,787.518371762,1,1,787.506205187,1,0.003865484,5,1,0.004447439,5,1,0,1,0,0,1,1,1,0,1,0,-1.000000000,0.000000000,0.000000000,0.000000000,0,-1.000000000,0,0,0,,0,-1.000000000,,0,0,0.000000000,0.000000000,0,-1.000000000,0,,0,-1.000000000,,0,-1.000000000,0,,1,-0.072343446,-4.144974149,-0.021978378,0.065934181,1,2.579630136,147.801919526,-0.007326126,-1.688888550,1,-2.836596727,-162.525020659,-0.002442360,2.632478714,1,-0.176051140,-10.086987291,-0.021978378,0.417582512,1,0.629115105,36.045640326,-0.012210846,-0.003663063,-0.057846643,-3.314368505,0.000000000,-0.000000000,6.000000000,2.500000000,3.143450975,180.106473998,0.000000000,-2.770881653,2.000000000,0.500000000,-2.880847216,-165.060386879,0.000000000,2.693999767,1.000000000,0.500000000,-0.189021111,-10.830111873,0.000000000,0.431064546,0.500000000,0.200000003,0.709263802,40.637822392,0.000000000,0.000112792,0.000000000,0.100000001
2026-07-04 23:29:56.248,1783178996.247982740,788.518156756,1,1,788.505990181,1,0.002724198,5,1,0.003861686,5,1,0,1,0,0,1,1,1,0,1,0,-1.000000000,0.000000000,0.000000000,0.000000000,0,-1.000000000,0,0,0,,0,-1.000000000,,0,0,0.000000000,0.000000000,0,-1.000000000,0,,0,-1.000000000,,0,-1.000000000,0,,1,-0.072343446,-4.144974149,-0.007326126,0.065934181,1,2.579630136,147.801919526,0.002442360,-1.688888550,1,-2.836596727,-162.525020659,-0.002442360,2.632478714,1,-0.176051140,-10.086987291,-0.007326126,0.417582512,1,0.629115105,36.045640326,0.012210846,-0.003663063,-0.057846643,-3.314368505,0.000000000,-0.000000000,6.000000000,2.500000000,3.143450975,180.106473998,0.000000000,-2.770881653,2.000000000,0.500000000,-2.880847216,-165.060386879,0.000000000,2.693999767,1.000000000,0.500000000,-0.189021111,-10.830111873,0.000000000,0.431064546,0.500000000,0.200000003,0.709263802,40.637822392,0.000000000,0.000112792,0.000000000,0.100000001
2026-07-04 23:29:57.247,1783178997.247814655,789.517988583,1,1,789.505822008,1,0.003334650,5,1,0.004446726,5,1,0,1,0,0,1,1,1,0,1,0,-1.000000000,0.000000000,0.000000000,0.000000000,0,-1.000000000,0,0,0,,0,-1.000000000,,0,0,0.000000000,0.000000000,0,-1.000000000,0,,0,-1.000000000,,0,-1.000000000,0,,1,-0.072343446,-4.144974149,-0.021978378,0.061050415,1,2.579630136,147.801919526,-0.002442360,-1.688888550,1,-2.836596727,-162.525020659,-0.002442360,2.646154404,1,-0.176051140,-10.086987291,-0.007326126,0.417582512,1,0.629115105,36.045640326,-0.012210846,-0.003663063,-0.057846643,-3.314368505,0.000000000,-0.000000000,6.000000000,2.500000000,3.143450975,180.106473998,0.000000000,-2.770881653,2.000000000,0.500000000,-2.880847216,-165.060386879,0.000000000,2.693999767,1.000000000,0.500000000,-0.189021111,-10.830111873,0.000000000,0.431064546,0.500000000,0.200000003,0.709263802,40.637822392,0.000000000,0.000112792,0.000000000,0.100000001
2026-07-04 23:29:58.247,1783178998.247523785,790.517697629,1,1,790.505531054,1,0.003899580,5,1,0.004677380,5,1,0,1,0,0,1,1,1,0,1,0,-1.000000000,0.000000000,0.000000000,0.000000000,0,-1.000000000,0,0,0,,0,-1.000000000,,0,0,0.000000000,0.000000000,0,-1.000000000,0,,0,-1.000000000,,0,-1.000000000,0,,1,-0.072343446,-4.144974149,-0.007326126,0.061050415,1,2.579630136,147.801919526,-0.002442360,-1.688888550,1,-2.836596727,-162.525020659,0.002442360,2.632478714,1,-0.176051140,-10.086987291,0.007326126,0.417582512,1,0.629115105,36.045640326,-0.012210846,-0.003663063,-0.057846643,-3.314368505,0.000000000,-0.000000000,6.000000000,2.500000000,3.143450975,180.106473998,0.000000000,-2.770881653,2.000000000,0.500000000,-2.880847216,-165.060386879,0.000000000,2.693999767,1.000000000,0.500000000,-0.189021111,-10.830111873,0.000000000,0.431064546,0.500000000,0.200000003,0.709263802,40.637822392,0.000000000,0.000112792,0.000000000,0.100000001
2026-07-04 23:29:59.247,1783178999.247327566,791.517501389,1,1,791.505334814,1,0.003254546,5,1,0.004605745,5,1,0,1,0,0,1,1,1,0,1,0,-1.000000000,0.000000000,0.000000000,0.000000000,0,-1.000000000,0,0,0,,0,-1.000000000,,0,0,0.000000000,0.000000000,0,-1.000000000,0,,0,-1.000000000,,0,-1.000000000,0,,1,-0.072343446,-4.144974149,-0.007326126,0.061050415,1,2.579630136,147.801919526,0.002442360,-1.688888550,1,-2.836596727,-162.525020659,-0.002442360,2.632478714,1,-0.176051140,-10.086987291,0.007326126,0.417582512,1,0.629115105,36.045640326,0.012210846,-0.003663063,-0.057846643,-3.314368505,0.000000000,-0.000000000,6.000000000,2.500000000,3.143450975,180.106473998,0.000000000,-2.770881653,2.000000000,0.500000000,-2.880847216,-165.060386879,0.000000000,2.693999767,1.000000000,0.500000000,-0.189021111,-10.830111873,0.000000000,0.431064546,0.500000000,0.200000003,0.709263802,40.637822392,0.000000000,0.000112792,0.000000000,0.100000001
2026-07-04 23:30:00.247,1783179000.247109413,792.517283099,1,1,792.505116524,1,0.003231135,5,1,0.004101343,5,1,0,1,0,0,1,1,1,0,1,0,-1.000000000,0.000000000,0.000000000,0.000000000,0,-1.000000000,0,0,0,,0,-1.000000000,,0,0,0.000000000,0.000000000,0,-1.000000000,0,,0,-1.000000000,,0,-1.000000000,0,,0,-0.072343446,-4.144974149,-0.007326126,0.051281929,0,2.579630136,147.801919526,-0.002442360,-1.456409454,0,-2.836596727,-162.525020659,-0.002442360,2.290597916,0,-0.176051140,-10.086987291,-0.007326126,0.358974457,0,0.629115105,36.045640326,-0.012210846,-0.003663063,-0.057846643,-3.314368505,0.000000000,-0.000000000,6.000000000,2.500000000,3.143450975,180.106473998,0.000000000,-2.770881653,2.000000000,0.500000000,-2.880847216,-165.060386879,0.000000000,2.693999767,1.000000000,0.500000000,-0.189021111,-10.830111873,0.000000000,0.431064546,0.500000000,0.200000003,0.709263802,40.637822392,0.000000000,0.000112792,0.000000000,0.100000001
2026-07-04 23:30:01.247,1783179001.246901989,793.517075955,1,1,793.504909380,1,0.003893161,5,1,0.004564594,5,1,0,1,0,0,1,1,1,0,1,0,-1.000000000,0.000000000,0.000000000,0.000000000,0,-1.000000000,0,0,0,,0,-1.000000000,,0,0,0.000000000,0.000000000,0,-1.000000000,0,,0,-1.000000000,,0,-1.000000000,0,,0,-0.072343446,-4.144974149,-0.007326126,0.051281929,0,2.579630136,147.801919526,-0.002442360,-1.456409454,0,-2.836596727,-162.525020659,-0.002442360,2.290597916,0,-0.176051140,-10.086987291,-0.007326126,0.358974457,0,0.629115105,36.045640326,-0.012210846,-0.003663063,-0.057846643,-3.314368505,0.000000000,-0.000000000,6.000000000,2.500000000,3.143450975,180.106473998,0.000000000,-2.770881653,2.000000000,0.500000000,-2.880847216,-165.060386879,0.000000000,2.693999767,1.000000000,0.500000000,-0.189021111,-10.830111873,0.000000000,0.431064546,0.500000000,0.200000003,0.709263802,40.637822392,0.000000000,0.000112792,0.000000000,0.100000001
2026-07-04 23:30:02.246,1783179002.246672153,794.516845973,1,1,794.504679398,1,0.003711497,5,1,0.004337790,5,1,0,1,0,0,1,1,1,0,1,0,-1.000000000,0.000000000,0.000000000,0.000000000,0,-1.000000000,0,0,0,,0,-1.000000000,,0,0,0.000000000,0.000000000,0,-1.000000000,0,,0,-1.000000000,,0,-1.000000000,0,,0,-0.072343446,-4.144974149,-0.007326126,0.051281929,0,2.579630136,147.801919526,-0.002442360,-1.456409454,0,-2.836596727,-162.525020659,-0.002442360,2.290597916,0,-0.176051140,-10.086987291,-0.007326126,0.358974457,0,0.629115105,36.045640326,-0.012210846,-0.003663063,-0.057846643,-3.314368505,0.000000000,-0.000000000,6.000000000,2.500000000,3.143450975,180.106473998,0.000000000,-2.770881653,2.000000000,0.500000000,-2.880847216,-165.060386879,0.000000000,2.693999767,1.000000000,0.500000000,-0.189021111,-10.830111873,0.000000000,0.431064546,0.500000000,0.200000003,0.709263802,40.637822392,0.000000000,0.000112792,0.000000000,0.100000001
2026-07-04 23:30:03.246,1783179003.246423244,795.516597250,1,1,795.504430675,1,0.003845147,5,1,0.004603446,5,1,0,1,0,0,1,1,1,0,1,0,-1.000000000,0.000000000,0.000000000,0.000000000,0,-1.000000000,0,0,0,,0,-1.000000000,,0,0,0.000000000,0.000000000,0,-1.000000000,0,,0,-1.000000000,,0,-1.000000000,0,,0,-0.072343446,-4.144974149,-0.007326126,0.051281929,0,2.579630136,147.801919526,-0.002442360,-1.456409454,0,-2.836596727,-162.525020659,-0.002442360,2.290597916,0,-0.176051140,-10.086987291,-0.007326126,0.358974457,0,0.629115105,36.045640326,-0.012210846,-0.003663063,-0.057846643,-3.314368505,0.000000000,-0.000000000,6.000000000,2.500000000,3.143450975,180.106473998,0.000000000,-2.770881653,2.000000000,0.500000000,-2.880847216,-165.060386879,0.000000000,2.693999767,1.000000000,0.500000000,-0.189021111,-10.830111873,0.000000000,0.431064546,0.500000000,0.200000003,0.709263802,40.637822392,0.000000000,0.000112792,0.000000000,0.100000001
2026-07-04 23:30:04.246,1783179004.246227741,796.516401525,1,1,796.504234950,1,0.003437685,5,1,0.004647614,5,1,0,1,0,0,1,1,1,0,1,0,-1.000000000,0.000000000,0.000000000,0.000000000,0,-1.000000000,0,0,0,,0,-1.000000000,,0,0,0.000000000,0.000000000,0,-1.000000000,0,,0,-1.000000000,,0,-1.000000000,0,,0,-0.072343446,-4.144974149,-0.007326126,0.051281929,0,2.579630136,147.801919526,-0.002442360,-1.456409454,0,-2.836596727,-162.525020659,-0.002442360,2.290597916,0,-0.176051140,-10.086987291,-0.007326126,0.358974457,0,0.629115105,36.045640326,-0.012210846,-0.003663063,-0.057846643,-3.314368505,0.000000000,-0.000000000,6.000000000,2.500000000,3.143450975,180.106473998,0.000000000,-2.770881653,2.000000000,0.500000000,-2.880847216,-165.060386879,0.000000000,2.693999767,1.000000000,0.500000000,-0.189021111,-10.830111873,0.000000000,0.431064546,0.500000000,0.200000003,0.709263802,40.637822392,0.000000000,0.000112792,0.000000000,0.100000001
2026-07-04 23:30:05.246,1783179005.246160746,797.516334482,1,1,797.504167907,1,0.003421392,5,1,0.004574045,5,1,0,1,0,0,1,1,1,0,1,0,-1.000000000,0.000000000,0.000000000,0.000000000,0,-1.000000000,0,0,0,,0,-1.000000000,,0,0,0.000000000,0.000000000,0,-1.000000000,0,,0,-1.000000000,,0,-1.000000000,0,,0,-0.072343446,-4.144974149,-0.007326126,0.051281929,0,2.579630136,147.801919526,-0.002442360,-1.456409454,0,-2.836596727,-162.525020659,-0.002442360,2.290597916,0,-0.176051140,-10.086987291,-0.007326126,0.358974457,0,0.629115105,36.045640326,-0.012210846,-0.003663063,-0.057846643,-3.314368505,0.000000000,-0.000000000,6.000000000,2.500000000,3.143450975,180.106473998,0.000000000,-2.770881653,2.000000000,0.500000000,-2.880847216,-165.060386879,0.000000000,2.693999767,1.000000000,0.500000000,-0.189021111,-10.830111873,0.000000000,0.431064546,0.500000000,0.200000003,0.709263802,40.637822392,0.000000000,0.000112792,0.000000000,0.100000001
2026-07-04 23:30:06.245,1783179006.245826244,798.516000104,1,1,798.503833529,1,0.002995495,5,1,0.004630199,5,1,0,1,0,0,1,1,1,0,1,0,-1.000000000,0.000000000,0.000000000,0.000000000,0,-1.000000000,0,0,0,,0,-1.000000000,,0,0,0.000000000,0.000000000,0,-1.000000000,0,,0,-1.000000000,,0,-1.000000000,0,,0,-0.072343446,-4.144974149,-0.007326126,0.051281929,0,2.579630136,147.801919526,-0.002442360,-1.456409454,0,-2.836596727,-162.525020659,-0.002442360,2.290597916,0,-0.176051140,-10.086987291,-0.007326126,0.358974457,0,0.629115105,36.045640326,-0.012210846,-0.003663063,-0.057846643,-3.314368505,0.000000000,-0.000000000,6.000000000,2.500000000,3.143450975,180.106473998,0.000000000,-2.770881653,2.000000000,0.500000000,-2.880847216,-165.060386879,0.000000000,2.693999767,1.000000000,0.500000000,-0.189021111,-10.830111873,0.000000000,0.431064546,0.500000000,0.200000003,0.709263802,40.637822392,0.000000000,0.000112792,0.000000000,0.100000001
2026-07-04 23:30:07.245,1783179007.245590210,799.515764047,1,1,799.503597472,1,0.003699559,5,1,0.004609113,5,1,0,1,0,0,1,1,1,0,1,0,-1.000000000,0.000000000,0.000000000,0.000000000,0,-1.000000000,0,0,0,,0,-1.000000000,,0,0,0.000000000,0.000000000,0,-1.000000000,0,,0,-1.000000000,,0,-1.000000000,0,,0,-0.072343446,-4.144974149,-0.007326126,0.051281929,0,2.579630136,147.801919526,-0.002442360,-1.456409454,0,-2.836596727,-162.525020659,-0.002442360,2.290597916,0,-0.176051140,-10.086987291,-0.007326126,0.358974457,0,0.629115105,36.045640326,-0.012210846,-0.003663063,-0.057846643,-3.314368505,0.000000000,-0.000000000,6.000000000,2.500000000,3.143450975,180.106473998,0.000000000,-2.770881653,2.000000000,0.500000000,-2.880847216,-165.060386879,0.000000000,2.693999767,1.000000000,0.500000000,-0.189021111,-10.830111873,0.000000000,0.431064546,0.500000000,0.200000003,0.709263802,40.637822392,0.000000000,0.000112792,0.000000000,0.100000001
2026-07-04 23:30:08.245,1783179008.245472670,800.515646615,1,1,800.503480040,1,0.003400889,5,1,0.004320947,5,1,0,1,0,0,1,1,1,0,1,0,-1.000000000,0.000000000,0.000000000,0.000000000,0,-1.000000000,0,0,0,,0,-1.000000000,,0,0,0.000000000,0.000000000,0,-1.000000000,0,,0,-1.000000000,,0,-1.000000000,0,,0,-0.072343446,-4.144974149,-0.007326126,0.051281929,0,2.579630136,147.801919526,-0.002442360,-1.456409454,0,-2.836596727,-162.525020659,-0.002442360,2.290597916,0,-0.176051140,-10.086987291,-0.007326126,0.358974457,0,0.629115105,36.045640326,-0.012210846,-0.003663063,-0.057846643,-3.314368505,0.000000000,-0.000000000,6.000000000,2.500000000,3.143450975,180.106473998,0.000000000,-2.770881653,2.000000000,0.500000000,-2.880847216,-165.060386879,0.000000000,2.693999767,1.000000000,0.500000000,-0.189021111,-10.830111873,0.000000000,0.431064546,0.500000000,0.200000003,0.709263802,40.637822392,0.000000000,0.000112792,0.000000000,0.100000001
2026-07-04 23:30:09.245,1783179009.245165110,801.515338892,1,1,801.503172317,1,0.003370109,5,1,0.004536347,5,1,0,1,0,0,1,1,1,0,1,0,-1.000000000,0.000000000,0.000000000,0.000000000,0,-1.000000000,0,0,0,,0,-1.000000000,,0,0,0.000000000,0.000000000,0,-1.000000000,0,,0,-1.000000000,,0,-1.000000000,0,,0,-0.072343446,-4.144974149,-0.007326126,0.051281929,0,2.579630136,147.801919526,-0.002442360,-1.456409454,0,-2.836596727,-162.525020659,-0.002442360,2.290597916,0,-0.176051140,-10.086987291,-0.007326126,0.358974457,0,0.629115105,36.045640326,-0.012210846,-0.003663063,-0.057846643,-3.314368505,0.000000000,-0.000000000,6.000000000,2.500000000,3.143450975,180.106473998,0.000000000,-2.770881653,2.000000000,0.500000000,-2.880847216,-165.060386879,0.000000000,2.693999767,1.000000000,0.500000000,-0.189021111,-10.830111873,0.000000000,0.431064546,0.500000000,0.200000003,0.709263802,40.637822392,0.000000000,0.000112792,0.000000000,0.100000001
2026-07-04 23:30:10.245,1783179010.245123148,802.515296992,1,1,802.503130417,1,0.003187543,5,1,0.004650127,5,1,0,0,0,0,1,1,1,0,1,0,-1.000000000,0.000000000,0.000000000,0.000000000,0,-1.000000000,0,0,0,,0,-1.000000000,,0,0,0.000000000,0.000000000,0,-1.000000000,0,,0,-1.000000000,,0,-1.000000000,0,,0,-0.072343446,-4.144974149,-0.007326126,0.051281929,0,2.579630136,147.801919526,-0.002442360,-1.456409454,0,-2.836596727,-162.525020659,-0.002442360,2.290597916,0,-0.176051140,-10.086987291,-0.007326126,0.358974457,0,0.629115105,36.045640326,-0.012210846,-0.003663063,-0.057846643,-3.314368505,0.000000000,-0.000000000,6.000000000,2.500000000,3.143450975,180.106473998,0.000000000,-2.770881653,2.000000000,0.500000000,-2.880847216,-165.060386879,0.000000000,2.693999767,1.000000000,0.500000000,-0.189021111,-10.830111873,0.000000000,0.431064546,0.500000000,0.200000003,0.709263802,40.637822392,0.000000000,0.000112792,0.000000000,0.100000001
