wall_time,ros_time_sec,elapsed_sec,has_ready,driver_ready,ready_age_sec,has_state,state_age_sec,state_size,has_command,command_age_sec,command_size,service_mode,service_suction,service_pick,service_place,service_stack,service_payload_estimate,service_payload_state,service_arm_mission,service_nav_arm_event,action_move_joint,has_nav_state,nav_state_age_sec,nav_state_x,nav_state_y,nav_state_yaw,has_nav_task_points,nav_task_points_age_sec,nav_task_points_count,nav_task_points_min_id,nav_task_points_max_id,nav_task_points_summary,has_nav_mission_request,nav_mission_request_age_sec,nav_mission_action,nav_mission_task_index,nav_mission_point_id,nav_mission_x,nav_mission_y,has_nav_mission_response,nav_mission_response_age_sec,nav_mission_response_success,nav_mission_response_message,has_nav_arm_event_request,nav_arm_event_request_age_sec,nav_arm_event_request_message,has_nav_arm_event_response,nav_arm_event_response_age_sec,nav_arm_event_response_success,nav_arm_event_response_message,state_valid_0,state_q_rad_0,state_q_deg_0,state_dq_0,state_tau_est_0,state_valid_1,state_q_rad_1,state_q_deg_1,state_dq_1,state_tau_est_1,state_valid_2,state_q_rad_2,state_q_deg_2,state_dq_2,state_tau_est_2,state_valid_3,state_q_rad_3,state_q_deg_3,state_dq_3,state_tau_est_3,state_valid_4,state_q_rad_4,state_q_deg_4,state_dq_4,state_tau_est_4,cmd_q_rad_0,cmd_q_deg_0,cmd_dq_0,cmd_tau_0,cmd_kp_0,cmd_kd_0,cmd_q_rad_1,cmd_q_deg_1,cmd_dq_1,cmd_tau_1,cmd_kp_1,cmd_kd_1,cmd_q_rad_2,cmd_q_deg_2,cmd_dq_2,cmd_tau_2,cmd_kp_2,cmd_kd_2,cmd_q_rad_3,cmd_q_deg_3,cmd_dq_3,cmd_tau_3,cmd_kp_3,cmd_kd_3,cmd_q_rad_4,cmd_q_deg_4,cmd_dq_4,cmd_tau_4,cmd_kp_4,cmd_kd_4
2026-07-04 13:26:09.345,1783142769.345614910,1.021116040,1,1,0.999689740,1,0.001443239,5,1,0.007842836,5,1,0,0,0,0,1,1,0,0,1,0,-1.000000000,0.000000000,0.000000000,0.000000000,0,-1.000000000,0,0,0,,0,-1.000000000,,0,0,0.000000000,0.000000000,0,-1.000000000,0,,0,-1.000000000,,0,-1.000000000,0,,1,0.302647024,17.340397180,-0.007326126,-0.012209892,1,3.213260889,184.106287417,-0.007326126,-2.769229889,1,-2.870166063,-164.448401929,-0.007326126,2.605127335,1,-0.200465202,-11.485810033,-0.021978378,0.422466278,1,-0.171995163,-9.854596934,0.012210846,-0.003663063,0.303791434,17.405966996,0.000000000,-0.000000000,2.000000000,1.000000000,3.223179102,184.674559156,0.000000000,-2.824461460,8.500000000,2.500000000,-2.870547533,-164.470258535,0.000000000,2.622268200,3.000000000,0.800000012,-0.201991081,-11.573236454,0.000000000,0.427356541,1.200000048,0.200000003,-0.171995163,-9.854596934,0.000000000,-0.000069375,0.100000001,0.020000000
2026-07-04 13:26:10.345,1783142770.345590830,2.021091916,1,1,1.999665616,1,0.001255793,5,1,0.007876516,5,1,0,0,0,0,1,1,0,0,1,0,-1.000000000,0.000000000,0.000000000,0.000000000,0,-1.000000000,0,0,0,,0,-1.000000000,,0,0,0.000000000,0.000000000,0,-1.000000000,0,,0,-1.000000000,,0,-1.000000000,0,,1,0.302647024,17.340397180,0.007326126,-0.007326126,1,3.213260889,184.106287417,-0.002442360,-2.769229889,1,-2.870166063,-164.448401929,-0.002442360,2.605127335,1,-0.200083733,-11.463953427,-0.021978378,0.422466278,1,-0.171995163,-9.854596934,-0.036628723,-0.003663063,0.303791434,17.405966996,0.000000000,-0.000000000,2.000000000,1.000000000,3.223179102,184.674559156,0.000000000,-2.824461460,8.500000000,2.500000000,-2.870547533,-164.470258535,0.000000000,2.622268200,3.000000000,0.800000012,-0.201991081,-11.573236454,0.000000000,0.427356541,1.200000048,0.200000003,-0.171995163,-9.854596934,0.000000000,-0.000069375,0.100000001,0.020000000
2026-07-04 13:26:11.345,1783142771.345654726,3.021156019,1,1,2.999729719,1,0.001658154,5,1,0.007922377,5,1,0,0,0,0,1,1,1,0,1,0,-1.000000000,0.000000000,0.000000000,0.000000000,0,-1.000000000,0,0,0,,0,-1.000000000,,0,0,0.000000000,0.000000000,0,-1.000000000,0,,0,-1.000000000,,0,-1.000000000,0,,1,0.302647024,17.340397180,-0.007326126,-0.012209892,1,3.213260889,184.106287417,0.002442360,-2.755556107,1,-2.870166063,-164.448401929,-0.002442360,2.605127335,1,-0.199702263,-11.442096822,0.007326126,0.422466278,1,-0.171995163,-9.854596934,0.012210846,-0.001221180,0.303791434,17.405966996,0.000000000,-0.000000000,2.000000000,1.000000000,3.223179102,184.674559156,0.000000000,-2.824461460,8.500000000,2.500000000,-2.870547533,-164.470258535,0.000000000,2.622268200,3.000000000,0.800000012,-0.201991081,-11.573236454,0.000000000,0.427356541,1.200000048,0.200000003,-0.171995163,-9.854596934,0.000000000,-0.000069375,0.100000001,0.020000000
2026-07-04 13:26:12.345,1783142772.345667362,4.021168398,1,1,3.999742098,1,0.001031101,5,1,0.007949142,5,1,0,0,0,0,1,1,1,0,1,0,-1.000000000,0.000000000,0.000000000,0.000000000,0,-1.000000000,0,0,0,,0,-1.000000000,,0,0,0.000000000,0.000000000,0,-1.000000000,0,,0,-1.000000000,,0,-1.000000000,0,,1,0.302647024,17.340397180,0.007326126,-0.007326126,1,3.213260889,184.106287417,-0.002442360,-2.769229889,1,-2.870166063,-164.448401929,-0.002442360,2.605127335,1,-0.200083733,-11.463953427,-0.021978378,0.422466278,1,-0.171995163,-9.854596934,-0.012210846,-0.003663063,0.303791434,17.405966996,0.000000000,-0.000000000,2.000000000,1.000000000,3.223179102,184.674559156,0.000000000,-2.824461460,8.500000000,2.500000000,-2.870547533,-164.470258535,0.000000000,2.622268200,3.000000000,0.800000012,-0.201991081,-11.573236454,0.000000000,0.427356541,1.200000048,0.200000003,-0.171995163,-9.854596934,0.000000000,-0.000069375,0.100000001,0.020000000
2026-07-04 13:26:13.345,1783142773.345646858,5.021148108,1,1,4.999721808,1,0.001321181,5,1,0.007852045,5,1,0,0,0,0,1,1,1,0,1,0,-1.000000000,0.000000000,0.000000000,0.000000000,0,-1.000000000,0,0,0,,0,-1.000000000,,0,0,0.000000000,0.000000000,0,-1.000000000,0,,0,-1.000000000,,0,-1.000000000,0,,1,0.302647024,17.340397180,-0.007326126,-0.012209892,1,3.213260889,184.106287417,-0.002442360,-2.769229889,1,-2.870166063,-164.448401929,-0.002442360,2.605127335,1,-0.199702263,-11.442096822,0.007326126,0.422466278,1,-0.171995163,-9.854596934,-0.036628723,-0.003663063,0.303791434,17.405966996,0.000000000,-0.000000000,2.000000000,1.000000000,3.223179102,184.674559156,0.000000000,-2.824461460,8.500000000,2.500000000,-2.870547533,-164.470258535,0.000000000,2.622268200,3.000000000,0.800000012,-0.201991081,-11.573236454,0.000000000,0.427356541,1.200000048,0.200000003,-0.171995163,-9.854596934,0.000000000,-0.000069375,0.100000001,0.020000000
2026-07-04 13:26:14.345,1783142774.345746517,6.021247692,1,1,5.999821392,1,0.001586443,5,1,0.007834717,5,1,0,0,0,0,1,1,1,0,1,0,-1.000000000,0.000000000,0.000000000,0.000000000,0,-1.000000000,0,0,0,,0,-1.000000000,,0,0,0.000000000,0.000000000,0,-1.000000000,0,,0,-1.000000000,,0,-1.000000000,0,,1,0.302647024,17.340397180,-0.021978378,-0.012209892,1,3.213260889,184.106287417,-0.002442360,-2.769229889,1,-2.870166063,-164.448401929,-0.002442360,2.605127335,1,-0.199702263,-11.442096822,0.007326126,0.422466278,1,-0.171995163,-9.854596934,-0.012210846,-0.003663063,0.303791434,17.405966996,0.000000000,-0.000000000,2.000000000,1.000000000,3.223179102,184.674559156,0.000000000,-2.824461460,8.500000000,2.500000000,-2.870547533,-164.470258535,0.000000000,2.622268200,3.000000000,0.800000012,-0.201991081,-11.573236454,0.000000000,0.427356541,1.200000048,0.200000003,-0.171995163,-9.854596934,0.000000000,-0.000069375,0.100000001,0.020000000
2026-07-04 13:26:15.345,1783142775.345690966,7.021192125,1,1,6.999765825,1,0.001135600,5,1,0.007854963,5,1,0,0,0,0,1,1,1,0,1,0,-1.000000000,0.000000000,0.000000000,0.000000000,0,-1.000000000,0,0,0,,0,-1.000000000,,0,0,0.000000000,0.000000000,0,-1.000000000,0,,0,-1.000000000,,0,-1.000000000,0,,1,0.302647024,17.340397180,-0.007326126,-0.012209892,1,3.213260889,184.106287417,-0.002442360,-2.769229889,1,-2.870166063,-164.448401929,-0.002442360,2.605127335,1,-0.199702263,-11.442096822,-0.007326126,0.417582512,1,-0.171611786,-9.832631046,-0.036628723,-0.003663063,0.303791434,17.405966996,0.000000000,-0.000000000,2.000000000,1.000000000,3.223179102,184.674559156,0.000000000,-2.824461460,8.500000000,2.500000000,-2.870547533,-164.470258535,0.000000000,2.622268200,3.000000000,0.800000012,-0.201991081,-11.573236454,0.000000000,0.427356541,1.200000048,0.200000003,-0.171995163,-9.854596934,0.000000000,-0.000069375,0.100000001,0.020000000
2026-07-04 13:26:16.345,1783142776.345754623,8.021255754,1,1,7.999829454,1,0.001164623,5,1,0.007892410,5,1,0,0,0,0,1,1,1,0,1,0,-1.000000000,0.000000000,0.000000000,0.000000000,0,-1.000000000,0,0,0,,0,-1.000000000,,0,0,0.000000000,0.000000000,0,-1.000000000,0,,0,-1.000000000,,0,-1.000000000,0,,1,0.302647024,17.340397180,-0.007326126,-0.007326126,1,3.213260889,184.106287417,-0.002442360,-2.769229889,1,-2.870166063,-164.448401929,-0.002442360,2.618803024,1,-0.199702263,-11.442096822,-0.007326126,0.417582512,1,-0.171995163,-9.854596934,0.012210846,-0.003663063,0.303791434,17.405966996,0.000000000,-0.000000000,2.000000000,1.000000000,3.223179102,184.674559156,0.000000000,-2.824461460,8.500000000,2.500000000,-2.870547533,-164.470258535,0.000000000,2.622268200,3.000000000,0.800000012,-0.201991081,-11.573236454,0.000000000,0.427356541,1.200000048,0.200000003,-0.171995163,-9.854596934,0.000000000,-0.000069375,0.100000001,0.020000000
2026-07-04 13:26:17.345,1783142777.345745564,9.021246890,1,1,8.999820590,1,0.001563418,5,1,0.007891789,5,1,0,0,0,0,1,1,1,0,1,0,-1.000000000,0.000000000,0.000000000,0.000000000,0,-1.000000000,0,0,0,,0,-1.000000000,,0,0,0.000000000,0.000000000,0,-1.000000000,0,,0,-1.000000000,,0,-1.000000000,0,,1,0.302647024,17.340397180,-0.007326126,-0.012209892,1,3.213260889,184.106287417,-0.002442360,-2.769229889,1,-2.870166063,-164.448401929,-0.002442360,2.605127335,1,-0.199702263,-11.442096822,-0.007326126,0.417582512,1,-0.171995163,-9.854596934,-0.012210846,-0.003663063,0.303791434,17.405966996,0.000000000,-0.000000000,2.000000000,1.000000000,3.223179102,184.674559156,0.000000000,-2.824461460,8.500000000,2.500000000,-2.870547533,-164.470258535,0.000000000,2.622268200,3.000000000,0.800000012,-0.201991081,-11.573236454,0.000000000,0.427356541,1.200000048,0.200000003,-0.171995163,-9.854596934,0.000000000,-0.000069375,0.100000001,0.020000000
2026-07-04 13:26:18.345,1783142778.345768452,10.021269682,1,1,9.999843382,1,0.001604207,5,1,0.007945049,5,1,0,0,0,0,1,1,1,1,1,0,-1.000000000,0.000000000,0.000000000,0.000000000,0,-1.000000000,0,0,0,,0,-1.000000000,,0,0,0.000000000,0.000000000,0,-1.000000000,0,,0,-1.000000000,,0,-1.000000000,0,,1,0.302647024,17.340397180,0.007326126,-0.007326126,1,3.213260889,184.106287417,-0.002442360,-2.769229889,1,-2.870166063,-164.448401929,-0.002442360,2.605127335,1,-0.199702263,-11.442096822,-0.007326126,0.417582512,1,-0.171995163,-9.854596934,-0.012210846,-0.001221180,0.303791434,17.405966996,0.000000000,-0.000000000,2.000000000,1.000000000,3.223179102,184.674559156,0.000000000,-2.824461460,8.500000000,2.500000000,-2.870547533,-164.470258535,0.000000000,2.622268200,3.000000000,0.800000012,-0.201991081,-11.573236454,0.000000000,0.427356541,1.200000048,0.200000003,-0.171995163,-9.854596934,0.000000000,-0.000069375,0.100000001,0.020000000
2026-07-04 13:26:19.345,1783142779.345820665,11.021321888,1,1,10.999895588,1,0.001445159,5,1,0.007878427,5,1,0,0,0,0,1,1,1,1,1,1,0.056488697,-1.120000000,1.590000000,0.000000000,1,0.504965058,12,1,12,1:-1.251:2.428|2:-0.428:2.425|3:0.392:2.424|4:1.223:2.419|5:1.228:1.589|6:0.405:1.588|7:-0.440:1.588|8:-1.261:1.589|9:-1.185:4.911|10:-0.390:4.902|11:0.375:4.903|12:1.182:4.901,0,-1.000000000,,0,0,0.000000000,0.000000000,0,-1.000000000,0,,0,-1.000000000,,0,-1.000000000,0,,1,0.302647024,17.340397180,-0.007326126,-0.012209892,1,3.213260889,184.106287417,-0.002442360,-2.769229889,1,-2.870166063,-164.448401929,-0.002442360,2.605127335,1,-0.199702263,-11.442096822,-0.021978378,0.417582512,1,-0.171611786,-9.832631046,0.012210846,-0.001221180,0.303791434,17.405966996,0.000000000,-0.000000000,2.000000000,1.000000000,3.223179102,184.674559156,0.000000000,-2.824461460,8.500000000,2.500000000,-2.870547533,-164.470258535,0.000000000,2.622268200,3.000000000,0.800000012,-0.201991081,-11.573236454,0.000000000,0.427356541,1.200000048,0.200000003,-0.171995163,-9.854596934,0.000000000,-0.000069375,0.100000001,0.020000000
2026-07-04 13:26:20.345,1783142780.345802784,12.021303864,1,1,11.999877564,1,0.001651500,5,1,0.007865365,5,1,0,0,0,0,1,1,1,1,1,1,0.013634751,-1.120000000,1.590000000,0.000000000,1,1.504947034,12,1,12,1:-1.251:2.428|2:-0.428:2.425|3:0.392:2.424|4:1.223:2.419|5:1.228:1.589|6:0.405:1.588|7:-0.440:1.588|8:-1.261:1.589|9:-1.185:4.911|10:-0.390:4.902|11:0.375:4.903|12:1.182:4.901,0,-1.000000000,,0,0,0.000000000,0.000000000,0,-1.000000000,0,,0,-1.000000000,,0,-1.000000000,0,,1,0.302647024,17.340397180,-0.007326126,-0.012209892,1,3.213260889,184.106287417,-0.002442360,-2.769229889,1,-2.870166063,-164.448401929,-0.002442360,2.605127335,1,-0.199702263,-11.442096822,-0.007326126,0.422466278,1,-0.171995163,-9.854596934,-0.012210846,-0.003663063,0.303791434,17.405966996,0.000000000,-0.000000000,2.000000000,1.000000000,3.223179102,184.674559156,0.000000000,-2.824461460,8.500000000,2.500000000,-2.870547533,-164.470258535,0.000000000,2.622268200,3.000000000,0.800000012,-0.201991081,-11.573236454,0.000000000,0.427356541,1.200000048,0.200000003,-0.171995163,-9.854596934,0.000000000,-0.000069375,0.100000001,0.020000000
2026-07-04 13:26:21.345,1783142781.345826626,13.021327774,1,1,12.999901474,1,0.001449380,5,1,0.007841516,5,1,0,0,0,0,1,1,1,1,1,1,0.074334937,-1.120000000,1.590000000,0.000000000,1,2.504970944,12,1,12,1:-1.251:2.428|2:-0.428:2.425|3:0.392:2.424|4:1.223:2.419|5:1.228:1.589|6:0.405:1.588|7:-0.440:1.588|8:-1.261:1.589|9:-1.185:4.911|10:-0.390:4.902|11:0.375:4.903|12:1.182:4.901,0,-1.000000000,,0,0,0.000000000,0.000000000,0,-1.000000000,0,,0,-1.000000000,,0,-1.000000000,0,,1,0.302265555,17.318540575,-0.021978378,-0.007326126,1,3.213260889,184.106287417,0.002442360,-2.769229889,1,-2.870166063,-164.448401929,-0.002442360,2.618803024,1,-0.199702263,-11.442096822,-0.021978378,0.422466278,1,-0.171995163,-9.854596934,-0.012210846,-0.003663063,0.303791434,17.405966996,0.000000000,-0.000000000,2.000000000,1.000000000,3.223179102,184.674559156,0.000000000,-2.824461460,8.500000000,2.500000000,-2.870547533,-164.470258535,0.000000000,2.622268200,3.000000000,0.800000012,-0.201991081,-11.573236454,0.000000000,0.427356541,1.200000048,0.200000003,-0.171995163,-9.854596934,0.000000000,-0.000069375,0.100000001,0.020000000
2026-07-04 13:26:22.346,1783142782.345953941,14.021455172,1,1,14.000028872,1,0.001679523,5,1,0.007997139,5,1,0,0,0,0,1,1,1,1,1,1,0.015540646,-1.120000000,1.590000000,0.000000000,1,3.505098342,12,1,12,1:-1.251:2.428|2:-0.428:2.425|3:0.392:2.424|4:1.223:2.419|5:1.228:1.589|6:0.405:1.588|7:-0.440:1.588|8:-1.261:1.589|9:-1.185:4.911|10:-0.390:4.902|11:0.375:4.903|12:1.182:4.901,0,-1.000000000,,0,0,0.000000000,0.000000000,0,-1.000000000,0,,0,-1.000000000,,0,-1.000000000,0,,1,0.302647024,17.340397180,0.007326126,-0.012209892,1,3.213260889,184.106287417,-0.002442360,-2.769229889,1,-2.870166063,-164.448401929,-0.002442360,2.605127335,1,-0.199702263,-11.442096822,-0.007326126,0.417582512,1,-0.171611786,-9.832631046,-0.012210846,-0.003663063,0.303791434,17.405966996,0.000000000,-0.000000000,2.000000000,1.000000000,3.223179102,184.674559156,0.000000000,-2.824461460,8.500000000,2.500000000,-2.870547533,-164.470258535,0.000000000,2.622268200,3.000000000,0.800000012,-0.201991081,-11.573236454,0.000000000,0.427356541,1.200000048,0.200000003,-0.171995163,-9.854596934,0.000000000,-0.000069375,0.100000001,0.020000000
2026-07-04 13:26:23.346,1783142783.345942497,15.021443626,1,1,15.000017326,1,0.001543595,5,1,0.007989967,5,1,0,0,0,0,1,1,1,1,1,1,0.008453018,-1.120000000,1.590000000,0.000000000,1,4.505086796,12,1,12,1:-1.251:2.428|2:-0.428:2.425|3:0.392:2.424|4:1.223:2.419|5:1.228:1.589|6:0.405:1.588|7:-0.440:1.588|8:-1.261:1.589|9:-1.185:4.911|10:-0.390:4.902|11:0.375:4.903|12:1.182:4.901,0,-1.000000000,,0,0,0.000000000,0.000000000,0,-1.000000000,0,,0,-1.000000000,,0,-1.000000000,0,,1,0.302647024,17.340397180,-0.007326126,-0.007326126,1,3.213260889,184.106287417,0.002442360,-2.769229889,1,-2.870166063,-164.448401929,-0.002442360,2.605127335,1,-0.199702263,-11.442096822,-0.007326126,0.422466278,1,-0.171995163,-9.854596934,-0.012210846,-0.003663063,0.303791434,17.405966996,0.000000000,-0.000000000,2.000000000,1.000000000,3.223179102,184.674559156,0.000000000,-2.824461460,8.500000000,2.500000000,-2.870547533,-164.470258535,0.000000000,2.622268200,3.000000000,0.800000012,-0.201991081,-11.573236454,0.000000000,0.427356541,1.200000048,0.200000003,-0.171995163,-9.854596934,0.000000000,-0.000069375,0.100000001,0.020000000
2026-07-04 13:26:24.345,1783142784.345899343,16.021400488,1,1,15.999974188,1,0.001609716,5,1,0.007875385,5,1,0,0,0,0,1,1,1,1,1,1,0.354622838,-1.120000000,1.590000000,0.000000000,1,5.505043658,12,1,12,1:-1.251:2.428|2:-0.428:2.425|3:0.392:2.424|4:1.223:2.419|5:1.228:1.589|6:0.405:1.588|7:-0.440:1.588|8:-1.261:1.589|9:-1.185:4.911|10:-0.390:4.902|11:0.375:4.903|12:1.182:4.901,0,-1.000000000,,0,0,0.000000000,0.000000000,0,-1.000000000,0,,0,-1.000000000,,0,-1.000000000,0,,1,0.302265555,17.318540575,-0.021978378,-0.007326126,1,3.213260889,184.106287417,-0.002442360,-2.769229889,1,-2.870166063,-164.448401929,-0.002442360,2.605127335,1,-0.199702263,-11.442096822,-0.007326126,0.422466278,1,-0.171995163,-9.854596934,-0.012210846,-0.003663063,0.303791434,17.405966996,0.000000000,-0.000000000,2.000000000,1.000000000,3.223179102,184.674559156,0.000000000,-2.824461460,8.500000000,2.500000000,-2.870547533,-164.470258535,0.000000000,2.622268200,3.000000000,0.800000012,-0.201991081,-11.573236454,0.000000000,0.427356541,1.200000048,0.200000003,-0.171995163,-9.854596934,0.000000000,-0.000069375,0.100000001,0.020000000
2026-07-04 13:26:25.346,1783142785.345935106,17.021436182,1,1,17.000009882,1,0.001689762,5,1,0.007886964,5,1,0,0,0,0,1,1,1,1,1,1,0.047645253,-1.120000000,1.590000000,0.000000000,1,6.505079352,12,1,12,1:-1.251:2.428|2:-0.428:2.425|3:0.392:2.424|4:1.223:2.419|5:1.228:1.589|6:0.405:1.588|7:-0.440:1.588|8:-1.261:1.589|9:-1.185:4.911|10:-0.390:4.902|11:0.375:4.903|12:1.182:4.901,0,-1.000000000,,0,0,0.000000000,0.000000000,0,-1.000000000,0,,0,-1.000000000,,0,-1.000000000,0,,1,0.302647024,17.340397180,-0.007326126,-0.007326126,1,3.213260889,184.106287417,-0.002442360,-2.755556107,1,-2.870166063,-164.448401929,-0.002442360,2.605127335,1,-0.199702263,-11.442096822,0.007326126,0.422466278,1,-0.171995163,-9.854596934,-0.012210846,-0.001221180,0.303791434,17.405966996,0.000000000,-0.000000000,2.000000000,1.000000000,3.223179102,184.674559156,0.000000000,-2.824461460,8.500000000,2.500000000,-2.870547533,-164.470258535,0.000000000,2.622268200,3.000000000,0.800000012,-0.201991081,-11.573236454,0.000000000,0.427356541,1.200000048,0.200000003,-0.171995163,-9.854596934,0.000000000,-0.000069375,0.100000001,0.020000000
2026-07-04 13:26:26.346,1783142786.345946550,18.021447820,1,1,18.000021520,1,0.001628609,5,1,0.007862508,5,1,0,0,0,0,1,1,1,1,1,1,0.365365247,-1.120000000,1.590000000,0.000000000,1,7.505090990,12,1,12,1:-1.251:2.428|2:-0.428:2.425|3:0.392:2.424|4:1.223:2.419|5:1.228:1.589|6:0.405:1.588|7:-0.440:1.588|8:-1.261:1.589|9:-1.185:4.911|10:-0.390:4.902|11:0.375:4.903|12:1.182:4.901,0,-1.000000000,,0,0,0.000000000,0.000000000,0,-1.000000000,0,,0,-1.000000000,,0,-1.000000000,0,,1,0.302647024,17.340397180,0.007326126,-0.012209892,1,3.213260889,184.106287417,-0.002442360,-2.769229889,1,-2.870166063,-164.448401929,-0.002442360,2.605127335,1,-0.199702263,-11.442096822,-0.007326126,0.422466278,1,-0.171995163,-9.854596934,0.012210846,-0.001221180,0.303791434,17.405966996,0.000000000,-0.000000000,2.000000000,1.000000000,3.223179102,184.674559156,0.000000000,-2.824461460,8.500000000,2.500000000,-2.870547533,-164.470258535,0.000000000,2.622268200,3.000000000,0.800000012,-0.201991081,-11.573236454,0.000000000,0.427356541,1.200000048,0.200000003,-0.171995163,-9.854596934,0.000000000,-0.000069375,0.100000001,0.020000000
2026-07-04 13:26:27.346,1783142787.345980167,19.021481431,1,1,19.000055131,1,0.001574797,5,1,0.007986514,5,1,0,0,0,0,1,1,1,1,1,1,0.253010143,-1.120000000,1.590000000,0.000000000,1,8.505124601,12,1,12,1:-1.251:2.428|2:-0.428:2.425|3:0.392:2.424|4:1.223:2.419|5:1.228:1.589|6:0.405:1.588|7:-0.440:1.588|8:-1.261:1.589|9:-1.185:4.911|10:-0.390:4.902|11:0.375:4.903|12:1.182:4.901,0,-1.000000000,,0,0,0.000000000,0.000000000,0,-1.000000000,0,,0,-1.000000000,,0,-1.000000000,0,,1,0.302647024,17.340397180,-0.007326126,-0.007326126,1,3.213260889,184.106287417,-0.002442360,-2.769229889,1,-2.870166063,-164.448401929,-0.002442360,2.605127335,1,-0.199702263,-11.442096822,-0.007326126,0.422466278,1,-0.171995163,-9.854596934,-0.012210846,-0.003663063,0.303791434,17.405966996,0.000000000,-0.000000000,2.000000000,1.000000000,3.223179102,184.674559156,0.000000000,-2.824461460,8.500000000,2.500000000,-2.870547533,-164.470258535,0.000000000,2.622268200,3.000000000,0.800000012,-0.201991081,-11.573236454,0.000000000,0.427356541,1.200000048,0.200000003,-0.171995163,-9.854596934,0.000000000,-0.000069375,0.100000001,0.020000000
2026-07-04 13:26:28.346,1783142788.345988512,20.021489836,1,1,20.000063536,1,0.001377229,5,1,0.007855646,5,1,0,0,0,0,1,1,1,1,1,1,0.071207011,-1.120000000,1.590000000,0.000000000,1,9.505133006,12,1,12,1:-1.251:2.428|2:-0.428:2.425|3:0.392:2.424|4:1.223:2.419|5:1.228:1.589|6:0.405:1.588|7:-0.440:1.588|8:-1.261:1.589|9:-1.185:4.911|10:-0.390:4.902|11:0.375:4.903|12:1.182:4.901,0,-1.000000000,,0,0,0.000000000,0.000000000,0,-1.000000000,0,,0,-1.000000000,,0,-1.000000000,0,,1,0.302647024,17.340397180,0.007326126,-0.012209892,1,3.213260889,184.106287417,-0.002442360,-2.769229889,1,-2.870166063,-164.448401929,-0.002442360,2.605127335,1,-0.199702263,-11.442096822,-0.007326126,0.422466278,1,-0.171995163,-9.854596934,-0.012210846,-0.003663063,0.303791434,17.405966996,0.000000000,-0.000000000,2.000000000,1.000000000,3.223179102,184.674559156,0.000000000,-2.824461460,8.500000000,2.500000000,-2.870547533,-164.470258535,0.000000000,2.622268200,3.000000000,0.800000012,-0.201991081,-11.573236454,0.000000000,0.427356541,1.200000048,0.200000003,-0.171995163,-9.854596934,0.000000000,-0.000069375,0.100000001,0.020000000
2026-07-04 13:26:29.346,1783142789.346011639,21.021512717,1,1,21.000086417,1,0.001359296,5,1,0.007934724,5,1,0,0,0,0,1,1,1,1,1,1,0.029115625,-1.120000000,1.590000000,0.000000000,1,10.505155887,12,1,12,1:-1.251:2.428|2:-0.428:2.425|3:0.392:2.424|4:1.223:2.419|5:1.228:1.589|6:0.405:1.588|7:-0.440:1.588|8:-1.261:1.589|9:-1.185:4.911|10:-0.390:4.902|11:0.375:4.903|12:1.182:4.901,0,-1.000000000,,0,0,0.000000000,0.000000000,0,-1.000000000,0,,0,-1.000000000,,0,-1.000000000,0,,1,0.302265555,17.318540575,-0.007326126,-0.012209892,1,3.213260889,184.106287417,-0.002442360,-2.755556107,1,-2.870166063,-164.448401929,-0.002442360,2.605127335,1,-0.199702263,-11.442096822,-0.007326126,0.422466278,1,-0.171995163,-9.854596934,-0.036628723,-0.003663063,0.303791434,17.405966996,0.000000000,-0.000000000,2.000000000,1.000000000,3.223179102,184.674559156,0.000000000,-2.824461460,8.500000000,2.500000000,-2.870547533,-164.470258535,0.000000000,2.622268200,3.000000000,0.800000012,-0.201991081,-11.573236454,0.000000000,0.427356541,1.200000048,0.200000003,-0.171995163,-9.854596934,0.000000000,-0.000069375,0.100000001,0.020000000
2026-07-04 13:26:30.346,1783142790.346040249,22.021541632,1,1,22.000115332,1,0.001458404,5,1,0.007904491,5,1,0,0,0,0,1,1,1,1,1,1,0.043847864,-1.120000000,1.590000000,0.000000000,1,11.505184802,12,1,12,1:-1.251:2.428|2:-0.428:2.425|3:0.392:2.424|4:1.223:2.419|5:1.228:1.589|6:0.405:1.588|7:-0.440:1.588|8:-1.261:1.589|9:-1.185:4.911|10:-0.390:4.902|11:0.375:4.903|12:1.182:4.901,0,-1.000000000,,0,0,0.000000000,0.000000000,0,-1.000000000,0,,0,-1.000000000,,0,-1.000000000,0,,1,0.302647024,17.340397180,-0.007326126,-0.012209892,1,3.213260889,184.106287417,-0.002442360,-2.769229889,1,-2.870166063,-164.448401929,-0.002442360,2.605127335,1,-0.199702263,-11.442096822,-0.007326126,0.422466278,1,-0.171995163,-9.854596934,-0.012210846,-0.003663063,0.303791434,17.405966996,0.000000000,-0.000000000,2.000000000,1.000000000,3.223179102,184.674559156,0.000000000,-2.824461460,8.500000000,2.500000000,-2.870547533,-164.470258535,0.000000000,2.622268200,3.000000000,0.800000012,-0.201991081,-11.573236454,0.000000000,0.427356541,1.200000048,0.200000003,-0.171995163,-9.854596934,0.000000000,-0.000069375,0.100000001,0.020000000
2026-07-04 13:26:31.346,1783142791.346068621,23.021569846,1,1,23.000143546,1,0.001092714,5,1,0.007915537,5,1,0,0,0,0,1,1,1,1,1,1,0.002980824,-1.120000000,1.590000000,0.000000000,1,12.505213016,12,1,12,1:-1.251:2.428|2:-0.428:2.425|3:0.392:2.424|4:1.223:2.419|5:1.228:1.589|6:0.405:1.588|7:-0.440:1.588|8:-1.261:1.589|9:-1.185:4.911|10:-0.390:4.902|11:0.375:4.903|12:1.182:4.901,0,-1.000000000,,0,0,0.000000000,0.000000000,0,-1.000000000,0,,0,-1.000000000,,0,-1.000000000,0,,1,0.302647024,17.340397180,-0.021978378,-0.012209892,1,3.213260889,184.106287417,-0.002442360,-2.782905579,1,-2.870166063,-164.448401929,-0.002442360,2.605127335,1,-0.171092033,-9.802851421,-0.021978378,-0.002442360,0,-0.171995163,-9.854596934,-0.036628723,-0.003663063,0.303791434,17.405966996,0.000000000,-0.000000000,2.000000000,1.000000000,3.223179102,184.674559156,0.000000000,-2.824461460,8.500000000,2.500000000,-2.870547533,-164.470258535,0.000000000,2.622268200,3.000000000,0.800000012,-0.201991081,-11.573236454,0.000000000,0.427356541,1.200000048,0.200000003,-0.171995163,-9.854596934,0.000000000,-0.000069375,0.100000001,0.020000000
2026-07-04 13:26:32.346,1783142792.346068144,24.021569296,1,1,24.000142996,1,0.001597733,5,1,0.007929896,5,1,0,0,0,0,1,1,1,1,1,1,0.058251814,-1.120000000,1.590000000,0.000000000,1,13.505212466,12,1,12,1:-1.251:2.428|2:-0.428:2.425|3:0.392:2.424|4:1.223:2.419|5:1.228:1.589|6:0.405:1.588|7:-0.440:1.588|8:-1.261:1.589|9:-1.185:4.911|10:-0.390:4.902|11:0.375:4.903|12:1.182:4.901,0,-1.000000000,,0,0,0.000000000,0.000000000,0,-1.000000000,0,,0,-1.000000000,,0,-1.000000000,0,,1,0.302265555,17.318540575,-0.007326126,-0.012209892,1,3.213260889,184.106287417,0.002442360,-2.769229889,1,-2.870166063,-164.448401929,-0.002442360,2.605127335,1,-0.199702263,-11.442096822,-0.007326126,0.422466278,1,-0.171995163,-9.854596934,-0.012210846,-0.001221180,0.303791434,17.405966996,0.000000000,-0.000000000,2.000000000,1.000000000,3.223179102,184.674559156,0.000000000,-2.824461460,8.500000000,2.500000000,-2.870547533,-164.470258535,0.000000000,2.622268200,3.000000000,0.800000012,-0.201991081,-11.573236454,0.000000000,0.427356541,1.200000048,0.200000003,-0.171995163,-9.854596934,0.000000000,-0.000069375,0.100000001,0.020000000
2026-07-04 13:26:33.346,1783142793.346107960,25.021609032,1,1,25.000182732,1,0.001443972,5,1,0.007888546,5,1,0,0,0,0,1,1,1,1,1,1,0.075071293,-1.120000000,1.590000000,0.000000000,1,14.505252202,12,1,12,1:-1.251:2.428|2:-0.428:2.425|3:0.392:2.424|4:1.223:2.419|5:1.228:1.589|6:0.405:1.588|7:-0.440:1.588|8:-1.261:1.589|9:-1.185:4.911|10:-0.390:4.902|11:0.375:4.903|12:1.182:4.901,0,-1.000000000,,0,0,0.000000000,0.000000000,0,-1.000000000,0,,0,-1.000000000,,0,-1.000000000,0,,1,0.302647024,17.340397180,-0.007326126,-0.007326126,1,3.213260889,184.106287417,-0.002442360,-2.755556107,1,-2.870166063,-164.448401929,0.002442360,2.605127335,1,-0.199702263,-11.442096822,0.007326126,0.417582512,1,-0.171995163,-9.854596934,-0.012210846,-0.003663063,0.303791434,17.405966996,0.000000000,-0.000000000,2.000000000,1.000000000,3.223179102,184.674559156,0.000000000,-2.824461460,8.500000000,2.500000000,-2.870547533,-164.470258535,0.000000000,2.622268200,3.000000000,0.800000012,-0.201991081,-11.573236454,0.000000000,0.427356541,1.200000048,0.200000003,-0.171995163,-9.854596934,0.000000000,-0.000069375,0.100000001,0.020000000
2026-07-04 13:26:34.346,1783142794.346127987,26.021628978,1,1,26.000202678,1,0.001414810,5,1,0.007866528,5,1,0,0,0,0,1,1,1,1,1,1,0.344636983,-1.120000000,1.590000000,0.000000000,1,15.505272148,12,1,12,1:-1.251:2.428|2:-0.428:2.425|3:0.392:2.424|4:1.223:2.419|5:1.228:1.589|6:0.405:1.588|7:-0.440:1.588|8:-1.261:1.589|9:-1.185:4.911|10:-0.390:4.902|11:0.375:4.903|12:1.182:4.901,0,-1.000000000,,0,0,0.000000000,0.000000000,0,-1.000000000,0,,0,-1.000000000,,0,-1.000000000,0,,1,0.302647024,17.340397180,-0.007326126,-0.012209892,1,3.213260889,184.106287417,-0.002442360,-2.769229889,1,-2.870166063,-164.448401929,0.002442360,2.605127335,1,-0.199702263,-11.442096822,0.007326126,0.422466278,1,-0.171995163,-9.854596934,-0.012210846,-0.001221180,0.303791434,17.405966996,0.000000000,-0.000000000,2.000000000,1.000000000,3.223179102,184.674559156,0.000000000,-2.824461460,8.500000000,2.500000000,-2.870547533,-164.470258535,0.000000000,2.622268200,3.000000000,0.800000012,-0.201991081,-11.573236454,0.000000000,0.427356541,1.200000048,0.200000003,-0.171995163,-9.854596934,0.000000000,-0.000069375,0.100000001,0.020000000
2026-07-04 13:26:35.346,1783142795.346210241,27.021711518,1,1,27.000285218,1,0.001506512,5,1,0.007924602,5,1,0,0,0,0,1,1,1,1,1,1,0.150000514,-1.120000000,1.590000000,0.000000000,1,16.505354688,12,1,12,1:-1.251:2.428|2:-0.428:2.425|3:0.392:2.424|4:1.223:2.419|5:1.228:1.589|6:0.405:1.588|7:-0.440:1.588|8:-1.261:1.589|9:-1.185:4.911|10:-0.390:4.902|11:0.375:4.903|12:1.182:4.901,0,-1.000000000,,0,0,0.000000000,0.000000000,0,-1.000000000,0,,0,-1.000000000,,0,-1.000000000,0,,1,0.302647024,17.340397180,-0.007326126,-0.007326126,1,3.213260889,184.106287417,-0.002442360,-2.769229889,1,-2.870166063,-164.448401929,-0.002442360,2.618803024,1,-0.199702263,-11.442096822,-0.007326126,0.422466278,1,-0.171995163,-9.854596934,-0.061050415,-0.001221180,0.303791434,17.405966996,0.000000000,-0.000000000,2.000000000,1.000000000,3.223179102,184.674559156,0.000000000,-2.824461460,8.500000000,2.500000000,-2.870547533,-164.470258535,0.000000000,2.622268200,3.000000000,0.800000012,-0.201991081,-11.573236454,0.000000000,0.427356541,1.200000048,0.200000003,-0.171995163,-9.854596934,0.000000000,-0.000069375,0.100000001,0.020000000
2026-07-04 13:26:36.346,1783142796.346169949,28.021670983,1,1,28.000244683,1,0.001414583,5,1,0.007900114,5,1,0,0,0,0,1,1,1,1,1,1,0.200437671,-1.120000000,1.590000000,0.000000000,1,17.505314153,12,1,12,1:-1.251:2.428|2:-0.428:2.425|3:0.392:2.424|4:1.223:2.419|5:1.228:1.589|6:0.405:1.588|7:-0.440:1.588|8:-1.261:1.589|9:-1.185:4.911|10:-0.390:4.902|11:0.375:4.903|12:1.182:4.901,0,-1.000000000,,0,0,0.000000000,0.000000000,0,-1.000000000,0,,0,-1.000000000,,0,-1.000000000,0,,1,0.302647024,17.340397180,-0.007326126,-0.012209892,1,3.213260889,184.106287417,-0.002442360,-2.782905579,1,-2.870166063,-164.448401929,-0.002442360,2.605127335,1,-0.199702263,-11.442096822,-0.007326126,0.422466278,1,-0.171611786,-9.832631046,-0.012210846,-0.003663063,0.303791434,17.405966996,0.000000000,-0.000000000,2.000000000,1.000000000,3.223179102,184.674559156,0.000000000,-2.824461460,8.500000000,2.500000000,-2.870547533,-164.470258535,0.000000000,2.622268200,3.000000000,0.800000012,-0.201991081,-11.573236454,0.000000000,0.427356541,1.200000048,0.200000003,-0.171995163,-9.854596934,0.000000000,-0.000069375,0.100000001,0.020000000
2026-07-04 13:26:37.346,1783142797.346181870,29.021683073,1,1,29.000256773,1,0.001647484,5,1,0.007862915,5,1,0,0,0,0,1,1,1,1,1,1,0.075378435,-1.120000000,1.590000000,0.000000000,1,18.505326243,12,1,12,1:-1.251:2.428|2:-0.428:2.425|3:0.392:2.424|4:1.223:2.419|5:1.228:1.589|6:0.405:1.588|7:-0.440:1.588|8:-1.261:1.589|9:-1.185:4.911|10:-0.390:4.902|11:0.375:4.903|12:1.182:4.901,0,-1.000000000,,0,0,0.000000000,0.000000000,0,-1.000000000,0,,0,-1.000000000,,0,-1.000000000,0,,1,0.302647024,17.340397180,0.007326126,-0.012209892,1,3.213260889,184.106287417,-0.002442360,-2.769229889,1,-2.870166063,-164.448401929,-0.007326126,2.605127335,1,-0.199702263,-11.442096822,-0.007326126,0.422466278,1,-0.171995163,-9.854596934,-0.012210846,-0.003663063,0.303791434,17.405966996,0.000000000,-0.000000000,2.000000000,1.000000000,3.223179102,184.674559156,0.000000000,-2.824461460,8.500000000,2.500000000,-2.870547533,-164.470258535,0.000000000,2.622268200,3.000000000,0.800000012,-0.201991081,-11.573236454,0.000000000,0.427356541,1.200000048,0.200000003,-0.171995163,-9.854596934,0.000000000,-0.000069375,0.100000001,0.020000000
2026-07-04 13:26:38.346,1783142798.346220970,30.021722195,1,1,30.000295895,1,0.001546797,5,1,0.007930068,5,1,0,0,0,0,1,1,1,1,1,1,0.050838686,-1.120000000,1.590000000,0.000000000,1,19.505365365,12,1,12,1:-1.251:2.428|2:-0.428:2.425|3:0.392:2.424|4:1.223:2.419|5:1.228:1.589|6:0.405:1.588|7:-0.440:1.588|8:-1.261:1.589|9:-1.185:4.911|10:-0.390:4.902|11:0.375:4.903|12:1.182:4.901,0,-1.000000000,,0,0,0.000000000,0.000000000,0,-1.000000000,0,,0,-1.000000000,,0,-1.000000000,0,,1,0.302647024,17.340397180,0.007326126,-0.007326126,1,3.213260889,184.106287417,-0.002442360,-2.769229889,1,-2.870166063,-164.448401929,-0.002442360,2.605127335,1,-0.199702263,-11.442096822,-0.007326126,0.417582512,1,-0.171995163,-9.854596934,-0.012210846,-0.001221180,0.303791434,17.405966996,0.000000000,-0.000000000,2.000000000,1.000000000,3.223179102,184.674559156,0.000000000,-2.824461460,8.500000000,2.500000000,-2.870547533,-164.470258535,0.000000000,2.622268200,3.000000000,0.800000012,-0.201991081,-11.573236454,0.000000000,0.427356541,1.200000048,0.200000003,-0.171995163,-9.854596934,0.000000000,-0.000069375,0.100000001,0.020000000
2026-07-04 13:26:39.346,1783142799.346271038,31.021772237,1,1,31.000345937,1,0.001430138,5,1,0.007971889,5,1,0,0,0,0,1,1,1,1,1,1,0.031762570,-1.120000000,1.590000000,0.000000000,1,20.505415407,12,1,12,1:-1.251:2.428|2:-0.428:2.425|3:0.392:2.424|4:1.223:2.419|5:1.228:1.589|6:0.405:1.588|7:-0.440:1.588|8:-1.261:1.589|9:-1.185:4.911|10:-0.390:4.902|11:0.375:4.903|12:1.182:4.901,0,-1.000000000,,0,0,0.000000000,0.000000000,0,-1.000000000,0,,0,-1.000000000,,0,-1.000000000,0,,1,0.302647024,17.340397180,0.007326126,-0.007326126,1,3.213260889,184.106287417,-0.002442360,-2.769229889,1,-2.870166063,-164.448401929,-0.002442360,2.605127335,1,-0.199702263,-11.442096822,-0.007326126,0.417582512,1,-0.171995163,-9.854596934,0.012210846,-0.001221180,0.303791434,17.405966996,0.000000000,-0.000000000,2.000000000,1.000000000,3.223179102,184.674559156,0.000000000,-2.824461460,8.500000000,2.500000000,-2.870547533,-164.470258535,0.000000000,2.622268200,3.000000000,0.800000012,-0.201991081,-11.573236454,0.000000000,0.427356541,1.200000048,0.200000003,-0.171995163,-9.854596934,0.000000000,-0.000069375,0.100000001,0.020000000
2026-07-04 13:26:40.346,1783142800.346248627,32.021750014,1,1,32.000323714,1,0.001290611,5,1,0.007888190,5,1,0,0,0,0,1,1,1,1,1,1,0.028533781,-1.120000000,1.590000000,0.000000000,1,21.505393184,12,1,12,1:-1.251:2.428|2:-0.428:2.425|3:0.392:2.424|4:1.223:2.419|5:1.228:1.589|6:0.405:1.588|7:-0.440:1.588|8:-1.261:1.589|9:-1.185:4.911|10:-0.390:4.902|11:0.375:4.903|12:1.182:4.901,0,-1.000000000,,0,0,0.000000000,0.000000000,0,-1.000000000,0,,0,-1.000000000,,0,-1.000000000,0,,1,0.302647024,17.340397180,-0.007326126,-0.007326126,1,3.213260889,184.106287417,-0.002442360,-2.755556107,1,-2.870166063,-164.448401929,-0.002442360,2.605127335,1,-0.199702263,-11.442096822,-0.007326126,0.422466278,1,-0.171995163,-9.854596934,-0.012210846,-0.001221180,0.303791434,17.405966996,0.000000000,-0.000000000,2.000000000,1.000000000,3.223179102,184.674559156,0.000000000,-2.824461460,8.500000000,2.500000000,-2.870547533,-164.470258535,0.000000000,2.622268200,3.000000000,0.800000012,-0.201991081,-11.573236454,0.000000000,0.427356541,1.200000048,0.200000003,-0.171995163,-9.854596934,0.000000000,-0.000069375,0.100000001,0.020000000
2026-07-04 13:26:41.346,1783142801.346275091,33.021776277,1,1,33.000349977,1,0.001550878,5,1,0.007818532,5,1,0,0,0,0,1,1,1,1,1,1,0.087274455,-1.120000000,1.590000000,0.000000000,1,22.505419447,12,1,12,1:-1.251:2.428|2:-0.428:2.425|3:0.392:2.424|4:1.223:2.419|5:1.228:1.589|6:0.405:1.588|7:-0.440:1.588|8:-1.261:1.589|9:-1.185:4.911|10:-0.390:4.902|11:0.375:4.903|12:1.182:4.901,0,-1.000000000,,0,0,0.000000000,0.000000000,0,-1.000000000,0,,0,-1.000000000,,0,-1.000000000,0,,1,0.302647024,17.340397180,-0.007326126,-0.012209892,1,3.213260889,184.106287417,-0.002442360,-2.755556107,1,-2.870166063,-164.448401929,-0.007326126,2.605127335,1,-0.199702263,-11.442096822,-0.021978378,0.422466278,1,-0.171995163,-9.854596934,0.012210846,-0.001221180,0.303791434,17.405966996,0.000000000,-0.000000000,2.000000000,1.000000000,3.223179102,184.674559156,0.000000000,-2.824461460,8.500000000,2.500000000,-2.870547533,-164.470258535,0.000000000,2.622268200,3.000000000,0.800000012,-0.201991081,-11.573236454,0.000000000,0.427356541,1.200000048,0.200000003,-0.171995163,-9.854596934,0.000000000,-0.000069375,0.100000001,0.020000000
2026-07-04 13:26:42.346,1783142802.346305370,34.021806393,1,1,34.000380093,1,0.001650259,5,1,0.007961432,5,1,0,0,0,0,1,1,1,1,1,1,0.162683466,-1.120000000,1.590000000,0.000000000,1,23.505449563,12,1,12,1:-1.251:2.428|2:-0.428:2.425|3:0.392:2.424|4:1.223:2.419|5:1.228:1.589|6:0.405:1.588|7:-0.440:1.588|8:-1.261:1.589|9:-1.185:4.911|10:-0.390:4.902|11:0.375:4.903|12:1.182:4.901,0,-1.000000000,,0,0,0.000000000,0.000000000,0,-1.000000000,0,,0,-1.000000000,,0,-1.000000000,0,,1,0.302647024,17.340397180,-0.007326126,-0.012209892,1,3.213260889,184.106287417,-0.002442360,-2.769229889,1,-2.870166063,-164.448401929,-0.002442360,2.605127335,1,-0.199702263,-11.442096822,-0.007326126,0.422466278,1,-0.171995163,-9.854596934,-0.012210846,-0.003663063,0.303791434,17.405966996,0.000000000,-0.000000000,2.000000000,1.000000000,3.223179102,184.674559156,0.000000000,-2.824461460,8.500000000,2.500000000,-2.870547533,-164.470258535,0.000000000,2.622268200,3.000000000,0.800000012,-0.201991081,-11.573236454,0.000000000,0.427356541,1.200000048,0.200000003,-0.171995163,-9.854596934,0.000000000,-0.000069375,0.100000001,0.020000000
2026-07-04 13:26:43.346,1783142803.346323252,35.021824278,1,1,35.000397978,1,0.001218418,5,1,0.007948509,5,1,0,0,0,0,1,1,1,1,1,1,0.058133197,-1.120000000,1.590000000,0.000000000,1,24.505467448,12,1,12,1:-1.251:2.428|2:-0.428:2.425|3:0.392:2.424|4:1.223:2.419|5:1.228:1.589|6:0.405:1.588|7:-0.440:1.588|8:-1.261:1.589|9:-1.185:4.911|10:-0.390:4.902|11:0.375:4.903|12:1.182:4.901,0,-1.000000000,,0,0,0.000000000,0.000000000,0,-1.000000000,0,,0,-1.000000000,,0,-1.000000000,0,,1,0.302647024,17.340397180,-0.007326126,-0.012209892,1,3.213260889,184.106287417,-0.002442360,-2.769229889,1,-2.870166063,-164.448401929,0.002442360,2.605127335,1,-0.199702263,-11.442096822,-0.007326126,0.422466278,1,-0.171995163,-9.854596934,-0.036628723,-0.001221180,0.303791434,17.405966996,0.000000000,-0.000000000,2.000000000,1.000000000,3.223179102,184.674559156,0.000000000,-2.824461460,8.500000000,2.500000000,-2.870547533,-164.470258535,0.000000000,2.622268200,3.000000000,0.800000012,-0.201991081,-11.573236454,0.000000000,0.427356541,1.200000048,0.200000003,-0.171995163,-9.854596934,0.000000000,-0.000069375,0.100000001,0.020000000
2026-07-04 13:26:44.346,1783142804.346352577,36.021853933,1,1,36.000427633,1,0.001629685,5,1,0.007917497,5,1,0,0,0,0,1,1,1,1,1,1,0.133220516,-1.120000000,1.590000000,0.000000000,1,25.505497103,12,1,12,1:-1.251:2.428|2:-0.428:2.425|3:0.392:2.424|4:1.223:2.419|5:1.228:1.589|6:0.405:1.588|7:-0.440:1.588|8:-1.261:1.589|9:-1.185:4.911|10:-0.390:4.902|11:0.375:4.903|12:1.182:4.901,0,-1.000000000,,0,0,0.000000000,0.000000000,0,-1.000000000,0,,0,-1.000000000,,0,-1.000000000,0,,1,0.302265555,17.318540575,-0.007326126,-0.012209892,1,3.213260889,184.106287417,-0.002442360,-2.769229889,1,-2.870166063,-164.448401929,-0.002442360,2.618803024,1,-0.199702263,-11.442096822,-0.007326126,0.422466278,1,-0.171995163,-9.854596934,-0.012210846,-0.003663063,0.303791434,17.405966996,0.000000000,-0.000000000,2.000000000,1.000000000,3.223179102,184.674559156,0.000000000,-2.824461460,8.500000000,2.500000000,-2.870547533,-164.470258535,0.000000000,2.622268200,3.000000000,0.800000012,-0.201991081,-11.573236454,0.000000000,0.427356541,1.200000048,0.200000003,-0.171995163,-9.854596934,0.000000000,-0.000069375,0.100000001,0.020000000
2026-07-04 13:26:45.346,1783142805.346374512,37.021875697,1,1,37.000449397,1,0.001633711,5,1,0.007859851,5,1,0,0,0,0,1,1,1,1,1,1,0.299893226,-1.120000000,1.590000000,0.000000000,1,26.505518867,12,1,12,1:-1.251:2.428|2:-0.428:2.425|3:0.392:2.424|4:1.223:2.419|5:1.228:1.589|6:0.405:1.588|7:-0.440:1.588|8:-1.261:1.589|9:-1.185:4.911|10:-0.390:4.902|11:0.375:4.903|12:1.182:4.901,0,-1.000000000,,0,0,0.000000000,0.000000000,0,-1.000000000,0,,0,-1.000000000,,0,-1.000000000,0,,1,0.302265555,17.318540575,-0.007326126,-0.012209892,1,3.213260889,184.106287417,-0.002442360,-2.755556107,1,-2.870166063,-164.448401929,-0.002442360,2.605127335,1,-0.199702263,-11.442096822,-0.021978378,0.417582512,1,-0.171995163,-9.854596934,-0.036628723,-0.003663063,0.303791434,17.405966996,0.000000000,-0.000000000,2.000000000,1.000000000,3.223179102,184.674559156,0.000000000,-2.824461460,8.500000000,2.500000000,-2.870547533,-164.470258535,0.000000000,2.622268200,3.000000000,0.800000012,-0.201991081,-11.573236454,0.000000000,0.427356541,1.200000048,0.200000003,-0.171995163,-9.854596934,0.000000000,-0.000069375,0.100000001,0.020000000
2026-07-04 13:26:46.346,1783142806.346393585,38.021894873,1,1,38.000468573,1,0.001659950,5,1,0.007908648,5,1,0,0,0,0,1,1,1,1,1,1,0.009748618,-1.120000000,1.590000000,0.000000000,1,27.505538043,12,1,12,1:-1.251:2.428|2:-0.428:2.425|3:0.392:2.424|4:1.223:2.419|5:1.228:1.589|6:0.405:1.588|7:-0.440:1.588|8:-1.261:1.589|9:-1.185:4.911|10:-0.390:4.902|11:0.375:4.903|12:1.182:4.901,0,-1.000000000,,0,0,0.000000000,0.000000000,0,-1.000000000,0,,0,-1.000000000,,0,-1.000000000,0,,1,0.302647024,17.340397180,-0.007326126,-0.012209892,1,3.213260889,184.106287417,-0.002442360,-2.769229889,1,-2.870166063,-164.448401929,-0.002442360,2.605127335,1,-0.199702263,-11.442096822,-0.007326126,0.422466278,1,-0.171995163,-9.854596934,-0.012210846,-0.001221180,0.303791434,17.405966996,0.000000000,-0.000000000,2.000000000,1.000000000,3.223179102,184.674559156,0.000000000,-2.824461460,8.500000000,2.500000000,-2.870547533,-164.470258535,0.000000000,2.622268200,3.000000000,0.800000012,-0.201991081,-11.573236454,0.000000000,0.427356541,1.200000048,0.200000003,-0.171995163,-9.854596934,0.000000000,-0.000069375,0.100000001,0.020000000
2026-07-04 13:26:47.346,1783142807.346407175,39.021908297,1,1,39.000481997,1,0.001666907,5,1,0.007852692,5,1,0,0,0,0,1,1,1,1,1,1,0.079266159,-1.120000000,1.590000000,0.000000000,1,28.505551467,12,1,12,1:-1.251:2.428|2:-0.428:2.425|3:0.392:2.424|4:1.223:2.419|5:1.228:1.589|6:0.405:1.588|7:-0.440:1.588|8:-1.261:1.589|9:-1.185:4.911|10:-0.390:4.902|11:0.375:4.903|12:1.182:4.901,0,-1.000000000,,0,0,0.000000000,0.000000000,0,-1.000000000,0,,0,-1.000000000,,0,-1.000000000,0,,1,0.302647024,17.340397180,-0.007326126,-0.007326126,1,3.213260889,184.106287417,-0.002442360,-2.769229889,1,-2.870166063,-164.448401929,-0.002442360,2.605127335,1,-0.199702263,-11.442096822,-0.007326126,0.417582512,1,-0.171995163,-9.854596934,-0.012210846,-0.003663063,0.303791434,17.405966996,0.000000000,-0.000000000,2.000000000,1.000000000,3.223179102,184.674559156,0.000000000,-2.824461460,8.500000000,2.500000000,-2.870547533,-164.470258535,0.000000000,2.622268200,3.000000000,0.800000012,-0.201991081,-11.573236454,0.000000000,0.427356541,1.200000048,0.200000003,-0.171995163,-9.854596934,0.000000000,-0.000069375,0.100000001,0.020000000
2026-07-04 13:26:48.346,1783142808.346435070,40.021936152,1,1,40.000509852,1,0.001592588,5,1,0.007926758,5,1,0,0,0,0,1,1,1,1,1,1,0.124302716,-1.120000000,1.590000000,0.000000000,1,29.505579322,12,1,12,1:-1.251:2.428|2:-0.428:2.425|3:0.392:2.424|4:1.223:2.419|5:1.228:1.589|6:0.405:1.588|7:-0.440:1.588|8:-1.261:1.589|9:-1.185:4.911|10:-0.390:4.902|11:0.375:4.903|12:1.182:4.901,0,-1.000000000,,0,0,0.000000000,0.000000000,0,-1.000000000,0,,0,-1.000000000,,0,-1.000000000,0,,1,0.302647024,17.340397180,-0.007326126,-0.012209892,1,3.213260889,184.106287417,-0.007326126,-2.769229889,1,-2.870166063,-164.448401929,-0.002442360,2.605127335,1,-0.199702263,-11.442096822,-0.021978378,0.422466278,1,-0.171611786,-9.832631046,-0.012210846,-0.001221180,0.303791434,17.405966996,0.000000000,-0.000000000,2.000000000,1.000000000,3.223179102,184.674559156,0.000000000,-2.824461460,8.500000000,2.500000000,-2.870547533,-164.470258535,0.000000000,2.622268200,3.000000000,0.800000012,-0.201991081,-11.573236454,0.000000000,0.427356541,1.200000048,0.200000003,-0.171995163,-9.854596934,0.000000000,-0.000069375,0.100000001,0.020000000
2026-07-04 13:26:49.346,1783142809.346460104,41.021961389,1,1,41.000535089,1,0.001654194,5,1,0.007925287,5,1,0,0,0,0,1,1,1,1,1,1,0.077407565,-1.120000000,1.590000000,0.000000000,1,30.505604559,12,1,12,1:-1.251:2.428|2:-0.428:2.425|3:0.392:2.424|4:1.223:2.419|5:1.228:1.589|6:0.405:1.588|7:-0.440:1.588|8:-1.261:1.589|9:-1.185:4.911|10:-0.390:4.902|11:0.375:4.903|12:1.182:4.901,0,-1.000000000,,0,0,0.000000000,0.000000000,0,-1.000000000,0,,0,-1.000000000,,0,-1.000000000,0,,1,0.302647024,17.340397180,-0.021978378,-0.012209892,1,3.213260889,184.106287417,-0.002442360,-2.769229889,1,-2.870166063,-164.448401929,-0.002442360,2.605127335,1,-0.199702263,-11.442096822,-0.007326126,0.422466278,1,-0.171995163,-9.854596934,-0.012210846,-0.003663063,0.303791434,17.405966996,0.000000000,-0.000000000,2.000000000,1.000000000,3.223179102,184.674559156,0.000000000,-2.824461460,8.500000000,2.500000000,-2.870547533,-164.470258535,0.000000000,2.622268200,3.000000000,0.800000012,-0.201991081,-11.573236454,0.000000000,0.427356541,1.200000048,0.200000003,-0.171995163,-9.854596934,0.000000000,-0.000069375,0.100000001,0.020000000
2026-07-04 13:26:50.346,1783142810.346477270,42.021978551,1,1,42.000552251,1,0.001392521,5,1,0.007953613,5,1,0,0,0,0,1,1,1,1,1,1,0.374750775,-1.120000000,1.590000000,0.000000000,1,31.505621721,12,1,12,1:-1.251:2.428|2:-0.428:2.425|3:0.392:2.424|4:1.223:2.419|5:1.228:1.589|6:0.405:1.588|7:-0.440:1.588|8:-1.261:1.589|9:-1.185:4.911|10:-0.390:4.902|11:0.375:4.903|12:1.182:4.901,0,-1.000000000,,0,0,0.000000000,0.000000000,0,-1.000000000,0,,0,-1.000000000,,0,-1.000000000,0,,1,0.302265555,17.318540575,-0.007326126,-0.012209892,1,3.213260889,184.106287417,-0.002442360,-2.769229889,1,-2.870166063,-164.448401929,-0.002442360,2.605127335,1,-0.199702263,-11.442096822,-0.021978378,0.422466278,1,-0.171995163,-9.854596934,-0.036628723,-0.003663063,0.303791434,17.405966996,0.000000000,-0.000000000,2.000000000,1.000000000,3.223179102,184.674559156,0.000000000,-2.824461460,8.500000000,2.500000000,-2.870547533,-164.470258535,0.000000000,2.622268200,3.000000000,0.800000012,-0.201991081,-11.573236454,0.000000000,0.427356541,1.200000048,0.200000003,-0.171995163,-9.854596934,0.000000000,-0.000069375,0.100000001,0.020000000
2026-07-04 13:26:51.346,1783142811.346495390,43.021996564,1,1,43.000570264,1,0.001459522,5,1,0.007787062,5,1,0,0,0,0,1,1,1,1,1,1,0.447480068,-1.120000000,1.590000000,0.000000000,1,32.505639734,12,1,12,1:-1.251:2.428|2:-0.428:2.425|3:0.392:2.424|4:1.223:2.419|5:1.228:1.589|6:0.405:1.588|7:-0.440:1.588|8:-1.261:1.589|9:-1.185:4.911|10:-0.390:4.902|11:0.375:4.903|12:1.182:4.901,0,-1.000000000,,0,0,0.000000000,0.000000000,0,-1.000000000,0,,0,-1.000000000,,0,-1.000000000,0,,1,0.302647024,17.340397180,-0.007326126,-0.007326126,1,3.213260889,184.106287417,-0.002442360,-2.769229889,1,-2.870166063,-164.448401929,-0.002442360,2.605127335,1,-0.199702263,-11.442096822,-0.007326126,0.422466278,1,-0.171995163,-9.854596934,-0.012210846,-0.003663063,0.303791434,17.405966996,0.000000000,-0.000000000,2.000000000,1.000000000,3.223179102,184.674559156,0.000000000,-2.824461460,8.500000000,2.500000000,-2.870547533,-164.470258535,0.000000000,2.622268200,3.000000000,0.800000012,-0.201991081,-11.573236454,0.000000000,0.427356541,1.200000048,0.200000003,-0.171995163,-9.854596934,0.000000000,-0.000069375,0.100000001,0.020000000
2026-07-04 13:26:52.346,1783142812.346529007,44.022030338,1,1,44.000604038,1,0.001585729,5,1,0.007936789,5,1,0,0,0,0,1,1,1,1,1,1,0.316531473,-1.120000000,1.590000000,0.000000000,1,33.505673508,12,1,12,1:-1.251:2.428|2:-0.428:2.425|3:0.392:2.424|4:1.223:2.419|5:1.228:1.589|6:0.405:1.588|7:-0.440:1.588|8:-1.261:1.589|9:-1.185:4.911|10:-0.390:4.902|11:0.375:4.903|12:1.182:4.901,0,-1.000000000,,0,0,0.000000000,0.000000000,0,-1.000000000,0,,0,-1.000000000,,0,-1.000000000,0,,1,0.302647024,17.340397180,-0.007326126,-0.007326126,1,3.213260889,184.106287417,-0.002442360,-2.769229889,1,-2.870166063,-164.448401929,-0.002442360,2.605127335,1,-0.199702263,-11.442096822,0.007326126,0.422466278,1,-0.171995163,-9.854596934,-0.012210846,-0.003663063,0.303791434,17.405966996,0.000000000,-0.000000000,2.000000000,1.000000000,3.223179102,184.674559156,0.000000000,-2.824461460,8.500000000,2.500000000,-2.870547533,-164.470258535,0.000000000,2.622268200,3.000000000,0.800000012,-0.201991081,-11.573236454,0.000000000,0.427356541,1.200000048,0.200000003,-0.171995163,-9.854596934,0.000000000,-0.000069375,0.100000001,0.020000000
2026-07-04 13:26:53.346,1783142813.346553326,45.022054658,1,1,45.000628358,1,0.001575891,5,1,0.007872493,5,1,0,0,0,0,1,1,1,1,1,1,0.066518887,-1.120000000,1.590000000,0.000000000,1,34.505697828,12,1,12,1:-1.251:2.428|2:-0.428:2.425|3:0.392:2.424|4:1.223:2.419|5:1.228:1.589|6:0.405:1.588|7:-0.440:1.588|8:-1.261:1.589|9:-1.185:4.911|10:-0.390:4.902|11:0.375:4.903|12:1.182:4.901,0,-1.000000000,,0,0,0.000000000,0.000000000,0,-1.000000000,0,,0,-1.000000000,,0,-1.000000000,0,,1,0.302647024,17.340397180,-0.007326126,-0.012209892,1,3.213260889,184.106287417,-0.007326126,-2.769229889,1,-2.870166063,-164.448401929,-0.002442360,2.618803024,1,-0.199702263,-11.442096822,0.007326126,0.417582512,1,-0.171995163,-9.854596934,-0.012210846,-0.003663063,0.303791434,17.405966996,0.000000000,-0.000000000,2.000000000,1.000000000,3.223179102,184.674559156,0.000000000,-2.824461460,8.500000000,2.500000000,-2.870547533,-164.470258535,0.000000000,2.622268200,3.000000000,0.800000012,-0.201991081,-11.573236454,0.000000000,0.427356541,1.200000048,0.200000003,-0.171995163,-9.854596934,0.000000000,-0.000069375,0.100000001,0.020000000
2026-07-04 13:26:54.346,1783142814.346566439,46.022067546,1,1,46.000641246,1,0.001367384,5,1,0.007762632,5,1,0,0,0,0,1,1,1,1,1,1,0.306331979,-1.120000000,1.590000000,0.000000000,1,35.505710716,12,1,12,1:-1.251:2.428|2:-0.428:2.425|3:0.392:2.424|4:1.223:2.419|5:1.228:1.589|6:0.405:1.588|7:-0.440:1.588|8:-1.261:1.589|9:-1.185:4.911|10:-0.390:4.902|11:0.375:4.903|12:1.182:4.901,0,-1.000000000,,0,0,0.000000000,0.000000000,0,-1.000000000,0,,0,-1.000000000,,0,-1.000000000,0,,1,0.302647024,17.340397180,-0.007326126,-0.012209892,1,3.213260889,184.106287417,-0.002442360,-2.769229889,1,-2.870166063,-164.448401929,0.002442360,2.605127335,1,-0.199702263,-11.442096822,-0.007326126,0.422466278,1,-0.171995163,-9.854596934,-0.012210846,-0.003663063,0.303791434,17.405966996,0.000000000,-0.000000000,2.000000000,1.000000000,3.223179102,184.674559156,0.000000000,-2.824461460,8.500000000,2.500000000,-2.870547533,-164.470258535,0.000000000,2.622268200,3.000000000,0.800000012,-0.201991081,-11.573236454,0.000000000,0.427356541,1.200000048,0.200000003,-0.171995163,-9.854596934,0.000000000,-0.000069375,0.100000001,0.020000000
2026-07-04 13:26:55.346,1783142815.346598864,47.022100178,1,1,47.000673878,1,0.001159423,5,1,0.007912350,5,1,0,0,0,0,1,1,1,1,1,1,0.178677838,-1.120000000,1.590000000,0.000000000,1,36.505743348,12,1,12,1:-1.251:2.428|2:-0.428:2.425|3:0.392:2.424|4:1.223:2.419|5:1.228:1.589|6:0.405:1.588|7:-0.440:1.588|8:-1.261:1.589|9:-1.185:4.911|10:-0.390:4.902|11:0.375:4.903|12:1.182:4.901,0,-1.000000000,,0,0,0.000000000,0.000000000,0,-1.000000000,0,,0,-1.000000000,,0,-1.000000000,0,,1,0.302647024,17.340397180,-0.007326126,-0.007326126,1,3.213260889,184.106287417,-0.002442360,-2.769229889,1,-2.870166063,-164.448401929,-0.002442360,2.605127335,1,-0.199702263,-11.442096822,-0.021978378,0.422466278,1,-0.171995163,-9.854596934,-0.012210846,-0.003663063,0.303791434,17.405966996,0.000000000,-0.000000000,2.000000000,1.000000000,3.223179102,184.674559156,0.000000000,-2.824461460,8.500000000,2.500000000,-2.870547533,-164.470258535,0.000000000,2.622268200,3.000000000,0.800000012,-0.201991081,-11.573236454,0.000000000,0.427356541,1.200000048,0.200000003,-0.171995163,-9.854596934,0.000000000,-0.000069375,0.100000001,0.020000000
2026-07-04 13:26:56.346,1783142816.346614838,48.022115939,1,1,48.000689639,1,0.001537307,5,1,0.007861947,5,1,0,0,0,0,1,1,1,1,1,1,0.257160365,-1.120000000,1.590000000,0.000000000,1,37.505759109,12,1,12,1:-1.251:2.428|2:-0.428:2.425|3:0.392:2.424|4:1.223:2.419|5:1.228:1.589|6:0.405:1.588|7:-0.440:1.588|8:-1.261:1.589|9:-1.185:4.911|10:-0.390:4.902|11:0.375:4.903|12:1.182:4.901,0,-1.000000000,,0,0,0.000000000,0.000000000,0,-1.000000000,0,,0,-1.000000000,,0,-1.000000000,0,,1,0.302647024,17.340397180,-0.007326126,-0.012209892,1,3.213260889,184.106287417,-0.002442360,-2.769229889,1,-2.870166063,-164.448401929,0.002442360,2.605127335,1,-0.199702263,-11.442096822,-0.007326126,0.422466278,1,-0.171995163,-9.854596934,-0.012210846,-0.001221180,0.303791434,17.405966996,0.000000000,-0.000000000,2.000000000,1.000000000,3.223179102,184.674559156,0.000000000,-2.824461460,8.500000000,2.500000000,-2.870547533,-164.470258535,0.000000000,2.622268200,3.000000000,0.800000012,-0.201991081,-11.573236454,0.000000000,0.427356541,1.200000048,0.200000003,-0.171995163,-9.854596934,0.000000000,-0.000069375,0.100000001,0.020000000
2026-07-04 13:26:57.346,1783142817.346623898,49.022125214,1,1,49.000698914,1,0.001405051,5,1,0.007798621,5,1,0,0,0,0,1,1,1,1,1,1,0.185827527,-1.120000000,1.590000000,0.000000000,1,38.505768384,12,1,12,1:-1.251:2.428|2:-0.428:2.425|3:0.392:2.424|4:1.223:2.419|5:1.228:1.589|6:0.405:1.588|7:-0.440:1.588|8:-1.261:1.589|9:-1.185:4.911|10:-0.390:4.902|11:0.375:4.903|12:1.182:4.901,0,-1.000000000,,0,0,0.000000000,0.000000000,0,-1.000000000,0,,0,-1.000000000,,0,-1.000000000,0,,1,0.302647024,17.340397180,-0.007326126,-0.012209892,1,3.213260889,184.106287417,-0.002442360,-2.755556107,1,-2.870166063,-164.448401929,0.002442360,2.605127335,1,-0.199702263,-11.442096822,0.007326126,0.422466278,1,-0.171995163,-9.854596934,-0.012210846,-0.003663063,0.303791434,17.405966996,0.000000000,-0.000000000,2.000000000,1.000000000,3.223179102,184.674559156,0.000000000,-2.824461460,8.500000000,2.500000000,-2.870547533,-164.470258535,0.000000000,2.622268200,3.000000000,0.800000012,-0.201991081,-11.573236454,0.000000000,0.427356541,1.200000048,0.200000003,-0.171995163,-9.854596934,0.000000000,-0.000069375,0.100000001,0.020000000
2026-07-04 13:26:58.346,1783142818.346663952,50.022165126,1,1,50.000738826,1,0.001638570,5,1,0.007818549,5,1,0,0,0,0,1,1,1,1,1,1,0.372971615,-1.120000000,1.590000000,0.000000000,1,39.505808296,12,1,12,1:-1.251:2.428|2:-0.428:2.425|3:0.392:2.424|4:1.223:2.419|5:1.228:1.589|6:0.405:1.588|7:-0.440:1.588|8:-1.261:1.589|9:-1.185:4.911|10:-0.390:4.902|11:0.375:4.903|12:1.182:4.901,0,-1.000000000,,0,0,0.000000000,0.000000000,0,-1.000000000,0,,0,-1.000000000,,0,-1.000000000,0,,1,0.302647024,17.340397180,0.007326126,-0.007326126,1,3.213260889,184.106287417,0.002442360,-2.769229889,1,-2.870166063,-164.448401929,-0.002442360,2.605127335,1,-0.199702263,-11.442096822,0.007326126,0.422466278,1,-0.171995163,-9.854596934,-0.036628723,-0.003663063,0.303791434,17.405966996,0.000000000,-0.000000000,2.000000000,1.000000000,3.223179102,184.674559156,0.000000000,-2.824461460,8.500000000,2.500000000,-2.870547533,-164.470258535,0.000000000,2.622268200,3.000000000,0.800000012,-0.201991081,-11.573236454,0.000000000,0.427356541,1.200000048,0.200000003,-0.171995163,-9.854596934,0.000000000,-0.000069375,0.100000001,0.020000000
2026-07-04 13:26:59.346,1783142819.346754074,51.022255173,1,1,51.000828873,1,0.001528674,5,1,0.007922572,5,1,0,0,0,0,1,1,1,1,1,1,0.277523115,-1.120000000,1.590000000,0.000000000,1,40.505898343,12,1,12,1:-1.251:2.428|2:-0.428:2.425|3:0.392:2.424|4:1.223:2.419|5:1.228:1.589|6:0.405:1.588|7:-0.440:1.588|8:-1.261:1.589|9:-1.185:4.911|10:-0.390:4.902|11:0.375:4.903|12:1.182:4.901,0,-1.000000000,,0,0,0.000000000,0.000000000,0,-1.000000000,0,,0,-1.000000000,,0,-1.000000000,0,,1,0.302647024,17.340397180,-0.007326126,-0.012209892,1,3.213260889,184.106287417,-0.002442360,-2.769229889,1,-2.870166063,-164.448401929,-0.002442360,2.605127335,1,-0.199702263,-11.442096822,0.007326126,0.422466278,1,-0.171995163,-9.854596934,-0.036628723,-0.003663063,0.303791434,17.405966996,0.000000000,-0.000000000,2.000000000,1.000000000,3.223179102,184.674559156,0.000000000,-2.824461460,8.500000000,2.500000000,-2.870547533,-164.470258535,0.000000000,2.622268200,3.000000000,0.800000012,-0.201991081,-11.573236454,0.000000000,0.427356541,1.200000048,0.200000003,-0.171995163,-9.854596934,0.000000000,-0.000069375,0.100000001,0.020000000
2026-07-04 13:27:00.346,1783142820.346709967,52.022211123,1,1,52.000784823,1,0.001465131,5,1,0.007889393,5,1,0,0,0,0,1,1,1,1,1,1,0.391078351,-1.120000000,1.590000000,0.000000000,1,41.505854293,12,1,12,1:-1.251:2.428|2:-0.428:2.425|3:0.392:2.424|4:1.223:2.419|5:1.228:1.589|6:0.405:1.588|7:-0.440:1.588|8:-1.261:1.589|9:-1.185:4.911|10:-0.390:4.902|11:0.375:4.903|12:1.182:4.901,0,-1.000000000,,0,0,0.000000000,0.000000000,0,-1.000000000,0,,0,-1.000000000,,0,-1.000000000,0,,1,0.302647024,17.340397180,0.007326126,-0.012209892,1,3.213260889,184.106287417,-0.002442360,-2.769229889,1,-2.870166063,-164.448401929,-0.002442360,2.605127335,1,-0.199702263,-11.442096822,-0.007326126,0.417582512,1,-0.171995163,-9.854596934,-0.012210846,-0.001221180,0.303791434,17.405966996,0.000000000,-0.000000000,2.000000000,1.000000000,3.223179102,184.674559156,0.000000000,-2.824461460,8.500000000,2.500000000,-2.870547533,-164.470258535,0.000000000,2.622268200,3.000000000,0.800000012,-0.201991081,-11.573236454,0.000000000,0.427356541,1.200000048,0.200000003,-0.171995163,-9.854596934,0.000000000,-0.000069375,0.100000001,0.020000000
2026-07-04 13:27:01.346,1783142821.346775293,53.022276413,1,1,53.000850113,1,0.001661925,5,1,0.007903592,5,1,0,0,0,0,1,1,1,1,1,1,0.513461232,-1.120000000,1.590000000,0.000000000,1,42.505919583,12,1,12,1:-1.251:2.428|2:-0.428:2.425|3:0.392:2.424|4:1.223:2.419|5:1.228:1.589|6:0.405:1.588|7:-0.440:1.588|8:-1.261:1.589|9:-1.185:4.911|10:-0.390:4.902|11:0.375:4.903|12:1.182:4.901,0,-1.000000000,,0,0,0.000000000,0.000000000,0,-1.000000000,0,,0,-1.000000000,,0,-1.000000000,0,,1,0.302265555,17.318540575,-0.007326126,-0.012209892,1,3.213260889,184.106287417,-0.002442360,-2.769229889,1,-2.870166063,-164.448401929,-0.002442360,2.605127335,1,-0.199702263,-11.442096822,-0.007326126,0.422466278,1,-0.171611786,-9.832631046,0.012210846,-0.003663063,0.303791434,17.405966996,0.000000000,-0.000000000,2.000000000,1.000000000,3.223179102,184.674559156,0.000000000,-2.824461460,8.500000000,2.500000000,-2.870547533,-164.470258535,0.000000000,2.622268200,3.000000000,0.800000012,-0.201991081,-11.573236454,0.000000000,0.427356541,1.200000048,0.200000003,-0.171995163,-9.854596934,0.000000000,-0.000069375,0.100000001,0.020000000
2026-07-04 13:27:02.346,1783142822.346796513,54.022297650,1,1,54.000871350,1,0.681685357,5,1,0.677958439,5,1,0,0,0,0,1,1,1,1,1,1,1.513482469,-1.120000000,1.590000000,0.000000000,1,43.505940820,12,1,12,1:-1.251:2.428|2:-0.428:2.425|3:0.392:2.424|4:1.223:2.419|5:1.228:1.589|6:0.405:1.588|7:-0.440:1.588|8:-1.261:1.589|9:-1.185:4.911|10:-0.390:4.902|11:0.375:4.903|12:1.182:4.901,0,-1.000000000,,0,0,0.000000000,0.000000000,0,-1.000000000,0,,0,-1.000000000,,0,-1.000000000,0,,1,0.302265555,17.318540575,-0.021978378,-0.012209892,1,3.213260889,184.106287417,-0.002442360,-2.769229889,1,-2.870166063,-164.448401929,-0.002442360,2.605127335,1,-0.199702263,-11.442096822,-0.007326126,0.422466278,1,-0.171995163,-9.854596934,-0.012210846,-0.001221180,0.303791434,17.405966996,0.000000000,-0.000000000,2.000000000,1.000000000,3.223179102,184.674559156,0.000000000,-2.824461460,8.500000000,2.500000000,-2.870547533,-164.470258535,0.000000000,2.622268200,3.000000000,0.800000012,-0.201991081,-11.573236454,0.000000000,0.427356541,1.200000048,0.200000003,-0.171995163,-9.854596934,0.000000000,-0.000069375,0.100000001,0.020000000
2026-07-04 13:27:03.346,1783142823.346815586,55.022316640,1,1,55.000890340,1,1.681704347,5,1,1.677977429,5,1,0,0,0,0,1,1,1,1,1,1,0.657524327,-1.120000000,1.590000000,0.000000000,1,44.505959810,12,1,12,1:-1.251:2.428|2:-0.428:2.425|3:0.392:2.424|4:1.223:2.419|5:1.228:1.589|6:0.405:1.588|7:-0.440:1.588|8:-1.261:1.589|9:-1.185:4.911|10:-0.390:4.902|11:0.375:4.903|12:1.182:4.901,0,-1.000000000,,0,0,0.000000000,0.000000000,0,-1.000000000,0,,0,-1.000000000,,0,-1.000000000,0,,1,0.302265555,17.318540575,-0.021978378,-0.012209892,1,3.213260889,184.106287417,-0.002442360,-2.769229889,1,-2.870166063,-164.448401929,-0.002442360,2.605127335,1,-0.199702263,-11.442096822,-0.007326126,0.422466278,1,-0.171995163,-9.854596934,-0.012210846,-0.001221180,0.303791434,17.405966996,0.000000000,-0.000000000,2.000000000,1.000000000,3.223179102,184.674559156,0.000000000,-2.824461460,8.500000000,2.500000000,-2.870547533,-164.470258535,0.000000000,2.622268200,3.000000000,0.800000012,-0.201991081,-11.573236454,0.000000000,0.427356541,1.200000048,0.200000003,-0.171995163,-9.854596934,0.000000000,-0.000069375,0.100000001,0.020000000
2026-07-04 13:27:04.346,1783142824.346863031,56.022364333,1,1,56.000938033,1,0.000695006,5,1,0.007928128,5,1,0,0,0,0,1,1,1,1,1,1,0.701031117,-1.120000000,1.590000000,0.000000000,1,45.506007503,12,1,12,1:-1.251:2.428|2:-0.428:2.425|3:0.392:2.424|4:1.223:2.419|5:1.228:1.589|6:0.405:1.588|7:-0.440:1.588|8:-1.261:1.589|9:-1.185:4.911|10:-0.390:4.902|11:0.375:4.903|12:1.182:4.901,0,-1.000000000,,0,0,0.000000000,0.000000000,0,-1.000000000,0,,0,-1.000000000,,0,-1.000000000,0,,1,0.302647024,17.340397180,-0.007326126,-0.007326126,1,3.213260889,184.106287417,-0.002442360,-2.769229889,1,-2.870166063,-164.448401929,-0.002442360,2.605127335,1,-0.199702263,-11.442096822,-0.007326126,0.422466278,1,-0.171995163,-9.854596934,-0.036628723,-0.003663063,0.303791434,17.405966996,0.000000000,-0.000000000,2.000000000,1.000000000,3.223179102,184.674559156,0.000000000,-2.824461460,8.500000000,2.500000000,-2.870547533,-164.470258535,0.000000000,2.622268200,3.000000000,0.800000012,-0.201991081,-11.573236454,0.000000000,0.427356541,1.200000048,0.200000003,-0.171995163,-9.854596934,0.000000000,-0.000069375,0.100000001,0.020000000
2026-07-04 13:27:05.346,1783142825.346836567,57.022337792,1,1,57.000911492,1,0.001482844,5,1,0.007839124,5,1,0,1,0,0,1,1,1,1,1,1,0.160367255,-1.120000000,1.590000000,0.000000000,1,46.505980962,12,1,12,1:-1.251:2.428|2:-0.428:2.425|3:0.392:2.424|4:1.223:2.419|5:1.228:1.589|6:0.405:1.588|7:-0.440:1.588|8:-1.261:1.589|9:-1.185:4.911|10:-0.390:4.902|11:0.375:4.903|12:1.182:4.901,0,-1.000000000,,0,0,0.000000000,0.000000000,0,-1.000000000,0,,0,-1.000000000,,0,-1.000000000,0,,1,0.302647024,17.340397180,-0.007326126,-0.012209892,1,3.213260889,184.106287417,-0.002442360,-2.769229889,1,-2.870166063,-164.448401929,-0.002442360,2.605127335,1,-0.199702263,-11.442096822,-0.007326126,0.422466278,1,-0.171995163,-9.854596934,-0.012210846,-0.003663063,0.303791434,17.405966996,0.000000000,-0.000000000,2.000000000,1.000000000,3.223179102,184.674559156,0.000000000,-2.824461460,8.500000000,2.500000000,-2.870547533,-164.470258535,0.000000000,2.622268200,3.000000000,0.800000012,-0.201991081,-11.573236454,0.000000000,0.427356541,1.200000048,0.200000003,-0.171995163,-9.854596934,0.000000000,-0.000069375,0.100000001,0.020000000
2026-07-04 13:27:06.346,1783142826.346844435,58.022345579,1,1,58.000919279,1,0.001448588,5,1,0.007780923,5,1,0,1,0,0,1,1,1,1,1,1,0.396382422,-1.120000000,1.590000000,0.000000000,1,47.505988749,12,1,12,1:-1.251:2.428|2:-0.428:2.425|3:0.392:2.424|4:1.223:2.419|5:1.228:1.589|6:0.405:1.588|7:-0.440:1.588|8:-1.261:1.589|9:-1.185:4.911|10:-0.390:4.902|11:0.375:4.903|12:1.182:4.901,0,-1.000000000,,0,0,0.000000000,0.000000000,0,-1.000000000,0,,0,-1.000000000,,0,-1.000000000,0,,1,0.302647024,17.340397180,-0.007326126,-0.007326126,1,3.213260889,184.106287417,0.002442360,-2.769229889,1,-2.870166063,-164.448401929,-0.002442360,2.605127335,1,-0.199702263,-11.442096822,-0.007326126,0.422466278,1,-0.171995163,-9.854596934,0.012210846,-0.003663063,0.303791434,17.405966996,0.000000000,-0.000000000,2.000000000,1.000000000,3.223179102,184.674559156,0.000000000,-2.824461460,8.500000000,2.500000000,-2.870547533,-164.470258535,0.000000000,2.622268200,3.000000000,0.800000012,-0.201991081,-11.573236454,0.000000000,0.427356541,1.200000048,0.200000003,-0.171995163,-9.854596934,0.000000000,-0.000069375,0.100000001,0.020000000
2026-07-04 13:27:07.347,1783142827.346965075,59.022466176,1,1,59.001039876,1,0.001430685,5,1,0.007869199,5,1,0,1,0,0,1,1,1,1,1,1,1.396503019,-1.120000000,1.590000000,0.000000000,1,48.506109346,12,1,12,1:-1.251:2.428|2:-0.428:2.425|3:0.392:2.424|4:1.223:2.419|5:1.228:1.589|6:0.405:1.588|7:-0.440:1.588|8:-1.261:1.589|9:-1.185:4.911|10:-0.390:4.902|11:0.375:4.903|12:1.182:4.901,0,-1.000000000,,0,0,0.000000000,0.000000000,0,-1.000000000,0,,0,-1.000000000,,0,-1.000000000,0,,1,0.302647024,17.340397180,-0.007326126,-0.007326126,1,3.213260889,184.106287417,-0.002442360,-2.769229889,1,-2.870166063,-164.448401929,-0.002442360,2.605127335,1,-0.199702263,-11.442096822,-0.007326126,0.422466278,1,-0.171995163,-9.854596934,-0.061050415,-0.001221180,0.303791434,17.405966996,0.000000000,-0.000000000,2.000000000,1.000000000,3.223179102,184.674559156,0.000000000,-2.824461460,8.500000000,2.500000000,-2.870547533,-164.470258535,0.000000000,2.622268200,3.000000000,0.800000012,-0.201991081,-11.573236454,0.000000000,0.427356541,1.200000048,0.200000003,-0.171995163,-9.854596934,0.000000000,-0.000069375,0.100000001,0.020000000
2026-07-04 13:27:08.346,1783142828.346912861,60.022413858,1,1,60.000987558,1,0.001426746,5,1,0.007636703,5,1,0,1,0,0,1,1,1,1,1,1,2.396450701,-1.120000000,1.590000000,0.000000000,1,49.506057028,12,1,12,1:-1.251:2.428|2:-0.428:2.425|3:0.392:2.424|4:1.223:2.419|5:1.228:1.589|6:0.405:1.588|7:-0.440:1.588|8:-1.261:1.589|9:-1.185:4.911|10:-0.390:4.902|11:0.375:4.903|12:1.182:4.901,0,-1.000000000,,0,0,0.000000000,0.000000000,0,-1.000000000,0,,0,-1.000000000,,0,-1.000000000,0,,1,0.302647024,17.340397180,-0.021978378,-0.012209892,1,3.213260889,184.106287417,-0.002442360,-2.769229889,1,-2.870166063,-164.448401929,-0.002442360,2.618803024,1,-0.199702263,-11.442096822,-0.007326126,0.422466278,1,-0.171995163,-9.854596934,0.012210846,-0.001221180,0.303791434,17.405966996,0.000000000,-0.000000000,2.000000000,1.000000000,3.223179102,184.674559156,0.000000000,-2.824461460,8.500000000,2.500000000,-2.870547533,-164.470258535,0.000000000,2.622268200,3.000000000,0.800000012,-0.201991081,-11.573236454,0.000000000,0.427356541,1.200000048,0.200000003,-0.171995163,-9.854596934,0.000000000,-0.000069375,0.100000001,0.020000000
2026-07-04 13:27:09.346,1783142829.346907616,61.022408786,1,1,61.000982486,1,0.001493056,5,1,0.007656798,5,1,0,1,0,0,1,1,1,1,1,1,3.396445629,-1.120000000,1.590000000,0.000000000,1,50.506051956,12,1,12,1:-1.251:2.428|2:-0.428:2.425|3:0.392:2.424|4:1.223:2.419|5:1.228:1.589|6:0.405:1.588|7:-0.440:1.588|8:-1.261:1.589|9:-1.185:4.911|10:-0.390:4.902|11:0.375:4.903|12:1.182:4.901,0,-1.000000000,,0,0,0.000000000,0.000000000,0,-1.000000000,0,,0,-1.000000000,,0,-1.000000000,0,,1,0.302265555,17.318540575,-0.021978378,-0.007326126,1,3.213260889,184.106287417,-0.002442360,-2.769229889,1,-2.870166063,-164.448401929,-0.002442360,2.605127335,1,-0.199702263,-11.442096822,0.007326126,0.422466278,1,-0.171995163,-9.854596934,-0.012210846,-0.003663063,0.303791434,17.405966996,0.000000000,-0.000000000,2.000000000,1.000000000,3.223179102,184.674559156,0.000000000,-2.824461460,8.500000000,2.500000000,-2.870547533,-164.470258535,0.000000000,2.622268200,3.000000000,0.800000012,-0.201991081,-11.573236454,0.000000000,0.427356541,1.200000048,0.200000003,-0.171995163,-9.854596934,0.000000000,-0.000069375,0.100000001,0.020000000
2026-07-04 13:27:10.347,1783142830.346961498,62.022462491,1,1,62.001036191,1,0.001669289,5,1,0.007930290,5,1,0,1,0,0,1,1,1,1,1,1,0.158985789,-1.120000000,1.590000000,0.000000000,1,51.506105661,12,1,12,1:-1.251:2.428|2:-0.428:2.425|3:0.392:2.424|4:1.223:2.419|5:1.228:1.589|6:0.405:1.588|7:-0.440:1.588|8:-1.261:1.589|9:-1.185:4.911|10:-0.390:4.902|11:0.375:4.903|12:1.182:4.901,0,-1.000000000,,0,0,0.000000000,0.000000000,0,-1.000000000,0,,0,-1.000000000,,0,-1.000000000,0,,1,0.302647024,17.340397180,-0.007326126,-0.012209892,1,3.213260889,184.106287417,-0.002442360,-2.769229889,1,-2.870166063,-164.448401929,-0.002442360,2.605127335,1,-0.199702263,-11.442096822,-0.007326126,0.422466278,1,-0.171995163,-9.854596934,-0.036628723,-0.003663063,0.303791434,17.405966996,0.000000000,-0.000000000,2.000000000,1.000000000,3.223179102,184.674559156,0.000000000,-2.824461460,8.500000000,2.500000000,-2.870547533,-164.470258535,0.000000000,2.622268200,3.000000000,0.800000012,-0.201991081,-11.573236454,0.000000000,0.427356541,1.200000048,0.200000003,-0.171995163,-9.854596934,0.000000000,-0.000069375,0.100000001,0.020000000
2026-07-04 13:27:11.347,1783142831.346959591,63.022460898,1,1,63.001034598,1,0.001400592,5,1,0.007840500,5,1,0,1,0,0,1,1,1,1,1,1,0.618673758,-1.120000000,1.590000000,0.000000000,1,52.506104068,12,1,12,1:-1.251:2.428|2:-0.428:2.425|3:0.392:2.424|4:1.223:2.419|5:1.228:1.589|6:0.405:1.588|7:-0.440:1.588|8:-1.261:1.589|9:-1.185:4.911|10:-0.390:4.902|11:0.375:4.903|12:1.182:4.901,0,-1.000000000,,0,0,0.000000000,0.000000000,0,-1.000000000,0,,0,-1.000000000,,0,-1.000000000,0,,1,0.302647024,17.340397180,0.007326126,-0.012209892,1,3.213260889,184.106287417,-0.002442360,-2.769229889,1,-2.870166063,-164.448401929,-0.002442360,2.605127335,1,-0.199702263,-11.442096822,-0.007326126,0.422466278,1,-0.171995163,-9.854596934,-0.012210846,-0.003663063,0.303791434,17.405966996,0.000000000,-0.000000000,2.000000000,1.000000000,3.223179102,184.674559156,0.000000000,-2.824461460,8.500000000,2.500000000,-2.870547533,-164.470258535,0.000000000,2.622268200,3.000000000,0.800000012,-0.201991081,-11.573236454,0.000000000,0.427356541,1.200000048,0.200000003,-0.171995163,-9.854596934,0.000000000,-0.000069375,0.100000001,0.020000000
2026-07-04 13:27:12.347,1783142832.346957684,64.022458736,1,1,64.001032436,1,0.001424502,5,1,0.007897493,5,1,0,1,0,0,1,1,1,1,1,1,0.046582715,-1.120000000,1.590000000,0.000000000,1,53.506101906,12,1,12,1:-1.251:2.428|2:-0.428:2.425|3:0.392:2.424|4:1.223:2.419|5:1.228:1.589|6:0.405:1.588|7:-0.440:1.588|8:-1.261:1.589|9:-1.185:4.911|10:-0.390:4.902|11:0.375:4.903|12:1.182:4.901,0,-1.000000000,,0,0,0.000000000,0.000000000,0,-1.000000000,0,,0,-1.000000000,,0,-1.000000000,0,,1,0.302647024,17.340397180,-0.007326126,-0.012209892,1,3.213260889,184.106287417,-0.002442360,-2.769229889,1,-2.870166063,-164.448401929,-0.002442360,2.605127335,1,-0.199702263,-11.442096822,-0.007326126,0.417582512,1,-0.171995163,-9.854596934,-0.012210846,-0.003663063,0.303791434,17.405966996,0.000000000,-0.000000000,2.000000000,1.000000000,3.223179102,184.674559156,0.000000000,-2.824461460,8.500000000,2.500000000,-2.870547533,-164.470258535,0.000000000,2.622268200,3.000000000,0.800000012,-0.201991081,-11.573236454,0.000000000,0.427356541,1.200000048,0.200000003,-0.171995163,-9.854596934,0.000000000,-0.000069375,0.100000001,0.020000000
2026-07-04 13:27:13.347,1783142833.347031832,65.022533039,1,1,65.001106739,1,0.001413186,5,1,0.007816120,5,1,0,1,0,0,1,1,1,1,1,1,0.264155706,-1.120000000,1.590000000,0.000000000,1,54.506176209,12,1,12,1:-1.251:2.428|2:-0.428:2.425|3:0.392:2.424|4:1.223:2.419|5:1.228:1.589|6:0.405:1.588|7:-0.440:1.588|8:-1.261:1.589|9:-1.185:4.911|10:-0.390:4.902|11:0.375:4.903|12:1.182:4.901,0,-1.000000000,,0,0,0.000000000,0.000000000,0,-1.000000000,0,,0,-1.000000000,,0,-1.000000000,0,,1,0.302265555,17.318540575,-0.007326126,-0.007326126,1,3.213260889,184.106287417,-0.002442360,-2.769229889,1,-2.870166063,-164.448401929,-0.002442360,2.605127335,1,-0.199702263,-11.442096822,-0.021978378,0.422466278,1,-0.171995163,-9.854596934,-0.036628723,-0.003663063,0.303791434,17.405966996,0.000000000,-0.000000000,2.000000000,1.000000000,3.223179102,184.674559156,0.000000000,-2.824461460,8.500000000,2.500000000,-2.870547533,-164.470258535,0.000000000,2.622268200,3.000000000,0.800000012,-0.201991081,-11.573236454,0.000000000,0.427356541,1.200000048,0.200000003,-0.171995163,-9.854596934,0.000000000,-0.000069375,0.100000001,0.020000000
2026-07-04 13:27:14.347,1783142834.347001553,66.022502903,1,1,66.001076603,1,0.001348128,5,1,0.007727024,5,1,0,1,0,0,1,1,1,1,1,1,0.036786872,-1.120000000,1.590000000,0.000000000,1,55.506146073,12,1,12,1:-1.251:2.428|2:-0.428:2.425|3:0.392:2.424|4:1.223:2.419|5:1.228:1.589|6:0.405:1.588|7:-0.440:1.588|8:-1.261:1.589|9:-1.185:4.911|10:-0.390:4.902|11:0.375:4.903|12:1.182:4.901,0,-1.000000000,,0,0,0.000000000,0.000000000,0,-1.000000000,0,,0,-1.000000000,,0,-1.000000000,0,,1,0.302265555,17.318540575,-0.021978378,-0.012209892,1,3.213260889,184.106287417,-0.002442360,-2.755556107,1,-2.870166063,-164.448401929,-0.002442360,2.605127335,1,-0.199702263,-11.442096822,0.007326126,0.422466278,1,-0.171995163,-9.854596934,-0.036628723,-0.003663063,0.303791434,17.405966996,0.000000000,-0.000000000,2.000000000,1.000000000,3.223179102,184.674559156,0.000000000,-2.824461460,8.500000000,2.500000000,-2.870547533,-164.470258535,0.000000000,2.622268200,3.000000000,0.800000012,-0.201991081,-11.573236454,0.000000000,0.427356541,1.200000048,0.200000003,-0.171995163,-9.854596934,0.000000000,-0.000069375,0.100000001,0.020000000
2026-07-04 13:27:15.347,1783142835.347038507,67.022539545,1,1,67.001113245,1,0.001526819,5,1,0.007830623,5,1,0,1,0,0,1,1,1,1,1,1,0.134045017,-1.120000000,1.590000000,0.000000000,1,56.506182715,12,1,12,1:-1.251:2.428|2:-0.428:2.425|3:0.392:2.424|4:1.223:2.419|5:1.228:1.589|6:0.405:1.588|7:-0.440:1.588|8:-1.261:1.589|9:-1.185:4.911|10:-0.390:4.902|11:0.375:4.903|12:1.182:4.901,0,-1.000000000,,0,0,0.000000000,0.000000000,0,-1.000000000,0,,0,-1.000000000,,0,-1.000000000,0,,1,0.302265555,17.318540575,-0.007326126,-0.012209892,1,3.213260889,184.106287417,-0.007326126,-2.769229889,1,-2.870166063,-164.448401929,-0.002442360,2.618803024,1,-0.199702263,-11.442096822,-0.021978378,0.422466278,1,-0.171995163,-9.854596934,-0.012210846,-0.003663063,0.303791434,17.405966996,0.000000000,-0.000000000,2.000000000,1.000000000,3.223179102,184.674559156,0.000000000,-2.824461460,8.500000000,2.500000000,-2.870547533,-164.470258535,0.000000000,2.622268200,3.000000000,0.800000012,-0.201991081,-11.573236454,0.000000000,0.427356541,1.200000048,0.200000003,-0.171995163,-9.854596934,0.000000000,-0.000069375,0.100000001,0.020000000
2026-07-04 13:27:16.347,1783142836.347050905,68.022552249,1,1,68.001125949,1,0.001322930,5,1,0.007712585,5,1,0,1,0,0,1,1,1,1,1,1,0.036534764,-1.120000000,1.590000000,0.000000000,1,57.506195419,12,1,12,1:-1.251:2.428|2:-0.428:2.425|3:0.392:2.424|4:1.223:2.419|5:1.228:1.589|6:0.405:1.588|7:-0.440:1.588|8:-1.261:1.589|9:-1.185:4.911|10:-0.390:4.902|11:0.375:4.903|12:1.182:4.901,0,-1.000000000,,0,0,0.000000000,0.000000000,0,-1.000000000,0,,0,-1.000000000,,0,-1.000000000,0,,1,0.302265555,17.318540575,-0.007326126,-0.012209892,1,3.213260889,184.106287417,0.002442360,-2.769229889,1,-2.870166063,-164.448401929,-0.002442360,2.605127335,1,-0.199702263,-11.442096822,-0.007326126,0.422466278,1,-0.171995163,-9.854596934,-0.036628723,-0.001221180,0.303791434,17.405966996,0.000000000,-0.000000000,2.000000000,1.000000000,3.223179102,184.674559156,0.000000000,-2.824461460,8.500000000,2.500000000,-2.870547533,-164.470258535,0.000000000,2.622268200,3.000000000,0.800000012,-0.201991081,-11.573236454,0.000000000,0.427356541,1.200000048,0.200000003,-0.171995163,-9.854596934,0.000000000,-0.000069375,0.100000001,0.020000000
2026-07-04 13:27:17.347,1783142837.347072840,69.022574009,1,1,69.001147709,1,0.001221692,5,1,0.007878642,5,1,0,1,0,0,1,1,1,1,1,1,0.136092020,-1.120000000,1.590000000,0.000000000,1,58.506217179,12,1,12,1:-1.251:2.428|2:-0.428:2.425|3:0.392:2.424|4:1.223:2.419|5:1.228:1.589|6:0.405:1.588|7:-0.440:1.588|8:-1.261:1.589|9:-1.185:4.911|10:-0.390:4.902|11:0.375:4.903|12:1.182:4.901,0,-1.000000000,,0,0,0.000000000,0.000000000,0,-1.000000000,0,,0,-1.000000000,,0,-1.000000000,0,,1,0.302647024,17.340397180,-0.007326126,-0.012209892,1,3.213260889,184.106287417,-0.002442360,-2.769229889,1,-2.870166063,-164.448401929,-0.002442360,2.605127335,1,-0.199702263,-11.442096822,-0.007326126,0.417582512,1,-0.171995163,-9.854596934,-0.036628723,-0.001221180,0.303791434,17.405966996,0.000000000,-0.000000000,2.000000000,1.000000000,3.223179102,184.674559156,0.000000000,-2.824461460,8.500000000,2.500000000,-2.870547533,-164.470258535,0.000000000,2.622268200,3.000000000,0.800000012,-0.201991081,-11.573236454,0.000000000,0.427356541,1.200000048,0.200000003,-0.171995163,-9.854596934,0.000000000,-0.000069375,0.100000001,0.020000000
2026-07-04 13:27:18.347,1783142838.347111702,70.022612870,1,1,70.001186570,1,0.001591689,5,1,0.007847644,5,1,0,1,0,0,1,1,1,1,1,1,0.197558774,-1.120000000,1.590000000,0.000000000,1,59.506256040,12,1,12,1:-1.251:2.428|2:-0.428:2.425|3:0.392:2.424|4:1.223:2.419|5:1.228:1.589|6:0.405:1.588|7:-0.440:1.588|8:-1.261:1.589|9:-1.185:4.911|10:-0.390:4.902|11:0.375:4.903|12:1.182:4.901,0,-1.000000000,,0,0,0.000000000,0.000000000,0,-1.000000000,0,,0,-1.000000000,,0,-1.000000000,0,,1,0.302647024,17.340397180,0.007326126,-0.007326126,1,3.213260889,184.106287417,-0.002442360,-2.769229889,1,-2.870166063,-164.448401929,-0.007326126,2.605127335,1,-0.199702263,-11.442096822,-0.007326126,0.417582512,1,-0.171995163,-9.854596934,-0.012210846,-0.003663063,0.303791434,17.405966996,0.000000000,-0.000000000,2.000000000,1.000000000,3.223179102,184.674559156,0.000000000,-2.824461460,8.500000000,2.500000000,-2.870547533,-164.470258535,0.000000000,2.622268200,3.000000000,0.800000012,-0.201991081,-11.573236454,0.000000000,0.427356541,1.200000048,0.200000003,-0.171995163,-9.854596934,0.000000000,-0.000069375,0.100000001,0.020000000
2026-07-04 13:27:19.347,1783142839.347106934,71.022608031,1,1,71.001181731,1,0.001568954,5,1,0.007858733,5,1,0,1,0,0,1,1,1,1,1,1,0.076750222,-1.120000000,1.590000000,0.000000000,1,60.506251201,12,1,12,1:-1.251:2.428|2:-0.428:2.425|3:0.392:2.424|4:1.223:2.419|5:1.228:1.589|6:0.405:1.588|7:-0.440:1.588|8:-1.261:1.589|9:-1.185:4.911|10:-0.390:4.902|11:0.375:4.903|12:1.182:4.901,0,-1.000000000,,0,0,0.000000000,0.000000000,0,-1.000000000,0,,0,-1.000000000,,0,-1.000000000,0,,1,0.302647024,17.340397180,-0.007326126,-0.007326126,1,3.213260889,184.106287417,-0.007326126,-2.769229889,1,-2.870166063,-164.448401929,-0.007326126,2.605127335,1,-0.199702263,-11.442096822,0.007326126,0.422466278,1,-0.171995163,-9.854596934,-0.036628723,-0.003663063,0.303791434,17.405966996,0.000000000,-0.000000000,2.000000000,1.000000000,3.223179102,184.674559156,0.000000000,-2.824461460,8.500000000,2.500000000,-2.870547533,-164.470258535,0.000000000,2.622268200,3.000000000,0.800000012,-0.201991081,-11.573236454,0.000000000,0.427356541,1.200000048,0.200000003,-0.171995163,-9.854596934,0.000000000,-0.000069375,0.100000001,0.020000000
2026-07-04 13:27:20.347,1783142840.347139359,72.022640611,1,1,72.001214311,1,0.001481298,5,1,0.007851552,5,1,0,1,0,0,1,1,1,1,1,1,0.052574290,-1.120000000,1.590000000,0.000000000,1,61.506283781,12,1,12,1:-1.251:2.428|2:-0.428:2.425|3:0.392:2.424|4:1.223:2.419|5:1.228:1.589|6:0.405:1.588|7:-0.440:1.588|8:-1.261:1.589|9:-1.185:4.911|10:-0.390:4.902|11:0.375:4.903|12:1.182:4.901,0,-1.000000000,,0,0,0.000000000,0.000000000,0,-1.000000000,0,,0,-1.000000000,,0,-1.000000000,0,,1,0.302647024,17.340397180,-0.007326126,-0.007326126,1,3.213260889,184.106287417,-0.002442360,-2.769229889,1,-2.870166063,-164.448401929,0.002442360,2.605127335,1,-0.199702263,-11.442096822,-0.007326126,0.417582512,1,-0.171611786,-9.832631046,-0.012210846,-0.003663063,0.303791434,17.405966996,0.000000000,-0.000000000,2.000000000,1.000000000,3.223179102,184.674559156,0.000000000,-2.824461460,8.500000000,2.500000000,-2.870547533,-164.470258535,0.000000000,2.622268200,3.000000000,0.800000012,-0.201991081,-11.573236454,0.000000000,0.427356541,1.200000048,0.200000003,-0.171995163,-9.854596934,0.000000000,-0.000069375,0.100000001,0.020000000
2026-07-04 13:27:21.347,1783142841.347156048,73.022657118,1,1,73.001230818,1,0.001575851,5,1,0.007887230,5,1,0,1,0,0,1,1,1,1,1,1,0.074067828,-1.120000000,1.590000000,0.000000000,1,62.506300288,12,1,12,1:-1.251:2.428|2:-0.428:2.425|3:0.392:2.424|4:1.223:2.419|5:1.228:1.589|6:0.405:1.588|7:-0.440:1.588|8:-1.261:1.589|9:-1.185:4.911|10:-0.390:4.902|11:0.375:4.903|12:1.182:4.901,0,-1.000000000,,0,0,0.000000000,0.000000000,0,-1.000000000,0,,0,-1.000000000,,0,-1.000000000,0,,1,0.302647024,17.340397180,-0.007326126,-0.007326126,1,3.213260889,184.106287417,-0.002442360,-2.769229889,1,-2.870166063,-164.448401929,-0.002442360,2.605127335,1,-0.199702263,-11.442096822,-0.007326126,0.422466278,1,-0.171995163,-9.854596934,-0.012210846,-0.003663063,0.303791434,17.405966996,0.000000000,-0.000000000,2.000000000,1.000000000,3.223179102,184.674559156,0.000000000,-2.824461460,8.500000000,2.500000000,-2.870547533,-164.470258535,0.000000000,2.622268200,3.000000000,0.800000012,-0.201991081,-11.573236454,0.000000000,0.427356541,1.200000048,0.200000003,-0.171995163,-9.854596934,0.000000000,-0.000069375,0.100000001,0.020000000
2026-07-04 13:27:22.347,1783142842.347189188,74.022690374,1,1,74.001264074,1,0.001578143,5,1,0.007721998,5,1,0,1,0,0,1,1,1,1,1,1,0.054051891,-1.120000000,1.590000000,0.000000000,1,63.506333544,12,1,12,1:-1.251:2.428|2:-0.428:2.425|3:0.392:2.424|4:1.223:2.419|5:1.228:1.589|6:0.405:1.588|7:-0.440:1.588|8:-1.261:1.589|9:-1.185:4.911|10:-0.390:4.902|11:0.375:4.903|12:1.182:4.901,0,-1.000000000,,0,0,0.000000000,0.000000000,0,-1.000000000,0,,0,-1.000000000,,0,-1.000000000,0,,1,0.302647024,17.340397180,-0.021978378,-0.012209892,1,3.213260889,184.106287417,-0.002442360,-2.769229889,1,-2.870166063,-164.448401929,0.002442360,2.605127335,1,-0.199702263,-11.442096822,-0.007326126,0.422466278,1,-0.171995163,-9.854596934,0.012210846,-0.001221180,0.303791434,17.405966996,0.000000000,-0.000000000,2.000000000,1.000000000,3.223179102,184.674559156,0.000000000,-2.824461460,8.500000000,2.500000000,-2.870547533,-164.470258535,0.000000000,2.622268200,3.000000000,0.800000012,-0.201991081,-11.573236454,0.000000000,0.427356541,1.200000048,0.200000003,-0.171995163,-9.854596934,0.000000000,-0.000069375,0.100000001,0.020000000
2026-07-04 13:27:23.347,1783142843.347234726,75.022736007,1,1,75.001309707,1,0.001479307,5,1,0.007827047,5,1,0,1,0,0,1,1,1,1,1,1,0.078222565,-1.120000000,1.590000000,0.000000000,1,64.506379177,12,1,12,1:-1.251:2.428|2:-0.428:2.425|3:0.392:2.424|4:1.223:2.419|5:1.228:1.589|6:0.405:1.588|7:-0.440:1.588|8:-1.261:1.589|9:-1.185:4.911|10:-0.390:4.902|11:0.375:4.903|12:1.182:4.901,0,-1.000000000,,0,0,0.000000000,0.000000000,0,-1.000000000,0,,0,-1.000000000,,0,-1.000000000,0,,1,0.302265555,17.318540575,-0.007326126,-0.007326126,1,3.213260889,184.106287417,-0.007326126,-2.769229889,1,-2.870166063,-164.448401929,-0.007326126,2.605127335,1,-0.199702263,-11.442096822,-0.007326126,0.422466278,1,-0.171995163,-9.854596934,-0.036628723,-0.003663063,0.303791434,17.405966996,0.000000000,-0.000000000,2.000000000,1.000000000,3.223179102,184.674559156,0.000000000,-2.824461460,8.500000000,2.500000000,-2.870547533,-164.470258535,0.000000000,2.622268200,3.000000000,0.800000012,-0.201991081,-11.573236454,0.000000000,0.427356541,1.200000048,0.200000003,-0.171995163,-9.854596934,0.000000000,-0.000069375,0.100000001,0.020000000
2026-07-04 13:27:24.347,1783142844.347227573,76.022728733,1,1,76.001302433,1,0.001457788,5,1,0.007899696,5,1,0,1,0,0,1,1,1,1,1,1,0.157585683,-1.120000000,1.590000000,0.000000000,1,65.506371903,12,1,12,1:-1.251:2.428|2:-0.428:2.425|3:0.392:2.424|4:1.223:2.419|5:1.228:1.589|6:0.405:1.588|7:-0.440:1.588|8:-1.261:1.589|9:-1.185:4.911|10:-0.390:4.902|11:0.375:4.903|12:1.182:4.901,0,-1.000000000,,0,0,0.000000000,0.000000000,0,-1.000000000,0,,0,-1.000000000,,0,-1.000000000,0,,1,0.302647024,17.340397180,-0.007326126,-0.012209892,1,3.213260889,184.106287417,0.002442360,-2.769229889,1,-2.870166063,-164.448401929,-0.002442360,2.605127335,1,-0.199702263,-11.442096822,-0.007326126,0.422466278,1,-0.171995163,-9.854596934,-0.036628723,-0.003663063,0.303791434,17.405966996,0.000000000,-0.000000000,2.000000000,1.000000000,3.223179102,184.674559156,0.000000000,-2.824461460,8.500000000,2.500000000,-2.870547533,-164.470258535,0.000000000,2.622268200,3.000000000,0.800000012,-0.201991081,-11.573236454,0.000000000,0.427356541,1.200000048,0.200000003,-0.171995163,-9.854596934,0.000000000,-0.000069375,0.100000001,0.020000000
2026-07-04 13:27:25.347,1783142845.347250223,77.022751413,1,1,77.001325113,1,0.001260682,5,1,0.007841609,5,1,0,1,0,0,1,1,1,1,1,1,0.024757897,-1.120000000,1.590000000,0.000000000,1,66.506394583,12,1,12,1:-1.251:2.428|2:-0.428:2.425|3:0.392:2.424|4:1.223:2.419|5:1.228:1.589|6:0.405:1.588|7:-0.440:1.588|8:-1.261:1.589|9:-1.185:4.911|10:-0.390:4.902|11:0.375:4.903|12:1.182:4.901,0,-1.000000000,,0,0,0.000000000,0.000000000,0,-1.000000000,0,,0,-1.000000000,,0,-1.000000000,0,,1,0.302265555,17.318540575,-0.007326126,-0.012209892,1,3.213260889,184.106287417,-0.002442360,-2.769229889,1,-2.870166063,-164.448401929,-0.002442360,2.605127335,1,-0.199702263,-11.442096822,-0.007326126,0.422466278,1,-0.171995163,-9.854596934,0.012210846,-0.003663063,0.303791434,17.405966996,0.000000000,-0.000000000,2.000000000,1.000000000,3.223179102,184.674559156,0.000000000,-2.824461460,8.500000000,2.500000000,-2.870547533,-164.470258535,0.000000000,2.622268200,3.000000000,0.800000012,-0.201991081,-11.573236454,0.000000000,0.427356541,1.200000048,0.200000003,-0.171995163,-9.854596934,0.000000000,-0.000069375,0.100000001,0.020000000
2026-07-04 13:27:26.347,1783142846.347272635,78.022773958,1,1,78.001347658,1,0.001060763,5,1,0.007898517,5,1,0,1,0,0,1,1,1,1,1,1,0.027325683,-1.120000000,1.590000000,0.000000000,1,67.506417128,12,1,12,1:-1.251:2.428|2:-0.428:2.425|3:0.392:2.424|4:1.223:2.419|5:1.228:1.589|6:0.405:1.588|7:-0.440:1.588|8:-1.261:1.589|9:-1.185:4.911|10:-0.390:4.902|11:0.375:4.903|12:1.182:4.901,0,-1.000000000,,0,0,0.000000000,0.000000000,0,-1.000000000,0,,0,-1.000000000,,0,-1.000000000,0,,1,0.302265555,17.318540575,0.007326126,-0.012209892,1,3.213260889,184.106287417,-0.002442360,-2.769229889,1,-2.870166063,-164.448401929,-0.002442360,2.605127335,1,-0.199702263,-11.442096822,-0.021978378,0.422466278,1,-0.171995163,-9.854596934,-0.036628723,-0.003663063,0.303791434,17.405966996,0.000000000,-0.000000000,2.000000000,1.000000000,3.223179102,184.674559156,0.000000000,-2.824461460,8.500000000,2.500000000,-2.870547533,-164.470258535,0.000000000,2.622268200,3.000000000,0.800000012,-0.201991081,-11.573236454,0.000000000,0.427356541,1.200000048,0.200000003,-0.171995163,-9.854596934,0.000000000,-0.000069375,0.100000001,0.020000000
2026-07-04 13:27:27.347,1783142847.347290993,79.022791941,1,1,79.001365641,1,0.001445058,5,1,0.007787688,5,1,0,1,0,0,1,1,1,1,1,1,0.372680681,-1.120000000,1.590000000,0.000000000,1,68.506435111,12,1,12,1:-1.251:2.428|2:-0.428:2.425|3:0.392:2.424|4:1.223:2.419|5:1.228:1.589|6:0.405:1.588|7:-0.440:1.588|8:-1.261:1.589|9:-1.185:4.911|10:-0.390:4.902|11:0.375:4.903|12:1.182:4.901,0,-1.000000000,,0,0,0.000000000,0.000000000,0,-1.000000000,0,,0,-1.000000000,,0,-1.000000000,0,,1,0.302265555,17.318540575,-0.007326126,-0.012209892,1,3.213260889,184.106287417,-0.007326126,-2.769229889,1,-2.870166063,-164.448401929,0.002442360,2.605127335,1,-0.199702263,-11.442096822,-0.007326126,0.417582512,1,-0.171995163,-9.854596934,0.012210846,-0.003663063,0.303791434,17.405966996,0.000000000,-0.000000000,2.000000000,1.000000000,3.223179102,184.674559156,0.000000000,-2.824461460,8.500000000,2.500000000,-2.870547533,-164.470258535,0.000000000,2.622268200,3.000000000,0.800000012,-0.201991081,-11.573236454,0.000000000,0.427356541,1.200000048,0.200000003,-0.171995163,-9.854596934,0.000000000,-0.000069375,0.100000001,0.020000000
2026-07-04 13:27:28.347,1783142848.347322226,80.022823250,1,1,80.001396950,1,0.001538158,5,1,0.007771662,5,1,0,1,0,0,1,1,1,1,1,1,0.059602269,-1.120000000,1.590000000,0.000000000,1,69.506466420,12,1,12,1:-1.251:2.428|2:-0.428:2.425|3:0.392:2.424|4:1.223:2.419|5:1.228:1.589|6:0.405:1.588|7:-0.440:1.588|8:-1.261:1.589|9:-1.185:4.911|10:-0.390:4.902|11:0.375:4.903|12:1.182:4.901,0,-1.000000000,,0,0,0.000000000,0.000000000,0,-1.000000000,0,,0,-1.000000000,,0,-1.000000000,0,,1,0.302647024,17.340397180,-0.007326126,-0.007326126,1,3.213260889,184.106287417,-0.002442360,-2.769229889,1,-2.870166063,-164.448401929,-0.002442360,2.605127335,1,-0.199702263,-11.442096822,0.007326126,0.422466278,1,-0.171995163,-9.854596934,-0.036628723,-0.001221180,0.303791434,17.405966996,0.000000000,-0.000000000,2.000000000,1.000000000,3.223179102,184.674559156,0.000000000,-2.824461460,8.500000000,2.500000000,-2.870547533,-164.470258535,0.000000000,2.622268200,3.000000000,0.800000012,-0.201991081,-11.573236454,0.000000000,0.427356541,1.200000048,0.200000003,-0.171995163,-9.854596934,0.000000000,-0.000069375,0.100000001,0.020000000
2026-07-04 13:27:29.347,1783142849.347330570,81.022831765,1,1,81.001405465,1,0.001343225,5,1,0.007870568,5,1,0,1,0,0,1,1,1,1,1,1,0.230757065,-1.120000000,1.590000000,0.000000000,1,70.506474935,12,1,12,1:-1.251:2.428|2:-0.428:2.425|3:0.392:2.424|4:1.223:2.419|5:1.228:1.589|6:0.405:1.588|7:-0.440:1.588|8:-1.261:1.589|9:-1.185:4.911|10:-0.390:4.902|11:0.375:4.903|12:1.182:4.901,0,-1.000000000,,0,0,0.000000000,0.000000000,0,-1.000000000,0,,0,-1.000000000,,0,-1.000000000,0,,1,0.302265555,17.318540575,-0.021978378,-0.012209892,1,3.213260889,184.106287417,-0.002442360,-2.769229889,1,-2.870166063,-164.448401929,-0.002442360,2.618803024,1,-0.199702263,-11.442096822,-0.007326126,0.422466278,1,-0.171995163,-9.854596934,-0.012210846,-0.001221180,0.303791434,17.405966996,0.000000000,-0.000000000,2.000000000,1.000000000,3.223179102,184.674559156,0.000000000,-2.824461460,8.500000000,2.500000000,-2.870547533,-164.470258535,0.000000000,2.622268200,3.000000000,0.800000012,-0.201991081,-11.573236454,0.000000000,0.427356541,1.200000048,0.200000003,-0.171995163,-9.854596934,0.000000000,-0.000069375,0.100000001,0.020000000
2026-07-04 13:27:30.347,1783142850.347468853,82.022970078,1,1,82.001543778,1,0.001466943,5,1,0.007883991,5,1,0,1,0,0,1,1,1,1,1,1,0.037913358,-1.120000000,1.590000000,0.000000000,1,71.506613248,12,1,12,1:-1.251:2.428|2:-0.428:2.425|3:0.392:2.424|4:1.223:2.419|5:1.228:1.589|6:0.405:1.588|7:-0.440:1.588|8:-1.261:1.589|9:-1.185:4.911|10:-0.390:4.902|11:0.375:4.903|12:1.182:4.901,0,-1.000000000,,0,0,0.000000000,0.000000000,0,-1.000000000,0,,0,-1.000000000,,0,-1.000000000,0,,1,0.302647024,17.340397180,-0.021978378,-0.007326126,1,3.213260889,184.106287417,-0.002442360,-2.769229889,1,-2.870166063,-164.448401929,-0.007326126,2.605127335,1,-0.199702263,-11.442096822,-0.007326126,0.422466278,1,-0.171995163,-9.854596934,0.012210846,-0.003663063,0.303791434,17.405966996,0.000000000,-0.000000000,2.000000000,1.000000000,3.223179102,184.674559156,0.000000000,-2.824461460,8.500000000,2.500000000,-2.870547533,-164.470258535,0.000000000,2.622268200,3.000000000,0.800000012,-0.201991081,-11.573236454,0.000000000,0.427356541,1.200000048,0.200000003,-0.171995163,-9.854596934,0.000000000,-0.000069375,0.100000001,0.020000000
2026-07-04 13:27:31.347,1783142851.347387552,83.022888923,1,1,83.001462623,1,0.001548005,5,1,0.007704438,5,1,0,1,0,0,1,1,1,1,1,1,0.358702559,-1.120000000,1.590000000,0.000000000,1,72.506532093,12,1,12,1:-1.251:2.428|2:-0.428:2.425|3:0.392:2.424|4:1.223:2.419|5:1.228:1.589|6:0.405:1.588|7:-0.440:1.588|8:-1.261:1.589|9:-1.185:4.911|10:-0.390:4.902|11:0.375:4.903|12:1.182:4.901,0,-1.000000000,,0,0,0.000000000,0.000000000,0,-1.000000000,0,,0,-1.000000000,,0,-1.000000000,0,,1,0.302265555,17.318540575,-0.021978378,-0.012209892,1,3.213260889,184.106287417,-0.002442360,-2.769229889,1,-2.870166063,-164.448401929,-0.007326126,2.605127335,1,-0.199702263,-11.442096822,-0.036630630,0.417582512,1,-0.171995163,-9.854596934,0.012210846,-0.001221180,0.303791434,17.405966996,0.000000000,-0.000000000,2.000000000,1.000000000,3.223179102,184.674559156,0.000000000,-2.824461460,8.500000000,2.500000000,-2.870547533,-164.470258535,0.000000000,2.622268200,3.000000000,0.800000012,-0.201991081,-11.573236454,0.000000000,0.427356541,1.200000048,0.200000003,-0.171995163,-9.854596934,0.000000000,-0.000069375,0.100000001,0.020000000
2026-07-04 13:27:32.347,1783142852.347429037,84.022930362,1,1,84.001504062,1,0.001090213,5,1,0.007790772,5,1,0,1,0,0,1,1,1,1,1,1,0.194354723,-1.120000000,1.590000000,0.000000000,1,73.506573532,12,1,12,1:-1.251:2.428|2:-0.428:2.425|3:0.392:2.424|4:1.223:2.419|5:1.228:1.589|6:0.405:1.588|7:-0.440:1.588|8:-1.261:1.589|9:-1.185:4.911|10:-0.390:4.902|11:0.375:4.903|12:1.182:4.901,0,-1.000000000,,0,0,0.000000000,0.000000000,0,-1.000000000,0,,0,-1.000000000,,0,-1.000000000,0,,1,0.302265555,17.318540575,-0.007326126,-0.007326126,1,3.213260889,184.106287417,-0.002442360,-2.782905579,1,-2.870166063,-164.448401929,-0.002442360,2.618803024,1,-0.199702263,-11.442096822,-0.021978378,0.422466278,1,-0.171995163,-9.854596934,-0.036628723,-0.001221180,0.303791434,17.405966996,0.000000000,-0.000000000,2.000000000,1.000000000,3.223179102,184.674559156,0.000000000,-2.824461460,8.500000000,2.500000000,-2.870547533,-164.470258535,0.000000000,2.622268200,3.000000000,0.800000012,-0.201991081,-11.573236454,0.000000000,0.427356541,1.200000048,0.200000003,-0.171995163,-9.854596934,0.000000000,-0.000069375,0.100000001,0.020000000
2026-07-04 13:27:33.347,1783142853.347419024,85.022920262,1,1,85.001493962,1,0.001599522,5,1,0.007926719,5,1,0,1,0,0,1,1,1,1,1,1,0.010397396,-1.120000000,1.590000000,0.000000000,1,74.506563432,12,1,12,1:-1.251:2.428|2:-0.428:2.425|3:0.392:2.424|4:1.223:2.419|5:1.228:1.589|6:0.405:1.588|7:-0.440:1.588|8:-1.261:1.589|9:-1.185:4.911|10:-0.390:4.902|11:0.375:4.903|12:1.182:4.901,0,-1.000000000,,0,0,0.000000000,0.000000000,0,-1.000000000,0,,0,-1.000000000,,0,-1.000000000,0,,1,0.302647024,17.340397180,-0.007326126,-0.007326126,1,3.213260889,184.106287417,-0.002442360,-2.769229889,1,-2.870166063,-164.448401929,-0.002442360,2.605127335,1,-0.199702263,-11.442096822,-0.007326126,0.422466278,1,-0.171995163,-9.854596934,-0.036628723,-0.003663063,0.303791434,17.405966996,0.000000000,-0.000000000,2.000000000,1.000000000,3.223179102,184.674559156,0.000000000,-2.824461460,8.500000000,2.500000000,-2.870547533,-164.470258535,0.000000000,2.622268200,3.000000000,0.800000012,-0.201991081,-11.573236454,0.000000000,0.427356541,1.200000048,0.200000003,-0.171995163,-9.854596934,0.000000000,-0.000069375,0.100000001,0.020000000
2026-07-04 13:27:34.347,1783142854.347442627,86.022943813,1,1,86.001517513,1,0.001154403,5,1,0.007825622,5,1,0,1,0,0,1,1,1,1,1,1,0.039910556,-1.120000000,1.590000000,0.000000000,1,75.506586983,12,1,12,1:-1.251:2.428|2:-0.428:2.425|3:0.392:2.424|4:1.223:2.419|5:1.228:1.589|6:0.405:1.588|7:-0.440:1.588|8:-1.261:1.589|9:-1.185:4.911|10:-0.390:4.902|11:0.375:4.903|12:1.182:4.901,0,-1.000000000,,0,0,0.000000000,0.000000000,0,-1.000000000,0,,0,-1.000000000,,0,-1.000000000,0,,1,0.302647024,17.340397180,-0.007326126,-0.012209892,1,3.213260889,184.106287417,-0.002442360,-2.769229889,1,-2.870166063,-164.448401929,-0.002442360,2.605127335,1,-0.199702263,-11.442096822,0.007326126,0.422466278,1,-0.171995163,-9.854596934,-0.036628723,-0.003663063,0.303791434,17.405966996,0.000000000,-0.000000000,2.000000000,1.000000000,3.223179102,184.674559156,0.000000000,-2.824461460,8.500000000,2.500000000,-2.870547533,-164.470258535,0.000000000,2.622268200,3.000000000,0.800000012,-0.201991081,-11.573236454,0.000000000,0.427356541,1.200000048,0.200000003,-0.171995163,-9.854596934,0.000000000,-0.000069375,0.100000001,0.020000000
2026-07-04 13:27:35.347,1783142855.347506523,87.023007541,1,1,87.001581241,1,0.001251209,5,1,0.007873144,5,1,0,1,0,0,1,1,1,1,1,1,0.396372202,-1.120000000,1.590000000,0.000000000,1,76.506650711,12,1,12,1:-1.251:2.428|2:-0.428:2.425|3:0.392:2.424|4:1.223:2.419|5:1.228:1.589|6:0.405:1.588|7:-0.440:1.588|8:-1.261:1.589|9:-1.185:4.911|10:-0.390:4.902|11:0.375:4.903|12:1.182:4.901,0,-1.000000000,,0,0,0.000000000,0.000000000,0,-1.000000000,0,,0,-1.000000000,,0,-1.000000000,0,,1,0.302265555,17.318540575,-0.021978378,-0.012209892,1,3.213260889,184.106287417,-0.002442360,-2.769229889,1,-2.870166063,-164.448401929,-0.002442360,2.618803024,1,-0.199702263,-11.442096822,-0.007326126,0.417582512,1,-0.171995163,-9.854596934,-0.012210846,-0.001221180,0.303791434,17.405966996,0.000000000,-0.000000000,2.000000000,1.000000000,3.223179102,184.674559156,0.000000000,-2.824461460,8.500000000,2.500000000,-2.870547533,-164.470258535,0.000000000,2.622268200,3.000000000,0.800000012,-0.201991081,-11.573236454,0.000000000,0.427356541,1.200000048,0.200000003,-0.171995163,-9.854596934,0.000000000,-0.000069375,0.100000001,0.020000000
2026-07-04 13:27:36.347,1783142856.347503901,88.023005168,1,1,88.001578868,1,0.001231911,5,1,0.007776463,5,1,0,1,0,0,1,1,1,1,1,1,0.109740294,-1.120000000,1.590000000,0.000000000,1,77.506648338,12,1,12,1:-1.251:2.428|2:-0.428:2.425|3:0.392:2.424|4:1.223:2.419|5:1.228:1.589|6:0.405:1.588|7:-0.440:1.588|8:-1.261:1.589|9:-1.185:4.911|10:-0.390:4.902|11:0.375:4.903|12:1.182:4.901,0,-1.000000000,,0,0,0.000000000,0.000000000,0,-1.000000000,0,,0,-1.000000000,,0,-1.000000000,0,,1,0.302647024,17.340397180,0.007326126,-0.012209892,1,3.213260889,184.106287417,-0.002442360,-2.782905579,1,-2.870166063,-164.448401929,-0.002442360,2.605127335,1,-0.199702263,-11.442096822,-0.007326126,0.422466278,1,-0.171611786,-9.832631046,-0.012210846,-0.001221180,0.303791434,17.405966996,0.000000000,-0.000000000,2.000000000,1.000000000,3.223179102,184.674559156,0.000000000,-2.824461460,8.500000000,2.500000000,-2.870547533,-164.470258535,0.000000000,2.622268200,3.000000000,0.800000012,-0.201991081,-11.573236454,0.000000000,0.427356541,1.200000048,0.200000003,-0.171995163,-9.854596934,0.000000000,-0.000069375,0.100000001,0.020000000
2026-07-04 13:27:37.347,1783142857.347568989,89.023070164,1,1,89.001643864,1,0.001545109,5,1,0.007532891,5,1,0,1,0,0,1,1,1,1,1,1,0.020515169,-1.120000000,1.590000000,0.000000000,1,78.506713334,12,1,12,1:-1.251:2.428|2:-0.428:2.425|3:0.392:2.424|4:1.223:2.419|5:1.228:1.589|6:0.405:1.588|7:-0.440:1.588|8:-1.261:1.589|9:-1.185:4.911|10:-0.390:4.902|11:0.375:4.903|12:1.182:4.901,0,-1.000000000,,0,0,0.000000000,0.000000000,0,-1.000000000,0,,0,-1.000000000,,0,-1.000000000,0,,1,0.302647024,17.340397180,-0.007326126,-0.012209892,1,3.213260889,184.106287417,-0.002442360,-2.769229889,1,-2.870166063,-164.448401929,-0.002442360,2.618803024,1,-0.199702263,-11.442096822,-0.021978378,0.422466278,1,-0.171995163,-9.854596934,-0.036628723,-0.003663063,0.303791434,17.405966996,0.000000000,-0.000000000,2.000000000,1.000000000,3.223179102,184.674559156,0.000000000,-2.824461460,8.500000000,2.500000000,-2.870547533,-164.470258535,0.000000000,2.622268200,3.000000000,0.800000012,-0.201991081,-11.573236454,0.000000000,0.427356541,1.200000048,0.200000003,-0.171995163,-9.854596934,0.000000000,-0.000069375,0.100000001,0.020000000
2026-07-04 13:27:38.347,1783142858.347548246,90.023049475,1,1,90.001623175,1,0.001269729,5,1,0.007813735,5,1,0,1,0,0,1,1,1,1,1,1,0.198013819,-1.120000000,1.590000000,0.000000000,1,79.506692645,12,1,12,1:-1.251:2.428|2:-0.428:2.425|3:0.392:2.424|4:1.223:2.419|5:1.228:1.589|6:0.405:1.588|7:-0.440:1.588|8:-1.261:1.589|9:-1.185:4.911|10:-0.390:4.902|11:0.375:4.903|12:1.182:4.901,0,-1.000000000,,0,0,0.000000000,0.000000000,0,-1.000000000,0,,0,-1.000000000,,0,-1.000000000,0,,1,0.302647024,17.340397180,-0.007326126,-0.012209892,1,3.213260889,184.106287417,-0.002442360,-2.755556107,1,-2.870166063,-164.448401929,-0.002442360,2.605127335,1,-0.199702263,-11.442096822,-0.007326126,0.422466278,1,-0.171995163,-9.854596934,-0.036628723,-0.001221180,0.303791434,17.405966996,0.000000000,-0.000000000,2.000000000,1.000000000,3.223179102,184.674559156,0.000000000,-2.824461460,8.500000000,2.500000000,-2.870547533,-164.470258535,0.000000000,2.622268200,3.000000000,0.800000012,-0.201991081,-11.573236454,0.000000000,0.427356541,1.200000048,0.200000003,-0.171995163,-9.854596934,0.000000000,-0.000069375,0.100000001,0.020000000
2026-07-04 13:27:39.347,1783142859.347549915,91.023051144,1,1,91.001624844,1,0.001406119,5,1,0.007942421,5,1,0,1,0,0,1,1,1,1,1,1,0.001876003,-1.120000000,1.590000000,0.000000000,1,80.506694314,12,1,12,1:-1.251:2.428|2:-0.428:2.425|3:0.392:2.424|4:1.223:2.419|5:1.228:1.589|6:0.405:1.588|7:-0.440:1.588|8:-1.261:1.589|9:-1.185:4.911|10:-0.390:4.902|11:0.375:4.903|12:1.182:4.901,0,-1.000000000,,0,0,0.000000000,0.000000000,0,-1.000000000,0,,0,-1.000000000,,0,-1.000000000,0,,1,0.302647024,17.340397180,-0.007326126,-0.007326126,1,3.213260889,184.106287417,0.002442360,-2.769229889,1,-2.870166063,-164.448401929,-0.002442360,2.605127335,1,-0.199702263,-11.442096822,-0.007326126,0.417582512,1,-0.171995163,-9.854596934,0.012210846,-0.003663063,0.303791434,17.405966996,0.000000000,-0.000000000,2.000000000,1.000000000,3.223179102,184.674559156,0.000000000,-2.824461460,8.500000000,2.500000000,-2.870547533,-164.470258535,0.000000000,2.622268200,3.000000000,0.800000012,-0.201991081,-11.573236454,0.000000000,0.427356541,1.200000048,0.200000003,-0.171995163,-9.854596934,0.000000000,-0.000069375,0.100000001,0.020000000
2026-07-04 13:27:40.347,1783142860.347575188,92.023076395,1,1,92.001650095,1,0.001224542,5,1,0.007836434,5,1,0,1,0,0,1,1,1,1,1,1,0.038664284,-1.120000000,1.590000000,0.000000000,1,81.506719565,12,1,12,1:-1.251:2.428|2:-0.428:2.425|3:0.392:2.424|4:1.223:2.419|5:1.228:1.589|6:0.405:1.588|7:-0.440:1.588|8:-1.261:1.589|9:-1.185:4.911|10:-0.390:4.902|11:0.375:4.903|12:1.182:4.901,0,-1.000000000,,0,0,0.000000000,0.000000000,0,-1.000000000,0,,0,-1.000000000,,0,-1.000000000,0,,1,0.302647024,17.340397180,-0.007326126,-0.007326126,1,3.213260889,184.106287417,0.002442360,-2.769229889,1,-2.870166063,-164.448401929,-0.002442360,2.605127335,1,-0.199702263,-11.442096822,-0.007326126,0.422466278,1,-0.171995163,-9.854596934,-0.012210846,-0.003663063,0.303791434,17.405966996,0.000000000,-0.000000000,2.000000000,1.000000000,3.223179102,184.674559156,0.000000000,-2.824461460,8.500000000,2.500000000,-2.870547533,-164.470258535,0.000000000,2.622268200,3.000000000,0.800000012,-0.201991081,-11.573236454,0.000000000,0.427356541,1.200000048,0.200000003,-0.171995163,-9.854596934,0.000000000,-0.000069375,0.100000001,0.020000000
2026-07-04 13:27:41.347,1783142861.347601891,93.023103005,1,1,93.001676705,1,0.001529759,5,1,0.007932892,5,1,0,0,0,0,1,1,1,1,1,1,0.423056349,-1.120000000,1.590000000,0.000000000,1,82.506746175,12,1,12,1:-1.251:2.428|2:-0.428:2.425|3:0.392:2.424|4:1.223:2.419|5:1.228:1.589|6:0.405:1.588|7:-0.440:1.588|8:-1.261:1.589|9:-1.185:4.911|10:-0.390:4.902|11:0.375:4.903|12:1.182:4.901,0,-1.000000000,,0,0,0.000000000,0.000000000,0,-1.000000000,0,,0,-1.000000000,,0,-1.000000000,0,,1,0.302265555,17.318540575,-0.021978378,-0.007326126,1,3.213260889,184.106287417,-0.002442360,-2.769229889,1,-2.870166063,-164.448401929,-0.002442360,2.605127335,1,-0.199702263,-11.442096822,-0.021978378,0.422466278,1,-0.171995163,-9.854596934,-0.012210846,-0.003663063,0.303791434,17.405966996,0.000000000,-0.000000000,2.000000000,1.000000000,3.223179102,184.674559156,0.000000000,-2.824461460,8.500000000,2.500000000,-2.870547533,-164.470258535,0.000000000,2.622268200,3.000000000,0.800000012,-0.201991081,-11.573236454,0.000000000,0.427356541,1.200000048,0.200000003,-0.171995163,-9.854596934,0.000000000,-0.000069375,0.100000001,0.020000000
2026-07-04 13:27:42.347,1783142862.347622395,94.023123670,1,1,94.001697370,1,0.001549149,5,1,0.007934687,5,1,0,0,0,0,1,1,1,1,1,1,0.113062352,-1.120000000,1.590000000,0.000000000,1,83.506766840,12,1,12,1:-1.251:2.428|2:-0.428:2.425|3:0.392:2.424|4:1.223:2.419|5:1.228:1.589|6:0.405:1.588|7:-0.440:1.588|8:-1.261:1.589|9:-1.185:4.911|10:-0.390:4.902|11:0.375:4.903|12:1.182:4.901,0,-1.000000000,,0,0,0.000000000,0.000000000,0,-1.000000000,0,,0,-1.000000000,,0,-1.000000000,0,,1,0.302647024,17.340397180,-0.007326126,-0.007326126,1,3.213260889,184.106287417,-0.002442360,-2.769229889,1,-2.870166063,-164.448401929,-0.002442360,2.605127335,1,-0.199702263,-11.442096822,0.007326126,0.417582512,1,-0.171611786,-9.832631046,-0.012210846,-0.001221180,0.303791434,17.405966996,0.000000000,-0.000000000,2.000000000,1.000000000,3.223179102,184.674559156,0.000000000,-2.824461460,8.500000000,2.500000000,-2.870547533,-164.470258535,0.000000000,2.622268200,3.000000000,0.800000012,-0.201991081,-11.573236454,0.000000000,0.427356541,1.200000048,0.200000003,-0.171995163,-9.854596934,0.000000000,-0.000069375,0.100000001,0.020000000
2026-07-04 13:27:43.347,1783142863.347652435,95.023153635,1,1,95.001727335,1,0.001625061,5,1,0.007878952,5,1,0,0,0,0,1,1,1,1,1,1,0.353045193,-1.120000000,1.590000000,0.000000000,1,84.506796805,12,1,12,1:-1.251:2.428|2:-0.428:2.425|3:0.392:2.424|4:1.223:2.419|5:1.228:1.589|6:0.405:1.588|7:-0.440:1.588|8:-1.261:1.589|9:-1.185:4.911|10:-0.390:4.902|11:0.375:4.903|12:1.182:4.901,0,-1.000000000,,0,0,0.000000000,0.000000000,0,-1.000000000,0,,0,-1.000000000,,0,-1.000000000,0,,1,0.302647024,17.340397180,0.007326126,-0.007326126,1,3.213260889,184.106287417,-0.002442360,-2.769229889,1,-2.870166063,-164.448401929,-0.002442360,2.605127335,1,-0.199702263,-11.442096822,-0.007326126,0.422466278,1,-0.171995163,-9.854596934,-0.061050415,-0.003663063,0.303791434,17.405966996,0.000000000,-0.000000000,2.000000000,1.000000000,3.223179102,184.674559156,0.000000000,-2.824461460,8.500000000,2.500000000,-2.870547533,-164.470258535,0.000000000,2.622268200,3.000000000,0.800000012,-0.201991081,-11.573236454,0.000000000,0.427356541,1.200000048,0.200000003,-0.171995163,-9.854596934,0.000000000,-0.000069375,0.100000001,0.020000000
2026-07-04 13:27:44.347,1783142864.347673893,96.023175068,1,1,96.001748768,1,0.001561606,5,1,0.007854270,5,1,0,0,0,0,1,1,1,1,1,1,0.152937972,-1.120000000,1.590000000,0.000000000,1,85.506818238,12,1,12,1:-1.251:2.428|2:-0.428:2.425|3:0.392:2.424|4:1.223:2.419|5:1.228:1.589|6:0.405:1.588|7:-0.440:1.588|8:-1.261:1.589|9:-1.185:4.911|10:-0.390:4.902|11:0.375:4.903|12:1.182:4.901,0,-1.000000000,,0,0,0.000000000,0.000000000,0,-1.000000000,0,,0,-1.000000000,,0,-1.000000000,0,,1,0.302647024,17.340397180,-0.007326126,-0.012209892,1,3.213260889,184.106287417,-0.007326126,-2.769229889,1,-2.870166063,-164.448401929,-0.002442360,2.605127335,1,-0.199702263,-11.442096822,-0.007326126,0.422466278,1,-0.171995163,-9.854596934,-0.012210846,-0.003663063,0.303791434,17.405966996,0.000000000,-0.000000000,2.000000000,1.000000000,3.223179102,184.674559156,0.000000000,-2.824461460,8.500000000,2.500000000,-2.870547533,-164.470258535,0.000000000,2.622268200,3.000000000,0.800000012,-0.201991081,-11.573236454,0.000000000,0.427356541,1.200000048,0.200000003,-0.171995163,-9.854596934,0.000000000,-0.000069375,0.100000001,0.020000000
2026-07-04 13:27:45.347,1783142865.347685575,97.023186825,1,1,97.001760525,1,0.001599215,5,1,0.007793876,5,1,0,0,0,0,1,1,1,1,1,1,0.075423340,-1.120000000,1.590000000,0.000000000,1,86.506829995,12,1,12,1:-1.251:2.428|2:-0.428:2.425|3:0.392:2.424|4:1.223:2.419|5:1.228:1.589|6:0.405:1.588|7:-0.440:1.588|8:-1.261:1.589|9:-1.185:4.911|10:-0.390:4.902|11:0.375:4.903|12:1.182:4.901,0,-1.000000000,,0,0,0.000000000,0.000000000,0,-1.000000000,0,,0,-1.000000000,,0,-1.000000000,0,,1,0.302647024,17.340397180,-0.007326126,-0.012209892,1,3.213260889,184.106287417,-0.002442360,-2.769229889,1,-2.870166063,-164.448401929,-0.002442360,2.605127335,1,-0.199702263,-11.442096822,0.007326126,0.422466278,1,-0.171995163,-9.854596934,0.012210846,-0.003663063,0.303791434,17.405966996,0.000000000,-0.000000000,2.000000000,1.000000000,3.223179102,184.674559156,0.000000000,-2.824461460,8.500000000,2.500000000,-2.870547533,-164.470258535,0.000000000,2.622268200,3.000000000,0.800000012,-0.201991081,-11.573236454,0.000000000,0.427356541,1.200000048,0.200000003,-0.171995163,-9.854596934,0.000000000,-0.000069375,0.100000001,0.020000000
2026-07-04 13:27:46.347,1783142866.347760201,98.023261444,1,1,98.001835144,1,0.001227632,5,1,0.007861717,5,1,0,0,0,0,1,1,1,1,1,1,0.010219456,-1.120000000,1.590000000,0.000000000,1,87.506904614,12,1,12,1:-1.251:2.428|2:-0.428:2.425|3:0.392:2.424|4:1.223:2.419|5:1.228:1.589|6:0.405:1.588|7:-0.440:1.588|8:-1.261:1.589|9:-1.185:4.911|10:-0.390:4.902|11:0.375:4.903|12:1.182:4.901,0,-1.000000000,,0,0,0.000000000,0.000000000,0,-1.000000000,0,,0,-1.000000000,,0,-1.000000000,0,,1,0.302647024,17.340397180,0.007326126,-0.007326126,1,3.213260889,184.106287417,-0.002442360,-2.769229889,1,-2.870166063,-164.448401929,-0.002442360,2.605127335,1,-0.199702263,-11.442096822,-0.007326126,0.417582512,1,-0.171611786,-9.832631046,0.012210846,-0.001221180,0.303791434,17.405966996,0.000000000,-0.000000000,2.000000000,1.000000000,3.223179102,184.674559156,0.000000000,-2.824461460,8.500000000,2.500000000,-2.870547533,-164.470258535,0.000000000,2.622268200,3.000000000,0.800000012,-0.201991081,-11.573236454,0.000000000,0.427356541,1.200000048,0.200000003,-0.171995163,-9.854596934,0.000000000,-0.000069375,0.100000001,0.020000000
2026-07-04 13:27:47.347,1783142867.347759247,99.023260655,1,1,99.001834355,1,0.001259845,5,1,0.007856427,5,1,0,0,0,0,1,1,1,1,1,1,0.192360160,-1.120000000,1.590000000,0.000000000,1,88.506903825,12,1,12,1:-1.251:2.428|2:-0.428:2.425|3:0.392:2.424|4:1.223:2.419|5:1.228:1.589|6:0.405:1.588|7:-0.440:1.588|8:-1.261:1.589|9:-1.185:4.911|10:-0.390:4.902|11:0.375:4.903|12:1.182:4.901,0,-1.000000000,,0,0,0.000000000,0.000000000,0,-1.000000000,0,,0,-1.000000000,,0,-1.000000000,0,,1,0.302647024,17.340397180,0.007326126,-0.007326126,1,3.213260889,184.106287417,0.002442360,-2.769229889,1,-2.870166063,-164.448401929,-0.002442360,2.605127335,1,-0.199702263,-11.442096822,0.007326126,0.417582512,1,-0.171611786,-9.832631046,-0.012210846,-0.003663063,0.303791434,17.405966996,0.000000000,-0.000000000,2.000000000,1.000000000,3.223179102,184.674559156,0.000000000,-2.824461460,8.500000000,2.500000000,-2.870547533,-164.470258535,0.000000000,2.622268200,3.000000000,0.800000012,-0.201991081,-11.573236454,0.000000000,0.427356541,1.200000048,0.200000003,-0.171995163,-9.854596934,0.000000000,-0.000069375,0.100000001,0.020000000
2026-07-04 13:27:48.347,1783142868.347800970,100.023302289,1,1,100.001875989,1,0.001597423,5,1,0.007923388,5,1,0,0,0,0,1,1,1,1,1,1,0.053579519,-1.120000000,1.590000000,0.000000000,1,89.506945459,12,1,12,1:-1.251:2.428|2:-0.428:2.425|3:0.392:2.424|4:1.223:2.419|5:1.228:1.589|6:0.405:1.588|7:-0.440:1.588|8:-1.261:1.589|9:-1.185:4.911|10:-0.390:4.902|11:0.375:4.903|12:1.182:4.901,0,-1.000000000,,0,0,0.000000000,0.000000000,0,-1.000000000,0,,0,-1.000000000,,0,-1.000000000,0,,1,0.302647024,17.340397180,-0.007326126,-0.012209892,1,3.213260889,184.106287417,-0.007326126,-2.769229889,1,-2.870166063,-164.448401929,-0.002442360,2.618803024,1,-0.199702263,-11.442096822,-0.021978378,0.417582512,1,-0.171995163,-9.854596934,-0.061050415,-0.001221180,0.303791434,17.405966996,0.000000000,-0.000000000,2.000000000,1.000000000,3.223179102,184.674559156,0.000000000,-2.824461460,8.500000000,2.500000000,-2.870547533,-164.470258535,0.000000000,2.622268200,3.000000000,0.800000012,-0.201991081,-11.573236454,0.000000000,0.427356541,1.200000048,0.200000003,-0.171995163,-9.854596934,0.000000000,-0.000069375,0.100000001,0.020000000
2026-07-04 13:27:49.347,1783142869.347809553,101.023310643,1,1,101.001884343,1,0.001466708,5,1,0.007794137,5,1,0,0,0,0,1,1,1,1,1,1,0.155478575,-1.120000000,1.590000000,0.000000000,1,90.506953813,12,1,12,1:-1.251:2.428|2:-0.428:2.425|3:0.392:2.424|4:1.223:2.419|5:1.228:1.589|6:0.405:1.588|7:-0.440:1.588|8:-1.261:1.589|9:-1.185:4.911|10:-0.390:4.902|11:0.375:4.903|12:1.182:4.901,0,-1.000000000,,0,0,0.000000000,0.000000000,0,-1.000000000,0,,0,-1.000000000,,0,-1.000000000,0,,1,0.302647024,17.340397180,-0.007326126,-0.007326126,1,3.213260889,184.106287417,-0.002442360,-2.769229889,1,-2.870166063,-164.448401929,-0.002442360,2.605127335,1,-0.199702263,-11.442096822,-0.021978378,0.422466278,1,-0.171995163,-9.854596934,-0.036628723,-0.003663063,0.303791434,17.405966996,0.000000000,-0.000000000,2.000000000,1.000000000,3.223179102,184.674559156,0.000000000,-2.824461460,8.500000000,2.500000000,-2.870547533,-164.470258535,0.000000000,2.622268200,3.000000000,0.800000012,-0.201991081,-11.573236454,0.000000000,0.427356541,1.200000048,0.200000003,-0.171995163,-9.854596934,0.000000000,-0.000069375,0.100000001,0.020000000
2026-07-04 13:27:50.347,1783142870.347789288,102.023290450,1,1,102.001864150,1,0.001656591,5,1,0.007794974,5,1,0,0,0,0,1,1,1,1,1,1,0.044461763,-1.120000000,1.590000000,0.000000000,1,91.506933620,12,1,12,1:-1.251:2.428|2:-0.428:2.425|3:0.392:2.424|4:1.223:2.419|5:1.228:1.589|6:0.405:1.588|7:-0.440:1.588|8:-1.261:1.589|9:-1.185:4.911|10:-0.390:4.902|11:0.375:4.903|12:1.182:4.901,0,-1.000000000,,0,0,0.000000000,0.000000000,0,-1.000000000,0,,0,-1.000000000,,0,-1.000000000,0,,1,0.302647024,17.340397180,0.007326126,-0.012209892,1,3.213260889,184.106287417,0.002442360,-2.782905579,1,-2.870166063,-164.448401929,-0.007326126,2.618803024,1,-0.199702263,-11.442096822,0.007326126,0.417582512,1,-0.171611786,-9.832631046,-0.012210846,-0.001221180,0.303791434,17.405966996,0.000000000,-0.000000000,2.000000000,1.000000000,3.223179102,184.674559156,0.000000000,-2.824461460,8.500000000,2.500000000,-2.870547533,-164.470258535,0.000000000,2.622268200,3.000000000,0.800000012,-0.201991081,-11.573236454,0.000000000,0.427356541,1.200000048,0.200000003,-0.171995163,-9.854596934,0.000000000,-0.000069375,0.100000001,0.020000000
2026-07-04 13:27:51.347,1783142871.347823381,103.023324552,1,1,103.001898252,1,0.001350725,5,1,0.007954642,5,1,0,0,0,0,1,1,1,1,1,1,0.070407484,-1.120000000,1.590000000,0.000000000,1,92.506967722,12,1,12,1:-1.251:2.428|2:-0.428:2.425|3:0.392:2.424|4:1.223:2.419|5:1.228:1.589|6:0.405:1.588|7:-0.440:1.588|8:-1.261:1.589|9:-1.185:4.911|10:-0.390:4.902|11:0.375:4.903|12:1.182:4.901,0,-1.000000000,,0,0,0.000000000,0.000000000,0,-1.000000000,0,,0,-1.000000000,,0,-1.000000000,0,,1,0.302647024,17.340397180,-0.007326126,-0.007326126,1,3.213260889,184.106287417,-0.002442360,-2.755556107,1,-2.870166063,-164.448401929,-0.002442360,2.605127335,1,-0.199702263,-11.442096822,0.007326126,0.417582512,1,-0.171995163,-9.854596934,-0.036628723,-0.003663063,0.303791434,17.405966996,0.000000000,-0.000000000,2.000000000,1.000000000,3.223179102,184.674559156,0.000000000,-2.824461460,8.500000000,2.500000000,-2.870547533,-164.470258535,0.000000000,2.622268200,3.000000000,0.800000012,-0.201991081,-11.573236454,0.000000000,0.427356541,1.200000048,0.200000003,-0.171995163,-9.854596934,0.000000000,-0.000069375,0.100000001,0.020000000
2026-07-04 13:27:52.347,1783142872.347857237,104.023358251,1,1,104.001931951,1,0.001433159,5,1,0.007789337,5,1,0,0,0,0,1,1,1,1,1,1,0.156918258,-1.120000000,1.590000000,0.000000000,1,93.507001421,12,1,12,1:-1.251:2.428|2:-0.428:2.425|3:0.392:2.424|4:1.223:2.419|5:1.228:1.589|6:0.405:1.588|7:-0.440:1.588|8:-1.261:1.589|9:-1.185:4.911|10:-0.390:4.902|11:0.375:4.903|12:1.182:4.901,0,-1.000000000,,0,0,0.000000000,0.000000000,0,-1.000000000,0,,0,-1.000000000,,0,-1.000000000,0,,1,0.302647024,17.340397180,-0.007326126,-0.012209892,1,3.213260889,184.106287417,-0.002442360,-2.769229889,1,-2.870166063,-164.448401929,-0.002442360,2.605127335,1,-0.199702263,-11.442096822,-0.007326126,0.417582512,1,-0.171995163,-9.854596934,-0.012210846,-0.001221180,0.303791434,17.405966996,0.000000000,-0.000000000,2.000000000,1.000000000,3.223179102,184.674559156,0.000000000,-2.824461460,8.500000000,2.500000000,-2.870547533,-164.470258535,0.000000000,2.622268200,3.000000000,0.800000012,-0.201991081,-11.573236454,0.000000000,0.427356541,1.200000048,0.200000003,-0.171995163,-9.854596934,0.000000000,-0.000069375,0.100000001,0.020000000
2026-07-04 13:27:53.348,1783142873.347984552,105.023485826,1,1,105.002059526,1,0.001513061,5,1,0.007924910,5,1,0,0,0,0,1,1,1,1,1,1,0.096635735,-1.120000000,1.590000000,0.000000000,1,94.507128996,12,1,12,1:-1.251:2.428|2:-0.428:2.425|3:0.392:2.424|4:1.223:2.419|5:1.228:1.589|6:0.405:1.588|7:-0.440:1.588|8:-1.261:1.589|9:-1.185:4.911|10:-0.390:4.902|11:0.375:4.903|12:1.182:4.901,0,-1.000000000,,0,0,0.000000000,0.000000000,0,-1.000000000,0,,0,-1.000000000,,0,-1.000000000,0,,1,0.302647024,17.340397180,-0.007326126,-0.012209892,1,3.213260889,184.106287417,-0.002442360,-2.769229889,1,-2.870166063,-164.448401929,-0.002442360,2.605127335,1,-0.199702263,-11.442096822,-0.007326126,0.417582512,1,-0.171995163,-9.854596934,-0.061050415,-0.001221180,0.303791434,17.405966996,0.000000000,-0.000000000,2.000000000,1.000000000,3.223179102,184.674559156,0.000000000,-2.824461460,8.500000000,2.500000000,-2.870547533,-164.470258535,0.000000000,2.622268200,3.000000000,0.800000012,-0.201991081,-11.573236454,0.000000000,0.427356541,1.200000048,0.200000003,-0.171995163,-9.854596934,0.000000000,-0.000069375,0.100000001,0.020000000
2026-07-04 13:27:54.347,1783142874.347917795,106.023419041,1,1,106.001992741,1,0.001646898,5,1,0.007952410,5,1,0,0,0,0,1,1,1,1,1,1,0.072423027,-1.120000000,1.590000000,0.000000000,1,95.507062211,12,1,12,1:-1.251:2.428|2:-0.428:2.425|3:0.392:2.424|4:1.223:2.419|5:1.228:1.589|6:0.405:1.588|7:-0.440:1.588|8:-1.261:1.589|9:-1.185:4.911|10:-0.390:4.902|11:0.375:4.903|12:1.182:4.901,0,-1.000000000,,0,0,0.000000000,0.000000000,0,-1.000000000,0,,0,-1.000000000,,0,-1.000000000,0,,1,0.302647024,17.340397180,0.007326126,-0.012209892,1,3.213260889,184.106287417,-0.002442360,-2.769229889,1,-2.870166063,-164.448401929,-0.002442360,2.618803024,1,-0.199702263,-11.442096822,-0.007326126,0.422466278,1,-0.171995163,-9.854596934,0.012210846,-0.001221180,0.303791434,17.405966996,0.000000000,-0.000000000,2.000000000,1.000000000,3.223179102,184.674559156,0.000000000,-2.824461460,8.500000000,2.500000000,-2.870547533,-164.470258535,0.000000000,2.622268200,3.000000000,0.800000012,-0.201991081,-11.573236454,0.000000000,0.427356541,1.200000048,0.200000003,-0.171995163,-9.854596934,0.000000000,-0.000069375,0.100000001,0.020000000
