wall_time,ros_time_sec,elapsed_sec,has_ready,driver_ready,ready_age_sec,has_state,state_age_sec,state_size,has_command,command_age_sec,command_size,service_mode,service_suction,service_pick,service_place,service_stack,service_payload_estimate,service_payload_state,service_arm_mission,service_nav_arm_event,action_move_joint,has_nav_state,nav_state_age_sec,nav_state_x,nav_state_y,nav_state_yaw,has_nav_task_points,nav_task_points_age_sec,nav_task_points_count,nav_task_points_min_id,nav_task_points_max_id,nav_task_points_summary,has_nav_mission_request,nav_mission_request_age_sec,nav_mission_action,nav_mission_task_index,nav_mission_point_id,nav_mission_x,nav_mission_y,has_nav_mission_response,nav_mission_response_age_sec,nav_mission_response_success,nav_mission_response_message,has_nav_arm_event_request,nav_arm_event_request_age_sec,nav_arm_event_request_message,has_nav_arm_event_response,nav_arm_event_response_age_sec,nav_arm_event_response_success,nav_arm_event_response_message,state_valid_0,state_q_rad_0,state_q_deg_0,state_dq_0,state_tau_est_0,state_valid_1,state_q_rad_1,state_q_deg_1,state_dq_1,state_tau_est_1,state_valid_2,state_q_rad_2,state_q_deg_2,state_dq_2,state_tau_est_2,state_valid_3,state_q_rad_3,state_q_deg_3,state_dq_3,state_tau_est_3,state_valid_4,state_q_rad_4,state_q_deg_4,state_dq_4,state_tau_est_4,cmd_q_rad_0,cmd_q_deg_0,cmd_dq_0,cmd_tau_0,cmd_kp_0,cmd_kd_0,cmd_q_rad_1,cmd_q_deg_1,cmd_dq_1,cmd_tau_1,cmd_kp_1,cmd_kd_1,cmd_q_rad_2,cmd_q_deg_2,cmd_dq_2,cmd_tau_2,cmd_kp_2,cmd_kd_2,cmd_q_rad_3,cmd_q_deg_3,cmd_dq_3,cmd_tau_3,cmd_kp_3,cmd_kd_3,cmd_q_rad_4,cmd_q_deg_4,cmd_dq_4,cmd_tau_4,cmd_kp_4,cmd_kd_4
2026-07-05 14:55:46.041,1783234546.041051149,1.008172461,1,1,0.995807060,1,0.001987887,5,1,0.000313237,5,1,0,0,0,0,1,1,0,0,1,0,-1.000000000,0.000000000,0.000000000,0.000000000,0,-1.000000000,0,0,0,,0,-1.000000000,,0,0,0.000000000,0.000000000,0,-1.000000000,0,,0,-1.000000000,,0,-1.000000000,0,,1,-0.030380821,-1.740692813,-0.021978378,-0.026862144,1,3.138873339,179.844194734,-0.007326126,-2.782905579,1,-2.872073412,-164.557684956,-0.002442360,2.646154404,1,0.001335144,0.076498119,0.007326126,0.407814026,1,-0.032404900,-1.856663982,0.012210846,-0.003663063,-0.030762291,-1.762549419,0.000000000,-0.000000000,8.000000000,3.500000000,3.155658007,180.805885369,0.000000000,-2.798734426,2.000000000,0.500000000,-2.874362230,-164.688824588,0.000000000,2.665618420,1.000000000,0.500000000,-0.000190735,-0.010928303,0.000000000,0.415314853,0.500000000,0.200000003,-0.032404900,-1.856663982,0.000000000,-0.000039430,0.000000000,0.100000001
2026-07-05 14:55:47.042,1783234547.042473793,2.009595203,1,1,1.997229802,1,0.382368592,5,1,0.941773310,5,1,0,0,0,0,1,1,0,0,1,0,-1.000000000,0.000000000,0.000000000,0.000000000,0,-1.000000000,0,0,0,,0,-1.000000000,,0,0,0.000000000,0.000000000,0,-1.000000000,0,,0,-1.000000000,,0,-1.000000000,0,,1,-0.030380821,-1.740692813,-0.007326126,-0.031745911,1,3.138873339,179.844194734,-0.002442360,-2.782905579,1,-2.872073412,-164.557684956,-0.002442360,2.646154404,1,0.001335144,0.076498119,-0.007326126,0.407814026,1,-0.032404900,-1.856663982,-0.012210846,-0.003663063,-0.030762291,-1.762549419,0.000000000,-0.000000000,8.000000000,3.500000000,3.155658007,180.805885369,0.000000000,-2.798734426,2.000000000,0.500000000,-2.874362230,-164.688824588,0.000000000,2.665618420,1.000000000,0.500000000,-0.000190735,-0.010928303,0.000000000,0.415314853,0.500000000,0.200000003,-0.032404900,-1.856663982,0.000000000,-0.000039430,0.000000000,0.100000001
2026-07-05 14:55:48.043,1783234548.043687820,3.010809330,1,1,2.998443929,1,0.162299309,5,1,0.050478221,5,1,0,0,0,0,1,1,1,0,1,0,-1.000000000,0.000000000,0.000000000,0.000000000,0,-1.000000000,0,0,0,,0,-1.000000000,,0,0,0.000000000,0.000000000,0,-1.000000000,0,,0,-1.000000000,,0,-1.000000000,0,,1,-0.030380821,-1.740692813,-0.007326126,-0.036629677,1,3.138873339,179.844194734,-0.002442360,-2.796581268,1,-2.872073412,-164.557684956,-0.007326126,2.646154404,1,0.001335144,0.076498119,-0.007326126,0.407814026,1,-0.032404900,-1.856663982,-0.036628723,-0.003663063,-0.030762291,-1.762549419,0.000000000,-0.000000000,8.000000000,3.500000000,3.155658007,180.805885369,0.000000000,-2.798734426,2.000000000,0.500000000,-2.874362230,-164.688824588,0.000000000,2.665618420,1.000000000,0.500000000,-0.000190735,-0.010928303,0.000000000,0.415314853,0.500000000,0.200000003,-0.032404900,-1.856663982,0.000000000,-0.000039430,0.000000000,0.100000001
2026-07-05 14:55:49.045,1783234549.045029879,4.012151389,1,1,3.999785988,1,1.163641368,5,1,1.051820280,5,1,0,0,0,0,1,1,1,0,1,0,-1.000000000,0.000000000,0.000000000,0.000000000,0,-1.000000000,0,0,0,,0,-1.000000000,,0,0,0.000000000,0.000000000,0,-1.000000000,0,,0,-1.000000000,,0,-1.000000000,0,,1,-0.030380821,-1.740692813,-0.007326126,-0.036629677,1,3.138873339,179.844194734,-0.002442360,-2.796581268,1,-2.872073412,-164.557684956,-0.007326126,2.646154404,1,0.001335144,0.076498119,-0.007326126,0.407814026,1,-0.032404900,-1.856663982,-0.036628723,-0.003663063,-0.030762291,-1.762549419,0.000000000,-0.000000000,8.000000000,3.500000000,3.155658007,180.805885369,0.000000000,-2.798734426,2.000000000,0.500000000,-2.874362230,-164.688824588,0.000000000,2.665618420,1.000000000,0.500000000,-0.000190735,-0.010928303,0.000000000,0.415314853,0.500000000,0.200000003,-0.032404900,-1.856663982,0.000000000,-0.000039430,0.000000000,0.100000001
2026-07-05 14:55:50.046,1783234550.046188354,5.013309679,1,1,5.000944278,1,0.989475810,5,1,2.052978570,5,1,0,0,0,0,1,1,1,0,1,0,-1.000000000,0.000000000,0.000000000,0.000000000,0,-1.000000000,0,0,0,,0,-1.000000000,,0,0,0.000000000,0.000000000,0,-1.000000000,0,,0,-1.000000000,,0,-1.000000000,0,,1,-0.030380821,-1.740692813,-0.021978378,-0.031745911,1,3.138873339,179.844194734,-0.002442360,-2.782905579,1,-2.872073412,-164.557684956,-0.002442360,2.646154404,1,0.001335144,0.076498119,-0.007326126,0.407814026,1,-0.032404900,-1.856663982,-0.036628723,-0.003663063,-0.030762291,-1.762549419,0.000000000,-0.000000000,8.000000000,3.500000000,3.155658007,180.805885369,0.000000000,-2.798734426,2.000000000,0.500000000,-2.874362230,-164.688824588,0.000000000,2.665618420,1.000000000,0.500000000,-0.000190735,-0.010928303,0.000000000,0.415314853,0.500000000,0.200000003,-0.032404900,-1.856663982,0.000000000,-0.000039430,0.000000000,0.100000001
2026-07-05 14:55:51.047,1783234551.047262669,6.014384234,1,1,6.002018833,1,1.990550365,5,1,3.054053125,5,1,0,0,0,0,1,1,1,0,1,0,-1.000000000,0.000000000,0.000000000,0.000000000,0,-1.000000000,0,0,0,,0,-1.000000000,,0,0,0.000000000,0.000000000,0,-1.000000000,0,,0,-1.000000000,,0,-1.000000000,0,,1,-0.030380821,-1.740692813,-0.021978378,-0.031745911,1,3.138873339,179.844194734,-0.002442360,-2.782905579,1,-2.872073412,-164.557684956,-0.002442360,2.646154404,1,0.001335144,0.076498119,-0.007326126,0.407814026,1,-0.032404900,-1.856663982,-0.036628723,-0.003663063,-0.030762291,-1.762549419,0.000000000,-0.000000000,8.000000000,3.500000000,3.155658007,180.805885369,0.000000000,-2.798734426,2.000000000,0.500000000,-2.874362230,-164.688824588,0.000000000,2.665618420,1.000000000,0.500000000,-0.000190735,-0.010928303,0.000000000,0.415314853,0.500000000,0.200000003,-0.032404900,-1.856663982,0.000000000,-0.000039430,0.000000000,0.100000001
2026-07-05 14:55:52.048,1783234552.048306465,7.015427745,1,1,7.003062344,1,2.991593876,5,1,0.179857287,5,1,0,0,0,0,1,1,1,0,1,0,-1.000000000,0.000000000,0.000000000,0.000000000,0,-1.000000000,0,0,0,,0,-1.000000000,,0,0,0.000000000,0.000000000,0,-1.000000000,0,,0,-1.000000000,,0,-1.000000000,0,,1,-0.030380821,-1.740692813,-0.021978378,-0.031745911,1,3.138873339,179.844194734,-0.002442360,-2.782905579,1,-2.872073412,-164.557684956,-0.002442360,2.646154404,1,0.001335144,0.076498119,-0.007326126,0.407814026,1,-0.032404900,-1.856663982,-0.036628723,-0.003663063,-0.030762291,-1.762549419,0.000000000,-0.000000000,8.000000000,3.500000000,3.155658007,180.805885369,0.000000000,-2.798734426,2.000000000,0.500000000,-2.874362230,-164.688824588,0.000000000,2.665618420,1.000000000,0.500000000,-0.000190735,-0.010928303,0.000000000,0.415314853,0.500000000,0.200000003,-0.032404900,-1.856663982,0.000000000,-0.000039430,0.000000000,0.100000001
2026-07-05 14:55:53.049,1783234553.049362898,8.016484453,1,1,8.004119052,1,3.992650584,5,1,1.180913995,5,1,0,0,0,0,1,1,1,0,1,0,-1.000000000,0.000000000,0.000000000,0.000000000,0,-1.000000000,0,0,0,,0,-1.000000000,,0,0,0.000000000,0.000000000,0,-1.000000000,0,,0,-1.000000000,,0,-1.000000000,0,,1,-0.030380821,-1.740692813,-0.021978378,-0.031745911,1,3.138873339,179.844194734,-0.002442360,-2.782905579,1,-2.872073412,-164.557684956,-0.002442360,2.646154404,1,0.001335144,0.076498119,-0.007326126,0.407814026,1,-0.032404900,-1.856663982,-0.036628723,-0.003663063,-0.030762291,-1.762549419,0.000000000,-0.000000000,8.000000000,3.500000000,3.155658007,180.805885369,0.000000000,-2.798734426,2.000000000,0.500000000,-2.874362230,-164.688824588,0.000000000,2.665618420,1.000000000,0.500000000,-0.000190735,-0.010928303,0.000000000,0.415314853,0.500000000,0.200000003,-0.032404900,-1.856663982,0.000000000,-0.000039430,0.000000000,0.100000001
2026-07-05 14:55:54.050,1783234554.050506830,9.017628276,1,1,9.005262875,1,4.993794407,5,1,2.182057818,5,1,0,0,0,0,1,1,1,0,1,0,-1.000000000,0.000000000,0.000000000,0.000000000,0,-1.000000000,0,0,0,,0,-1.000000000,,0,0,0.000000000,0.000000000,0,-1.000000000,0,,0,-1.000000000,,0,-1.000000000,0,,1,-0.030380821,-1.740692813,-0.021978378,-0.031745911,1,3.138873339,179.844194734,-0.002442360,-2.782905579,1,-2.872073412,-164.557684956,-0.002442360,2.646154404,1,0.001335144,0.076498119,-0.007326126,0.407814026,1,-0.032404900,-1.856663982,-0.036628723,-0.003663063,-0.030762291,-1.762549419,0.000000000,-0.000000000,8.000000000,3.500000000,3.155658007,180.805885369,0.000000000,-2.798734426,2.000000000,0.500000000,-2.874362230,-164.688824588,0.000000000,2.665618420,1.000000000,0.500000000,-0.000190735,-0.010928303,0.000000000,0.415314853,0.500000000,0.200000003,-0.032404900,-1.856663982,0.000000000,-0.000039430,0.000000000,0.100000001
2026-07-05 14:55:55.051,1783234555.051359415,10.018480939,1,1,10.006115538,1,0.819914338,5,1,0.420871592,5,1,0,0,0,0,1,1,1,0,1,0,-1.000000000,0.000000000,0.000000000,0.000000000,0,-1.000000000,0,0,0,,0,-1.000000000,,0,0,0.000000000,0.000000000,0,-1.000000000,0,,0,-1.000000000,,0,-1.000000000,0,,1,-0.030380821,-1.740692813,-0.007326126,-0.031745911,1,3.138873339,179.844194734,-0.002442360,-2.782905579,1,-2.872073412,-164.557684956,-0.002442360,2.646154404,1,0.001335144,0.076498119,-0.007326126,0.407814026,1,-0.032404900,-1.856663982,-0.036628723,-0.003663063,-0.030762291,-1.762549419,0.000000000,-0.000000000,8.000000000,3.500000000,3.155658007,180.805885369,0.000000000,-2.798734426,2.000000000,0.500000000,-2.874362230,-164.688824588,0.000000000,2.665618420,1.000000000,0.500000000,-0.000190735,-0.010928303,0.000000000,0.415314853,0.500000000,0.200000003,-0.032404900,-1.856663982,0.000000000,-0.000039430,0.000000000,0.100000001
2026-07-05 14:55:56.052,1783234556.052156687,11.019278161,1,1,11.006912760,1,0.506466952,5,1,0.417071221,5,1,0,0,0,0,1,1,1,0,1,0,-1.000000000,0.000000000,0.000000000,0.000000000,0,-1.000000000,0,0,0,,0,-1.000000000,,0,0,0.000000000,0.000000000,0,-1.000000000,0,,0,-1.000000000,,0,-1.000000000,0,,1,-0.030380821,-1.740692813,0.007326126,-0.031745911,1,3.138873339,179.844194734,-0.007326126,-2.782905579,1,-2.872073412,-164.557684956,-0.002442360,2.646154404,1,0.001335144,0.076498119,-0.021978378,0.407814026,1,-0.032404900,-1.856663982,-0.012210846,-0.003663063,-0.030762291,-1.762549419,0.000000000,-0.000000000,8.000000000,3.500000000,3.155658007,180.805885369,0.000000000,-2.798734426,2.000000000,0.500000000,-2.874362230,-164.688824588,0.000000000,2.665618420,1.000000000,0.500000000,-0.000190735,-0.010928303,0.000000000,0.415314853,0.500000000,0.200000003,-0.032404900,-1.856663982,0.000000000,-0.000039430,0.000000000,0.100000001
2026-07-05 14:55:57.053,1783234557.053096294,12.020217743,1,1,12.007852342,1,0.157822812,5,1,0.219891239,5,1,0,0,0,0,1,1,1,0,1,0,-1.000000000,0.000000000,0.000000000,0.000000000,0,-1.000000000,0,0,0,,0,-1.000000000,,0,0,0.000000000,0.000000000,0,-1.000000000,0,,0,-1.000000000,,0,-1.000000000,0,,1,-0.030380821,-1.740692813,-0.007326126,-0.041514397,1,3.138873339,179.844194734,-0.002442360,-2.782905579,1,-2.872073412,-164.557684956,-0.002442360,2.646154404,1,0.001335144,0.076498119,-0.007326126,0.407814026,1,-0.032404900,-1.856663982,0.012210846,-0.003663063,-0.030762291,-1.762549419,0.000000000,-0.000000000,8.000000000,3.500000000,3.155658007,180.805885369,0.000000000,-2.798734426,2.000000000,0.500000000,-2.874362230,-164.688824588,0.000000000,2.665618420,1.000000000,0.500000000,-0.000190735,-0.010928303,0.000000000,0.415314853,0.500000000,0.200000003,-0.032404900,-1.856663982,0.000000000,-0.000039430,0.000000000,0.100000001
2026-07-05 14:55:58.054,1783234558.054050446,13.021172084,1,1,13.008806683,1,0.506097387,5,1,0.519062563,5,1,0,0,0,0,1,1,1,0,1,0,-1.000000000,0.000000000,0.000000000,0.000000000,0,-1.000000000,0,0,0,,0,-1.000000000,,0,0,0.000000000,0.000000000,0,-1.000000000,0,,0,-1.000000000,,0,-1.000000000,0,,1,-0.030380821,-1.740692813,-0.007326126,-0.031745911,1,3.138873339,179.844194734,-0.007326126,-2.782905579,1,-2.872073412,-164.557684956,-0.002442360,2.659828186,1,0.001335144,0.076498119,-0.007326126,0.407814026,1,-0.032404900,-1.856663982,-0.012210846,-0.003663063,-0.030762291,-1.762549419,0.000000000,-0.000000000,8.000000000,3.500000000,3.155658007,180.805885369,0.000000000,-2.798734426,2.000000000,0.500000000,-2.874362230,-164.688824588,0.000000000,2.665618420,1.000000000,0.500000000,-0.000190735,-0.010928303,0.000000000,0.415314853,0.500000000,0.200000003,-0.032404900,-1.856663982,0.000000000,-0.000039430,0.000000000,0.100000001
2026-07-05 14:55:59.389,1783234559.389379025,14.356500561,1,1,14.344135160,1,1.118155603,5,1,1.143370374,5,1,0,0,0,0,1,1,1,0,1,0,-1.000000000,0.000000000,0.000000000,0.000000000,0,-1.000000000,0,0,0,,0,-1.000000000,,0,0,0.000000000,0.000000000,0,-1.000000000,0,,0,-1.000000000,,0,-1.000000000,0,,1,-0.030380821,-1.740692813,-0.007326126,-0.031745911,1,3.138873339,179.844194734,-0.007326126,-2.782905579,1,-2.872073412,-164.557684956,-0.002442360,2.659828186,1,0.001335144,0.076498119,-0.007326126,0.407814026,1,-0.032404900,-1.856663982,-0.012210846,-0.003663063,-0.030762291,-1.762549419,0.000000000,-0.000000000,8.000000000,3.500000000,3.155658007,180.805885369,0.000000000,-2.798734426,2.000000000,0.500000000,-2.874362230,-164.688824588,0.000000000,2.665618420,1.000000000,0.500000000,-0.000190735,-0.010928303,0.000000000,0.415314853,0.500000000,0.200000003,-0.032404900,-1.856663982,0.000000000,-0.000039430,0.000000000,0.100000001
2026-07-05 14:56:00.055,1783234560.055792570,15.022914192,1,1,15.010548791,1,0.002040355,5,1,0.000311570,5,1,0,0,0,0,1,1,1,0,1,0,-1.000000000,0.000000000,0.000000000,0.000000000,0,-1.000000000,0,0,0,,0,-1.000000000,,0,0,0.000000000,0.000000000,0,-1.000000000,0,,0,-1.000000000,,0,-1.000000000,0,,1,-0.030380821,-1.740692813,-0.021978378,-0.036629677,1,3.138873339,179.844194734,-0.002442360,-2.782905579,1,-2.872073412,-164.557684956,-0.007326126,2.659828186,1,0.001335144,0.076498119,-0.007326126,0.407814026,1,-0.032404900,-1.856663982,-0.061050415,-0.003663063,-0.030762291,-1.762549419,0.000000000,-0.000000000,8.000000000,3.500000000,3.155658007,180.805885369,0.000000000,-2.798734426,2.000000000,0.500000000,-2.874362230,-164.688824588,0.000000000,2.665618420,1.000000000,0.500000000,-0.000190735,-0.010928303,0.000000000,0.415314853,0.500000000,0.200000003,-0.032404900,-1.856663982,0.000000000,-0.000039430,0.000000000,0.100000001
2026-07-05 14:56:01.056,1783234561.056541681,16.023663113,1,1,16.011297712,1,0.292768211,5,1,0.300577608,5,1,0,1,0,0,1,1,1,0,1,0,-1.000000000,0.000000000,0.000000000,0.000000000,0,-1.000000000,0,0,0,,0,-1.000000000,,0,0,0.000000000,0.000000000,0,-1.000000000,0,,0,-1.000000000,,0,-1.000000000,0,,1,-0.030380821,-1.740692813,-0.007326126,-0.036629677,1,3.138873339,179.844194734,-0.002442360,-2.782905579,1,-2.872073412,-164.557684956,-0.002442360,2.659828186,1,0.001335144,0.076498119,-0.007326126,0.412698746,1,-0.032404900,-1.856663982,-0.061050415,-0.003663063,-0.030762291,-1.762549419,0.000000000,-0.000000000,8.000000000,3.500000000,3.155658007,180.805885369,0.000000000,-2.798734426,2.000000000,0.500000000,-2.874362230,-164.688824588,0.000000000,2.665618420,1.000000000,0.500000000,-0.000190735,-0.010928303,0.000000000,0.415314853,0.500000000,0.200000003,-0.032404900,-1.856663982,0.000000000,-0.000039430,0.000000000,0.100000001
2026-07-05 14:56:02.057,1783234562.057285309,17.024406840,1,1,17.012041439,1,0.001900356,5,1,0.000208920,5,1,0,1,0,0,1,1,1,0,1,0,-1.000000000,0.000000000,0.000000000,0.000000000,0,-1.000000000,0,0,0,,0,-1.000000000,,0,0,0.000000000,0.000000000,0,-1.000000000,0,,0,-1.000000000,,0,-1.000000000,0,,1,-0.030380821,-1.740692813,-0.007326126,-0.031745911,1,3.138873339,179.844194734,-0.002442360,-2.782905579,1,-2.872073412,-164.557684956,-0.002442360,2.646154404,1,0.001335144,0.076498119,-0.007326126,0.407814026,1,-0.032404900,-1.856663982,-0.012210846,-0.003663063,-0.030762291,-1.762549419,0.000000000,-0.000000000,8.000000000,3.500000000,3.155658007,180.805885369,0.000000000,-2.798734426,2.000000000,0.500000000,-2.874362230,-164.688824588,0.000000000,2.665618420,1.000000000,0.500000000,-0.000190735,-0.010928303,0.000000000,0.415314853,0.500000000,0.200000003,-0.032404900,-1.856663982,0.000000000,-0.000039430,0.000000000,0.100000001
2026-07-05 14:56:03.058,1783234563.058124065,18.025245506,1,1,18.012880105,1,0.002058078,5,1,0.000152758,5,1,0,1,0,0,1,1,1,0,1,0,-1.000000000,0.000000000,0.000000000,0.000000000,0,-1.000000000,0,0,0,,0,-1.000000000,,0,0,0.000000000,0.000000000,0,-1.000000000,0,,0,-1.000000000,,0,-1.000000000,0,,1,-0.030380821,-1.740692813,0.007326126,-0.031745911,1,3.138873339,179.844194734,-0.002442360,-2.796581268,1,-2.872073412,-164.557684956,-0.002442360,2.659828186,1,0.001335144,0.076498119,-0.007326126,0.407814026,1,-0.032404900,-1.856663982,0.012210846,-0.003663063,-0.030762291,-1.762549419,0.000000000,-0.000000000,8.000000000,3.500000000,3.155658007,180.805885369,0.000000000,-2.798734426,2.000000000,0.500000000,-2.874362230,-164.688824588,0.000000000,2.665618420,1.000000000,0.500000000,-0.000190735,-0.010928303,0.000000000,0.415314853,0.500000000,0.200000003,-0.032404900,-1.856663982,0.000000000,-0.000039430,0.000000000,0.100000001
2026-07-05 14:56:04.058,1783234564.058920860,19.026042432,1,1,19.013677031,1,0.002116862,5,1,0.200658383,5,1,0,1,0,0,1,1,1,0,1,0,-1.000000000,0.000000000,0.000000000,0.000000000,0,-1.000000000,0,0,0,,0,-1.000000000,,0,0,0.000000000,0.000000000,0,-1.000000000,0,,0,-1.000000000,,0,-1.000000000,0,,1,-0.030380821,-1.740692813,-0.007326126,-0.041514397,1,3.138873339,179.844194734,-0.002442360,-2.782905579,1,-2.872073412,-164.557684956,-0.007326126,2.646154404,1,0.001335144,0.076498119,-0.007326126,0.407814026,1,-0.032404900,-1.856663982,0.012210846,-0.003663063,-0.030762291,-1.762549419,0.000000000,-0.000000000,8.000000000,3.500000000,3.155658007,180.805885369,0.000000000,-2.798734426,2.000000000,0.500000000,-2.874362230,-164.688824588,0.000000000,2.665618420,1.000000000,0.500000000,-0.000190735,-0.010928303,0.000000000,0.415314853,0.500000000,0.200000003,-0.032404900,-1.856663982,0.000000000,-0.000039430,0.000000000,0.100000001
2026-07-05 14:56:05.059,1783234565.059846163,20.026967542,1,1,20.014602141,1,0.001968841,5,1,1.201583493,5,1,0,1,0,0,1,1,1,0,1,0,-1.000000000,0.000000000,0.000000000,0.000000000,0,-1.000000000,0,0,0,,0,-1.000000000,,0,0,0.000000000,0.000000000,0,-1.000000000,0,,0,-1.000000000,,0,-1.000000000,0,,1,-0.030380821,-1.740692813,-0.021978378,-0.031745911,1,3.138873339,179.844194734,-0.002442360,-2.782905579,1,-2.872073412,-164.557684956,-0.002442360,2.646154404,1,0.001335144,0.076498119,-0.007326126,0.407814026,1,-0.032404900,-1.856663982,-0.012210846,-0.003663063,-0.030762291,-1.762549419,0.000000000,-0.000000000,8.000000000,3.500000000,3.155658007,180.805885369,0.000000000,-2.798734426,2.000000000,0.500000000,-2.874362230,-164.688824588,0.000000000,2.665618420,1.000000000,0.500000000,-0.000190735,-0.010928303,0.000000000,0.415314853,0.500000000,0.200000003,-0.032404900,-1.856663982,0.000000000,-0.000039430,0.000000000,0.100000001
2026-07-05 14:56:06.060,1783234566.060401678,21.027523152,1,1,21.015157751,1,0.002011621,5,1,2.202139103,5,1,0,1,0,0,1,1,1,0,1,0,-1.000000000,0.000000000,0.000000000,0.000000000,0,-1.000000000,0,0,0,,0,-1.000000000,,0,0,0.000000000,0.000000000,0,-1.000000000,0,,0,-1.000000000,,0,-1.000000000,0,,1,-0.030380821,-1.740692813,-0.007326126,-0.031745911,1,3.138873339,179.844194734,-0.002442360,-2.796581268,1,-2.872073412,-164.557684956,-0.002442360,2.646154404,1,0.001335144,0.076498119,-0.007326126,0.407814026,1,-0.032404900,-1.856663982,0.012210846,-0.003663063,-0.030762291,-1.762549419,0.000000000,-0.000000000,8.000000000,3.500000000,3.155658007,180.805885369,0.000000000,-2.798734426,2.000000000,0.500000000,-2.874362230,-164.688824588,0.000000000,2.665618420,1.000000000,0.500000000,-0.000190735,-0.010928303,0.000000000,0.415314853,0.500000000,0.200000003,-0.032404900,-1.856663982,0.000000000,-0.000039430,0.000000000,0.100000001
2026-07-05 14:56:07.061,1783234567.061309338,22.028430962,1,1,22.016065561,1,0.042536147,5,1,3.203046913,5,1,0,1,0,0,1,1,1,0,1,0,-1.000000000,0.000000000,0.000000000,0.000000000,0,-1.000000000,0,0,0,,0,-1.000000000,,0,0,0.000000000,0.000000000,0,-1.000000000,0,,0,-1.000000000,,0,-1.000000000,0,,1,-0.030380821,-1.740692813,-0.007326126,-0.031745911,1,3.138873339,179.844194734,-0.002442360,-2.782905579,1,-2.872073412,-164.557684956,-0.002442360,2.659828186,1,0.001335144,0.076498119,-0.007326126,0.407814026,1,-0.032404900,-1.856663982,-0.012210846,-0.003663063,-0.030762291,-1.762549419,0.000000000,-0.000000000,8.000000000,3.500000000,3.155658007,180.805885369,0.000000000,-2.798734426,2.000000000,0.500000000,-2.874362230,-164.688824588,0.000000000,2.665618420,1.000000000,0.500000000,-0.000190735,-0.010928303,0.000000000,0.415314853,0.500000000,0.200000003,-0.032404900,-1.856663982,0.000000000,-0.000039430,0.000000000,0.100000001
2026-07-05 14:56:08.061,1783234568.061886549,23.029007868,1,1,23.016642467,1,0.002002737,5,1,0.000484729,5,1,0,1,0,0,1,1,1,0,1,0,-1.000000000,0.000000000,0.000000000,0.000000000,0,-1.000000000,0,0,0,,0,-1.000000000,,0,0,0.000000000,0.000000000,0,-1.000000000,0,,0,-1.000000000,,0,-1.000000000,0,,1,-0.030380821,-1.740692813,-0.007326126,-0.031745911,1,3.138873339,179.844194734,-0.007326126,-2.782905579,1,-2.872073412,-164.557684956,-0.002442360,2.646154404,1,0.001335144,0.076498119,-0.021978378,0.407814026,1,-0.032404900,-1.856663982,0.012210846,-0.003663063,-0.030762291,-1.762549419,0.000000000,-0.000000000,8.000000000,3.500000000,3.155658007,180.805885369,0.000000000,-2.798734426,2.000000000,0.500000000,-2.874362230,-164.688824588,0.000000000,2.665618420,1.000000000,0.500000000,-0.000190735,-0.010928303,0.000000000,0.415314853,0.500000000,0.200000003,-0.032404900,-1.856663982,0.000000000,-0.000039430,0.000000000,0.100000001
2026-07-05 14:56:09.062,1783234569.062578917,24.029700413,1,1,24.017335012,1,0.002270284,5,1,0.000344336,5,1,0,1,0,0,1,1,1,0,1,0,-1.000000000,0.000000000,0.000000000,0.000000000,0,-1.000000000,0,0,0,,0,-1.000000000,,0,0,0.000000000,0.000000000,0,-1.000000000,0,,0,-1.000000000,,0,-1.000000000,0,,1,-0.030380821,-1.740692813,-0.007326126,-0.031745911,1,3.138873339,179.844194734,-0.002442360,-2.782905579,1,-2.872073412,-164.557684956,-0.002442360,2.659828186,1,0.001335144,0.076498119,-0.021978378,0.412698746,1,-0.032404900,-1.856663982,0.012210846,-0.003663063,-0.030762291,-1.762549419,0.000000000,-0.000000000,8.000000000,3.500000000,3.155658007,180.805885369,0.000000000,-2.798734426,2.000000000,0.500000000,-2.874362230,-164.688824588,0.000000000,2.665618420,1.000000000,0.500000000,-0.000190735,-0.010928303,0.000000000,0.415314853,0.500000000,0.200000003,-0.032404900,-1.856663982,0.000000000,-0.000039430,0.000000000,0.100000001
2026-07-05 14:56:10.063,1783234570.063299179,25.030420567,1,1,25.018055166,1,0.002621124,5,1,0.480793038,5,1,0,1,0,0,1,1,1,0,1,0,-1.000000000,0.000000000,0.000000000,0.000000000,0,-1.000000000,0,0,0,,0,-1.000000000,,0,0,0.000000000,0.000000000,0,-1.000000000,0,,0,-1.000000000,,0,-1.000000000,0,,1,-0.030380821,-1.740692813,-0.007326126,-0.036629677,1,3.138873339,179.844194734,-0.002442360,-2.796581268,1,-2.872073412,-164.557684956,-0.002442360,2.659828186,1,0.001335144,0.076498119,-0.007326126,0.407814026,1,-0.032404900,-1.856663982,0.012210846,-0.003663063,-0.030762291,-1.762549419,0.000000000,-0.000000000,8.000000000,3.500000000,3.155658007,180.805885369,0.000000000,-2.798734426,2.000000000,0.500000000,-2.874362230,-164.688824588,0.000000000,2.665618420,1.000000000,0.500000000,-0.000190735,-0.010928303,0.000000000,0.415314853,0.500000000,0.200000003,-0.032404900,-1.856663982,0.000000000,-0.000039430,0.000000000,0.100000001
2026-07-05 14:56:11.064,1783234571.064033270,26.031154767,1,1,26.018789366,1,0.002420004,5,1,1.481527238,5,1,0,1,0,0,1,1,1,0,1,0,-1.000000000,0.000000000,0.000000000,0.000000000,0,-1.000000000,0,0,0,,0,-1.000000000,,0,0,0.000000000,0.000000000,0,-1.000000000,0,,0,-1.000000000,,0,-1.000000000,0,,1,-0.030380821,-1.740692813,-0.007326126,-0.036629677,1,3.138873339,179.844194734,-0.002442360,-2.782905579,1,-2.872073412,-164.557684956,-0.002442360,2.646154404,1,0.001335144,0.076498119,0.007326126,0.407814026,1,-0.032404900,-1.856663982,-0.036628723,-0.003663063,-0.030762291,-1.762549419,0.000000000,-0.000000000,8.000000000,3.500000000,3.155658007,180.805885369,0.000000000,-2.798734426,2.000000000,0.500000000,-2.874362230,-164.688824588,0.000000000,2.665618420,1.000000000,0.500000000,-0.000190735,-0.010928303,0.000000000,0.415314853,0.500000000,0.200000003,-0.032404900,-1.856663982,0.000000000,-0.000039430,0.000000000,0.100000001
2026-07-05 14:56:12.064,1783234572.064643145,27.031764412,1,1,27.019399011,1,0.002633290,5,1,2.482136883,5,1,0,1,0,0,1,1,1,0,1,0,-1.000000000,0.000000000,0.000000000,0.000000000,0,-1.000000000,0,0,0,,0,-1.000000000,,0,0,0.000000000,0.000000000,0,-1.000000000,0,,0,-1.000000000,,0,-1.000000000,0,,1,-0.030380821,-1.740692813,0.007326126,-0.031745911,1,3.138873339,179.844194734,0.002442360,-2.782905579,1,-2.872073412,-164.557684956,-0.002442360,2.646154404,1,0.001335144,0.076498119,0.007326126,0.407814026,1,-0.032404900,-1.856663982,0.012210846,-0.003663063,-0.030762291,-1.762549419,0.000000000,-0.000000000,8.000000000,3.500000000,3.155658007,180.805885369,0.000000000,-2.798734426,2.000000000,0.500000000,-2.874362230,-164.688824588,0.000000000,2.665618420,1.000000000,0.500000000,-0.000190735,-0.010928303,0.000000000,0.415314853,0.500000000,0.200000003,-0.032404900,-1.856663982,0.000000000,-0.000039430,0.000000000,0.100000001
2026-07-05 14:56:13.065,1783234573.065165281,28.032286820,1,1,28.019921419,1,0.002230912,5,1,0.000365758,5,1,0,1,0,0,1,1,1,0,1,0,-1.000000000,0.000000000,0.000000000,0.000000000,0,-1.000000000,0,0,0,,0,-1.000000000,,0,0,0.000000000,0.000000000,0,-1.000000000,0,,0,-1.000000000,,0,-1.000000000,0,,1,-0.030380821,-1.740692813,-0.007326126,-0.036629677,1,3.138873339,179.844194734,-0.007326126,-2.782905579,1,-2.872073412,-164.557684956,0.002442360,2.646154404,1,0.001335144,0.076498119,0.007326126,0.407814026,1,-0.032404900,-1.856663982,-0.012210846,-0.003663063,-0.030762291,-1.762549419,0.000000000,-0.000000000,8.000000000,3.500000000,3.155658007,180.805885369,0.000000000,-2.798734426,2.000000000,0.500000000,-2.874362230,-164.688824588,0.000000000,2.665618420,1.000000000,0.500000000,-0.000190735,-0.010928303,0.000000000,0.415314853,0.500000000,0.200000003,-0.032404900,-1.856663982,0.000000000,-0.000039430,0.000000000,0.100000001
2026-07-05 14:56:14.065,1783234574.065837622,29.032958966,1,1,29.020593565,1,0.001901401,5,1,0.000486412,5,1,0,1,0,0,1,1,1,0,1,0,-1.000000000,0.000000000,0.000000000,0.000000000,0,-1.000000000,0,0,0,,0,-1.000000000,,0,0,0.000000000,0.000000000,0,-1.000000000,0,,0,-1.000000000,,0,-1.000000000,0,,1,-0.030380821,-1.740692813,0.007326126,-0.036629677,1,3.138873339,179.844194734,-0.002442360,-2.782905579,1,-2.872073412,-164.557684956,-0.002442360,2.646154404,1,0.001335144,0.076498119,-0.007326126,0.407814026,1,-0.032404900,-1.856663982,-0.012210846,-0.003663063,-0.030762291,-1.762549419,0.000000000,-0.000000000,8.000000000,3.500000000,3.155658007,180.805885369,0.000000000,-2.798734426,2.000000000,0.500000000,-2.874362230,-164.688824588,0.000000000,2.665618420,1.000000000,0.500000000,-0.000190735,-0.010928303,0.000000000,0.415314853,0.500000000,0.200000003,-0.032404900,-1.856663982,0.000000000,-0.000039430,0.000000000,0.100000001
2026-07-05 14:56:15.066,1783234575.066442013,30.033563437,1,1,30.021198036,1,0.002159824,5,1,0.000384419,5,1,0,1,0,0,1,1,1,0,1,0,-1.000000000,0.000000000,0.000000000,0.000000000,0,-1.000000000,0,0,0,,0,-1.000000000,,0,0,0.000000000,0.000000000,0,-1.000000000,0,,0,-1.000000000,,0,-1.000000000,0,,1,-0.030380821,-1.740692813,-0.007326126,-0.036629677,1,3.138873339,179.844194734,-0.002442360,-2.782905579,1,-2.872073412,-164.557684956,-0.002442360,2.659828186,1,0.001335144,0.076498119,-0.021978378,0.407814026,1,-0.032404900,-1.856663982,0.012210846,-0.003663063,-0.030762291,-1.762549419,0.000000000,-0.000000000,8.000000000,3.500000000,3.155658007,180.805885369,0.000000000,-2.798734426,2.000000000,0.500000000,-2.874362230,-164.688824588,0.000000000,2.665618420,1.000000000,0.500000000,-0.000190735,-0.010928303,0.000000000,0.415314853,0.500000000,0.200000003,-0.032404900,-1.856663982,0.000000000,-0.000039430,0.000000000,0.100000001
2026-07-05 14:56:16.067,1783234576.067124844,31.034246102,1,1,31.021880701,1,0.002408991,5,1,0.000427493,5,1,0,1,0,0,1,1,1,0,1,0,-1.000000000,0.000000000,0.000000000,0.000000000,0,-1.000000000,0,0,0,,0,-1.000000000,,0,0,0.000000000,0.000000000,0,-1.000000000,0,,0,-1.000000000,,0,-1.000000000,0,,1,-0.030380821,-1.740692813,-0.007326126,-0.031745911,1,3.138873339,179.844194734,0.002442360,-2.782905579,1,-2.872073412,-164.557684956,-0.002442360,2.646154404,1,0.001335144,0.076498119,0.007326126,0.407814026,1,-0.032404900,-1.856663982,-0.012210846,-0.003663063,-0.030762291,-1.762549419,0.000000000,-0.000000000,8.000000000,3.500000000,3.155658007,180.805885369,0.000000000,-2.798734426,2.000000000,0.500000000,-2.874362230,-164.688824588,0.000000000,2.665618420,1.000000000,0.500000000,-0.000190735,-0.010928303,0.000000000,0.415314853,0.500000000,0.200000003,-0.032404900,-1.856663982,0.000000000,-0.000039430,0.000000000,0.100000001
2026-07-05 14:56:17.067,1783234577.067684412,32.034805904,1,1,32.022440503,1,0.002192891,5,1,0.000442093,5,1,0,1,0,0,1,1,1,0,1,0,-1.000000000,0.000000000,0.000000000,0.000000000,0,-1.000000000,0,0,0,,0,-1.000000000,,0,0,0.000000000,0.000000000,0,-1.000000000,0,,0,-1.000000000,,0,-1.000000000,0,,1,-0.030380821,-1.740692813,-0.007326126,-0.031745911,1,3.138873339,179.844194734,-0.002442360,-2.796581268,1,-2.872073412,-164.557684956,-0.002442360,2.646154404,1,0.001335144,0.076498119,0.007326126,0.407814026,1,-0.032404900,-1.856663982,-0.012210846,-0.003663063,-0.030762291,-1.762549419,0.000000000,-0.000000000,8.000000000,3.500000000,3.155658007,180.805885369,0.000000000,-2.798734426,2.000000000,0.500000000,-2.874362230,-164.688824588,0.000000000,2.665618420,1.000000000,0.500000000,-0.000190735,-0.010928303,0.000000000,0.415314853,0.500000000,0.200000003,-0.032404900,-1.856663982,0.000000000,-0.000039430,0.000000000,0.100000001
2026-07-05 14:56:18.068,1783234578.068390846,33.035512239,1,1,33.023146838,1,0.002369050,5,1,0.000376567,5,1,0,1,0,0,1,1,1,0,1,0,-1.000000000,0.000000000,0.000000000,0.000000000,0,-1.000000000,0,0,0,,0,-1.000000000,,0,0,0.000000000,0.000000000,0,-1.000000000,0,,0,-1.000000000,,0,-1.000000000,0,,1,-0.030380821,-1.740692813,-0.007326126,-0.031745911,1,3.138873339,179.844194734,-0.002442360,-2.782905579,1,-2.872073412,-164.557684956,-0.002442360,2.659828186,1,0.001335144,0.076498119,0.007326126,0.407814026,1,-0.032020569,-1.834643453,-0.012210846,-0.003663063,-0.030762291,-1.762549419,0.000000000,-0.000000000,8.000000000,3.500000000,3.155658007,180.805885369,0.000000000,-2.798734426,2.000000000,0.500000000,-2.874362230,-164.688824588,0.000000000,2.665618420,1.000000000,0.500000000,-0.000190735,-0.010928303,0.000000000,0.415314853,0.500000000,0.200000003,-0.032404900,-1.856663982,0.000000000,-0.000039430,0.000000000,0.100000001
2026-07-05 14:56:19.068,1783234579.068886042,34.036007472,1,1,34.023642071,1,0.002070524,5,1,0.000264818,5,1,0,1,0,0,1,1,1,0,1,0,-1.000000000,0.000000000,0.000000000,0.000000000,0,-1.000000000,0,0,0,,0,-1.000000000,,0,0,0.000000000,0.000000000,0,-1.000000000,0,,0,-1.000000000,,0,-1.000000000,0,,1,-0.030380821,-1.740692813,-0.007326126,-0.036629677,1,3.138873339,179.844194734,0.002442360,-2.782905579,1,-2.872073412,-164.557684956,-0.002442360,2.646154404,1,0.001335144,0.076498119,0.007326126,0.407814026,1,-0.032404900,-1.856663982,0.036628723,-0.003663063,-0.030762291,-1.762549419,0.000000000,-0.000000000,8.000000000,3.500000000,3.155658007,180.805885369,0.000000000,-2.798734426,2.000000000,0.500000000,-2.874362230,-164.688824588,0.000000000,2.665618420,1.000000000,0.500000000,-0.000190735,-0.010928303,0.000000000,0.415314853,0.500000000,0.200000003,-0.032404900,-1.856663982,0.000000000,-0.000039430,0.000000000,0.100000001
2026-07-05 14:56:20.069,1783234580.069495201,35.036616772,1,1,35.024251371,1,0.001890389,5,1,0.000203555,5,1,0,1,0,0,1,1,1,0,1,0,-1.000000000,0.000000000,0.000000000,0.000000000,0,-1.000000000,0,0,0,,0,-1.000000000,,0,0,0.000000000,0.000000000,0,-1.000000000,0,,0,-1.000000000,,0,-1.000000000,0,,1,-0.030380821,-1.740692813,-0.007326126,-0.036629677,1,3.138873339,179.844194734,-0.002442360,-2.782905579,1,-2.872073412,-164.557684956,0.002442360,2.646154404,1,0.001335144,0.076498119,0.007326126,0.407814026,1,-0.032404900,-1.856663982,0.012210846,-0.003663063,-0.030762291,-1.762549419,0.000000000,-0.000000000,8.000000000,3.500000000,3.155658007,180.805885369,0.000000000,-2.798734426,2.000000000,0.500000000,-2.874362230,-164.688824588,0.000000000,2.665618420,1.000000000,0.500000000,-0.000190735,-0.010928303,0.000000000,0.415314853,0.500000000,0.200000003,-0.032404900,-1.856663982,0.000000000,-0.000039430,0.000000000,0.100000001
2026-07-05 14:56:21.070,1783234581.070130587,36.037252216,1,1,36.024886815,1,0.002086232,5,1,0.560910332,5,1,0,1,0,0,1,1,1,0,1,0,-1.000000000,0.000000000,0.000000000,0.000000000,0,-1.000000000,0,0,0,,0,-1.000000000,,0,0,0.000000000,0.000000000,0,-1.000000000,0,,0,-1.000000000,,0,-1.000000000,0,,1,-0.030380821,-1.740692813,0.007326126,-0.031745911,1,3.138873339,179.844194734,-0.007326126,-2.782905579,1,-2.872073412,-164.557684956,-0.002442360,2.646154404,1,0.001335144,0.076498119,-0.007326126,0.407814026,1,-0.032404900,-1.856663982,0.012210846,-0.003663063,-0.030762291,-1.762549419,0.000000000,-0.000000000,8.000000000,3.500000000,3.155658007,180.805885369,0.000000000,-2.798734426,2.000000000,0.500000000,-2.874362230,-164.688824588,0.000000000,2.665618420,1.000000000,0.500000000,-0.000190735,-0.010928303,0.000000000,0.415314853,0.500000000,0.200000003,-0.032404900,-1.856663982,0.000000000,-0.000039430,0.000000000,0.100000001
2026-07-05 14:56:22.070,1783234582.070662975,37.037784314,1,1,37.025418913,1,0.001845733,5,1,0.000271508,5,1,0,1,0,0,1,1,1,0,1,0,-1.000000000,0.000000000,0.000000000,0.000000000,0,-1.000000000,0,0,0,,0,-1.000000000,,0,0,0.000000000,0.000000000,0,-1.000000000,0,,0,-1.000000000,,0,-1.000000000,0,,0,-0.030380821,-1.740692813,-0.007326126,-0.031745911,0,3.138873339,179.844194734,0.002442360,-2.782905579,0,-2.872073412,-164.557684956,-0.002442360,2.659828186,0,0.001335144,0.076498119,-0.007326126,0.407814026,0,-0.032404900,-1.856663982,-0.012210846,-0.003663063,-0.030762291,-1.762549419,0.000000000,-0.000000000,8.000000000,3.500000000,3.155658007,180.805885369,0.000000000,-2.798734426,2.000000000,0.500000000,-2.874362230,-164.688824588,0.000000000,2.665618420,1.000000000,0.500000000,-0.000190735,-0.010928303,0.000000000,0.415314853,0.500000000,0.200000003,-0.032404900,-1.856663982,0.000000000,-0.000039430,0.000000000,0.100000001
2026-07-05 14:56:23.071,1783234583.071228743,38.038350189,1,1,38.025984788,1,0.002276250,5,1,0.000324410,5,1,0,0,0,0,1,1,1,0,1,0,-1.000000000,0.000000000,0.000000000,0.000000000,0,-1.000000000,0,0,0,,0,-1.000000000,,0,0,0.000000000,0.000000000,0,-1.000000000,0,,0,-1.000000000,,0,-1.000000000,0,,1,-0.030380821,-1.740692813,-0.021978378,-0.031745911,1,3.138873339,179.844194734,0.002442360,-2.796581268,1,-2.872073412,-164.557684956,-0.002442360,2.646154404,1,0.001335144,0.076498119,-0.007326126,0.402930260,1,-0.032788277,-1.878629871,-0.012210846,-0.003663063,-0.030762291,-1.762549419,0.000000000,-0.000000000,8.000000000,3.500000000,3.155658007,180.805885369,0.000000000,-2.798734426,2.000000000,0.500000000,-2.874362230,-164.688824588,0.000000000,2.665618420,1.000000000,0.500000000,-0.000190735,-0.010928303,0.000000000,0.415314853,0.500000000,0.200000003,-0.032404900,-1.856663982,0.000000000,-0.000039430,0.000000000,0.100000001
2026-07-05 14:56:24.071,1783234584.071839333,39.038960617,1,1,39.026595216,1,0.002111474,5,1,0.000529434,5,1,0,0,0,0,1,1,1,0,1,0,-1.000000000,0.000000000,0.000000000,0.000000000,0,-1.000000000,0,0,0,,0,-1.000000000,,0,0,0.000000000,0.000000000,0,-1.000000000,0,,0,-1.000000000,,0,-1.000000000,0,,1,-0.030380821,-1.740692813,-0.007326126,-0.036629677,1,3.138873339,179.844194734,-0.002442360,-2.782905579,1,-2.872073412,-164.557684956,-0.002442360,2.646154404,1,0.001335144,0.076498119,-0.021978378,0.407814026,1,-0.032404900,-1.856663982,-0.012210846,-0.003663063,-0.030762291,-1.762549419,0.000000000,-0.000000000,8.000000000,3.500000000,3.155658007,180.805885369,0.000000000,-2.798734426,2.000000000,0.500000000,-2.874362230,-164.688824588,0.000000000,2.665618420,1.000000000,0.500000000,-0.000190735,-0.010928303,0.000000000,0.415314853,0.500000000,0.200000003,-0.032404900,-1.856663982,0.000000000,-0.000039430,0.000000000,0.100000001
2026-07-05 14:56:25.072,1783234585.072430134,40.039551583,1,1,40.027186182,1,0.002174373,5,1,0.000444232,5,1,0,0,0,0,1,1,1,0,1,0,-1.000000000,0.000000000,0.000000000,0.000000000,0,-1.000000000,0,0,0,,0,-1.000000000,,0,0,0.000000000,0.000000000,0,-1.000000000,0,,0,-1.000000000,,0,-1.000000000,0,,1,-0.030762291,-1.762549419,0.007326126,-0.031745911,1,3.138873339,179.844194734,-0.002442360,-2.796581268,1,-2.872073412,-164.557684956,-0.002442360,2.646154404,1,0.001335144,0.076498119,-0.021978378,0.407814026,1,-0.032404900,-1.856663982,-0.036628723,-0.003663063,-0.030762291,-1.762549419,0.000000000,-0.000000000,8.000000000,3.500000000,3.155658007,180.805885369,0.000000000,-2.798734426,2.000000000,0.500000000,-2.874362230,-164.688824588,0.000000000,2.665618420,1.000000000,0.500000000,-0.000190735,-0.010928303,0.000000000,0.415314853,0.500000000,0.200000003,-0.032404900,-1.856663982,0.000000000,-0.000039430,0.000000000,0.100000001
2026-07-05 14:56:26.072,1783234586.072906017,41.040027394,1,1,41.027661993,1,0.242739504,5,1,0.250511547,5,1,0,0,0,0,1,1,1,0,1,0,-1.000000000,0.000000000,0.000000000,0.000000000,0,-1.000000000,0,0,0,,0,-1.000000000,,0,0,0.000000000,0.000000000,0,-1.000000000,0,,0,-1.000000000,,0,-1.000000000,0,,1,-0.030762291,-1.762549419,-0.007326126,-0.036629677,1,3.138873339,179.844194734,-0.002442360,-2.782905579,1,-2.872073412,-164.557684956,-0.002442360,2.646154404,1,0.001335144,0.076498119,-0.007326126,0.407814026,1,-0.032404900,-1.856663982,-0.012210846,-0.003663063,-0.030762291,-1.762549419,0.000000000,-0.000000000,8.000000000,3.500000000,3.155658007,180.805885369,0.000000000,-2.798734426,2.000000000,0.500000000,-2.874362230,-164.688824588,0.000000000,2.665618420,1.000000000,0.500000000,-0.000190735,-0.010928303,0.000000000,0.415314853,0.500000000,0.200000003,-0.032404900,-1.856663982,0.000000000,-0.000039430,0.000000000,0.100000001
2026-07-05 14:56:27.073,1783234587.073498964,42.040620193,1,1,42.028254792,1,1.243332303,5,1,1.251104346,5,1,0,0,0,0,1,1,1,0,1,0,-1.000000000,0.000000000,0.000000000,0.000000000,0,-1.000000000,0,0,0,,0,-1.000000000,,0,0,0.000000000,0.000000000,0,-1.000000000,0,,0,-1.000000000,,0,-1.000000000,0,,1,-0.030762291,-1.762549419,-0.007326126,-0.036629677,1,3.138873339,179.844194734,-0.002442360,-2.782905579,1,-2.872073412,-164.557684956,-0.002442360,2.646154404,1,0.001335144,0.076498119,-0.007326126,0.407814026,1,-0.032404900,-1.856663982,-0.012210846,-0.003663063,-0.030762291,-1.762549419,0.000000000,-0.000000000,8.000000000,3.500000000,3.155658007,180.805885369,0.000000000,-2.798734426,2.000000000,0.500000000,-2.874362230,-164.688824588,0.000000000,2.665618420,1.000000000,0.500000000,-0.000190735,-0.010928303,0.000000000,0.415314853,0.500000000,0.200000003,-0.032404900,-1.856663982,0.000000000,-0.000039430,0.000000000,0.100000001
2026-07-05 14:56:28.074,1783234588.074091434,43.041212987,1,1,43.028847586,1,2.243925097,5,1,2.251697140,5,1,0,0,0,0,1,1,1,0,1,0,-1.000000000,0.000000000,0.000000000,0.000000000,0,-1.000000000,0,0,0,,0,-1.000000000,,0,0,0.000000000,0.000000000,0,-1.000000000,0,,0,-1.000000000,,0,-1.000000000,0,,1,-0.030762291,-1.762549419,-0.007326126,-0.036629677,1,3.138873339,179.844194734,-0.002442360,-2.782905579,1,-2.872073412,-164.557684956,-0.002442360,2.646154404,1,0.001335144,0.076498119,-0.007326126,0.407814026,1,-0.032404900,-1.856663982,-0.012210846,-0.003663063,-0.030762291,-1.762549419,0.000000000,-0.000000000,8.000000000,3.500000000,3.155658007,180.805885369,0.000000000,-2.798734426,2.000000000,0.500000000,-2.874362230,-164.688824588,0.000000000,2.665618420,1.000000000,0.500000000,-0.000190735,-0.010928303,0.000000000,0.415314853,0.500000000,0.200000003,-0.032404900,-1.856663982,0.000000000,-0.000039430,0.000000000,0.100000001
2026-07-05 14:56:29.074,1783234589.074604273,44.041725699,1,1,44.029360298,1,0.002026477,5,1,0.000172137,5,1,0,1,0,0,1,1,1,1,1,0,-1.000000000,0.000000000,0.000000000,0.000000000,0,-1.000000000,0,0,0,,0,-1.000000000,,0,0,0.000000000,0.000000000,0,-1.000000000,0,,0,-1.000000000,,0,-1.000000000,0,,1,-0.030380821,-1.740692813,-0.021978378,-0.036629677,1,3.138873339,179.844194734,-0.002442360,-2.796581268,1,-2.872073412,-164.557684956,-0.002442360,2.646154404,1,0.001335144,0.076498119,0.007326126,0.407814026,1,-0.032404900,-1.856663982,-0.012210846,-0.003663063,-0.030762291,-1.762549419,0.000000000,-0.000000000,8.000000000,3.500000000,3.155658007,180.805885369,0.000000000,-2.798734426,2.000000000,0.500000000,-2.874362230,-164.688824588,0.000000000,2.665618420,1.000000000,0.500000000,-0.000190735,-0.010928303,0.000000000,0.415314853,0.500000000,0.200000003,-0.032404900,-1.856663982,0.000000000,-0.000039430,0.000000000,0.100000001
2026-07-05 14:56:30.075,1783234590.075194836,45.042316334,1,1,45.029950933,1,0.002107209,5,1,0.000400454,5,1,0,1,0,0,1,1,1,1,1,0,-1.000000000,0.000000000,0.000000000,0.000000000,0,-1.000000000,0,0,0,,0,-1.000000000,,0,0,0.000000000,0.000000000,0,-1.000000000,0,,0,-1.000000000,,0,-1.000000000,0,,1,-0.030380821,-1.740692813,-0.007326126,-0.031745911,1,3.138873339,179.844194734,-0.002442360,-2.782905579,1,-2.872073412,-164.557684956,-0.002442360,2.659828186,1,0.001335144,0.076498119,-0.021978378,0.407814026,1,-0.032404900,-1.856663982,-0.036628723,-0.003663063,-0.030762291,-1.762549419,0.000000000,-0.000000000,8.000000000,3.500000000,3.155658007,180.805885369,0.000000000,-2.798734426,2.000000000,0.500000000,-2.874362230,-164.688824588,0.000000000,2.665618420,1.000000000,0.500000000,-0.000190735,-0.010928303,0.000000000,0.415314853,0.500000000,0.200000003,-0.032404900,-1.856663982,0.000000000,-0.000039430,0.000000000,0.100000001
2026-07-05 14:56:31.075,1783234591.075721502,46.042842861,1,1,46.030477460,1,0.001925694,5,1,0.000404903,5,1,0,1,0,0,1,1,1,1,1,0,-1.000000000,0.000000000,0.000000000,0.000000000,0,-1.000000000,0,0,0,,0,-1.000000000,,0,0,0.000000000,0.000000000,0,-1.000000000,0,,0,-1.000000000,,0,-1.000000000,0,,1,-0.030380821,-1.740692813,0.021978378,-0.036629677,1,3.138873339,179.844194734,0.002442360,-2.782905579,1,-2.872073412,-164.557684956,-0.007326126,2.646154404,1,0.001335144,0.076498119,-0.021978378,0.407814026,1,-0.032404900,-1.856663982,0.012210846,-0.003663063,-0.030762291,-1.762549419,0.000000000,-0.000000000,8.000000000,3.500000000,3.155658007,180.805885369,0.000000000,-2.798734426,2.000000000,0.500000000,-2.874362230,-164.688824588,0.000000000,2.665618420,1.000000000,0.500000000,-0.000190735,-0.010928303,0.000000000,0.415314853,0.500000000,0.200000003,-0.032404900,-1.856663982,0.000000000,-0.000039430,0.000000000,0.100000001
2026-07-05 14:56:32.076,1783234592.076256752,47.043378154,1,1,47.031012753,1,0.002434696,5,1,0.000306179,5,1,0,1,0,0,1,1,1,1,1,0,-1.000000000,0.000000000,0.000000000,0.000000000,0,-1.000000000,0,0,0,,0,-1.000000000,,0,0,0.000000000,0.000000000,0,-1.000000000,0,,0,-1.000000000,,0,-1.000000000,0,,1,-0.030380821,-1.740692813,0.007326126,-0.031745911,1,3.138873339,179.844194734,-0.002442360,-2.796581268,1,-2.872073412,-164.557684956,-0.002442360,2.646154404,1,0.001335144,0.076498119,-0.007326126,0.407814026,1,-0.032404900,-1.856663982,0.012210846,-0.003663063,-0.030762291,-1.762549419,0.000000000,-0.000000000,8.000000000,3.500000000,3.155658007,180.805885369,0.000000000,-2.798734426,2.000000000,0.500000000,-2.874362230,-164.688824588,0.000000000,2.665618420,1.000000000,0.500000000,-0.000190735,-0.010928303,0.000000000,0.415314853,0.500000000,0.200000003,-0.032404900,-1.856663982,0.000000000,-0.000039430,0.000000000,0.100000001
2026-07-05 14:56:33.076,1783234593.076802731,48.043924362,1,1,48.031558961,1,0.002356216,5,1,0.000351411,5,1,0,1,0,0,1,1,1,1,1,0,-1.000000000,0.000000000,0.000000000,0.000000000,0,-1.000000000,0,0,0,,0,-1.000000000,,0,0,0.000000000,0.000000000,0,-1.000000000,0,,0,-1.000000000,,0,-1.000000000,0,,1,-0.030380821,-1.740692813,-0.007326126,-0.031745911,1,3.138873339,179.844194734,-0.002442360,-2.782905579,1,-2.872073412,-164.557684956,-0.002442360,2.646154404,1,0.001335144,0.076498119,-0.007326126,0.407814026,1,-0.032404900,-1.856663982,-0.012210846,-0.003663063,-0.030762291,-1.762549419,0.000000000,-0.000000000,8.000000000,3.500000000,3.155658007,180.805885369,0.000000000,-2.798734426,2.000000000,0.500000000,-2.874362230,-164.688824588,0.000000000,2.665618420,1.000000000,0.500000000,-0.000190735,-0.010928303,0.000000000,0.415314853,0.500000000,0.200000003,-0.032404900,-1.856663982,0.000000000,-0.000039430,0.000000000,0.100000001
2026-07-05 14:56:34.077,1783234594.077360392,49.044481848,1,1,49.032116447,1,0.002304350,5,1,0.000485885,5,1,0,1,0,0,1,1,1,1,1,0,-1.000000000,0.000000000,0.000000000,0.000000000,0,-1.000000000,0,0,0,,0,-1.000000000,,0,0,0.000000000,0.000000000,0,-1.000000000,0,,0,-1.000000000,,0,-1.000000000,0,,1,-0.030380821,-1.740692813,-0.007326126,-0.031745911,1,3.138873339,179.844194734,0.002442360,-2.782905579,1,-2.872073412,-164.557684956,-0.002442360,2.646154404,1,0.001335144,0.076498119,-0.007326126,0.407814026,1,-0.032404900,-1.856663982,-0.012210846,-0.003663063,-0.030762291,-1.762549419,0.000000000,-0.000000000,8.000000000,3.500000000,3.155658007,180.805885369,0.000000000,-2.798734426,2.000000000,0.500000000,-2.874362230,-164.688824588,0.000000000,2.665618420,1.000000000,0.500000000,-0.000190735,-0.010928303,0.000000000,0.415314853,0.500000000,0.200000003,-0.032404900,-1.856663982,0.000000000,-0.000039430,0.000000000,0.100000001
2026-07-05 14:56:35.077,1783234595.077886820,50.045008188,1,1,50.032642787,1,0.001831102,5,1,0.000456465,5,1,0,1,0,0,1,1,1,1,1,0,-1.000000000,0.000000000,0.000000000,0.000000000,0,-1.000000000,0,0,0,,0,-1.000000000,,0,0,0.000000000,0.000000000,0,-1.000000000,0,,0,-1.000000000,,0,-1.000000000,0,,1,-0.030380821,-1.740692813,-0.007326126,-0.031745911,1,3.138873339,179.844194734,0.002442360,-2.782905579,1,-2.872073412,-164.557684956,0.002442360,2.646154404,1,0.001335144,0.076498119,-0.007326126,0.407814026,1,-0.032404900,-1.856663982,0.012210846,-0.003663063,-0.030762291,-1.762549419,0.000000000,-0.000000000,8.000000000,3.500000000,3.155658007,180.805885369,0.000000000,-2.798734426,2.000000000,0.500000000,-2.874362230,-164.688824588,0.000000000,2.665618420,1.000000000,0.500000000,-0.000190735,-0.010928303,0.000000000,0.415314853,0.500000000,0.200000003,-0.032404900,-1.856663982,0.000000000,-0.000039430,0.000000000,0.100000001
2026-07-05 14:56:36.078,1783234596.078394175,51.045515574,1,1,51.033150173,1,0.001844678,5,1,0.000275278,5,1,0,1,0,0,1,1,1,1,1,0,-1.000000000,0.000000000,0.000000000,0.000000000,0,-1.000000000,0,0,0,,0,-1.000000000,,0,0,0.000000000,0.000000000,0,-1.000000000,0,,0,-1.000000000,,0,-1.000000000,0,,1,-0.030380821,-1.740692813,0.007326126,-0.031745911,1,3.138873339,179.844194734,-0.002442360,-2.782905579,1,-2.872073412,-164.557684956,-0.002442360,2.646154404,1,0.001335144,0.076498119,-0.007326126,0.407814026,1,-0.032404900,-1.856663982,0.012210846,-0.003663063,-0.030762291,-1.762549419,0.000000000,-0.000000000,8.000000000,3.500000000,3.155658007,180.805885369,0.000000000,-2.798734426,2.000000000,0.500000000,-2.874362230,-164.688824588,0.000000000,2.665618420,1.000000000,0.500000000,-0.000190735,-0.010928303,0.000000000,0.415314853,0.500000000,0.200000003,-0.032404900,-1.856663982,0.000000000,-0.000039430,0.000000000,0.100000001
2026-07-05 14:56:37.079,1783234597.078919172,52.046040548,1,1,52.033675147,1,0.002221134,5,1,0.000359554,5,1,0,1,0,0,1,1,1,1,1,0,-1.000000000,0.000000000,0.000000000,0.000000000,0,-1.000000000,0,0,0,,0,-1.000000000,,0,0,0.000000000,0.000000000,0,-1.000000000,0,,0,-1.000000000,,0,-1.000000000,0,,1,-0.030380821,-1.740692813,-0.007326126,-0.036629677,1,3.138873339,179.844194734,0.002442360,-2.782905579,1,-2.872073412,-164.557684956,0.002442360,2.646154404,1,0.001335144,0.076498119,-0.007326126,0.407814026,1,-0.032404900,-1.856663982,-0.012210846,-0.003663063,-0.030762291,-1.762549419,0.000000000,-0.000000000,8.000000000,3.500000000,3.155658007,180.805885369,0.000000000,-2.798734426,2.000000000,0.500000000,-2.874362230,-164.688824588,0.000000000,2.665618420,1.000000000,0.500000000,-0.000190735,-0.010928303,0.000000000,0.415314853,0.500000000,0.200000003,-0.032404900,-1.856663982,0.000000000,-0.000039430,0.000000000,0.100000001
2026-07-05 14:56:38.079,1783234598.079459906,53.046581340,1,1,53.034215939,1,0.002298918,5,1,0.000282834,5,1,0,1,0,0,1,1,1,1,1,0,-1.000000000,0.000000000,0.000000000,0.000000000,0,-1.000000000,0,0,0,,0,-1.000000000,,0,0,0.000000000,0.000000000,0,-1.000000000,0,,0,-1.000000000,,0,-1.000000000,0,,1,-0.030762291,-1.762549419,-0.007326126,-0.031745911,1,3.138873339,179.844194734,-0.002442360,-2.796581268,1,-2.872073412,-164.557684956,-0.002442360,2.646154404,1,0.001335144,0.076498119,-0.007326126,0.407814026,1,-0.032404900,-1.856663982,-0.012210846,-0.003663063,-0.030762291,-1.762549419,0.000000000,-0.000000000,8.000000000,3.500000000,3.155658007,180.805885369,0.000000000,-2.798734426,2.000000000,0.500000000,-2.874362230,-164.688824588,0.000000000,2.665618420,1.000000000,0.500000000,-0.000190735,-0.010928303,0.000000000,0.415314853,0.500000000,0.200000003,-0.032404900,-1.856663982,0.000000000,-0.000039430,0.000000000,0.100000001
2026-07-05 14:56:39.080,1783234599.080105066,54.047226372,1,1,54.034860971,1,0.002360002,5,1,0.000519542,5,1,0,1,0,0,1,1,1,1,1,0,-1.000000000,0.000000000,0.000000000,0.000000000,0,-1.000000000,0,0,0,,0,-1.000000000,,0,0,0.000000000,0.000000000,0,-1.000000000,0,,0,-1.000000000,,0,-1.000000000,0,,1,-0.030380821,-1.740692813,0.007326126,-0.026862144,1,3.138873339,179.844194734,-0.002442360,-2.782905579,1,-2.872073412,-164.557684956,-0.002442360,2.646154404,1,0.001335144,0.076498119,-0.021978378,0.412698746,1,-0.032404900,-1.856663982,-0.012210846,-0.003663063,-0.030762291,-1.762549419,0.000000000,-0.000000000,8.000000000,3.500000000,3.155658007,180.805885369,0.000000000,-2.798734426,2.000000000,0.500000000,-2.874362230,-164.688824588,0.000000000,2.665618420,1.000000000,0.500000000,-0.000190735,-0.010928303,0.000000000,0.415314853,0.500000000,0.200000003,-0.032404900,-1.856663982,0.000000000,-0.000039430,0.000000000,0.100000001
2026-07-05 14:56:40.080,1783234600.080586433,55.047707978,1,1,55.035342577,1,0.002308375,5,1,0.000359253,5,1,0,1,0,0,1,1,1,1,1,1,0.670212278,0.090000000,2.400000000,0.000000000,0,-1.000000000,0,0,0,,0,-1.000000000,,0,0,0.000000000,0.000000000,0,-1.000000000,0,,0,-1.000000000,,0,-1.000000000,0,,1,-0.030380821,-1.740692813,-0.007326126,-0.031745911,1,3.138873339,179.844194734,0.002442360,-2.782905579,1,-2.872073412,-164.557684956,-0.007326126,2.646154404,1,0.001335144,0.076498119,0.007326126,0.407814026,1,-0.032404900,-1.856663982,0.012210846,-0.003663063,-0.030762291,-1.762549419,0.000000000,-0.000000000,8.000000000,3.500000000,3.155658007,180.805885369,0.000000000,-2.798734426,2.000000000,0.500000000,-2.874362230,-164.688824588,0.000000000,2.665618420,1.000000000,0.500000000,-0.000190735,-0.010928303,0.000000000,0.415314853,0.500000000,0.200000003,-0.032404900,-1.856663982,0.000000000,-0.000039430,0.000000000,0.100000001
2026-07-05 14:56:41.081,1783234601.081102610,56.048223895,1,1,56.035858494,1,0.002336991,5,1,0.000312661,5,1,0,1,0,0,1,1,1,1,1,1,0.073111323,0.090000000,2.400000000,0.000000000,1,0.413072287,12,1,12,1:-1.251:2.428|2:-0.428:2.425|3:0.392:2.424|4:1.223:2.419|5:1.228:1.589|6:0.405:1.588|7:-0.440:1.588|8:-1.261:1.589|9:-1.185:4.911|10:-0.390:4.902|11:0.375:4.903|12:1.182:4.901,0,-1.000000000,,0,0,0.000000000,0.000000000,0,-1.000000000,0,,0,-1.000000000,,0,-1.000000000,0,,1,-0.030380821,-1.740692813,-0.021978378,-0.036629677,1,3.138873339,179.844194734,-0.002442360,-2.782905579,1,-2.872073412,-164.557684956,-0.002442360,2.659828186,1,0.001335144,0.076498119,0.007326126,0.407814026,1,-0.032404900,-1.856663982,-0.036628723,-0.003663063,-0.030762291,-1.762549419,0.000000000,-0.000000000,8.000000000,3.500000000,3.155658007,180.805885369,0.000000000,-2.798734426,2.000000000,0.500000000,-2.874362230,-164.688824588,0.000000000,2.665618420,1.000000000,0.500000000,-0.000190735,-0.010928303,0.000000000,0.415314853,0.500000000,0.200000003,-0.032404900,-1.856663982,0.000000000,-0.000039430,0.000000000,0.100000001
2026-07-05 14:56:42.081,1783234602.081648588,57.048770152,1,1,57.036404751,1,0.001840647,5,1,0.000479952,5,1,0,1,0,0,1,1,1,1,1,1,0.009924437,0.090000000,2.400000000,0.000000000,1,1.413618544,12,1,12,1:-1.251:2.428|2:-0.428:2.425|3:0.392:2.424|4:1.223:2.419|5:1.228:1.589|6:0.405:1.588|7:-0.440:1.588|8:-1.261:1.589|9:-1.185:4.911|10:-0.390:4.902|11:0.375:4.903|12:1.182:4.901,0,-1.000000000,,0,0,0.000000000,0.000000000,0,-1.000000000,0,,0,-1.000000000,,0,-1.000000000,0,,1,-0.030380821,-1.740692813,0.007326126,-0.036629677,1,3.138873339,179.844194734,-0.002442360,-2.782905579,1,-2.872073412,-164.557684956,0.002442360,2.646154404,1,0.001335144,0.076498119,-0.007326126,0.407814026,1,-0.032404900,-1.856663982,-0.012210846,-0.003663063,-0.030762291,-1.762549419,0.000000000,-0.000000000,8.000000000,3.500000000,3.155658007,180.805885369,0.000000000,-2.798734426,2.000000000,0.500000000,-2.874362230,-164.688824588,0.000000000,2.665618420,1.000000000,0.500000000,-0.000190735,-0.010928303,0.000000000,0.415314853,0.500000000,0.200000003,-0.032404900,-1.856663982,0.000000000,-0.000039430,0.000000000,0.100000001
2026-07-05 14:56:43.082,1783234603.082146645,58.049267881,1,1,58.036902480,1,0.001990456,5,1,0.000511480,5,1,0,1,0,0,1,1,1,1,1,1,0.000918268,0.090000000,2.400000000,0.000000000,1,2.414116273,12,1,12,1:-1.251:2.428|2:-0.428:2.425|3:0.392:2.424|4:1.223:2.419|5:1.228:1.589|6:0.405:1.588|7:-0.440:1.588|8:-1.261:1.589|9:-1.185:4.911|10:-0.390:4.902|11:0.375:4.903|12:1.182:4.901,0,-1.000000000,,0,0,0.000000000,0.000000000,0,-1.000000000,0,,0,-1.000000000,,0,-1.000000000,0,,1,-0.030762291,-1.762549419,-0.021978378,-0.036629677,1,3.138873339,179.844194734,0.002442360,-2.782905579,1,-2.872073412,-164.557684956,-0.007326126,2.646154404,1,0.001335144,0.076498119,0.007326126,0.407814026,1,-0.032404900,-1.856663982,-0.036628723,-0.003663063,-0.030762291,-1.762549419,0.000000000,-0.000000000,8.000000000,3.500000000,3.155658007,180.805885369,0.000000000,-2.798734426,2.000000000,0.500000000,-2.874362230,-164.688824588,0.000000000,2.665618420,1.000000000,0.500000000,-0.000190735,-0.010928303,0.000000000,0.415314853,0.500000000,0.200000003,-0.032404900,-1.856663982,0.000000000,-0.000039430,0.000000000,0.100000001
2026-07-05 14:56:44.082,1783234604.082616568,59.049737922,1,1,59.037372521,1,0.002046648,5,1,0.000238512,5,1,0,1,0,0,1,1,1,1,1,1,0.488155717,0.090000000,2.400000000,0.000000000,1,3.414586314,12,1,12,1:-1.251:2.428|2:-0.428:2.425|3:0.392:2.424|4:1.223:2.419|5:1.228:1.589|6:0.405:1.588|7:-0.440:1.588|8:-1.261:1.589|9:-1.185:4.911|10:-0.390:4.902|11:0.375:4.903|12:1.182:4.901,0,-1.000000000,,0,0,0.000000000,0.000000000,0,-1.000000000,0,,0,-1.000000000,,0,-1.000000000,0,,1,-0.030380821,-1.740692813,-0.021978378,-0.031745911,1,3.138873339,179.844194734,-0.002442360,-2.782905579,1,-2.872073412,-164.557684956,-0.002442360,2.646154404,1,0.001335144,0.076498119,-0.007326126,0.407814026,1,-0.032404900,-1.856663982,-0.036628723,-0.003663063,-0.030762291,-1.762549419,0.000000000,-0.000000000,8.000000000,3.500000000,3.155658007,180.805885369,0.000000000,-2.798734426,2.000000000,0.500000000,-2.874362230,-164.688824588,0.000000000,2.665618420,1.000000000,0.500000000,-0.000190735,-0.010928303,0.000000000,0.415314853,0.500000000,0.200000003,-0.032404900,-1.856663982,0.000000000,-0.000039430,0.000000000,0.100000001
2026-07-05 14:56:45.083,1783234605.083074808,60.050196325,1,1,60.037830924,1,0.002191522,5,1,0.000108860,5,1,0,1,0,0,1,1,1,1,1,1,0.703538105,0.090000000,2.400000000,0.000000000,1,4.415044717,12,1,12,1:-1.251:2.428|2:-0.428:2.425|3:0.392:2.424|4:1.223:2.419|5:1.228:1.589|6:0.405:1.588|7:-0.440:1.588|8:-1.261:1.589|9:-1.185:4.911|10:-0.390:4.902|11:0.375:4.903|12:1.182:4.901,0,-1.000000000,,0,0,0.000000000,0.000000000,0,-1.000000000,0,,0,-1.000000000,,0,-1.000000000,0,,1,-0.030380821,-1.740692813,-0.007326126,-0.036629677,1,3.138873339,179.844194734,-0.002442360,-2.782905579,1,-2.872073412,-164.557684956,-0.002442360,2.646154404,1,0.001335144,0.076498119,-0.007326126,0.407814026,1,-0.032404900,-1.856663982,-0.012210846,-0.003663063,-0.030762291,-1.762549419,0.000000000,-0.000000000,8.000000000,3.500000000,3.155658007,180.805885369,0.000000000,-2.798734426,2.000000000,0.500000000,-2.874362230,-164.688824588,0.000000000,2.665618420,1.000000000,0.500000000,-0.000190735,-0.010928303,0.000000000,0.415314853,0.500000000,0.200000003,-0.032404900,-1.856663982,0.000000000,-0.000039430,0.000000000,0.100000001
2026-07-05 14:56:46.083,1783234606.083676815,61.050798398,1,1,61.038432997,1,0.001979321,5,1,0.000410463,5,1,0,1,0,0,1,1,1,1,1,1,0.733640291,0.090000000,2.400000000,0.000000000,1,5.415646790,12,1,12,1:-1.251:2.428|2:-0.428:2.425|3:0.392:2.424|4:1.223:2.419|5:1.228:1.589|6:0.405:1.588|7:-0.440:1.588|8:-1.261:1.589|9:-1.185:4.911|10:-0.390:4.902|11:0.375:4.903|12:1.182:4.901,0,-1.000000000,,0,0,0.000000000,0.000000000,0,-1.000000000,0,,0,-1.000000000,,0,-1.000000000,0,,1,-0.030380821,-1.740692813,-0.007326126,-0.036629677,1,3.138873339,179.844194734,0.002442360,-2.782905579,1,-2.872073412,-164.557684956,-0.002442360,2.646154404,1,0.001335144,0.076498119,-0.021978378,0.407814026,1,-0.032404900,-1.856663982,-0.012210846,-0.003663063,-0.030762291,-1.762549419,0.000000000,-0.000000000,8.000000000,3.500000000,3.155658007,180.805885369,0.000000000,-2.798734426,2.000000000,0.500000000,-2.874362230,-164.688824588,0.000000000,2.665618420,1.000000000,0.500000000,-0.000190735,-0.010928303,0.000000000,0.415314853,0.500000000,0.200000003,-0.032404900,-1.856663982,0.000000000,-0.000039430,0.000000000,0.100000001
2026-07-05 14:56:47.084,1783234607.084151268,62.051272675,1,1,62.038907274,1,0.002288776,5,1,0.000351572,5,1,0,1,0,0,1,1,1,1,1,1,1.734114568,0.090000000,2.400000000,0.000000000,1,6.416121067,12,1,12,1:-1.251:2.428|2:-0.428:2.425|3:0.392:2.424|4:1.223:2.419|5:1.228:1.589|6:0.405:1.588|7:-0.440:1.588|8:-1.261:1.589|9:-1.185:4.911|10:-0.390:4.902|11:0.375:4.903|12:1.182:4.901,0,-1.000000000,,0,0,0.000000000,0.000000000,0,-1.000000000,0,,0,-1.000000000,,0,-1.000000000,0,,1,-0.030380821,-1.740692813,-0.021978378,-0.031745911,1,3.138873339,179.844194734,-0.007326126,-2.796581268,1,-2.872073412,-164.557684956,-0.002442360,2.646154404,1,0.001335144,0.076498119,-0.007326126,0.407814026,1,-0.032404900,-1.856663982,0.012210846,-0.003663063,-0.030762291,-1.762549419,0.000000000,-0.000000000,8.000000000,3.500000000,3.155658007,180.805885369,0.000000000,-2.798734426,2.000000000,0.500000000,-2.874362230,-164.688824588,0.000000000,2.665618420,1.000000000,0.500000000,-0.000190735,-0.010928303,0.000000000,0.415314853,0.500000000,0.200000003,-0.032404900,-1.856663982,0.000000000,-0.000039430,0.000000000,0.100000001
2026-07-05 14:56:48.084,1783234608.084671497,63.051792889,1,1,63.039427488,1,0.002104289,5,1,0.000297455,5,1,0,1,0,0,1,1,1,1,1,1,0.441148943,0.090000000,2.400000000,0.000000000,1,7.416641281,12,1,12,1:-1.251:2.428|2:-0.428:2.425|3:0.392:2.424|4:1.223:2.419|5:1.228:1.589|6:0.405:1.588|7:-0.440:1.588|8:-1.261:1.589|9:-1.185:4.911|10:-0.390:4.902|11:0.375:4.903|12:1.182:4.901,0,-1.000000000,,0,0,0.000000000,0.000000000,0,-1.000000000,0,,0,-1.000000000,,0,-1.000000000,0,,1,-0.030380821,-1.740692813,-0.007326126,-0.036629677,1,3.138873339,179.844194734,-0.002442360,-2.782905579,1,-2.872073412,-164.557684956,-0.002442360,2.646154404,1,0.001335144,0.076498119,-0.021978378,0.407814026,1,-0.032404900,-1.856663982,-0.036628723,-0.003663063,-0.030762291,-1.762549419,0.000000000,-0.000000000,8.000000000,3.500000000,3.155658007,180.805885369,0.000000000,-2.798734426,2.000000000,0.500000000,-2.874362230,-164.688824588,0.000000000,2.665618420,1.000000000,0.500000000,-0.000190735,-0.010928303,0.000000000,0.415314853,0.500000000,0.200000003,-0.032404900,-1.856663982,0.000000000,-0.000039430,0.000000000,0.100000001
2026-07-05 14:56:49.085,1783234609.085156202,64.052277538,1,1,64.039912137,1,0.002038850,5,1,0.000329688,5,1,0,1,0,0,1,1,1,1,1,1,1.441633592,0.090000000,2.400000000,0.000000000,1,8.417125930,12,1,12,1:-1.251:2.428|2:-0.428:2.425|3:0.392:2.424|4:1.223:2.419|5:1.228:1.589|6:0.405:1.588|7:-0.440:1.588|8:-1.261:1.589|9:-1.185:4.911|10:-0.390:4.902|11:0.375:4.903|12:1.182:4.901,0,-1.000000000,,0,0,0.000000000,0.000000000,0,-1.000000000,0,,0,-1.000000000,,0,-1.000000000,0,,1,-0.030380821,-1.740692813,-0.007326126,-0.036629677,1,3.138873339,179.844194734,-0.002442360,-2.782905579,1,-2.872073412,-164.557684956,-0.002442360,2.646154404,1,0.001335144,0.076498119,-0.007326126,0.402930260,1,-0.032404900,-1.856663982,0.012210846,-0.003663063,-0.030762291,-1.762549419,0.000000000,-0.000000000,8.000000000,3.500000000,3.155658007,180.805885369,0.000000000,-2.798734426,2.000000000,0.500000000,-2.874362230,-164.688824588,0.000000000,2.665618420,1.000000000,0.500000000,-0.000190735,-0.010928303,0.000000000,0.415314853,0.500000000,0.200000003,-0.032404900,-1.856663982,0.000000000,-0.000039430,0.000000000,0.100000001
2026-07-05 14:56:50.085,1783234610.085699797,65.052821252,1,1,65.040455851,1,0.002253365,5,1,0.000392485,5,1,0,1,0,0,1,1,1,1,1,1,2.442177306,0.090000000,2.400000000,0.000000000,1,9.417669644,12,1,12,1:-1.251:2.428|2:-0.428:2.425|3:0.392:2.424|4:1.223:2.419|5:1.228:1.589|6:0.405:1.588|7:-0.440:1.588|8:-1.261:1.589|9:-1.185:4.911|10:-0.390:4.902|11:0.375:4.903|12:1.182:4.901,0,-1.000000000,,0,0,0.000000000,0.000000000,0,-1.000000000,0,,0,-1.000000000,,0,-1.000000000,0,,1,-0.030380821,-1.740692813,0.021978378,-0.026862144,1,3.138873339,179.844194734,-0.002442360,-2.796581268,1,-2.872073412,-164.557684956,-0.002442360,2.646154404,1,0.001335144,0.076498119,-0.007326126,0.407814026,1,-0.032404900,-1.856663982,0.012210846,-0.003663063,-0.030762291,-1.762549419,0.000000000,-0.000000000,8.000000000,3.500000000,3.155658007,180.805885369,0.000000000,-2.798734426,2.000000000,0.500000000,-2.874362230,-164.688824588,0.000000000,2.665618420,1.000000000,0.500000000,-0.000190735,-0.010928303,0.000000000,0.415314853,0.500000000,0.200000003,-0.032404900,-1.856663982,0.000000000,-0.000039430,0.000000000,0.100000001
2026-07-05 14:56:51.086,1783234611.086248159,66.053369602,1,1,66.041004201,1,0.002476529,5,1,0.000490786,5,1,0,1,0,0,1,1,1,1,1,1,3.442725656,0.090000000,2.400000000,0.000000000,1,10.418217994,12,1,12,1:-1.251:2.428|2:-0.428:2.425|3:0.392:2.424|4:1.223:2.419|5:1.228:1.589|6:0.405:1.588|7:-0.440:1.588|8:-1.261:1.589|9:-1.185:4.911|10:-0.390:4.902|11:0.375:4.903|12:1.182:4.901,1,0.957592366,ready,3,0,0.000000000,0.000000000,1,0.957575579,1,received,0,-1.000000000,,0,-1.000000000,0,,1,-0.030380821,-1.740692813,-0.021978378,-0.036629677,1,3.138873339,179.844194734,-0.007326126,-2.782905579,1,-2.872073412,-164.557684956,-0.002442360,2.646154404,1,0.001335144,0.076498119,-0.007326126,0.407814026,1,-0.032404900,-1.856663982,-0.012210846,-0.003663063,-0.030762291,-1.762549419,0.000000000,-0.000000000,8.000000000,3.500000000,3.155658007,180.805885369,0.000000000,-2.798734426,2.000000000,0.500000000,-2.874362230,-164.688824588,0.000000000,2.665618420,1.000000000,0.500000000,-0.000190735,-0.010928303,0.000000000,0.415314853,0.500000000,0.200000003,-0.032404900,-1.856663982,0.000000000,-0.000039430,0.000000000,0.100000001
2026-07-05 14:56:52.086,1783234612.086659431,67.053780844,1,1,67.041415443,1,0.002003524,5,1,0.000285986,5,1,0,1,0,0,1,1,1,1,1,1,0.052574061,0.090000000,2.400000000,0.000000000,1,11.418629236,12,1,12,1:-1.251:2.428|2:-0.428:2.425|3:0.392:2.424|4:1.223:2.419|5:1.228:1.589|6:0.405:1.588|7:-0.440:1.588|8:-1.261:1.589|9:-1.185:4.911|10:-0.390:4.902|11:0.375:4.903|12:1.182:4.901,1,1.958003608,ready,3,0,0.000000000,0.000000000,1,1.957986821,1,received,0,-1.000000000,,0,-1.000000000,0,,1,-0.030380821,-1.740692813,-0.021978378,-0.036629677,1,3.138873339,179.844194734,-0.002442360,-2.796581268,1,-2.872073412,-164.557684956,-0.002442360,2.646154404,1,0.001335144,0.076498119,0.007326126,0.407814026,1,-0.032404900,-1.856663982,-0.036628723,-0.003663063,-0.030762291,-1.762549419,0.000000000,-0.000000000,8.000000000,3.500000000,3.155658007,180.805885369,0.000000000,-2.798734426,2.000000000,0.500000000,-2.874362230,-164.688824588,0.000000000,2.665618420,1.000000000,0.500000000,-0.000190735,-0.010928303,0.000000000,0.415314853,0.500000000,0.200000003,-0.032404900,-1.856663982,0.000000000,-0.000039430,0.000000000,0.100000001
2026-07-05 14:56:53.086,1783234613.086567163,68.053688537,1,1,68.041323136,1,0.002221676,5,1,0.000449581,5,1,0,1,0,0,1,1,1,1,1,1,0.666994648,0.090000000,2.400000000,0.000000000,1,12.418536929,12,1,12,1:-1.251:2.428|2:-0.428:2.425|3:0.392:2.424|4:1.223:2.419|5:1.228:1.589|6:0.405:1.588|7:-0.440:1.588|8:-1.261:1.589|9:-1.185:4.911|10:-0.390:4.902|11:0.375:4.903|12:1.182:4.901,1,2.957911301,ready,3,0,0.000000000,0.000000000,1,2.957894514,1,received,0,-1.000000000,,0,-1.000000000,0,,1,-0.030762291,-1.762549419,-0.021978378,-0.036629677,1,3.138873339,179.844194734,-0.002442360,-2.782905579,1,-2.872073412,-164.557684956,-0.002442360,2.659828186,1,0.001335144,0.076498119,0.007326126,0.407814026,1,-0.032404900,-1.856663982,-0.012210846,-0.006104946,-0.030762291,-1.762549419,0.000000000,-0.000000000,8.000000000,3.500000000,3.155658007,180.805885369,0.000000000,-2.798734426,2.000000000,0.500000000,-2.874362230,-164.688824588,0.000000000,2.665618420,1.000000000,0.500000000,-0.000190735,-0.010928303,0.000000000,0.415314853,0.500000000,0.200000003,-0.032404900,-1.856663982,0.000000000,-0.000039430,0.000000000,0.100000001
2026-07-05 14:56:54.086,1783234614.086342573,69.053464024,1,1,69.041098623,1,0.001958217,5,1,0.000199096,5,1,0,1,0,0,1,1,1,1,1,1,0.100793853,0.090000000,2.400000000,0.000000000,1,13.418312416,12,1,12,1:-1.251:2.428|2:-0.428:2.425|3:0.392:2.424|4:1.223:2.419|5:1.228:1.589|6:0.405:1.588|7:-0.440:1.588|8:-1.261:1.589|9:-1.185:4.911|10:-0.390:4.902|11:0.375:4.903|12:1.182:4.901,1,0.547352434,pickup,3,0,0.000000000,0.000000000,1,0.547340287,1,received,0,-1.000000000,,0,-1.000000000,0,,1,-0.073487855,-4.210543965,-0.578754425,-0.954822540,1,3.132006884,179.450775837,-0.061050415,-4.000000000,1,-2.871310472,-164.513971745,-0.002442360,3.152135849,1,0.001335144,0.076498119,-0.007326126,0.417582512,1,-0.031637192,-1.812677564,0.012210846,0.037850857,-0.133956984,-7.675169801,-0.493570507,-0.326332897,8.000000000,3.500000000,2.988037348,171.201929056,-0.718777716,-3.585825682,2.000000000,0.500000000,-2.839238644,-162.676391311,0.156466737,3.083250046,1.000000000,0.500000000,0.001206714,0.069139630,-0.000612005,0.427096158,0.500000000,0.200000003,-0.029287815,-1.678068196,0.014853811,0.041573163,0.000000000,0.100000001
2026-07-05 14:56:55.086,1783234615.086261749,70.053383223,1,1,70.041017822,1,0.002169634,5,1,0.000438247,5,1,0,1,0,0,1,1,1,1,1,1,0.089116929,0.090000000,2.400000000,0.000000000,1,14.418231615,12,1,12,1:-1.251:2.428|2:-0.428:2.425|3:0.392:2.424|4:1.223:2.419|5:1.228:1.589|6:0.405:1.588|7:-0.440:1.588|8:-1.261:1.589|9:-1.185:4.911|10:-0.390:4.902|11:0.375:4.903|12:1.182:4.901,1,1.547271633,pickup,3,0,0.000000000,0.000000000,1,1.547259486,1,received,0,-1.000000000,,0,-1.000000000,0,,1,-0.871915460,-49.957075929,-0.652013779,0.715506554,1,3.121706247,178.860592852,-0.002442360,-3.193162918,1,-2.871310472,-164.513971745,-0.002442360,2.714529037,1,0.000953674,0.054641513,-0.021978378,0.300366402,1,-0.025502205,-1.461168709,-0.085468292,0.045176983,-0.923728585,-52.925749350,-0.656744123,-0.260341763,8.000000000,3.500000000,1.837907314,105.304332246,-0.956404448,-0.064138986,2.000000000,0.500000000,-2.588873386,-148.331518733,0.208194390,2.277305841,1.000000000,0.500000000,0.000227433,0.013030923,-0.000814334,0.299688280,0.500000000,0.200000003,-0.005519949,-0.316269802,0.019764457,0.045992922,0.000000000,0.100000001
2026-07-05 14:56:56.086,1783234616.086264133,71.053385507,1,1,71.041020106,1,0.002044938,5,1,0.000513930,5,1,0,1,0,0,1,1,1,1,1,1,0.372134359,0.090000000,2.400000000,0.000000000,1,15.418233899,12,1,12,1:-1.251:2.428|2:-0.428:2.425|3:0.392:2.424|4:1.223:2.419|5:1.228:1.589|6:0.405:1.588|7:-0.440:1.588|8:-1.261:1.589|9:-1.185:4.911|10:-0.390:4.902|11:0.375:4.903|12:1.182:4.901,1,2.547273917,pickup,3,0,0.000000000,0.000000000,1,2.547261770,1,received,0,-1.000000000,,0,-1.000000000,0,,1,-1.128648400,-64.666789892,-0.021978378,0.256410599,1,2.518212557,144.282951424,-5.658119678,-1.292306900,1,-2.761445284,-158.219160123,1.614163399,3.808546066,1,0.000190735,0.010928303,-0.021978378,0.251525879,1,-0.010929108,-0.626191743,0.012210846,0.001221180,-1.107148409,-63.434931124,0.000000000,0.000000000,13.000000000,2.200000048,1.570796371,90.000002504,0.000000000,1.635578275,25.000000000,8.000000000,-2.530727386,-144.999998343,0.000000000,1.635365009,20.000000000,6.500000000,0.000000000,0.000000000,0.000000000,0.247735515,12.000000000,3.200000048,0.000000000,0.000000000,0.000000000,-0.000019584,0.500000000,0.100000001
2026-07-05 14:56:57.086,1783234617.086111307,72.053232644,1,1,72.040867243,1,0.001964767,5,1,0.000347198,5,1,0,1,0,0,1,1,1,1,1,1,0.029088266,0.090000000,2.400000000,0.000000000,1,16.418081036,12,1,12,1:-1.251:2.428|2:-0.428:2.425|3:0.392:2.424|4:1.223:2.419|5:1.228:1.589|6:0.405:1.588|7:-0.440:1.588|8:-1.261:1.589|9:-1.185:4.911|10:-0.390:4.902|11:0.375:4.903|12:1.182:4.901,1,3.547121054,pickup,3,0,0.000000000,0.000000000,1,3.547108907,1,received,0,-1.000000000,,0,-1.000000000,0,,1,-1.116059899,-63.945521915,0.007326126,0.085470200,1,1.564142108,89.618741345,-0.002442360,1.784614563,1,-2.522260904,-144.514904648,-0.002442360,1.456409454,1,0.000572205,0.032784908,-0.021978378,0.212453842,1,-0.010545731,-0.604225855,0.012210846,0.001221180,-1.107148409,-63.434931124,0.000000000,0.000000000,13.000000000,2.200000048,1.570796371,90.000002504,0.000000000,1.635578275,25.000000000,8.000000000,-2.530727386,-144.999998343,0.000000000,1.635365009,20.000000000,6.500000000,0.000000000,0.000000000,0.000000000,0.247735515,12.000000000,3.200000048,0.000000000,0.000000000,0.000000000,-0.000019584,0.500000000,0.100000001
2026-07-05 14:56:58.086,1783234618.086148977,73.053270290,1,1,73.040904889,1,0.001953086,5,1,0.000238476,5,1,0,1,0,0,1,1,1,1,1,1,0.133853616,0.090000000,2.400000000,0.000000000,1,17.418118682,12,1,12,1:-1.251:2.428|2:-0.428:2.425|3:0.392:2.424|4:1.223:2.419|5:1.228:1.589|6:0.405:1.588|7:-0.440:1.588|8:-1.261:1.589|9:-1.185:4.911|10:-0.390:4.902|11:0.375:4.903|12:1.182:4.901,1,4.547158700,pickup,3,0,0.000000000,0.000000000,1,4.547146553,1,received,0,-1.000000000,,0,-1.000000000,0,,1,-1.116059899,-63.945521915,-0.021978378,0.090353966,1,1.564142108,89.618741345,0.002442360,1.784614563,1,-2.522260904,-144.514904648,-0.002442360,1.442735672,1,0.000572205,0.032784908,-0.007326126,0.212453842,1,-0.010929108,-0.626191743,-0.012210846,0.001221180,-1.107148409,-63.434931124,0.000000000,0.000000000,13.000000000,2.200000048,1.570796371,90.000002504,0.000000000,1.635578275,25.000000000,8.000000000,-2.530727386,-144.999998343,0.000000000,1.635365009,20.000000000,6.500000000,0.000000000,0.000000000,0.000000000,0.247735515,12.000000000,3.200000048,0.000000000,0.000000000,0.000000000,-0.000019584,0.500000000,0.100000001
2026-07-05 14:56:59.086,1783234619.086226702,74.053348190,1,1,74.040982789,1,0.002315776,5,1,0.000466979,5,1,0,1,0,0,1,1,1,1,1,1,0.320720280,0.090000000,2.400000000,0.000000000,1,18.418196582,12,1,12,1:-1.251:2.428|2:-0.428:2.425|3:0.392:2.424|4:1.223:2.419|5:1.228:1.589|6:0.405:1.588|7:-0.440:1.588|8:-1.261:1.589|9:-1.185:4.911|10:-0.390:4.902|11:0.375:4.903|12:1.182:4.901,1,5.547236600,pickup,3,0,0.000000000,0.000000000,1,5.547224453,1,received,0,-1.000000000,,0,-1.000000000,0,,1,-1.116059899,-63.945521915,-0.007326126,0.090353966,1,1.564142108,89.618741345,0.002442360,1.770940781,1,-2.522260904,-144.514904648,-0.002442360,1.456409454,1,0.000572205,0.032784908,-0.007326126,0.207570076,1,-0.010929108,-0.626191743,-0.012210846,0.001221180,-1.107148409,-63.434931124,0.000000000,0.000000000,13.000000000,2.200000048,1.570796371,90.000002504,0.000000000,1.635578275,25.000000000,8.000000000,-2.530727386,-144.999998343,0.000000000,1.635365009,20.000000000,6.500000000,0.000000000,0.000000000,0.000000000,0.247735515,12.000000000,3.200000048,0.000000000,0.000000000,0.000000000,-0.000019584,0.500000000,0.100000001
2026-07-05 14:57:00.086,1783234620.086251736,75.053373185,1,1,75.041007784,1,0.002092576,5,1,0.000262924,5,1,0,1,0,0,1,1,1,1,1,1,0.264030376,0.090000000,2.400000000,0.000000000,1,19.418221577,12,1,12,1:-1.251:2.428|2:-0.428:2.425|3:0.392:2.424|4:1.223:2.419|5:1.228:1.589|6:0.405:1.588|7:-0.440:1.588|8:-1.261:1.589|9:-1.185:4.911|10:-0.390:4.902|11:0.375:4.903|12:1.182:4.901,1,6.547261595,pickup,3,0,0.000000000,0.000000000,1,6.547249448,1,received,0,-1.000000000,,0,-1.000000000,0,,1,-1.116059899,-63.945521915,-0.021978378,0.090353966,1,1.564142108,89.618741345,-0.002442360,1.784614563,1,-2.522260904,-144.514904648,-0.002442360,1.442735672,1,0.000572205,0.032784908,0.007326126,0.207570076,1,-0.010929108,-0.626191743,-0.012210846,0.001221180,-1.107148409,-63.434931124,0.000000000,0.000000000,13.000000000,2.200000048,1.570796371,90.000002504,0.000000000,1.635578275,25.000000000,8.000000000,-2.530727386,-144.999998343,0.000000000,1.635365009,20.000000000,6.500000000,0.000000000,0.000000000,0.000000000,0.247735515,12.000000000,3.200000048,0.000000000,0.000000000,0.000000000,-0.000019584,0.500000000,0.100000001
2026-07-05 14:57:01.086,1783234621.086366892,76.053488438,1,1,76.041123037,1,0.001953569,5,1,0.000438658,5,1,0,1,0,0,1,1,1,1,1,1,0.336560385,0.090000000,2.400000000,0.000000000,1,20.418336830,12,1,12,1:-1.251:2.428|2:-0.428:2.425|3:0.392:2.424|4:1.223:2.419|5:1.228:1.589|6:0.405:1.588|7:-0.440:1.588|8:-1.261:1.589|9:-1.185:4.911|10:-0.390:4.902|11:0.375:4.903|12:1.182:4.901,1,7.547376848,pickup,3,0,0.000000000,0.000000000,1,7.547364701,1,received,0,-1.000000000,,0,-1.000000000,0,,1,-1.116059899,-63.945521915,-0.007326126,0.085470200,1,1.564142108,89.618741345,-0.002442360,1.770940781,1,-2.522260904,-144.514904648,-0.002442360,1.442735672,1,0.000572205,0.032784908,-0.007326126,0.217338562,1,-0.010929108,-0.626191743,-0.036628723,0.001221180,-1.107148409,-63.434931124,0.000000000,0.000000000,13.000000000,2.200000048,1.570796371,90.000002504,0.000000000,1.635578275,25.000000000,8.000000000,-2.530727386,-144.999998343,0.000000000,1.635365009,20.000000000,6.500000000,0.000000000,0.000000000,0.000000000,0.247735515,12.000000000,3.200000048,0.000000000,0.000000000,0.000000000,-0.000019584,0.500000000,0.100000001
2026-07-05 14:57:02.086,1783234622.086374998,77.053496316,1,1,77.041130915,1,0.002281107,5,1,0.000147916,5,1,0,1,0,0,1,1,1,1,1,1,0.129623028,0.090000000,2.400000000,0.000000000,1,21.418344708,12,1,12,1:-1.251:2.428|2:-0.428:2.425|3:0.392:2.424|4:1.223:2.419|5:1.228:1.589|6:0.405:1.588|7:-0.440:1.588|8:-1.261:1.589|9:-1.185:4.911|10:-0.390:4.902|11:0.375:4.903|12:1.182:4.901,1,8.547384726,pickup,3,0,0.000000000,0.000000000,1,8.547372579,1,received,0,-1.000000000,,0,-1.000000000,0,,1,-1.116059899,-63.945521915,-0.007326126,0.085470200,1,1.564142108,89.618741345,-0.007326126,1.770940781,1,-2.522260904,-144.514904648,-0.002442360,1.442735672,1,0.000572205,0.032784908,-0.007326126,0.212453842,1,-0.010929108,-0.626191743,0.012210846,0.001221180,-1.107148409,-63.434931124,0.000000000,0.000000000,13.000000000,2.200000048,1.570796371,90.000002504,0.000000000,1.635578275,25.000000000,8.000000000,-2.530727386,-144.999998343,0.000000000,1.635365009,20.000000000,6.500000000,0.000000000,0.000000000,0.000000000,0.247735515,12.000000000,3.200000048,0.000000000,0.000000000,0.000000000,-0.000019584,0.500000000,0.100000001
2026-07-05 14:57:03.086,1783234623.086457491,78.053579046,1,1,78.041213645,1,0.002316837,5,1,0.000230060,5,1,0,1,0,0,1,1,1,1,1,1,0.064142465,0.090000000,2.400000000,0.000000000,1,22.418427438,12,1,12,1:-1.251:2.428|2:-0.428:2.425|3:0.392:2.424|4:1.223:2.419|5:1.228:1.589|6:0.405:1.588|7:-0.440:1.588|8:-1.261:1.589|9:-1.185:4.911|10:-0.390:4.902|11:0.375:4.903|12:1.182:4.901,1,9.547467456,pickup,3,0,0.000000000,0.000000000,1,9.547455309,1,received,0,-1.000000000,,0,-1.000000000,0,,1,-1.116059899,-63.945521915,0.007326126,0.090353966,1,1.564142108,89.618741345,-0.002442360,1.770940781,1,-2.522260904,-144.514904648,-0.002442360,1.442735672,1,0.000572205,0.032784908,-0.007326126,0.217338562,1,-0.010929108,-0.626191743,-0.012210846,0.001221180,-1.107148409,-63.434931124,0.000000000,0.000000000,13.000000000,2.200000048,1.570796371,90.000002504,0.000000000,1.635578275,25.000000000,8.000000000,-2.530727386,-144.999998343,0.000000000,1.635365009,20.000000000,6.500000000,0.000000000,0.000000000,0.000000000,0.247735515,12.000000000,3.200000048,0.000000000,0.000000000,0.000000000,-0.000019584,0.500000000,0.100000001
2026-07-05 14:57:04.086,1783234624.086710930,79.053832358,1,1,79.041466957,1,0.002094233,5,1,0.000408837,5,1,0,1,0,0,1,1,1,1,1,1,0.554723739,0.090000000,2.400000000,0.000000000,1,23.418680750,12,1,12,1:-1.251:2.428|2:-0.428:2.425|3:0.392:2.424|4:1.223:2.419|5:1.228:1.589|6:0.405:1.588|7:-0.440:1.588|8:-1.261:1.589|9:-1.185:4.911|10:-0.390:4.902|11:0.375:4.903|12:1.182:4.901,1,10.547720768,pickup,3,0,0.000000000,0.000000000,1,10.547708621,1,received,0,-1.000000000,,0,-1.000000000,0,,1,-1.116059899,-63.945521915,-0.007326126,0.085470200,1,1.564142108,89.618741345,-0.002442360,1.770940781,1,-2.522260904,-144.514904648,-0.002442360,1.442735672,1,0.000572205,0.032784908,-0.007326126,0.217338562,1,-0.010929108,-0.626191743,0.012210846,0.001221180,-1.107148409,-63.434931124,0.000000000,0.000000000,13.000000000,2.200000048,1.570796371,90.000002504,0.000000000,1.635578275,25.000000000,8.000000000,-2.530727386,-144.999998343,0.000000000,1.635365009,20.000000000,6.500000000,0.000000000,0.000000000,0.000000000,0.247735515,12.000000000,3.200000048,0.000000000,0.000000000,0.000000000,-0.000019584,0.500000000,0.100000001
2026-07-05 14:57:05.086,1783234625.086845875,80.053967486,1,1,80.041602085,1,0.002324257,5,1,0.000399605,5,1,0,1,0,0,1,1,1,1,1,1,0.035294502,0.090000000,2.400000000,0.000000000,1,24.418815878,12,1,12,1:-1.251:2.428|2:-0.428:2.425|3:0.392:2.424|4:1.223:2.419|5:1.228:1.589|6:0.405:1.588|7:-0.440:1.588|8:-1.261:1.589|9:-1.185:4.911|10:-0.390:4.902|11:0.375:4.903|12:1.182:4.901,1,11.547855896,pickup,3,0,0.000000000,0.000000000,1,11.547843749,1,received,0,-1.000000000,,0,-1.000000000,0,,1,-1.116059899,-63.945521915,-0.007326126,0.090353966,1,1.564142108,89.618741345,-0.002442360,1.784614563,1,-2.522260904,-144.514904648,-0.002442360,1.442735672,1,0.000572205,0.032784908,0.007326126,0.212453842,1,-0.010929108,-0.626191743,0.012210846,0.001221180,-1.107148409,-63.434931124,0.000000000,0.000000000,13.000000000,2.200000048,1.570796371,90.000002504,0.000000000,1.635578275,25.000000000,8.000000000,-2.530727386,-144.999998343,0.000000000,1.635365009,20.000000000,6.500000000,0.000000000,0.000000000,0.000000000,0.247735515,12.000000000,3.200000048,0.000000000,0.000000000,0.000000000,-0.000019584,0.500000000,0.100000001
2026-07-05 14:57:06.087,1783234626.086944580,81.054065924,1,1,81.041700523,1,0.002364560,5,1,0.000312193,5,1,0,1,0,0,1,1,1,1,1,1,0.128558064,0.090000000,2.400000000,0.000000000,1,25.418914316,12,1,12,1:-1.251:2.428|2:-0.428:2.425|3:0.392:2.424|4:1.223:2.419|5:1.228:1.589|6:0.405:1.588|7:-0.440:1.588|8:-1.261:1.589|9:-1.185:4.911|10:-0.390:4.902|11:0.375:4.903|12:1.182:4.901,1,12.547954334,pickup,3,0,0.000000000,0.000000000,1,12.547942187,1,received,0,-1.000000000,,0,-1.000000000,0,,1,-1.116059899,-63.945521915,-0.007326126,0.090353966,1,1.564142108,89.618741345,-0.007326126,1.784614563,1,-2.522260904,-144.514904648,-0.002442360,1.442735672,1,0.000572205,0.032784908,-0.007326126,0.217338562,1,-0.010929108,-0.626191743,-0.036628723,0.001221180,-1.107148409,-63.434931124,0.000000000,0.000000000,13.000000000,2.200000048,1.570796371,90.000002504,0.000000000,1.635578275,25.000000000,8.000000000,-2.530727386,-144.999998343,0.000000000,1.635365009,20.000000000,6.500000000,0.000000000,0.000000000,0.000000000,0.247735515,12.000000000,3.200000048,0.000000000,0.000000000,0.000000000,-0.000019584,0.500000000,0.100000001
2026-07-05 14:57:07.087,1783234627.087123394,82.054244996,1,1,82.041879595,1,0.002138537,5,1,0.000310658,5,1,0,1,0,0,1,1,1,1,1,1,0.120193941,0.090000000,2.400000000,0.000000000,1,26.419093388,12,1,12,1:-1.251:2.428|2:-0.428:2.425|3:0.392:2.424|4:1.223:2.419|5:1.228:1.589|6:0.405:1.588|7:-0.440:1.588|8:-1.261:1.589|9:-1.185:4.911|10:-0.390:4.902|11:0.375:4.903|12:1.182:4.901,1,13.548133406,pickup,3,0,0.000000000,0.000000000,1,13.548121259,1,received,0,-1.000000000,,0,-1.000000000,0,,1,-1.116059899,-63.945521915,-0.007326126,0.090353966,1,1.564142108,89.618741345,-0.002442360,1.784614563,1,-2.522260904,-144.514904648,-0.002442360,1.456409454,1,0.000572205,0.032784908,-0.021978378,0.207570076,1,-0.010929108,-0.626191743,-0.012210846,0.001221180,-1.107148409,-63.434931124,0.000000000,0.000000000,13.000000000,2.200000048,1.570796371,90.000002504,0.000000000,1.635578275,25.000000000,8.000000000,-2.530727386,-144.999998343,0.000000000,1.635365009,20.000000000,6.500000000,0.000000000,0.000000000,0.000000000,0.247735515,12.000000000,3.200000048,0.000000000,0.000000000,0.000000000,-0.000019584,0.500000000,0.100000001
2026-07-05 14:57:08.087,1783234628.087350130,83.054471460,1,1,83.042106059,1,0.002192417,5,1,0.000349747,5,1,0,1,0,0,1,1,1,1,1,1,0.074287358,0.090000000,2.400000000,0.000000000,1,27.419319852,12,1,12,1:-1.251:2.428|2:-0.428:2.425|3:0.392:2.424|4:1.223:2.419|5:1.228:1.589|6:0.405:1.588|7:-0.440:1.588|8:-1.261:1.589|9:-1.185:4.911|10:-0.390:4.902|11:0.375:4.903|12:1.182:4.901,1,14.548359870,pickup,3,0,0.000000000,0.000000000,1,14.548347723,1,received,0,-1.000000000,,0,-1.000000000,0,,1,-1.116059899,-63.945521915,-0.007326126,0.085470200,1,1.564142108,89.618741345,-0.002442360,1.770940781,1,-2.522260904,-144.514904648,-0.002442360,1.442735672,1,0.000572205,0.032784908,-0.007326126,0.212453842,1,-0.010929108,-0.626191743,-0.036628723,0.001221180,-1.107148409,-63.434931124,0.000000000,0.000000000,13.000000000,2.200000048,1.570796371,90.000002504,0.000000000,1.635578275,25.000000000,8.000000000,-2.530727386,-144.999998343,0.000000000,1.635365009,20.000000000,6.500000000,0.000000000,0.000000000,0.000000000,0.247735515,12.000000000,3.200000048,0.000000000,0.000000000,0.000000000,-0.000019584,0.500000000,0.100000001
2026-07-05 14:57:09.087,1783234629.087555408,84.054676633,1,1,84.042311232,1,0.001924117,5,1,0.000316647,5,1,0,1,0,0,1,1,1,1,1,1,0.605239044,0.090000000,2.400000000,0.000000000,1,28.419525025,12,1,12,1:-1.251:2.428|2:-0.428:2.425|3:0.392:2.424|4:1.223:2.419|5:1.228:1.589|6:0.405:1.588|7:-0.440:1.588|8:-1.261:1.589|9:-1.185:4.911|10:-0.390:4.902|11:0.375:4.903|12:1.182:4.901,1,15.548565043,pickup,3,0,0.000000000,0.000000000,1,15.548552896,1,received,0,-1.000000000,,0,-1.000000000,0,,1,-1.116059899,-63.945521915,-0.007326126,0.085470200,1,1.564142108,89.618741345,-0.002442360,1.784614563,1,-2.522260904,-144.514904648,-0.002442360,1.442735672,1,0.000572205,0.032784908,0.007326126,0.212453842,1,-0.010929108,-0.626191743,-0.012210846,0.001221180,-1.107148409,-63.434931124,0.000000000,0.000000000,13.000000000,2.200000048,1.570796371,90.000002504,0.000000000,1.635578275,25.000000000,8.000000000,-2.530727386,-144.999998343,0.000000000,1.635365009,20.000000000,6.500000000,0.000000000,0.000000000,0.000000000,0.247735515,12.000000000,3.200000048,0.000000000,0.000000000,0.000000000,-0.000019584,0.500000000,0.100000001
2026-07-05 14:57:10.087,1783234630.087790012,85.054911415,1,1,85.042546014,1,0.001858046,5,1,0.000374936,5,1,0,1,0,0,1,1,1,1,1,1,0.038792420,0.090000000,2.400000000,0.000000000,1,29.419759807,12,1,12,1:-1.251:2.428|2:-0.428:2.425|3:0.392:2.424|4:1.223:2.419|5:1.228:1.589|6:0.405:1.588|7:-0.440:1.588|8:-1.261:1.589|9:-1.185:4.911|10:-0.390:4.902|11:0.375:4.903|12:1.182:4.901,1,16.548799825,pickup,3,0,0.000000000,0.000000000,1,16.548787678,1,received,0,-1.000000000,,0,-1.000000000,0,,1,-1.116059899,-63.945521915,-0.007326126,0.090353966,1,1.564142108,89.618741345,-0.002442360,1.784614563,1,-2.522260904,-144.514904648,-0.002442360,1.456409454,1,0.000572205,0.032784908,-0.007326126,0.212453842,1,-0.010929108,-0.626191743,-0.036628723,0.001221180,-1.107148409,-63.434931124,0.000000000,0.000000000,13.000000000,2.200000048,1.570796371,90.000002504,0.000000000,1.635578275,25.000000000,8.000000000,-2.530727386,-144.999998343,0.000000000,1.635365009,20.000000000,6.500000000,0.000000000,0.000000000,0.000000000,0.247735515,12.000000000,3.200000048,0.000000000,0.000000000,0.000000000,-0.000019584,0.500000000,0.100000001
2026-07-05 14:57:11.088,1783234631.088152409,86.055273620,1,1,86.042908219,1,0.002033987,5,1,0.000495465,5,1,0,1,0,0,1,1,1,1,1,1,0.020795832,0.090000000,2.400000000,0.000000000,1,30.420122012,12,1,12,1:-1.251:2.428|2:-0.428:2.425|3:0.392:2.424|4:1.223:2.419|5:1.228:1.589|6:0.405:1.588|7:-0.440:1.588|8:-1.261:1.589|9:-1.185:4.911|10:-0.390:4.902|11:0.375:4.903|12:1.182:4.901,1,17.549162030,pickup,3,0,0.000000000,0.000000000,1,17.549149883,1,received,0,-1.000000000,,0,-1.000000000,0,,1,-1.116059899,-63.945521915,-0.007326126,0.090353966,1,1.564142108,89.618741345,-0.002442360,1.784614563,1,-2.522260904,-144.514904648,-0.002442360,1.442735672,1,0.000572205,0.032784908,-0.007326126,0.212453842,1,-0.010929108,-0.626191743,-0.012210846,0.001221180,-1.107148409,-63.434931124,0.000000000,0.000000000,13.000000000,2.200000048,1.570796371,90.000002504,0.000000000,1.635578275,25.000000000,8.000000000,-2.530727386,-144.999998343,0.000000000,1.635365009,20.000000000,6.500000000,0.000000000,0.000000000,0.000000000,0.247735515,12.000000000,3.200000048,0.000000000,0.000000000,0.000000000,-0.000019584,0.500000000,0.100000001
2026-07-05 14:57:12.088,1783234632.088340521,87.055461876,1,1,87.043096475,1,0.002323436,5,1,0.000405012,5,1,0,1,0,0,1,1,1,1,1,1,0.610459621,0.090000000,2.400000000,0.000000000,1,31.420310268,12,1,12,1:-1.251:2.428|2:-0.428:2.425|3:0.392:2.424|4:1.223:2.419|5:1.228:1.589|6:0.405:1.588|7:-0.440:1.588|8:-1.261:1.589|9:-1.185:4.911|10:-0.390:4.902|11:0.375:4.903|12:1.182:4.901,1,18.549350286,pickup,3,0,0.000000000,0.000000000,1,18.549338139,1,received,0,-1.000000000,,0,-1.000000000,0,,1,-1.116059899,-63.945521915,-0.007326126,0.090353966,1,1.564142108,89.618741345,-0.007326126,1.770940781,1,-2.522260904,-144.514904648,-0.007326126,1.442735672,1,0.000572205,0.032784908,-0.021978378,0.207570076,1,-0.010929108,-0.626191743,-0.036628723,0.001221180,-1.107148409,-63.434931124,0.000000000,0.000000000,13.000000000,2.200000048,1.570796371,90.000002504,0.000000000,1.635578275,25.000000000,8.000000000,-2.530727386,-144.999998343,0.000000000,1.635365009,20.000000000,6.500000000,0.000000000,0.000000000,0.000000000,0.247735515,12.000000000,3.200000048,0.000000000,0.000000000,0.000000000,-0.000019584,0.500000000,0.100000001
2026-07-05 14:57:13.088,1783234633.088608980,88.055730422,1,1,88.043365021,1,0.002258407,5,1,0.000488806,5,1,0,1,0,0,1,1,1,1,1,1,0.259371337,0.090000000,2.400000000,0.000000000,1,32.420578814,12,1,12,1:-1.251:2.428|2:-0.428:2.425|3:0.392:2.424|4:1.223:2.419|5:1.228:1.589|6:0.405:1.588|7:-0.440:1.588|8:-1.261:1.589|9:-1.185:4.911|10:-0.390:4.902|11:0.375:4.903|12:1.182:4.901,1,19.549618832,pickup,3,0,0.000000000,0.000000000,1,19.549606685,1,received,0,-1.000000000,,0,-1.000000000,0,,1,-1.116059899,-63.945521915,-0.007326126,0.090353966,1,1.564142108,89.618741345,-0.002442360,1.784614563,1,-2.522260904,-144.514904648,-0.002442360,1.456409454,1,0.000572205,0.032784908,-0.007326126,0.212453842,1,-0.010929108,-0.626191743,0.012210846,0.001221180,-1.107148409,-63.434931124,0.000000000,0.000000000,13.000000000,2.200000048,1.570796371,90.000002504,0.000000000,1.635578275,25.000000000,8.000000000,-2.530727386,-144.999998343,0.000000000,1.635365009,20.000000000,6.500000000,0.000000000,0.000000000,0.000000000,0.247735515,12.000000000,3.200000048,0.000000000,0.000000000,0.000000000,-0.000019584,0.500000000,0.100000001
2026-07-05 14:57:14.088,1783234634.088771582,89.055893128,1,1,89.043527727,1,0.001814675,5,1,0.000281767,5,1,0,1,0,0,1,1,1,1,1,1,0.016067172,0.090000000,2.400000000,0.000000000,1,33.420741520,12,1,12,1:-1.251:2.428|2:-0.428:2.425|3:0.392:2.424|4:1.223:2.419|5:1.228:1.589|6:0.405:1.588|7:-0.440:1.588|8:-1.261:1.589|9:-1.185:4.911|10:-0.390:4.902|11:0.375:4.903|12:1.182:4.901,1,20.549781538,pickup,3,0,0.000000000,0.000000000,1,20.549769391,1,received,0,-1.000000000,,0,-1.000000000,0,,1,-1.116059899,-63.945521915,-0.021978378,0.090353966,1,1.564142108,89.618741345,-0.002442360,1.784614563,1,-2.522260904,-144.514904648,-0.002442360,1.442735672,1,0.000572205,0.032784908,0.007326126,0.212453842,1,-0.010929108,-0.626191743,0.012210846,0.001221180,-1.107148409,-63.434931124,0.000000000,0.000000000,13.000000000,2.200000048,1.570796371,90.000002504,0.000000000,1.635578275,25.000000000,8.000000000,-2.530727386,-144.999998343,0.000000000,1.635365009,20.000000000,6.500000000,0.000000000,0.000000000,0.000000000,0.247735515,12.000000000,3.200000048,0.000000000,0.000000000,0.000000000,-0.000019584,0.500000000,0.100000001
2026-07-05 14:57:15.089,1783234635.089113951,90.056235233,1,1,90.043869832,1,0.002024281,5,1,0.000356193,5,1,0,1,0,0,1,1,1,1,1,1,0.987914234,0.090000000,2.400000000,0.000000000,1,34.421083625,12,1,12,1:-1.251:2.428|2:-0.428:2.425|3:0.392:2.424|4:1.223:2.419|5:1.228:1.589|6:0.405:1.588|7:-0.440:1.588|8:-1.261:1.589|9:-1.185:4.911|10:-0.390:4.902|11:0.375:4.903|12:1.182:4.901,1,21.550123643,pickup,3,0,0.000000000,0.000000000,1,21.550111496,1,received,0,-1.000000000,,0,-1.000000000,0,,1,-1.116059899,-63.945521915,-0.021978378,0.090353966,1,1.564142108,89.618741345,-0.002442360,1.784614563,1,-2.522260904,-144.514904648,0.002442360,1.456409454,1,0.000572205,0.032784908,-0.021978378,0.212453842,1,-0.010929108,-0.626191743,0.012210846,0.001221180,-1.107148409,-63.434931124,0.000000000,0.000000000,13.000000000,2.200000048,1.570796371,90.000002504,0.000000000,1.635578275,25.000000000,8.000000000,-2.530727386,-144.999998343,0.000000000,1.635365009,20.000000000,6.500000000,0.000000000,0.000000000,0.000000000,0.247735515,12.000000000,3.200000048,0.000000000,0.000000000,0.000000000,-0.000019584,0.500000000,0.100000001
2026-07-05 14:57:16.089,1783234636.089399338,91.056520602,1,1,91.044155201,1,0.002084093,5,1,0.000535492,5,1,0,1,0,0,1,1,1,1,1,1,0.025795112,0.090000000,2.400000000,0.000000000,1,35.421368994,12,1,12,1:-1.251:2.428|2:-0.428:2.425|3:0.392:2.424|4:1.223:2.419|5:1.228:1.589|6:0.405:1.588|7:-0.440:1.588|8:-1.261:1.589|9:-1.185:4.911|10:-0.390:4.902|11:0.375:4.903|12:1.182:4.901,1,22.550409012,pickup,3,0,0.000000000,0.000000000,1,22.550396865,1,received,0,-1.000000000,,0,-1.000000000,0,,1,-1.116059899,-63.945521915,-0.007326126,0.085470200,1,1.564142108,89.618741345,-0.002442360,1.784614563,1,-2.522260904,-144.514904648,-0.002442360,1.442735672,1,0.000572205,0.032784908,-0.007326126,0.212453842,1,-0.010929108,-0.626191743,-0.012210846,0.001221180,-1.107148409,-63.434931124,0.000000000,0.000000000,13.000000000,2.200000048,1.570796371,90.000002504,0.000000000,1.635578275,25.000000000,8.000000000,-2.530727386,-144.999998343,0.000000000,1.635365009,20.000000000,6.500000000,0.000000000,0.000000000,0.000000000,0.247735515,12.000000000,3.200000048,0.000000000,0.000000000,0.000000000,-0.000019584,0.500000000,0.100000001
2026-07-05 14:57:17.089,1783234637.089697123,92.056818448,1,1,92.044453047,1,0.002407206,5,1,0.000332656,5,1,0,1,0,0,1,1,1,1,1,1,0.256193238,0.090000000,2.400000000,0.000000000,1,36.421666840,12,1,12,1:-1.251:2.428|2:-0.428:2.425|3:0.392:2.424|4:1.223:2.419|5:1.228:1.589|6:0.405:1.588|7:-0.440:1.588|8:-1.261:1.589|9:-1.185:4.911|10:-0.390:4.902|11:0.375:4.903|12:1.182:4.901,1,23.550706858,pickup,3,0,0.000000000,0.000000000,1,23.550694711,1,received,0,-1.000000000,,0,-1.000000000,0,,1,-1.116059899,-63.945521915,-0.007326126,0.085470200,1,1.564142108,89.618741345,-0.002442360,1.784614563,1,-2.522260904,-144.514904648,-0.002442360,1.442735672,1,0.000190735,0.010928303,-0.007326126,0.212453842,1,-0.010929108,-0.626191743,-0.036628723,0.001221180,-1.107148409,-63.434931124,0.000000000,0.000000000,13.000000000,2.200000048,1.570796371,90.000002504,0.000000000,1.635578275,25.000000000,8.000000000,-2.530727386,-144.999998343,0.000000000,1.635365009,20.000000000,6.500000000,0.000000000,0.000000000,0.000000000,0.247735515,12.000000000,3.200000048,0.000000000,0.000000000,0.000000000,-0.000019584,0.500000000,0.100000001
2026-07-05 14:57:18.090,1783234638.090060949,93.057182438,1,1,93.044817037,1,0.002218168,5,1,0.000448730,5,1,0,1,0,0,1,1,1,1,1,1,0.061734567,0.090000000,2.400000000,0.000000000,1,37.422030830,12,1,12,1:-1.251:2.428|2:-0.428:2.425|3:0.392:2.424|4:1.223:2.419|5:1.228:1.589|6:0.405:1.588|7:-0.440:1.588|8:-1.261:1.589|9:-1.185:4.911|10:-0.390:4.902|11:0.375:4.903|12:1.182:4.901,1,24.551070848,pickup,3,0,0.000000000,0.000000000,1,24.551058701,1,received,0,-1.000000000,,0,-1.000000000,0,,1,-1.116059899,-63.945521915,-0.007326126,0.085470200,1,1.564142108,89.618741345,-0.007326126,1.784614563,1,-2.522260904,-144.514904648,-0.002442360,1.442735672,1,0.000572205,0.032784908,0.007326126,0.212453842,1,-0.010929108,-0.626191743,-0.012210846,0.001221180,-1.107148409,-63.434931124,0.000000000,0.000000000,13.000000000,2.200000048,1.570796371,90.000002504,0.000000000,1.635578275,25.000000000,8.000000000,-2.530727386,-144.999998343,0.000000000,1.635365009,20.000000000,6.500000000,0.000000000,0.000000000,0.000000000,0.247735515,12.000000000,3.200000048,0.000000000,0.000000000,0.000000000,-0.000019584,0.500000000,0.100000001
2026-07-05 14:57:19.090,1783234639.090187073,94.057308442,1,1,94.044943041,1,0.001866351,5,1,0.000031732,5,1,0,1,0,0,1,1,1,1,1,1,0.014450481,0.090000000,2.400000000,0.000000000,1,38.422156834,12,1,12,1:-1.251:2.428|2:-0.428:2.425|3:0.392:2.424|4:1.223:2.419|5:1.228:1.589|6:0.405:1.588|7:-0.440:1.588|8:-1.261:1.589|9:-1.185:4.911|10:-0.390:4.902|11:0.375:4.903|12:1.182:4.901,1,25.551196852,pickup,3,0,0.000000000,0.000000000,1,25.551184705,1,received,0,-1.000000000,,0,-1.000000000,0,,1,-1.116059899,-63.945521915,-0.007326126,0.085470200,1,1.564142108,89.618741345,-0.002442360,1.784614563,1,-2.522260904,-144.514904648,-0.002442360,1.456409454,1,0.000572205,0.032784908,-0.007326126,0.212453842,1,-0.010929108,-0.626191743,0.012210846,0.001221180,-1.107148409,-63.434931124,0.000000000,0.000000000,13.000000000,2.200000048,1.570796371,90.000002504,0.000000000,1.635578275,25.000000000,8.000000000,-2.530727386,-144.999998343,0.000000000,1.635365009,20.000000000,6.500000000,0.000000000,0.000000000,0.000000000,0.247735515,12.000000000,3.200000048,0.000000000,0.000000000,0.000000000,-0.000019584,0.500000000,0.100000001
2026-07-05 14:57:20.090,1783234640.090655327,95.057776677,1,1,95.045411276,1,0.001874718,5,1,0.000267961,5,1,0,1,0,0,1,1,1,1,1,1,0.338958651,0.090000000,2.400000000,0.000000000,1,39.422625069,12,1,12,1:-1.251:2.428|2:-0.428:2.425|3:0.392:2.424|4:1.223:2.419|5:1.228:1.589|6:0.405:1.588|7:-0.440:1.588|8:-1.261:1.589|9:-1.185:4.911|10:-0.390:4.902|11:0.375:4.903|12:1.182:4.901,1,26.551665087,pickup,3,0,0.000000000,0.000000000,1,26.551652940,1,received,0,-1.000000000,,0,-1.000000000,0,,1,-1.116059899,-63.945521915,-0.007326126,0.090353966,1,1.564142108,89.618741345,-0.002442360,1.770940781,1,-2.522260904,-144.514904648,-0.002442360,1.442735672,1,0.000572205,0.032784908,-0.007326126,0.207570076,1,-0.010929108,-0.626191743,-0.012210846,0.001221180,-1.107148409,-63.434931124,0.000000000,0.000000000,13.000000000,2.200000048,1.570796371,90.000002504,0.000000000,1.635578275,25.000000000,8.000000000,-2.530727386,-144.999998343,0.000000000,1.635365009,20.000000000,6.500000000,0.000000000,0.000000000,0.000000000,0.247735515,12.000000000,3.200000048,0.000000000,0.000000000,0.000000000,-0.000019584,0.500000000,0.100000001
2026-07-05 14:57:21.091,1783234641.090968847,96.058090310,1,1,96.045724909,1,0.002440259,5,1,0.000362390,5,1,0,1,0,0,1,1,1,1,1,1,0.385510394,0.090000000,2.400000000,0.000000000,1,40.422938702,12,1,12,1:-1.251:2.428|2:-0.428:2.425|3:0.392:2.424|4:1.223:2.419|5:1.228:1.589|6:0.405:1.588|7:-0.440:1.588|8:-1.261:1.589|9:-1.185:4.911|10:-0.390:4.902|11:0.375:4.903|12:1.182:4.901,1,27.551978720,pickup,3,0,0.000000000,0.000000000,1,27.551966573,1,received,0,-1.000000000,,0,-1.000000000,0,,1,-1.116059899,-63.945521915,-0.021978378,0.090353966,1,1.564142108,89.618741345,-0.002442360,1.770940781,1,-2.522260904,-144.514904648,-0.002442360,1.442735672,1,0.000572205,0.032784908,-0.021978378,0.212453842,1,-0.010929108,-0.626191743,-0.012210846,0.001221180,-1.107148409,-63.434931124,0.000000000,0.000000000,13.000000000,2.200000048,1.570796371,90.000002504,0.000000000,1.635578275,25.000000000,8.000000000,-2.530727386,-144.999998343,0.000000000,1.635365009,20.000000000,6.500000000,0.000000000,0.000000000,0.000000000,0.247735515,12.000000000,3.200000048,0.000000000,0.000000000,0.000000000,-0.000019584,0.500000000,0.100000001
2026-07-05 14:57:22.091,1783234642.091307878,97.058429150,1,1,97.046063749,1,0.002261423,5,1,0.000330311,5,1,0,1,0,0,1,1,1,1,1,1,0.059097141,0.090000000,2.400000000,0.000000000,1,41.423277542,12,1,12,1:-1.251:2.428|2:-0.428:2.425|3:0.392:2.424|4:1.223:2.419|5:1.228:1.589|6:0.405:1.588|7:-0.440:1.588|8:-1.261:1.589|9:-1.185:4.911|10:-0.390:4.902|11:0.375:4.903|12:1.182:4.901,1,28.552317560,pickup,3,0,0.000000000,0.000000000,1,28.552305413,1,received,0,-1.000000000,,0,-1.000000000,0,,1,-1.116059899,-63.945521915,0.007326126,0.095237732,1,1.564142108,89.618741345,0.002442360,1.784614563,1,-2.522260904,-144.514904648,-0.002442360,1.442735672,1,0.000572205,0.032784908,-0.007326126,0.212453842,1,-0.010929108,-0.626191743,-0.012210846,0.001221180,-1.107148409,-63.434931124,0.000000000,0.000000000,13.000000000,2.200000048,1.570796371,90.000002504,0.000000000,1.635578275,25.000000000,8.000000000,-2.530727386,-144.999998343,0.000000000,1.635365009,20.000000000,6.500000000,0.000000000,0.000000000,0.000000000,0.247735515,12.000000000,3.200000048,0.000000000,0.000000000,0.000000000,-0.000019584,0.500000000,0.100000001
2026-07-05 14:57:23.091,1783234643.091624260,98.058745669,1,1,98.046380268,1,0.002185540,5,1,0.000177519,5,1,0,1,0,0,1,1,1,1,1,1,0.350493487,0.090000000,2.400000000,0.000000000,1,42.423594061,12,1,12,1:-1.251:2.428|2:-0.428:2.425|3:0.392:2.424|4:1.223:2.419|5:1.228:1.589|6:0.405:1.588|7:-0.440:1.588|8:-1.261:1.589|9:-1.185:4.911|10:-0.390:4.902|11:0.375:4.903|12:1.182:4.901,1,29.552634079,pickup,3,0,0.000000000,0.000000000,1,29.552621932,1,received,0,-1.000000000,,0,-1.000000000,0,,1,-1.116059899,-63.945521915,-0.021978378,0.085470200,1,1.564142108,89.618741345,-0.002442360,1.784614563,1,-2.522260904,-144.514904648,-0.002442360,1.442735672,1,0.000572205,0.032784908,-0.007326126,0.217338562,1,-0.010929108,-0.626191743,-0.012210846,0.001221180,-1.107148409,-63.434931124,0.000000000,0.000000000,13.000000000,2.200000048,1.570796371,90.000002504,0.000000000,1.635578275,25.000000000,8.000000000,-2.530727386,-144.999998343,0.000000000,1.635365009,20.000000000,6.500000000,0.000000000,0.000000000,0.000000000,0.247735515,12.000000000,3.200000048,0.000000000,0.000000000,0.000000000,-0.000019584,0.500000000,0.100000001
2026-07-05 14:57:24.092,1783234644.092059135,99.059180456,1,1,99.046815055,1,0.002107966,5,1,0.000390639,5,1,0,1,0,0,1,1,1,1,1,1,0.645204149,0.090000000,2.400000000,0.000000000,1,43.424028848,12,1,12,1:-1.251:2.428|2:-0.428:2.425|3:0.392:2.424|4:1.223:2.419|5:1.228:1.589|6:0.405:1.588|7:-0.440:1.588|8:-1.261:1.589|9:-1.185:4.911|10:-0.390:4.902|11:0.375:4.903|12:1.182:4.901,1,30.553068866,pickup,3,0,0.000000000,0.000000000,1,30.553056719,1,received,0,-1.000000000,,0,-1.000000000,0,,1,-1.116059899,-63.945521915,-0.007326126,0.090353966,1,1.564142108,89.618741345,-0.002442360,1.784614563,1,-2.522260904,-144.514904648,-0.002442360,1.442735672,1,0.000572205,0.032784908,-0.007326126,0.207570076,1,-0.010929108,-0.626191743,-0.012210846,0.001221180,-1.107148409,-63.434931124,0.000000000,0.000000000,13.000000000,2.200000048,1.570796371,90.000002504,0.000000000,1.635578275,25.000000000,8.000000000,-2.530727386,-144.999998343,0.000000000,1.635365009,20.000000000,6.500000000,0.000000000,0.000000000,0.000000000,0.247735515,12.000000000,3.200000048,0.000000000,0.000000000,0.000000000,-0.000019584,0.500000000,0.100000001
2026-07-05 14:57:25.092,1783234645.092318773,100.059440204,1,1,100.047074803,1,0.002256416,5,1,0.000325302,5,1,0,1,0,0,1,1,1,1,1,1,0.003436844,0.090000000,2.400000000,0.000000000,1,44.424288596,12,1,12,1:-1.251:2.428|2:-0.428:2.425|3:0.392:2.424|4:1.223:2.419|5:1.228:1.589|6:0.405:1.588|7:-0.440:1.588|8:-1.261:1.589|9:-1.185:4.911|10:-0.390:4.902|11:0.375:4.903|12:1.182:4.901,1,31.553328614,pickup,3,0,0.000000000,0.000000000,1,31.553316467,1,received,0,-1.000000000,,0,-1.000000000,0,,1,-1.116059899,-63.945521915,-0.007326126,0.090353966,1,1.564142108,89.618741345,-0.002442360,1.784614563,1,-2.522260904,-144.514904648,-0.002442360,1.442735672,1,0.000572205,0.032784908,-0.007326126,0.207570076,1,-0.010929108,-0.626191743,-0.012210846,0.001221180,-1.107148409,-63.434931124,0.000000000,0.000000000,13.000000000,2.200000048,1.570796371,90.000002504,0.000000000,1.635578275,25.000000000,8.000000000,-2.530727386,-144.999998343,0.000000000,1.635365009,20.000000000,6.500000000,0.000000000,0.000000000,0.000000000,0.247735515,12.000000000,3.200000048,0.000000000,0.000000000,0.000000000,-0.000019584,0.500000000,0.100000001
2026-07-05 14:57:26.092,1783234646.092669487,101.059790751,1,1,101.047425350,1,0.002365533,5,1,0.000357018,5,1,0,1,0,0,1,1,1,1,1,1,0.058193729,0.090000000,2.400000000,0.000000000,1,45.424639143,12,1,12,1:-1.251:2.428|2:-0.428:2.425|3:0.392:2.424|4:1.223:2.419|5:1.228:1.589|6:0.405:1.588|7:-0.440:1.588|8:-1.261:1.589|9:-1.185:4.911|10:-0.390:4.902|11:0.375:4.903|12:1.182:4.901,1,32.553679161,pickup,3,0,0.000000000,0.000000000,1,32.553667014,1,received,0,-1.000000000,,0,-1.000000000,0,,1,-1.116059899,-63.945521915,-0.007326126,0.090353966,1,1.564142108,89.618741345,-0.002442360,1.784614563,1,-2.522260904,-144.514904648,-0.002442360,1.442735672,1,0.000572205,0.032784908,-0.007326126,0.212453842,1,-0.010929108,-0.626191743,0.012210846,0.001221180,-1.107148409,-63.434931124,0.000000000,0.000000000,13.000000000,2.200000048,1.570796371,90.000002504,0.000000000,1.635578275,25.000000000,8.000000000,-2.530727386,-144.999998343,0.000000000,1.635365009,20.000000000,6.500000000,0.000000000,0.000000000,0.000000000,0.247735515,12.000000000,3.200000048,0.000000000,0.000000000,0.000000000,-0.000019584,0.500000000,0.100000001
2026-07-05 14:57:27.093,1783234647.092981815,102.060103146,1,1,102.047737745,1,0.002078044,5,1,0.000043086,5,1,0,1,0,0,1,1,1,1,1,1,0.538339513,0.090000000,2.400000000,0.000000000,1,46.424951538,12,1,12,1:-1.251:2.428|2:-0.428:2.425|3:0.392:2.424|4:1.223:2.419|5:1.228:1.589|6:0.405:1.588|7:-0.440:1.588|8:-1.261:1.589|9:-1.185:4.911|10:-0.390:4.902|11:0.375:4.903|12:1.182:4.901,1,33.553991556,pickup,3,0,0.000000000,0.000000000,1,33.553979409,1,received,0,-1.000000000,,0,-1.000000000,0,,1,-1.116059899,-63.945521915,-0.007326126,0.090353966,1,1.564142108,89.618741345,-0.002442360,1.770940781,1,-2.522260904,-144.514904648,-0.002442360,1.442735672,1,0.000572205,0.032784908,-0.007326126,0.207570076,1,-0.010929108,-0.626191743,-0.012210846,0.001221180,-1.107148409,-63.434931124,0.000000000,0.000000000,13.000000000,2.200000048,1.570796371,90.000002504,0.000000000,1.635578275,25.000000000,8.000000000,-2.530727386,-144.999998343,0.000000000,1.635365009,20.000000000,6.500000000,0.000000000,0.000000000,0.000000000,0.247735515,12.000000000,3.200000048,0.000000000,0.000000000,0.000000000,-0.000019584,0.500000000,0.100000001
2026-07-05 14:57:28.093,1783234648.093434095,103.060555560,1,1,103.048190159,1,0.001791633,5,1,0.000433882,5,1,0,1,0,0,1,1,1,1,1,1,0.098791217,0.090000000,2.400000000,0.000000000,1,47.425403952,12,1,12,1:-1.251:2.428|2:-0.428:2.425|3:0.392:2.424|4:1.223:2.419|5:1.228:1.589|6:0.405:1.588|7:-0.440:1.588|8:-1.261:1.589|9:-1.185:4.911|10:-0.390:4.902|11:0.375:4.903|12:1.182:4.901,1,34.554443970,pickup,3,0,0.000000000,0.000000000,1,34.554431823,1,received,0,-1.000000000,,0,-1.000000000,0,,1,-1.116059899,-63.945521915,-0.021978378,0.090353966,1,1.564142108,89.618741345,-0.007326126,1.770940781,1,-2.522260904,-144.514904648,-0.002442360,1.456409454,1,0.000572205,0.032784908,0.007326126,0.217338562,1,-0.010929108,-0.626191743,-0.036628723,0.001221180,-1.107148409,-63.434931124,0.000000000,0.000000000,13.000000000,2.200000048,1.570796371,90.000002504,0.000000000,1.635578275,25.000000000,8.000000000,-2.530727386,-144.999998343,0.000000000,1.635365009,20.000000000,6.500000000,0.000000000,0.000000000,0.000000000,0.247735515,12.000000000,3.200000048,0.000000000,0.000000000,0.000000000,-0.000019584,0.500000000,0.100000001
2026-07-05 14:57:29.093,1783234649.093794823,104.060916280,1,1,104.048550879,1,0.002046452,5,1,0.000454144,5,1,0,1,0,0,1,1,1,1,1,1,0.010113665,0.090000000,2.400000000,0.000000000,1,48.425764672,12,1,12,1:-1.251:2.428|2:-0.428:2.425|3:0.392:2.424|4:1.223:2.419|5:1.228:1.589|6:0.405:1.588|7:-0.440:1.588|8:-1.261:1.589|9:-1.185:4.911|10:-0.390:4.902|11:0.375:4.903|12:1.182:4.901,1,35.554804690,pickup,3,0,0.000000000,0.000000000,1,35.554792543,1,received,0,-1.000000000,,0,-1.000000000,0,,1,-1.116059899,-63.945521915,-0.007326126,0.090353966,1,1.564142108,89.618741345,-0.002442360,1.784614563,1,-2.522260904,-144.514904648,-0.002442360,1.456409454,1,0.000572205,0.032784908,-0.007326126,0.212453842,1,-0.010929108,-0.626191743,0.012210846,0.001221180,-1.107148409,-63.434931124,0.000000000,0.000000000,13.000000000,2.200000048,1.570796371,90.000002504,0.000000000,1.635578275,25.000000000,8.000000000,-2.530727386,-144.999998343,0.000000000,1.635365009,20.000000000,6.500000000,0.000000000,0.000000000,0.000000000,0.247735515,12.000000000,3.200000048,0.000000000,0.000000000,0.000000000,-0.000019584,0.500000000,0.100000001
2026-07-05 14:57:30.094,1783234650.094142914,105.061264292,1,1,105.048898891,1,0.001649728,5,1,0.000300799,5,1,0,1,0,0,1,1,1,1,1,1,0.135672865,0.090000000,2.400000000,0.000000000,1,49.426112684,12,1,12,1:-1.251:2.428|2:-0.428:2.425|3:0.392:2.424|4:1.223:2.419|5:1.228:1.589|6:0.405:1.588|7:-0.440:1.588|8:-1.261:1.589|9:-1.185:4.911|10:-0.390:4.902|11:0.375:4.903|12:1.182:4.901,1,36.555152702,pickup,3,0,0.000000000,0.000000000,1,36.555140555,1,received,0,-1.000000000,,0,-1.000000000,0,,1,-1.116059899,-63.945521915,-0.007326126,0.090353966,1,1.564142108,89.618741345,-0.002442360,1.770940781,1,-2.522260904,-144.514904648,-0.002442360,1.442735672,1,0.000572205,0.032784908,-0.007326126,0.207570076,1,-0.010929108,-0.626191743,0.012210846,0.001221180,-1.107148409,-63.434931124,0.000000000,0.000000000,13.000000000,2.200000048,1.570796371,90.000002504,0.000000000,1.635578275,25.000000000,8.000000000,-2.530727386,-144.999998343,0.000000000,1.635365009,20.000000000,6.500000000,0.000000000,0.000000000,0.000000000,0.247735515,12.000000000,3.200000048,0.000000000,0.000000000,0.000000000,-0.000019584,0.500000000,0.100000001
2026-07-05 14:57:31.094,1783234651.094576597,106.061698108,1,1,106.049332707,1,0.001964543,5,1,0.000273824,5,1,0,1,0,0,1,1,1,1,1,1,0.106513243,0.090000000,2.400000000,0.000000000,1,50.426546500,12,1,12,1:-1.251:2.428|2:-0.428:2.425|3:0.392:2.424|4:1.223:2.419|5:1.228:1.589|6:0.405:1.588|7:-0.440:1.588|8:-1.261:1.589|9:-1.185:4.911|10:-0.390:4.902|11:0.375:4.903|12:1.182:4.901,1,37.555586518,pickup,3,0,0.000000000,0.000000000,1,37.555574371,1,received,0,-1.000000000,,0,-1.000000000,0,,1,-1.116059899,-63.945521915,-0.007326126,0.090353966,1,1.564142108,89.618741345,-0.002442360,1.784614563,1,-2.522260904,-144.514904648,-0.002442360,1.442735672,1,0.000572205,0.032784908,-0.007326126,0.212453842,1,-0.010929108,-0.626191743,0.012210846,0.001221180,-1.107148409,-63.434931124,0.000000000,0.000000000,13.000000000,2.200000048,1.570796371,90.000002504,0.000000000,1.635578275,25.000000000,8.000000000,-2.530727386,-144.999998343,0.000000000,1.635365009,20.000000000,6.500000000,0.000000000,0.000000000,0.000000000,0.247735515,12.000000000,3.200000048,0.000000000,0.000000000,0.000000000,-0.000019584,0.500000000,0.100000001
2026-07-05 14:57:32.094,1783234652.094823599,107.061945227,1,1,107.049579826,1,0.001999277,5,1,0.000037093,5,1,0,1,0,0,1,1,1,1,1,1,0.147044537,0.090000000,2.400000000,0.000000000,1,51.426793619,12,1,12,1:-1.251:2.428|2:-0.428:2.425|3:0.392:2.424|4:1.223:2.419|5:1.228:1.589|6:0.405:1.588|7:-0.440:1.588|8:-1.261:1.589|9:-1.185:4.911|10:-0.390:4.902|11:0.375:4.903|12:1.182:4.901,1,38.555833637,pickup,3,0,0.000000000,0.000000000,1,38.555821490,1,received,0,-1.000000000,,0,-1.000000000,0,,1,-1.116059899,-63.945521915,-0.007326126,0.090353966,1,1.564142108,89.618741345,-0.007326126,1.798290253,1,-2.522260904,-144.514904648,-0.002442360,1.456409454,1,0.000572205,0.032784908,0.007326126,0.212453842,1,-0.010929108,-0.626191743,-0.036628723,0.001221180,-1.107148409,-63.434931124,0.000000000,0.000000000,13.000000000,2.200000048,1.570796371,90.000002504,0.000000000,1.635578275,25.000000000,8.000000000,-2.530727386,-144.999998343,0.000000000,1.635365009,20.000000000,6.500000000,0.000000000,0.000000000,0.000000000,0.247735515,12.000000000,3.200000048,0.000000000,0.000000000,0.000000000,-0.000019584,0.500000000,0.100000001
2026-07-05 14:57:33.095,1783234653.095334053,108.062455656,1,1,108.050090255,1,0.002341448,5,1,0.000411557,5,1,0,1,0,0,1,1,1,1,1,1,0.055445924,0.090000000,2.400000000,0.000000000,1,52.427304048,12,1,12,1:-1.251:2.428|2:-0.428:2.425|3:0.392:2.424|4:1.223:2.419|5:1.228:1.589|6:0.405:1.588|7:-0.440:1.588|8:-1.261:1.589|9:-1.185:4.911|10:-0.390:4.902|11:0.375:4.903|12:1.182:4.901,1,39.556344066,pickup,3,0,0.000000000,0.000000000,1,39.556331919,1,received,0,-1.000000000,,0,-1.000000000,0,,1,-1.116059899,-63.945521915,-0.007326126,0.090353966,1,1.564142108,89.618741345,-0.002442360,1.784614563,1,-2.522260904,-144.514904648,-0.002442360,1.442735672,1,0.000572205,0.032784908,-0.007326126,0.212453842,1,-0.010929108,-0.626191743,-0.012210846,0.001221180,-1.107148409,-63.434931124,0.000000000,0.000000000,13.000000000,2.200000048,1.570796371,90.000002504,0.000000000,1.635578275,25.000000000,8.000000000,-2.530727386,-144.999998343,0.000000000,1.635365009,20.000000000,6.500000000,0.000000000,0.000000000,0.000000000,0.247735515,12.000000000,3.200000048,0.000000000,0.000000000,0.000000000,-0.000019584,0.500000000,0.100000001
2026-07-05 14:57:34.095,1783234654.095642328,109.062763821,1,1,109.050398420,1,0.002339769,5,1,0.000270008,5,1,0,1,0,0,1,1,1,1,1,1,0.603694675,0.090000000,2.400000000,0.000000000,1,53.427612213,12,1,12,1:-1.251:2.428|2:-0.428:2.425|3:0.392:2.424|4:1.223:2.419|5:1.228:1.589|6:0.405:1.588|7:-0.440:1.588|8:-1.261:1.589|9:-1.185:4.911|10:-0.390:4.902|11:0.375:4.903|12:1.182:4.901,1,40.556652231,pickup,3,0,0.000000000,0.000000000,1,40.556640084,1,received,0,-1.000000000,,0,-1.000000000,0,,1,-1.116059899,-63.945521915,-0.007326126,0.090353966,1,1.564142108,89.618741345,-0.002442360,1.770940781,1,-2.522260904,-144.514904648,-0.002442360,1.442735672,1,0.000572205,0.032784908,-0.021978378,0.207570076,1,-0.010929108,-0.626191743,-0.036628723,0.001221180,-1.107148409,-63.434931124,0.000000000,0.000000000,13.000000000,2.200000048,1.570796371,90.000002504,0.000000000,1.635578275,25.000000000,8.000000000,-2.530727386,-144.999998343,0.000000000,1.635365009,20.000000000,6.500000000,0.000000000,0.000000000,0.000000000,0.247735515,12.000000000,3.200000048,0.000000000,0.000000000,0.000000000,-0.000019584,0.500000000,0.100000001
2026-07-05 14:57:35.096,1783234655.096110582,110.063231980,1,1,110.050866579,1,0.001789832,5,1,0.000367718,5,1,0,1,0,0,1,1,1,1,1,1,1.604162834,0.090000000,2.400000000,0.000000000,1,54.428080372,12,1,12,1:-1.251:2.428|2:-0.428:2.425|3:0.392:2.424|4:1.223:2.419|5:1.228:1.589|6:0.405:1.588|7:-0.440:1.588|8:-1.261:1.589|9:-1.185:4.911|10:-0.390:4.902|11:0.375:4.903|12:1.182:4.901,1,41.557120390,pickup,3,0,0.000000000,0.000000000,1,41.557108243,1,received,0,-1.000000000,,0,-1.000000000,0,,1,-1.116059899,-63.945521915,-0.007326126,0.090353966,1,1.564142108,89.618741345,-0.002442360,1.784614563,1,-2.522260904,-144.514904648,-0.002442360,1.442735672,1,0.000572205,0.032784908,0.007326126,0.217338562,1,-0.010929108,-0.626191743,0.012210846,0.001221180,-1.107148409,-63.434931124,0.000000000,0.000000000,13.000000000,2.200000048,1.570796371,90.000002504,0.000000000,1.635578275,25.000000000,8.000000000,-2.530727386,-144.999998343,0.000000000,1.635365009,20.000000000,6.500000000,0.000000000,0.000000000,0.000000000,0.247735515,12.000000000,3.200000048,0.000000000,0.000000000,0.000000000,-0.000019584,0.500000000,0.100000001
2026-07-05 14:57:36.096,1783234656.096413374,111.063534816,1,1,111.051169415,1,0.001999314,5,1,0.000275809,5,1,0,1,0,0,1,1,1,1,1,1,0.872356633,0.090000000,2.400000000,0.000000000,1,55.428383208,12,1,12,1:-1.251:2.428|2:-0.428:2.425|3:0.392:2.424|4:1.223:2.419|5:1.228:1.589|6:0.405:1.588|7:-0.440:1.588|8:-1.261:1.589|9:-1.185:4.911|10:-0.390:4.902|11:0.375:4.903|12:1.182:4.901,1,42.557423226,pickup,3,0,0.000000000,0.000000000,1,42.557411079,1,received,0,-1.000000000,,0,-1.000000000,0,,1,-1.116059899,-63.945521915,-0.007326126,0.085470200,1,1.564142108,89.618741345,-0.002442360,1.784614563,1,-2.522260904,-144.514904648,-0.002442360,1.442735672,1,0.000572205,0.032784908,-0.021978378,0.207570076,1,-0.010929108,-0.626191743,-0.012210846,0.001221180,-1.107148409,-63.434931124,0.000000000,0.000000000,13.000000000,2.200000048,1.570796371,90.000002504,0.000000000,1.635578275,25.000000000,8.000000000,-2.530727386,-144.999998343,0.000000000,1.635365009,20.000000000,6.500000000,0.000000000,0.000000000,0.000000000,0.247735515,12.000000000,3.200000048,0.000000000,0.000000000,0.000000000,-0.000019584,0.500000000,0.100000001
2026-07-05 14:57:37.096,1783234657.096808672,112.063930156,1,1,112.051564755,1,0.002514092,5,1,0.000195676,5,1,0,1,0,0,1,1,1,1,1,1,0.675292927,0.090000000,2.400000000,0.000000000,1,56.428778548,12,1,12,1:-1.251:2.428|2:-0.428:2.425|3:0.392:2.424|4:1.223:2.419|5:1.228:1.589|6:0.405:1.588|7:-0.440:1.588|8:-1.261:1.589|9:-1.185:4.911|10:-0.390:4.902|11:0.375:4.903|12:1.182:4.901,1,43.557818566,pickup,3,0,0.000000000,0.000000000,1,43.557806419,1,received,0,-1.000000000,,0,-1.000000000,0,,1,-1.116059899,-63.945521915,-0.007326126,0.085470200,1,1.564142108,89.618741345,-0.002442360,1.784614563,1,-2.522260904,-144.514904648,-0.007326126,1.442735672,1,0.000572205,0.032784908,-0.007326126,0.212453842,1,-0.010929108,-0.626191743,0.036628723,0.001221180,-1.107148409,-63.434931124,0.000000000,0.000000000,13.000000000,2.200000048,1.570796371,90.000002504,0.000000000,1.635578275,25.000000000,8.000000000,-2.530727386,-144.999998343,0.000000000,1.635365009,20.000000000,6.500000000,0.000000000,0.000000000,0.000000000,0.247735515,12.000000000,3.200000048,0.000000000,0.000000000,0.000000000,-0.000019584,0.500000000,0.100000001
2026-07-05 14:57:38.097,1783234658.097246647,113.064368191,1,1,113.052002790,1,0.002308812,5,1,0.000413026,5,1,0,1,0,0,1,1,1,1,1,1,0.265787959,0.090000000,2.400000000,0.000000000,1,57.429216583,12,1,12,1:-1.251:2.428|2:-0.428:2.425|3:0.392:2.424|4:1.223:2.419|5:1.228:1.589|6:0.405:1.588|7:-0.440:1.588|8:-1.261:1.589|9:-1.185:4.911|10:-0.390:4.902|11:0.375:4.903|12:1.182:4.901,1,44.558256601,pickup,3,0,0.000000000,0.000000000,1,44.558244454,1,received,0,-1.000000000,,0,-1.000000000,0,,1,-1.116059899,-63.945521915,-0.007326126,0.090353966,1,1.564142108,89.618741345,-0.002442360,1.770940781,1,-2.522260904,-144.514904648,-0.002442360,1.442735672,1,0.000572205,0.032784908,-0.021978378,0.207570076,1,-0.010929108,-0.626191743,0.012210846,0.001221180,-1.107148409,-63.434931124,0.000000000,0.000000000,13.000000000,2.200000048,1.570796371,90.000002504,0.000000000,1.635578275,25.000000000,8.000000000,-2.530727386,-144.999998343,0.000000000,1.635365009,20.000000000,6.500000000,0.000000000,0.000000000,0.000000000,0.247735515,12.000000000,3.200000048,0.000000000,0.000000000,0.000000000,-0.000019584,0.500000000,0.100000001
2026-07-05 14:57:39.097,1783234659.097601891,114.064723314,1,1,114.052357913,1,0.002162714,5,1,0.000365260,5,1,0,1,0,0,1,1,1,1,1,1,0.012727530,0.090000000,2.400000000,0.000000000,1,58.429571706,12,1,12,1:-1.251:2.428|2:-0.428:2.425|3:0.392:2.424|4:1.223:2.419|5:1.228:1.589|6:0.405:1.588|7:-0.440:1.588|8:-1.261:1.589|9:-1.185:4.911|10:-0.390:4.902|11:0.375:4.903|12:1.182:4.901,1,45.558611724,pickup,3,0,0.000000000,0.000000000,1,45.558599577,1,received,0,-1.000000000,,0,-1.000000000,0,,1,-1.116059899,-63.945521915,-0.007326126,0.085470200,1,1.564142108,89.618741345,-0.002442360,1.784614563,1,-2.522260904,-144.514904648,-0.002442360,1.442735672,1,0.000572205,0.032784908,-0.021978378,0.207570076,1,-0.010929108,-0.626191743,-0.036628723,0.001221180,-1.107148409,-63.434931124,0.000000000,0.000000000,13.000000000,2.200000048,1.570796371,90.000002504,0.000000000,1.635578275,25.000000000,8.000000000,-2.530727386,-144.999998343,0.000000000,1.635365009,20.000000000,6.500000000,0.000000000,0.000000000,0.000000000,0.247735515,12.000000000,3.200000048,0.000000000,0.000000000,0.000000000,-0.000019584,0.500000000,0.100000001
2026-07-05 14:57:40.098,1783234660.098025322,115.065146612,1,1,115.052781211,1,0.002019283,5,1,0.000380128,5,1,0,1,0,0,1,1,1,1,1,1,0.284866136,0.090000000,2.400000000,0.000000000,1,59.429995004,12,1,12,1:-1.251:2.428|2:-0.428:2.425|3:0.392:2.424|4:1.223:2.419|5:1.228:1.589|6:0.405:1.588|7:-0.440:1.588|8:-1.261:1.589|9:-1.185:4.911|10:-0.390:4.902|11:0.375:4.903|12:1.182:4.901,1,46.559035022,pickup,3,0,0.000000000,0.000000000,1,46.559022875,1,received,0,-1.000000000,,0,-1.000000000,0,,1,-1.116059899,-63.945521915,-0.021978378,0.090353966,1,1.564142108,89.618741345,-0.002442360,1.770940781,1,-2.522260904,-144.514904648,-0.002442360,1.456409454,1,0.000572205,0.032784908,-0.007326126,0.207570076,1,-0.010929108,-0.626191743,0.012210846,0.001221180,-1.107148409,-63.434931124,0.000000000,0.000000000,13.000000000,2.200000048,1.570796371,90.000002504,0.000000000,1.635578275,25.000000000,8.000000000,-2.530727386,-144.999998343,0.000000000,1.635365009,20.000000000,6.500000000,0.000000000,0.000000000,0.000000000,0.247735515,12.000000000,3.200000048,0.000000000,0.000000000,0.000000000,-0.000019584,0.500000000,0.100000001
2026-07-05 14:57:41.098,1783234661.098410845,116.065532232,1,1,116.053166831,1,0.002097910,5,1,0.000301052,5,1,0,1,0,0,1,1,1,1,1,1,0.955136093,0.090000000,2.400000000,0.000000000,1,60.430380624,12,1,12,1:-1.251:2.428|2:-0.428:2.425|3:0.392:2.424|4:1.223:2.419|5:1.228:1.589|6:0.405:1.588|7:-0.440:1.588|8:-1.261:1.589|9:-1.185:4.911|10:-0.390:4.902|11:0.375:4.903|12:1.182:4.901,1,47.559420642,pickup,3,0,0.000000000,0.000000000,1,47.559408495,1,received,0,-1.000000000,,0,-1.000000000,0,,1,-1.116059899,-63.945521915,0.007326126,0.090353966,1,1.564142108,89.618741345,-0.007326126,1.770940781,1,-2.522260904,-144.514904648,-0.002442360,1.442735672,1,0.000572205,0.032784908,-0.007326126,0.212453842,1,-0.010929108,-0.626191743,0.012210846,0.001221180,-1.107148409,-63.434931124,0.000000000,0.000000000,13.000000000,2.200000048,1.570796371,90.000002504,0.000000000,1.635578275,25.000000000,8.000000000,-2.530727386,-144.999998343,0.000000000,1.635365009,20.000000000,6.500000000,0.000000000,0.000000000,0.000000000,0.247735515,12.000000000,3.200000048,0.000000000,0.000000000,0.000000000,-0.000019584,0.500000000,0.100000001
2026-07-05 14:57:42.098,1783234662.098884583,117.066006099,1,1,117.053640698,1,0.002215157,5,1,0.000391069,5,1,0,1,0,0,1,1,1,1,1,1,0.009438871,0.090000000,2.400000000,0.000000000,1,61.430854491,12,1,12,1:-1.251:2.428|2:-0.428:2.425|3:0.392:2.424|4:1.223:2.419|5:1.228:1.589|6:0.405:1.588|7:-0.440:1.588|8:-1.261:1.589|9:-1.185:4.911|10:-0.390:4.902|11:0.375:4.903|12:1.182:4.901,1,48.559894509,pickup,3,0,0.000000000,0.000000000,1,48.559882362,1,received,0,-1.000000000,,0,-1.000000000,0,,1,-1.116059899,-63.945521915,-0.007326126,0.090353966,1,1.564142108,89.618741345,-0.007326126,1.784614563,1,-2.522260904,-144.514904648,-0.002442360,1.456409454,1,0.000572205,0.032784908,-0.007326126,0.207570076,1,-0.010929108,-0.626191743,0.012210846,0.003663063,-1.107148409,-63.434931124,0.000000000,0.000000000,13.000000000,2.200000048,1.570796371,90.000002504,0.000000000,1.635578275,25.000000000,8.000000000,-2.530727386,-144.999998343,0.000000000,1.635365009,20.000000000,6.500000000,0.000000000,0.000000000,0.000000000,0.247735515,12.000000000,3.200000048,0.000000000,0.000000000,0.000000000,-0.000019584,0.500000000,0.100000001
2026-07-05 14:57:43.099,1783234663.099162340,118.066283790,1,1,118.053918389,1,0.002052861,5,1,0.000255853,5,1,0,1,0,0,1,1,1,1,1,1,0.245803891,0.090000000,2.400000000,0.000000000,1,62.431132182,12,1,12,1:-1.251:2.428|2:-0.428:2.425|3:0.392:2.424|4:1.223:2.419|5:1.228:1.589|6:0.405:1.588|7:-0.440:1.588|8:-1.261:1.589|9:-1.185:4.911|10:-0.390:4.902|11:0.375:4.903|12:1.182:4.901,1,49.560172200,pickup,3,0,0.000000000,0.000000000,1,49.560160053,1,received,0,-1.000000000,,0,-1.000000000,0,,1,-1.116059899,-63.945521915,-0.021978378,0.085470200,1,1.564142108,89.618741345,-0.002442360,1.770940781,1,-2.522260904,-144.514904648,-0.002442360,1.456409454,1,0.000572205,0.032784908,-0.007326126,0.212453842,1,-0.010929108,-0.626191743,0.012210846,0.001221180,-1.107148409,-63.434931124,0.000000000,0.000000000,13.000000000,2.200000048,1.570796371,90.000002504,0.000000000,1.635578275,25.000000000,8.000000000,-2.530727386,-144.999998343,0.000000000,1.635365009,20.000000000,6.500000000,0.000000000,0.000000000,0.000000000,0.247735515,12.000000000,3.200000048,0.000000000,0.000000000,0.000000000,-0.000019584,0.500000000,0.100000001
2026-07-05 14:57:44.099,1783234664.099507809,119.066629086,1,1,119.054263685,1,0.002174961,5,1,0.000036655,5,1,0,1,0,0,1,1,1,1,1,1,0.741999972,0.090000000,2.400000000,0.000000000,1,63.431477478,12,1,12,1:-1.251:2.428|2:-0.428:2.425|3:0.392:2.424|4:1.223:2.419|5:1.228:1.589|6:0.405:1.588|7:-0.440:1.588|8:-1.261:1.589|9:-1.185:4.911|10:-0.390:4.902|11:0.375:4.903|12:1.182:4.901,1,50.560517496,pickup,3,0,0.000000000,0.000000000,1,50.560505349,1,received,0,-1.000000000,,0,-1.000000000,0,,1,-1.116059899,-63.945521915,-0.021978378,0.085470200,1,1.564142108,89.618741345,-0.002442360,1.784614563,1,-2.522260904,-144.514904648,-0.002442360,1.456409454,1,0.000572205,0.032784908,-0.007326126,0.212453842,1,-0.010929108,-0.626191743,-0.036628723,0.001221180,-1.107148409,-63.434931124,0.000000000,0.000000000,13.000000000,2.200000048,1.570796371,90.000002504,0.000000000,1.635578275,25.000000000,8.000000000,-2.530727386,-144.999998343,0.000000000,1.635365009,20.000000000,6.500000000,0.000000000,0.000000000,0.000000000,0.247735515,12.000000000,3.200000048,0.000000000,0.000000000,0.000000000,-0.000019584,0.500000000,0.100000001
2026-07-05 14:57:45.100,1783234665.100105286,120.067226575,1,1,120.054861174,1,0.002161736,5,1,0.000486661,5,1,0,1,0,0,1,1,1,1,1,1,0.827450991,0.090000000,2.400000000,0.000000000,1,64.432074967,12,1,12,1:-1.251:2.428|2:-0.428:2.425|3:0.392:2.424|4:1.223:2.419|5:1.228:1.589|6:0.405:1.588|7:-0.440:1.588|8:-1.261:1.589|9:-1.185:4.911|10:-0.390:4.902|11:0.375:4.903|12:1.182:4.901,1,51.561114985,pickup,3,0,0.000000000,0.000000000,1,51.561102838,1,received,0,-1.000000000,,0,-1.000000000,0,,1,-1.116059899,-63.945521915,-0.007326126,0.085470200,1,1.564142108,89.618741345,-0.007326126,1.784614563,1,-2.522260904,-144.514904648,-0.007326126,1.442735672,1,0.000572205,0.032784908,0.007326126,0.212453842,1,-0.010929108,-0.626191743,-0.036628723,0.001221180,-1.107148409,-63.434931124,0.000000000,0.000000000,13.000000000,2.200000048,1.570796371,90.000002504,0.000000000,1.635578275,25.000000000,8.000000000,-2.530727386,-144.999998343,0.000000000,1.635365009,20.000000000,6.500000000,0.000000000,0.000000000,0.000000000,0.247735515,12.000000000,3.200000048,0.000000000,0.000000000,0.000000000,-0.000019584,0.500000000,0.100000001
2026-07-05 14:57:46.100,1783234666.100492716,121.067614140,1,1,121.055248739,1,0.002296791,5,1,0.000393006,5,1,0,1,0,0,1,1,1,1,1,1,1.827838556,0.090000000,2.400000000,0.000000000,1,65.432462532,12,1,12,1:-1.251:2.428|2:-0.428:2.425|3:0.392:2.424|4:1.223:2.419|5:1.228:1.589|6:0.405:1.588|7:-0.440:1.588|8:-1.261:1.589|9:-1.185:4.911|10:-0.390:4.902|11:0.375:4.903|12:1.182:4.901,1,52.561502550,pickup,3,0,0.000000000,0.000000000,1,52.561490403,1,received,0,-1.000000000,,0,-1.000000000,0,,1,-1.116059899,-63.945521915,0.007326126,0.085470200,1,1.564142108,89.618741345,-0.002442360,1.770940781,1,-2.522260904,-144.514904648,-0.002442360,1.442735672,1,0.000572205,0.032784908,0.007326126,0.212453842,1,-0.010929108,-0.626191743,-0.012210846,0.001221180,-1.107148409,-63.434931124,0.000000000,0.000000000,13.000000000,2.200000048,1.570796371,90.000002504,0.000000000,1.635578275,25.000000000,8.000000000,-2.530727386,-144.999998343,0.000000000,1.635365009,20.000000000,6.500000000,0.000000000,0.000000000,0.000000000,0.247735515,12.000000000,3.200000048,0.000000000,0.000000000,0.000000000,-0.000019584,0.500000000,0.100000001
2026-07-05 14:57:47.100,1783234667.100855112,122.067976509,1,1,122.055611108,1,0.002112826,5,1,0.000410722,5,1,0,1,0,0,1,1,1,1,1,1,0.145398000,0.090000000,2.400000000,0.000000000,1,66.432824901,12,1,12,1:-1.251:2.428|2:-0.428:2.425|3:0.392:2.424|4:1.223:2.419|5:1.228:1.589|6:0.405:1.588|7:-0.440:1.588|8:-1.261:1.589|9:-1.185:4.911|10:-0.390:4.902|11:0.375:4.903|12:1.182:4.901,1,53.561864919,pickup,3,0,0.000000000,0.000000000,1,53.561852772,1,received,0,-1.000000000,,0,-1.000000000,0,,1,-1.116059899,-63.945521915,-0.007326126,0.085470200,1,1.564142108,89.618741345,-0.002442360,1.770940781,1,-2.522260904,-144.514904648,-0.002442360,1.456409454,1,0.000572205,0.032784908,-0.007326126,0.207570076,1,-0.010929108,-0.626191743,-0.036628723,0.001221180,-1.107148409,-63.434931124,0.000000000,0.000000000,13.000000000,2.200000048,1.570796371,90.000002504,0.000000000,1.635578275,25.000000000,8.000000000,-2.530727386,-144.999998343,0.000000000,1.635365009,20.000000000,6.500000000,0.000000000,0.000000000,0.000000000,0.247735515,12.000000000,3.200000048,0.000000000,0.000000000,0.000000000,-0.000019584,0.500000000,0.100000001
2026-07-05 14:57:48.101,1783234668.101183891,123.068305450,1,1,123.055940049,1,0.001785524,5,1,0.000302445,5,1,0,1,0,0,1,1,1,1,1,1,1.145726941,0.090000000,2.400000000,0.000000000,1,67.433153842,12,1,12,1:-1.251:2.428|2:-0.428:2.425|3:0.392:2.424|4:1.223:2.419|5:1.228:1.589|6:0.405:1.588|7:-0.440:1.588|8:-1.261:1.589|9:-1.185:4.911|10:-0.390:4.902|11:0.375:4.903|12:1.182:4.901,1,54.562193860,pickup,3,0,0.000000000,0.000000000,1,54.562181713,1,received,0,-1.000000000,,0,-1.000000000,0,,1,-1.116059899,-63.945521915,-0.007326126,0.085470200,1,1.564142108,89.618741345,-0.002442360,1.784614563,1,-2.522260904,-144.514904648,-0.002442360,1.456409454,1,0.000572205,0.032784908,-0.007326126,0.207570076,1,-0.010929108,-0.626191743,0.012210846,0.001221180,-1.107148409,-63.434931124,0.000000000,0.000000000,13.000000000,2.200000048,1.570796371,90.000002504,0.000000000,1.635578275,25.000000000,8.000000000,-2.530727386,-144.999998343,0.000000000,1.635365009,20.000000000,6.500000000,0.000000000,0.000000000,0.000000000,0.247735515,12.000000000,3.200000048,0.000000000,0.000000000,0.000000000,-0.000019584,0.500000000,0.100000001
2026-07-05 14:57:49.101,1783234669.101642609,124.068763922,1,1,124.056398521,1,0.001926774,5,1,0.000372097,5,1,0,1,0,0,1,1,1,1,1,1,0.146176853,0.090000000,2.400000000,0.000000000,1,68.433612314,12,1,12,1:-1.251:2.428|2:-0.428:2.425|3:0.392:2.424|4:1.223:2.419|5:1.228:1.589|6:0.405:1.588|7:-0.440:1.588|8:-1.261:1.589|9:-1.185:4.911|10:-0.390:4.902|11:0.375:4.903|12:1.182:4.901,1,55.562652332,pickup,3,0,0.000000000,0.000000000,1,55.562640185,1,received,0,-1.000000000,,0,-1.000000000,0,,1,-1.116059899,-63.945521915,-0.007326126,0.090353966,1,1.564142108,89.618741345,-0.002442360,1.770940781,1,-2.522260904,-144.514904648,-0.002442360,1.456409454,1,0.000572205,0.032784908,-0.007326126,0.217338562,1,-0.010929108,-0.626191743,-0.036628723,0.001221180,-1.107148409,-63.434931124,0.000000000,0.000000000,13.000000000,2.200000048,1.570796371,90.000002504,0.000000000,1.635578275,25.000000000,8.000000000,-2.530727386,-144.999998343,0.000000000,1.635365009,20.000000000,6.500000000,0.000000000,0.000000000,0.000000000,0.247735515,12.000000000,3.200000048,0.000000000,0.000000000,0.000000000,-0.000019584,0.500000000,0.100000001
2026-07-05 14:57:50.102,1783234670.102130890,125.069252249,1,1,125.056886848,1,0.002223499,5,1,0.000412119,5,1,0,1,0,0,1,1,1,1,1,1,0.817161829,0.090000000,2.400000000,0.000000000,1,69.434100641,12,1,12,1:-1.251:2.428|2:-0.428:2.425|3:0.392:2.424|4:1.223:2.419|5:1.228:1.589|6:0.405:1.588|7:-0.440:1.588|8:-1.261:1.589|9:-1.185:4.911|10:-0.390:4.902|11:0.375:4.903|12:1.182:4.901,1,56.563140659,pickup,3,0,0.000000000,0.000000000,1,56.563128512,1,received,0,-1.000000000,,0,-1.000000000,0,,1,-1.116059899,-63.945521915,0.007326126,0.090353966,1,1.564142108,89.618741345,-0.002442360,1.784614563,1,-2.522260904,-144.514904648,0.002442360,1.442735672,1,0.000572205,0.032784908,-0.007326126,0.207570076,1,-0.010929108,-0.626191743,0.012210846,0.001221180,-1.107148409,-63.434931124,0.000000000,0.000000000,13.000000000,2.200000048,1.570796371,90.000002504,0.000000000,1.635578275,25.000000000,8.000000000,-2.530727386,-144.999998343,0.000000000,1.635365009,20.000000000,6.500000000,0.000000000,0.000000000,0.000000000,0.247735515,12.000000000,3.200000048,0.000000000,0.000000000,0.000000000,-0.000019584,0.500000000,0.100000001
2026-07-05 14:57:51.102,1783234671.102587938,126.069709332,1,1,126.057343931,1,0.002369383,5,1,0.000527483,5,1,0,1,0,0,1,1,1,1,1,1,0.078037373,0.090000000,2.400000000,0.000000000,1,70.434557724,12,1,12,1:-1.251:2.428|2:-0.428:2.425|3:0.392:2.424|4:1.223:2.419|5:1.228:1.589|6:0.405:1.588|7:-0.440:1.588|8:-1.261:1.589|9:-1.185:4.911|10:-0.390:4.902|11:0.375:4.903|12:1.182:4.901,1,57.563597742,pickup,3,0,0.000000000,0.000000000,1,57.563585595,1,received,0,-1.000000000,,0,-1.000000000,0,,1,-1.116059899,-63.945521915,-0.007326126,0.090353966,1,1.564142108,89.618741345,-0.007326126,1.784614563,1,-2.522260904,-144.514904648,-0.002442360,1.442735672,1,0.000572205,0.032784908,-0.007326126,0.207570076,1,-0.010929108,-0.626191743,-0.036628723,0.001221180,-1.107148409,-63.434931124,0.000000000,0.000000000,13.000000000,2.200000048,1.570796371,90.000002504,0.000000000,1.635578275,25.000000000,8.000000000,-2.530727386,-144.999998343,0.000000000,1.635365009,20.000000000,6.500000000,0.000000000,0.000000000,0.000000000,0.247735515,12.000000000,3.200000048,0.000000000,0.000000000,0.000000000,-0.000019584,0.500000000,0.100000001
2026-07-05 14:57:52.102,1783234672.102900505,127.070022021,1,1,127.057656620,1,0.002211657,5,1,0.000205139,5,1,0,1,0,0,1,1,1,1,1,1,0.025714951,0.090000000,2.400000000,0.000000000,1,71.434870413,12,1,12,1:-1.251:2.428|2:-0.428:2.425|3:0.392:2.424|4:1.223:2.419|5:1.228:1.589|6:0.405:1.588|7:-0.440:1.588|8:-1.261:1.589|9:-1.185:4.911|10:-0.390:4.902|11:0.375:4.903|12:1.182:4.901,1,58.563910431,pickup,3,0,0.000000000,0.000000000,1,58.563898284,1,received,0,-1.000000000,,0,-1.000000000,0,,1,-1.116059899,-63.945521915,-0.007326126,0.085470200,1,1.564142108,89.618741345,0.002442360,1.784614563,1,-2.522260904,-144.514904648,-0.002442360,1.442735672,1,0.000572205,0.032784908,-0.007326126,0.212453842,1,-0.010929108,-0.626191743,0.012210846,0.001221180,-1.107148409,-63.434931124,0.000000000,0.000000000,13.000000000,2.200000048,1.570796371,90.000002504,0.000000000,1.635578275,25.000000000,8.000000000,-2.530727386,-144.999998343,0.000000000,1.635365009,20.000000000,6.500000000,0.000000000,0.000000000,0.000000000,0.247735515,12.000000000,3.200000048,0.000000000,0.000000000,0.000000000,-0.000019584,0.500000000,0.100000001
2026-07-05 14:57:53.103,1783234673.103311777,128.070433323,1,1,128.058067922,1,0.002082215,5,1,0.000219980,5,1,0,1,0,0,1,1,1,1,1,1,0.192528662,0.090000000,2.400000000,0.000000000,1,72.435281715,12,1,12,1:-1.251:2.428|2:-0.428:2.425|3:0.392:2.424|4:1.223:2.419|5:1.228:1.589|6:0.405:1.588|7:-0.440:1.588|8:-1.261:1.589|9:-1.185:4.911|10:-0.390:4.902|11:0.375:4.903|12:1.182:4.901,1,59.564321733,pickup,3,0,0.000000000,0.000000000,1,59.564309586,1,received,0,-1.000000000,,0,-1.000000000,0,,1,-1.116059899,-63.945521915,-0.007326126,0.090353966,1,1.564142108,89.618741345,-0.007326126,1.770940781,1,-2.522260904,-144.514904648,-0.002442360,1.442735672,1,0.000572205,0.032784908,-0.007326126,0.207570076,1,-0.010929108,-0.626191743,0.012210846,0.001221180,-1.107148409,-63.434931124,0.000000000,0.000000000,13.000000000,2.200000048,1.570796371,90.000002504,0.000000000,1.635578275,25.000000000,8.000000000,-2.530727386,-144.999998343,0.000000000,1.635365009,20.000000000,6.500000000,0.000000000,0.000000000,0.000000000,0.247735515,12.000000000,3.200000048,0.000000000,0.000000000,0.000000000,-0.000019584,0.500000000,0.100000001
2026-07-05 14:57:54.103,1783234674.103699446,129.070820764,1,1,129.058455363,1,0.002096844,5,1,0.000222195,5,1,0,1,0,0,1,1,1,1,1,1,0.045968393,0.090000000,2.400000000,0.000000000,1,73.435669156,12,1,12,1:-1.251:2.428|2:-0.428:2.425|3:0.392:2.424|4:1.223:2.419|5:1.228:1.589|6:0.405:1.588|7:-0.440:1.588|8:-1.261:1.589|9:-1.185:4.911|10:-0.390:4.902|11:0.375:4.903|12:1.182:4.901,1,60.564709174,pickup,3,0,0.000000000,0.000000000,1,60.564697027,1,received,0,-1.000000000,,0,-1.000000000,0,,1,-1.116059899,-63.945521915,-0.007326126,0.085470200,1,1.564142108,89.618741345,-0.002442360,1.784614563,1,-2.522260904,-144.514904648,-0.002442360,1.456409454,1,0.000572205,0.032784908,-0.021978378,0.212453842,1,-0.010929108,-0.626191743,0.012210846,0.001221180,-1.107148409,-63.434931124,0.000000000,0.000000000,13.000000000,2.200000048,1.570796371,90.000002504,0.000000000,1.635578275,25.000000000,8.000000000,-2.530727386,-144.999998343,0.000000000,1.635365009,20.000000000,6.500000000,0.000000000,0.000000000,0.000000000,0.247735515,12.000000000,3.200000048,0.000000000,0.000000000,0.000000000,-0.000019584,0.500000000,0.100000001
2026-07-05 14:57:55.104,1783234675.104220867,130.071342279,1,1,130.058976878,1,0.002255031,5,1,0.000431573,5,1,0,1,0,0,1,1,1,1,1,1,0.063768803,0.090000000,2.400000000,0.000000000,1,74.436190671,12,1,12,1:-1.251:2.428|2:-0.428:2.425|3:0.392:2.424|4:1.223:2.419|5:1.228:1.589|6:0.405:1.588|7:-0.440:1.588|8:-1.261:1.589|9:-1.185:4.911|10:-0.390:4.902|11:0.375:4.903|12:1.182:4.901,1,61.565230689,pickup,3,0,0.000000000,0.000000000,1,61.565218542,1,received,0,-1.000000000,,0,-1.000000000,0,,1,-1.116059899,-63.945521915,-0.007326126,0.090353966,1,1.564142108,89.618741345,-0.007326126,1.770940781,1,-2.522260904,-144.514904648,-0.002442360,1.442735672,1,0.000572205,0.032784908,-0.007326126,0.207570076,1,-0.010929108,-0.626191743,-0.012210846,0.001221180,-1.107148409,-63.434931124,0.000000000,0.000000000,13.000000000,2.200000048,1.570796371,90.000002504,0.000000000,1.635578275,25.000000000,8.000000000,-2.530727386,-144.999998343,0.000000000,1.635365009,20.000000000,6.500000000,0.000000000,0.000000000,0.000000000,0.247735515,12.000000000,3.200000048,0.000000000,0.000000000,0.000000000,-0.000019584,0.500000000,0.100000001
2026-07-05 14:57:56.104,1783234676.104537964,131.071659230,1,1,131.059293829,1,0.002273985,5,1,0.000339099,5,1,0,1,0,0,1,1,1,1,1,1,0.061116515,0.090000000,2.400000000,0.000000000,1,75.436507622,12,1,12,1:-1.251:2.428|2:-0.428:2.425|3:0.392:2.424|4:1.223:2.419|5:1.228:1.589|6:0.405:1.588|7:-0.440:1.588|8:-1.261:1.589|9:-1.185:4.911|10:-0.390:4.902|11:0.375:4.903|12:1.182:4.901,1,62.565547640,pickup,3,0,0.000000000,0.000000000,1,62.565535493,1,received,0,-1.000000000,,0,-1.000000000,0,,1,-1.116059899,-63.945521915,-0.007326126,0.090353966,1,1.564142108,89.618741345,-0.002442360,1.784614563,1,-2.522260904,-144.514904648,-0.002442360,1.442735672,1,0.000190735,0.010928303,-0.007326126,0.207570076,1,-0.010929108,-0.626191743,-0.012210846,0.003663063,-1.107148409,-63.434931124,0.000000000,0.000000000,13.000000000,2.200000048,1.570796371,90.000002504,0.000000000,1.635578275,25.000000000,8.000000000,-2.530727386,-144.999998343,0.000000000,1.635365009,20.000000000,6.500000000,0.000000000,0.000000000,0.000000000,0.247735515,12.000000000,3.200000048,0.000000000,0.000000000,0.000000000,-0.000019584,0.500000000,0.100000001
2026-07-05 14:57:57.103,1783234677.103750467,132.070871865,1,1,132.058506464,1,0.002448012,5,1,0.000279755,5,1,0,1,0,0,1,1,1,1,1,1,0.143559111,0.090000000,2.400000000,0.000000000,1,76.435720257,12,1,12,1:-1.251:2.428|2:-0.428:2.425|3:0.392:2.424|4:1.223:2.419|5:1.228:1.589|6:0.405:1.588|7:-0.440:1.588|8:-1.261:1.589|9:-1.185:4.911|10:-0.390:4.902|11:0.375:4.903|12:1.182:4.901,1,63.564760275,pickup,3,0,0.000000000,0.000000000,1,63.564748128,1,received,0,-1.000000000,,0,-1.000000000,0,,1,-1.115678430,-63.923665310,-0.007326126,0.085470200,1,1.564142108,89.618741345,-0.002442360,1.784614563,1,-2.522260904,-144.514904648,-0.002442360,1.442735672,1,0.000572205,0.032784908,-0.007326126,0.212453842,1,-0.010929108,-0.626191743,-0.012210846,0.001221180,-1.107148409,-63.434931124,0.000000000,0.000000000,13.000000000,2.200000048,1.570796371,90.000002504,0.000000000,1.635578275,25.000000000,8.000000000,-2.530727386,-144.999998343,0.000000000,1.635365009,20.000000000,6.500000000,0.000000000,0.000000000,0.000000000,0.247735515,12.000000000,3.200000048,0.000000000,0.000000000,0.000000000,-0.000019584,0.500000000,0.100000001
2026-07-05 14:57:58.098,1783234678.097970486,133.065091973,1,1,133.052726572,1,0.002300919,5,1,0.000463205,5,1,0,1,0,0,1,1,1,1,1,1,0.103616675,0.090000000,2.400000000,0.000000000,1,77.429940365,12,1,12,1:-1.251:2.428|2:-0.428:2.425|3:0.392:2.424|4:1.223:2.419|5:1.228:1.589|6:0.405:1.588|7:-0.440:1.588|8:-1.261:1.589|9:-1.185:4.911|10:-0.390:4.902|11:0.375:4.903|12:1.182:4.901,1,64.558980383,pickup,3,0,0.000000000,0.000000000,1,64.558968236,1,received,0,-1.000000000,,0,-1.000000000,0,,1,-1.116059899,-63.945521915,-0.007326126,0.090353966,1,1.564142108,89.618741345,-0.002442360,1.784614563,1,-2.522260904,-144.514904648,-0.007326126,1.456409454,1,0.000572205,0.032784908,0.007326126,0.212453842,1,-0.010929108,-0.626191743,0.012210846,0.001221180,-1.107148409,-63.434931124,0.000000000,0.000000000,13.000000000,2.200000048,1.570796371,90.000002504,0.000000000,1.635578275,25.000000000,8.000000000,-2.530727386,-144.999998343,0.000000000,1.635365009,20.000000000,6.500000000,0.000000000,0.000000000,0.000000000,0.247735515,12.000000000,3.200000048,0.000000000,0.000000000,0.000000000,-0.000019584,0.500000000,0.100000001
2026-07-05 14:57:59.092,1783234679.092423916,134.059545429,1,1,134.047180028,1,0.002216043,5,1,0.000033431,5,1,0,1,0,0,1,1,1,1,1,1,0.008279927,0.090000000,2.400000000,0.000000000,1,78.424393821,12,1,12,1:-1.251:2.428|2:-0.428:2.425|3:0.392:2.424|4:1.223:2.419|5:1.228:1.589|6:0.405:1.588|7:-0.440:1.588|8:-1.261:1.589|9:-1.185:4.911|10:-0.390:4.902|11:0.375:4.903|12:1.182:4.901,1,65.553433839,pickup,3,0,0.000000000,0.000000000,1,65.553421692,1,received,0,-1.000000000,,0,-1.000000000,0,,1,-1.116059899,-63.945521915,-0.007326126,0.090353966,1,1.564142108,89.618741345,-0.002442360,1.784614563,1,-2.522260904,-144.514904648,-0.002442360,1.456409454,1,0.000572205,0.032784908,-0.021978378,0.207570076,1,-0.010929108,-0.626191743,0.012210846,0.001221180,-1.107148409,-63.434931124,0.000000000,0.000000000,13.000000000,2.200000048,1.570796371,90.000002504,0.000000000,1.635578275,25.000000000,8.000000000,-2.530727386,-144.999998343,0.000000000,1.635365009,20.000000000,6.500000000,0.000000000,0.000000000,0.000000000,0.247735515,12.000000000,3.200000048,0.000000000,0.000000000,0.000000000,-0.000019584,0.500000000,0.100000001
2026-07-05 14:58:00.087,1783234680.087436438,135.054557996,1,1,135.042192595,1,0.002242517,5,1,0.000298270,5,1,0,1,0,0,1,1,1,1,1,1,0.222755108,0.090000000,2.400000000,0.000000000,1,79.419406388,12,1,12,1:-1.251:2.428|2:-0.428:2.425|3:0.392:2.424|4:1.223:2.419|5:1.228:1.589|6:0.405:1.588|7:-0.440:1.588|8:-1.261:1.589|9:-1.185:4.911|10:-0.390:4.902|11:0.375:4.903|12:1.182:4.901,1,66.548446406,pickup,3,0,0.000000000,0.000000000,1,66.548434259,1,received,0,-1.000000000,,0,-1.000000000,0,,1,-1.115678430,-63.923665310,0.007326126,0.090353966,1,1.564142108,89.618741345,-0.002442360,1.770940781,1,-2.522260904,-144.514904648,-0.002442360,1.456409454,1,0.000572205,0.032784908,-0.021978378,0.212453842,1,-0.010929108,-0.626191743,-0.012210846,0.001221180,-1.107148409,-63.434931124,0.000000000,0.000000000,13.000000000,2.200000048,1.570796371,90.000002504,0.000000000,1.635578275,25.000000000,8.000000000,-2.530727386,-144.999998343,0.000000000,1.635365009,20.000000000,6.500000000,0.000000000,0.000000000,0.000000000,0.247735515,12.000000000,3.200000048,0.000000000,0.000000000,0.000000000,-0.000019584,0.500000000,0.100000001
2026-07-05 14:58:01.082,1783234681.082602739,136.049724153,1,1,136.037358752,1,0.001975679,5,1,0.000321109,5,1,0,1,0,0,1,1,1,1,1,1,0.571071898,0.090000000,2.400000000,0.000000000,1,80.414572545,12,1,12,1:-1.251:2.428|2:-0.428:2.425|3:0.392:2.424|4:1.223:2.419|5:1.228:1.589|6:0.405:1.588|7:-0.440:1.588|8:-1.261:1.589|9:-1.185:4.911|10:-0.390:4.902|11:0.375:4.903|12:1.182:4.901,1,67.543612563,pickup,3,0,0.000000000,0.000000000,1,67.543600416,1,received,0,-1.000000000,,0,-1.000000000,0,,1,-1.116059899,-63.945521915,-0.007326126,0.090353966,1,1.564142108,89.618741345,-0.002442360,1.784614563,1,-2.522260904,-144.514904648,-0.002442360,1.442735672,1,0.000572205,0.032784908,0.007326126,0.212453842,1,-0.010929108,-0.626191743,-0.012210846,0.001221180,-1.107148409,-63.434931124,0.000000000,0.000000000,13.000000000,2.200000048,1.570796371,90.000002504,0.000000000,1.635578275,25.000000000,8.000000000,-2.530727386,-144.999998343,0.000000000,1.635365009,20.000000000,6.500000000,0.000000000,0.000000000,0.000000000,0.247735515,12.000000000,3.200000048,0.000000000,0.000000000,0.000000000,-0.000019584,0.500000000,0.100000001
2026-07-05 14:58:02.078,1783234682.078058481,137.045179837,1,1,137.032814436,1,0.002003353,5,1,0.000427662,5,1,0,1,0,0,1,1,1,1,1,1,0.006732984,0.090000000,2.400000000,0.000000000,1,81.410028229,12,1,12,1:-1.251:2.428|2:-0.428:2.425|3:0.392:2.424|4:1.223:2.419|5:1.228:1.589|6:0.405:1.588|7:-0.440:1.588|8:-1.261:1.589|9:-1.185:4.911|10:-0.390:4.902|11:0.375:4.903|12:1.182:4.901,1,68.539068247,pickup,3,0,0.000000000,0.000000000,1,68.539056100,1,received,0,-1.000000000,,0,-1.000000000,0,,1,-1.116059899,-63.945521915,-0.007326126,0.085470200,1,1.564142108,89.618741345,-0.002442360,1.784614563,1,-2.522260904,-144.514904648,0.002442360,1.442735672,1,0.000572205,0.032784908,-0.007326126,0.212453842,1,-0.010929108,-0.626191743,0.012210846,0.001221180,-1.107148409,-63.434931124,0.000000000,0.000000000,13.000000000,2.200000048,1.570796371,90.000002504,0.000000000,1.635578275,25.000000000,8.000000000,-2.530727386,-144.999998343,0.000000000,1.635365009,20.000000000,6.500000000,0.000000000,0.000000000,0.000000000,0.247735515,12.000000000,3.200000048,0.000000000,0.000000000,0.000000000,-0.000019584,0.500000000,0.100000001
2026-07-05 14:58:03.073,1783234683.073879480,138.041000874,1,1,138.028635473,1,0.001956794,5,1,0.000462492,5,1,0,1,0,0,1,1,1,1,1,1,0.190589108,0.090000000,2.400000000,0.000000000,1,82.405849266,12,1,12,1:-1.251:2.428|2:-0.428:2.425|3:0.392:2.424|4:1.223:2.419|5:1.228:1.589|6:0.405:1.588|7:-0.440:1.588|8:-1.261:1.589|9:-1.185:4.911|10:-0.390:4.902|11:0.375:4.903|12:1.182:4.901,1,69.534889284,pickup,3,0,0.000000000,0.000000000,1,69.534877137,1,received,0,-1.000000000,,0,-1.000000000,0,,1,-1.115678430,-63.923665310,0.007326126,0.090353966,1,1.564142108,89.618741345,0.002442360,1.784614563,1,-2.522260904,-144.514904648,-0.002442360,1.442735672,1,0.000572205,0.032784908,-0.007326126,0.202686310,1,-0.010929108,-0.626191743,0.012210846,0.001221180,-1.107148409,-63.434931124,0.000000000,0.000000000,13.000000000,2.200000048,1.570796371,90.000002504,0.000000000,1.635578275,25.000000000,8.000000000,-2.530727386,-144.999998343,0.000000000,1.635365009,20.000000000,6.500000000,0.000000000,0.000000000,0.000000000,0.247735515,12.000000000,3.200000048,0.000000000,0.000000000,0.000000000,-0.000019584,0.500000000,0.100000001
2026-07-05 14:58:04.069,1783234684.069808960,139.036930274,1,1,139.024564873,1,0.002305229,5,1,0.000414505,5,1,0,1,0,0,1,1,1,1,1,1,0.563853202,0.090000000,2.400000000,0.000000000,1,83.401778666,12,1,12,1:-1.251:2.428|2:-0.428:2.425|3:0.392:2.424|4:1.223:2.419|5:1.228:1.589|6:0.405:1.588|7:-0.440:1.588|8:-1.261:1.589|9:-1.185:4.911|10:-0.390:4.902|11:0.375:4.903|12:1.182:4.901,1,70.530818684,pickup,3,0,0.000000000,0.000000000,1,70.530806537,1,received,0,-1.000000000,,0,-1.000000000,0,,1,-1.116059899,-63.945521915,-0.007326126,0.090353966,1,1.564142108,89.618741345,-0.002442360,1.770940781,1,-2.522260904,-144.514904648,-0.002442360,1.442735672,1,0.000572205,0.032784908,-0.007326126,0.207570076,1,-0.010929108,-0.626191743,-0.036628723,0.001221180,-1.107148409,-63.434931124,0.000000000,0.000000000,13.000000000,2.200000048,1.570796371,90.000002504,0.000000000,1.635578275,25.000000000,8.000000000,-2.530727386,-144.999998343,0.000000000,1.635365009,20.000000000,6.500000000,0.000000000,0.000000000,0.000000000,0.247735515,12.000000000,3.200000048,0.000000000,0.000000000,0.000000000,-0.000019584,0.500000000,0.100000001
2026-07-05 14:58:05.066,1783234685.066096067,140.033217602,1,1,140.020852201,1,0.002042576,5,1,0.000361172,5,1,0,1,0,0,1,1,1,1,1,1,0.614301524,0.090000000,2.400000000,0.000000000,1,84.398065994,12,1,12,1:-1.251:2.428|2:-0.428:2.425|3:0.392:2.424|4:1.223:2.419|5:1.228:1.589|6:0.405:1.588|7:-0.440:1.588|8:-1.261:1.589|9:-1.185:4.911|10:-0.390:4.902|11:0.375:4.903|12:1.182:4.901,1,71.527106012,pickup,3,0,0.000000000,0.000000000,1,71.527093865,1,received,0,-1.000000000,,0,-1.000000000,0,,1,-1.116059899,-63.945521915,-0.007326126,0.090353966,1,1.564142108,89.618741345,-0.002442360,1.784614563,1,-2.522260904,-144.514904648,-0.002442360,1.456409454,1,0.000572205,0.032784908,-0.007326126,0.207570076,1,-0.010929108,-0.626191743,-0.036628723,0.001221180,-1.107148409,-63.434931124,0.000000000,0.000000000,13.000000000,2.200000048,1.570796371,90.000002504,0.000000000,1.635578275,25.000000000,8.000000000,-2.530727386,-144.999998343,0.000000000,1.635365009,20.000000000,6.500000000,0.000000000,0.000000000,0.000000000,0.247735515,12.000000000,3.200000048,0.000000000,0.000000000,0.000000000,-0.000019584,0.500000000,0.100000001
2026-07-05 14:58:06.062,1783234686.062505960,141.029627372,1,1,141.017261971,1,0.002150388,5,1,0.000271893,5,1,0,1,0,0,1,1,1,1,1,1,0.009644521,0.090000000,2.400000000,0.000000000,1,85.394475764,12,1,12,1:-1.251:2.428|2:-0.428:2.425|3:0.392:2.424|4:1.223:2.419|5:1.228:1.589|6:0.405:1.588|7:-0.440:1.588|8:-1.261:1.589|9:-1.185:4.911|10:-0.390:4.902|11:0.375:4.903|12:1.182:4.901,1,72.523515782,pickup,3,0,0.000000000,0.000000000,1,72.523503635,1,received,0,-1.000000000,,0,-1.000000000,0,,0,-1.116059899,-63.945521915,-0.007326126,0.090353966,0,1.564142108,89.618741345,0.002442360,1.784614563,0,-2.522260904,-144.514904648,-0.002442360,1.442735672,0,0.000572205,0.032784908,-0.021978378,0.207570076,0,-0.010929108,-0.626191743,-0.012210846,0.001221180,-1.107148409,-63.434931124,0.000000000,0.000000000,13.000000000,2.200000048,1.570796371,90.000002504,0.000000000,1.635578275,25.000000000,8.000000000,-2.530727386,-144.999998343,0.000000000,1.635365009,20.000000000,6.500000000,0.000000000,0.000000000,0.000000000,0.247735515,12.000000000,3.200000048,0.000000000,0.000000000,0.000000000,-0.000019584,0.500000000,0.100000001
2026-07-05 14:58:07.059,1783234687.059108973,142.026230411,1,1,142.013865010,1,0.002243991,5,1,0.000225300,5,1,0,1,0,0,1,1,1,1,1,1,0.425436776,0.090000000,2.400000000,0.000000000,1,86.391078803,12,1,12,1:-1.251:2.428|2:-0.428:2.425|3:0.392:2.424|4:1.223:2.419|5:1.228:1.589|6:0.405:1.588|7:-0.440:1.588|8:-1.261:1.589|9:-1.185:4.911|10:-0.390:4.902|11:0.375:4.903|12:1.182:4.901,1,73.520118821,pickup,3,0,0.000000000,0.000000000,1,73.520106674,1,received,0,-1.000000000,,0,-1.000000000,0,,1,-1.116059899,-63.945521915,-0.007326126,0.085470200,1,1.564142108,89.618741345,-0.002442360,1.784614563,1,-2.522260904,-144.514904648,-0.002442360,1.456409454,1,0.000190735,0.010928303,-0.021978378,0.212453842,1,-0.010929108,-0.626191743,0.012210846,0.001221180,-1.107148409,-63.434931124,0.000000000,0.000000000,13.000000000,2.200000048,1.570796371,90.000002504,0.000000000,1.635578275,25.000000000,8.000000000,-2.530727386,-144.999998343,0.000000000,1.635365009,20.000000000,6.500000000,0.000000000,0.000000000,0.000000000,0.247735515,12.000000000,3.200000048,0.000000000,0.000000000,0.000000000,-0.000019584,0.500000000,0.100000001
2026-07-05 14:58:08.056,1783234688.055930853,143.023052193,1,1,143.010686792,1,0.002204917,5,1,0.000343685,5,1,0,1,0,0,1,1,1,1,1,1,0.042135703,0.090000000,2.400000000,0.000000000,1,87.387900585,12,1,12,1:-1.251:2.428|2:-0.428:2.425|3:0.392:2.424|4:1.223:2.419|5:1.228:1.589|6:0.405:1.588|7:-0.440:1.588|8:-1.261:1.589|9:-1.185:4.911|10:-0.390:4.902|11:0.375:4.903|12:1.182:4.901,1,74.516940603,pickup,3,0,0.000000000,0.000000000,1,74.516928456,1,received,0,-1.000000000,,0,-1.000000000,0,,1,-1.116059899,-63.945521915,-0.007326126,0.090353966,1,1.564142108,89.618741345,-0.002442360,1.784614563,1,-2.522260904,-144.514904648,-0.007326126,1.442735672,1,0.000572205,0.032784908,-0.007326126,0.217338562,1,-0.010929108,-0.626191743,0.012210846,0.001221180,-1.107148409,-63.434931124,0.000000000,0.000000000,13.000000000,2.200000048,1.570796371,90.000002504,0.000000000,1.635578275,25.000000000,8.000000000,-2.530727386,-144.999998343,0.000000000,1.635365009,20.000000000,6.500000000,0.000000000,0.000000000,0.000000000,0.247735515,12.000000000,3.200000048,0.000000000,0.000000000,0.000000000,-0.000019584,0.500000000,0.100000001
2026-07-05 14:58:09.053,1783234689.053076506,144.020197919,1,1,144.007832518,1,0.002063477,5,1,0.000412006,5,1,0,1,0,0,1,1,1,1,1,1,0.174419310,0.090000000,2.400000000,0.000000000,1,88.385046311,12,1,12,1:-1.251:2.428|2:-0.428:2.425|3:0.392:2.424|4:1.223:2.419|5:1.228:1.589|6:0.405:1.588|7:-0.440:1.588|8:-1.261:1.589|9:-1.185:4.911|10:-0.390:4.902|11:0.375:4.903|12:1.182:4.901,1,75.514086329,pickup,3,0,0.000000000,0.000000000,1,75.514074182,1,received,0,-1.000000000,,0,-1.000000000,0,,1,-1.116059899,-63.945521915,-0.007326126,0.085470200,1,1.564142108,89.618741345,-0.002442360,1.770940781,1,-2.522260904,-144.514904648,-0.002442360,1.442735672,1,0.000572205,0.032784908,0.007326126,0.207570076,1,-0.010929108,-0.626191743,0.012210846,0.001221180,-1.107148409,-63.434931124,0.000000000,0.000000000,13.000000000,2.200000048,1.570796371,90.000002504,0.000000000,1.635578275,25.000000000,8.000000000,-2.530727386,-144.999998343,0.000000000,1.635365009,20.000000000,6.500000000,0.000000000,0.000000000,0.000000000,0.247735515,12.000000000,3.200000048,0.000000000,0.000000000,0.000000000,-0.000019584,0.500000000,0.100000001
2026-07-05 14:58:10.050,1783234690.050229073,145.017350432,1,1,145.004985031,1,0.001976551,5,1,0.000375749,5,1,0,1,0,0,1,1,1,1,1,1,0.165729485,0.090000000,2.400000000,0.000000000,1,89.382198824,12,1,12,1:-1.251:2.428|2:-0.428:2.425|3:0.392:2.424|4:1.223:2.419|5:1.228:1.589|6:0.405:1.588|7:-0.440:1.588|8:-1.261:1.589|9:-1.185:4.911|10:-0.390:4.902|11:0.375:4.903|12:1.182:4.901,1,76.511238842,pickup,3,0,0.000000000,0.000000000,1,76.511226695,1,received,0,-1.000000000,,0,-1.000000000,0,,1,-1.116059899,-63.945521915,-0.007326126,0.090353966,1,1.564142108,89.618741345,-0.002442360,1.784614563,1,-2.522260904,-144.514904648,-0.002442360,1.456409454,1,0.000572205,0.032784908,-0.007326126,0.212453842,1,-0.010929108,-0.626191743,-0.012210846,0.001221180,-1.107148409,-63.434931124,0.000000000,0.000000000,13.000000000,2.200000048,1.570796371,90.000002504,0.000000000,1.635578275,25.000000000,8.000000000,-2.530727386,-144.999998343,0.000000000,1.635365009,20.000000000,6.500000000,0.000000000,0.000000000,0.000000000,0.247735515,12.000000000,3.200000048,0.000000000,0.000000000,0.000000000,-0.000019584,0.500000000,0.100000001
2026-07-05 14:58:11.047,1783234691.047531843,146.014653250,1,1,146.002287849,1,0.002054067,5,1,0.000454862,5,1,0,1,0,0,1,1,1,1,1,1,0.253044040,0.090000000,2.400000000,0.000000000,1,90.379501642,12,1,12,1:-1.251:2.428|2:-0.428:2.425|3:0.392:2.424|4:1.223:2.419|5:1.228:1.589|6:0.405:1.588|7:-0.440:1.588|8:-1.261:1.589|9:-1.185:4.911|10:-0.390:4.902|11:0.375:4.903|12:1.182:4.901,1,77.508541660,pickup,3,0,0.000000000,0.000000000,1,77.508529513,1,received,0,-1.000000000,,0,-1.000000000,0,,1,-1.115678430,-63.923665310,-0.021978378,0.090353966,1,1.564142108,89.618741345,-0.002442360,1.784614563,1,-2.522260904,-144.514904648,-0.002442360,1.442735672,1,0.000572205,0.032784908,-0.021978378,0.212453842,1,-0.010929108,-0.626191743,-0.012210846,0.001221180,-1.107148409,-63.434931124,0.000000000,0.000000000,13.000000000,2.200000048,1.570796371,90.000002504,0.000000000,1.635578275,25.000000000,8.000000000,-2.530727386,-144.999998343,0.000000000,1.635365009,20.000000000,6.500000000,0.000000000,0.000000000,0.000000000,0.247735515,12.000000000,3.200000048,0.000000000,0.000000000,0.000000000,-0.000019584,0.500000000,0.100000001
2026-07-05 14:58:12.045,1783234692.045058250,147.012179669,1,1,146.999814268,1,0.001842691,5,1,0.000403279,5,1,0,1,0,0,1,1,1,1,1,1,0.675904022,0.090000000,2.400000000,0.000000000,1,91.377028061,12,1,12,1:-1.251:2.428|2:-0.428:2.425|3:0.392:2.424|4:1.223:2.419|5:1.228:1.589|6:0.405:1.588|7:-0.440:1.588|8:-1.261:1.589|9:-1.185:4.911|10:-0.390:4.902|11:0.375:4.903|12:1.182:4.901,1,78.506068079,pickup,3,0,0.000000000,0.000000000,1,78.506055932,1,received,0,-1.000000000,,0,-1.000000000,0,,0,-1.116059899,-63.945521915,-0.021978378,0.090353966,0,1.564142108,89.618741345,-0.002442360,1.784614563,0,-2.522260904,-144.514904648,-0.007326126,1.442735672,0,0.000572205,0.032784908,-0.007326126,0.212453842,0,-0.010929108,-0.626191743,0.012210846,0.001221180,-1.107148409,-63.434931124,0.000000000,0.000000000,13.000000000,2.200000048,1.570796371,90.000002504,0.000000000,1.635578275,25.000000000,8.000000000,-2.530727386,-144.999998343,0.000000000,1.635365009,20.000000000,6.500000000,0.000000000,0.000000000,0.000000000,0.247735515,12.000000000,3.200000048,0.000000000,0.000000000,0.000000000,-0.000019584,0.500000000,0.100000001
2026-07-05 14:58:13.042,1783234693.042783022,148.009904467,1,1,147.997539066,1,0.002623612,5,1,0.000532223,5,1,0,1,0,0,1,1,1,1,1,1,0.820085933,0.090000000,2.400000000,0.000000000,1,92.374752859,12,1,12,1:-1.251:2.428|2:-0.428:2.425|3:0.392:2.424|4:1.223:2.419|5:1.228:1.589|6:0.405:1.588|7:-0.440:1.588|8:-1.261:1.589|9:-1.185:4.911|10:-0.390:4.902|11:0.375:4.903|12:1.182:4.901,1,79.503792877,pickup,3,0,0.000000000,0.000000000,1,79.503780730,1,received,0,-1.000000000,,0,-1.000000000,0,,1,-1.116059899,-63.945521915,-0.007326126,0.085470200,1,1.564142108,89.618741345,-0.002442360,1.784614563,1,-2.522260904,-144.514904648,-0.002442360,1.442735672,1,0.000572205,0.032784908,-0.021978378,0.212453842,1,-0.010929108,-0.626191743,-0.012210846,0.001221180,-1.107148409,-63.434931124,0.000000000,0.000000000,13.000000000,2.200000048,1.570796371,90.000002504,0.000000000,1.635578275,25.000000000,8.000000000,-2.530727386,-144.999998343,0.000000000,1.635365009,20.000000000,6.500000000,0.000000000,0.000000000,0.000000000,0.247735515,12.000000000,3.200000048,0.000000000,0.000000000,0.000000000,-0.000019584,0.500000000,0.100000001
2026-07-05 14:58:14.040,1783234694.040382147,149.007503639,1,1,148.995138238,1,0.002044896,5,1,0.000248471,5,1,0,1,0,0,1,1,1,1,1,1,0.040440446,0.090000000,2.400000000,0.000000000,1,93.372352031,12,1,12,1:-1.251:2.428|2:-0.428:2.425|3:0.392:2.424|4:1.223:2.419|5:1.228:1.589|6:0.405:1.588|7:-0.440:1.588|8:-1.261:1.589|9:-1.185:4.911|10:-0.390:4.902|11:0.375:4.903|12:1.182:4.901,1,80.501392049,pickup,3,0,0.000000000,0.000000000,1,80.501379902,1,received,0,-1.000000000,,0,-1.000000000,0,,1,-1.116059899,-63.945521915,-0.007326126,0.085470200,1,1.564142108,89.618741345,0.002442360,1.770940781,1,-2.522260904,-144.514904648,-0.002442360,1.442735672,1,0.000190735,0.010928303,-0.007326126,0.207570076,1,-0.010929108,-0.626191743,-0.012210846,0.001221180,-1.107148409,-63.434931124,0.000000000,0.000000000,13.000000000,2.200000048,1.570796371,90.000002504,0.000000000,1.635578275,25.000000000,8.000000000,-2.530727386,-144.999998343,0.000000000,1.635365009,20.000000000,6.500000000,0.000000000,0.000000000,0.000000000,0.247735515,12.000000000,3.200000048,0.000000000,0.000000000,0.000000000,-0.000019584,0.500000000,0.100000001
2026-07-05 14:58:15.038,1783234695.038394451,150.005515800,1,1,149.993150399,1,0.002454415,5,1,0.000397054,5,1,0,1,0,0,1,1,1,1,1,1,0.024785949,0.090000000,2.400000000,0.000000000,1,94.370364192,12,1,12,1:-1.251:2.428|2:-0.428:2.425|3:0.392:2.424|4:1.223:2.419|5:1.228:1.589|6:0.405:1.588|7:-0.440:1.588|8:-1.261:1.589|9:-1.185:4.911|10:-0.390:4.902|11:0.375:4.903|12:1.182:4.901,1,81.499404210,pickup,3,0,0.000000000,0.000000000,1,81.499392063,1,received,0,-1.000000000,,0,-1.000000000,0,,1,-1.116059899,-63.945521915,-0.007326126,0.090353966,1,1.564142108,89.618741345,-0.002442360,1.784614563,1,-2.522260904,-144.514904648,-0.002442360,1.442735672,1,0.000572205,0.032784908,0.007326126,0.207570076,1,-0.010929108,-0.626191743,-0.036628723,0.003663063,-1.107148409,-63.434931124,0.000000000,0.000000000,13.000000000,2.200000048,1.570796371,90.000002504,0.000000000,1.635578275,25.000000000,8.000000000,-2.530727386,-144.999998343,0.000000000,1.635365009,20.000000000,6.500000000,0.000000000,0.000000000,0.000000000,0.247735515,12.000000000,3.200000048,0.000000000,0.000000000,0.000000000,-0.000019584,0.500000000,0.100000001
2026-07-05 14:58:16.036,1783234696.036204338,151.003325658,1,1,150.990960257,1,0.002242886,5,1,0.000036870,5,1,0,1,0,0,1,1,1,1,1,1,0.170297414,0.090000000,2.400000000,0.000000000,1,95.368174050,12,1,12,1:-1.251:2.428|2:-0.428:2.425|3:0.392:2.424|4:1.223:2.419|5:1.228:1.589|6:0.405:1.588|7:-0.440:1.588|8:-1.261:1.589|9:-1.185:4.911|10:-0.390:4.902|11:0.375:4.903|12:1.182:4.901,1,82.497214068,pickup,3,0,0.000000000,0.000000000,1,82.497201921,1,received,0,-1.000000000,,0,-1.000000000,0,,1,-1.116059899,-63.945521915,0.007326126,0.085470200,1,1.564142108,89.618741345,-0.002442360,1.784614563,1,-2.522260904,-144.514904648,-0.002442360,1.442735672,1,0.000572205,0.032784908,-0.007326126,0.202686310,1,-0.010929108,-0.626191743,-0.012210846,0.001221180,-1.107148409,-63.434931124,0.000000000,0.000000000,13.000000000,2.200000048,1.570796371,90.000002504,0.000000000,1.635578275,25.000000000,8.000000000,-2.530727386,-144.999998343,0.000000000,1.635365009,20.000000000,6.500000000,0.000000000,0.000000000,0.000000000,0.247735515,12.000000000,3.200000048,0.000000000,0.000000000,0.000000000,-0.000019584,0.500000000,0.100000001
2026-07-05 14:58:17.034,1783234697.034487963,152.001609461,1,1,151.989244060,1,0.002094765,5,1,0.000259954,5,1,0,1,0,0,1,1,1,1,1,1,1.168581217,0.090000000,2.400000000,0.000000000,1,96.366457853,12,1,12,1:-1.251:2.428|2:-0.428:2.425|3:0.392:2.424|4:1.223:2.419|5:1.228:1.589|6:0.405:1.588|7:-0.440:1.588|8:-1.261:1.589|9:-1.185:4.911|10:-0.390:4.902|11:0.375:4.903|12:1.182:4.901,1,83.495497871,pickup,3,0,0.000000000,0.000000000,1,83.495485724,1,received,0,-1.000000000,,0,-1.000000000,0,,1,-1.116059899,-63.945521915,-0.007326126,0.090353966,1,1.564142108,89.618741345,-0.002442360,1.770940781,1,-2.522260904,-144.514904648,0.002442360,1.442735672,1,0.000572205,0.032784908,-0.007326126,0.217338562,1,-0.010929108,-0.626191743,-0.012210846,0.001221180,-1.107148409,-63.434931124,0.000000000,0.000000000,13.000000000,2.200000048,1.570796371,90.000002504,0.000000000,1.635578275,25.000000000,8.000000000,-2.530727386,-144.999998343,0.000000000,1.635365009,20.000000000,6.500000000,0.000000000,0.000000000,0.000000000,0.247735515,12.000000000,3.200000048,0.000000000,0.000000000,0.000000000,-0.000019584,0.500000000,0.100000001
2026-07-05 14:58:18.032,1783234698.032637358,152.999758755,1,1,152.987393354,1,0.001885643,5,1,0.000362031,5,1,0,1,0,0,1,1,1,1,1,1,0.480988017,0.090000000,2.400000000,0.000000000,1,97.364607147,12,1,12,1:-1.251:2.428|2:-0.428:2.425|3:0.392:2.424|4:1.223:2.419|5:1.228:1.589|6:0.405:1.588|7:-0.440:1.588|8:-1.261:1.589|9:-1.185:4.911|10:-0.390:4.902|11:0.375:4.903|12:1.182:4.901,1,84.493647165,pickup,3,0,0.000000000,0.000000000,1,84.493635018,1,received,0,-1.000000000,,0,-1.000000000,0,,1,-1.116059899,-63.945521915,0.007326126,0.085470200,1,1.564142108,89.618741345,-0.002442360,1.784614563,1,-2.522260904,-144.514904648,-0.002442360,1.442735672,1,0.000572205,0.032784908,-0.007326126,0.212453842,1,-0.010929108,-0.626191743,-0.012210846,0.001221180,-1.107148409,-63.434931124,0.000000000,0.000000000,13.000000000,2.200000048,1.570796371,90.000002504,0.000000000,1.635578275,25.000000000,8.000000000,-2.530727386,-144.999998343,0.000000000,1.635365009,20.000000000,6.500000000,0.000000000,0.000000000,0.000000000,0.247735515,12.000000000,3.200000048,0.000000000,0.000000000,0.000000000,-0.000019584,0.500000000,0.100000001
2026-07-05 14:58:19.030,1783234699.030868053,153.997989272,1,1,153.985623871,1,0.002030224,5,1,0.010138773,5,1,0,1,0,0,1,1,1,1,1,1,0.035745334,0.090000000,2.400000000,0.000000000,1,98.362837664,12,1,12,1:-1.251:2.428|2:-0.428:2.425|3:0.392:2.424|4:1.223:2.419|5:1.228:1.589|6:0.405:1.588|7:-0.440:1.588|8:-1.261:1.589|9:-1.185:4.911|10:-0.390:4.902|11:0.375:4.903|12:1.182:4.901,1,85.491877682,pickup,3,0,0.000000000,0.000000000,1,85.491865535,1,received,0,-1.000000000,,0,-1.000000000,0,,1,-1.116059899,-63.945521915,-0.007326126,0.090353966,1,1.564142108,89.618741345,-0.007326126,1.770940781,1,-2.522260904,-144.514904648,-0.007326126,1.442735672,1,0.000572205,0.032784908,-0.007326126,0.207570076,1,-0.010929108,-0.626191743,0.012210846,0.001221180,-1.107148409,-63.434931124,0.000000000,0.000000000,13.000000000,2.200000048,1.570796371,90.000002504,0.000000000,1.635578275,25.000000000,8.000000000,-2.530727386,-144.999998343,0.000000000,1.635365009,20.000000000,6.500000000,0.000000000,0.000000000,0.000000000,0.247735515,12.000000000,3.200000048,0.000000000,0.000000000,0.000000000,-0.000019584,0.500000000,0.100000001
2026-07-05 14:58:20.029,1783234700.029356480,154.996477869,1,1,154.984112468,1,0.002206748,5,1,0.000412188,5,1,0,1,0,0,1,1,1,1,1,1,0.208336034,0.090000000,2.400000000,0.000000000,1,99.361326261,12,1,12,1:-1.251:2.428|2:-0.428:2.425|3:0.392:2.424|4:1.223:2.419|5:1.228:1.589|6:0.405:1.588|7:-0.440:1.588|8:-1.261:1.589|9:-1.185:4.911|10:-0.390:4.902|11:0.375:4.903|12:1.182:4.901,1,86.490366279,pickup,3,0,0.000000000,0.000000000,1,86.490354132,1,received,0,-1.000000000,,0,-1.000000000,0,,1,-1.116059899,-63.945521915,-0.007326126,0.090353966,1,1.564142108,89.618741345,-0.002442360,1.770940781,1,-2.522260904,-144.514904648,-0.002442360,1.442735672,1,0.000572205,0.032784908,-0.007326126,0.207570076,1,-0.010929108,-0.626191743,-0.012210846,0.001221180,-1.107148409,-63.434931124,0.000000000,0.000000000,13.000000000,2.200000048,1.570796371,90.000002504,0.000000000,1.635578275,25.000000000,8.000000000,-2.530727386,-144.999998343,0.000000000,1.635365009,20.000000000,6.500000000,0.000000000,0.000000000,0.000000000,0.247735515,12.000000000,3.200000048,0.000000000,0.000000000,0.000000000,-0.000019584,0.500000000,0.100000001
2026-07-05 14:58:21.027,1783234701.027893782,155.995015095,1,1,155.982649694,1,0.002091287,5,1,0.000361861,5,1,0,1,0,0,1,1,1,1,1,1,0.002353128,0.090000000,2.400000000,0.000000000,1,100.359863487,12,1,12,1:-1.251:2.428|2:-0.428:2.425|3:0.392:2.424|4:1.223:2.419|5:1.228:1.589|6:0.405:1.588|7:-0.440:1.588|8:-1.261:1.589|9:-1.185:4.911|10:-0.390:4.902|11:0.375:4.903|12:1.182:4.901,1,87.488903505,pickup,3,0,0.000000000,0.000000000,1,87.488891358,1,received,0,-1.000000000,,0,-1.000000000,0,,1,-1.116059899,-63.945521915,-0.007326126,0.090353966,1,1.564142108,89.618741345,0.002442360,1.770940781,1,-2.522260904,-144.514904648,-0.002442360,1.442735672,1,0.000572205,0.032784908,0.007326126,0.212453842,1,-0.010929108,-0.626191743,0.012210846,0.001221180,-1.107148409,-63.434931124,0.000000000,0.000000000,13.000000000,2.200000048,1.570796371,90.000002504,0.000000000,1.635578275,25.000000000,8.000000000,-2.530727386,-144.999998343,0.000000000,1.635365009,20.000000000,6.500000000,0.000000000,0.000000000,0.000000000,0.247735515,12.000000000,3.200000048,0.000000000,0.000000000,0.000000000,-0.000019584,0.500000000,0.100000001
2026-07-05 14:58:22.026,1783234702.026393414,156.993514655,1,1,156.981149254,1,0.002154540,5,1,0.000470564,5,1,0,1,0,0,1,1,1,1,1,1,0.033245304,0.090000000,2.400000000,0.000000000,1,101.358363047,12,1,12,1:-1.251:2.428|2:-0.428:2.425|3:0.392:2.424|4:1.223:2.419|5:1.228:1.589|6:0.405:1.588|7:-0.440:1.588|8:-1.261:1.589|9:-1.185:4.911|10:-0.390:4.902|11:0.375:4.903|12:1.182:4.901,1,88.487403065,pickup,3,0,0.000000000,0.000000000,1,88.487390918,1,received,0,-1.000000000,,0,-1.000000000,0,,1,-1.116059899,-63.945521915,-0.007326126,0.085470200,1,1.564142108,89.618741345,-0.002442360,1.784614563,1,-2.522260904,-144.514904648,-0.002442360,1.442735672,1,0.000572205,0.032784908,-0.007326126,0.217338562,1,-0.010929108,-0.626191743,-0.012210846,0.001221180,-1.107148409,-63.434931124,0.000000000,0.000000000,13.000000000,2.200000048,1.570796371,90.000002504,0.000000000,1.635578275,25.000000000,8.000000000,-2.530727386,-144.999998343,0.000000000,1.635365009,20.000000000,6.500000000,0.000000000,0.000000000,0.000000000,0.247735515,12.000000000,3.200000048,0.000000000,0.000000000,0.000000000,-0.000019584,0.500000000,0.100000001
2026-07-05 14:58:23.025,1783234703.025001049,157.992122300,1,1,157.979756899,1,0.002158198,5,1,0.000337527,5,1,0,1,0,0,1,1,1,1,1,1,0.100295430,0.090000000,2.400000000,0.000000000,1,102.356970692,12,1,12,1:-1.251:2.428|2:-0.428:2.425|3:0.392:2.424|4:1.223:2.419|5:1.228:1.589|6:0.405:1.588|7:-0.440:1.588|8:-1.261:1.589|9:-1.185:4.911|10:-0.390:4.902|11:0.375:4.903|12:1.182:4.901,1,0.583974571,pickup,3,0,0.000000000,0.000000000,1,0.583958680,1,received,0,-1.000000000,,0,-1.000000000,0,,1,-1.106141686,-63.377250176,-0.021978378,-0.036629677,1,1.564142108,89.618741345,-0.002442360,1.770940781,1,-2.522260904,-144.514904648,-0.002442360,1.442735672,1,0.000572205,0.032784908,0.007326126,0.207570076,1,-0.010929108,-0.626191743,-0.036628723,0.001221180,-1.107148409,-63.434931124,0.000000000,0.000000000,13.000000000,2.200000048,1.570796371,90.000002504,0.000000000,1.635578275,25.000000000,8.000000000,-2.530727386,-144.999998343,0.000000000,1.635365009,20.000000000,6.500000000,0.000000000,0.000000000,0.000000000,0.247735515,12.000000000,3.200000048,0.000000000,0.000000000,0.000000000,-0.000019584,0.500000000,0.100000001
2026-07-05 14:58:24.023,1783234704.023673296,158.990794719,1,1,158.978429318,1,0.002643864,5,1,0.000562244,5,1,0,1,0,0,1,1,1,1,1,1,0.063331812,0.090000000,2.400000000,0.000000000,1,103.355643111,12,1,12,1:-1.251:2.428|2:-0.428:2.425|3:0.392:2.424|4:1.223:2.419|5:1.228:1.589|6:0.405:1.588|7:-0.440:1.588|8:-1.261:1.589|9:-1.185:4.911|10:-0.390:4.902|11:0.375:4.903|12:1.182:4.901,1,1.582646990,pickup,3,0,0.000000000,0.000000000,1,1.582631099,1,received,0,-1.000000000,,0,-1.000000000,0,,1,-1.106141686,-63.377250176,-0.021978378,-0.036629677,1,1.564142108,89.618741345,-0.002442360,1.770940781,1,-2.522260904,-144.514904648,-0.002442360,1.442735672,1,0.000572205,0.032784908,0.007326126,0.212453842,1,-0.010929108,-0.626191743,-0.036628723,0.001221180,-1.107148409,-63.434931124,0.000000000,0.000000000,13.000000000,2.200000048,1.570796371,90.000002504,0.000000000,1.635578275,25.000000000,8.000000000,-2.530727386,-144.999998343,0.000000000,1.635365009,20.000000000,6.500000000,0.000000000,0.000000000,0.000000000,0.247735515,12.000000000,3.200000048,0.000000000,0.000000000,0.000000000,-0.000019584,0.500000000,0.100000001
2026-07-05 14:58:25.022,1783234705.022468567,159.989590019,1,1,159.977224618,1,0.001949990,5,1,0.000283845,5,1,0,1,0,0,1,1,1,1,1,1,0.402060016,0.090000000,2.400000000,0.000000000,1,104.354438411,12,1,12,1:-1.251:2.428|2:-0.428:2.425|3:0.392:2.424|4:1.223:2.419|5:1.228:1.589|6:0.405:1.588|7:-0.440:1.588|8:-1.261:1.589|9:-1.185:4.911|10:-0.390:4.902|11:0.375:4.903|12:1.182:4.901,1,2.581442290,pickup,3,0,0.000000000,0.000000000,1,2.581426399,1,received,0,-1.000000000,,0,-1.000000000,0,,1,-1.104234338,-63.267967150,-0.007326126,0.251525879,1,1.424140811,81.597257901,-0.564102173,1.702564240,1,-2.402477503,-137.651821287,0.959707260,3.535041809,1,-0.083352089,-4.775722909,-0.358974457,-0.217338562,1,0.002492905,0.142832916,0.622711182,0.030525208,-1.101122737,-63.089685552,0.017835701,0.228151470,13.000000000,2.200000048,1.409462690,80.756263538,-0.594899535,1.719834208,25.000000000,8.000000000,-2.289212704,-131.162226330,0.896307588,2.332148552,20.000000000,6.500000000,-0.117642581,-6.740423409,-0.454656005,0.176514044,12.000000000,3.200000048,0.030423470,1.743136420,0.157568216,0.051046897,0.500000000,0.100000001
2026-07-05 14:58:26.021,1783234706.021364927,160.988486541,1,1,160.976121140,1,0.002325567,5,1,0.000277477,5,1,0,1,0,0,1,1,1,1,1,1,0.338237156,0.090000000,2.400000000,0.000000000,1,105.353334933,12,1,12,1:-1.251:2.428|2:-0.428:2.425|3:0.392:2.424|4:1.223:2.419|5:1.228:1.589|6:0.405:1.588|7:-0.440:1.588|8:-1.261:1.589|9:-1.185:4.911|10:-0.390:4.902|11:0.375:4.903|12:1.182:4.901,1,3.580338812,pickup,3,0,0.000000000,0.000000000,1,3.580322921,1,received,0,-1.000000000,,0,-1.000000000,0,,1,-1.080964684,-61.934714224,0.007326126,0.324786186,1,0.491432965,28.157034797,-0.915750504,7.076923370,1,-1.007420897,-57.720965619,1.282051086,4.314529419,1,-0.773822784,-44.336779639,-1.194139481,-0.383394241,1,0.288576126,16.534194094,0.036628723,0.037850857,-1.073886752,-61.529178572,0.025838092,0.239756182,13.000000000,2.200000048,0.501019359,28.706294704,-0.861814618,6.398696899,25.000000000,8.000000000,-0.920503020,-52.740938091,1.298456192,2.850267172,20.000000000,6.500000000,-0.811926603,-46.519967644,-0.658647656,0.052662145,12.000000000,3.200000048,0.271038562,15.529365691,0.228264749,0.051472940,0.500000000,0.100000001
2026-07-05 14:58:27.020,1783234707.020305157,161.987426564,1,1,161.975061163,1,0.002408491,5,1,0.000555645,5,1,0,1,0,0,1,1,1,1,1,1,0.767111297,0.090000000,2.400000000,0.000000000,1,106.352274956,12,1,12,1:-1.251:2.428|2:-0.428:2.425|3:0.392:2.424|4:1.223:2.419|5:1.228:1.589|6:0.405:1.588|7:-0.440:1.588|8:-1.261:1.589|9:-1.185:4.911|10:-0.390:4.902|11:0.375:4.903|12:1.182:4.901,1,4.579278835,pickup,3,0,0.000000000,0.000000000,1,4.579262944,1,received,0,-1.000000000,,0,-1.000000000,0,,1,-1.074479699,-61.563151933,0.021978378,0.080586433,1,0.100801773,5.775516181,-0.212453842,4.027351379,1,-0.354335189,-20.301910855,0.671550751,3.753845215,1,-1.048485756,-60.073808694,0.007326126,0.261294365,1,0.379079819,21.719673712,0.354091644,-0.037850857,-1.063576221,-60.938428680,0.000000000,-0.000128834,13.000000000,2.200000048,-0.004355324,-0.249541708,-0.524125457,7.252765656,25.000000000,8.000000000,-0.264512002,-15.155421372,0.447451651,2.800365448,20.000000000,6.500000000,-1.051132679,-60.225466214,0.076673798,0.176181957,12.000000000,3.200000048,0.362125754,20.748277378,0.000000000,0.000010707,0.500000000,0.100000001
2026-07-05 14:58:28.019,1783234708.019141197,162.986262585,1,1,162.973897184,1,0.002534410,5,1,0.000386096,5,1,0,1,0,0,1,1,1,1,1,1,1.765947318,0.090000000,2.400000000,0.000000000,1,107.351110977,12,1,12,1:-1.251:2.428|2:-0.428:2.425|3:0.392:2.424|4:1.223:2.419|5:1.228:1.589|6:0.405:1.588|7:-0.440:1.588|8:-1.261:1.589|9:-1.185:4.911|10:-0.390:4.902|11:0.375:4.903|12:1.182:4.901,1,5.578114856,pickup,3,0,0.000000000,0.000000000,1,5.578098965,1,received,0,-1.000000000,,0,-1.000000000,0,,1,-1.064942002,-61.016682158,-0.007326126,-0.017093658,1,0.070665188,4.048817039,-0.002442360,6.051280975,1,-0.237985000,-13.635536088,-0.002442360,3.521368027,1,-1.048104286,-60.051952088,-0.007326126,0.207570076,1,0.400554657,22.950091309,-0.036628723,-0.023199081,-1.063576221,-60.938428680,0.000000000,0.000000000,13.000000000,2.200000048,-0.103798427,-5.947211769,0.000000000,7.816380978,25.000000000,8.000000000,-0.179616332,-10.291257758,0.000000000,2.380925894,20.000000000,6.500000000,-1.036585212,-59.391957739,0.000000000,0.107060112,12.000000000,3.200000048,0.362125754,20.748277378,0.000000000,0.000010841,0.500000000,0.100000001
2026-07-05 14:58:29.018,1783234709.018063307,163.985184758,1,1,163.972819357,1,0.002374011,5,1,0.000279454,5,1,0,1,0,0,1,1,1,1,1,1,0.132518423,0.090000000,2.400000000,0.000000000,1,108.350033150,12,1,12,1:-1.251:2.428|2:-0.428:2.425|3:0.392:2.424|4:1.223:2.419|5:1.228:1.589|6:0.405:1.588|7:-0.440:1.588|8:-1.261:1.589|9:-1.185:4.911|10:-0.390:4.902|11:0.375:4.903|12:1.182:4.901,1,6.577037029,pickup,3,0,0.000000000,0.000000000,1,6.577021138,1,received,0,-1.000000000,,0,-1.000000000,0,,1,-1.064560533,-60.994825552,-0.007326126,-0.012209892,1,0.070283718,4.026960433,-0.002442360,6.037605286,1,-0.237985000,-13.635536088,-0.002442360,3.521368027,1,-1.048104286,-60.051952088,-0.007326126,0.207570076,1,0.400554657,22.950091309,-0.012210846,-0.023199081,-1.063576221,-60.938428680,0.000000000,0.000000000,13.000000000,2.200000048,-0.103798427,-5.947211769,0.000000000,7.816380978,25.000000000,8.000000000,-0.179616332,-10.291257758,0.000000000,2.380925894,20.000000000,6.500000000,-1.036585212,-59.391957739,0.000000000,0.107060112,12.000000000,3.200000048,0.362125754,20.748277378,0.000000000,0.000010841,0.500000000,0.100000001
2026-07-05 14:58:30.017,1783234710.017139673,164.984261195,1,1,164.971895794,1,0.002316436,5,1,0.000373867,5,1,0,1,0,0,1,1,1,1,1,1,0.126579019,0.090000000,2.400000000,0.000000000,1,109.349109587,12,1,12,1:-1.251:2.428|2:-0.428:2.425|3:0.392:2.424|4:1.223:2.419|5:1.228:1.589|6:0.405:1.588|7:-0.440:1.588|8:-1.261:1.589|9:-1.185:4.911|10:-0.390:4.902|11:0.375:4.903|12:1.182:4.901,1,7.576113466,pickup,3,0,0.000000000,0.000000000,1,7.576097575,1,received,1,0.140254981,grabbed,0,-1.000000000,0,,1,-1.064560533,-60.994825552,-0.007326126,-0.021978378,1,0.070665188,4.048817039,-0.007326126,6.037605286,1,-0.237985000,-13.635536088,-0.002442360,3.808546066,1,-1.048104286,-60.051952088,-0.007326126,0.217338562,1,0.400554657,22.950091309,-0.012210846,-0.035408974,-1.063576221,-60.938428680,0.000000000,0.000000000,12.000000000,3.000000000,-0.103798427,-5.947211769,0.000000000,7.816380978,25.000000000,8.500000000,-0.179616332,-10.291257758,0.000000000,2.380925894,25.000000000,8.000000000,-1.036585212,-59.391957739,0.000000000,0.107060112,12.500000000,3.200000048,0.362125754,20.748277378,0.000000000,0.000010841,0.800000012,0.200000003
2026-07-05 14:58:31.016,1783234711.016242027,165.983363431,1,1,165.970998030,1,0.002170116,5,1,0.000313405,5,1,0,1,0,0,1,1,1,1,1,1,0.005875206,0.090000000,2.400000000,0.000000000,1,110.348211823,12,1,12,1:-1.251:2.428|2:-0.428:2.425|3:0.392:2.424|4:1.223:2.419|5:1.228:1.589|6:0.405:1.588|7:-0.440:1.588|8:-1.261:1.589|9:-1.185:4.911|10:-0.390:4.902|11:0.375:4.903|12:1.182:4.901,1,8.575215702,pickup,3,0,0.000000000,0.000000000,1,8.575199811,1,received,1,1.139357217,grabbed,1,0.005640419,1,ack,1,-1.064560533,-60.994825552,-0.007326126,-0.012209892,1,0.070665188,4.048817039,-0.002442360,6.037605286,1,-0.237985000,-13.635536088,0.002442360,3.808546066,1,-1.048104286,-60.051952088,-0.007326126,0.207570076,1,0.400554657,22.950091309,-0.036628723,-0.032967091,-1.064942002,-61.016682158,0.000020389,0.004383267,13.000000000,2.200000048,0.070665270,4.048821734,0.000057125,7.942915440,25.000000000,8.000000000,-0.237985060,-13.635539503,-0.000042226,2.482088089,20.000000000,6.500000000,-1.048104286,-60.051952088,0.000023409,0.150548235,12.000000000,3.200000048,0.400554657,22.950091309,-0.000007669,-0.000014056,0.500000000,0.100000001
2026-07-05 14:58:32.015,1783234712.015290260,166.982411844,1,1,166.970046443,1,0.002181485,5,1,0.000372456,5,1,0,1,0,0,1,1,1,1,1,1,0.171862818,0.090000000,2.400000000,0.000000000,1,111.347260236,12,1,12,1:-1.251:2.428|2:-0.428:2.425|3:0.392:2.424|4:1.223:2.419|5:1.228:1.589|6:0.405:1.588|7:-0.440:1.588|8:-1.261:1.589|9:-1.185:4.911|10:-0.390:4.902|11:0.375:4.903|12:1.182:4.901,1,9.574264115,pickup,3,0,0.000000000,0.000000000,1,9.574248224,1,received,1,2.138405630,grabbed,1,1.004688832,1,ack,1,-0.892515779,-51.137387259,0.505495071,0.466422081,1,0.476936638,27.326456473,1.355311394,12.000000000,1,-0.661423087,-37.896751364,-0.969474792,2.235897064,1,-0.837147713,-47.965030767,0.490842819,0.446886063,1,0.301614761,17.281252864,-0.402931213,-0.037850857,-0.848864198,-48.636335910,0.509252191,0.235396445,13.000000000,2.200000048,0.676052988,38.734982915,1.426778197,8.141621590,25.000000000,8.000000000,-0.685478270,-39.275011822,-1.054652333,2.131971598,20.000000000,6.500000000,-0.800029993,-45.838342086,0.584661603,0.343177021,12.000000000,3.200000048,0.319281727,18.293495437,-0.191544086,-0.051255643,0.500000000,0.100000001
2026-07-05 14:58:33.014,1783234713.014485836,167.981607099,1,1,167.969241698,1,0.002130227,5,1,0.000256351,5,1,0,1,0,0,1,1,1,1,1,1,0.462175858,0.090000000,2.400000000,0.000000000,1,112.346455491,12,1,12,1:-1.251:2.428|2:-0.428:2.425|3:0.392:2.424|4:1.223:2.419|5:1.228:1.589|6:0.405:1.588|7:-0.440:1.588|8:-1.261:1.589|9:-1.185:4.911|10:-0.390:4.902|11:0.375:4.903|12:1.182:4.901,1,10.573459370,pickup,3,0,0.000000000,0.000000000,1,10.573443479,1,received,1,3.137600885,grabbed,1,2.003884087,1,ack,1,-0.254687876,-14.592540360,0.534797668,0.212453842,1,2.308400393,132.261599918,1.829059601,-0.813674927,1,-1.917621970,-109.871645593,-1.042735100,1.716239929,1,-0.156213760,-8.950389171,0.520147324,0.764347076,1,0.083791733,4.800912647,-0.451770782,-0.028082848,-0.240831167,-13.798609416,0.533018827,0.296053976,13.000000000,2.200000048,2.379586697,136.340274702,1.493365407,-0.942873061,25.000000000,8.000000000,-1.944703937,-111.423327968,-1.103872538,1.802899241,20.000000000,6.500000000,-0.101960197,-5.841888972,0.611947596,0.453665793,12.000000000,3.200000048,0.090583377,5.190045172,-0.200483382,-0.051269233,0.500000000,0.100000001
2026-07-05 14:58:34.013,1783234714.013702154,168.980823613,1,1,168.968458212,1,0.002355722,5,1,0.000431112,5,1,0,1,0,0,1,1,1,1,1,1,1.461392372,0.090000000,2.400000000,0.000000000,1,113.345672005,12,1,12,1:-1.251:2.428|2:-0.428:2.425|3:0.392:2.424|4:1.223:2.419|5:1.228:1.589|6:0.405:1.588|7:-0.440:1.588|8:-1.261:1.589|9:-1.185:4.911|10:-0.390:4.902|11:0.375:4.903|12:1.182:4.901,1,11.572675884,pickup,3,0,0.000000000,0.000000000,1,11.572659993,1,received,1,4.136817399,grabbed,1,3.003100601,1,ack,1,0.006622696,0.379452520,-0.007326126,0.075701714,1,3.070589304,175.931807736,-0.002442360,-2.988033295,1,-2.433758020,-139.444062925,-0.002442360,1.770940781,1,0.139047623,7.966841931,0.021978378,0.744811058,1,-0.007094383,-0.406478218,-0.036628723,-0.018314838,-0.000050407,-0.002888084,0.002899471,0.049072273,13.000000000,2.200000048,3.054184914,174.991905404,0.008123482,-2.867727041,25.000000000,8.000000000,-2.443356514,-139.994016097,-0.006004752,2.110864162,20.000000000,6.500000000,0.174475059,9.996684506,0.003328820,0.325381339,12.000000000,3.200000048,0.000018959,0.001086290,-0.001090572,-0.004386800,0.500000000,0.100000001
2026-07-05 14:58:35.012,1783234715.012861729,169.979983106,1,1,169.967617705,1,0.002278537,5,1,0.000186310,5,1,0,1,0,0,1,1,1,1,1,1,2.460551865,0.090000000,2.400000000,0.000000000,1,114.344831498,12,1,12,1:-1.251:2.428|2:-0.428:2.425|3:0.392:2.424|4:1.223:2.419|5:1.228:1.589|6:0.405:1.588|7:-0.440:1.588|8:-1.261:1.589|9:-1.185:4.911|10:-0.390:4.902|11:0.375:4.903|12:1.182:4.901,1,12.571835377,pickup,3,0,0.000000000,0.000000000,1,12.571819486,1,received,1,0.889090288,completed,1,4.002260094,1,ack,1,0.005478287,0.313882704,0.007326126,-0.100122452,1,3.070589304,175.931807736,-0.007326126,-3.671794891,1,-2.433758020,-139.444062925,-0.002442360,1.935043335,1,0.139047623,7.966841931,-0.007326126,0.720390320,1,-0.006711006,-0.384512330,0.012210846,0.001221180,0.000000000,0.000000000,0.000000000,0.000000000,12.000000000,3.000000000,3.054326296,175.000006008,0.000000000,-3.234629154,25.000000000,8.500000000,-2.443460941,-139.999999342,0.000000000,2.209447145,25.000000000,8.000000000,0.174532920,9.999999709,0.000000000,0.305777937,12.500000000,3.200000048,0.000000000,0.000000000,0.000000000,-0.000024143,0.800000012,0.200000003
2026-07-05 14:58:36.012,1783234716.012123585,170.979245184,1,1,170.966879783,1,0.002109105,5,1,0.000264719,5,1,0,1,0,0,1,1,1,1,1,1,3.459813943,0.090000000,2.400000000,0.000000000,1,115.344093576,12,1,12,1:-1.251:2.428|2:-0.428:2.425|3:0.392:2.424|4:1.223:2.419|5:1.228:1.589|6:0.405:1.588|7:-0.440:1.588|8:-1.261:1.589|9:-1.185:4.911|10:-0.390:4.902|11:0.375:4.903|12:1.182:4.901,1,13.571097455,pickup,3,0,0.000000000,0.000000000,1,13.571081564,1,received,1,1.888352366,completed,1,5.001522172,1,ack,1,0.005478287,0.313882704,-0.007326126,-0.095237732,1,3.070589304,175.931807736,-0.002442360,-3.671794891,1,-2.433758020,-139.444062925,-0.002442360,1.935043335,1,0.139047623,7.966841931,-0.007326126,0.715506554,1,-0.006711006,-0.384512330,-0.036628723,-0.001221180,0.000000000,0.000000000,0.000000000,0.000000000,12.000000000,3.000000000,3.054326296,175.000006008,0.000000000,-3.234629154,25.000000000,8.500000000,-2.443460941,-139.999999342,0.000000000,2.209447145,25.000000000,8.000000000,0.174532920,9.999999709,0.000000000,0.305777937,12.500000000,3.200000048,0.000000000,0.000000000,0.000000000,-0.000024143,0.800000012,0.200000003
2026-07-05 14:58:37.011,1783234717.011402130,171.978523554,1,1,171.966158153,1,0.002384004,5,1,0.000272381,5,1,0,1,0,0,1,1,1,1,1,1,4.459092313,0.090000000,2.400000000,0.000000000,1,116.343371946,12,1,12,1:-1.251:2.428|2:-0.428:2.425|3:0.392:2.424|4:1.223:2.419|5:1.228:1.589|6:0.405:1.588|7:-0.440:1.588|8:-1.261:1.589|9:-1.185:4.911|10:-0.390:4.902|11:0.375:4.903|12:1.182:4.901,1,14.570375825,pickup,3,0,0.000000000,0.000000000,1,14.570359934,1,received,1,2.887630736,completed,1,0.886966627,0,timed out,1,0.005478287,0.313882704,0.007326126,-0.100122452,1,3.070589304,175.931807736,-0.002442360,-3.671794891,1,-2.433758020,-139.444062925,-0.007326126,1.935043335,1,0.139429092,7.988698536,-0.021978378,0.720390320,1,-0.006711006,-0.384512330,-0.012210846,0.001221180,0.000000000,0.000000000,0.000000000,0.000000000,12.000000000,3.000000000,3.054326296,175.000006008,0.000000000,-3.234629154,25.000000000,8.500000000,-2.443460941,-139.999999342,0.000000000,2.209447145,25.000000000,8.000000000,0.174532920,9.999999709,0.000000000,0.305777937,12.500000000,3.200000048,0.000000000,0.000000000,0.000000000,-0.000024143,0.800000012,0.200000003
2026-07-05 14:58:38.010,1783234718.010744095,172.977865365,1,1,172.965499964,1,0.002079028,5,1,0.000341440,5,1,0,1,0,0,1,1,1,1,1,1,5.458434124,0.090000000,2.400000000,0.000000000,1,117.342713757,12,1,12,1:-1.251:2.428|2:-0.428:2.425|3:0.392:2.424|4:1.223:2.419|5:1.228:1.589|6:0.405:1.588|7:-0.440:1.588|8:-1.261:1.589|9:-1.185:4.911|10:-0.390:4.902|11:0.375:4.903|12:1.182:4.901,1,15.569717636,pickup,3,0,0.000000000,0.000000000,1,15.569701745,1,received,1,3.886972547,completed,1,1.886308438,0,timed out,1,0.005478287,0.313882704,-0.007326126,-0.100122452,1,3.070589304,175.931807736,-0.002442360,-3.671794891,1,-2.433758020,-139.444062925,-0.002442360,1.948717117,1,0.139429092,7.988698536,-0.007326126,0.720390320,1,-0.006711006,-0.384512330,-0.012210846,0.001221180,0.000000000,0.000000000,0.000000000,0.000000000,12.000000000,3.000000000,3.054326296,175.000006008,0.000000000,-3.234629154,25.000000000,8.500000000,-2.443460941,-139.999999342,0.000000000,2.209447145,25.000000000,8.000000000,0.174532920,9.999999709,0.000000000,0.305777937,12.500000000,3.200000048,0.000000000,0.000000000,0.000000000,-0.000024143,0.800000012,0.200000003
2026-07-05 14:58:39.010,1783234719.010159016,173.977280443,1,1,173.964915042,1,0.002101200,5,1,0.000353938,5,1,0,1,0,0,1,1,1,1,1,1,6.457849202,0.090000000,2.400000000,0.000000000,1,118.342128835,12,1,12,1:-1.251:2.428|2:-0.428:2.425|3:0.392:2.424|4:1.223:2.419|5:1.228:1.589|6:0.405:1.588|7:-0.440:1.588|8:-1.261:1.589|9:-1.185:4.911|10:-0.390:4.902|11:0.375:4.903|12:1.182:4.901,1,16.569132714,pickup,3,0,0.000000000,0.000000000,1,16.569116823,1,received,1,4.886387625,completed,1,2.885723516,0,timed out,1,0.005478287,0.313882704,-0.021978378,-0.105006218,1,3.070589304,175.931807736,-0.002442360,-3.685470581,1,-2.433758020,-139.444062925,-0.002442360,1.935043335,1,0.139429092,7.988698536,-0.007326126,0.715506554,1,-0.006711006,-0.384512330,-0.012210846,-0.001221180,0.000000000,0.000000000,0.000000000,0.000000000,12.000000000,3.000000000,3.054326296,175.000006008,0.000000000,-3.234629154,25.000000000,8.500000000,-2.443460941,-139.999999342,0.000000000,2.209447145,25.000000000,8.000000000,0.174532920,9.999999709,0.000000000,0.305777937,12.500000000,3.200000048,0.000000000,0.000000000,0.000000000,-0.000024143,0.800000012,0.200000003
2026-07-05 14:58:40.009,1783234720.009487152,174.976608509,1,1,174.964243108,1,0.002014669,5,1,0.000392427,5,1,0,1,0,0,1,1,1,1,1,1,7.457177268,0.090000000,2.400000000,0.000000000,1,119.341456901,12,1,12,1:-1.251:2.428|2:-0.428:2.425|3:0.392:2.424|4:1.223:2.419|5:1.228:1.589|6:0.405:1.588|7:-0.440:1.588|8:-1.261:1.589|9:-1.185:4.911|10:-0.390:4.902|11:0.375:4.903|12:1.182:4.901,1,17.568460780,pickup,3,0,0.000000000,0.000000000,1,17.568444889,1,received,1,5.885715691,completed,1,3.885051582,0,timed out,1,0.005478287,0.313882704,-0.021978378,-0.100122452,1,3.070589304,175.931807736,-0.002442360,-3.685470581,1,-2.433758020,-139.444062925,-0.002442360,1.935043335,1,0.139429092,7.988698536,-0.007326126,0.715506554,1,-0.006711006,-0.384512330,0.012210846,-0.001221180,0.000000000,0.000000000,0.000000000,0.000000000,12.000000000,3.000000000,3.054326296,175.000006008,0.000000000,-3.234629154,25.000000000,8.500000000,-2.443460941,-139.999999342,0.000000000,2.209447145,25.000000000,8.000000000,0.174532920,9.999999709,0.000000000,0.305777937,12.500000000,3.200000048,0.000000000,0.000000000,0.000000000,-0.000024143,0.800000012,0.200000003
2026-07-05 14:58:41.008,1783234721.008827448,175.975948828,1,1,175.963583427,1,0.002037942,5,1,0.000230450,5,1,0,1,0,0,1,1,1,1,1,1,8.456517587,0.090000000,2.400000000,0.000000000,1,120.340797220,12,1,12,1:-1.251:2.428|2:-0.428:2.425|3:0.392:2.424|4:1.223:2.419|5:1.228:1.589|6:0.405:1.588|7:-0.440:1.588|8:-1.261:1.589|9:-1.185:4.911|10:-0.390:4.902|11:0.375:4.903|12:1.182:4.901,1,18.567801099,pickup,3,0,0.000000000,0.000000000,1,18.567785208,1,received,1,6.885056010,completed,1,4.884391901,0,timed out,1,0.005478287,0.313882704,0.007326126,-0.095237732,1,3.070589304,175.931807736,-0.002442360,-3.685470581,1,-2.433758020,-139.444062925,-0.007326126,1.935043335,1,0.139429092,7.988698536,-0.007326126,0.710622787,1,-0.006711006,-0.384512330,0.012210846,-0.001221180,0.000000000,0.000000000,0.000000000,0.000000000,12.000000000,3.000000000,3.054326296,175.000006008,0.000000000,-3.234629154,25.000000000,8.500000000,-2.443460941,-139.999999342,0.000000000,2.209447145,25.000000000,8.000000000,0.174532920,9.999999709,0.000000000,0.305777937,12.500000000,3.200000048,0.000000000,0.000000000,0.000000000,-0.000024143,0.800000012,0.200000003
2026-07-05 14:58:42.008,1783234722.008257627,176.975379059,1,1,176.963013658,1,0.002165713,5,1,0.000209663,5,1,0,1,0,0,1,1,1,1,1,1,9.455947818,0.090000000,2.400000000,0.000000000,1,121.340227451,12,1,12,1:-1.251:2.428|2:-0.428:2.425|3:0.392:2.424|4:1.223:2.419|5:1.228:1.589|6:0.405:1.588|7:-0.440:1.588|8:-1.261:1.589|9:-1.185:4.911|10:-0.390:4.902|11:0.375:4.903|12:1.182:4.901,1,19.567231330,pickup,3,0,0.000000000,0.000000000,1,19.567215439,1,received,1,7.884486241,completed,1,5.883822132,0,timed out,1,0.005478287,0.313882704,-0.007326126,-0.100122452,1,3.070589304,175.931807736,-0.007326126,-3.685470581,1,-2.433758020,-139.444062925,-0.002442360,1.948717117,1,0.139429092,7.988698536,0.007326126,0.715506554,1,-0.006711006,-0.384512330,-0.012210846,0.001221180,0.000000000,0.000000000,0.000000000,0.000000000,12.000000000,3.000000000,3.054326296,175.000006008,0.000000000,-3.234629154,25.000000000,8.500000000,-2.443460941,-139.999999342,0.000000000,2.209447145,25.000000000,8.000000000,0.174532920,9.999999709,0.000000000,0.305777937,12.500000000,3.200000048,0.000000000,0.000000000,0.000000000,-0.000024143,0.800000012,0.200000003
2026-07-05 14:58:43.007,1783234723.007683516,177.974805022,1,1,177.962439621,1,0.002271998,5,1,0.000267180,5,1,0,1,0,0,1,1,1,1,1,1,10.455373781,0.090000000,2.400000000,0.000000000,1,122.339653414,12,1,12,1:-1.251:2.428|2:-0.428:2.425|3:0.392:2.424|4:1.223:2.419|5:1.228:1.589|6:0.405:1.588|7:-0.440:1.588|8:-1.261:1.589|9:-1.185:4.911|10:-0.390:4.902|11:0.375:4.903|12:1.182:4.901,1,20.566657293,pickup,3,0,0.000000000,0.000000000,1,20.566641402,1,received,1,8.883912204,completed,1,6.883248095,0,timed out,1,0.005478287,0.313882704,-0.007326126,-0.095237732,1,3.070589304,175.931807736,-0.002442360,-3.671794891,1,-2.433758020,-139.444062925,0.002442360,1.935043335,1,0.139429092,7.988698536,-0.007326126,0.715506554,1,-0.006711006,-0.384512330,0.012210846,0.001221180,0.000000000,0.000000000,0.000000000,0.000000000,12.000000000,3.000000000,3.054326296,175.000006008,0.000000000,-3.234629154,25.000000000,8.500000000,-2.443460941,-139.999999342,0.000000000,2.209447145,25.000000000,8.000000000,0.174532920,9.999999709,0.000000000,0.305777937,12.500000000,3.200000048,0.000000000,0.000000000,0.000000000,-0.000024143,0.800000012,0.200000003
2026-07-05 14:58:44.007,1783234724.007155895,178.974277435,1,1,178.961912034,1,0.002285323,5,1,0.000318157,5,1,0,1,0,0,1,1,1,1,1,1,11.454846194,0.090000000,2.400000000,0.000000000,1,123.339125827,12,1,12,1:-1.251:2.428|2:-0.428:2.425|3:0.392:2.424|4:1.223:2.419|5:1.228:1.589|6:0.405:1.588|7:-0.440:1.588|8:-1.261:1.589|9:-1.185:4.911|10:-0.390:4.902|11:0.375:4.903|12:1.182:4.901,1,21.566129706,pickup,3,0,0.000000000,0.000000000,1,21.566113815,1,received,1,9.883384617,completed,1,7.882720508,0,timed out,1,0.005478287,0.313882704,-0.007326126,-0.095237732,1,3.070589304,175.931807736,-0.002442360,-3.671794891,1,-2.433758020,-139.444062925,-0.002442360,1.948717117,1,0.139429092,7.988698536,-0.007326126,0.715506554,1,-0.006711006,-0.384512330,-0.012210846,0.001221180,0.000000000,0.000000000,0.000000000,0.000000000,12.000000000,3.000000000,3.054326296,175.000006008,0.000000000,-3.234629154,25.000000000,8.500000000,-2.443460941,-139.999999342,0.000000000,2.209447145,25.000000000,8.000000000,0.174532920,9.999999709,0.000000000,0.305777937,12.500000000,3.200000048,0.000000000,0.000000000,0.000000000,-0.000024143,0.800000012,0.200000003
2026-07-05 14:58:45.006,1783234725.006635666,179.973757115,1,1,179.961391714,1,0.002262869,5,1,0.000204201,5,1,0,1,0,0,1,1,1,1,1,1,12.454325874,0.090000000,2.400000000,0.000000000,1,124.338605507,12,1,12,1:-1.251:2.428|2:-0.428:2.425|3:0.392:2.424|4:1.223:2.419|5:1.228:1.589|6:0.405:1.588|7:-0.440:1.588|8:-1.261:1.589|9:-1.185:4.911|10:-0.390:4.902|11:0.375:4.903|12:1.182:4.901,1,22.565609386,pickup,3,0,0.000000000,0.000000000,1,22.565593495,1,received,1,10.882864297,completed,1,8.882200188,0,timed out,1,0.005478287,0.313882704,-0.007326126,-0.095237732,1,3.070589304,175.931807736,0.002442360,-3.685470581,1,-2.433758020,-139.444062925,-0.007326126,1.935043335,1,0.139429092,7.988698536,-0.007326126,0.700854301,1,-0.006711006,-0.384512330,-0.012210846,-0.001221180,0.000000000,0.000000000,0.000000000,0.000000000,12.000000000,3.000000000,3.054326296,175.000006008,0.000000000,-3.234629154,25.000000000,8.500000000,-2.443460941,-139.999999342,0.000000000,2.209447145,25.000000000,8.000000000,0.174532920,9.999999709,0.000000000,0.305777937,12.500000000,3.200000048,0.000000000,0.000000000,0.000000000,-0.000024143,0.800000012,0.200000003
2026-07-05 14:58:46.006,1783234726.006214619,180.973336150,1,1,180.960970749,1,0.002211647,5,1,0.000505570,5,1,0,1,0,0,1,1,1,1,1,1,0.255786559,0.090000000,2.400000000,0.000000000,1,125.338184542,12,1,12,1:-1.251:2.428|2:-0.428:2.425|3:0.392:2.424|4:1.223:2.419|5:1.228:1.589|6:0.405:1.588|7:-0.440:1.588|8:-1.261:1.589|9:-1.185:4.911|10:-0.390:4.902|11:0.375:4.903|12:1.182:4.901,1,23.565188421,pickup,3,0,0.000000000,0.000000000,1,23.565172530,1,received,1,11.882443332,completed,1,9.881779223,0,timed out,1,0.005478287,0.313882704,-0.007326126,-0.095237732,1,3.070589304,175.931807736,-0.002442360,-3.685470581,1,-2.433758020,-139.444062925,-0.002442360,1.935043335,1,0.139429092,7.988698536,-0.021978378,0.705739021,1,-0.006711006,-0.384512330,-0.036628723,0.001221180,0.000000000,0.000000000,0.000000000,0.000000000,12.000000000,3.000000000,3.054326296,175.000006008,0.000000000,-3.234629154,25.000000000,8.500000000,-2.443460941,-139.999999342,0.000000000,2.209447145,25.000000000,8.000000000,0.174532920,9.999999709,0.000000000,0.305777937,12.500000000,3.200000048,0.000000000,0.000000000,0.000000000,-0.000024143,0.800000012,0.200000003
2026-07-05 14:58:47.005,1783234727.005584717,181.972706056,1,1,181.960340655,1,0.002106150,5,1,0.000472032,5,1,0,1,0,0,1,1,1,1,1,1,1.255156465,0.090000000,2.400000000,0.000000000,1,126.337554448,12,1,12,1:-1.251:2.428|2:-0.428:2.425|3:0.392:2.424|4:1.223:2.419|5:1.228:1.589|6:0.405:1.588|7:-0.440:1.588|8:-1.261:1.589|9:-1.185:4.911|10:-0.390:4.902|11:0.375:4.903|12:1.182:4.901,1,24.564558327,pickup,3,0,0.000000000,0.000000000,1,24.564542436,1,received,1,12.881813238,completed,1,10.881149129,0,timed out,1,0.005478287,0.313882704,-0.007326126,-0.100122452,1,3.070589304,175.931807736,-0.002442360,-3.671794891,1,-2.433758020,-139.444062925,-0.002442360,1.935043335,1,0.139429092,7.988698536,-0.007326126,0.715506554,1,-0.006711006,-0.384512330,0.012210846,-0.001221180,0.000000000,0.000000000,0.000000000,0.000000000,12.000000000,3.000000000,3.054326296,175.000006008,0.000000000,-3.234629154,25.000000000,8.500000000,-2.443460941,-139.999999342,0.000000000,2.209447145,25.000000000,8.000000000,0.174532920,9.999999709,0.000000000,0.305777937,12.500000000,3.200000048,0.000000000,0.000000000,0.000000000,-0.000024143,0.800000012,0.200000003
2026-07-05 14:58:48.005,1783234728.005070925,182.972192199,1,1,182.959826798,1,0.002117705,5,1,0.000340729,5,1,0,1,0,0,1,1,1,1,1,1,2.254642608,0.090000000,2.400000000,0.000000000,1,127.337040591,12,1,12,1:-1.251:2.428|2:-0.428:2.425|3:0.392:2.424|4:1.223:2.419|5:1.228:1.589|6:0.405:1.588|7:-0.440:1.588|8:-1.261:1.589|9:-1.185:4.911|10:-0.390:4.902|11:0.375:4.903|12:1.182:4.901,1,25.564044470,pickup,3,0,0.000000000,0.000000000,1,25.564028579,1,received,1,13.881299381,completed,1,11.880635272,0,timed out,1,0.005478287,0.313882704,-0.007326126,-0.095237732,1,3.070589304,175.931807736,-0.002442360,-3.685470581,1,-2.433758020,-139.444062925,-0.002442360,1.935043335,1,0.139429092,7.988698536,-0.007326126,0.715506554,1,-0.006711006,-0.384512330,0.036628723,-0.001221180,0.000000000,0.000000000,0.000000000,0.000000000,12.000000000,3.000000000,3.054326296,175.000006008,0.000000000,-3.234629154,25.000000000,8.500000000,-2.443460941,-139.999999342,0.000000000,2.209447145,25.000000000,8.000000000,0.174532920,9.999999709,0.000000000,0.305777937,12.500000000,3.200000048,0.000000000,0.000000000,0.000000000,-0.000024143,0.800000012,0.200000003
2026-07-05 14:58:49.004,1783234729.004623652,183.971745118,1,1,183.959379717,1,0.001926428,5,1,0.000283189,5,1,0,1,0,0,1,1,1,1,1,1,3.254195527,0.090000000,2.400000000,0.000000000,1,128.336593510,12,1,12,1:-1.251:2.428|2:-0.428:2.425|3:0.392:2.424|4:1.223:2.419|5:1.228:1.589|6:0.405:1.588|7:-0.440:1.588|8:-1.261:1.589|9:-1.185:4.911|10:-0.390:4.902|11:0.375:4.903|12:1.182:4.901,1,26.563597389,pickup,3,0,0.000000000,0.000000000,1,26.563581498,1,received,1,14.880852300,completed,1,12.880188191,0,timed out,1,0.005478287,0.313882704,-0.007326126,-0.090353966,1,3.070589304,175.931807736,-0.002442360,-3.685470581,1,-2.433758020,-139.444062925,-0.002442360,1.935043335,1,0.139429092,7.988698536,-0.007326126,0.715506554,1,-0.006711006,-0.384512330,-0.012210846,0.001221180,0.000000000,0.000000000,0.000000000,0.000000000,12.000000000,3.000000000,3.054326296,175.000006008,0.000000000,-3.234629154,25.000000000,8.500000000,-2.443460941,-139.999999342,0.000000000,2.209447145,25.000000000,8.000000000,0.174532920,9.999999709,0.000000000,0.305777937,12.500000000,3.200000048,0.000000000,0.000000000,0.000000000,-0.000024143,0.800000012,0.200000003
2026-07-05 14:58:50.004,1783234730.004248142,184.971369580,1,1,184.959004179,1,0.001947396,5,1,0.000458137,5,1,0,1,0,0,1,1,1,1,1,1,4.253819989,0.090000000,2.400000000,0.000000000,1,129.336217972,12,1,12,1:-1.251:2.428|2:-0.428:2.425|3:0.392:2.424|4:1.223:2.419|5:1.228:1.589|6:0.405:1.588|7:-0.440:1.588|8:-1.261:1.589|9:-1.185:4.911|10:-0.390:4.902|11:0.375:4.903|12:1.182:4.901,1,27.563221851,pickup,3,0,0.000000000,0.000000000,1,27.563205960,1,received,1,15.880476762,completed,1,13.879812653,0,timed out,1,0.005478287,0.313882704,-0.007326126,-0.090353966,1,3.070589304,175.931807736,-0.002442360,-3.685470581,1,-2.433758020,-139.444062925,-0.002442360,1.935043335,1,0.139429092,7.988698536,-0.007326126,0.710622787,1,-0.006711006,-0.384512330,-0.036628723,0.001221180,0.000000000,0.000000000,0.000000000,0.000000000,12.000000000,3.000000000,3.054326296,175.000006008,0.000000000,-3.234629154,25.000000000,8.500000000,-2.443460941,-139.999999342,0.000000000,2.209447145,25.000000000,8.000000000,0.174532920,9.999999709,0.000000000,0.305777937,12.500000000,3.200000048,0.000000000,0.000000000,0.000000000,-0.000024143,0.800000012,0.200000003
2026-07-05 14:58:51.003,1783234731.003690243,185.970811542,1,1,185.958446141,1,0.002188719,5,1,0.000225483,5,1,0,1,0,0,1,1,1,1,1,1,0.849976425,0.090000000,2.400000000,0.000000000,1,130.335659934,12,1,12,1:-1.251:2.428|2:-0.428:2.425|3:0.392:2.424|4:1.223:2.419|5:1.228:1.589|6:0.405:1.588|7:-0.440:1.588|8:-1.261:1.589|9:-1.185:4.911|10:-0.390:4.902|11:0.375:4.903|12:1.182:4.901,1,28.562663813,pickup,3,0,0.000000000,0.000000000,1,28.562647922,1,received,1,16.879918724,completed,1,14.879254615,0,timed out,1,0.005478287,0.313882704,0.007326126,-0.095237732,1,3.070589304,175.931807736,-0.002442360,-3.671794891,1,-2.433758020,-139.444062925,-0.002442360,1.935043335,1,0.139429092,7.988698536,-0.007326126,0.715506554,1,-0.006711006,-0.384512330,0.012210846,-0.001221180,0.000000000,0.000000000,0.000000000,0.000000000,12.000000000,3.000000000,3.054326296,175.000006008,0.000000000,-3.234629154,25.000000000,8.500000000,-2.443460941,-139.999999342,0.000000000,2.209447145,25.000000000,8.000000000,0.174532920,9.999999709,0.000000000,0.305777937,12.500000000,3.200000048,0.000000000,0.000000000,0.000000000,-0.000024143,0.800000012,0.200000003
2026-07-05 14:58:52.003,1783234732.003287554,186.970408957,1,1,186.958043556,1,0.002195441,5,1,0.000204408,5,1,0,1,0,0,1,1,1,1,1,1,0.372195897,0.090000000,2.400000000,0.000000000,1,131.335257349,12,1,12,1:-1.251:2.428|2:-0.428:2.425|3:0.392:2.424|4:1.223:2.419|5:1.228:1.589|6:0.405:1.588|7:-0.440:1.588|8:-1.261:1.589|9:-1.185:4.911|10:-0.390:4.902|11:0.375:4.903|12:1.182:4.901,1,29.562261228,pickup,3,0,0.000000000,0.000000000,1,29.562245337,1,received,1,17.879516139,completed,1,15.878852030,0,timed out,1,0.005478287,0.313882704,-0.007326126,-0.100122452,1,3.070589304,175.931807736,0.002442360,-3.685470581,1,-2.433758020,-139.444062925,-0.002442360,1.948717117,1,0.139429092,7.988698536,-0.007326126,0.710622787,1,-0.006711006,-0.384512330,-0.036628723,-0.001221180,0.000000000,0.000000000,0.000000000,0.000000000,12.000000000,3.000000000,3.054326296,175.000006008,0.000000000,-3.234629154,25.000000000,8.500000000,-2.443460941,-139.999999342,0.000000000,2.209447145,25.000000000,8.000000000,0.174532920,9.999999709,0.000000000,0.305777937,12.500000000,3.200000048,0.000000000,0.000000000,0.000000000,-0.000024143,0.800000012,0.200000003
2026-07-05 14:58:53.002,1783234733.002932549,187.970053858,1,1,187.957688457,1,0.002252105,5,1,0.000360215,5,1,0,1,0,0,1,1,1,1,1,1,0.646425727,0.090000000,2.400000000,0.000000000,1,132.334902250,12,1,12,1:-1.251:2.428|2:-0.428:2.425|3:0.392:2.424|4:1.223:2.419|5:1.228:1.589|6:0.405:1.588|7:-0.440:1.588|8:-1.261:1.589|9:-1.185:4.911|10:-0.390:4.902|11:0.375:4.903|12:1.182:4.901,1,30.561906129,pickup,3,0,0.000000000,0.000000000,1,30.561890238,1,received,1,18.879161040,completed,1,16.878496931,0,timed out,1,0.005478287,0.313882704,0.007326126,-0.095237732,1,3.070589304,175.931807736,-0.002442360,-3.671794891,1,-2.433758020,-139.444062925,-0.002442360,1.935043335,1,0.139429092,7.988698536,-0.021978378,0.710622787,1,-0.006711006,-0.384512330,-0.012210846,-0.001221180,0.000000000,0.000000000,0.000000000,0.000000000,12.000000000,3.000000000,3.054326296,175.000006008,0.000000000,-3.234629154,25.000000000,8.500000000,-2.443460941,-139.999999342,0.000000000,2.209447145,25.000000000,8.000000000,0.174532920,9.999999709,0.000000000,0.305777937,12.500000000,3.200000048,0.000000000,0.000000000,0.000000000,-0.000024143,0.800000012,0.200000003
2026-07-05 14:58:54.002,1783234734.002464533,188.969585883,1,1,188.957220482,1,0.002322523,5,1,0.000258609,5,1,0,1,0,0,1,1,1,1,1,1,0.011281082,0.090000000,2.400000000,0.000000000,1,133.334434275,12,1,12,1:-1.251:2.428|2:-0.428:2.425|3:0.392:2.424|4:1.223:2.419|5:1.228:1.589|6:0.405:1.588|7:-0.440:1.588|8:-1.261:1.589|9:-1.185:4.911|10:-0.390:4.902|11:0.375:4.903|12:1.182:4.901,1,31.561438154,pickup,3,0,0.000000000,0.000000000,1,31.561422263,1,received,1,19.878693065,completed,1,17.878028956,0,timed out,1,0.005478287,0.313882704,0.007326126,-0.090353966,1,3.070589304,175.931807736,0.002442360,-3.671794891,1,-2.433758020,-139.444062925,-0.002442360,1.935043335,1,0.139429092,7.988698536,-0.007326126,0.715506554,1,-0.006711006,-0.384512330,0.012210846,-0.001221180,0.000000000,0.000000000,0.000000000,0.000000000,12.000000000,3.000000000,3.054326296,175.000006008,0.000000000,-3.234629154,25.000000000,8.500000000,-2.443460941,-139.999999342,0.000000000,2.209447145,25.000000000,8.000000000,0.174532920,9.999999709,0.000000000,0.305777937,12.500000000,3.200000048,0.000000000,0.000000000,0.000000000,-0.000024143,0.800000012,0.200000003
2026-07-05 14:58:55.002,1783234735.002072811,189.969194309,1,1,189.956828908,1,0.002119029,5,1,0.000318060,5,1,0,1,0,0,1,1,1,1,1,1,0.608850927,0.090000000,2.400000000,0.000000000,1,134.334042701,12,1,12,1:-1.251:2.428|2:-0.428:2.425|3:0.392:2.424|4:1.223:2.419|5:1.228:1.589|6:0.405:1.588|7:-0.440:1.588|8:-1.261:1.589|9:-1.185:4.911|10:-0.390:4.902|11:0.375:4.903|12:1.182:4.901,1,32.561046580,pickup,3,0,0.000000000,0.000000000,1,32.561030689,1,received,1,20.878301491,completed,1,18.877637382,0,timed out,1,0.005478287,0.313882704,0.007326126,-0.090353966,1,3.070589304,175.931807736,-0.002442360,-3.685470581,1,-2.433758020,-139.444062925,-0.002442360,1.935043335,1,0.139429092,7.988698536,0.007326126,0.715506554,1,-0.006711006,-0.384512330,-0.012210846,-0.001221180,0.000000000,0.000000000,0.000000000,0.000000000,12.000000000,3.000000000,3.054326296,175.000006008,0.000000000,-3.234629154,25.000000000,8.500000000,-2.443460941,-139.999999342,0.000000000,2.209447145,25.000000000,8.000000000,0.174532920,9.999999709,0.000000000,0.305777937,12.500000000,3.200000048,0.000000000,0.000000000,0.000000000,-0.000024143,0.800000012,0.200000003
2026-07-05 14:58:56.001,1783234736.001605272,190.968726713,1,1,190.956361312,1,0.001989901,5,1,0.000270282,5,1,0,1,0,0,1,1,1,1,1,1,1.608383331,0.090000000,2.400000000,0.000000000,1,135.333575105,12,1,12,1:-1.251:2.428|2:-0.428:2.425|3:0.392:2.424|4:1.223:2.419|5:1.228:1.589|6:0.405:1.588|7:-0.440:1.588|8:-1.261:1.589|9:-1.185:4.911|10:-0.390:4.902|11:0.375:4.903|12:1.182:4.901,1,33.560578984,pickup,3,0,0.000000000,0.000000000,1,33.560563093,1,received,1,21.877833895,completed,1,19.877169786,0,timed out,1,0.005478287,0.313882704,0.007326126,-0.095237732,1,3.070589304,175.931807736,-0.002442360,-3.685470581,1,-2.433758020,-139.444062925,-0.002442360,1.935043335,1,0.139429092,7.988698536,0.007326126,0.715506554,1,-0.006711006,-0.384512330,-0.012210846,-0.001221180,0.000000000,0.000000000,0.000000000,0.000000000,12.000000000,3.000000000,3.054326296,175.000006008,0.000000000,-3.234629154,25.000000000,8.500000000,-2.443460941,-139.999999342,0.000000000,2.209447145,25.000000000,8.000000000,0.174532920,9.999999709,0.000000000,0.305777937,12.500000000,3.200000048,0.000000000,0.000000000,0.000000000,-0.000024143,0.800000012,0.200000003
2026-07-05 14:58:57.001,1783234737.001224279,191.968345743,1,1,191.955980342,1,0.002257628,5,1,0.000210235,5,1,0,1,0,0,1,1,1,1,1,1,2.608002361,0.090000000,2.400000000,0.000000000,1,136.333194135,12,1,12,1:-1.251:2.428|2:-0.428:2.425|3:0.392:2.424|4:1.223:2.419|5:1.228:1.589|6:0.405:1.588|7:-0.440:1.588|8:-1.261:1.589|9:-1.185:4.911|10:-0.390:4.902|11:0.375:4.903|12:1.182:4.901,1,34.560198014,pickup,3,0,0.000000000,0.000000000,1,34.560182123,1,received,1,22.877452925,completed,1,20.876788816,0,timed out,1,0.005478287,0.313882704,-0.021978378,-0.095237732,1,3.070589304,175.931807736,-0.002442360,-3.685470581,1,-2.433758020,-139.444062925,0.002442360,1.935043335,1,0.139429092,7.988698536,-0.007326126,0.720390320,1,-0.006711006,-0.384512330,-0.012210846,0.001221180,0.000000000,0.000000000,0.000000000,0.000000000,12.000000000,3.000000000,3.054326296,175.000006008,0.000000000,-3.234629154,25.000000000,8.500000000,-2.443460941,-139.999999342,0.000000000,2.209447145,25.000000000,8.000000000,0.174532920,9.999999709,0.000000000,0.305777937,12.500000000,3.200000048,0.000000000,0.000000000,0.000000000,-0.000024143,0.800000012,0.200000003
2026-07-05 14:58:58.000,1783234738.000836134,192.967957481,1,1,192.955592080,1,0.001991112,5,1,0.000186491,5,1,0,1,0,0,1,1,1,1,1,1,3.607614099,0.090000000,2.400000000,0.000000000,1,137.332805873,12,1,12,1:-1.251:2.428|2:-0.428:2.425|3:0.392:2.424|4:1.223:2.419|5:1.228:1.589|6:0.405:1.588|7:-0.440:1.588|8:-1.261:1.589|9:-1.185:4.911|10:-0.390:4.902|11:0.375:4.903|12:1.182:4.901,1,35.559809752,pickup,3,0,0.000000000,0.000000000,1,35.559793861,1,received,1,23.877064663,completed,1,21.876400554,0,timed out,1,0.005096817,0.292026099,-0.036630630,-0.100122452,1,3.070589304,175.931807736,-0.002442360,-3.671794891,1,-2.433758020,-139.444062925,-0.002442360,1.935043335,1,0.139429092,7.988698536,0.007326126,0.710622787,1,-0.006711006,-0.384512330,-0.012210846,0.001221180,0.000000000,0.000000000,0.000000000,0.000000000,12.000000000,3.000000000,3.054326296,175.000006008,0.000000000,-3.234629154,25.000000000,8.500000000,-2.443460941,-139.999999342,0.000000000,2.209447145,25.000000000,8.000000000,0.174532920,9.999999709,0.000000000,0.305777937,12.500000000,3.200000048,0.000000000,0.000000000,0.000000000,-0.000024143,0.800000012,0.200000003
2026-07-05 14:58:59.000,1783234739.000498295,193.967619681,1,1,193.955254280,1,0.002245068,5,1,0.000376948,5,1,0,1,0,0,1,1,1,1,1,1,4.607276299,0.090000000,2.400000000,0.000000000,1,138.332468073,12,1,12,1:-1.251:2.428|2:-0.428:2.425|3:0.392:2.424|4:1.223:2.419|5:1.228:1.589|6:0.405:1.588|7:-0.440:1.588|8:-1.261:1.589|9:-1.185:4.911|10:-0.390:4.902|11:0.375:4.903|12:1.182:4.901,1,36.559471952,pickup,3,0,0.000000000,0.000000000,1,36.559456061,1,received,1,24.876726863,completed,1,22.876062754,0,timed out,1,0.005478287,0.313882704,0.007326126,-0.100122452,1,3.070589304,175.931807736,0.002442360,-3.671794891,1,-2.433758020,-139.444062925,-0.002442360,1.948717117,1,0.139429092,7.988698536,-0.007326126,0.715506554,1,-0.006711006,-0.384512330,-0.012210846,0.001221180,0.000000000,0.000000000,0.000000000,0.000000000,12.000000000,3.000000000,3.054326296,175.000006008,0.000000000,-3.234629154,25.000000000,8.500000000,-2.443460941,-139.999999342,0.000000000,2.209447145,25.000000000,8.000000000,0.174532920,9.999999709,0.000000000,0.305777937,12.500000000,3.200000048,0.000000000,0.000000000,0.000000000,-0.000024143,0.800000012,0.200000003
2026-07-05 14:59:00.000,1783234740.000100374,194.967221877,1,1,194.954856476,1,0.001938914,5,1,0.000236554,5,1,0,1,0,0,1,1,1,1,1,1,5.606878495,0.090000000,2.400000000,0.000000000,1,139.332070269,12,1,12,1:-1.251:2.428|2:-0.428:2.425|3:0.392:2.424|4:1.223:2.419|5:1.228:1.589|6:0.405:1.588|7:-0.440:1.588|8:-1.261:1.589|9:-1.185:4.911|10:-0.390:4.902|11:0.375:4.903|12:1.182:4.901,1,37.559074148,pickup,3,0,0.000000000,0.000000000,1,37.559058257,1,received,1,25.876329059,completed,1,23.875664950,0,timed out,1,0.005096817,0.292026099,-0.021978378,-0.095237732,1,3.070589304,175.931807736,-0.007326126,-3.685470581,1,-2.433758020,-139.444062925,0.002442360,1.935043335,1,0.139429092,7.988698536,-0.007326126,0.720390320,1,-0.006711006,-0.384512330,0.012210846,0.001221180,0.000000000,0.000000000,0.000000000,0.000000000,12.000000000,3.000000000,3.054326296,175.000006008,0.000000000,-3.234629154,25.000000000,8.500000000,-2.443460941,-139.999999342,0.000000000,2.209447145,25.000000000,8.000000000,0.174532920,9.999999709,0.000000000,0.305777937,12.500000000,3.200000048,0.000000000,0.000000000,0.000000000,-0.000024143,0.800000012,0.200000003
2026-07-05 14:59:00.999,1783234740.999760628,195.966882172,1,1,195.954516771,1,0.001978169,5,1,0.000241473,5,1,0,1,0,0,1,1,1,1,1,1,6.606538790,0.090000000,2.400000000,0.000000000,1,140.331730564,12,1,12,1:-1.251:2.428|2:-0.428:2.425|3:0.392:2.424|4:1.223:2.419|5:1.228:1.589|6:0.405:1.588|7:-0.440:1.588|8:-1.261:1.589|9:-1.185:4.911|10:-0.390:4.902|11:0.375:4.903|12:1.182:4.901,1,38.558734443,pickup,3,0,0.000000000,0.000000000,1,38.558718552,1,received,1,26.875989354,completed,1,24.875325245,0,timed out,1,0.005096817,0.292026099,-0.007326126,-0.095237732,1,3.070589304,175.931807736,-0.002442360,-3.685470581,1,-2.433758020,-139.444062925,-0.002442360,1.935043335,1,0.139429092,7.988698536,-0.007326126,0.700854301,1,-0.006711006,-0.384512330,-0.012210846,-0.001221180,0.000000000,0.000000000,0.000000000,0.000000000,12.000000000,3.000000000,3.054326296,175.000006008,0.000000000,-3.234629154,25.000000000,8.500000000,-2.443460941,-139.999999342,0.000000000,2.209447145,25.000000000,8.000000000,0.174532920,9.999999709,0.000000000,0.305777937,12.500000000,3.200000048,0.000000000,0.000000000,0.000000000,-0.000024143,0.800000012,0.200000003
2026-07-05 14:59:01.999,1783234741.999370813,196.966492245,1,1,196.954126844,1,0.002345974,5,1,0.000189361,5,1,0,1,0,0,1,1,1,1,1,1,7.606148863,0.090000000,2.400000000,0.000000000,1,141.331340637,12,1,12,1:-1.251:2.428|2:-0.428:2.425|3:0.392:2.424|4:1.223:2.419|5:1.228:1.589|6:0.405:1.588|7:-0.440:1.588|8:-1.261:1.589|9:-1.185:4.911|10:-0.390:4.902|11:0.375:4.903|12:1.182:4.901,1,39.558344516,pickup,3,0,0.000000000,0.000000000,1,39.558328625,1,received,1,27.875599427,completed,1,25.874935318,0,timed out,1,0.005096817,0.292026099,0.007326126,-0.090353966,1,3.070589304,175.931807736,0.002442360,-3.685470581,1,-2.433758020,-139.444062925,-0.002442360,1.935043335,1,0.139429092,7.988698536,-0.021978378,0.710622787,1,-0.006711006,-0.384512330,-0.012210846,-0.001221180,0.000000000,0.000000000,0.000000000,0.000000000,12.000000000,3.000000000,3.054326296,175.000006008,0.000000000,-3.234629154,25.000000000,8.500000000,-2.443460941,-139.999999342,0.000000000,2.209447145,25.000000000,8.000000000,0.174532920,9.999999709,0.000000000,0.305777937,12.500000000,3.200000048,0.000000000,0.000000000,0.000000000,-0.000024143,0.800000012,0.200000003
2026-07-05 14:59:02.999,1783234742.999060631,197.966182255,1,1,197.953816854,1,0.002347970,5,1,0.000345681,5,1,0,1,0,0,1,1,1,1,1,1,0.667107977,0.090000000,2.400000000,0.000000000,1,142.331030647,12,1,12,1:-1.251:2.428|2:-0.428:2.425|3:0.392:2.424|4:1.223:2.419|5:1.228:1.589|6:0.405:1.588|7:-0.440:1.588|8:-1.261:1.589|9:-1.185:4.911|10:-0.390:4.902|11:0.375:4.903|12:1.182:4.901,1,40.558034526,pickup,3,0,0.000000000,0.000000000,1,40.558018635,1,received,1,28.875289437,completed,1,26.874625328,0,timed out,1,0.005096817,0.292026099,0.007326126,-0.090353966,1,3.070589304,175.931807736,-0.002442360,-3.671794891,1,-2.433758020,-139.444062925,-0.002442360,1.935043335,1,0.139429092,7.988698536,0.007326126,0.720390320,1,-0.006711006,-0.384512330,-0.012210846,0.001221180,0.000000000,0.000000000,0.000000000,0.000000000,12.000000000,3.000000000,3.054326296,175.000006008,0.000000000,-3.234629154,25.000000000,8.500000000,-2.443460941,-139.999999342,0.000000000,2.209447145,25.000000000,8.000000000,0.174532920,9.999999709,0.000000000,0.305777937,12.500000000,3.200000048,0.000000000,0.000000000,0.000000000,-0.000024143,0.800000012,0.200000003
2026-07-05 14:59:03.998,1783234743.998710632,198.965831913,1,1,198.953466512,1,0.002313728,5,1,0.000238205,5,1,0,1,0,0,1,1,1,1,1,1,0.433433816,0.090000000,2.400000000,0.000000000,1,143.330680305,12,1,12,1:-1.251:2.428|2:-0.428:2.425|3:0.392:2.424|4:1.223:2.419|5:1.228:1.589|6:0.405:1.588|7:-0.440:1.588|8:-1.261:1.589|9:-1.185:4.911|10:-0.390:4.902|11:0.375:4.903|12:1.182:4.901,1,41.557684184,pickup,3,0,0.000000000,0.000000000,1,41.557668293,1,received,1,29.874939095,completed,1,27.874274986,0,timed out,1,0.005096817,0.292026099,-0.007326126,-0.090353966,1,3.070589304,175.931807736,-0.002442360,-3.685470581,1,-2.433758020,-139.444062925,-0.002442360,1.935043335,1,0.139429092,7.988698536,0.007326126,0.705739021,1,-0.006711006,-0.384512330,0.012210846,0.001221180,0.000000000,0.000000000,0.000000000,0.000000000,12.000000000,3.000000000,3.054326296,175.000006008,0.000000000,-3.234629154,25.000000000,8.500000000,-2.443460941,-139.999999342,0.000000000,2.209447145,25.000000000,8.000000000,0.174532920,9.999999709,0.000000000,0.305777937,12.500000000,3.200000048,0.000000000,0.000000000,0.000000000,-0.000024143,0.800000012,0.200000003
2026-07-05 14:59:04.998,1783234744.998383045,199.965504608,1,1,199.953139207,1,0.002069628,5,1,0.000323425,5,1,0,1,0,0,1,1,1,1,1,1,1.433106511,0.090000000,2.400000000,0.000000000,1,144.330353000,12,1,12,1:-1.251:2.428|2:-0.428:2.425|3:0.392:2.424|4:1.223:2.419|5:1.228:1.589|6:0.405:1.588|7:-0.440:1.588|8:-1.261:1.589|9:-1.185:4.911|10:-0.390:4.902|11:0.375:4.903|12:1.182:4.901,1,42.557356879,pickup,3,0,0.000000000,0.000000000,1,42.557340988,1,received,1,30.874611790,completed,1,28.873947681,0,timed out,1,0.005096817,0.292026099,-0.021978378,-0.095237732,1,3.070589304,175.931807736,-0.002442360,-3.685470581,1,-2.433758020,-139.444062925,-0.002442360,1.935043335,1,0.139429092,7.988698536,-0.007326126,0.705739021,1,-0.006711006,-0.384512330,0.012210846,-0.001221180,0.000000000,0.000000000,0.000000000,0.000000000,12.000000000,3.000000000,3.054326296,175.000006008,0.000000000,-3.234629154,25.000000000,8.500000000,-2.443460941,-139.999999342,0.000000000,2.209447145,25.000000000,8.000000000,0.174532920,9.999999709,0.000000000,0.305777937,12.500000000,3.200000048,0.000000000,0.000000000,0.000000000,-0.000024143,0.800000012,0.200000003
2026-07-05 14:59:05.998,1783234745.998088360,200.965209992,1,1,200.952844591,1,0.002457097,5,1,0.000470205,5,1,0,1,0,0,1,1,1,1,1,1,2.432811895,0.090000000,2.400000000,0.000000000,1,145.330058384,12,1,12,1:-1.251:2.428|2:-0.428:2.425|3:0.392:2.424|4:1.223:2.419|5:1.228:1.589|6:0.405:1.588|7:-0.440:1.588|8:-1.261:1.589|9:-1.185:4.911|10:-0.390:4.902|11:0.375:4.903|12:1.182:4.901,1,43.557062263,pickup,3,0,0.000000000,0.000000000,1,43.557046372,1,received,1,31.874317174,completed,1,29.873653065,0,timed out,1,0.005096817,0.292026099,-0.007326126,-0.100122452,1,3.070589304,175.931807736,-0.002442360,-3.685470581,1,-2.433758020,-139.444062925,-0.002442360,1.948717117,1,0.139429092,7.988698536,-0.007326126,0.720390320,1,-0.006711006,-0.384512330,0.012210846,-0.001221180,0.000000000,0.000000000,0.000000000,0.000000000,12.000000000,3.000000000,3.054326296,175.000006008,0.000000000,-3.234629154,25.000000000,8.500000000,-2.443460941,-139.999999342,0.000000000,2.209447145,25.000000000,8.000000000,0.174532920,9.999999709,0.000000000,0.305777937,12.500000000,3.200000048,0.000000000,0.000000000,0.000000000,-0.000024143,0.800000012,0.200000003
2026-07-05 14:59:06.997,1783234746.997709036,201.964830438,1,1,201.952465037,1,0.002277137,5,1,0.000211905,5,1,0,1,0,0,1,1,1,1,1,1,3.432432341,0.090000000,2.400000000,0.000000000,1,146.329678830,12,1,12,1:-1.251:2.428|2:-0.428:2.425|3:0.392:2.424|4:1.223:2.419|5:1.228:1.589|6:0.405:1.588|7:-0.440:1.588|8:-1.261:1.589|9:-1.185:4.911|10:-0.390:4.902|11:0.375:4.903|12:1.182:4.901,1,44.556682709,pickup,3,0,0.000000000,0.000000000,1,44.556666818,1,received,1,32.873937620,completed,1,30.873273511,0,timed out,1,0.005096817,0.292026099,0.007326126,-0.095237732,1,3.070589304,175.931807736,-0.002442360,-3.671794891,1,-2.433758020,-139.444062925,-0.002442360,1.935043335,1,0.139429092,7.988698536,-0.021978378,0.710622787,1,-0.006711006,-0.384512330,0.012210846,-0.001221180,0.000000000,0.000000000,0.000000000,0.000000000,12.000000000,3.000000000,3.054326296,175.000006008,0.000000000,-3.234629154,25.000000000,8.500000000,-2.443460941,-139.999999342,0.000000000,2.209447145,25.000000000,8.000000000,0.174532920,9.999999709,0.000000000,0.305777937,12.500000000,3.200000048,0.000000000,0.000000000,0.000000000,-0.000024143,0.800000012,0.200000003
2026-07-05 14:59:07.997,1783234747.997441769,202.964563301,1,1,202.952197900,1,0.002354027,5,1,0.000494378,5,1,0,1,0,0,1,1,1,1,1,1,4.432165204,0.090000000,2.400000000,0.000000000,1,147.329411693,12,1,12,1:-1.251:2.428|2:-0.428:2.425|3:0.392:2.424|4:1.223:2.419|5:1.228:1.589|6:0.405:1.588|7:-0.440:1.588|8:-1.261:1.589|9:-1.185:4.911|10:-0.390:4.902|11:0.375:4.903|12:1.182:4.901,1,45.556415572,pickup,3,0,0.000000000,0.000000000,1,45.556399681,1,received,1,33.873670483,completed,1,31.873006374,0,timed out,1,0.005096817,0.292026099,-0.021978378,-0.100122452,1,3.070589304,175.931807736,-0.002442360,-3.671794891,1,-2.433758020,-139.444062925,-0.002442360,1.935043335,1,0.139429092,7.988698536,-0.007326126,0.710622787,1,-0.006711006,-0.384512330,-0.012210846,0.001221180,0.000000000,0.000000000,0.000000000,0.000000000,12.000000000,3.000000000,3.054326296,175.000006008,0.000000000,-3.234629154,25.000000000,8.500000000,-2.443460941,-139.999999342,0.000000000,2.209447145,25.000000000,8.000000000,0.174532920,9.999999709,0.000000000,0.305777937,12.500000000,3.200000048,0.000000000,0.000000000,0.000000000,-0.000024143,0.800000012,0.200000003
2026-07-05 14:59:08.997,1783234748.997170210,203.964291702,1,1,203.951926301,1,0.002314531,5,1,0.000447002,5,1,0,1,0,0,1,1,1,1,1,1,5.431893605,0.090000000,2.400000000,0.000000000,1,148.329140094,12,1,12,1:-1.251:2.428|2:-0.428:2.425|3:0.392:2.424|4:1.223:2.419|5:1.228:1.589|6:0.405:1.588|7:-0.440:1.588|8:-1.261:1.589|9:-1.185:4.911|10:-0.390:4.902|11:0.375:4.903|12:1.182:4.901,1,46.556143973,pickup,3,0,0.000000000,0.000000000,1,46.556128082,1,received,1,34.873398884,completed,1,32.872734775,0,timed out,1,0.005096817,0.292026099,-0.007326126,-0.090353966,1,3.070589304,175.931807736,-0.002442360,-3.671794891,1,-2.433758020,-139.444062925,0.002442360,1.935043335,1,0.139429092,7.988698536,-0.007326126,0.700854301,1,-0.006711006,-0.384512330,-0.012210846,0.001221180,0.000000000,0.000000000,0.000000000,0.000000000,12.000000000,3.000000000,3.054326296,175.000006008,0.000000000,-3.234629154,25.000000000,8.500000000,-2.443460941,-139.999999342,0.000000000,2.209447145,25.000000000,8.000000000,0.174532920,9.999999709,0.000000000,0.305777937,12.500000000,3.200000048,0.000000000,0.000000000,0.000000000,-0.000024143,0.800000012,0.200000003
2026-07-05 14:59:09.996,1783234749.996697187,204.963818455,1,1,204.951453054,1,0.002015250,5,1,0.000306634,5,1,0,1,0,0,1,1,1,1,1,1,6.431420358,0.090000000,2.400000000,0.000000000,1,149.328666847,12,1,12,1:-1.251:2.428|2:-0.428:2.425|3:0.392:2.424|4:1.223:2.419|5:1.228:1.589|6:0.405:1.588|7:-0.440:1.588|8:-1.261:1.589|9:-1.185:4.911|10:-0.390:4.902|11:0.375:4.903|12:1.182:4.901,1,47.555670726,pickup,3,0,0.000000000,0.000000000,1,47.555654835,1,received,1,35.872925637,completed,1,33.872261528,0,timed out,1,0.005096817,0.292026099,-0.021978378,-0.100122452,1,3.070589304,175.931807736,-0.002442360,-3.685470581,1,-2.433758020,-139.444062925,-0.002442360,1.935043335,1,0.139429092,7.988698536,-0.021978378,0.715506554,1,-0.007094383,-0.406478218,-0.036628723,-0.001221180,0.000000000,0.000000000,0.000000000,0.000000000,12.000000000,3.000000000,3.054326296,175.000006008,0.000000000,-3.234629154,25.000000000,8.500000000,-2.443460941,-139.999999342,0.000000000,2.209447145,25.000000000,8.000000000,0.174532920,9.999999709,0.000000000,0.305777937,12.500000000,3.200000048,0.000000000,0.000000000,0.000000000,-0.000024143,0.800000012,0.200000003
2026-07-05 14:59:10.996,1783234750.996440649,205.963561930,1,1,205.951196529,1,0.002392304,5,1,0.000313519,5,1,0,1,0,0,1,1,1,1,1,1,0.217090726,0.090000000,2.400000000,0.000000000,1,150.328410322,12,1,12,1:-1.251:2.428|2:-0.428:2.425|3:0.392:2.424|4:1.223:2.419|5:1.228:1.589|6:0.405:1.588|7:-0.440:1.588|8:-1.261:1.589|9:-1.185:4.911|10:-0.390:4.902|11:0.375:4.903|12:1.182:4.901,1,48.555414201,pickup,3,0,0.000000000,0.000000000,1,48.555398310,1,received,1,36.872669112,completed,1,34.872005003,0,timed out,1,0.005096817,0.292026099,0.007326126,-0.095237732,1,3.070589304,175.931807736,0.002442360,-3.685470581,1,-2.433758020,-139.444062925,-0.002442360,1.948717117,1,0.139810562,8.010555142,0.007326126,0.705739021,1,-0.006711006,-0.384512330,-0.012210846,0.001221180,0.000000000,0.000000000,0.000000000,0.000000000,12.000000000,3.000000000,3.054326296,175.000006008,0.000000000,-3.234629154,25.000000000,8.500000000,-2.443460941,-139.999999342,0.000000000,2.209447145,25.000000000,8.000000000,0.174532920,9.999999709,0.000000000,0.305777937,12.500000000,3.200000048,0.000000000,0.000000000,0.000000000,-0.000024143,0.800000012,0.200000003
2026-07-05 14:59:11.996,1783234751.996098995,206.963220576,1,1,206.950855175,1,0.002253067,5,1,0.000311608,5,1,0,1,0,0,1,1,1,1,1,1,1.216749372,0.090000000,2.400000000,0.000000000,1,151.328068968,12,1,12,1:-1.251:2.428|2:-0.428:2.425|3:0.392:2.424|4:1.223:2.419|5:1.228:1.589|6:0.405:1.588|7:-0.440:1.588|8:-1.261:1.589|9:-1.185:4.911|10:-0.390:4.902|11:0.375:4.903|12:1.182:4.901,1,49.555072847,pickup,3,0,0.000000000,0.000000000,1,49.555056956,1,received,1,37.872327758,completed,1,35.871663649,0,timed out,1,0.005096817,0.292026099,-0.007326126,-0.095237732,1,3.070589304,175.931807736,-0.002442360,-3.685470581,1,-2.433758020,-139.444062925,-0.002442360,1.935043335,1,0.139429092,7.988698536,-0.021978378,0.715506554,1,-0.006711006,-0.384512330,-0.012210846,-0.001221180,0.000000000,0.000000000,0.000000000,0.000000000,12.000000000,3.000000000,3.054326296,175.000006008,0.000000000,-3.234629154,25.000000000,8.500000000,-2.443460941,-139.999999342,0.000000000,2.209447145,25.000000000,8.000000000,0.174532920,9.999999709,0.000000000,0.305777937,12.500000000,3.200000048,0.000000000,0.000000000,0.000000000,-0.000024143,0.800000012,0.200000003
2026-07-05 14:59:12.995,1783234752.995756626,207.962878049,1,1,207.950512648,1,0.002423611,5,1,0.000267055,5,1,0,1,0,0,1,1,1,1,1,1,2.216406845,0.090000000,2.400000000,0.000000000,1,152.327726441,12,1,12,1:-1.251:2.428|2:-0.428:2.425|3:0.392:2.424|4:1.223:2.419|5:1.228:1.589|6:0.405:1.588|7:-0.440:1.588|8:-1.261:1.589|9:-1.185:4.911|10:-0.390:4.902|11:0.375:4.903|12:1.182:4.901,1,50.554730320,pickup,3,0,0.000000000,0.000000000,1,50.554714429,1,received,1,38.871985231,completed,1,36.871321122,0,timed out,1,0.005096817,0.292026099,-0.007326126,-0.095237732,1,3.070589304,175.931807736,-0.002442360,-3.671794891,1,-2.433758020,-139.444062925,-0.002442360,1.948717117,1,0.139429092,7.988698536,-0.007326126,0.710622787,1,-0.006711006,-0.384512330,0.012210846,-0.001221180,0.000000000,0.000000000,0.000000000,0.000000000,12.000000000,3.000000000,3.054326296,175.000006008,0.000000000,-3.234629154,25.000000000,8.500000000,-2.443460941,-139.999999342,0.000000000,2.209447145,25.000000000,8.000000000,0.174532920,9.999999709,0.000000000,0.305777937,12.500000000,3.200000048,0.000000000,0.000000000,0.000000000,-0.000024143,0.800000012,0.200000003
2026-07-05 14:59:13.995,1783234753.995513201,208.962634477,1,1,208.950269076,1,0.002418578,5,1,0.000341740,5,1,0,1,0,0,1,1,1,1,1,1,3.216163273,0.090000000,2.400000000,0.000000000,1,153.327482869,12,1,12,1:-1.251:2.428|2:-0.428:2.425|3:0.392:2.424|4:1.223:2.419|5:1.228:1.589|6:0.405:1.588|7:-0.440:1.588|8:-1.261:1.589|9:-1.185:4.911|10:-0.390:4.902|11:0.375:4.903|12:1.182:4.901,1,51.554486748,pickup,3,0,0.000000000,0.000000000,1,51.554470857,1,received,1,39.871741659,completed,1,37.871077550,0,timed out,1,0.005096817,0.292026099,-0.021978378,-0.095237732,1,3.070589304,175.931807736,-0.007326126,-3.685470581,1,-2.433758020,-139.444062925,-0.002442360,1.948717117,1,0.139429092,7.988698536,-0.007326126,0.710622787,1,-0.006711006,-0.384512330,-0.012210846,-0.001221180,0.000000000,0.000000000,0.000000000,0.000000000,12.000000000,3.000000000,3.054326296,175.000006008,0.000000000,-3.234629154,25.000000000,8.500000000,-2.443460941,-139.999999342,0.000000000,2.209447145,25.000000000,8.000000000,0.174532920,9.999999709,0.000000000,0.305777937,12.500000000,3.200000048,0.000000000,0.000000000,0.000000000,-0.000024143,0.800000012,0.200000003
2026-07-05 14:59:14.995,1783234754.995259047,209.962380597,1,1,209.950015196,1,0.002444795,5,1,0.000477074,5,1,0,1,0,0,1,1,1,1,1,1,0.815990241,0.090000000,2.400000000,0.000000000,1,154.327228989,12,1,12,1:-1.251:2.428|2:-0.428:2.425|3:0.392:2.424|4:1.223:2.419|5:1.228:1.589|6:0.405:1.588|7:-0.440:1.588|8:-1.261:1.589|9:-1.185:4.911|10:-0.390:4.902|11:0.375:4.903|12:1.182:4.901,1,52.554232868,pickup,3,0,0.000000000,0.000000000,1,52.554216977,1,received,1,40.871487779,completed,1,38.870823670,0,timed out,1,0.005096817,0.292026099,-0.007326126,-0.095237732,1,3.070589304,175.931807736,-0.007326126,-3.685470581,1,-2.433758020,-139.444062925,-0.002442360,1.935043335,1,0.139429092,7.988698536,-0.021978378,0.705739021,1,-0.006711006,-0.384512330,-0.012210846,-0.001221180,0.000000000,0.000000000,0.000000000,0.000000000,12.000000000,3.000000000,3.054326296,175.000006008,0.000000000,-3.234629154,25.000000000,8.500000000,-2.443460941,-139.999999342,0.000000000,2.209447145,25.000000000,8.000000000,0.174532920,9.999999709,0.000000000,0.305777937,12.500000000,3.200000048,0.000000000,0.000000000,0.000000000,-0.000024143,0.800000012,0.200000003
2026-07-05 14:59:15.994,1783234755.994823217,210.961944625,1,1,210.949579224,1,0.002238101,5,1,0.000340843,5,1,0,1,0,0,1,1,1,1,1,1,1.815554269,0.090000000,2.400000000,0.000000000,1,155.326793017,12,1,12,1:-1.251:2.428|2:-0.428:2.425|3:0.392:2.424|4:1.223:2.419|5:1.228:1.589|6:0.405:1.588|7:-0.440:1.588|8:-1.261:1.589|9:-1.185:4.911|10:-0.390:4.902|11:0.375:4.903|12:1.182:4.901,1,53.553796896,pickup,3,0,0.000000000,0.000000000,1,53.553781005,1,received,1,41.871051807,completed,1,39.870387698,0,timed out,1,0.005096817,0.292026099,-0.021978378,-0.095237732,1,3.070589304,175.931807736,0.002442360,-3.671794891,1,-2.433758020,-139.444062925,-0.002442360,1.935043335,1,0.139810562,8.010555142,-0.007326126,0.710622787,1,-0.006711006,-0.384512330,-0.012210846,-0.001221180,0.000000000,0.000000000,0.000000000,0.000000000,12.000000000,3.000000000,3.054326296,175.000006008,0.000000000,-3.234629154,25.000000000,8.500000000,-2.443460941,-139.999999342,0.000000000,2.209447145,25.000000000,8.000000000,0.174532920,9.999999709,0.000000000,0.305777937,12.500000000,3.200000048,0.000000000,0.000000000,0.000000000,-0.000024143,0.800000012,0.200000003
2026-07-05 14:59:16.990,1783234756.990874290,211.957995887,1,1,211.945630486,1,0.002024157,5,1,0.000510830,5,1,0,1,0,0,1,1,1,1,1,1,2.811605531,0.090000000,2.400000000,0.000000000,1,156.322844279,12,1,12,1:-1.251:2.428|2:-0.428:2.425|3:0.392:2.424|4:1.223:2.419|5:1.228:1.589|6:0.405:1.588|7:-0.440:1.588|8:-1.261:1.589|9:-1.185:4.911|10:-0.390:4.902|11:0.375:4.903|12:1.182:4.901,1,54.549848158,pickup,3,0,0.000000000,0.000000000,1,54.549832267,1,received,1,42.867103069,completed,1,40.866438960,0,timed out,1,0.005096817,0.292026099,-0.007326126,-0.090353966,1,3.070589304,175.931807736,-0.002442360,-3.685470581,1,-2.433758020,-139.444062925,0.002442360,1.935043335,1,0.139810562,8.010555142,-0.007326126,0.715506554,1,-0.006711006,-0.384512330,-0.012210846,-0.001221180,0.000000000,0.000000000,0.000000000,0.000000000,12.000000000,3.000000000,3.054326296,175.000006008,0.000000000,-3.234629154,25.000000000,8.500000000,-2.443460941,-139.999999342,0.000000000,2.209447145,25.000000000,8.000000000,0.174532920,9.999999709,0.000000000,0.305777937,12.500000000,3.200000048,0.000000000,0.000000000,0.000000000,-0.000024143,0.800000012,0.200000003
2026-07-05 14:59:17.987,1783234757.987097740,212.954219302,1,1,212.941853901,1,0.002340803,5,1,0.000476237,5,1,0,1,0,0,1,1,1,1,1,1,3.807828946,0.090000000,2.400000000,0.000000000,1,157.319067694,12,1,12,1:-1.251:2.428|2:-0.428:2.425|3:0.392:2.424|4:1.223:2.419|5:1.228:1.589|6:0.405:1.588|7:-0.440:1.588|8:-1.261:1.589|9:-1.185:4.911|10:-0.390:4.902|11:0.375:4.903|12:1.182:4.901,1,55.546071573,pickup,3,0,0.000000000,0.000000000,1,55.546055682,1,received,1,43.863326484,completed,1,41.862662375,0,timed out,1,0.005096817,0.292026099,-0.007326126,-0.090353966,1,3.070589304,175.931807736,-0.002442360,-3.685470581,1,-2.433758020,-139.444062925,-0.002442360,1.948717117,1,0.139810562,8.010555142,-0.007326126,0.705739021,1,-0.006711006,-0.384512330,-0.012210846,0.001221180,0.000000000,0.000000000,0.000000000,0.000000000,12.000000000,3.000000000,3.054326296,175.000006008,0.000000000,-3.234629154,25.000000000,8.500000000,-2.443460941,-139.999999342,0.000000000,2.209447145,25.000000000,8.000000000,0.174532920,9.999999709,0.000000000,0.305777937,12.500000000,3.200000048,0.000000000,0.000000000,0.000000000,-0.000024143,0.800000012,0.200000003
2026-07-05 14:59:18.983,1783234758.983419180,213.950540495,1,1,213.938175094,1,0.002483184,5,1,0.000290702,5,1,0,1,0,0,1,1,1,1,1,1,4.804150139,0.090000000,2.400000000,0.000000000,1,158.315388887,12,1,12,1:-1.251:2.428|2:-0.428:2.425|3:0.392:2.424|4:1.223:2.419|5:1.228:1.589|6:0.405:1.588|7:-0.440:1.588|8:-1.261:1.589|9:-1.185:4.911|10:-0.390:4.902|11:0.375:4.903|12:1.182:4.901,1,56.542392766,pickup,3,0,0.000000000,0.000000000,1,56.542376875,1,received,1,44.859647677,completed,1,42.858983568,0,timed out,1,0.005096817,0.292026099,0.007326126,-0.090353966,1,3.070589304,175.931807736,-0.002442360,-3.685470581,1,-2.433758020,-139.444062925,-0.002442360,1.935043335,1,0.139429092,7.988698536,-0.007326126,0.715506554,1,-0.006711006,-0.384512330,-0.036628723,-0.003663063,0.000000000,0.000000000,0.000000000,0.000000000,12.000000000,3.000000000,3.054326296,175.000006008,0.000000000,-3.234629154,25.000000000,8.500000000,-2.443460941,-139.999999342,0.000000000,2.209447145,25.000000000,8.000000000,0.174532920,9.999999709,0.000000000,0.305777937,12.500000000,3.200000048,0.000000000,0.000000000,0.000000000,-0.000024143,0.800000012,0.200000003
2026-07-05 14:59:19.980,1783234759.980025530,214.947147129,1,1,214.934781728,1,0.002037572,5,1,0.000490848,5,1,0,1,0,0,1,1,1,1,1,1,0.115376180,0.090000000,2.400000000,0.000000000,1,159.311995521,12,1,12,1:-1.251:2.428|2:-0.428:2.425|3:0.392:2.424|4:1.223:2.419|5:1.228:1.589|6:0.405:1.588|7:-0.440:1.588|8:-1.261:1.589|9:-1.185:4.911|10:-0.390:4.902|11:0.375:4.903|12:1.182:4.901,1,57.538999400,pickup,3,0,0.000000000,0.000000000,1,57.538983509,1,received,1,45.856254311,completed,1,43.855590202,0,timed out,1,0.005096817,0.292026099,-0.007326126,-0.095237732,1,3.070589304,175.931807736,-0.002442360,-3.671794891,1,-2.433758020,-139.444062925,-0.002442360,1.935043335,1,0.139810562,8.010555142,-0.007326126,0.710622787,1,-0.006711006,-0.384512330,0.012210846,0.001221180,0.000000000,0.000000000,0.000000000,0.000000000,12.000000000,3.000000000,3.054326296,175.000006008,0.000000000,-3.234629154,25.000000000,8.500000000,-2.443460941,-139.999999342,0.000000000,2.209447145,25.000000000,8.000000000,0.174532920,9.999999709,0.000000000,0.305777937,12.500000000,3.200000048,0.000000000,0.000000000,0.000000000,-0.000024143,0.800000012,0.200000003
2026-07-05 14:59:20.976,1783234760.976747036,215.943868367,1,1,215.931502966,1,0.002245857,5,1,0.000286734,5,1,0,1,0,0,1,1,1,1,1,1,0.092225369,0.090000000,2.400000000,0.000000000,1,160.308716759,12,1,12,1:-1.251:2.428|2:-0.428:2.425|3:0.392:2.424|4:1.223:2.419|5:1.228:1.589|6:0.405:1.588|7:-0.440:1.588|8:-1.261:1.589|9:-1.185:4.911|10:-0.390:4.902|11:0.375:4.903|12:1.182:4.901,1,58.535720638,pickup,3,0,0.000000000,0.000000000,1,58.535704747,1,received,1,46.852975549,completed,1,44.852311440,0,timed out,1,0.005096817,0.292026099,-0.007326126,-0.095237732,1,3.070589304,175.931807736,-0.002442360,-3.671794891,1,-2.433758020,-139.444062925,-0.002442360,1.935043335,1,0.139810562,8.010555142,-0.021978378,0.705739021,1,-0.006711006,-0.384512330,-0.012210846,0.001221180,0.000000000,0.000000000,0.000000000,0.000000000,12.000000000,3.000000000,3.054326296,175.000006008,0.000000000,-3.234629154,25.000000000,8.500000000,-2.443460941,-139.999999342,0.000000000,2.209447145,25.000000000,8.000000000,0.174532920,9.999999709,0.000000000,0.305777937,12.500000000,3.200000048,0.000000000,0.000000000,0.000000000,-0.000024143,0.800000012,0.200000003
2026-07-05 14:59:21.973,1783234761.973663092,216.940784324,1,1,216.928418923,1,0.002051373,5,1,0.000262669,5,1,0,1,0,0,1,1,1,1,1,1,0.029718871,0.090000000,2.400000000,0.000000000,1,161.305632716,12,1,12,1:-1.251:2.428|2:-0.428:2.425|3:0.392:2.424|4:1.223:2.419|5:1.228:1.589|6:0.405:1.588|7:-0.440:1.588|8:-1.261:1.589|9:-1.185:4.911|10:-0.390:4.902|11:0.375:4.903|12:1.182:4.901,1,0.310557851,pickup,3,0,0.000000000,0.000000000,1,0.310543866,1,received,1,47.849891506,completed,1,45.849227397,0,timed out,1,-0.014740562,-0.844571994,-0.197801590,-0.427350044,1,3.069444895,175.866237919,-0.007326126,-5.531623840,1,-2.433758020,-139.444062925,-0.002442360,1.866666794,1,0.138284683,7.923128720,-0.007326126,0.139194489,1,-0.006711006,-0.384512330,0.012210846,-0.001221180,-0.020790121,-1.191186165,-0.231157660,-0.340050220,12.000000000,3.000000000,3.035682440,173.931791743,-0.311701596,-4.125345707,25.000000000,8.500000000,-2.436014891,-139.573372066,-0.020153126,1.977254987,25.000000000,8.000000000,0.136556536,7.824113175,-0.029056795,0.240600377,12.500000000,3.200000048,-0.006554811,-0.375562994,0.001394747,0.005448855,0.800000012,0.200000003
2026-07-05 14:59:22.970,1783234762.970695972,217.937817343,1,1,217.925451942,1,0.002253725,5,1,0.010169067,5,1,0,1,0,0,1,1,1,1,1,1,0.243842287,0.090000000,2.400000000,0.000000000,1,162.302665735,12,1,12,1:-1.251:2.428|2:-0.428:2.425|3:0.392:2.424|4:1.223:2.419|5:1.228:1.589|6:0.405:1.588|7:-0.440:1.588|8:-1.261:1.589|9:-1.185:4.911|10:-0.390:4.902|11:0.375:4.903|12:1.182:4.901,1,1.307590870,pickup,3,0,0.000000000,0.000000000,1,1.307576885,1,received,1,48.846924525,completed,1,46.846260416,0,timed out,1,-0.740687966,-42.438294408,-0.974359512,-0.119658470,1,2.110414743,120.917857820,-1.330891609,-1.401708603,1,-2.490216494,-142.678895158,-0.217338562,2.358974457,1,0.071526527,4.098168144,-0.080585480,-0.026862144,1,-0.005560875,-0.318614664,-0.036628723,0.018314838,-0.751751602,-43.072194019,-0.889555216,-0.249231502,12.000000000,3.000000000,2.050026655,117.457875232,-1.199509382,-0.727774680,25.000000000,8.500000000,-2.499742746,-143.224709234,-0.077554509,2.177055836,25.000000000,8.000000000,0.044673808,2.559620649,-0.111818157,0.315277338,12.500000000,3.200000048,-0.002144375,-0.122863617,0.005367351,0.020343302,0.800000012,0.200000003
2026-07-05 14:59:23.968,1783234763.967997789,218.935119191,1,1,218.922753790,1,0.002238089,5,1,0.000157540,5,1,0,1,0,0,1,1,1,1,1,1,0.118575060,0.090000000,2.400000000,0.000000000,1,163.299967583,12,1,12,1:-1.251:2.428|2:-0.428:2.425|3:0.392:2.424|4:1.223:2.419|5:1.228:1.589|6:0.405:1.588|7:-0.440:1.588|8:-1.261:1.589|9:-1.185:4.911|10:-0.390:4.902|11:0.375:4.903|12:1.182:4.901,1,2.304892718,pickup,3,0,0.000000000,0.000000000,1,2.304878733,1,received,1,49.844226373,completed,1,47.843562264,0,timed out,1,-1.116059899,-63.945521915,-0.007326126,0.085470200,1,1.551172137,88.875616763,-0.002442360,2.099145889,1,-2.519209146,-144.340051805,0.002442360,1.374359131,1,0.025749207,1.475320861,-0.021978378,-0.090353966,1,-0.002876282,-0.164798804,0.012210846,-0.003663063,-1.107148409,-63.434931124,0.000000000,0.000000000,13.000000000,2.200000048,1.570796371,90.000002504,0.000000000,1.635578275,25.000000000,8.000000000,-2.530727386,-144.999998343,0.000000000,1.635365009,20.000000000,6.500000000,0.000000000,0.000000000,0.000000000,0.247735515,12.000000000,3.200000048,0.000000000,0.000000000,0.000000000,-0.000019584,0.500000000,0.100000001
2026-07-05 14:59:24.965,1783234764.965390444,219.932511723,1,1,219.920146322,1,0.002309077,5,1,0.000327340,5,1,0,1,0,0,1,1,1,1,1,1,0.206111477,0.090000000,2.400000000,0.000000000,1,164.297360115,12,1,12,1:-1.251:2.428|2:-0.428:2.425|3:0.392:2.424|4:1.223:2.419|5:1.228:1.589|6:0.405:1.588|7:-0.440:1.588|8:-1.261:1.589|9:-1.185:4.911|10:-0.390:4.902|11:0.375:4.903|12:1.182:4.901,1,3.302285250,pickup,3,0,0.000000000,0.000000000,1,3.302271265,1,received,1,50.841618905,completed,1,48.840954796,0,timed out,1,-1.115678430,-63.923665310,-0.007326126,0.085470200,1,1.551172137,88.875616763,-0.002442360,2.112819672,1,-2.519209146,-144.340051805,-0.002442360,1.388034821,1,0.025749207,1.475320861,-0.007326126,-0.090353966,1,-0.002876282,-0.164798804,-0.061050415,-0.003663063,-1.107148409,-63.434931124,0.000000000,0.000000000,13.000000000,2.200000048,1.570796371,90.000002504,0.000000000,1.635578275,25.000000000,8.000000000,-2.530727386,-144.999998343,0.000000000,1.635365009,20.000000000,6.500000000,0.000000000,0.000000000,0.000000000,0.247735515,12.000000000,3.200000048,0.000000000,0.000000000,0.000000000,-0.000019584,0.500000000,0.100000001
2026-07-05 14:59:25.963,1783234765.962972879,220.930094454,1,1,220.917729053,1,0.002150494,5,1,0.000375751,5,1,0,1,0,0,1,1,1,1,1,1,0.418288322,0.090000000,2.400000000,0.000000000,1,165.294942846,12,1,12,1:-1.251:2.428|2:-0.428:2.425|3:0.392:2.424|4:1.223:2.419|5:1.228:1.589|6:0.405:1.588|7:-0.440:1.588|8:-1.261:1.589|9:-1.185:4.911|10:-0.390:4.902|11:0.375:4.903|12:1.182:4.901,1,4.299867981,pickup,3,0,0.000000000,0.000000000,1,4.299853996,1,received,1,51.839201636,completed,1,49.838537527,0,timed out,1,-1.116059899,-63.945521915,-0.021978378,0.090353966,1,1.551172137,88.875616763,-0.002442360,2.099145889,1,-2.519209146,-144.340051805,-0.007326126,1.388034821,1,0.025749207,1.475320861,-0.007326126,-0.095237732,1,-0.002876282,-0.164798804,-0.036628723,-0.001221180,-1.107148409,-63.434931124,0.000000000,0.000000000,13.000000000,2.200000048,1.570796371,90.000002504,0.000000000,1.635578275,25.000000000,8.000000000,-2.530727386,-144.999998343,0.000000000,1.635365009,20.000000000,6.500000000,0.000000000,0.000000000,0.000000000,0.247735515,12.000000000,3.200000048,0.000000000,0.000000000,0.000000000,-0.000019584,0.500000000,0.100000001
2026-07-05 14:59:26.960,1783234766.960533142,221.927654738,1,1,221.915289337,1,0.001905945,5,1,0.000279909,5,1,0,1,0,0,1,1,1,1,1,1,0.919346535,0.090000000,2.400000000,0.000000000,1,166.292503130,12,1,12,1:-1.251:2.428|2:-0.428:2.425|3:0.392:2.424|4:1.223:2.419|5:1.228:1.589|6:0.405:1.588|7:-0.440:1.588|8:-1.261:1.589|9:-1.185:4.911|10:-0.390:4.902|11:0.375:4.903|12:1.182:4.901,1,5.297428265,pickup,3,0,0.000000000,0.000000000,1,5.297414280,1,received,1,52.836761920,completed,1,50.836097811,0,timed out,1,-1.116059899,-63.945521915,-0.021978378,0.090353966,1,1.551172137,88.875616763,-0.002442360,2.112819672,1,-2.519209146,-144.340051805,-0.002442360,1.374359131,1,0.025749207,1.475320861,-0.021978378,-0.090353966,1,-0.002876282,-0.164798804,-0.012210846,-0.003663063,-1.107148409,-63.434931124,0.000000000,0.000000000,13.000000000,2.200000048,1.570796371,90.000002504,0.000000000,1.635578275,25.000000000,8.000000000,-2.530727386,-144.999998343,0.000000000,1.635365009,20.000000000,6.500000000,0.000000000,0.000000000,0.000000000,0.247735515,12.000000000,3.200000048,0.000000000,0.000000000,0.000000000,-0.000019584,0.500000000,0.100000001
2026-07-05 14:59:27.958,1783234767.958331347,222.925452771,1,1,222.913087370,1,0.002312421,5,1,0.000416895,5,1,0,1,0,0,1,1,1,1,1,1,0.554763187,0.090000000,2.400000000,0.000000000,1,167.290301163,12,1,12,1:-1.251:2.428|2:-0.428:2.425|3:0.392:2.424|4:1.223:2.419|5:1.228:1.589|6:0.405:1.588|7:-0.440:1.588|8:-1.261:1.589|9:-1.185:4.911|10:-0.390:4.902|11:0.375:4.903|12:1.182:4.901,1,6.295226298,pickup,3,0,0.000000000,0.000000000,1,6.295212313,1,received,1,53.834559953,completed,1,51.833895844,0,timed out,1,-1.116059899,-63.945521915,-0.007326126,0.085470200,1,1.551172137,88.875616763,0.002442360,2.099145889,1,-2.519209146,-144.340051805,-0.002442360,1.374359131,1,0.026130676,1.497177466,0.007326126,-0.095237732,1,-0.002876282,-0.164798804,-0.036628723,-0.001221180,-1.107148409,-63.434931124,0.000000000,0.000000000,13.000000000,2.200000048,1.570796371,90.000002504,0.000000000,1.635578275,25.000000000,8.000000000,-2.530727386,-144.999998343,0.000000000,1.635365009,20.000000000,6.500000000,0.000000000,0.000000000,0.000000000,0.247735515,12.000000000,3.200000048,0.000000000,0.000000000,0.000000000,-0.000019584,0.500000000,0.100000001
2026-07-05 14:59:28.956,1783234768.956197977,223.923319214,1,1,223.910953813,1,0.002204597,5,1,0.000466003,5,1,0,1,0,0,1,1,1,1,1,1,0.104307032,0.090000000,2.400000000,0.000000000,1,168.288167606,12,1,12,1:-1.251:2.428|2:-0.428:2.425|3:0.392:2.424|4:1.223:2.419|5:1.228:1.589|6:0.405:1.588|7:-0.440:1.588|8:-1.261:1.589|9:-1.185:4.911|10:-0.390:4.902|11:0.375:4.903|12:1.182:4.901,1,7.293092741,pickup,3,0,0.000000000,0.000000000,1,7.293078756,1,received,1,54.832426396,completed,1,52.831762287,0,timed out,1,-1.116059899,-63.945521915,-0.007326126,0.090353966,1,1.551172137,88.875616763,-0.002442360,2.099145889,1,-2.519209146,-144.340051805,-0.002442360,1.388034821,1,0.025749207,1.475320861,-0.007326126,-0.095237732,1,-0.002876282,-0.164798804,-0.036628723,-0.003663063,-1.107148409,-63.434931124,0.000000000,0.000000000,13.000000000,2.200000048,1.570796371,90.000002504,0.000000000,1.635578275,25.000000000,8.000000000,-2.530727386,-144.999998343,0.000000000,1.635365009,20.000000000,6.500000000,0.000000000,0.000000000,0.000000000,0.247735515,12.000000000,3.200000048,0.000000000,0.000000000,0.000000000,-0.000019584,0.500000000,0.100000001
2026-07-05 14:59:29.954,1783234769.954147100,224.921268578,1,1,224.908903177,1,0.001992406,5,1,0.000460980,5,1,0,1,0,0,1,1,1,1,1,1,0.392498668,0.090000000,2.400000000,0.000000000,1,169.286116970,12,1,12,1:-1.251:2.428|2:-0.428:2.425|3:0.392:2.424|4:1.223:2.419|5:1.228:1.589|6:0.405:1.588|7:-0.440:1.588|8:-1.261:1.589|9:-1.185:4.911|10:-0.390:4.902|11:0.375:4.903|12:1.182:4.901,1,8.291042105,pickup,3,0,0.000000000,0.000000000,1,8.291028120,1,received,1,55.830375760,completed,1,53.829711651,0,timed out,1,-1.116059899,-63.945521915,-0.007326126,0.085470200,1,1.551172137,88.875616763,0.002442360,2.099145889,1,-2.519209146,-144.340051805,-0.002442360,1.374359131,1,0.025749207,1.475320861,-0.007326126,-0.095237732,1,-0.002876282,-0.164798804,-0.012210846,-0.003663063,-1.107148409,-63.434931124,0.000000000,0.000000000,13.000000000,2.200000048,1.570796371,90.000002504,0.000000000,1.635578275,25.000000000,8.000000000,-2.530727386,-144.999998343,0.000000000,1.635365009,20.000000000,6.500000000,0.000000000,0.000000000,0.000000000,0.247735515,12.000000000,3.200000048,0.000000000,0.000000000,0.000000000,-0.000019584,0.500000000,0.100000001
2026-07-05 14:59:30.952,1783234770.952244997,225.919366374,1,1,225.907000973,1,0.002149730,5,1,0.000329395,5,1,0,1,0,0,1,1,1,1,1,1,0.014103591,0.090000000,2.400000000,0.000000000,1,170.284214766,12,1,12,1:-1.251:2.428|2:-0.428:2.425|3:0.392:2.424|4:1.223:2.419|5:1.228:1.589|6:0.405:1.588|7:-0.440:1.588|8:-1.261:1.589|9:-1.185:4.911|10:-0.390:4.902|11:0.375:4.903|12:1.182:4.901,1,9.289139901,pickup,3,0,0.000000000,0.000000000,1,9.289125916,1,received,1,56.828473556,completed,1,54.827809447,0,timed out,1,-1.116059899,-63.945521915,-0.007326126,0.090353966,1,1.551172137,88.875616763,0.002442360,2.099145889,1,-2.519209146,-144.340051805,0.002442360,1.388034821,1,0.025749207,1.475320861,-0.007326126,-0.090353966,1,-0.002876282,-0.164798804,-0.036628723,-0.003663063,-1.107148409,-63.434931124,0.000000000,0.000000000,13.000000000,2.200000048,1.570796371,90.000002504,0.000000000,1.635578275,25.000000000,8.000000000,-2.530727386,-144.999998343,0.000000000,1.635365009,20.000000000,6.500000000,0.000000000,0.000000000,0.000000000,0.247735515,12.000000000,3.200000048,0.000000000,0.000000000,0.000000000,-0.000019584,0.500000000,0.100000001
2026-07-05 14:59:31.950,1783234771.950445414,226.917566650,1,1,226.905201249,1,0.002330790,5,1,0.000407102,5,1,0,1,0,0,1,1,1,1,1,1,0.121660271,0.090000000,2.400000000,0.000000000,1,171.282415042,12,1,12,1:-1.251:2.428|2:-0.428:2.425|3:0.392:2.424|4:1.223:2.419|5:1.228:1.589|6:0.405:1.588|7:-0.440:1.588|8:-1.261:1.589|9:-1.185:4.911|10:-0.390:4.902|11:0.375:4.903|12:1.182:4.901,1,10.287340177,pickup,3,0,0.000000000,0.000000000,1,10.287326192,1,received,1,57.826673832,completed,1,55.826009723,0,timed out,1,-1.116059899,-63.945521915,-0.007326126,0.085470200,1,1.551172137,88.875616763,-0.002442360,2.099145889,1,-2.519209146,-144.340051805,-0.007326126,1.388034821,1,0.025749207,1.475320861,-0.021978378,-0.095237732,1,-0.002876282,-0.164798804,-0.012210846,-0.003663063,-1.107148409,-63.434931124,0.000000000,0.000000000,13.000000000,2.200000048,1.570796371,90.000002504,0.000000000,1.635578275,25.000000000,8.000000000,-2.530727386,-144.999998343,0.000000000,1.635365009,20.000000000,6.500000000,0.000000000,0.000000000,0.000000000,0.247735515,12.000000000,3.200000048,0.000000000,0.000000000,0.000000000,-0.000019584,0.500000000,0.100000001
2026-07-05 14:59:32.948,1783234772.948565483,227.915686916,1,1,227.903321515,1,0.002119452,5,1,0.000237867,5,1,0,1,0,0,1,1,1,1,1,1,0.008310753,0.090000000,2.400000000,0.000000000,1,172.280535308,12,1,12,1:-1.251:2.428|2:-0.428:2.425|3:0.392:2.424|4:1.223:2.419|5:1.228:1.589|6:0.405:1.588|7:-0.440:1.588|8:-1.261:1.589|9:-1.185:4.911|10:-0.390:4.902|11:0.375:4.903|12:1.182:4.901,1,11.285460443,pickup,3,0,0.000000000,0.000000000,1,11.285446458,1,received,1,58.824794098,completed,1,56.824129989,0,timed out,1,-1.116059899,-63.945521915,0.007326126,0.090353966,1,1.551172137,88.875616763,-0.002442360,2.099145889,1,-2.519209146,-144.340051805,-0.002442360,1.388034821,1,0.025749207,1.475320861,0.007326126,-0.090353966,1,-0.002876282,-0.164798804,-0.012210846,-0.001221180,-1.107148409,-63.434931124,0.000000000,0.000000000,13.000000000,2.200000048,1.570796371,90.000002504,0.000000000,1.635578275,25.000000000,8.000000000,-2.530727386,-144.999998343,0.000000000,1.635365009,20.000000000,6.500000000,0.000000000,0.000000000,0.000000000,0.247735515,12.000000000,3.200000048,0.000000000,0.000000000,0.000000000,-0.000019584,0.500000000,0.100000001
2026-07-05 14:59:33.946,1783234773.946907043,228.914028658,1,1,228.901663257,1,0.002160355,5,1,0.000380519,5,1,0,1,0,0,1,1,1,1,1,1,0.140852730,0.090000000,2.400000000,0.000000000,1,173.278877050,12,1,12,1:-1.251:2.428|2:-0.428:2.425|3:0.392:2.424|4:1.223:2.419|5:1.228:1.589|6:0.405:1.588|7:-0.440:1.588|8:-1.261:1.589|9:-1.185:4.911|10:-0.390:4.902|11:0.375:4.903|12:1.182:4.901,1,12.283802185,pickup,3,0,0.000000000,0.000000000,1,12.283788200,1,received,1,59.823135840,completed,1,57.822471731,0,timed out,1,-1.116059899,-63.945521915,-0.021978378,0.085470200,1,1.551172137,88.875616763,0.002442360,2.112819672,1,-2.519209146,-144.340051805,-0.002442360,1.374359131,1,0.025749207,1.475320861,-0.007326126,-0.095237732,1,-0.002876282,-0.164798804,0.012210846,-0.001221180,-1.107148409,-63.434931124,0.000000000,0.000000000,13.000000000,2.200000048,1.570796371,90.000002504,0.000000000,1.635578275,25.000000000,8.000000000,-2.530727386,-144.999998343,0.000000000,1.635365009,20.000000000,6.500000000,0.000000000,0.000000000,0.000000000,0.247735515,12.000000000,3.200000048,0.000000000,0.000000000,0.000000000,-0.000019584,0.500000000,0.100000001
2026-07-05 14:59:34.945,1783234774.945295095,229.912416486,1,1,229.900051085,1,0.002046183,5,1,0.000202712,5,1,0,1,0,0,1,1,1,1,1,1,0.046655491,0.090000000,2.400000000,0.000000000,1,174.277264878,12,1,12,1:-1.251:2.428|2:-0.428:2.425|3:0.392:2.424|4:1.223:2.419|5:1.228:1.589|6:0.405:1.588|7:-0.440:1.588|8:-1.261:1.589|9:-1.185:4.911|10:-0.390:4.902|11:0.375:4.903|12:1.182:4.901,1,13.282190013,pickup,3,0,0.000000000,0.000000000,1,13.282176028,1,received,1,60.821523668,completed,1,58.820859559,0,timed out,1,-1.116059899,-63.945521915,-0.007326126,0.085470200,1,1.551172137,88.875616763,-0.007326126,2.099145889,1,-2.519209146,-144.340051805,-0.002442360,1.374359131,1,0.025749207,1.475320861,0.007326126,-0.095237732,1,-0.002876282,-0.164798804,-0.012210846,-0.001221180,-1.107148409,-63.434931124,0.000000000,0.000000000,13.000000000,2.200000048,1.570796371,90.000002504,0.000000000,1.635578275,25.000000000,8.000000000,-2.530727386,-144.999998343,0.000000000,1.635365009,20.000000000,6.500000000,0.000000000,0.000000000,0.000000000,0.247735515,12.000000000,3.200000048,0.000000000,0.000000000,0.000000000,-0.000019584,0.500000000,0.100000001
2026-07-05 14:59:35.943,1783234775.943763733,230.910885208,1,1,230.898519807,1,0.002236773,5,1,0.000275448,5,1,0,1,0,0,1,1,1,1,1,1,0.224585017,0.090000000,2.400000000,0.000000000,1,175.275733600,12,1,12,1:-1.251:2.428|2:-0.428:2.425|3:0.392:2.424|4:1.223:2.419|5:1.228:1.589|6:0.405:1.588|7:-0.440:1.588|8:-1.261:1.589|9:-1.185:4.911|10:-0.390:4.902|11:0.375:4.903|12:1.182:4.901,1,14.280658735,pickup,3,0,0.000000000,0.000000000,1,14.280644750,1,received,1,61.819992390,completed,1,59.819328281,0,timed out,1,-1.116059899,-63.945521915,-0.007326126,0.085470200,1,1.551172137,88.875616763,-0.002442360,2.099145889,1,-2.519209146,-144.340051805,-0.002442360,1.374359131,1,0.025749207,1.475320861,-0.007326126,-0.095237732,1,-0.002876282,-0.164798804,0.012210846,-0.003663063,-1.107148409,-63.434931124,0.000000000,0.000000000,13.000000000,2.200000048,1.570796371,90.000002504,0.000000000,1.635578275,25.000000000,8.000000000,-2.530727386,-144.999998343,0.000000000,1.635365009,20.000000000,6.500000000,0.000000000,0.000000000,0.000000000,0.247735515,12.000000000,3.200000048,0.000000000,0.000000000,0.000000000,-0.000019584,0.500000000,0.100000001
2026-07-05 14:59:36.942,1783234776.942262173,231.909383807,1,1,231.897018406,1,0.001944809,5,1,0.000398795,5,1,0,1,0,0,1,1,1,1,1,1,0.060461244,0.090000000,2.400000000,0.000000000,1,176.274232199,12,1,12,1:-1.251:2.428|2:-0.428:2.425|3:0.392:2.424|4:1.223:2.419|5:1.228:1.589|6:0.405:1.588|7:-0.440:1.588|8:-1.261:1.589|9:-1.185:4.911|10:-0.390:4.902|11:0.375:4.903|12:1.182:4.901,1,15.279157334,pickup,3,0,0.000000000,0.000000000,1,15.279143349,1,received,1,62.818490989,completed,1,60.817826880,0,timed out,1,-1.116059899,-63.945521915,-0.007326126,0.085470200,1,1.551172137,88.875616763,-0.002442360,2.099145889,1,-2.519209146,-144.340051805,-0.002442360,1.388034821,1,0.025749207,1.475320861,-0.007326126,-0.100122452,1,-0.002876282,-0.164798804,-0.036628723,-0.003663063,-1.107148409,-63.434931124,0.000000000,0.000000000,13.000000000,2.200000048,1.570796371,90.000002504,0.000000000,1.635578275,25.000000000,8.000000000,-2.530727386,-144.999998343,0.000000000,1.635365009,20.000000000,6.500000000,0.000000000,0.000000000,0.000000000,0.247735515,12.000000000,3.200000048,0.000000000,0.000000000,0.000000000,-0.000019584,0.500000000,0.100000001
2026-07-05 14:59:37.941,1783234777.940900803,232.908022370,1,1,232.895656969,1,0.002035369,5,1,0.000424606,5,1,0,1,0,0,1,1,1,1,1,1,0.086917631,0.090000000,2.400000000,0.000000000,1,177.272870762,12,1,12,1:-1.251:2.428|2:-0.428:2.425|3:0.392:2.424|4:1.223:2.419|5:1.228:1.589|6:0.405:1.588|7:-0.440:1.588|8:-1.261:1.589|9:-1.185:4.911|10:-0.390:4.902|11:0.375:4.903|12:1.182:4.901,1,16.277795897,pickup,3,0,0.000000000,0.000000000,1,16.277781912,1,received,1,63.817129552,completed,1,61.816465443,0,timed out,1,-1.116059899,-63.945521915,-0.007326126,0.085470200,1,1.551172137,88.875616763,-0.002442360,2.099145889,1,-2.519209146,-144.340051805,0.002442360,1.388034821,1,0.025749207,1.475320861,-0.007326126,-0.095237732,1,-0.002876282,-0.164798804,0.012210846,-0.003663063,-1.107148409,-63.434931124,0.000000000,0.000000000,13.000000000,2.200000048,1.570796371,90.000002504,0.000000000,1.635578275,25.000000000,8.000000000,-2.530727386,-144.999998343,0.000000000,1.635365009,20.000000000,6.500000000,0.000000000,0.000000000,0.000000000,0.247735515,12.000000000,3.200000048,0.000000000,0.000000000,0.000000000,-0.000019584,0.500000000,0.100000001
2026-07-05 14:59:38.939,1783234778.939552546,233.906673853,1,1,233.894308452,1,0.002282359,5,1,0.000357298,5,1,0,1,0,0,1,1,1,1,1,1,0.156204795,0.090000000,2.400000000,0.000000000,1,178.271522245,12,1,12,1:-1.251:2.428|2:-0.428:2.425|3:0.392:2.424|4:1.223:2.419|5:1.228:1.589|6:0.405:1.588|7:-0.440:1.588|8:-1.261:1.589|9:-1.185:4.911|10:-0.390:4.902|11:0.375:4.903|12:1.182:4.901,1,17.276447380,pickup,3,0,0.000000000,0.000000000,1,17.276433395,1,received,1,64.815781035,completed,1,62.815116926,0,timed out,1,-1.116059899,-63.945521915,-0.021978378,0.085470200,1,1.551172137,88.875616763,-0.002442360,2.112819672,1,-2.519209146,-144.340051805,-0.002442360,1.374359131,1,0.025749207,1.475320861,0.007326126,-0.085470200,1,-0.002876282,-0.164798804,-0.012210846,-0.003663063,-1.107148409,-63.434931124,0.000000000,0.000000000,13.000000000,2.200000048,1.570796371,90.000002504,0.000000000,1.635578275,25.000000000,8.000000000,-2.530727386,-144.999998343,0.000000000,1.635365009,20.000000000,6.500000000,0.000000000,0.000000000,0.000000000,0.247735515,12.000000000,3.200000048,0.000000000,0.000000000,0.000000000,-0.000019584,0.500000000,0.100000001
2026-07-05 14:59:39.938,1783234779.938255548,234.905376985,1,1,234.893011584,1,0.002130657,5,1,0.000385703,5,1,0,1,0,0,1,1,1,1,1,1,0.032729614,0.090000000,2.400000000,0.000000000,1,179.270225377,12,1,12,1:-1.251:2.428|2:-0.428:2.425|3:0.392:2.424|4:1.223:2.419|5:1.228:1.589|6:0.405:1.588|7:-0.440:1.588|8:-1.261:1.589|9:-1.185:4.911|10:-0.390:4.902|11:0.375:4.903|12:1.182:4.901,1,18.275150512,pickup,3,0,0.000000000,0.000000000,1,18.275136527,1,received,1,65.814484167,completed,1,63.813820058,0,timed out,1,-1.115678430,-63.923665310,-0.007326126,0.085470200,1,1.551172137,88.875616763,-0.002442360,2.112819672,1,-2.519209146,-144.340051805,-0.002442360,1.388034821,1,0.025749207,1.475320861,-0.007326126,-0.090353966,1,-0.002876282,-0.164798804,0.012210846,-0.001221180,-1.107148409,-63.434931124,0.000000000,0.000000000,13.000000000,2.200000048,1.570796371,90.000002504,0.000000000,1.635578275,25.000000000,8.000000000,-2.530727386,-144.999998343,0.000000000,1.635365009,20.000000000,6.500000000,0.000000000,0.000000000,0.000000000,0.247735515,12.000000000,3.200000048,0.000000000,0.000000000,0.000000000,-0.000019584,0.500000000,0.100000001
2026-07-05 14:59:40.937,1783234780.936941385,235.904062804,1,1,235.891697403,1,0.002301012,5,1,0.000411741,5,1,0,1,0,0,1,1,1,1,1,1,0.118235620,0.090000000,2.400000000,0.000000000,1,180.268911196,12,1,12,1:-1.251:2.428|2:-0.428:2.425|3:0.392:2.424|4:1.223:2.419|5:1.228:1.589|6:0.405:1.588|7:-0.440:1.588|8:-1.261:1.589|9:-1.185:4.911|10:-0.390:4.902|11:0.375:4.903|12:1.182:4.901,1,19.273836331,pickup,3,0,0.000000000,0.000000000,1,19.273822346,1,received,1,66.813169986,completed,1,64.812505877,0,timed out,1,-1.116059899,-63.945521915,-0.021978378,0.085470200,1,1.551172137,88.875616763,-0.002442360,2.112819672,1,-2.519209146,-144.340051805,-0.002442360,1.374359131,1,0.025749207,1.475320861,-0.007326126,-0.090353966,1,-0.002876282,-0.164798804,-0.012210846,-0.001221180,-1.107148409,-63.434931124,0.000000000,0.000000000,13.000000000,2.200000048,1.570796371,90.000002504,0.000000000,1.635578275,25.000000000,8.000000000,-2.530727386,-144.999998343,0.000000000,1.635365009,20.000000000,6.500000000,0.000000000,0.000000000,0.000000000,0.247735515,12.000000000,3.200000048,0.000000000,0.000000000,0.000000000,-0.000019584,0.500000000,0.100000001
2026-07-05 14:59:41.935,1783234781.935790777,236.902912193,1,1,236.890546792,1,0.002095448,5,1,0.000477877,5,1,0,1,0,0,1,1,1,1,1,1,0.181816083,0.090000000,2.400000000,0.000000000,1,181.267760585,12,1,12,1:-1.251:2.428|2:-0.428:2.425|3:0.392:2.424|4:1.223:2.419|5:1.228:1.589|6:0.405:1.588|7:-0.440:1.588|8:-1.261:1.589|9:-1.185:4.911|10:-0.390:4.902|11:0.375:4.903|12:1.182:4.901,1,20.272685720,pickup,3,0,0.000000000,0.000000000,1,20.272671735,1,received,1,67.812019375,completed,1,65.811355266,0,timed out,1,-1.116059899,-63.945521915,-0.021978378,0.090353966,1,1.551172137,88.875616763,-0.002442360,2.099145889,1,-2.519209146,-144.340051805,-0.007326126,1.374359131,1,0.025749207,1.475320861,0.007326126,-0.090353966,1,-0.002876282,-0.164798804,-0.036628723,-0.001221180,-1.107148409,-63.434931124,0.000000000,0.000000000,13.000000000,2.200000048,1.570796371,90.000002504,0.000000000,1.635578275,25.000000000,8.000000000,-2.530727386,-144.999998343,0.000000000,1.635365009,20.000000000,6.500000000,0.000000000,0.000000000,0.000000000,0.247735515,12.000000000,3.200000048,0.000000000,0.000000000,0.000000000,-0.000019584,0.500000000,0.100000001
2026-07-05 14:59:42.934,1783234782.934547901,237.901669502,1,1,237.889304101,1,0.002203314,5,1,0.000269242,5,1,0,1,0,0,1,1,1,1,1,1,0.074412868,0.090000000,2.400000000,0.000000000,1,182.266517894,12,1,12,1:-1.251:2.428|2:-0.428:2.425|3:0.392:2.424|4:1.223:2.419|5:1.228:1.589|6:0.405:1.588|7:-0.440:1.588|8:-1.261:1.589|9:-1.185:4.911|10:-0.390:4.902|11:0.375:4.903|12:1.182:4.901,1,21.271443029,pickup,3,0,0.000000000,0.000000000,1,21.271429044,1,received,1,68.810776684,completed,1,66.810112575,0,timed out,1,-1.116059899,-63.945521915,-0.007326126,0.085470200,1,1.551172137,88.875616763,-0.002442360,2.099145889,1,-2.519209146,-144.340051805,-0.007326126,1.388034821,1,0.025749207,1.475320861,-0.007326126,-0.090353966,1,-0.002876282,-0.164798804,-0.036628723,-0.001221180,-1.107148409,-63.434931124,0.000000000,0.000000000,13.000000000,2.200000048,1.570796371,90.000002504,0.000000000,1.635578275,25.000000000,8.000000000,-2.530727386,-144.999998343,0.000000000,1.635365009,20.000000000,6.500000000,0.000000000,0.000000000,0.000000000,0.247735515,12.000000000,3.200000048,0.000000000,0.000000000,0.000000000,-0.000019584,0.500000000,0.100000001
2026-07-05 14:59:43.933,1783234783.933433056,238.900554521,1,1,238.888189120,1,0.002117212,5,1,0.000330073,5,1,0,1,0,0,1,1,1,1,1,1,0.114233520,0.090000000,2.400000000,0.000000000,1,183.265402913,12,1,12,1:-1.251:2.428|2:-0.428:2.425|3:0.392:2.424|4:1.223:2.419|5:1.228:1.589|6:0.405:1.588|7:-0.440:1.588|8:-1.261:1.589|9:-1.185:4.911|10:-0.390:4.902|11:0.375:4.903|12:1.182:4.901,1,22.270328048,pickup,3,0,0.000000000,0.000000000,1,22.270314063,1,received,1,69.809661703,completed,1,67.808997594,0,timed out,1,-1.116059899,-63.945521915,-0.007326126,0.090353966,1,1.551172137,88.875616763,-0.002442360,2.099145889,1,-2.519209146,-144.340051805,-0.002442360,1.374359131,1,0.025749207,1.475320861,-0.007326126,-0.095237732,1,-0.002876282,-0.164798804,-0.036628723,-0.001221180,-1.107148409,-63.434931124,0.000000000,0.000000000,13.000000000,2.200000048,1.570796371,90.000002504,0.000000000,1.635578275,25.000000000,8.000000000,-2.530727386,-144.999998343,0.000000000,1.635365009,20.000000000,6.500000000,0.000000000,0.000000000,0.000000000,0.247735515,12.000000000,3.200000048,0.000000000,0.000000000,0.000000000,-0.000019584,0.500000000,0.100000001
2026-07-05 14:59:44.932,1783234784.932368279,239.899489873,1,1,239.887124472,1,0.002366277,5,1,0.000396978,5,1,0,1,0,0,1,1,1,1,1,1,0.032453191,0.090000000,2.400000000,0.000000000,1,184.264338265,12,1,12,1:-1.251:2.428|2:-0.428:2.425|3:0.392:2.424|4:1.223:2.419|5:1.228:1.589|6:0.405:1.588|7:-0.440:1.588|8:-1.261:1.589|9:-1.185:4.911|10:-0.390:4.902|11:0.375:4.903|12:1.182:4.901,1,23.269263400,pickup,3,0,0.000000000,0.000000000,1,23.269249415,1,received,1,70.808597055,completed,1,68.807932946,0,timed out,1,-1.115678430,-63.923665310,-0.007326126,0.090353966,1,1.551172137,88.875616763,-0.002442360,2.099145889,1,-2.519209146,-144.340051805,-0.002442360,1.388034821,1,0.025749207,1.475320861,0.007326126,-0.095237732,1,-0.002876282,-0.164798804,-0.012210846,-0.003663063,-1.107148409,-63.434931124,0.000000000,0.000000000,13.000000000,2.200000048,1.570796371,90.000002504,0.000000000,1.635578275,25.000000000,8.000000000,-2.530727386,-144.999998343,0.000000000,1.635365009,20.000000000,6.500000000,0.000000000,0.000000000,0.000000000,0.247735515,12.000000000,3.200000048,0.000000000,0.000000000,0.000000000,-0.000019584,0.500000000,0.100000001
2026-07-05 14:59:45.931,1783234785.931204081,240.898325586,1,1,240.885960185,1,0.002155321,5,1,0.000027391,5,1,0,1,0,0,1,1,1,1,1,1,0.400863919,0.090000000,2.400000000,0.000000000,1,185.263173978,12,1,12,1:-1.251:2.428|2:-0.428:2.425|3:0.392:2.424|4:1.223:2.419|5:1.228:1.589|6:0.405:1.588|7:-0.440:1.588|8:-1.261:1.589|9:-1.185:4.911|10:-0.390:4.902|11:0.375:4.903|12:1.182:4.901,1,24.268099113,pickup,3,0,0.000000000,0.000000000,1,24.268085128,1,received,1,71.807432768,completed,1,69.806768659,0,timed out,1,-1.116059899,-63.945521915,-0.007326126,0.090353966,1,1.551172137,88.875616763,-0.002442360,2.099145889,1,-2.519209146,-144.340051805,-0.002442360,1.388034821,1,0.025749207,1.475320861,0.007326126,-0.085470200,1,-0.002492905,-0.142832916,-0.012210846,-0.003663063,-1.107148409,-63.434931124,0.000000000,0.000000000,13.000000000,2.200000048,1.570796371,90.000002504,0.000000000,1.635578275,25.000000000,8.000000000,-2.530727386,-144.999998343,0.000000000,1.635365009,20.000000000,6.500000000,0.000000000,0.000000000,0.000000000,0.247735515,12.000000000,3.200000048,0.000000000,0.000000000,0.000000000,-0.000019584,0.500000000,0.100000001
2026-07-05 14:59:46.930,1783234786.930267572,241.897389176,1,1,241.885023775,1,0.001772738,5,1,0.000295346,5,1,0,1,0,0,1,1,1,1,1,1,0.239128945,0.090000000,2.400000000,0.000000000,1,186.262237568,12,1,12,1:-1.251:2.428|2:-0.428:2.425|3:0.392:2.424|4:1.223:2.419|5:1.228:1.589|6:0.405:1.588|7:-0.440:1.588|8:-1.261:1.589|9:-1.185:4.911|10:-0.390:4.902|11:0.375:4.903|12:1.182:4.901,1,25.267162703,pickup,3,0,0.000000000,0.000000000,1,25.267148718,1,received,1,72.806496358,completed,1,70.805832249,0,timed out,1,-1.116059899,-63.945521915,-0.007326126,0.085470200,1,1.551172137,88.875616763,-0.002442360,2.099145889,1,-2.519209146,-144.340051805,-0.002442360,1.388034821,1,0.025749207,1.475320861,-0.007326126,-0.090353966,1,-0.002876282,-0.164798804,-0.012210846,-0.001221180,-1.107148409,-63.434931124,0.000000000,0.000000000,13.000000000,2.200000048,1.570796371,90.000002504,0.000000000,1.635578275,25.000000000,8.000000000,-2.530727386,-144.999998343,0.000000000,1.635365009,20.000000000,6.500000000,0.000000000,0.000000000,0.000000000,0.247735515,12.000000000,3.200000048,0.000000000,0.000000000,0.000000000,-0.000019584,0.500000000,0.100000001
2026-07-05 14:59:47.929,1783234787.929396391,242.896517792,1,1,242.884152391,1,0.001885090,5,1,0.000519480,5,1,0,1,0,0,1,1,1,1,1,1,0.034824651,0.090000000,2.400000000,0.000000000,1,187.261366184,12,1,12,1:-1.251:2.428|2:-0.428:2.425|3:0.392:2.424|4:1.223:2.419|5:1.228:1.589|6:0.405:1.588|7:-0.440:1.588|8:-1.261:1.589|9:-1.185:4.911|10:-0.390:4.902|11:0.375:4.903|12:1.182:4.901,1,26.266291319,pickup,3,0,0.000000000,0.000000000,1,26.266277334,1,received,1,73.805624974,completed,1,71.804960865,0,timed out,1,-1.115678430,-63.923665310,-0.007326126,0.085470200,1,1.551172137,88.875616763,-0.002442360,2.099145889,1,-2.519209146,-144.340051805,-0.002442360,1.388034821,1,0.025749207,1.475320861,-0.007326126,-0.095237732,1,-0.002876282,-0.164798804,-0.012210846,-0.003663063,-1.107148409,-63.434931124,0.000000000,0.000000000,13.000000000,2.200000048,1.570796371,90.000002504,0.000000000,1.635578275,25.000000000,8.000000000,-2.530727386,-144.999998343,0.000000000,1.635365009,20.000000000,6.500000000,0.000000000,0.000000000,0.000000000,0.247735515,12.000000000,3.200000048,0.000000000,0.000000000,0.000000000,-0.000019584,0.500000000,0.100000001
2026-07-05 14:59:48.928,1783234788.928467035,243.895588432,1,1,243.883223031,1,0.002424378,5,1,0.000518446,5,1,0,1,0,0,1,1,1,1,1,1,0.023924018,0.090000000,2.400000000,0.000000000,1,188.260436824,12,1,12,1:-1.251:2.428|2:-0.428:2.425|3:0.392:2.424|4:1.223:2.419|5:1.228:1.589|6:0.405:1.588|7:-0.440:1.588|8:-1.261:1.589|9:-1.185:4.911|10:-0.390:4.902|11:0.375:4.903|12:1.182:4.901,1,27.265361959,pickup,3,0,0.000000000,0.000000000,1,27.265347974,1,received,1,74.804695614,completed,1,72.804031505,0,timed out,1,-1.116059899,-63.945521915,-0.007326126,0.090353966,1,1.551172137,88.875616763,-0.002442360,2.099145889,1,-2.519209146,-144.340051805,-0.002442360,1.388034821,1,0.025749207,1.475320861,-0.007326126,-0.085470200,1,-0.002876282,-0.164798804,-0.012210846,-0.003663063,-1.107148409,-63.434931124,0.000000000,0.000000000,13.000000000,2.200000048,1.570796371,90.000002504,0.000000000,1.635578275,25.000000000,8.000000000,-2.530727386,-144.999998343,0.000000000,1.635365009,20.000000000,6.500000000,0.000000000,0.000000000,0.000000000,0.247735515,12.000000000,3.200000048,0.000000000,0.000000000,0.000000000,-0.000019584,0.500000000,0.100000001
2026-07-05 14:59:49.927,1783234789.927442074,244.894563674,1,1,244.882198273,1,0.002153329,5,1,0.000236199,5,1,0,1,0,0,1,1,1,1,1,1,0.114459529,0.090000000,2.400000000,0.000000000,1,189.259412066,12,1,12,1:-1.251:2.428|2:-0.428:2.425|3:0.392:2.424|4:1.223:2.419|5:1.228:1.589|6:0.405:1.588|7:-0.440:1.588|8:-1.261:1.589|9:-1.185:4.911|10:-0.390:4.902|11:0.375:4.903|12:1.182:4.901,1,28.264337201,pickup,3,0,0.000000000,0.000000000,1,28.264323216,1,received,1,75.803670856,completed,1,73.803006747,0,timed out,1,-1.115678430,-63.923665310,-0.007326126,0.085470200,1,1.551172137,88.875616763,-0.002442360,2.112819672,1,-2.519209146,-144.340051805,-0.002442360,1.388034821,1,0.025749207,1.475320861,0.007326126,-0.090353966,1,-0.002876282,-0.164798804,0.036628723,-0.003663063,-1.107148409,-63.434931124,0.000000000,0.000000000,13.000000000,2.200000048,1.570796371,90.000002504,0.000000000,1.635578275,25.000000000,8.000000000,-2.530727386,-144.999998343,0.000000000,1.635365009,20.000000000,6.500000000,0.000000000,0.000000000,0.000000000,0.247735515,12.000000000,3.200000048,0.000000000,0.000000000,0.000000000,-0.000019584,0.500000000,0.100000001
2026-07-05 14:59:50.926,1783234790.926537514,245.893658820,1,1,245.881293419,1,0.001973600,5,1,0.000275321,5,1,0,1,0,0,1,1,1,1,1,1,0.187468758,0.090000000,2.400000000,0.000000000,1,190.258507212,12,1,12,1:-1.251:2.428|2:-0.428:2.425|3:0.392:2.424|4:1.223:2.419|5:1.228:1.589|6:0.405:1.588|7:-0.440:1.588|8:-1.261:1.589|9:-1.185:4.911|10:-0.390:4.902|11:0.375:4.903|12:1.182:4.901,1,29.263432347,pickup,3,0,0.000000000,0.000000000,1,29.263418362,1,received,1,76.802766002,completed,1,74.802101893,0,timed out,1,-1.116059899,-63.945521915,-0.007326126,0.085470200,1,1.551172137,88.875616763,-0.002442360,2.112819672,1,-2.519209146,-144.340051805,-0.002442360,1.388034821,1,0.025749207,1.475320861,0.007326126,-0.090353966,1,-0.002876282,-0.164798804,-0.012210846,-0.003663063,-1.107148409,-63.434931124,0.000000000,0.000000000,13.000000000,2.200000048,1.570796371,90.000002504,0.000000000,1.635578275,25.000000000,8.000000000,-2.530727386,-144.999998343,0.000000000,1.635365009,20.000000000,6.500000000,0.000000000,0.000000000,0.000000000,0.247735515,12.000000000,3.200000048,0.000000000,0.000000000,0.000000000,-0.000019584,0.500000000,0.100000001
2026-07-05 14:59:51.925,1783234791.925714016,246.892835263,1,1,246.880469862,1,0.002080014,5,1,0.000395904,5,1,0,1,0,0,1,1,1,1,1,1,0.539248308,0.090000000,2.400000000,0.000000000,1,191.257683655,12,1,12,1:-1.251:2.428|2:-0.428:2.425|3:0.392:2.424|4:1.223:2.419|5:1.228:1.589|6:0.405:1.588|7:-0.440:1.588|8:-1.261:1.589|9:-1.185:4.911|10:-0.390:4.902|11:0.375:4.903|12:1.182:4.901,1,30.262608790,pickup,3,0,0.000000000,0.000000000,1,30.262594805,1,received,1,77.801942445,completed,1,75.801278336,0,timed out,0,-1.116059899,-63.945521915,-0.007326126,0.090353966,0,1.551172137,88.875616763,-0.002442360,2.112819672,0,-2.519209146,-144.340051805,-0.002442360,1.388034821,0,0.025749207,1.475320861,-0.007326126,-0.095237732,0,-0.002876282,-0.164798804,-0.036628723,-0.003663063,-1.107148409,-63.434931124,0.000000000,0.000000000,13.000000000,2.200000048,1.570796371,90.000002504,0.000000000,1.635578275,25.000000000,8.000000000,-2.530727386,-144.999998343,0.000000000,1.635365009,20.000000000,6.500000000,0.000000000,0.000000000,0.000000000,0.247735515,12.000000000,3.200000048,0.000000000,0.000000000,0.000000000,-0.000019584,0.500000000,0.100000001
2026-07-05 14:59:52.924,1783234792.924844742,247.891966151,1,1,247.879600750,1,0.002191606,5,1,0.000410050,5,1,0,1,0,0,1,1,1,1,1,1,0.068108206,0.090000000,2.400000000,0.000000000,1,192.256814543,12,1,12,1:-1.251:2.428|2:-0.428:2.425|3:0.392:2.424|4:1.223:2.419|5:1.228:1.589|6:0.405:1.588|7:-0.440:1.588|8:-1.261:1.589|9:-1.185:4.911|10:-0.390:4.902|11:0.375:4.903|12:1.182:4.901,1,31.261739678,pickup,3,0,0.000000000,0.000000000,1,31.261725693,1,received,1,78.801073333,completed,1,76.800409224,0,timed out,1,-1.116059899,-63.945521915,-0.007326126,0.085470200,1,1.551172137,88.875616763,-0.002442360,2.099145889,1,-2.519209146,-144.340051805,-0.002442360,1.374359131,1,0.025749207,1.475320861,-0.007326126,-0.090353966,1,-0.002876282,-0.164798804,-0.012210846,-0.001221180,-1.107148409,-63.434931124,0.000000000,0.000000000,13.000000000,2.200000048,1.570796371,90.000002504,0.000000000,1.635578275,25.000000000,8.000000000,-2.530727386,-144.999998343,0.000000000,1.635365009,20.000000000,6.500000000,0.000000000,0.000000000,0.000000000,0.247735515,12.000000000,3.200000048,0.000000000,0.000000000,0.000000000,-0.000019584,0.500000000,0.100000001
2026-07-05 14:59:53.923,1783234793.923930407,248.891051765,1,1,248.878686364,1,0.002027881,5,1,0.000232970,5,1,0,1,0,0,1,1,1,1,1,1,0.062869078,0.090000000,2.400000000,0.000000000,1,193.255900157,12,1,12,1:-1.251:2.428|2:-0.428:2.425|3:0.392:2.424|4:1.223:2.419|5:1.228:1.589|6:0.405:1.588|7:-0.440:1.588|8:-1.261:1.589|9:-1.185:4.911|10:-0.390:4.902|11:0.375:4.903|12:1.182:4.901,1,32.260825292,pickup,3,0,0.000000000,0.000000000,1,32.260811307,1,received,1,79.800158947,completed,1,77.799494838,0,timed out,1,-1.116059899,-63.945521915,-0.007326126,0.090353966,1,1.551172137,88.875616763,-0.002442360,2.112819672,1,-2.519209146,-144.340051805,0.002442360,1.374359131,1,0.025749207,1.475320861,-0.021978378,-0.090353966,1,-0.002876282,-0.164798804,-0.012210846,-0.001221180,-1.107148409,-63.434931124,0.000000000,0.000000000,13.000000000,2.200000048,1.570796371,90.000002504,0.000000000,1.635578275,25.000000000,8.000000000,-2.530727386,-144.999998343,0.000000000,1.635365009,20.000000000,6.500000000,0.000000000,0.000000000,0.000000000,0.247735515,12.000000000,3.200000048,0.000000000,0.000000000,0.000000000,-0.000019584,0.500000000,0.100000001
2026-07-05 14:59:54.923,1783234794.923295975,249.890417354,1,1,249.878051953,1,0.002283729,5,1,0.000496303,5,1,0,1,0,0,1,1,1,1,1,1,0.076245661,0.090000000,2.400000000,0.000000000,1,194.255265746,12,1,12,1:-1.251:2.428|2:-0.428:2.425|3:0.392:2.424|4:1.223:2.419|5:1.228:1.589|6:0.405:1.588|7:-0.440:1.588|8:-1.261:1.589|9:-1.185:4.911|10:-0.390:4.902|11:0.375:4.903|12:1.182:4.901,1,33.260190881,pickup,3,0,0.000000000,0.000000000,1,33.260176896,1,received,1,80.799524536,completed,1,78.798860427,0,timed out,1,-1.115678430,-63.923665310,-0.007326126,0.090353966,1,1.551172137,88.875616763,-0.002442360,2.099145889,1,-2.519209146,-144.340051805,-0.007326126,1.388034821,1,0.025749207,1.475320861,-0.007326126,-0.095237732,1,-0.002876282,-0.164798804,-0.012210846,-0.001221180,-1.107148409,-63.434931124,0.000000000,0.000000000,13.000000000,2.200000048,1.570796371,90.000002504,0.000000000,1.635578275,25.000000000,8.000000000,-2.530727386,-144.999998343,0.000000000,1.635365009,20.000000000,6.500000000,0.000000000,0.000000000,0.000000000,0.247735515,12.000000000,3.200000048,0.000000000,0.000000000,0.000000000,-0.000019584,0.500000000,0.100000001
2026-07-05 14:59:55.922,1783234795.922449827,250.889571457,1,1,250.877206056,1,0.002381281,5,1,0.000242636,5,1,0,1,0,0,1,1,1,1,1,1,0.252273762,0.090000000,2.400000000,0.000000000,1,195.254419849,12,1,12,1:-1.251:2.428|2:-0.428:2.425|3:0.392:2.424|4:1.223:2.419|5:1.228:1.589|6:0.405:1.588|7:-0.440:1.588|8:-1.261:1.589|9:-1.185:4.911|10:-0.390:4.902|11:0.375:4.903|12:1.182:4.901,1,34.259344984,pickup,3,0,0.000000000,0.000000000,1,34.259330999,1,received,1,81.798678639,completed,1,79.798014530,0,timed out,1,-1.116059899,-63.945521915,0.007326126,0.085470200,1,1.551172137,88.875616763,0.002442360,2.112819672,1,-2.519209146,-144.340051805,-0.002442360,1.374359131,1,0.025749207,1.475320861,-0.007326126,-0.090353966,1,-0.002876282,-0.164798804,-0.012210846,-0.003663063,-1.107148409,-63.434931124,0.000000000,0.000000000,13.000000000,2.200000048,1.570796371,90.000002504,0.000000000,1.635578275,25.000000000,8.000000000,-2.530727386,-144.999998343,0.000000000,1.635365009,20.000000000,6.500000000,0.000000000,0.000000000,0.000000000,0.247735515,12.000000000,3.200000048,0.000000000,0.000000000,0.000000000,-0.000019584,0.500000000,0.100000001
2026-07-05 14:59:56.921,1783234796.921672344,251.888793888,1,1,251.876428487,1,0.002101626,5,1,0.000357743,5,1,0,1,0,0,1,1,1,1,1,1,0.147044866,0.090000000,2.400000000,0.000000000,1,196.253642280,12,1,12,1:-1.251:2.428|2:-0.428:2.425|3:0.392:2.424|4:1.223:2.419|5:1.228:1.589|6:0.405:1.588|7:-0.440:1.588|8:-1.261:1.589|9:-1.185:4.911|10:-0.390:4.902|11:0.375:4.903|12:1.182:4.901,1,35.258567415,pickup,3,0,0.000000000,0.000000000,1,35.258553430,1,received,1,82.797901070,completed,1,80.797236961,0,timed out,1,-1.116059899,-63.945521915,-0.007326126,0.090353966,1,1.551172137,88.875616763,-0.002442360,2.112819672,1,-2.519209146,-144.340051805,-0.002442360,1.388034821,1,0.025749207,1.475320861,0.007326126,-0.095237732,1,-0.002876282,-0.164798804,0.012210846,-0.001221180,-1.107148409,-63.434931124,0.000000000,0.000000000,13.000000000,2.200000048,1.570796371,90.000002504,0.000000000,1.635578275,25.000000000,8.000000000,-2.530727386,-144.999998343,0.000000000,1.635365009,20.000000000,6.500000000,0.000000000,0.000000000,0.000000000,0.247735515,12.000000000,3.200000048,0.000000000,0.000000000,0.000000000,-0.000019584,0.500000000,0.100000001
2026-07-05 14:59:57.920,1783234797.920850277,252.887971476,1,1,252.875606075,1,0.002108399,5,1,0.000363732,5,1,0,1,0,0,1,1,1,1,1,1,0.072458454,0.090000000,2.400000000,0.000000000,1,197.252819868,12,1,12,1:-1.251:2.428|2:-0.428:2.425|3:0.392:2.424|4:1.223:2.419|5:1.228:1.589|6:0.405:1.588|7:-0.440:1.588|8:-1.261:1.589|9:-1.185:4.911|10:-0.390:4.902|11:0.375:4.903|12:1.182:4.901,1,36.257745003,pickup,3,0,0.000000000,0.000000000,1,36.257731018,1,received,1,83.797078658,completed,1,81.796414549,0,timed out,1,-1.116059899,-63.945521915,-0.007326126,0.090353966,1,1.551172137,88.875616763,0.002442360,2.099145889,1,-2.519209146,-144.340051805,-0.002442360,1.388034821,1,0.025749207,1.475320861,-0.021978378,-0.090353966,1,-0.002876282,-0.164798804,-0.036628723,-0.003663063,-1.107148409,-63.434931124,0.000000000,0.000000000,13.000000000,2.200000048,1.570796371,90.000002504,0.000000000,1.635578275,25.000000000,8.000000000,-2.530727386,-144.999998343,0.000000000,1.635365009,20.000000000,6.500000000,0.000000000,0.000000000,0.000000000,0.247735515,12.000000000,3.200000048,0.000000000,0.000000000,0.000000000,-0.000019584,0.500000000,0.100000001
2026-07-05 14:59:58.920,1783234798.920116186,253.887237611,1,1,253.874872210,1,0.002340715,5,1,0.000236326,5,1,0,1,0,0,1,1,1,1,1,1,0.018355239,0.090000000,2.400000000,0.000000000,1,198.252086003,12,1,12,1:-1.251:2.428|2:-0.428:2.425|3:0.392:2.424|4:1.223:2.419|5:1.228:1.589|6:0.405:1.588|7:-0.440:1.588|8:-1.261:1.589|9:-1.185:4.911|10:-0.390:4.902|11:0.375:4.903|12:1.182:4.901,1,37.257011138,pickup,3,0,0.000000000,0.000000000,1,37.256997153,1,received,1,84.796344793,completed,1,82.795680684,0,timed out,1,-1.116059899,-63.945521915,0.007326126,0.090353966,1,1.551172137,88.875616763,-0.002442360,2.099145889,1,-2.519209146,-144.340051805,-0.002442360,1.374359131,1,0.025749207,1.475320861,0.007326126,-0.090353966,1,-0.002876282,-0.164798804,-0.061050415,-0.003663063,-1.107148409,-63.434931124,0.000000000,0.000000000,13.000000000,2.200000048,1.570796371,90.000002504,0.000000000,1.635578275,25.000000000,8.000000000,-2.530727386,-144.999998343,0.000000000,1.635365009,20.000000000,6.500000000,0.000000000,0.000000000,0.000000000,0.247735515,12.000000000,3.200000048,0.000000000,0.000000000,0.000000000,-0.000019584,0.500000000,0.100000001
2026-07-05 14:59:59.919,1783234799.919462919,254.886584431,1,1,254.874219030,1,0.002581456,5,1,0.000273923,5,1,0,1,0,0,1,1,1,1,1,1,0.006769045,0.090000000,2.400000000,0.000000000,1,199.251432823,12,1,12,1:-1.251:2.428|2:-0.428:2.425|3:0.392:2.424|4:1.223:2.419|5:1.228:1.589|6:0.405:1.588|7:-0.440:1.588|8:-1.261:1.589|9:-1.185:4.911|10:-0.390:4.902|11:0.375:4.903|12:1.182:4.901,1,38.256357958,pickup,3,0,0.000000000,0.000000000,1,38.256343973,1,received,1,85.795691613,completed,1,83.795027504,0,timed out,1,-1.116059899,-63.945521915,-0.007326126,0.090353966,1,1.551172137,88.875616763,-0.002442360,2.099145889,1,-2.519209146,-144.340051805,0.002442360,1.374359131,1,0.025749207,1.475320861,0.007326126,-0.090353966,1,-0.002492905,-0.142832916,-0.012210846,-0.001221180,-1.107148409,-63.434931124,0.000000000,0.000000000,13.000000000,2.200000048,1.570796371,90.000002504,0.000000000,1.635578275,25.000000000,8.000000000,-2.530727386,-144.999998343,0.000000000,1.635365009,20.000000000,6.500000000,0.000000000,0.000000000,0.000000000,0.247735515,12.000000000,3.200000048,0.000000000,0.000000000,0.000000000,-0.000019584,0.500000000,0.100000001
2026-07-05 15:00:00.918,1783234800.918684959,255.885806248,1,1,255.873440847,1,0.002188533,5,1,0.000247999,5,1,0,1,0,0,1,1,1,1,1,1,0.311964970,0.090000000,2.400000000,0.000000000,1,200.250654640,12,1,12,1:-1.251:2.428|2:-0.428:2.425|3:0.392:2.424|4:1.223:2.419|5:1.228:1.589|6:0.405:1.588|7:-0.440:1.588|8:-1.261:1.589|9:-1.185:4.911|10:-0.390:4.902|11:0.375:4.903|12:1.182:4.901,1,39.255579775,pickup,3,0,0.000000000,0.000000000,1,39.255565790,1,received,1,86.794913430,completed,1,84.794249321,0,timed out,1,-1.116059899,-63.945521915,-0.021978378,0.085470200,1,1.551172137,88.875616763,0.002442360,2.099145889,1,-2.519209146,-144.340051805,-0.002442360,1.374359131,1,0.025749207,1.475320861,-0.007326126,-0.095237732,1,-0.002876282,-0.164798804,-0.012210846,-0.003663063,-1.107148409,-63.434931124,0.000000000,0.000000000,13.000000000,2.200000048,1.570796371,90.000002504,0.000000000,1.635578275,25.000000000,8.000000000,-2.530727386,-144.999998343,0.000000000,1.635365009,20.000000000,6.500000000,0.000000000,0.000000000,0.000000000,0.247735515,12.000000000,3.200000048,0.000000000,0.000000000,0.000000000,-0.000019584,0.500000000,0.100000001
2026-07-05 15:00:01.918,1783234801.917971849,256.885093382,1,1,256.872727981,1,0.001829804,5,1,0.000416520,5,1,0,1,0,0,1,1,1,1,1,1,0.392288090,0.090000000,2.400000000,0.000000000,1,201.249941774,12,1,12,1:-1.251:2.428|2:-0.428:2.425|3:0.392:2.424|4:1.223:2.419|5:1.228:1.589|6:0.405:1.588|7:-0.440:1.588|8:-1.261:1.589|9:-1.185:4.911|10:-0.390:4.902|11:0.375:4.903|12:1.182:4.901,1,0.613405121,pickup,3,0,0.000000000,0.000000000,1,0.613387484,1,received,1,87.794200564,completed,1,85.793536455,0,timed out,1,-1.105378747,-63.333536966,-0.007326126,-0.041514397,1,1.553460956,89.006756395,-0.002442360,2.030769348,1,-2.519209146,-144.340051805,-0.007326126,1.388034821,1,0.014686584,0.841479306,-0.007326126,0.036629677,1,-0.002109528,-0.120867028,0.012210846,-0.001221180,-1.107148409,-63.434931124,0.000000000,0.000000000,13.000000000,2.200000048,1.570796371,90.000002504,0.000000000,1.635578275,25.000000000,8.000000000,-2.530727386,-144.999998343,0.000000000,1.635365009,20.000000000,6.500000000,0.000000000,0.000000000,0.000000000,0.247735515,12.000000000,3.200000048,0.000000000,0.000000000,0.000000000,-0.000019584,0.500000000,0.100000001
2026-07-05 15:00:02.917,1783234802.917276382,257.884397812,1,1,257.872032411,1,0.002535280,5,1,0.000527885,5,1,0,1,0,0,1,1,1,1,1,1,0.008928863,0.090000000,2.400000000,0.000000000,1,202.249246204,12,1,12,1:-1.251:2.428|2:-0.428:2.425|3:0.392:2.424|4:1.223:2.419|5:1.228:1.589|6:0.405:1.588|7:-0.440:1.588|8:-1.261:1.589|9:-1.185:4.911|10:-0.390:4.902|11:0.375:4.903|12:1.182:4.901,1,1.612709551,pickup,3,0,0.000000000,0.000000000,1,1.612691914,1,received,1,88.793504994,completed,1,86.792840885,0,timed out,1,-1.105378747,-63.333536966,-0.007326126,-0.051281929,1,1.553460956,89.006756395,-0.002442360,2.030769348,1,-2.519209146,-144.340051805,-0.002442360,1.388034821,1,0.014686584,0.841479306,-0.021978378,0.036629677,1,-0.002109528,-0.120867028,0.012210846,-0.003663063,-1.107148409,-63.434931124,0.000000000,0.000000000,13.000000000,2.200000048,1.570796371,90.000002504,0.000000000,1.635578275,25.000000000,8.000000000,-2.530727386,-144.999998343,0.000000000,1.635365009,20.000000000,6.500000000,0.000000000,0.000000000,0.000000000,0.247735515,12.000000000,3.200000048,0.000000000,0.000000000,0.000000000,-0.000019584,0.500000000,0.100000001
2026-07-05 15:00:03.916,1783234803.916658878,258.883780489,1,1,258.871415088,1,0.002184664,5,1,0.000348324,5,1,0,1,0,0,1,1,1,1,1,1,0.229153359,0.090000000,2.400000000,0.000000000,1,203.248628881,12,1,12,1:-1.251:2.428|2:-0.428:2.425|3:0.392:2.424|4:1.223:2.419|5:1.228:1.589|6:0.405:1.588|7:-0.440:1.588|8:-1.261:1.589|9:-1.185:4.911|10:-0.390:4.902|11:0.375:4.903|12:1.182:4.901,1,2.612092228,pickup,3,0,0.000000000,0.000000000,1,2.612074591,1,received,1,89.792887671,completed,1,87.792223562,0,timed out,0,-1.077912927,-61.759861381,0.065933228,0.163614273,0,1.358526587,77.837839819,-0.710622787,1.866666794,0,-2.369670153,-135.772098586,1.379731178,3.234188080,0,-0.080681801,-4.622726672,-0.505495071,-0.236874580,0,0.094914436,5.438196617,0.402931213,0.045176983,-1.076838732,-61.698314546,0.099870674,0.280385584,13.000000000,2.200000048,1.336229682,76.560321237,-0.760162592,2.008953571,25.000000000,8.000000000,-2.241946220,-128.454056324,0.970232427,2.254490852,20.000000000,6.500000000,-0.114483200,-6.559404186,-0.452006817,0.161710680,12.000000000,3.200000048,0.099869251,5.722086600,0.356856704,0.052374225,0.500000000,0.100000001
2026-07-05 15:00:04.916,1783234804.916049957,259.883171230,1,1,259.870805829,1,0.002258082,5,1,0.000418316,5,1,0,1,0,0,1,1,1,1,1,1,0.056289371,0.090000000,2.400000000,0.000000000,1,204.248019622,12,1,12,1:-1.251:2.428|2:-0.428:2.425|3:0.392:2.424|4:1.223:2.419|5:1.228:1.589|6:0.405:1.588|7:-0.440:1.588|8:-1.261:1.589|9:-1.185:4.911|10:-0.390:4.902|11:0.375:4.903|12:1.182:4.901,1,3.611482969,pickup,3,0,0.000000000,0.000000000,1,3.611465332,1,received,1,90.792278412,completed,1,88.791614303,0,timed out,1,-0.971480966,-55.661759207,0.065933228,0.271061897,1,0.461296380,26.430335654,-0.412698746,6.666667938,1,-1.206170440,-69.108475569,0.744811058,3.111110687,1,-0.596055984,-34.151492265,-0.344322205,-0.158730507,1,0.515217781,29.519804385,0.061050415,0.050061226,-0.964083970,-55.237942554,0.061544862,0.199570090,13.000000000,2.200000048,0.478000045,27.387385175,-0.468446851,6.345321655,25.000000000,8.000000000,-1.146546125,-65.692254003,0.597901464,2.404947758,20.000000000,6.500000000,-0.624802470,-35.798544572,-0.278547198,0.037035659,12.000000000,3.200000048,0.502763331,28.806216957,0.219911382,0.051392235,0.500000000,0.100000001
2026-07-05 15:00:05.915,1783234805.915373087,260.882494374,1,1,260.870128973,1,0.002271614,5,1,0.000457089,5,1,0,1,0,0,1,1,1,1,1,1,0.055203972,0.090000000,2.400000000,0.000000000,1,205.247342766,12,1,12,1:-1.251:2.428|2:-0.428:2.425|3:0.392:2.424|4:1.223:2.419|5:1.228:1.589|6:0.405:1.588|7:-0.440:1.588|8:-1.261:1.589|9:-1.185:4.911|10:-0.390:4.902|11:0.375:4.903|12:1.182:4.901,1,4.610806113,pickup,3,0,0.000000000,0.000000000,1,4.610788476,1,received,1,91.791601556,completed,1,89.790937447,0,timed out,1,-0.966903329,-55.399479943,0.007326126,0.158730507,1,0.339605629,19.457969266,-0.002442360,2.960683823,1,-1.090964675,-62.507671472,-0.002442360,4.533332825,1,-0.605974197,-34.719764004,-0.021978378,0.886446953,1,0.539378166,30.904092485,-0.036628723,-0.003663063,-0.953082383,-54.607598056,0.000000000,0.000000000,13.000000000,2.200000048,0.171000451,9.797604129,0.000000000,7.194991112,25.000000000,8.000000000,-0.952976227,-54.601515772,0.000000000,1.809769511,20.000000000,6.500000000,-0.538024187,-30.826515196,0.000000000,0.107070997,12.000000000,3.200000048,0.542074084,31.058557213,0.000000000,0.000020068,0.500000000,0.100000001
2026-07-05 15:00:06.914,1783234806.914764643,261.881886096,1,1,261.869520695,1,0.002155960,5,1,0.000316575,5,1,0,1,0,0,1,1,1,1,1,1,0.024286697,0.090000000,2.400000000,0.000000000,1,206.246734488,12,1,12,1:-1.251:2.428|2:-0.428:2.425|3:0.392:2.424|4:1.223:2.419|5:1.228:1.589|6:0.405:1.588|7:-0.440:1.588|8:-1.261:1.589|9:-1.185:4.911|10:-0.390:4.902|11:0.375:4.903|12:1.182:4.901,1,5.610197835,pickup,3,0,0.000000000,0.000000000,1,5.610180198,1,received,1,92.790993278,completed,1,90.790329169,0,timed out,1,-0.966903329,-55.399479943,-0.007326126,0.153845787,1,0.339605629,19.457969266,-0.002442360,2.960683823,1,-1.090964675,-62.507671472,-0.002442360,4.519657135,1,-0.605974197,-34.719764004,-0.007326126,0.896214485,1,0.539378166,30.904092485,0.012210846,-0.001221180,-0.953082383,-54.607598056,0.000000000,0.000000000,13.000000000,2.200000048,0.171000451,9.797604129,0.000000000,7.194991112,25.000000000,8.000000000,-0.952976227,-54.601515772,0.000000000,1.809769511,20.000000000,6.500000000,-0.538024187,-30.826515196,0.000000000,0.107070997,12.000000000,3.200000048,0.542074084,31.058557213,0.000000000,0.000020068,0.500000000,0.100000001
2026-07-05 15:00:07.914,1783234807.914054871,262.881176447,1,1,262.868811046,1,0.001746877,5,1,0.000333399,5,1,0,1,0,0,1,1,1,1,1,1,0.055734381,0.090000000,2.400000000,0.000000000,1,207.246024839,12,1,12,1:-1.251:2.428|2:-0.428:2.425|3:0.392:2.424|4:1.223:2.419|5:1.228:1.589|6:0.405:1.588|7:-0.440:1.588|8:-1.261:1.589|9:-1.185:4.911|10:-0.390:4.902|11:0.375:4.903|12:1.182:4.901,1,6.609488186,pickup,3,0,0.000000000,0.000000000,1,6.609470549,1,received,1,93.790283629,completed,1,91.789619520,0,timed out,1,-0.966903329,-55.399479943,-0.007326126,0.134309769,1,0.339605629,19.457969266,-0.007326126,2.960683823,1,-1.090964675,-62.507671472,-0.002442360,5.203418732,1,-0.605974197,-34.719764004,-0.021978378,0.915750504,1,0.539378166,30.904092485,-0.012210846,-0.003663063,-0.953082383,-54.607598056,0.000000000,0.000000000,12.000000000,3.000000000,0.171000451,9.797604129,0.000000000,7.194991112,25.000000000,8.500000000,-0.952976227,-54.601515772,0.000000000,1.809769511,25.000000000,8.000000000,-0.538024187,-30.826515196,0.000000000,0.107070997,12.500000000,3.200000048,0.542074084,31.058557213,0.000000000,0.000020068,0.800000012,0.200000003
2026-07-05 15:00:08.913,1783234808.913442850,263.880564178,1,1,263.868198777,1,0.001965232,5,1,0.000263484,5,1,0,1,0,0,1,1,1,1,1,1,0.266034114,0.090000000,2.400000000,0.000000000,1,208.245412570,12,1,12,1:-1.251:2.428|2:-0.428:2.425|3:0.392:2.424|4:1.223:2.419|5:1.228:1.589|6:0.405:1.588|7:-0.440:1.588|8:-1.261:1.589|9:-1.185:4.911|10:-0.390:4.902|11:0.375:4.903|12:1.182:4.901,1,7.608875917,pickup,3,0,0.000000000,0.000000000,1,7.608858280,1,received,1,0.668120361,grabbed,1,0.641630001,1,ack,1,-0.933714509,-53.497900636,0.256410599,0.910866737,1,0.433448613,24.834776143,0.446886063,11.083759308,1,-1.143226981,-65.502081046,-0.407814026,1.032478333,1,-0.575074196,-32.949324330,0.124542236,0.358974457,1,0.469200134,26.883187441,-0.573871613,-0.018314838,-0.895139337,-51.287706063,0.292796403,0.423109084,13.000000000,2.200000048,0.541093469,31.002372077,0.822068155,8.000375748,25.000000000,8.000000000,-1.191347599,-68.259189357,-0.409561187,1.767810822,20.000000000,6.500000000,-0.548044562,-31.400640407,0.236352161,0.225265086,12.000000000,3.200000048,0.499345273,28.610376650,-0.163333803,-0.051142581,0.500000000,0.100000001
2026-07-05 15:00:09.912,1783234809.912905455,264.880026894,1,1,264.867661493,1,0.002139685,5,1,0.000396185,5,1,0,1,0,0,1,1,1,1,1,1,0.492924291,0.090000000,2.400000000,0.000000000,1,209.244875286,12,1,12,1:-1.251:2.428|2:-0.428:2.425|3:0.392:2.424|4:1.223:2.419|5:1.228:1.589|6:0.405:1.588|7:-0.440:1.588|8:-1.261:1.589|9:-1.185:4.911|10:-0.390:4.902|11:0.375:4.903|12:1.182:4.901,1,8.608338633,pickup,3,0,0.000000000,0.000000000,1,8.608320996,1,received,1,1.667583077,grabbed,1,1.641092717,1,ack,1,-0.387060732,-22.176946339,0.593406677,0.173381805,1,1.899459243,108.830997971,1.868131638,2.222221375,1,-1.903126121,-109.041094590,-0.866910934,2.249572754,1,-0.172999382,-9.912134448,0.476190567,0.896214485,1,0.203824043,11.678257443,-0.109889984,-0.069597244,-0.370654434,-21.236934724,0.602907717,0.219807044,13.000000000,2.200000048,2.013660431,115.374244064,1.692750335,1.068238258,25.000000000,8.000000000,-1.924992681,-110.293956189,-0.843342245,2.040169954,20.000000000,6.500000000,-0.124668062,-7.142953777,0.486681283,0.463648826,12.000000000,3.200000048,0.206766188,11.846829927,-0.336326540,-0.052090142,0.500000000,0.100000001
2026-07-05 15:00:10.912,1783234810.912286282,265.879407573,1,1,265.867042172,1,0.002539270,5,1,0.000443033,5,1,0,1,0,0,1,1,1,1,1,1,0.003222659,0.090000000,2.400000000,0.000000000,1,210.244255965,12,1,12,1:-1.251:2.428|2:-0.428:2.425|3:0.392:2.424|4:1.223:2.419|5:1.228:1.589|6:0.405:1.588|7:-0.440:1.588|8:-1.261:1.589|9:-1.185:4.911|10:-0.390:4.902|11:0.375:4.903|12:1.182:4.901,1,9.607719312,pickup,3,0,0.000000000,0.000000000,1,9.607701675,1,received,1,2.666963756,grabbed,1,2.640473396,1,ack,1,-0.001769638,-0.101392791,0.095237732,0.085470200,1,3.064485788,175.582102050,0.222222328,-3.466667175,1,-2.420788050,-138.700938343,-0.168498039,1.839315414,1,0.134851456,7.726419272,0.065933228,0.715506554,1,-0.007477760,-0.428444106,0.012210846,-0.054944992,-0.006939908,-0.397627413,0.072223678,0.218837321,13.000000000,2.200000048,3.034841299,173.883597928,0.202778399,-2.632424116,25.000000000,8.000000000,-2.433753490,-139.443803378,-0.101025879,1.988064408,20.000000000,6.500000000,0.168930873,9.679026068,0.058300655,0.381952077,12.000000000,3.200000048,0.003871364,0.221812808,-0.040289316,-0.050134763,0.500000000,0.100000001
2026-07-05 15:00:11.911,1783234811.911676884,266.878798289,1,1,266.866432888,1,0.002462833,5,1,0.000301716,5,1,0,1,0,0,1,1,1,1,1,1,0.700123557,0.090000000,2.400000000,0.000000000,1,211.243646681,12,1,12,1:-1.251:2.428|2:-0.428:2.425|3:0.392:2.424|4:1.223:2.419|5:1.228:1.589|6:0.405:1.588|7:-0.440:1.588|8:-1.261:1.589|9:-1.185:4.911|10:-0.390:4.902|11:0.375:4.903|12:1.182:4.901,1,10.607110028,pickup,3,0,0.000000000,0.000000000,1,10.607092391,1,received,1,0.627461262,completed,1,3.639864112,1,ack,1,0.003189468,0.182743072,0.007326126,-0.070817947,1,3.072496653,176.041090762,-0.002442360,-3.726495743,1,-2.431469202,-139.312923293,-0.002442360,1.880342484,1,0.139429092,7.988698536,-0.007326126,0.715506554,1,-0.006711006,-0.384512330,-0.012210846,-0.001221180,0.000000000,0.000000000,0.000000000,0.000000000,12.000000000,3.000000000,3.054326296,175.000006008,0.000000000,-3.234629154,25.000000000,8.500000000,-2.443460941,-139.999999342,0.000000000,2.209447145,25.000000000,8.000000000,0.174532920,9.999999709,0.000000000,0.305777937,12.500000000,3.200000048,0.000000000,0.000000000,0.000000000,-0.000024143,0.800000012,0.200000003
2026-07-05 15:00:12.911,1783234812.911039114,267.878160532,1,1,267.865795131,1,0.002099089,5,1,0.000409511,5,1,0,1,0,0,1,1,1,1,1,1,0.234432732,0.090000000,2.400000000,0.000000000,1,212.243008924,12,1,12,1:-1.251:2.428|2:-0.428:2.425|3:0.392:2.424|4:1.223:2.419|5:1.228:1.589|6:0.405:1.588|7:-0.440:1.588|8:-1.261:1.589|9:-1.185:4.911|10:-0.390:4.902|11:0.375:4.903|12:1.182:4.901,1,11.606472271,pickup,3,0,0.000000000,0.000000000,1,11.606454634,1,received,1,1.626823505,completed,1,4.639226355,1,ack,1,0.003189468,0.182743072,0.007326126,-0.075701714,1,3.072496653,176.041090762,-0.002442360,-3.726495743,1,-2.431469202,-139.312923293,0.002442360,1.894016266,1,0.139429092,7.988698536,-0.007326126,0.715506554,1,-0.006711006,-0.384512330,-0.012210846,-0.001221180,0.000000000,0.000000000,0.000000000,0.000000000,12.000000000,3.000000000,3.054326296,175.000006008,0.000000000,-3.234629154,25.000000000,8.500000000,-2.443460941,-139.999999342,0.000000000,2.209447145,25.000000000,8.000000000,0.174532920,9.999999709,0.000000000,0.305777937,12.500000000,3.200000048,0.000000000,0.000000000,0.000000000,-0.000024143,0.800000012,0.200000003
2026-07-05 15:00:13.910,1783234813.910429478,268.877550812,1,1,268.865185411,1,0.001961267,5,1,0.000245741,5,1,0,1,0,0,1,1,1,1,1,1,0.121298328,0.090000000,2.400000000,0.000000000,1,213.242399204,12,1,12,1:-1.251:2.428|2:-0.428:2.425|3:0.392:2.424|4:1.223:2.419|5:1.228:1.589|6:0.405:1.588|7:-0.440:1.588|8:-1.261:1.589|9:-1.185:4.911|10:-0.390:4.902|11:0.375:4.903|12:1.182:4.901,1,12.605862551,pickup,3,0,0.000000000,0.000000000,1,12.605844914,1,received,1,2.626213785,completed,1,0.625876904,0,timed out,1,0.003189468,0.182743072,-0.007326126,-0.070817947,1,3.072496653,176.041090762,-0.002442360,-3.726495743,1,-2.431469202,-139.312923293,-0.002442360,1.894016266,1,0.139429092,7.988698536,-0.007326126,0.720390320,1,-0.006711006,-0.384512330,-0.012210846,-0.001221180,0.000000000,0.000000000,0.000000000,0.000000000,12.000000000,3.000000000,3.054326296,175.000006008,0.000000000,-3.234629154,25.000000000,8.500000000,-2.443460941,-139.999999342,0.000000000,2.209447145,25.000000000,8.000000000,0.174532920,9.999999709,0.000000000,0.305777937,12.500000000,3.200000048,0.000000000,0.000000000,0.000000000,-0.000024143,0.800000012,0.200000003
2026-07-05 15:00:14.909,1783234814.909822702,269.876944191,1,1,269.864578790,1,0.002168595,5,1,0.000471897,5,1,0,1,0,0,1,1,1,1,1,1,0.580828283,0.090000000,2.400000000,0.000000000,1,214.241792583,12,1,12,1:-1.251:2.428|2:-0.428:2.425|3:0.392:2.424|4:1.223:2.419|5:1.228:1.589|6:0.405:1.588|7:-0.440:1.588|8:-1.261:1.589|9:-1.185:4.911|10:-0.390:4.902|11:0.375:4.903|12:1.182:4.901,1,13.605255930,pickup,3,0,0.000000000,0.000000000,1,13.605238293,1,received,1,3.625607164,completed,1,1.625270283,0,timed out,1,0.003189468,0.182743072,-0.007326126,-0.070817947,1,3.072496653,176.041090762,-0.002442360,-3.726495743,1,-2.431469202,-139.312923293,-0.002442360,1.894016266,1,0.139429092,7.988698536,-0.007326126,0.710622787,1,-0.006711006,-0.384512330,-0.036628723,-0.001221180,0.000000000,0.000000000,0.000000000,0.000000000,12.000000000,3.000000000,3.054326296,175.000006008,0.000000000,-3.234629154,25.000000000,8.500000000,-2.443460941,-139.999999342,0.000000000,2.209447145,25.000000000,8.000000000,0.174532920,9.999999709,0.000000000,0.305777937,12.500000000,3.200000048,0.000000000,0.000000000,0.000000000,-0.000024143,0.800000012,0.200000003
2026-07-05 15:00:15.909,1783234815.909264565,270.876386089,1,1,270.864020688,1,0.001971007,5,1,0.000164746,5,1,0,1,0,0,1,1,1,1,1,1,1.580270181,0.090000000,2.400000000,0.000000000,1,215.241234481,12,1,12,1:-1.251:2.428|2:-0.428:2.425|3:0.392:2.424|4:1.223:2.419|5:1.228:1.589|6:0.405:1.588|7:-0.440:1.588|8:-1.261:1.589|9:-1.185:4.911|10:-0.390:4.902|11:0.375:4.903|12:1.182:4.901,1,14.604697828,pickup,3,0,0.000000000,0.000000000,1,14.604680191,1,received,1,4.625049062,completed,1,2.624712181,0,timed out,1,0.003189468,0.182743072,-0.021978378,-0.070817947,1,3.072496653,176.041090762,-0.002442360,-3.726495743,1,-2.431469202,-139.312923293,-0.002442360,1.880342484,1,0.139429092,7.988698536,-0.007326126,0.720390320,1,-0.006711006,-0.384512330,-0.012210846,-0.001221180,0.000000000,0.000000000,0.000000000,0.000000000,12.000000000,3.000000000,3.054326296,175.000006008,0.000000000,-3.234629154,25.000000000,8.500000000,-2.443460941,-139.999999342,0.000000000,2.209447145,25.000000000,8.000000000,0.174532920,9.999999709,0.000000000,0.305777937,12.500000000,3.200000048,0.000000000,0.000000000,0.000000000,-0.000024143,0.800000012,0.200000003
2026-07-05 15:00:16.908,1783234816.908657312,271.875778959,1,1,271.863413558,1,0.002002061,5,1,0.000267424,5,1,0,1,0,0,1,1,1,1,1,1,2.579663051,0.090000000,2.400000000,0.000000000,1,216.240627351,12,1,12,1:-1.251:2.428|2:-0.428:2.425|3:0.392:2.424|4:1.223:2.419|5:1.228:1.589|6:0.405:1.588|7:-0.440:1.588|8:-1.261:1.589|9:-1.185:4.911|10:-0.390:4.902|11:0.375:4.903|12:1.182:4.901,1,15.604090698,pickup,3,0,0.000000000,0.000000000,1,15.604073061,1,received,1,5.624441932,completed,1,3.624105051,0,timed out,1,0.003189468,0.182743072,-0.007326126,-0.070817947,1,3.072496653,176.041090762,-0.007326126,-3.726495743,1,-2.431469202,-139.312923293,-0.002442360,1.880342484,1,0.139429092,7.988698536,-0.007326126,0.710622787,1,-0.006711006,-0.384512330,-0.036628723,-0.001221180,0.000000000,0.000000000,0.000000000,0.000000000,12.000000000,3.000000000,3.054326296,175.000006008,0.000000000,-3.234629154,25.000000000,8.500000000,-2.443460941,-139.999999342,0.000000000,2.209447145,25.000000000,8.000000000,0.174532920,9.999999709,0.000000000,0.305777937,12.500000000,3.200000048,0.000000000,0.000000000,0.000000000,-0.000024143,0.800000012,0.200000003
2026-07-05 15:00:17.908,1783234817.908108234,272.875229787,1,1,272.862864386,1,0.002021099,5,1,0.000297802,5,1,0,1,0,0,1,1,1,1,1,1,3.579113879,0.090000000,2.400000000,0.000000000,1,217.240078179,12,1,12,1:-1.251:2.428|2:-0.428:2.425|3:0.392:2.424|4:1.223:2.419|5:1.228:1.589|6:0.405:1.588|7:-0.440:1.588|8:-1.261:1.589|9:-1.185:4.911|10:-0.390:4.902|11:0.375:4.903|12:1.182:4.901,1,16.603541526,pickup,3,0,0.000000000,0.000000000,1,16.603523889,1,received,1,6.623892760,completed,1,4.623555879,0,timed out,1,0.003189468,0.182743072,-0.007326126,-0.070817947,1,3.072496653,176.041090762,-0.002442360,-3.726495743,1,-2.431469202,-139.312923293,0.002442360,1.880342484,1,0.139429092,7.988698536,-0.007326126,0.720390320,1,-0.006711006,-0.384512330,-0.012210846,-0.001221180,0.000000000,0.000000000,0.000000000,0.000000000,12.000000000,3.000000000,3.054326296,175.000006008,0.000000000,-3.234629154,25.000000000,8.500000000,-2.443460941,-139.999999342,0.000000000,2.209447145,25.000000000,8.000000000,0.174532920,9.999999709,0.000000000,0.305777937,12.500000000,3.200000048,0.000000000,0.000000000,0.000000000,-0.000024143,0.800000012,0.200000003
2026-07-05 15:00:18.907,1783234818.907556295,273.874677881,1,1,273.862312480,1,0.002458069,5,1,0.000327074,5,1,0,1,0,0,1,1,1,1,1,1,4.578561973,0.090000000,2.400000000,0.000000000,1,218.239526273,12,1,12,1:-1.251:2.428|2:-0.428:2.425|3:0.392:2.424|4:1.223:2.419|5:1.228:1.589|6:0.405:1.588|7:-0.440:1.588|8:-1.261:1.589|9:-1.185:4.911|10:-0.390:4.902|11:0.375:4.903|12:1.182:4.901,1,17.602989620,pickup,3,0,0.000000000,0.000000000,1,17.602971983,1,received,1,7.623340854,completed,1,5.623003973,0,timed out,1,0.003189468,0.182743072,-0.021978378,-0.065934181,1,3.072496653,176.041090762,0.002442360,-3.726495743,1,-2.431469202,-139.312923293,-0.002442360,1.894016266,1,0.139429092,7.988698536,-0.007326126,0.720390320,1,-0.006711006,-0.384512330,-0.036628723,0.001221180,0.000000000,0.000000000,0.000000000,0.000000000,12.000000000,3.000000000,3.054326296,175.000006008,0.000000000,-3.234629154,25.000000000,8.500000000,-2.443460941,-139.999999342,0.000000000,2.209447145,25.000000000,8.000000000,0.174532920,9.999999709,0.000000000,0.305777937,12.500000000,3.200000048,0.000000000,0.000000000,0.000000000,-0.000024143,0.800000012,0.200000003
2026-07-05 15:00:19.907,1783234819.906978369,274.874099672,1,1,274.861734271,1,0.001927931,5,1,0.000331218,5,1,0,1,0,0,1,1,1,1,1,1,5.577983764,0.090000000,2.400000000,0.000000000,1,219.238948064,12,1,12,1:-1.251:2.428|2:-0.428:2.425|3:0.392:2.424|4:1.223:2.419|5:1.228:1.589|6:0.405:1.588|7:-0.440:1.588|8:-1.261:1.589|9:-1.185:4.911|10:-0.390:4.902|11:0.375:4.903|12:1.182:4.901,1,18.602411411,pickup,3,0,0.000000000,0.000000000,1,18.602393774,1,received,1,8.622762645,completed,1,6.622425764,0,timed out,1,0.003189468,0.182743072,-0.007326126,-0.070817947,1,3.072496653,176.041090762,-0.002442360,-3.712820053,1,-2.431469202,-139.312923293,-0.002442360,1.880342484,1,0.139429092,7.988698536,-0.021978378,0.715506554,1,-0.006711006,-0.384512330,-0.012210846,0.001221180,0.000000000,0.000000000,0.000000000,0.000000000,12.000000000,3.000000000,3.054326296,175.000006008,0.000000000,-3.234629154,25.000000000,8.500000000,-2.443460941,-139.999999342,0.000000000,2.209447145,25.000000000,8.000000000,0.174532920,9.999999709,0.000000000,0.305777937,12.500000000,3.200000048,0.000000000,0.000000000,0.000000000,-0.000024143,0.800000012,0.200000003
2026-07-05 15:00:20.906,1783234820.906391144,275.873512410,1,1,275.861147009,1,0.001908446,5,1,0.000123702,5,1,0,1,0,0,1,1,1,1,1,1,6.577396502,0.090000000,2.400000000,0.000000000,1,220.238360802,12,1,12,1:-1.251:2.428|2:-0.428:2.425|3:0.392:2.424|4:1.223:2.419|5:1.228:1.589|6:0.405:1.588|7:-0.440:1.588|8:-1.261:1.589|9:-1.185:4.911|10:-0.390:4.902|11:0.375:4.903|12:1.182:4.901,1,19.601824149,pickup,3,0,0.000000000,0.000000000,1,19.601806512,1,received,1,9.622175383,completed,1,7.621838502,0,timed out,1,0.003189468,0.182743072,-0.021978378,-0.070817947,1,3.072496653,176.041090762,-0.002442360,-3.726495743,1,-2.431469202,-139.312923293,-0.002442360,1.880342484,1,0.139429092,7.988698536,-0.007326126,0.710622787,1,-0.006711006,-0.384512330,0.036628723,0.001221180,0.000000000,0.000000000,0.000000000,0.000000000,12.000000000,3.000000000,3.054326296,175.000006008,0.000000000,-3.234629154,25.000000000,8.500000000,-2.443460941,-139.999999342,0.000000000,2.209447145,25.000000000,8.000000000,0.174532920,9.999999709,0.000000000,0.305777937,12.500000000,3.200000048,0.000000000,0.000000000,0.000000000,-0.000024143,0.800000012,0.200000003
2026-07-05 15:00:21.905,1783234821.905838490,276.872960047,1,1,276.860594646,1,0.002053007,5,1,0.000167727,5,1,0,1,0,0,1,1,1,1,1,1,7.576844139,0.090000000,2.400000000,0.000000000,1,221.237808439,12,1,12,1:-1.251:2.428|2:-0.428:2.425|3:0.392:2.424|4:1.223:2.419|5:1.228:1.589|6:0.405:1.588|7:-0.440:1.588|8:-1.261:1.589|9:-1.185:4.911|10:-0.390:4.902|11:0.375:4.903|12:1.182:4.901,1,20.601271786,pickup,3,0,0.000000000,0.000000000,1,20.601254149,1,received,1,10.621623020,completed,1,8.621286139,0,timed out,1,0.003189468,0.182743072,-0.007326126,-0.070817947,1,3.072496653,176.041090762,-0.002442360,-3.740171432,1,-2.431469202,-139.312923293,-0.002442360,1.880342484,1,0.139429092,7.988698536,0.007326126,0.720390320,1,-0.006711006,-0.384512330,-0.036628723,0.001221180,0.000000000,0.000000000,0.000000000,0.000000000,12.000000000,3.000000000,3.054326296,175.000006008,0.000000000,-3.234629154,25.000000000,8.500000000,-2.443460941,-139.999999342,0.000000000,2.209447145,25.000000000,8.000000000,0.174532920,9.999999709,0.000000000,0.305777937,12.500000000,3.200000048,0.000000000,0.000000000,0.000000000,-0.000024143,0.800000012,0.200000003
2026-07-05 15:00:22.905,1783234822.905294180,277.872415509,1,1,277.860050108,1,0.002421243,5,1,0.000205183,5,1,0,1,0,0,1,1,1,1,1,1,0.225539845,0.090000000,2.400000000,0.000000000,1,222.237263901,12,1,12,1:-1.251:2.428|2:-0.428:2.425|3:0.392:2.424|4:1.223:2.419|5:1.228:1.589|6:0.405:1.588|7:-0.440:1.588|8:-1.261:1.589|9:-1.185:4.911|10:-0.390:4.902|11:0.375:4.903|12:1.182:4.901,1,21.600727248,pickup,3,0,0.000000000,0.000000000,1,21.600709611,1,received,1,11.621078482,completed,1,9.620741601,0,timed out,1,0.003189468,0.182743072,-0.007326126,-0.070817947,1,3.072496653,176.041090762,-0.002442360,-3.726495743,1,-2.431469202,-139.312923293,0.002442360,1.880342484,1,0.139429092,7.988698536,-0.021978378,0.705739021,1,-0.007094383,-0.406478218,-0.012210846,-0.001221180,0.000000000,0.000000000,0.000000000,0.000000000,12.000000000,3.000000000,3.054326296,175.000006008,0.000000000,-3.234629154,25.000000000,8.500000000,-2.443460941,-139.999999342,0.000000000,2.209447145,25.000000000,8.000000000,0.174532920,9.999999709,0.000000000,0.305777937,12.500000000,3.200000048,0.000000000,0.000000000,0.000000000,-0.000024143,0.800000012,0.200000003
2026-07-05 15:00:23.904,1783234823.904737949,278.871859374,1,1,278.859493973,1,0.002291633,5,1,0.000174900,5,1,0,1,0,0,1,1,1,1,1,1,1.224983710,0.090000000,2.400000000,0.000000000,1,223.236707766,12,1,12,1:-1.251:2.428|2:-0.428:2.425|3:0.392:2.424|4:1.223:2.419|5:1.228:1.589|6:0.405:1.588|7:-0.440:1.588|8:-1.261:1.589|9:-1.185:4.911|10:-0.390:4.902|11:0.375:4.903|12:1.182:4.901,1,22.600171113,pickup,3,0,0.000000000,0.000000000,1,22.600153476,1,received,1,12.620522347,completed,1,10.620185466,0,timed out,1,0.003189468,0.182743072,0.007326126,-0.070817947,1,3.072496653,176.041090762,-0.002442360,-3.740171432,1,-2.431469202,-139.312923293,-0.002442360,1.894016266,1,0.139429092,7.988698536,-0.007326126,0.715506554,1,-0.006711006,-0.384512330,-0.012210846,-0.001221180,0.000000000,0.000000000,0.000000000,0.000000000,12.000000000,3.000000000,3.054326296,175.000006008,0.000000000,-3.234629154,25.000000000,8.500000000,-2.443460941,-139.999999342,0.000000000,2.209447145,25.000000000,8.000000000,0.174532920,9.999999709,0.000000000,0.305777937,12.500000000,3.200000048,0.000000000,0.000000000,0.000000000,-0.000024143,0.800000012,0.200000003
2026-07-05 15:00:24.904,1783234824.904255629,279.871377125,1,1,279.859011724,1,0.002390090,5,1,0.000259953,5,1,0,1,0,0,1,1,1,1,1,1,2.224501461,0.090000000,2.400000000,0.000000000,1,224.236225517,12,1,12,1:-1.251:2.428|2:-0.428:2.425|3:0.392:2.424|4:1.223:2.419|5:1.228:1.589|6:0.405:1.588|7:-0.440:1.588|8:-1.261:1.589|9:-1.185:4.911|10:-0.390:4.902|11:0.375:4.903|12:1.182:4.901,1,23.599688864,pickup,3,0,0.000000000,0.000000000,1,23.599671227,1,received,1,13.620040098,completed,1,11.619703217,0,timed out,1,0.003189468,0.182743072,-0.007326126,-0.070817947,1,3.072496653,176.041090762,-0.002442360,-3.726495743,1,-2.431469202,-139.312923293,-0.002442360,1.894016266,1,0.139429092,7.988698536,0.007326126,0.710622787,1,-0.006711006,-0.384512330,-0.036628723,-0.001221180,0.000000000,0.000000000,0.000000000,0.000000000,12.000000000,3.000000000,3.054326296,175.000006008,0.000000000,-3.234629154,25.000000000,8.500000000,-2.443460941,-139.999999342,0.000000000,2.209447145,25.000000000,8.000000000,0.174532920,9.999999709,0.000000000,0.305777937,12.500000000,3.200000048,0.000000000,0.000000000,0.000000000,-0.000024143,0.800000012,0.200000003
2026-07-05 15:00:25.903,1783234825.903653860,280.870775423,1,1,280.858410022,1,0.002406294,5,1,0.000214144,5,1,0,1,0,0,1,1,1,1,1,1,3.223899759,0.090000000,2.400000000,0.000000000,1,225.235623815,12,1,12,1:-1.251:2.428|2:-0.428:2.425|3:0.392:2.424|4:1.223:2.419|5:1.228:1.589|6:0.405:1.588|7:-0.440:1.588|8:-1.261:1.589|9:-1.185:4.911|10:-0.390:4.902|11:0.375:4.903|12:1.182:4.901,1,24.599087162,pickup,3,0,0.000000000,0.000000000,1,24.599069525,1,received,1,14.619438396,completed,1,12.619101515,0,timed out,1,0.003189468,0.182743072,0.007326126,-0.070817947,1,3.072496653,176.041090762,-0.002442360,-3.740171432,1,-2.431469202,-139.312923293,-0.007326126,1.880342484,1,0.139429092,7.988698536,-0.007326126,0.715506554,1,-0.006711006,-0.384512330,0.012210846,0.001221180,0.000000000,0.000000000,0.000000000,0.000000000,12.000000000,3.000000000,3.054326296,175.000006008,0.000000000,-3.234629154,25.000000000,8.500000000,-2.443460941,-139.999999342,0.000000000,2.209447145,25.000000000,8.000000000,0.174532920,9.999999709,0.000000000,0.305777937,12.500000000,3.200000048,0.000000000,0.000000000,0.000000000,-0.000024143,0.800000012,0.200000003
2026-07-05 15:00:26.903,1783234826.903146744,281.870268145,1,1,281.857902744,1,0.002471747,5,1,0.000251470,5,1,0,1,0,0,1,1,1,1,1,1,4.223392481,0.090000000,2.400000000,0.000000000,1,226.235116537,12,1,12,1:-1.251:2.428|2:-0.428:2.425|3:0.392:2.424|4:1.223:2.419|5:1.228:1.589|6:0.405:1.588|7:-0.440:1.588|8:-1.261:1.589|9:-1.185:4.911|10:-0.390:4.902|11:0.375:4.903|12:1.182:4.901,1,25.598579884,pickup,3,0,0.000000000,0.000000000,1,25.598562247,1,received,1,15.618931118,completed,1,13.618594237,0,timed out,1,0.003189468,0.182743072,-0.007326126,-0.070817947,1,3.072496653,176.041090762,0.002442360,-3.726495743,1,-2.431469202,-139.312923293,-0.002442360,1.894016266,1,0.139429092,7.988698536,-0.007326126,0.715506554,1,-0.006711006,-0.384512330,0.012210846,0.001221180,0.000000000,0.000000000,0.000000000,0.000000000,12.000000000,3.000000000,3.054326296,175.000006008,0.000000000,-3.234629154,25.000000000,8.500000000,-2.443460941,-139.999999342,0.000000000,2.209447145,25.000000000,8.000000000,0.174532920,9.999999709,0.000000000,0.305777937,12.500000000,3.200000048,0.000000000,0.000000000,0.000000000,-0.000024143,0.800000012,0.200000003
2026-07-05 15:00:27.902,1783234827.902610540,282.869731899,1,1,282.857366498,1,0.002206991,5,1,0.000326167,5,1,0,1,0,0,1,1,1,1,1,1,5.222856235,0.090000000,2.400000000,0.000000000,1,227.234580291,12,1,12,1:-1.251:2.428|2:-0.428:2.425|3:0.392:2.424|4:1.223:2.419|5:1.228:1.589|6:0.405:1.588|7:-0.440:1.588|8:-1.261:1.589|9:-1.185:4.911|10:-0.390:4.902|11:0.375:4.903|12:1.182:4.901,1,26.598043638,pickup,3,0,0.000000000,0.000000000,1,26.598026001,1,received,1,16.618394872,completed,1,14.618057991,0,timed out,1,0.003189468,0.182743072,-0.007326126,-0.075701714,1,3.072496653,176.041090762,-0.002442360,-3.726495743,1,-2.431469202,-139.312923293,-0.002442360,1.880342484,1,0.139429092,7.988698536,-0.021978378,0.705739021,1,-0.006711006,-0.384512330,0.012210846,-0.001221180,0.000000000,0.000000000,0.000000000,0.000000000,12.000000000,3.000000000,3.054326296,175.000006008,0.000000000,-3.234629154,25.000000000,8.500000000,-2.443460941,-139.999999342,0.000000000,2.209447145,25.000000000,8.000000000,0.174532920,9.999999709,0.000000000,0.305777937,12.500000000,3.200000048,0.000000000,0.000000000,0.000000000,-0.000024143,0.800000012,0.200000003
2026-07-05 15:00:28.902,1783234828.902106762,283.869228286,1,1,283.856862885,1,0.002287153,5,1,0.000446479,5,1,0,1,0,0,1,1,1,1,1,1,0.075019581,0.090000000,2.400000000,0.000000000,1,228.234076678,12,1,12,1:-1.251:2.428|2:-0.428:2.425|3:0.392:2.424|4:1.223:2.419|5:1.228:1.589|6:0.405:1.588|7:-0.440:1.588|8:-1.261:1.589|9:-1.185:4.911|10:-0.390:4.902|11:0.375:4.903|12:1.182:4.901,1,27.597540025,pickup,3,0,0.000000000,0.000000000,1,27.597522388,1,received,1,17.617891259,completed,1,15.617554378,0,timed out,1,0.003189468,0.182743072,-0.007326126,-0.070817947,1,3.072496653,176.041090762,-0.002442360,-3.726495743,1,-2.431469202,-139.312923293,-0.002442360,1.894016266,1,0.139429092,7.988698536,-0.021978378,0.710622787,1,-0.006711006,-0.384512330,-0.012210846,-0.001221180,0.000000000,0.000000000,0.000000000,0.000000000,12.000000000,3.000000000,3.054326296,175.000006008,0.000000000,-3.234629154,25.000000000,8.500000000,-2.443460941,-139.999999342,0.000000000,2.209447145,25.000000000,8.000000000,0.174532920,9.999999709,0.000000000,0.305777937,12.500000000,3.200000048,0.000000000,0.000000000,0.000000000,-0.000024143,0.800000012,0.200000003
2026-07-05 15:00:29.901,1783234829.901564598,284.868686085,1,1,284.856320684,1,0.002103806,5,1,0.000440661,5,1,0,1,0,0,1,1,1,1,1,1,1.074477380,0.090000000,2.400000000,0.000000000,1,229.233534477,12,1,12,1:-1.251:2.428|2:-0.428:2.425|3:0.392:2.424|4:1.223:2.419|5:1.228:1.589|6:0.405:1.588|7:-0.440:1.588|8:-1.261:1.589|9:-1.185:4.911|10:-0.390:4.902|11:0.375:4.903|12:1.182:4.901,1,28.596997824,pickup,3,0,0.000000000,0.000000000,1,28.596980187,1,received,1,18.617349058,completed,1,16.617012177,0,timed out,1,0.003189468,0.182743072,-0.007326126,-0.070817947,1,3.072496653,176.041090762,-0.007326126,-3.726495743,1,-2.431469202,-139.312923293,-0.002442360,1.880342484,1,0.139429092,7.988698536,-0.007326126,0.715506554,1,-0.006711006,-0.384512330,-0.036628723,-0.001221180,0.000000000,0.000000000,0.000000000,0.000000000,12.000000000,3.000000000,3.054326296,175.000006008,0.000000000,-3.234629154,25.000000000,8.500000000,-2.443460941,-139.999999342,0.000000000,2.209447145,25.000000000,8.000000000,0.174532920,9.999999709,0.000000000,0.305777937,12.500000000,3.200000048,0.000000000,0.000000000,0.000000000,-0.000024143,0.800000012,0.200000003
2026-07-05 15:00:30.901,1783234830.901015759,285.868137316,1,1,285.855771915,1,0.001932478,5,1,0.000282714,5,1,0,1,0,0,1,1,1,1,1,1,2.073928611,0.090000000,2.400000000,0.000000000,1,230.232985708,12,1,12,1:-1.251:2.428|2:-0.428:2.425|3:0.392:2.424|4:1.223:2.419|5:1.228:1.589|6:0.405:1.588|7:-0.440:1.588|8:-1.261:1.589|9:-1.185:4.911|10:-0.390:4.902|11:0.375:4.903|12:1.182:4.901,1,29.596449055,pickup,3,0,0.000000000,0.000000000,1,29.596431418,1,received,1,19.616800289,completed,1,17.616463408,0,timed out,1,0.003189468,0.182743072,-0.007326126,-0.070817947,1,3.072496653,176.041090762,-0.002442360,-3.726495743,1,-2.431469202,-139.312923293,-0.002442360,1.880342484,1,0.139429092,7.988698536,-0.007326126,0.705739021,1,-0.006711006,-0.384512330,-0.012210846,-0.001221180,0.000000000,0.000000000,0.000000000,0.000000000,12.000000000,3.000000000,3.054326296,175.000006008,0.000000000,-3.234629154,25.000000000,8.500000000,-2.443460941,-139.999999342,0.000000000,2.209447145,25.000000000,8.000000000,0.174532920,9.999999709,0.000000000,0.305777937,12.500000000,3.200000048,0.000000000,0.000000000,0.000000000,-0.000024143,0.800000012,0.200000003
2026-07-05 15:00:31.900,1783234831.900496483,286.867617825,1,1,286.855252424,1,0.002110106,5,1,0.000358439,5,1,0,1,0,0,1,1,1,1,1,1,3.073409120,0.090000000,2.400000000,0.000000000,1,231.232466217,12,1,12,1:-1.251:2.428|2:-0.428:2.425|3:0.392:2.424|4:1.223:2.419|5:1.228:1.589|6:0.405:1.588|7:-0.440:1.588|8:-1.261:1.589|9:-1.185:4.911|10:-0.390:4.902|11:0.375:4.903|12:1.182:4.901,1,30.595929564,pickup,3,0,0.000000000,0.000000000,1,30.595911927,1,received,1,20.616280798,completed,1,18.615943917,0,timed out,1,0.003189468,0.182743072,0.007326126,-0.070817947,1,3.072496653,176.041090762,-0.002442360,-3.726495743,1,-2.431469202,-139.312923293,-0.002442360,1.894016266,1,0.139429092,7.988698536,-0.007326126,0.710622787,1,-0.006711006,-0.384512330,-0.036628723,-0.001221180,0.000000000,0.000000000,0.000000000,0.000000000,12.000000000,3.000000000,3.054326296,175.000006008,0.000000000,-3.234629154,25.000000000,8.500000000,-2.443460941,-139.999999342,0.000000000,2.209447145,25.000000000,8.000000000,0.174532920,9.999999709,0.000000000,0.305777937,12.500000000,3.200000048,0.000000000,0.000000000,0.000000000,-0.000024143,0.800000012,0.200000003
2026-07-05 15:00:32.900,1783234832.899980783,287.867102282,1,1,287.854736881,1,0.002130954,5,1,0.000369592,5,1,0,1,0,0,1,1,1,1,1,1,4.072893577,0.090000000,2.400000000,0.000000000,1,232.231950674,12,1,12,1:-1.251:2.428|2:-0.428:2.425|3:0.392:2.424|4:1.223:2.419|5:1.228:1.589|6:0.405:1.588|7:-0.440:1.588|8:-1.261:1.589|9:-1.185:4.911|10:-0.390:4.902|11:0.375:4.903|12:1.182:4.901,1,31.595414021,pickup,3,0,0.000000000,0.000000000,1,31.595396384,1,received,1,21.615765255,completed,1,19.615428374,0,timed out,1,0.003189468,0.182743072,-0.007326126,-0.065934181,1,3.072496653,176.041090762,-0.007326126,-3.726495743,1,-2.431469202,-139.312923293,0.002442360,1.894016266,1,0.139429092,7.988698536,-0.021978378,0.705739021,1,-0.006711006,-0.384512330,-0.036628723,-0.001221180,0.000000000,0.000000000,0.000000000,0.000000000,12.000000000,3.000000000,3.054326296,175.000006008,0.000000000,-3.234629154,25.000000000,8.500000000,-2.443460941,-139.999999342,0.000000000,2.209447145,25.000000000,8.000000000,0.174532920,9.999999709,0.000000000,0.305777937,12.500000000,3.200000048,0.000000000,0.000000000,0.000000000,-0.000024143,0.800000012,0.200000003
2026-07-05 15:00:33.899,1783234833.899401903,288.866523366,1,1,288.854157965,1,0.002239153,5,1,0.000259736,5,1,0,1,0,0,1,1,1,1,1,1,5.072314661,0.090000000,2.400000000,0.000000000,1,233.231371758,12,1,12,1:-1.251:2.428|2:-0.428:2.425|3:0.392:2.424|4:1.223:2.419|5:1.228:1.589|6:0.405:1.588|7:-0.440:1.588|8:-1.261:1.589|9:-1.185:4.911|10:-0.390:4.902|11:0.375:4.903|12:1.182:4.901,1,32.594835105,pickup,3,0,0.000000000,0.000000000,1,32.594817468,1,received,1,22.615186339,completed,1,20.614849458,0,timed out,1,0.003189468,0.182743072,0.007326126,-0.070817947,1,3.072496653,176.041090762,-0.002442360,-3.712820053,1,-2.431469202,-139.312923293,-0.002442360,1.880342484,1,0.139429092,7.988698536,-0.021978378,0.715506554,1,-0.006711006,-0.384512330,-0.012210846,-0.001221180,0.000000000,0.000000000,0.000000000,0.000000000,12.000000000,3.000000000,3.054326296,175.000006008,0.000000000,-3.234629154,25.000000000,8.500000000,-2.443460941,-139.999999342,0.000000000,2.209447145,25.000000000,8.000000000,0.174532920,9.999999709,0.000000000,0.305777937,12.500000000,3.200000048,0.000000000,0.000000000,0.000000000,-0.000024143,0.800000012,0.200000003
2026-07-05 15:00:34.898,1783234834.898819447,289.865940670,1,1,289.853575269,1,0.001898116,5,1,0.000023343,5,1,0,1,0,0,1,1,1,1,1,1,6.071731965,0.090000000,2.400000000,0.000000000,1,234.230789062,12,1,12,1:-1.251:2.428|2:-0.428:2.425|3:0.392:2.424|4:1.223:2.419|5:1.228:1.589|6:0.405:1.588|7:-0.440:1.588|8:-1.261:1.589|9:-1.185:4.911|10:-0.390:4.902|11:0.375:4.903|12:1.182:4.901,1,33.594252409,pickup,3,0,0.000000000,0.000000000,1,33.594234772,1,received,1,23.614603643,completed,1,21.614266762,0,timed out,1,0.003189468,0.182743072,-0.021978378,-0.075701714,1,3.072496653,176.041090762,-0.002442360,-3.712820053,1,-2.431469202,-139.312923293,-0.002442360,1.894016266,1,0.139429092,7.988698536,-0.007326126,0.705739021,1,-0.006711006,-0.384512330,-0.012210846,-0.001221180,0.000000000,0.000000000,0.000000000,0.000000000,12.000000000,3.000000000,3.054326296,175.000006008,0.000000000,-3.234629154,25.000000000,8.500000000,-2.443460941,-139.999999342,0.000000000,2.209447145,25.000000000,8.000000000,0.174532920,9.999999709,0.000000000,0.305777937,12.500000000,3.200000048,0.000000000,0.000000000,0.000000000,-0.000024143,0.800000012,0.200000003
2026-07-05 15:00:35.898,1783234835.898622036,290.865743487,1,1,290.853378086,1,0.002129122,5,1,0.000201059,5,1,0,1,0,0,1,1,1,1,1,1,7.071534782,0.090000000,2.400000000,0.000000000,1,235.230591879,12,1,12,1:-1.251:2.428|2:-0.428:2.425|3:0.392:2.424|4:1.223:2.419|5:1.228:1.589|6:0.405:1.588|7:-0.440:1.588|8:-1.261:1.589|9:-1.185:4.911|10:-0.390:4.902|11:0.375:4.903|12:1.182:4.901,1,34.594055226,pickup,3,0,0.000000000,0.000000000,1,34.594037589,1,received,1,24.614406460,completed,1,22.614069579,0,timed out,1,0.003189468,0.182743072,-0.007326126,-0.070817947,1,3.072496653,176.041090762,0.002442360,-3.726495743,1,-2.431469202,-139.312923293,-0.002442360,1.880342484,1,0.139429092,7.988698536,-0.007326126,0.710622787,1,-0.006711006,-0.384512330,-0.012210846,0.001221180,0.000000000,0.000000000,0.000000000,0.000000000,12.000000000,3.000000000,3.054326296,175.000006008,0.000000000,-3.234629154,25.000000000,8.500000000,-2.443460941,-139.999999342,0.000000000,2.209447145,25.000000000,8.000000000,0.174532920,9.999999709,0.000000000,0.305777937,12.500000000,3.200000048,0.000000000,0.000000000,0.000000000,-0.000024143,0.800000012,0.200000003
2026-07-05 15:00:36.903,1783234836.903696060,291.870817479,1,1,291.858452078,1,0.002483931,5,1,0.000179860,5,1,0,1,0,0,1,1,1,1,1,1,0.735252553,0.090000000,2.400000000,0.000000000,1,236.235665871,12,1,12,1:-1.251:2.428|2:-0.428:2.425|3:0.392:2.424|4:1.223:2.419|5:1.228:1.589|6:0.405:1.588|7:-0.440:1.588|8:-1.261:1.589|9:-1.185:4.911|10:-0.390:4.902|11:0.375:4.903|12:1.182:4.901,1,35.599129218,pickup,3,0,0.000000000,0.000000000,1,35.599111581,1,received,1,25.619480452,completed,1,23.619143571,0,timed out,1,0.003189468,0.182743072,-0.007326126,-0.070817947,1,3.072496653,176.041090762,-0.002442360,-3.726495743,1,-2.431469202,-139.312923293,-0.002442360,1.894016266,1,0.139429092,7.988698536,0.007326126,0.715506554,1,-0.006711006,-0.384512330,-0.012210846,-0.001221180,0.000000000,0.000000000,0.000000000,0.000000000,12.000000000,3.000000000,3.054326296,175.000006008,0.000000000,-3.234629154,25.000000000,8.500000000,-2.443460941,-139.999999342,0.000000000,2.209447145,25.000000000,8.000000000,0.174532920,9.999999709,0.000000000,0.305777937,12.500000000,3.200000048,0.000000000,0.000000000,0.000000000,-0.000024143,0.800000012,0.200000003
2026-07-05 15:00:37.909,1783234837.909089565,292.876210918,1,1,292.863845517,1,0.001880311,5,1,0.000260077,5,1,0,1,0,0,1,1,1,1,1,1,0.889199499,0.090000000,2.400000000,0.000000000,1,237.241059310,12,1,12,1:-1.251:2.428|2:-0.428:2.425|3:0.392:2.424|4:1.223:2.419|5:1.228:1.589|6:0.405:1.588|7:-0.440:1.588|8:-1.261:1.589|9:-1.185:4.911|10:-0.390:4.902|11:0.375:4.903|12:1.182:4.901,1,36.604522657,pickup,3,0,0.000000000,0.000000000,1,36.604505020,1,received,1,26.624873891,completed,1,24.624537010,0,timed out,1,0.003189468,0.182743072,-0.007326126,-0.075701714,1,3.072496653,176.041090762,-0.002442360,-3.726495743,1,-2.431469202,-139.312923293,-0.007326126,1.880342484,1,0.139429092,7.988698536,-0.007326126,0.715506554,1,-0.006711006,-0.384512330,-0.012210846,-0.001221180,0.000000000,0.000000000,0.000000000,0.000000000,12.000000000,3.000000000,3.054326296,175.000006008,0.000000000,-3.234629154,25.000000000,8.500000000,-2.443460941,-139.999999342,0.000000000,2.209447145,25.000000000,8.000000000,0.174532920,9.999999709,0.000000000,0.305777937,12.500000000,3.200000048,0.000000000,0.000000000,0.000000000,-0.000024143,0.800000012,0.200000003
2026-07-05 15:00:38.914,1783234838.914143562,293.881264896,1,1,293.868899495,1,0.002292947,5,1,0.000363954,5,1,0,1,0,0,1,1,1,1,1,1,0.377193394,0.090000000,2.400000000,0.000000000,1,238.246113288,12,1,12,1:-1.251:2.428|2:-0.428:2.425|3:0.392:2.424|4:1.223:2.419|5:1.228:1.589|6:0.405:1.588|7:-0.440:1.588|8:-1.261:1.589|9:-1.185:4.911|10:-0.390:4.902|11:0.375:4.903|12:1.182:4.901,1,0.938438989,pickup,3,0,0.000000000,0.000000000,1,0.938422112,0,arm is not ready for pickup,1,27.629927869,completed,1,25.629590988,0,timed out,1,0.003189468,0.182743072,-0.007326126,-0.070817947,1,3.072496653,176.041090762,-0.002442360,-3.712820053,1,-2.431469202,-139.312923293,-0.002442360,1.894016266,1,0.139429092,7.988698536,-0.007326126,0.715506554,1,-0.006711006,-0.384512330,-0.036628723,0.001221180,0.000000000,0.000000000,0.000000000,0.000000000,12.000000000,3.000000000,3.054326296,175.000006008,0.000000000,-3.234629154,25.000000000,8.500000000,-2.443460941,-139.999999342,0.000000000,2.209447145,25.000000000,8.000000000,0.174532920,9.999999709,0.000000000,0.305777937,12.500000000,3.200000048,0.000000000,0.000000000,0.000000000,-0.000024143,0.800000012,0.200000003
2026-07-05 15:00:39.918,1783234839.918800592,294.885922077,1,1,294.873556676,1,0.002292841,5,1,0.000184795,5,1,0,1,0,0,1,1,1,1,1,1,0.134626570,0.090000000,2.400000000,0.000000000,1,239.250770469,12,1,12,1:-1.251:2.428|2:-0.428:2.425|3:0.392:2.424|4:1.223:2.419|5:1.228:1.589|6:0.405:1.588|7:-0.440:1.588|8:-1.261:1.589|9:-1.185:4.911|10:-0.390:4.902|11:0.375:4.903|12:1.182:4.901,1,1.943096170,pickup,3,0,0.000000000,0.000000000,1,1.943079293,0,arm is not ready for pickup,1,28.634585050,completed,1,26.634248169,0,timed out,1,0.003189468,0.182743072,-0.007326126,-0.070817947,1,3.072496653,176.041090762,-0.002442360,-3.726495743,1,-2.431469202,-139.312923293,-0.002442360,1.880342484,1,0.139429092,7.988698536,-0.021978378,0.715506554,1,-0.006711006,-0.384512330,-0.012210846,-0.001221180,0.000000000,0.000000000,0.000000000,0.000000000,12.000000000,3.000000000,3.054326296,175.000006008,0.000000000,-3.234629154,25.000000000,8.500000000,-2.443460941,-139.999999342,0.000000000,2.209447145,25.000000000,8.000000000,0.174532920,9.999999709,0.000000000,0.305777937,12.500000000,3.200000048,0.000000000,0.000000000,0.000000000,-0.000024143,0.800000012,0.200000003
2026-07-05 15:00:40.923,1783234840.923341751,295.890463182,1,1,295.878097781,1,0.002404692,5,1,0.000385832,5,1,0,1,0,0,1,1,1,1,1,1,0.613319436,0.090000000,2.400000000,0.000000000,1,240.255311574,12,1,12,1:-1.251:2.428|2:-0.428:2.425|3:0.392:2.424|4:1.223:2.419|5:1.228:1.589|6:0.405:1.588|7:-0.440:1.588|8:-1.261:1.589|9:-1.185:4.911|10:-0.390:4.902|11:0.375:4.903|12:1.182:4.901,1,2.947637275,pickup,3,0,0.000000000,0.000000000,1,2.947620398,0,arm is not ready for pickup,1,29.639126155,completed,1,27.638789274,0,timed out,1,0.003189468,0.182743072,-0.007326126,-0.070817947,0,3.072496653,176.041090762,-0.002442360,-3.726495743,1,-2.431469202,-139.312923293,-0.002442360,1.894016266,1,0.139429092,7.988698536,-0.007326126,0.715506554,1,-0.007094383,-0.406478218,-0.012210846,-0.001221180,0.000000000,0.000000000,0.000000000,0.000000000,12.000000000,3.000000000,3.054326296,175.000006008,0.000000000,-3.234629154,25.000000000,8.500000000,-2.443460941,-139.999999342,0.000000000,2.209447145,25.000000000,8.000000000,0.174532920,9.999999709,0.000000000,0.305777937,12.500000000,3.200000048,0.000000000,0.000000000,0.000000000,-0.000024143,0.800000012,0.200000003
2026-07-05 15:00:41.927,1783234841.927386522,296.894507971,1,1,296.882142570,1,0.002581623,5,1,0.000298408,5,1,0,1,0,0,1,1,1,1,1,1,1.617364225,0.090000000,2.400000000,0.000000000,1,241.259356363,12,1,12,1:-1.251:2.428|2:-0.428:2.425|3:0.392:2.424|4:1.223:2.419|5:1.228:1.589|6:0.405:1.588|7:-0.440:1.588|8:-1.261:1.589|9:-1.185:4.911|10:-0.390:4.902|11:0.375:4.903|12:1.182:4.901,1,3.951682064,pickup,3,0,0.000000000,0.000000000,1,3.951665187,0,arm is not ready for pickup,1,30.643170944,completed,1,28.642834063,0,timed out,1,0.003189468,0.182743072,-0.007326126,-0.070817947,1,3.072496653,176.041090762,-0.002442360,-3.740171432,1,-2.431469202,-139.312923293,-0.002442360,1.894016266,1,0.139429092,7.988698536,-0.007326126,0.705739021,1,-0.006711006,-0.384512330,-0.012210846,0.001221180,0.000000000,0.000000000,0.000000000,0.000000000,12.000000000,3.000000000,3.054326296,175.000006008,0.000000000,-3.234629154,25.000000000,8.500000000,-2.443460941,-139.999999342,0.000000000,2.209447145,25.000000000,8.000000000,0.174532920,9.999999709,0.000000000,0.305777937,12.500000000,3.200000048,0.000000000,0.000000000,0.000000000,-0.000024143,0.800000012,0.200000003
2026-07-05 15:00:42.931,1783234842.931319714,297.898441338,1,1,297.886075937,1,0.002589556,5,1,0.000244385,5,1,0,1,0,0,1,1,1,1,1,1,2.621297592,0.090000000,2.400000000,0.000000000,1,242.263289730,12,1,12,1:-1.251:2.428|2:-0.428:2.425|3:0.392:2.424|4:1.223:2.419|5:1.228:1.589|6:0.405:1.588|7:-0.440:1.588|8:-1.261:1.589|9:-1.185:4.911|10:-0.390:4.902|11:0.375:4.903|12:1.182:4.901,1,4.955615431,pickup,3,0,0.000000000,0.000000000,1,4.955598554,0,arm is not ready for pickup,1,31.647104311,completed,1,29.646767430,0,timed out,1,0.003189468,0.182743072,-0.021978378,-0.070817947,1,3.072496653,176.041090762,-0.002442360,-3.726495743,1,-2.431469202,-139.312923293,-0.002442360,1.894016266,1,0.139429092,7.988698536,-0.007326126,0.720390320,1,-0.006711006,-0.384512330,-0.012210846,-0.001221180,0.000000000,0.000000000,0.000000000,0.000000000,12.000000000,3.000000000,3.054326296,175.000006008,0.000000000,-3.234629154,25.000000000,8.500000000,-2.443460941,-139.999999342,0.000000000,2.209447145,25.000000000,8.000000000,0.174532920,9.999999709,0.000000000,0.305777937,12.500000000,3.200000048,0.000000000,0.000000000,0.000000000,-0.000024143,0.800000012,0.200000003
2026-07-05 15:00:43.935,1783234843.934993267,298.902114604,1,1,298.889749203,1,0.002408597,5,1,0.000269177,5,1,0,1,0,0,1,1,1,1,1,1,3.624970858,0.090000000,2.400000000,0.000000000,1,243.266962996,12,1,12,1:-1.251:2.428|2:-0.428:2.425|3:0.392:2.424|4:1.223:2.419|5:1.228:1.589|6:0.405:1.588|7:-0.440:1.588|8:-1.261:1.589|9:-1.185:4.911|10:-0.390:4.902|11:0.375:4.903|12:1.182:4.901,1,5.959288697,pickup,3,0,0.000000000,0.000000000,1,5.959271820,0,arm is not ready for pickup,1,32.650777577,completed,1,30.650440696,0,timed out,1,0.003189468,0.182743072,-0.007326126,-0.070817947,1,3.072496653,176.041090762,-0.002442360,-3.726495743,1,-2.431469202,-139.312923293,-0.002442360,1.880342484,1,0.139429092,7.988698536,0.007326126,0.710622787,1,-0.006711006,-0.384512330,0.012210846,-0.001221180,0.000000000,0.000000000,0.000000000,0.000000000,12.000000000,3.000000000,3.054326296,175.000006008,0.000000000,-3.234629154,25.000000000,8.500000000,-2.443460941,-139.999999342,0.000000000,2.209447145,25.000000000,8.000000000,0.174532920,9.999999709,0.000000000,0.305777937,12.500000000,3.200000048,0.000000000,0.000000000,0.000000000,-0.000024143,0.800000012,0.200000003
2026-07-05 15:00:44.938,1783234844.938505650,299.905627262,1,1,299.893261861,1,0.002149390,5,1,0.000484925,5,1,0,1,0,0,1,1,1,1,1,1,4.628483516,0.090000000,2.400000000,0.000000000,1,244.270475654,12,1,12,1:-1.251:2.428|2:-0.428:2.425|3:0.392:2.424|4:1.223:2.419|5:1.228:1.589|6:0.405:1.588|7:-0.440:1.588|8:-1.261:1.589|9:-1.185:4.911|10:-0.390:4.902|11:0.375:4.903|12:1.182:4.901,1,6.962801355,pickup,3,0,0.000000000,0.000000000,1,6.962784478,0,arm is not ready for pickup,1,33.654290235,completed,1,31.653953354,0,timed out,1,0.003189468,0.182743072,-0.021978378,-0.075701714,1,3.072496653,176.041090762,0.002442360,-3.726495743,1,-2.431469202,-139.312923293,-0.002442360,1.894016266,1,0.139429092,7.988698536,-0.007326126,0.715506554,1,-0.006711006,-0.384512330,0.012210846,-0.001221180,0.000000000,0.000000000,0.000000000,0.000000000,12.000000000,3.000000000,3.054326296,175.000006008,0.000000000,-3.234629154,25.000000000,8.500000000,-2.443460941,-139.999999342,0.000000000,2.209447145,25.000000000,8.000000000,0.174532920,9.999999709,0.000000000,0.305777937,12.500000000,3.200000048,0.000000000,0.000000000,0.000000000,-0.000024143,0.800000012,0.200000003
2026-07-05 15:00:45.941,1783234845.941715002,300.908836354,1,1,300.896470953,1,0.002385356,5,1,0.000250184,5,1,0,1,0,0,1,1,1,1,1,1,5.631692608,0.090000000,2.400000000,0.000000000,1,245.273684746,12,1,12,1:-1.251:2.428|2:-0.428:2.425|3:0.392:2.424|4:1.223:2.419|5:1.228:1.589|6:0.405:1.588|7:-0.440:1.588|8:-1.261:1.589|9:-1.185:4.911|10:-0.390:4.902|11:0.375:4.903|12:1.182:4.901,1,7.966010447,pickup,3,0,0.000000000,0.000000000,1,7.965993570,0,arm is not ready for pickup,1,34.657499327,completed,1,32.657162446,0,timed out,1,0.003189468,0.182743072,-0.007326126,-0.070817947,1,3.072496653,176.041090762,-0.002442360,-3.726495743,1,-2.431469202,-139.312923293,-0.002442360,1.894016266,1,0.139429092,7.988698536,-0.007326126,0.710622787,1,-0.006711006,-0.384512330,-0.036628723,0.001221180,0.000000000,0.000000000,0.000000000,0.000000000,12.000000000,3.000000000,3.054326296,175.000006008,0.000000000,-3.234629154,25.000000000,8.500000000,-2.443460941,-139.999999342,0.000000000,2.209447145,25.000000000,8.000000000,0.174532920,9.999999709,0.000000000,0.305777937,12.500000000,3.200000048,0.000000000,0.000000000,0.000000000,-0.000024143,0.800000012,0.200000003
2026-07-05 15:00:46.944,1783234846.944786549,301.911907926,1,1,301.899542525,1,0.002163042,5,1,0.000312085,5,1,0,1,0,0,1,1,1,1,1,1,6.634764180,0.090000000,2.400000000,0.000000000,1,246.276756318,12,1,12,1:-1.251:2.428|2:-0.428:2.425|3:0.392:2.424|4:1.223:2.419|5:1.228:1.589|6:0.405:1.588|7:-0.440:1.588|8:-1.261:1.589|9:-1.185:4.911|10:-0.390:4.902|11:0.375:4.903|12:1.182:4.901,1,8.969082019,pickup,3,0,0.000000000,0.000000000,1,8.969065142,0,arm is not ready for pickup,1,35.660570899,completed,1,33.660234018,0,timed out,1,0.003189468,0.182743072,-0.007326126,-0.070817947,1,3.072496653,176.041090762,-0.002442360,-3.726495743,1,-2.431469202,-139.312923293,-0.007326126,1.880342484,1,0.139429092,7.988698536,-0.007326126,0.710622787,1,-0.006327629,-0.362546441,-0.012210846,-0.001221180,0.000000000,0.000000000,0.000000000,0.000000000,12.000000000,3.000000000,3.054326296,175.000006008,0.000000000,-3.234629154,25.000000000,8.500000000,-2.443460941,-139.999999342,0.000000000,2.209447145,25.000000000,8.000000000,0.174532920,9.999999709,0.000000000,0.305777937,12.500000000,3.200000048,0.000000000,0.000000000,0.000000000,-0.000024143,0.800000012,0.200000003
2026-07-05 15:00:47.947,1783234847.947722912,302.914844413,1,1,302.902479012,1,0.002395850,5,1,0.000409080,5,1,0,1,0,0,1,1,1,1,1,1,7.637700667,0.090000000,2.400000000,0.000000000,1,247.279692805,12,1,12,1:-1.251:2.428|2:-0.428:2.425|3:0.392:2.424|4:1.223:2.419|5:1.228:1.589|6:0.405:1.588|7:-0.440:1.588|8:-1.261:1.589|9:-1.185:4.911|10:-0.390:4.902|11:0.375:4.903|12:1.182:4.901,1,9.972018506,pickup,3,0,0.000000000,0.000000000,1,9.972001629,0,arm is not ready for pickup,1,36.663507386,completed,1,34.663170505,0,timed out,1,0.003189468,0.182743072,0.007326126,-0.075701714,1,3.072496653,176.041090762,-0.002442360,-3.726495743,1,-2.431469202,-139.312923293,-0.002442360,1.880342484,1,0.139429092,7.988698536,-0.007326126,0.715506554,1,-0.006711006,-0.384512330,-0.036628723,-0.001221180,0.000000000,0.000000000,0.000000000,0.000000000,12.000000000,3.000000000,3.054326296,175.000006008,0.000000000,-3.234629154,25.000000000,8.500000000,-2.443460941,-139.999999342,0.000000000,2.209447145,25.000000000,8.000000000,0.174532920,9.999999709,0.000000000,0.305777937,12.500000000,3.200000048,0.000000000,0.000000000,0.000000000,-0.000024143,0.800000012,0.200000003
2026-07-05 15:00:48.950,1783234848.950442791,303.917564250,1,1,303.905198849,1,0.001906860,5,1,0.000397454,5,1,0,1,0,0,1,1,1,1,1,1,8.640420504,0.090000000,2.400000000,0.000000000,1,248.282412642,12,1,12,1:-1.251:2.428|2:-0.428:2.425|3:0.392:2.424|4:1.223:2.419|5:1.228:1.589|6:0.405:1.588|7:-0.440:1.588|8:-1.261:1.589|9:-1.185:4.911|10:-0.390:4.902|11:0.375:4.903|12:1.182:4.901,1,10.974738343,pickup,3,0,0.000000000,0.000000000,1,10.974721466,0,arm is not ready for pickup,1,37.666227223,completed,1,35.665890342,0,timed out,1,0.003189468,0.182743072,-0.021978378,-0.075701714,1,3.072496653,176.041090762,-0.002442360,-3.740171432,1,-2.431469202,-139.312923293,-0.002442360,1.880342484,1,0.139429092,7.988698536,0.007326126,0.710622787,1,-0.006711006,-0.384512330,-0.012210846,-0.001221180,0.000000000,0.000000000,0.000000000,0.000000000,12.000000000,3.000000000,3.054326296,175.000006008,0.000000000,-3.234629154,25.000000000,8.500000000,-2.443460941,-139.999999342,0.000000000,2.209447145,25.000000000,8.000000000,0.174532920,9.999999709,0.000000000,0.305777937,12.500000000,3.200000048,0.000000000,0.000000000,0.000000000,-0.000024143,0.800000012,0.200000003
2026-07-05 15:00:49.953,1783234849.952938318,304.920059649,1,1,304.907694248,1,0.002083688,5,1,0.000282335,5,1,0,1,0,0,1,1,1,1,1,1,9.642915903,0.090000000,2.400000000,0.000000000,1,249.284908041,12,1,12,1:-1.251:2.428|2:-0.428:2.425|3:0.392:2.424|4:1.223:2.419|5:1.228:1.589|6:0.405:1.588|7:-0.440:1.588|8:-1.261:1.589|9:-1.185:4.911|10:-0.390:4.902|11:0.375:4.903|12:1.182:4.901,1,11.977233742,pickup,3,0,0.000000000,0.000000000,1,11.977216865,0,arm is not ready for pickup,1,38.668722622,completed,1,36.668385741,0,timed out,1,0.003189468,0.182743072,-0.007326126,-0.070817947,1,3.072496653,176.041090762,-0.007326126,-3.740171432,1,-2.431469202,-139.312923293,-0.007326126,1.880342484,1,0.139429092,7.988698536,-0.007326126,0.715506554,1,-0.006711006,-0.384512330,-0.036628723,-0.001221180,0.000000000,0.000000000,0.000000000,0.000000000,12.000000000,3.000000000,3.054326296,175.000006008,0.000000000,-3.234629154,25.000000000,8.500000000,-2.443460941,-139.999999342,0.000000000,2.209447145,25.000000000,8.000000000,0.174532920,9.999999709,0.000000000,0.305777937,12.500000000,3.200000048,0.000000000,0.000000000,0.000000000,-0.000024143,0.800000012,0.200000003
2026-07-05 15:00:50.955,1783234850.955269814,305.922391285,1,1,305.910025884,1,0.002138569,5,1,0.009995571,5,1,0,1,0,0,1,1,1,1,1,1,10.645247539,0.090000000,2.400000000,0.000000000,1,250.287239677,12,1,12,1:-1.251:2.428|2:-0.428:2.425|3:0.392:2.424|4:1.223:2.419|5:1.228:1.589|6:0.405:1.588|7:-0.440:1.588|8:-1.261:1.589|9:-1.185:4.911|10:-0.390:4.902|11:0.375:4.903|12:1.182:4.901,1,12.979565378,pickup,3,0,0.000000000,0.000000000,1,12.979548501,0,arm is not ready for pickup,1,39.671054258,completed,1,37.670717377,0,timed out,0,0.003189468,0.182743072,-0.021978378,-0.070817947,0,3.072496653,176.041090762,-0.007326126,-3.726495743,0,-2.431469202,-139.312923293,-0.002442360,1.894016266,0,0.139429092,7.988698536,-0.021978378,0.715506554,0,-0.006327629,-0.362546441,0.012210846,-0.001221180,0.000000000,0.000000000,0.000000000,0.000000000,12.000000000,3.000000000,3.054326296,175.000006008,0.000000000,-3.234629154,25.000000000,8.500000000,-2.443460941,-139.999999342,0.000000000,2.209447145,25.000000000,8.000000000,0.174532920,9.999999709,0.000000000,0.305777937,12.500000000,3.200000048,0.000000000,0.000000000,0.000000000,-0.000024143,0.800000012,0.200000003
2026-07-05 15:00:51.957,1783234851.957673073,306.924794508,1,1,306.912429107,1,0.002047640,5,1,0.000403867,5,1,0,1,0,0,1,1,1,1,1,1,11.647650762,0.090000000,2.400000000,0.000000000,1,251.289642900,12,1,12,1:-1.251:2.428|2:-0.428:2.425|3:0.392:2.424|4:1.223:2.419|5:1.228:1.589|6:0.405:1.588|7:-0.440:1.588|8:-1.261:1.589|9:-1.185:4.911|10:-0.390:4.902|11:0.375:4.903|12:1.182:4.901,1,13.981968601,pickup,3,0,0.000000000,0.000000000,1,13.981951724,0,arm is not ready for pickup,1,40.673457481,completed,1,38.673120600,0,timed out,1,0.003189468,0.182743072,-0.007326126,-0.070817947,1,3.072496653,176.041090762,-0.002442360,-3.726495743,1,-2.431469202,-139.312923293,-0.002442360,1.880342484,1,0.139429092,7.988698536,0.007326126,0.715506554,1,-0.006711006,-0.384512330,-0.012210846,0.001221180,0.000000000,0.000000000,0.000000000,0.000000000,12.000000000,3.000000000,3.054326296,175.000006008,0.000000000,-3.234629154,25.000000000,8.500000000,-2.443460941,-139.999999342,0.000000000,2.209447145,25.000000000,8.000000000,0.174532920,9.999999709,0.000000000,0.305777937,12.500000000,3.200000048,0.000000000,0.000000000,0.000000000,-0.000024143,0.800000012,0.200000003
2026-07-05 15:00:52.959,1783234852.959801197,307.926922605,1,1,307.914557204,1,0.001741912,5,1,0.000271294,5,1,0,1,0,0,1,1,1,1,1,1,12.649778859,0.090000000,2.400000000,0.000000000,1,252.291770997,12,1,12,1:-1.251:2.428|2:-0.428:2.425|3:0.392:2.424|4:1.223:2.419|5:1.228:1.589|6:0.405:1.588|7:-0.440:1.588|8:-1.261:1.589|9:-1.185:4.911|10:-0.390:4.902|11:0.375:4.903|12:1.182:4.901,1,14.984096698,pickup,3,0,0.000000000,0.000000000,1,14.984079821,0,arm is not ready for pickup,1,41.675585578,completed,1,39.675248697,0,timed out,1,0.003189468,0.182743072,-0.007326126,-0.070817947,1,3.072496653,176.041090762,-0.002442360,-3.726495743,1,-2.431469202,-139.312923293,-0.002442360,1.894016266,1,0.139810562,8.010555142,-0.007326126,0.710622787,1,-0.006711006,-0.384512330,-0.036628723,-0.001221180,0.000000000,0.000000000,0.000000000,0.000000000,12.000000000,3.000000000,3.054326296,175.000006008,0.000000000,-3.234629154,25.000000000,8.500000000,-2.443460941,-139.999999342,0.000000000,2.209447145,25.000000000,8.000000000,0.174532920,9.999999709,0.000000000,0.305777937,12.500000000,3.200000048,0.000000000,0.000000000,0.000000000,-0.000024143,0.800000012,0.200000003
2026-07-05 15:00:53.961,1783234853.961827755,308.928949324,1,1,308.916583923,1,0.001940911,5,1,0.000501305,5,1,0,1,0,0,1,1,1,1,1,1,13.651805578,0.090000000,2.400000000,0.000000000,1,253.293797716,12,1,12,1:-1.251:2.428|2:-0.428:2.425|3:0.392:2.424|4:1.223:2.419|5:1.228:1.589|6:0.405:1.588|7:-0.440:1.588|8:-1.261:1.589|9:-1.185:4.911|10:-0.390:4.902|11:0.375:4.903|12:1.182:4.901,1,15.986123417,pickup,3,0,0.000000000,0.000000000,1,15.986106540,0,arm is not ready for pickup,1,42.677612297,completed,1,40.677275416,0,timed out,1,0.003189468,0.182743072,-0.007326126,-0.070817947,1,3.072496653,176.041090762,-0.002442360,-3.726495743,1,-2.431469202,-139.312923293,-0.002442360,1.894016266,1,0.139810562,8.010555142,-0.007326126,0.710622787,1,-0.006711006,-0.384512330,-0.012210846,-0.001221180,0.000000000,0.000000000,0.000000000,0.000000000,12.000000000,3.000000000,3.054326296,175.000006008,0.000000000,-3.234629154,25.000000000,8.500000000,-2.443460941,-139.999999342,0.000000000,2.209447145,25.000000000,8.000000000,0.174532920,9.999999709,0.000000000,0.305777937,12.500000000,3.200000048,0.000000000,0.000000000,0.000000000,-0.000024143,0.800000012,0.200000003
2026-07-05 15:00:54.963,1783234854.963647604,309.930768792,1,1,309.918403391,1,0.002170984,5,1,0.000324776,5,1,0,1,0,0,1,1,1,1,1,1,14.653625046,0.090000000,2.400000000,0.000000000,1,254.295617184,12,1,12,1:-1.251:2.428|2:-0.428:2.425|3:0.392:2.424|4:1.223:2.419|5:1.228:1.589|6:0.405:1.588|7:-0.440:1.588|8:-1.261:1.589|9:-1.185:4.911|10:-0.390:4.902|11:0.375:4.903|12:1.182:4.901,1,16.987942885,pickup,3,0,0.000000000,0.000000000,1,16.987926008,0,arm is not ready for pickup,1,43.679431765,completed,1,41.679094884,0,timed out,1,0.003189468,0.182743072,-0.007326126,-0.075701714,1,3.072496653,176.041090762,-0.002442360,-3.726495743,0,-2.431469202,-139.312923293,-0.002442360,1.880342484,0,0.139429092,7.988698536,-0.007326126,0.710622787,1,-0.006711006,-0.384512330,-0.012210846,0.001221180,0.000000000,0.000000000,0.000000000,0.000000000,12.000000000,3.000000000,3.054326296,175.000006008,0.000000000,-3.234629154,25.000000000,8.500000000,-2.443460941,-139.999999342,0.000000000,2.209447145,25.000000000,8.000000000,0.174532920,9.999999709,0.000000000,0.305777937,12.500000000,3.200000048,0.000000000,0.000000000,0.000000000,-0.000024143,0.800000012,0.200000003
2026-07-05 15:00:55.965,1783234855.965586901,310.932708358,1,1,310.920342957,1,0.002542170,5,1,0.000563187,5,1,0,1,0,0,1,1,1,1,1,1,15.655564612,0.090000000,2.400000000,0.000000000,1,255.297556750,12,1,12,1:-1.251:2.428|2:-0.428:2.425|3:0.392:2.424|4:1.223:2.419|5:1.228:1.589|6:0.405:1.588|7:-0.440:1.588|8:-1.261:1.589|9:-1.185:4.911|10:-0.390:4.902|11:0.375:4.903|12:1.182:4.901,1,17.989882451,pickup,3,0,0.000000000,0.000000000,1,17.989865574,0,arm is not ready for pickup,1,44.681371331,completed,1,42.681034450,0,timed out,1,0.003189468,0.182743072,0.007326126,-0.070817947,1,3.072496653,176.041090762,-0.002442360,-3.726495743,1,-2.431469202,-139.312923293,-0.002442360,1.880342484,1,0.139429092,7.988698536,-0.021978378,0.715506554,1,-0.006711006,-0.384512330,0.012210846,0.001221180,0.000000000,0.000000000,0.000000000,0.000000000,12.000000000,3.000000000,3.054326296,175.000006008,0.000000000,-3.234629154,25.000000000,8.500000000,-2.443460941,-139.999999342,0.000000000,2.209447145,25.000000000,8.000000000,0.174532920,9.999999709,0.000000000,0.305777937,12.500000000,3.200000048,0.000000000,0.000000000,0.000000000,-0.000024143,0.800000012,0.200000003
2026-07-05 15:00:56.967,1783234856.967232466,311.934353893,1,1,311.921988492,1,0.002438419,5,1,0.000394756,5,1,0,1,0,0,1,1,1,1,1,1,16.657210147,0.090000000,2.400000000,0.000000000,1,256.299202285,12,1,12,1:-1.251:2.428|2:-0.428:2.425|3:0.392:2.424|4:1.223:2.419|5:1.228:1.589|6:0.405:1.588|7:-0.440:1.588|8:-1.261:1.589|9:-1.185:4.911|10:-0.390:4.902|11:0.375:4.903|12:1.182:4.901,1,18.991527986,pickup,3,0,0.000000000,0.000000000,1,18.991511109,0,arm is not ready for pickup,1,45.683016866,completed,1,43.682679985,0,timed out,1,0.003189468,0.182743072,0.007326126,-0.065934181,1,3.072496653,176.041090762,-0.002442360,-3.726495743,1,-2.431469202,-139.312923293,-0.002442360,1.880342484,1,0.139810562,8.010555142,-0.007326126,0.715506554,1,-0.006711006,-0.384512330,-0.012210846,-0.001221180,0.000000000,0.000000000,0.000000000,0.000000000,12.000000000,3.000000000,3.054326296,175.000006008,0.000000000,-3.234629154,25.000000000,8.500000000,-2.443460941,-139.999999342,0.000000000,2.209447145,25.000000000,8.000000000,0.174532920,9.999999709,0.000000000,0.305777937,12.500000000,3.200000048,0.000000000,0.000000000,0.000000000,-0.000024143,0.800000012,0.200000003
2026-07-05 15:00:57.968,1783234857.968718767,312.935840323,1,1,312.923474922,1,0.001947100,5,1,0.000202674,5,1,0,1,0,0,1,1,1,1,1,1,17.658696577,0.090000000,2.400000000,0.000000000,1,257.300688715,12,1,12,1:-1.251:2.428|2:-0.428:2.425|3:0.392:2.424|4:1.223:2.419|5:1.228:1.589|6:0.405:1.588|7:-0.440:1.588|8:-1.261:1.589|9:-1.185:4.911|10:-0.390:4.902|11:0.375:4.903|12:1.182:4.901,1,19.993014416,pickup,3,0,0.000000000,0.000000000,1,19.992997539,0,arm is not ready for pickup,1,46.684503296,completed,1,44.684166415,0,timed out,1,0.003189468,0.182743072,-0.007326126,-0.070817947,1,3.072496653,176.041090762,0.002442360,-3.726495743,1,-2.431469202,-139.312923293,-0.002442360,1.894016266,1,0.139429092,7.988698536,-0.021978378,0.710622787,1,-0.006711006,-0.384512330,-0.012210846,-0.001221180,0.000000000,0.000000000,0.000000000,0.000000000,12.000000000,3.000000000,3.054326296,175.000006008,0.000000000,-3.234629154,25.000000000,8.500000000,-2.443460941,-139.999999342,0.000000000,2.209447145,25.000000000,8.000000000,0.174532920,9.999999709,0.000000000,0.305777937,12.500000000,3.200000048,0.000000000,0.000000000,0.000000000,-0.000024143,0.800000012,0.200000003
2026-07-05 15:00:58.970,1783234858.970350027,313.937471497,1,1,313.925106096,1,0.002041242,5,1,0.000306010,5,1,0,1,0,0,1,1,1,1,1,1,18.660327751,0.090000000,2.400000000,0.000000000,1,258.302319889,12,1,12,1:-1.251:2.428|2:-0.428:2.425|3:0.392:2.424|4:1.223:2.419|5:1.228:1.589|6:0.405:1.588|7:-0.440:1.588|8:-1.261:1.589|9:-1.185:4.911|10:-0.390:4.902|11:0.375:4.903|12:1.182:4.901,1,20.994645590,pickup,3,0,0.000000000,0.000000000,1,20.994628713,0,arm is not ready for pickup,1,47.686134470,completed,1,45.685797589,0,timed out,1,0.003189468,0.182743072,-0.007326126,-0.070817947,1,3.072496653,176.041090762,0.002442360,-3.726495743,1,-2.431469202,-139.312923293,0.002442360,1.894016266,1,0.139810562,8.010555142,-0.007326126,0.715506554,1,-0.006711006,-0.384512330,-0.012210846,0.001221180,0.000000000,0.000000000,0.000000000,0.000000000,12.000000000,3.000000000,3.054326296,175.000006008,0.000000000,-3.234629154,25.000000000,8.500000000,-2.443460941,-139.999999342,0.000000000,2.209447145,25.000000000,8.000000000,0.174532920,9.999999709,0.000000000,0.305777937,12.500000000,3.200000048,0.000000000,0.000000000,0.000000000,-0.000024143,0.800000012,0.200000003
2026-07-05 15:00:59.971,1783234859.971683025,314.938804580,1,1,314.926439179,1,0.002167673,5,1,0.000365242,5,1,0,1,0,0,1,1,1,1,1,1,19.661660834,0.090000000,2.400000000,0.000000000,1,259.303652972,12,1,12,1:-1.251:2.428|2:-0.428:2.425|3:0.392:2.424|4:1.223:2.419|5:1.228:1.589|6:0.405:1.588|7:-0.440:1.588|8:-1.261:1.589|9:-1.185:4.911|10:-0.390:4.902|11:0.375:4.903|12:1.182:4.901,1,21.995978673,pickup,3,0,0.000000000,0.000000000,1,21.995961796,0,arm is not ready for pickup,1,48.687467553,completed,1,46.687130672,0,timed out,1,0.003189468,0.182743072,-0.007326126,-0.070817947,1,3.072496653,176.041090762,-0.002442360,-3.712820053,1,-2.431469202,-139.312923293,0.002442360,1.880342484,1,0.139429092,7.988698536,-0.021978378,0.705739021,1,-0.006711006,-0.384512330,-0.012210846,0.001221180,0.000000000,0.000000000,0.000000000,0.000000000,12.000000000,3.000000000,3.054326296,175.000006008,0.000000000,-3.234629154,25.000000000,8.500000000,-2.443460941,-139.999999342,0.000000000,2.209447145,25.000000000,8.000000000,0.174532920,9.999999709,0.000000000,0.305777937,12.500000000,3.200000048,0.000000000,0.000000000,0.000000000,-0.000024143,0.800000012,0.200000003
2026-07-05 15:01:00.973,1783234860.973032236,315.940153564,1,1,315.927788163,1,0.002221062,5,1,0.000329830,5,1,0,1,0,0,1,1,1,0,1,1,20.663009818,0.090000000,2.400000000,0.000000000,1,260.305001956,12,1,12,1:-1.251:2.428|2:-0.428:2.425|3:0.392:2.424|4:1.223:2.419|5:1.228:1.589|6:0.405:1.588|7:-0.440:1.588|8:-1.261:1.589|9:-1.185:4.911|10:-0.390:4.902|11:0.375:4.903|12:1.182:4.901,1,22.997327657,pickup,3,0,0.000000000,0.000000000,1,22.997310780,0,arm is not ready for pickup,1,49.688816537,completed,1,47.688479656,0,timed out,1,0.003189468,0.182743072,-0.007326126,-0.065934181,1,3.072496653,176.041090762,-0.002442360,-3.726495743,1,-2.431469202,-139.312923293,-0.002442360,1.880342484,1,0.139810562,8.010555142,-0.007326126,0.710622787,1,-0.006711006,-0.384512330,0.012210846,-0.001221180,0.000000000,0.000000000,0.000000000,0.000000000,12.000000000,3.000000000,3.054326296,175.000006008,0.000000000,-3.234629154,25.000000000,8.500000000,-2.443460941,-139.999999342,0.000000000,2.209447145,25.000000000,8.000000000,0.174532920,9.999999709,0.000000000,0.305777937,12.500000000,3.200000048,0.000000000,0.000000000,0.000000000,-0.000024143,0.800000012,0.200000003
2026-07-05 15:01:01.974,1783234861.974350452,316.941471844,1,1,316.929106443,1,0.002082509,5,1,0.000399320,5,1,0,1,0,0,1,1,1,0,1,1,21.664328098,0.090000000,2.400000000,0.000000000,1,261.306320236,12,1,12,1:-1.251:2.428|2:-0.428:2.425|3:0.392:2.424|4:1.223:2.419|5:1.228:1.589|6:0.405:1.588|7:-0.440:1.588|8:-1.261:1.589|9:-1.185:4.911|10:-0.390:4.902|11:0.375:4.903|12:1.182:4.901,1,23.998645937,pickup,3,0,0.000000000,0.000000000,1,23.998629060,0,arm is not ready for pickup,1,50.690134817,completed,1,48.689797936,0,timed out,1,0.003189468,0.182743072,-0.007326126,-0.070817947,1,3.072496653,176.041090762,-0.007326126,-3.726495743,1,-2.431469202,-139.312923293,-0.002442360,1.894016266,1,0.139810562,8.010555142,-0.007326126,0.710622787,1,-0.006711006,-0.384512330,-0.036628723,-0.001221180,0.000000000,0.000000000,0.000000000,0.000000000,12.000000000,3.000000000,3.054326296,175.000006008,0.000000000,-3.234629154,25.000000000,8.500000000,-2.443460941,-139.999999342,0.000000000,2.209447145,25.000000000,8.000000000,0.174532920,9.999999709,0.000000000,0.305777937,12.500000000,3.200000048,0.000000000,0.000000000,0.000000000,-0.000024143,0.800000012,0.200000003
2026-07-05 15:01:02.975,1783234862.975557566,317.942679026,1,1,317.930313625,1,0.002722935,5,1,0.000304483,5,1,0,1,0,0,1,1,1,0,1,1,22.665535280,0.090000000,2.400000000,0.000000000,1,262.307527418,12,1,12,1:-1.251:2.428|2:-0.428:2.425|3:0.392:2.424|4:1.223:2.419|5:1.228:1.589|6:0.405:1.588|7:-0.440:1.588|8:-1.261:1.589|9:-1.185:4.911|10:-0.390:4.902|11:0.375:4.903|12:1.182:4.901,1,24.999853119,pickup,3,0,0.000000000,0.000000000,1,24.999836242,0,arm is not ready for pickup,1,51.691341999,completed,1,49.691005118,0,timed out,1,0.003189468,0.182743072,-0.007326126,-0.065934181,1,3.072496653,176.041090762,-0.002442360,-3.726495743,1,-2.431469202,-139.312923293,-0.002442360,1.894016266,1,0.139810562,8.010555142,-0.007326126,0.705739021,1,-0.006711006,-0.384512330,0.012210846,-0.001221180,0.000000000,0.000000000,0.000000000,0.000000000,12.000000000,3.000000000,3.054326296,175.000006008,0.000000000,-3.234629154,25.000000000,8.500000000,-2.443460941,-139.999999342,0.000000000,2.209447145,25.000000000,8.000000000,0.174532920,9.999999709,0.000000000,0.305777937,12.500000000,3.200000048,0.000000000,0.000000000,0.000000000,-0.000024143,0.800000012,0.200000003
2026-07-05 15:01:03.976,1783234863.976671934,318.943793306,1,1,318.931427905,1,0.002408533,5,1,0.000285197,5,1,0,1,0,0,1,1,1,0,1,1,23.666649560,0.090000000,2.400000000,0.000000000,1,263.308641698,12,1,12,1:-1.251:2.428|2:-0.428:2.425|3:0.392:2.424|4:1.223:2.419|5:1.228:1.589|6:0.405:1.588|7:-0.440:1.588|8:-1.261:1.589|9:-1.185:4.911|10:-0.390:4.902|11:0.375:4.903|12:1.182:4.901,1,26.000967399,pickup,3,0,0.000000000,0.000000000,1,26.000950522,0,arm is not ready for pickup,1,52.692456279,completed,1,50.692119398,0,timed out,1,0.003189468,0.182743072,0.007326126,-0.065934181,1,3.072496653,176.041090762,-0.002442360,-3.726495743,1,-2.431469202,-139.312923293,-0.002442360,1.880342484,1,0.139429092,7.988698536,-0.007326126,0.715506554,1,-0.006711006,-0.384512330,-0.012210846,-0.001221180,0.000000000,0.000000000,0.000000000,0.000000000,12.000000000,3.000000000,3.054326296,175.000006008,0.000000000,-3.234629154,25.000000000,8.500000000,-2.443460941,-139.999999342,0.000000000,2.209447145,25.000000000,8.000000000,0.174532920,9.999999709,0.000000000,0.305777937,12.500000000,3.200000048,0.000000000,0.000000000,0.000000000,-0.000024143,0.800000012,0.200000003
2026-07-05 15:01:04.977,1783234864.977858782,319.944980266,1,1,319.932614865,1,0.001993863,5,1,0.000494185,5,1,0,1,0,0,1,1,1,0,1,1,24.667836520,0.090000000,2.400000000,0.000000000,1,264.309828658,12,1,12,1:-1.251:2.428|2:-0.428:2.425|3:0.392:2.424|4:1.223:2.419|5:1.228:1.589|6:0.405:1.588|7:-0.440:1.588|8:-1.261:1.589|9:-1.185:4.911|10:-0.390:4.902|11:0.375:4.903|12:1.182:4.901,1,27.002154359,pickup,3,0,0.000000000,0.000000000,1,27.002137482,0,arm is not ready for pickup,1,53.693643239,completed,1,51.693306358,0,timed out,1,0.003189468,0.182743072,-0.007326126,-0.070817947,1,3.072496653,176.041090762,-0.002442360,-3.740171432,1,-2.431469202,-139.312923293,-0.002442360,1.880342484,1,0.139429092,7.988698536,-0.007326126,0.720390320,1,-0.006711006,-0.384512330,0.012210846,-0.001221180,0.000000000,0.000000000,0.000000000,0.000000000,12.000000000,3.000000000,3.054326296,175.000006008,0.000000000,-3.234629154,25.000000000,8.500000000,-2.443460941,-139.999999342,0.000000000,2.209447145,25.000000000,8.000000000,0.174532920,9.999999709,0.000000000,0.305777937,12.500000000,3.200000048,0.000000000,0.000000000,0.000000000,-0.000024143,0.800000012,0.200000003
2026-07-05 15:01:05.978,1783234865.978801727,320.945923200,1,1,320.933557799,1,0.002462829,5,1,0.000254014,5,1,0,1,0,0,1,1,1,0,1,1,25.668779454,0.090000000,2.400000000,0.000000000,1,265.310771592,12,1,12,1:-1.251:2.428|2:-0.428:2.425|3:0.392:2.424|4:1.223:2.419|5:1.228:1.589|6:0.405:1.588|7:-0.440:1.588|8:-1.261:1.589|9:-1.185:4.911|10:-0.390:4.902|11:0.375:4.903|12:1.182:4.901,1,28.003097293,pickup,3,0,0.000000000,0.000000000,1,28.003080416,0,arm is not ready for pickup,1,54.694586173,completed,1,52.694249292,0,timed out,1,0.003189468,0.182743072,-0.021978378,-0.070817947,1,3.072496653,176.041090762,-0.007326126,-3.726495743,1,-2.431469202,-139.312923293,-0.002442360,1.880342484,1,0.139810562,8.010555142,-0.007326126,0.710622787,1,-0.006711006,-0.384512330,-0.012210846,-0.001221180,0.000000000,0.000000000,0.000000000,0.000000000,12.000000000,3.000000000,3.054326296,175.000006008,0.000000000,-3.234629154,25.000000000,8.500000000,-2.443460941,-139.999999342,0.000000000,2.209447145,25.000000000,8.000000000,0.174532920,9.999999709,0.000000000,0.305777937,12.500000000,3.200000048,0.000000000,0.000000000,0.000000000,-0.000024143,0.800000012,0.200000003
2026-07-05 15:01:06.979,1783234866.979729891,321.946851412,1,1,321.934486011,1,0.001985065,5,1,0.000191469,5,1,0,1,0,0,1,1,1,0,1,1,26.669707666,0.090000000,2.400000000,0.000000000,1,266.311699804,12,1,12,1:-1.251:2.428|2:-0.428:2.425|3:0.392:2.424|4:1.223:2.419|5:1.228:1.589|6:0.405:1.588|7:-0.440:1.588|8:-1.261:1.589|9:-1.185:4.911|10:-0.390:4.902|11:0.375:4.903|12:1.182:4.901,1,29.004025505,pickup,3,0,0.000000000,0.000000000,1,29.004008628,0,arm is not ready for pickup,1,55.695514385,completed,1,53.695177504,0,timed out,1,0.003189468,0.182743072,-0.007326126,-0.070817947,1,3.072496653,176.041090762,-0.002442360,-3.726495743,1,-2.431469202,-139.312923293,-0.002442360,1.880342484,1,0.139429092,7.988698536,-0.021978378,0.710622787,1,-0.006711006,-0.384512330,0.012210846,-0.001221180,0.000000000,0.000000000,0.000000000,0.000000000,12.000000000,3.000000000,3.054326296,175.000006008,0.000000000,-3.234629154,25.000000000,8.500000000,-2.443460941,-139.999999342,0.000000000,2.209447145,25.000000000,8.000000000,0.174532920,9.999999709,0.000000000,0.305777937,12.500000000,3.200000048,0.000000000,0.000000000,0.000000000,-0.000024143,0.800000012,0.200000003
2026-07-05 15:01:07.980,1783234867.980712175,322.947833532,1,1,322.935468131,1,0.002158965,5,1,0.000400391,5,1,0,1,0,0,1,1,1,0,1,1,27.670689786,0.090000000,2.400000000,0.000000000,1,267.312681924,12,1,12,1:-1.251:2.428|2:-0.428:2.425|3:0.392:2.424|4:1.223:2.419|5:1.228:1.589|6:0.405:1.588|7:-0.440:1.588|8:-1.261:1.589|9:-1.185:4.911|10:-0.390:4.902|11:0.375:4.903|12:1.182:4.901,1,30.005007625,pickup,3,0,0.000000000,0.000000000,1,30.004990748,0,arm is not ready for pickup,1,56.696496505,completed,1,54.696159624,0,timed out,1,0.003189468,0.182743072,-0.007326126,-0.070817947,1,3.072496653,176.041090762,-0.002442360,-3.726495743,1,-2.431469202,-139.312923293,-0.002442360,1.880342484,1,0.139429092,7.988698536,-0.007326126,0.715506554,1,-0.006711006,-0.384512330,0.012210846,0.001221180,0.000000000,0.000000000,0.000000000,0.000000000,12.000000000,3.000000000,3.054326296,175.000006008,0.000000000,-3.234629154,25.000000000,8.500000000,-2.443460941,-139.999999342,0.000000000,2.209447145,25.000000000,8.000000000,0.174532920,9.999999709,0.000000000,0.305777937,12.500000000,3.200000048,0.000000000,0.000000000,0.000000000,-0.000024143,0.800000012,0.200000003
2026-07-05 15:01:08.981,1783234868.981582880,323.948704329,1,1,323.936338928,1,0.002008050,5,1,0.000321522,5,1,0,1,0,0,1,1,1,0,1,1,28.671560583,0.090000000,2.400000000,0.000000000,1,268.313552721,12,1,12,1:-1.251:2.428|2:-0.428:2.425|3:0.392:2.424|4:1.223:2.419|5:1.228:1.589|6:0.405:1.588|7:-0.440:1.588|8:-1.261:1.589|9:-1.185:4.911|10:-0.390:4.902|11:0.375:4.903|12:1.182:4.901,1,31.005878422,pickup,3,0,0.000000000,0.000000000,1,31.005861545,0,arm is not ready for pickup,1,57.697367302,completed,1,55.697030421,0,timed out,1,0.003189468,0.182743072,-0.021978378,-0.070817947,1,3.072496653,176.041090762,-0.007326126,-3.712820053,1,-2.431469202,-139.312923293,-0.002442360,1.894016266,1,0.139429092,7.988698536,0.007326126,0.715506554,1,-0.006711006,-0.384512330,0.012210846,-0.001221180,0.000000000,0.000000000,0.000000000,0.000000000,12.000000000,3.000000000,3.054326296,175.000006008,0.000000000,-3.234629154,25.000000000,8.500000000,-2.443460941,-139.999999342,0.000000000,2.209447145,25.000000000,8.000000000,0.174532920,9.999999709,0.000000000,0.305777937,12.500000000,3.200000048,0.000000000,0.000000000,0.000000000,-0.000024143,0.800000012,0.200000003
2026-07-05 15:01:09.982,1783234869.982454300,324.949575639,1,1,324.937210238,1,0.002376071,5,1,0.000413147,5,1,0,1,0,0,1,1,1,0,1,1,29.672431893,0.090000000,2.400000000,0.000000000,1,269.314424031,12,1,12,1:-1.251:2.428|2:-0.428:2.425|3:0.392:2.424|4:1.223:2.419|5:1.228:1.589|6:0.405:1.588|7:-0.440:1.588|8:-1.261:1.589|9:-1.185:4.911|10:-0.390:4.902|11:0.375:4.903|12:1.182:4.901,1,32.006749732,pickup,3,0,0.000000000,0.000000000,1,32.006732855,0,arm is not ready for pickup,1,58.698238612,completed,1,56.697901731,0,timed out,1,0.003189468,0.182743072,0.007326126,-0.070817947,1,3.072496653,176.041090762,-0.007326126,-3.740171432,1,-2.431469202,-139.312923293,-0.002442360,1.894016266,1,0.139429092,7.988698536,0.007326126,0.715506554,1,-0.006711006,-0.384512330,-0.012210846,0.001221180,0.000000000,0.000000000,0.000000000,0.000000000,12.000000000,3.000000000,3.054326296,175.000006008,0.000000000,-3.234629154,25.000000000,8.500000000,-2.443460941,-139.999999342,0.000000000,2.209447145,25.000000000,8.000000000,0.174532920,9.999999709,0.000000000,0.305777937,12.500000000,3.200000048,0.000000000,0.000000000,0.000000000,-0.000024143,0.800000012,0.200000003
2026-07-05 15:01:10.983,1783234870.983274698,325.950396234,1,1,325.938030833,1,0.002127100,5,1,0.000382083,5,1,0,1,0,0,1,1,1,0,1,1,30.673252488,0.090000000,2.400000000,0.000000000,1,270.315244626,12,1,12,1:-1.251:2.428|2:-0.428:2.425|3:0.392:2.424|4:1.223:2.419|5:1.228:1.589|6:0.405:1.588|7:-0.440:1.588|8:-1.261:1.589|9:-1.185:4.911|10:-0.390:4.902|11:0.375:4.903|12:1.182:4.901,1,33.007570327,pickup,3,0,0.000000000,0.000000000,1,33.007553450,0,arm is not ready for pickup,1,59.699059207,completed,1,57.698722326,0,timed out,1,0.003189468,0.182743072,0.007326126,-0.070817947,1,3.072496653,176.041090762,-0.002442360,-3.726495743,1,-2.431469202,-139.312923293,-0.002442360,1.880342484,1,0.139429092,7.988698536,0.007326126,0.710622787,1,-0.006711006,-0.384512330,0.012210846,0.001221180,0.000000000,0.000000000,0.000000000,0.000000000,12.000000000,3.000000000,3.054326296,175.000006008,0.000000000,-3.234629154,25.000000000,8.500000000,-2.443460941,-139.999999342,0.000000000,2.209447145,25.000000000,8.000000000,0.174532920,9.999999709,0.000000000,0.305777937,12.500000000,3.200000048,0.000000000,0.000000000,0.000000000,-0.000024143,0.800000012,0.200000003
2026-07-05 15:01:11.983,1783234871.983919859,326.951041246,1,1,326.938675845,1,0.002116481,5,1,0.000257476,5,1,0,1,0,0,1,1,1,0,1,1,31.673897500,0.090000000,2.400000000,0.000000000,1,271.315889638,12,1,12,1:-1.251:2.428|2:-0.428:2.425|3:0.392:2.424|4:1.223:2.419|5:1.228:1.589|6:0.405:1.588|7:-0.440:1.588|8:-1.261:1.589|9:-1.185:4.911|10:-0.390:4.902|11:0.375:4.903|12:1.182:4.901,1,34.008215339,pickup,3,0,0.000000000,0.000000000,1,34.008198462,0,arm is not ready for pickup,1,60.699704219,completed,1,58.699367338,0,timed out,1,0.003189468,0.182743072,-0.007326126,-0.070817947,1,3.072496653,176.041090762,-0.002442360,-3.712820053,1,-2.431469202,-139.312923293,-0.002442360,1.880342484,1,0.139810562,8.010555142,0.007326126,0.705739021,1,-0.006711006,-0.384512330,-0.012210846,-0.001221180,0.000000000,0.000000000,0.000000000,0.000000000,12.000000000,3.000000000,3.054326296,175.000006008,0.000000000,-3.234629154,25.000000000,8.500000000,-2.443460941,-139.999999342,0.000000000,2.209447145,25.000000000,8.000000000,0.174532920,9.999999709,0.000000000,0.305777937,12.500000000,3.200000048,0.000000000,0.000000000,0.000000000,-0.000024143,0.800000012,0.200000003
2026-07-05 15:01:12.984,1783234872.984670877,327.951792442,1,1,327.939427041,1,0.002204126,5,1,0.000277970,5,1,0,1,0,0,1,1,1,0,1,1,32.674648696,0.090000000,2.400000000,0.000000000,1,272.316640834,12,1,12,1:-1.251:2.428|2:-0.428:2.425|3:0.392:2.424|4:1.223:2.419|5:1.228:1.589|6:0.405:1.588|7:-0.440:1.588|8:-1.261:1.589|9:-1.185:4.911|10:-0.390:4.902|11:0.375:4.903|12:1.182:4.901,1,35.008966535,pickup,3,0,0.000000000,0.000000000,1,35.008949658,0,arm is not ready for pickup,1,61.700455415,completed,1,59.700118534,0,timed out,1,0.003189468,0.182743072,0.007326126,-0.065934181,1,3.072496653,176.041090762,0.002442360,-3.726495743,1,-2.431469202,-139.312923293,-0.002442360,1.894016266,1,0.139810562,8.010555142,-0.007326126,0.710622787,1,-0.006711006,-0.384512330,-0.012210846,0.001221180,0.000000000,0.000000000,0.000000000,0.000000000,12.000000000,3.000000000,3.054326296,175.000006008,0.000000000,-3.234629154,25.000000000,8.500000000,-2.443460941,-139.999999342,0.000000000,2.209447145,25.000000000,8.000000000,0.174532920,9.999999709,0.000000000,0.305777937,12.500000000,3.200000048,0.000000000,0.000000000,0.000000000,-0.000024143,0.800000012,0.200000003
2026-07-05 15:01:13.985,1783234873.985373020,328.952494328,1,1,328.940128927,1,0.001852226,5,1,0.000202303,5,1,0,1,0,0,1,1,1,0,1,1,33.675350582,0.090000000,2.400000000,0.000000000,1,273.317342720,12,1,12,1:-1.251:2.428|2:-0.428:2.425|3:0.392:2.424|4:1.223:2.419|5:1.228:1.589|6:0.405:1.588|7:-0.440:1.588|8:-1.261:1.589|9:-1.185:4.911|10:-0.390:4.902|11:0.375:4.903|12:1.182:4.901,1,36.009668421,pickup,3,0,0.000000000,0.000000000,1,36.009651544,0,arm is not ready for pickup,1,62.701157301,completed,1,60.700820420,0,timed out,1,0.003189468,0.182743072,0.007326126,-0.070817947,1,3.072496653,176.041090762,-0.007326126,-3.726495743,1,-2.431469202,-139.312923293,-0.002442360,1.894016266,1,0.139810562,8.010555142,-0.007326126,0.715506554,1,-0.006711006,-0.384512330,-0.012210846,-0.001221180,0.000000000,0.000000000,0.000000000,0.000000000,12.000000000,3.000000000,3.054326296,175.000006008,0.000000000,-3.234629154,25.000000000,8.500000000,-2.443460941,-139.999999342,0.000000000,2.209447145,25.000000000,8.000000000,0.174532920,9.999999709,0.000000000,0.305777937,12.500000000,3.200000048,0.000000000,0.000000000,0.000000000,-0.000024143,0.800000012,0.200000003
2026-07-05 15:01:14.986,1783234874.985986233,329.953107835,1,1,329.940742434,1,0.002009540,5,1,0.000317524,5,1,0,1,0,0,1,1,1,0,1,1,34.675964089,0.090000000,2.400000000,0.000000000,1,274.317956227,12,1,12,1:-1.251:2.428|2:-0.428:2.425|3:0.392:2.424|4:1.223:2.419|5:1.228:1.589|6:0.405:1.588|7:-0.440:1.588|8:-1.261:1.589|9:-1.185:4.911|10:-0.390:4.902|11:0.375:4.903|12:1.182:4.901,1,37.010281928,pickup,3,0,0.000000000,0.000000000,1,37.010265051,0,arm is not ready for pickup,1,63.701770808,completed,1,61.701433927,0,timed out,1,0.003189468,0.182743072,-0.007326126,-0.070817947,1,3.072496653,176.041090762,-0.002442360,-3.712820053,1,-2.431469202,-139.312923293,-0.002442360,1.880342484,1,0.139429092,7.988698536,-0.007326126,0.710622787,1,-0.006711006,-0.384512330,-0.036628723,-0.001221180,0.000000000,0.000000000,0.000000000,0.000000000,12.000000000,3.000000000,3.054326296,175.000006008,0.000000000,-3.234629154,25.000000000,8.500000000,-2.443460941,-139.999999342,0.000000000,2.209447145,25.000000000,8.000000000,0.174532920,9.999999709,0.000000000,0.305777937,12.500000000,3.200000048,0.000000000,0.000000000,0.000000000,-0.000024143,0.800000012,0.200000003
2026-07-05 15:01:15.986,1783234875.986739397,330.953861006,1,1,330.941495605,1,0.002270670,5,1,0.000497146,5,1,0,1,0,0,1,1,1,0,1,1,35.676717260,0.090000000,2.400000000,0.000000000,1,275.318709398,12,1,12,1:-1.251:2.428|2:-0.428:2.425|3:0.392:2.424|4:1.223:2.419|5:1.228:1.589|6:0.405:1.588|7:-0.440:1.588|8:-1.261:1.589|9:-1.185:4.911|10:-0.390:4.902|11:0.375:4.903|12:1.182:4.901,1,38.011035099,pickup,3,0,0.000000000,0.000000000,1,38.011018222,0,arm is not ready for pickup,1,64.702523979,completed,1,62.702187098,0,timed out,1,0.003189468,0.182743072,-0.007326126,-0.070817947,1,3.072496653,176.041090762,-0.002442360,-3.726495743,1,-2.431469202,-139.312923293,-0.002442360,1.894016266,1,0.139810562,8.010555142,-0.021978378,0.715506554,1,-0.006711006,-0.384512330,-0.036628723,-0.001221180,0.000000000,0.000000000,0.000000000,0.000000000,12.000000000,3.000000000,3.054326296,175.000006008,0.000000000,-3.234629154,25.000000000,8.500000000,-2.443460941,-139.999999342,0.000000000,2.209447145,25.000000000,8.000000000,0.174532920,9.999999709,0.000000000,0.305777937,12.500000000,3.200000048,0.000000000,0.000000000,0.000000000,-0.000024143,0.800000012,0.200000003
2026-07-05 15:01:16.987,1783234876.987247467,331.954368767,1,1,331.942003366,1,0.002291594,5,1,0.000156546,5,1,0,1,0,0,1,1,1,0,1,1,36.677225021,0.090000000,2.400000000,0.000000000,1,276.319217159,12,1,12,1:-1.251:2.428|2:-0.428:2.425|3:0.392:2.424|4:1.223:2.419|5:1.228:1.589|6:0.405:1.588|7:-0.440:1.588|8:-1.261:1.589|9:-1.185:4.911|10:-0.390:4.902|11:0.375:4.903|12:1.182:4.901,1,39.011542860,pickup,3,0,0.000000000,0.000000000,1,39.011525983,0,arm is not ready for pickup,1,65.703031740,completed,1,63.702694859,0,timed out,1,0.003189468,0.182743072,-0.021978378,-0.070817947,1,3.072496653,176.041090762,0.002442360,-3.726495743,1,-2.431469202,-139.312923293,-0.002442360,1.880342484,1,0.139429092,7.988698536,-0.007326126,0.710622787,1,-0.006711006,-0.384512330,-0.012210846,0.001221180,0.000000000,0.000000000,0.000000000,0.000000000,12.000000000,3.000000000,3.054326296,175.000006008,0.000000000,-3.234629154,25.000000000,8.500000000,-2.443460941,-139.999999342,0.000000000,2.209447145,25.000000000,8.000000000,0.174532920,9.999999709,0.000000000,0.305777937,12.500000000,3.200000048,0.000000000,0.000000000,0.000000000,-0.000024143,0.800000012,0.200000003
2026-07-05 15:01:17.987,1783234877.987918377,332.955039867,1,1,332.942674466,1,0.002156663,5,1,0.000508801,5,1,0,1,0,0,1,1,1,0,1,1,37.677896121,0.090000000,2.400000000,0.000000000,1,277.319888259,12,1,12,1:-1.251:2.428|2:-0.428:2.425|3:0.392:2.424|4:1.223:2.419|5:1.228:1.589|6:0.405:1.588|7:-0.440:1.588|8:-1.261:1.589|9:-1.185:4.911|10:-0.390:4.902|11:0.375:4.903|12:1.182:4.901,1,40.012213960,pickup,3,0,0.000000000,0.000000000,1,40.012197083,0,arm is not ready for pickup,1,66.703702840,completed,1,64.703365959,0,timed out,1,0.003189468,0.182743072,-0.021978378,-0.070817947,1,3.072496653,176.041090762,0.002442360,-3.726495743,1,-2.431469202,-139.312923293,-0.002442360,1.894016266,1,0.139810562,8.010555142,-0.007326126,0.710622787,1,-0.006711006,-0.384512330,0.036628723,0.001221180,0.000000000,0.000000000,0.000000000,0.000000000,12.000000000,3.000000000,3.054326296,175.000006008,0.000000000,-3.234629154,25.000000000,8.500000000,-2.443460941,-139.999999342,0.000000000,2.209447145,25.000000000,8.000000000,0.174532920,9.999999709,0.000000000,0.305777937,12.500000000,3.200000048,0.000000000,0.000000000,0.000000000,-0.000024143,0.800000012,0.200000003
2026-07-05 15:01:18.988,1783234878.988384247,333.955505591,1,1,333.943140190,1,0.002311030,5,1,0.000319916,5,1,0,1,0,0,1,1,1,0,1,1,38.678361845,0.090000000,2.400000000,0.000000000,1,278.320353983,12,1,12,1:-1.251:2.428|2:-0.428:2.425|3:0.392:2.424|4:1.223:2.419|5:1.228:1.589|6:0.405:1.588|7:-0.440:1.588|8:-1.261:1.589|9:-1.185:4.911|10:-0.390:4.902|11:0.375:4.903|12:1.182:4.901,1,41.012679684,pickup,3,0,0.000000000,0.000000000,1,41.012662807,0,arm is not ready for pickup,1,67.704168564,completed,1,65.703831683,0,timed out,1,0.003189468,0.182743072,-0.007326126,-0.075701714,1,3.072496653,176.041090762,-0.002442360,-3.726495743,1,-2.431469202,-139.312923293,-0.002442360,1.894016266,1,0.139810562,8.010555142,-0.021978378,0.710622787,1,-0.006711006,-0.384512330,0.012210846,-0.001221180,0.000000000,0.000000000,0.000000000,0.000000000,12.000000000,3.000000000,3.054326296,175.000006008,0.000000000,-3.234629154,25.000000000,8.500000000,-2.443460941,-139.999999342,0.000000000,2.209447145,25.000000000,8.000000000,0.174532920,9.999999709,0.000000000,0.305777937,12.500000000,3.200000048,0.000000000,0.000000000,0.000000000,-0.000024143,0.800000012,0.200000003
2026-07-05 15:01:19.989,1783234879.988954067,334.956075422,1,1,334.943710021,1,0.002175079,5,1,0.000423341,5,1,0,1,0,0,1,1,1,0,1,1,39.678931676,0.090000000,2.400000000,0.000000000,1,279.320923814,12,1,12,1:-1.251:2.428|2:-0.428:2.425|3:0.392:2.424|4:1.223:2.419|5:1.228:1.589|6:0.405:1.588|7:-0.440:1.588|8:-1.261:1.589|9:-1.185:4.911|10:-0.390:4.902|11:0.375:4.903|12:1.182:4.901,1,42.013249515,pickup,3,0,0.000000000,0.000000000,1,42.013232638,0,arm is not ready for pickup,1,68.704738395,completed,1,66.704401514,0,timed out,1,0.003189468,0.182743072,-0.007326126,-0.070817947,1,3.072496653,176.041090762,0.002442360,-3.726495743,1,-2.431469202,-139.312923293,-0.002442360,1.880342484,1,0.139810562,8.010555142,-0.007326126,0.715506554,1,-0.006711006,-0.384512330,-0.012210846,0.001221180,0.000000000,0.000000000,0.000000000,0.000000000,12.000000000,3.000000000,3.054326296,175.000006008,0.000000000,-3.234629154,25.000000000,8.500000000,-2.443460941,-139.999999342,0.000000000,2.209447145,25.000000000,8.000000000,0.174532920,9.999999709,0.000000000,0.305777937,12.500000000,3.200000048,0.000000000,0.000000000,0.000000000,-0.000024143,0.800000012,0.200000003
2026-07-05 15:01:20.989,1783234880.989404440,335.956525743,1,1,335.944160342,1,0.002152860,5,1,0.000295213,5,1,0,1,0,0,1,1,1,0,1,1,40.679381997,0.090000000,2.400000000,0.000000000,1,280.321374135,12,1,12,1:-1.251:2.428|2:-0.428:2.425|3:0.392:2.424|4:1.223:2.419|5:1.228:1.589|6:0.405:1.588|7:-0.440:1.588|8:-1.261:1.589|9:-1.185:4.911|10:-0.390:4.902|11:0.375:4.903|12:1.182:4.901,1,43.013699836,pickup,3,0,0.000000000,0.000000000,1,43.013682959,0,arm is not ready for pickup,1,69.705188716,completed,1,67.704851835,0,timed out,1,0.003189468,0.182743072,-0.007326126,-0.065934181,1,3.072496653,176.041090762,0.002442360,-3.712820053,1,-2.431469202,-139.312923293,0.002442360,1.880342484,1,0.139810562,8.010555142,-0.007326126,0.710622787,1,-0.006711006,-0.384512330,-0.012210846,-0.001221180,0.000000000,0.000000000,0.000000000,0.000000000,12.000000000,3.000000000,3.054326296,175.000006008,0.000000000,-3.234629154,25.000000000,8.500000000,-2.443460941,-139.999999342,0.000000000,2.209447145,25.000000000,8.000000000,0.174532920,9.999999709,0.000000000,0.305777937,12.500000000,3.200000048,0.000000000,0.000000000,0.000000000,-0.000024143,0.800000012,0.200000003
2026-07-05 15:01:21.990,1783234881.989991426,336.957112742,1,1,336.944747341,1,0.002219453,5,1,0.000620618,5,1,0,1,0,0,1,1,1,0,1,1,41.679968996,0.090000000,2.400000000,0.000000000,1,281.321961134,12,1,12,1:-1.251:2.428|2:-0.428:2.425|3:0.392:2.424|4:1.223:2.419|5:1.228:1.589|6:0.405:1.588|7:-0.440:1.588|8:-1.261:1.589|9:-1.185:4.911|10:-0.390:4.902|11:0.375:4.903|12:1.182:4.901,1,44.014286835,pickup,3,0,0.000000000,0.000000000,1,44.014269958,0,arm is not ready for pickup,1,70.705775715,completed,1,68.705438834,0,timed out,1,0.003189468,0.182743072,-0.007326126,-0.070817947,1,3.072496653,176.041090762,-0.002442360,-3.726495743,1,-2.431469202,-139.312923293,-0.002442360,1.894016266,1,0.139810562,8.010555142,-0.007326126,0.705739021,1,-0.006711006,-0.384512330,-0.012210846,-0.001221180,0.000000000,0.000000000,0.000000000,0.000000000,12.000000000,3.000000000,3.054326296,175.000006008,0.000000000,-3.234629154,25.000000000,8.500000000,-2.443460941,-139.999999342,0.000000000,2.209447145,25.000000000,8.000000000,0.174532920,9.999999709,0.000000000,0.305777937,12.500000000,3.200000048,0.000000000,0.000000000,0.000000000,-0.000024143,0.800000012,0.200000003
2026-07-05 15:01:22.990,1783234882.990373373,337.957494867,1,1,337.945129466,1,0.002247574,5,1,0.000240028,5,1,0,1,0,0,1,1,1,0,1,1,42.680351121,0.090000000,2.400000000,0.000000000,1,282.322343259,12,1,12,1:-1.251:2.428|2:-0.428:2.425|3:0.392:2.424|4:1.223:2.419|5:1.228:1.589|6:0.405:1.588|7:-0.440:1.588|8:-1.261:1.589|9:-1.185:4.911|10:-0.390:4.902|11:0.375:4.903|12:1.182:4.901,1,45.014668960,pickup,3,0,0.000000000,0.000000000,1,45.014652083,0,arm is not ready for pickup,1,71.706157840,completed,1,69.705820959,0,timed out,1,0.003189468,0.182743072,-0.007326126,-0.070817947,1,3.072496653,176.041090762,-0.002442360,-3.712820053,1,-2.431469202,-139.312923293,-0.007326126,1.880342484,1,0.139810562,8.010555142,-0.021978378,0.705739021,1,-0.006711006,-0.384512330,0.012210846,0.001221180,0.000000000,0.000000000,0.000000000,0.000000000,12.000000000,3.000000000,3.054326296,175.000006008,0.000000000,-3.234629154,25.000000000,8.500000000,-2.443460941,-139.999999342,0.000000000,2.209447145,25.000000000,8.000000000,0.174532920,9.999999709,0.000000000,0.305777937,12.500000000,3.200000048,0.000000000,0.000000000,0.000000000,-0.000024143,0.800000012,0.200000003
2026-07-05 15:01:23.990,1783234883.990818262,338.957939758,1,1,338.945574357,1,0.002464330,5,1,0.000413148,5,1,0,1,0,0,1,1,1,0,1,1,43.680796012,0.090000000,2.400000000,0.000000000,1,283.322788150,12,1,12,1:-1.251:2.428|2:-0.428:2.425|3:0.392:2.424|4:1.223:2.419|5:1.228:1.589|6:0.405:1.588|7:-0.440:1.588|8:-1.261:1.589|9:-1.185:4.911|10:-0.390:4.902|11:0.375:4.903|12:1.182:4.901,1,46.015113851,pickup,3,0,0.000000000,0.000000000,1,46.015096974,0,arm is not ready for pickup,1,72.706602731,completed,1,70.706265850,0,timed out,1,0.003189468,0.182743072,-0.007326126,-0.070817947,1,3.072496653,176.041090762,-0.007326126,-3.726495743,1,-2.431469202,-139.312923293,-0.002442360,1.880342484,1,0.139810562,8.010555142,0.007326126,0.710622787,1,-0.006711006,-0.384512330,0.012210846,-0.001221180,0.000000000,0.000000000,0.000000000,0.000000000,12.000000000,3.000000000,3.054326296,175.000006008,0.000000000,-3.234629154,25.000000000,8.500000000,-2.443460941,-139.999999342,0.000000000,2.209447145,25.000000000,8.000000000,0.174532920,9.999999709,0.000000000,0.305777937,12.500000000,3.200000048,0.000000000,0.000000000,0.000000000,-0.000024143,0.800000012,0.200000003
2026-07-05 15:01:24.991,1783234884.991205931,339.958327411,1,1,339.945962010,1,0.002342679,5,1,0.000256560,5,1,0,1,0,0,1,1,1,0,1,1,44.681183665,0.090000000,2.400000000,0.000000000,1,284.323175803,12,1,12,1:-1.251:2.428|2:-0.428:2.425|3:0.392:2.424|4:1.223:2.419|5:1.228:1.589|6:0.405:1.588|7:-0.440:1.588|8:-1.261:1.589|9:-1.185:4.911|10:-0.390:4.902|11:0.375:4.903|12:1.182:4.901,1,47.015501504,pickup,3,0,0.000000000,0.000000000,1,47.015484627,0,arm is not ready for pickup,1,73.706990384,completed,1,71.706653503,0,timed out,1,0.003189468,0.182743072,-0.021978378,-0.070817947,1,3.072496653,176.041090762,-0.002442360,-3.726495743,1,-2.431469202,-139.312923293,-0.002442360,1.894016266,1,0.139810562,8.010555142,-0.021978378,0.710622787,1,-0.006711006,-0.384512330,0.012210846,0.001221180,0.000000000,0.000000000,0.000000000,0.000000000,12.000000000,3.000000000,3.054326296,175.000006008,0.000000000,-3.234629154,25.000000000,8.500000000,-2.443460941,-139.999999342,0.000000000,2.209447145,25.000000000,8.000000000,0.174532920,9.999999709,0.000000000,0.305777937,12.500000000,3.200000048,0.000000000,0.000000000,0.000000000,-0.000024143,0.800000012,0.200000003
2026-07-05 15:01:25.991,1783234885.991576672,340.958698130,1,1,340.946332729,1,0.001868063,5,1,0.000037448,5,1,0,1,0,0,1,1,1,0,1,1,45.681554384,0.090000000,2.400000000,0.000000000,1,285.323546522,12,1,12,1:-1.251:2.428|2:-0.428:2.425|3:0.392:2.424|4:1.223:2.419|5:1.228:1.589|6:0.405:1.588|7:-0.440:1.588|8:-1.261:1.589|9:-1.185:4.911|10:-0.390:4.902|11:0.375:4.903|12:1.182:4.901,1,48.015872223,pickup,3,0,0.000000000,0.000000000,1,48.015855346,0,arm is not ready for pickup,1,74.707361103,completed,1,72.707024222,0,timed out,1,0.003189468,0.182743072,-0.007326126,-0.070817947,1,3.072496653,176.041090762,-0.002442360,-3.740171432,1,-2.431469202,-139.312923293,-0.002442360,1.880342484,1,0.139810562,8.010555142,-0.021978378,0.710622787,1,-0.006711006,-0.384512330,-0.012210846,0.001221180,0.000000000,0.000000000,0.000000000,0.000000000,12.000000000,3.000000000,3.054326296,175.000006008,0.000000000,-3.234629154,25.000000000,8.500000000,-2.443460941,-139.999999342,0.000000000,2.209447145,25.000000000,8.000000000,0.174532920,9.999999709,0.000000000,0.305777937,12.500000000,3.200000048,0.000000000,0.000000000,0.000000000,-0.000024143,0.800000012,0.200000003
2026-07-05 15:01:26.991,1783234886.991939306,341.959060789,1,1,341.946695388,1,0.002306748,5,1,0.000020907,5,1,0,1,0,0,1,1,1,0,1,1,46.681917043,0.090000000,2.400000000,0.000000000,1,286.323909181,12,1,12,1:-1.251:2.428|2:-0.428:2.425|3:0.392:2.424|4:1.223:2.419|5:1.228:1.589|6:0.405:1.588|7:-0.440:1.588|8:-1.261:1.589|9:-1.185:4.911|10:-0.390:4.902|11:0.375:4.903|12:1.182:4.901,1,49.016234882,pickup,3,0,0.000000000,0.000000000,1,49.016218005,0,arm is not ready for pickup,1,75.707723762,completed,1,73.707386881,0,timed out,1,0.003189468,0.182743072,-0.007326126,-0.070817947,1,3.072496653,176.041090762,-0.002442360,-3.740171432,1,-2.431469202,-139.312923293,-0.002442360,1.894016266,1,0.139810562,8.010555142,-0.007326126,0.710622787,1,-0.006711006,-0.384512330,-0.012210846,-0.001221180,0.000000000,0.000000000,0.000000000,0.000000000,12.000000000,3.000000000,3.054326296,175.000006008,0.000000000,-3.234629154,25.000000000,8.500000000,-2.443460941,-139.999999342,0.000000000,2.209447145,25.000000000,8.000000000,0.174532920,9.999999709,0.000000000,0.305777937,12.500000000,3.200000048,0.000000000,0.000000000,0.000000000,-0.000024143,0.800000012,0.200000003
2026-07-05 15:01:27.992,1783234887.992422581,342.959544204,1,1,342.947178803,1,0.001901331,5,1,0.000226980,5,1,0,1,0,0,1,1,1,0,1,1,47.682400458,0.090000000,2.400000000,0.000000000,1,287.324392596,12,1,12,1:-1.251:2.428|2:-0.428:2.425|3:0.392:2.424|4:1.223:2.419|5:1.228:1.589|6:0.405:1.588|7:-0.440:1.588|8:-1.261:1.589|9:-1.185:4.911|10:-0.390:4.902|11:0.375:4.903|12:1.182:4.901,1,50.016718297,pickup,3,0,0.000000000,0.000000000,1,50.016701420,0,arm is not ready for pickup,1,76.708207177,completed,1,74.707870296,0,timed out,1,0.003189468,0.182743072,-0.007326126,-0.070817947,1,3.072496653,176.041090762,-0.002442360,-3.726495743,1,-2.431469202,-139.312923293,0.002442360,1.894016266,1,0.139810562,8.010555142,-0.007326126,0.705739021,1,-0.006711006,-0.384512330,-0.012210846,0.001221180,0.000000000,0.000000000,0.000000000,0.000000000,12.000000000,3.000000000,3.054326296,175.000006008,0.000000000,-3.234629154,25.000000000,8.500000000,-2.443460941,-139.999999342,0.000000000,2.209447145,25.000000000,8.000000000,0.174532920,9.999999709,0.000000000,0.305777937,12.500000000,3.200000048,0.000000000,0.000000000,0.000000000,-0.000024143,0.800000012,0.200000003
2026-07-05 15:01:28.992,1783234888.992866755,343.959988335,1,1,343.947622934,1,0.002042358,5,1,0.000306109,5,1,0,1,0,0,1,1,1,0,1,1,48.682844589,0.090000000,2.400000000,0.000000000,1,288.324836727,12,1,12,1:-1.251:2.428|2:-0.428:2.425|3:0.392:2.424|4:1.223:2.419|5:1.228:1.589|6:0.405:1.588|7:-0.440:1.588|8:-1.261:1.589|9:-1.185:4.911|10:-0.390:4.902|11:0.375:4.903|12:1.182:4.901,1,51.017162428,pickup,3,0,0.000000000,0.000000000,1,51.017145551,0,arm is not ready for pickup,1,77.708651308,completed,1,75.708314427,0,timed out,1,0.003189468,0.182743072,-0.021978378,-0.070817947,1,3.072496653,176.041090762,-0.002442360,-3.726495743,1,-2.431469202,-139.312923293,-0.002442360,1.880342484,1,0.139810562,8.010555142,0.007326126,0.710622787,1,-0.006711006,-0.384512330,0.012210846,-0.001221180,0.000000000,0.000000000,0.000000000,0.000000000,12.000000000,3.000000000,3.054326296,175.000006008,0.000000000,-3.234629154,25.000000000,8.500000000,-2.443460941,-139.999999342,0.000000000,2.209447145,25.000000000,8.000000000,0.174532920,9.999999709,0.000000000,0.305777937,12.500000000,3.200000048,0.000000000,0.000000000,0.000000000,-0.000024143,0.800000012,0.200000003
2026-07-05 15:01:29.993,1783234889.993175507,344.960296947,1,1,344.947931546,1,0.002176993,5,1,0.000363213,5,1,0,1,0,0,1,1,1,0,1,1,49.683153201,0.090000000,2.400000000,0.000000000,1,289.325145339,12,1,12,1:-1.251:2.428|2:-0.428:2.425|3:0.392:2.424|4:1.223:2.419|5:1.228:1.589|6:0.405:1.588|7:-0.440:1.588|8:-1.261:1.589|9:-1.185:4.911|10:-0.390:4.902|11:0.375:4.903|12:1.182:4.901,1,52.017471040,pickup,3,0,0.000000000,0.000000000,1,52.017454163,0,arm is not ready for pickup,1,78.708959920,completed,1,76.708623039,0,timed out,1,0.003189468,0.182743072,-0.007326126,-0.070817947,1,3.072496653,176.041090762,-0.002442360,-3.726495743,1,-2.431469202,-139.312923293,-0.002442360,1.880342484,1,0.139810562,8.010555142,-0.007326126,0.710622787,1,-0.006711006,-0.384512330,-0.012210846,0.001221180,0.000000000,0.000000000,0.000000000,0.000000000,12.000000000,3.000000000,3.054326296,175.000006008,0.000000000,-3.234629154,25.000000000,8.500000000,-2.443460941,-139.999999342,0.000000000,2.209447145,25.000000000,8.000000000,0.174532920,9.999999709,0.000000000,0.305777937,12.500000000,3.200000048,0.000000000,0.000000000,0.000000000,-0.000024143,0.800000012,0.200000003
2026-07-05 15:01:30.993,1783234890.993595839,345.960717218,1,1,345.948351817,1,0.002584439,5,1,0.000439702,5,1,0,1,0,0,1,1,1,0,1,1,50.683573472,0.090000000,2.400000000,0.000000000,1,290.325565610,12,1,12,1:-1.251:2.428|2:-0.428:2.425|3:0.392:2.424|4:1.223:2.419|5:1.228:1.589|6:0.405:1.588|7:-0.440:1.588|8:-1.261:1.589|9:-1.185:4.911|10:-0.390:4.902|11:0.375:4.903|12:1.182:4.901,1,53.017891311,pickup,3,0,0.000000000,0.000000000,1,53.017874434,0,arm is not ready for pickup,1,79.709380191,completed,1,77.709043310,0,timed out,1,0.003189468,0.182743072,-0.007326126,-0.070817947,1,3.072496653,176.041090762,-0.002442360,-3.726495743,1,-2.431469202,-139.312923293,-0.002442360,1.894016266,1,0.139810562,8.010555142,-0.007326126,0.710622787,1,-0.006711006,-0.384512330,-0.012210846,-0.001221180,0.000000000,0.000000000,0.000000000,0.000000000,12.000000000,3.000000000,3.054326296,175.000006008,0.000000000,-3.234629154,25.000000000,8.500000000,-2.443460941,-139.999999342,0.000000000,2.209447145,25.000000000,8.000000000,0.174532920,9.999999709,0.000000000,0.305777937,12.500000000,3.200000048,0.000000000,0.000000000,0.000000000,-0.000024143,0.800000012,0.200000003
2026-07-05 15:01:31.993,1783234891.993902922,346.961024163,1,1,346.948658762,1,0.002322132,5,1,0.000466014,5,1,0,1,0,0,1,1,1,0,1,1,51.683880417,0.090000000,2.400000000,0.000000000,1,291.325872555,12,1,12,1:-1.251:2.428|2:-0.428:2.425|3:0.392:2.424|4:1.223:2.419|5:1.228:1.589|6:0.405:1.588|7:-0.440:1.588|8:-1.261:1.589|9:-1.185:4.911|10:-0.390:4.902|11:0.375:4.903|12:1.182:4.901,1,54.018198256,pickup,3,0,0.000000000,0.000000000,1,54.018181379,0,arm is not ready for pickup,1,80.709687136,completed,1,78.709350255,0,timed out,1,0.003189468,0.182743072,-0.007326126,-0.075701714,1,3.072496653,176.041090762,0.002442360,-3.726495743,1,-2.431469202,-139.312923293,-0.002442360,1.880342484,1,0.139810562,8.010555142,-0.007326126,0.710622787,1,-0.006711006,-0.384512330,-0.012210846,-0.001221180,0.000000000,0.000000000,0.000000000,0.000000000,12.000000000,3.000000000,3.054326296,175.000006008,0.000000000,-3.234629154,25.000000000,8.500000000,-2.443460941,-139.999999342,0.000000000,2.209447145,25.000000000,8.000000000,0.174532920,9.999999709,0.000000000,0.305777937,12.500000000,3.200000048,0.000000000,0.000000000,0.000000000,-0.000024143,0.800000012,0.200000003
2026-07-05 15:01:32.994,1783234892.994184017,347.961305313,1,1,347.948939912,1,0.002104273,5,1,0.000364051,5,1,0,1,0,0,1,1,1,0,1,1,52.684161567,0.090000000,2.400000000,0.000000000,1,292.326153705,12,1,12,1:-1.251:2.428|2:-0.428:2.425|3:0.392:2.424|4:1.223:2.419|5:1.228:1.589|6:0.405:1.588|7:-0.440:1.588|8:-1.261:1.589|9:-1.185:4.911|10:-0.390:4.902|11:0.375:4.903|12:1.182:4.901,1,55.018479406,pickup,3,0,0.000000000,0.000000000,1,55.018462529,0,arm is not ready for pickup,1,81.709968286,completed,1,79.709631405,0,timed out,1,0.003189468,0.182743072,-0.007326126,-0.070817947,1,3.072496653,176.041090762,-0.002442360,-3.726495743,1,-2.431469202,-139.312923293,-0.002442360,1.894016266,1,0.139810562,8.010555142,-0.007326126,0.710622787,1,-0.006711006,-0.384512330,0.012210846,-0.001221180,0.000000000,0.000000000,0.000000000,0.000000000,12.000000000,3.000000000,3.054326296,175.000006008,0.000000000,-3.234629154,25.000000000,8.500000000,-2.443460941,-139.999999342,0.000000000,2.209447145,25.000000000,8.000000000,0.174532920,9.999999709,0.000000000,0.305777937,12.500000000,3.200000048,0.000000000,0.000000000,0.000000000,-0.000024143,0.800000012,0.200000003
2026-07-05 15:01:33.994,1783234893.994588137,348.961709515,1,1,348.949344114,1,0.002270345,5,1,0.000295429,5,1,0,1,0,0,1,1,1,0,1,1,53.684565769,0.090000000,2.400000000,0.000000000,1,293.326557907,12,1,12,1:-1.251:2.428|2:-0.428:2.425|3:0.392:2.424|4:1.223:2.419|5:1.228:1.589|6:0.405:1.588|7:-0.440:1.588|8:-1.261:1.589|9:-1.185:4.911|10:-0.390:4.902|11:0.375:4.903|12:1.182:4.901,1,56.018883608,pickup,3,0,0.000000000,0.000000000,1,56.018866731,0,arm is not ready for pickup,1,82.710372488,completed,1,80.710035607,0,timed out,1,0.003189468,0.182743072,-0.007326126,-0.070817947,1,3.072496653,176.041090762,0.002442360,-3.726495743,1,-2.431469202,-139.312923293,-0.002442360,1.894016266,1,0.139810562,8.010555142,-0.007326126,0.710622787,1,-0.006711006,-0.384512330,-0.036628723,0.001221180,0.000000000,0.000000000,0.000000000,0.000000000,12.000000000,3.000000000,3.054326296,175.000006008,0.000000000,-3.234629154,25.000000000,8.500000000,-2.443460941,-139.999999342,0.000000000,2.209447145,25.000000000,8.000000000,0.174532920,9.999999709,0.000000000,0.305777937,12.500000000,3.200000048,0.000000000,0.000000000,0.000000000,-0.000024143,0.800000012,0.200000003
2026-07-05 15:01:34.994,1783234894.994785547,349.961907077,1,1,349.949541676,1,0.002131011,5,1,0.000129998,5,1,0,1,0,0,1,1,1,0,1,1,54.684763331,0.090000000,2.400000000,0.000000000,1,294.326755469,12,1,12,1:-1.251:2.428|2:-0.428:2.425|3:0.392:2.424|4:1.223:2.419|5:1.228:1.589|6:0.405:1.588|7:-0.440:1.588|8:-1.261:1.589|9:-1.185:4.911|10:-0.390:4.902|11:0.375:4.903|12:1.182:4.901,1,57.019081170,pickup,3,0,0.000000000,0.000000000,1,57.019064293,0,arm is not ready for pickup,1,83.710570050,completed,1,81.710233169,0,timed out,1,0.003189468,0.182743072,0.007326126,-0.070817947,1,3.072496653,176.041090762,-0.002442360,-3.726495743,1,-2.431469202,-139.312923293,-0.002442360,1.894016266,1,0.139810562,8.010555142,-0.007326126,0.705739021,1,-0.006711006,-0.384512330,0.012210846,-0.001221180,0.000000000,0.000000000,0.000000000,0.000000000,12.000000000,3.000000000,3.054326296,175.000006008,0.000000000,-3.234629154,25.000000000,8.500000000,-2.443460941,-139.999999342,0.000000000,2.209447145,25.000000000,8.000000000,0.174532920,9.999999709,0.000000000,0.305777937,12.500000000,3.200000048,0.000000000,0.000000000,0.000000000,-0.000024143,0.800000012,0.200000003
2026-07-05 15:01:35.995,1783234895.995190620,350.962311978,1,1,350.949946577,1,0.002287632,5,1,0.000208240,5,1,0,1,0,0,1,1,1,0,1,1,55.685168232,0.090000000,2.400000000,0.000000000,1,295.327160370,12,1,12,1:-1.251:2.428|2:-0.428:2.425|3:0.392:2.424|4:1.223:2.419|5:1.228:1.589|6:0.405:1.588|7:-0.440:1.588|8:-1.261:1.589|9:-1.185:4.911|10:-0.390:4.902|11:0.375:4.903|12:1.182:4.901,1,58.019486071,pickup,3,0,0.000000000,0.000000000,1,58.019469194,0,arm is not ready for pickup,1,84.710974951,completed,1,82.710638070,0,timed out,1,0.003189468,0.182743072,-0.007326126,-0.065934181,1,3.072496653,176.041090762,-0.002442360,-3.740171432,1,-2.431469202,-139.312923293,-0.002442360,1.894016266,1,0.139810562,8.010555142,-0.007326126,0.710622787,1,-0.006711006,-0.384512330,-0.036628723,-0.001221180,0.000000000,0.000000000,0.000000000,0.000000000,12.000000000,3.000000000,3.054326296,175.000006008,0.000000000,-3.234629154,25.000000000,8.500000000,-2.443460941,-139.999999342,0.000000000,2.209447145,25.000000000,8.000000000,0.174532920,9.999999709,0.000000000,0.305777937,12.500000000,3.200000048,0.000000000,0.000000000,0.000000000,-0.000024143,0.800000012,0.200000003
2026-07-05 15:01:36.995,1783234896.995433569,351.962554776,1,1,351.950189375,1,0.002090145,5,1,0.000278101,5,1,0,1,0,0,1,1,1,0,1,1,56.685411030,0.090000000,2.400000000,0.000000000,1,296.327403168,12,1,12,1:-1.251:2.428|2:-0.428:2.425|3:0.392:2.424|4:1.223:2.419|5:1.228:1.589|6:0.405:1.588|7:-0.440:1.588|8:-1.261:1.589|9:-1.185:4.911|10:-0.390:4.902|11:0.375:4.903|12:1.182:4.901,1,59.019728869,pickup,3,0,0.000000000,0.000000000,1,59.019711992,0,arm is not ready for pickup,1,85.711217749,completed,1,83.710880868,0,timed out,1,0.003189468,0.182743072,-0.007326126,-0.070817947,1,3.072496653,176.041090762,-0.002442360,-3.726495743,1,-2.431469202,-139.312923293,-0.002442360,1.894016266,1,0.139810562,8.010555142,0.007326126,0.715506554,1,-0.006711006,-0.384512330,-0.012210846,-0.001221180,0.000000000,0.000000000,0.000000000,0.000000000,12.000000000,3.000000000,3.054326296,175.000006008,0.000000000,-3.234629154,25.000000000,8.500000000,-2.443460941,-139.999999342,0.000000000,2.209447145,25.000000000,8.000000000,0.174532920,9.999999709,0.000000000,0.305777937,12.500000000,3.200000048,0.000000000,0.000000000,0.000000000,-0.000024143,0.800000012,0.200000003
2026-07-05 15:01:37.995,1783234897.995764256,352.962885776,1,1,352.950520375,1,0.002096790,5,1,0.000305228,5,1,0,1,0,0,1,1,1,0,1,1,57.685742030,0.090000000,2.400000000,0.000000000,1,297.327734168,12,1,12,1:-1.251:2.428|2:-0.428:2.425|3:0.392:2.424|4:1.223:2.419|5:1.228:1.589|6:0.405:1.588|7:-0.440:1.588|8:-1.261:1.589|9:-1.185:4.911|10:-0.390:4.902|11:0.375:4.903|12:1.182:4.901,1,60.020059869,pickup,3,0,0.000000000,0.000000000,1,60.020042992,0,arm is not ready for pickup,1,86.711548749,completed,1,84.711211868,0,timed out,1,0.003189468,0.182743072,-0.021978378,-0.070817947,1,3.072496653,176.041090762,-0.002442360,-3.726495743,1,-2.431469202,-139.312923293,-0.002442360,1.880342484,1,0.139810562,8.010555142,-0.007326126,0.715506554,1,-0.006711006,-0.384512330,-0.036628723,-0.001221180,0.000000000,0.000000000,0.000000000,0.000000000,12.000000000,3.000000000,3.054326296,175.000006008,0.000000000,-3.234629154,25.000000000,8.500000000,-2.443460941,-139.999999342,0.000000000,2.209447145,25.000000000,8.000000000,0.174532920,9.999999709,0.000000000,0.305777937,12.500000000,3.200000048,0.000000000,0.000000000,0.000000000,-0.000024143,0.800000012,0.200000003
2026-07-05 15:01:38.996,1783234898.996015787,353.963137185,1,1,353.950771784,1,0.002004824,5,1,0.000244883,5,1,0,1,0,0,1,1,1,0,1,1,58.685993439,0.090000000,2.400000000,0.000000000,1,298.327985577,12,1,12,1:-1.251:2.428|2:-0.428:2.425|3:0.392:2.424|4:1.223:2.419|5:1.228:1.589|6:0.405:1.588|7:-0.440:1.588|8:-1.261:1.589|9:-1.185:4.911|10:-0.390:4.902|11:0.375:4.903|12:1.182:4.901,1,61.020311278,pickup,3,0,0.000000000,0.000000000,1,61.020294401,0,arm is not ready for pickup,1,87.711800158,completed,1,85.711463277,0,timed out,1,0.003189468,0.182743072,-0.007326126,-0.070817947,1,3.072496653,176.041090762,-0.002442360,-3.726495743,1,-2.431469202,-139.312923293,-0.002442360,1.880342484,1,0.139810562,8.010555142,-0.007326126,0.705739021,1,-0.006711006,-0.384512330,0.012210846,0.001221180,0.000000000,0.000000000,0.000000000,0.000000000,12.000000000,3.000000000,3.054326296,175.000006008,0.000000000,-3.234629154,25.000000000,8.500000000,-2.443460941,-139.999999342,0.000000000,2.209447145,25.000000000,8.000000000,0.174532920,9.999999709,0.000000000,0.305777937,12.500000000,3.200000048,0.000000000,0.000000000,0.000000000,-0.000024143,0.800000012,0.200000003
2026-07-05 15:01:39.996,1783234899.996307850,354.963429383,1,1,354.951063982,1,0.002201595,5,1,0.000344171,5,1,0,1,0,0,1,1,1,0,1,1,59.686285637,0.090000000,2.400000000,0.000000000,1,299.328277775,12,1,12,1:-1.251:2.428|2:-0.428:2.425|3:0.392:2.424|4:1.223:2.419|5:1.228:1.589|6:0.405:1.588|7:-0.440:1.588|8:-1.261:1.589|9:-1.185:4.911|10:-0.390:4.902|11:0.375:4.903|12:1.182:4.901,1,62.020603476,pickup,3,0,0.000000000,0.000000000,1,62.020586599,0,arm is not ready for pickup,1,88.712092356,completed,1,86.711755475,0,timed out,1,0.003189468,0.182743072,0.007326126,-0.070817947,1,3.072496653,176.041090762,-0.002442360,-3.726495743,1,-2.431469202,-139.312923293,-0.002442360,1.894016266,1,0.139810562,8.010555142,-0.021978378,0.710622787,1,-0.006711006,-0.384512330,-0.012210846,0.001221180,0.000000000,0.000000000,0.000000000,0.000000000,12.000000000,3.000000000,3.054326296,175.000006008,0.000000000,-3.234629154,25.000000000,8.500000000,-2.443460941,-139.999999342,0.000000000,2.209447145,25.000000000,8.000000000,0.174532920,9.999999709,0.000000000,0.305777937,12.500000000,3.200000048,0.000000000,0.000000000,0.000000000,-0.000024143,0.800000012,0.200000003
2026-07-05 15:01:40.996,1783234900.995992899,355.963114278,1,1,355.950748877,1,0.001818606,5,1,0.000240274,5,1,0,1,0,0,1,1,1,0,1,1,60.685970532,0.090000000,2.400000000,0.000000000,1,300.327962670,12,1,12,1:-1.251:2.428|2:-0.428:2.425|3:0.392:2.424|4:1.223:2.419|5:1.228:1.589|6:0.405:1.588|7:-0.440:1.588|8:-1.261:1.589|9:-1.185:4.911|10:-0.390:4.902|11:0.375:4.903|12:1.182:4.901,1,63.020288371,pickup,3,0,0.000000000,0.000000000,1,63.020271494,0,arm is not ready for pickup,1,89.711777251,completed,1,87.711440370,0,timed out,1,0.003189468,0.182743072,-0.007326126,-0.070817947,1,3.072496653,176.041090762,-0.002442360,-3.726495743,1,-2.431469202,-139.312923293,-0.002442360,1.880342484,1,0.139810562,8.010555142,-0.007326126,0.715506554,1,-0.007094383,-0.406478218,-0.012210846,0.001221180,0.000000000,0.000000000,0.000000000,0.000000000,12.000000000,3.000000000,3.054326296,175.000006008,0.000000000,-3.234629154,25.000000000,8.500000000,-2.443460941,-139.999999342,0.000000000,2.209447145,25.000000000,8.000000000,0.174532920,9.999999709,0.000000000,0.305777937,12.500000000,3.200000048,0.000000000,0.000000000,0.000000000,-0.000024143,0.800000012,0.200000003
2026-07-05 15:01:41.989,1783234901.989493132,356.956614618,1,1,356.944249217,1,0.002248544,5,1,0.000495718,5,1,0,1,0,0,1,1,1,0,1,1,61.679470872,0.090000000,2.400000000,0.000000000,1,301.321463010,12,1,12,1:-1.251:2.428|2:-0.428:2.425|3:0.392:2.424|4:1.223:2.419|5:1.228:1.589|6:0.405:1.588|7:-0.440:1.588|8:-1.261:1.589|9:-1.185:4.911|10:-0.390:4.902|11:0.375:4.903|12:1.182:4.901,1,64.013788711,pickup,3,0,0.000000000,0.000000000,1,64.013771834,0,arm is not ready for pickup,1,90.705277591,completed,1,88.704940710,0,timed out,1,0.003189468,0.182743072,0.007326126,-0.070817947,1,3.072496653,176.041090762,-0.002442360,-3.740171432,1,-2.431469202,-139.312923293,-0.002442360,1.894016266,1,0.139810562,8.010555142,-0.007326126,0.710622787,1,-0.006711006,-0.384512330,0.012210846,0.001221180,0.000000000,0.000000000,0.000000000,0.000000000,12.000000000,3.000000000,3.054326296,175.000006008,0.000000000,-3.234629154,25.000000000,8.500000000,-2.443460941,-139.999999342,0.000000000,2.209447145,25.000000000,8.000000000,0.174532920,9.999999709,0.000000000,0.305777937,12.500000000,3.200000048,0.000000000,0.000000000,0.000000000,-0.000024143,0.800000012,0.200000003
2026-07-05 15:01:42.983,1783234902.983214378,357.950335873,1,1,357.937970472,1,0.002341407,5,1,0.000210810,5,1,0,1,0,0,1,1,1,0,1,1,62.673192127,0.090000000,2.400000000,0.000000000,1,302.315184265,12,1,12,1:-1.251:2.428|2:-0.428:2.425|3:0.392:2.424|4:1.223:2.419|5:1.228:1.589|6:0.405:1.588|7:-0.440:1.588|8:-1.261:1.589|9:-1.185:4.911|10:-0.390:4.902|11:0.375:4.903|12:1.182:4.901,1,65.007509966,pickup,3,0,0.000000000,0.000000000,1,65.007493089,0,arm is not ready for pickup,1,91.698998846,completed,1,89.698661965,0,timed out,1,0.003189468,0.182743072,-0.007326126,-0.075701714,1,3.072496653,176.041090762,-0.002442360,-3.740171432,1,-2.431469202,-139.312923293,-0.002442360,1.880342484,1,0.139810562,8.010555142,0.007326126,0.715506554,1,-0.006711006,-0.384512330,0.012210846,-0.001221180,0.000000000,0.000000000,0.000000000,0.000000000,12.000000000,3.000000000,3.054326296,175.000006008,0.000000000,-3.234629154,25.000000000,8.500000000,-2.443460941,-139.999999342,0.000000000,2.209447145,25.000000000,8.000000000,0.174532920,9.999999709,0.000000000,0.305777937,12.500000000,3.200000048,0.000000000,0.000000000,0.000000000,-0.000024143,0.800000012,0.200000003
2026-07-05 15:01:43.977,1783234903.977408886,358.944530101,1,1,358.932164700,1,0.002535036,5,1,0.000251890,5,1,0,1,0,0,1,1,1,0,1,1,63.667386355,0.090000000,2.400000000,0.000000000,1,303.309378493,12,1,12,1:-1.251:2.428|2:-0.428:2.425|3:0.392:2.424|4:1.223:2.419|5:1.228:1.589|6:0.405:1.588|7:-0.440:1.588|8:-1.261:1.589|9:-1.185:4.911|10:-0.390:4.902|11:0.375:4.903|12:1.182:4.901,1,66.001704194,pickup,3,0,0.000000000,0.000000000,1,66.001687317,0,arm is not ready for pickup,1,92.693193074,completed,1,90.692856193,0,timed out,1,0.003189468,0.182743072,-0.007326126,-0.070817947,1,3.072496653,176.041090762,-0.002442360,-3.726495743,1,-2.431469202,-139.312923293,-0.002442360,1.880342484,1,0.139810562,8.010555142,0.007326126,0.705739021,1,-0.006711006,-0.384512330,0.012210846,0.001221180,0.000000000,0.000000000,0.000000000,0.000000000,12.000000000,3.000000000,3.054326296,175.000006008,0.000000000,-3.234629154,25.000000000,8.500000000,-2.443460941,-139.999999342,0.000000000,2.209447145,25.000000000,8.000000000,0.174532920,9.999999709,0.000000000,0.305777937,12.500000000,3.200000048,0.000000000,0.000000000,0.000000000,-0.000024143,0.800000012,0.200000003
2026-07-05 15:01:44.971,1783234904.971915245,359.939036579,1,1,359.926671178,1,0.002429290,5,1,0.000302182,5,1,0,1,0,0,1,1,1,0,1,1,64.661892833,0.090000000,2.400000000,0.000000000,1,304.303884971,12,1,12,1:-1.251:2.428|2:-0.428:2.425|3:0.392:2.424|4:1.223:2.419|5:1.228:1.589|6:0.405:1.588|7:-0.440:1.588|8:-1.261:1.589|9:-1.185:4.911|10:-0.390:4.902|11:0.375:4.903|12:1.182:4.901,1,66.996210672,pickup,3,0,0.000000000,0.000000000,1,66.996193795,0,arm is not ready for pickup,1,93.687699552,completed,1,91.687362671,0,timed out,1,0.003189468,0.182743072,0.007326126,-0.070817947,1,3.072496653,176.041090762,-0.002442360,-3.712820053,1,-2.431469202,-139.312923293,-0.002442360,1.880342484,1,0.139810562,8.010555142,0.007326126,0.705739021,1,-0.006711006,-0.384512330,-0.012210846,-0.001221180,0.000000000,0.000000000,0.000000000,0.000000000,12.000000000,3.000000000,3.054326296,175.000006008,0.000000000,-3.234629154,25.000000000,8.500000000,-2.443460941,-139.999999342,0.000000000,2.209447145,25.000000000,8.000000000,0.174532920,9.999999709,0.000000000,0.305777937,12.500000000,3.200000048,0.000000000,0.000000000,0.000000000,-0.000024143,0.800000012,0.200000003
2026-07-05 15:01:45.966,1783234905.966738462,360.933859922,1,1,360.921494521,1,0.002334392,5,1,0.000325302,5,1,0,1,0,0,1,1,1,0,1,1,65.656716176,0.090000000,2.400000000,0.000000000,1,305.298708314,12,1,12,1:-1.251:2.428|2:-0.428:2.425|3:0.392:2.424|4:1.223:2.419|5:1.228:1.589|6:0.405:1.588|7:-0.440:1.588|8:-1.261:1.589|9:-1.185:4.911|10:-0.390:4.902|11:0.375:4.903|12:1.182:4.901,1,67.991034015,pickup,3,0,0.000000000,0.000000000,1,67.991017138,0,arm is not ready for pickup,1,94.682522895,completed,1,92.682186014,0,timed out,1,0.003189468,0.182743072,0.007326126,-0.065934181,1,3.072496653,176.041090762,0.002442360,-3.726495743,1,-2.431469202,-139.312923293,-0.002442360,1.894016266,1,0.139810562,8.010555142,-0.007326126,0.710622787,1,-0.006711006,-0.384512330,-0.036628723,-0.001221180,0.000000000,0.000000000,0.000000000,0.000000000,12.000000000,3.000000000,3.054326296,175.000006008,0.000000000,-3.234629154,25.000000000,8.500000000,-2.443460941,-139.999999342,0.000000000,2.209447145,25.000000000,8.000000000,0.174532920,9.999999709,0.000000000,0.305777937,12.500000000,3.200000048,0.000000000,0.000000000,0.000000000,-0.000024143,0.800000012,0.200000003
2026-07-05 15:01:46.961,1783234906.961740732,361.928862149,1,1,361.916496748,1,0.002273918,5,1,0.000299851,5,1,0,1,0,0,1,1,1,0,1,1,66.651718403,0.090000000,2.400000000,0.000000000,1,306.293710541,12,1,12,1:-1.251:2.428|2:-0.428:2.425|3:0.392:2.424|4:1.223:2.419|5:1.228:1.589|6:0.405:1.588|7:-0.440:1.588|8:-1.261:1.589|9:-1.185:4.911|10:-0.390:4.902|11:0.375:4.903|12:1.182:4.901,1,68.986036242,pickup,3,0,0.000000000,0.000000000,1,68.986019365,0,arm is not ready for pickup,1,95.677525122,completed,1,93.677188241,0,timed out,1,0.003189468,0.182743072,-0.007326126,-0.070817947,1,3.072496653,176.041090762,0.002442360,-3.726495743,1,-2.431469202,-139.312923293,-0.002442360,1.880342484,1,0.139810562,8.010555142,-0.021978378,0.700854301,1,-0.006711006,-0.384512330,-0.012210846,0.001221180,0.000000000,0.000000000,0.000000000,0.000000000,12.000000000,3.000000000,3.054326296,175.000006008,0.000000000,-3.234629154,25.000000000,8.500000000,-2.443460941,-139.999999342,0.000000000,2.209447145,25.000000000,8.000000000,0.174532920,9.999999709,0.000000000,0.305777937,12.500000000,3.200000048,0.000000000,0.000000000,0.000000000,-0.000024143,0.800000012,0.200000003
2026-07-05 15:01:47.957,1783234907.957072020,362.924193545,1,1,362.911828144,1,0.002356691,5,1,0.000228470,5,1,0,1,0,0,1,1,1,0,1,1,67.647049799,0.090000000,2.400000000,0.000000000,1,307.289041937,12,1,12,1:-1.251:2.428|2:-0.428:2.425|3:0.392:2.424|4:1.223:2.419|5:1.228:1.589|6:0.405:1.588|7:-0.440:1.588|8:-1.261:1.589|9:-1.185:4.911|10:-0.390:4.902|11:0.375:4.903|12:1.182:4.901,1,69.981367638,pickup,3,0,0.000000000,0.000000000,1,69.981350761,0,arm is not ready for pickup,1,96.672856518,completed,1,94.672519637,0,timed out,1,0.003189468,0.182743072,-0.007326126,-0.070817947,1,3.072496653,176.041090762,-0.002442360,-3.726495743,1,-2.431469202,-139.312923293,-0.002442360,1.880342484,1,0.139810562,8.010555142,-0.007326126,0.710622787,1,-0.006711006,-0.384512330,-0.012210846,-0.001221180,0.000000000,0.000000000,0.000000000,0.000000000,12.000000000,3.000000000,3.054326296,175.000006008,0.000000000,-3.234629154,25.000000000,8.500000000,-2.443460941,-139.999999342,0.000000000,2.209447145,25.000000000,8.000000000,0.174532920,9.999999709,0.000000000,0.305777937,12.500000000,3.200000048,0.000000000,0.000000000,0.000000000,-0.000024143,0.800000012,0.200000003
2026-07-05 15:01:48.952,1783234908.952730656,363.919852148,1,1,363.907486747,1,0.001951809,5,1,0.000184371,5,1,0,1,0,0,1,1,1,0,1,1,68.642708402,0.090000000,2.400000000,0.000000000,1,308.284700540,12,1,12,1:-1.251:2.428|2:-0.428:2.425|3:0.392:2.424|4:1.223:2.419|5:1.228:1.589|6:0.405:1.588|7:-0.440:1.588|8:-1.261:1.589|9:-1.185:4.911|10:-0.390:4.902|11:0.375:4.903|12:1.182:4.901,1,70.977026241,pickup,3,0,0.000000000,0.000000000,1,70.977009364,0,arm is not ready for pickup,1,97.668515121,completed,1,95.668178240,0,timed out,1,0.003189468,0.182743072,-0.007326126,-0.070817947,1,3.072496653,176.041090762,-0.002442360,-3.740171432,1,-2.431469202,-139.312923293,-0.002442360,1.894016266,1,0.139810562,8.010555142,-0.007326126,0.710622787,1,-0.006711006,-0.384512330,-0.012210846,-0.001221180,0.000000000,0.000000000,0.000000000,0.000000000,12.000000000,3.000000000,3.054326296,175.000006008,0.000000000,-3.234629154,25.000000000,8.500000000,-2.443460941,-139.999999342,0.000000000,2.209447145,25.000000000,8.000000000,0.174532920,9.999999709,0.000000000,0.305777937,12.500000000,3.200000048,0.000000000,0.000000000,0.000000000,-0.000024143,0.800000012,0.200000003
2026-07-05 15:01:49.948,1783234909.948572874,364.915694361,1,1,364.903328960,1,0.002399257,5,1,0.000179343,5,1,0,1,0,0,1,1,1,0,1,1,69.638550615,0.090000000,2.400000000,0.000000000,1,309.280542753,12,1,12,1:-1.251:2.428|2:-0.428:2.425|3:0.392:2.424|4:1.223:2.419|5:1.228:1.589|6:0.405:1.588|7:-0.440:1.588|8:-1.261:1.589|9:-1.185:4.911|10:-0.390:4.902|11:0.375:4.903|12:1.182:4.901,1,71.972868454,pickup,3,0,0.000000000,0.000000000,1,71.972851577,0,arm is not ready for pickup,1,98.664357334,completed,1,96.664020453,0,timed out,1,0.003189468,0.182743072,-0.007326126,-0.075701714,1,3.072496653,176.041090762,-0.002442360,-3.726495743,1,-2.431469202,-139.312923293,-0.002442360,1.880342484,1,0.139810562,8.010555142,-0.021978378,0.705739021,1,-0.006711006,-0.384512330,-0.012210846,-0.001221180,0.000000000,0.000000000,0.000000000,0.000000000,12.000000000,3.000000000,3.054326296,175.000006008,0.000000000,-3.234629154,25.000000000,8.500000000,-2.443460941,-139.999999342,0.000000000,2.209447145,25.000000000,8.000000000,0.174532920,9.999999709,0.000000000,0.305777937,12.500000000,3.200000048,0.000000000,0.000000000,0.000000000,-0.000024143,0.800000012,0.200000003
2026-07-05 15:01:50.944,1783234910.944749832,365.911871168,1,1,365.899505767,1,0.002500001,5,1,0.000555406,5,1,0,1,0,0,1,1,1,0,1,1,70.634727422,0.090000000,2.400000000,0.000000000,1,310.276719560,12,1,12,1:-1.251:2.428|2:-0.428:2.425|3:0.392:2.424|4:1.223:2.419|5:1.228:1.589|6:0.405:1.588|7:-0.440:1.588|8:-1.261:1.589|9:-1.185:4.911|10:-0.390:4.902|11:0.375:4.903|12:1.182:4.901,1,72.969045261,pickup,3,0,0.000000000,0.000000000,1,72.969028384,0,arm is not ready for pickup,1,99.660534141,completed,1,97.660197260,0,timed out,1,0.003189468,0.182743072,0.007326126,-0.065934181,1,3.072496653,176.041090762,-0.002442360,-3.726495743,1,-2.431469202,-139.312923293,0.002442360,1.894016266,1,0.139810562,8.010555142,-0.007326126,0.705739021,1,-0.006711006,-0.384512330,-0.036628723,-0.001221180,0.000000000,0.000000000,0.000000000,0.000000000,12.000000000,3.000000000,3.054326296,175.000006008,0.000000000,-3.234629154,25.000000000,8.500000000,-2.443460941,-139.999999342,0.000000000,2.209447145,25.000000000,8.000000000,0.174532920,9.999999709,0.000000000,0.305777937,12.500000000,3.200000048,0.000000000,0.000000000,0.000000000,-0.000024143,0.800000012,0.200000003
2026-07-05 15:01:51.941,1783234911.940948725,366.908070234,1,1,366.895704833,1,0.002227392,5,1,0.000294108,5,1,0,1,0,0,1,1,1,0,1,1,71.630926488,0.090000000,2.400000000,0.000000000,1,311.272918626,12,1,12,1:-1.251:2.428|2:-0.428:2.425|3:0.392:2.424|4:1.223:2.419|5:1.228:1.589|6:0.405:1.588|7:-0.440:1.588|8:-1.261:1.589|9:-1.185:4.911|10:-0.390:4.902|11:0.375:4.903|12:1.182:4.901,1,73.965244327,pickup,3,0,0.000000000,0.000000000,1,73.965227450,0,arm is not ready for pickup,1,100.656733207,completed,1,98.656396326,0,timed out,1,0.003189468,0.182743072,-0.007326126,-0.070817947,1,3.072496653,176.041090762,-0.002442360,-3.726495743,1,-2.431469202,-139.312923293,-0.002442360,1.894016266,1,0.139810562,8.010555142,0.007326126,0.715506554,1,-0.006711006,-0.384512330,-0.012210846,-0.001221180,0.000000000,0.000000000,0.000000000,0.000000000,12.000000000,3.000000000,3.054326296,175.000006008,0.000000000,-3.234629154,25.000000000,8.500000000,-2.443460941,-139.999999342,0.000000000,2.209447145,25.000000000,8.000000000,0.174532920,9.999999709,0.000000000,0.305777937,12.500000000,3.200000048,0.000000000,0.000000000,0.000000000,-0.000024143,0.800000012,0.200000003
2026-07-05 15:01:52.937,1783234912.937459469,367.904581001,1,1,367.892215600,1,0.002407389,5,1,0.000361318,5,1,0,1,0,0,1,1,1,0,1,1,72.627437255,0.090000000,2.400000000,0.000000000,1,312.269429393,12,1,12,1:-1.251:2.428|2:-0.428:2.425|3:0.392:2.424|4:1.223:2.419|5:1.228:1.589|6:0.405:1.588|7:-0.440:1.588|8:-1.261:1.589|9:-1.185:4.911|10:-0.390:4.902|11:0.375:4.903|12:1.182:4.901,1,74.961755094,pickup,3,0,0.000000000,0.000000000,1,74.961738217,0,arm is not ready for pickup,1,101.653243974,completed,1,99.652907093,0,timed out,1,0.003189468,0.182743072,-0.007326126,-0.075701714,1,3.072496653,176.041090762,-0.002442360,-3.726495743,1,-2.431469202,-139.312923293,0.002442360,1.894016266,1,0.139810562,8.010555142,0.007326126,0.715506554,1,-0.006711006,-0.384512330,-0.012210846,0.001221180,0.000000000,0.000000000,0.000000000,0.000000000,12.000000000,3.000000000,3.054326296,175.000006008,0.000000000,-3.234629154,25.000000000,8.500000000,-2.443460941,-139.999999342,0.000000000,2.209447145,25.000000000,8.000000000,0.174532920,9.999999709,0.000000000,0.305777937,12.500000000,3.200000048,0.000000000,0.000000000,0.000000000,-0.000024143,0.800000012,0.200000003
2026-07-05 15:01:53.934,1783234913.934145451,368.901266962,1,1,368.888901561,1,0.002044567,5,1,0.000322371,5,1,0,1,0,0,1,1,1,0,1,1,73.624123216,0.090000000,2.400000000,0.000000000,1,313.266115354,12,1,12,1:-1.251:2.428|2:-0.428:2.425|3:0.392:2.424|4:1.223:2.419|5:1.228:1.589|6:0.405:1.588|7:-0.440:1.588|8:-1.261:1.589|9:-1.185:4.911|10:-0.390:4.902|11:0.375:4.903|12:1.182:4.901,1,75.958441055,pickup,3,0,0.000000000,0.000000000,1,75.958424178,0,arm is not ready for pickup,1,102.649929935,completed,1,100.649593054,0,timed out,1,0.003189468,0.182743072,0.007326126,-0.070817947,1,3.072496653,176.041090762,-0.002442360,-3.726495743,1,-2.431469202,-139.312923293,-0.002442360,1.880342484,1,0.139810562,8.010555142,-0.007326126,0.710622787,1,-0.006711006,-0.384512330,-0.012210846,-0.001221180,0.000000000,0.000000000,0.000000000,0.000000000,12.000000000,3.000000000,3.054326296,175.000006008,0.000000000,-3.234629154,25.000000000,8.500000000,-2.443460941,-139.999999342,0.000000000,2.209447145,25.000000000,8.000000000,0.174532920,9.999999709,0.000000000,0.305777937,12.500000000,3.200000048,0.000000000,0.000000000,0.000000000,-0.000024143,0.800000012,0.200000003
2026-07-05 15:01:54.931,1783234914.931001663,369.898123146,1,1,369.885757745,1,0.002193196,5,1,0.000284412,5,1,0,1,0,0,1,1,1,0,1,1,74.620979400,0.090000000,2.400000000,0.000000000,1,314.262971538,12,1,12,1:-1.251:2.428|2:-0.428:2.425|3:0.392:2.424|4:1.223:2.419|5:1.228:1.589|6:0.405:1.588|7:-0.440:1.588|8:-1.261:1.589|9:-1.185:4.911|10:-0.390:4.902|11:0.375:4.903|12:1.182:4.901,1,76.955297239,pickup,3,0,0.000000000,0.000000000,1,76.955280362,0,arm is not ready for pickup,1,103.646786119,completed,1,101.646449238,0,timed out,1,0.003189468,0.182743072,-0.007326126,-0.070817947,1,3.072496653,176.041090762,0.002442360,-3.726495743,1,-2.431469202,-139.312923293,0.002442360,1.894016266,1,0.139810562,8.010555142,-0.007326126,0.710622787,1,-0.006711006,-0.384512330,-0.012210846,0.001221180,0.000000000,0.000000000,0.000000000,0.000000000,12.000000000,3.000000000,3.054326296,175.000006008,0.000000000,-3.234629154,25.000000000,8.500000000,-2.443460941,-139.999999342,0.000000000,2.209447145,25.000000000,8.000000000,0.174532920,9.999999709,0.000000000,0.305777937,12.500000000,3.200000048,0.000000000,0.000000000,0.000000000,-0.000024143,0.800000012,0.200000003
2026-07-05 15:01:55.928,1783234915.927978039,370.895099473,1,1,370.882734072,1,0.002267288,5,1,0.000300447,5,1,0,1,0,0,1,1,1,0,1,1,75.617955727,0.090000000,2.400000000,0.000000000,1,315.259947865,12,1,12,1:-1.251:2.428|2:-0.428:2.425|3:0.392:2.424|4:1.223:2.419|5:1.228:1.589|6:0.405:1.588|7:-0.440:1.588|8:-1.261:1.589|9:-1.185:4.911|10:-0.390:4.902|11:0.375:4.903|12:1.182:4.901,1,77.952273566,pickup,3,0,0.000000000,0.000000000,1,77.952256689,0,arm is not ready for pickup,1,104.643762446,completed,1,102.643425565,0,timed out,1,0.003189468,0.182743072,-0.007326126,-0.070817947,1,3.072496653,176.041090762,0.002442360,-3.726495743,1,-2.431469202,-139.312923293,-0.002442360,1.880342484,1,0.139810562,8.010555142,-0.021978378,0.705739021,1,-0.007094383,-0.406478218,-0.036628723,0.001221180,0.000000000,0.000000000,0.000000000,0.000000000,12.000000000,3.000000000,3.054326296,175.000006008,0.000000000,-3.234629154,25.000000000,8.500000000,-2.443460941,-139.999999342,0.000000000,2.209447145,25.000000000,8.000000000,0.174532920,9.999999709,0.000000000,0.305777937,12.500000000,3.200000048,0.000000000,0.000000000,0.000000000,-0.000024143,0.800000012,0.200000003
2026-07-05 15:01:56.925,1783234916.925198555,371.892319987,1,1,371.879954586,1,0.002073230,5,1,0.000333327,5,1,0,1,0,0,1,1,1,0,1,1,76.615176241,0.090000000,2.400000000,0.000000000,1,316.257168379,12,1,12,1:-1.251:2.428|2:-0.428:2.425|3:0.392:2.424|4:1.223:2.419|5:1.228:1.589|6:0.405:1.588|7:-0.440:1.588|8:-1.261:1.589|9:-1.185:4.911|10:-0.390:4.902|11:0.375:4.903|12:1.182:4.901,1,78.949494080,pickup,3,0,0.000000000,0.000000000,1,78.949477203,0,arm is not ready for pickup,1,105.640982960,completed,1,103.640646079,0,timed out,1,0.003189468,0.182743072,0.007326126,-0.070817947,1,3.072496653,176.041090762,-0.002442360,-3.712820053,1,-2.431469202,-139.312923293,-0.002442360,1.894016266,1,0.139810562,8.010555142,-0.007326126,0.705739021,1,-0.006711006,-0.384512330,-0.012210846,-0.001221180,0.000000000,0.000000000,0.000000000,0.000000000,12.000000000,3.000000000,3.054326296,175.000006008,0.000000000,-3.234629154,25.000000000,8.500000000,-2.443460941,-139.999999342,0.000000000,2.209447145,25.000000000,8.000000000,0.174532920,9.999999709,0.000000000,0.305777937,12.500000000,3.200000048,0.000000000,0.000000000,0.000000000,-0.000024143,0.800000012,0.200000003
2026-07-05 15:01:57.922,1783234917.922480822,372.889602404,1,1,372.877237003,1,0.001863955,5,1,0.000263824,5,1,0,1,0,0,1,1,1,0,1,1,77.612458658,0.090000000,2.400000000,0.000000000,1,317.254450796,12,1,12,1:-1.251:2.428|2:-0.428:2.425|3:0.392:2.424|4:1.223:2.419|5:1.228:1.589|6:0.405:1.588|7:-0.440:1.588|8:-1.261:1.589|9:-1.185:4.911|10:-0.390:4.902|11:0.375:4.903|12:1.182:4.901,1,79.946776497,pickup,3,0,0.000000000,0.000000000,1,79.946759620,0,arm is not ready for pickup,1,106.638265377,completed,1,104.637928496,0,timed out,1,0.003189468,0.182743072,-0.007326126,-0.070817947,1,3.072496653,176.041090762,-0.002442360,-3.726495743,1,-2.431469202,-139.312923293,-0.002442360,1.880342484,1,0.139810562,8.010555142,-0.007326126,0.715506554,1,-0.006711006,-0.384512330,0.012210846,-0.001221180,0.000000000,0.000000000,0.000000000,0.000000000,12.000000000,3.000000000,3.054326296,175.000006008,0.000000000,-3.234629154,25.000000000,8.500000000,-2.443460941,-139.999999342,0.000000000,2.209447145,25.000000000,8.000000000,0.174532920,9.999999709,0.000000000,0.305777937,12.500000000,3.200000048,0.000000000,0.000000000,0.000000000,-0.000024143,0.800000012,0.200000003
2026-07-05 15:01:58.920,1783234918.919961929,373.887083351,1,1,373.874717950,1,0.002159180,5,1,0.000263162,5,1,0,1,0,0,1,1,1,0,1,1,78.609939605,0.090000000,2.400000000,0.000000000,1,318.251931743,12,1,12,1:-1.251:2.428|2:-0.428:2.425|3:0.392:2.424|4:1.223:2.419|5:1.228:1.589|6:0.405:1.588|7:-0.440:1.588|8:-1.261:1.589|9:-1.185:4.911|10:-0.390:4.902|11:0.375:4.903|12:1.182:4.901,1,80.944257444,pickup,3,0,0.000000000,0.000000000,1,80.944240567,0,arm is not ready for pickup,1,107.635746324,completed,1,105.635409443,0,timed out,1,0.003189468,0.182743072,-0.007326126,-0.075701714,1,3.072496653,176.041090762,-0.002442360,-3.726495743,1,-2.431469202,-139.312923293,-0.002442360,1.894016266,1,0.139810562,8.010555142,0.007326126,0.710622787,1,-0.006711006,-0.384512330,-0.012210846,0.001221180,0.000000000,0.000000000,0.000000000,0.000000000,12.000000000,3.000000000,3.054326296,175.000006008,0.000000000,-3.234629154,25.000000000,8.500000000,-2.443460941,-139.999999342,0.000000000,2.209447145,25.000000000,8.000000000,0.174532920,9.999999709,0.000000000,0.305777937,12.500000000,3.200000048,0.000000000,0.000000000,0.000000000,-0.000024143,0.800000012,0.200000003
2026-07-05 15:01:59.917,1783234919.917550564,374.884671923,1,1,374.872306522,1,0.001869620,5,1,0.000271259,5,1,0,1,0,0,1,1,1,0,1,1,79.607528177,0.090000000,2.400000000,0.000000000,1,319.249520315,12,1,12,1:-1.251:2.428|2:-0.428:2.425|3:0.392:2.424|4:1.223:2.419|5:1.228:1.589|6:0.405:1.588|7:-0.440:1.588|8:-1.261:1.589|9:-1.185:4.911|10:-0.390:4.902|11:0.375:4.903|12:1.182:4.901,1,81.941846016,pickup,3,0,0.000000000,0.000000000,1,81.941829139,0,arm is not ready for pickup,1,108.633334896,completed,1,106.632998015,0,timed out,1,0.003189468,0.182743072,-0.007326126,-0.070817947,1,3.072496653,176.041090762,-0.002442360,-3.726495743,1,-2.431469202,-139.312923293,-0.002442360,1.880342484,1,0.139810562,8.010555142,-0.007326126,0.705739021,1,-0.006711006,-0.384512330,-0.036628723,0.001221180,0.000000000,0.000000000,0.000000000,0.000000000,12.000000000,3.000000000,3.054326296,175.000006008,0.000000000,-3.234629154,25.000000000,8.500000000,-2.443460941,-139.999999342,0.000000000,2.209447145,25.000000000,8.000000000,0.174532920,9.999999709,0.000000000,0.305777937,12.500000000,3.200000048,0.000000000,0.000000000,0.000000000,-0.000024143,0.800000012,0.200000003
2026-07-05 15:02:00.915,1783234920.915215015,375.882336636,1,1,375.869971235,1,0.002106190,5,1,0.000190492,5,1,0,1,0,0,1,1,1,0,1,1,80.605192890,0.090000000,2.400000000,0.000000000,1,320.247185028,12,1,12,1:-1.251:2.428|2:-0.428:2.425|3:0.392:2.424|4:1.223:2.419|5:1.228:1.589|6:0.405:1.588|7:-0.440:1.588|8:-1.261:1.589|9:-1.185:4.911|10:-0.390:4.902|11:0.375:4.903|12:1.182:4.901,1,82.939510729,pickup,3,0,0.000000000,0.000000000,1,82.939493852,0,arm is not ready for pickup,1,109.630999609,completed,1,107.630662728,0,timed out,1,0.003189468,0.182743072,-0.007326126,-0.070817947,1,3.072496653,176.041090762,-0.002442360,-3.726495743,1,-2.431469202,-139.312923293,-0.002442360,1.880342484,1,0.139810562,8.010555142,-0.007326126,0.715506554,1,-0.006711006,-0.384512330,0.012210846,0.001221180,0.000000000,0.000000000,0.000000000,0.000000000,12.000000000,3.000000000,3.054326296,175.000006008,0.000000000,-3.234629154,25.000000000,8.500000000,-2.443460941,-139.999999342,0.000000000,2.209447145,25.000000000,8.000000000,0.174532920,9.999999709,0.000000000,0.305777937,12.500000000,3.200000048,0.000000000,0.000000000,0.000000000,-0.000024143,0.800000012,0.200000003
2026-07-05 15:02:01.913,1783234921.913086891,376.880208279,1,1,376.867842878,1,0.002075010,5,1,0.000406690,5,1,0,1,0,0,1,1,1,0,1,1,81.603064533,0.090000000,2.400000000,0.000000000,1,321.245056671,12,1,12,1:-1.251:2.428|2:-0.428:2.425|3:0.392:2.424|4:1.223:2.419|5:1.228:1.589|6:0.405:1.588|7:-0.440:1.588|8:-1.261:1.589|9:-1.185:4.911|10:-0.390:4.902|11:0.375:4.903|12:1.182:4.901,1,83.937382372,pickup,3,0,0.000000000,0.000000000,1,83.937365495,0,arm is not ready for pickup,1,110.628871252,completed,1,108.628534371,0,timed out,1,0.003189468,0.182743072,-0.007326126,-0.070817947,1,3.072496653,176.041090762,-0.002442360,-3.726495743,1,-2.431469202,-139.312923293,-0.002442360,1.894016266,1,0.139810562,8.010555142,0.007326126,0.705739021,1,-0.006711006,-0.384512330,-0.012210846,0.001221180,0.000000000,0.000000000,0.000000000,0.000000000,12.000000000,3.000000000,3.054326296,175.000006008,0.000000000,-3.234629154,25.000000000,8.500000000,-2.443460941,-139.999999342,0.000000000,2.209447145,25.000000000,8.000000000,0.174532920,9.999999709,0.000000000,0.305777937,12.500000000,3.200000048,0.000000000,0.000000000,0.000000000,-0.000024143,0.800000012,0.200000003
2026-07-05 15:02:02.911,1783234922.910962582,377.878084187,1,1,377.865718786,1,0.002115040,5,1,0.000180208,5,1,0,1,0,0,1,1,1,0,1,1,82.600940441,0.090000000,2.400000000,0.000000000,1,322.242932579,12,1,12,1:-1.251:2.428|2:-0.428:2.425|3:0.392:2.424|4:1.223:2.419|5:1.228:1.589|6:0.405:1.588|7:-0.440:1.588|8:-1.261:1.589|9:-1.185:4.911|10:-0.390:4.902|11:0.375:4.903|12:1.182:4.901,1,84.935258280,pickup,3,0,0.000000000,0.000000000,1,84.935241403,0,arm is not ready for pickup,1,111.626747160,completed,1,109.626410279,0,timed out,1,0.003189468,0.182743072,0.007326126,-0.070817947,1,3.072496653,176.041090762,-0.002442360,-3.726495743,1,-2.431469202,-139.312923293,-0.002442360,1.880342484,1,0.139810562,8.010555142,-0.007326126,0.710622787,1,-0.006711006,-0.384512330,-0.036628723,-0.001221180,0.000000000,0.000000000,0.000000000,0.000000000,12.000000000,3.000000000,3.054326296,175.000006008,0.000000000,-3.234629154,25.000000000,8.500000000,-2.443460941,-139.999999342,0.000000000,2.209447145,25.000000000,8.000000000,0.174532920,9.999999709,0.000000000,0.305777937,12.500000000,3.200000048,0.000000000,0.000000000,0.000000000,-0.000024143,0.800000012,0.200000003
2026-07-05 15:02:03.909,1783234923.908999920,378.876121316,1,1,378.863755915,1,0.002106009,5,1,0.000353630,5,1,0,1,0,0,1,1,1,0,1,1,83.598977570,0.090000000,2.400000000,0.000000000,1,323.240969708,12,1,12,1:-1.251:2.428|2:-0.428:2.425|3:0.392:2.424|4:1.223:2.419|5:1.228:1.589|6:0.405:1.588|7:-0.440:1.588|8:-1.261:1.589|9:-1.185:4.911|10:-0.390:4.902|11:0.375:4.903|12:1.182:4.901,1,85.933295409,pickup,3,0,0.000000000,0.000000000,1,85.933278532,0,arm is not ready for pickup,1,112.624784289,completed,1,110.624447408,0,timed out,1,0.003189468,0.182743072,-0.007326126,-0.070817947,1,3.072496653,176.041090762,-0.002442360,-3.726495743,1,-2.431469202,-139.312923293,-0.002442360,1.880342484,1,0.139810562,8.010555142,-0.007326126,0.705739021,1,-0.006711006,-0.384512330,0.012210846,0.001221180,0.000000000,0.000000000,0.000000000,0.000000000,12.000000000,3.000000000,3.054326296,175.000006008,0.000000000,-3.234629154,25.000000000,8.500000000,-2.443460941,-139.999999342,0.000000000,2.209447145,25.000000000,8.000000000,0.174532920,9.999999709,0.000000000,0.305777937,12.500000000,3.200000048,0.000000000,0.000000000,0.000000000,-0.000024143,0.800000012,0.200000003
2026-07-05 15:02:04.907,1783234924.907177687,379.874299172,1,1,379.861933771,1,0.002341727,5,1,0.000381036,5,1,0,1,0,0,1,1,1,0,1,1,84.597155426,0.090000000,2.400000000,0.000000000,1,324.239147564,12,1,12,1:-1.251:2.428|2:-0.428:2.425|3:0.392:2.424|4:1.223:2.419|5:1.228:1.589|6:0.405:1.588|7:-0.440:1.588|8:-1.261:1.589|9:-1.185:4.911|10:-0.390:4.902|11:0.375:4.903|12:1.182:4.901,1,86.931473265,pickup,3,0,0.000000000,0.000000000,1,86.931456388,0,arm is not ready for pickup,1,113.622962145,completed,1,111.622625264,0,timed out,0,0.003189468,0.182743072,-0.007326126,-0.070817947,0,3.072496653,176.041090762,-0.002442360,-3.726495743,0,-2.431469202,-139.312923293,-0.002442360,1.894016266,0,0.139810562,8.010555142,-0.007326126,0.710622787,0,-0.006711006,-0.384512330,-0.012210846,-0.001221180,0.000000000,0.000000000,0.000000000,0.000000000,12.000000000,3.000000000,3.054326296,175.000006008,0.000000000,-3.234629154,25.000000000,8.500000000,-2.443460941,-139.999999342,0.000000000,2.209447145,25.000000000,8.000000000,0.174532920,9.999999709,0.000000000,0.305777937,12.500000000,3.200000048,0.000000000,0.000000000,0.000000000,-0.000024143,0.800000012,0.200000003
2026-07-05 15:02:05.905,1783234925.905354500,380.872475976,1,1,380.860110575,1,0.002078615,5,1,0.000249877,5,1,0,1,0,0,1,1,1,0,1,1,85.595332230,0.090000000,2.400000000,0.000000000,1,325.237324368,12,1,12,1:-1.251:2.428|2:-0.428:2.425|3:0.392:2.424|4:1.223:2.419|5:1.228:1.589|6:0.405:1.588|7:-0.440:1.588|8:-1.261:1.589|9:-1.185:4.911|10:-0.390:4.902|11:0.375:4.903|12:1.182:4.901,1,87.929650069,pickup,3,0,0.000000000,0.000000000,1,87.929633192,0,arm is not ready for pickup,1,114.621138949,completed,1,112.620802068,0,timed out,1,0.003189468,0.182743072,-0.007326126,-0.075701714,1,3.072496653,176.041090762,-0.002442360,-3.726495743,1,-2.431469202,-139.312923293,0.002442360,1.894016266,1,0.139810562,8.010555142,-0.007326126,0.710622787,1,-0.006711006,-0.384512330,-0.012210846,-0.001221180,0.000000000,0.000000000,0.000000000,0.000000000,12.000000000,3.000000000,3.054326296,175.000006008,0.000000000,-3.234629154,25.000000000,8.500000000,-2.443460941,-139.999999342,0.000000000,2.209447145,25.000000000,8.000000000,0.174532920,9.999999709,0.000000000,0.305777937,12.500000000,3.200000048,0.000000000,0.000000000,0.000000000,-0.000024143,0.800000012,0.200000003
2026-07-05 15:02:06.903,1783234926.903622866,381.870744422,1,1,381.858379021,1,0.002542706,5,1,0.000450904,5,1,0,1,0,0,1,1,1,0,1,1,86.593600676,0.090000000,2.400000000,0.000000000,1,326.235592814,12,1,12,1:-1.251:2.428|2:-0.428:2.425|3:0.392:2.424|4:1.223:2.419|5:1.228:1.589|6:0.405:1.588|7:-0.440:1.588|8:-1.261:1.589|9:-1.185:4.911|10:-0.390:4.902|11:0.375:4.903|12:1.182:4.901,1,88.927918515,pickup,3,0,0.000000000,0.000000000,1,88.927901638,0,arm is not ready for pickup,1,115.619407395,completed,1,113.619070514,0,timed out,1,0.003189468,0.182743072,0.007326126,-0.070817947,1,3.072496653,176.041090762,-0.002442360,-3.726495743,1,-2.431469202,-139.312923293,-0.002442360,1.894016266,1,0.139810562,8.010555142,0.007326126,0.720390320,1,-0.006711006,-0.384512330,-0.036628723,-0.001221180,0.000000000,0.000000000,0.000000000,0.000000000,12.000000000,3.000000000,3.054326296,175.000006008,0.000000000,-3.234629154,25.000000000,8.500000000,-2.443460941,-139.999999342,0.000000000,2.209447145,25.000000000,8.000000000,0.174532920,9.999999709,0.000000000,0.305777937,12.500000000,3.200000048,0.000000000,0.000000000,0.000000000,-0.000024143,0.800000012,0.200000003
2026-07-05 15:02:07.902,1783234927.902060270,382.869181631,1,1,382.856816230,1,0.001881852,5,1,0.000537123,5,1,0,1,0,0,1,1,1,0,1,1,87.592037885,0.090000000,2.400000000,0.000000000,1,327.234030023,12,1,12,1:-1.251:2.428|2:-0.428:2.425|3:0.392:2.424|4:1.223:2.419|5:1.228:1.589|6:0.405:1.588|7:-0.440:1.588|8:-1.261:1.589|9:-1.185:4.911|10:-0.390:4.902|11:0.375:4.903|12:1.182:4.901,1,89.926355724,pickup,3,0,0.000000000,0.000000000,1,89.926338847,0,arm is not ready for pickup,1,116.617844604,completed,1,114.617507723,0,timed out,1,0.003189468,0.182743072,-0.007326126,-0.070817947,1,3.072496653,176.041090762,-0.007326126,-3.726495743,1,-2.431469202,-139.312923293,0.002442360,1.880342484,1,0.139810562,8.010555142,0.007326126,0.710622787,1,-0.006711006,-0.384512330,0.012210846,-0.001221180,0.000000000,0.000000000,0.000000000,0.000000000,12.000000000,3.000000000,3.054326296,175.000006008,0.000000000,-3.234629154,25.000000000,8.500000000,-2.443460941,-139.999999342,0.000000000,2.209447145,25.000000000,8.000000000,0.174532920,9.999999709,0.000000000,0.305777937,12.500000000,3.200000048,0.000000000,0.000000000,0.000000000,-0.000024143,0.800000012,0.200000003
2026-07-05 15:02:08.900,1783234928.900425434,383.867546994,1,1,383.855181593,1,0.002614777,5,1,0.000423584,5,1,0,1,0,0,1,1,1,0,1,1,88.590403248,0.090000000,2.400000000,0.000000000,1,328.232395386,12,1,12,1:-1.251:2.428|2:-0.428:2.425|3:0.392:2.424|4:1.223:2.419|5:1.228:1.589|6:0.405:1.588|7:-0.440:1.588|8:-1.261:1.589|9:-1.185:4.911|10:-0.390:4.902|11:0.375:4.903|12:1.182:4.901,1,90.924721087,pickup,3,0,0.000000000,0.000000000,1,90.924704210,0,arm is not ready for pickup,1,117.616209967,completed,1,115.615873086,0,timed out,1,0.003189468,0.182743072,0.007326126,-0.070817947,1,3.072496653,176.041090762,-0.007326126,-3.726495743,1,-2.431469202,-139.312923293,-0.007326126,1.894016266,1,0.139810562,8.010555142,-0.007326126,0.710622787,1,-0.006711006,-0.384512330,0.012210846,-0.001221180,0.000000000,0.000000000,0.000000000,0.000000000,12.000000000,3.000000000,3.054326296,175.000006008,0.000000000,-3.234629154,25.000000000,8.500000000,-2.443460941,-139.999999342,0.000000000,2.209447145,25.000000000,8.000000000,0.174532920,9.999999709,0.000000000,0.305777937,12.500000000,3.200000048,0.000000000,0.000000000,0.000000000,-0.000024143,0.800000012,0.200000003
2026-07-05 15:02:09.899,1783234929.898962259,384.866083698,1,1,384.853718297,1,0.002239861,5,1,0.000438379,5,1,0,1,0,0,1,1,1,0,1,1,89.588939952,0.090000000,2.400000000,0.000000000,1,329.230932090,12,1,12,1:-1.251:2.428|2:-0.428:2.425|3:0.392:2.424|4:1.223:2.419|5:1.228:1.589|6:0.405:1.588|7:-0.440:1.588|8:-1.261:1.589|9:-1.185:4.911|10:-0.390:4.902|11:0.375:4.903|12:1.182:4.901,1,91.923257791,pickup,3,0,0.000000000,0.000000000,1,91.923240914,0,arm is not ready for pickup,1,118.614746671,completed,1,116.614409790,0,timed out,1,0.003189468,0.182743072,0.007326126,-0.070817947,1,3.072496653,176.041090762,-0.002442360,-3.740171432,1,-2.431469202,-139.312923293,0.002442360,1.894016266,1,0.139810562,8.010555142,-0.007326126,0.710622787,1,-0.006711006,-0.384512330,-0.012210846,-0.001221180,0.000000000,0.000000000,0.000000000,0.000000000,12.000000000,3.000000000,3.054326296,175.000006008,0.000000000,-3.234629154,25.000000000,8.500000000,-2.443460941,-139.999999342,0.000000000,2.209447145,25.000000000,8.000000000,0.174532920,9.999999709,0.000000000,0.305777937,12.500000000,3.200000048,0.000000000,0.000000000,0.000000000,-0.000024143,0.800000012,0.200000003
2026-07-05 15:02:10.897,1783234930.897592783,385.864714271,1,1,385.852348870,1,0.002333963,5,1,0.000620243,5,1,0,1,0,0,1,1,1,0,1,1,90.587570525,0.090000000,2.400000000,0.000000000,1,330.229562663,12,1,12,1:-1.251:2.428|2:-0.428:2.425|3:0.392:2.424|4:1.223:2.419|5:1.228:1.589|6:0.405:1.588|7:-0.440:1.588|8:-1.261:1.589|9:-1.185:4.911|10:-0.390:4.902|11:0.375:4.903|12:1.182:4.901,1,92.921888364,pickup,3,0,0.000000000,0.000000000,1,92.921871487,0,arm is not ready for pickup,1,119.613377244,completed,1,117.613040363,0,timed out,1,0.003189468,0.182743072,-0.007326126,-0.070817947,1,3.072496653,176.041090762,-0.002442360,-3.726495743,1,-2.431469202,-139.312923293,-0.002442360,1.880342484,1,0.139810562,8.010555142,-0.007326126,0.710622787,1,-0.006711006,-0.384512330,0.012210846,-0.001221180,0.000000000,0.000000000,0.000000000,0.000000000,12.000000000,3.000000000,3.054326296,175.000006008,0.000000000,-3.234629154,25.000000000,8.500000000,-2.443460941,-139.999999342,0.000000000,2.209447145,25.000000000,8.000000000,0.174532920,9.999999709,0.000000000,0.305777937,12.500000000,3.200000048,0.000000000,0.000000000,0.000000000,-0.000024143,0.800000012,0.200000003
2026-07-05 15:02:11.896,1783234931.896136999,386.863258311,1,1,386.850892910,1,0.002400146,5,1,0.000489637,5,1,0,1,0,0,1,1,1,0,1,1,91.586114565,0.090000000,2.400000000,0.000000000,1,331.228106703,12,1,12,1:-1.251:2.428|2:-0.428:2.425|3:0.392:2.424|4:1.223:2.419|5:1.228:1.589|6:0.405:1.588|7:-0.440:1.588|8:-1.261:1.589|9:-1.185:4.911|10:-0.390:4.902|11:0.375:4.903|12:1.182:4.901,1,93.920432404,pickup,3,0,0.000000000,0.000000000,1,93.920415527,0,arm is not ready for pickup,1,120.611921284,completed,1,118.611584403,0,timed out,1,0.003189468,0.182743072,-0.021978378,-0.070817947,1,3.072496653,176.041090762,-0.007326126,-3.726495743,1,-2.431469202,-139.312923293,-0.002442360,1.894016266,1,0.139810562,8.010555142,-0.021978378,0.705739021,1,-0.006711006,-0.384512330,0.012210846,-0.001221180,0.000000000,0.000000000,0.000000000,0.000000000,12.000000000,3.000000000,3.054326296,175.000006008,0.000000000,-3.234629154,25.000000000,8.500000000,-2.443460941,-139.999999342,0.000000000,2.209447145,25.000000000,8.000000000,0.174532920,9.999999709,0.000000000,0.305777937,12.500000000,3.200000048,0.000000000,0.000000000,0.000000000,-0.000024143,0.800000012,0.200000003
2026-07-05 15:02:12.894,1783234932.894752741,387.861874313,1,1,387.849508912,1,0.002617429,5,1,0.000396315,5,1,0,1,0,0,1,1,1,0,1,1,92.584730567,0.090000000,2.400000000,0.000000000,1,332.226722705,12,1,12,1:-1.251:2.428|2:-0.428:2.425|3:0.392:2.424|4:1.223:2.419|5:1.228:1.589|6:0.405:1.588|7:-0.440:1.588|8:-1.261:1.589|9:-1.185:4.911|10:-0.390:4.902|11:0.375:4.903|12:1.182:4.901,1,94.919048406,pickup,3,0,0.000000000,0.000000000,1,94.919031529,0,arm is not ready for pickup,1,121.610537286,completed,1,119.610200405,0,timed out,1,0.003189468,0.182743072,-0.007326126,-0.065934181,1,3.072496653,176.041090762,-0.002442360,-3.726495743,1,-2.431469202,-139.312923293,-0.002442360,1.894016266,1,0.139810562,8.010555142,0.007326126,0.715506554,1,-0.006711006,-0.384512330,0.012210846,-0.001221180,0.000000000,0.000000000,0.000000000,0.000000000,12.000000000,3.000000000,3.054326296,175.000006008,0.000000000,-3.234629154,25.000000000,8.500000000,-2.443460941,-139.999999342,0.000000000,2.209447145,25.000000000,8.000000000,0.174532920,9.999999709,0.000000000,0.305777937,12.500000000,3.200000048,0.000000000,0.000000000,0.000000000,-0.000024143,0.800000012,0.200000003
2026-07-05 15:02:13.893,1783234933.893550158,388.860671516,1,1,388.848306115,1,0.002245967,5,1,0.000493719,5,1,0,1,0,0,1,1,1,0,1,1,93.583527770,0.090000000,2.400000000,0.000000000,1,333.225519908,12,1,12,1:-1.251:2.428|2:-0.428:2.425|3:0.392:2.424|4:1.223:2.419|5:1.228:1.589|6:0.405:1.588|7:-0.440:1.588|8:-1.261:1.589|9:-1.185:4.911|10:-0.390:4.902|11:0.375:4.903|12:1.182:4.901,1,95.917845609,pickup,3,0,0.000000000,0.000000000,1,95.917828732,0,arm is not ready for pickup,1,122.609334489,completed,1,120.608997608,0,timed out,1,0.003189468,0.182743072,-0.007326126,-0.070817947,1,3.072496653,176.041090762,-0.002442360,-3.726495743,1,-2.431469202,-139.312923293,-0.002442360,1.894016266,1,0.139810562,8.010555142,-0.021978378,0.710622787,1,-0.006711006,-0.384512330,-0.036628723,-0.001221180,0.000000000,0.000000000,0.000000000,0.000000000,12.000000000,3.000000000,3.054326296,175.000006008,0.000000000,-3.234629154,25.000000000,8.500000000,-2.443460941,-139.999999342,0.000000000,2.209447145,25.000000000,8.000000000,0.174532920,9.999999709,0.000000000,0.305777937,12.500000000,3.200000048,0.000000000,0.000000000,0.000000000,-0.000024143,0.800000012,0.200000003
2026-07-05 15:02:14.892,1783234934.892224789,389.859346162,1,1,389.846980761,1,0.002300780,5,1,0.000261484,5,1,0,1,0,0,1,1,1,0,1,1,94.582202416,0.090000000,2.400000000,0.000000000,1,334.224194554,12,1,12,1:-1.251:2.428|2:-0.428:2.425|3:0.392:2.424|4:1.223:2.419|5:1.228:1.589|6:0.405:1.588|7:-0.440:1.588|8:-1.261:1.589|9:-1.185:4.911|10:-0.390:4.902|11:0.375:4.903|12:1.182:4.901,1,96.916520255,pickup,3,0,0.000000000,0.000000000,1,96.916503378,0,arm is not ready for pickup,1,123.608009135,completed,1,121.607672254,0,timed out,1,0.003189468,0.182743072,-0.007326126,-0.070817947,1,3.072496653,176.041090762,-0.002442360,-3.726495743,1,-2.431469202,-139.312923293,-0.002442360,1.880342484,1,0.139810562,8.010555142,-0.007326126,0.710622787,1,-0.006711006,-0.384512330,-0.036628723,-0.001221180,0.000000000,0.000000000,0.000000000,0.000000000,12.000000000,3.000000000,3.054326296,175.000006008,0.000000000,-3.234629154,25.000000000,8.500000000,-2.443460941,-139.999999342,0.000000000,2.209447145,25.000000000,8.000000000,0.174532920,9.999999709,0.000000000,0.305777937,12.500000000,3.200000048,0.000000000,0.000000000,0.000000000,-0.000024143,0.800000012,0.200000003
2026-07-05 15:02:15.891,1783234935.891088486,390.858209699,1,1,390.845844298,1,0.002169138,5,1,0.000288573,5,1,0,1,0,0,1,1,1,0,1,1,95.581065953,0.090000000,2.400000000,0.000000000,1,335.223058091,12,1,12,1:-1.251:2.428|2:-0.428:2.425|3:0.392:2.424|4:1.223:2.419|5:1.228:1.589|6:0.405:1.588|7:-0.440:1.588|8:-1.261:1.589|9:-1.185:4.911|10:-0.390:4.902|11:0.375:4.903|12:1.182:4.901,1,97.915383792,pickup,3,0,0.000000000,0.000000000,1,97.915366915,0,arm is not ready for pickup,1,124.606872672,completed,1,122.606535791,0,timed out,1,0.003189468,0.182743072,0.007326126,-0.065934181,1,3.072496653,176.041090762,-0.002442360,-3.726495743,1,-2.431469202,-139.312923293,-0.002442360,1.880342484,1,0.139810562,8.010555142,-0.007326126,0.710622787,1,-0.006711006,-0.384512330,-0.012210846,-0.001221180,0.000000000,0.000000000,0.000000000,0.000000000,12.000000000,3.000000000,3.054326296,175.000006008,0.000000000,-3.234629154,25.000000000,8.500000000,-2.443460941,-139.999999342,0.000000000,2.209447145,25.000000000,8.000000000,0.174532920,9.999999709,0.000000000,0.305777937,12.500000000,3.200000048,0.000000000,0.000000000,0.000000000,-0.000024143,0.800000012,0.200000003
2026-07-05 15:02:16.890,1783234936.889997244,391.857118642,1,1,391.844753241,1,0.002517315,5,1,0.000566421,5,1,0,1,0,0,1,1,1,0,1,1,96.579974896,0.090000000,2.400000000,0.000000000,1,336.221967034,12,1,12,1:-1.251:2.428|2:-0.428:2.425|3:0.392:2.424|4:1.223:2.419|5:1.228:1.589|6:0.405:1.588|7:-0.440:1.588|8:-1.261:1.589|9:-1.185:4.911|10:-0.390:4.902|11:0.375:4.903|12:1.182:4.901,1,98.914292735,pickup,3,0,0.000000000,0.000000000,1,98.914275858,0,arm is not ready for pickup,1,125.605781615,completed,1,123.605444734,0,timed out,1,0.003189468,0.182743072,-0.007326126,-0.070817947,1,3.072496653,176.041090762,-0.002442360,-3.726495743,1,-2.431469202,-139.312923293,-0.002442360,1.894016266,1,0.139810562,8.010555142,-0.007326126,0.710622787,1,-0.006711006,-0.384512330,-0.036628723,-0.001221180,0.000000000,0.000000000,0.000000000,0.000000000,12.000000000,3.000000000,3.054326296,175.000006008,0.000000000,-3.234629154,25.000000000,8.500000000,-2.443460941,-139.999999342,0.000000000,2.209447145,25.000000000,8.000000000,0.174532920,9.999999709,0.000000000,0.305777937,12.500000000,3.200000048,0.000000000,0.000000000,0.000000000,-0.000024143,0.800000012,0.200000003
2026-07-05 15:02:17.888,1783234937.888819695,392.855941205,1,1,392.843575804,1,0.002392516,5,1,0.000395625,5,1,0,1,0,0,1,1,1,0,1,1,97.578797459,0.090000000,2.400000000,0.000000000,1,337.220789597,12,1,12,1:-1.251:2.428|2:-0.428:2.425|3:0.392:2.424|4:1.223:2.419|5:1.228:1.589|6:0.405:1.588|7:-0.440:1.588|8:-1.261:1.589|9:-1.185:4.911|10:-0.390:4.902|11:0.375:4.903|12:1.182:4.901,1,99.913115298,pickup,3,0,0.000000000,0.000000000,1,99.913098421,0,arm is not ready for pickup,1,126.604604178,completed,1,124.604267297,0,timed out,1,0.003189468,0.182743072,-0.007326126,-0.070817947,1,3.072496653,176.041090762,-0.002442360,-3.726495743,1,-2.431469202,-139.312923293,-0.002442360,1.894016266,1,0.139810562,8.010555142,-0.007326126,0.710622787,1,-0.006711006,-0.384512330,0.012210846,-0.001221180,0.000000000,0.000000000,0.000000000,0.000000000,12.000000000,3.000000000,3.054326296,175.000006008,0.000000000,-3.234629154,25.000000000,8.500000000,-2.443460941,-139.999999342,0.000000000,2.209447145,25.000000000,8.000000000,0.174532920,9.999999709,0.000000000,0.305777937,12.500000000,3.200000048,0.000000000,0.000000000,0.000000000,-0.000024143,0.800000012,0.200000003
2026-07-05 15:02:18.887,1783234938.887688398,393.854809763,1,1,393.842444362,1,0.002225521,5,1,0.000240457,5,1,0,1,0,0,1,1,1,0,1,1,98.577666017,0.090000000,2.400000000,0.000000000,1,338.219658155,12,1,12,1:-1.251:2.428|2:-0.428:2.425|3:0.392:2.424|4:1.223:2.419|5:1.228:1.589|6:0.405:1.588|7:-0.440:1.588|8:-1.261:1.589|9:-1.185:4.911|10:-0.390:4.902|11:0.375:4.903|12:1.182:4.901,1,100.911983856,pickup,3,0,0.000000000,0.000000000,1,100.911966979,0,arm is not ready for pickup,1,127.603472736,completed,1,125.603135855,0,timed out,1,0.003189468,0.182743072,-0.007326126,-0.075701714,1,3.072496653,176.041090762,-0.002442360,-3.726495743,1,-2.431469202,-139.312923293,-0.002442360,1.880342484,1,0.139810562,8.010555142,-0.007326126,0.710622787,1,-0.006711006,-0.384512330,-0.012210846,0.001221180,0.000000000,0.000000000,0.000000000,0.000000000,12.000000000,3.000000000,3.054326296,175.000006008,0.000000000,-3.234629154,25.000000000,8.500000000,-2.443460941,-139.999999342,0.000000000,2.209447145,25.000000000,8.000000000,0.174532920,9.999999709,0.000000000,0.305777937,12.500000000,3.200000048,0.000000000,0.000000000,0.000000000,-0.000024143,0.800000012,0.200000003
2026-07-05 15:02:19.886,1783234939.886772394,394.853893855,1,1,394.841528454,1,0.002406082,5,1,0.000242322,5,1,0,1,0,0,1,1,1,0,1,1,99.576750109,0.090000000,2.400000000,0.000000000,1,339.218742247,12,1,12,1:-1.251:2.428|2:-0.428:2.425|3:0.392:2.424|4:1.223:2.419|5:1.228:1.589|6:0.405:1.588|7:-0.440:1.588|8:-1.261:1.589|9:-1.185:4.911|10:-0.390:4.902|11:0.375:4.903|12:1.182:4.901,1,101.911067948,pickup,3,0,0.000000000,0.000000000,1,101.911051071,0,arm is not ready for pickup,1,128.602556828,completed,1,126.602219947,0,timed out,1,0.003189468,0.182743072,-0.007326126,-0.070817947,1,3.072496653,176.041090762,0.002442360,-3.726495743,1,-2.431469202,-139.312923293,-0.002442360,1.880342484,1,0.139810562,8.010555142,0.007326126,0.720390320,0,-0.006711006,-0.384512330,-0.012210846,0.001221180,0.000000000,0.000000000,0.000000000,0.000000000,12.000000000,3.000000000,3.054326296,175.000006008,0.000000000,-3.234629154,25.000000000,8.500000000,-2.443460941,-139.999999342,0.000000000,2.209447145,25.000000000,8.000000000,0.174532920,9.999999709,0.000000000,0.305777937,12.500000000,3.200000048,0.000000000,0.000000000,0.000000000,-0.000024143,0.800000012,0.200000003
2026-07-05 15:02:20.885,1783234940.885698318,395.852819698,1,1,395.840454297,1,0.001916720,5,1,0.000247158,5,1,0,1,0,0,1,1,1,0,1,1,100.575675952,0.090000000,2.400000000,0.000000000,1,340.217668090,12,1,12,1:-1.251:2.428|2:-0.428:2.425|3:0.392:2.424|4:1.223:2.419|5:1.228:1.589|6:0.405:1.588|7:-0.440:1.588|8:-1.261:1.589|9:-1.185:4.911|10:-0.390:4.902|11:0.375:4.903|12:1.182:4.901,1,102.909993791,pickup,3,0,0.000000000,0.000000000,1,102.909976914,0,arm is not ready for pickup,1,129.601482671,completed,1,127.601145790,0,timed out,1,0.003189468,0.182743072,-0.021978378,-0.070817947,1,3.072496653,176.041090762,-0.002442360,-3.726495743,1,-2.431469202,-139.312923293,-0.002442360,1.880342484,1,0.139810562,8.010555142,-0.007326126,0.710622787,1,-0.006327629,-0.362546441,0.036628723,0.001221180,0.000000000,0.000000000,0.000000000,0.000000000,12.000000000,3.000000000,3.054326296,175.000006008,0.000000000,-3.234629154,25.000000000,8.500000000,-2.443460941,-139.999999342,0.000000000,2.209447145,25.000000000,8.000000000,0.174532920,9.999999709,0.000000000,0.305777937,12.500000000,3.200000048,0.000000000,0.000000000,0.000000000,-0.000024143,0.800000012,0.200000003
2026-07-05 15:02:21.884,1783234941.884762526,396.851883943,1,1,396.839518542,1,0.002590750,5,1,0.000304359,5,1,0,1,0,0,1,1,1,0,1,1,101.574740197,0.090000000,2.400000000,0.000000000,1,341.216732335,12,1,12,1:-1.251:2.428|2:-0.428:2.425|3:0.392:2.424|4:1.223:2.419|5:1.228:1.589|6:0.405:1.588|7:-0.440:1.588|8:-1.261:1.589|9:-1.185:4.911|10:-0.390:4.902|11:0.375:4.903|12:1.182:4.901,1,103.909058036,pickup,3,0,0.000000000,0.000000000,1,103.909041159,0,arm is not ready for pickup,1,130.600546916,completed,1,128.600210035,0,timed out,1,0.003189468,0.182743072,0.007326126,-0.065934181,1,3.072496653,176.041090762,-0.002442360,-3.726495743,1,-2.431469202,-139.312923293,-0.002442360,1.880342484,1,0.139810562,8.010555142,0.007326126,0.710622787,1,-0.006711006,-0.384512330,-0.012210846,-0.001221180,0.000000000,0.000000000,0.000000000,0.000000000,12.000000000,3.000000000,3.054326296,175.000006008,0.000000000,-3.234629154,25.000000000,8.500000000,-2.443460941,-139.999999342,0.000000000,2.209447145,25.000000000,8.000000000,0.174532920,9.999999709,0.000000000,0.305777937,12.500000000,3.200000048,0.000000000,0.000000000,0.000000000,-0.000024143,0.800000012,0.200000003
2026-07-05 15:02:22.883,1783234942.883855104,397.850976647,1,1,397.838611246,1,0.002268467,5,1,0.000210762,5,1,0,1,0,0,1,1,1,0,1,1,102.573832901,0.090000000,2.400000000,0.000000000,1,342.215825039,12,1,12,1:-1.251:2.428|2:-0.428:2.425|3:0.392:2.424|4:1.223:2.419|5:1.228:1.589|6:0.405:1.588|7:-0.440:1.588|8:-1.261:1.589|9:-1.185:4.911|10:-0.390:4.902|11:0.375:4.903|12:1.182:4.901,1,104.908150740,pickup,3,0,0.000000000,0.000000000,1,104.908133863,0,arm is not ready for pickup,1,131.599639620,completed,1,129.599302739,0,timed out,1,0.003189468,0.182743072,-0.007326126,-0.065934181,1,3.072496653,176.041090762,-0.002442360,-3.712820053,1,-2.431469202,-139.312923293,-0.002442360,1.880342484,1,0.139810562,8.010555142,-0.007326126,0.705739021,1,-0.006711006,-0.384512330,-0.012210846,-0.001221180,0.000000000,0.000000000,0.000000000,0.000000000,12.000000000,3.000000000,3.054326296,175.000006008,0.000000000,-3.234629154,25.000000000,8.500000000,-2.443460941,-139.999999342,0.000000000,2.209447145,25.000000000,8.000000000,0.174532920,9.999999709,0.000000000,0.305777937,12.500000000,3.200000048,0.000000000,0.000000000,0.000000000,-0.000024143,0.800000012,0.200000003
2026-07-05 15:02:23.882,1783234943.882923126,398.850044562,1,1,398.837679161,1,0.002260707,5,1,0.000371288,5,1,0,1,0,0,1,1,1,0,1,1,103.572900816,0.090000000,2.400000000,0.000000000,1,343.214892954,12,1,12,1:-1.251:2.428|2:-0.428:2.425|3:0.392:2.424|4:1.223:2.419|5:1.228:1.589|6:0.405:1.588|7:-0.440:1.588|8:-1.261:1.589|9:-1.185:4.911|10:-0.390:4.902|11:0.375:4.903|12:1.182:4.901,1,105.907218655,pickup,3,0,0.000000000,0.000000000,1,105.907201778,0,arm is not ready for pickup,1,132.598707535,completed,1,130.598370654,0,timed out,1,0.003189468,0.182743072,-0.007326126,-0.070817947,1,3.072496653,176.041090762,-0.002442360,-3.726495743,1,-2.431469202,-139.312923293,-0.002442360,1.880342484,1,0.139810562,8.010555142,-0.021978378,0.710622787,1,-0.006711006,-0.384512330,-0.012210846,-0.001221180,0.000000000,0.000000000,0.000000000,0.000000000,12.000000000,3.000000000,3.054326296,175.000006008,0.000000000,-3.234629154,25.000000000,8.500000000,-2.443460941,-139.999999342,0.000000000,2.209447145,25.000000000,8.000000000,0.174532920,9.999999709,0.000000000,0.305777937,12.500000000,3.200000048,0.000000000,0.000000000,0.000000000,-0.000024143,0.800000012,0.200000003
2026-07-05 15:02:24.882,1783234944.882112265,399.849233570,1,1,399.836868169,1,0.002570270,5,1,0.000429518,5,1,0,1,0,0,1,1,1,0,1,1,104.572089824,0.090000000,2.400000000,0.000000000,1,344.214081962,12,1,12,1:-1.251:2.428|2:-0.428:2.425|3:0.392:2.424|4:1.223:2.419|5:1.228:1.589|6:0.405:1.588|7:-0.440:1.588|8:-1.261:1.589|9:-1.185:4.911|10:-0.390:4.902|11:0.375:4.903|12:1.182:4.901,1,106.906407663,pickup,3,0,0.000000000,0.000000000,1,106.906390786,0,arm is not ready for pickup,1,133.597896543,completed,1,131.597559662,0,timed out,1,0.003189468,0.182743072,-0.007326126,-0.070817947,1,3.072496653,176.041090762,-0.002442360,-3.726495743,1,-2.431469202,-139.312923293,-0.002442360,1.894016266,1,0.139810562,8.010555142,-0.021978378,0.710622787,1,-0.006711006,-0.384512330,-0.036628723,-0.001221180,0.000000000,0.000000000,0.000000000,0.000000000,12.000000000,3.000000000,3.054326296,175.000006008,0.000000000,-3.234629154,25.000000000,8.500000000,-2.443460941,-139.999999342,0.000000000,2.209447145,25.000000000,8.000000000,0.174532920,9.999999709,0.000000000,0.305777937,12.500000000,3.200000048,0.000000000,0.000000000,0.000000000,-0.000024143,0.800000012,0.200000003
2026-07-05 15:02:25.881,1783234945.881183386,400.848305020,1,1,400.835939619,1,0.002101327,5,1,0.000295357,5,1,0,1,0,0,1,1,1,0,1,1,105.571161274,0.090000000,2.400000000,0.000000000,1,345.213153412,12,1,12,1:-1.251:2.428|2:-0.428:2.425|3:0.392:2.424|4:1.223:2.419|5:1.228:1.589|6:0.405:1.588|7:-0.440:1.588|8:-1.261:1.589|9:-1.185:4.911|10:-0.390:4.902|11:0.375:4.903|12:1.182:4.901,1,107.905479113,pickup,3,0,0.000000000,0.000000000,1,107.905462236,0,arm is not ready for pickup,1,134.596967993,completed,1,132.596631112,0,timed out,1,0.003189468,0.182743072,-0.021978378,-0.070817947,1,3.072496653,176.041090762,-0.007326126,-3.726495743,1,-2.431469202,-139.312923293,-0.002442360,1.880342484,1,0.139810562,8.010555142,-0.007326126,0.710622787,1,-0.006711006,-0.384512330,-0.012210846,-0.001221180,0.000000000,0.000000000,0.000000000,0.000000000,12.000000000,3.000000000,3.054326296,175.000006008,0.000000000,-3.234629154,25.000000000,8.500000000,-2.443460941,-139.999999342,0.000000000,2.209447145,25.000000000,8.000000000,0.174532920,9.999999709,0.000000000,0.305777937,12.500000000,3.200000048,0.000000000,0.000000000,0.000000000,-0.000024143,0.800000012,0.200000003
2026-07-05 15:02:26.880,1783234946.880283833,401.847405415,1,1,401.835040014,1,0.002301407,5,1,0.000117838,5,1,0,1,0,0,1,1,1,0,1,1,106.570261669,0.090000000,2.400000000,0.000000000,1,346.212253807,12,1,12,1:-1.251:2.428|2:-0.428:2.425|3:0.392:2.424|4:1.223:2.419|5:1.228:1.589|6:0.405:1.588|7:-0.440:1.588|8:-1.261:1.589|9:-1.185:4.911|10:-0.390:4.902|11:0.375:4.903|12:1.182:4.901,1,108.904579508,pickup,3,0,0.000000000,0.000000000,1,108.904562631,0,arm is not ready for pickup,1,135.596068388,completed,1,133.595731507,0,timed out,1,0.003189468,0.182743072,-0.007326126,-0.075701714,1,3.072496653,176.041090762,-0.002442360,-3.726495743,1,-2.431469202,-139.312923293,-0.002442360,1.880342484,1,0.139810562,8.010555142,-0.007326126,0.705739021,1,-0.006711006,-0.384512330,0.036628723,0.001221180,0.000000000,0.000000000,0.000000000,0.000000000,12.000000000,3.000000000,3.054326296,175.000006008,0.000000000,-3.234629154,25.000000000,8.500000000,-2.443460941,-139.999999342,0.000000000,2.209447145,25.000000000,8.000000000,0.174532920,9.999999709,0.000000000,0.305777937,12.500000000,3.200000048,0.000000000,0.000000000,0.000000000,-0.000024143,0.800000012,0.200000003
2026-07-05 15:02:27.879,1783234947.879616976,402.846738489,1,1,402.834373088,1,0.002362405,5,1,0.000271641,5,1,0,1,0,0,1,1,1,0,1,1,107.569594743,0.090000000,2.400000000,0.000000000,1,347.211586881,12,1,12,1:-1.251:2.428|2:-0.428:2.425|3:0.392:2.424|4:1.223:2.419|5:1.228:1.589|6:0.405:1.588|7:-0.440:1.588|8:-1.261:1.589|9:-1.185:4.911|10:-0.390:4.902|11:0.375:4.903|12:1.182:4.901,1,109.903912582,pickup,3,0,0.000000000,0.000000000,1,109.903895705,0,arm is not ready for pickup,1,136.595401462,completed,1,134.595064581,0,timed out,1,0.003189468,0.182743072,-0.007326126,-0.070817947,1,3.072496653,176.041090762,-0.002442360,-3.726495743,1,-2.431469202,-139.312923293,-0.002442360,1.894016266,1,0.139810562,8.010555142,-0.021978378,0.715506554,1,-0.006711006,-0.384512330,-0.012210846,0.001221180,0.000000000,0.000000000,0.000000000,0.000000000,12.000000000,3.000000000,3.054326296,175.000006008,0.000000000,-3.234629154,25.000000000,8.500000000,-2.443460941,-139.999999342,0.000000000,2.209447145,25.000000000,8.000000000,0.174532920,9.999999709,0.000000000,0.305777937,12.500000000,3.200000048,0.000000000,0.000000000,0.000000000,-0.000024143,0.800000012,0.200000003
2026-07-05 15:02:28.878,1783234948.878678322,403.845799594,1,1,403.833434193,1,0.002412490,5,1,0.000108471,5,1,0,1,0,0,1,1,1,0,1,1,108.568655848,0.090000000,2.400000000,0.000000000,1,348.210647986,12,1,12,1:-1.251:2.428|2:-0.428:2.425|3:0.392:2.424|4:1.223:2.419|5:1.228:1.589|6:0.405:1.588|7:-0.440:1.588|8:-1.261:1.589|9:-1.185:4.911|10:-0.390:4.902|11:0.375:4.903|12:1.182:4.901,1,110.902973687,pickup,3,0,0.000000000,0.000000000,1,110.902956810,0,arm is not ready for pickup,1,137.594462567,completed,1,135.594125686,0,timed out,1,0.003189468,0.182743072,-0.007326126,-0.070817947,1,3.072496653,176.041090762,-0.002442360,-3.726495743,1,-2.431469202,-139.312923293,-0.002442360,1.894016266,1,0.139810562,8.010555142,-0.007326126,0.705739021,1,-0.006711006,-0.384512330,-0.012210846,0.001221180,0.000000000,0.000000000,0.000000000,0.000000000,12.000000000,3.000000000,3.054326296,175.000006008,0.000000000,-3.234629154,25.000000000,8.500000000,-2.443460941,-139.999999342,0.000000000,2.209447145,25.000000000,8.000000000,0.174532920,9.999999709,0.000000000,0.305777937,12.500000000,3.200000048,0.000000000,0.000000000,0.000000000,-0.000024143,0.800000012,0.200000003
2026-07-05 15:02:29.878,1783234949.878138542,404.845260108,1,1,404.832894707,1,0.002486874,5,1,0.000612163,5,1,0,1,0,0,1,1,1,0,1,1,109.568116362,0.090000000,2.400000000,0.000000000,1,349.210108500,12,1,12,1:-1.251:2.428|2:-0.428:2.425|3:0.392:2.424|4:1.223:2.419|5:1.228:1.589|6:0.405:1.588|7:-0.440:1.588|8:-1.261:1.589|9:-1.185:4.911|10:-0.390:4.902|11:0.375:4.903|12:1.182:4.901,1,111.902434201,pickup,3,0,0.000000000,0.000000000,1,111.902417324,0,arm is not ready for pickup,1,138.593923081,completed,1,136.593586200,0,timed out,1,0.003189468,0.182743072,-0.007326126,-0.070817947,1,3.072496653,176.041090762,-0.002442360,-3.726495743,1,-2.431469202,-139.312923293,0.002442360,1.880342484,1,0.139810562,8.010555142,0.007326126,0.710622787,1,-0.006711006,-0.384512330,0.012210846,-0.001221180,0.000000000,0.000000000,0.000000000,0.000000000,12.000000000,3.000000000,3.054326296,175.000006008,0.000000000,-3.234629154,25.000000000,8.500000000,-2.443460941,-139.999999342,0.000000000,2.209447145,25.000000000,8.000000000,0.174532920,9.999999709,0.000000000,0.305777937,12.500000000,3.200000048,0.000000000,0.000000000,0.000000000,-0.000024143,0.800000012,0.200000003
2026-07-05 15:02:30.877,1783234950.877174854,405.844296334,1,1,405.831930933,1,0.002331339,5,1,0.000255480,5,1,0,1,0,0,1,1,1,0,1,1,110.567152588,0.090000000,2.400000000,0.000000000,1,350.209144726,12,1,12,1:-1.251:2.428|2:-0.428:2.425|3:0.392:2.424|4:1.223:2.419|5:1.228:1.589|6:0.405:1.588|7:-0.440:1.588|8:-1.261:1.589|9:-1.185:4.911|10:-0.390:4.902|11:0.375:4.903|12:1.182:4.901,1,112.901470427,pickup,3,0,0.000000000,0.000000000,1,112.901453550,0,arm is not ready for pickup,1,139.592959307,completed,1,137.592622426,0,timed out,1,0.003189468,0.182743072,-0.007326126,-0.070817947,1,3.072496653,176.041090762,-0.002442360,-3.726495743,1,-2.431469202,-139.312923293,-0.007326126,1.880342484,1,0.139810562,8.010555142,-0.007326126,0.705739021,1,-0.006711006,-0.384512330,0.012210846,-0.001221180,0.000000000,0.000000000,0.000000000,0.000000000,12.000000000,3.000000000,3.054326296,175.000006008,0.000000000,-3.234629154,25.000000000,8.500000000,-2.443460941,-139.999999342,0.000000000,2.209447145,25.000000000,8.000000000,0.174532920,9.999999709,0.000000000,0.305777937,12.500000000,3.200000048,0.000000000,0.000000000,0.000000000,-0.000024143,0.800000012,0.200000003
2026-07-05 15:02:31.876,1783234951.876432896,406.843554415,1,1,406.831189014,1,0.002271833,5,1,0.000358890,5,1,0,1,0,0,1,1,1,0,1,1,111.566410669,0.090000000,2.400000000,0.000000000,1,351.208402807,12,1,12,1:-1.251:2.428|2:-0.428:2.425|3:0.392:2.424|4:1.223:2.419|5:1.228:1.589|6:0.405:1.588|7:-0.440:1.588|8:-1.261:1.589|9:-1.185:4.911|10:-0.390:4.902|11:0.375:4.903|12:1.182:4.901,1,113.900728508,pickup,3,0,0.000000000,0.000000000,1,113.900711631,0,arm is not ready for pickup,1,140.592217388,completed,1,138.591880507,0,timed out,1,0.003189468,0.182743072,0.007326126,-0.065934181,1,3.072496653,176.041090762,-0.002442360,-3.726495743,1,-2.431469202,-139.312923293,-0.002442360,1.894016266,1,0.139810562,8.010555142,-0.007326126,0.710622787,1,-0.006711006,-0.384512330,-0.012210846,-0.001221180,0.000000000,0.000000000,0.000000000,0.000000000,12.000000000,3.000000000,3.054326296,175.000006008,0.000000000,-3.234629154,25.000000000,8.500000000,-2.443460941,-139.999999342,0.000000000,2.209447145,25.000000000,8.000000000,0.174532920,9.999999709,0.000000000,0.305777937,12.500000000,3.200000048,0.000000000,0.000000000,0.000000000,-0.000024143,0.800000012,0.200000003
2026-07-05 15:02:32.875,1783234952.875709295,407.842830561,1,1,407.830465160,1,0.002365070,5,1,0.000236425,5,1,0,1,0,0,1,1,1,0,1,1,112.565686815,0.090000000,2.400000000,0.000000000,1,352.207678953,12,1,12,1:-1.251:2.428|2:-0.428:2.425|3:0.392:2.424|4:1.223:2.419|5:1.228:1.589|6:0.405:1.588|7:-0.440:1.588|8:-1.261:1.589|9:-1.185:4.911|10:-0.390:4.902|11:0.375:4.903|12:1.182:4.901,1,114.900004654,pickup,3,0,0.000000000,0.000000000,1,114.899987777,0,arm is not ready for pickup,1,141.591493534,completed,1,139.591156653,0,timed out,1,0.003189468,0.182743072,0.007326126,-0.065934181,1,3.072496653,176.041090762,-0.002442360,-3.740171432,1,-2.431469202,-139.312923293,-0.002442360,1.894016266,1,0.139810562,8.010555142,-0.007326126,0.715506554,1,-0.006711006,-0.384512330,-0.036628723,0.001221180,0.000000000,0.000000000,0.000000000,0.000000000,12.000000000,3.000000000,3.054326296,175.000006008,0.000000000,-3.234629154,25.000000000,8.500000000,-2.443460941,-139.999999342,0.000000000,2.209447145,25.000000000,8.000000000,0.174532920,9.999999709,0.000000000,0.305777937,12.500000000,3.200000048,0.000000000,0.000000000,0.000000000,-0.000024143,0.800000012,0.200000003
2026-07-05 15:02:33.875,1783234953.875082493,408.842203882,1,1,408.829838481,1,0.002145101,5,1,0.000350796,5,1,0,1,0,0,1,1,1,0,1,1,113.565060136,0.090000000,2.400000000,0.000000000,1,353.207052274,12,1,12,1:-1.251:2.428|2:-0.428:2.425|3:0.392:2.424|4:1.223:2.419|5:1.228:1.589|6:0.405:1.588|7:-0.440:1.588|8:-1.261:1.589|9:-1.185:4.911|10:-0.390:4.902|11:0.375:4.903|12:1.182:4.901,1,115.899377975,pickup,3,0,0.000000000,0.000000000,1,115.899361098,0,arm is not ready for pickup,1,142.590866855,completed,1,140.590529974,0,timed out,1,0.003189468,0.182743072,-0.007326126,-0.065934181,1,3.072496653,176.041090762,-0.002442360,-3.726495743,1,-2.431469202,-139.312923293,-0.002442360,1.894016266,1,0.139810562,8.010555142,0.007326126,0.710622787,1,-0.006711006,-0.384512330,-0.012210846,0.001221180,0.000000000,0.000000000,0.000000000,0.000000000,12.000000000,3.000000000,3.054326296,175.000006008,0.000000000,-3.234629154,25.000000000,8.500000000,-2.443460941,-139.999999342,0.000000000,2.209447145,25.000000000,8.000000000,0.174532920,9.999999709,0.000000000,0.305777937,12.500000000,3.200000048,0.000000000,0.000000000,0.000000000,-0.000024143,0.800000012,0.200000003
2026-07-05 15:02:34.874,1783234954.874259710,409.841381129,1,1,409.829015728,1,0.002214792,5,1,0.000158807,5,1,0,1,0,0,1,1,1,0,1,1,114.564237383,0.090000000,2.400000000,0.000000000,1,354.206229521,12,1,12,1:-1.251:2.428|2:-0.428:2.425|3:0.392:2.424|4:1.223:2.419|5:1.228:1.589|6:0.405:1.588|7:-0.440:1.588|8:-1.261:1.589|9:-1.185:4.911|10:-0.390:4.902|11:0.375:4.903|12:1.182:4.901,1,116.898555222,pickup,3,0,0.000000000,0.000000000,1,116.898538345,0,arm is not ready for pickup,1,143.590044102,completed,1,141.589707221,0,timed out,1,0.003189468,0.182743072,0.007326126,-0.065934181,1,3.072496653,176.041090762,-0.007326126,-3.726495743,1,-2.431469202,-139.312923293,-0.002442360,1.894016266,1,0.139810562,8.010555142,-0.021978378,0.710622787,1,-0.006711006,-0.384512330,-0.012210846,0.001221180,0.000000000,0.000000000,0.000000000,0.000000000,12.000000000,3.000000000,3.054326296,175.000006008,0.000000000,-3.234629154,25.000000000,8.500000000,-2.443460941,-139.999999342,0.000000000,2.209447145,25.000000000,8.000000000,0.174532920,9.999999709,0.000000000,0.305777937,12.500000000,3.200000048,0.000000000,0.000000000,0.000000000,-0.000024143,0.800000012,0.200000003
2026-07-05 15:02:35.873,1783234955.873738289,410.840859725,1,1,410.828494324,1,0.002290299,5,1,0.000547514,5,1,0,1,0,0,1,1,1,0,1,1,115.563715979,0.090000000,2.400000000,0.000000000,1,355.205708117,12,1,12,1:-1.251:2.428|2:-0.428:2.425|3:0.392:2.424|4:1.223:2.419|5:1.228:1.589|6:0.405:1.588|7:-0.440:1.588|8:-1.261:1.589|9:-1.185:4.911|10:-0.390:4.902|11:0.375:4.903|12:1.182:4.901,1,117.898033818,pickup,3,0,0.000000000,0.000000000,1,117.898016941,0,arm is not ready for pickup,1,144.589522698,completed,1,142.589185817,0,timed out,1,0.003189468,0.182743072,-0.007326126,-0.070817947,1,3.072496653,176.041090762,-0.002442360,-3.726495743,1,-2.431469202,-139.312923293,-0.002442360,1.880342484,1,0.139810562,8.010555142,-0.007326126,0.715506554,1,-0.006711006,-0.384512330,-0.012210846,-0.001221180,0.000000000,0.000000000,0.000000000,0.000000000,12.000000000,3.000000000,3.054326296,175.000006008,0.000000000,-3.234629154,25.000000000,8.500000000,-2.443460941,-139.999999342,0.000000000,2.209447145,25.000000000,8.000000000,0.174532920,9.999999709,0.000000000,0.305777937,12.500000000,3.200000048,0.000000000,0.000000000,0.000000000,-0.000024143,0.800000012,0.200000003
2026-07-05 15:02:36.872,1783234956.872925043,411.840046454,1,1,411.827681053,1,0.001953316,5,1,0.000363685,5,1,0,1,0,0,1,1,1,0,1,1,116.562902708,0.090000000,2.400000000,0.000000000,1,356.204894846,12,1,12,1:-1.251:2.428|2:-0.428:2.425|3:0.392:2.424|4:1.223:2.419|5:1.228:1.589|6:0.405:1.588|7:-0.440:1.588|8:-1.261:1.589|9:-1.185:4.911|10:-0.390:4.902|11:0.375:4.903|12:1.182:4.901,1,118.897220547,pickup,3,0,0.000000000,0.000000000,1,118.897203670,0,arm is not ready for pickup,1,145.588709427,completed,1,143.588372546,0,timed out,1,0.003189468,0.182743072,-0.007326126,-0.070817947,1,3.072496653,176.041090762,0.002442360,-3.726495743,1,-2.431469202,-139.312923293,-0.002442360,1.894016266,1,0.139810562,8.010555142,-0.007326126,0.710622787,1,-0.006711006,-0.384512330,0.012210846,-0.001221180,0.000000000,0.000000000,0.000000000,0.000000000,12.000000000,3.000000000,3.054326296,175.000006008,0.000000000,-3.234629154,25.000000000,8.500000000,-2.443460941,-139.999999342,0.000000000,2.209447145,25.000000000,8.000000000,0.174532920,9.999999709,0.000000000,0.305777937,12.500000000,3.200000048,0.000000000,0.000000000,0.000000000,-0.000024143,0.800000012,0.200000003
2026-07-05 15:02:37.872,1783234957.872344255,412.839465635,1,1,412.827100234,1,0.002150798,5,1,0.000384311,5,1,0,1,0,0,1,1,1,0,1,1,117.562321889,0.090000000,2.400000000,0.000000000,1,357.204314027,12,1,12,1:-1.251:2.428|2:-0.428:2.425|3:0.392:2.424|4:1.223:2.419|5:1.228:1.589|6:0.405:1.588|7:-0.440:1.588|8:-1.261:1.589|9:-1.185:4.911|10:-0.390:4.902|11:0.375:4.903|12:1.182:4.901,1,119.896639728,pickup,3,0,0.000000000,0.000000000,1,119.896622851,0,arm is not ready for pickup,1,146.588128608,completed,1,144.587791727,0,timed out,1,0.003189468,0.182743072,-0.007326126,-0.070817947,1,3.072496653,176.041090762,-0.002442360,-3.740171432,1,-2.431469202,-139.312923293,-0.002442360,1.880342484,1,0.139810562,8.010555142,-0.007326126,0.705739021,1,-0.006711006,-0.384512330,-0.012210846,0.001221180,0.000000000,0.000000000,0.000000000,0.000000000,12.000000000,3.000000000,3.054326296,175.000006008,0.000000000,-3.234629154,25.000000000,8.500000000,-2.443460941,-139.999999342,0.000000000,2.209447145,25.000000000,8.000000000,0.174532920,9.999999709,0.000000000,0.305777937,12.500000000,3.200000048,0.000000000,0.000000000,0.000000000,-0.000024143,0.800000012,0.200000003
2026-07-05 15:02:38.871,1783234958.871609449,413.838730675,1,1,413.826365274,1,0.002383702,5,1,0.000439750,5,1,0,1,0,0,1,1,1,0,1,1,118.561586929,0.090000000,2.400000000,0.000000000,1,358.203579067,12,1,12,1:-1.251:2.428|2:-0.428:2.425|3:0.392:2.424|4:1.223:2.419|5:1.228:1.589|6:0.405:1.588|7:-0.440:1.588|8:-1.261:1.589|9:-1.185:4.911|10:-0.390:4.902|11:0.375:4.903|12:1.182:4.901,1,120.895904768,pickup,3,0,0.000000000,0.000000000,1,120.895887891,0,arm is not ready for pickup,1,147.587393648,completed,1,145.587056767,0,timed out,1,0.003189468,0.182743072,-0.021978378,-0.075701714,1,3.072496653,176.041090762,-0.002442360,-3.726495743,1,-2.431469202,-139.312923293,-0.007326126,1.894016266,1,0.139810562,8.010555142,-0.007326126,0.710622787,1,-0.006711006,-0.384512330,-0.012210846,-0.001221180,0.000000000,0.000000000,0.000000000,0.000000000,12.000000000,3.000000000,3.054326296,175.000006008,0.000000000,-3.234629154,25.000000000,8.500000000,-2.443460941,-139.999999342,0.000000000,2.209447145,25.000000000,8.000000000,0.174532920,9.999999709,0.000000000,0.305777937,12.500000000,3.200000048,0.000000000,0.000000000,0.000000000,-0.000024143,0.800000012,0.200000003
2026-07-05 15:02:39.871,1783234959.871044159,414.838165526,1,1,414.825800125,1,0.002130243,5,1,0.000390240,5,1,0,1,0,0,1,1,1,0,1,1,119.561021780,0.090000000,2.400000000,0.000000000,1,359.203013918,12,1,12,1:-1.251:2.428|2:-0.428:2.425|3:0.392:2.424|4:1.223:2.419|5:1.228:1.589|6:0.405:1.588|7:-0.440:1.588|8:-1.261:1.589|9:-1.185:4.911|10:-0.390:4.902|11:0.375:4.903|12:1.182:4.901,1,121.895339619,pickup,3,0,0.000000000,0.000000000,1,121.895322742,0,arm is not ready for pickup,1,148.586828499,completed,1,146.586491618,0,timed out,1,0.003189468,0.182743072,-0.007326126,-0.070817947,1,3.072496653,176.041090762,-0.002442360,-3.726495743,1,-2.431469202,-139.312923293,-0.002442360,1.880342484,1,0.139810562,8.010555142,0.007326126,0.710622787,1,-0.006711006,-0.384512330,-0.036628723,0.001221180,0.000000000,0.000000000,0.000000000,0.000000000,12.000000000,3.000000000,3.054326296,175.000006008,0.000000000,-3.234629154,25.000000000,8.500000000,-2.443460941,-139.999999342,0.000000000,2.209447145,25.000000000,8.000000000,0.174532920,9.999999709,0.000000000,0.305777937,12.500000000,3.200000048,0.000000000,0.000000000,0.000000000,-0.000024143,0.800000012,0.200000003
2026-07-05 15:02:40.870,1783234960.870298624,415.837419985,1,1,415.825054584,1,0.002289538,5,1,0.000271049,5,1,0,1,0,0,1,1,1,0,1,1,120.560276239,0.090000000,2.400000000,0.000000000,1,360.202268377,12,1,12,1:-1.251:2.428|2:-0.428:2.425|3:0.392:2.424|4:1.223:2.419|5:1.228:1.589|6:0.405:1.588|7:-0.440:1.588|8:-1.261:1.589|9:-1.185:4.911|10:-0.390:4.902|11:0.375:4.903|12:1.182:4.901,1,122.894594078,pickup,3,0,0.000000000,0.000000000,1,122.894577201,0,arm is not ready for pickup,1,149.586082958,completed,1,147.585746077,0,timed out,1,0.003189468,0.182743072,0.007326126,-0.065934181,1,3.072496653,176.041090762,-0.002442360,-3.726495743,1,-2.431469202,-139.312923293,-0.002442360,1.880342484,1,0.139810562,8.010555142,0.007326126,0.715506554,1,-0.006711006,-0.384512330,-0.012210846,-0.001221180,0.000000000,0.000000000,0.000000000,0.000000000,12.000000000,3.000000000,3.054326296,175.000006008,0.000000000,-3.234629154,25.000000000,8.500000000,-2.443460941,-139.999999342,0.000000000,2.209447145,25.000000000,8.000000000,0.174532920,9.999999709,0.000000000,0.305777937,12.500000000,3.200000048,0.000000000,0.000000000,0.000000000,-0.000024143,0.800000012,0.200000003
2026-07-05 15:02:41.869,1783234961.869852304,416.836973835,1,1,416.824608434,1,0.002206890,5,1,0.590199825,5,1,0,1,0,0,1,1,1,0,1,1,121.559830089,0.090000000,2.400000000,0.000000000,1,361.201822227,12,1,12,1:-1.251:2.428|2:-0.428:2.425|3:0.392:2.424|4:1.223:2.419|5:1.228:1.589|6:0.405:1.588|7:-0.440:1.588|8:-1.261:1.589|9:-1.185:4.911|10:-0.390:4.902|11:0.375:4.903|12:1.182:4.901,1,123.894147928,pickup,3,0,0.000000000,0.000000000,1,123.894131051,0,arm is not ready for pickup,1,150.585636808,completed,1,148.585299927,0,timed out,1,0.003189468,0.182743072,-0.007326126,-0.075701714,1,3.072496653,176.041090762,-0.007326126,-3.726495743,1,-2.431469202,-139.312923293,-0.002442360,1.880342484,1,0.139810562,8.010555142,-0.007326126,0.705739021,1,-0.006711006,-0.384512330,-0.012210846,-0.001221180,0.000000000,0.000000000,0.000000000,0.000000000,12.000000000,3.000000000,3.054326296,175.000006008,0.000000000,-3.234629154,25.000000000,8.500000000,-2.443460941,-139.999999342,0.000000000,2.209447145,25.000000000,8.000000000,0.174532920,9.999999709,0.000000000,0.305777937,12.500000000,3.200000048,0.000000000,0.000000000,0.000000000,-0.000024143,0.800000012,0.200000003
2026-07-05 15:02:42.869,1783234962.869148016,417.836269452,1,1,417.823904051,1,0.002069049,5,1,1.589495442,5,1,0,1,0,0,1,1,1,0,1,1,122.559125706,0.090000000,2.400000000,0.000000000,1,362.201117844,12,1,12,1:-1.251:2.428|2:-0.428:2.425|3:0.392:2.424|4:1.223:2.419|5:1.228:1.589|6:0.405:1.588|7:-0.440:1.588|8:-1.261:1.589|9:-1.185:4.911|10:-0.390:4.902|11:0.375:4.903|12:1.182:4.901,1,124.893443545,pickup,3,0,0.000000000,0.000000000,1,124.893426668,0,arm is not ready for pickup,1,151.584932425,completed,1,149.584595544,0,timed out,1,0.003189468,0.182743072,-0.021978378,-0.070817947,1,3.072496653,176.041090762,-0.007326126,-3.726495743,1,-2.431469202,-139.312923293,-0.002442360,1.894016266,1,0.139810562,8.010555142,0.007326126,0.710622787,1,-0.006711006,-0.384512330,-0.012210846,-0.001221180,0.000000000,0.000000000,0.000000000,0.000000000,12.000000000,3.000000000,3.054326296,175.000006008,0.000000000,-3.234629154,25.000000000,8.500000000,-2.443460941,-139.999999342,0.000000000,2.209447145,25.000000000,8.000000000,0.174532920,9.999999709,0.000000000,0.305777937,12.500000000,3.200000048,0.000000000,0.000000000,0.000000000,-0.000024143,0.800000012,0.200000003
2026-07-05 15:02:43.868,1783234963.868655682,418.835777043,1,1,418.823411642,1,0.271953660,5,1,2.589003033,5,1,0,1,0,0,1,1,1,0,1,1,123.558633297,0.090000000,2.400000000,0.000000000,1,363.200625435,12,1,12,1:-1.251:2.428|2:-0.428:2.425|3:0.392:2.424|4:1.223:2.419|5:1.228:1.589|6:0.405:1.588|7:-0.440:1.588|8:-1.261:1.589|9:-1.185:4.911|10:-0.390:4.902|11:0.375:4.903|12:1.182:4.901,1,125.892951136,pickup,3,0,0.000000000,0.000000000,1,125.892934259,0,arm is not ready for pickup,1,152.584440016,completed,1,150.584103135,0,timed out,1,0.003189468,0.182743072,-0.007326126,-0.065934181,1,3.072496653,176.041090762,-0.002442360,-3.726495743,1,-2.431469202,-139.312923293,-0.002442360,1.880342484,1,0.139810562,8.010555142,-0.007326126,0.700854301,1,-0.006711006,-0.384512330,0.012210846,-0.001221180,0.000000000,0.000000000,0.000000000,0.000000000,12.000000000,3.000000000,3.054326296,175.000006008,0.000000000,-3.234629154,25.000000000,8.500000000,-2.443460941,-139.999999342,0.000000000,2.209447145,25.000000000,8.000000000,0.174532920,9.999999709,0.000000000,0.305777937,12.500000000,3.200000048,0.000000000,0.000000000,0.000000000,-0.000024143,0.800000012,0.200000003
2026-07-05 15:02:44.868,1783234964.868560791,419.835682295,1,1,419.823316894,1,1.271858912,5,1,3.588908285,5,1,0,1,0,0,1,1,1,0,1,1,124.558538549,0.090000000,2.400000000,0.000000000,1,364.200530687,12,1,12,1:-1.251:2.428|2:-0.428:2.425|3:0.392:2.424|4:1.223:2.419|5:1.228:1.589|6:0.405:1.588|7:-0.440:1.588|8:-1.261:1.589|9:-1.185:4.911|10:-0.390:4.902|11:0.375:4.903|12:1.182:4.901,1,126.892856388,pickup,3,0,0.000000000,0.000000000,1,126.892839511,0,arm is not ready for pickup,1,153.584345268,completed,1,151.584008387,0,timed out,1,0.003189468,0.182743072,-0.007326126,-0.065934181,1,3.072496653,176.041090762,-0.002442360,-3.726495743,1,-2.431469202,-139.312923293,-0.002442360,1.880342484,1,0.139810562,8.010555142,-0.007326126,0.700854301,1,-0.006711006,-0.384512330,0.012210846,-0.001221180,0.000000000,0.000000000,0.000000000,0.000000000,12.000000000,3.000000000,3.054326296,175.000006008,0.000000000,-3.234629154,25.000000000,8.500000000,-2.443460941,-139.999999342,0.000000000,2.209447145,25.000000000,8.000000000,0.174532920,9.999999709,0.000000000,0.305777937,12.500000000,3.200000048,0.000000000,0.000000000,0.000000000,-0.000024143,0.800000012,0.200000003
2026-07-05 15:02:45.868,1783234965.867993355,420.835114674,1,1,420.822749273,1,2.271291291,5,1,4.588340664,5,1,0,1,0,0,1,1,1,0,1,1,125.557970928,0.090000000,2.400000000,0.000000000,1,365.199963066,12,1,12,1:-1.251:2.428|2:-0.428:2.425|3:0.392:2.424|4:1.223:2.419|5:1.228:1.589|6:0.405:1.588|7:-0.440:1.588|8:-1.261:1.589|9:-1.185:4.911|10:-0.390:4.902|11:0.375:4.903|12:1.182:4.901,1,127.892288767,pickup,3,0,0.000000000,0.000000000,1,127.892271890,0,arm is not ready for pickup,1,154.583777647,completed,1,152.583440766,0,timed out,1,0.003189468,0.182743072,-0.007326126,-0.065934181,1,3.072496653,176.041090762,-0.002442360,-3.726495743,1,-2.431469202,-139.312923293,-0.002442360,1.880342484,1,0.139810562,8.010555142,-0.007326126,0.700854301,1,-0.006711006,-0.384512330,0.012210846,-0.001221180,0.000000000,0.000000000,0.000000000,0.000000000,12.000000000,3.000000000,3.054326296,175.000006008,0.000000000,-3.234629154,25.000000000,8.500000000,-2.443460941,-139.999999342,0.000000000,2.209447145,25.000000000,8.000000000,0.174532920,9.999999709,0.000000000,0.305777937,12.500000000,3.200000048,0.000000000,0.000000000,0.000000000,-0.000024143,0.800000012,0.200000003
2026-07-05 15:02:46.867,1783234966.867275238,421.834396651,1,1,421.822031250,1,3.270573268,5,1,0.602761349,5,1,0,1,0,0,1,1,1,0,1,1,126.557252905,0.090000000,2.400000000,0.000000000,1,366.199245043,12,1,12,1:-1.251:2.428|2:-0.428:2.425|3:0.392:2.424|4:1.223:2.419|5:1.228:1.589|6:0.405:1.588|7:-0.440:1.588|8:-1.261:1.589|9:-1.185:4.911|10:-0.390:4.902|11:0.375:4.903|12:1.182:4.901,1,128.891570744,pickup,3,0,0.000000000,0.000000000,1,128.891553867,0,arm is not ready for pickup,1,155.583059624,completed,1,153.582722743,0,timed out,1,0.003189468,0.182743072,-0.007326126,-0.065934181,1,3.072496653,176.041090762,-0.002442360,-3.726495743,1,-2.431469202,-139.312923293,-0.002442360,1.880342484,1,0.139810562,8.010555142,-0.007326126,0.700854301,1,-0.006711006,-0.384512330,0.012210846,-0.001221180,0.000000000,0.000000000,0.000000000,0.000000000,12.000000000,3.000000000,3.054326296,175.000006008,0.000000000,-3.234629154,25.000000000,8.500000000,-2.443460941,-139.999999342,0.000000000,2.209447145,25.000000000,8.000000000,0.174532920,9.999999709,0.000000000,0.305777937,12.500000000,3.200000048,0.000000000,0.000000000,0.000000000,-0.000024143,0.800000012,0.200000003
2026-07-05 15:02:47.866,1783234967.866815329,422.833936733,1,1,422.821571332,1,4.270113350,5,1,1.602301431,5,1,0,1,0,0,1,1,1,0,1,1,127.556792987,0.090000000,2.400000000,0.000000000,1,367.198785125,12,1,12,1:-1.251:2.428|2:-0.428:2.425|3:0.392:2.424|4:1.223:2.419|5:1.228:1.589|6:0.405:1.588|7:-0.440:1.588|8:-1.261:1.589|9:-1.185:4.911|10:-0.390:4.902|11:0.375:4.903|12:1.182:4.901,1,129.891110826,pickup,3,0,0.000000000,0.000000000,1,129.891093949,0,arm is not ready for pickup,1,156.582599706,completed,1,154.582262825,0,timed out,1,0.003189468,0.182743072,-0.007326126,-0.065934181,1,3.072496653,176.041090762,-0.002442360,-3.726495743,1,-2.431469202,-139.312923293,-0.002442360,1.880342484,1,0.139810562,8.010555142,-0.007326126,0.700854301,1,-0.006711006,-0.384512330,0.012210846,-0.001221180,0.000000000,0.000000000,0.000000000,0.000000000,12.000000000,3.000000000,3.054326296,175.000006008,0.000000000,-3.234629154,25.000000000,8.500000000,-2.443460941,-139.999999342,0.000000000,2.209447145,25.000000000,8.000000000,0.174532920,9.999999709,0.000000000,0.305777937,12.500000000,3.200000048,0.000000000,0.000000000,0.000000000,-0.000024143,0.800000012,0.200000003
2026-07-05 15:02:48.865,1783234968.865565300,423.832686595,1,1,423.820321194,1,0.001968831,5,1,2.601051293,5,1,0,1,0,0,1,1,1,0,1,1,128.555542849,0.090000000,2.400000000,0.000000000,1,368.197534987,12,1,12,1:-1.251:2.428|2:-0.428:2.425|3:0.392:2.424|4:1.223:2.419|5:1.228:1.589|6:0.405:1.588|7:-0.440:1.588|8:-1.261:1.589|9:-1.185:4.911|10:-0.390:4.902|11:0.375:4.903|12:1.182:4.901,1,130.889860688,pickup,3,0,0.000000000,0.000000000,1,130.889843811,0,arm is not ready for pickup,1,157.581349568,completed,1,155.581012687,0,timed out,1,0.003189468,0.182743072,-0.021978378,-0.070817947,1,3.072496653,176.041090762,-0.002442360,-3.726495743,1,-2.431469202,-139.312923293,-0.002442360,1.880342484,1,0.139810562,8.010555142,-0.007326126,0.705739021,1,-0.006711006,-0.384512330,0.012210846,-0.001221180,0.000000000,0.000000000,0.000000000,0.000000000,12.000000000,3.000000000,3.054326296,175.000006008,0.000000000,-3.234629154,25.000000000,8.500000000,-2.443460941,-139.999999342,0.000000000,2.209447145,25.000000000,8.000000000,0.174532920,9.999999709,0.000000000,0.305777937,12.500000000,3.200000048,0.000000000,0.000000000,0.000000000,-0.000024143,0.800000012,0.200000003
2026-07-05 15:02:49.865,1783234969.865019321,424.832140723,1,1,424.819775322,1,0.002371662,5,1,0.670167589,5,1,0,1,0,0,1,1,1,0,1,1,129.554996977,0.090000000,2.400000000,0.000000000,1,369.196989115,12,1,12,1:-1.251:2.428|2:-0.428:2.425|3:0.392:2.424|4:1.223:2.419|5:1.228:1.589|6:0.405:1.588|7:-0.440:1.588|8:-1.261:1.589|9:-1.185:4.911|10:-0.390:4.902|11:0.375:4.903|12:1.182:4.901,1,131.889314816,pickup,3,0,0.000000000,0.000000000,1,131.889297939,0,arm is not ready for pickup,1,158.580803696,completed,1,156.580466815,0,timed out,1,0.003189468,0.182743072,-0.021978378,-0.070817947,1,3.072496653,176.041090762,-0.002442360,-3.726495743,1,-2.431469202,-139.312923293,0.002442360,1.894016266,1,0.139810562,8.010555142,-0.021978378,0.710622787,1,-0.006711006,-0.384512330,-0.036628723,-0.001221180,0.000000000,0.000000000,0.000000000,0.000000000,12.000000000,3.000000000,3.054326296,175.000006008,0.000000000,-3.234629154,25.000000000,8.500000000,-2.443460941,-139.999999342,0.000000000,2.209447145,25.000000000,8.000000000,0.174532920,9.999999709,0.000000000,0.305777937,12.500000000,3.200000048,0.000000000,0.000000000,0.000000000,-0.000024143,0.800000012,0.200000003
2026-07-05 15:02:50.864,1783234970.864362240,425.831483543,1,1,425.819118142,1,0.002391861,5,1,0.000300089,5,1,0,1,0,0,1,1,1,0,1,1,130.554339797,0.090000000,2.400000000,0.000000000,1,370.196331935,12,1,12,1:-1.251:2.428|2:-0.428:2.425|3:0.392:2.424|4:1.223:2.419|5:1.228:1.589|6:0.405:1.588|7:-0.440:1.588|8:-1.261:1.589|9:-1.185:4.911|10:-0.390:4.902|11:0.375:4.903|12:1.182:4.901,1,132.888657636,pickup,3,0,0.000000000,0.000000000,1,132.888640759,0,arm is not ready for pickup,1,159.580146516,completed,1,157.579809635,0,timed out,1,0.003189468,0.182743072,-0.021978378,-0.070817947,1,3.072496653,176.041090762,-0.002442360,-3.726495743,1,-2.431469202,-139.312923293,-0.002442360,1.880342484,1,0.139810562,8.010555142,-0.007326126,0.700854301,1,-0.006711006,-0.384512330,0.012210846,-0.001221180,0.000000000,0.000000000,0.000000000,0.000000000,12.000000000,3.000000000,3.054326296,175.000006008,0.000000000,-3.234629154,25.000000000,8.500000000,-2.443460941,-139.999999342,0.000000000,2.209447145,25.000000000,8.000000000,0.174532920,9.999999709,0.000000000,0.305777937,12.500000000,3.200000048,0.000000000,0.000000000,0.000000000,-0.000024143,0.800000012,0.200000003
2026-07-05 15:02:51.863,1783234971.863804340,426.830925970,1,1,426.818560569,1,0.001820324,5,1,0.000291058,5,1,0,1,0,0,1,1,1,0,1,1,131.553782224,0.090000000,2.400000000,0.000000000,1,371.195774362,12,1,12,1:-1.251:2.428|2:-0.428:2.425|3:0.392:2.424|4:1.223:2.419|5:1.228:1.589|6:0.405:1.588|7:-0.440:1.588|8:-1.261:1.589|9:-1.185:4.911|10:-0.390:4.902|11:0.375:4.903|12:1.182:4.901,1,133.888100063,pickup,3,0,0.000000000,0.000000000,1,133.888083186,0,arm is not ready for pickup,1,160.579588943,completed,1,158.579252062,0,timed out,1,0.003189468,0.182743072,-0.021978378,-0.070817947,1,3.072496653,176.041090762,-0.002442360,-3.726495743,1,-2.431469202,-139.312923293,-0.002442360,1.894016266,1,0.139810562,8.010555142,-0.007326126,0.710622787,1,-0.006711006,-0.384512330,0.012210846,-0.001221180,0.000000000,0.000000000,0.000000000,0.000000000,12.000000000,3.000000000,3.054326296,175.000006008,0.000000000,-3.234629154,25.000000000,8.500000000,-2.443460941,-139.999999342,0.000000000,2.209447145,25.000000000,8.000000000,0.174532920,9.999999709,0.000000000,0.305777937,12.500000000,3.200000048,0.000000000,0.000000000,0.000000000,-0.000024143,0.800000012,0.200000003
2026-07-05 15:02:52.863,1783234972.863137007,427.830258390,1,1,427.817892989,1,0.002146395,5,1,0.000032722,5,1,0,1,0,0,1,1,1,0,1,1,132.553114644,0.090000000,2.400000000,0.000000000,1,372.195106782,12,1,12,1:-1.251:2.428|2:-0.428:2.425|3:0.392:2.424|4:1.223:2.419|5:1.228:1.589|6:0.405:1.588|7:-0.440:1.588|8:-1.261:1.589|9:-1.185:4.911|10:-0.390:4.902|11:0.375:4.903|12:1.182:4.901,1,134.887432483,pickup,3,0,0.000000000,0.000000000,1,134.887415606,0,arm is not ready for pickup,1,161.578921363,completed,1,159.578584482,0,timed out,1,0.003189468,0.182743072,-0.007326126,-0.065934181,1,3.072496653,176.041090762,-0.002442360,-3.726495743,1,-2.431469202,-139.312923293,0.002442360,1.880342484,1,0.139810562,8.010555142,-0.007326126,0.710622787,1,-0.006711006,-0.384512330,-0.012210846,-0.001221180,0.000000000,0.000000000,0.000000000,0.000000000,12.000000000,3.000000000,3.054326296,175.000006008,0.000000000,-3.234629154,25.000000000,8.500000000,-2.443460941,-139.999999342,0.000000000,2.209447145,25.000000000,8.000000000,0.174532920,9.999999709,0.000000000,0.305777937,12.500000000,3.200000048,0.000000000,0.000000000,0.000000000,-0.000024143,0.800000012,0.200000003
2026-07-05 15:02:53.862,1783234973.862660646,428.829782104,1,1,428.817416703,1,0.002009494,5,1,0.000153229,5,1,0,1,0,0,1,1,1,0,1,1,133.552638358,0.090000000,2.400000000,0.000000000,1,373.194630496,12,1,12,1:-1.251:2.428|2:-0.428:2.425|3:0.392:2.424|4:1.223:2.419|5:1.228:1.589|6:0.405:1.588|7:-0.440:1.588|8:-1.261:1.589|9:-1.185:4.911|10:-0.390:4.902|11:0.375:4.903|12:1.182:4.901,1,135.886956197,pickup,3,0,0.000000000,0.000000000,1,135.886939320,0,arm is not ready for pickup,1,162.578445077,completed,1,160.578108196,0,timed out,1,0.003189468,0.182743072,-0.021978378,-0.070817947,1,3.072496653,176.041090762,-0.002442360,-3.726495743,1,-2.431469202,-139.312923293,-0.002442360,1.880342484,1,0.139810562,8.010555142,-0.007326126,0.705739021,1,-0.006711006,-0.384512330,-0.012210846,-0.001221180,0.000000000,0.000000000,0.000000000,0.000000000,12.000000000,3.000000000,3.054326296,175.000006008,0.000000000,-3.234629154,25.000000000,8.500000000,-2.443460941,-139.999999342,0.000000000,2.209447145,25.000000000,8.000000000,0.174532920,9.999999709,0.000000000,0.305777937,12.500000000,3.200000048,0.000000000,0.000000000,0.000000000,-0.000024143,0.800000012,0.200000003
2026-07-05 15:02:54.862,1783234974.862069607,429.829190894,1,1,429.816825493,1,0.002250234,5,1,0.000250248,5,1,0,1,0,0,1,1,1,0,1,1,134.552047148,0.090000000,2.400000000,0.000000000,1,374.194039286,12,1,12,1:-1.251:2.428|2:-0.428:2.425|3:0.392:2.424|4:1.223:2.419|5:1.228:1.589|6:0.405:1.588|7:-0.440:1.588|8:-1.261:1.589|9:-1.185:4.911|10:-0.390:4.902|11:0.375:4.903|12:1.182:4.901,1,136.886364987,pickup,3,0,0.000000000,0.000000000,1,136.886348110,0,arm is not ready for pickup,1,163.577853867,completed,1,161.577516986,0,timed out,1,0.003189468,0.182743072,-0.021978378,-0.075701714,1,3.072496653,176.041090762,-0.002442360,-3.726495743,1,-2.431469202,-139.312923293,0.002442360,1.880342484,1,0.139810562,8.010555142,-0.007326126,0.710622787,1,-0.006711006,-0.384512330,-0.012210846,-0.001221180,0.000000000,0.000000000,0.000000000,0.000000000,12.000000000,3.000000000,3.054326296,175.000006008,0.000000000,-3.234629154,25.000000000,8.500000000,-2.443460941,-139.999999342,0.000000000,2.209447145,25.000000000,8.000000000,0.174532920,9.999999709,0.000000000,0.305777937,12.500000000,3.200000048,0.000000000,0.000000000,0.000000000,-0.000024143,0.800000012,0.200000003
2026-07-05 15:02:55.861,1783234975.861632347,430.828753707,1,1,430.816388306,1,0.002241996,5,1,0.000418482,5,1,0,1,0,0,1,1,1,0,1,1,135.551609961,0.090000000,2.400000000,0.000000000,1,375.193602099,12,1,12,1:-1.251:2.428|2:-0.428:2.425|3:0.392:2.424|4:1.223:2.419|5:1.228:1.589|6:0.405:1.588|7:-0.440:1.588|8:-1.261:1.589|9:-1.185:4.911|10:-0.390:4.902|11:0.375:4.903|12:1.182:4.901,1,137.885927800,pickup,3,0,0.000000000,0.000000000,1,137.885910923,0,arm is not ready for pickup,1,164.577416680,completed,1,162.577079799,0,timed out,1,0.003189468,0.182743072,-0.007326126,-0.075701714,1,3.072496653,176.041090762,-0.007326126,-3.712820053,1,-2.431469202,-139.312923293,-0.002442360,1.880342484,1,0.139810562,8.010555142,-0.021978378,0.705739021,1,-0.006711006,-0.384512330,-0.012210846,0.001221180,0.000000000,0.000000000,0.000000000,0.000000000,12.000000000,3.000000000,3.054326296,175.000006008,0.000000000,-3.234629154,25.000000000,8.500000000,-2.443460941,-139.999999342,0.000000000,2.209447145,25.000000000,8.000000000,0.174532920,9.999999709,0.000000000,0.305777937,12.500000000,3.200000048,0.000000000,0.000000000,0.000000000,-0.000024143,0.800000012,0.200000003
2026-07-05 15:02:56.861,1783234976.861030579,431.828152206,1,1,431.815786805,1,0.001955129,5,1,0.000393977,5,1,0,1,0,0,1,1,1,0,1,1,136.551008460,0.090000000,2.400000000,0.000000000,1,376.193000598,12,1,12,1:-1.251:2.428|2:-0.428:2.425|3:0.392:2.424|4:1.223:2.419|5:1.228:1.589|6:0.405:1.588|7:-0.440:1.588|8:-1.261:1.589|9:-1.185:4.911|10:-0.390:4.902|11:0.375:4.903|12:1.182:4.901,1,138.885326299,pickup,3,0,0.000000000,0.000000000,1,138.885309422,0,arm is not ready for pickup,1,165.576815179,completed,1,163.576478298,0,timed out,1,0.003189468,0.182743072,-0.021978378,-0.075701714,1,3.072496653,176.041090762,-0.002442360,-3.726495743,1,-2.431469202,-139.312923293,-0.002442360,1.894016266,1,0.139810562,8.010555142,-0.007326126,0.710622787,1,-0.006711006,-0.384512330,0.012210846,-0.001221180,0.000000000,0.000000000,0.000000000,0.000000000,12.000000000,3.000000000,3.054326296,175.000006008,0.000000000,-3.234629154,25.000000000,8.500000000,-2.443460941,-139.999999342,0.000000000,2.209447145,25.000000000,8.000000000,0.174532920,9.999999709,0.000000000,0.305777937,12.500000000,3.200000048,0.000000000,0.000000000,0.000000000,-0.000024143,0.800000012,0.200000003
2026-07-05 15:02:57.860,1783234977.860486507,432.827607843,1,1,432.815242442,1,0.002305711,5,1,0.000367661,5,1,0,1,0,0,1,1,1,0,1,1,137.550464097,0.090000000,2.400000000,0.000000000,1,377.192456235,12,1,12,1:-1.251:2.428|2:-0.428:2.425|3:0.392:2.424|4:1.223:2.419|5:1.228:1.589|6:0.405:1.588|7:-0.440:1.588|8:-1.261:1.589|9:-1.185:4.911|10:-0.390:4.902|11:0.375:4.903|12:1.182:4.901,1,139.884781936,pickup,3,0,0.000000000,0.000000000,1,139.884765059,0,arm is not ready for pickup,1,166.576270816,completed,1,164.575933935,0,timed out,1,0.003189468,0.182743072,-0.007326126,-0.070817947,1,3.072496653,176.041090762,-0.002442360,-3.712820053,1,-2.431469202,-139.312923293,-0.002442360,1.894016266,1,0.139810562,8.010555142,0.007326126,0.710622787,1,-0.006711006,-0.384512330,-0.036628723,-0.001221180,0.000000000,0.000000000,0.000000000,0.000000000,12.000000000,3.000000000,3.054326296,175.000006008,0.000000000,-3.234629154,25.000000000,8.500000000,-2.443460941,-139.999999342,0.000000000,2.209447145,25.000000000,8.000000000,0.174532920,9.999999709,0.000000000,0.305777937,12.500000000,3.200000048,0.000000000,0.000000000,0.000000000,-0.000024143,0.800000012,0.200000003
2026-07-05 15:02:58.859,1783234978.859918833,433.827040274,1,1,433.814674873,1,0.001990190,5,1,0.000303330,5,1,0,1,0,0,1,1,1,0,1,1,138.549896528,0.090000000,2.400000000,0.000000000,1,378.191888666,12,1,12,1:-1.251:2.428|2:-0.428:2.425|3:0.392:2.424|4:1.223:2.419|5:1.228:1.589|6:0.405:1.588|7:-0.440:1.588|8:-1.261:1.589|9:-1.185:4.911|10:-0.390:4.902|11:0.375:4.903|12:1.182:4.901,1,140.884214367,pickup,3,0,0.000000000,0.000000000,1,140.884197490,0,arm is not ready for pickup,1,167.575703247,completed,1,165.575366366,0,timed out,1,0.003189468,0.182743072,-0.007326126,-0.070817947,1,3.072496653,176.041090762,-0.002442360,-3.726495743,1,-2.431469202,-139.312923293,-0.002442360,1.894016266,1,0.139810562,8.010555142,-0.007326126,0.710622787,1,-0.006711006,-0.384512330,-0.036628723,-0.001221180,0.000000000,0.000000000,0.000000000,0.000000000,12.000000000,3.000000000,3.054326296,175.000006008,0.000000000,-3.234629154,25.000000000,8.500000000,-2.443460941,-139.999999342,0.000000000,2.209447145,25.000000000,8.000000000,0.174532920,9.999999709,0.000000000,0.305777937,12.500000000,3.200000048,0.000000000,0.000000000,0.000000000,-0.000024143,0.800000012,0.200000003
2026-07-05 15:02:59.859,1783234979.859509468,434.826631046,1,1,434.814265645,1,0.002503016,5,1,0.000561763,5,1,0,1,0,0,1,1,1,0,1,1,139.549487300,0.090000000,2.400000000,0.000000000,1,379.191479438,12,1,12,1:-1.251:2.428|2:-0.428:2.425|3:0.392:2.424|4:1.223:2.419|5:1.228:1.589|6:0.405:1.588|7:-0.440:1.588|8:-1.261:1.589|9:-1.185:4.911|10:-0.390:4.902|11:0.375:4.903|12:1.182:4.901,1,141.883805139,pickup,3,0,0.000000000,0.000000000,1,141.883788262,0,arm is not ready for pickup,1,168.575294019,completed,1,166.574957138,0,timed out,1,0.003189468,0.182743072,-0.007326126,-0.070817947,1,3.072496653,176.041090762,-0.002442360,-3.726495743,1,-2.431469202,-139.312923293,-0.002442360,1.894016266,1,0.139810562,8.010555142,-0.007326126,0.710622787,1,-0.006711006,-0.384512330,-0.012210846,-0.001221180,0.000000000,0.000000000,0.000000000,0.000000000,12.000000000,3.000000000,3.054326296,175.000006008,0.000000000,-3.234629154,25.000000000,8.500000000,-2.443460941,-139.999999342,0.000000000,2.209447145,25.000000000,8.000000000,0.174532920,9.999999709,0.000000000,0.305777937,12.500000000,3.200000048,0.000000000,0.000000000,0.000000000,-0.000024143,0.800000012,0.200000003
2026-07-05 15:03:00.858,1783234980.858857155,435.825978516,1,1,435.813613115,1,0.002225432,5,1,0.000183758,5,1,0,1,0,0,1,1,1,0,1,1,140.548834770,0.090000000,2.400000000,0.000000000,1,380.190826908,12,1,12,1:-1.251:2.428|2:-0.428:2.425|3:0.392:2.424|4:1.223:2.419|5:1.228:1.589|6:0.405:1.588|7:-0.440:1.588|8:-1.261:1.589|9:-1.185:4.911|10:-0.390:4.902|11:0.375:4.903|12:1.182:4.901,1,142.883152609,pickup,3,0,0.000000000,0.000000000,1,142.883135732,0,arm is not ready for pickup,1,169.574641489,completed,1,167.574304608,0,timed out,1,0.003189468,0.182743072,-0.007326126,-0.070817947,1,3.072496653,176.041090762,-0.007326126,-3.726495743,1,-2.431469202,-139.312923293,-0.002442360,1.880342484,1,0.139810562,8.010555142,-0.007326126,0.705739021,1,-0.006711006,-0.384512330,0.012210846,-0.001221180,0.000000000,0.000000000,0.000000000,0.000000000,12.000000000,3.000000000,3.054326296,175.000006008,0.000000000,-3.234629154,25.000000000,8.500000000,-2.443460941,-139.999999342,0.000000000,2.209447145,25.000000000,8.000000000,0.174532920,9.999999709,0.000000000,0.305777937,12.500000000,3.200000048,0.000000000,0.000000000,0.000000000,-0.000024143,0.800000012,0.200000003
2026-07-05 15:03:01.858,1783234981.858315706,436.825437159,1,1,436.813071758,1,0.002165958,5,1,0.000233227,5,1,0,1,0,0,1,1,1,0,1,1,141.548293413,0.090000000,2.400000000,0.000000000,1,381.190285551,12,1,12,1:-1.251:2.428|2:-0.428:2.425|3:0.392:2.424|4:1.223:2.419|5:1.228:1.589|6:0.405:1.588|7:-0.440:1.588|8:-1.261:1.589|9:-1.185:4.911|10:-0.390:4.902|11:0.375:4.903|12:1.182:4.901,1,143.882611252,pickup,3,0,0.000000000,0.000000000,1,143.882594375,0,arm is not ready for pickup,1,170.574100132,completed,1,168.573763251,0,timed out,1,0.003189468,0.182743072,-0.007326126,-0.075701714,1,3.072496653,176.041090762,-0.002442360,-3.712820053,1,-2.431469202,-139.312923293,-0.002442360,1.894016266,1,0.139810562,8.010555142,0.007326126,0.715506554,1,-0.006711006,-0.384512330,-0.012210846,-0.001221180,0.000000000,0.000000000,0.000000000,0.000000000,12.000000000,3.000000000,3.054326296,175.000006008,0.000000000,-3.234629154,25.000000000,8.500000000,-2.443460941,-139.999999342,0.000000000,2.209447145,25.000000000,8.000000000,0.174532920,9.999999709,0.000000000,0.305777937,12.500000000,3.200000048,0.000000000,0.000000000,0.000000000,-0.000024143,0.800000012,0.200000003
2026-07-05 15:03:02.857,1783234982.857908249,437.825029587,1,1,437.812664186,1,0.002200476,5,1,0.000588724,5,1,0,1,0,0,1,1,1,0,1,1,142.547885841,0.090000000,2.400000000,0.000000000,1,382.189877979,12,1,12,1:-1.251:2.428|2:-0.428:2.425|3:0.392:2.424|4:1.223:2.419|5:1.228:1.589|6:0.405:1.588|7:-0.440:1.588|8:-1.261:1.589|9:-1.185:4.911|10:-0.390:4.902|11:0.375:4.903|12:1.182:4.901,1,144.882203680,pickup,3,0,0.000000000,0.000000000,1,144.882186803,0,arm is not ready for pickup,1,171.573692560,completed,1,169.573355679,0,timed out,1,0.003189468,0.182743072,0.007326126,-0.065934181,1,3.072496653,176.041090762,0.002442360,-3.726495743,1,-2.431469202,-139.312923293,-0.002442360,1.880342484,1,0.139810562,8.010555142,-0.021978378,0.710622787,1,-0.006711006,-0.384512330,-0.012210846,-0.001221180,0.000000000,0.000000000,0.000000000,0.000000000,12.000000000,3.000000000,3.054326296,175.000006008,0.000000000,-3.234629154,25.000000000,8.500000000,-2.443460941,-139.999999342,0.000000000,2.209447145,25.000000000,8.000000000,0.174532920,9.999999709,0.000000000,0.305777937,12.500000000,3.200000048,0.000000000,0.000000000,0.000000000,-0.000024143,0.800000012,0.200000003
2026-07-05 15:03:03.857,1783234983.857213497,438.824334940,1,1,438.811969539,1,0.002071791,5,1,0.000299596,5,1,0,1,0,0,1,1,1,0,1,1,143.547191194,0.090000000,2.400000000,0.000000000,1,383.189183332,12,1,12,1:-1.251:2.428|2:-0.428:2.425|3:0.392:2.424|4:1.223:2.419|5:1.228:1.589|6:0.405:1.588|7:-0.440:1.588|8:-1.261:1.589|9:-1.185:4.911|10:-0.390:4.902|11:0.375:4.903|12:1.182:4.901,1,145.881509033,pickup,3,0,0.000000000,0.000000000,1,145.881492156,0,arm is not ready for pickup,1,172.572997913,completed,1,170.572661032,0,timed out,1,0.003189468,0.182743072,-0.021978378,-0.070817947,1,3.072496653,176.041090762,-0.002442360,-3.712820053,1,-2.431469202,-139.312923293,-0.002442360,1.880342484,1,0.139810562,8.010555142,-0.021978378,0.705739021,1,-0.006711006,-0.384512330,-0.036628723,0.001221180,0.000000000,0.000000000,0.000000000,0.000000000,12.000000000,3.000000000,3.054326296,175.000006008,0.000000000,-3.234629154,25.000000000,8.500000000,-2.443460941,-139.999999342,0.000000000,2.209447145,25.000000000,8.000000000,0.174532920,9.999999709,0.000000000,0.305777937,12.500000000,3.200000048,0.000000000,0.000000000,0.000000000,-0.000024143,0.800000012,0.200000003
2026-07-05 15:03:04.856,1783234984.856779337,439.823900650,1,1,439.811535249,1,0.002185956,5,1,0.000306037,5,1,0,1,0,0,1,1,1,0,1,1,144.546756904,0.090000000,2.400000000,0.000000000,1,384.188749042,12,1,12,1:-1.251:2.428|2:-0.428:2.425|3:0.392:2.424|4:1.223:2.419|5:1.228:1.589|6:0.405:1.588|7:-0.440:1.588|8:-1.261:1.589|9:-1.185:4.911|10:-0.390:4.902|11:0.375:4.903|12:1.182:4.901,1,146.881074743,pickup,3,0,0.000000000,0.000000000,1,146.881057866,0,arm is not ready for pickup,1,173.572563623,completed,1,171.572226742,0,timed out,1,0.003189468,0.182743072,-0.021978378,-0.070817947,1,3.072496653,176.041090762,-0.002442360,-3.726495743,1,-2.431469202,-139.312923293,-0.002442360,1.880342484,1,0.139810562,8.010555142,0.007326126,0.710622787,1,-0.006711006,-0.384512330,-0.012210846,-0.001221180,0.000000000,0.000000000,0.000000000,0.000000000,12.000000000,3.000000000,3.054326296,175.000006008,0.000000000,-3.234629154,25.000000000,8.500000000,-2.443460941,-139.999999342,0.000000000,2.209447145,25.000000000,8.000000000,0.174532920,9.999999709,0.000000000,0.305777937,12.500000000,3.200000048,0.000000000,0.000000000,0.000000000,-0.000024143,0.800000012,0.200000003
2026-07-05 15:03:05.856,1783234985.856263638,440.823385047,1,1,440.811019646,1,0.002494882,5,1,0.000340640,5,1,0,1,0,0,1,1,1,0,1,1,145.546241301,0.090000000,2.400000000,0.000000000,1,385.188233439,12,1,12,1:-1.251:2.428|2:-0.428:2.425|3:0.392:2.424|4:1.223:2.419|5:1.228:1.589|6:0.405:1.588|7:-0.440:1.588|8:-1.261:1.589|9:-1.185:4.911|10:-0.390:4.902|11:0.375:4.903|12:1.182:4.901,1,147.880559140,pickup,3,0,0.000000000,0.000000000,1,147.880542263,0,arm is not ready for pickup,1,174.572048020,completed,1,172.571711139,0,timed out,1,0.003189468,0.182743072,-0.007326126,-0.075701714,1,3.072496653,176.041090762,0.002442360,-3.726495743,1,-2.431469202,-139.312923293,-0.002442360,1.880342484,1,0.139810562,8.010555142,-0.021978378,0.705739021,1,-0.006711006,-0.384512330,-0.036628723,-0.001221180,0.000000000,0.000000000,0.000000000,0.000000000,12.000000000,3.000000000,3.054326296,175.000006008,0.000000000,-3.234629154,25.000000000,8.500000000,-2.443460941,-139.999999342,0.000000000,2.209447145,25.000000000,8.000000000,0.174532920,9.999999709,0.000000000,0.305777937,12.500000000,3.200000048,0.000000000,0.000000000,0.000000000,-0.000024143,0.800000012,0.200000003
2026-07-05 15:03:06.855,1783234986.855737686,441.822858931,1,1,441.810493530,1,0.002187508,5,1,0.000312023,5,1,0,1,0,0,1,1,1,0,1,1,146.545715185,0.090000000,2.400000000,0.000000000,1,386.187707323,12,1,12,1:-1.251:2.428|2:-0.428:2.425|3:0.392:2.424|4:1.223:2.419|5:1.228:1.589|6:0.405:1.588|7:-0.440:1.588|8:-1.261:1.589|9:-1.185:4.911|10:-0.390:4.902|11:0.375:4.903|12:1.182:4.901,1,148.880033024,pickup,3,0,0.000000000,0.000000000,1,148.880016147,0,arm is not ready for pickup,1,175.571521904,completed,1,173.571185023,0,timed out,1,0.003189468,0.182743072,-0.007326126,-0.070817947,1,3.072496653,176.041090762,-0.002442360,-3.726495743,1,-2.431469202,-139.312923293,0.002442360,1.880342484,1,0.139810562,8.010555142,-0.007326126,0.705739021,1,-0.006711006,-0.384512330,-0.036628723,-0.001221180,0.000000000,0.000000000,0.000000000,0.000000000,12.000000000,3.000000000,3.054326296,175.000006008,0.000000000,-3.234629154,25.000000000,8.500000000,-2.443460941,-139.999999342,0.000000000,2.209447145,25.000000000,8.000000000,0.174532920,9.999999709,0.000000000,0.305777937,12.500000000,3.200000048,0.000000000,0.000000000,0.000000000,-0.000024143,0.800000012,0.200000003
2026-07-05 15:03:07.855,1783234987.855235815,442.822357332,1,1,442.809991931,1,0.002229789,5,1,0.000361694,5,1,0,1,0,0,1,1,1,0,1,1,147.545213586,0.090000000,2.400000000,0.000000000,1,387.187205724,12,1,12,1:-1.251:2.428|2:-0.428:2.425|3:0.392:2.424|4:1.223:2.419|5:1.228:1.589|6:0.405:1.588|7:-0.440:1.588|8:-1.261:1.589|9:-1.185:4.911|10:-0.390:4.902|11:0.375:4.903|12:1.182:4.901,1,149.879531425,pickup,3,0,0.000000000,0.000000000,1,149.879514548,0,arm is not ready for pickup,1,176.571020305,completed,1,174.570683424,0,timed out,1,0.003189468,0.182743072,-0.007326126,-0.070817947,1,3.072496653,176.041090762,-0.002442360,-3.726495743,1,-2.431469202,-139.312923293,-0.002442360,1.880342484,1,0.139810562,8.010555142,-0.007326126,0.705739021,1,-0.006711006,-0.384512330,-0.012210846,-0.001221180,0.000000000,0.000000000,0.000000000,0.000000000,12.000000000,3.000000000,3.054326296,175.000006008,0.000000000,-3.234629154,25.000000000,8.500000000,-2.443460941,-139.999999342,0.000000000,2.209447145,25.000000000,8.000000000,0.174532920,9.999999709,0.000000000,0.305777937,12.500000000,3.200000048,0.000000000,0.000000000,0.000000000,-0.000024143,0.800000012,0.200000003
2026-07-05 15:03:08.854,1783234988.854650974,443.821772206,1,1,443.809406805,1,0.002270793,5,1,0.000421039,5,1,0,1,0,0,1,1,1,0,1,1,148.544628460,0.090000000,2.400000000,0.000000000,1,388.186620598,12,1,12,1:-1.251:2.428|2:-0.428:2.425|3:0.392:2.424|4:1.223:2.419|5:1.228:1.589|6:0.405:1.588|7:-0.440:1.588|8:-1.261:1.589|9:-1.185:4.911|10:-0.390:4.902|11:0.375:4.903|12:1.182:4.901,1,150.878946299,pickup,3,0,0.000000000,0.000000000,1,150.878929422,0,arm is not ready for pickup,1,177.570435179,completed,1,175.570098298,0,timed out,1,0.003189468,0.182743072,-0.007326126,-0.070817947,1,3.072496653,176.041090762,-0.002442360,-3.712820053,1,-2.431469202,-139.312923293,-0.002442360,1.880342484,1,0.139810562,8.010555142,0.007326126,0.710622787,1,-0.006711006,-0.384512330,0.012210846,-0.001221180,0.000000000,0.000000000,0.000000000,0.000000000,12.000000000,3.000000000,3.054326296,175.000006008,0.000000000,-3.234629154,25.000000000,8.500000000,-2.443460941,-139.999999342,0.000000000,2.209447145,25.000000000,8.000000000,0.174532920,9.999999709,0.000000000,0.305777937,12.500000000,3.200000048,0.000000000,0.000000000,0.000000000,-0.000024143,0.800000012,0.200000003
2026-07-05 15:03:09.854,1783234989.854195118,444.821316606,1,1,444.808951205,1,0.002098355,5,1,0.000308109,5,1,0,1,0,0,1,1,1,0,1,1,149.544172860,0.090000000,2.400000000,0.000000000,1,389.186164998,12,1,12,1:-1.251:2.428|2:-0.428:2.425|3:0.392:2.424|4:1.223:2.419|5:1.228:1.589|6:0.405:1.588|7:-0.440:1.588|8:-1.261:1.589|9:-1.185:4.911|10:-0.390:4.902|11:0.375:4.903|12:1.182:4.901,1,151.878490699,pickup,3,0,0.000000000,0.000000000,1,151.878473822,0,arm is not ready for pickup,1,178.569979579,completed,1,176.569642698,0,timed out,1,0.003189468,0.182743072,0.007326126,-0.075701714,1,3.072496653,176.041090762,-0.002442360,-3.726495743,1,-2.431469202,-139.312923293,-0.002442360,1.894016266,1,0.139810562,8.010555142,-0.007326126,0.710622787,1,-0.006711006,-0.384512330,-0.012210846,-0.001221180,0.000000000,0.000000000,0.000000000,0.000000000,12.000000000,3.000000000,3.054326296,175.000006008,0.000000000,-3.234629154,25.000000000,8.500000000,-2.443460941,-139.999999342,0.000000000,2.209447145,25.000000000,8.000000000,0.174532920,9.999999709,0.000000000,0.305777937,12.500000000,3.200000048,0.000000000,0.000000000,0.000000000,-0.000024143,0.800000012,0.200000003
2026-07-05 15:03:10.853,1783234990.853574753,445.820696134,1,1,445.808330733,1,0.001822803,5,1,0.000233799,5,1,0,1,0,0,1,1,1,0,1,1,150.543552388,0.090000000,2.400000000,0.000000000,1,390.185544526,12,1,12,1:-1.251:2.428|2:-0.428:2.425|3:0.392:2.424|4:1.223:2.419|5:1.228:1.589|6:0.405:1.588|7:-0.440:1.588|8:-1.261:1.589|9:-1.185:4.911|10:-0.390:4.902|11:0.375:4.903|12:1.182:4.901,1,152.877870227,pickup,3,0,0.000000000,0.000000000,1,152.877853350,0,arm is not ready for pickup,1,179.569359107,completed,1,177.569022226,0,timed out,1,0.003189468,0.182743072,-0.007326126,-0.070817947,1,3.072496653,176.041090762,0.002442360,-3.726495743,1,-2.431469202,-139.312923293,-0.002442360,1.894016266,1,0.139810562,8.010555142,-0.007326126,0.710622787,1,-0.006711006,-0.384512330,-0.012210846,0.001221180,0.000000000,0.000000000,0.000000000,0.000000000,12.000000000,3.000000000,3.054326296,175.000006008,0.000000000,-3.234629154,25.000000000,8.500000000,-2.443460941,-139.999999342,0.000000000,2.209447145,25.000000000,8.000000000,0.174532920,9.999999709,0.000000000,0.305777937,12.500000000,3.200000048,0.000000000,0.000000000,0.000000000,-0.000024143,0.800000012,0.200000003
2026-07-05 15:03:11.853,1783234991.853063822,446.820185466,1,1,446.807820065,1,0.002075774,5,1,0.000242624,5,1,0,1,0,0,1,1,1,0,1,1,151.543041720,0.090000000,2.400000000,0.000000000,1,391.185033858,12,1,12,1:-1.251:2.428|2:-0.428:2.425|3:0.392:2.424|4:1.223:2.419|5:1.228:1.589|6:0.405:1.588|7:-0.440:1.588|8:-1.261:1.589|9:-1.185:4.911|10:-0.390:4.902|11:0.375:4.903|12:1.182:4.901,1,153.877359559,pickup,3,0,0.000000000,0.000000000,1,153.877342682,0,arm is not ready for pickup,1,180.568848439,completed,1,178.568511558,0,timed out,1,0.003189468,0.182743072,-0.007326126,-0.070817947,1,3.072496653,176.041090762,-0.002442360,-3.726495743,1,-2.431469202,-139.312923293,0.002442360,1.894016266,1,0.139810562,8.010555142,-0.007326126,0.715506554,1,-0.006711006,-0.384512330,-0.012210846,0.001221180,0.000000000,0.000000000,0.000000000,0.000000000,12.000000000,3.000000000,3.054326296,175.000006008,0.000000000,-3.234629154,25.000000000,8.500000000,-2.443460941,-139.999999342,0.000000000,2.209447145,25.000000000,8.000000000,0.174532920,9.999999709,0.000000000,0.305777937,12.500000000,3.200000048,0.000000000,0.000000000,0.000000000,-0.000024143,0.800000012,0.200000003
2026-07-05 15:03:12.852,1783234992.852584124,447.819705738,1,1,447.807340337,1,0.002265966,5,1,0.000458199,5,1,0,1,0,0,1,1,1,0,1,1,152.542561992,0.090000000,2.400000000,0.000000000,1,392.184554130,12,1,12,1:-1.251:2.428|2:-0.428:2.425|3:0.392:2.424|4:1.223:2.419|5:1.228:1.589|6:0.405:1.588|7:-0.440:1.588|8:-1.261:1.589|9:-1.185:4.911|10:-0.390:4.902|11:0.375:4.903|12:1.182:4.901,1,154.876879831,pickup,3,0,0.000000000,0.000000000,1,154.876862954,0,arm is not ready for pickup,1,181.568368711,completed,1,179.568031830,0,timed out,1,0.003189468,0.182743072,0.007326126,-0.070817947,1,3.072496653,176.041090762,-0.002442360,-3.726495743,1,-2.431469202,-139.312923293,-0.007326126,1.880342484,1,0.139810562,8.010555142,-0.007326126,0.705739021,1,-0.006711006,-0.384512330,-0.012210846,-0.001221180,0.000000000,0.000000000,0.000000000,0.000000000,12.000000000,3.000000000,3.054326296,175.000006008,0.000000000,-3.234629154,25.000000000,8.500000000,-2.443460941,-139.999999342,0.000000000,2.209447145,25.000000000,8.000000000,0.174532920,9.999999709,0.000000000,0.305777937,12.500000000,3.200000048,0.000000000,0.000000000,0.000000000,-0.000024143,0.800000012,0.200000003
2026-07-05 15:03:13.852,1783234993.851977825,448.819099271,1,1,448.806733870,1,0.002099998,5,1,0.000211450,5,1,0,1,0,0,1,1,1,0,1,1,153.541955525,0.090000000,2.400000000,0.000000000,1,393.183947663,12,1,12,1:-1.251:2.428|2:-0.428:2.425|3:0.392:2.424|4:1.223:2.419|5:1.228:1.589|6:0.405:1.588|7:-0.440:1.588|8:-1.261:1.589|9:-1.185:4.911|10:-0.390:4.902|11:0.375:4.903|12:1.182:4.901,1,155.876273364,pickup,3,0,0.000000000,0.000000000,1,155.876256487,0,arm is not ready for pickup,1,182.567762244,completed,1,180.567425363,0,timed out,1,0.003189468,0.182743072,-0.007326126,-0.070817947,1,3.072496653,176.041090762,0.002442360,-3.726495743,1,-2.431469202,-139.312923293,-0.002442360,1.880342484,1,0.139810562,8.010555142,-0.021978378,0.705739021,1,-0.006711006,-0.384512330,0.012210846,0.001221180,0.000000000,0.000000000,0.000000000,0.000000000,12.000000000,3.000000000,3.054326296,175.000006008,0.000000000,-3.234629154,25.000000000,8.500000000,-2.443460941,-139.999999342,0.000000000,2.209447145,25.000000000,8.000000000,0.174532920,9.999999709,0.000000000,0.305777937,12.500000000,3.200000048,0.000000000,0.000000000,0.000000000,-0.000024143,0.800000012,0.200000003
2026-07-05 15:03:14.851,1783234994.851421356,449.818542885,1,1,449.806177484,1,0.002187474,5,1,0.010117042,5,1,0,1,0,0,1,1,1,0,1,1,154.541399139,0.090000000,2.400000000,0.000000000,1,394.183391277,12,1,12,1:-1.251:2.428|2:-0.428:2.425|3:0.392:2.424|4:1.223:2.419|5:1.228:1.589|6:0.405:1.588|7:-0.440:1.588|8:-1.261:1.589|9:-1.185:4.911|10:-0.390:4.902|11:0.375:4.903|12:1.182:4.901,1,156.875716978,pickup,3,0,0.000000000,0.000000000,1,156.875700101,0,arm is not ready for pickup,1,183.567205858,completed,1,181.566868977,0,timed out,1,0.003189468,0.182743072,-0.007326126,-0.065934181,1,3.072496653,176.041090762,-0.002442360,-3.726495743,1,-2.431469202,-139.312923293,-0.002442360,1.880342484,1,0.139810562,8.010555142,-0.007326126,0.710622787,1,-0.006711006,-0.384512330,-0.012210846,-0.001221180,0.000000000,0.000000000,0.000000000,0.000000000,12.000000000,3.000000000,3.054326296,175.000006008,0.000000000,-3.234629154,25.000000000,8.500000000,-2.443460941,-139.999999342,0.000000000,2.209447145,25.000000000,8.000000000,0.174532920,9.999999709,0.000000000,0.305777937,12.500000000,3.200000048,0.000000000,0.000000000,0.000000000,-0.000024143,0.800000012,0.200000003
2026-07-05 15:03:15.851,1783234995.851003885,450.818125387,1,1,450.805759986,1,0.001998920,5,1,0.000201691,5,1,0,0,0,0,1,1,1,0,1,1,155.540981641,0.090000000,2.400000000,0.000000000,1,395.182973779,12,1,12,1:-1.251:2.428|2:-0.428:2.425|3:0.392:2.424|4:1.223:2.419|5:1.228:1.589|6:0.405:1.588|7:-0.440:1.588|8:-1.261:1.589|9:-1.185:4.911|10:-0.390:4.902|11:0.375:4.903|12:1.182:4.901,1,157.875299480,pickup,3,0,0.000000000,0.000000000,1,157.875282603,0,arm is not ready for pickup,1,184.566788360,completed,1,182.566451479,0,timed out,1,0.003189468,0.182743072,-0.007326126,-0.070817947,1,3.072496653,176.041090762,-0.002442360,-3.726495743,1,-2.431469202,-139.312923293,-0.002442360,1.880342484,1,0.139810562,8.010555142,-0.021978378,0.710622787,1,-0.006711006,-0.384512330,-0.012210846,-0.001221180,0.000000000,0.000000000,0.000000000,0.000000000,12.000000000,3.000000000,3.054326296,175.000006008,0.000000000,-3.234629154,25.000000000,8.500000000,-2.443460941,-139.999999342,0.000000000,2.209447145,25.000000000,8.000000000,0.174532920,9.999999709,0.000000000,0.305777937,12.500000000,3.200000048,0.000000000,0.000000000,0.000000000,-0.000024143,0.800000012,0.200000003
2026-07-05 15:03:16.850,1783234996.850491762,451.817613196,1,1,451.805247795,1,0.002071540,5,1,0.000157021,5,1,0,1,0,0,1,1,1,1,1,1,156.540469450,0.090000000,2.400000000,0.000000000,1,396.182461588,12,1,12,1:-1.251:2.428|2:-0.428:2.425|3:0.392:2.424|4:1.223:2.419|5:1.228:1.589|6:0.405:1.588|7:-0.440:1.588|8:-1.261:1.589|9:-1.185:4.911|10:-0.390:4.902|11:0.375:4.903|12:1.182:4.901,1,158.874787289,pickup,3,0,0.000000000,0.000000000,1,158.874770412,0,arm is not ready for pickup,1,185.566276169,completed,1,183.565939288,0,timed out,1,0.003189468,0.182743072,-0.007326126,-0.070817947,1,3.072496653,176.041090762,-0.002442360,-3.726495743,1,-2.431469202,-139.312923293,-0.002442360,1.894016266,1,0.139810562,8.010555142,-0.007326126,0.710622787,1,-0.006711006,-0.384512330,-0.012210846,0.001221180,0.000000000,0.000000000,0.000000000,0.000000000,12.000000000,3.000000000,3.054326296,175.000006008,0.000000000,-3.234629154,25.000000000,8.500000000,-2.443460941,-139.999999342,0.000000000,2.209447145,25.000000000,8.000000000,0.174532920,9.999999709,0.000000000,0.305777937,12.500000000,3.200000048,0.000000000,0.000000000,0.000000000,-0.000024143,0.800000012,0.200000003
2026-07-05 15:03:17.850,1783234997.850015163,452.817136737,1,1,452.804771336,1,0.002249525,5,1,0.000430931,5,1,0,1,0,0,1,1,1,1,1,1,157.539992991,0.090000000,2.400000000,0.000000000,1,397.181985129,12,1,12,1:-1.251:2.428|2:-0.428:2.425|3:0.392:2.424|4:1.223:2.419|5:1.228:1.589|6:0.405:1.588|7:-0.440:1.588|8:-1.261:1.589|9:-1.185:4.911|10:-0.390:4.902|11:0.375:4.903|12:1.182:4.901,1,159.874310830,pickup,3,0,0.000000000,0.000000000,1,159.874293953,0,arm is not ready for pickup,1,186.565799710,completed,1,184.565462829,0,timed out,1,0.003189468,0.182743072,-0.007326126,-0.070817947,1,3.072496653,176.041090762,-0.002442360,-3.740171432,1,-2.431469202,-139.312923293,-0.002442360,1.880342484,1,0.139810562,8.010555142,-0.007326126,0.705739021,1,-0.006711006,-0.384512330,-0.012210846,0.001221180,0.000000000,0.000000000,0.000000000,0.000000000,12.000000000,3.000000000,3.054326296,175.000006008,0.000000000,-3.234629154,25.000000000,8.500000000,-2.443460941,-139.999999342,0.000000000,2.209447145,25.000000000,8.000000000,0.174532920,9.999999709,0.000000000,0.305777937,12.500000000,3.200000048,0.000000000,0.000000000,0.000000000,-0.000024143,0.800000012,0.200000003
2026-07-05 15:03:18.849,1783234998.849432468,453.816553997,1,1,453.804188596,1,0.002121711,5,1,0.000134389,5,1,0,1,0,0,1,1,1,1,1,1,158.539410251,0.090000000,2.400000000,0.000000000,1,398.181402389,12,1,12,1:-1.251:2.428|2:-0.428:2.425|3:0.392:2.424|4:1.223:2.419|5:1.228:1.589|6:0.405:1.588|7:-0.440:1.588|8:-1.261:1.589|9:-1.185:4.911|10:-0.390:4.902|11:0.375:4.903|12:1.182:4.901,1,160.873728090,pickup,3,0,0.000000000,0.000000000,1,160.873711213,0,arm is not ready for pickup,1,187.565216970,completed,1,185.564880089,0,timed out,1,0.003189468,0.182743072,-0.007326126,-0.070817947,1,3.072496653,176.041090762,-0.002442360,-3.726495743,1,-2.431469202,-139.312923293,-0.002442360,1.894016266,1,0.139810562,8.010555142,0.007326126,0.715506554,1,-0.006711006,-0.384512330,-0.012210846,0.001221180,0.000000000,0.000000000,0.000000000,0.000000000,12.000000000,3.000000000,3.054326296,175.000006008,0.000000000,-3.234629154,25.000000000,8.500000000,-2.443460941,-139.999999342,0.000000000,2.209447145,25.000000000,8.000000000,0.174532920,9.999999709,0.000000000,0.305777937,12.500000000,3.200000048,0.000000000,0.000000000,0.000000000,-0.000024143,0.800000012,0.200000003
2026-07-05 15:03:19.848,1783234999.848919630,454.816041101,1,1,454.803675700,1,0.001987043,5,1,0.000196572,5,1,0,1,0,0,1,1,1,1,1,1,159.538897355,0.090000000,2.400000000,0.000000000,1,399.180889493,12,1,12,1:-1.251:2.428|2:-0.428:2.425|3:0.392:2.424|4:1.223:2.419|5:1.228:1.589|6:0.405:1.588|7:-0.440:1.588|8:-1.261:1.589|9:-1.185:4.911|10:-0.390:4.902|11:0.375:4.903|12:1.182:4.901,1,161.873215194,pickup,3,0,0.000000000,0.000000000,1,161.873198317,0,arm is not ready for pickup,1,188.564704074,completed,1,186.564367193,0,timed out,1,0.003189468,0.182743072,-0.007326126,-0.070817947,1,3.072496653,176.041090762,-0.002442360,-3.740171432,1,-2.431469202,-139.312923293,-0.002442360,1.894016266,1,0.139810562,8.010555142,-0.007326126,0.710622787,1,-0.006711006,-0.384512330,0.012210846,-0.001221180,0.000000000,0.000000000,0.000000000,0.000000000,12.000000000,3.000000000,3.054326296,175.000006008,0.000000000,-3.234629154,25.000000000,8.500000000,-2.443460941,-139.999999342,0.000000000,2.209447145,25.000000000,8.000000000,0.174532920,9.999999709,0.000000000,0.305777937,12.500000000,3.200000048,0.000000000,0.000000000,0.000000000,-0.000024143,0.800000012,0.200000003
2026-07-05 15:03:20.848,1783235000.848608971,455.815730563,1,1,455.803365162,1,0.002676450,5,1,0.470152138,5,1,0,1,0,0,1,1,1,1,1,1,0.203035391,0.200000000,2.400000000,0.000000000,1,400.180578955,12,1,12,1:-1.251:2.428|2:-0.428:2.425|3:0.392:2.424|4:1.223:2.419|5:1.228:1.589|6:0.405:1.588|7:-0.440:1.588|8:-1.261:1.589|9:-1.185:4.911|10:-0.390:4.902|11:0.375:4.903|12:1.182:4.901,1,162.872904656,pickup,3,0,0.000000000,0.000000000,1,162.872887779,0,arm is not ready for pickup,1,189.564393536,completed,1,187.564056655,0,timed out,1,0.003189468,0.182743072,-0.007326126,-0.070817947,1,3.072496653,176.041090762,-0.002442360,-3.726495743,1,-2.431469202,-139.312923293,-0.002442360,1.880342484,1,0.139810562,8.010555142,-0.007326126,0.715506554,1,-0.006711006,-0.384512330,-0.036628723,-0.001221180,0.000000000,0.000000000,0.000000000,0.000000000,12.000000000,3.000000000,3.054326296,175.000006008,0.000000000,-3.234629154,25.000000000,8.500000000,-2.443460941,-139.999999342,0.000000000,2.209447145,25.000000000,8.000000000,0.174532920,9.999999709,0.000000000,0.305777937,12.500000000,3.200000048,0.000000000,0.000000000,0.000000000,-0.000024143,0.800000012,0.200000003
2026-07-05 15:03:21.848,1783235001.848032475,456.815153930,1,1,456.802788529,1,0.002118271,5,1,1.469575505,5,1,0,1,0,0,1,1,1,1,1,1,0.543062244,0.200000000,2.400000000,0.000000000,1,401.180002322,12,1,12,1:-1.251:2.428|2:-0.428:2.425|3:0.392:2.424|4:1.223:2.419|5:1.228:1.589|6:0.405:1.588|7:-0.440:1.588|8:-1.261:1.589|9:-1.185:4.911|10:-0.390:4.902|11:0.375:4.903|12:1.182:4.901,1,163.872328023,pickup,3,0,0.000000000,0.000000000,1,163.872311146,0,arm is not ready for pickup,1,190.563816903,completed,1,188.563480022,0,timed out,1,0.003189468,0.182743072,-0.007326126,-0.070817947,1,3.072496653,176.041090762,0.002442360,-3.726495743,1,-2.431469202,-139.312923293,-0.007326126,1.880342484,1,0.139810562,8.010555142,-0.007326126,0.710622787,1,-0.006711006,-0.384512330,0.012210846,-0.001221180,0.000000000,0.000000000,0.000000000,0.000000000,12.000000000,3.000000000,3.054326296,175.000006008,0.000000000,-3.234629154,25.000000000,8.500000000,-2.443460941,-139.999999342,0.000000000,2.209447145,25.000000000,8.000000000,0.174532920,9.999999709,0.000000000,0.305777937,12.500000000,3.200000048,0.000000000,0.000000000,0.000000000,-0.000024143,0.800000012,0.200000003
2026-07-05 15:03:22.847,1783235002.847456217,457.814577642,1,1,457.802212241,1,0.002200933,5,1,0.000280251,5,1,0,1,0,0,1,1,1,1,1,1,0.477533826,0.200000000,2.400000000,0.000000000,1,402.179426034,12,1,12,1:-1.251:2.428|2:-0.428:2.425|3:0.392:2.424|4:1.223:2.419|5:1.228:1.589|6:0.405:1.588|7:-0.440:1.588|8:-1.261:1.589|9:-1.185:4.911|10:-0.390:4.902|11:0.375:4.903|12:1.182:4.901,1,164.871751735,pickup,3,0,0.000000000,0.000000000,1,164.871734858,0,arm is not ready for pickup,1,191.563240615,completed,1,189.562903734,0,timed out,1,0.003189468,0.182743072,-0.007326126,-0.065934181,1,3.072496653,176.041090762,-0.007326126,-3.726495743,1,-2.431469202,-139.312923293,-0.002442360,1.880342484,1,0.139810562,8.010555142,-0.007326126,0.710622787,1,-0.006711006,-0.384512330,-0.012210846,-0.001221180,0.000000000,0.000000000,0.000000000,0.000000000,12.000000000,3.000000000,3.054326296,175.000006008,0.000000000,-3.234629154,25.000000000,8.500000000,-2.443460941,-139.999999342,0.000000000,2.209447145,25.000000000,8.000000000,0.174532920,9.999999709,0.000000000,0.305777937,12.500000000,3.200000048,0.000000000,0.000000000,0.000000000,-0.000024143,0.800000012,0.200000003
2026-07-05 15:03:23.846,1783235003.846907139,458.814028578,1,1,458.801663177,1,0.002011941,5,1,0.000220466,5,1,0,1,0,0,1,1,1,1,1,1,1.476984762,0.200000000,2.400000000,0.000000000,1,403.178876970,12,1,12,1:-1.251:2.428|2:-0.428:2.425|3:0.392:2.424|4:1.223:2.419|5:1.228:1.589|6:0.405:1.588|7:-0.440:1.588|8:-1.261:1.589|9:-1.185:4.911|10:-0.390:4.902|11:0.375:4.903|12:1.182:4.901,1,165.871202671,pickup,3,0,0.000000000,0.000000000,1,165.871185794,0,arm is not ready for pickup,1,192.562691551,completed,1,190.562354670,0,timed out,1,0.003189468,0.182743072,-0.007326126,-0.075701714,1,3.072496653,176.041090762,-0.002442360,-3.726495743,1,-2.431469202,-139.312923293,-0.002442360,1.894016266,1,0.139810562,8.010555142,0.007326126,0.715506554,1,-0.006711006,-0.384512330,-0.012210846,-0.001221180,0.000000000,0.000000000,0.000000000,0.000000000,12.000000000,3.000000000,3.054326296,175.000006008,0.000000000,-3.234629154,25.000000000,8.500000000,-2.443460941,-139.999999342,0.000000000,2.209447145,25.000000000,8.000000000,0.174532920,9.999999709,0.000000000,0.305777937,12.500000000,3.200000048,0.000000000,0.000000000,0.000000000,-0.000024143,0.800000012,0.200000003
2026-07-05 15:03:24.846,1783235004.846498728,459.813620233,1,1,459.801254832,1,0.002013164,5,1,0.000463953,5,1,0,1,0,0,1,1,1,1,1,1,2.476576417,0.200000000,2.400000000,0.000000000,1,404.178468625,12,1,12,1:-1.251:2.428|2:-0.428:2.425|3:0.392:2.424|4:1.223:2.419|5:1.228:1.589|6:0.405:1.588|7:-0.440:1.588|8:-1.261:1.589|9:-1.185:4.911|10:-0.390:4.902|11:0.375:4.903|12:1.182:4.901,1,166.870794326,pickup,3,0,0.000000000,0.000000000,1,166.870777449,0,arm is not ready for pickup,1,193.562283206,completed,1,191.561946325,0,timed out,1,0.003189468,0.182743072,-0.007326126,-0.070817947,1,3.072496653,176.041090762,-0.002442360,-3.726495743,1,-2.431469202,-139.312923293,0.002442360,1.880342484,1,0.139810562,8.010555142,-0.007326126,0.715506554,1,-0.006711006,-0.384512330,-0.012210846,0.001221180,0.000000000,0.000000000,0.000000000,0.000000000,12.000000000,3.000000000,3.054326296,175.000006008,0.000000000,-3.234629154,25.000000000,8.500000000,-2.443460941,-139.999999342,0.000000000,2.209447145,25.000000000,8.000000000,0.174532920,9.999999709,0.000000000,0.305777937,12.500000000,3.200000048,0.000000000,0.000000000,0.000000000,-0.000024143,0.800000012,0.200000003
2026-07-05 15:03:25.845,1783235005.845894814,460.813016270,1,1,460.800650869,1,0.001961357,5,1,0.000358722,5,1,0,1,0,0,1,1,1,1,1,1,0.055165449,0.200000000,2.400000000,0.000000000,1,405.177864662,12,1,12,1:-1.251:2.428|2:-0.428:2.425|3:0.392:2.424|4:1.223:2.419|5:1.228:1.589|6:0.405:1.588|7:-0.440:1.588|8:-1.261:1.589|9:-1.185:4.911|10:-0.390:4.902|11:0.375:4.903|12:1.182:4.901,1,167.870190363,pickup,3,0,0.000000000,0.000000000,1,167.870173486,0,arm is not ready for pickup,1,194.561679243,completed,1,192.561342362,0,timed out,1,0.003189468,0.182743072,-0.007326126,-0.070817947,1,3.072496653,176.041090762,0.002442360,-3.726495743,1,-2.431469202,-139.312923293,0.002442360,1.880342484,1,0.139810562,8.010555142,-0.007326126,0.705739021,1,-0.006711006,-0.384512330,-0.036628723,-0.001221180,0.000000000,0.000000000,0.000000000,0.000000000,12.000000000,3.000000000,3.054326296,175.000006008,0.000000000,-3.234629154,25.000000000,8.500000000,-2.443460941,-139.999999342,0.000000000,2.209447145,25.000000000,8.000000000,0.174532920,9.999999709,0.000000000,0.305777937,12.500000000,3.200000048,0.000000000,0.000000000,0.000000000,-0.000024143,0.800000012,0.200000003
2026-07-05 15:03:26.845,1783235006.845355511,461.812476841,1,1,461.800111440,1,0.001942588,5,1,0.000273297,5,1,0,1,0,0,1,1,1,1,1,1,0.709533668,0.200000000,2.400000000,0.000000000,1,406.177325233,12,1,12,1:-1.251:2.428|2:-0.428:2.425|3:0.392:2.424|4:1.223:2.419|5:1.228:1.589|6:0.405:1.588|7:-0.440:1.588|8:-1.261:1.589|9:-1.185:4.911|10:-0.390:4.902|11:0.375:4.903|12:1.182:4.901,1,168.869650934,pickup,3,0,0.000000000,0.000000000,1,168.869634057,0,arm is not ready for pickup,1,195.561139814,completed,1,193.560802933,0,timed out,1,0.003189468,0.182743072,-0.007326126,-0.065934181,1,3.072496653,176.041090762,-0.002442360,-3.726495743,1,-2.431469202,-139.312923293,-0.002442360,1.894016266,1,0.139810562,8.010555142,0.007326126,0.705739021,1,-0.006711006,-0.384512330,-0.036628723,0.001221180,0.000000000,0.000000000,0.000000000,0.000000000,12.000000000,3.000000000,3.054326296,175.000006008,0.000000000,-3.234629154,25.000000000,8.500000000,-2.443460941,-139.999999342,0.000000000,2.209447145,25.000000000,8.000000000,0.174532920,9.999999709,0.000000000,0.305777937,12.500000000,3.200000048,0.000000000,0.000000000,0.000000000,-0.000024143,0.800000012,0.200000003
2026-07-05 15:03:27.844,1783235007.844858646,462.811980104,1,1,462.799614703,1,0.001968564,5,1,0.000204212,5,1,0,1,0,0,1,1,1,1,1,1,0.047038808,0.200000000,2.400000000,0.000000000,1,0.688755255,12,1,12,1:-1.251:2.428|2:-0.428:2.425|3:0.392:2.424|4:1.223:2.419|5:1.228:1.589|6:0.405:1.588|7:-0.440:1.588|8:-1.261:1.589|9:-1.185:4.911|10:-0.390:4.902|11:0.375:4.903|12:1.182:4.901,1,169.869154197,pickup,3,0,0.000000000,0.000000000,1,169.869137320,0,arm is not ready for pickup,1,196.560643077,completed,1,194.560306196,0,timed out,1,0.003189468,0.182743072,0.007326126,-0.070817947,1,3.072496653,176.041090762,-0.007326126,-3.726495743,1,-2.431469202,-139.312923293,0.002442360,1.894016266,1,0.139810562,8.010555142,-0.007326126,0.715506554,1,-0.006711006,-0.384512330,0.012210846,-0.001221180,0.000000000,0.000000000,0.000000000,0.000000000,12.000000000,3.000000000,3.054326296,175.000006008,0.000000000,-3.234629154,25.000000000,8.500000000,-2.443460941,-139.999999342,0.000000000,2.209447145,25.000000000,8.000000000,0.174532920,9.999999709,0.000000000,0.305777937,12.500000000,3.200000048,0.000000000,0.000000000,0.000000000,-0.000024143,0.800000012,0.200000003
2026-07-05 15:03:28.844,1783235008.844401836,463.811523367,1,1,463.799157966,1,0.002205917,5,1,0.000451206,5,1,0,1,0,0,1,1,1,1,1,1,0.102836275,0.200000000,2.400000000,0.000000000,1,1.688298518,12,1,12,1:-1.251:2.428|2:-0.428:2.425|3:0.392:2.424|4:1.223:2.419|5:1.228:1.589|6:0.405:1.588|7:-0.440:1.588|8:-1.261:1.589|9:-1.185:4.911|10:-0.390:4.902|11:0.375:4.903|12:1.182:4.901,1,170.868697460,pickup,3,0,0.000000000,0.000000000,1,170.868680583,0,arm is not ready for pickup,1,197.560186340,completed,1,195.559849459,0,timed out,1,0.003189468,0.182743072,-0.007326126,-0.075701714,1,3.072496653,176.041090762,0.002442360,-3.726495743,1,-2.431469202,-139.312923293,-0.002442360,1.894016266,1,0.139810562,8.010555142,-0.007326126,0.710622787,1,-0.006711006,-0.384512330,-0.012210846,-0.001221180,0.000000000,0.000000000,0.000000000,0.000000000,12.000000000,3.000000000,3.054326296,175.000006008,0.000000000,-3.234629154,25.000000000,8.500000000,-2.443460941,-139.999999342,0.000000000,2.209447145,25.000000000,8.000000000,0.174532920,9.999999709,0.000000000,0.305777937,12.500000000,3.200000048,0.000000000,0.000000000,0.000000000,-0.000024143,0.800000012,0.200000003
2026-07-05 15:03:29.843,1783235009.843898535,464.811020014,1,1,464.798654613,1,0.001735180,5,1,0.000222313,5,1,0,1,0,0,1,1,1,1,1,1,0.066432081,0.200000000,2.400000000,0.000000000,1,2.687795165,12,1,12,1:-1.251:2.428|2:-0.428:2.425|3:0.392:2.424|4:1.223:2.419|5:1.228:1.589|6:0.405:1.588|7:-0.440:1.588|8:-1.261:1.589|9:-1.185:4.911|10:-0.390:4.902|11:0.375:4.903|12:1.182:4.901,1,171.868194107,pickup,3,0,0.000000000,0.000000000,1,171.868177230,0,arm is not ready for pickup,1,198.559682987,completed,1,196.559346106,0,timed out,1,0.003189468,0.182743072,-0.007326126,-0.070817947,1,3.072496653,176.041090762,-0.002442360,-3.740171432,1,-2.431469202,-139.312923293,-0.002442360,1.894016266,1,0.139810562,8.010555142,-0.007326126,0.710622787,1,-0.006711006,-0.384512330,0.012210846,0.001221180,0.000000000,0.000000000,0.000000000,0.000000000,12.000000000,3.000000000,3.054326296,175.000006008,0.000000000,-3.234629154,25.000000000,8.500000000,-2.443460941,-139.999999342,0.000000000,2.209447145,25.000000000,8.000000000,0.174532920,9.999999709,0.000000000,0.305777937,12.500000000,3.200000048,0.000000000,0.000000000,0.000000000,-0.000024143,0.800000012,0.200000003
2026-07-05 15:03:30.843,1783235010.843279362,465.810400747,1,1,465.798035346,1,0.002153469,5,1,0.000044151,5,1,0,1,0,0,1,1,1,1,1,1,0.746506561,0.200000000,2.400000000,0.000000000,1,3.687175898,12,1,12,1:-1.251:2.428|2:-0.428:2.425|3:0.392:2.424|4:1.223:2.419|5:1.228:1.589|6:0.405:1.588|7:-0.440:1.588|8:-1.261:1.589|9:-1.185:4.911|10:-0.390:4.902|11:0.375:4.903|12:1.182:4.901,1,172.867574840,pickup,3,0,0.000000000,0.000000000,1,172.867557963,0,arm is not ready for pickup,1,199.559063720,completed,1,197.558726839,0,timed out,1,0.003189468,0.182743072,0.007326126,-0.124542236,1,3.072496653,176.041090762,-0.002442360,-3.726495743,1,-2.431469202,-139.312923293,-0.002442360,1.880342484,1,0.139810562,8.010555142,-0.007326126,0.710622787,1,-0.006711006,-0.384512330,-0.036628723,-0.001221180,0.000000000,0.000000000,0.000000000,0.000000000,12.000000000,3.000000000,3.054326296,175.000006008,0.000000000,-3.234629154,25.000000000,8.500000000,-2.443460941,-139.999999342,0.000000000,2.209447145,25.000000000,8.000000000,0.174532920,9.999999709,0.000000000,0.305777937,12.500000000,3.200000048,0.000000000,0.000000000,0.000000000,-0.000024143,0.800000012,0.200000003
2026-07-05 15:03:31.842,1783235011.842834949,466.809956289,1,1,466.797590888,1,0.002162586,5,1,0.000281679,5,1,0,1,0,0,1,1,1,1,1,1,1.746062103,0.200000000,2.400000000,0.000000000,1,4.686731440,12,1,12,1:-1.251:2.428|2:-0.428:2.425|3:0.392:2.424|4:1.223:2.419|5:1.228:1.589|6:0.405:1.588|7:-0.440:1.588|8:-1.261:1.589|9:-1.185:4.911|10:-0.390:4.902|11:0.375:4.903|12:1.182:4.901,1,173.867130382,pickup,3,0,0.000000000,0.000000000,1,173.867113505,0,arm is not ready for pickup,1,200.558619262,completed,1,198.558282381,0,timed out,1,0.002807999,0.160886467,-0.021978378,-0.070817947,1,3.072496653,176.041090762,-0.002442360,-3.726495743,1,-2.431469202,-139.312923293,-0.002442360,1.880342484,1,0.139810562,8.010555142,0.007326126,0.710622787,1,-0.006711006,-0.384512330,-0.012210846,-0.001221180,0.000000000,0.000000000,0.000000000,0.000000000,12.000000000,3.000000000,3.054326296,175.000006008,0.000000000,-3.234629154,25.000000000,8.500000000,-2.443460941,-139.999999342,0.000000000,2.209447145,25.000000000,8.000000000,0.174532920,9.999999709,0.000000000,0.305777937,12.500000000,3.200000048,0.000000000,0.000000000,0.000000000,-0.000024143,0.800000012,0.200000003
2026-07-05 15:03:32.842,1783235012.842432022,467.809553301,1,1,467.797187900,1,0.002109394,5,1,0.000310636,5,1,0,1,0,0,1,1,1,1,1,1,2.745659115,0.200000000,2.400000000,0.000000000,1,5.686328452,12,1,12,1:-1.251:2.428|2:-0.428:2.425|3:0.392:2.424|4:1.223:2.419|5:1.228:1.589|6:0.405:1.588|7:-0.440:1.588|8:-1.261:1.589|9:-1.185:4.911|10:-0.390:4.902|11:0.375:4.903|12:1.182:4.901,1,174.866727394,pickup,3,0,0.000000000,0.000000000,1,174.866710517,0,arm is not ready for pickup,1,201.558216274,completed,1,199.557879393,0,timed out,1,0.002807999,0.160886467,-0.007326126,-0.065934181,1,3.072496653,176.041090762,-0.002442360,-3.740171432,1,-2.431469202,-139.312923293,-0.002442360,1.880342484,1,0.139810562,8.010555142,-0.007326126,0.705739021,1,-0.006711006,-0.384512330,-0.036628723,0.001221180,0.000000000,0.000000000,0.000000000,0.000000000,12.000000000,3.000000000,3.054326296,175.000006008,0.000000000,-3.234629154,25.000000000,8.500000000,-2.443460941,-139.999999342,0.000000000,2.209447145,25.000000000,8.000000000,0.174532920,9.999999709,0.000000000,0.305777937,12.500000000,3.200000048,0.000000000,0.000000000,0.000000000,-0.000024143,0.800000012,0.200000003
2026-07-05 15:03:33.841,1783235013.841893435,468.809014791,1,1,468.796649390,1,0.002003637,5,1,0.000558324,5,1,0,1,0,0,1,1,1,1,1,1,3.745120605,0.200000000,2.400000000,0.000000000,1,6.685789942,12,1,12,1:-1.251:2.428|2:-0.428:2.425|3:0.392:2.424|4:1.223:2.419|5:1.228:1.589|6:0.405:1.588|7:-0.440:1.588|8:-1.261:1.589|9:-1.185:4.911|10:-0.390:4.902|11:0.375:4.903|12:1.182:4.901,1,175.866188884,pickup,3,0,0.000000000,0.000000000,1,175.866172007,0,arm is not ready for pickup,1,202.557677764,completed,1,200.557340883,0,timed out,1,0.002807999,0.160886467,0.007326126,-0.070817947,1,3.072496653,176.041090762,0.002442360,-3.726495743,1,-2.431469202,-139.312923293,-0.002442360,1.894016266,1,0.139810562,8.010555142,-0.007326126,0.710622787,1,-0.006711006,-0.384512330,-0.012210846,-0.001221180,0.000000000,0.000000000,0.000000000,0.000000000,12.000000000,3.000000000,3.054326296,175.000006008,0.000000000,-3.234629154,25.000000000,8.500000000,-2.443460941,-139.999999342,0.000000000,2.209447145,25.000000000,8.000000000,0.174532920,9.999999709,0.000000000,0.305777937,12.500000000,3.200000048,0.000000000,0.000000000,0.000000000,-0.000024143,0.800000012,0.200000003
2026-07-05 15:03:34.841,1783235014.841306448,469.808427755,1,1,469.796062354,1,0.002130527,5,1,0.000226113,5,1,0,1,0,0,1,1,1,1,1,1,0.150714986,0.200000000,2.400000000,0.000000000,1,7.685202906,12,1,12,1:-1.251:2.428|2:-0.428:2.425|3:0.392:2.424|4:1.223:2.419|5:1.228:1.589|6:0.405:1.588|7:-0.440:1.588|8:-1.261:1.589|9:-1.185:4.911|10:-0.390:4.902|11:0.375:4.903|12:1.182:4.901,1,176.865601848,pickup,3,0,0.000000000,0.000000000,1,176.865584971,0,arm is not ready for pickup,1,203.557090728,completed,1,201.556753847,0,timed out,1,0.002807999,0.160886467,-0.007326126,-0.065934181,1,3.072496653,176.041090762,0.002442360,-3.726495743,1,-2.431469202,-139.312923293,-0.002442360,1.894016266,1,0.139810562,8.010555142,-0.007326126,0.705739021,1,-0.006711006,-0.384512330,0.012210846,0.001221180,0.000000000,0.000000000,0.000000000,0.000000000,12.000000000,3.000000000,3.054326296,175.000006008,0.000000000,-3.234629154,25.000000000,8.500000000,-2.443460941,-139.999999342,0.000000000,2.209447145,25.000000000,8.000000000,0.174532920,9.999999709,0.000000000,0.305777937,12.500000000,3.200000048,0.000000000,0.000000000,0.000000000,-0.000024143,0.800000012,0.200000003
2026-07-05 15:03:35.840,1783235015.840830326,470.807951514,1,1,470.795586113,1,0.001824979,5,1,0.000323688,5,1,0,1,0,0,1,1,1,1,1,1,1.150238745,0.200000000,2.400000000,0.000000000,1,8.684726665,12,1,12,1:-1.251:2.428|2:-0.428:2.425|3:0.392:2.424|4:1.223:2.419|5:1.228:1.589|6:0.405:1.588|7:-0.440:1.588|8:-1.261:1.589|9:-1.185:4.911|10:-0.390:4.902|11:0.375:4.903|12:1.182:4.901,1,177.865125607,pickup,3,0,0.000000000,0.000000000,1,177.865108730,0,arm is not ready for pickup,1,204.556614487,completed,1,202.556277606,0,timed out,1,0.002807999,0.160886467,-0.007326126,-0.070817947,1,3.072496653,176.041090762,-0.002442360,-3.726495743,1,-2.431469202,-139.312923293,-0.002442360,1.880342484,1,0.139810562,8.010555142,-0.007326126,0.705739021,1,-0.006711006,-0.384512330,-0.012210846,-0.001221180,0.000000000,0.000000000,0.000000000,0.000000000,12.000000000,3.000000000,3.054326296,175.000006008,0.000000000,-3.234629154,25.000000000,8.500000000,-2.443460941,-139.999999342,0.000000000,2.209447145,25.000000000,8.000000000,0.174532920,9.999999709,0.000000000,0.305777937,12.500000000,3.200000048,0.000000000,0.000000000,0.000000000,-0.000024143,0.800000012,0.200000003
2026-07-05 15:03:36.840,1783235016.840427160,471.807548681,1,1,471.795183280,1,0.002448139,5,1,0.000459608,5,1,0,1,0,0,1,1,1,1,1,1,2.149835912,0.200000000,2.400000000,0.000000000,1,9.684323832,12,1,12,1:-1.251:2.428|2:-0.428:2.425|3:0.392:2.424|4:1.223:2.419|5:1.228:1.589|6:0.405:1.588|7:-0.440:1.588|8:-1.261:1.589|9:-1.185:4.911|10:-0.390:4.902|11:0.375:4.903|12:1.182:4.901,1,178.864722774,pickup,3,0,0.000000000,0.000000000,1,178.864705897,0,arm is not ready for pickup,1,205.556211654,completed,1,203.555874773,0,timed out,1,0.002807999,0.160886467,-0.007326126,-0.065934181,1,3.072496653,176.041090762,-0.007326126,-3.726495743,1,-2.431469202,-139.312923293,-0.002442360,1.894016266,1,0.139810562,8.010555142,-0.021978378,0.700854301,1,-0.006711006,-0.384512330,-0.012210846,-0.001221180,0.000000000,0.000000000,0.000000000,0.000000000,12.000000000,3.000000000,3.054326296,175.000006008,0.000000000,-3.234629154,25.000000000,8.500000000,-2.443460941,-139.999999342,0.000000000,2.209447145,25.000000000,8.000000000,0.174532920,9.999999709,0.000000000,0.305777937,12.500000000,3.200000048,0.000000000,0.000000000,0.000000000,-0.000024143,0.800000012,0.200000003
2026-07-05 15:03:37.839,1783235017.839835644,472.806957102,1,1,472.794591701,1,0.002171542,5,1,0.000351869,5,1,0,1,0,0,1,1,1,1,1,1,3.149244333,0.200000000,2.400000000,0.000000000,1,10.683732253,12,1,12,1:-1.251:2.428|2:-0.428:2.425|3:0.392:2.424|4:1.223:2.419|5:1.228:1.589|6:0.405:1.588|7:-0.440:1.588|8:-1.261:1.589|9:-1.185:4.911|10:-0.390:4.902|11:0.375:4.903|12:1.182:4.901,1,179.864131195,pickup,3,0,0.000000000,0.000000000,1,179.864114318,0,arm is not ready for pickup,1,206.555620075,completed,1,204.555283194,0,timed out,1,0.002807999,0.160886467,-0.021978378,-0.065934181,1,3.072496653,176.041090762,-0.007326126,-3.726495743,1,-2.431469202,-139.312923293,-0.002442360,1.894016266,1,0.139810562,8.010555142,-0.007326126,0.705739021,1,-0.006711006,-0.384512330,-0.036628723,-0.001221180,0.000000000,0.000000000,0.000000000,0.000000000,12.000000000,3.000000000,3.054326296,175.000006008,0.000000000,-3.234629154,25.000000000,8.500000000,-2.443460941,-139.999999342,0.000000000,2.209447145,25.000000000,8.000000000,0.174532920,9.999999709,0.000000000,0.305777937,12.500000000,3.200000048,0.000000000,0.000000000,0.000000000,-0.000024143,0.800000012,0.200000003
2026-07-05 15:03:38.839,1783235018.839336872,473.806458343,1,1,473.794092942,1,0.002171051,5,1,0.000325604,5,1,0,1,0,0,1,1,1,1,1,1,4.148745574,0.200000000,2.400000000,0.000000000,1,11.683233494,12,1,12,1:-1.251:2.428|2:-0.428:2.425|3:0.392:2.424|4:1.223:2.419|5:1.228:1.589|6:0.405:1.588|7:-0.440:1.588|8:-1.261:1.589|9:-1.185:4.911|10:-0.390:4.902|11:0.375:4.903|12:1.182:4.901,1,180.863632436,pickup,3,0,0.000000000,0.000000000,1,180.863615559,0,arm is not ready for pickup,1,207.555121316,completed,1,205.554784435,0,timed out,1,0.002807999,0.160886467,-0.007326126,-0.065934181,1,3.072496653,176.041090762,-0.002442360,-3.726495743,1,-2.431469202,-139.312923293,-0.002442360,1.880342484,1,0.139810562,8.010555142,-0.007326126,0.710622787,1,-0.006711006,-0.384512330,-0.012210846,-0.001221180,0.000000000,0.000000000,0.000000000,0.000000000,12.000000000,3.000000000,3.054326296,175.000006008,0.000000000,-3.234629154,25.000000000,8.500000000,-2.443460941,-139.999999342,0.000000000,2.209447145,25.000000000,8.000000000,0.174532920,9.999999709,0.000000000,0.305777937,12.500000000,3.200000048,0.000000000,0.000000000,0.000000000,-0.000024143,0.800000012,0.200000003
2026-07-05 15:03:39.838,1783235019.838819504,474.805940946,1,1,474.793575545,1,0.001976523,5,1,0.000267332,5,1,0,1,0,0,1,1,1,1,1,1,5.148228177,0.200000000,2.400000000,0.000000000,1,12.682716097,12,1,12,1:-1.251:2.428|2:-0.428:2.425|3:0.392:2.424|4:1.223:2.419|5:1.228:1.589|6:0.405:1.588|7:-0.440:1.588|8:-1.261:1.589|9:-1.185:4.911|10:-0.390:4.902|11:0.375:4.903|12:1.182:4.901,1,181.863115039,pickup,3,0,0.000000000,0.000000000,1,181.863098162,0,arm is not ready for pickup,1,208.554603919,completed,1,206.554267038,0,timed out,1,0.002807999,0.160886467,-0.007326126,-0.065934181,1,3.072496653,176.041090762,-0.007326126,-3.740171432,1,-2.431469202,-139.312923293,-0.002442360,1.894016266,1,0.139810562,8.010555142,-0.007326126,0.710622787,1,-0.006711006,-0.384512330,-0.012210846,0.001221180,0.000000000,0.000000000,0.000000000,0.000000000,12.000000000,3.000000000,3.054326296,175.000006008,0.000000000,-3.234629154,25.000000000,8.500000000,-2.443460941,-139.999999342,0.000000000,2.209447145,25.000000000,8.000000000,0.174532920,9.999999709,0.000000000,0.305777937,12.500000000,3.200000048,0.000000000,0.000000000,0.000000000,-0.000024143,0.800000012,0.200000003
2026-07-05 15:03:40.838,1783235020.838441133,475.805562656,1,1,475.793197255,1,0.001995381,5,1,0.000283365,5,1,0,1,0,0,1,1,1,1,1,1,0.466871435,0.200000000,2.400000000,0.000000000,1,13.682337807,12,1,12,1:-1.251:2.428|2:-0.428:2.425|3:0.392:2.424|4:1.223:2.419|5:1.228:1.589|6:0.405:1.588|7:-0.440:1.588|8:-1.261:1.589|9:-1.185:4.911|10:-0.390:4.902|11:0.375:4.903|12:1.182:4.901,1,182.862736749,pickup,3,0,0.000000000,0.000000000,1,182.862719872,0,arm is not ready for pickup,1,209.554225629,completed,1,207.553888748,0,timed out,1,0.002807999,0.160886467,-0.007326126,-0.065934181,1,3.072496653,176.041090762,-0.007326126,-3.740171432,1,-2.431469202,-139.312923293,-0.002442360,1.880342484,1,0.139810562,8.010555142,0.007326126,0.710622787,1,-0.006711006,-0.384512330,0.012210846,-0.001221180,0.000000000,0.000000000,0.000000000,0.000000000,12.000000000,3.000000000,3.054326296,175.000006008,0.000000000,-3.234629154,25.000000000,8.500000000,-2.443460941,-139.999999342,0.000000000,2.209447145,25.000000000,8.000000000,0.174532920,9.999999709,0.000000000,0.305777937,12.500000000,3.200000048,0.000000000,0.000000000,0.000000000,-0.000024143,0.800000012,0.200000003
2026-07-05 15:03:41.837,1783235021.837845325,476.804966674,1,1,476.792601273,1,0.001962730,5,1,0.000418547,5,1,0,1,0,0,1,1,1,1,1,1,1.466275453,0.200000000,2.400000000,0.000000000,1,14.681741825,12,1,12,1:-1.251:2.428|2:-0.428:2.425|3:0.392:2.424|4:1.223:2.419|5:1.228:1.589|6:0.405:1.588|7:-0.440:1.588|8:-1.261:1.589|9:-1.185:4.911|10:-0.390:4.902|11:0.375:4.903|12:1.182:4.901,1,183.862140767,pickup,3,0,0.000000000,0.000000000,1,183.862123890,0,arm is not ready for pickup,1,210.553629647,completed,1,208.553292766,0,timed out,1,0.002807999,0.160886467,-0.021978378,-0.065934181,1,3.072496653,176.041090762,-0.002442360,-3.726495743,1,-2.431469202,-139.312923293,-0.002442360,1.894016266,1,0.139810562,8.010555142,-0.021978378,0.705739021,1,-0.006711006,-0.384512330,0.012210846,0.001221180,0.000000000,0.000000000,0.000000000,0.000000000,12.000000000,3.000000000,3.054326296,175.000006008,0.000000000,-3.234629154,25.000000000,8.500000000,-2.443460941,-139.999999342,0.000000000,2.209447145,25.000000000,8.000000000,0.174532920,9.999999709,0.000000000,0.305777937,12.500000000,3.200000048,0.000000000,0.000000000,0.000000000,-0.000024143,0.800000012,0.200000003
2026-07-05 15:03:42.837,1783235022.837348461,477.804469887,1,1,477.792104486,1,0.002014903,5,1,0.000188332,5,1,0,1,0,0,1,1,1,1,1,1,0.224327708,0.200000000,2.400000000,0.000000000,1,15.681245038,12,1,12,1:-1.251:2.428|2:-0.428:2.425|3:0.392:2.424|4:1.223:2.419|5:1.228:1.589|6:0.405:1.588|7:-0.440:1.588|8:-1.261:1.589|9:-1.185:4.911|10:-0.390:4.902|11:0.375:4.903|12:1.182:4.901,1,184.861643980,pickup,3,0,0.000000000,0.000000000,1,184.861627103,0,arm is not ready for pickup,1,211.553132860,completed,1,209.552795979,0,timed out,1,0.002807999,0.160886467,-0.007326126,-0.070817947,1,3.072496653,176.041090762,-0.007326126,-3.726495743,1,-2.431469202,-139.312923293,-0.002442360,1.880342484,1,0.139810562,8.010555142,-0.007326126,0.700854301,1,-0.006711006,-0.384512330,-0.012210846,0.001221180,0.000000000,0.000000000,0.000000000,0.000000000,12.000000000,3.000000000,3.054326296,175.000006008,0.000000000,-3.234629154,25.000000000,8.500000000,-2.443460941,-139.999999342,0.000000000,2.209447145,25.000000000,8.000000000,0.174532920,9.999999709,0.000000000,0.305777937,12.500000000,3.200000048,0.000000000,0.000000000,0.000000000,-0.000024143,0.800000012,0.200000003
2026-07-05 15:03:43.836,1783235023.836900711,478.804021945,1,1,478.791656544,1,0.002125969,5,1,0.000343957,5,1,0,1,0,0,1,1,1,1,1,1,1.223879766,0.200000000,2.400000000,0.000000000,1,16.680797096,12,1,12,1:-1.251:2.428|2:-0.428:2.425|3:0.392:2.424|4:1.223:2.419|5:1.228:1.589|6:0.405:1.588|7:-0.440:1.588|8:-1.261:1.589|9:-1.185:4.911|10:-0.390:4.902|11:0.375:4.903|12:1.182:4.901,1,185.861196038,pickup,3,0,0.000000000,0.000000000,1,185.861179161,0,arm is not ready for pickup,1,212.552684918,completed,1,210.552348037,0,timed out,1,0.002807999,0.160886467,-0.021978378,-0.070817947,1,3.072496653,176.041090762,-0.002442360,-3.740171432,1,-2.431469202,-139.312923293,-0.007326126,1.880342484,1,0.139810562,8.010555142,-0.007326126,0.705739021,1,-0.006711006,-0.384512330,-0.036628723,-0.001221180,0.000000000,0.000000000,0.000000000,0.000000000,12.000000000,3.000000000,3.054326296,175.000006008,0.000000000,-3.234629154,25.000000000,8.500000000,-2.443460941,-139.999999342,0.000000000,2.209447145,25.000000000,8.000000000,0.174532920,9.999999709,0.000000000,0.305777937,12.500000000,3.200000048,0.000000000,0.000000000,0.000000000,-0.000024143,0.800000012,0.200000003
2026-07-05 15:03:44.836,1783235024.836319923,479.803441321,1,1,479.791075920,1,0.002240801,5,1,0.000218009,5,1,0,1,0,0,1,1,1,1,1,1,2.223299142,0.200000000,2.400000000,0.000000000,1,17.680216472,12,1,12,1:-1.251:2.428|2:-0.428:2.425|3:0.392:2.424|4:1.223:2.419|5:1.228:1.589|6:0.405:1.588|7:-0.440:1.588|8:-1.261:1.589|9:-1.185:4.911|10:-0.390:4.902|11:0.375:4.903|12:1.182:4.901,1,186.860615414,pickup,3,0,0.000000000,0.000000000,1,186.860598537,0,arm is not ready for pickup,1,213.552104294,completed,1,211.551767413,0,timed out,1,0.002807999,0.160886467,-0.007326126,-0.065934181,1,3.072496653,176.041090762,-0.002442360,-3.726495743,1,-2.431469202,-139.312923293,-0.002442360,1.894016266,1,0.139810562,8.010555142,-0.021978378,0.705739021,1,-0.006711006,-0.384512330,-0.012210846,-0.001221180,0.000000000,0.000000000,0.000000000,0.000000000,12.000000000,3.000000000,3.054326296,175.000006008,0.000000000,-3.234629154,25.000000000,8.500000000,-2.443460941,-139.999999342,0.000000000,2.209447145,25.000000000,8.000000000,0.174532920,9.999999709,0.000000000,0.305777937,12.500000000,3.200000048,0.000000000,0.000000000,0.000000000,-0.000024143,0.800000012,0.200000003
2026-07-05 15:03:45.835,1783235025.835786819,480.802908130,1,1,480.790542729,1,0.002043169,5,1,0.000260220,5,1,0,1,0,0,1,1,1,1,1,1,3.222765951,0.200000000,2.400000000,0.000000000,1,18.679683281,12,1,12,1:-1.251:2.428|2:-0.428:2.425|3:0.392:2.424|4:1.223:2.419|5:1.228:1.589|6:0.405:1.588|7:-0.440:1.588|8:-1.261:1.589|9:-1.185:4.911|10:-0.390:4.902|11:0.375:4.903|12:1.182:4.901,1,187.860082223,pickup,3,0,0.000000000,0.000000000,1,187.860065346,0,arm is not ready for pickup,1,214.551571103,completed,1,212.551234222,0,timed out,1,0.002807999,0.160886467,-0.007326126,-0.065934181,1,3.072496653,176.041090762,-0.002442360,-3.726495743,1,-2.431469202,-139.312923293,-0.002442360,1.880342484,1,0.139810562,8.010555142,-0.021978378,0.700854301,1,-0.006711006,-0.384512330,0.012210846,0.001221180,0.000000000,0.000000000,0.000000000,0.000000000,12.000000000,3.000000000,3.054326296,175.000006008,0.000000000,-3.234629154,25.000000000,8.500000000,-2.443460941,-139.999999342,0.000000000,2.209447145,25.000000000,8.000000000,0.174532920,9.999999709,0.000000000,0.305777937,12.500000000,3.200000048,0.000000000,0.000000000,0.000000000,-0.000024143,0.800000012,0.200000003
2026-07-05 15:03:46.835,1783235026.835390806,481.802512189,1,1,481.790146788,1,0.001915259,5,1,0.000311171,5,1,0,1,0,0,1,1,1,1,1,1,4.222370010,0.200000000,2.400000000,0.000000000,1,19.679287340,12,1,12,1:-1.251:2.428|2:-0.428:2.425|3:0.392:2.424|4:1.223:2.419|5:1.228:1.589|6:0.405:1.588|7:-0.440:1.588|8:-1.261:1.589|9:-1.185:4.911|10:-0.390:4.902|11:0.375:4.903|12:1.182:4.901,1,188.859686282,pickup,3,0,0.000000000,0.000000000,1,188.859669405,0,arm is not ready for pickup,1,215.551175162,completed,1,213.550838281,0,timed out,1,0.002807999,0.160886467,-0.007326126,-0.070817947,1,3.072496653,176.041090762,0.002442360,-3.726495743,1,-2.431469202,-139.312923293,-0.002442360,1.894016266,1,0.139810562,8.010555142,-0.021978378,0.705739021,1,-0.006711006,-0.384512330,-0.012210846,-0.001221180,0.000000000,0.000000000,0.000000000,0.000000000,12.000000000,3.000000000,3.054326296,175.000006008,0.000000000,-3.234629154,25.000000000,8.500000000,-2.443460941,-139.999999342,0.000000000,2.209447145,25.000000000,8.000000000,0.174532920,9.999999709,0.000000000,0.305777937,12.500000000,3.200000048,0.000000000,0.000000000,0.000000000,-0.000024143,0.800000012,0.200000003
2026-07-05 15:03:47.834,1783235027.834801674,482.801923094,1,1,482.789557693,1,0.002179864,5,1,0.000254883,5,1,0,1,0,0,1,1,1,1,1,1,5.221780915,0.200000000,2.400000000,0.000000000,1,20.678698245,12,1,12,1:-1.251:2.428|2:-0.428:2.425|3:0.392:2.424|4:1.223:2.419|5:1.228:1.589|6:0.405:1.588|7:-0.440:1.588|8:-1.261:1.589|9:-1.185:4.911|10:-0.390:4.902|11:0.375:4.903|12:1.182:4.901,1,189.859097187,pickup,3,0,0.000000000,0.000000000,1,189.859080310,0,arm is not ready for pickup,1,216.550586067,completed,1,214.550249186,0,timed out,1,0.002807999,0.160886467,-0.007326126,-0.065934181,1,3.072496653,176.041090762,-0.007326126,-3.726495743,1,-2.431469202,-139.312923293,0.002442360,1.894016266,1,0.139810562,8.010555142,-0.021978378,0.700854301,1,-0.006711006,-0.384512330,0.012210846,0.001221180,0.000000000,0.000000000,0.000000000,0.000000000,12.000000000,3.000000000,3.054326296,175.000006008,0.000000000,-3.234629154,25.000000000,8.500000000,-2.443460941,-139.999999342,0.000000000,2.209447145,25.000000000,8.000000000,0.174532920,9.999999709,0.000000000,0.305777937,12.500000000,3.200000048,0.000000000,0.000000000,0.000000000,-0.000024143,0.800000012,0.200000003
2026-07-05 15:03:48.834,1783235028.834392071,483.801513616,1,1,483.789148215,1,0.002198329,5,1,0.000311295,5,1,0,1,0,0,1,1,1,1,1,1,6.221371437,0.200000000,2.400000000,0.000000000,1,21.678288767,12,1,12,1:-1.251:2.428|2:-0.428:2.425|3:0.392:2.424|4:1.223:2.419|5:1.228:1.589|6:0.405:1.588|7:-0.440:1.588|8:-1.261:1.589|9:-1.185:4.911|10:-0.390:4.902|11:0.375:4.903|12:1.182:4.901,1,190.858687709,pickup,3,0,0.000000000,0.000000000,1,190.858670832,0,arm is not ready for pickup,1,217.550176589,completed,1,215.549839708,0,timed out,1,0.002807999,0.160886467,-0.007326126,-0.065934181,1,3.072496653,176.041090762,-0.002442360,-3.726495743,1,-2.431469202,-139.312923293,-0.002442360,1.880342484,1,0.139810562,8.010555142,-0.021978378,0.710622787,1,-0.006711006,-0.384512330,-0.036628723,-0.001221180,0.000000000,0.000000000,0.000000000,0.000000000,12.000000000,3.000000000,3.054326296,175.000006008,0.000000000,-3.234629154,25.000000000,8.500000000,-2.443460941,-139.999999342,0.000000000,2.209447145,25.000000000,8.000000000,0.174532920,9.999999709,0.000000000,0.305777937,12.500000000,3.200000048,0.000000000,0.000000000,0.000000000,-0.000024143,0.800000012,0.200000003
2026-07-05 15:03:49.833,1783235029.833922148,484.801043546,1,1,484.788678145,1,0.002091987,5,1,0.000550905,5,1,0,1,0,0,1,1,1,1,1,1,7.220901367,0.200000000,2.400000000,0.000000000,1,22.677818697,12,1,12,1:-1.251:2.428|2:-0.428:2.425|3:0.392:2.424|4:1.223:2.419|5:1.228:1.589|6:0.405:1.588|7:-0.440:1.588|8:-1.261:1.589|9:-1.185:4.911|10:-0.390:4.902|11:0.375:4.903|12:1.182:4.901,1,191.858217639,pickup,3,0,0.000000000,0.000000000,1,191.858200762,0,arm is not ready for pickup,1,218.549706519,completed,1,216.549369638,0,timed out,1,0.003189468,0.182743072,-0.007326126,-0.065934181,1,3.072496653,176.041090762,-0.002442360,-3.726495743,1,-2.431469202,-139.312923293,0.002442360,1.880342484,1,0.139810562,8.010555142,-0.007326126,0.715506554,1,-0.006711006,-0.384512330,-0.012210846,-0.001221180,0.000000000,0.000000000,0.000000000,0.000000000,12.000000000,3.000000000,3.054326296,175.000006008,0.000000000,-3.234629154,25.000000000,8.500000000,-2.443460941,-139.999999342,0.000000000,2.209447145,25.000000000,8.000000000,0.174532920,9.999999709,0.000000000,0.305777937,12.500000000,3.200000048,0.000000000,0.000000000,0.000000000,-0.000024143,0.800000012,0.200000003
2026-07-05 15:03:50.833,1783235030.833314419,485.800435835,1,1,485.788070434,1,0.001973422,5,1,0.000159689,5,1,0,1,0,0,1,1,1,1,1,1,8.220293656,0.200000000,2.400000000,0.000000000,1,23.677210986,12,1,12,1:-1.251:2.428|2:-0.428:2.425|3:0.392:2.424|4:1.223:2.419|5:1.228:1.589|6:0.405:1.588|7:-0.440:1.588|8:-1.261:1.589|9:-1.185:4.911|10:-0.390:4.902|11:0.375:4.903|12:1.182:4.901,1,192.857609928,pickup,3,0,0.000000000,0.000000000,1,192.857593051,0,arm is not ready for pickup,1,219.549098808,completed,1,217.548761927,0,timed out,1,0.002807999,0.160886467,-0.007326126,-0.065934181,1,3.072496653,176.041090762,-0.002442360,-3.726495743,1,-2.431469202,-139.312923293,0.002442360,1.894016266,1,0.139810562,8.010555142,0.007326126,0.710622787,1,-0.006711006,-0.384512330,0.012210846,0.001221180,0.000000000,0.000000000,0.000000000,0.000000000,12.000000000,3.000000000,3.054326296,175.000006008,0.000000000,-3.234629154,25.000000000,8.500000000,-2.443460941,-139.999999342,0.000000000,2.209447145,25.000000000,8.000000000,0.174532920,9.999999709,0.000000000,0.305777937,12.500000000,3.200000048,0.000000000,0.000000000,0.000000000,-0.000024143,0.800000012,0.200000003
2026-07-05 15:03:51.832,1783235031.832841635,486.799963196,1,1,486.787597795,1,0.002111755,5,1,0.000364992,5,1,0,1,0,0,1,1,1,1,1,1,9.219821017,0.200000000,2.400000000,0.000000000,1,24.676738347,12,1,12,1:-1.251:2.428|2:-0.428:2.425|3:0.392:2.424|4:1.223:2.419|5:1.228:1.589|6:0.405:1.588|7:-0.440:1.588|8:-1.261:1.589|9:-1.185:4.911|10:-0.390:4.902|11:0.375:4.903|12:1.182:4.901,1,193.857137289,pickup,3,0,0.000000000,0.000000000,1,193.857120412,0,arm is not ready for pickup,1,220.548626169,completed,1,218.548289288,0,timed out,1,0.002807999,0.160886467,-0.007326126,-0.065934181,1,3.072496653,176.041090762,-0.002442360,-3.726495743,1,-2.431469202,-139.312923293,-0.007326126,1.880342484,1,0.139810562,8.010555142,0.007326126,0.710622787,1,-0.006711006,-0.384512330,-0.012210846,-0.001221180,0.000000000,0.000000000,0.000000000,0.000000000,12.000000000,3.000000000,3.054326296,175.000006008,0.000000000,-3.234629154,25.000000000,8.500000000,-2.443460941,-139.999999342,0.000000000,2.209447145,25.000000000,8.000000000,0.174532920,9.999999709,0.000000000,0.305777937,12.500000000,3.200000048,0.000000000,0.000000000,0.000000000,-0.000024143,0.800000012,0.200000003
2026-07-05 15:03:52.832,1783235032.832327366,487.799448889,1,1,487.787083488,1,0.002268173,5,1,0.000284322,5,1,0,1,0,0,1,1,1,1,1,1,10.219306710,0.200000000,2.400000000,0.000000000,1,25.676224040,12,1,12,1:-1.251:2.428|2:-0.428:2.425|3:0.392:2.424|4:1.223:2.419|5:1.228:1.589|6:0.405:1.588|7:-0.440:1.588|8:-1.261:1.589|9:-1.185:4.911|10:-0.390:4.902|11:0.375:4.903|12:1.182:4.901,1,194.856622982,pickup,3,0,0.000000000,0.000000000,1,194.856606105,0,arm is not ready for pickup,1,221.548111862,completed,1,219.547774981,0,timed out,1,0.002807999,0.160886467,-0.007326126,-0.065934181,1,3.072496653,176.041090762,-0.002442360,-3.726495743,1,-2.431469202,-139.312923293,-0.002442360,1.894016266,1,0.139810562,8.010555142,-0.007326126,0.710622787,1,-0.006711006,-0.384512330,-0.012210846,-0.001221180,0.000000000,0.000000000,0.000000000,0.000000000,12.000000000,3.000000000,3.054326296,175.000006008,0.000000000,-3.234629154,25.000000000,8.500000000,-2.443460941,-139.999999342,0.000000000,2.209447145,25.000000000,8.000000000,0.174532920,9.999999709,0.000000000,0.305777937,12.500000000,3.200000048,0.000000000,0.000000000,0.000000000,-0.000024143,0.800000012,0.200000003
2026-07-05 15:03:53.831,1783235033.831820250,488.798941721,1,1,488.786576320,1,0.002300203,5,1,0.000282360,5,1,0,1,0,0,1,1,1,1,1,1,11.218799542,0.200000000,2.400000000,0.000000000,1,26.675716872,12,1,12,1:-1.251:2.428|2:-0.428:2.425|3:0.392:2.424|4:1.223:2.419|5:1.228:1.589|6:0.405:1.588|7:-0.440:1.588|8:-1.261:1.589|9:-1.185:4.911|10:-0.390:4.902|11:0.375:4.903|12:1.182:4.901,1,195.856115814,pickup,3,0,0.000000000,0.000000000,1,195.856098937,0,arm is not ready for pickup,1,222.547604694,completed,1,220.547267813,0,timed out,1,0.002807999,0.160886467,-0.007326126,-0.065934181,1,3.072496653,176.041090762,-0.002442360,-3.726495743,1,-2.431469202,-139.312923293,-0.002442360,1.880342484,1,0.139810562,8.010555142,0.007326126,0.710622787,1,-0.006711006,-0.384512330,-0.012210846,-0.001221180,0.000000000,0.000000000,0.000000000,0.000000000,12.000000000,3.000000000,3.054326296,175.000006008,0.000000000,-3.234629154,25.000000000,8.500000000,-2.443460941,-139.999999342,0.000000000,2.209447145,25.000000000,8.000000000,0.174532920,9.999999709,0.000000000,0.305777937,12.500000000,3.200000048,0.000000000,0.000000000,0.000000000,-0.000024143,0.800000012,0.200000003
2026-07-05 15:03:54.831,1783235034.831307888,489.798429105,1,1,489.786063704,1,0.002163170,5,1,0.000284604,5,1,0,1,0,0,1,1,1,1,1,1,0.426373514,0.200000000,2.400000000,0.000000000,1,27.675204256,12,1,12,1:-1.251:2.428|2:-0.428:2.425|3:0.392:2.424|4:1.223:2.419|5:1.228:1.589|6:0.405:1.588|7:-0.440:1.588|8:-1.261:1.589|9:-1.185:4.911|10:-0.390:4.902|11:0.375:4.903|12:1.182:4.901,1,196.855603198,pickup,3,0,0.000000000,0.000000000,1,196.855586321,0,arm is not ready for pickup,1,223.547092078,completed,1,221.546755197,0,timed out,1,0.002807999,0.160886467,-0.007326126,-0.065934181,1,3.072496653,176.041090762,-0.002442360,-3.740171432,1,-2.431469202,-139.312923293,-0.002442360,1.894016266,1,0.139810562,8.010555142,-0.007326126,0.705739021,1,-0.006711006,-0.384512330,-0.061050415,-0.001221180,0.000000000,0.000000000,0.000000000,0.000000000,12.000000000,3.000000000,3.054326296,175.000006008,0.000000000,-3.234629154,25.000000000,8.500000000,-2.443460941,-139.999999342,0.000000000,2.209447145,25.000000000,8.000000000,0.174532920,9.999999709,0.000000000,0.305777937,12.500000000,3.200000048,0.000000000,0.000000000,0.000000000,-0.000024143,0.800000012,0.200000003
2026-07-05 15:03:55.831,1783235035.831327438,490.798448988,1,1,490.786083587,1,0.002183806,5,1,0.000239281,5,1,0,1,0,0,1,1,1,1,1,1,0.119528986,0.200000000,2.400000000,0.000000000,1,28.675224139,12,1,12,1:-1.251:2.428|2:-0.428:2.425|3:0.392:2.424|4:1.223:2.419|5:1.228:1.589|6:0.405:1.588|7:-0.440:1.588|8:-1.261:1.589|9:-1.185:4.911|10:-0.390:4.902|11:0.375:4.903|12:1.182:4.901,1,197.855623081,pickup,3,0,0.000000000,0.000000000,1,197.855606204,0,arm is not ready for pickup,1,224.547111961,completed,1,222.546775080,0,timed out,1,0.003189468,0.182743072,0.007326126,-0.065934181,1,3.072496653,176.041090762,-0.002442360,-3.726495743,1,-2.431469202,-139.312923293,-0.002442360,1.880342484,1,0.139810562,8.010555142,-0.007326126,0.705739021,1,-0.006327629,-0.362546441,-0.012210846,-0.001221180,0.000000000,0.000000000,0.000000000,0.000000000,12.000000000,3.000000000,3.054326296,175.000006008,0.000000000,-3.234629154,25.000000000,8.500000000,-2.443460941,-139.999999342,0.000000000,2.209447145,25.000000000,8.000000000,0.174532920,9.999999709,0.000000000,0.305777937,12.500000000,3.200000048,0.000000000,0.000000000,0.000000000,-0.000024143,0.800000012,0.200000003
2026-07-05 15:03:56.839,1783235036.839658022,491.806779422,1,1,491.794414021,1,0.002369230,5,1,0.000350990,5,1,0,1,0,0,1,1,1,1,1,1,0.123003138,0.200000000,2.400000000,0.000000000,1,29.683554573,12,1,12,1:-1.251:2.428|2:-0.428:2.425|3:0.392:2.424|4:1.223:2.419|5:1.228:1.589|6:0.405:1.588|7:-0.440:1.588|8:-1.261:1.589|9:-1.185:4.911|10:-0.390:4.902|11:0.375:4.903|12:1.182:4.901,1,198.863953515,pickup,3,0,0.000000000,0.000000000,1,198.863936638,0,arm is not ready for pickup,1,225.555442395,completed,1,223.555105514,0,timed out,1,0.002807999,0.160886467,-0.007326126,-0.070817947,1,3.072496653,176.041090762,-0.002442360,-3.726495743,1,-2.431469202,-139.312923293,-0.002442360,1.880342484,1,0.139810562,8.010555142,-0.021978378,0.715506554,1,-0.006711006,-0.384512330,0.012210846,0.001221180,0.000000000,0.000000000,0.000000000,0.000000000,12.000000000,3.000000000,3.054326296,175.000006008,0.000000000,-3.234629154,25.000000000,8.500000000,-2.443460941,-139.999999342,0.000000000,2.209447145,25.000000000,8.000000000,0.174532920,9.999999709,0.000000000,0.305777937,12.500000000,3.200000048,0.000000000,0.000000000,0.000000000,-0.000024143,0.800000012,0.200000003
2026-07-05 15:03:57.848,1783235037.848469734,492.815591157,1,1,492.803225756,1,0.002264050,5,1,0.010238940,5,1,0,1,0,0,1,1,1,1,1,1,0.138650286,0.200000000,2.400000000,0.000000000,1,0.138701801,12,1,12,1:-1.251:2.428|2:-0.428:2.425|3:0.392:2.424|4:1.223:2.419|5:1.228:1.589|6:0.405:1.588|7:-0.440:1.588|8:-1.261:1.589|9:-1.185:4.911|10:-0.390:4.902|11:0.375:4.903|12:1.182:4.901,1,0.034483808,pickup,3,0,0.000000000,0.000000000,1,0.034471706,1,received,1,226.564254130,completed,1,224.563917249,0,timed out,1,0.002807999,0.160886467,-0.007326126,-0.065934181,1,3.072496653,176.041090762,-0.002442360,-3.726495743,1,-2.431469202,-139.312923293,0.002442360,1.880342484,1,0.139810562,8.010555142,-0.007326126,0.700854301,1,-0.006711006,-0.384512330,-0.012210846,0.001221180,0.002797013,0.160257049,-0.001411974,-0.037043057,12.000000000,3.000000000,3.072478533,176.040052573,-0.002337324,-3.436122656,25.000000000,8.500000000,-2.431470394,-139.312991595,-0.000154491,2.162737846,25.000000000,8.000000000,0.139808863,8.010457811,-0.000217608,0.304758608,12.500000000,3.200000048,-0.006710925,-0.384507660,0.000010445,0.000006855,0.800000012,0.200000003
2026-07-05 15:03:58.856,1783235038.856405258,493.823526651,1,1,493.811161250,1,0.002235584,5,1,0.000146923,5,1,0,1,0,0,1,1,1,1,1,1,0.053842486,0.200000000,2.400000000,0.000000000,1,1.146637295,12,1,12,1:-1.251:2.428|2:-0.428:2.425|3:0.392:2.424|4:1.223:2.419|5:1.228:1.589|6:0.405:1.588|7:-0.440:1.588|8:-1.261:1.589|9:-1.185:4.911|10:-0.390:4.902|11:0.375:4.903|12:1.182:4.901,1,1.042419302,pickup,3,0,0.000000000,0.000000000,1,1.042407200,1,received,1,227.572189624,completed,1,225.571852743,0,timed out,1,-0.404226869,-23.160493579,-0.842491150,-0.065934181,1,2.463279963,141.135545613,-1.379731178,-3.275213242,1,-2.453212976,-140.558749798,-0.192917824,2.153846741,1,0.099374771,5.693754975,-0.153846741,-0.065934181,1,-0.005944252,-0.340580553,-0.012210846,0.018314838,-0.417957217,-23.947184523,-0.782849848,-0.228049085,12.000000000,3.000000000,2.375979185,136.133579517,-1.295897603,-2.038739681,25.000000000,8.500000000,-2.477507114,-141.950701369,-0.085655220,2.399246454,25.000000000,8.000000000,0.074963734,4.295105549,-0.120650016,0.344536096,12.500000000,3.200000048,-0.003598312,-0.206168113,0.005791286,0.021774465,0.800000012,0.200000003
2026-07-05 15:03:59.863,1783235039.863417149,494.830538425,1,1,494.818173024,1,0.002390174,5,1,0.000281476,5,1,0,1,0,0,1,1,1,1,1,1,0.160459146,0.200000000,2.400000000,0.000000000,1,2.153649069,12,1,12,1:-1.251:2.428|2:-0.428:2.425|3:0.392:2.424|4:1.223:2.419|5:1.228:1.589|6:0.405:1.588|7:-0.440:1.588|8:-1.261:1.589|9:-1.185:4.911|10:-0.390:4.902|11:0.375:4.903|12:1.182:4.901,1,2.049431076,pickup,3,0,0.000000000,0.000000000,1,2.049418974,1,received,1,228.579201398,completed,1,226.578864517,0,timed out,1,-0.907393098,-51.989794868,-0.051282883,-0.227106094,1,1.556131244,89.159752633,-0.041514397,1.278633118,1,-2.519209146,-144.340051805,-0.002442360,1.223932266,1,0.025367737,1.453464255,-0.021978378,-0.168498039,1,-0.002492905,-0.142832916,-0.036628723,-0.001221180,-0.903015256,-51.738963001,-0.033369716,-0.234322742,12.000000000,3.000000000,1.573033929,90.128205155,-0.055238862,1.008873463,25.000000000,8.500000000,-2.530579567,-144.991528909,-0.003651135,1.572426677,25.000000000,8.000000000,0.000208329,0.011936386,-0.005142821,0.224555790,12.500000000,3.200000048,-0.000010000,-0.000572955,0.000246859,0.000918712,0.800000012,0.200000003
2026-07-05 15:04:00.869,1783235040.869513035,495.836634402,1,1,495.824269001,1,0.002795690,5,1,0.000532043,5,1,0,1,0,0,1,1,1,1,1,1,0.009988888,0.200000000,2.400000000,0.000000000,1,3.159745046,12,1,12,1:-1.251:2.428|2:-0.428:2.425|3:0.392:2.424|4:1.223:2.419|5:1.228:1.589|6:0.405:1.588|7:-0.440:1.588|8:-1.261:1.589|9:-1.185:4.911|10:-0.390:4.902|11:0.375:4.903|12:1.182:4.901,1,3.055527053,pickup,3,0,0.000000000,0.000000000,1,3.055514951,1,received,1,229.585297375,completed,1,227.584960494,0,timed out,1,-0.907774568,-52.011651473,-0.007326126,0.017093658,1,1.551553607,88.897473369,0.002442360,2.085470200,1,-2.519209146,-144.340051805,-0.002442360,1.388034821,1,0.025367737,1.453464255,-0.021978378,-0.085470200,1,-0.002876282,-0.164798804,-0.012210846,-0.003663063,-0.904366970,-51.816410516,0.000000000,0.000000000,13.000000000,2.200000048,1.570796371,90.000002504,0.000000000,1.635578275,25.000000000,8.000000000,-2.530727386,-144.999998343,0.000000000,1.635365009,20.000000000,6.500000000,0.000000000,0.000000000,0.000000000,0.247735515,12.000000000,3.200000048,0.000000000,0.000000000,0.000000000,-0.000019584,0.500000000,0.100000001
2026-07-05 15:04:01.875,1783235041.875119686,496.842240933,1,1,496.829875532,1,0.002111948,5,1,0.000513292,5,1,0,1,0,0,1,1,1,1,1,1,0.008794897,0.200000000,2.400000000,0.000000000,1,4.165351577,12,1,12,1:-1.251:2.428|2:-0.428:2.425|3:0.392:2.424|4:1.223:2.419|5:1.228:1.589|6:0.405:1.588|7:-0.440:1.588|8:-1.261:1.589|9:-1.185:4.911|10:-0.390:4.902|11:0.375:4.903|12:1.182:4.901,1,4.061133584,pickup,3,0,0.000000000,0.000000000,1,4.061121482,1,received,1,230.590903906,completed,1,228.590567025,0,timed out,1,-0.907774568,-52.011651473,0.007326126,0.017093658,1,1.551553607,88.897473369,0.002442360,2.099145889,1,-2.519209146,-144.340051805,-0.002442360,1.388034821,1,0.025367737,1.453464255,0.007326126,-0.085470200,1,-0.002492905,-0.142832916,-0.036628723,-0.001221180,-0.904366970,-51.816410516,0.000000000,0.000000000,13.000000000,2.200000048,1.570796371,90.000002504,0.000000000,1.635578275,25.000000000,8.000000000,-2.530727386,-144.999998343,0.000000000,1.635365009,20.000000000,6.500000000,0.000000000,0.000000000,0.000000000,0.247735515,12.000000000,3.200000048,0.000000000,0.000000000,0.000000000,-0.000019584,0.500000000,0.100000001
2026-07-05 15:04:02.879,1783235042.879768848,497.846890222,1,1,497.834524821,1,0.001775564,5,1,0.010388224,5,1,0,1,0,0,1,1,1,1,1,1,0.336213605,0.200000000,2.400000000,0.000000000,1,5.170000866,12,1,12,1:-1.251:2.428|2:-0.428:2.425|3:0.392:2.424|4:1.223:2.419|5:1.228:1.589|6:0.405:1.588|7:-0.440:1.588|8:-1.261:1.589|9:-1.185:4.911|10:-0.390:4.902|11:0.375:4.903|12:1.182:4.901,1,5.065782873,pickup,3,0,0.000000000,0.000000000,1,5.065770771,1,received,1,231.595553195,completed,1,229.595216314,0,timed out,1,-0.907774568,-52.011651473,-0.007326126,0.017093658,1,1.551553607,88.897473369,0.002442360,2.085470200,1,-2.519209146,-144.340051805,0.002442360,1.374359131,1,0.025367737,1.453464255,-0.021978378,-0.085470200,1,-0.002492905,-0.142832916,-0.012210846,-0.003663063,-0.904366970,-51.816410516,0.000000000,0.000000000,13.000000000,2.200000048,1.570796371,90.000002504,0.000000000,1.635578275,25.000000000,8.000000000,-2.530727386,-144.999998343,0.000000000,1.635365009,20.000000000,6.500000000,0.000000000,0.000000000,0.000000000,0.247735515,12.000000000,3.200000048,0.000000000,0.000000000,0.000000000,-0.000019584,0.500000000,0.100000001
2026-07-05 15:04:03.884,1783235043.884109259,498.851230841,1,1,498.838865440,1,0.002257083,5,1,0.000256192,5,1,0,1,0,0,1,1,1,1,1,1,0.208823389,0.200000000,2.400000000,0.000000000,1,6.174341485,12,1,12,1:-1.251:2.428|2:-0.428:2.425|3:0.392:2.424|4:1.223:2.419|5:1.228:1.589|6:0.405:1.588|7:-0.440:1.588|8:-1.261:1.589|9:-1.185:4.911|10:-0.390:4.902|11:0.375:4.903|12:1.182:4.901,1,6.070123492,pickup,3,0,0.000000000,0.000000000,1,6.070111390,1,received,1,232.599893814,completed,1,230.599556933,0,timed out,1,-0.907774568,-52.011651473,-0.021978378,0.017093658,1,1.551553607,88.897473369,-0.002442360,2.085470200,1,-2.519209146,-144.340051805,-0.002442360,1.388034821,1,0.025367737,1.453464255,-0.007326126,-0.095237732,1,-0.002876282,-0.164798804,-0.012210846,-0.003663063,-0.904366970,-51.816410516,0.000000000,0.000000000,13.000000000,2.200000048,1.570796371,90.000002504,0.000000000,1.635578275,25.000000000,8.000000000,-2.530727386,-144.999998343,0.000000000,1.635365009,20.000000000,6.500000000,0.000000000,0.000000000,0.000000000,0.247735515,12.000000000,3.200000048,0.000000000,0.000000000,0.000000000,-0.000019584,0.500000000,0.100000001
2026-07-05 15:04:04.888,1783235044.887933731,499.855055005,1,1,499.842689604,1,0.001848016,5,1,0.000345186,5,1,0,1,0,0,1,1,1,1,1,1,0.134740669,0.200000000,2.400000000,0.000000000,1,7.178165649,12,1,12,1:-1.251:2.428|2:-0.428:2.425|3:0.392:2.424|4:1.223:2.419|5:1.228:1.589|6:0.405:1.588|7:-0.440:1.588|8:-1.261:1.589|9:-1.185:4.911|10:-0.390:4.902|11:0.375:4.903|12:1.182:4.901,1,7.073947656,pickup,3,0,0.000000000,0.000000000,1,7.073935554,1,received,1,233.603717978,completed,1,231.603381097,0,timed out,1,-0.907774568,-52.011651473,-0.007326126,0.012209892,1,1.551553607,88.897473369,-0.002442360,2.085470200,1,-2.519209146,-144.340051805,-0.002442360,1.374359131,1,0.025367737,1.453464255,-0.007326126,-0.085470200,1,-0.002492905,-0.142832916,0.012210846,-0.003663063,-0.904366970,-51.816410516,0.000000000,0.000000000,13.000000000,2.200000048,1.570796371,90.000002504,0.000000000,1.635578275,25.000000000,8.000000000,-2.530727386,-144.999998343,0.000000000,1.635365009,20.000000000,6.500000000,0.000000000,0.000000000,0.000000000,0.247735515,12.000000000,3.200000048,0.000000000,0.000000000,0.000000000,-0.000019584,0.500000000,0.100000001
2026-07-05 15:04:05.891,1783235045.891362190,500.858483644,1,1,500.846118243,1,0.002296331,5,1,0.000387314,5,1,0,1,0,0,1,1,1,1,1,1,0.079790556,0.200000000,2.400000000,0.000000000,1,8.181594288,12,1,12,1:-1.251:2.428|2:-0.428:2.425|3:0.392:2.424|4:1.223:2.419|5:1.228:1.589|6:0.405:1.588|7:-0.440:1.588|8:-1.261:1.589|9:-1.185:4.911|10:-0.390:4.902|11:0.375:4.903|12:1.182:4.901,1,8.077376295,pickup,3,0,0.000000000,0.000000000,1,8.077364193,1,received,1,234.607146617,completed,1,232.606809736,0,timed out,1,-0.907774568,-52.011651473,-0.007326126,0.017093658,1,1.551553607,88.897473369,-0.002442360,2.085470200,1,-2.519209146,-144.340051805,-0.002442360,1.374359131,1,0.025367737,1.453464255,-0.007326126,-0.090353966,1,-0.002492905,-0.142832916,-0.036628723,-0.001221180,-0.904366970,-51.816410516,0.000000000,0.000000000,13.000000000,2.200000048,1.570796371,90.000002504,0.000000000,1.635578275,25.000000000,8.000000000,-2.530727386,-144.999998343,0.000000000,1.635365009,20.000000000,6.500000000,0.000000000,0.000000000,0.000000000,0.247735515,12.000000000,3.200000048,0.000000000,0.000000000,0.000000000,-0.000019584,0.500000000,0.100000001
2026-07-05 15:04:06.894,1783235046.894349575,501.861470883,1,1,501.849105482,1,0.002205646,5,1,0.000364184,5,1,0,1,0,0,1,1,1,1,1,1,0.243485458,0.200000000,2.400000000,0.000000000,1,9.184581527,12,1,12,1:-1.251:2.428|2:-0.428:2.425|3:0.392:2.424|4:1.223:2.419|5:1.228:1.589|6:0.405:1.588|7:-0.440:1.588|8:-1.261:1.589|9:-1.185:4.911|10:-0.390:4.902|11:0.375:4.903|12:1.182:4.901,1,9.080363534,pickup,3,0,0.000000000,0.000000000,1,9.080351432,1,received,1,235.610133856,completed,1,233.609796975,0,timed out,1,-0.907774568,-52.011651473,-0.007326126,0.017093658,1,1.551553607,88.897473369,-0.002442360,2.085470200,1,-2.519209146,-144.340051805,-0.002442360,1.388034821,1,0.025367737,1.453464255,-0.007326126,-0.090353966,1,-0.002492905,-0.142832916,-0.012210846,-0.003663063,-0.904366970,-51.816410516,0.000000000,0.000000000,13.000000000,2.200000048,1.570796371,90.000002504,0.000000000,1.635578275,25.000000000,8.000000000,-2.530727386,-144.999998343,0.000000000,1.635365009,20.000000000,6.500000000,0.000000000,0.000000000,0.000000000,0.247735515,12.000000000,3.200000048,0.000000000,0.000000000,0.000000000,-0.000019584,0.500000000,0.100000001
2026-07-05 15:04:07.897,1783235047.897020578,502.864142065,1,1,502.851776664,1,0.001936861,5,1,0.000353430,5,1,0,1,0,0,1,1,1,1,1,1,0.076497505,0.200000000,2.400000000,0.000000000,1,10.187252709,12,1,12,1:-1.251:2.428|2:-0.428:2.425|3:0.392:2.424|4:1.223:2.419|5:1.228:1.589|6:0.405:1.588|7:-0.440:1.588|8:-1.261:1.589|9:-1.185:4.911|10:-0.390:4.902|11:0.375:4.903|12:1.182:4.901,1,10.083034716,pickup,3,0,0.000000000,0.000000000,1,10.083022614,1,received,1,236.612805038,completed,1,234.612468157,0,timed out,1,-0.907774568,-52.011651473,-0.007326126,0.012209892,1,1.551553607,88.897473369,-0.002442360,2.071794510,1,-2.519209146,-144.340051805,-0.002442360,1.388034821,1,0.025367737,1.453464255,0.007326126,-0.085470200,1,-0.002492905,-0.142832916,-0.012210846,-0.003663063,-0.904366970,-51.816410516,0.000000000,0.000000000,13.000000000,2.200000048,1.570796371,90.000002504,0.000000000,1.635578275,25.000000000,8.000000000,-2.530727386,-144.999998343,0.000000000,1.635365009,20.000000000,6.500000000,0.000000000,0.000000000,0.000000000,0.247735515,12.000000000,3.200000048,0.000000000,0.000000000,0.000000000,-0.000019584,0.500000000,0.100000001
2026-07-05 15:04:08.899,1783235048.899462223,503.866583615,1,1,503.854218214,1,0.002271589,5,1,0.000302087,5,1,0,1,0,0,1,1,1,1,1,1,0.260076133,0.200000000,2.400000000,0.000000000,1,11.189694259,12,1,12,1:-1.251:2.428|2:-0.428:2.425|3:0.392:2.424|4:1.223:2.419|5:1.228:1.589|6:0.405:1.588|7:-0.440:1.588|8:-1.261:1.589|9:-1.185:4.911|10:-0.390:4.902|11:0.375:4.903|12:1.182:4.901,1,11.085476266,pickup,3,0,0.000000000,0.000000000,1,11.085464164,1,received,1,237.615246588,completed,1,235.614909707,0,timed out,1,-0.907774568,-52.011651473,-0.007326126,0.012209892,1,1.551553607,88.897473369,-0.002442360,2.085470200,1,-2.519209146,-144.340051805,-0.002442360,1.388034821,1,0.025367737,1.453464255,0.007326126,-0.085470200,1,-0.002876282,-0.164798804,-0.036628723,-0.001221180,-0.904366970,-51.816410516,0.000000000,0.000000000,13.000000000,2.200000048,1.570796371,90.000002504,0.000000000,1.635578275,25.000000000,8.000000000,-2.530727386,-144.999998343,0.000000000,1.635365009,20.000000000,6.500000000,0.000000000,0.000000000,0.000000000,0.247735515,12.000000000,3.200000048,0.000000000,0.000000000,0.000000000,-0.000019584,0.500000000,0.100000001
2026-07-05 15:04:09.901,1783235049.901755571,504.868877123,1,1,504.856511722,1,0.002412589,5,1,0.000489940,5,1,0,1,0,0,1,1,1,1,1,1,0.467933283,0.200000000,2.400000000,0.000000000,1,12.191987767,12,1,12,1:-1.251:2.428|2:-0.428:2.425|3:0.392:2.424|4:1.223:2.419|5:1.228:1.589|6:0.405:1.588|7:-0.440:1.588|8:-1.261:1.589|9:-1.185:4.911|10:-0.390:4.902|11:0.375:4.903|12:1.182:4.901,1,12.087769774,pickup,3,0,0.000000000,0.000000000,1,12.087757672,1,received,1,238.617540096,completed,1,236.617203215,0,timed out,1,-0.907774568,-52.011651473,-0.007326126,0.012209892,1,1.551553607,88.897473369,-0.002442360,2.085470200,1,-2.519209146,-144.340051805,-0.002442360,1.388034821,1,0.025367737,1.453464255,0.007326126,-0.090353966,1,-0.002492905,-0.142832916,0.012210846,-0.001221180,-0.904366970,-51.816410516,0.000000000,0.000000000,13.000000000,2.200000048,1.570796371,90.000002504,0.000000000,1.635578275,25.000000000,8.000000000,-2.530727386,-144.999998343,0.000000000,1.635365009,20.000000000,6.500000000,0.000000000,0.000000000,0.000000000,0.247735515,12.000000000,3.200000048,0.000000000,0.000000000,0.000000000,-0.000019584,0.500000000,0.100000001
2026-07-05 15:04:10.903,1783235050.903695345,505.870816861,1,1,505.858451460,1,0.002491383,5,1,0.000447798,5,1,0,1,0,0,1,1,1,1,1,1,0.586111318,0.200000000,2.400000000,0.000000000,1,13.193927505,12,1,12,1:-1.251:2.428|2:-0.428:2.425|3:0.392:2.424|4:1.223:2.419|5:1.228:1.589|6:0.405:1.588|7:-0.440:1.588|8:-1.261:1.589|9:-1.185:4.911|10:-0.390:4.902|11:0.375:4.903|12:1.182:4.901,1,13.089709512,pickup,3,0,0.000000000,0.000000000,1,13.089697410,1,received,1,239.619479834,completed,1,237.619142953,0,timed out,1,-0.907774568,-52.011651473,-0.007326126,0.017093658,1,1.551553607,88.897473369,-0.002442360,2.085470200,1,-2.519209146,-144.340051805,0.002442360,1.374359131,1,0.025367737,1.453464255,-0.007326126,-0.085470200,1,-0.002492905,-0.142832916,-0.012210846,-0.003663063,-0.904366970,-51.816410516,0.000000000,0.000000000,13.000000000,2.200000048,1.570796371,90.000002504,0.000000000,1.635578275,25.000000000,8.000000000,-2.530727386,-144.999998343,0.000000000,1.635365009,20.000000000,6.500000000,0.000000000,0.000000000,0.000000000,0.247735515,12.000000000,3.200000048,0.000000000,0.000000000,0.000000000,-0.000019584,0.500000000,0.100000001
2026-07-05 15:04:11.905,1783235051.905458212,506.872579506,1,1,506.860214105,1,0.002155491,5,1,0.000415377,5,1,0,1,0,0,1,1,1,1,1,1,1.587873963,0.200000000,2.400000000,0.000000000,1,14.195690150,12,1,12,1:-1.251:2.428|2:-0.428:2.425|3:0.392:2.424|4:1.223:2.419|5:1.228:1.589|6:0.405:1.588|7:-0.440:1.588|8:-1.261:1.589|9:-1.185:4.911|10:-0.390:4.902|11:0.375:4.903|12:1.182:4.901,1,14.091472157,pickup,3,0,0.000000000,0.000000000,1,14.091460055,1,received,1,240.621242479,completed,1,238.620905598,0,timed out,1,-0.907774568,-52.011651473,-0.007326126,0.017093658,1,1.551553607,88.897473369,-0.007326126,2.085470200,1,-2.519209146,-144.340051805,-0.002442360,1.388034821,1,0.025367737,1.453464255,-0.007326126,-0.085470200,1,-0.002876282,-0.164798804,-0.012210846,-0.003663063,-0.904366970,-51.816410516,0.000000000,0.000000000,13.000000000,2.200000048,1.570796371,90.000002504,0.000000000,1.635578275,25.000000000,8.000000000,-2.530727386,-144.999998343,0.000000000,1.635365009,20.000000000,6.500000000,0.000000000,0.000000000,0.000000000,0.247735515,12.000000000,3.200000048,0.000000000,0.000000000,0.000000000,-0.000019584,0.500000000,0.100000001
2026-07-05 15:04:12.907,1783235052.907028675,507.874150089,1,1,507.861784688,1,0.001851397,5,1,0.000260732,5,1,0,1,0,0,1,1,1,1,1,1,2.589444546,0.200000000,2.400000000,0.000000000,1,15.197260733,12,1,12,1:-1.251:2.428|2:-0.428:2.425|3:0.392:2.424|4:1.223:2.419|5:1.228:1.589|6:0.405:1.588|7:-0.440:1.588|8:-1.261:1.589|9:-1.185:4.911|10:-0.390:4.902|11:0.375:4.903|12:1.182:4.901,1,15.093042740,pickup,3,0,0.000000000,0.000000000,1,15.093030638,1,received,1,241.622813062,completed,1,239.622476181,0,timed out,1,-0.907774568,-52.011651473,-0.021978378,0.012209892,1,1.551553607,88.897473369,-0.002442360,2.085470200,1,-2.519209146,-144.340051805,-0.002442360,1.388034821,1,0.024986267,1.431607650,-0.007326126,-0.080586433,1,-0.002492905,-0.142832916,-0.012210846,-0.003663063,-0.904366970,-51.816410516,0.000000000,0.000000000,13.000000000,2.200000048,1.570796371,90.000002504,0.000000000,1.635578275,25.000000000,8.000000000,-2.530727386,-144.999998343,0.000000000,1.635365009,20.000000000,6.500000000,0.000000000,0.000000000,0.000000000,0.247735515,12.000000000,3.200000048,0.000000000,0.000000000,0.000000000,-0.000019584,0.500000000,0.100000001
2026-07-05 15:04:13.908,1783235053.908608198,508.875729620,1,1,508.863364219,1,0.002066476,5,1,0.000393922,5,1,0,1,0,0,1,1,1,1,1,1,3.591024077,0.200000000,2.400000000,0.000000000,1,16.198840264,12,1,12,1:-1.251:2.428|2:-0.428:2.425|3:0.392:2.424|4:1.223:2.419|5:1.228:1.589|6:0.405:1.588|7:-0.440:1.588|8:-1.261:1.589|9:-1.185:4.911|10:-0.390:4.902|11:0.375:4.903|12:1.182:4.901,1,16.094622271,pickup,3,0,0.000000000,0.000000000,1,16.094610169,1,received,1,242.624392593,completed,1,240.624055712,0,timed out,1,-0.907774568,-52.011651473,-0.021978378,0.017093658,1,1.551553607,88.897473369,-0.002442360,2.085470200,1,-2.519209146,-144.340051805,-0.002442360,1.374359131,1,0.024986267,1.431607650,-0.021978378,-0.090353966,1,-0.002492905,-0.142832916,-0.012210846,-0.001221180,-0.904366970,-51.816410516,0.000000000,0.000000000,13.000000000,2.200000048,1.570796371,90.000002504,0.000000000,1.635578275,25.000000000,8.000000000,-2.530727386,-144.999998343,0.000000000,1.635365009,20.000000000,6.500000000,0.000000000,0.000000000,0.000000000,0.247735515,12.000000000,3.200000048,0.000000000,0.000000000,0.000000000,-0.000019584,0.500000000,0.100000001
2026-07-05 15:04:14.909,1783235054.909906864,509.877028399,1,1,509.864662998,1,0.001870517,5,1,0.000446914,5,1,0,1,0,0,1,1,1,1,1,1,4.592322856,0.200000000,2.400000000,0.000000000,1,17.200139043,12,1,12,1:-1.251:2.428|2:-0.428:2.425|3:0.392:2.424|4:1.223:2.419|5:1.228:1.589|6:0.405:1.588|7:-0.440:1.588|8:-1.261:1.589|9:-1.185:4.911|10:-0.390:4.902|11:0.375:4.903|12:1.182:4.901,1,17.095921050,pickup,3,0,0.000000000,0.000000000,1,17.095908948,1,received,1,243.625691372,completed,1,241.625354491,0,timed out,1,-0.907774568,-52.011651473,-0.007326126,0.012209892,1,1.551553607,88.897473369,-0.002442360,2.085470200,1,-2.519209146,-144.340051805,-0.002442360,1.388034821,1,0.025367737,1.453464255,0.007326126,-0.085470200,1,-0.002492905,-0.142832916,-0.012210846,-0.001221180,-0.904366970,-51.816410516,0.000000000,0.000000000,13.000000000,2.200000048,1.570796371,90.000002504,0.000000000,1.635578275,25.000000000,8.000000000,-2.530727386,-144.999998343,0.000000000,1.635365009,20.000000000,6.500000000,0.000000000,0.000000000,0.000000000,0.247735515,12.000000000,3.200000048,0.000000000,0.000000000,0.000000000,-0.000019584,0.500000000,0.100000001
2026-07-05 15:04:15.911,1783235055.911167145,510.878288717,1,1,510.865923316,1,0.002265662,5,1,0.000321704,5,1,0,1,0,0,1,1,1,1,1,1,0.060743261,0.200000000,2.400000000,0.000000000,1,18.201399361,12,1,12,1:-1.251:2.428|2:-0.428:2.425|3:0.392:2.424|4:1.223:2.419|5:1.228:1.589|6:0.405:1.588|7:-0.440:1.588|8:-1.261:1.589|9:-1.185:4.911|10:-0.390:4.902|11:0.375:4.903|12:1.182:4.901,1,18.097181368,pickup,3,0,0.000000000,0.000000000,1,18.097169266,1,received,1,244.626951690,completed,1,242.626614809,0,timed out,1,-0.907774568,-52.011651473,0.007326126,0.017093658,1,1.551553607,88.897473369,-0.007326126,2.085470200,1,-2.519209146,-144.340051805,-0.002442360,1.388034821,1,0.025367737,1.453464255,-0.021978378,-0.090353966,1,-0.002492905,-0.142832916,-0.012210846,-0.003663063,-0.904366970,-51.816410516,0.000000000,0.000000000,13.000000000,2.200000048,1.570796371,90.000002504,0.000000000,1.635578275,25.000000000,8.000000000,-2.530727386,-144.999998343,0.000000000,1.635365009,20.000000000,6.500000000,0.000000000,0.000000000,0.000000000,0.247735515,12.000000000,3.200000048,0.000000000,0.000000000,0.000000000,-0.000019584,0.500000000,0.100000001
2026-07-05 15:04:16.912,1783235056.912277937,511.879399477,1,1,511.867034076,1,0.002161392,5,1,0.010230382,5,1,0,1,0,0,1,1,1,1,1,1,0.080682864,0.200000000,2.400000000,0.000000000,1,19.202510121,12,1,12,1:-1.251:2.428|2:-0.428:2.425|3:0.392:2.424|4:1.223:2.419|5:1.228:1.589|6:0.405:1.588|7:-0.440:1.588|8:-1.261:1.589|9:-1.185:4.911|10:-0.390:4.902|11:0.375:4.903|12:1.182:4.901,1,19.098292128,pickup,3,0,0.000000000,0.000000000,1,19.098280026,1,received,1,245.628062450,completed,1,243.627725569,0,timed out,1,-0.907774568,-52.011651473,-0.007326126,0.017093658,1,1.551553607,88.897473369,-0.002442360,2.085470200,1,-2.519209146,-144.340051805,-0.002442360,1.388034821,1,0.025367737,1.453464255,-0.021978378,-0.085470200,1,-0.002492905,-0.142832916,-0.012210846,-0.001221180,-0.904366970,-51.816410516,0.000000000,0.000000000,13.000000000,2.200000048,1.570796371,90.000002504,0.000000000,1.635578275,25.000000000,8.000000000,-2.530727386,-144.999998343,0.000000000,1.635365009,20.000000000,6.500000000,0.000000000,0.000000000,0.000000000,0.247735515,12.000000000,3.200000048,0.000000000,0.000000000,0.000000000,-0.000019584,0.500000000,0.100000001
2026-07-05 15:04:17.913,1783235057.913384199,512.880505718,1,1,512.868140317,1,0.001929555,5,1,0.000154123,5,1,0,1,0,0,1,1,1,1,1,1,0.040706361,0.200000000,2.400000000,0.000000000,1,20.203616362,12,1,12,1:-1.251:2.428|2:-0.428:2.425|3:0.392:2.424|4:1.223:2.419|5:1.228:1.589|6:0.405:1.588|7:-0.440:1.588|8:-1.261:1.589|9:-1.185:4.911|10:-0.390:4.902|11:0.375:4.903|12:1.182:4.901,1,20.099398369,pickup,3,0,0.000000000,0.000000000,1,20.099386267,1,received,1,246.629168691,completed,1,244.628831810,0,timed out,1,-0.907774568,-52.011651473,-0.007326126,0.017093658,1,1.551553607,88.897473369,-0.002442360,2.085470200,1,-2.519209146,-144.340051805,-0.002442360,1.388034821,1,0.024986267,1.431607650,-0.007326126,-0.085470200,1,-0.002492905,-0.142832916,-0.012210846,-0.003663063,-0.904366970,-51.816410516,0.000000000,0.000000000,13.000000000,2.200000048,1.570796371,90.000002504,0.000000000,1.635578275,25.000000000,8.000000000,-2.530727386,-144.999998343,0.000000000,1.635365009,20.000000000,6.500000000,0.000000000,0.000000000,0.000000000,0.247735515,12.000000000,3.200000048,0.000000000,0.000000000,0.000000000,-0.000019584,0.500000000,0.100000001
2026-07-05 15:04:18.914,1783235058.914436817,513.881558368,1,1,513.869192967,1,0.002127236,5,1,0.000189147,5,1,0,1,0,0,1,1,1,1,1,1,0.781709302,0.200000000,2.400000000,0.000000000,1,21.204669012,12,1,12,1:-1.251:2.428|2:-0.428:2.425|3:0.392:2.424|4:1.223:2.419|5:1.228:1.589|6:0.405:1.588|7:-0.440:1.588|8:-1.261:1.589|9:-1.185:4.911|10:-0.390:4.902|11:0.375:4.903|12:1.182:4.901,1,21.100451019,pickup,3,0,0.000000000,0.000000000,1,21.100438917,1,received,1,247.630221341,completed,1,245.629884460,0,timed out,1,-0.907774568,-52.011651473,0.007326126,0.017093658,1,1.551553607,88.897473369,0.002442360,2.085470200,1,-2.519209146,-144.340051805,-0.002442360,1.388034821,1,0.025367737,1.453464255,-0.007326126,-0.090353966,1,-0.002876282,-0.164798804,-0.012210846,-0.003663063,-0.904366970,-51.816410516,0.000000000,0.000000000,13.000000000,2.200000048,1.570796371,90.000002504,0.000000000,1.635578275,25.000000000,8.000000000,-2.530727386,-144.999998343,0.000000000,1.635365009,20.000000000,6.500000000,0.000000000,0.000000000,0.000000000,0.247735515,12.000000000,3.200000048,0.000000000,0.000000000,0.000000000,-0.000019584,0.500000000,0.100000001
2026-07-05 15:04:19.915,1783235059.915333986,514.882455310,1,1,514.870089909,1,0.001899142,5,1,0.000417606,5,1,0,1,0,0,1,1,1,1,1,1,0.694398434,0.200000000,2.400000000,0.000000000,1,22.205565954,12,1,12,1:-1.251:2.428|2:-0.428:2.425|3:0.392:2.424|4:1.223:2.419|5:1.228:1.589|6:0.405:1.588|7:-0.440:1.588|8:-1.261:1.589|9:-1.185:4.911|10:-0.390:4.902|11:0.375:4.903|12:1.182:4.901,1,22.101347961,pickup,3,0,0.000000000,0.000000000,1,22.101335859,1,received,1,248.631118283,completed,1,246.630781402,0,timed out,1,-0.907774568,-52.011651473,0.007326126,0.017093658,1,1.551553607,88.897473369,-0.002442360,2.085470200,1,-2.519209146,-144.340051805,-0.002442360,1.388034821,1,0.024986267,1.431607650,0.007326126,-0.085470200,1,-0.002876282,-0.164798804,-0.012210846,-0.003663063,-0.904366970,-51.816410516,0.000000000,0.000000000,13.000000000,2.200000048,1.570796371,90.000002504,0.000000000,1.635578275,25.000000000,8.000000000,-2.530727386,-144.999998343,0.000000000,1.635365009,20.000000000,6.500000000,0.000000000,0.000000000,0.000000000,0.247735515,12.000000000,3.200000048,0.000000000,0.000000000,0.000000000,-0.000019584,0.500000000,0.100000001
2026-07-05 15:04:20.916,1783235060.916213989,515.883335562,1,1,515.870970161,1,0.002354500,5,1,0.000311733,5,1,0,1,0,0,1,1,1,1,1,1,0.067317272,0.200000000,2.400000000,0.000000000,1,23.206446206,12,1,12,1:-1.251:2.428|2:-0.428:2.425|3:0.392:2.424|4:1.223:2.419|5:1.228:1.589|6:0.405:1.588|7:-0.440:1.588|8:-1.261:1.589|9:-1.185:4.911|10:-0.390:4.902|11:0.375:4.903|12:1.182:4.901,1,23.102228213,pickup,3,0,0.000000000,0.000000000,1,23.102216111,1,received,1,249.631998535,completed,1,247.631661654,0,timed out,1,-0.907774568,-52.011651473,-0.007326126,0.012209892,1,1.551553607,88.897473369,0.002442360,2.085470200,1,-2.519209146,-144.340051805,0.002442360,1.388034821,1,0.025367737,1.453464255,-0.007326126,-0.085470200,1,-0.002492905,-0.142832916,-0.036628723,-0.001221180,-0.904366970,-51.816410516,0.000000000,0.000000000,13.000000000,2.200000048,1.570796371,90.000002504,0.000000000,1.635578275,25.000000000,8.000000000,-2.530727386,-144.999998343,0.000000000,1.635365009,20.000000000,6.500000000,0.000000000,0.000000000,0.000000000,0.247735515,12.000000000,3.200000048,0.000000000,0.000000000,0.000000000,-0.000019584,0.500000000,0.100000001
2026-07-05 15:04:21.917,1783235061.917164087,516.884285534,1,1,516.871920133,1,0.002206446,5,1,0.000453505,5,1,0,1,0,0,1,1,1,1,1,1,0.822773624,0.200000000,2.400000000,0.000000000,1,24.207396178,12,1,12,1:-1.251:2.428|2:-0.428:2.425|3:0.392:2.424|4:1.223:2.419|5:1.228:1.589|6:0.405:1.588|7:-0.440:1.588|8:-1.261:1.589|9:-1.185:4.911|10:-0.390:4.902|11:0.375:4.903|12:1.182:4.901,1,24.103178185,pickup,3,0,0.000000000,0.000000000,1,24.103166083,1,received,1,250.632948507,completed,1,248.632611626,0,timed out,1,-0.907774568,-52.011651473,0.007326126,0.017093658,1,1.551553607,88.897473369,-0.002442360,2.085470200,1,-2.519209146,-144.340051805,-0.007326126,1.388034821,1,0.025367737,1.453464255,-0.007326126,-0.085470200,1,-0.002876282,-0.164798804,-0.012210846,-0.003663063,-0.904366970,-51.816410516,0.000000000,0.000000000,13.000000000,2.200000048,1.570796371,90.000002504,0.000000000,1.635578275,25.000000000,8.000000000,-2.530727386,-144.999998343,0.000000000,1.635365009,20.000000000,6.500000000,0.000000000,0.000000000,0.000000000,0.247735515,12.000000000,3.200000048,0.000000000,0.000000000,0.000000000,-0.000019584,0.500000000,0.100000001
2026-07-05 15:04:22.918,1783235062.917980909,517.885102277,1,1,517.872736876,1,0.002233079,5,1,0.000392031,5,1,0,1,0,0,1,1,1,1,1,1,1.823590367,0.200000000,2.400000000,0.000000000,1,25.208212921,12,1,12,1:-1.251:2.428|2:-0.428:2.425|3:0.392:2.424|4:1.223:2.419|5:1.228:1.589|6:0.405:1.588|7:-0.440:1.588|8:-1.261:1.589|9:-1.185:4.911|10:-0.390:4.902|11:0.375:4.903|12:1.182:4.901,1,25.103994928,pickup,3,0,0.000000000,0.000000000,1,25.103982826,1,received,1,251.633765250,completed,1,249.633428369,0,timed out,1,-0.907774568,-52.011651473,-0.007326126,0.012209892,1,1.551553607,88.897473369,-0.002442360,2.099145889,1,-2.519209146,-144.340051805,-0.002442360,1.374359131,1,0.025367737,1.453464255,-0.007326126,-0.080586433,1,-0.002492905,-0.142832916,-0.012210846,-0.003663063,-0.904366970,-51.816410516,0.000000000,0.000000000,13.000000000,2.200000048,1.570796371,90.000002504,0.000000000,1.635578275,25.000000000,8.000000000,-2.530727386,-144.999998343,0.000000000,1.635365009,20.000000000,6.500000000,0.000000000,0.000000000,0.000000000,0.247735515,12.000000000,3.200000048,0.000000000,0.000000000,0.000000000,-0.000019584,0.500000000,0.100000001
2026-07-05 15:04:23.918,1783235063.918752193,518.885873590,1,1,518.873508189,1,0.002469854,5,1,0.000498353,5,1,0,1,0,0,1,1,1,1,1,1,0.210064530,0.200000000,2.400000000,0.000000000,1,26.208984234,12,1,12,1:-1.251:2.428|2:-0.428:2.425|3:0.392:2.424|4:1.223:2.419|5:1.228:1.589|6:0.405:1.588|7:-0.440:1.588|8:-1.261:1.589|9:-1.185:4.911|10:-0.390:4.902|11:0.375:4.903|12:1.182:4.901,1,26.104766241,pickup,3,0,0.000000000,0.000000000,1,26.104754139,1,received,1,252.634536563,completed,1,250.634199682,0,timed out,1,-0.907393098,-51.989794868,-0.007326126,0.017093658,1,1.553079486,88.984899790,-0.002442360,2.058118820,1,-2.519209146,-144.340051805,-0.002442360,1.388034821,1,0.025367737,1.453464255,-0.007326126,-0.090353966,1,-0.002876282,-0.164798804,-0.036628723,-0.003663063,-0.904366970,-51.816410516,0.000000000,0.000000000,13.000000000,2.200000048,1.570796371,90.000002504,0.000000000,1.635578275,25.000000000,8.000000000,-2.530727386,-144.999998343,0.000000000,1.635365009,20.000000000,6.500000000,0.000000000,0.000000000,0.000000000,0.247735515,12.000000000,3.200000048,0.000000000,0.000000000,0.000000000,-0.000019584,0.500000000,0.100000001
2026-07-05 15:04:24.919,1783235064.919389009,519.886510377,1,1,519.874144976,1,0.002108110,5,1,0.000206425,5,1,0,1,0,0,1,1,1,1,1,1,0.365570573,0.200000000,2.400000000,0.000000000,1,27.209621021,12,1,12,1:-1.251:2.428|2:-0.428:2.425|3:0.392:2.424|4:1.223:2.419|5:1.228:1.589|6:0.405:1.588|7:-0.440:1.588|8:-1.261:1.589|9:-1.185:4.911|10:-0.390:4.902|11:0.375:4.903|12:1.182:4.901,1,27.105403028,pickup,3,0,0.000000000,0.000000000,1,27.105390926,1,received,1,253.635173350,completed,1,251.634836469,0,timed out,1,-0.907774568,-52.011651473,0.007326126,0.012209892,1,1.553079486,88.984899790,0.002442360,2.058118820,1,-2.519209146,-144.340051805,-0.002442360,1.374359131,1,0.024986267,1.431607650,-0.021978378,-0.085470200,1,-0.002492905,-0.142832916,-0.012210846,-0.003663063,-0.904366970,-51.816410516,0.000000000,0.000000000,13.000000000,2.200000048,1.570796371,90.000002504,0.000000000,1.635578275,25.000000000,8.000000000,-2.530727386,-144.999998343,0.000000000,1.635365009,20.000000000,6.500000000,0.000000000,0.000000000,0.000000000,0.247735515,12.000000000,3.200000048,0.000000000,0.000000000,0.000000000,-0.000019584,0.500000000,0.100000001
2026-07-05 15:04:25.920,1783235065.920028448,520.887149823,1,1,520.874784422,1,0.002207839,5,1,0.000108671,5,1,0,1,0,0,1,1,1,1,1,1,0.917270571,0.200000000,2.400000000,0.000000000,1,28.210260467,12,1,12,1:-1.251:2.428|2:-0.428:2.425|3:0.392:2.424|4:1.223:2.419|5:1.228:1.589|6:0.405:1.588|7:-0.440:1.588|8:-1.261:1.589|9:-1.185:4.911|10:-0.390:4.902|11:0.375:4.903|12:1.182:4.901,1,28.106042474,pickup,3,0,0.000000000,0.000000000,1,28.106030372,1,received,1,254.635812796,completed,1,252.635475915,0,timed out,1,-0.907393098,-51.989794868,-0.007326126,0.012209892,1,1.553079486,88.984899790,0.002442360,2.058118820,1,-2.519209146,-144.340051805,0.002442360,1.388034821,1,0.024986267,1.431607650,-0.021978378,-0.085470200,1,-0.002492905,-0.142832916,-0.012210846,-0.003663063,-0.904366970,-51.816410516,0.000000000,0.000000000,13.000000000,2.200000048,1.570796371,90.000002504,0.000000000,1.635578275,25.000000000,8.000000000,-2.530727386,-144.999998343,0.000000000,1.635365009,20.000000000,6.500000000,0.000000000,0.000000000,0.000000000,0.247735515,12.000000000,3.200000048,0.000000000,0.000000000,0.000000000,-0.000019584,0.500000000,0.100000001
2026-07-05 15:04:26.920,1783235066.920789242,521.887910780,1,1,521.875545379,1,0.001889474,5,1,0.000456301,5,1,0,1,0,0,1,1,1,1,1,1,1.918031528,0.200000000,2.400000000,0.000000000,1,29.211021424,12,1,12,1:-1.251:2.428|2:-0.428:2.425|3:0.392:2.424|4:1.223:2.419|5:1.228:1.589|6:0.405:1.588|7:-0.440:1.588|8:-1.261:1.589|9:-1.185:4.911|10:-0.390:4.902|11:0.375:4.903|12:1.182:4.901,1,29.106803431,pickup,3,0,0.000000000,0.000000000,1,29.106791329,1,received,1,255.636573753,completed,1,253.636236872,0,timed out,1,-0.907393098,-51.989794868,0.007326126,0.017093658,1,1.553079486,88.984899790,-0.002442360,2.058118820,1,-2.519209146,-144.340051805,-0.002442360,1.374359131,1,0.024986267,1.431607650,-0.007326126,-0.085470200,1,-0.002492905,-0.142832916,0.012210846,-0.001221180,-0.904366970,-51.816410516,0.000000000,0.000000000,13.000000000,2.200000048,1.570796371,90.000002504,0.000000000,1.635578275,25.000000000,8.000000000,-2.530727386,-144.999998343,0.000000000,1.635365009,20.000000000,6.500000000,0.000000000,0.000000000,0.000000000,0.247735515,12.000000000,3.200000048,0.000000000,0.000000000,0.000000000,-0.000019584,0.500000000,0.100000001
2026-07-05 15:04:27.921,1783235067.921365261,522.888486750,1,1,522.876121349,1,0.002168957,5,1,0.000288952,5,1,0,1,0,0,1,1,1,1,1,1,0.624061957,0.200000000,2.400000000,0.000000000,1,30.211597394,12,1,12,1:-1.251:2.428|2:-0.428:2.425|3:0.392:2.424|4:1.223:2.419|5:1.228:1.589|6:0.405:1.588|7:-0.440:1.588|8:-1.261:1.589|9:-1.185:4.911|10:-0.390:4.902|11:0.375:4.903|12:1.182:4.901,1,30.107379401,pickup,3,0,0.000000000,0.000000000,1,30.107367299,1,received,1,256.637149723,completed,1,254.636812842,0,timed out,1,-0.907393098,-51.989794868,-0.007326126,0.017093658,1,1.553079486,88.984899790,-0.002442360,2.058118820,1,-2.519209146,-144.340051805,-0.002442360,1.388034821,1,0.024986267,1.431607650,-0.007326126,-0.080586433,1,-0.002492905,-0.142832916,-0.012210846,-0.003663063,-0.904366970,-51.816410516,0.000000000,0.000000000,13.000000000,2.200000048,1.570796371,90.000002504,0.000000000,1.635578275,25.000000000,8.000000000,-2.530727386,-144.999998343,0.000000000,1.635365009,20.000000000,6.500000000,0.000000000,0.000000000,0.000000000,0.247735515,12.000000000,3.200000048,0.000000000,0.000000000,0.000000000,-0.000019584,0.500000000,0.100000001
2026-07-05 15:04:28.922,1783235068.922156096,523.889277346,1,1,523.876911945,1,0.002120359,5,1,0.000545755,5,1,0,1,0,0,1,1,1,1,1,1,0.179962986,0.200000000,2.400000000,0.000000000,1,31.212387990,12,1,12,1:-1.251:2.428|2:-0.428:2.425|3:0.392:2.424|4:1.223:2.419|5:1.228:1.589|6:0.405:1.588|7:-0.440:1.588|8:-1.261:1.589|9:-1.185:4.911|10:-0.390:4.902|11:0.375:4.903|12:1.182:4.901,1,31.108169997,pickup,3,0,0.000000000,0.000000000,1,31.108157895,1,received,1,257.637940319,completed,1,255.637603438,0,timed out,1,-0.907393098,-51.989794868,-0.007326126,0.012209892,1,1.553079486,88.984899790,-0.002442360,2.058118820,1,-2.519209146,-144.340051805,-0.002442360,1.374359131,1,0.024986267,1.431607650,-0.007326126,-0.080586433,1,-0.002492905,-0.142832916,-0.012210846,-0.003663063,-0.904366970,-51.816410516,0.000000000,0.000000000,13.000000000,2.200000048,1.570796371,90.000002504,0.000000000,1.635578275,25.000000000,8.000000000,-2.530727386,-144.999998343,0.000000000,1.635365009,20.000000000,6.500000000,0.000000000,0.000000000,0.000000000,0.247735515,12.000000000,3.200000048,0.000000000,0.000000000,0.000000000,-0.000019584,0.500000000,0.100000001
2026-07-05 15:04:29.922,1783235069.922749758,524.889871144,1,1,524.877505743,1,0.002357515,5,1,0.000429712,5,1,0,1,0,0,1,1,1,1,1,1,0.961797259,0.200000000,2.400000000,0.000000000,1,32.212981788,12,1,12,1:-1.251:2.428|2:-0.428:2.425|3:0.392:2.424|4:1.223:2.419|5:1.228:1.589|6:0.405:1.588|7:-0.440:1.588|8:-1.261:1.589|9:-1.185:4.911|10:-0.390:4.902|11:0.375:4.903|12:1.182:4.901,1,32.108763795,pickup,3,0,0.000000000,0.000000000,1,32.108751693,1,received,1,258.638534117,completed,1,256.638197236,0,timed out,1,-0.907393098,-51.989794868,-0.007326126,0.012209892,1,1.553079486,88.984899790,0.002442360,2.071794510,1,-2.519209146,-144.340051805,-0.002442360,1.388034821,1,0.024986267,1.431607650,-0.007326126,-0.080586433,1,-0.002492905,-0.142832916,-0.036628723,-0.003663063,-0.904366970,-51.816410516,0.000000000,0.000000000,13.000000000,2.200000048,1.570796371,90.000002504,0.000000000,1.635578275,25.000000000,8.000000000,-2.530727386,-144.999998343,0.000000000,1.635365009,20.000000000,6.500000000,0.000000000,0.000000000,0.000000000,0.247735515,12.000000000,3.200000048,0.000000000,0.000000000,0.000000000,-0.000019584,0.500000000,0.100000001
2026-07-05 15:04:30.923,1783235070.923269749,525.890390991,1,1,525.878025590,1,0.002195723,5,1,0.000221559,5,1,0,1,0,0,1,1,1,1,1,1,0.716688147,0.200000000,2.400000000,0.000000000,1,33.213501635,12,1,12,1:-1.251:2.428|2:-0.428:2.425|3:0.392:2.424|4:1.223:2.419|5:1.228:1.589|6:0.405:1.588|7:-0.440:1.588|8:-1.261:1.589|9:-1.185:4.911|10:-0.390:4.902|11:0.375:4.903|12:1.182:4.901,1,33.109283642,pickup,3,0,0.000000000,0.000000000,1,33.109271540,1,received,1,259.639053964,completed,1,257.638717083,0,timed out,1,-0.907393098,-51.989794868,-0.007326126,0.017093658,1,1.553079486,88.984899790,-0.002442360,2.058118820,1,-2.519209146,-144.340051805,0.002442360,1.388034821,1,0.024986267,1.431607650,-0.007326126,-0.085470200,1,-0.002492905,-0.142832916,0.012210846,-0.001221180,-0.904366970,-51.816410516,0.000000000,0.000000000,13.000000000,2.200000048,1.570796371,90.000002504,0.000000000,1.635578275,25.000000000,8.000000000,-2.530727386,-144.999998343,0.000000000,1.635365009,20.000000000,6.500000000,0.000000000,0.000000000,0.000000000,0.247735515,12.000000000,3.200000048,0.000000000,0.000000000,0.000000000,-0.000019584,0.500000000,0.100000001
2026-07-05 15:04:31.924,1783235071.923954964,526.891076426,1,1,526.878711025,1,0.002535234,5,1,0.000424930,5,1,0,1,0,0,1,1,1,1,1,1,0.323897674,0.200000000,2.400000000,0.000000000,1,34.214187070,12,1,12,1:-1.251:2.428|2:-0.428:2.425|3:0.392:2.424|4:1.223:2.419|5:1.228:1.589|6:0.405:1.588|7:-0.440:1.588|8:-1.261:1.589|9:-1.185:4.911|10:-0.390:4.902|11:0.375:4.903|12:1.182:4.901,1,34.109969077,pickup,3,0,0.000000000,0.000000000,1,34.109956975,1,received,1,260.639739399,completed,1,258.639402518,0,timed out,1,-0.907393098,-51.989794868,-0.007326126,0.017093658,1,1.553079486,88.984899790,-0.002442360,2.058118820,1,-2.519209146,-144.340051805,-0.002442360,1.388034821,1,0.024986267,1.431607650,-0.021978378,-0.080586433,1,-0.002492905,-0.142832916,-0.012210846,-0.001221180,-0.904366970,-51.816410516,0.000000000,0.000000000,13.000000000,2.200000048,1.570796371,90.000002504,0.000000000,1.635578275,25.000000000,8.000000000,-2.530727386,-144.999998343,0.000000000,1.635365009,20.000000000,6.500000000,0.000000000,0.000000000,0.000000000,0.247735515,12.000000000,3.200000048,0.000000000,0.000000000,0.000000000,-0.000019584,0.500000000,0.100000001
2026-07-05 15:04:32.924,1783235072.924427271,527.891548759,1,1,527.879183358,1,0.002358409,5,1,0.000225712,5,1,0,1,0,0,1,1,1,1,1,1,0.215772753,0.200000000,2.400000000,0.000000000,1,35.214659403,12,1,12,1:-1.251:2.428|2:-0.428:2.425|3:0.392:2.424|4:1.223:2.419|5:1.228:1.589|6:0.405:1.588|7:-0.440:1.588|8:-1.261:1.589|9:-1.185:4.911|10:-0.390:4.902|11:0.375:4.903|12:1.182:4.901,1,35.110441410,pickup,3,0,0.000000000,0.000000000,1,35.110429308,1,received,1,261.640211732,completed,1,259.639874851,0,timed out,1,-0.907393098,-51.989794868,-0.007326126,0.012209892,1,1.553079486,88.984899790,-0.002442360,2.058118820,1,-2.519209146,-144.340051805,-0.002442360,1.374359131,1,0.024986267,1.431607650,0.007326126,-0.085470200,1,-0.002492905,-0.142832916,0.012210846,-0.003663063,-0.904366970,-51.816410516,0.000000000,0.000000000,13.000000000,2.200000048,1.570796371,90.000002504,0.000000000,1.635578275,25.000000000,8.000000000,-2.530727386,-144.999998343,0.000000000,1.635365009,20.000000000,6.500000000,0.000000000,0.000000000,0.000000000,0.247735515,12.000000000,3.200000048,0.000000000,0.000000000,0.000000000,-0.000019584,0.500000000,0.100000001
2026-07-05 15:04:33.925,1783235073.925080776,528.892202347,1,1,528.879836946,1,0.002430430,5,1,0.000411127,5,1,0,1,0,0,1,1,1,1,1,1,0.411683067,0.200000000,2.400000000,0.000000000,1,36.215312991,12,1,12,1:-1.251:2.428|2:-0.428:2.425|3:0.392:2.424|4:1.223:2.419|5:1.228:1.589|6:0.405:1.588|7:-0.440:1.588|8:-1.261:1.589|9:-1.185:4.911|10:-0.390:4.902|11:0.375:4.903|12:1.182:4.901,1,36.111094998,pickup,3,0,0.000000000,0.000000000,1,36.111082896,1,received,1,262.640865320,completed,1,260.640528439,0,timed out,1,-0.907393098,-51.989794868,0.007326126,0.017093658,1,1.553079486,88.984899790,-0.002442360,2.044445038,1,-2.519209146,-144.340051805,-0.002442360,1.388034821,1,0.024986267,1.431607650,-0.007326126,-0.085470200,1,-0.002492905,-0.142832916,-0.012210846,-0.003663063,-0.904366970,-51.816410516,0.000000000,0.000000000,13.000000000,2.200000048,1.570796371,90.000002504,0.000000000,1.635578275,25.000000000,8.000000000,-2.530727386,-144.999998343,0.000000000,1.635365009,20.000000000,6.500000000,0.000000000,0.000000000,0.000000000,0.247735515,12.000000000,3.200000048,0.000000000,0.000000000,0.000000000,-0.000019584,0.500000000,0.100000001
2026-07-05 15:04:34.925,1783235074.925574303,529.892695778,1,1,529.880330377,1,0.002100738,5,1,0.000302247,5,1,0,1,0,0,1,1,1,1,1,1,1.412176498,0.200000000,2.400000000,0.000000000,1,37.215806422,12,1,12,1:-1.251:2.428|2:-0.428:2.425|3:0.392:2.424|4:1.223:2.419|5:1.228:1.589|6:0.405:1.588|7:-0.440:1.588|8:-1.261:1.589|9:-1.185:4.911|10:-0.390:4.902|11:0.375:4.903|12:1.182:4.901,1,37.111588429,pickup,3,0,0.000000000,0.000000000,1,37.111576327,1,received,1,263.641358751,completed,1,261.641021870,0,timed out,1,-0.907393098,-51.989794868,0.007326126,0.012209892,1,1.553079486,88.984899790,0.002442360,2.071794510,1,-2.519209146,-144.340051805,-0.002442360,1.388034821,1,0.024986267,1.431607650,-0.007326126,-0.080586433,1,-0.002492905,-0.142832916,-0.036628723,-0.003663063,-0.904366970,-51.816410516,0.000000000,0.000000000,13.000000000,2.200000048,1.570796371,90.000002504,0.000000000,1.635578275,25.000000000,8.000000000,-2.530727386,-144.999998343,0.000000000,1.635365009,20.000000000,6.500000000,0.000000000,0.000000000,0.000000000,0.247735515,12.000000000,3.200000048,0.000000000,0.000000000,0.000000000,-0.000019584,0.500000000,0.100000001
2026-07-05 15:04:35.926,1783235075.926096678,530.893217960,1,1,530.880852559,1,0.002043136,5,1,0.000337647,5,1,0,1,0,0,1,1,1,1,1,1,2.412698680,0.200000000,2.400000000,0.000000000,1,38.216328604,12,1,12,1:-1.251:2.428|2:-0.428:2.425|3:0.392:2.424|4:1.223:2.419|5:1.228:1.589|6:0.405:1.588|7:-0.440:1.588|8:-1.261:1.589|9:-1.185:4.911|10:-0.390:4.902|11:0.375:4.903|12:1.182:4.901,1,38.112110611,pickup,3,0,0.000000000,0.000000000,1,38.112098509,1,received,1,264.641880933,completed,1,262.641544052,0,timed out,1,-0.907774568,-52.011651473,-0.007326126,0.017093658,1,1.553079486,88.984899790,-0.002442360,2.058118820,1,-2.519209146,-144.340051805,-0.002442360,1.388034821,1,0.024986267,1.431607650,-0.007326126,-0.085470200,1,-0.002876282,-0.164798804,-0.012210846,-0.001221180,-0.904366970,-51.816410516,0.000000000,0.000000000,13.000000000,2.200000048,1.570796371,90.000002504,0.000000000,1.635578275,25.000000000,8.000000000,-2.530727386,-144.999998343,0.000000000,1.635365009,20.000000000,6.500000000,0.000000000,0.000000000,0.000000000,0.247735515,12.000000000,3.200000048,0.000000000,0.000000000,0.000000000,-0.000019584,0.500000000,0.100000001
2026-07-05 15:04:36.926,1783235076.926690340,531.893811788,1,1,531.881446387,1,0.002083140,5,1,0.000537780,5,1,0,1,0,0,1,1,1,1,1,1,0.604509147,0.200000000,2.400000000,0.000000000,1,39.216922432,12,1,12,1:-1.251:2.428|2:-0.428:2.425|3:0.392:2.424|4:1.223:2.419|5:1.228:1.589|6:0.405:1.588|7:-0.440:1.588|8:-1.261:1.589|9:-1.185:4.911|10:-0.390:4.902|11:0.375:4.903|12:1.182:4.901,1,39.112704439,pickup,3,0,0.000000000,0.000000000,1,39.112692337,1,received,1,265.642474761,completed,1,263.642137880,0,timed out,1,-0.907393098,-51.989794868,0.007326126,0.012209892,1,1.553079486,88.984899790,-0.002442360,2.058118820,1,-2.519209146,-144.340051805,-0.002442360,1.388034821,1,0.024986267,1.431607650,-0.007326126,-0.080586433,1,-0.002492905,-0.142832916,-0.012210846,-0.001221180,-0.904366970,-51.816410516,0.000000000,0.000000000,13.000000000,2.200000048,1.570796371,90.000002504,0.000000000,1.635578275,25.000000000,8.000000000,-2.530727386,-144.999998343,0.000000000,1.635365009,20.000000000,6.500000000,0.000000000,0.000000000,0.000000000,0.247735515,12.000000000,3.200000048,0.000000000,0.000000000,0.000000000,-0.000019584,0.500000000,0.100000001
2026-07-05 15:04:37.927,1783235077.927315712,532.894437024,1,1,532.882071623,1,0.002374352,5,1,0.000520881,5,1,0,1,0,0,1,1,1,1,1,1,1.605134383,0.200000000,2.400000000,0.000000000,1,40.217547668,12,1,12,1:-1.251:2.428|2:-0.428:2.425|3:0.392:2.424|4:1.223:2.419|5:1.228:1.589|6:0.405:1.588|7:-0.440:1.588|8:-1.261:1.589|9:-1.185:4.911|10:-0.390:4.902|11:0.375:4.903|12:1.182:4.901,1,40.113329675,pickup,3,0,0.000000000,0.000000000,1,40.113317573,1,received,1,266.643099997,completed,1,264.642763116,0,timed out,1,-0.907393098,-51.989794868,0.007326126,0.012209892,1,1.553079486,88.984899790,-0.002442360,2.058118820,1,-2.519209146,-144.340051805,-0.007326126,1.388034821,1,0.024986267,1.431607650,-0.007326126,-0.080586433,1,-0.002492905,-0.142832916,-0.012210846,-0.003663063,-0.904366970,-51.816410516,0.000000000,0.000000000,13.000000000,2.200000048,1.570796371,90.000002504,0.000000000,1.635578275,25.000000000,8.000000000,-2.530727386,-144.999998343,0.000000000,1.635365009,20.000000000,6.500000000,0.000000000,0.000000000,0.000000000,0.247735515,12.000000000,3.200000048,0.000000000,0.000000000,0.000000000,-0.000019584,0.500000000,0.100000001
2026-07-05 15:04:38.927,1783235078.927826166,533.894947699,1,1,533.882582298,1,0.002194146,5,1,0.000356567,5,1,0,1,0,0,1,1,1,1,1,1,2.605645058,0.200000000,2.400000000,0.000000000,1,41.218058343,12,1,12,1:-1.251:2.428|2:-0.428:2.425|3:0.392:2.424|4:1.223:2.419|5:1.228:1.589|6:0.405:1.588|7:-0.440:1.588|8:-1.261:1.589|9:-1.185:4.911|10:-0.390:4.902|11:0.375:4.903|12:1.182:4.901,1,41.113840350,pickup,3,0,0.000000000,0.000000000,1,41.113828248,1,received,1,267.643610672,completed,1,265.643273791,0,timed out,1,-0.907393098,-51.989794868,-0.007326126,0.012209892,1,1.553079486,88.984899790,-0.002442360,2.058118820,1,-2.519209146,-144.340051805,-0.002442360,1.388034821,1,0.024986267,1.431607650,-0.007326126,-0.085470200,1,-0.002492905,-0.142832916,-0.036628723,-0.003663063,-0.904366970,-51.816410516,0.000000000,0.000000000,13.000000000,2.200000048,1.570796371,90.000002504,0.000000000,1.635578275,25.000000000,8.000000000,-2.530727386,-144.999998343,0.000000000,1.635365009,20.000000000,6.500000000,0.000000000,0.000000000,0.000000000,0.247735515,12.000000000,3.200000048,0.000000000,0.000000000,0.000000000,-0.000019584,0.500000000,0.100000001
2026-07-05 15:04:39.928,1783235079.928247452,534.895368883,1,1,534.883003482,1,0.002285799,5,1,0.000312377,5,1,0,1,0,0,1,1,1,1,1,1,3.606066242,0.200000000,2.400000000,0.000000000,1,42.218479527,12,1,12,1:-1.251:2.428|2:-0.428:2.425|3:0.392:2.424|4:1.223:2.419|5:1.228:1.589|6:0.405:1.588|7:-0.440:1.588|8:-1.261:1.589|9:-1.185:4.911|10:-0.390:4.902|11:0.375:4.903|12:1.182:4.901,1,42.114261534,pickup,3,0,0.000000000,0.000000000,1,42.114249432,1,received,1,268.644031856,completed,1,266.643694975,0,timed out,1,-0.907393098,-51.989794868,-0.007326126,0.012209892,1,1.553079486,88.984899790,-0.002442360,2.058118820,1,-2.519209146,-144.340051805,-0.007326126,1.388034821,1,0.024986267,1.431607650,-0.007326126,-0.080586433,1,-0.002876282,-0.164798804,0.012210846,-0.003663063,-0.904366970,-51.816410516,0.000000000,0.000000000,13.000000000,2.200000048,1.570796371,90.000002504,0.000000000,1.635578275,25.000000000,8.000000000,-2.530727386,-144.999998343,0.000000000,1.635365009,20.000000000,6.500000000,0.000000000,0.000000000,0.000000000,0.247735515,12.000000000,3.200000048,0.000000000,0.000000000,0.000000000,-0.000019584,0.500000000,0.100000001
2026-07-05 15:04:40.928,1783235080.928843260,535.895964603,1,1,535.883599202,1,0.002046166,5,1,0.000349631,5,1,0,1,0,0,1,1,1,1,1,1,4.606661962,0.200000000,2.400000000,0.000000000,1,43.219075247,12,1,12,1:-1.251:2.428|2:-0.428:2.425|3:0.392:2.424|4:1.223:2.419|5:1.228:1.589|6:0.405:1.588|7:-0.440:1.588|8:-1.261:1.589|9:-1.185:4.911|10:-0.390:4.902|11:0.375:4.903|12:1.182:4.901,1,43.114857254,pickup,3,0,0.000000000,0.000000000,1,43.114845152,1,received,1,269.644627576,completed,1,267.644290695,0,timed out,1,-0.907393098,-51.989794868,-0.007326126,0.017093658,1,1.553079486,88.984899790,-0.002442360,2.058118820,1,-2.519209146,-144.340051805,-0.002442360,1.388034821,1,0.024986267,1.431607650,-0.007326126,-0.085470200,1,-0.002492905,-0.142832916,-0.012210846,-0.003663063,-0.904366970,-51.816410516,0.000000000,0.000000000,13.000000000,2.200000048,1.570796371,90.000002504,0.000000000,1.635578275,25.000000000,8.000000000,-2.530727386,-144.999998343,0.000000000,1.635365009,20.000000000,6.500000000,0.000000000,0.000000000,0.000000000,0.247735515,12.000000000,3.200000048,0.000000000,0.000000000,0.000000000,-0.000019584,0.500000000,0.100000001
2026-07-05 15:04:41.929,1783235081.929264784,536.896386219,1,1,536.884020818,1,0.002005639,5,1,0.000199150,5,1,0,1,0,0,1,1,1,1,1,1,5.607083578,0.200000000,2.400000000,0.000000000,1,44.219496863,12,1,12,1:-1.251:2.428|2:-0.428:2.425|3:0.392:2.424|4:1.223:2.419|5:1.228:1.589|6:0.405:1.588|7:-0.440:1.588|8:-1.261:1.589|9:-1.185:4.911|10:-0.390:4.902|11:0.375:4.903|12:1.182:4.901,1,44.115278870,pickup,3,0,0.000000000,0.000000000,1,44.115266768,1,received,1,270.645049192,completed,1,268.644712311,0,timed out,1,-0.907774568,-52.011651473,-0.007326126,0.012209892,1,1.553079486,88.984899790,-0.002442360,2.058118820,1,-2.519209146,-144.340051805,0.002442360,1.388034821,1,0.024986267,1.431607650,0.007326126,-0.080586433,1,-0.002492905,-0.142832916,-0.012210846,-0.003663063,-0.904366970,-51.816410516,0.000000000,0.000000000,13.000000000,2.200000048,1.570796371,90.000002504,0.000000000,1.635578275,25.000000000,8.000000000,-2.530727386,-144.999998343,0.000000000,1.635365009,20.000000000,6.500000000,0.000000000,0.000000000,0.000000000,0.247735515,12.000000000,3.200000048,0.000000000,0.000000000,0.000000000,-0.000019584,0.500000000,0.100000001
2026-07-05 15:04:42.929,1783235082.929881811,537.897003271,1,1,537.884637870,1,0.002513920,5,1,0.000446962,5,1,0,1,0,0,1,1,1,1,1,1,6.607700630,0.200000000,2.400000000,0.000000000,1,45.220113915,12,1,12,1:-1.251:2.428|2:-0.428:2.425|3:0.392:2.424|4:1.223:2.419|5:1.228:1.589|6:0.405:1.588|7:-0.440:1.588|8:-1.261:1.589|9:-1.185:4.911|10:-0.390:4.902|11:0.375:4.903|12:1.182:4.901,1,45.115895922,pickup,3,0,0.000000000,0.000000000,1,45.115883820,1,received,1,271.645666244,completed,1,269.645329363,0,timed out,1,-0.907393098,-51.989794868,-0.007326126,0.012209892,1,1.553079486,88.984899790,-0.002442360,2.058118820,1,-2.519209146,-144.340051805,-0.002442360,1.388034821,1,0.024986267,1.431607650,0.007326126,-0.080586433,1,-0.002492905,-0.142832916,0.012210846,-0.001221180,-0.904366970,-51.816410516,0.000000000,0.000000000,13.000000000,2.200000048,1.570796371,90.000002504,0.000000000,1.635578275,25.000000000,8.000000000,-2.530727386,-144.999998343,0.000000000,1.635365009,20.000000000,6.500000000,0.000000000,0.000000000,0.000000000,0.247735515,12.000000000,3.200000048,0.000000000,0.000000000,0.000000000,-0.000019584,0.500000000,0.100000001
2026-07-05 15:04:43.930,1783235083.930336714,538.897458201,1,1,538.885092800,1,0.002036863,5,1,0.000303336,5,1,0,1,0,0,1,1,1,1,1,1,0.236044062,0.200000000,2.400000000,0.000000000,1,46.220568845,12,1,12,1:-1.251:2.428|2:-0.428:2.425|3:0.392:2.424|4:1.223:2.419|5:1.228:1.589|6:0.405:1.588|7:-0.440:1.588|8:-1.261:1.589|9:-1.185:4.911|10:-0.390:4.902|11:0.375:4.903|12:1.182:4.901,1,46.116350852,pickup,3,0,0.000000000,0.000000000,1,46.116338750,1,received,1,272.646121174,completed,1,270.645784293,0,timed out,1,-0.907393098,-51.989794868,-0.007326126,0.017093658,1,1.553079486,88.984899790,0.002442360,2.058118820,1,-2.519209146,-144.340051805,-0.007326126,1.388034821,1,0.024986267,1.431607650,-0.007326126,-0.090353966,1,-0.002492905,-0.142832916,0.012210846,-0.003663063,-0.904366970,-51.816410516,0.000000000,0.000000000,13.000000000,2.200000048,1.570796371,90.000002504,0.000000000,1.635578275,25.000000000,8.000000000,-2.530727386,-144.999998343,0.000000000,1.635365009,20.000000000,6.500000000,0.000000000,0.000000000,0.000000000,0.247735515,12.000000000,3.200000048,0.000000000,0.000000000,0.000000000,-0.000019584,0.500000000,0.100000001
2026-07-05 15:04:44.930,1783235084.930887938,539.898009260,1,1,539.885643859,1,0.002020395,5,1,0.000315962,5,1,0,1,0,0,1,1,1,1,1,1,1.236595121,0.200000000,2.400000000,0.000000000,1,47.221119904,12,1,12,1:-1.251:2.428|2:-0.428:2.425|3:0.392:2.424|4:1.223:2.419|5:1.228:1.589|6:0.405:1.588|7:-0.440:1.588|8:-1.261:1.589|9:-1.185:4.911|10:-0.390:4.902|11:0.375:4.903|12:1.182:4.901,1,47.116901911,pickup,3,0,0.000000000,0.000000000,1,47.116889809,1,received,1,273.646672233,completed,1,271.646335352,0,timed out,1,-0.907774568,-52.011651473,-0.007326126,0.012209892,1,1.553079486,88.984899790,0.002442360,2.058118820,1,-2.519209146,-144.340051805,-0.002442360,1.388034821,1,0.024986267,1.431607650,-0.007326126,-0.080586433,1,-0.002876282,-0.164798804,-0.036628723,-0.001221180,-0.904366970,-51.816410516,0.000000000,0.000000000,13.000000000,2.200000048,1.570796371,90.000002504,0.000000000,1.635578275,25.000000000,8.000000000,-2.530727386,-144.999998343,0.000000000,1.635365009,20.000000000,6.500000000,0.000000000,0.000000000,0.000000000,0.247735515,12.000000000,3.200000048,0.000000000,0.000000000,0.000000000,-0.000019584,0.500000000,0.100000001
2026-07-05 15:04:45.931,1783235085.931442738,540.898564222,1,1,540.886198821,1,0.002305813,5,1,0.000306329,5,1,0,1,0,0,1,1,1,1,1,1,2.237150083,0.200000000,2.400000000,0.000000000,1,48.221674866,12,1,12,1:-1.251:2.428|2:-0.428:2.425|3:0.392:2.424|4:1.223:2.419|5:1.228:1.589|6:0.405:1.588|7:-0.440:1.588|8:-1.261:1.589|9:-1.185:4.911|10:-0.390:4.902|11:0.375:4.903|12:1.182:4.901,1,48.117456873,pickup,3,0,0.000000000,0.000000000,1,48.117444771,1,received,1,274.647227195,completed,1,272.646890314,0,timed out,1,-0.907393098,-51.989794868,-0.007326126,0.012209892,1,1.553079486,88.984899790,-0.002442360,2.058118820,1,-2.519209146,-144.340051805,-0.002442360,1.388034821,1,0.024986267,1.431607650,-0.007326126,-0.080586433,1,-0.002492905,-0.142832916,0.012210846,-0.001221180,-0.904366970,-51.816410516,0.000000000,0.000000000,13.000000000,2.200000048,1.570796371,90.000002504,0.000000000,1.635578275,25.000000000,8.000000000,-2.530727386,-144.999998343,0.000000000,1.635365009,20.000000000,6.500000000,0.000000000,0.000000000,0.000000000,0.247735515,12.000000000,3.200000048,0.000000000,0.000000000,0.000000000,-0.000019584,0.500000000,0.100000001
2026-07-05 15:04:46.932,1783235086.932013988,541.899135555,1,1,541.886770154,1,0.002414087,5,1,0.000590170,5,1,0,1,0,0,1,1,1,1,1,1,3.237721416,0.200000000,2.400000000,0.000000000,1,49.222246199,12,1,12,1:-1.251:2.428|2:-0.428:2.425|3:0.392:2.424|4:1.223:2.419|5:1.228:1.589|6:0.405:1.588|7:-0.440:1.588|8:-1.261:1.589|9:-1.185:4.911|10:-0.390:4.902|11:0.375:4.903|12:1.182:4.901,1,49.118028206,pickup,3,0,0.000000000,0.000000000,1,49.118016104,1,received,1,275.647798528,completed,1,273.647461647,0,timed out,1,-0.907393098,-51.989794868,-0.007326126,0.017093658,1,1.553079486,88.984899790,-0.002442360,2.058118820,1,-2.519209146,-144.340051805,-0.002442360,1.374359131,1,0.024986267,1.431607650,-0.007326126,-0.080586433,1,-0.002492905,-0.142832916,0.012210846,-0.003663063,-0.904366970,-51.816410516,0.000000000,0.000000000,13.000000000,2.200000048,1.570796371,90.000002504,0.000000000,1.635578275,25.000000000,8.000000000,-2.530727386,-144.999998343,0.000000000,1.635365009,20.000000000,6.500000000,0.000000000,0.000000000,0.000000000,0.247735515,12.000000000,3.200000048,0.000000000,0.000000000,0.000000000,-0.000019584,0.500000000,0.100000001
2026-07-05 15:04:47.932,1783235087.932386160,542.899507597,1,1,542.887142196,1,0.002223172,5,1,0.000353176,5,1,0,1,0,0,1,1,1,1,1,1,0.608972910,0.200000000,2.400000000,0.000000000,1,50.222618241,12,1,12,1:-1.251:2.428|2:-0.428:2.425|3:0.392:2.424|4:1.223:2.419|5:1.228:1.589|6:0.405:1.588|7:-0.440:1.588|8:-1.261:1.589|9:-1.185:4.911|10:-0.390:4.902|11:0.375:4.903|12:1.182:4.901,1,50.118400248,pickup,3,0,0.000000000,0.000000000,1,50.118388146,1,received,1,276.648170570,completed,1,274.647833689,0,timed out,1,-0.907393098,-51.989794868,-0.007326126,0.012209892,1,1.553079486,88.984899790,-0.002442360,2.058118820,1,-2.519209146,-144.340051805,-0.002442360,1.374359131,1,0.024604797,1.409751045,-0.007326126,-0.080586433,1,-0.002492905,-0.142832916,0.012210846,-0.003663063,-0.904366970,-51.816410516,0.000000000,0.000000000,13.000000000,2.200000048,1.570796371,90.000002504,0.000000000,1.635578275,25.000000000,8.000000000,-2.530727386,-144.999998343,0.000000000,1.635365009,20.000000000,6.500000000,0.000000000,0.000000000,0.000000000,0.247735515,12.000000000,3.200000048,0.000000000,0.000000000,0.000000000,-0.000019584,0.500000000,0.100000001
2026-07-05 15:04:48.933,1783235088.932949543,543.900071004,1,1,543.887705603,1,0.002255609,5,1,0.000448101,5,1,0,1,0,0,1,1,1,1,1,1,1.609536317,0.200000000,2.400000000,0.000000000,1,51.223181648,12,1,12,1:-1.251:2.428|2:-0.428:2.425|3:0.392:2.424|4:1.223:2.419|5:1.228:1.589|6:0.405:1.588|7:-0.440:1.588|8:-1.261:1.589|9:-1.185:4.911|10:-0.390:4.902|11:0.375:4.903|12:1.182:4.901,1,51.118963655,pickup,3,0,0.000000000,0.000000000,1,51.118951553,1,received,1,277.648733977,completed,1,275.648397096,0,timed out,1,-0.907393098,-51.989794868,-0.007326126,0.012209892,1,1.553079486,88.984899790,-0.002442360,2.058118820,1,-2.519209146,-144.340051805,-0.002442360,1.388034821,1,0.024986267,1.431607650,0.007326126,-0.080586433,1,-0.002492905,-0.142832916,0.012210846,-0.001221180,-0.904366970,-51.816410516,0.000000000,0.000000000,13.000000000,2.200000048,1.570796371,90.000002504,0.000000000,1.635578275,25.000000000,8.000000000,-2.530727386,-144.999998343,0.000000000,1.635365009,20.000000000,6.500000000,0.000000000,0.000000000,0.000000000,0.247735515,12.000000000,3.200000048,0.000000000,0.000000000,0.000000000,-0.000019584,0.500000000,0.100000001
2026-07-05 15:04:49.933,1783235089.933410645,544.900531923,1,1,544.888166522,1,0.001897755,5,1,0.000287530,5,1,0,1,0,0,1,1,1,1,1,1,2.609997236,0.200000000,2.400000000,0.000000000,1,52.223642567,12,1,12,1:-1.251:2.428|2:-0.428:2.425|3:0.392:2.424|4:1.223:2.419|5:1.228:1.589|6:0.405:1.588|7:-0.440:1.588|8:-1.261:1.589|9:-1.185:4.911|10:-0.390:4.902|11:0.375:4.903|12:1.182:4.901,1,52.119424574,pickup,3,0,0.000000000,0.000000000,1,52.119412472,1,received,1,278.649194896,completed,1,276.648858015,0,timed out,1,-0.907393098,-51.989794868,-0.007326126,0.012209892,1,1.553079486,88.984899790,0.002442360,2.058118820,1,-2.519209146,-144.340051805,-0.002442360,1.388034821,1,0.024604797,1.409751045,-0.007326126,-0.085470200,1,-0.002492905,-0.142832916,0.012210846,-0.003663063,-0.904366970,-51.816410516,0.000000000,0.000000000,13.000000000,2.200000048,1.570796371,90.000002504,0.000000000,1.635578275,25.000000000,8.000000000,-2.530727386,-144.999998343,0.000000000,1.635365009,20.000000000,6.500000000,0.000000000,0.000000000,0.000000000,0.247735515,12.000000000,3.200000048,0.000000000,0.000000000,0.000000000,-0.000019584,0.500000000,0.100000001
2026-07-05 15:04:50.933,1783235090.933943272,545.901064644,1,1,545.888699243,1,0.001956182,5,1,0.000343559,5,1,0,1,0,0,1,1,1,1,1,1,3.610529957,0.200000000,2.400000000,0.000000000,1,53.224175288,12,1,12,1:-1.251:2.428|2:-0.428:2.425|3:0.392:2.424|4:1.223:2.419|5:1.228:1.589|6:0.405:1.588|7:-0.440:1.588|8:-1.261:1.589|9:-1.185:4.911|10:-0.390:4.902|11:0.375:4.903|12:1.182:4.901,1,53.119957295,pickup,3,0,0.000000000,0.000000000,1,53.119945193,1,received,1,279.649727617,completed,1,277.649390736,0,timed out,1,-0.907774568,-52.011651473,-0.007326126,0.012209892,1,1.553079486,88.984899790,-0.002442360,2.058118820,1,-2.519209146,-144.340051805,-0.002442360,1.388034821,1,0.024604797,1.409751045,-0.007326126,-0.080586433,1,-0.002876282,-0.164798804,-0.036628723,-0.001221180,-0.904366970,-51.816410516,0.000000000,0.000000000,13.000000000,2.200000048,1.570796371,90.000002504,0.000000000,1.635578275,25.000000000,8.000000000,-2.530727386,-144.999998343,0.000000000,1.635365009,20.000000000,6.500000000,0.000000000,0.000000000,0.000000000,0.247735515,12.000000000,3.200000048,0.000000000,0.000000000,0.000000000,-0.000019584,0.500000000,0.100000001
2026-07-05 15:04:51.934,1783235091.934493065,546.901614527,1,1,546.889249126,1,0.002371513,5,1,0.000364897,5,1,0,1,0,0,1,1,1,1,1,1,0.304622511,0.200000000,2.400000000,0.000000000,1,54.224725171,12,1,12,1:-1.251:2.428|2:-0.428:2.425|3:0.392:2.424|4:1.223:2.419|5:1.228:1.589|6:0.405:1.588|7:-0.440:1.588|8:-1.261:1.589|9:-1.185:4.911|10:-0.390:4.902|11:0.375:4.903|12:1.182:4.901,1,54.120507178,pickup,3,0,0.000000000,0.000000000,1,54.120495076,1,received,1,280.650277500,completed,1,278.649940619,0,timed out,1,-0.907393098,-51.989794868,-0.007326126,0.012209892,1,1.553079486,88.984899790,-0.002442360,2.058118820,1,-2.519209146,-144.340051805,-0.002442360,1.388034821,1,0.024604797,1.409751045,-0.021978378,-0.075701714,1,-0.002492905,-0.142832916,-0.012210846,-0.003663063,-0.904366970,-51.816410516,0.000000000,0.000000000,13.000000000,2.200000048,1.570796371,90.000002504,0.000000000,1.635578275,25.000000000,8.000000000,-2.530727386,-144.999998343,0.000000000,1.635365009,20.000000000,6.500000000,0.000000000,0.000000000,0.000000000,0.247735515,12.000000000,3.200000048,0.000000000,0.000000000,0.000000000,-0.000019584,0.500000000,0.100000001
2026-07-05 15:04:52.934,1783235092.934941769,547.902063036,1,1,547.889697635,1,0.002214310,5,1,0.000376772,5,1,0,1,0,0,1,1,1,1,1,1,0.510152692,0.200000000,2.400000000,0.000000000,1,55.225173680,12,1,12,1:-1.251:2.428|2:-0.428:2.425|3:0.392:2.424|4:1.223:2.419|5:1.228:1.589|6:0.405:1.588|7:-0.440:1.588|8:-1.261:1.589|9:-1.185:4.911|10:-0.390:4.902|11:0.375:4.903|12:1.182:4.901,1,55.120955687,pickup,3,0,0.000000000,0.000000000,1,55.120943585,1,received,1,281.650726009,completed,1,279.650389128,0,timed out,1,-0.907393098,-51.989794868,-0.007326126,0.012209892,1,1.553079486,88.984899790,0.002442360,2.058118820,1,-2.519209146,-144.340051805,-0.002442360,1.388034821,1,0.023078918,1.322324623,-0.007326126,-0.056165695,1,-0.002492905,-0.142832916,-0.012210846,-0.003663063,-0.904366970,-51.816410516,0.000000000,0.000000000,13.000000000,2.200000048,1.570796371,90.000002504,0.000000000,1.635578275,25.000000000,8.000000000,-2.530727386,-144.999998343,0.000000000,1.635365009,20.000000000,6.500000000,0.000000000,0.000000000,0.000000000,0.247735515,12.000000000,3.200000048,0.000000000,0.000000000,0.000000000,-0.000019584,0.500000000,0.100000001
2026-07-05 15:04:53.935,1783235093.935389996,548.902511372,1,1,548.890145971,1,0.002259913,5,1,0.000313667,5,1,0,1,0,0,1,1,1,1,1,1,0.176918544,0.200000000,2.400000000,0.000000000,1,56.225622016,12,1,12,1:-1.251:2.428|2:-0.428:2.425|3:0.392:2.424|4:1.223:2.419|5:1.228:1.589|6:0.405:1.588|7:-0.440:1.588|8:-1.261:1.589|9:-1.185:4.911|10:-0.390:4.902|11:0.375:4.903|12:1.182:4.901,1,56.121404023,pickup,3,0,0.000000000,0.000000000,1,56.121391921,1,received,1,282.651174345,completed,1,280.650837464,0,timed out,1,-0.907393098,-51.989794868,-0.007326126,0.012209892,1,1.553079486,88.984899790,-0.002442360,2.058118820,1,-2.519209146,-144.340051805,-0.002442360,1.374359131,1,0.023078918,1.322324623,0.007326126,-0.061050415,1,-0.002492905,-0.142832916,0.012210846,-0.003663063,-0.904366970,-51.816410516,0.000000000,0.000000000,13.000000000,2.200000048,1.570796371,90.000002504,0.000000000,1.635578275,25.000000000,8.000000000,-2.530727386,-144.999998343,0.000000000,1.635365009,20.000000000,6.500000000,0.000000000,0.000000000,0.000000000,0.247735515,12.000000000,3.200000048,0.000000000,0.000000000,0.000000000,-0.000019584,0.500000000,0.100000001
2026-07-05 15:04:54.935,1783235094.935931444,549.903052763,1,1,549.890687362,1,0.002139118,5,1,0.000302014,5,1,0,1,0,0,1,1,1,1,1,1,1.177459935,0.200000000,2.400000000,0.000000000,1,57.226163407,12,1,12,1:-1.251:2.428|2:-0.428:2.425|3:0.392:2.424|4:1.223:2.419|5:1.228:1.589|6:0.405:1.588|7:-0.440:1.588|8:-1.261:1.589|9:-1.185:4.911|10:-0.390:4.902|11:0.375:4.903|12:1.182:4.901,1,57.121945414,pickup,3,0,0.000000000,0.000000000,1,57.121933312,1,received,1,283.651715736,completed,1,281.651378855,0,timed out,1,-0.907393098,-51.989794868,0.007326126,0.017093658,1,1.553079486,88.984899790,-0.007326126,2.058118820,1,-2.519209146,-144.340051805,-0.002442360,1.388034821,1,0.022697449,1.300468018,-0.007326126,-0.061050415,1,-0.002492905,-0.142832916,-0.012210846,-0.001221180,-0.904366970,-51.816410516,0.000000000,0.000000000,13.000000000,2.200000048,1.570796371,90.000002504,0.000000000,1.635578275,25.000000000,8.000000000,-2.530727386,-144.999998343,0.000000000,1.635365009,20.000000000,6.500000000,0.000000000,0.000000000,0.000000000,0.247735515,12.000000000,3.200000048,0.000000000,0.000000000,0.000000000,-0.000019584,0.500000000,0.100000001
2026-07-05 15:04:55.936,1783235095.936491966,550.903613445,1,1,550.891248044,1,0.002170994,5,1,0.000432528,5,1,0,1,0,0,1,1,1,1,1,1,0.537725763,0.200000000,2.400000000,0.000000000,1,58.226724089,12,1,12,1:-1.251:2.428|2:-0.428:2.425|3:0.392:2.424|4:1.223:2.419|5:1.228:1.589|6:0.405:1.588|7:-0.440:1.588|8:-1.261:1.589|9:-1.185:4.911|10:-0.390:4.902|11:0.375:4.903|12:1.182:4.901,1,58.122506096,pickup,3,0,0.000000000,0.000000000,1,58.122493994,1,received,1,284.652276418,completed,1,282.651939537,0,timed out,1,-0.907393098,-51.989794868,-0.007326126,0.012209892,1,1.552698016,88.963043185,-0.002442360,2.058118820,1,-2.519209146,-144.340051805,-0.002442360,1.388034821,1,0.022697449,1.300468018,-0.007326126,-0.056165695,1,-0.002876282,-0.164798804,-0.036628723,-0.003663063,-0.904366970,-51.816410516,0.000000000,0.000000000,13.000000000,2.200000048,1.570796371,90.000002504,0.000000000,1.635578275,25.000000000,8.000000000,-2.530727386,-144.999998343,0.000000000,1.635365009,20.000000000,6.500000000,0.000000000,0.000000000,0.000000000,0.247735515,12.000000000,3.200000048,0.000000000,0.000000000,0.000000000,-0.000019584,0.500000000,0.100000001
2026-07-05 15:04:56.937,1783235096.937060595,551.904181934,1,1,551.891816533,1,0.002414363,5,1,0.000483578,5,1,0,1,0,0,1,1,1,1,1,1,1.538294252,0.200000000,2.400000000,0.000000000,1,59.227292578,12,1,12,1:-1.251:2.428|2:-0.428:2.425|3:0.392:2.424|4:1.223:2.419|5:1.228:1.589|6:0.405:1.588|7:-0.440:1.588|8:-1.261:1.589|9:-1.185:4.911|10:-0.390:4.902|11:0.375:4.903|12:1.182:4.901,1,59.123074585,pickup,3,0,0.000000000,0.000000000,1,59.123062483,1,received,1,285.652844907,completed,1,283.652508026,0,timed out,1,-0.907393098,-51.989794868,0.007326126,0.012209892,1,1.553079486,88.984899790,-0.002442360,2.044445038,1,-2.519209146,-144.340051805,-0.002442360,1.388034821,1,0.022697449,1.300468018,-0.021978378,-0.056165695,1,-0.002492905,-0.142832916,-0.036628723,-0.001221180,-0.904366970,-51.816410516,0.000000000,0.000000000,13.000000000,2.200000048,1.570796371,90.000002504,0.000000000,1.635578275,25.000000000,8.000000000,-2.530727386,-144.999998343,0.000000000,1.635365009,20.000000000,6.500000000,0.000000000,0.000000000,0.000000000,0.247735515,12.000000000,3.200000048,0.000000000,0.000000000,0.000000000,-0.000019584,0.500000000,0.100000001
2026-07-05 15:04:57.937,1783235097.937412024,552.904533616,1,1,552.892168215,1,0.002018531,5,1,0.000303271,5,1,0,1,0,0,1,1,1,1,1,1,2.538645934,0.200000000,2.400000000,0.000000000,1,60.227644260,12,1,12,1:-1.251:2.428|2:-0.428:2.425|3:0.392:2.424|4:1.223:2.419|5:1.228:1.589|6:0.405:1.588|7:-0.440:1.588|8:-1.261:1.589|9:-1.185:4.911|10:-0.390:4.902|11:0.375:4.903|12:1.182:4.901,1,60.123426267,pickup,3,0,0.000000000,0.000000000,1,60.123414165,1,received,1,286.653196589,completed,1,284.652859708,0,timed out,1,-0.907393098,-51.989794868,-0.007326126,0.012209892,1,1.553079486,88.984899790,-0.007326126,2.058118820,1,-2.519209146,-144.340051805,-0.002442360,1.388034821,1,0.022697449,1.300468018,-0.007326126,-0.056165695,1,-0.002492905,-0.142832916,-0.036628723,-0.003663063,-0.904366970,-51.816410516,0.000000000,0.000000000,13.000000000,2.200000048,1.570796371,90.000002504,0.000000000,1.635578275,25.000000000,8.000000000,-2.530727386,-144.999998343,0.000000000,1.635365009,20.000000000,6.500000000,0.000000000,0.000000000,0.000000000,0.247735515,12.000000000,3.200000048,0.000000000,0.000000000,0.000000000,-0.000019584,0.500000000,0.100000001
2026-07-05 15:04:58.938,1783235098.938015938,553.905137320,1,1,553.892771919,1,0.002405405,5,1,0.000534932,5,1,0,1,0,0,1,1,1,1,1,1,0.219355600,0.200000000,2.400000000,0.000000000,1,61.228247964,12,1,12,1:-1.251:2.428|2:-0.428:2.425|3:0.392:2.424|4:1.223:2.419|5:1.228:1.589|6:0.405:1.588|7:-0.440:1.588|8:-1.261:1.589|9:-1.185:4.911|10:-0.390:4.902|11:0.375:4.903|12:1.182:4.901,1,61.124029971,pickup,3,0,0.000000000,0.000000000,1,61.124017869,1,received,1,287.653800293,completed,1,285.653463412,0,timed out,1,-0.907774568,-52.011651473,-0.007326126,0.012209892,1,1.553079486,88.984899790,-0.002442360,2.058118820,1,-2.519209146,-144.340051805,-0.002442360,1.388034821,1,0.022697449,1.300468018,-0.007326126,-0.056165695,1,-0.002492905,-0.142832916,0.012210846,-0.001221180,-0.904366970,-51.816410516,0.000000000,0.000000000,13.000000000,2.200000048,1.570796371,90.000002504,0.000000000,1.635578275,25.000000000,8.000000000,-2.530727386,-144.999998343,0.000000000,1.635365009,20.000000000,6.500000000,0.000000000,0.000000000,0.000000000,0.247735515,12.000000000,3.200000048,0.000000000,0.000000000,0.000000000,-0.000019584,0.500000000,0.100000001
2026-07-05 15:04:59.938,1783235099.938523293,554.905644835,1,1,554.893279434,1,0.002352156,5,1,0.000316473,5,1,0,1,0,0,1,1,1,1,1,1,0.129424556,0.200000000,2.400000000,0.000000000,1,62.228755479,12,1,12,1:-1.251:2.428|2:-0.428:2.425|3:0.392:2.424|4:1.223:2.419|5:1.228:1.589|6:0.405:1.588|7:-0.440:1.588|8:-1.261:1.589|9:-1.185:4.911|10:-0.390:4.902|11:0.375:4.903|12:1.182:4.901,1,62.124537486,pickup,3,0,0.000000000,0.000000000,1,62.124525384,1,received,1,288.654307808,completed,1,286.653970927,0,timed out,1,-0.907393098,-51.989794868,0.007326126,0.012209892,1,1.553079486,88.984899790,-0.002442360,2.058118820,1,-2.519209146,-144.340051805,-0.002442360,1.388034821,1,0.022697449,1.300468018,-0.021978378,-0.061050415,1,-0.002492905,-0.142832916,-0.012210846,-0.001221180,-0.904366970,-51.816410516,0.000000000,0.000000000,13.000000000,2.200000048,1.570796371,90.000002504,0.000000000,1.635578275,25.000000000,8.000000000,-2.530727386,-144.999998343,0.000000000,1.635365009,20.000000000,6.500000000,0.000000000,0.000000000,0.000000000,0.247735515,12.000000000,3.200000048,0.000000000,0.000000000,0.000000000,-0.000019584,0.500000000,0.100000001
2026-07-05 15:05:00.939,1783235100.938967466,555.906089091,1,1,555.893723690,1,0.001895151,5,1,0.000246147,5,1,0,1,0,0,1,1,1,1,1,1,0.114339733,0.200000000,2.400000000,0.000000000,1,63.229199735,12,1,12,1:-1.251:2.428|2:-0.428:2.425|3:0.392:2.424|4:1.223:2.419|5:1.228:1.589|6:0.405:1.588|7:-0.440:1.588|8:-1.261:1.589|9:-1.185:4.911|10:-0.390:4.902|11:0.375:4.903|12:1.182:4.901,1,63.124981742,pickup,3,0,0.000000000,0.000000000,1,63.124969640,1,received,1,289.654752064,completed,1,287.654415183,0,timed out,1,-0.907393098,-51.989794868,-0.007326126,0.017093658,1,1.552698016,88.963043185,-0.002442360,2.058118820,1,-2.519209146,-144.340051805,-0.002442360,1.388034821,1,0.022697449,1.300468018,-0.007326126,-0.056165695,1,-0.002876282,-0.164798804,-0.061050415,-0.003663063,-0.904366970,-51.816410516,0.000000000,0.000000000,13.000000000,2.200000048,1.570796371,90.000002504,0.000000000,1.635578275,25.000000000,8.000000000,-2.530727386,-144.999998343,0.000000000,1.635365009,20.000000000,6.500000000,0.000000000,0.000000000,0.000000000,0.247735515,12.000000000,3.200000048,0.000000000,0.000000000,0.000000000,-0.000019584,0.500000000,0.100000001
2026-07-05 15:05:01.939,1783235101.939453840,556.906575470,1,1,556.894210069,1,0.001936084,5,1,0.000338294,5,1,0,1,0,0,1,1,1,1,1,1,0.629026517,0.200000000,2.400000000,0.000000000,1,64.229686114,12,1,12,1:-1.251:2.428|2:-0.428:2.425|3:0.392:2.424|4:1.223:2.419|5:1.228:1.589|6:0.405:1.588|7:-0.440:1.588|8:-1.261:1.589|9:-1.185:4.911|10:-0.390:4.902|11:0.375:4.903|12:1.182:4.901,1,64.125468121,pickup,3,0,0.000000000,0.000000000,1,64.125456019,1,received,1,290.655238443,completed,1,288.654901562,0,timed out,1,-0.907393098,-51.989794868,-0.007326126,0.012209892,1,1.552698016,88.963043185,-0.002442360,2.058118820,1,-2.519209146,-144.340051805,-0.002442360,1.388034821,1,0.022697449,1.300468018,-0.007326126,-0.056165695,1,-0.002492905,-0.142832916,-0.012210846,-0.003663063,-0.904366970,-51.816410516,0.000000000,0.000000000,13.000000000,2.200000048,1.570796371,90.000002504,0.000000000,1.635578275,25.000000000,8.000000000,-2.530727386,-144.999998343,0.000000000,1.635365009,20.000000000,6.500000000,0.000000000,0.000000000,0.000000000,0.247735515,12.000000000,3.200000048,0.000000000,0.000000000,0.000000000,-0.000019584,0.500000000,0.100000001
2026-07-05 15:05:02.940,1783235102.939954758,557.907076188,1,1,557.894710787,1,0.002023680,5,1,0.000186788,5,1,0,1,0,0,1,1,1,1,1,1,0.043510771,0.200000000,2.400000000,0.000000000,1,65.230186832,12,1,12,1:-1.251:2.428|2:-0.428:2.425|3:0.392:2.424|4:1.223:2.419|5:1.228:1.589|6:0.405:1.588|7:-0.440:1.588|8:-1.261:1.589|9:-1.185:4.911|10:-0.390:4.902|11:0.375:4.903|12:1.182:4.901,1,65.125968839,pickup,3,0,0.000000000,0.000000000,1,65.125956737,1,received,1,291.655739161,completed,1,289.655402280,0,timed out,1,-0.907393098,-51.989794868,0.007326126,0.012209892,1,1.553079486,88.984899790,-0.002442360,2.058118820,1,-2.519209146,-144.340051805,-0.002442360,1.388034821,1,0.022697449,1.300468018,-0.007326126,-0.056165695,1,-0.002492905,-0.142832916,0.012210846,-0.003663063,-0.904366970,-51.816410516,0.000000000,0.000000000,13.000000000,2.200000048,1.570796371,90.000002504,0.000000000,1.635578275,25.000000000,8.000000000,-2.530727386,-144.999998343,0.000000000,1.635365009,20.000000000,6.500000000,0.000000000,0.000000000,0.000000000,0.247735515,12.000000000,3.200000048,0.000000000,0.000000000,0.000000000,-0.000019584,0.500000000,0.100000001
2026-07-05 15:05:03.940,1783235103.940464973,558.907586420,1,1,558.895221019,1,0.002110234,5,1,0.000284149,5,1,0,1,0,0,1,1,1,1,1,1,0.137792145,0.200000000,2.400000000,0.000000000,1,66.230697064,12,1,12,1:-1.251:2.428|2:-0.428:2.425|3:0.392:2.424|4:1.223:2.419|5:1.228:1.589|6:0.405:1.588|7:-0.440:1.588|8:-1.261:1.589|9:-1.185:4.911|10:-0.390:4.902|11:0.375:4.903|12:1.182:4.901,1,66.126479071,pickup,3,0,0.000000000,0.000000000,1,66.126466969,1,received,1,292.656249393,completed,1,290.655912512,0,timed out,1,-0.907393098,-51.989794868,-0.007326126,0.012209892,1,1.553079486,88.984899790,0.002442360,2.058118820,1,-2.519209146,-144.340051805,-0.007326126,1.374359131,1,0.022697449,1.300468018,-0.007326126,-0.056165695,1,-0.002492905,-0.142832916,-0.012210846,-0.003663063,-0.904366970,-51.816410516,0.000000000,0.000000000,13.000000000,2.200000048,1.570796371,90.000002504,0.000000000,1.635578275,25.000000000,8.000000000,-2.530727386,-144.999998343,0.000000000,1.635365009,20.000000000,6.500000000,0.000000000,0.000000000,0.000000000,0.247735515,12.000000000,3.200000048,0.000000000,0.000000000,0.000000000,-0.000019584,0.500000000,0.100000001
2026-07-05 15:05:04.941,1783235104.940930128,559.908051591,1,1,559.895686190,1,0.002129391,5,1,0.000191396,5,1,0,1,0,0,1,1,1,1,1,1,0.005781243,0.200000000,2.400000000,0.000000000,1,67.231162235,12,1,12,1:-1.251:2.428|2:-0.428:2.425|3:0.392:2.424|4:1.223:2.419|5:1.228:1.589|6:0.405:1.588|7:-0.440:1.588|8:-1.261:1.589|9:-1.185:4.911|10:-0.390:4.902|11:0.375:4.903|12:1.182:4.901,1,67.126944242,pickup,3,0,0.000000000,0.000000000,1,67.126932140,1,received,1,293.656714564,completed,1,291.656377683,0,timed out,1,-0.907774568,-52.011651473,-0.007326126,0.012209892,1,1.553079486,88.984899790,-0.002442360,2.058118820,1,-2.519209146,-144.340051805,0.002442360,1.374359131,1,0.022697449,1.300468018,-0.021978378,-0.056165695,1,-0.002876282,-0.164798804,-0.061050415,-0.003663063,-0.904366970,-51.816410516,0.000000000,0.000000000,13.000000000,2.200000048,1.570796371,90.000002504,0.000000000,1.635578275,25.000000000,8.000000000,-2.530727386,-144.999998343,0.000000000,1.635365009,20.000000000,6.500000000,0.000000000,0.000000000,0.000000000,0.247735515,12.000000000,3.200000048,0.000000000,0.000000000,0.000000000,-0.000019584,0.500000000,0.100000001
2026-07-05 15:05:05.941,1783235105.941467762,560.908589166,1,1,560.896223765,1,0.001998984,5,1,0.000376982,5,1,0,1,0,0,1,1,1,1,1,1,0.072885685,0.200000000,2.400000000,0.000000000,1,68.231699810,12,1,12,1:-1.251:2.428|2:-0.428:2.425|3:0.392:2.424|4:1.223:2.419|5:1.228:1.589|6:0.405:1.588|7:-0.440:1.588|8:-1.261:1.589|9:-1.185:4.911|10:-0.390:4.902|11:0.375:4.903|12:1.182:4.901,1,68.127481817,pickup,3,0,0.000000000,0.000000000,1,68.127469715,1,received,1,294.657252139,completed,1,292.656915258,0,timed out,1,-0.907774568,-52.011651473,-0.007326126,0.017093658,1,1.553079486,88.984899790,-0.002442360,2.058118820,1,-2.519209146,-144.340051805,-0.007326126,1.388034821,1,0.022697449,1.300468018,0.007326126,-0.051281929,1,-0.002876282,-0.164798804,-0.036628723,-0.003663063,-0.904366970,-51.816410516,0.000000000,0.000000000,13.000000000,2.200000048,1.570796371,90.000002504,0.000000000,1.635578275,25.000000000,8.000000000,-2.530727386,-144.999998343,0.000000000,1.635365009,20.000000000,6.500000000,0.000000000,0.000000000,0.000000000,0.247735515,12.000000000,3.200000048,0.000000000,0.000000000,0.000000000,-0.000019584,0.500000000,0.100000001
2026-07-05 15:05:06.942,1783235106.941994905,561.909116348,1,1,561.896750947,1,0.001946033,5,1,0.000453043,5,1,0,1,0,0,1,1,1,1,1,1,0.095755152,0.200000000,2.400000000,0.000000000,1,69.232226992,12,1,12,1:-1.251:2.428|2:-0.428:2.425|3:0.392:2.424|4:1.223:2.419|5:1.228:1.589|6:0.405:1.588|7:-0.440:1.588|8:-1.261:1.589|9:-1.185:4.911|10:-0.390:4.902|11:0.375:4.903|12:1.182:4.901,1,69.128008999,pickup,3,0,0.000000000,0.000000000,1,69.127996897,1,received,1,295.657779321,completed,1,293.657442440,0,timed out,1,-0.907393098,-51.989794868,-0.007326126,0.017093658,1,1.553079486,88.984899790,0.002442360,2.058118820,1,-2.519209146,-144.340051805,-0.002442360,1.388034821,1,0.022697449,1.300468018,0.007326126,-0.056165695,1,-0.002492905,-0.142832916,-0.012210846,-0.001221180,-0.904366970,-51.816410516,0.000000000,0.000000000,13.000000000,2.200000048,1.570796371,90.000002504,0.000000000,1.635578275,25.000000000,8.000000000,-2.530727386,-144.999998343,0.000000000,1.635365009,20.000000000,6.500000000,0.000000000,0.000000000,0.000000000,0.247735515,12.000000000,3.200000048,0.000000000,0.000000000,0.000000000,-0.000019584,0.500000000,0.100000001
2026-07-05 15:05:07.942,1783235107.942501068,562.909622526,1,1,562.897257125,1,0.001863682,5,1,0.000265370,5,1,0,1,0,0,1,1,1,1,1,1,0.007163384,0.200000000,2.400000000,0.000000000,1,70.232733170,12,1,12,1:-1.251:2.428|2:-0.428:2.425|3:0.392:2.424|4:1.223:2.419|5:1.228:1.589|6:0.405:1.588|7:-0.440:1.588|8:-1.261:1.589|9:-1.185:4.911|10:-0.390:4.902|11:0.375:4.903|12:1.182:4.901,1,70.128515177,pickup,3,0,0.000000000,0.000000000,1,70.128503075,1,received,1,296.658285499,completed,1,294.657948618,0,timed out,1,-0.907393098,-51.989794868,-0.007326126,0.012209892,1,1.553079486,88.984899790,-0.002442360,2.071794510,1,-2.519209146,-144.340051805,-0.002442360,1.388034821,1,0.022697449,1.300468018,-0.007326126,-0.056165695,1,-0.002492905,-0.142832916,-0.012210846,-0.003663063,-0.904366970,-51.816410516,0.000000000,0.000000000,13.000000000,2.200000048,1.570796371,90.000002504,0.000000000,1.635578275,25.000000000,8.000000000,-2.530727386,-144.999998343,0.000000000,1.635365009,20.000000000,6.500000000,0.000000000,0.000000000,0.000000000,0.247735515,12.000000000,3.200000048,0.000000000,0.000000000,0.000000000,-0.000019584,0.500000000,0.100000001
2026-07-05 15:05:08.943,1783235108.942966223,563.910087681,1,1,563.897722280,1,0.002106970,5,1,0.000241269,5,1,0,1,0,0,1,1,1,1,1,1,0.027867884,0.200000000,2.400000000,0.000000000,1,71.233198325,12,1,12,1:-1.251:2.428|2:-0.428:2.425|3:0.392:2.424|4:1.223:2.419|5:1.228:1.589|6:0.405:1.588|7:-0.440:1.588|8:-1.261:1.589|9:-1.185:4.911|10:-0.390:4.902|11:0.375:4.903|12:1.182:4.901,1,71.128980332,pickup,3,0,0.000000000,0.000000000,1,71.128968230,1,received,1,297.658750654,completed,1,295.658413773,0,timed out,1,-0.907774568,-52.011651473,-0.007326126,0.012209892,1,1.553079486,88.984899790,-0.002442360,2.058118820,1,-2.519209146,-144.340051805,-0.002442360,1.388034821,1,0.022697449,1.300468018,0.007326126,-0.051281929,1,-0.002492905,-0.142832916,0.036628723,-0.001221180,-0.904366970,-51.816410516,0.000000000,0.000000000,13.000000000,2.200000048,1.570796371,90.000002504,0.000000000,1.635578275,25.000000000,8.000000000,-2.530727386,-144.999998343,0.000000000,1.635365009,20.000000000,6.500000000,0.000000000,0.000000000,0.000000000,0.247735515,12.000000000,3.200000048,0.000000000,0.000000000,0.000000000,-0.000019584,0.500000000,0.100000001
2026-07-05 15:05:09.943,1783235109.943462133,564.910583577,1,1,564.898218176,1,0.001992061,5,1,0.000394495,5,1,0,1,0,0,1,1,1,1,1,1,0.024150228,0.200000000,2.400000000,0.000000000,1,72.233694221,12,1,12,1:-1.251:2.428|2:-0.428:2.425|3:0.392:2.424|4:1.223:2.419|5:1.228:1.589|6:0.405:1.588|7:-0.440:1.588|8:-1.261:1.589|9:-1.185:4.911|10:-0.390:4.902|11:0.375:4.903|12:1.182:4.901,1,72.129476228,pickup,3,0,0.000000000,0.000000000,1,72.129464126,1,received,1,298.659246550,completed,1,296.658909669,0,timed out,1,-0.907393098,-51.989794868,-0.007326126,0.012209892,1,1.553079486,88.984899790,-0.002442360,2.058118820,1,-2.519209146,-144.340051805,-0.002442360,1.388034821,1,0.022697449,1.300468018,-0.021978378,-0.061050415,1,-0.002492905,-0.142832916,-0.012210846,-0.001221180,-0.904366970,-51.816410516,0.000000000,0.000000000,13.000000000,2.200000048,1.570796371,90.000002504,0.000000000,1.635578275,25.000000000,8.000000000,-2.530727386,-144.999998343,0.000000000,1.635365009,20.000000000,6.500000000,0.000000000,0.000000000,0.000000000,0.247735515,12.000000000,3.200000048,0.000000000,0.000000000,0.000000000,-0.000019584,0.500000000,0.100000001
2026-07-05 15:05:10.944,1783235110.943957090,565.911078337,1,1,565.898712936,1,0.002112042,5,1,0.000445081,5,1,0,1,0,0,1,1,1,1,1,1,0.000168162,0.200000000,2.400000000,0.000000000,1,73.234188981,12,1,12,1:-1.251:2.428|2:-0.428:2.425|3:0.392:2.424|4:1.223:2.419|5:1.228:1.589|6:0.405:1.588|7:-0.440:1.588|8:-1.261:1.589|9:-1.185:4.911|10:-0.390:4.902|11:0.375:4.903|12:1.182:4.901,1,73.129970988,pickup,3,0,0.000000000,0.000000000,1,73.129958886,1,received,1,299.659741310,completed,1,297.659404429,0,timed out,1,-0.907774568,-52.011651473,-0.021978378,0.012209892,1,1.553079486,88.984899790,-0.002442360,2.058118820,1,-2.519209146,-144.340051805,-0.002442360,1.388034821,1,0.022697449,1.300468018,-0.007326126,-0.051281929,1,-0.002876282,-0.164798804,-0.036628723,-0.003663063,-0.904366970,-51.816410516,0.000000000,0.000000000,13.000000000,2.200000048,1.570796371,90.000002504,0.000000000,1.635578275,25.000000000,8.000000000,-2.530727386,-144.999998343,0.000000000,1.635365009,20.000000000,6.500000000,0.000000000,0.000000000,0.000000000,0.247735515,12.000000000,3.200000048,0.000000000,0.000000000,0.000000000,-0.000019584,0.500000000,0.100000001
2026-07-05 15:05:11.944,1783235111.944505453,566.911626880,1,1,566.899261479,1,0.002121928,5,1,0.000338055,5,1,0,1,0,0,1,1,1,1,1,1,0.054237978,0.200000000,2.400000000,0.000000000,1,74.234737524,12,1,12,1:-1.251:2.428|2:-0.428:2.425|3:0.392:2.424|4:1.223:2.419|5:1.228:1.589|6:0.405:1.588|7:-0.440:1.588|8:-1.261:1.589|9:-1.185:4.911|10:-0.390:4.902|11:0.375:4.903|12:1.182:4.901,1,74.130519531,pickup,3,0,0.000000000,0.000000000,1,74.130507429,1,received,1,300.660289853,completed,1,298.659952972,0,timed out,1,-0.907393098,-51.989794868,-0.007326126,0.012209892,1,1.552698016,88.963043185,-0.002442360,2.058118820,1,-2.519209146,-144.340051805,-0.002442360,1.388034821,1,0.022697449,1.300468018,0.007326126,-0.056165695,1,-0.002492905,-0.142832916,0.012210846,-0.003663063,-0.904366970,-51.816410516,0.000000000,0.000000000,13.000000000,2.200000048,1.570796371,90.000002504,0.000000000,1.635578275,25.000000000,8.000000000,-2.530727386,-144.999998343,0.000000000,1.635365009,20.000000000,6.500000000,0.000000000,0.000000000,0.000000000,0.247735515,12.000000000,3.200000048,0.000000000,0.000000000,0.000000000,-0.000019584,0.500000000,0.100000001
2026-07-05 15:05:12.945,1783235112.944957018,567.912078292,1,1,567.899712891,1,0.002018987,5,1,0.000284075,5,1,0,1,0,0,1,1,1,1,1,1,0.115131052,0.200000000,2.400000000,0.000000000,1,75.235188936,12,1,12,1:-1.251:2.428|2:-0.428:2.425|3:0.392:2.424|4:1.223:2.419|5:1.228:1.589|6:0.405:1.588|7:-0.440:1.588|8:-1.261:1.589|9:-1.185:4.911|10:-0.390:4.902|11:0.375:4.903|12:1.182:4.901,1,75.130970943,pickup,3,0,0.000000000,0.000000000,1,75.130958841,1,received,1,301.660741265,completed,1,299.660404384,0,timed out,1,-0.907774568,-52.011651473,-0.007326126,0.017093658,1,1.553079486,88.984899790,0.002442360,2.044445038,1,-2.519209146,-144.340051805,-0.002442360,1.388034821,1,0.022697449,1.300468018,-0.021978378,-0.056165695,1,-0.002492905,-0.142832916,-0.012210846,-0.001221180,-0.904366970,-51.816410516,0.000000000,0.000000000,13.000000000,2.200000048,1.570796371,90.000002504,0.000000000,1.635578275,25.000000000,8.000000000,-2.530727386,-144.999998343,0.000000000,1.635365009,20.000000000,6.500000000,0.000000000,0.000000000,0.000000000,0.247735515,12.000000000,3.200000048,0.000000000,0.000000000,0.000000000,-0.000019584,0.500000000,0.100000001
2026-07-05 15:05:13.945,1783235113.945543766,568.912665099,1,1,568.900299698,1,0.002125165,5,1,0.000376923,5,1,0,1,0,0,1,1,1,1,1,1,0.211590117,0.200000000,2.400000000,0.000000000,1,76.235775743,12,1,12,1:-1.251:2.428|2:-0.428:2.425|3:0.392:2.424|4:1.223:2.419|5:1.228:1.589|6:0.405:1.588|7:-0.440:1.588|8:-1.261:1.589|9:-1.185:4.911|10:-0.390:4.902|11:0.375:4.903|12:1.182:4.901,1,76.131557750,pickup,3,0,0.000000000,0.000000000,1,76.131545648,1,received,1,302.661328072,completed,1,300.660991191,0,timed out,1,-0.907774568,-52.011651473,-0.021978378,0.012209892,1,1.553079486,88.984899790,-0.002442360,2.058118820,1,-2.519209146,-144.340051805,-0.002442360,1.388034821,1,0.022697449,1.300468018,-0.007326126,-0.061050415,1,-0.002492905,-0.142832916,0.012210846,-0.003663063,-0.904366970,-51.816410516,0.000000000,0.000000000,13.000000000,2.200000048,1.570796371,90.000002504,0.000000000,1.635578275,25.000000000,8.000000000,-2.530727386,-144.999998343,0.000000000,1.635365009,20.000000000,6.500000000,0.000000000,0.000000000,0.000000000,0.247735515,12.000000000,3.200000048,0.000000000,0.000000000,0.000000000,-0.000019584,0.500000000,0.100000001
2026-07-05 15:05:14.946,1783235114.946059942,569.913181531,1,1,569.900816130,1,0.002249752,5,1,0.000543240,5,1,0,1,0,0,1,1,1,1,1,1,0.195517968,0.200000000,2.400000000,0.000000000,1,77.236292175,12,1,12,1:-1.251:2.428|2:-0.428:2.425|3:0.392:2.424|4:1.223:2.419|5:1.228:1.589|6:0.405:1.588|7:-0.440:1.588|8:-1.261:1.589|9:-1.185:4.911|10:-0.390:4.902|11:0.375:4.903|12:1.182:4.901,1,77.132074182,pickup,3,0,0.000000000,0.000000000,1,77.132062080,1,received,1,303.661844504,completed,1,301.661507623,0,timed out,1,-0.907393098,-51.989794868,-0.007326126,0.012209892,1,1.553079486,88.984899790,-0.002442360,2.044445038,1,-2.519209146,-144.340051805,-0.002442360,1.388034821,1,0.022697449,1.300468018,0.007326126,-0.051281929,1,-0.002492905,-0.142832916,-0.012210846,-0.001221180,-0.904366970,-51.816410516,0.000000000,0.000000000,13.000000000,2.200000048,1.570796371,90.000002504,0.000000000,1.635578275,25.000000000,8.000000000,-2.530727386,-144.999998343,0.000000000,1.635365009,20.000000000,6.500000000,0.000000000,0.000000000,0.000000000,0.247735515,12.000000000,3.200000048,0.000000000,0.000000000,0.000000000,-0.000019584,0.500000000,0.100000001
2026-07-05 15:05:15.946,1783235115.946483850,570.913605309,1,1,570.901239908,1,0.001800217,5,1,0.000205923,5,1,0,1,0,0,1,1,1,1,1,1,0.126322017,0.200000000,2.400000000,0.000000000,1,78.236715953,12,1,12,1:-1.251:2.428|2:-0.428:2.425|3:0.392:2.424|4:1.223:2.419|5:1.228:1.589|6:0.405:1.588|7:-0.440:1.588|8:-1.261:1.589|9:-1.185:4.911|10:-0.390:4.902|11:0.375:4.903|12:1.182:4.901,1,78.132497960,pickup,3,0,0.000000000,0.000000000,1,78.132485858,1,received,1,304.662268282,completed,1,302.661931401,0,timed out,1,-0.907393098,-51.989794868,-0.007326126,0.017093658,1,1.553079486,88.984899790,-0.002442360,2.058118820,1,-2.519209146,-144.340051805,-0.007326126,1.388034821,1,0.022697449,1.300468018,-0.007326126,-0.056165695,1,-0.002876282,-0.164798804,-0.061050415,-0.003663063,-0.904366970,-51.816410516,0.000000000,0.000000000,13.000000000,2.200000048,1.570796371,90.000002504,0.000000000,1.635578275,25.000000000,8.000000000,-2.530727386,-144.999998343,0.000000000,1.635365009,20.000000000,6.500000000,0.000000000,0.000000000,0.000000000,0.247735515,12.000000000,3.200000048,0.000000000,0.000000000,0.000000000,-0.000019584,0.500000000,0.100000001
2026-07-05 15:05:16.946,1783235116.946858406,571.913979840,1,1,571.901614439,1,0.002100600,5,1,0.000023584,5,1,0,1,0,0,1,1,1,1,1,1,0.047995427,0.200000000,2.400000000,0.000000000,1,79.237090484,12,1,12,1:-1.251:2.428|2:-0.428:2.425|3:0.392:2.424|4:1.223:2.419|5:1.228:1.589|6:0.405:1.588|7:-0.440:1.588|8:-1.261:1.589|9:-1.185:4.911|10:-0.390:4.902|11:0.375:4.903|12:1.182:4.901,1,79.132872491,pickup,3,0,0.000000000,0.000000000,1,79.132860389,1,received,1,305.662642813,completed,1,303.662305932,0,timed out,1,-0.907393098,-51.989794868,0.007326126,0.017093658,1,1.553079486,88.984899790,-0.002442360,2.058118820,1,-2.519209146,-144.340051805,-0.002442360,1.401708603,1,0.022697449,1.300468018,-0.007326126,-0.056165695,1,-0.002492905,-0.142832916,-0.036628723,-0.001221180,-0.904366970,-51.816410516,0.000000000,0.000000000,13.000000000,2.200000048,1.570796371,90.000002504,0.000000000,1.635578275,25.000000000,8.000000000,-2.530727386,-144.999998343,0.000000000,1.635365009,20.000000000,6.500000000,0.000000000,0.000000000,0.000000000,0.247735515,12.000000000,3.200000048,0.000000000,0.000000000,0.000000000,-0.000019584,0.500000000,0.100000001
2026-07-05 15:05:17.960,1783235117.960177422,572.927298823,1,1,572.914933422,1,0.002118762,5,1,0.000344131,5,1,0,1,0,0,1,1,1,1,1,1,0.323153804,0.200000000,2.400000000,0.000000000,1,80.250409467,12,1,12,1:-1.251:2.428|2:-0.428:2.425|3:0.392:2.424|4:1.223:2.419|5:1.228:1.589|6:0.405:1.588|7:-0.440:1.588|8:-1.261:1.589|9:-1.185:4.911|10:-0.390:4.902|11:0.375:4.903|12:1.182:4.901,1,80.146191474,pickup,3,0,0.000000000,0.000000000,1,80.146179372,1,received,1,306.675961796,completed,1,304.675624915,0,timed out,1,-0.907393098,-51.989794868,0.007326126,0.012209892,1,1.553079486,88.984899790,-0.002442360,2.058118820,1,-2.519209146,-144.340051805,-0.002442360,1.388034821,1,0.022697449,1.300468018,-0.021978378,-0.056165695,1,-0.002492905,-0.142832916,0.012210846,-0.003663063,-0.904366970,-51.816410516,0.000000000,0.000000000,13.000000000,2.200000048,1.570796371,90.000002504,0.000000000,1.635578275,25.000000000,8.000000000,-2.530727386,-144.999998343,0.000000000,1.635365009,20.000000000,6.500000000,0.000000000,0.000000000,0.000000000,0.247735515,12.000000000,3.200000048,0.000000000,0.000000000,0.000000000,-0.000019584,0.500000000,0.100000001
2026-07-05 15:05:18.972,1783235118.972401857,573.939523382,1,1,573.927157981,1,0.002222527,5,1,0.000311351,5,1,0,1,0,0,1,1,1,1,1,1,0.100625125,0.200000000,2.400000000,0.000000000,1,81.262634026,12,1,12,1:-1.251:2.428|2:-0.428:2.425|3:0.392:2.424|4:1.223:2.419|5:1.228:1.589|6:0.405:1.588|7:-0.440:1.588|8:-1.261:1.589|9:-1.185:4.911|10:-0.390:4.902|11:0.375:4.903|12:1.182:4.901,1,81.158416033,pickup,3,0,0.000000000,0.000000000,1,81.158403931,1,received,1,307.688186355,completed,1,305.687849474,0,timed out,1,-0.907774568,-52.011651473,-0.036630630,0.012209892,1,1.553079486,88.984899790,-0.002442360,2.058118820,1,-2.519209146,-144.340051805,-0.002442360,1.388034821,1,0.022697449,1.300468018,-0.021978378,-0.061050415,1,-0.002876282,-0.164798804,-0.012210846,-0.003663063,-0.904366970,-51.816410516,0.000000000,0.000000000,13.000000000,2.200000048,1.570796371,90.000002504,0.000000000,1.635578275,25.000000000,8.000000000,-2.530727386,-144.999998343,0.000000000,1.635365009,20.000000000,6.500000000,0.000000000,0.000000000,0.000000000,0.247735515,12.000000000,3.200000048,0.000000000,0.000000000,0.000000000,-0.000019584,0.500000000,0.100000001
2026-07-05 15:05:19.983,1783235119.983222723,574.950344278,1,1,574.937978877,1,0.002160255,5,1,0.000212564,5,1,0,1,0,0,1,1,1,1,1,1,0.221482847,0.200000000,2.400000000,0.000000000,1,82.273454922,12,1,12,1:-1.251:2.428|2:-0.428:2.425|3:0.392:2.424|4:1.223:2.419|5:1.228:1.589|6:0.405:1.588|7:-0.440:1.588|8:-1.261:1.589|9:-1.185:4.911|10:-0.390:4.902|11:0.375:4.903|12:1.182:4.901,1,82.169236929,pickup,3,0,0.000000000,0.000000000,1,82.169224827,1,received,1,308.699007251,completed,1,306.698670370,0,timed out,1,-0.907393098,-51.989794868,-0.007326126,0.012209892,1,1.553079486,88.984899790,-0.002442360,2.058118820,1,-2.519209146,-144.340051805,-0.007326126,1.388034821,1,0.022697449,1.300468018,-0.007326126,-0.051281929,1,-0.002492905,-0.142832916,0.012210846,-0.003663063,-0.904366970,-51.816410516,0.000000000,0.000000000,13.000000000,2.200000048,1.570796371,90.000002504,0.000000000,1.635578275,25.000000000,8.000000000,-2.530727386,-144.999998343,0.000000000,1.635365009,20.000000000,6.500000000,0.000000000,0.000000000,0.000000000,0.247735515,12.000000000,3.200000048,0.000000000,0.000000000,0.000000000,-0.000019584,0.500000000,0.100000001
2026-07-05 15:05:20.992,1783235120.992729425,575.959850704,1,1,575.947485303,1,0.002109660,5,1,0.000322414,5,1,0,1,0,0,1,1,1,1,1,1,0.200047566,0.200000000,2.400000000,0.000000000,1,83.282961348,12,1,12,1:-1.251:2.428|2:-0.428:2.425|3:0.392:2.424|4:1.223:2.419|5:1.228:1.589|6:0.405:1.588|7:-0.440:1.588|8:-1.261:1.589|9:-1.185:4.911|10:-0.390:4.902|11:0.375:4.903|12:1.182:4.901,1,83.178743355,pickup,3,0,0.000000000,0.000000000,1,83.178731253,1,received,1,309.708513677,completed,1,307.708176796,0,timed out,1,-0.907393098,-51.989794868,-0.007326126,0.017093658,1,1.553079486,88.984899790,-0.002442360,2.058118820,1,-2.519209146,-144.340051805,-0.002442360,1.388034821,1,0.022697449,1.300468018,0.007326126,-0.051281929,1,-0.002492905,-0.142832916,0.012210846,-0.003663063,-0.904366970,-51.816410516,0.000000000,0.000000000,13.000000000,2.200000048,1.570796371,90.000002504,0.000000000,1.635578275,25.000000000,8.000000000,-2.530727386,-144.999998343,0.000000000,1.635365009,20.000000000,6.500000000,0.000000000,0.000000000,0.000000000,0.247735515,12.000000000,3.200000048,0.000000000,0.000000000,0.000000000,-0.000019584,0.500000000,0.100000001
2026-07-05 15:05:22.001,1783235122.001172781,576.968294110,1,1,576.955928709,1,0.002168122,5,1,0.000367015,5,1,0,1,0,0,1,1,1,1,1,1,0.325207535,0.200000000,2.400000000,0.000000000,1,84.291404754,12,1,12,1:-1.251:2.428|2:-0.428:2.425|3:0.392:2.424|4:1.223:2.419|5:1.228:1.589|6:0.405:1.588|7:-0.440:1.588|8:-1.261:1.589|9:-1.185:4.911|10:-0.390:4.902|11:0.375:4.903|12:1.182:4.901,1,84.187186761,pickup,3,0,0.000000000,0.000000000,1,84.187174659,1,received,1,310.716957083,completed,1,308.716620202,0,timed out,1,-0.907393098,-51.989794868,-0.007326126,0.012209892,1,1.553079486,88.984899790,-0.002442360,2.058118820,1,-2.519209146,-144.340051805,-0.002442360,1.374359131,1,0.022697449,1.300468018,-0.021978378,-0.056165695,1,-0.002492905,-0.142832916,-0.012210846,-0.003663063,-0.904366970,-51.816410516,0.000000000,0.000000000,13.000000000,2.200000048,1.570796371,90.000002504,0.000000000,1.635578275,25.000000000,8.000000000,-2.530727386,-144.999998343,0.000000000,1.635365009,20.000000000,6.500000000,0.000000000,0.000000000,0.000000000,0.247735515,12.000000000,3.200000048,0.000000000,0.000000000,0.000000000,-0.000019584,0.500000000,0.100000001
2026-07-05 15:05:23.008,1783235123.008510828,577.975632075,1,1,577.963266674,1,0.002486183,5,1,0.000410353,5,1,0,1,0,0,1,1,1,1,1,1,0.011009535,0.200000000,2.400000000,0.000000000,1,85.298742719,12,1,12,1:-1.251:2.428|2:-0.428:2.425|3:0.392:2.424|4:1.223:2.419|5:1.228:1.589|6:0.405:1.588|7:-0.440:1.588|8:-1.261:1.589|9:-1.185:4.911|10:-0.390:4.902|11:0.375:4.903|12:1.182:4.901,1,85.194524726,pickup,3,0,0.000000000,0.000000000,1,85.194512624,1,received,1,311.724295048,completed,1,309.723958167,0,timed out,1,-0.907393098,-51.989794868,-0.007326126,0.017093658,1,1.553079486,88.984899790,-0.002442360,2.058118820,1,-2.519209146,-144.340051805,-0.002442360,1.388034821,1,0.022697449,1.300468018,-0.007326126,-0.056165695,1,-0.002492905,-0.142832916,0.012210846,-0.003663063,-0.904366970,-51.816410516,0.000000000,0.000000000,13.000000000,2.200000048,1.570796371,90.000002504,0.000000000,1.635578275,25.000000000,8.000000000,-2.530727386,-144.999998343,0.000000000,1.635365009,20.000000000,6.500000000,0.000000000,0.000000000,0.000000000,0.247735515,12.000000000,3.200000048,0.000000000,0.000000000,0.000000000,-0.000019584,0.500000000,0.100000001
2026-07-05 15:05:24.015,1783235124.015069246,578.982190673,1,1,578.969825272,1,0.002226962,5,1,0.000384222,5,1,0,1,0,0,1,1,1,1,1,1,0.444748089,0.200000000,2.400000000,0.000000000,1,86.305301317,12,1,12,1:-1.251:2.428|2:-0.428:2.425|3:0.392:2.424|4:1.223:2.419|5:1.228:1.589|6:0.405:1.588|7:-0.440:1.588|8:-1.261:1.589|9:-1.185:4.911|10:-0.390:4.902|11:0.375:4.903|12:1.182:4.901,1,86.201083324,pickup,3,0,0.000000000,0.000000000,1,86.201071222,1,received,1,312.730853646,completed,1,310.730516765,0,timed out,1,-0.907774568,-52.011651473,-0.007326126,0.012209892,1,1.553079486,88.984899790,-0.002442360,2.058118820,1,-2.519209146,-144.340051805,-0.002442360,1.388034821,1,0.022697449,1.300468018,-0.007326126,-0.056165695,1,-0.002492905,-0.142832916,-0.012210846,-0.003663063,-0.904366970,-51.816410516,0.000000000,0.000000000,13.000000000,2.200000048,1.570796371,90.000002504,0.000000000,1.635578275,25.000000000,8.000000000,-2.530727386,-144.999998343,0.000000000,1.635365009,20.000000000,6.500000000,0.000000000,0.000000000,0.000000000,0.247735515,12.000000000,3.200000048,0.000000000,0.000000000,0.000000000,-0.000019584,0.500000000,0.100000001
2026-07-05 15:05:25.020,1783235125.020823479,579.987945095,1,1,579.975579694,1,0.002197652,5,1,0.000417086,5,1,0,1,0,0,1,1,1,1,1,1,0.107617397,0.200000000,2.400000000,0.000000000,1,87.311055739,12,1,12,1:-1.251:2.428|2:-0.428:2.425|3:0.392:2.424|4:1.223:2.419|5:1.228:1.589|6:0.405:1.588|7:-0.440:1.588|8:-1.261:1.589|9:-1.185:4.911|10:-0.390:4.902|11:0.375:4.903|12:1.182:4.901,1,87.206837746,pickup,3,0,0.000000000,0.000000000,1,87.206825644,1,received,1,313.736608068,completed,1,311.736271187,0,timed out,1,-0.907774568,-52.011651473,-0.007326126,0.012209892,1,1.553079486,88.984899790,-0.002442360,2.058118820,1,-2.519209146,-144.340051805,-0.002442360,1.374359131,1,0.022697449,1.300468018,-0.021978378,-0.051281929,1,-0.002492905,-0.142832916,-0.012210846,-0.003663063,-0.904366970,-51.816410516,0.000000000,0.000000000,13.000000000,2.200000048,1.570796371,90.000002504,0.000000000,1.635578275,25.000000000,8.000000000,-2.530727386,-144.999998343,0.000000000,1.635365009,20.000000000,6.500000000,0.000000000,0.000000000,0.000000000,0.247735515,12.000000000,3.200000048,0.000000000,0.000000000,0.000000000,-0.000019584,0.500000000,0.100000001
2026-07-05 15:05:26.026,1783235126.025959015,580.993080253,1,1,580.980714852,1,0.002415077,5,1,0.000519043,5,1,0,1,0,0,1,1,1,1,1,1,0.003226751,0.200000000,2.400000000,0.000000000,1,88.316190897,12,1,12,1:-1.251:2.428|2:-0.428:2.425|3:0.392:2.424|4:1.223:2.419|5:1.228:1.589|6:0.405:1.588|7:-0.440:1.588|8:-1.261:1.589|9:-1.185:4.911|10:-0.390:4.902|11:0.375:4.903|12:1.182:4.901,1,88.211972904,pickup,3,0,0.000000000,0.000000000,1,88.211960802,1,received,1,314.741743226,completed,1,312.741406345,0,timed out,1,-0.907393098,-51.989794868,-0.021978378,0.017093658,1,1.552698016,88.963043185,-0.007326126,2.044445038,1,-2.519209146,-144.340051805,-0.002442360,1.388034821,1,0.022697449,1.300468018,-0.007326126,-0.056165695,1,-0.002876282,-0.164798804,-0.036628723,-0.001221180,-0.904366970,-51.816410516,0.000000000,0.000000000,13.000000000,2.200000048,1.570796371,90.000002504,0.000000000,1.635578275,25.000000000,8.000000000,-2.530727386,-144.999998343,0.000000000,1.635365009,20.000000000,6.500000000,0.000000000,0.000000000,0.000000000,0.247735515,12.000000000,3.200000048,0.000000000,0.000000000,0.000000000,-0.000019584,0.500000000,0.100000001
2026-07-05 15:05:27.030,1783235127.030323982,581.997445456,1,1,581.985080055,1,0.001990768,5,1,0.000163168,5,1,0,1,0,0,1,1,1,1,1,1,0.027028374,0.200000000,2.400000000,0.000000000,1,89.320556100,12,1,12,1:-1.251:2.428|2:-0.428:2.425|3:0.392:2.424|4:1.223:2.419|5:1.228:1.589|6:0.405:1.588|7:-0.440:1.588|8:-1.261:1.589|9:-1.185:4.911|10:-0.390:4.902|11:0.375:4.903|12:1.182:4.901,1,89.216338107,pickup,3,0,0.000000000,0.000000000,1,89.216326005,1,received,1,315.746108429,completed,1,313.745771548,0,timed out,1,-0.907393098,-51.989794868,-0.007326126,0.017093658,1,1.552698016,88.963043185,-0.002442360,2.058118820,1,-2.519209146,-144.340051805,0.002442360,1.388034821,1,0.022697449,1.300468018,-0.021978378,-0.056165695,1,-0.002492905,-0.142832916,-0.012210846,-0.001221180,-0.904366970,-51.816410516,0.000000000,0.000000000,13.000000000,2.200000048,1.570796371,90.000002504,0.000000000,1.635578275,25.000000000,8.000000000,-2.530727386,-144.999998343,0.000000000,1.635365009,20.000000000,6.500000000,0.000000000,0.000000000,0.000000000,0.247735515,12.000000000,3.200000048,0.000000000,0.000000000,0.000000000,-0.000019584,0.500000000,0.100000001
2026-07-05 15:05:28.034,1783235128.034459829,583.001581338,1,1,582.989215937,1,0.001973969,5,1,0.000302094,5,1,0,1,0,0,1,1,1,1,1,1,0.006455174,0.200000000,2.400000000,0.000000000,1,90.324691982,12,1,12,1:-1.251:2.428|2:-0.428:2.425|3:0.392:2.424|4:1.223:2.419|5:1.228:1.589|6:0.405:1.588|7:-0.440:1.588|8:-1.261:1.589|9:-1.185:4.911|10:-0.390:4.902|11:0.375:4.903|12:1.182:4.901,1,90.220473989,pickup,3,0,0.000000000,0.000000000,1,90.220461887,1,received,1,316.750244311,completed,1,314.749907430,0,timed out,1,-0.907393098,-51.989794868,-0.007326126,0.017093658,1,1.553079486,88.984899790,-0.002442360,2.058118820,1,-2.519209146,-144.340051805,-0.002442360,1.388034821,1,0.022697449,1.300468018,-0.021978378,-0.056165695,1,-0.002492905,-0.142832916,-0.036628723,-0.003663063,-0.904366970,-51.816410516,0.000000000,0.000000000,13.000000000,2.200000048,1.570796371,90.000002504,0.000000000,1.635578275,25.000000000,8.000000000,-2.530727386,-144.999998343,0.000000000,1.635365009,20.000000000,6.500000000,0.000000000,0.000000000,0.000000000,0.247735515,12.000000000,3.200000048,0.000000000,0.000000000,0.000000000,-0.000019584,0.500000000,0.100000001
2026-07-05 15:05:29.038,1783235129.037971020,584.005092482,1,1,583.992727081,1,0.002242188,5,1,0.000526929,5,1,0,1,0,0,1,1,1,1,1,1,0.063409940,0.200000000,2.400000000,0.000000000,1,91.328203126,12,1,12,1:-1.251:2.428|2:-0.428:2.425|3:0.392:2.424|4:1.223:2.419|5:1.228:1.589|6:0.405:1.588|7:-0.440:1.588|8:-1.261:1.589|9:-1.185:4.911|10:-0.390:4.902|11:0.375:4.903|12:1.182:4.901,1,91.223985133,pickup,3,0,0.000000000,0.000000000,1,91.223973031,1,received,1,317.753755455,completed,1,315.753418574,0,timed out,1,-0.907393098,-51.989794868,-0.007326126,0.017093658,1,1.553079486,88.984899790,-0.002442360,2.058118820,1,-2.519209146,-144.340051805,-0.002442360,1.388034821,1,0.022697449,1.300468018,-0.021978378,-0.051281929,1,-0.002492905,-0.142832916,-0.012210846,-0.003663063,-0.904366970,-51.816410516,0.000000000,0.000000000,13.000000000,2.200000048,1.570796371,90.000002504,0.000000000,1.635578275,25.000000000,8.000000000,-2.530727386,-144.999998343,0.000000000,1.635365009,20.000000000,6.500000000,0.000000000,0.000000000,0.000000000,0.247735515,12.000000000,3.200000048,0.000000000,0.000000000,0.000000000,-0.000019584,0.500000000,0.100000001
2026-07-05 15:05:30.041,1783235130.041100264,585.008221782,1,1,584.995856381,1,0.001852736,5,1,0.000199472,5,1,0,1,0,0,1,1,1,1,1,1,0.006634820,0.200000000,2.400000000,0.000000000,1,92.331332426,12,1,12,1:-1.251:2.428|2:-0.428:2.425|3:0.392:2.424|4:1.223:2.419|5:1.228:1.589|6:0.405:1.588|7:-0.440:1.588|8:-1.261:1.589|9:-1.185:4.911|10:-0.390:4.902|11:0.375:4.903|12:1.182:4.901,1,92.227114433,pickup,3,0,0.000000000,0.000000000,1,92.227102331,1,received,1,318.756884755,completed,1,316.756547874,0,timed out,1,-0.907393098,-51.989794868,-0.007326126,0.012209892,1,1.553079486,88.984899790,-0.002442360,2.058118820,1,-2.519209146,-144.340051805,-0.002442360,1.374359131,1,0.022697449,1.300468018,-0.007326126,-0.051281929,1,-0.002492905,-0.142832916,-0.036628723,-0.001221180,-0.904366970,-51.816410516,0.000000000,0.000000000,13.000000000,2.200000048,1.570796371,90.000002504,0.000000000,1.635578275,25.000000000,8.000000000,-2.530727386,-144.999998343,0.000000000,1.635365009,20.000000000,6.500000000,0.000000000,0.000000000,0.000000000,0.247735515,12.000000000,3.200000048,0.000000000,0.000000000,0.000000000,-0.000019584,0.500000000,0.100000001
2026-07-05 15:05:31.044,1783235131.044050932,586.011172468,1,1,585.998807067,1,0.002463887,5,1,0.000235830,5,1,0,1,0,0,1,1,1,1,1,1,0.009662214,0.200000000,2.400000000,0.000000000,1,93.334283112,12,1,12,1:-1.251:2.428|2:-0.428:2.425|3:0.392:2.424|4:1.223:2.419|5:1.228:1.589|6:0.405:1.588|7:-0.440:1.588|8:-1.261:1.589|9:-1.185:4.911|10:-0.390:4.902|11:0.375:4.903|12:1.182:4.901,1,93.230065119,pickup,3,0,0.000000000,0.000000000,1,93.230053017,1,received,1,319.759835441,completed,1,317.759498560,0,timed out,1,-0.907393098,-51.989794868,-0.007326126,0.017093658,1,1.552698016,88.963043185,-0.002442360,2.058118820,1,-2.519209146,-144.340051805,-0.002442360,1.388034821,1,0.022697449,1.300468018,-0.007326126,-0.056165695,1,-0.002876282,-0.164798804,-0.036628723,-0.001221180,-0.904366970,-51.816410516,0.000000000,0.000000000,13.000000000,2.200000048,1.570796371,90.000002504,0.000000000,1.635578275,25.000000000,8.000000000,-2.530727386,-144.999998343,0.000000000,1.635365009,20.000000000,6.500000000,0.000000000,0.000000000,0.000000000,0.247735515,12.000000000,3.200000048,0.000000000,0.000000000,0.000000000,-0.000019584,0.500000000,0.100000001
2026-07-05 15:05:32.046,1783235132.046650171,587.013771615,1,1,587.001406214,1,0.002328549,5,1,0.000475624,5,1,0,1,0,0,1,1,1,1,1,1,0.786772807,0.200000000,2.400000000,0.000000000,1,94.336882259,12,1,12,1:-1.251:2.428|2:-0.428:2.425|3:0.392:2.424|4:1.223:2.419|5:1.228:1.589|6:0.405:1.588|7:-0.440:1.588|8:-1.261:1.589|9:-1.185:4.911|10:-0.390:4.902|11:0.375:4.903|12:1.182:4.901,1,94.232664266,pickup,3,0,0.000000000,0.000000000,1,94.232652164,1,received,1,320.762434588,completed,1,318.762097707,0,timed out,1,-0.907393098,-51.989794868,0.007326126,0.012209892,1,1.552698016,88.963043185,-0.002442360,2.058118820,1,-2.519209146,-144.340051805,-0.002442360,1.388034821,1,0.022697449,1.300468018,-0.007326126,-0.051281929,1,-0.002492905,-0.142832916,-0.012210846,-0.003663063,-0.904366970,-51.816410516,0.000000000,0.000000000,13.000000000,2.200000048,1.570796371,90.000002504,0.000000000,1.635578275,25.000000000,8.000000000,-2.530727386,-144.999998343,0.000000000,1.635365009,20.000000000,6.500000000,0.000000000,0.000000000,0.000000000,0.247735515,12.000000000,3.200000048,0.000000000,0.000000000,0.000000000,-0.000019584,0.500000000,0.100000001
2026-07-05 15:05:33.048,1783235133.048737049,588.015858415,1,1,588.003493014,1,0.001868506,5,1,0.000027166,5,1,0,1,0,0,1,1,1,1,1,1,0.084328658,0.200000000,2.400000000,0.000000000,1,95.338969059,12,1,12,1:-1.251:2.428|2:-0.428:2.425|3:0.392:2.424|4:1.223:2.419|5:1.228:1.589|6:0.405:1.588|7:-0.440:1.588|8:-1.261:1.589|9:-1.185:4.911|10:-0.390:4.902|11:0.375:4.903|12:1.182:4.901,1,95.234751066,pickup,3,0,0.000000000,0.000000000,1,95.234738964,1,received,1,321.764521388,completed,1,319.764184507,0,timed out,1,-0.907393098,-51.989794868,-0.007326126,0.012209892,1,1.552698016,88.963043185,-0.002442360,2.058118820,1,-2.519209146,-144.340051805,-0.002442360,1.388034821,1,0.022697449,1.300468018,-0.007326126,-0.056165695,1,-0.002492905,-0.142832916,-0.012210846,-0.001221180,-0.904366970,-51.816410516,0.000000000,0.000000000,13.000000000,2.200000048,1.570796371,90.000002504,0.000000000,1.635578275,25.000000000,8.000000000,-2.530727386,-144.999998343,0.000000000,1.635365009,20.000000000,6.500000000,0.000000000,0.000000000,0.000000000,0.247735515,12.000000000,3.200000048,0.000000000,0.000000000,0.000000000,-0.000019584,0.500000000,0.100000001
2026-07-05 15:05:34.051,1783235134.051042080,589.018163568,1,1,589.005798167,1,0.002287419,5,1,0.000541115,5,1,0,1,0,0,1,1,1,1,1,1,0.063426836,0.200000000,2.400000000,0.000000000,1,96.341274212,12,1,12,1:-1.251:2.428|2:-0.428:2.425|3:0.392:2.424|4:1.223:2.419|5:1.228:1.589|6:0.405:1.588|7:-0.440:1.588|8:-1.261:1.589|9:-1.185:4.911|10:-0.390:4.902|11:0.375:4.903|12:1.182:4.901,1,96.237056219,pickup,3,0,0.000000000,0.000000000,1,96.237044117,1,received,1,322.766826541,completed,1,320.766489660,0,timed out,1,-0.907393098,-51.989794868,-0.007326126,0.012209892,1,1.553079486,88.984899790,0.002442360,2.058118820,1,-2.519209146,-144.340051805,-0.002442360,1.374359131,1,0.022697449,1.300468018,-0.007326126,-0.051281929,1,-0.002492905,-0.142832916,-0.012210846,-0.003663063,-0.904366970,-51.816410516,0.000000000,0.000000000,13.000000000,2.200000048,1.570796371,90.000002504,0.000000000,1.635578275,25.000000000,8.000000000,-2.530727386,-144.999998343,0.000000000,1.635365009,20.000000000,6.500000000,0.000000000,0.000000000,0.000000000,0.247735515,12.000000000,3.200000048,0.000000000,0.000000000,0.000000000,-0.000019584,0.500000000,0.100000001
2026-07-05 15:05:35.052,1783235135.052865505,590.019987032,1,1,590.007621631,1,0.002004222,5,1,0.000394393,5,1,0,1,0,0,1,1,1,1,1,1,0.060180396,0.200000000,2.400000000,0.000000000,1,97.343097676,12,1,12,1:-1.251:2.428|2:-0.428:2.425|3:0.392:2.424|4:1.223:2.419|5:1.228:1.589|6:0.405:1.588|7:-0.440:1.588|8:-1.261:1.589|9:-1.185:4.911|10:-0.390:4.902|11:0.375:4.903|12:1.182:4.901,1,97.238879683,pickup,3,0,0.000000000,0.000000000,1,97.238867581,1,received,1,323.768650005,completed,1,321.768313124,0,timed out,1,-0.907393098,-51.989794868,-0.007326126,0.012209892,1,1.552698016,88.963043185,-0.007326126,2.058118820,1,-2.519209146,-144.340051805,-0.007326126,1.388034821,1,0.022697449,1.300468018,-0.021978378,-0.056165695,1,-0.002492905,-0.142832916,-0.036628723,-0.003663063,-0.904366970,-51.816410516,0.000000000,0.000000000,13.000000000,2.200000048,1.570796371,90.000002504,0.000000000,1.635578275,25.000000000,8.000000000,-2.530727386,-144.999998343,0.000000000,1.635365009,20.000000000,6.500000000,0.000000000,0.000000000,0.000000000,0.247735515,12.000000000,3.200000048,0.000000000,0.000000000,0.000000000,-0.000019584,0.500000000,0.100000001
2026-07-05 15:05:36.054,1783235136.054496527,591.021617868,1,1,591.009252467,1,0.001967413,5,1,0.000306172,5,1,0,1,0,0,1,1,1,1,1,1,0.003752147,0.200000000,2.400000000,0.000000000,1,98.344728512,12,1,12,1:-1.251:2.428|2:-0.428:2.425|3:0.392:2.424|4:1.223:2.419|5:1.228:1.589|6:0.405:1.588|7:-0.440:1.588|8:-1.261:1.589|9:-1.185:4.911|10:-0.390:4.902|11:0.375:4.903|12:1.182:4.901,1,98.240510519,pickup,3,0,0.000000000,0.000000000,1,98.240498417,1,received,1,324.770280841,completed,1,322.769943960,0,timed out,1,-0.907393098,-51.989794868,-0.007326126,0.012209892,1,1.553079486,88.984899790,-0.002442360,2.058118820,1,-2.519209146,-144.340051805,-0.007326126,1.388034821,1,0.022697449,1.300468018,-0.007326126,-0.056165695,1,-0.002492905,-0.142832916,-0.012210846,-0.003663063,-0.904366970,-51.816410516,0.000000000,0.000000000,13.000000000,2.200000048,1.570796371,90.000002504,0.000000000,1.635578275,25.000000000,8.000000000,-2.530727386,-144.999998343,0.000000000,1.635365009,20.000000000,6.500000000,0.000000000,0.000000000,0.000000000,0.247735515,12.000000000,3.200000048,0.000000000,0.000000000,0.000000000,-0.000019584,0.500000000,0.100000001
2026-07-05 15:05:37.056,1783235137.056055307,592.023176846,1,1,592.010811445,1,0.002148050,5,1,0.000333469,5,1,0,1,0,0,1,1,1,1,1,1,0.060494043,0.200000000,2.400000000,0.000000000,1,99.346287490,12,1,12,1:-1.251:2.428|2:-0.428:2.425|3:0.392:2.424|4:1.223:2.419|5:1.228:1.589|6:0.405:1.588|7:-0.440:1.588|8:-1.261:1.589|9:-1.185:4.911|10:-0.390:4.902|11:0.375:4.903|12:1.182:4.901,1,99.242069497,pickup,3,0,0.000000000,0.000000000,1,99.242057395,1,received,1,325.771839819,completed,1,323.771502938,0,timed out,1,-0.907393098,-51.989794868,-0.021978378,0.012209892,1,1.553079486,88.984899790,-0.002442360,2.044445038,1,-2.519209146,-144.340051805,-0.002442360,1.388034821,1,0.022697449,1.300468018,-0.021978378,-0.056165695,1,-0.002492905,-0.142832916,-0.012210846,-0.003663063,-0.904366970,-51.816410516,0.000000000,0.000000000,13.000000000,2.200000048,1.570796371,90.000002504,0.000000000,1.635578275,25.000000000,8.000000000,-2.530727386,-144.999998343,0.000000000,1.635365009,20.000000000,6.500000000,0.000000000,0.000000000,0.000000000,0.247735515,12.000000000,3.200000048,0.000000000,0.000000000,0.000000000,-0.000019584,0.500000000,0.100000001
2026-07-05 15:05:38.057,1783235138.057579756,593.024701314,1,1,593.012335913,1,0.002239340,5,1,0.000375613,5,1,0,1,0,0,1,1,1,1,1,1,0.057857585,0.200000000,2.400000000,0.000000000,1,100.347811958,12,1,12,1:-1.251:2.428|2:-0.428:2.425|3:0.392:2.424|4:1.223:2.419|5:1.228:1.589|6:0.405:1.588|7:-0.440:1.588|8:-1.261:1.589|9:-1.185:4.911|10:-0.390:4.902|11:0.375:4.903|12:1.182:4.901,1,100.243593965,pickup,3,0,0.000000000,0.000000000,1,100.243581863,1,received,1,326.773364287,completed,1,324.773027406,0,timed out,1,-0.907393098,-51.989794868,-0.007326126,0.012209892,1,1.552698016,88.963043185,-0.002442360,2.044445038,1,-2.519209146,-144.340051805,-0.002442360,1.388034821,1,0.022697449,1.300468018,-0.007326126,-0.056165695,1,-0.002492905,-0.142832916,-0.012210846,-0.003663063,-0.904366970,-51.816410516,0.000000000,0.000000000,13.000000000,2.200000048,1.570796371,90.000002504,0.000000000,1.635578275,25.000000000,8.000000000,-2.530727386,-144.999998343,0.000000000,1.635365009,20.000000000,6.500000000,0.000000000,0.000000000,0.000000000,0.247735515,12.000000000,3.200000048,0.000000000,0.000000000,0.000000000,-0.000019584,0.500000000,0.100000001
2026-07-05 15:05:39.058,1783235139.058811426,594.025932737,1,1,594.013567336,1,0.002069475,5,1,0.000183855,5,1,0,1,0,0,1,1,1,1,1,1,0.002132262,0.200000000,2.400000000,0.000000000,1,101.349043381,12,1,12,1:-1.251:2.428|2:-0.428:2.425|3:0.392:2.424|4:1.223:2.419|5:1.228:1.589|6:0.405:1.588|7:-0.440:1.588|8:-1.261:1.589|9:-1.185:4.911|10:-0.390:4.902|11:0.375:4.903|12:1.182:4.901,1,101.244825388,pickup,3,0,0.000000000,0.000000000,1,101.244813286,1,received,1,327.774595710,completed,1,325.774258829,0,timed out,1,-0.907393098,-51.989794868,0.007326126,0.012209892,1,1.552698016,88.963043185,-0.002442360,2.058118820,1,-2.519209146,-144.340051805,-0.002442360,1.388034821,1,0.022697449,1.300468018,-0.007326126,-0.056165695,1,-0.002492905,-0.142832916,-0.012210846,-0.001221180,-0.904366970,-51.816410516,0.000000000,0.000000000,13.000000000,2.200000048,1.570796371,90.000002504,0.000000000,1.635578275,25.000000000,8.000000000,-2.530727386,-144.999998343,0.000000000,1.635365009,20.000000000,6.500000000,0.000000000,0.000000000,0.000000000,0.247735515,12.000000000,3.200000048,0.000000000,0.000000000,0.000000000,-0.000019584,0.500000000,0.100000001
2026-07-05 15:05:40.060,1783235140.060106277,595.027227757,1,1,595.014862356,1,0.002241894,5,1,0.000530131,5,1,0,1,0,0,1,1,1,1,1,1,0.117041381,0.200000000,2.400000000,0.000000000,1,102.350338401,12,1,12,1:-1.251:2.428|2:-0.428:2.425|3:0.392:2.424|4:1.223:2.419|5:1.228:1.589|6:0.405:1.588|7:-0.440:1.588|8:-1.261:1.589|9:-1.185:4.911|10:-0.390:4.902|11:0.375:4.903|12:1.182:4.901,1,102.246120408,pickup,3,0,0.000000000,0.000000000,1,102.246108306,1,received,1,328.775890730,completed,1,326.775553849,0,timed out,1,-0.907393098,-51.989794868,-0.007326126,0.012209892,1,1.553079486,88.984899790,-0.002442360,2.044445038,1,-2.519209146,-144.340051805,-0.002442360,1.374359131,1,0.022697449,1.300468018,-0.007326126,-0.056165695,1,-0.002492905,-0.142832916,-0.012210846,-0.003663063,-0.904366970,-51.816410516,0.000000000,0.000000000,13.000000000,2.200000048,1.570796371,90.000002504,0.000000000,1.635578275,25.000000000,8.000000000,-2.530727386,-144.999998343,0.000000000,1.635365009,20.000000000,6.500000000,0.000000000,0.000000000,0.000000000,0.247735515,12.000000000,3.200000048,0.000000000,0.000000000,0.000000000,-0.000019584,0.500000000,0.100000001
2026-07-05 15:05:41.061,1783235141.061169386,596.028290810,1,1,596.015925409,1,0.002477116,5,1,0.000307072,5,1,0,1,0,0,1,1,1,1,1,1,0.211997526,0.200000000,2.400000000,0.000000000,1,103.351401454,12,1,12,1:-1.251:2.428|2:-0.428:2.425|3:0.392:2.424|4:1.223:2.419|5:1.228:1.589|6:0.405:1.588|7:-0.440:1.588|8:-1.261:1.589|9:-1.185:4.911|10:-0.390:4.902|11:0.375:4.903|12:1.182:4.901,1,103.247183461,pickup,3,0,0.000000000,0.000000000,1,103.247171359,1,received,1,329.776953783,completed,1,327.776616902,0,timed out,1,-0.907393098,-51.989794868,-0.021978378,0.012209892,1,1.553079486,88.984899790,-0.002442360,2.058118820,1,-2.519209146,-144.340051805,-0.007326126,1.388034821,1,0.022697449,1.300468018,-0.007326126,-0.056165695,1,-0.002492905,-0.142832916,-0.012210846,-0.003663063,-0.904366970,-51.816410516,0.000000000,0.000000000,13.000000000,2.200000048,1.570796371,90.000002504,0.000000000,1.635578275,25.000000000,8.000000000,-2.530727386,-144.999998343,0.000000000,1.635365009,20.000000000,6.500000000,0.000000000,0.000000000,0.000000000,0.247735515,12.000000000,3.200000048,0.000000000,0.000000000,0.000000000,-0.000019584,0.500000000,0.100000001
2026-07-05 15:05:42.062,1783235142.062232971,597.029354485,1,1,597.016989084,1,0.002154725,5,1,0.000441099,5,1,0,1,0,0,1,1,1,1,1,1,0.895268150,0.200000000,2.400000000,0.000000000,1,104.352465129,12,1,12,1:-1.251:2.428|2:-0.428:2.425|3:0.392:2.424|4:1.223:2.419|5:1.228:1.589|6:0.405:1.588|7:-0.440:1.588|8:-1.261:1.589|9:-1.185:4.911|10:-0.390:4.902|11:0.375:4.903|12:1.182:4.901,1,104.248247136,pickup,3,0,0.000000000,0.000000000,1,104.248235034,1,received,1,330.778017458,completed,1,328.777680577,0,timed out,1,-0.907393098,-51.989794868,-0.007326126,0.012209892,1,1.552698016,88.963043185,-0.002442360,2.071794510,1,-2.519209146,-144.340051805,-0.002442360,1.388034821,1,0.022697449,1.300468018,0.007326126,-0.056165695,1,-0.002492905,-0.142832916,0.012210846,-0.001221180,-0.904366970,-51.816410516,0.000000000,0.000000000,13.000000000,2.200000048,1.570796371,90.000002504,0.000000000,1.635578275,25.000000000,8.000000000,-2.530727386,-144.999998343,0.000000000,1.635365009,20.000000000,6.500000000,0.000000000,0.000000000,0.000000000,0.247735515,12.000000000,3.200000048,0.000000000,0.000000000,0.000000000,-0.000019584,0.500000000,0.100000001
2026-07-05 15:05:43.063,1783235143.063092470,598.030213790,1,1,598.017848389,1,0.002178816,5,1,0.000226085,5,1,0,1,0,0,1,1,1,1,1,1,0.050718114,0.200000000,2.400000000,0.000000000,1,105.353324434,12,1,12,1:-1.251:2.428|2:-0.428:2.425|3:0.392:2.424|4:1.223:2.419|5:1.228:1.589|6:0.405:1.588|7:-0.440:1.588|8:-1.261:1.589|9:-1.185:4.911|10:-0.390:4.902|11:0.375:4.903|12:1.182:4.901,1,105.249106441,pickup,3,0,0.000000000,0.000000000,1,105.249094339,1,received,1,331.778876763,completed,1,329.778539882,0,timed out,1,-0.907393098,-51.989794868,-0.007326126,0.012209892,1,1.552698016,88.963043185,-0.007326126,2.058118820,1,-2.519209146,-144.340051805,-0.002442360,1.374359131,1,0.022697449,1.300468018,-0.007326126,-0.056165695,0,-0.002492905,-0.142832916,-0.012210846,-0.003663063,-0.904366970,-51.816410516,0.000000000,0.000000000,13.000000000,2.200000048,1.570796371,90.000002504,0.000000000,1.635578275,25.000000000,8.000000000,-2.530727386,-144.999998343,0.000000000,1.635365009,20.000000000,6.500000000,0.000000000,0.000000000,0.000000000,0.247735515,12.000000000,3.200000048,0.000000000,0.000000000,0.000000000,-0.000019584,0.500000000,0.100000001
2026-07-05 15:05:44.064,1783235144.064096212,599.031217559,1,1,599.018852158,1,0.002497361,5,1,0.000364970,5,1,0,1,0,0,1,1,1,1,1,1,0.037296879,0.200000000,2.400000000,0.000000000,1,106.354328203,12,1,12,1:-1.251:2.428|2:-0.428:2.425|3:0.392:2.424|4:1.223:2.419|5:1.228:1.589|6:0.405:1.588|7:-0.440:1.588|8:-1.261:1.589|9:-1.185:4.911|10:-0.390:4.902|11:0.375:4.903|12:1.182:4.901,1,106.250110210,pickup,3,0,0.000000000,0.000000000,1,106.250098108,1,received,1,332.779880532,completed,1,330.779543651,0,timed out,1,-0.907393098,-51.989794868,-0.007326126,0.007326126,1,1.552698016,88.963043185,-0.002442360,2.044445038,1,-2.519209146,-144.340051805,-0.002442360,1.374359131,1,0.022697449,1.300468018,0.007326126,-0.051281929,1,-0.002876282,-0.164798804,-0.012210846,-0.003663063,-0.904366970,-51.816410516,0.000000000,0.000000000,13.000000000,2.200000048,1.570796371,90.000002504,0.000000000,1.635578275,25.000000000,8.000000000,-2.530727386,-144.999998343,0.000000000,1.635365009,20.000000000,6.500000000,0.000000000,0.000000000,0.000000000,0.247735515,12.000000000,3.200000048,0.000000000,0.000000000,0.000000000,-0.000019584,0.500000000,0.100000001
2026-07-05 15:05:45.065,1783235145.064972878,600.032094308,1,1,600.019728907,1,0.001969578,5,1,0.000305298,5,1,0,1,0,0,1,1,1,1,1,1,0.396712114,0.200000000,2.400000000,0.000000000,1,107.355204952,12,1,12,1:-1.251:2.428|2:-0.428:2.425|3:0.392:2.424|4:1.223:2.419|5:1.228:1.589|6:0.405:1.588|7:-0.440:1.588|8:-1.261:1.589|9:-1.185:4.911|10:-0.390:4.902|11:0.375:4.903|12:1.182:4.901,1,107.250986959,pickup,3,0,0.000000000,0.000000000,1,107.250974857,1,received,1,333.780757281,completed,1,331.780420400,0,timed out,1,-0.907393098,-51.989794868,-0.007326126,0.012209892,1,1.552698016,88.963043185,-0.002442360,2.058118820,1,-2.519209146,-144.340051805,-0.007326126,1.388034821,1,0.022697449,1.300468018,0.007326126,-0.056165695,1,-0.002492905,-0.142832916,0.012210846,-0.003663063,-0.904366970,-51.816410516,0.000000000,0.000000000,13.000000000,2.200000048,1.570796371,90.000002504,0.000000000,1.635578275,25.000000000,8.000000000,-2.530727386,-144.999998343,0.000000000,1.635365009,20.000000000,6.500000000,0.000000000,0.000000000,0.000000000,0.247735515,12.000000000,3.200000048,0.000000000,0.000000000,0.000000000,-0.000019584,0.500000000,0.100000001
2026-07-05 15:05:46.065,1783235146.065819025,601.032940638,1,1,601.020575237,1,0.002231491,5,1,0.000548855,5,1,0,1,0,0,1,1,1,1,1,1,0.047519873,0.200000000,2.400000000,0.000000000,1,108.356051282,12,1,12,1:-1.251:2.428|2:-0.428:2.425|3:0.392:2.424|4:1.223:2.419|5:1.228:1.589|6:0.405:1.588|7:-0.440:1.588|8:-1.261:1.589|9:-1.185:4.911|10:-0.390:4.902|11:0.375:4.903|12:1.182:4.901,1,108.251833289,pickup,3,0,0.000000000,0.000000000,1,108.251821187,1,received,1,334.781603611,completed,1,332.781266730,0,timed out,1,-0.907393098,-51.989794868,-0.007326126,0.012209892,1,1.552698016,88.963043185,-0.002442360,2.071794510,1,-2.519209146,-144.340051805,-0.002442360,1.388034821,1,0.022697449,1.300468018,-0.021978378,-0.056165695,1,-0.002876282,-0.164798804,-0.012210846,-0.003663063,-0.904366970,-51.816410516,0.000000000,0.000000000,13.000000000,2.200000048,1.570796371,90.000002504,0.000000000,1.635578275,25.000000000,8.000000000,-2.530727386,-144.999998343,0.000000000,1.635365009,20.000000000,6.500000000,0.000000000,0.000000000,0.000000000,0.247735515,12.000000000,3.200000048,0.000000000,0.000000000,0.000000000,-0.000019584,0.500000000,0.100000001
