wall_time,ros_time_sec,elapsed_sec,has_ready,driver_ready,ready_age_sec,has_state,state_age_sec,state_size,has_command,command_age_sec,command_size,service_mode,service_suction,service_pick,service_place,service_stack,service_payload_estimate,service_payload_state,service_arm_mission,service_nav_arm_event,action_move_joint,has_nav_state,nav_state_age_sec,nav_state_x,nav_state_y,nav_state_yaw,has_nav_task_points,nav_task_points_age_sec,nav_task_points_count,nav_task_points_min_id,nav_task_points_max_id,nav_task_points_summary,has_nav_mission_request,nav_mission_request_age_sec,nav_mission_action,nav_mission_task_index,nav_mission_point_id,nav_mission_x,nav_mission_y,has_nav_mission_response,nav_mission_response_age_sec,nav_mission_response_success,nav_mission_response_message,has_nav_arm_event_request,nav_arm_event_request_age_sec,nav_arm_event_request_message,has_nav_arm_event_response,nav_arm_event_response_age_sec,nav_arm_event_response_success,nav_arm_event_response_message,state_valid_0,state_q_rad_0,state_q_deg_0,state_dq_0,state_tau_est_0,state_valid_1,state_q_rad_1,state_q_deg_1,state_dq_1,state_tau_est_1,state_valid_2,state_q_rad_2,state_q_deg_2,state_dq_2,state_tau_est_2,state_valid_3,state_q_rad_3,state_q_deg_3,state_dq_3,state_tau_est_3,state_valid_4,state_q_rad_4,state_q_deg_4,state_dq_4,state_tau_est_4,cmd_q_rad_0,cmd_q_deg_0,cmd_dq_0,cmd_tau_0,cmd_kp_0,cmd_kd_0,cmd_q_rad_1,cmd_q_deg_1,cmd_dq_1,cmd_tau_1,cmd_kp_1,cmd_kd_1,cmd_q_rad_2,cmd_q_deg_2,cmd_dq_2,cmd_tau_2,cmd_kp_2,cmd_kd_2,cmd_q_rad_3,cmd_q_deg_3,cmd_dq_3,cmd_tau_3,cmd_kp_3,cmd_kd_3,cmd_q_rad_4,cmd_q_deg_4,cmd_dq_4,cmd_tau_4,cmd_kp_4,cmd_kd_4
2026-07-04 17:51:18.101,1783158678.101846695,1.007935743,1,1,0.995484615,1,0.008617178,5,1,0.005748811,5,1,0,0,0,0,1,1,0,0,1,0,-1.000000000,0.000000000,0.000000000,0.000000000,0,-1.000000000,0,0,0,,0,-1.000000000,,0,0,0.000000000,0.000000000,0,-1.000000000,0,,0,-1.000000000,,0,-1.000000000,0,,1,-0.013214683,-0.757145573,-0.007326126,-0.012209892,1,3.138491869,179.822338128,-0.002442360,-2.700855255,1,-2.880847216,-165.060386879,-0.002442360,2.673503876,1,-0.193598747,-11.092391137,-0.007326126,0.422466278,1,0.870329857,49.866227583,-0.036628723,-0.003663063,-0.012833213,-0.735288967,0.000000000,-0.000000000,2.000000000,1.000000000,3.149173021,180.434323078,0.000000000,-2.774265289,8.500000000,2.500000000,-2.881228685,-165.082243484,0.000000000,2.690469742,3.000000000,0.800000012,-0.194361687,-11.136104347,0.000000000,0.431063026,1.200000048,0.200000003,0.870713234,49.888193471,0.000000000,0.000140856,0.100000001,0.020000000
2026-07-04 17:51:19.101,1783158679.101560116,2.007649062,1,1,1.995197934,1,0.008259496,5,1,0.005726909,5,1,0,0,0,0,1,1,1,0,1,0,-1.000000000,0.000000000,0.000000000,0.000000000,0,-1.000000000,0,0,0,,0,-1.000000000,,0,0,0.000000000,0.000000000,0,-1.000000000,0,,0,-1.000000000,,0,-1.000000000,0,,1,-0.013214683,-0.757145573,-0.007326126,-0.017093658,1,3.138491869,179.822338128,-0.002442360,-2.714529037,1,-2.880847216,-165.060386879,-0.002442360,2.673503876,1,-0.193598747,-11.092391137,0.007326126,0.422466278,1,0.870329857,49.866227583,-0.012210846,-0.003663063,-0.012833213,-0.735288967,0.000000000,-0.000000000,2.000000000,1.000000000,3.149173021,180.434323078,0.000000000,-2.774265289,8.500000000,2.500000000,-2.881228685,-165.082243484,0.000000000,2.690469742,3.000000000,0.800000012,-0.194361687,-11.136104347,0.000000000,0.431063026,1.200000048,0.200000003,0.870713234,49.888193471,0.000000000,0.000140856,0.100000001,0.020000000
2026-07-04 17:51:20.101,1783158680.101253033,3.007342019,1,1,2.994890891,1,0.008218976,5,1,0.005613099,5,1,0,0,0,0,1,1,1,0,1,0,-1.000000000,0.000000000,0.000000000,0.000000000,0,-1.000000000,0,0,0,,0,-1.000000000,,0,0,0.000000000,0.000000000,0,-1.000000000,0,,0,-1.000000000,,0,-1.000000000,0,,1,-0.013214683,-0.757145573,-0.007326126,-0.012209892,1,3.138491869,179.822338128,-0.002442360,-2.714529037,1,-2.880847216,-165.060386879,0.002442360,2.673503876,1,-0.193598747,-11.092391137,-0.007326126,0.422466278,1,0.870329857,49.866227583,-0.012210846,-0.003663063,-0.012833213,-0.735288967,0.000000000,-0.000000000,2.000000000,1.000000000,3.149173021,180.434323078,0.000000000,-2.774265289,8.500000000,2.500000000,-2.881228685,-165.082243484,0.000000000,2.690469742,3.000000000,0.800000012,-0.194361687,-11.136104347,0.000000000,0.431063026,1.200000048,0.200000003,0.870713234,49.888193471,0.000000000,0.000140856,0.100000001,0.020000000
2026-07-04 17:51:21.101,1783158681.101102829,4.007191845,1,1,3.994740717,1,0.008489764,5,1,0.005703705,5,1,0,0,0,0,1,1,1,0,1,0,-1.000000000,0.000000000,0.000000000,0.000000000,0,-1.000000000,0,0,0,,0,-1.000000000,,0,0,0.000000000,0.000000000,0,-1.000000000,0,,0,-1.000000000,,0,-1.000000000,0,,1,-0.013214683,-0.757145573,-0.007326126,-0.012209892,1,3.138491869,179.822338128,-0.002442360,-2.700855255,1,-2.880847216,-165.060386879,-0.007326126,2.673503876,1,-0.193598747,-11.092391137,-0.007326126,0.422466278,1,0.870329857,49.866227583,-0.036628723,-0.003663063,-0.012833213,-0.735288967,0.000000000,-0.000000000,2.000000000,1.000000000,3.149173021,180.434323078,0.000000000,-2.774265289,8.500000000,2.500000000,-2.881228685,-165.082243484,0.000000000,2.690469742,3.000000000,0.800000012,-0.194361687,-11.136104347,0.000000000,0.431063026,1.200000048,0.200000003,0.870713234,49.888193471,0.000000000,0.000140856,0.100000001,0.020000000
2026-07-04 17:51:22.100,1783158682.100845814,5.006934715,1,1,4.994483587,1,0.008201536,5,1,0.005599789,5,1,0,0,0,0,1,1,1,0,1,0,-1.000000000,0.000000000,0.000000000,0.000000000,0,-1.000000000,0,0,0,,0,-1.000000000,,0,0,0.000000000,0.000000000,0,-1.000000000,0,,0,-1.000000000,,0,-1.000000000,0,,1,-0.013214683,-0.757145573,-0.021978378,-0.012209892,1,3.136584520,179.713055102,-0.002442360,-2.687179565,1,-2.880847216,-165.060386879,-0.002442360,2.673503876,1,-0.193980217,-11.114247742,-0.021978378,0.422466278,1,0.870329857,49.866227583,-0.012210846,-0.001221180,-0.012833213,-0.735288967,0.000000000,-0.000000000,2.000000000,1.000000000,3.149173021,180.434323078,0.000000000,-2.774265289,8.500000000,2.500000000,-2.881228685,-165.082243484,0.000000000,2.690469742,3.000000000,0.800000012,-0.194361687,-11.136104347,0.000000000,0.431063026,1.200000048,0.200000003,0.870713234,49.888193471,0.000000000,0.000140856,0.100000001,0.020000000
2026-07-04 17:51:23.100,1783158683.100481033,6.006569949,1,1,5.994118821,1,0.008271014,5,1,0.005609013,5,1,0,0,0,0,1,1,1,0,1,0,-1.000000000,0.000000000,0.000000000,0.000000000,0,-1.000000000,0,0,0,,0,-1.000000000,,0,0,0.000000000,0.000000000,0,-1.000000000,0,,0,-1.000000000,,0,-1.000000000,0,,1,-0.013214683,-0.757145573,0.007326126,-0.012209892,1,3.136584520,179.713055102,-0.002442360,-2.687179565,1,-2.880847216,-165.060386879,-0.007326126,2.673503876,1,-0.193598747,-11.092391137,-0.007326126,0.422466278,1,0.870329857,49.866227583,-0.012210846,-0.003663063,-0.012833213,-0.735288967,0.000000000,-0.000000000,2.000000000,1.000000000,3.149173021,180.434323078,0.000000000,-2.774265289,8.500000000,2.500000000,-2.881228685,-165.082243484,0.000000000,2.690469742,3.000000000,0.800000012,-0.194361687,-11.136104347,0.000000000,0.431063026,1.200000048,0.200000003,0.870713234,49.888193471,0.000000000,0.000140856,0.100000001,0.020000000
2026-07-04 17:51:24.100,1783158684.100304604,7.006393491,1,1,6.993942363,1,0.008526771,5,1,0.005731621,5,1,0,0,0,0,1,1,1,0,1,0,-1.000000000,0.000000000,0.000000000,0.000000000,0,-1.000000000,0,0,0,,0,-1.000000000,,0,0,0.000000000,0.000000000,0,-1.000000000,0,,0,-1.000000000,,0,-1.000000000,0,,1,-0.013214683,-0.757145573,-0.021978378,-0.007326126,1,3.136584520,179.713055102,-0.002442360,-2.687179565,1,-2.880847216,-165.060386879,-0.002442360,2.673503876,1,-0.193980217,-11.114247742,-0.021978378,0.422466278,1,0.870329857,49.866227583,0.036628723,-0.003663063,-0.012833213,-0.735288967,0.000000000,-0.000000000,2.000000000,1.000000000,3.149173021,180.434323078,0.000000000,-2.774265289,8.500000000,2.500000000,-2.881228685,-165.082243484,0.000000000,2.690469742,3.000000000,0.800000012,-0.194361687,-11.136104347,0.000000000,0.431063026,1.200000048,0.200000003,0.870713234,49.888193471,0.000000000,0.000140856,0.100000001,0.020000000
2026-07-04 17:51:25.100,1783158685.100040197,8.006129131,1,1,7.993678003,1,0.008475369,5,1,0.005789437,5,1,0,0,0,0,1,1,1,0,1,0,-1.000000000,0.000000000,0.000000000,0.000000000,0,-1.000000000,0,0,0,,0,-1.000000000,,0,0,0.000000000,0.000000000,0,-1.000000000,0,,0,-1.000000000,,0,-1.000000000,0,,1,-0.013214683,-0.757145573,0.007326126,-0.012209892,1,3.136584520,179.713055102,0.002442360,-2.687179565,1,-2.880847216,-165.060386879,0.002442360,2.673503876,1,-0.193980217,-11.114247742,-0.021978378,0.422466278,1,0.870329857,49.866227583,-0.012210846,-0.003663063,-0.012833213,-0.735288967,0.000000000,-0.000000000,2.000000000,1.000000000,3.149173021,180.434323078,0.000000000,-2.774265289,8.500000000,2.500000000,-2.881228685,-165.082243484,0.000000000,2.690469742,3.000000000,0.800000012,-0.194361687,-11.136104347,0.000000000,0.431063026,1.200000048,0.200000003,0.870713234,49.888193471,0.000000000,0.000140856,0.100000001,0.020000000
2026-07-04 17:51:26.099,1783158686.099791050,9.005880082,1,1,8.993428954,1,0.008456058,5,1,0.005588356,5,1,0,0,0,0,1,1,1,0,1,0,-1.000000000,0.000000000,0.000000000,0.000000000,0,-1.000000000,0,0,0,,0,-1.000000000,,0,0,0.000000000,0.000000000,0,-1.000000000,0,,0,-1.000000000,,0,-1.000000000,0,,1,-0.013214683,-0.757145573,-0.007326126,-0.012209892,1,3.136584520,179.713055102,-0.002442360,-2.687179565,1,-2.880847216,-165.060386879,-0.002442360,2.673503876,1,-0.193598747,-11.092391137,-0.007326126,0.422466278,1,0.870329857,49.866227583,-0.012210846,-0.003663063,-0.012833213,-0.735288967,0.000000000,-0.000000000,2.000000000,1.000000000,3.149173021,180.434323078,0.000000000,-2.774265289,8.500000000,2.500000000,-2.881228685,-165.082243484,0.000000000,2.690469742,3.000000000,0.800000012,-0.194361687,-11.136104347,0.000000000,0.431063026,1.200000048,0.200000003,0.870713234,49.888193471,0.000000000,0.000140856,0.100000001,0.020000000
2026-07-04 17:51:27.099,1783158687.099513292,10.005602389,1,1,9.993151261,1,0.008674544,5,1,0.005834975,5,1,0,0,0,0,1,1,1,0,1,0,-1.000000000,0.000000000,0.000000000,0.000000000,0,-1.000000000,0,0,0,,0,-1.000000000,,0,0,0.000000000,0.000000000,0,-1.000000000,0,,0,-1.000000000,,0,-1.000000000,0,,1,-0.013214683,-0.757145573,-0.007326126,-0.012209892,1,3.136584520,179.713055102,-0.007326126,-2.687179565,1,-2.880847216,-165.060386879,-0.002442360,2.673503876,1,-0.193598747,-11.092391137,-0.007326126,0.422466278,1,0.870329857,49.866227583,0.012210846,-0.003663063,-0.012833213,-0.735288967,0.000000000,-0.000000000,2.000000000,1.000000000,3.149173021,180.434323078,0.000000000,-2.774265289,8.500000000,2.500000000,-2.881228685,-165.082243484,0.000000000,2.690469742,3.000000000,0.800000012,-0.194361687,-11.136104347,0.000000000,0.431063026,1.200000048,0.200000003,0.870713234,49.888193471,0.000000000,0.000140856,0.100000001,0.020000000
2026-07-04 17:51:28.099,1783158688.099251986,11.005340964,1,1,10.992889836,1,0.008589091,5,1,0.005848011,5,1,0,0,0,0,1,1,1,0,1,0,-1.000000000,0.000000000,0.000000000,0.000000000,0,-1.000000000,0,0,0,,0,-1.000000000,,0,0,0.000000000,0.000000000,0,-1.000000000,0,,0,-1.000000000,,0,-1.000000000,0,,1,-0.013214683,-0.757145573,-0.021978378,-0.012209892,1,3.136584520,179.713055102,-0.002442360,-2.687179565,1,-2.880847216,-165.060386879,-0.002442360,2.673503876,1,-0.193598747,-11.092391137,-0.021978378,0.422466278,1,0.870329857,49.866227583,-0.012210846,-0.003663063,-0.012833213,-0.735288967,0.000000000,-0.000000000,2.000000000,1.000000000,3.149173021,180.434323078,0.000000000,-2.774265289,8.500000000,2.500000000,-2.881228685,-165.082243484,0.000000000,2.690469742,3.000000000,0.800000012,-0.194361687,-11.136104347,0.000000000,0.431063026,1.200000048,0.200000003,0.870713234,49.888193471,0.000000000,0.000140856,0.100000001,0.020000000
2026-07-04 17:51:29.099,1783158689.099022150,12.005111040,1,1,11.992659912,1,0.008229809,5,1,0.005629682,5,1,0,0,0,0,1,1,1,0,1,0,-1.000000000,0.000000000,0.000000000,0.000000000,0,-1.000000000,0,0,0,,0,-1.000000000,,0,0,0.000000000,0.000000000,0,-1.000000000,0,,0,-1.000000000,,0,-1.000000000,0,,1,-0.013214683,-0.757145573,-0.021978378,-0.012209892,1,3.136584520,179.713055102,-0.002442360,-2.687179565,1,-2.880847216,-165.060386879,-0.002442360,2.673503876,1,-0.193598747,-11.092391137,-0.007326126,0.422466278,1,0.870329857,49.866227583,-0.012210846,-0.003663063,-0.012833213,-0.735288967,0.000000000,-0.000000000,2.000000000,1.000000000,3.149173021,180.434323078,0.000000000,-2.774265289,8.500000000,2.500000000,-2.881228685,-165.082243484,0.000000000,2.690469742,3.000000000,0.800000012,-0.194361687,-11.136104347,0.000000000,0.431063026,1.200000048,0.200000003,0.870713234,49.888193471,0.000000000,0.000140856,0.100000001,0.020000000
2026-07-04 17:51:30.098,1783158690.098791122,13.004880190,1,1,12.992429062,1,0.008851034,5,1,0.005573947,5,1,0,0,0,0,1,1,1,0,1,0,-1.000000000,0.000000000,0.000000000,0.000000000,0,-1.000000000,0,0,0,,0,-1.000000000,,0,0,0.000000000,0.000000000,0,-1.000000000,0,,0,-1.000000000,,0,-1.000000000,0,,1,-0.013214683,-0.757145573,-0.007326126,-0.012209892,1,3.136584520,179.713055102,0.002442360,-2.687179565,1,-2.880847216,-165.060386879,-0.002442360,2.673503876,1,-0.193980217,-11.114247742,-0.021978378,0.422466278,1,0.870329857,49.866227583,-0.012210846,-0.001221180,-0.012833213,-0.735288967,0.000000000,-0.000000000,2.000000000,1.000000000,3.149173021,180.434323078,0.000000000,-2.774265289,8.500000000,2.500000000,-2.881228685,-165.082243484,0.000000000,2.690469742,3.000000000,0.800000012,-0.194361687,-11.136104347,0.000000000,0.431063026,1.200000048,0.200000003,0.870713234,49.888193471,0.000000000,0.000140856,0.100000001,0.020000000
2026-07-04 17:51:31.098,1783158691.098414660,14.004503496,1,1,13.992052368,1,0.007814919,5,1,0.005649281,5,1,0,0,0,0,1,1,1,0,1,0,-1.000000000,0.000000000,0.000000000,0.000000000,0,-1.000000000,0,0,0,,0,-1.000000000,,0,0,0.000000000,0.000000000,0,-1.000000000,0,,0,-1.000000000,,0,-1.000000000,0,,1,-0.013214683,-0.757145573,-0.007326126,-0.012209892,1,3.136584520,179.713055102,-0.002442360,-2.700855255,1,-2.880847216,-165.060386879,-0.007326126,2.673503876,1,-0.193598747,-11.092391137,-0.007326126,0.422466278,1,0.870329857,49.866227583,-0.012210846,-0.003663063,-0.012833213,-0.735288967,0.000000000,-0.000000000,2.000000000,1.000000000,3.149173021,180.434323078,0.000000000,-2.774265289,8.500000000,2.500000000,-2.881228685,-165.082243484,0.000000000,2.690469742,3.000000000,0.800000012,-0.194361687,-11.136104347,0.000000000,0.431063026,1.200000048,0.200000003,0.870713234,49.888193471,0.000000000,0.000140856,0.100000001,0.020000000
2026-07-04 17:51:32.098,1783158692.098225594,15.004314596,1,1,14.991863468,1,0.008629887,5,1,0.005728818,5,1,0,0,0,0,1,1,1,0,1,0,-1.000000000,0.000000000,0.000000000,0.000000000,0,-1.000000000,0,0,0,,0,-1.000000000,,0,0,0.000000000,0.000000000,0,-1.000000000,0,,0,-1.000000000,,0,-1.000000000,0,,1,-0.013214683,-0.757145573,-0.007326126,-0.012209892,1,3.136584520,179.713055102,-0.002442360,-2.687179565,1,-2.880847216,-165.060386879,-0.002442360,2.673503876,1,-0.193598747,-11.092391137,0.007326126,0.422466278,1,0.870329857,49.866227583,-0.012210846,-0.003663063,-0.012833213,-0.735288967,0.000000000,-0.000000000,2.000000000,1.000000000,3.149173021,180.434323078,0.000000000,-2.774265289,8.500000000,2.500000000,-2.881228685,-165.082243484,0.000000000,2.690469742,3.000000000,0.800000012,-0.194361687,-11.136104347,0.000000000,0.431063026,1.200000048,0.200000003,0.870713234,49.888193471,0.000000000,0.000140856,0.100000001,0.020000000
2026-07-04 17:51:33.097,1783158693.097891331,16.003980209,1,1,15.991529081,1,0.008633347,5,1,0.005678225,5,1,0,0,0,0,1,1,1,0,1,0,-1.000000000,0.000000000,0.000000000,0.000000000,0,-1.000000000,0,0,0,,0,-1.000000000,,0,0,0.000000000,0.000000000,0,-1.000000000,0,,0,-1.000000000,,0,-1.000000000,0,,1,-0.013214683,-0.757145573,0.007326126,-0.012209892,1,3.136584520,179.713055102,-0.002442360,-2.687179565,1,-2.880847216,-165.060386879,-0.002442360,2.673503876,1,-0.193598747,-11.092391137,-0.007326126,0.422466278,1,0.870329857,49.866227583,-0.036628723,-0.003663063,-0.012833213,-0.735288967,0.000000000,-0.000000000,2.000000000,1.000000000,3.149173021,180.434323078,0.000000000,-2.774265289,8.500000000,2.500000000,-2.881228685,-165.082243484,0.000000000,2.690469742,3.000000000,0.800000012,-0.194361687,-11.136104347,0.000000000,0.431063026,1.200000048,0.200000003,0.870713234,49.888193471,0.000000000,0.000140856,0.100000001,0.020000000
2026-07-04 17:51:34.097,1783158694.097756863,17.003845980,1,1,16.991394852,1,0.008090894,5,1,0.005719699,5,1,0,0,0,0,1,1,1,0,1,0,-1.000000000,0.000000000,0.000000000,0.000000000,0,-1.000000000,0,0,0,,0,-1.000000000,,0,0,0.000000000,0.000000000,0,-1.000000000,0,,0,-1.000000000,,0,-1.000000000,0,,1,-0.013214683,-0.757145573,-0.021978378,-0.012209892,1,3.136584520,179.713055102,-0.002442360,-2.687179565,1,-2.880847216,-165.060386879,-0.002442360,2.673503876,1,-0.193980217,-11.114247742,-0.021978378,0.422466278,1,0.870329857,49.866227583,-0.036628723,-0.003663063,-0.012833213,-0.735288967,0.000000000,-0.000000000,2.000000000,1.000000000,3.149173021,180.434323078,0.000000000,-2.774265289,8.500000000,2.500000000,-2.881228685,-165.082243484,0.000000000,2.690469742,3.000000000,0.800000012,-0.194361687,-11.136104347,0.000000000,0.431063026,1.200000048,0.200000003,0.870713234,49.888193471,0.000000000,0.000140856,0.100000001,0.020000000
2026-07-04 17:51:35.097,1783158695.097379684,18.003468514,1,1,17.991017386,1,0.008516958,5,1,0.005782991,5,1,0,0,0,0,1,1,1,0,1,0,-1.000000000,0.000000000,0.000000000,0.000000000,0,-1.000000000,0,0,0,,0,-1.000000000,,0,0,0.000000000,0.000000000,0,-1.000000000,0,,0,-1.000000000,,0,-1.000000000,0,,1,-0.013214683,-0.757145573,-0.007326126,-0.012209892,1,3.136584520,179.713055102,-0.002442360,-2.687179565,1,-2.880847216,-165.060386879,0.002442360,2.673503876,1,-0.193598747,-11.092391137,-0.007326126,0.422466278,1,0.870329857,49.866227583,-0.036628723,-0.001221180,-0.012833213,-0.735288967,0.000000000,-0.000000000,2.000000000,1.000000000,3.149173021,180.434323078,0.000000000,-2.774265289,8.500000000,2.500000000,-2.881228685,-165.082243484,0.000000000,2.690469742,3.000000000,0.800000012,-0.194361687,-11.136104347,0.000000000,0.431063026,1.200000048,0.200000003,0.870713234,49.888193471,0.000000000,0.000140856,0.100000001,0.020000000
2026-07-04 17:51:36.097,1783158696.097094297,19.003183318,1,1,18.990732190,1,0.008269335,5,1,0.005760148,5,1,0,0,0,0,1,1,1,0,1,0,-1.000000000,0.000000000,0.000000000,0.000000000,0,-1.000000000,0,0,0,,0,-1.000000000,,0,0,0.000000000,0.000000000,0,-1.000000000,0,,0,-1.000000000,,0,-1.000000000,0,,1,-0.013214683,-0.757145573,-0.007326126,-0.012209892,1,3.136584520,179.713055102,-0.002442360,-2.687179565,1,-2.880847216,-165.060386879,-0.002442360,2.673503876,1,-0.193598747,-11.092391137,0.007326126,0.422466278,1,0.870329857,49.866227583,-0.036628723,-0.003663063,-0.012833213,-0.735288967,0.000000000,-0.000000000,2.000000000,1.000000000,3.149173021,180.434323078,0.000000000,-2.774265289,8.500000000,2.500000000,-2.881228685,-165.082243484,0.000000000,2.690469742,3.000000000,0.800000012,-0.194361687,-11.136104347,0.000000000,0.431063026,1.200000048,0.200000003,0.870713234,49.888193471,0.000000000,0.000140856,0.100000001,0.020000000
2026-07-04 17:51:37.097,1783158697.096943855,20.003032793,1,1,19.990581665,1,0.008221526,5,1,0.005681290,5,1,0,0,0,0,1,1,1,0,1,0,-1.000000000,0.000000000,0.000000000,0.000000000,0,-1.000000000,0,0,0,,0,-1.000000000,,0,0,0.000000000,0.000000000,0,-1.000000000,0,,0,-1.000000000,,0,-1.000000000,0,,1,-0.013214683,-0.757145573,-0.007326126,-0.012209892,1,3.136584520,179.713055102,0.002442360,-2.687179565,1,-2.880847216,-165.060386879,-0.002442360,2.673503876,1,-0.193598747,-11.092391137,0.007326126,0.422466278,1,0.870329857,49.866227583,-0.012210846,-0.003663063,-0.012833213,-0.735288967,0.000000000,-0.000000000,2.000000000,1.000000000,3.149173021,180.434323078,0.000000000,-2.774265289,8.500000000,2.500000000,-2.881228685,-165.082243484,0.000000000,2.690469742,3.000000000,0.800000012,-0.194361687,-11.136104347,0.000000000,0.431063026,1.200000048,0.200000003,0.870713234,49.888193471,0.000000000,0.000140856,0.100000001,0.020000000
2026-07-04 17:51:38.096,1783158698.096578121,21.002666967,1,1,20.990215839,1,0.008467691,5,1,0.005642795,5,1,0,0,0,0,1,1,1,0,1,0,-1.000000000,0.000000000,0.000000000,0.000000000,0,-1.000000000,0,0,0,,0,-1.000000000,,0,0,0.000000000,0.000000000,0,-1.000000000,0,,0,-1.000000000,,0,-1.000000000,0,,1,-0.013214683,-0.757145573,-0.007326126,-0.012209892,1,3.135821581,179.669341891,-0.002442360,-2.687179565,1,-2.880847216,-165.060386879,-0.002442360,2.673503876,1,-0.193598747,-11.092391137,-0.007326126,0.422466278,1,0.870329857,49.866227583,0.036628723,-0.003663063,-0.012833213,-0.735288967,0.000000000,-0.000000000,2.000000000,1.000000000,3.149173021,180.434323078,0.000000000,-2.774265289,8.500000000,2.500000000,-2.881228685,-165.082243484,0.000000000,2.690469742,3.000000000,0.800000012,-0.194361687,-11.136104347,0.000000000,0.431063026,1.200000048,0.200000003,0.870713234,49.888193471,0.000000000,0.000140856,0.100000001,0.020000000
2026-07-04 17:51:39.096,1783158699.096534729,22.002623693,1,1,21.990172565,1,0.008759507,5,1,0.005812120,5,1,0,0,0,0,1,1,1,0,1,0,-1.000000000,0.000000000,0.000000000,0.000000000,0,-1.000000000,0,0,0,,0,-1.000000000,,0,0,0.000000000,0.000000000,0,-1.000000000,0,,0,-1.000000000,,0,-1.000000000,0,,1,-0.013214683,-0.757145573,-0.007326126,-0.007326126,1,3.135821581,179.669341891,-0.002442360,-2.687179565,1,-2.880847216,-165.060386879,0.002442360,2.673503876,1,-0.193598747,-11.092391137,-0.021978378,0.422466278,1,0.870329857,49.866227583,-0.012210846,-0.003663063,-0.012833213,-0.735288967,0.000000000,-0.000000000,2.000000000,1.000000000,3.149173021,180.434323078,0.000000000,-2.774265289,8.500000000,2.500000000,-2.881228685,-165.082243484,0.000000000,2.690469742,3.000000000,0.800000012,-0.194361687,-11.136104347,0.000000000,0.431063026,1.200000048,0.200000003,0.870713234,49.888193471,0.000000000,0.000140856,0.100000001,0.020000000
2026-07-04 17:51:40.096,1783158700.096164703,23.002253559,1,1,22.989802431,1,0.008282669,5,1,0.005724943,5,1,0,0,0,0,1,1,1,0,1,0,-1.000000000,0.000000000,0.000000000,0.000000000,0,-1.000000000,0,0,0,,0,-1.000000000,,0,0,0.000000000,0.000000000,0,-1.000000000,0,,0,-1.000000000,,0,-1.000000000,0,,1,-0.013214683,-0.757145573,0.007326126,-0.012209892,1,3.135821581,179.669341891,-0.002442360,-2.687179565,1,-2.880847216,-165.060386879,-0.002442360,2.673503876,1,-0.193598747,-11.092391137,0.007326126,0.422466278,1,0.870329857,49.866227583,-0.012210846,-0.001221180,-0.012833213,-0.735288967,0.000000000,-0.000000000,2.000000000,1.000000000,3.149173021,180.434323078,0.000000000,-2.774265289,8.500000000,2.500000000,-2.881228685,-165.082243484,0.000000000,2.690469742,3.000000000,0.800000012,-0.194361687,-11.136104347,0.000000000,0.431063026,1.200000048,0.200000003,0.870713234,49.888193471,0.000000000,0.000140856,0.100000001,0.020000000
2026-07-04 17:51:41.095,1783158701.095920801,24.002009911,1,1,23.989558783,1,0.008368921,5,1,0.005642728,5,1,0,0,0,0,1,1,1,0,1,0,-1.000000000,0.000000000,0.000000000,0.000000000,0,-1.000000000,0,0,0,,0,-1.000000000,,0,0,0.000000000,0.000000000,0,-1.000000000,0,,0,-1.000000000,,0,-1.000000000,0,,1,-0.013214683,-0.757145573,-0.007326126,-0.017093658,1,3.135821581,179.669341891,-0.002442360,-2.687179565,1,-2.880847216,-165.060386879,0.002442360,2.673503876,1,-0.193598747,-11.092391137,-0.007326126,0.422466278,1,0.870329857,49.866227583,-0.036628723,-0.003663063,-0.012833213,-0.735288967,0.000000000,-0.000000000,2.000000000,1.000000000,3.149173021,180.434323078,0.000000000,-2.774265289,8.500000000,2.500000000,-2.881228685,-165.082243484,0.000000000,2.690469742,3.000000000,0.800000012,-0.194361687,-11.136104347,0.000000000,0.431063026,1.200000048,0.200000003,0.870713234,49.888193471,0.000000000,0.000140856,0.100000001,0.020000000
2026-07-04 17:51:42.095,1783158702.095694542,25.001783469,1,1,24.989332341,1,0.008256629,5,1,0.005781036,5,1,0,0,0,0,1,1,1,0,1,0,-1.000000000,0.000000000,0.000000000,0.000000000,0,-1.000000000,0,0,0,,0,-1.000000000,,0,0,0.000000000,0.000000000,0,-1.000000000,0,,0,-1.000000000,,0,-1.000000000,0,,1,-0.013214683,-0.757145573,-0.007326126,-0.012209892,1,3.135821581,179.669341891,-0.002442360,-2.687179565,1,-2.880847216,-165.060386879,-0.002442360,2.673503876,1,-0.193598747,-11.092391137,-0.007326126,0.422466278,1,0.870329857,49.866227583,-0.012210846,-0.001221180,-0.012833213,-0.735288967,0.000000000,-0.000000000,2.000000000,1.000000000,3.149173021,180.434323078,0.000000000,-2.774265289,8.500000000,2.500000000,-2.881228685,-165.082243484,0.000000000,2.690469742,3.000000000,0.800000012,-0.194361687,-11.136104347,0.000000000,0.431063026,1.200000048,0.200000003,0.870713234,49.888193471,0.000000000,0.000140856,0.100000001,0.020000000
2026-07-04 17:51:43.095,1783158703.095351458,26.001440506,1,1,25.988989378,1,0.008804178,5,1,0.005745885,5,1,0,0,0,0,1,1,1,0,1,0,-1.000000000,0.000000000,0.000000000,0.000000000,0,-1.000000000,0,0,0,,0,-1.000000000,,0,0,0.000000000,0.000000000,0,-1.000000000,0,,0,-1.000000000,,0,-1.000000000,0,,1,-0.013214683,-0.757145573,-0.007326126,-0.012209892,1,3.135821581,179.669341891,-0.002442360,-2.687179565,1,-2.880847216,-165.060386879,-0.007326126,2.687179565,1,-0.193598747,-11.092391137,-0.007326126,0.422466278,1,0.870329857,49.866227583,-0.012210846,-0.003663063,-0.012833213,-0.735288967,0.000000000,-0.000000000,2.000000000,1.000000000,3.149173021,180.434323078,0.000000000,-2.774265289,8.500000000,2.500000000,-2.881228685,-165.082243484,0.000000000,2.690469742,3.000000000,0.800000012,-0.194361687,-11.136104347,0.000000000,0.431063026,1.200000048,0.200000003,0.870713234,49.888193471,0.000000000,0.000140856,0.100000001,0.020000000
2026-07-04 17:51:44.095,1783158704.095093966,27.001183060,1,1,26.988731932,1,0.008216257,5,1,0.005807410,5,1,0,0,0,0,1,1,1,0,1,0,-1.000000000,0.000000000,0.000000000,0.000000000,0,-1.000000000,0,0,0,,0,-1.000000000,,0,0,0.000000000,0.000000000,0,-1.000000000,0,,0,-1.000000000,,0,-1.000000000,0,,1,-0.013214683,-0.757145573,-0.007326126,-0.012209892,1,3.135821581,179.669341891,-0.002442360,-2.687179565,1,-2.880847216,-165.060386879,-0.002442360,2.673503876,1,-0.193598747,-11.092391137,-0.007326126,0.422466278,1,0.870329857,49.866227583,0.012210846,-0.001221180,-0.012833213,-0.735288967,0.000000000,-0.000000000,2.000000000,1.000000000,3.149173021,180.434323078,0.000000000,-2.774265289,8.500000000,2.500000000,-2.881228685,-165.082243484,0.000000000,2.690469742,3.000000000,0.800000012,-0.194361687,-11.136104347,0.000000000,0.431063026,1.200000048,0.200000003,0.870713234,49.888193471,0.000000000,0.000140856,0.100000001,0.020000000
2026-07-04 17:51:45.095,1783158705.094971895,28.001060816,1,1,27.988609688,1,0.008278814,5,1,0.005905050,5,1,0,0,0,0,1,1,1,0,1,0,-1.000000000,0.000000000,0.000000000,0.000000000,0,-1.000000000,0,0,0,,0,-1.000000000,,0,0,0.000000000,0.000000000,0,-1.000000000,0,,0,-1.000000000,,0,-1.000000000,0,,1,-0.013214683,-0.757145573,0.007326126,-0.012209892,1,3.135821581,179.669341891,-0.002442360,-2.687179565,1,-2.880847216,-165.060386879,-0.007326126,2.673503876,1,-0.193980217,-11.114247742,-0.007326126,0.422466278,1,0.870329857,49.866227583,-0.012210846,-0.003663063,-0.012833213,-0.735288967,0.000000000,-0.000000000,2.000000000,1.000000000,3.149173021,180.434323078,0.000000000,-2.774265289,8.500000000,2.500000000,-2.881228685,-165.082243484,0.000000000,2.690469742,3.000000000,0.800000012,-0.194361687,-11.136104347,0.000000000,0.431063026,1.200000048,0.200000003,0.870713234,49.888193471,0.000000000,0.000140856,0.100000001,0.020000000
2026-07-04 17:51:46.094,1783158706.094764233,29.000853161,1,1,28.988402033,1,0.008891023,5,1,0.005573723,5,1,0,0,0,0,1,1,1,0,1,0,-1.000000000,0.000000000,0.000000000,0.000000000,0,-1.000000000,0,0,0,,0,-1.000000000,,0,0,0.000000000,0.000000000,0,-1.000000000,0,,0,-1.000000000,,0,-1.000000000,0,,1,-0.013214683,-0.757145573,0.007326126,-0.012209892,1,3.135821581,179.669341891,-0.002442360,-2.687179565,1,-2.880847216,-165.060386879,-0.002442360,2.673503876,1,-0.193980217,-11.114247742,-0.007326126,0.422466278,1,0.870329857,49.866227583,-0.036628723,-0.001221180,-0.012833213,-0.735288967,0.000000000,-0.000000000,2.000000000,1.000000000,3.149173021,180.434323078,0.000000000,-2.774265289,8.500000000,2.500000000,-2.881228685,-165.082243484,0.000000000,2.690469742,3.000000000,0.800000012,-0.194361687,-11.136104347,0.000000000,0.431063026,1.200000048,0.200000003,0.870713234,49.888193471,0.000000000,0.000140856,0.100000001,0.020000000
2026-07-04 17:51:47.094,1783158707.094494104,30.000583216,1,1,29.988132088,1,0.008514149,5,1,0.005792299,5,1,0,0,0,0,1,1,1,0,1,0,-1.000000000,0.000000000,0.000000000,0.000000000,0,-1.000000000,0,0,0,,0,-1.000000000,,0,0,0.000000000,0.000000000,0,-1.000000000,0,,0,-1.000000000,,0,-1.000000000,0,,1,-0.013214683,-0.757145573,-0.007326126,-0.012209892,1,3.135821581,179.669341891,-0.002442360,-2.673503876,1,-2.880847216,-165.060386879,-0.002442360,2.673503876,1,-0.193598747,-11.092391137,-0.007326126,0.422466278,1,0.870329857,49.866227583,-0.012210846,-0.003663063,-0.012833213,-0.735288967,0.000000000,-0.000000000,2.000000000,1.000000000,3.149173021,180.434323078,0.000000000,-2.774265289,8.500000000,2.500000000,-2.881228685,-165.082243484,0.000000000,2.690469742,3.000000000,0.800000012,-0.194361687,-11.136104347,0.000000000,0.431063026,1.200000048,0.200000003,0.870713234,49.888193471,0.000000000,0.000140856,0.100000001,0.020000000
2026-07-04 17:51:48.094,1783158708.094247103,31.000336169,1,1,30.987885041,1,0.008527644,5,1,0.005752725,5,1,0,0,0,0,1,1,1,0,1,0,-1.000000000,0.000000000,0.000000000,0.000000000,0,-1.000000000,0,0,0,,0,-1.000000000,,0,0,0.000000000,0.000000000,0,-1.000000000,0,,0,-1.000000000,,0,-1.000000000,0,,1,-0.013214683,-0.757145573,-0.007326126,-0.012209892,1,3.135821581,179.669341891,-0.002442360,-2.673503876,1,-2.880847216,-165.060386879,0.002442360,2.673503876,1,-0.193598747,-11.092391137,-0.021978378,0.422466278,1,0.870329857,49.866227583,0.012210846,-0.003663063,-0.012833213,-0.735288967,0.000000000,-0.000000000,2.000000000,1.000000000,3.149173021,180.434323078,0.000000000,-2.774265289,8.500000000,2.500000000,-2.881228685,-165.082243484,0.000000000,2.690469742,3.000000000,0.800000012,-0.194361687,-11.136104347,0.000000000,0.431063026,1.200000048,0.200000003,0.870713234,49.888193471,0.000000000,0.000140856,0.100000001,0.020000000
2026-07-04 17:51:49.094,1783158709.094008923,32.000097907,1,1,31.987646779,1,0.008494682,5,1,0.005675131,5,1,0,0,0,0,1,1,1,0,1,0,-1.000000000,0.000000000,0.000000000,0.000000000,0,-1.000000000,0,0,0,,0,-1.000000000,,0,0,0.000000000,0.000000000,0,-1.000000000,0,,0,-1.000000000,,0,-1.000000000,0,,1,-0.013214683,-0.757145573,-0.007326126,-0.012209892,1,3.135821581,179.669341891,-0.002442360,-2.673503876,1,-2.880847216,-165.060386879,-0.002442360,2.673503876,1,-0.193980217,-11.114247742,-0.021978378,0.422466278,1,0.870329857,49.866227583,-0.036628723,-0.003663063,-0.012833213,-0.735288967,0.000000000,-0.000000000,2.000000000,1.000000000,3.149173021,180.434323078,0.000000000,-2.774265289,8.500000000,2.500000000,-2.881228685,-165.082243484,0.000000000,2.690469742,3.000000000,0.800000012,-0.194361687,-11.136104347,0.000000000,0.431063026,1.200000048,0.200000003,0.870713234,49.888193471,0.000000000,0.000140856,0.100000001,0.020000000
2026-07-04 17:51:50.093,1783158710.093668938,32.999757916,1,1,32.987306788,1,0.008537142,5,1,0.005733036,5,1,0,0,0,0,1,1,1,0,1,0,-1.000000000,0.000000000,0.000000000,0.000000000,0,-1.000000000,0,0,0,,0,-1.000000000,,0,0,0.000000000,0.000000000,0,-1.000000000,0,,0,-1.000000000,,0,-1.000000000,0,,1,-0.013214683,-0.757145573,-0.007326126,-0.012209892,1,3.135821581,179.669341891,-0.002442360,-2.687179565,1,-2.880847216,-165.060386879,-0.002442360,2.673503876,1,-0.193598747,-11.092391137,-0.007326126,0.422466278,1,0.870329857,49.866227583,0.012210846,-0.001221180,-0.012833213,-0.735288967,0.000000000,-0.000000000,2.000000000,1.000000000,3.149173021,180.434323078,0.000000000,-2.774265289,8.500000000,2.500000000,-2.881228685,-165.082243484,0.000000000,2.690469742,3.000000000,0.800000012,-0.194361687,-11.136104347,0.000000000,0.431063026,1.200000048,0.200000003,0.870713234,49.888193471,0.000000000,0.000140856,0.100000001,0.020000000
2026-07-04 17:51:51.093,1783158711.093355179,33.999444150,1,1,33.986993022,1,0.008340254,5,1,0.005501420,5,1,0,0,0,0,1,1,1,0,1,0,-1.000000000,0.000000000,0.000000000,0.000000000,0,-1.000000000,0,0,0,,0,-1.000000000,,0,0,0.000000000,0.000000000,0,-1.000000000,0,,0,-1.000000000,,0,-1.000000000,0,,1,-0.013214683,-0.757145573,-0.007326126,-0.012209892,1,3.135821581,179.669341891,-0.002442360,-2.673503876,1,-2.880847216,-165.060386879,-0.002442360,2.673503876,1,-0.193598747,-11.092391137,-0.007326126,0.422466278,1,0.870329857,49.866227583,0.012210846,-0.001221180,-0.012833213,-0.735288967,0.000000000,-0.000000000,2.000000000,1.000000000,3.149173021,180.434323078,0.000000000,-2.774265289,8.500000000,2.500000000,-2.881228685,-165.082243484,0.000000000,2.690469742,3.000000000,0.800000012,-0.194361687,-11.136104347,0.000000000,0.431063026,1.200000048,0.200000003,0.870713234,49.888193471,0.000000000,0.000140856,0.100000001,0.020000000
2026-07-04 17:51:52.093,1783158712.093226194,34.999315137,1,1,34.986864009,1,0.008287023,5,1,0.005798948,5,1,0,0,0,0,1,1,1,0,1,0,-1.000000000,0.000000000,0.000000000,0.000000000,0,-1.000000000,0,0,0,,0,-1.000000000,,0,0,0.000000000,0.000000000,0,-1.000000000,0,,0,-1.000000000,,0,-1.000000000,0,,1,-0.013214683,-0.757145573,-0.007326126,-0.012209892,1,3.135821581,179.669341891,-0.002442360,-2.687179565,1,-2.880847216,-165.060386879,-0.002442360,2.673503876,1,-0.193598747,-11.092391137,-0.007326126,0.422466278,1,0.870329857,49.866227583,-0.012210846,-0.003663063,-0.012833213,-0.735288967,0.000000000,-0.000000000,2.000000000,1.000000000,3.149173021,180.434323078,0.000000000,-2.774265289,8.500000000,2.500000000,-2.881228685,-165.082243484,0.000000000,2.690469742,3.000000000,0.800000012,-0.194361687,-11.136104347,0.000000000,0.431063026,1.200000048,0.200000003,0.870713234,49.888193471,0.000000000,0.000140856,0.100000001,0.020000000
2026-07-04 17:51:53.093,1783158713.093008757,35.999097541,1,1,35.986646413,1,0.008628202,5,1,0.005803535,5,1,0,0,0,0,1,1,1,0,1,0,-1.000000000,0.000000000,0.000000000,0.000000000,0,-1.000000000,0,0,0,,0,-1.000000000,,0,0,0.000000000,0.000000000,0,-1.000000000,0,,0,-1.000000000,,0,-1.000000000,0,,1,-0.013214683,-0.757145573,-0.007326126,-0.012209892,1,3.135821581,179.669341891,-0.002442360,-2.687179565,1,-2.880847216,-165.060386879,-0.002442360,2.673503876,1,-0.193598747,-11.092391137,-0.007326126,0.422466278,1,0.870329857,49.866227583,0.012210846,-0.003663063,-0.012833213,-0.735288967,0.000000000,-0.000000000,2.000000000,1.000000000,3.149173021,180.434323078,0.000000000,-2.774265289,8.500000000,2.500000000,-2.881228685,-165.082243484,0.000000000,2.690469742,3.000000000,0.800000012,-0.194361687,-11.136104347,0.000000000,0.431063026,1.200000048,0.200000003,0.870713234,49.888193471,0.000000000,0.000140856,0.100000001,0.020000000
2026-07-04 17:51:54.092,1783158714.092802048,36.998891025,1,1,36.986439897,1,0.008319413,5,1,0.005896741,5,1,0,0,0,0,1,1,1,0,1,0,-1.000000000,0.000000000,0.000000000,0.000000000,0,-1.000000000,0,0,0,,0,-1.000000000,,0,0,0.000000000,0.000000000,0,-1.000000000,0,,0,-1.000000000,,0,-1.000000000,0,,1,-0.013214683,-0.757145573,-0.007326126,-0.012209892,1,3.135821581,179.669341891,-0.007326126,-2.673503876,1,-2.880847216,-165.060386879,-0.002442360,2.673503876,1,-0.193598747,-11.092391137,-0.007326126,0.422466278,1,0.870329857,49.866227583,-0.012210846,-0.003663063,-0.012833213,-0.735288967,0.000000000,-0.000000000,2.000000000,1.000000000,3.149173021,180.434323078,0.000000000,-2.774265289,8.500000000,2.500000000,-2.881228685,-165.082243484,0.000000000,2.690469742,3.000000000,0.800000012,-0.194361687,-11.136104347,0.000000000,0.431063026,1.200000048,0.200000003,0.870713234,49.888193471,0.000000000,0.000140856,0.100000001,0.020000000
2026-07-04 17:51:55.092,1783158715.092457533,37.998546551,1,1,37.986095423,1,0.008455656,5,1,0.005768246,5,1,0,0,0,0,1,1,1,0,1,0,-1.000000000,0.000000000,0.000000000,0.000000000,0,-1.000000000,0,0,0,,0,-1.000000000,,0,0,0.000000000,0.000000000,0,-1.000000000,0,,0,-1.000000000,,0,-1.000000000,0,,1,-0.013214683,-0.757145573,-0.007326126,-0.012209892,1,3.135821581,179.669341891,-0.002442360,-2.687179565,1,-2.880847216,-165.060386879,-0.002442360,2.673503876,1,-0.193598747,-11.092391137,-0.007326126,0.422466278,1,0.870329857,49.866227583,-0.012210846,-0.003663063,-0.012833213,-0.735288967,0.000000000,-0.000000000,2.000000000,1.000000000,3.149173021,180.434323078,0.000000000,-2.774265289,8.500000000,2.500000000,-2.881228685,-165.082243484,0.000000000,2.690469742,3.000000000,0.800000012,-0.194361687,-11.136104347,0.000000000,0.431063026,1.200000048,0.200000003,0.870713234,49.888193471,0.000000000,0.000140856,0.100000001,0.020000000
2026-07-04 17:51:56.092,1783158716.092185974,38.998274722,1,1,38.985823594,1,0.008494208,5,1,0.005703063,5,1,0,0,0,0,1,1,1,0,1,0,-1.000000000,0.000000000,0.000000000,0.000000000,0,-1.000000000,0,0,0,,0,-1.000000000,,0,0,0.000000000,0.000000000,0,-1.000000000,0,,0,-1.000000000,,0,-1.000000000,0,,1,-0.013214683,-0.757145573,-0.007326126,-0.012209892,1,3.135821581,179.669341891,-0.002442360,-2.687179565,1,-2.880847216,-165.060386879,-0.002442360,2.673503876,1,-0.193598747,-11.092391137,0.007326126,0.422466278,1,0.870329857,49.866227583,0.012210846,-0.001221180,-0.012833213,-0.735288967,0.000000000,-0.000000000,2.000000000,1.000000000,3.149173021,180.434323078,0.000000000,-2.774265289,8.500000000,2.500000000,-2.881228685,-165.082243484,0.000000000,2.690469742,3.000000000,0.800000012,-0.194361687,-11.136104347,0.000000000,0.431063026,1.200000048,0.200000003,0.870713234,49.888193471,0.000000000,0.000140856,0.100000001,0.020000000
2026-07-04 17:51:57.092,1783158717.091950178,39.998038970,1,1,39.985587842,1,0.008046716,5,1,0.005642591,5,1,0,0,0,0,1,1,1,0,1,0,-1.000000000,0.000000000,0.000000000,0.000000000,0,-1.000000000,0,0,0,,0,-1.000000000,,0,0,0.000000000,0.000000000,0,-1.000000000,0,,0,-1.000000000,,0,-1.000000000,0,,1,-0.013214683,-0.757145573,-0.021978378,-0.007326126,1,3.135821581,179.669341891,-0.002442360,-2.687179565,1,-2.880847216,-165.060386879,-0.002442360,2.673503876,1,-0.193980217,-11.114247742,-0.007326126,0.422466278,1,0.870329857,49.866227583,-0.012210846,-0.001221180,-0.012833213,-0.735288967,0.000000000,-0.000000000,2.000000000,1.000000000,3.149173021,180.434323078,0.000000000,-2.774265289,8.500000000,2.500000000,-2.881228685,-165.082243484,0.000000000,2.690469742,3.000000000,0.800000012,-0.194361687,-11.136104347,0.000000000,0.431063026,1.200000048,0.200000003,0.870713234,49.888193471,0.000000000,0.000140856,0.100000001,0.020000000
2026-07-04 17:51:58.091,1783158718.091736078,40.997824919,1,1,40.985373791,1,0.008761948,5,1,0.005702188,5,1,0,0,0,0,1,1,1,0,1,0,-1.000000000,0.000000000,0.000000000,0.000000000,0,-1.000000000,0,0,0,,0,-1.000000000,,0,0,0.000000000,0.000000000,0,-1.000000000,0,,0,-1.000000000,,0,-1.000000000,0,,1,-0.013214683,-0.757145573,-0.007326126,-0.012209892,1,3.135821581,179.669341891,-0.002442360,-2.687179565,1,-2.880847216,-165.060386879,-0.002442360,2.673503876,1,-0.193598747,-11.092391137,0.007326126,0.422466278,1,0.870329857,49.866227583,-0.012210846,-0.003663063,-0.012833213,-0.735288967,0.000000000,-0.000000000,2.000000000,1.000000000,3.149173021,180.434323078,0.000000000,-2.774265289,8.500000000,2.500000000,-2.881228685,-165.082243484,0.000000000,2.690469742,3.000000000,0.800000012,-0.194361687,-11.136104347,0.000000000,0.431063026,1.200000048,0.200000003,0.870713234,49.888193471,0.000000000,0.000140856,0.100000001,0.020000000
2026-07-04 17:51:59.091,1783158719.091579437,41.997668355,1,1,41.985217227,1,0.008514134,5,1,0.005791854,5,1,0,0,0,0,1,1,1,0,1,0,-1.000000000,0.000000000,0.000000000,0.000000000,0,-1.000000000,0,0,0,,0,-1.000000000,,0,0,0.000000000,0.000000000,0,-1.000000000,0,,0,-1.000000000,,0,-1.000000000,0,,1,-0.013214683,-0.757145573,-0.021978378,-0.007326126,1,3.135821581,179.669341891,0.002442360,-2.687179565,1,-2.880847216,-165.060386879,0.002442360,2.673503876,1,-0.193598747,-11.092391137,-0.007326126,0.422466278,1,0.870329857,49.866227583,-0.012210846,-0.001221180,-0.012833213,-0.735288967,0.000000000,-0.000000000,2.000000000,1.000000000,3.149173021,180.434323078,0.000000000,-2.774265289,8.500000000,2.500000000,-2.881228685,-165.082243484,0.000000000,2.690469742,3.000000000,0.800000012,-0.194361687,-11.136104347,0.000000000,0.431063026,1.200000048,0.200000003,0.870713234,49.888193471,0.000000000,0.000140856,0.100000001,0.020000000
2026-07-04 17:52:00.091,1783158720.091243505,42.997332398,1,1,42.984881270,1,0.008180132,5,1,0.005817649,5,1,0,0,0,0,1,1,1,0,1,0,-1.000000000,0.000000000,0.000000000,0.000000000,0,-1.000000000,0,0,0,,0,-1.000000000,,0,0,0.000000000,0.000000000,0,-1.000000000,0,,0,-1.000000000,,0,-1.000000000,0,,1,-0.013214683,-0.757145573,-0.007326126,-0.012209892,1,3.135821581,179.669341891,-0.002442360,-2.687179565,1,-2.880847216,-165.060386879,-0.002442360,2.673503876,1,-0.193598747,-11.092391137,-0.007326126,0.422466278,1,0.870329857,49.866227583,-0.036628723,-0.003663063,-0.012833213,-0.735288967,0.000000000,-0.000000000,2.000000000,1.000000000,3.149173021,180.434323078,0.000000000,-2.774265289,8.500000000,2.500000000,-2.881228685,-165.082243484,0.000000000,2.690469742,3.000000000,0.800000012,-0.194361687,-11.136104347,0.000000000,0.431063026,1.200000048,0.200000003,0.870713234,49.888193471,0.000000000,0.000140856,0.100000001,0.020000000
2026-07-04 17:52:01.091,1783158721.090988874,43.997077759,1,1,43.984626631,1,0.008684871,5,1,0.005662997,5,1,0,0,0,0,1,1,1,0,1,0,-1.000000000,0.000000000,0.000000000,0.000000000,0,-1.000000000,0,0,0,,0,-1.000000000,,0,0,0.000000000,0.000000000,0,-1.000000000,0,,0,-1.000000000,,0,-1.000000000,0,,1,-0.013214683,-0.757145573,-0.007326126,-0.012209892,1,3.135821581,179.669341891,-0.002442360,-2.687179565,1,-2.880847216,-165.060386879,-0.002442360,2.687179565,1,-0.193980217,-11.114247742,-0.021978378,0.422466278,1,0.870329857,49.866227583,-0.036628723,-0.003663063,-0.012833213,-0.735288967,0.000000000,-0.000000000,2.000000000,1.000000000,3.149173021,180.434323078,0.000000000,-2.774265289,8.500000000,2.500000000,-2.881228685,-165.082243484,0.000000000,2.690469742,3.000000000,0.800000012,-0.194361687,-11.136104347,0.000000000,0.431063026,1.200000048,0.200000003,0.870713234,49.888193471,0.000000000,0.000140856,0.100000001,0.020000000
2026-07-04 17:52:02.090,1783158722.090703726,44.996792698,1,1,44.984341570,1,0.008315095,5,1,0.005679031,5,1,0,0,0,0,1,1,1,0,1,0,-1.000000000,0.000000000,0.000000000,0.000000000,0,-1.000000000,0,0,0,,0,-1.000000000,,0,0,0.000000000,0.000000000,0,-1.000000000,0,,0,-1.000000000,,0,-1.000000000,0,,1,-0.013214683,-0.757145573,-0.007326126,-0.012209892,1,3.135821581,179.669341891,-0.002442360,-2.687179565,1,-2.880847216,-165.060386879,-0.002442360,2.673503876,1,-0.193598747,-11.092391137,-0.007326126,0.422466278,1,0.870329857,49.866227583,-0.036628723,-0.003663063,-0.012833213,-0.735288967,0.000000000,-0.000000000,2.000000000,1.000000000,3.149173021,180.434323078,0.000000000,-2.774265289,8.500000000,2.500000000,-2.881228685,-165.082243484,0.000000000,2.690469742,3.000000000,0.800000012,-0.194361687,-11.136104347,0.000000000,0.431063026,1.200000048,0.200000003,0.870713234,49.888193471,0.000000000,0.000140856,0.100000001,0.020000000
2026-07-04 17:52:03.090,1783158723.090524673,45.996613588,1,1,45.984162460,1,0.008845250,5,1,0.005701676,5,1,0,1,0,0,1,1,1,0,1,0,-1.000000000,0.000000000,0.000000000,0.000000000,0,-1.000000000,0,0,0,,0,-1.000000000,,0,0,0.000000000,0.000000000,0,-1.000000000,0,,0,-1.000000000,,0,-1.000000000,0,,1,-0.013214683,-0.757145573,-0.021978378,-0.012209892,1,3.135821581,179.669341891,-0.002442360,-2.687179565,1,-2.880847216,-165.060386879,-0.002442360,2.673503876,1,-0.193598747,-11.092391137,0.007326126,0.422466278,1,0.870329857,49.866227583,-0.036628723,-0.003663063,-0.012833213,-0.735288967,0.000000000,-0.000000000,2.000000000,1.000000000,3.149173021,180.434323078,0.000000000,-2.774265289,8.500000000,2.500000000,-2.881228685,-165.082243484,0.000000000,2.690469742,3.000000000,0.800000012,-0.194361687,-11.136104347,0.000000000,0.431063026,1.200000048,0.200000003,0.870713234,49.888193471,0.000000000,0.000140856,0.100000001,0.020000000
2026-07-04 17:52:04.090,1783158724.090451956,46.996540927,1,1,46.984089799,1,0.008538478,5,1,0.005768921,5,1,0,1,0,0,1,1,1,0,1,0,-1.000000000,0.000000000,0.000000000,0.000000000,0,-1.000000000,0,0,0,,0,-1.000000000,,0,0,0.000000000,0.000000000,0,-1.000000000,0,,0,-1.000000000,,0,-1.000000000,0,,1,-0.013214683,-0.757145573,-0.007326126,-0.012209892,1,3.135821581,179.669341891,0.002442360,-2.687179565,1,-2.880847216,-165.060386879,-0.002442360,2.673503876,1,-0.193598747,-11.092391137,-0.007326126,0.422466278,1,0.870329857,49.866227583,-0.012210846,-0.003663063,-0.012833213,-0.735288967,0.000000000,-0.000000000,2.000000000,1.000000000,3.149173021,180.434323078,0.000000000,-2.774265289,8.500000000,2.500000000,-2.881228685,-165.082243484,0.000000000,2.690469742,3.000000000,0.800000012,-0.194361687,-11.136104347,0.000000000,0.431063026,1.200000048,0.200000003,0.870713234,49.888193471,0.000000000,0.000140856,0.100000001,0.020000000
2026-07-04 17:52:05.090,1783158725.090085983,47.996174859,1,1,47.983723731,1,0.008514539,5,1,0.005681472,5,1,0,1,0,0,1,1,1,0,1,0,-1.000000000,0.000000000,0.000000000,0.000000000,0,-1.000000000,0,0,0,,0,-1.000000000,,0,0,0.000000000,0.000000000,0,-1.000000000,0,,0,-1.000000000,,0,-1.000000000,0,,1,-0.013214683,-0.757145573,-0.007326126,-0.012209892,1,3.135821581,179.669341891,-0.002442360,-2.687179565,1,-2.880847216,-165.060386879,0.002442360,2.673503876,1,-0.193598747,-11.092391137,-0.007326126,0.422466278,1,0.869946480,49.844261695,-0.012210846,-0.003663063,-0.012833213,-0.735288967,0.000000000,-0.000000000,2.000000000,1.000000000,3.149173021,180.434323078,0.000000000,-2.774265289,8.500000000,2.500000000,-2.881228685,-165.082243484,0.000000000,2.690469742,3.000000000,0.800000012,-0.194361687,-11.136104347,0.000000000,0.431063026,1.200000048,0.200000003,0.870713234,49.888193471,0.000000000,0.000140856,0.100000001,0.020000000
2026-07-04 17:52:06.089,1783158726.089831352,48.995920323,1,1,48.983469195,1,0.008491860,5,1,0.005639130,5,1,0,1,0,0,1,1,1,0,1,0,-1.000000000,0.000000000,0.000000000,0.000000000,0,-1.000000000,0,0,0,,0,-1.000000000,,0,0,0.000000000,0.000000000,0,-1.000000000,0,,0,-1.000000000,,0,-1.000000000,0,,1,-0.013214683,-0.757145573,-0.021978378,-0.012209892,1,3.135821581,179.669341891,-0.002442360,-2.687179565,1,-2.880847216,-165.060386879,-0.002442360,2.673503876,0,-0.193598747,-11.092391137,-0.007326126,0.422466278,0,0.869946480,49.844261695,-0.036628723,-0.003663063,-0.012833213,-0.735288967,0.000000000,-0.000000000,2.000000000,1.000000000,3.149173021,180.434323078,0.000000000,-2.774265289,8.500000000,2.500000000,-2.881228685,-165.082243484,0.000000000,2.690469742,3.000000000,0.800000012,-0.194361687,-11.136104347,0.000000000,0.431063026,1.200000048,0.200000003,0.870713234,49.888193471,0.000000000,0.000140856,0.100000001,0.020000000
2026-07-04 17:52:07.089,1783158727.089553118,49.995642189,1,1,49.983191061,1,0.008381892,5,1,0.005425134,5,1,0,1,0,0,1,1,1,0,1,0,-1.000000000,0.000000000,0.000000000,0.000000000,0,-1.000000000,0,0,0,,0,-1.000000000,,0,0,0.000000000,0.000000000,0,-1.000000000,0,,0,-1.000000000,,0,-1.000000000,0,,1,-0.013214683,-0.757145573,-0.007326126,-0.012209892,1,3.135821581,179.669341891,-0.002442360,-2.687179565,1,-2.880847216,-165.060386879,-0.002442360,2.673503876,1,-0.193598747,-11.092391137,0.007326126,0.422466278,1,0.870329857,49.866227583,-0.036628723,-0.001221180,-0.012833213,-0.735288967,0.000000000,-0.000000000,2.000000000,1.000000000,3.149173021,180.434323078,0.000000000,-2.774265289,8.500000000,2.500000000,-2.881228685,-165.082243484,0.000000000,2.690469742,3.000000000,0.800000012,-0.194361687,-11.136104347,0.000000000,0.431063026,1.200000048,0.200000003,0.870713234,49.888193471,0.000000000,0.000140856,0.100000001,0.020000000
2026-07-04 17:52:08.089,1783158728.089292526,50.995381384,1,1,50.982930256,1,0.008342889,5,1,0.005526684,5,1,0,1,0,0,1,1,1,0,1,0,-1.000000000,0.000000000,0.000000000,0.000000000,0,-1.000000000,0,0,0,,0,-1.000000000,,0,0,0.000000000,0.000000000,0,-1.000000000,0,,0,-1.000000000,,0,-1.000000000,0,,1,-0.013214683,-0.757145573,-0.007326126,-0.012209892,1,3.135821581,179.669341891,-0.002442360,-2.687179565,1,-2.880847216,-165.060386879,-0.007326126,2.673503876,1,-0.193980217,-11.114247742,-0.007326126,0.422466278,1,0.870329857,49.866227583,-0.012210846,-0.003663063,-0.012833213,-0.735288967,0.000000000,-0.000000000,2.000000000,1.000000000,3.149173021,180.434323078,0.000000000,-2.774265289,8.500000000,2.500000000,-2.881228685,-165.082243484,0.000000000,2.690469742,3.000000000,0.800000012,-0.194361687,-11.136104347,0.000000000,0.431063026,1.200000048,0.200000003,0.870713234,49.888193471,0.000000000,0.000140856,0.100000001,0.020000000
2026-07-04 17:52:09.089,1783158729.089100838,51.995189639,1,1,51.982738511,1,0.008366636,5,1,0.005630462,5,1,0,1,0,0,1,1,1,0,1,0,-1.000000000,0.000000000,0.000000000,0.000000000,0,-1.000000000,0,0,0,,0,-1.000000000,,0,0,0.000000000,0.000000000,0,-1.000000000,0,,0,-1.000000000,,0,-1.000000000,0,,1,-0.013214683,-0.757145573,-0.021978378,-0.012209892,1,3.135821581,179.669341891,-0.002442360,-2.687179565,1,-2.880847216,-165.060386879,-0.002442360,2.673503876,1,-0.193598747,-11.092391137,-0.007326126,0.422466278,1,0.870713234,49.888193471,-0.036628723,-0.003663063,-0.012833213,-0.735288967,0.000000000,-0.000000000,2.000000000,1.000000000,3.149173021,180.434323078,0.000000000,-2.774265289,8.500000000,2.500000000,-2.881228685,-165.082243484,0.000000000,2.690469742,3.000000000,0.800000012,-0.194361687,-11.136104347,0.000000000,0.431063026,1.200000048,0.200000003,0.870713234,49.888193471,0.000000000,0.000140856,0.100000001,0.020000000
2026-07-04 17:52:10.089,1783158730.089011431,52.995100325,1,1,52.982649197,1,0.008395999,5,1,0.005640483,5,1,0,1,0,0,1,1,1,0,1,0,-1.000000000,0.000000000,0.000000000,0.000000000,0,-1.000000000,0,0,0,,0,-1.000000000,,0,0,0.000000000,0.000000000,0,-1.000000000,0,,0,-1.000000000,,0,-1.000000000,0,,1,-0.013214683,-0.757145573,-0.007326126,-0.017093658,1,3.135821581,179.669341891,-0.007326126,-2.673503876,1,-2.880847216,-165.060386879,-0.002442360,2.673503876,1,-0.193980217,-11.114247742,-0.007326126,0.422466278,1,0.870329857,49.866227583,-0.012210846,-0.001221180,-0.012833213,-0.735288967,0.000000000,-0.000000000,2.000000000,1.000000000,3.149173021,180.434323078,0.000000000,-2.774265289,8.500000000,2.500000000,-2.881228685,-165.082243484,0.000000000,2.690469742,3.000000000,0.800000012,-0.194361687,-11.136104347,0.000000000,0.431063026,1.200000048,0.200000003,0.870713234,49.888193471,0.000000000,0.000140856,0.100000001,0.020000000
2026-07-04 17:52:11.088,1783158731.088759661,53.994848442,1,1,53.982397314,1,0.008644737,5,1,0.005881369,5,1,0,1,0,0,1,1,1,0,1,0,-1.000000000,0.000000000,0.000000000,0.000000000,0,-1.000000000,0,0,0,,0,-1.000000000,,0,0,0.000000000,0.000000000,0,-1.000000000,0,,0,-1.000000000,,0,-1.000000000,0,,1,-0.013214683,-0.757145573,-0.007326126,-0.012209892,1,3.135821581,179.669341891,-0.002442360,-2.673503876,1,-2.880847216,-165.060386879,-0.002442360,2.673503876,1,-0.193598747,-11.092391137,-0.007326126,0.422466278,1,0.870329857,49.866227583,-0.012210846,-0.003663063,-0.012833213,-0.735288967,0.000000000,-0.000000000,2.000000000,1.000000000,3.149173021,180.434323078,0.000000000,-2.774265289,8.500000000,2.500000000,-2.881228685,-165.082243484,0.000000000,2.690469742,3.000000000,0.800000012,-0.194361687,-11.136104347,0.000000000,0.431063026,1.200000048,0.200000003,0.870713234,49.888193471,0.000000000,0.000140856,0.100000001,0.020000000
2026-07-04 17:52:12.088,1783158732.088490248,54.994579302,1,1,54.982128174,1,0.008220698,5,1,0.005889076,5,1,0,1,0,0,1,1,1,0,1,0,-1.000000000,0.000000000,0.000000000,0.000000000,0,-1.000000000,0,0,0,,0,-1.000000000,,0,0,0.000000000,0.000000000,0,-1.000000000,0,,0,-1.000000000,,0,-1.000000000,0,,1,-0.013214683,-0.757145573,-0.007326126,-0.012209892,1,3.135821581,179.669341891,-0.002442360,-2.687179565,1,-2.880847216,-165.060386879,-0.002442360,2.673503876,1,-0.193598747,-11.092391137,-0.007326126,0.422466278,1,0.870329857,49.866227583,-0.012210846,-0.003663063,-0.012833213,-0.735288967,0.000000000,-0.000000000,2.000000000,1.000000000,3.149173021,180.434323078,0.000000000,-2.774265289,8.500000000,2.500000000,-2.881228685,-165.082243484,0.000000000,2.690469742,3.000000000,0.800000012,-0.194361687,-11.136104347,0.000000000,0.431063026,1.200000048,0.200000003,0.870713234,49.888193471,0.000000000,0.000140856,0.100000001,0.020000000
2026-07-04 17:52:13.088,1783158733.088253736,55.994342712,1,1,55.981891584,1,0.008271050,5,1,0.005785721,5,1,0,1,0,0,1,1,1,0,1,0,-1.000000000,0.000000000,0.000000000,0.000000000,0,-1.000000000,0,0,0,,0,-1.000000000,,0,0,0.000000000,0.000000000,0,-1.000000000,0,,0,-1.000000000,,0,-1.000000000,0,,1,-0.013214683,-0.757145573,0.007326126,-0.012209892,1,3.135821581,179.669341891,-0.002442360,-2.673503876,1,-2.880847216,-165.060386879,-0.002442360,2.673503876,1,-0.193980217,-11.114247742,-0.007326126,0.422466278,1,0.870329857,49.866227583,0.012210846,-0.003663063,-0.012833213,-0.735288967,0.000000000,-0.000000000,2.000000000,1.000000000,3.149173021,180.434323078,0.000000000,-2.774265289,8.500000000,2.500000000,-2.881228685,-165.082243484,0.000000000,2.690469742,3.000000000,0.800000012,-0.194361687,-11.136104347,0.000000000,0.431063026,1.200000048,0.200000003,0.870713234,49.888193471,0.000000000,0.000140856,0.100000001,0.020000000
2026-07-04 17:52:14.087,1783158734.087896585,56.993985425,1,1,56.981534297,1,0.008490764,5,1,0.005752727,5,1,0,1,0,0,1,1,1,0,1,0,-1.000000000,0.000000000,0.000000000,0.000000000,0,-1.000000000,0,0,0,,0,-1.000000000,,0,0,0.000000000,0.000000000,0,-1.000000000,0,,0,-1.000000000,,0,-1.000000000,0,,1,-0.013214683,-0.757145573,-0.007326126,-0.012209892,1,3.135821581,179.669341891,-0.002442360,-2.687179565,1,-2.880847216,-165.060386879,0.002442360,2.687179565,1,-0.193598747,-11.092391137,-0.007326126,0.422466278,1,0.870329857,49.866227583,0.012210846,-0.001221180,-0.012833213,-0.735288967,0.000000000,-0.000000000,2.000000000,1.000000000,3.149173021,180.434323078,0.000000000,-2.774265289,8.500000000,2.500000000,-2.881228685,-165.082243484,0.000000000,2.690469742,3.000000000,0.800000012,-0.194361687,-11.136104347,0.000000000,0.431063026,1.200000048,0.200000003,0.870713234,49.888193471,0.000000000,0.000140856,0.100000001,0.020000000
2026-07-04 17:52:15.087,1783158735.087775469,57.993864446,1,1,57.981413318,1,0.008692255,5,1,0.005839502,5,1,0,1,0,0,1,1,1,0,1,0,-1.000000000,0.000000000,0.000000000,0.000000000,0,-1.000000000,0,0,0,,0,-1.000000000,,0,0,0.000000000,0.000000000,0,-1.000000000,0,,0,-1.000000000,,0,-1.000000000,0,,1,-0.013214683,-0.757145573,-0.007326126,-0.012209892,1,3.135821581,179.669341891,-0.002442360,-2.673503876,1,-2.880847216,-165.060386879,-0.002442360,2.673503876,1,-0.193598747,-11.092391137,-0.007326126,0.422466278,1,0.870329857,49.866227583,-0.012210846,-0.001221180,-0.012833213,-0.735288967,0.000000000,-0.000000000,2.000000000,1.000000000,3.149173021,180.434323078,0.000000000,-2.774265289,8.500000000,2.500000000,-2.881228685,-165.082243484,0.000000000,2.690469742,3.000000000,0.800000012,-0.194361687,-11.136104347,0.000000000,0.431063026,1.200000048,0.200000003,0.870713234,49.888193471,0.000000000,0.000140856,0.100000001,0.020000000
2026-07-04 17:52:16.087,1783158736.087567329,58.993656443,1,1,58.981205315,1,0.008356740,5,1,0.005760283,5,1,0,1,0,0,1,1,1,0,1,0,-1.000000000,0.000000000,0.000000000,0.000000000,0,-1.000000000,0,0,0,,0,-1.000000000,,0,0,0.000000000,0.000000000,0,-1.000000000,0,,0,-1.000000000,,0,-1.000000000,0,,1,-0.013214683,-0.757145573,0.007326126,-0.012209892,1,3.135821581,179.669341891,-0.002442360,-2.687179565,1,-2.880847216,-165.060386879,-0.002442360,2.673503876,1,-0.193598747,-11.092391137,-0.007326126,0.422466278,1,0.870329857,49.866227583,-0.012210846,-0.001221180,-0.012833213,-0.735288967,0.000000000,-0.000000000,2.000000000,1.000000000,3.149173021,180.434323078,0.000000000,-2.774265289,8.500000000,2.500000000,-2.881228685,-165.082243484,0.000000000,2.690469742,3.000000000,0.800000012,-0.194361687,-11.136104347,0.000000000,0.431063026,1.200000048,0.200000003,0.870713234,49.888193471,0.000000000,0.000140856,0.100000001,0.020000000
2026-07-04 17:52:17.087,1783158737.087396145,59.993485084,1,1,59.981033956,1,0.008821047,5,1,0.005845029,5,1,0,1,0,0,1,1,1,0,1,0,-1.000000000,0.000000000,0.000000000,0.000000000,0,-1.000000000,0,0,0,,0,-1.000000000,,0,0,0.000000000,0.000000000,0,-1.000000000,0,,0,-1.000000000,,0,-1.000000000,0,,1,-0.013214683,-0.757145573,-0.007326126,-0.012209892,1,3.135821581,179.669341891,-0.002442360,-2.687179565,1,-2.880847216,-165.060386879,-0.002442360,2.673503876,1,-0.193598747,-11.092391137,-0.007326126,0.422466278,1,0.870329857,49.866227583,-0.012210846,-0.003663063,-0.012833213,-0.735288967,0.000000000,-0.000000000,2.000000000,1.000000000,3.149173021,180.434323078,0.000000000,-2.774265289,8.500000000,2.500000000,-2.881228685,-165.082243484,0.000000000,2.690469742,3.000000000,0.800000012,-0.194361687,-11.136104347,0.000000000,0.431063026,1.200000048,0.200000003,0.870713234,49.888193471,0.000000000,0.000140856,0.100000001,0.020000000
2026-07-04 17:52:18.087,1783158738.087007761,60.993096772,1,1,60.980645644,1,0.008801857,5,1,0.005731061,5,1,0,1,0,0,1,1,1,0,1,0,-1.000000000,0.000000000,0.000000000,0.000000000,0,-1.000000000,0,0,0,,0,-1.000000000,,0,0,0.000000000,0.000000000,0,-1.000000000,0,,0,-1.000000000,,0,-1.000000000,0,,1,-0.013214683,-0.757145573,0.007326126,-0.012209892,1,3.135821581,179.669341891,-0.002442360,-2.687179565,1,-2.880847216,-165.060386879,-0.002442360,2.673503876,1,-0.193598747,-11.092391137,-0.007326126,0.422466278,1,0.870329857,49.866227583,-0.012210846,-0.001221180,-0.012833213,-0.735288967,0.000000000,-0.000000000,2.000000000,1.000000000,3.149173021,180.434323078,0.000000000,-2.774265289,8.500000000,2.500000000,-2.881228685,-165.082243484,0.000000000,2.690469742,3.000000000,0.800000012,-0.194361687,-11.136104347,0.000000000,0.431063026,1.200000048,0.200000003,0.870713234,49.888193471,0.000000000,0.000140856,0.100000001,0.020000000
2026-07-04 17:52:19.086,1783158739.086872339,61.992961390,1,1,61.980510262,1,0.008594933,5,1,0.005698834,5,1,0,1,0,0,1,1,1,0,1,0,-1.000000000,0.000000000,0.000000000,0.000000000,0,-1.000000000,0,0,0,,0,-1.000000000,,0,0,0.000000000,0.000000000,0,-1.000000000,0,,0,-1.000000000,,0,-1.000000000,0,,1,-0.013214683,-0.757145573,-0.021978378,-0.017093658,1,3.135821581,179.669341891,0.002442360,-2.687179565,1,-2.880847216,-165.060386879,-0.002442360,2.673503876,1,-0.193598747,-11.092391137,0.007326126,0.422466278,1,0.870329857,49.866227583,-0.036628723,-0.001221180,-0.012833213,-0.735288967,0.000000000,-0.000000000,2.000000000,1.000000000,3.149173021,180.434323078,0.000000000,-2.774265289,8.500000000,2.500000000,-2.881228685,-165.082243484,0.000000000,2.690469742,3.000000000,0.800000012,-0.194361687,-11.136104347,0.000000000,0.431063026,1.200000048,0.200000003,0.870713234,49.888193471,0.000000000,0.000140856,0.100000001,0.020000000
2026-07-04 17:52:20.086,1783158740.086536169,62.992625042,1,1,62.980173914,1,0.008785607,5,1,0.005610115,5,1,0,1,0,0,1,1,1,0,1,0,-1.000000000,0.000000000,0.000000000,0.000000000,0,-1.000000000,0,0,0,,0,-1.000000000,,0,0,0.000000000,0.000000000,0,-1.000000000,0,,0,-1.000000000,,0,-1.000000000,0,,1,-0.013214683,-0.757145573,-0.007326126,-0.012209892,1,3.135821581,179.669341891,-0.007326126,-2.673503876,1,-2.880847216,-165.060386879,-0.007326126,2.673503876,1,-0.193598747,-11.092391137,-0.007326126,0.422466278,1,0.870329857,49.866227583,-0.012210846,-0.001221180,-0.012833213,-0.735288967,0.000000000,-0.000000000,2.000000000,1.000000000,3.149173021,180.434323078,0.000000000,-2.774265289,8.500000000,2.500000000,-2.881228685,-165.082243484,0.000000000,2.690469742,3.000000000,0.800000012,-0.194361687,-11.136104347,0.000000000,0.431063026,1.200000048,0.200000003,0.870713234,49.888193471,0.000000000,0.000140856,0.100000001,0.020000000
2026-07-04 17:52:21.086,1783158741.086438179,63.992527111,1,1,63.980075983,1,0.008472674,5,1,0.005717009,5,1,0,1,0,0,1,1,1,0,1,0,-1.000000000,0.000000000,0.000000000,0.000000000,0,-1.000000000,0,0,0,,0,-1.000000000,,0,0,0.000000000,0.000000000,0,-1.000000000,0,,0,-1.000000000,,0,-1.000000000,0,,1,-0.013214683,-0.757145573,-0.007326126,-0.012209892,1,3.135821581,179.669341891,-0.002442360,-2.687179565,1,-2.880847216,-165.060386879,-0.002442360,2.673503876,1,-0.193598747,-11.092391137,0.007326126,0.422466278,1,0.870329857,49.866227583,-0.036628723,-0.001221180,-0.012833213,-0.735288967,0.000000000,-0.000000000,2.000000000,1.000000000,3.149173021,180.434323078,0.000000000,-2.774265289,8.500000000,2.500000000,-2.881228685,-165.082243484,0.000000000,2.690469742,3.000000000,0.800000012,-0.194361687,-11.136104347,0.000000000,0.431063026,1.200000048,0.200000003,0.870713234,49.888193471,0.000000000,0.000140856,0.100000001,0.020000000
2026-07-04 17:52:22.086,1783158742.086289167,64.992378201,1,1,64.979927073,1,0.008121694,5,1,0.005752303,5,1,0,1,0,0,1,1,1,0,1,0,-1.000000000,0.000000000,0.000000000,0.000000000,0,-1.000000000,0,0,0,,0,-1.000000000,,0,0,0.000000000,0.000000000,0,-1.000000000,0,,0,-1.000000000,,0,-1.000000000,0,,1,-0.013214683,-0.757145573,0.007326126,-0.007326126,1,3.135821581,179.669341891,-0.007326126,-2.673503876,1,-2.880847216,-165.060386879,-0.002442360,2.673503876,1,-0.193598747,-11.092391137,-0.007326126,0.422466278,1,0.870329857,49.866227583,0.012210846,-0.001221180,-0.012833213,-0.735288967,0.000000000,-0.000000000,2.000000000,1.000000000,3.149173021,180.434323078,0.000000000,-2.774265289,8.500000000,2.500000000,-2.881228685,-165.082243484,0.000000000,2.690469742,3.000000000,0.800000012,-0.194361687,-11.136104347,0.000000000,0.431063026,1.200000048,0.200000003,0.870713234,49.888193471,0.000000000,0.000140856,0.100000001,0.020000000
2026-07-04 17:52:23.086,1783158743.085972548,65.992061531,1,1,65.979610403,1,0.008380042,5,1,0.005807995,5,1,0,1,0,0,1,1,1,0,1,0,-1.000000000,0.000000000,0.000000000,0.000000000,0,-1.000000000,0,0,0,,0,-1.000000000,,0,0,0.000000000,0.000000000,0,-1.000000000,0,,0,-1.000000000,,0,-1.000000000,0,,1,-0.060898401,-3.489221347,-0.007326126,0.090353966,1,2.912276506,166.861152593,-0.007326126,-0.799999237,1,-2.880847216,-165.060386879,-0.002442360,2.687179565,1,-0.193217278,-11.070534531,-0.007326126,0.422466278,1,0.870329857,49.866227583,-0.012210846,-0.001221180,-0.012833213,-0.735288967,0.000000000,-0.000000000,2.000000000,1.000000000,3.149173021,180.434323078,0.000000000,-2.774265289,8.500000000,2.500000000,-2.881228685,-165.082243484,0.000000000,2.690469742,3.000000000,0.800000012,-0.194361687,-11.136104347,0.000000000,0.431063026,1.200000048,0.200000003,0.870713234,49.888193471,0.000000000,0.000140856,0.100000001,0.020000000
2026-07-04 17:52:24.085,1783158744.085741282,66.991830386,1,1,66.979379258,1,0.008183060,5,1,0.005729754,5,1,0,0,0,0,1,1,1,0,1,0,-1.000000000,0.000000000,0.000000000,0.000000000,0,-1.000000000,0,0,0,,0,-1.000000000,,0,0,0.000000000,0.000000000,0,-1.000000000,0,,0,-1.000000000,,0,-1.000000000,0,,1,-0.103623964,-5.937215787,-0.021978378,0.173381805,1,2.912276506,166.861152593,-0.002442360,-0.799999237,1,-2.880847216,-165.060386879,-0.002442360,2.673503876,1,-0.193217278,-11.070534531,-0.007326126,0.422466278,1,0.870329857,49.866227583,-0.012210846,-0.003663063,-0.012833213,-0.735288967,0.000000000,-0.000000000,2.000000000,1.000000000,3.149173021,180.434323078,0.000000000,-2.774265289,8.500000000,2.500000000,-2.881228685,-165.082243484,0.000000000,2.690469742,3.000000000,0.800000012,-0.194361687,-11.136104347,0.000000000,0.431063026,1.200000048,0.200000003,0.870713234,49.888193471,0.000000000,0.000140856,0.100000001,0.020000000
2026-07-04 17:52:25.085,1783158745.085408211,67.991497316,1,1,67.979046188,1,0.008129349,5,1,0.005709980,5,1,0,0,0,0,1,1,1,0,1,0,-1.000000000,0.000000000,0.000000000,0.000000000,0,-1.000000000,0,0,0,,0,-1.000000000,,0,0,0.000000000,0.000000000,0,-1.000000000,0,,0,-1.000000000,,0,-1.000000000,0,,1,-0.145968050,-8.363353195,-0.095237732,0.344322205,1,2.920668840,167.341997911,-0.002442360,-0.868375778,1,-2.880847216,-165.060386879,-0.002442360,2.673503876,1,-0.193217278,-11.070534531,-0.021978378,0.422466278,1,0.870713234,49.888193471,-0.012210846,-0.003663063,-0.012833213,-0.735288967,0.000000000,-0.000000000,2.000000000,1.000000000,3.149173021,180.434323078,0.000000000,-2.774265289,8.500000000,2.500000000,-2.881228685,-165.082243484,0.000000000,2.690469742,3.000000000,0.800000012,-0.194361687,-11.136104347,0.000000000,0.431063026,1.200000048,0.200000003,0.870713234,49.888193471,0.000000000,0.000140856,0.100000001,0.020000000
2026-07-04 17:52:26.085,1783158746.085160732,68.991249722,1,1,68.978798594,1,0.008281399,5,1,0.005491806,5,1,0,0,0,0,1,1,1,0,1,0,-1.000000000,0.000000000,0.000000000,0.000000000,0,-1.000000000,0,0,0,,0,-1.000000000,,0,0,0.000000000,0.000000000,0,-1.000000000,0,,0,-1.000000000,,0,-1.000000000,0,,1,-0.092561342,-5.303374232,0.212453842,-0.036629677,1,3.098436594,177.527339926,0.192917824,-2.810256958,1,-2.880847216,-165.060386879,-0.002442360,2.673503876,1,-0.193217278,-11.070534531,0.007326126,0.422466278,1,0.870329857,49.866227583,-0.012210846,-0.003663063,-0.012833213,-0.735288967,0.000000000,-0.000000000,2.000000000,1.000000000,3.149173021,180.434323078,0.000000000,-2.774265289,8.500000000,2.500000000,-2.881228685,-165.082243484,0.000000000,2.690469742,3.000000000,0.800000012,-0.194361687,-11.136104347,0.000000000,0.431063026,1.200000048,0.200000003,0.870713234,49.888193471,0.000000000,0.000140856,0.100000001,0.020000000
2026-07-04 17:52:27.085,1783158747.085091829,69.991180727,1,1,69.978729599,1,0.008495858,5,1,0.005779310,5,1,0,0,0,0,1,1,1,0,1,0,-1.000000000,0.000000000,0.000000000,0.000000000,0,-1.000000000,0,0,0,,0,-1.000000000,,0,0,0.000000000,0.000000000,0,-1.000000000,0,,0,-1.000000000,,0,-1.000000000,0,,1,-0.063187219,-3.620360979,0.007326126,0.085470200,1,3.111025095,178.248607902,0.002442360,-2.482051849,1,-2.880847216,-165.060386879,-0.002442360,2.673503876,1,-0.193217278,-11.070534531,-0.007326126,0.422466278,1,0.870329857,49.866227583,-0.036628723,-0.003663063,-0.012833213,-0.735288967,0.000000000,-0.000000000,2.000000000,1.000000000,3.149173021,180.434323078,0.000000000,-2.774265289,8.500000000,2.500000000,-2.881228685,-165.082243484,0.000000000,2.690469742,3.000000000,0.800000012,-0.194361687,-11.136104347,0.000000000,0.431063026,1.200000048,0.200000003,0.870713234,49.888193471,0.000000000,0.000140856,0.100000001,0.020000000
2026-07-04 17:52:28.084,1783158748.084717035,70.990806026,1,1,70.978354898,1,0.008512912,5,1,0.005713515,5,1,0,0,0,0,1,1,1,0,1,0,-1.000000000,0.000000000,0.000000000,0.000000000,0,-1.000000000,0,0,0,,0,-1.000000000,,0,0,0.000000000,0.000000000,0,-1.000000000,0,,0,-1.000000000,,0,-1.000000000,0,,1,-0.063187219,-3.620360979,0.007326126,0.085470200,1,3.111025095,178.248607902,-0.002442360,-2.468376160,1,-2.880847216,-165.060386879,-0.002442360,2.673503876,1,-0.193598747,-11.092391137,-0.007326126,0.422466278,1,0.870329857,49.866227583,-0.012210846,-0.001221180,-0.012833213,-0.735288967,0.000000000,-0.000000000,2.000000000,1.000000000,3.149173021,180.434323078,0.000000000,-2.774265289,8.500000000,2.500000000,-2.881228685,-165.082243484,0.000000000,2.690469742,3.000000000,0.800000012,-0.194361687,-11.136104347,0.000000000,0.431063026,1.200000048,0.200000003,0.870713234,49.888193471,0.000000000,0.000140856,0.100000001,0.020000000
2026-07-04 17:52:29.084,1783158749.084614992,71.990703835,1,1,71.978252707,1,0.008628321,5,1,0.005753512,5,1,0,0,0,0,1,1,1,0,1,0,-1.000000000,0.000000000,0.000000000,0.000000000,0,-1.000000000,0,0,0,,0,-1.000000000,,0,0,0.000000000,0.000000000,0,-1.000000000,0,,0,-1.000000000,,0,-1.000000000,0,,1,-0.063187219,-3.620360979,-0.021978378,0.085470200,1,3.111025095,178.248607902,-0.002442360,-2.482051849,1,-2.880847216,-165.060386879,-0.007326126,2.673503876,1,-0.193217278,-11.070534531,0.007326126,0.422466278,1,0.870329857,49.866227583,-0.012210846,-0.003663063,-0.012833213,-0.735288967,0.000000000,-0.000000000,2.000000000,1.000000000,3.149173021,180.434323078,0.000000000,-2.774265289,8.500000000,2.500000000,-2.881228685,-165.082243484,0.000000000,2.690469742,3.000000000,0.800000012,-0.194361687,-11.136104347,0.000000000,0.431063026,1.200000048,0.200000003,0.870713234,49.888193471,0.000000000,0.000140856,0.100000001,0.020000000
2026-07-04 17:52:30.084,1783158750.084344149,72.990433035,1,1,72.977981907,1,0.008444242,5,1,0.005673027,5,1,0,0,0,0,1,1,1,0,1,0,-1.000000000,0.000000000,0.000000000,0.000000000,0,-1.000000000,0,0,0,,0,-1.000000000,,0,0,0.000000000,0.000000000,0,-1.000000000,0,,0,-1.000000000,,0,-1.000000000,0,,1,-0.063187219,-3.620360979,-0.007326126,0.085470200,1,3.111025095,178.248607902,-0.002442360,-2.482051849,1,-2.880847216,-165.060386879,-0.007326126,2.673503876,1,-0.193598747,-11.092391137,-0.007326126,0.422466278,1,0.870329857,49.866227583,-0.012210846,-0.003663063,-0.012833213,-0.735288967,0.000000000,-0.000000000,2.000000000,1.000000000,3.149173021,180.434323078,0.000000000,-2.774265289,8.500000000,2.500000000,-2.881228685,-165.082243484,0.000000000,2.690469742,3.000000000,0.800000012,-0.194361687,-11.136104347,0.000000000,0.431063026,1.200000048,0.200000003,0.870713234,49.888193471,0.000000000,0.000140856,0.100000001,0.020000000
2026-07-04 17:52:31.084,1783158751.084152937,73.990241829,1,1,73.977790701,1,0.008566237,5,1,0.005768555,5,1,0,0,0,0,1,1,1,0,1,0,-1.000000000,0.000000000,0.000000000,0.000000000,0,-1.000000000,0,0,0,,0,-1.000000000,,0,0,0.000000000,0.000000000,0,-1.000000000,0,,0,-1.000000000,,0,-1.000000000,0,,1,-0.063187219,-3.620360979,-0.021978378,0.085470200,1,3.111025095,178.248607902,-0.002442360,-2.468376160,1,-2.880847216,-165.060386879,-0.002442360,2.673503876,1,-0.193217278,-11.070534531,-0.007326126,0.422466278,1,0.870329857,49.866227583,0.012210846,-0.001221180,-0.012833213,-0.735288967,0.000000000,-0.000000000,2.000000000,1.000000000,3.149173021,180.434323078,0.000000000,-2.774265289,8.500000000,2.500000000,-2.881228685,-165.082243484,0.000000000,2.690469742,3.000000000,0.800000012,-0.194361687,-11.136104347,0.000000000,0.431063026,1.200000048,0.200000003,0.870713234,49.888193471,0.000000000,0.000140856,0.100000001,0.020000000
2026-07-04 17:52:32.083,1783158752.083940268,74.990029423,1,1,74.977578295,1,0.008256004,5,1,0.005730114,5,1,0,0,0,0,1,1,1,0,1,0,-1.000000000,0.000000000,0.000000000,0.000000000,0,-1.000000000,0,0,0,,0,-1.000000000,,0,0,0.000000000,0.000000000,0,-1.000000000,0,,0,-1.000000000,,0,-1.000000000,0,,1,-0.063187219,-3.620360979,-0.021978378,0.085470200,1,3.111025095,178.248607902,-0.002442360,-2.482051849,1,-2.880847216,-165.060386879,-0.002442360,2.673503876,1,-0.193598747,-11.092391137,-0.007326126,0.422466278,1,0.870329857,49.866227583,-0.012210846,-0.003663063,-0.012833213,-0.735288967,0.000000000,-0.000000000,2.000000000,1.000000000,3.149173021,180.434323078,0.000000000,-2.774265289,8.500000000,2.500000000,-2.881228685,-165.082243484,0.000000000,2.690469742,3.000000000,0.800000012,-0.194361687,-11.136104347,0.000000000,0.431063026,1.200000048,0.200000003,0.870713234,49.888193471,0.000000000,0.000140856,0.100000001,0.020000000
2026-07-04 17:52:33.083,1783158753.083675385,75.989764301,1,1,75.977313173,1,0.008816013,5,1,0.005614912,5,1,0,0,0,0,1,1,1,0,1,0,-1.000000000,0.000000000,0.000000000,0.000000000,0,-1.000000000,0,0,0,,0,-1.000000000,,0,0,0.000000000,0.000000000,0,-1.000000000,0,,0,-1.000000000,,0,-1.000000000,0,,1,-0.063187219,-3.620360979,0.007326126,0.085470200,1,3.111025095,178.248607902,-0.007326126,-2.482051849,1,-2.880847216,-165.060386879,-0.002442360,2.673503876,1,-0.193598747,-11.092391137,-0.007326126,0.422466278,1,0.870329857,49.866227583,0.012210846,-0.003663063,-0.012833213,-0.735288967,0.000000000,-0.000000000,2.000000000,1.000000000,3.149173021,180.434323078,0.000000000,-2.774265289,8.500000000,2.500000000,-2.881228685,-165.082243484,0.000000000,2.690469742,3.000000000,0.800000012,-0.194361687,-11.136104347,0.000000000,0.431063026,1.200000048,0.200000003,0.870713234,49.888193471,0.000000000,0.000140856,0.100000001,0.020000000
2026-07-04 17:52:34.083,1783158754.083456516,76.989545381,1,1,76.977094253,1,0.008296321,5,1,0.005677689,5,1,0,0,0,0,1,1,1,0,1,0,-1.000000000,0.000000000,0.000000000,0.000000000,0,-1.000000000,0,0,0,,0,-1.000000000,,0,0,0.000000000,0.000000000,0,-1.000000000,0,,0,-1.000000000,,0,-1.000000000,0,,1,-0.063187219,-3.620360979,-0.007326126,0.085470200,1,3.111025095,178.248607902,-0.002442360,-2.482051849,1,-2.880847216,-165.060386879,0.002442360,2.673503876,1,-0.193217278,-11.070534531,-0.007326126,0.422466278,1,0.870329857,49.866227583,-0.012210846,-0.003663063,-0.012833213,-0.735288967,0.000000000,-0.000000000,2.000000000,1.000000000,3.149173021,180.434323078,0.000000000,-2.774265289,8.500000000,2.500000000,-2.881228685,-165.082243484,0.000000000,2.690469742,3.000000000,0.800000012,-0.194361687,-11.136104347,0.000000000,0.431063026,1.200000048,0.200000003,0.870713234,49.888193471,0.000000000,0.000140856,0.100000001,0.020000000
2026-07-04 17:52:35.083,1783158755.083282232,77.989371116,1,1,77.976919988,1,0.007723929,5,1,0.005648902,5,1,0,0,0,0,1,1,1,0,1,0,-1.000000000,0.000000000,0.000000000,0.000000000,0,-1.000000000,0,0,0,,0,-1.000000000,,0,0,0.000000000,0.000000000,0,-1.000000000,0,,0,-1.000000000,,0,-1.000000000,0,,1,-0.063187219,-3.620360979,-0.007326126,0.085470200,1,3.111025095,178.248607902,-0.002442360,-2.482051849,1,-2.880847216,-165.060386879,-0.002442360,2.673503876,1,-0.193598747,-11.092391137,0.007326126,0.422466278,1,0.870329857,49.866227583,-0.012210846,-0.001221180,-0.012833213,-0.735288967,0.000000000,-0.000000000,2.000000000,1.000000000,3.149173021,180.434323078,0.000000000,-2.774265289,8.500000000,2.500000000,-2.881228685,-165.082243484,0.000000000,2.690469742,3.000000000,0.800000012,-0.194361687,-11.136104347,0.000000000,0.431063026,1.200000048,0.200000003,0.870713234,49.888193471,0.000000000,0.000140856,0.100000001,0.020000000
2026-07-04 17:52:36.083,1783158756.083139896,78.989228693,1,1,78.976777565,1,0.008000598,5,1,0.005794720,5,1,0,0,0,0,1,1,1,0,1,0,-1.000000000,0.000000000,0.000000000,0.000000000,0,-1.000000000,0,0,0,,0,-1.000000000,,0,0,0.000000000,0.000000000,0,-1.000000000,0,,0,-1.000000000,,0,-1.000000000,0,,1,-0.063187219,-3.620360979,-0.021978378,0.085470200,1,3.111025095,178.248607902,-0.002442360,-2.468376160,1,-2.880847216,-165.060386879,-0.002442360,2.687179565,1,-0.193217278,-11.070534531,-0.007326126,0.422466278,1,0.870329857,49.866227583,-0.012210846,-0.003663063,-0.012833213,-0.735288967,0.000000000,-0.000000000,2.000000000,1.000000000,3.149173021,180.434323078,0.000000000,-2.774265289,8.500000000,2.500000000,-2.881228685,-165.082243484,0.000000000,2.690469742,3.000000000,0.800000012,-0.194361687,-11.136104347,0.000000000,0.431063026,1.200000048,0.200000003,0.870713234,49.888193471,0.000000000,0.000140856,0.100000001,0.020000000
2026-07-04 17:52:37.082,1783158757.082860947,79.988949981,1,1,79.976498853,1,0.008131128,5,1,0.005588665,5,1,0,1,0,0,1,1,1,0,1,0,-1.000000000,0.000000000,0.000000000,0.000000000,0,-1.000000000,0,0,0,,0,-1.000000000,,0,0,0.000000000,0.000000000,0,-1.000000000,0,,0,-1.000000000,,0,-1.000000000,0,,1,-0.063187219,-3.620360979,-0.007326126,0.085470200,1,3.111025095,178.248607902,-0.002442360,-2.468376160,1,-2.880847216,-165.060386879,-0.002442360,2.673503876,1,-0.193598747,-11.092391137,-0.007326126,0.422466278,1,0.870713234,49.888193471,0.012210846,-0.003663063,-0.012833213,-0.735288967,0.000000000,-0.000000000,2.000000000,1.000000000,3.149173021,180.434323078,0.000000000,-2.774265289,8.500000000,2.500000000,-2.881228685,-165.082243484,0.000000000,2.690469742,3.000000000,0.800000012,-0.194361687,-11.136104347,0.000000000,0.431063026,1.200000048,0.200000003,0.870713234,49.888193471,0.000000000,0.000140856,0.100000001,0.020000000
2026-07-04 17:52:38.082,1783158758.082768917,80.988857744,1,1,80.976406616,1,0.008043540,5,1,0.005916218,5,1,0,1,0,0,1,1,1,0,1,0,-1.000000000,0.000000000,0.000000000,0.000000000,0,-1.000000000,0,0,0,,0,-1.000000000,,0,0,0.000000000,0.000000000,0,-1.000000000,0,,0,-1.000000000,,0,-1.000000000,0,,1,-0.063187219,-3.620360979,-0.007326126,0.085470200,1,3.111025095,178.248607902,-0.002442360,-2.468376160,1,-2.880847216,-165.060386879,-0.002442360,2.673503876,1,-0.193217278,-11.070534531,-0.007326126,0.422466278,1,0.870329857,49.866227583,-0.012210846,-0.003663063,-0.012833213,-0.735288967,0.000000000,-0.000000000,2.000000000,1.000000000,3.149173021,180.434323078,0.000000000,-2.774265289,8.500000000,2.500000000,-2.881228685,-165.082243484,0.000000000,2.690469742,3.000000000,0.800000012,-0.194361687,-11.136104347,0.000000000,0.431063026,1.200000048,0.200000003,0.870713234,49.888193471,0.000000000,0.000140856,0.100000001,0.020000000
2026-07-04 17:52:39.082,1783158759.082345247,81.988434141,1,1,81.975983013,1,0.008497097,5,1,0.005671735,5,1,0,1,0,0,1,1,1,0,1,0,-1.000000000,0.000000000,0.000000000,0.000000000,0,-1.000000000,0,0,0,,0,-1.000000000,,0,0,0.000000000,0.000000000,0,-1.000000000,0,,0,-1.000000000,,0,-1.000000000,0,,1,-0.063187219,-3.620360979,-0.007326126,0.085470200,1,3.111025095,178.248607902,-0.002442360,-2.482051849,1,-2.880847216,-165.060386879,-0.002442360,2.687179565,1,-0.193598747,-11.092391137,-0.021978378,0.422466278,1,0.870329857,49.866227583,0.012210846,-0.003663063,-0.012833213,-0.735288967,0.000000000,-0.000000000,2.000000000,1.000000000,3.149173021,180.434323078,0.000000000,-2.774265289,8.500000000,2.500000000,-2.881228685,-165.082243484,0.000000000,2.690469742,3.000000000,0.800000012,-0.194361687,-11.136104347,0.000000000,0.431063026,1.200000048,0.200000003,0.870713234,49.888193471,0.000000000,0.000140856,0.100000001,0.020000000
2026-07-04 17:52:40.082,1783158760.082116604,82.988205620,1,1,82.975754492,1,0.008844311,5,1,0.005807452,5,1,0,1,0,0,1,1,1,0,1,0,-1.000000000,0.000000000,0.000000000,0.000000000,0,-1.000000000,0,0,0,,0,-1.000000000,,0,0,0.000000000,0.000000000,0,-1.000000000,0,,0,-1.000000000,,0,-1.000000000,0,,1,-0.063187219,-3.620360979,0.007326126,0.085470200,1,3.111025095,178.248607902,-0.002442360,-2.468376160,1,-2.880847216,-165.060386879,-0.002442360,2.673503876,1,-0.193217278,-11.070534531,-0.007326126,0.422466278,1,0.870329857,49.866227583,-0.012210846,-0.003663063,-0.012833213,-0.735288967,0.000000000,-0.000000000,2.000000000,1.000000000,3.149173021,180.434323078,0.000000000,-2.774265289,8.500000000,2.500000000,-2.881228685,-165.082243484,0.000000000,2.690469742,3.000000000,0.800000012,-0.194361687,-11.136104347,0.000000000,0.431063026,1.200000048,0.200000003,0.870713234,49.888193471,0.000000000,0.000140856,0.100000001,0.020000000
2026-07-04 17:52:41.081,1783158761.081913710,83.988002482,1,1,83.975551354,1,0.008699441,5,1,0.005752471,5,1,0,1,0,0,1,1,1,0,1,0,-1.000000000,0.000000000,0.000000000,0.000000000,0,-1.000000000,0,0,0,,0,-1.000000000,,0,0,0.000000000,0.000000000,0,-1.000000000,0,,0,-1.000000000,,0,-1.000000000,0,,1,-0.063187219,-3.620360979,0.007326126,0.085470200,1,3.111025095,178.248607902,-0.002442360,-2.468376160,1,-2.880847216,-165.060386879,-0.002442360,2.673503876,1,-0.193217278,-11.070534531,0.007326126,0.422466278,1,0.870329857,49.866227583,-0.012210846,-0.003663063,-0.012833213,-0.735288967,0.000000000,-0.000000000,2.000000000,1.000000000,3.149173021,180.434323078,0.000000000,-2.774265289,8.500000000,2.500000000,-2.881228685,-165.082243484,0.000000000,2.690469742,3.000000000,0.800000012,-0.194361687,-11.136104347,0.000000000,0.431063026,1.200000048,0.200000003,0.870713234,49.888193471,0.000000000,0.000140856,0.100000001,0.020000000
2026-07-04 17:52:42.081,1783158762.081743717,84.987832494,1,1,84.975381366,1,0.008574712,5,1,0.005719377,5,1,0,1,0,0,1,1,1,0,1,0,-1.000000000,0.000000000,0.000000000,0.000000000,0,-1.000000000,0,0,0,,0,-1.000000000,,0,0,0.000000000,0.000000000,0,-1.000000000,0,,0,-1.000000000,,0,-1.000000000,0,,1,-0.063187219,-3.620360979,-0.007326126,0.085470200,1,3.111025095,178.248607902,-0.002442360,-2.468376160,1,-2.880847216,-165.060386879,-0.007326126,2.673503876,1,-0.193217278,-11.070534531,-0.007326126,0.422466278,1,0.870329857,49.866227583,0.012210846,-0.003663063,-0.012833213,-0.735288967,0.000000000,-0.000000000,2.000000000,1.000000000,3.149173021,180.434323078,0.000000000,-2.774265289,8.500000000,2.500000000,-2.881228685,-165.082243484,0.000000000,2.690469742,3.000000000,0.800000012,-0.194361687,-11.136104347,0.000000000,0.431063026,1.200000048,0.200000003,0.870713234,49.888193471,0.000000000,0.000140856,0.100000001,0.020000000
2026-07-04 17:52:43.081,1783158763.081484079,85.987572912,1,1,85.975121784,1,0.008728311,5,1,0.005688746,5,1,0,1,0,0,1,1,1,0,1,0,-1.000000000,0.000000000,0.000000000,0.000000000,0,-1.000000000,0,0,0,,0,-1.000000000,,0,0,0.000000000,0.000000000,0,-1.000000000,0,,0,-1.000000000,,0,-1.000000000,0,,1,-0.063187219,-3.620360979,-0.007326126,0.085470200,1,3.111025095,178.248607902,-0.002442360,-2.468376160,1,-2.880847216,-165.060386879,-0.002442360,2.673503876,1,-0.193217278,-11.070534531,-0.007326126,0.422466278,1,0.870329857,49.866227583,-0.036628723,-0.003663063,-0.012833213,-0.735288967,0.000000000,-0.000000000,2.000000000,1.000000000,3.149173021,180.434323078,0.000000000,-2.774265289,8.500000000,2.500000000,-2.881228685,-165.082243484,0.000000000,2.690469742,3.000000000,0.800000012,-0.194361687,-11.136104347,0.000000000,0.431063026,1.200000048,0.200000003,0.870713234,49.888193471,0.000000000,0.000140856,0.100000001,0.020000000
2026-07-04 17:52:44.081,1783158764.081310987,86.987400044,1,1,86.974948916,1,0.008930456,5,1,0.005752834,5,1,0,1,0,0,1,1,1,0,1,0,-1.000000000,0.000000000,0.000000000,0.000000000,0,-1.000000000,0,0,0,,0,-1.000000000,,0,0,0.000000000,0.000000000,0,-1.000000000,0,,0,-1.000000000,,0,-1.000000000,0,,1,-0.063187219,-3.620360979,-0.021978378,0.085470200,1,3.111025095,178.248607902,-0.002442360,-2.468376160,1,-2.880847216,-165.060386879,-0.007326126,2.673503876,1,-0.193217278,-11.070534531,-0.007326126,0.422466278,1,0.870329857,49.866227583,-0.012210846,-0.001221180,-0.012833213,-0.735288967,0.000000000,-0.000000000,2.000000000,1.000000000,3.149173021,180.434323078,0.000000000,-2.774265289,8.500000000,2.500000000,-2.881228685,-165.082243484,0.000000000,2.690469742,3.000000000,0.800000012,-0.194361687,-11.136104347,0.000000000,0.431063026,1.200000048,0.200000003,0.870713234,49.888193471,0.000000000,0.000140856,0.100000001,0.020000000
2026-07-04 17:52:45.081,1783158765.081078768,87.987167829,1,1,87.974716701,1,0.008654111,5,1,0.005762734,5,1,0,1,0,0,1,1,1,0,1,0,-1.000000000,0.000000000,0.000000000,0.000000000,0,-1.000000000,0,0,0,,0,-1.000000000,,0,0,0.000000000,0.000000000,0,-1.000000000,0,,0,-1.000000000,,0,-1.000000000,0,,1,-0.063187219,-3.620360979,0.007326126,0.085470200,1,3.111025095,178.248607902,-0.002442360,-2.482051849,1,-2.880847216,-165.060386879,-0.002442360,2.673503876,1,-0.193217278,-11.070534531,-0.007326126,0.422466278,1,0.870329857,49.866227583,-0.012210846,-0.001221180,-0.012833213,-0.735288967,0.000000000,-0.000000000,2.000000000,1.000000000,3.149173021,180.434323078,0.000000000,-2.774265289,8.500000000,2.500000000,-2.881228685,-165.082243484,0.000000000,2.690469742,3.000000000,0.800000012,-0.194361687,-11.136104347,0.000000000,0.431063026,1.200000048,0.200000003,0.870713234,49.888193471,0.000000000,0.000140856,0.100000001,0.020000000
2026-07-04 17:52:46.081,1783158766.080996275,88.987085339,1,1,88.974634211,1,0.008673209,5,1,0.005526384,5,1,0,1,0,0,1,1,1,0,1,0,-1.000000000,0.000000000,0.000000000,0.000000000,0,-1.000000000,0,0,0,,0,-1.000000000,,0,0,0.000000000,0.000000000,0,-1.000000000,0,,0,-1.000000000,,0,-1.000000000,0,,1,-0.063187219,-3.620360979,-0.007326126,0.085470200,1,3.111025095,178.248607902,-0.007326126,-2.482051849,1,-2.880847216,-165.060386879,-0.002442360,2.673503876,1,-0.193598747,-11.092391137,-0.021978378,0.422466278,1,0.870329857,49.866227583,-0.012210846,-0.003663063,-0.012833213,-0.735288967,0.000000000,-0.000000000,2.000000000,1.000000000,3.149173021,180.434323078,0.000000000,-2.774265289,8.500000000,2.500000000,-2.881228685,-165.082243484,0.000000000,2.690469742,3.000000000,0.800000012,-0.194361687,-11.136104347,0.000000000,0.431063026,1.200000048,0.200000003,0.870713234,49.888193471,0.000000000,0.000140856,0.100000001,0.020000000
2026-07-04 17:52:47.081,1783158767.080865383,89.986954341,1,1,89.974503213,1,0.009129120,5,1,0.005989783,5,1,0,1,0,0,1,1,1,0,1,0,-1.000000000,0.000000000,0.000000000,0.000000000,0,-1.000000000,0,0,0,,0,-1.000000000,,0,0,0.000000000,0.000000000,0,-1.000000000,0,,0,-1.000000000,,0,-1.000000000,0,,1,-0.063187219,-3.620360979,-0.007326126,0.085470200,1,3.111025095,178.248607902,-0.002442360,-2.468376160,1,-2.880847216,-165.060386879,-0.002442360,2.673503876,1,-0.193217278,-11.070534531,0.007326126,0.422466278,1,0.870329857,49.866227583,0.012210846,-0.003663063,-0.012833213,-0.735288967,0.000000000,-0.000000000,2.000000000,1.000000000,3.149173021,180.434323078,0.000000000,-2.774265289,8.500000000,2.500000000,-2.881228685,-165.082243484,0.000000000,2.690469742,3.000000000,0.800000012,-0.194361687,-11.136104347,0.000000000,0.431063026,1.200000048,0.200000003,0.870713234,49.888193471,0.000000000,0.000140856,0.100000001,0.020000000
2026-07-04 17:52:48.080,1783158768.080555916,90.986644980,1,1,90.974193852,1,0.008902439,5,1,0.005768364,5,1,0,1,0,0,1,1,1,0,1,0,-1.000000000,0.000000000,0.000000000,0.000000000,0,-1.000000000,0,0,0,,0,-1.000000000,,0,0,0.000000000,0.000000000,0,-1.000000000,0,,0,-1.000000000,,0,-1.000000000,0,,1,-0.063187219,-3.620360979,-0.021978378,0.085470200,1,3.111025095,178.248607902,-0.007326126,-2.468376160,1,-2.880847216,-165.060386879,-0.002442360,2.673503876,1,-0.193217278,-11.070534531,-0.007326126,0.422466278,1,0.870329857,49.866227583,-0.012210846,-0.001221180,-0.012833213,-0.735288967,0.000000000,-0.000000000,2.000000000,1.000000000,3.149173021,180.434323078,0.000000000,-2.774265289,8.500000000,2.500000000,-2.881228685,-165.082243484,0.000000000,2.690469742,3.000000000,0.800000012,-0.194361687,-11.136104347,0.000000000,0.431063026,1.200000048,0.200000003,0.870713234,49.888193471,0.000000000,0.000140856,0.100000001,0.020000000
2026-07-04 17:52:49.080,1783158769.080224991,91.986314000,1,1,91.973862872,1,0.008759694,5,1,0.005805643,5,1,0,1,0,0,1,1,1,0,1,0,-1.000000000,0.000000000,0.000000000,0.000000000,0,-1.000000000,0,0,0,,0,-1.000000000,,0,0,0.000000000,0.000000000,0,-1.000000000,0,,0,-1.000000000,,0,-1.000000000,0,,1,-0.063187219,-3.620360979,-0.007326126,0.085470200,1,3.111025095,178.248607902,-0.002442360,-2.482051849,1,-2.880847216,-165.060386879,-0.002442360,2.673503876,1,-0.193217278,-11.070534531,-0.007326126,0.422466278,1,0.870713234,49.888193471,0.012210846,-0.003663063,-0.012833213,-0.735288967,0.000000000,-0.000000000,2.000000000,1.000000000,3.149173021,180.434323078,0.000000000,-2.774265289,8.500000000,2.500000000,-2.881228685,-165.082243484,0.000000000,2.690469742,3.000000000,0.800000012,-0.194361687,-11.136104347,0.000000000,0.431063026,1.200000048,0.200000003,0.870713234,49.888193471,0.000000000,0.000140856,0.100000001,0.020000000
2026-07-04 17:52:50.080,1783158770.080037355,92.986126404,1,1,92.973675276,1,0.008493870,5,1,0.005657233,5,1,0,1,0,0,1,1,1,0,1,0,-1.000000000,0.000000000,0.000000000,0.000000000,0,-1.000000000,0,0,0,,0,-1.000000000,,0,0,0.000000000,0.000000000,0,-1.000000000,0,,0,-1.000000000,,0,-1.000000000,0,,1,-0.063187219,-3.620360979,-0.007326126,0.085470200,1,3.111025095,178.248607902,-0.002442360,-2.482051849,1,-2.880847216,-165.060386879,-0.007326126,2.673503876,1,-0.193217278,-11.070534531,0.007326126,0.422466278,1,0.870329857,49.866227583,-0.036628723,-0.003663063,-0.012833213,-0.735288967,0.000000000,-0.000000000,2.000000000,1.000000000,3.149173021,180.434323078,0.000000000,-2.774265289,8.500000000,2.500000000,-2.881228685,-165.082243484,0.000000000,2.690469742,3.000000000,0.800000012,-0.194361687,-11.136104347,0.000000000,0.431063026,1.200000048,0.200000003,0.870713234,49.888193471,0.000000000,0.000140856,0.100000001,0.020000000
2026-07-04 17:52:51.079,1783158771.079812765,93.985901725,1,1,93.973450597,1,0.008673972,5,1,0.005769481,5,1,0,1,0,0,1,1,1,0,1,0,-1.000000000,0.000000000,0.000000000,0.000000000,0,-1.000000000,0,0,0,,0,-1.000000000,,0,0,0.000000000,0.000000000,0,-1.000000000,0,,0,-1.000000000,,0,-1.000000000,0,,1,-0.063187219,-3.620360979,-0.007326126,0.085470200,1,3.111025095,178.248607902,-0.002442360,-2.482051849,1,-2.880847216,-165.060386879,0.002442360,2.687179565,1,-0.193217278,-11.070534531,-0.007326126,0.422466278,1,0.870329857,49.866227583,-0.012210846,-0.003663063,-0.012833213,-0.735288967,0.000000000,-0.000000000,2.000000000,1.000000000,3.149173021,180.434323078,0.000000000,-2.774265289,8.500000000,2.500000000,-2.881228685,-165.082243484,0.000000000,2.690469742,3.000000000,0.800000012,-0.194361687,-11.136104347,0.000000000,0.431063026,1.200000048,0.200000003,0.870713234,49.888193471,0.000000000,0.000140856,0.100000001,0.020000000
2026-07-04 17:52:52.079,1783158772.079631567,94.985720619,1,1,94.973269491,1,0.008446328,5,1,0.005682104,5,1,0,1,0,0,1,1,1,0,1,0,-1.000000000,0.000000000,0.000000000,0.000000000,0,-1.000000000,0,0,0,,0,-1.000000000,,0,0,0.000000000,0.000000000,0,-1.000000000,0,,0,-1.000000000,,0,-1.000000000,0,,1,-0.063187219,-3.620360979,-0.007326126,0.085470200,1,3.111025095,178.248607902,-0.002442360,-2.482051849,1,-2.880847216,-165.060386879,-0.002442360,2.673503876,1,-0.193217278,-11.070534531,0.007326126,0.422466278,1,0.870329857,49.866227583,-0.036628723,-0.003663063,-0.012833213,-0.735288967,0.000000000,-0.000000000,2.000000000,1.000000000,3.149173021,180.434323078,0.000000000,-2.774265289,8.500000000,2.500000000,-2.881228685,-165.082243484,0.000000000,2.690469742,3.000000000,0.800000012,-0.194361687,-11.136104347,0.000000000,0.431063026,1.200000048,0.200000003,0.870713234,49.888193471,0.000000000,0.000140856,0.100000001,0.020000000
2026-07-04 17:52:53.079,1783158773.079465389,95.985554546,1,1,95.973103418,1,0.008806455,5,1,0.005718935,5,1,0,1,0,0,1,1,1,0,1,0,-1.000000000,0.000000000,0.000000000,0.000000000,0,-1.000000000,0,0,0,,0,-1.000000000,,0,0,0.000000000,0.000000000,0,-1.000000000,0,,0,-1.000000000,,0,-1.000000000,0,,1,-0.063187219,-3.620360979,-0.007326126,0.085470200,1,3.111025095,178.248607902,-0.007326126,-2.482051849,1,-2.880847216,-165.060386879,-0.002442360,2.673503876,1,-0.193217278,-11.070534531,-0.007326126,0.422466278,1,0.870329857,49.866227583,-0.012210846,-0.003663063,-0.012833213,-0.735288967,0.000000000,-0.000000000,2.000000000,1.000000000,3.149173021,180.434323078,0.000000000,-2.774265289,8.500000000,2.500000000,-2.881228685,-165.082243484,0.000000000,2.690469742,3.000000000,0.800000012,-0.194361687,-11.136104347,0.000000000,0.431063026,1.200000048,0.200000003,0.870713234,49.888193471,0.000000000,0.000140856,0.100000001,0.020000000
2026-07-04 17:52:54.079,1783158774.079391003,96.985480034,1,1,96.973028906,1,0.008259810,5,1,0.005955924,5,1,0,1,0,0,1,1,1,0,1,0,-1.000000000,0.000000000,0.000000000,0.000000000,0,-1.000000000,0,0,0,,0,-1.000000000,,0,0,0.000000000,0.000000000,0,-1.000000000,0,,0,-1.000000000,,0,-1.000000000,0,,1,-0.063187219,-3.620360979,-0.007326126,0.085470200,1,3.111025095,178.248607902,-0.002442360,-2.482051849,1,-2.880847216,-165.060386879,-0.002442360,2.673503876,1,-0.193217278,-11.070534531,0.007326126,0.422466278,1,0.870329857,49.866227583,-0.012210846,-0.003663063,-0.012833213,-0.735288967,0.000000000,-0.000000000,2.000000000,1.000000000,3.149173021,180.434323078,0.000000000,-2.774265289,8.500000000,2.500000000,-2.881228685,-165.082243484,0.000000000,2.690469742,3.000000000,0.800000012,-0.194361687,-11.136104347,0.000000000,0.431063026,1.200000048,0.200000003,0.870713234,49.888193471,0.000000000,0.000140856,0.100000001,0.020000000
2026-07-04 17:52:55.079,1783158775.079058886,97.985147831,1,1,97.972696703,1,0.008379884,5,1,0.005549626,5,1,0,1,0,0,1,1,1,0,1,0,-1.000000000,0.000000000,0.000000000,0.000000000,0,-1.000000000,0,0,0,,0,-1.000000000,,0,0,0.000000000,0.000000000,0,-1.000000000,0,,0,-1.000000000,,0,-1.000000000,0,,1,-0.063187219,-3.620360979,-0.007326126,0.085470200,1,3.111025095,178.248607902,-0.002442360,-2.482051849,1,-2.880847216,-165.060386879,-0.002442360,2.673503876,1,-0.193217278,-11.070534531,0.007326126,0.422466278,1,0.870329857,49.866227583,-0.012210846,-0.001221180,-0.012833213,-0.735288967,0.000000000,-0.000000000,2.000000000,1.000000000,3.149173021,180.434323078,0.000000000,-2.774265289,8.500000000,2.500000000,-2.881228685,-165.082243484,0.000000000,2.690469742,3.000000000,0.800000012,-0.194361687,-11.136104347,0.000000000,0.431063026,1.200000048,0.200000003,0.870713234,49.888193471,0.000000000,0.000140856,0.100000001,0.020000000
2026-07-04 17:52:56.078,1783158776.078787327,98.984876187,1,1,98.972425059,1,0.008770650,5,1,0.005830760,5,1,0,1,0,0,1,1,1,0,1,0,-1.000000000,0.000000000,0.000000000,0.000000000,0,-1.000000000,0,0,0,,0,-1.000000000,,0,0,0.000000000,0.000000000,0,-1.000000000,0,,0,-1.000000000,,0,-1.000000000,0,,1,-0.063187219,-3.620360979,-0.007326126,0.085470200,1,3.111025095,178.248607902,-0.002442360,-2.482051849,1,-2.880847216,-165.060386879,-0.007326126,2.673503876,1,-0.193217278,-11.070534531,-0.007326126,0.422466278,1,0.870329857,49.866227583,-0.012210846,-0.001221180,-0.012833213,-0.735288967,0.000000000,-0.000000000,2.000000000,1.000000000,3.149173021,180.434323078,0.000000000,-2.774265289,8.500000000,2.500000000,-2.881228685,-165.082243484,0.000000000,2.690469742,3.000000000,0.800000012,-0.194361687,-11.136104347,0.000000000,0.431063026,1.200000048,0.200000003,0.870713234,49.888193471,0.000000000,0.000140856,0.100000001,0.020000000
2026-07-04 17:52:57.078,1783158777.078634739,99.984723672,1,1,99.972272544,1,0.008754805,5,1,0.005673308,5,1,0,1,0,0,1,1,1,0,1,0,-1.000000000,0.000000000,0.000000000,0.000000000,0,-1.000000000,0,0,0,,0,-1.000000000,,0,0,0.000000000,0.000000000,0,-1.000000000,0,,0,-1.000000000,,0,-1.000000000,0,,1,-0.063187219,-3.620360979,-0.007326126,0.085470200,1,3.111025095,178.248607902,-0.002442360,-2.468376160,1,-2.880847216,-165.060386879,-0.007326126,2.673503876,1,-0.193217278,-11.070534531,-0.007326126,0.422466278,1,0.870329857,49.866227583,-0.012210846,-0.003663063,-0.012833213,-0.735288967,0.000000000,-0.000000000,2.000000000,1.000000000,3.149173021,180.434323078,0.000000000,-2.774265289,8.500000000,2.500000000,-2.881228685,-165.082243484,0.000000000,2.690469742,3.000000000,0.800000012,-0.194361687,-11.136104347,0.000000000,0.431063026,1.200000048,0.200000003,0.870713234,49.888193471,0.000000000,0.000140856,0.100000001,0.020000000
2026-07-04 17:52:58.078,1783158778.078385353,100.984474338,1,1,100.972023210,1,0.008773081,5,1,0.005785966,5,1,0,1,0,0,1,1,1,0,1,0,-1.000000000,0.000000000,0.000000000,0.000000000,0,-1.000000000,0,0,0,,0,-1.000000000,,0,0,0.000000000,0.000000000,0,-1.000000000,0,,0,-1.000000000,,0,-1.000000000,0,,1,-0.063187219,-3.620360979,-0.007326126,0.085470200,1,3.111025095,178.248607902,0.002442360,-2.468376160,1,-2.880847216,-165.060386879,-0.002442360,2.673503876,1,-0.193217278,-11.070534531,-0.021978378,0.422466278,1,0.870329857,49.866227583,-0.012210846,-0.003663063,-0.012833213,-0.735288967,0.000000000,-0.000000000,2.000000000,1.000000000,3.149173021,180.434323078,0.000000000,-2.774265289,8.500000000,2.500000000,-2.881228685,-165.082243484,0.000000000,2.690469742,3.000000000,0.800000012,-0.194361687,-11.136104347,0.000000000,0.431063026,1.200000048,0.200000003,0.870713234,49.888193471,0.000000000,0.000140856,0.100000001,0.020000000
2026-07-04 17:52:59.078,1783158779.078297138,101.984386036,1,1,101.971934908,1,0.008415719,5,1,0.005334358,5,1,0,1,0,0,1,1,1,0,1,0,-1.000000000,0.000000000,0.000000000,0.000000000,0,-1.000000000,0,0,0,,0,-1.000000000,,0,0,0.000000000,0.000000000,0,-1.000000000,0,,0,-1.000000000,,0,-1.000000000,0,,1,-0.063187219,-3.620360979,-0.021978378,0.085470200,1,3.111025095,178.248607902,-0.002442360,-2.468376160,1,-2.880847216,-165.060386879,-0.002442360,2.673503876,0,-0.193598747,-11.092391137,-0.007326126,0.422466278,1,0.870329857,49.866227583,-0.012210846,-0.003663063,-0.012833213,-0.735288967,0.000000000,-0.000000000,2.000000000,1.000000000,3.149173021,180.434323078,0.000000000,-2.774265289,8.500000000,2.500000000,-2.881228685,-165.082243484,0.000000000,2.690469742,3.000000000,0.800000012,-0.194361687,-11.136104347,0.000000000,0.431063026,1.200000048,0.200000003,0.870713234,49.888193471,0.000000000,0.000140856,0.100000001,0.020000000
2026-07-04 17:53:00.078,1783158780.077979088,102.984068214,1,1,102.971617086,1,0.008496309,5,1,0.005744874,5,1,0,1,0,0,1,1,1,0,1,0,-1.000000000,0.000000000,0.000000000,0.000000000,0,-1.000000000,0,0,0,,0,-1.000000000,,0,0,0.000000000,0.000000000,0,-1.000000000,0,,0,-1.000000000,,0,-1.000000000,0,,1,-0.063187219,-3.620360979,-0.007326126,0.085470200,1,3.111025095,178.248607902,-0.002442360,-2.482051849,1,-2.880847216,-165.060386879,-0.002442360,2.673503876,1,-0.193217278,-11.070534531,0.007326126,0.422466278,1,0.870329857,49.866227583,0.012210846,-0.003663063,-0.012833213,-0.735288967,0.000000000,-0.000000000,2.000000000,1.000000000,3.149173021,180.434323078,0.000000000,-2.774265289,8.500000000,2.500000000,-2.881228685,-165.082243484,0.000000000,2.690469742,3.000000000,0.800000012,-0.194361687,-11.136104347,0.000000000,0.431063026,1.200000048,0.200000003,0.870713234,49.888193471,0.000000000,0.000140856,0.100000001,0.020000000
2026-07-04 17:53:01.077,1783158781.077797890,103.983886857,1,1,103.971435729,1,0.008686398,5,1,0.005591586,5,1,0,1,0,0,1,1,1,0,1,0,-1.000000000,0.000000000,0.000000000,0.000000000,0,-1.000000000,0,0,0,,0,-1.000000000,,0,0,0.000000000,0.000000000,0,-1.000000000,0,,0,-1.000000000,,0,-1.000000000,0,,1,-0.063187219,-3.620360979,-0.007326126,0.085470200,1,3.111025095,178.248607902,-0.002442360,-2.468376160,1,-2.880847216,-165.060386879,-0.002442360,2.673503876,1,-0.193598747,-11.092391137,0.007326126,0.422466278,1,0.870329857,49.866227583,0.012210846,-0.003663063,-0.012833213,-0.735288967,0.000000000,-0.000000000,2.000000000,1.000000000,3.149173021,180.434323078,0.000000000,-2.774265289,8.500000000,2.500000000,-2.881228685,-165.082243484,0.000000000,2.690469742,3.000000000,0.800000012,-0.194361687,-11.136104347,0.000000000,0.431063026,1.200000048,0.200000003,0.870713234,49.888193471,0.000000000,0.000140856,0.100000001,0.020000000
2026-07-04 17:53:02.077,1783158782.077663183,104.983752248,1,1,104.971301120,1,0.008620568,5,1,0.005740321,5,1,0,1,0,0,1,1,1,0,1,0,-1.000000000,0.000000000,0.000000000,0.000000000,0,-1.000000000,0,0,0,,0,-1.000000000,,0,0,0.000000000,0.000000000,0,-1.000000000,0,,0,-1.000000000,,0,-1.000000000,0,,1,-0.063187219,-3.620360979,0.007326126,0.085470200,1,3.111025095,178.248607902,-0.002442360,-2.468376160,1,-2.880847216,-165.060386879,-0.002442360,2.673503876,1,-0.193598747,-11.092391137,-0.021978378,0.422466278,1,0.870713234,49.888193471,0.012210846,-0.003663063,-0.012833213,-0.735288967,0.000000000,-0.000000000,2.000000000,1.000000000,3.149173021,180.434323078,0.000000000,-2.774265289,8.500000000,2.500000000,-2.881228685,-165.082243484,0.000000000,2.690469742,3.000000000,0.800000012,-0.194361687,-11.136104347,0.000000000,0.431063026,1.200000048,0.200000003,0.870713234,49.888193471,0.000000000,0.000140856,0.100000001,0.020000000
2026-07-04 17:53:03.077,1783158783.077377081,105.983466025,1,1,105.971014897,1,0.008684208,5,1,0.005755032,5,1,0,1,0,0,1,1,1,0,1,0,-1.000000000,0.000000000,0.000000000,0.000000000,0,-1.000000000,0,0,0,,0,-1.000000000,,0,0,0.000000000,0.000000000,0,-1.000000000,0,,0,-1.000000000,,0,-1.000000000,0,,1,-0.063187219,-3.620360979,0.007326126,0.085470200,1,3.111025095,178.248607902,-0.002442360,-2.468376160,1,-2.880847216,-165.060386879,-0.002442360,2.673503876,1,-0.193598747,-11.092391137,-0.007326126,0.422466278,1,0.870329857,49.866227583,-0.036628723,-0.003663063,-0.012833213,-0.735288967,0.000000000,-0.000000000,2.000000000,1.000000000,3.149173021,180.434323078,0.000000000,-2.774265289,8.500000000,2.500000000,-2.881228685,-165.082243484,0.000000000,2.690469742,3.000000000,0.800000012,-0.194361687,-11.136104347,0.000000000,0.431063026,1.200000048,0.200000003,0.870713234,49.888193471,0.000000000,0.000140856,0.100000001,0.020000000
2026-07-04 17:53:04.077,1783158784.077300072,106.983388846,1,1,106.970937718,1,0.008463019,5,1,0.005787260,5,1,0,1,0,0,1,1,1,0,1,0,-1.000000000,0.000000000,0.000000000,0.000000000,0,-1.000000000,0,0,0,,0,-1.000000000,,0,0,0.000000000,0.000000000,0,-1.000000000,0,,0,-1.000000000,,0,-1.000000000,0,,1,-0.063187219,-3.620360979,0.007326126,0.090353966,1,3.111025095,178.248607902,-0.002442360,-2.482051849,1,-2.880847216,-165.060386879,-0.002442360,2.673503876,1,-0.193217278,-11.070534531,-0.007326126,0.422466278,1,0.870329857,49.866227583,-0.012210846,-0.003663063,-0.012833213,-0.735288967,0.000000000,-0.000000000,2.000000000,1.000000000,3.149173021,180.434323078,0.000000000,-2.774265289,8.500000000,2.500000000,-2.881228685,-165.082243484,0.000000000,2.690469742,3.000000000,0.800000012,-0.194361687,-11.136104347,0.000000000,0.431063026,1.200000048,0.200000003,0.870713234,49.888193471,0.000000000,0.000140856,0.100000001,0.020000000
2026-07-04 17:53:05.077,1783158785.077000618,107.983089631,1,1,107.970638503,1,0.008812051,5,1,0.005755096,5,1,0,1,0,0,1,1,1,0,1,0,-1.000000000,0.000000000,0.000000000,0.000000000,0,-1.000000000,0,0,0,,0,-1.000000000,,0,0,0.000000000,0.000000000,0,-1.000000000,0,,0,-1.000000000,,0,-1.000000000,0,,1,-0.063187219,-3.620360979,-0.007326126,0.085470200,1,3.111025095,178.248607902,-0.002442360,-2.482051849,1,-2.880847216,-165.060386879,0.002442360,2.673503876,1,-0.193217278,-11.070534531,-0.007326126,0.422466278,1,0.870329857,49.866227583,-0.012210846,-0.003663063,-0.012833213,-0.735288967,0.000000000,-0.000000000,2.000000000,1.000000000,3.149173021,180.434323078,0.000000000,-2.774265289,8.500000000,2.500000000,-2.881228685,-165.082243484,0.000000000,2.690469742,3.000000000,0.800000012,-0.194361687,-11.136104347,0.000000000,0.431063026,1.200000048,0.200000003,0.870713234,49.888193471,0.000000000,0.000140856,0.100000001,0.020000000
2026-07-04 17:53:06.076,1783158786.076783657,108.982872539,1,1,108.970421411,1,0.008790391,5,1,0.005742353,5,1,0,1,0,0,1,1,1,0,1,0,-1.000000000,0.000000000,0.000000000,0.000000000,0,-1.000000000,0,0,0,,0,-1.000000000,,0,0,0.000000000,0.000000000,0,-1.000000000,0,,0,-1.000000000,,0,-1.000000000,0,,1,-0.063187219,-3.620360979,-0.007326126,0.085470200,1,3.111025095,178.248607902,-0.007326126,-2.454700470,1,-2.880847216,-165.060386879,0.002442360,2.673503876,1,-0.193598747,-11.092391137,-0.021978378,0.422466278,1,0.870329857,49.866227583,-0.012210846,-0.003663063,-0.012833213,-0.735288967,0.000000000,-0.000000000,2.000000000,1.000000000,3.149173021,180.434323078,0.000000000,-2.774265289,8.500000000,2.500000000,-2.881228685,-165.082243484,0.000000000,2.690469742,3.000000000,0.800000012,-0.194361687,-11.136104347,0.000000000,0.431063026,1.200000048,0.200000003,0.870713234,49.888193471,0.000000000,0.000140856,0.100000001,0.020000000
2026-07-04 17:53:07.076,1783158787.076599121,109.982688007,1,1,109.970236879,1,0.008921730,5,1,0.005796964,5,1,0,1,0,0,1,1,1,0,1,0,-1.000000000,0.000000000,0.000000000,0.000000000,0,-1.000000000,0,0,0,,0,-1.000000000,,0,0,0.000000000,0.000000000,0,-1.000000000,0,,0,-1.000000000,,0,-1.000000000,0,,1,-0.063187219,-3.620360979,-0.007326126,0.085470200,1,3.111025095,178.248607902,-0.002442360,-2.468376160,1,-2.880847216,-165.060386879,-0.007326126,2.673503876,1,-0.193217278,-11.070534531,-0.007326126,0.422466278,1,0.870329857,49.866227583,0.036628723,-0.001221180,-0.012833213,-0.735288967,0.000000000,-0.000000000,2.000000000,1.000000000,3.149173021,180.434323078,0.000000000,-2.774265289,8.500000000,2.500000000,-2.881228685,-165.082243484,0.000000000,2.690469742,3.000000000,0.800000012,-0.194361687,-11.136104347,0.000000000,0.431063026,1.200000048,0.200000003,0.870713234,49.888193471,0.000000000,0.000140856,0.100000001,0.020000000
2026-07-04 17:53:08.076,1783158788.076520920,110.982609833,1,1,110.970158705,1,0.008332897,5,1,0.005808412,5,1,0,1,0,0,1,1,1,0,1,0,-1.000000000,0.000000000,0.000000000,0.000000000,0,-1.000000000,0,0,0,,0,-1.000000000,,0,0,0.000000000,0.000000000,0,-1.000000000,0,,0,-1.000000000,,0,-1.000000000,0,,1,-0.063187219,-3.620360979,-0.007326126,0.085470200,1,3.111025095,178.248607902,-0.002442360,-2.468376160,1,-2.880847216,-165.060386879,-0.007326126,2.673503876,1,-0.193217278,-11.070534531,0.007326126,0.422466278,1,0.870329857,49.866227583,-0.012210846,-0.003663063,-0.012833213,-0.735288967,0.000000000,-0.000000000,2.000000000,1.000000000,3.149173021,180.434323078,0.000000000,-2.774265289,8.500000000,2.500000000,-2.881228685,-165.082243484,0.000000000,2.690469742,3.000000000,0.800000012,-0.194361687,-11.136104347,0.000000000,0.431063026,1.200000048,0.200000003,0.870713234,49.888193471,0.000000000,0.000140856,0.100000001,0.020000000
2026-07-04 17:53:09.076,1783158789.076212883,111.982302017,1,1,111.969850889,1,0.008668385,5,1,0.005820109,5,1,0,1,0,0,1,1,1,0,1,0,-1.000000000,0.000000000,0.000000000,0.000000000,0,-1.000000000,0,0,0,,0,-1.000000000,,0,0,0.000000000,0.000000000,0,-1.000000000,0,,0,-1.000000000,,0,-1.000000000,0,,1,-0.063187219,-3.620360979,0.007326126,0.085470200,1,3.111025095,178.248607902,0.002442360,-2.468376160,1,-2.880847216,-165.060386879,-0.002442360,2.673503876,1,-0.193598747,-11.092391137,-0.007326126,0.422466278,1,0.870329857,49.866227583,0.012210846,-0.003663063,-0.012833213,-0.735288967,0.000000000,-0.000000000,2.000000000,1.000000000,3.149173021,180.434323078,0.000000000,-2.774265289,8.500000000,2.500000000,-2.881228685,-165.082243484,0.000000000,2.690469742,3.000000000,0.800000012,-0.194361687,-11.136104347,0.000000000,0.431063026,1.200000048,0.200000003,0.870713234,49.888193471,0.000000000,0.000140856,0.100000001,0.020000000
2026-07-04 17:53:10.076,1783158790.075997591,112.982086645,1,1,112.969635517,1,0.008732498,5,1,0.005795044,5,1,0,1,0,0,1,1,1,0,1,0,-1.000000000,0.000000000,0.000000000,0.000000000,0,-1.000000000,0,0,0,,0,-1.000000000,,0,0,0.000000000,0.000000000,0,-1.000000000,0,,0,-1.000000000,,0,-1.000000000,0,,1,-0.063187219,-3.620360979,-0.007326126,0.085470200,1,3.111025095,178.248607902,-0.002442360,-2.468376160,1,-2.880847216,-165.060386879,-0.002442360,2.687179565,1,-0.193217278,-11.070534531,-0.007326126,0.422466278,1,0.870713234,49.888193471,-0.012210846,-0.003663063,-0.012833213,-0.735288967,0.000000000,-0.000000000,2.000000000,1.000000000,3.149173021,180.434323078,0.000000000,-2.774265289,8.500000000,2.500000000,-2.881228685,-165.082243484,0.000000000,2.690469742,3.000000000,0.800000012,-0.194361687,-11.136104347,0.000000000,0.431063026,1.200000048,0.200000003,0.870713234,49.888193471,0.000000000,0.000140856,0.100000001,0.020000000
2026-07-04 17:53:11.075,1783158791.075842619,113.981931488,1,1,113.969480360,1,0.008879965,5,1,0.005779463,5,1,0,1,0,0,1,1,1,0,1,0,-1.000000000,0.000000000,0.000000000,0.000000000,0,-1.000000000,0,0,0,,0,-1.000000000,,0,0,0.000000000,0.000000000,0,-1.000000000,0,,0,-1.000000000,,0,-1.000000000,0,,1,-0.063187219,-3.620360979,-0.007326126,0.085470200,1,3.111025095,178.248607902,-0.002442360,-2.482051849,1,-2.880847216,-165.060386879,-0.002442360,2.673503876,1,-0.193217278,-11.070534531,-0.007326126,0.422466278,1,0.870329857,49.866227583,-0.012210846,-0.001221180,-0.012833213,-0.735288967,0.000000000,-0.000000000,2.000000000,1.000000000,3.149173021,180.434323078,0.000000000,-2.774265289,8.500000000,2.500000000,-2.881228685,-165.082243484,0.000000000,2.690469742,3.000000000,0.800000012,-0.194361687,-11.136104347,0.000000000,0.431063026,1.200000048,0.200000003,0.870713234,49.888193471,0.000000000,0.000140856,0.100000001,0.020000000
2026-07-04 17:53:12.075,1783158792.075637579,114.981726543,1,1,114.969275415,1,0.008757037,5,1,0.005785240,5,1,0,1,0,0,1,1,1,0,1,0,-1.000000000,0.000000000,0.000000000,0.000000000,0,-1.000000000,0,0,0,,0,-1.000000000,,0,0,0.000000000,0.000000000,0,-1.000000000,0,,0,-1.000000000,,0,-1.000000000,0,,1,-0.063187219,-3.620360979,0.007326126,0.090353966,1,3.111025095,178.248607902,-0.002442360,-2.482051849,1,-2.880847216,-165.060386879,0.002442360,2.673503876,1,-0.193598747,-11.092391137,-0.021978378,0.422466278,1,0.870329857,49.866227583,-0.036628723,-0.003663063,-0.012833213,-0.735288967,0.000000000,-0.000000000,2.000000000,1.000000000,3.149173021,180.434323078,0.000000000,-2.774265289,8.500000000,2.500000000,-2.881228685,-165.082243484,0.000000000,2.690469742,3.000000000,0.800000012,-0.194361687,-11.136104347,0.000000000,0.431063026,1.200000048,0.200000003,0.870713234,49.888193471,0.000000000,0.000140856,0.100000001,0.020000000
2026-07-04 17:53:13.075,1783158793.075400114,115.981489156,1,1,115.969038028,1,0.008918390,5,1,0.005844523,5,1,0,1,0,0,1,1,1,0,1,0,-1.000000000,0.000000000,0.000000000,0.000000000,0,-1.000000000,0,0,0,,0,-1.000000000,,0,0,0.000000000,0.000000000,0,-1.000000000,0,,0,-1.000000000,,0,-1.000000000,0,,1,-0.063187219,-3.620360979,-0.021978378,0.085470200,1,3.111025095,178.248607902,-0.002442360,-2.482051849,1,-2.880847216,-165.060386879,-0.002442360,2.673503876,1,-0.193217278,-11.070534531,-0.007326126,0.422466278,1,0.870329857,49.866227583,-0.012210846,-0.003663063,-0.012833213,-0.735288967,0.000000000,-0.000000000,2.000000000,1.000000000,3.149173021,180.434323078,0.000000000,-2.774265289,8.500000000,2.500000000,-2.881228685,-165.082243484,0.000000000,2.690469742,3.000000000,0.800000012,-0.194361687,-11.136104347,0.000000000,0.431063026,1.200000048,0.200000003,0.870713234,49.888193471,0.000000000,0.000140856,0.100000001,0.020000000
2026-07-04 17:53:14.075,1783158794.075215816,116.981304806,1,1,116.968853678,1,0.008627974,5,1,0.005768632,5,1,0,1,0,0,1,1,1,0,1,0,-1.000000000,0.000000000,0.000000000,0.000000000,0,-1.000000000,0,0,0,,0,-1.000000000,,0,0,0.000000000,0.000000000,0,-1.000000000,0,,0,-1.000000000,,0,-1.000000000,0,,1,-0.063187219,-3.620360979,-0.007326126,0.085470200,1,3.111025095,178.248607902,-0.002442360,-2.482051849,1,-2.880847216,-165.060386879,-0.002442360,2.673503876,1,-0.193598747,-11.092391137,-0.036630630,0.422466278,1,0.870329857,49.866227583,-0.036628723,-0.003663063,-0.012833213,-0.735288967,0.000000000,-0.000000000,2.000000000,1.000000000,3.149173021,180.434323078,0.000000000,-2.774265289,8.500000000,2.500000000,-2.881228685,-165.082243484,0.000000000,2.690469742,3.000000000,0.800000012,-0.194361687,-11.136104347,0.000000000,0.431063026,1.200000048,0.200000003,0.870713234,49.888193471,0.000000000,0.000140856,0.100000001,0.020000000
2026-07-04 17:53:15.075,1783158795.075015783,117.981104626,1,1,117.968653498,1,0.008531597,5,1,0.005756883,5,1,0,1,0,0,1,1,1,0,1,0,-1.000000000,0.000000000,0.000000000,0.000000000,0,-1.000000000,0,0,0,,0,-1.000000000,,0,0,0.000000000,0.000000000,0,-1.000000000,0,,0,-1.000000000,,0,-1.000000000,0,,1,-0.063187219,-3.620360979,-0.021978378,0.085470200,1,3.111025095,178.248607902,-0.002442360,-2.482051849,1,-2.880847216,-165.060386879,-0.002442360,2.673503876,1,-0.193217278,-11.070534531,-0.007326126,0.422466278,1,0.870329857,49.866227583,-0.012210846,-0.003663063,-0.012833213,-0.735288967,0.000000000,-0.000000000,2.000000000,1.000000000,3.149173021,180.434323078,0.000000000,-2.774265289,8.500000000,2.500000000,-2.881228685,-165.082243484,0.000000000,2.690469742,3.000000000,0.800000012,-0.194361687,-11.136104347,0.000000000,0.431063026,1.200000048,0.200000003,0.870713234,49.888193471,0.000000000,0.000140856,0.100000001,0.020000000
2026-07-04 17:53:16.074,1783158796.074830294,118.980919292,1,1,118.968468164,1,0.008841883,5,1,0.005701074,5,1,0,1,0,0,1,1,1,0,1,0,-1.000000000,0.000000000,0.000000000,0.000000000,0,-1.000000000,0,0,0,,0,-1.000000000,,0,0,0.000000000,0.000000000,0,-1.000000000,0,,0,-1.000000000,,0,-1.000000000,0,,1,-0.063187219,-3.620360979,-0.007326126,0.085470200,1,3.111025095,178.248607902,-0.002442360,-2.482051849,1,-2.880847216,-165.060386879,-0.002442360,2.673503876,1,-0.193217278,-11.070534531,0.007326126,0.422466278,1,0.870329857,49.866227583,-0.036628723,-0.001221180,-0.012833213,-0.735288967,0.000000000,-0.000000000,2.000000000,1.000000000,3.149173021,180.434323078,0.000000000,-2.774265289,8.500000000,2.500000000,-2.881228685,-165.082243484,0.000000000,2.690469742,3.000000000,0.800000012,-0.194361687,-11.136104347,0.000000000,0.431063026,1.200000048,0.200000003,0.870713234,49.888193471,0.000000000,0.000140856,0.100000001,0.020000000
2026-07-04 17:53:17.074,1783158797.074706078,119.980795153,1,1,119.968344025,1,0.008333982,5,1,0.005645703,5,1,0,1,0,0,1,1,1,0,1,0,-1.000000000,0.000000000,0.000000000,0.000000000,0,-1.000000000,0,0,0,,0,-1.000000000,,0,0,0.000000000,0.000000000,0,-1.000000000,0,,0,-1.000000000,,0,-1.000000000,0,,1,-0.063187219,-3.620360979,-0.007326126,0.085470200,1,3.111025095,178.248607902,-0.002442360,-2.468376160,1,-2.880847216,-165.060386879,-0.002442360,2.673503876,1,-0.193217278,-11.070534531,-0.021978378,0.422466278,1,0.870329857,49.866227583,0.012210846,-0.001221180,-0.012833213,-0.735288967,0.000000000,-0.000000000,2.000000000,1.000000000,3.149173021,180.434323078,0.000000000,-2.774265289,8.500000000,2.500000000,-2.881228685,-165.082243484,0.000000000,2.690469742,3.000000000,0.800000012,-0.194361687,-11.136104347,0.000000000,0.431063026,1.200000048,0.200000003,0.870713234,49.888193471,0.000000000,0.000140856,0.100000001,0.020000000
2026-07-04 17:53:18.074,1783158798.074439287,120.980528212,1,1,120.968077084,1,0.008623145,5,1,0.005757854,5,1,0,1,0,0,1,1,1,0,1,0,-1.000000000,0.000000000,0.000000000,0.000000000,0,-1.000000000,0,0,0,,0,-1.000000000,,0,0,0.000000000,0.000000000,0,-1.000000000,0,,0,-1.000000000,,0,-1.000000000,0,,1,-0.063187219,-3.620360979,-0.007326126,0.085470200,1,3.111025095,178.248607902,0.002442360,-2.482051849,1,-2.880847216,-165.060386879,-0.002442360,2.673503876,1,-0.193598747,-11.092391137,-0.021978378,0.422466278,1,0.870329857,49.866227583,-0.036628723,-0.003663063,-0.012833213,-0.735288967,0.000000000,-0.000000000,2.000000000,1.000000000,3.149173021,180.434323078,0.000000000,-2.774265289,8.500000000,2.500000000,-2.881228685,-165.082243484,0.000000000,2.690469742,3.000000000,0.800000012,-0.194361687,-11.136104347,0.000000000,0.431063026,1.200000048,0.200000003,0.870713234,49.888193471,0.000000000,0.000140856,0.100000001,0.020000000
2026-07-04 17:53:19.074,1783158799.074297428,121.980386286,1,1,121.967935158,1,0.008503142,5,1,0.005596358,5,1,0,1,0,0,1,1,1,0,1,0,-1.000000000,0.000000000,0.000000000,0.000000000,0,-1.000000000,0,0,0,,0,-1.000000000,,0,0,0.000000000,0.000000000,0,-1.000000000,0,,0,-1.000000000,,0,-1.000000000,0,,1,-0.063187219,-3.620360979,-0.007326126,0.085470200,1,3.111025095,178.248607902,-0.002442360,-2.482051849,1,-2.880847216,-165.060386879,-0.002442360,2.673503876,1,-0.193217278,-11.070534531,-0.007326126,0.422466278,1,0.870713234,49.888193471,-0.036628723,-0.003663063,-0.012833213,-0.735288967,0.000000000,-0.000000000,2.000000000,1.000000000,3.149173021,180.434323078,0.000000000,-2.774265289,8.500000000,2.500000000,-2.881228685,-165.082243484,0.000000000,2.690469742,3.000000000,0.800000012,-0.194361687,-11.136104347,0.000000000,0.431063026,1.200000048,0.200000003,0.870713234,49.888193471,0.000000000,0.000140856,0.100000001,0.020000000
2026-07-04 17:53:20.074,1783158800.074082851,122.980171656,1,1,122.967720528,1,0.008822437,5,1,0.005768763,5,1,0,1,0,0,1,1,1,0,1,0,-1.000000000,0.000000000,0.000000000,0.000000000,0,-1.000000000,0,0,0,,0,-1.000000000,,0,0,0.000000000,0.000000000,0,-1.000000000,0,,0,-1.000000000,,0,-1.000000000,0,,1,-0.063187219,-3.620360979,-0.007326126,0.090353966,1,3.111025095,178.248607902,-0.002442360,-2.468376160,1,-2.880847216,-165.060386879,-0.002442360,2.673503876,1,-0.193217278,-11.070534531,-0.007326126,0.422466278,1,0.870329857,49.866227583,-0.012210846,-0.003663063,-0.012833213,-0.735288967,0.000000000,-0.000000000,2.000000000,1.000000000,3.149173021,180.434323078,0.000000000,-2.774265289,8.500000000,2.500000000,-2.881228685,-165.082243484,0.000000000,2.690469742,3.000000000,0.800000012,-0.194361687,-11.136104347,0.000000000,0.431063026,1.200000048,0.200000003,0.870713234,49.888193471,0.000000000,0.000140856,0.100000001,0.020000000
2026-07-04 17:53:21.073,1783158801.073867559,123.979956605,1,1,123.967505477,1,0.008697352,5,1,0.005800902,5,1,0,1,0,0,1,1,1,0,1,0,-1.000000000,0.000000000,0.000000000,0.000000000,0,-1.000000000,0,0,0,,0,-1.000000000,,0,0,0.000000000,0.000000000,0,-1.000000000,0,,0,-1.000000000,,0,-1.000000000,0,,1,-0.063187219,-3.620360979,-0.007326126,0.085470200,1,3.111025095,178.248607902,0.002442360,-2.468376160,1,-2.880847216,-165.060386879,-0.002442360,2.687179565,1,-0.193217278,-11.070534531,-0.007326126,0.422466278,1,0.870329857,49.866227583,-0.036628723,-0.003663063,-0.012833213,-0.735288967,0.000000000,-0.000000000,2.000000000,1.000000000,3.149173021,180.434323078,0.000000000,-2.774265289,8.500000000,2.500000000,-2.881228685,-165.082243484,0.000000000,2.690469742,3.000000000,0.800000012,-0.194361687,-11.136104347,0.000000000,0.431063026,1.200000048,0.200000003,0.870713234,49.888193471,0.000000000,0.000140856,0.100000001,0.020000000
2026-07-04 17:53:22.073,1783158802.073668718,124.979757645,1,1,124.967306517,1,0.008797698,5,1,0.005746740,5,1,0,1,0,0,1,1,1,0,1,0,-1.000000000,0.000000000,0.000000000,0.000000000,0,-1.000000000,0,0,0,,0,-1.000000000,,0,0,0.000000000,0.000000000,0,-1.000000000,0,,0,-1.000000000,,0,-1.000000000,0,,1,-0.063187219,-3.620360979,-0.007326126,0.085470200,1,3.111025095,178.248607902,-0.002442360,-2.468376160,1,-2.880847216,-165.060386879,-0.002442360,2.673503876,1,-0.193217278,-11.070534531,-0.007326126,0.422466278,1,0.870329857,49.866227583,0.012210846,-0.001221180,-0.012833213,-0.735288967,0.000000000,-0.000000000,2.000000000,1.000000000,3.149173021,180.434323078,0.000000000,-2.774265289,8.500000000,2.500000000,-2.881228685,-165.082243484,0.000000000,2.690469742,3.000000000,0.800000012,-0.194361687,-11.136104347,0.000000000,0.431063026,1.200000048,0.200000003,0.870713234,49.888193471,0.000000000,0.000140856,0.100000001,0.020000000
2026-07-04 17:53:23.073,1783158803.073503494,125.979592537,1,1,125.967141409,1,0.008659499,5,1,0.005807853,5,1,0,1,0,0,1,1,1,0,1,0,-1.000000000,0.000000000,0.000000000,0.000000000,0,-1.000000000,0,0,0,,0,-1.000000000,,0,0,0.000000000,0.000000000,0,-1.000000000,0,,0,-1.000000000,,0,-1.000000000,0,,1,-0.063187219,-3.620360979,-0.021978378,0.085470200,1,3.111025095,178.248607902,-0.002442360,-2.468376160,1,-2.880847216,-165.060386879,-0.002442360,2.673503876,1,-0.193598747,-11.092391137,-0.007326126,0.422466278,1,0.870329857,49.866227583,-0.012210846,-0.003663063,-0.012833213,-0.735288967,0.000000000,-0.000000000,2.000000000,1.000000000,3.149173021,180.434323078,0.000000000,-2.774265289,8.500000000,2.500000000,-2.881228685,-165.082243484,0.000000000,2.690469742,3.000000000,0.800000012,-0.194361687,-11.136104347,0.000000000,0.431063026,1.200000048,0.200000003,0.870713234,49.888193471,0.000000000,0.000140856,0.100000001,0.020000000
2026-07-04 17:53:24.073,1783158804.073292732,126.979381723,1,1,126.966930595,1,0.008774590,5,1,0.005828123,5,1,0,1,0,0,1,1,1,0,1,0,-1.000000000,0.000000000,0.000000000,0.000000000,0,-1.000000000,0,0,0,,0,-1.000000000,,0,0,0.000000000,0.000000000,0,-1.000000000,0,,0,-1.000000000,,0,-1.000000000,0,,1,-0.063187219,-3.620360979,-0.007326126,0.085470200,1,3.111025095,178.248607902,-0.002442360,-2.468376160,1,-2.880847216,-165.060386879,-0.002442360,2.687179565,1,-0.193217278,-11.070534531,-0.007326126,0.422466278,1,0.870329857,49.866227583,-0.012210846,-0.001221180,-0.012833213,-0.735288967,0.000000000,-0.000000000,2.000000000,1.000000000,3.149173021,180.434323078,0.000000000,-2.774265289,8.500000000,2.500000000,-2.881228685,-165.082243484,0.000000000,2.690469742,3.000000000,0.800000012,-0.194361687,-11.136104347,0.000000000,0.431063026,1.200000048,0.200000003,0.870713234,49.888193471,0.000000000,0.000140856,0.100000001,0.020000000
2026-07-04 17:53:25.073,1783158805.073200464,127.979289385,1,1,127.966838257,1,0.008453465,5,1,0.005392575,5,1,0,1,0,0,1,1,1,0,1,0,-1.000000000,0.000000000,0.000000000,0.000000000,0,-1.000000000,0,0,0,,0,-1.000000000,,0,0,0.000000000,0.000000000,0,-1.000000000,0,,0,-1.000000000,,0,-1.000000000,0,,1,-0.063187219,-3.620360979,-0.021978378,0.085470200,1,3.111025095,178.248607902,-0.007326126,-2.482051849,1,-2.880847216,-165.060386879,-0.002442360,2.673503876,1,-0.193217278,-11.070534531,-0.007326126,0.422466278,1,0.870329857,49.866227583,-0.012210846,-0.001221180,-0.012833213,-0.735288967,0.000000000,-0.000000000,2.000000000,1.000000000,3.149173021,180.434323078,0.000000000,-2.774265289,8.500000000,2.500000000,-2.881228685,-165.082243484,0.000000000,2.690469742,3.000000000,0.800000012,-0.194361687,-11.136104347,0.000000000,0.431063026,1.200000048,0.200000003,0.870713234,49.888193471,0.000000000,0.000140856,0.100000001,0.020000000
2026-07-04 17:53:26.073,1783158806.073013306,128.979102184,1,1,128.966651056,1,0.008145912,5,1,0.005765885,5,1,0,1,0,0,1,1,1,0,1,0,-1.000000000,0.000000000,0.000000000,0.000000000,0,-1.000000000,0,0,0,,0,-1.000000000,,0,0,0.000000000,0.000000000,0,-1.000000000,0,,0,-1.000000000,,0,-1.000000000,0,,1,-0.063187219,-3.620360979,-0.007326126,0.085470200,1,3.111025095,178.248607902,-0.002442360,-2.468376160,1,-2.880847216,-165.060386879,-0.002442360,2.673503876,1,-0.193598747,-11.092391137,0.007326126,0.422466278,1,0.870329857,49.866227583,-0.012210846,-0.003663063,-0.012833213,-0.735288967,0.000000000,-0.000000000,2.000000000,1.000000000,3.149173021,180.434323078,0.000000000,-2.774265289,8.500000000,2.500000000,-2.881228685,-165.082243484,0.000000000,2.690469742,3.000000000,0.800000012,-0.194361687,-11.136104347,0.000000000,0.431063026,1.200000048,0.200000003,0.870713234,49.888193471,0.000000000,0.000140856,0.100000001,0.020000000
2026-07-04 17:53:27.072,1783158807.072792530,129.978881565,1,1,129.966430437,1,0.008441539,5,1,0.005764211,5,1,0,1,0,0,1,1,1,0,1,0,-1.000000000,0.000000000,0.000000000,0.000000000,0,-1.000000000,0,0,0,,0,-1.000000000,,0,0,0.000000000,0.000000000,0,-1.000000000,0,,0,-1.000000000,,0,-1.000000000,0,,1,-0.063187219,-3.620360979,-0.007326126,0.085470200,1,3.111025095,178.248607902,-0.002442360,-2.482051849,1,-2.880847216,-165.060386879,-0.007326126,2.673503876,1,-0.193217278,-11.070534531,-0.007326126,0.422466278,1,0.870329857,49.866227583,0.012210846,-0.003663063,-0.012833213,-0.735288967,0.000000000,-0.000000000,2.000000000,1.000000000,3.149173021,180.434323078,0.000000000,-2.774265289,8.500000000,2.500000000,-2.881228685,-165.082243484,0.000000000,2.690469742,3.000000000,0.800000012,-0.194361687,-11.136104347,0.000000000,0.431063026,1.200000048,0.200000003,0.870713234,49.888193471,0.000000000,0.000140856,0.100000001,0.020000000
2026-07-04 17:53:28.072,1783158808.072548628,130.978637693,1,1,130.966186565,1,0.008891258,5,1,0.005771218,5,1,0,1,0,0,1,1,1,0,1,0,-1.000000000,0.000000000,0.000000000,0.000000000,0,-1.000000000,0,0,0,,0,-1.000000000,,0,0,0.000000000,0.000000000,0,-1.000000000,0,,0,-1.000000000,,0,-1.000000000,0,,1,-0.063187219,-3.620360979,-0.007326126,0.085470200,1,3.111025095,178.248607902,-0.002442360,-2.482051849,1,-2.880847216,-165.060386879,-0.002442360,2.687179565,1,-0.193598747,-11.092391137,-0.007326126,0.422466278,1,0.870329857,49.866227583,0.012210846,-0.003663063,-0.012833213,-0.735288967,0.000000000,-0.000000000,2.000000000,1.000000000,3.149173021,180.434323078,0.000000000,-2.774265289,8.500000000,2.500000000,-2.881228685,-165.082243484,0.000000000,2.690469742,3.000000000,0.800000012,-0.194361687,-11.136104347,0.000000000,0.431063026,1.200000048,0.200000003,0.870713234,49.888193471,0.000000000,0.000140856,0.100000001,0.020000000
2026-07-04 17:53:29.072,1783158809.072357893,131.978446830,1,1,131.965995702,1,0.008722135,5,1,0.005754916,5,1,0,1,0,0,1,1,1,0,1,0,-1.000000000,0.000000000,0.000000000,0.000000000,0,-1.000000000,0,0,0,,0,-1.000000000,,0,0,0.000000000,0.000000000,0,-1.000000000,0,,0,-1.000000000,,0,-1.000000000,0,,1,-0.063187219,-3.620360979,-0.021978378,0.085470200,1,3.111025095,178.248607902,-0.002442360,-2.468376160,1,-2.880847216,-165.060386879,-0.002442360,2.673503876,1,-0.193217278,-11.070534531,-0.007326126,0.422466278,1,0.870329857,49.866227583,0.012210846,-0.003663063,-0.012833213,-0.735288967,0.000000000,-0.000000000,2.000000000,1.000000000,3.149173021,180.434323078,0.000000000,-2.774265289,8.500000000,2.500000000,-2.881228685,-165.082243484,0.000000000,2.690469742,3.000000000,0.800000012,-0.194361687,-11.136104347,0.000000000,0.431063026,1.200000048,0.200000003,0.870713234,49.888193471,0.000000000,0.000140856,0.100000001,0.020000000
2026-07-04 17:53:30.072,1783158810.072179556,132.978268395,1,1,132.965817267,1,0.008695896,5,1,0.005847593,5,1,0,1,0,0,1,1,1,0,1,0,-1.000000000,0.000000000,0.000000000,0.000000000,0,-1.000000000,0,0,0,,0,-1.000000000,,0,0,0.000000000,0.000000000,0,-1.000000000,0,,0,-1.000000000,,0,-1.000000000,0,,1,-0.063187219,-3.620360979,-0.007326126,0.090353966,1,3.111025095,178.248607902,-0.002442360,-2.468376160,1,-2.880847216,-165.060386879,-0.007326126,2.687179565,1,-0.193598747,-11.092391137,-0.021978378,0.422466278,1,0.870713234,49.888193471,0.036628723,-0.003663063,-0.012833213,-0.735288967,0.000000000,-0.000000000,2.000000000,1.000000000,3.149173021,180.434323078,0.000000000,-2.774265289,8.500000000,2.500000000,-2.881228685,-165.082243484,0.000000000,2.690469742,3.000000000,0.800000012,-0.194361687,-11.136104347,0.000000000,0.431063026,1.200000048,0.200000003,0.870713234,49.888193471,0.000000000,0.000140856,0.100000001,0.020000000
2026-07-04 17:53:31.072,1783158811.072004080,133.978093186,1,1,133.965642058,1,0.008612267,5,1,0.005734596,5,1,0,1,0,0,1,1,1,0,1,0,-1.000000000,0.000000000,0.000000000,0.000000000,0,-1.000000000,0,0,0,,0,-1.000000000,,0,0,0.000000000,0.000000000,0,-1.000000000,0,,0,-1.000000000,,0,-1.000000000,0,,1,-0.063187219,-3.620360979,-0.007326126,0.085470200,1,3.111025095,178.248607902,-0.002442360,-2.482051849,1,-2.880847216,-165.060386879,-0.002442360,2.687179565,1,-0.193217278,-11.070534531,-0.007326126,0.422466278,1,0.870329857,49.866227583,-0.012210846,-0.003663063,-0.012833213,-0.735288967,0.000000000,-0.000000000,2.000000000,1.000000000,3.149173021,180.434323078,0.000000000,-2.774265289,8.500000000,2.500000000,-2.881228685,-165.082243484,0.000000000,2.690469742,3.000000000,0.800000012,-0.194361687,-11.136104347,0.000000000,0.431063026,1.200000048,0.200000003,0.870713234,49.888193471,0.000000000,0.000140856,0.100000001,0.020000000
2026-07-04 17:53:32.071,1783158812.071838140,134.977927070,1,1,134.965475942,1,0.008323364,5,1,0.005571793,5,1,0,1,0,0,1,1,1,0,1,0,-1.000000000,0.000000000,0.000000000,0.000000000,0,-1.000000000,0,0,0,,0,-1.000000000,,0,0,0.000000000,0.000000000,0,-1.000000000,0,,0,-1.000000000,,0,-1.000000000,0,,1,-0.063187219,-3.620360979,-0.021978378,0.085470200,1,3.111025095,178.248607902,0.002442360,-2.468376160,1,-2.880847216,-165.060386879,-0.002442360,2.673503876,1,-0.193217278,-11.070534531,0.007326126,0.422466278,1,0.870329857,49.866227583,-0.012210846,-0.003663063,-0.012833213,-0.735288967,0.000000000,-0.000000000,2.000000000,1.000000000,3.149173021,180.434323078,0.000000000,-2.774265289,8.500000000,2.500000000,-2.881228685,-165.082243484,0.000000000,2.690469742,3.000000000,0.800000012,-0.194361687,-11.136104347,0.000000000,0.431063026,1.200000048,0.200000003,0.870713234,49.888193471,0.000000000,0.000140856,0.100000001,0.020000000
2026-07-04 17:53:33.071,1783158813.071757317,135.977846346,1,1,135.965395218,1,0.008258319,5,1,0.005696493,5,1,0,1,0,0,1,1,1,0,1,0,-1.000000000,0.000000000,0.000000000,0.000000000,0,-1.000000000,0,0,0,,0,-1.000000000,,0,0,0.000000000,0.000000000,0,-1.000000000,0,,0,-1.000000000,,0,-1.000000000,0,,1,-0.063187219,-3.620360979,-0.007326126,0.085470200,1,3.111025095,178.248607902,-0.002442360,-2.468376160,1,-2.880847216,-165.060386879,-0.007326126,2.673503876,1,-0.193217278,-11.070534531,0.007326126,0.422466278,1,0.870329857,49.866227583,0.012210846,-0.001221180,-0.012833213,-0.735288967,0.000000000,-0.000000000,2.000000000,1.000000000,3.149173021,180.434323078,0.000000000,-2.774265289,8.500000000,2.500000000,-2.881228685,-165.082243484,0.000000000,2.690469742,3.000000000,0.800000012,-0.194361687,-11.136104347,0.000000000,0.431063026,1.200000048,0.200000003,0.870713234,49.888193471,0.000000000,0.000140856,0.100000001,0.020000000
2026-07-04 17:53:34.071,1783158814.071429014,136.977518100,1,1,136.965066972,1,0.008828570,5,1,0.005832964,5,1,0,1,0,0,1,1,1,0,1,0,-1.000000000,0.000000000,0.000000000,0.000000000,0,-1.000000000,0,0,0,,0,-1.000000000,,0,0,0.000000000,0.000000000,0,-1.000000000,0,,0,-1.000000000,,0,-1.000000000,0,,1,-0.063187219,-3.620360979,-0.007326126,0.090353966,1,3.111025095,178.248607902,-0.002442360,-2.468376160,1,-2.880847216,-165.060386879,-0.002442360,2.673503876,1,-0.193217278,-11.070534531,-0.007326126,0.422466278,1,0.870329857,49.866227583,0.036628723,-0.001221180,-0.012833213,-0.735288967,0.000000000,-0.000000000,2.000000000,1.000000000,3.149173021,180.434323078,0.000000000,-2.774265289,8.500000000,2.500000000,-2.881228685,-165.082243484,0.000000000,2.690469742,3.000000000,0.800000012,-0.194361687,-11.136104347,0.000000000,0.431063026,1.200000048,0.200000003,0.870713234,49.888193471,0.000000000,0.000140856,0.100000001,0.020000000
2026-07-04 17:53:35.071,1783158815.071245670,137.977334569,1,1,137.964883441,1,0.008634635,5,1,0.005763983,5,1,0,1,0,0,1,1,1,0,1,0,-1.000000000,0.000000000,0.000000000,0.000000000,0,-1.000000000,0,0,0,,0,-1.000000000,,0,0,0.000000000,0.000000000,0,-1.000000000,0,,0,-1.000000000,,0,-1.000000000,0,,1,-0.063187219,-3.620360979,-0.007326126,0.085470200,1,3.111025095,178.248607902,0.002442360,-2.468376160,1,-2.880847216,-165.060386879,-0.002442360,2.673503876,1,-0.193598747,-11.092391137,-0.021978378,0.422466278,1,0.870329857,49.866227583,0.012210846,-0.003663063,-0.012833213,-0.735288967,0.000000000,-0.000000000,2.000000000,1.000000000,3.149173021,180.434323078,0.000000000,-2.774265289,8.500000000,2.500000000,-2.881228685,-165.082243484,0.000000000,2.690469742,3.000000000,0.800000012,-0.194361687,-11.136104347,0.000000000,0.431063026,1.200000048,0.200000003,0.870713234,49.888193471,0.000000000,0.000140856,0.100000001,0.020000000
2026-07-04 17:53:36.071,1783158816.071073055,138.977161951,1,1,138.964710823,1,0.008542153,5,1,0.005742909,5,1,0,1,0,0,1,1,1,0,1,0,-1.000000000,0.000000000,0.000000000,0.000000000,0,-1.000000000,0,0,0,,0,-1.000000000,,0,0,0.000000000,0.000000000,0,-1.000000000,0,,0,-1.000000000,,0,-1.000000000,0,,1,-0.063187219,-3.620360979,-0.021978378,0.085470200,1,3.111025095,178.248607902,0.002442360,-2.482051849,1,-2.880847216,-165.060386879,-0.002442360,2.673503876,1,-0.193217278,-11.070534531,-0.007326126,0.422466278,1,0.870329857,49.866227583,-0.012210846,-0.003663063,-0.012833213,-0.735288967,0.000000000,-0.000000000,2.000000000,1.000000000,3.149173021,180.434323078,0.000000000,-2.774265289,8.500000000,2.500000000,-2.881228685,-165.082243484,0.000000000,2.690469742,3.000000000,0.800000012,-0.194361687,-11.136104347,0.000000000,0.431063026,1.200000048,0.200000003,0.870713234,49.888193471,0.000000000,0.000140856,0.100000001,0.020000000
2026-07-04 17:53:37.071,1783158817.070998192,139.977087257,1,1,139.964636129,1,0.008668299,5,1,0.005739277,5,1,0,1,0,0,1,1,1,0,1,0,-1.000000000,0.000000000,0.000000000,0.000000000,0,-1.000000000,0,0,0,,0,-1.000000000,,0,0,0.000000000,0.000000000,0,-1.000000000,0,,0,-1.000000000,,0,-1.000000000,0,,1,-0.063187219,-3.620360979,-0.007326126,0.080586433,1,3.111025095,178.248607902,-0.002442360,-2.468376160,1,-2.880847216,-165.060386879,-0.002442360,2.673503876,1,-0.193217278,-11.070534531,-0.021978378,0.422466278,1,0.870329857,49.866227583,-0.012210846,-0.003663063,-0.012833213,-0.735288967,0.000000000,-0.000000000,2.000000000,1.000000000,3.149173021,180.434323078,0.000000000,-2.774265289,8.500000000,2.500000000,-2.881228685,-165.082243484,0.000000000,2.690469742,3.000000000,0.800000012,-0.194361687,-11.136104347,0.000000000,0.431063026,1.200000048,0.200000003,0.870713234,49.888193471,0.000000000,0.000140856,0.100000001,0.020000000
2026-07-04 17:53:38.070,1783158818.070771456,140.976860407,1,1,140.964409279,1,0.008231144,5,1,0.005734530,5,1,0,1,0,0,1,1,1,0,1,0,-1.000000000,0.000000000,0.000000000,0.000000000,0,-1.000000000,0,0,0,,0,-1.000000000,,0,0,0.000000000,0.000000000,0,-1.000000000,0,,0,-1.000000000,,0,-1.000000000,0,,1,-0.063187219,-3.620360979,-0.007326126,0.085470200,1,3.111025095,178.248607902,-0.002442360,-2.482051849,1,-2.880847216,-165.060386879,-0.002442360,2.673503876,1,-0.193217278,-11.070534531,-0.007326126,0.422466278,1,0.870329857,49.866227583,-0.012210846,-0.003663063,-0.012833213,-0.735288967,0.000000000,-0.000000000,2.000000000,1.000000000,3.149173021,180.434323078,0.000000000,-2.774265289,8.500000000,2.500000000,-2.881228685,-165.082243484,0.000000000,2.690469742,3.000000000,0.800000012,-0.194361687,-11.136104347,0.000000000,0.431063026,1.200000048,0.200000003,0.870713234,49.888193471,0.000000000,0.000140856,0.100000001,0.020000000
2026-07-04 17:53:39.070,1783158819.070534229,141.976623079,1,1,141.964171951,1,0.008846953,5,1,0.005710828,5,1,0,1,0,0,1,1,1,0,1,0,-1.000000000,0.000000000,0.000000000,0.000000000,0,-1.000000000,0,0,0,,0,-1.000000000,,0,0,0.000000000,0.000000000,0,-1.000000000,0,,0,-1.000000000,,0,-1.000000000,0,,1,-0.063187219,-3.620360979,-0.021978378,0.085470200,1,3.111025095,178.248607902,-0.002442360,-2.482051849,1,-2.880847216,-165.060386879,-0.007326126,2.673503876,1,-0.193217278,-11.070534531,0.007326126,0.422466278,1,0.870329857,49.866227583,0.012210846,-0.003663063,-0.012833213,-0.735288967,0.000000000,-0.000000000,2.000000000,1.000000000,3.149173021,180.434323078,0.000000000,-2.774265289,8.500000000,2.500000000,-2.881228685,-165.082243484,0.000000000,2.690469742,3.000000000,0.800000012,-0.194361687,-11.136104347,0.000000000,0.431063026,1.200000048,0.200000003,0.870713234,49.888193471,0.000000000,0.000140856,0.100000001,0.020000000
2026-07-04 17:53:40.070,1783158820.070341110,142.976430120,1,1,142.963978992,1,0.008829629,5,1,0.005775060,5,1,0,1,0,0,1,1,1,0,1,0,-1.000000000,0.000000000,0.000000000,0.000000000,0,-1.000000000,0,0,0,,0,-1.000000000,,0,0,0.000000000,0.000000000,0,-1.000000000,0,,0,-1.000000000,,0,-1.000000000,0,,1,-0.063187219,-3.620360979,-0.007326126,0.085470200,1,3.111025095,178.248607902,-0.002442360,-2.468376160,1,-2.880847216,-165.060386879,0.002442360,2.673503876,1,-0.193217278,-11.070534531,-0.007326126,0.422466278,1,0.870329857,49.866227583,0.012210846,-0.003663063,-0.012833213,-0.735288967,0.000000000,-0.000000000,2.000000000,1.000000000,3.149173021,180.434323078,0.000000000,-2.774265289,8.500000000,2.500000000,-2.881228685,-165.082243484,0.000000000,2.690469742,3.000000000,0.800000012,-0.194361687,-11.136104347,0.000000000,0.431063026,1.200000048,0.200000003,0.870713234,49.888193471,0.000000000,0.000140856,0.100000001,0.020000000
2026-07-04 17:53:41.070,1783158821.070153236,143.976242265,1,1,143.963791137,1,0.008937708,5,1,0.005832313,5,1,0,1,0,0,1,1,1,0,1,0,-1.000000000,0.000000000,0.000000000,0.000000000,0,-1.000000000,0,0,0,,0,-1.000000000,,0,0,0.000000000,0.000000000,0,-1.000000000,0,,0,-1.000000000,,0,-1.000000000,0,,1,-0.063187219,-3.620360979,-0.007326126,0.085470200,1,3.111025095,178.248607902,-0.002442360,-2.482051849,1,-2.880847216,-165.060386879,-0.002442360,2.687179565,1,-0.193598747,-11.092391137,-0.007326126,0.422466278,1,0.870329857,49.866227583,-0.061050415,-0.003663063,-0.012833213,-0.735288967,0.000000000,-0.000000000,2.000000000,1.000000000,3.149173021,180.434323078,0.000000000,-2.774265289,8.500000000,2.500000000,-2.881228685,-165.082243484,0.000000000,2.690469742,3.000000000,0.800000012,-0.194361687,-11.136104347,0.000000000,0.431063026,1.200000048,0.200000003,0.870713234,49.888193471,0.000000000,0.000140856,0.100000001,0.020000000
2026-07-04 17:53:42.070,1783158822.070112228,144.976201181,1,1,144.963750053,1,0.008485043,5,1,0.005404116,5,1,0,1,0,0,1,1,1,0,1,0,-1.000000000,0.000000000,0.000000000,0.000000000,0,-1.000000000,0,0,0,,0,-1.000000000,,0,0,0.000000000,0.000000000,0,-1.000000000,0,,0,-1.000000000,,0,-1.000000000,0,,1,-0.063187219,-3.620360979,-0.007326126,0.090353966,1,3.111025095,178.248607902,-0.002442360,-2.482051849,1,-2.880847216,-165.060386879,-0.002442360,2.673503876,0,-0.193598747,-11.092391137,-0.007326126,0.422466278,1,0.870329857,49.866227583,-0.012210846,-0.003663063,-0.012833213,-0.735288967,0.000000000,-0.000000000,2.000000000,1.000000000,3.149173021,180.434323078,0.000000000,-2.774265289,8.500000000,2.500000000,-2.881228685,-165.082243484,0.000000000,2.690469742,3.000000000,0.800000012,-0.194361687,-11.136104347,0.000000000,0.431063026,1.200000048,0.200000003,0.870713234,49.888193471,0.000000000,0.000140856,0.100000001,0.020000000
2026-07-04 17:53:43.069,1783158823.069848537,145.975937610,1,1,145.963486482,1,0.008621821,5,1,0.005673619,5,1,0,1,0,0,1,1,1,0,1,0,-1.000000000,0.000000000,0.000000000,0.000000000,0,-1.000000000,0,0,0,,0,-1.000000000,,0,0,0.000000000,0.000000000,0,-1.000000000,0,,0,-1.000000000,,0,-1.000000000,0,,1,-0.063187219,-3.620360979,-0.007326126,0.085470200,1,3.111025095,178.248607902,-0.002442360,-2.468376160,1,-2.880847216,-165.060386879,-0.002442360,2.673503876,1,-0.193217278,-11.070534531,-0.007326126,0.422466278,1,0.870329857,49.866227583,-0.085468292,-0.003663063,-0.012833213,-0.735288967,0.000000000,-0.000000000,2.000000000,1.000000000,3.149173021,180.434323078,0.000000000,-2.774265289,8.500000000,2.500000000,-2.881228685,-165.082243484,0.000000000,2.690469742,3.000000000,0.800000012,-0.194361687,-11.136104347,0.000000000,0.431063026,1.200000048,0.200000003,0.870713234,49.888193471,0.000000000,0.000140856,0.100000001,0.020000000
2026-07-04 17:53:44.069,1783158824.069679499,146.975768679,1,1,146.963317551,1,0.008667940,5,1,0.005803956,5,1,0,1,0,0,1,1,1,0,1,0,-1.000000000,0.000000000,0.000000000,0.000000000,0,-1.000000000,0,0,0,,0,-1.000000000,,0,0,0.000000000,0.000000000,0,-1.000000000,0,,0,-1.000000000,,0,-1.000000000,0,,1,-0.063187219,-3.620360979,-0.021978378,0.085470200,1,3.111025095,178.248607902,-0.002442360,-2.482051849,1,-2.880847216,-165.060386879,-0.002442360,2.673503876,1,-0.193598747,-11.092391137,-0.007326126,0.422466278,1,0.870329857,49.866227583,-0.012210846,-0.003663063,-0.012833213,-0.735288967,0.000000000,-0.000000000,2.000000000,1.000000000,3.149173021,180.434323078,0.000000000,-2.774265289,8.500000000,2.500000000,-2.881228685,-165.082243484,0.000000000,2.690469742,3.000000000,0.800000012,-0.194361687,-11.136104347,0.000000000,0.431063026,1.200000048,0.200000003,0.870713234,49.888193471,0.000000000,0.000140856,0.100000001,0.020000000
2026-07-04 17:53:45.069,1783158825.069435358,147.975524353,1,1,147.963073225,1,0.008851157,5,1,0.005812817,5,1,0,1,0,0,1,1,1,0,1,0,-1.000000000,0.000000000,0.000000000,0.000000000,0,-1.000000000,0,0,0,,0,-1.000000000,,0,0,0.000000000,0.000000000,0,-1.000000000,0,,0,-1.000000000,,0,-1.000000000,0,,1,-0.063187219,-3.620360979,-0.007326126,0.090353966,1,3.111025095,178.248607902,-0.007326126,-2.482051849,1,-2.880847216,-165.060386879,-0.002442360,2.687179565,1,-0.193217278,-11.070534531,-0.007326126,0.422466278,1,0.870329857,49.866227583,0.012210846,-0.001221180,-0.012833213,-0.735288967,0.000000000,-0.000000000,2.000000000,1.000000000,3.149173021,180.434323078,0.000000000,-2.774265289,8.500000000,2.500000000,-2.881228685,-165.082243484,0.000000000,2.690469742,3.000000000,0.800000012,-0.194361687,-11.136104347,0.000000000,0.431063026,1.200000048,0.200000003,0.870713234,49.888193471,0.000000000,0.000140856,0.100000001,0.020000000
2026-07-04 17:53:46.069,1783158826.069408178,148.975497339,1,1,148.963046211,1,0.008529066,5,1,0.005759446,5,1,0,1,0,0,1,1,1,0,1,0,-1.000000000,0.000000000,0.000000000,0.000000000,0,-1.000000000,0,0,0,,0,-1.000000000,,0,0,0.000000000,0.000000000,0,-1.000000000,0,,0,-1.000000000,,0,-1.000000000,0,,1,-0.063187219,-3.620360979,0.007326126,0.085470200,1,3.111025095,178.248607902,-0.002442360,-2.482051849,1,-2.880847216,-165.060386879,-0.002442360,2.673503876,1,-0.193598747,-11.092391137,-0.021978378,0.422466278,1,0.870329857,49.866227583,-0.036628723,-0.003663063,-0.012833213,-0.735288967,0.000000000,-0.000000000,2.000000000,1.000000000,3.149173021,180.434323078,0.000000000,-2.774265289,8.500000000,2.500000000,-2.881228685,-165.082243484,0.000000000,2.690469742,3.000000000,0.800000012,-0.194361687,-11.136104347,0.000000000,0.431063026,1.200000048,0.200000003,0.870713234,49.888193471,0.000000000,0.000140856,0.100000001,0.020000000
2026-07-04 17:53:47.069,1783158827.069077492,149.975166465,1,1,149.962715337,1,0.008497627,5,1,0.005719107,5,1,0,1,0,0,1,1,1,0,1,0,-1.000000000,0.000000000,0.000000000,0.000000000,0,-1.000000000,0,0,0,,0,-1.000000000,,0,0,0.000000000,0.000000000,0,-1.000000000,0,,0,-1.000000000,,0,-1.000000000,0,,1,-0.063187219,-3.620360979,0.007326126,0.085470200,1,3.111025095,178.248607902,-0.002442360,-2.482051849,1,-2.880847216,-165.060386879,0.002442360,2.673503876,1,-0.193598747,-11.092391137,-0.007326126,0.422466278,1,0.870329857,49.866227583,0.012210846,-0.003663063,-0.012833213,-0.735288967,0.000000000,-0.000000000,2.000000000,1.000000000,3.149173021,180.434323078,0.000000000,-2.774265289,8.500000000,2.500000000,-2.881228685,-165.082243484,0.000000000,2.690469742,3.000000000,0.800000012,-0.194361687,-11.136104347,0.000000000,0.431063026,1.200000048,0.200000003,0.870713234,49.888193471,0.000000000,0.000140856,0.100000001,0.020000000
2026-07-04 17:53:48.069,1783158828.068932533,150.975021602,1,1,150.962570474,1,0.008753731,5,1,0.005649941,5,1,0,1,0,0,1,1,1,0,1,0,-1.000000000,0.000000000,0.000000000,0.000000000,0,-1.000000000,0,0,0,,0,-1.000000000,,0,0,0.000000000,0.000000000,0,-1.000000000,0,,0,-1.000000000,,0,-1.000000000,0,,1,-0.063187219,-3.620360979,0.007326126,0.085470200,1,3.111025095,178.248607902,-0.002442360,-2.482051849,1,-2.880847216,-165.060386879,-0.002442360,2.673503876,1,-0.193217278,-11.070534531,0.007326126,0.422466278,1,0.870329857,49.866227583,-0.012210846,-0.003663063,-0.012833213,-0.735288967,0.000000000,-0.000000000,2.000000000,1.000000000,3.149173021,180.434323078,0.000000000,-2.774265289,8.500000000,2.500000000,-2.881228685,-165.082243484,0.000000000,2.690469742,3.000000000,0.800000012,-0.194361687,-11.136104347,0.000000000,0.431063026,1.200000048,0.200000003,0.870713234,49.888193471,0.000000000,0.000140856,0.100000001,0.020000000
2026-07-04 17:53:49.068,1783158829.068726301,151.974815137,1,1,151.962364009,1,0.008709238,5,1,0.005702956,5,1,0,1,0,0,1,1,1,0,1,0,-1.000000000,0.000000000,0.000000000,0.000000000,0,-1.000000000,0,0,0,,0,-1.000000000,,0,0,0.000000000,0.000000000,0,-1.000000000,0,,0,-1.000000000,,0,-1.000000000,0,,1,-0.063187219,-3.620360979,-0.007326126,0.085470200,1,3.111025095,178.248607902,-0.002442360,-2.468376160,1,-2.880847216,-165.060386879,-0.002442360,2.673503876,1,-0.193217278,-11.070534531,-0.007326126,0.422466278,1,0.870329857,49.866227583,-0.012210846,-0.003663063,-0.012833213,-0.735288967,0.000000000,-0.000000000,2.000000000,1.000000000,3.149173021,180.434323078,0.000000000,-2.774265289,8.500000000,2.500000000,-2.881228685,-165.082243484,0.000000000,2.690469742,3.000000000,0.800000012,-0.194361687,-11.136104347,0.000000000,0.431063026,1.200000048,0.200000003,0.870713234,49.888193471,0.000000000,0.000140856,0.100000001,0.020000000
2026-07-04 17:53:50.068,1783158830.068559885,152.974648817,1,1,152.962197689,1,0.008957749,5,1,0.005830838,5,1,0,1,0,0,1,1,1,0,1,0,-1.000000000,0.000000000,0.000000000,0.000000000,0,-1.000000000,0,0,0,,0,-1.000000000,,0,0,0.000000000,0.000000000,0,-1.000000000,0,,0,-1.000000000,,0,-1.000000000,0,,1,-0.063187219,-3.620360979,-0.007326126,0.085470200,1,3.111025095,178.248607902,-0.002442360,-2.468376160,1,-2.880847216,-165.060386879,-0.002442360,2.673503876,1,-0.193598747,-11.092391137,-0.021978378,0.422466278,1,0.870329857,49.866227583,-0.012210846,-0.003663063,-0.012833213,-0.735288967,0.000000000,-0.000000000,2.000000000,1.000000000,3.149173021,180.434323078,0.000000000,-2.774265289,8.500000000,2.500000000,-2.881228685,-165.082243484,0.000000000,2.690469742,3.000000000,0.800000012,-0.194361687,-11.136104347,0.000000000,0.431063026,1.200000048,0.200000003,0.870713234,49.888193471,0.000000000,0.000140856,0.100000001,0.020000000
2026-07-04 17:53:51.068,1783158831.068457365,153.974546446,1,1,153.962095318,1,0.008691749,5,1,0.005691746,5,1,0,1,0,0,1,1,1,0,1,0,-1.000000000,0.000000000,0.000000000,0.000000000,0,-1.000000000,0,0,0,,0,-1.000000000,,0,0,0.000000000,0.000000000,0,-1.000000000,0,,0,-1.000000000,,0,-1.000000000,0,,1,-0.063187219,-3.620360979,-0.007326126,0.090353966,1,3.111025095,178.248607902,-0.002442360,-2.468376160,1,-2.880847216,-165.060386879,-0.002442360,2.673503876,1,-0.193217278,-11.070534531,-0.007326126,0.422466278,1,0.870329857,49.866227583,-0.036628723,-0.003663063,-0.012833213,-0.735288967,0.000000000,-0.000000000,2.000000000,1.000000000,3.149173021,180.434323078,0.000000000,-2.774265289,8.500000000,2.500000000,-2.881228685,-165.082243484,0.000000000,2.690469742,3.000000000,0.800000012,-0.194361687,-11.136104347,0.000000000,0.431063026,1.200000048,0.200000003,0.870713234,49.888193471,0.000000000,0.000140856,0.100000001,0.020000000
2026-07-04 17:53:52.068,1783158832.068239450,154.974328415,1,1,154.961877287,1,0.008157551,5,1,0.005747089,5,1,0,1,0,0,1,1,1,0,1,0,-1.000000000,0.000000000,0.000000000,0.000000000,0,-1.000000000,0,0,0,,0,-1.000000000,,0,0,0.000000000,0.000000000,0,-1.000000000,0,,0,-1.000000000,,0,-1.000000000,0,,1,-0.063187219,-3.620360979,-0.007326126,0.085470200,1,3.111025095,178.248607902,-0.002442360,-2.482051849,1,-2.880847216,-165.060386879,-0.002442360,2.673503876,1,-0.193217278,-11.070534531,-0.007326126,0.422466278,1,0.870329857,49.866227583,0.012210846,-0.001221180,-0.012833213,-0.735288967,0.000000000,-0.000000000,2.000000000,1.000000000,3.149173021,180.434323078,0.000000000,-2.774265289,8.500000000,2.500000000,-2.881228685,-165.082243484,0.000000000,2.690469742,3.000000000,0.800000012,-0.194361687,-11.136104347,0.000000000,0.431063026,1.200000048,0.200000003,0.870713234,49.888193471,0.000000000,0.000140856,0.100000001,0.020000000
2026-07-04 17:53:53.068,1783158833.068047762,155.974136877,1,1,155.961685749,1,0.008765131,5,1,0.005733911,5,1,0,1,0,0,1,1,1,0,1,0,-1.000000000,0.000000000,0.000000000,0.000000000,0,-1.000000000,0,0,0,,0,-1.000000000,,0,0,0.000000000,0.000000000,0,-1.000000000,0,,0,-1.000000000,,0,-1.000000000,0,,1,-0.063187219,-3.620360979,-0.007326126,0.085470200,1,3.111025095,178.248607902,-0.002442360,-2.468376160,1,-2.880847216,-165.060386879,-0.007326126,2.687179565,1,-0.193217278,-11.070534531,-0.007326126,0.422466278,1,0.870329857,49.866227583,0.036628723,-0.003663063,-0.012833213,-0.735288967,0.000000000,-0.000000000,2.000000000,1.000000000,3.149173021,180.434323078,0.000000000,-2.774265289,8.500000000,2.500000000,-2.881228685,-165.082243484,0.000000000,2.690469742,3.000000000,0.800000012,-0.194361687,-11.136104347,0.000000000,0.431063026,1.200000048,0.200000003,0.870713234,49.888193471,0.000000000,0.000140856,0.100000001,0.020000000
2026-07-04 17:53:54.068,1783158834.067914009,156.974002850,1,1,156.961551722,1,0.008815021,5,1,0.005666019,5,1,0,1,0,0,1,1,1,0,1,0,-1.000000000,0.000000000,0.000000000,0.000000000,0,-1.000000000,0,0,0,,0,-1.000000000,,0,0,0.000000000,0.000000000,0,-1.000000000,0,,0,-1.000000000,,0,-1.000000000,0,,1,-0.063187219,-3.620360979,0.007326126,0.090353966,1,3.111025095,178.248607902,-0.002442360,-2.482051849,1,-2.880847216,-165.060386879,-0.007326126,2.673503876,1,-0.193217278,-11.070534531,0.007326126,0.422466278,1,0.870329857,49.866227583,-0.012210846,-0.003663063,-0.012833213,-0.735288967,0.000000000,-0.000000000,2.000000000,1.000000000,3.149173021,180.434323078,0.000000000,-2.774265289,8.500000000,2.500000000,-2.881228685,-165.082243484,0.000000000,2.690469742,3.000000000,0.800000012,-0.194361687,-11.136104347,0.000000000,0.431063026,1.200000048,0.200000003,0.870713234,49.888193471,0.000000000,0.000140856,0.100000001,0.020000000
2026-07-04 17:53:55.067,1783158835.067669868,157.973758793,1,1,157.961307665,1,0.008821950,5,1,0.005819858,5,1,0,1,0,0,1,1,1,0,1,0,-1.000000000,0.000000000,0.000000000,0.000000000,0,-1.000000000,0,0,0,,0,-1.000000000,,0,0,0.000000000,0.000000000,0,-1.000000000,0,,0,-1.000000000,,0,-1.000000000,0,,1,-0.063187219,-3.620360979,-0.021978378,0.085470200,1,3.111025095,178.248607902,-0.002442360,-2.468376160,1,-2.880847216,-165.060386879,-0.002442360,2.673503876,1,-0.193217278,-11.070534531,0.007326126,0.422466278,1,0.870329857,49.866227583,-0.036628723,-0.003663063,-0.012833213,-0.735288967,0.000000000,-0.000000000,2.000000000,1.000000000,3.149173021,180.434323078,0.000000000,-2.774265289,8.500000000,2.500000000,-2.881228685,-165.082243484,0.000000000,2.690469742,3.000000000,0.800000012,-0.194361687,-11.136104347,0.000000000,0.431063026,1.200000048,0.200000003,0.870713234,49.888193471,0.000000000,0.000140856,0.100000001,0.020000000
2026-07-04 17:53:56.067,1783158836.067507744,158.973596589,1,1,158.961145461,1,0.008614378,5,1,0.005776925,5,1,0,1,0,0,1,1,1,0,1,0,-1.000000000,0.000000000,0.000000000,0.000000000,0,-1.000000000,0,0,0,,0,-1.000000000,,0,0,0.000000000,0.000000000,0,-1.000000000,0,,0,-1.000000000,,0,-1.000000000,0,,1,-0.063187219,-3.620360979,-0.007326126,0.085470200,1,3.111025095,178.248607902,0.002442360,-2.495725632,1,-2.880847216,-165.060386879,-0.002442360,2.673503876,1,-0.193598747,-11.092391137,-0.007326126,0.422466278,1,0.870329857,49.866227583,-0.036628723,-0.003663063,-0.012833213,-0.735288967,0.000000000,-0.000000000,2.000000000,1.000000000,3.149173021,180.434323078,0.000000000,-2.774265289,8.500000000,2.500000000,-2.881228685,-165.082243484,0.000000000,2.690469742,3.000000000,0.800000012,-0.194361687,-11.136104347,0.000000000,0.431063026,1.200000048,0.200000003,0.870713234,49.888193471,0.000000000,0.000140856,0.100000001,0.020000000
2026-07-04 17:53:57.067,1783158837.067321777,159.973410870,1,1,159.960959742,1,0.008703095,5,1,0.005682325,5,1,0,1,0,0,1,1,1,0,1,0,-1.000000000,0.000000000,0.000000000,0.000000000,0,-1.000000000,0,0,0,,0,-1.000000000,,0,0,0.000000000,0.000000000,0,-1.000000000,0,,0,-1.000000000,,0,-1.000000000,0,,1,-0.063187219,-3.620360979,-0.007326126,0.085470200,1,3.111025095,178.248607902,-0.002442360,-2.482051849,1,-2.880847216,-165.060386879,-0.002442360,2.673503876,1,-0.193598747,-11.092391137,-0.021978378,0.422466278,1,0.870329857,49.866227583,-0.012210846,-0.003663063,-0.012833213,-0.735288967,0.000000000,-0.000000000,2.000000000,1.000000000,3.149173021,180.434323078,0.000000000,-2.774265289,8.500000000,2.500000000,-2.881228685,-165.082243484,0.000000000,2.690469742,3.000000000,0.800000012,-0.194361687,-11.136104347,0.000000000,0.431063026,1.200000048,0.200000003,0.870713234,49.888193471,0.000000000,0.000140856,0.100000001,0.020000000
2026-07-04 17:53:58.067,1783158838.067155123,160.973244202,1,1,160.960793074,1,0.008767069,5,1,0.005831405,5,1,0,1,0,0,1,1,1,0,1,0,-1.000000000,0.000000000,0.000000000,0.000000000,0,-1.000000000,0,0,0,,0,-1.000000000,,0,0,0.000000000,0.000000000,0,-1.000000000,0,,0,-1.000000000,,0,-1.000000000,0,,1,-0.063187219,-3.620360979,-0.021978378,0.085470200,1,3.111025095,178.248607902,-0.002442360,-2.468376160,1,-2.880847216,-165.060386879,-0.002442360,2.673503876,1,-0.193217278,-11.070534531,-0.021978378,0.422466278,1,0.870329857,49.866227583,-0.012210846,-0.003663063,-0.012833213,-0.735288967,0.000000000,-0.000000000,2.000000000,1.000000000,3.149173021,180.434323078,0.000000000,-2.774265289,8.500000000,2.500000000,-2.881228685,-165.082243484,0.000000000,2.690469742,3.000000000,0.800000012,-0.194361687,-11.136104347,0.000000000,0.431063026,1.200000048,0.200000003,0.870713234,49.888193471,0.000000000,0.000140856,0.100000001,0.020000000
2026-07-04 17:53:59.067,1783158839.066972733,161.973061642,1,1,161.960610514,1,0.008744197,5,1,0.005754177,5,1,0,1,0,0,1,1,1,0,1,0,-1.000000000,0.000000000,0.000000000,0.000000000,0,-1.000000000,0,0,0,,0,-1.000000000,,0,0,0.000000000,0.000000000,0,-1.000000000,0,,0,-1.000000000,,0,-1.000000000,0,,1,-0.063187219,-3.620360979,-0.007326126,0.085470200,1,3.111025095,178.248607902,-0.002442360,-2.468376160,1,-2.880847216,-165.060386879,-0.007326126,2.673503876,1,-0.193217278,-11.070534531,-0.021978378,0.422466278,1,0.870329857,49.866227583,-0.012210846,-0.003663063,-0.012833213,-0.735288967,0.000000000,-0.000000000,2.000000000,1.000000000,3.149173021,180.434323078,0.000000000,-2.774265289,8.500000000,2.500000000,-2.881228685,-165.082243484,0.000000000,2.690469742,3.000000000,0.800000012,-0.194361687,-11.136104347,0.000000000,0.431063026,1.200000048,0.200000003,0.870713234,49.888193471,0.000000000,0.000140856,0.100000001,0.020000000
2026-07-04 17:54:00.066,1783158840.066861391,162.972950211,1,1,162.960499083,1,0.008953037,5,1,0.005919361,5,1,0,1,0,0,1,1,1,0,1,0,-1.000000000,0.000000000,0.000000000,0.000000000,0,-1.000000000,0,0,0,,0,-1.000000000,,0,0,0.000000000,0.000000000,0,-1.000000000,0,,0,-1.000000000,,0,-1.000000000,0,,1,-0.063187219,-3.620360979,0.007326126,0.085470200,1,3.111025095,178.248607902,-0.002442360,-2.468376160,1,-2.880847216,-165.060386879,-0.002442360,2.687179565,1,-0.193217278,-11.070534531,-0.007326126,0.422466278,1,0.870329857,49.866227583,0.012210846,-0.001221180,-0.012833213,-0.735288967,0.000000000,-0.000000000,2.000000000,1.000000000,3.149173021,180.434323078,0.000000000,-2.774265289,8.500000000,2.500000000,-2.881228685,-165.082243484,0.000000000,2.690469742,3.000000000,0.800000012,-0.194361687,-11.136104347,0.000000000,0.431063026,1.200000048,0.200000003,0.870713234,49.888193471,0.000000000,0.000140856,0.100000001,0.020000000
2026-07-04 17:54:01.066,1783158841.066645145,163.972734094,1,1,163.960282966,1,0.008882018,5,1,0.005820096,5,1,0,1,0,0,1,1,1,0,1,0,-1.000000000,0.000000000,0.000000000,0.000000000,0,-1.000000000,0,0,0,,0,-1.000000000,,0,0,0.000000000,0.000000000,0,-1.000000000,0,,0,-1.000000000,,0,-1.000000000,0,,1,-0.063187219,-3.620360979,-0.007326126,0.085470200,1,3.111025095,178.248607902,-0.002442360,-2.482051849,1,-2.880847216,-165.060386879,-0.002442360,2.673503876,0,-0.193217278,-11.070534531,-0.007326126,0.417582512,1,0.870329857,49.866227583,-0.012210846,-0.003663063,-0.012833213,-0.735288967,0.000000000,-0.000000000,2.000000000,1.000000000,3.149173021,180.434323078,0.000000000,-2.774265289,8.500000000,2.500000000,-2.881228685,-165.082243484,0.000000000,2.690469742,3.000000000,0.800000012,-0.194361687,-11.136104347,0.000000000,0.431063026,1.200000048,0.200000003,0.870713234,49.888193471,0.000000000,0.000140856,0.100000001,0.020000000
2026-07-04 17:54:02.066,1783158842.066469193,164.972558082,1,1,164.960106954,1,0.008703138,5,1,0.005749705,5,1,0,1,0,0,1,1,1,0,1,0,-1.000000000,0.000000000,0.000000000,0.000000000,0,-1.000000000,0,0,0,,0,-1.000000000,,0,0,0.000000000,0.000000000,0,-1.000000000,0,,0,-1.000000000,,0,-1.000000000,0,,1,-0.063187219,-3.620360979,-0.021978378,0.085470200,1,3.111025095,178.248607902,-0.002442360,-2.482051849,1,-2.880847216,-165.060386879,-0.002442360,2.659828186,1,-0.193217278,-11.070534531,0.007326126,0.422466278,1,0.870329857,49.866227583,-0.036628723,-0.003663063,-0.012833213,-0.735288967,0.000000000,-0.000000000,2.000000000,1.000000000,3.149173021,180.434323078,0.000000000,-2.774265289,8.500000000,2.500000000,-2.881228685,-165.082243484,0.000000000,2.690469742,3.000000000,0.800000012,-0.194361687,-11.136104347,0.000000000,0.431063026,1.200000048,0.200000003,0.870713234,49.888193471,0.000000000,0.000140856,0.100000001,0.020000000
2026-07-04 17:54:03.066,1783158843.066284895,165.972373792,1,1,165.959922664,1,0.008928384,5,1,0.005819990,5,1,0,1,0,0,1,1,1,0,1,0,-1.000000000,0.000000000,0.000000000,0.000000000,0,-1.000000000,0,0,0,,0,-1.000000000,,0,0,0.000000000,0.000000000,0,-1.000000000,0,,0,-1.000000000,,0,-1.000000000,0,,1,-0.063187219,-3.620360979,-0.021978378,0.085470200,1,3.111025095,178.248607902,-0.002442360,-2.468376160,1,-2.880847216,-165.060386879,-0.002442360,2.673503876,1,-0.193217278,-11.070534531,-0.007326126,0.422466278,1,0.870329857,49.866227583,0.012210846,-0.003663063,-0.012833213,-0.735288967,0.000000000,-0.000000000,2.000000000,1.000000000,3.149173021,180.434323078,0.000000000,-2.774265289,8.500000000,2.500000000,-2.881228685,-165.082243484,0.000000000,2.690469742,3.000000000,0.800000012,-0.194361687,-11.136104347,0.000000000,0.431063026,1.200000048,0.200000003,0.870713234,49.888193471,0.000000000,0.000140856,0.100000001,0.020000000
2026-07-04 17:54:04.066,1783158844.066183090,166.972272114,1,1,166.959820986,1,0.008812335,5,1,0.005768027,5,1,0,1,0,0,1,1,1,0,1,0,-1.000000000,0.000000000,0.000000000,0.000000000,0,-1.000000000,0,0,0,,0,-1.000000000,,0,0,0.000000000,0.000000000,0,-1.000000000,0,,0,-1.000000000,,0,-1.000000000,0,,1,-0.063187219,-3.620360979,-0.007326126,0.085470200,1,3.111025095,178.248607902,-0.002442360,-2.482051849,1,-2.880847216,-165.060386879,-0.007326126,2.673503876,1,-0.193217278,-11.070534531,-0.007326126,0.422466278,1,0.870329857,49.866227583,-0.012210846,-0.001221180,-0.012833213,-0.735288967,0.000000000,-0.000000000,2.000000000,1.000000000,3.149173021,180.434323078,0.000000000,-2.774265289,8.500000000,2.500000000,-2.881228685,-165.082243484,0.000000000,2.690469742,3.000000000,0.800000012,-0.194361687,-11.136104347,0.000000000,0.431063026,1.200000048,0.200000003,0.870713234,49.888193471,0.000000000,0.000140856,0.100000001,0.020000000
2026-07-04 17:54:05.066,1783158845.066001177,167.972090098,1,1,167.959638970,1,0.008633202,5,1,0.005737815,5,1,0,1,0,0,1,1,1,0,1,0,-1.000000000,0.000000000,0.000000000,0.000000000,0,-1.000000000,0,0,0,,0,-1.000000000,,0,0,0.000000000,0.000000000,0,-1.000000000,0,,0,-1.000000000,,0,-1.000000000,0,,1,-0.063187219,-3.620360979,-0.007326126,0.085470200,1,3.111025095,178.248607902,-0.002442360,-2.468376160,1,-2.880847216,-165.060386879,-0.002442360,2.673503876,1,-0.193598747,-11.092391137,-0.007326126,0.422466278,1,0.870329857,49.866227583,0.012210846,-0.003663063,-0.012833213,-0.735288967,0.000000000,-0.000000000,2.000000000,1.000000000,3.149173021,180.434323078,0.000000000,-2.774265289,8.500000000,2.500000000,-2.881228685,-165.082243484,0.000000000,2.690469742,3.000000000,0.800000012,-0.194361687,-11.136104347,0.000000000,0.431063026,1.200000048,0.200000003,0.870713234,49.888193471,0.000000000,0.000140856,0.100000001,0.020000000
2026-07-04 17:54:06.065,1783158846.065844297,168.971933117,1,1,168.959481989,1,0.008931427,5,1,0.005841683,5,1,0,1,0,0,1,1,1,0,1,0,-1.000000000,0.000000000,0.000000000,0.000000000,0,-1.000000000,0,0,0,,0,-1.000000000,,0,0,0.000000000,0.000000000,0,-1.000000000,0,,0,-1.000000000,,0,-1.000000000,0,,1,-0.063187219,-3.620360979,-0.007326126,0.085470200,1,3.111025095,178.248607902,-0.002442360,-2.482051849,1,-2.880847216,-165.060386879,-0.007326126,2.673503876,1,-0.193217278,-11.070534531,-0.007326126,0.422466278,1,0.870329857,49.866227583,-0.012210846,-0.003663063,-0.012833213,-0.735288967,0.000000000,-0.000000000,2.000000000,1.000000000,3.149173021,180.434323078,0.000000000,-2.774265289,8.500000000,2.500000000,-2.881228685,-165.082243484,0.000000000,2.690469742,3.000000000,0.800000012,-0.194361687,-11.136104347,0.000000000,0.431063026,1.200000048,0.200000003,0.870713234,49.888193471,0.000000000,0.000140856,0.100000001,0.020000000
2026-07-04 17:54:07.065,1783158847.065689087,169.971778020,1,1,169.959326892,1,0.008807869,5,1,0.005691911,5,1,0,1,0,0,1,1,1,0,1,0,-1.000000000,0.000000000,0.000000000,0.000000000,0,-1.000000000,0,0,0,,0,-1.000000000,,0,0,0.000000000,0.000000000,0,-1.000000000,0,,0,-1.000000000,,0,-1.000000000,0,,1,-0.063187219,-3.620360979,-0.021978378,0.085470200,1,3.111025095,178.248607902,-0.002442360,-2.468376160,1,-2.880847216,-165.060386879,-0.002442360,2.687179565,1,-0.193217278,-11.070534531,0.007326126,0.422466278,1,0.870329857,49.866227583,0.012210846,-0.003663063,-0.012833213,-0.735288967,0.000000000,-0.000000000,2.000000000,1.000000000,3.149173021,180.434323078,0.000000000,-2.774265289,8.500000000,2.500000000,-2.881228685,-165.082243484,0.000000000,2.690469742,3.000000000,0.800000012,-0.194361687,-11.136104347,0.000000000,0.431063026,1.200000048,0.200000003,0.870713234,49.888193471,0.000000000,0.000140856,0.100000001,0.020000000
2026-07-04 17:54:08.065,1783158848.065429449,170.971518454,1,1,170.959067326,1,0.008711173,5,1,0.005698313,5,1,0,1,0,0,1,1,1,0,1,0,-1.000000000,0.000000000,0.000000000,0.000000000,0,-1.000000000,0,0,0,,0,-1.000000000,,0,0,0.000000000,0.000000000,0,-1.000000000,0,,0,-1.000000000,,0,-1.000000000,0,,1,-0.063187219,-3.620360979,-0.007326126,0.085470200,1,3.111025095,178.248607902,-0.002442360,-2.468376160,1,-2.880847216,-165.060386879,-0.002442360,2.673503876,1,-0.193598747,-11.092391137,0.007326126,0.422466278,1,0.870329857,49.866227583,-0.036628723,-0.003663063,-0.012833213,-0.735288967,0.000000000,-0.000000000,2.000000000,1.000000000,3.149173021,180.434323078,0.000000000,-2.774265289,8.500000000,2.500000000,-2.881228685,-165.082243484,0.000000000,2.690469742,3.000000000,0.800000012,-0.194361687,-11.136104347,0.000000000,0.431063026,1.200000048,0.200000003,0.870713234,49.888193471,0.000000000,0.000140856,0.100000001,0.020000000
2026-07-04 17:54:09.065,1783158849.065293789,171.971382796,1,1,171.958931668,1,0.008715784,5,1,0.005708003,5,1,0,1,0,0,1,1,1,0,1,0,-1.000000000,0.000000000,0.000000000,0.000000000,0,-1.000000000,0,0,0,,0,-1.000000000,,0,0,0.000000000,0.000000000,0,-1.000000000,0,,0,-1.000000000,,0,-1.000000000,0,,1,-0.063187219,-3.620360979,-0.007326126,0.085470200,1,3.111025095,178.248607902,-0.002442360,-2.468376160,1,-2.880847216,-165.060386879,-0.002442360,2.673503876,1,-0.193217278,-11.070534531,0.007326126,0.422466278,1,0.870329857,49.866227583,-0.061050415,-0.003663063,-0.012833213,-0.735288967,0.000000000,-0.000000000,2.000000000,1.000000000,3.149173021,180.434323078,0.000000000,-2.774265289,8.500000000,2.500000000,-2.881228685,-165.082243484,0.000000000,2.690469742,3.000000000,0.800000012,-0.194361687,-11.136104347,0.000000000,0.431063026,1.200000048,0.200000003,0.870713234,49.888193471,0.000000000,0.000140856,0.100000001,0.020000000
2026-07-04 17:54:10.065,1783158850.065098286,172.971187186,1,1,172.958736058,1,0.008705854,5,1,0.005820427,5,1,0,1,0,0,1,1,1,0,1,0,-1.000000000,0.000000000,0.000000000,0.000000000,0,-1.000000000,0,0,0,,0,-1.000000000,,0,0,0.000000000,0.000000000,0,-1.000000000,0,,0,-1.000000000,,0,-1.000000000,0,,1,-0.063187219,-3.620360979,-0.021978378,0.085470200,1,3.111025095,178.248607902,-0.002442360,-2.468376160,1,-2.880847216,-165.060386879,-0.002442360,2.673503876,1,-0.193217278,-11.070534531,-0.007326126,0.422466278,1,0.870329857,49.866227583,0.012210846,-0.001221180,-0.012833213,-0.735288967,0.000000000,-0.000000000,2.000000000,1.000000000,3.149173021,180.434323078,0.000000000,-2.774265289,8.500000000,2.500000000,-2.881228685,-165.082243484,0.000000000,2.690469742,3.000000000,0.800000012,-0.194361687,-11.136104347,0.000000000,0.431063026,1.200000048,0.200000003,0.870713234,49.888193471,0.000000000,0.000140856,0.100000001,0.020000000
2026-07-04 17:54:11.065,1783158851.065027475,173.971116618,1,1,173.958665490,1,0.008795852,5,1,0.005657701,5,1,0,1,0,0,1,1,1,0,1,0,-1.000000000,0.000000000,0.000000000,0.000000000,0,-1.000000000,0,0,0,,0,-1.000000000,,0,0,0.000000000,0.000000000,0,-1.000000000,0,,0,-1.000000000,,0,-1.000000000,0,,1,-0.063187219,-3.620360979,-0.007326126,0.085470200,1,3.111025095,178.248607902,-0.002442360,-2.468376160,1,-2.880847216,-165.060386879,-0.002442360,2.673503876,1,-0.193598747,-11.092391137,-0.007326126,0.422466278,1,0.870329857,49.866227583,0.012210846,-0.003663063,-0.012833213,-0.735288967,0.000000000,-0.000000000,2.000000000,1.000000000,3.149173021,180.434323078,0.000000000,-2.774265289,8.500000000,2.500000000,-2.881228685,-165.082243484,0.000000000,2.690469742,3.000000000,0.800000012,-0.194361687,-11.136104347,0.000000000,0.431063026,1.200000048,0.200000003,0.870713234,49.888193471,0.000000000,0.000140856,0.100000001,0.020000000
2026-07-04 17:54:12.064,1783158852.064851761,174.970940680,1,1,174.958489552,1,0.008089705,5,1,0.005728821,5,1,0,1,0,0,1,1,1,0,1,0,-1.000000000,0.000000000,0.000000000,0.000000000,0,-1.000000000,0,0,0,,0,-1.000000000,,0,0,0.000000000,0.000000000,0,-1.000000000,0,,0,-1.000000000,,0,-1.000000000,0,,1,-0.063187219,-3.620360979,0.007326126,0.085470200,1,3.111025095,178.248607902,-0.007326126,-2.468376160,1,-2.880847216,-165.060386879,-0.002442360,2.673503876,1,-0.193598747,-11.092391137,-0.007326126,0.422466278,1,0.870329857,49.866227583,0.012210846,-0.001221180,-0.012833213,-0.735288967,0.000000000,-0.000000000,2.000000000,1.000000000,3.149173021,180.434323078,0.000000000,-2.774265289,8.500000000,2.500000000,-2.881228685,-165.082243484,0.000000000,2.690469742,3.000000000,0.800000012,-0.194361687,-11.136104347,0.000000000,0.431063026,1.200000048,0.200000003,0.870713234,49.888193471,0.000000000,0.000140856,0.100000001,0.020000000
2026-07-04 17:54:13.064,1783158853.064627886,175.970716959,1,1,175.958265831,1,0.008676422,5,1,0.005665162,5,1,0,1,0,0,1,1,1,0,1,0,-1.000000000,0.000000000,0.000000000,0.000000000,0,-1.000000000,0,0,0,,0,-1.000000000,,0,0,0.000000000,0.000000000,0,-1.000000000,0,,0,-1.000000000,,0,-1.000000000,0,,1,-0.063187219,-3.620360979,0.007326126,0.085470200,1,3.111025095,178.248607902,0.002442360,-2.468376160,1,-2.880847216,-165.060386879,-0.007326126,2.673503876,1,-0.193598747,-11.092391137,-0.021978378,0.422466278,1,0.870713234,49.888193471,0.036628723,-0.001221180,-0.012833213,-0.735288967,0.000000000,-0.000000000,2.000000000,1.000000000,3.149173021,180.434323078,0.000000000,-2.774265289,8.500000000,2.500000000,-2.881228685,-165.082243484,0.000000000,2.690469742,3.000000000,0.800000012,-0.194361687,-11.136104347,0.000000000,0.431063026,1.200000048,0.200000003,0.870713234,49.888193471,0.000000000,0.000140856,0.100000001,0.020000000
2026-07-04 17:54:14.064,1783158854.064626217,176.970715058,1,1,176.958263930,1,0.008862055,5,1,0.005925169,5,1,0,1,0,0,1,1,1,0,1,0,-1.000000000,0.000000000,0.000000000,0.000000000,0,-1.000000000,0,0,0,,0,-1.000000000,,0,0,0.000000000,0.000000000,0,-1.000000000,0,,0,-1.000000000,,0,-1.000000000,0,,1,-0.063187219,-3.620360979,0.007326126,0.085470200,1,3.111025095,178.248607902,-0.007326126,-2.468376160,1,-2.880847216,-165.060386879,-0.002442360,2.673503876,1,-0.193217278,-11.070534531,-0.007326126,0.422466278,1,0.870329857,49.866227583,-0.012210846,-0.003663063,-0.012833213,-0.735288967,0.000000000,-0.000000000,2.000000000,1.000000000,3.149173021,180.434323078,0.000000000,-2.774265289,8.500000000,2.500000000,-2.881228685,-165.082243484,0.000000000,2.690469742,3.000000000,0.800000012,-0.194361687,-11.136104347,0.000000000,0.431063026,1.200000048,0.200000003,0.870713234,49.888193471,0.000000000,0.000140856,0.100000001,0.020000000
2026-07-04 17:54:15.064,1783158855.064281940,177.970370828,1,1,177.957919700,1,0.008923608,5,1,0.005812647,5,1,0,1,0,0,1,1,1,0,1,0,-1.000000000,0.000000000,0.000000000,0.000000000,0,-1.000000000,0,0,0,,0,-1.000000000,,0,0,0.000000000,0.000000000,0,-1.000000000,0,,0,-1.000000000,,0,-1.000000000,0,,1,-0.063187219,-3.620360979,-0.007326126,0.085470200,1,3.111025095,178.248607902,-0.002442360,-2.482051849,1,-2.880847216,-165.060386879,-0.002442360,2.673503876,1,-0.193217278,-11.070534531,-0.007326126,0.422466278,1,0.870329857,49.866227583,-0.012210846,-0.003663063,-0.012833213,-0.735288967,0.000000000,-0.000000000,2.000000000,1.000000000,3.149173021,180.434323078,0.000000000,-2.774265289,8.500000000,2.500000000,-2.881228685,-165.082243484,0.000000000,2.690469742,3.000000000,0.800000012,-0.194361687,-11.136104347,0.000000000,0.431063026,1.200000048,0.200000003,0.870713234,49.888193471,0.000000000,0.000140856,0.100000001,0.020000000
2026-07-04 17:54:16.064,1783158856.064184666,178.970273450,1,1,178.957822322,1,0.008725117,5,1,0.005707352,5,1,0,1,0,0,1,1,1,0,1,0,-1.000000000,0.000000000,0.000000000,0.000000000,0,-1.000000000,0,0,0,,0,-1.000000000,,0,0,0.000000000,0.000000000,0,-1.000000000,0,,0,-1.000000000,,0,-1.000000000,0,,1,-0.063187219,-3.620360979,-0.021978378,0.085470200,1,3.111025095,178.248607902,-0.007326126,-2.468376160,1,-2.880847216,-165.060386879,-0.002442360,2.673503876,1,-0.193598747,-11.092391137,-0.021978378,0.422466278,1,0.870329857,49.866227583,-0.036628723,-0.001221180,-0.012833213,-0.735288967,0.000000000,-0.000000000,2.000000000,1.000000000,3.149173021,180.434323078,0.000000000,-2.774265289,8.500000000,2.500000000,-2.881228685,-165.082243484,0.000000000,2.690469742,3.000000000,0.800000012,-0.194361687,-11.136104347,0.000000000,0.431063026,1.200000048,0.200000003,0.870713234,49.888193471,0.000000000,0.000140856,0.100000001,0.020000000
2026-07-04 17:54:17.064,1783158857.064046621,179.970135661,1,1,179.957684533,1,0.008700909,5,1,0.005614896,5,1,0,1,0,0,1,1,1,0,1,0,-1.000000000,0.000000000,0.000000000,0.000000000,0,-1.000000000,0,0,0,,0,-1.000000000,,0,0,0.000000000,0.000000000,0,-1.000000000,0,,0,-1.000000000,,0,-1.000000000,0,,0,-0.063187219,-3.620360979,-0.007326126,0.085470200,1,3.111025095,178.248607902,-0.002442360,-2.482051849,1,-2.880847216,-165.060386879,-0.002442360,2.673503876,1,-0.193598747,-11.092391137,-0.021978378,0.422466278,1,0.870329857,49.866227583,-0.012210846,-0.003663063,-0.012833213,-0.735288967,0.000000000,-0.000000000,2.000000000,1.000000000,3.149173021,180.434323078,0.000000000,-2.774265289,8.500000000,2.500000000,-2.881228685,-165.082243484,0.000000000,2.690469742,3.000000000,0.800000012,-0.194361687,-11.136104347,0.000000000,0.431063026,1.200000048,0.200000003,0.870713234,49.888193471,0.000000000,0.000140856,0.100000001,0.020000000
2026-07-04 17:54:18.063,1783158858.063882828,180.969971696,1,1,180.957520568,1,0.008822988,5,1,0.005685699,5,1,0,1,0,0,1,1,1,0,1,0,-1.000000000,0.000000000,0.000000000,0.000000000,0,-1.000000000,0,0,0,,0,-1.000000000,,0,0,0.000000000,0.000000000,0,-1.000000000,0,,0,-1.000000000,,0,-1.000000000,0,,1,-0.063187219,-3.620360979,-0.007326126,0.085470200,1,3.111025095,178.248607902,-0.002442360,-2.482051849,1,-2.880847216,-165.060386879,-0.002442360,2.687179565,1,-0.193217278,-11.070534531,-0.007326126,0.422466278,1,0.870329857,49.866227583,-0.012210846,-0.003663063,-0.012833213,-0.735288967,0.000000000,-0.000000000,2.000000000,1.000000000,3.149173021,180.434323078,0.000000000,-2.774265289,8.500000000,2.500000000,-2.881228685,-165.082243484,0.000000000,2.690469742,3.000000000,0.800000012,-0.194361687,-11.136104347,0.000000000,0.431063026,1.200000048,0.200000003,0.870713234,49.888193471,0.000000000,0.000140856,0.100000001,0.020000000
2026-07-04 17:54:19.063,1783158859.063643456,181.969732475,1,1,181.957281347,1,0.008383956,5,1,0.005655260,5,1,0,1,0,0,1,1,1,0,1,0,-1.000000000,0.000000000,0.000000000,0.000000000,0,-1.000000000,0,0,0,,0,-1.000000000,,0,0,0.000000000,0.000000000,0,-1.000000000,0,,0,-1.000000000,,0,-1.000000000,0,,1,-0.063187219,-3.620360979,-0.007326126,0.085470200,1,3.111025095,178.248607902,-0.002442360,-2.468376160,1,-2.880847216,-165.060386879,-0.002442360,2.687179565,1,-0.193217278,-11.070534531,-0.007326126,0.422466278,1,0.870329857,49.866227583,-0.061050415,-0.003663063,-0.012833213,-0.735288967,0.000000000,-0.000000000,2.000000000,1.000000000,3.149173021,180.434323078,0.000000000,-2.774265289,8.500000000,2.500000000,-2.881228685,-165.082243484,0.000000000,2.690469742,3.000000000,0.800000012,-0.194361687,-11.136104347,0.000000000,0.431063026,1.200000048,0.200000003,0.870713234,49.888193471,0.000000000,0.000140856,0.100000001,0.020000000
2026-07-04 17:54:20.063,1783158860.063458920,182.969547871,1,1,182.957096743,1,0.008686579,5,1,0.005304280,5,1,0,1,0,0,1,1,1,0,1,0,-1.000000000,0.000000000,0.000000000,0.000000000,0,-1.000000000,0,0,0,,0,-1.000000000,,0,0,0.000000000,0.000000000,0,-1.000000000,0,,0,-1.000000000,,0,-1.000000000,0,,1,-0.063187219,-3.620360979,0.007326126,0.085470200,1,3.111025095,178.248607902,-0.002442360,-2.482051849,1,-2.880847216,-165.060386879,-0.002442360,2.673503876,1,-0.193598747,-11.092391137,-0.007326126,0.422466278,1,0.870329857,49.866227583,-0.012210846,-0.003663063,-0.012833213,-0.735288967,0.000000000,-0.000000000,2.000000000,1.000000000,3.149173021,180.434323078,0.000000000,-2.774265289,8.500000000,2.500000000,-2.881228685,-165.082243484,0.000000000,2.690469742,3.000000000,0.800000012,-0.194361687,-11.136104347,0.000000000,0.431063026,1.200000048,0.200000003,0.870713234,49.888193471,0.000000000,0.000140856,0.100000001,0.020000000
2026-07-04 17:54:21.063,1783158861.063308716,183.969397655,1,1,183.956946527,1,0.008604628,5,1,0.005763868,5,1,0,1,0,0,1,1,1,0,1,0,-1.000000000,0.000000000,0.000000000,0.000000000,0,-1.000000000,0,0,0,,0,-1.000000000,,0,0,0.000000000,0.000000000,0,-1.000000000,0,,0,-1.000000000,,0,-1.000000000,0,,1,-0.063187219,-3.620360979,-0.007326126,0.085470200,1,3.111025095,178.248607902,-0.002442360,-2.482051849,1,-2.880847216,-165.060386879,-0.002442360,2.673503876,0,-0.193217278,-11.070534531,0.007326126,0.422466278,0,0.870329857,49.866227583,-0.036628723,-0.003663063,-0.012833213,-0.735288967,0.000000000,-0.000000000,2.000000000,1.000000000,3.149173021,180.434323078,0.000000000,-2.774265289,8.500000000,2.500000000,-2.881228685,-165.082243484,0.000000000,2.690469742,3.000000000,0.800000012,-0.194361687,-11.136104347,0.000000000,0.431063026,1.200000048,0.200000003,0.870713234,49.888193471,0.000000000,0.000140856,0.100000001,0.020000000
2026-07-04 17:54:22.063,1783158862.063125134,184.969214241,1,1,184.956763113,1,0.008711012,5,1,0.005771742,5,1,0,1,0,0,1,1,1,0,1,0,-1.000000000,0.000000000,0.000000000,0.000000000,0,-1.000000000,0,0,0,,0,-1.000000000,,0,0,0.000000000,0.000000000,0,-1.000000000,0,,0,-1.000000000,,0,-1.000000000,0,,1,-0.063187219,-3.620360979,-0.007326126,0.085470200,1,3.111025095,178.248607902,0.002442360,-2.468376160,1,-2.880847216,-165.060386879,-0.007326126,2.673503876,1,-0.193217278,-11.070534531,-0.007326126,0.422466278,1,0.870329857,49.866227583,-0.036628723,-0.003663063,-0.012833213,-0.735288967,0.000000000,-0.000000000,2.000000000,1.000000000,3.149173021,180.434323078,0.000000000,-2.774265289,8.500000000,2.500000000,-2.881228685,-165.082243484,0.000000000,2.690469742,3.000000000,0.800000012,-0.194361687,-11.136104347,0.000000000,0.431063026,1.200000048,0.200000003,0.870713234,49.888193471,0.000000000,0.000140856,0.100000001,0.020000000
2026-07-04 17:54:23.063,1783158863.062981844,185.969070773,1,1,185.956619645,1,0.008562257,5,1,0.005689052,5,1,0,1,0,0,1,1,1,0,1,0,-1.000000000,0.000000000,0.000000000,0.000000000,0,-1.000000000,0,0,0,,0,-1.000000000,,0,0,0.000000000,0.000000000,0,-1.000000000,0,,0,-1.000000000,,0,-1.000000000,0,,1,-0.063187219,-3.620360979,-0.007326126,0.085470200,1,3.111025095,178.248607902,-0.007326126,-2.482051849,1,-2.880847216,-165.060386879,-0.002442360,2.673503876,1,-0.193217278,-11.070534531,-0.007326126,0.422466278,1,0.870329857,49.866227583,-0.012210846,-0.003663063,-0.012833213,-0.735288967,0.000000000,-0.000000000,2.000000000,1.000000000,3.149173021,180.434323078,0.000000000,-2.774265289,8.500000000,2.500000000,-2.881228685,-165.082243484,0.000000000,2.690469742,3.000000000,0.800000012,-0.194361687,-11.136104347,0.000000000,0.431063026,1.200000048,0.200000003,0.870713234,49.888193471,0.000000000,0.000140856,0.100000001,0.020000000
2026-07-04 17:54:24.062,1783158864.062789917,186.968878978,1,1,186.956427850,1,0.008558616,5,1,0.005691438,5,1,0,1,0,0,1,1,1,0,1,0,-1.000000000,0.000000000,0.000000000,0.000000000,0,-1.000000000,0,0,0,,0,-1.000000000,,0,0,0.000000000,0.000000000,0,-1.000000000,0,,0,-1.000000000,,0,-1.000000000,0,,1,-0.063187219,-3.620360979,-0.007326126,0.085470200,1,3.111025095,178.248607902,-0.002442360,-2.468376160,1,-2.880847216,-165.060386879,-0.002442360,2.687179565,1,-0.193598747,-11.092391137,-0.007326126,0.422466278,1,0.870329857,49.866227583,-0.061050415,-0.003663063,-0.012833213,-0.735288967,0.000000000,-0.000000000,2.000000000,1.000000000,3.149173021,180.434323078,0.000000000,-2.774265289,8.500000000,2.500000000,-2.881228685,-165.082243484,0.000000000,2.690469742,3.000000000,0.800000012,-0.194361687,-11.136104347,0.000000000,0.431063026,1.200000048,0.200000003,0.870713234,49.888193471,0.000000000,0.000140856,0.100000001,0.020000000
2026-07-04 17:54:25.062,1783158865.062636137,187.968724891,1,1,187.956273763,1,0.008712776,5,1,0.005765328,5,1,0,1,0,0,1,1,1,0,1,0,-1.000000000,0.000000000,0.000000000,0.000000000,0,-1.000000000,0,0,0,,0,-1.000000000,,0,0,0.000000000,0.000000000,0,-1.000000000,0,,0,-1.000000000,,0,-1.000000000,0,,1,-0.063187219,-3.620360979,0.007326126,0.085470200,1,3.111025095,178.248607902,-0.002442360,-2.468376160,1,-2.880847216,-165.060386879,-0.007326126,2.673503876,1,-0.193217278,-11.070534531,-0.007326126,0.422466278,1,0.870329857,49.866227583,0.012210846,-0.003663063,-0.012833213,-0.735288967,0.000000000,-0.000000000,2.000000000,1.000000000,3.149173021,180.434323078,0.000000000,-2.774265289,8.500000000,2.500000000,-2.881228685,-165.082243484,0.000000000,2.690469742,3.000000000,0.800000012,-0.194361687,-11.136104347,0.000000000,0.431063026,1.200000048,0.200000003,0.870713234,49.888193471,0.000000000,0.000140856,0.100000001,0.020000000
2026-07-04 17:54:26.062,1783158866.062469959,188.968558827,1,1,188.956107699,1,0.008877546,5,1,0.005740709,5,1,0,1,0,0,1,1,1,0,1,0,-1.000000000,0.000000000,0.000000000,0.000000000,0,-1.000000000,0,0,0,,0,-1.000000000,,0,0,0.000000000,0.000000000,0,-1.000000000,0,,0,-1.000000000,,0,-1.000000000,0,,1,-0.063187219,-3.620360979,-0.021978378,0.085470200,1,3.111025095,178.248607902,-0.007326126,-2.468376160,1,-2.880847216,-165.060386879,-0.002442360,2.673503876,1,-0.193598747,-11.092391137,-0.007326126,0.422466278,1,0.870329857,49.866227583,-0.012210846,-0.003663063,-0.012833213,-0.735288967,0.000000000,-0.000000000,2.000000000,1.000000000,3.149173021,180.434323078,0.000000000,-2.774265289,8.500000000,2.500000000,-2.881228685,-165.082243484,0.000000000,2.690469742,3.000000000,0.800000012,-0.194361687,-11.136104347,0.000000000,0.431063026,1.200000048,0.200000003,0.870713234,49.888193471,0.000000000,0.000140856,0.100000001,0.020000000
2026-07-04 17:54:27.062,1783158867.062338591,189.968427492,1,1,189.955976364,1,0.008549205,5,1,0.005670159,5,1,0,1,0,0,1,1,1,0,1,0,-1.000000000,0.000000000,0.000000000,0.000000000,0,-1.000000000,0,0,0,,0,-1.000000000,,0,0,0.000000000,0.000000000,0,-1.000000000,0,,0,-1.000000000,,0,-1.000000000,0,,1,-0.063187219,-3.620360979,-0.007326126,0.085470200,1,3.111025095,178.248607902,-0.002442360,-2.468376160,1,-2.880847216,-165.060386879,-0.002442360,2.673503876,1,-0.193217278,-11.070534531,-0.007326126,0.422466278,1,0.870329857,49.866227583,-0.012210846,-0.003663063,-0.012833213,-0.735288967,0.000000000,-0.000000000,2.000000000,1.000000000,3.149173021,180.434323078,0.000000000,-2.774265289,8.500000000,2.500000000,-2.881228685,-165.082243484,0.000000000,2.690469742,3.000000000,0.800000012,-0.194361687,-11.136104347,0.000000000,0.431063026,1.200000048,0.200000003,0.870713234,49.888193471,0.000000000,0.000140856,0.100000001,0.020000000
2026-07-04 17:54:28.062,1783158868.062141657,190.968230775,1,1,190.955779647,1,0.008721708,5,1,0.005879953,5,1,0,1,0,0,1,1,1,0,1,0,-1.000000000,0.000000000,0.000000000,0.000000000,0,-1.000000000,0,0,0,,0,-1.000000000,,0,0,0.000000000,0.000000000,0,-1.000000000,0,,0,-1.000000000,,0,-1.000000000,0,,1,-0.063187219,-3.620360979,-0.007326126,0.090353966,1,3.111025095,178.248607902,0.002442360,-2.468376160,1,-2.880847216,-165.060386879,-0.002442360,2.673503876,1,-0.193217278,-11.070534531,-0.007326126,0.422466278,1,0.870329857,49.866227583,0.012210846,-0.003663063,-0.012833213,-0.735288967,0.000000000,-0.000000000,2.000000000,1.000000000,3.149173021,180.434323078,0.000000000,-2.774265289,8.500000000,2.500000000,-2.881228685,-165.082243484,0.000000000,2.690469742,3.000000000,0.800000012,-0.194361687,-11.136104347,0.000000000,0.431063026,1.200000048,0.200000003,0.870713234,49.888193471,0.000000000,0.000140856,0.100000001,0.020000000
2026-07-04 17:54:29.062,1783158869.062016964,191.968105954,1,1,191.955654826,1,0.008411777,5,1,0.005682219,5,1,0,1,0,0,1,1,1,0,1,0,-1.000000000,0.000000000,0.000000000,0.000000000,0,-1.000000000,0,0,0,,0,-1.000000000,,0,0,0.000000000,0.000000000,0,-1.000000000,0,,0,-1.000000000,,0,-1.000000000,0,,1,-0.063187219,-3.620360979,-0.007326126,0.085470200,1,3.111025095,178.248607902,-0.002442360,-2.482051849,1,-2.880847216,-165.060386879,-0.002442360,2.673503876,1,-0.193217278,-11.070534531,0.007326126,0.422466278,1,0.870329857,49.866227583,-0.012210846,-0.003663063,-0.012833213,-0.735288967,0.000000000,-0.000000000,2.000000000,1.000000000,3.149173021,180.434323078,0.000000000,-2.774265289,8.500000000,2.500000000,-2.881228685,-165.082243484,0.000000000,2.690469742,3.000000000,0.800000012,-0.194361687,-11.136104347,0.000000000,0.431063026,1.200000048,0.200000003,0.870713234,49.888193471,0.000000000,0.000140856,0.100000001,0.020000000
2026-07-04 17:54:30.061,1783158870.061830997,192.967919983,1,1,192.955468855,1,0.008760611,5,1,0.005784475,5,1,0,1,0,0,1,1,1,0,1,0,-1.000000000,0.000000000,0.000000000,0.000000000,0,-1.000000000,0,0,0,,0,-1.000000000,,0,0,0.000000000,0.000000000,0,-1.000000000,0,,0,-1.000000000,,0,-1.000000000,0,,1,-0.063187219,-3.620360979,-0.007326126,0.085470200,1,3.111025095,178.248607902,-0.002442360,-2.482051849,1,-2.880847216,-165.060386879,-0.007326126,2.673503876,1,-0.193217278,-11.070534531,-0.007326126,0.422466278,1,0.870329857,49.866227583,-0.036628723,-0.003663063,-0.012833213,-0.735288967,0.000000000,-0.000000000,2.000000000,1.000000000,3.149173021,180.434323078,0.000000000,-2.774265289,8.500000000,2.500000000,-2.881228685,-165.082243484,0.000000000,2.690469742,3.000000000,0.800000012,-0.194361687,-11.136104347,0.000000000,0.431063026,1.200000048,0.200000003,0.870713234,49.888193471,0.000000000,0.000140856,0.100000001,0.020000000
2026-07-04 17:54:31.061,1783158871.061735630,193.967824600,1,1,193.955373472,1,0.008458564,5,1,0.005656495,5,1,0,1,0,0,1,1,1,0,1,0,-1.000000000,0.000000000,0.000000000,0.000000000,0,-1.000000000,0,0,0,,0,-1.000000000,,0,0,0.000000000,0.000000000,0,-1.000000000,0,,0,-1.000000000,,0,-1.000000000,0,,1,-0.063187219,-3.620360979,-0.007326126,0.085470200,1,3.111025095,178.248607902,-0.002442360,-2.468376160,1,-2.880847216,-165.060386879,-0.002442360,2.673503876,1,-0.193217278,-11.070534531,-0.021978378,0.422466278,1,0.870329857,49.866227583,0.012210846,-0.003663063,-0.012833213,-0.735288967,0.000000000,-0.000000000,2.000000000,1.000000000,3.149173021,180.434323078,0.000000000,-2.774265289,8.500000000,2.500000000,-2.881228685,-165.082243484,0.000000000,2.690469742,3.000000000,0.800000012,-0.194361687,-11.136104347,0.000000000,0.431063026,1.200000048,0.200000003,0.870713234,49.888193471,0.000000000,0.000140856,0.100000001,0.020000000
2026-07-04 17:54:32.061,1783158872.061525822,194.967614649,1,1,194.955163521,1,0.008899322,5,1,0.005800443,5,1,0,1,0,0,1,1,1,0,1,0,-1.000000000,0.000000000,0.000000000,0.000000000,0,-1.000000000,0,0,0,,0,-1.000000000,,0,0,0.000000000,0.000000000,0,-1.000000000,0,,0,-1.000000000,,0,-1.000000000,0,,1,-0.063187219,-3.620360979,0.007326126,0.085470200,1,3.111025095,178.248607902,-0.002442360,-2.468376160,1,-2.880847216,-165.060386879,-0.002442360,2.673503876,1,-0.193598747,-11.092391137,0.007326126,0.422466278,1,0.870329857,49.866227583,-0.012210846,-0.003663063,-0.012833213,-0.735288967,0.000000000,-0.000000000,2.000000000,1.000000000,3.149173021,180.434323078,0.000000000,-2.774265289,8.500000000,2.500000000,-2.881228685,-165.082243484,0.000000000,2.690469742,3.000000000,0.800000012,-0.194361687,-11.136104347,0.000000000,0.431063026,1.200000048,0.200000003,0.870713234,49.888193471,0.000000000,0.000140856,0.100000001,0.020000000
2026-07-04 17:54:33.061,1783158873.061336756,195.967425796,1,1,195.954974668,1,0.008823957,5,1,0.005806181,5,1,0,1,0,0,1,1,1,0,1,0,-1.000000000,0.000000000,0.000000000,0.000000000,0,-1.000000000,0,0,0,,0,-1.000000000,,0,0,0.000000000,0.000000000,0,-1.000000000,0,,0,-1.000000000,,0,-1.000000000,0,,1,-0.063187219,-3.620360979,-0.021978378,0.085470200,1,3.111025095,178.248607902,-0.002442360,-2.468376160,1,-2.880847216,-165.060386879,-0.002442360,2.673503876,1,-0.193598747,-11.092391137,-0.007326126,0.422466278,1,0.870329857,49.866227583,0.012210846,-0.001221180,-0.012833213,-0.735288967,0.000000000,-0.000000000,2.000000000,1.000000000,3.149173021,180.434323078,0.000000000,-2.774265289,8.500000000,2.500000000,-2.881228685,-165.082243484,0.000000000,2.690469742,3.000000000,0.800000012,-0.194361687,-11.136104347,0.000000000,0.431063026,1.200000048,0.200000003,0.870713234,49.888193471,0.000000000,0.000140856,0.100000001,0.020000000
2026-07-04 17:54:34.061,1783158874.061215639,196.967304747,1,1,196.954853619,1,0.008611787,5,1,0.005681321,5,1,0,1,0,0,1,1,1,0,1,0,-1.000000000,0.000000000,0.000000000,0.000000000,0,-1.000000000,0,0,0,,0,-1.000000000,,0,0,0.000000000,0.000000000,0,-1.000000000,0,,0,-1.000000000,,0,-1.000000000,0,,1,-0.063187219,-3.620360979,0.007326126,0.085470200,1,3.111025095,178.248607902,-0.002442360,-2.468376160,1,-2.880847216,-165.060386879,-0.002442360,2.673503876,1,-0.193217278,-11.070534531,-0.021978378,0.422466278,1,0.870713234,49.888193471,0.012210846,-0.003663063,-0.012833213,-0.735288967,0.000000000,-0.000000000,2.000000000,1.000000000,3.149173021,180.434323078,0.000000000,-2.774265289,8.500000000,2.500000000,-2.881228685,-165.082243484,0.000000000,2.690469742,3.000000000,0.800000012,-0.194361687,-11.136104347,0.000000000,0.431063026,1.200000048,0.200000003,0.870713234,49.888193471,0.000000000,0.000140856,0.100000001,0.020000000
2026-07-04 17:54:35.061,1783158875.061030626,197.967119502,1,1,197.954668374,1,0.008522383,5,1,0.005742842,5,1,0,1,0,0,1,1,1,0,1,0,-1.000000000,0.000000000,0.000000000,0.000000000,0,-1.000000000,0,0,0,,0,-1.000000000,,0,0,0.000000000,0.000000000,0,-1.000000000,0,,0,-1.000000000,,0,-1.000000000,0,,1,-0.063187219,-3.620360979,-0.007326126,0.085470200,1,3.111025095,178.248607902,-0.002442360,-2.468376160,1,-2.880847216,-165.060386879,-0.007326126,2.673503876,1,-0.193217278,-11.070534531,-0.007326126,0.422466278,1,0.870329857,49.866227583,-0.012210846,-0.003663063,-0.012833213,-0.735288967,0.000000000,-0.000000000,2.000000000,1.000000000,3.149173021,180.434323078,0.000000000,-2.774265289,8.500000000,2.500000000,-2.881228685,-165.082243484,0.000000000,2.690469742,3.000000000,0.800000012,-0.194361687,-11.136104347,0.000000000,0.431063026,1.200000048,0.200000003,0.870713234,49.888193471,0.000000000,0.000140856,0.100000001,0.020000000
2026-07-04 17:54:36.061,1783158876.060985565,198.967074589,1,1,198.954623461,1,0.008881774,5,1,0.005653651,5,1,0,1,0,0,1,1,1,0,1,0,-1.000000000,0.000000000,0.000000000,0.000000000,0,-1.000000000,0,0,0,,0,-1.000000000,,0,0,0.000000000,0.000000000,0,-1.000000000,0,,0,-1.000000000,,0,-1.000000000,0,,1,-0.063568689,-3.642217585,-0.021978378,0.085470200,1,3.111025095,178.248607902,-0.002442360,-2.468376160,1,-2.880847216,-165.060386879,-0.007326126,2.673503876,1,-0.193598747,-11.092391137,-0.007326126,0.422466278,1,0.870329857,49.866227583,-0.012210846,-0.003663063,-0.012833213,-0.735288967,0.000000000,-0.000000000,2.000000000,1.000000000,3.149173021,180.434323078,0.000000000,-2.774265289,8.500000000,2.500000000,-2.881228685,-165.082243484,0.000000000,2.690469742,3.000000000,0.800000012,-0.194361687,-11.136104347,0.000000000,0.431063026,1.200000048,0.200000003,0.870713234,49.888193471,0.000000000,0.000140856,0.100000001,0.020000000
2026-07-04 17:54:37.060,1783158877.060722113,199.966811038,1,1,199.954359910,1,0.008527161,5,1,0.005534263,5,1,0,1,0,0,1,1,1,0,1,0,-1.000000000,0.000000000,0.000000000,0.000000000,0,-1.000000000,0,0,0,,0,-1.000000000,,0,0,0.000000000,0.000000000,0,-1.000000000,0,,0,-1.000000000,,0,-1.000000000,0,,1,-0.063187219,-3.620360979,-0.007326126,0.085470200,1,3.111025095,178.248607902,-0.002442360,-2.482051849,1,-2.880847216,-165.060386879,-0.002442360,2.673503876,1,-0.193598747,-11.092391137,-0.007326126,0.422466278,1,0.870329857,49.866227583,-0.012210846,-0.001221180,-0.012833213,-0.735288967,0.000000000,-0.000000000,2.000000000,1.000000000,3.149173021,180.434323078,0.000000000,-2.774265289,8.500000000,2.500000000,-2.881228685,-165.082243484,0.000000000,2.690469742,3.000000000,0.800000012,-0.194361687,-11.136104347,0.000000000,0.431063026,1.200000048,0.200000003,0.870713234,49.888193471,0.000000000,0.000140856,0.100000001,0.020000000
2026-07-04 17:54:38.060,1783158878.060674667,200.966763431,1,1,200.954312303,1,0.008631519,5,1,0.005785888,5,1,0,1,0,0,1,1,1,0,1,0,-1.000000000,0.000000000,0.000000000,0.000000000,0,-1.000000000,0,0,0,,0,-1.000000000,,0,0,0.000000000,0.000000000,0,-1.000000000,0,,0,-1.000000000,,0,-1.000000000,0,,1,-0.063187219,-3.620360979,-0.021978378,0.085470200,1,3.111025095,178.248607902,-0.002442360,-2.468376160,1,-2.880847216,-165.060386879,-0.002442360,2.673503876,1,-0.193217278,-11.070534531,0.007326126,0.422466278,1,0.870329857,49.866227583,-0.012210846,-0.003663063,-0.012833213,-0.735288967,0.000000000,-0.000000000,2.000000000,1.000000000,3.149173021,180.434323078,0.000000000,-2.774265289,8.500000000,2.500000000,-2.881228685,-165.082243484,0.000000000,2.690469742,3.000000000,0.800000012,-0.194361687,-11.136104347,0.000000000,0.431063026,1.200000048,0.200000003,0.870713234,49.888193471,0.000000000,0.000140856,0.100000001,0.020000000
2026-07-04 17:54:39.060,1783158879.060403824,201.966492727,1,1,201.954041599,1,0.008724145,5,1,0.005764470,5,1,0,1,0,0,1,1,1,0,1,0,-1.000000000,0.000000000,0.000000000,0.000000000,0,-1.000000000,0,0,0,,0,-1.000000000,,0,0,0.000000000,0.000000000,0,-1.000000000,0,,0,-1.000000000,,0,-1.000000000,0,,1,-0.063187219,-3.620360979,-0.007326126,0.085470200,1,3.111025095,178.248607902,-0.007326126,-2.468376160,1,-2.880847216,-165.060386879,-0.002442360,2.673503876,1,-0.193598747,-11.092391137,-0.021978378,0.422466278,1,0.870329857,49.866227583,-0.012210846,-0.003663063,-0.012833213,-0.735288967,0.000000000,-0.000000000,2.000000000,1.000000000,3.149173021,180.434323078,0.000000000,-2.774265289,8.500000000,2.500000000,-2.881228685,-165.082243484,0.000000000,2.690469742,3.000000000,0.800000012,-0.194361687,-11.136104347,0.000000000,0.431063026,1.200000048,0.200000003,0.870713234,49.888193471,0.000000000,0.000140856,0.100000001,0.020000000
2026-07-04 17:54:40.060,1783158880.060230255,202.966319040,1,1,202.953867912,1,0.008949404,5,1,0.005768797,5,1,0,1,0,0,1,1,1,0,1,0,-1.000000000,0.000000000,0.000000000,0.000000000,0,-1.000000000,0,0,0,,0,-1.000000000,,0,0,0.000000000,0.000000000,0,-1.000000000,0,,0,-1.000000000,,0,-1.000000000,0,,1,-0.063187219,-3.620360979,0.007326126,0.085470200,1,3.111025095,178.248607902,-0.002442360,-2.468376160,1,-2.880847216,-165.060386879,-0.002442360,2.673503876,1,-0.193217278,-11.070534531,0.007326126,0.422466278,1,0.870713234,49.888193471,0.036628723,-0.001221180,-0.012833213,-0.735288967,0.000000000,-0.000000000,2.000000000,1.000000000,3.149173021,180.434323078,0.000000000,-2.774265289,8.500000000,2.500000000,-2.881228685,-165.082243484,0.000000000,2.690469742,3.000000000,0.800000012,-0.194361687,-11.136104347,0.000000000,0.431063026,1.200000048,0.200000003,0.870713234,49.888193471,0.000000000,0.000140856,0.100000001,0.020000000
2026-07-04 17:54:41.060,1783158881.060148001,203.966236887,1,1,203.953785759,1,0.008431904,5,1,0.005762047,5,1,0,1,0,0,1,1,1,0,1,0,-1.000000000,0.000000000,0.000000000,0.000000000,0,-1.000000000,0,0,0,,0,-1.000000000,,0,0,0.000000000,0.000000000,0,-1.000000000,0,,0,-1.000000000,,0,-1.000000000,0,,1,-0.063187219,-3.620360979,-0.007326126,0.085470200,1,3.111025095,178.248607902,-0.002442360,-2.468376160,1,-2.880847216,-165.060386879,-0.002442360,2.673503876,1,-0.193217278,-11.070534531,0.007326126,0.422466278,1,0.870329857,49.866227583,-0.012210846,-0.003663063,-0.012833213,-0.735288967,0.000000000,-0.000000000,2.000000000,1.000000000,3.149173021,180.434323078,0.000000000,-2.774265289,8.500000000,2.500000000,-2.881228685,-165.082243484,0.000000000,2.690469742,3.000000000,0.800000012,-0.194361687,-11.136104347,0.000000000,0.431063026,1.200000048,0.200000003,0.870713234,49.888193471,0.000000000,0.000140856,0.100000001,0.020000000
2026-07-04 17:54:42.060,1783158882.060024261,204.966113200,1,1,204.953662072,1,0.008611375,5,1,0.005811319,5,1,0,1,0,0,1,1,1,0,1,0,-1.000000000,0.000000000,0.000000000,0.000000000,0,-1.000000000,0,0,0,,0,-1.000000000,,0,0,0.000000000,0.000000000,0,-1.000000000,0,,0,-1.000000000,,0,-1.000000000,0,,1,-0.063187219,-3.620360979,-0.021978378,0.085470200,1,3.111025095,178.248607902,-0.007326126,-2.482051849,1,-2.880847216,-165.060386879,0.002442360,2.673503876,1,-0.193217278,-11.070534531,0.007326126,0.422466278,1,0.870329857,49.866227583,-0.061050415,-0.003663063,-0.012833213,-0.735288967,0.000000000,-0.000000000,2.000000000,1.000000000,3.149173021,180.434323078,0.000000000,-2.774265289,8.500000000,2.500000000,-2.881228685,-165.082243484,0.000000000,2.690469742,3.000000000,0.800000012,-0.194361687,-11.136104347,0.000000000,0.431063026,1.200000048,0.200000003,0.870713234,49.888193471,0.000000000,0.000140856,0.100000001,0.020000000
2026-07-04 17:54:43.059,1783158883.059763908,205.965852868,1,1,205.953401740,1,0.008930999,5,1,0.005778613,5,1,0,1,0,0,1,1,1,0,1,0,-1.000000000,0.000000000,0.000000000,0.000000000,0,-1.000000000,0,0,0,,0,-1.000000000,,0,0,0.000000000,0.000000000,0,-1.000000000,0,,0,-1.000000000,,0,-1.000000000,0,,1,-0.063187219,-3.620360979,-0.021978378,0.090353966,1,3.111025095,178.248607902,-0.002442360,-2.482051849,1,-2.880847216,-165.060386879,0.002442360,2.673503876,1,-0.193217278,-11.070534531,-0.007326126,0.422466278,1,0.870329857,49.866227583,0.012210846,-0.001221180,-0.012833213,-0.735288967,0.000000000,-0.000000000,2.000000000,1.000000000,3.149173021,180.434323078,0.000000000,-2.774265289,8.500000000,2.500000000,-2.881228685,-165.082243484,0.000000000,2.690469742,3.000000000,0.800000012,-0.194361687,-11.136104347,0.000000000,0.431063026,1.200000048,0.200000003,0.870713234,49.888193471,0.000000000,0.000140856,0.100000001,0.020000000
2026-07-04 17:54:44.059,1783158884.059623480,206.965712337,1,1,206.953261209,1,0.008949692,5,1,0.005699461,5,1,0,1,0,0,1,1,1,0,1,0,-1.000000000,0.000000000,0.000000000,0.000000000,0,-1.000000000,0,0,0,,0,-1.000000000,,0,0,0.000000000,0.000000000,0,-1.000000000,0,,0,-1.000000000,,0,-1.000000000,0,,1,-0.063187219,-3.620360979,0.007326126,0.085470200,1,3.111025095,178.248607902,-0.002442360,-2.468376160,1,-2.880847216,-165.060386879,-0.002442360,2.673503876,1,-0.193217278,-11.070534531,-0.007326126,0.422466278,1,0.870329857,49.866227583,-0.036628723,-0.003663063,-0.012833213,-0.735288967,0.000000000,-0.000000000,2.000000000,1.000000000,3.149173021,180.434323078,0.000000000,-2.774265289,8.500000000,2.500000000,-2.881228685,-165.082243484,0.000000000,2.690469742,3.000000000,0.800000012,-0.194361687,-11.136104347,0.000000000,0.431063026,1.200000048,0.200000003,0.870713234,49.888193471,0.000000000,0.000140856,0.100000001,0.020000000
2026-07-04 17:54:45.059,1783158885.059497356,207.965586356,1,1,207.953135228,1,0.008792635,5,1,0.005633079,5,1,0,1,0,0,1,1,1,0,1,0,-1.000000000,0.000000000,0.000000000,0.000000000,0,-1.000000000,0,0,0,,0,-1.000000000,,0,0,0.000000000,0.000000000,0,-1.000000000,0,,0,-1.000000000,,0,-1.000000000,0,,1,-0.063187219,-3.620360979,0.007326126,0.085470200,1,3.111025095,178.248607902,0.002442360,-2.482051849,1,-2.880847216,-165.060386879,-0.002442360,2.673503876,1,-0.193598747,-11.092391137,-0.007326126,0.422466278,1,0.870329857,49.866227583,-0.012210846,-0.003663063,-0.012833213,-0.735288967,0.000000000,-0.000000000,2.000000000,1.000000000,3.149173021,180.434323078,0.000000000,-2.774265289,8.500000000,2.500000000,-2.881228685,-165.082243484,0.000000000,2.690469742,3.000000000,0.800000012,-0.194361687,-11.136104347,0.000000000,0.431063026,1.200000048,0.200000003,0.870713234,49.888193471,0.000000000,0.000140856,0.100000001,0.020000000
2026-07-04 17:54:46.059,1783158886.059323549,208.965412614,1,1,208.952961486,1,0.008838982,5,1,0.005668440,5,1,0,1,0,0,1,1,1,0,1,0,-1.000000000,0.000000000,0.000000000,0.000000000,0,-1.000000000,0,0,0,,0,-1.000000000,,0,0,0.000000000,0.000000000,0,-1.000000000,0,,0,-1.000000000,,0,-1.000000000,0,,1,-0.063187219,-3.620360979,0.007326126,0.085470200,1,3.111025095,178.248607902,-0.002442360,-2.468376160,1,-2.880847216,-165.060386879,-0.002442360,2.673503876,1,-0.193217278,-11.070534531,0.007326126,0.422466278,1,0.870329857,49.866227583,-0.036628723,-0.001221180,-0.012833213,-0.735288967,0.000000000,-0.000000000,2.000000000,1.000000000,3.149173021,180.434323078,0.000000000,-2.774265289,8.500000000,2.500000000,-2.881228685,-165.082243484,0.000000000,2.690469742,3.000000000,0.800000012,-0.194361687,-11.136104347,0.000000000,0.431063026,1.200000048,0.200000003,0.870713234,49.888193471,0.000000000,0.000140856,0.100000001,0.020000000
2026-07-04 17:54:47.059,1783158887.059148550,209.965237633,1,1,209.952786505,1,0.008809508,5,1,0.005833493,5,1,0,1,0,0,1,1,1,0,1,0,-1.000000000,0.000000000,0.000000000,0.000000000,0,-1.000000000,0,0,0,,0,-1.000000000,,0,0,0.000000000,0.000000000,0,-1.000000000,0,,0,-1.000000000,,0,-1.000000000,0,,1,-0.063187219,-3.620360979,-0.021978378,0.085470200,1,3.111025095,178.248607902,-0.002442360,-2.468376160,1,-2.880847216,-165.060386879,-0.002442360,2.673503876,1,-0.193598747,-11.092391137,-0.007326126,0.422466278,1,0.870329857,49.866227583,0.012210846,-0.003663063,-0.012833213,-0.735288967,0.000000000,-0.000000000,2.000000000,1.000000000,3.149173021,180.434323078,0.000000000,-2.774265289,8.500000000,2.500000000,-2.881228685,-165.082243484,0.000000000,2.690469742,3.000000000,0.800000012,-0.194361687,-11.136104347,0.000000000,0.431063026,1.200000048,0.200000003,0.870713234,49.888193471,0.000000000,0.000140856,0.100000001,0.020000000
2026-07-04 17:54:48.059,1783158888.058995485,210.965084363,1,1,210.952633235,1,0.008744623,5,1,0.005797410,5,1,0,1,0,0,1,1,1,0,1,0,-1.000000000,0.000000000,0.000000000,0.000000000,0,-1.000000000,0,0,0,,0,-1.000000000,,0,0,0.000000000,0.000000000,0,-1.000000000,0,,0,-1.000000000,,0,-1.000000000,0,,1,-0.063187219,-3.620360979,-0.007326126,0.085470200,1,3.111025095,178.248607902,-0.002442360,-2.468376160,1,-2.880847216,-165.060386879,-0.007326126,2.673503876,1,-0.193217278,-11.070534531,-0.007326126,0.422466278,1,0.870329857,49.866227583,0.036628723,-0.001221180,-0.012833213,-0.735288967,0.000000000,-0.000000000,2.000000000,1.000000000,3.149173021,180.434323078,0.000000000,-2.774265289,8.500000000,2.500000000,-2.881228685,-165.082243484,0.000000000,2.690469742,3.000000000,0.800000012,-0.194361687,-11.136104347,0.000000000,0.431063026,1.200000048,0.200000003,0.870713234,49.888193471,0.000000000,0.000140856,0.100000001,0.020000000
2026-07-04 17:54:49.059,1783158889.058959007,211.965047957,1,1,211.952596829,1,0.008684879,5,1,0.005441318,5,1,0,1,0,0,1,1,1,0,1,0,-1.000000000,0.000000000,0.000000000,0.000000000,0,-1.000000000,0,0,0,,0,-1.000000000,,0,0,0.000000000,0.000000000,0,-1.000000000,0,,0,-1.000000000,,0,-1.000000000,0,,1,-0.063187219,-3.620360979,-0.007326126,0.085470200,1,3.111025095,178.248607902,-0.002442360,-2.482051849,1,-2.880847216,-165.060386879,0.002442360,2.673503876,1,-0.193217278,-11.070534531,-0.007326126,0.422466278,1,0.870329857,49.866227583,0.012210846,-0.003663063,-0.012833213,-0.735288967,0.000000000,-0.000000000,2.000000000,1.000000000,3.149173021,180.434323078,0.000000000,-2.774265289,8.500000000,2.500000000,-2.881228685,-165.082243484,0.000000000,2.690469742,3.000000000,0.800000012,-0.194361687,-11.136104347,0.000000000,0.431063026,1.200000048,0.200000003,0.870713234,49.888193471,0.000000000,0.000140856,0.100000001,0.020000000
2026-07-04 17:54:50.058,1783158890.058724880,212.964813855,1,1,212.952362727,1,0.008569810,5,1,0.005479746,5,1,0,1,0,0,1,1,1,0,1,0,-1.000000000,0.000000000,0.000000000,0.000000000,0,-1.000000000,0,0,0,,0,-1.000000000,,0,0,0.000000000,0.000000000,0,-1.000000000,0,,0,-1.000000000,,0,-1.000000000,0,,1,-0.063187219,-3.620360979,-0.021978378,0.085470200,1,3.111025095,178.248607902,-0.002442360,-2.482051849,1,-2.880847216,-165.060386879,-0.002442360,2.673503876,1,-0.193598747,-11.092391137,-0.021978378,0.422466278,1,0.870329857,49.866227583,-0.036628723,-0.003663063,-0.012833213,-0.735288967,0.000000000,-0.000000000,2.000000000,1.000000000,3.149173021,180.434323078,0.000000000,-2.774265289,8.500000000,2.500000000,-2.881228685,-165.082243484,0.000000000,2.690469742,3.000000000,0.800000012,-0.194361687,-11.136104347,0.000000000,0.431063026,1.200000048,0.200000003,0.870713234,49.888193471,0.000000000,0.000140856,0.100000001,0.020000000
2026-07-04 17:54:51.058,1783158891.058553696,213.964642498,1,1,213.952191370,1,0.008596704,5,1,0.005790777,5,1,0,1,0,0,1,1,1,0,1,0,-1.000000000,0.000000000,0.000000000,0.000000000,0,-1.000000000,0,0,0,,0,-1.000000000,,0,0,0.000000000,0.000000000,0,-1.000000000,0,,0,-1.000000000,,0,-1.000000000,0,,1,-0.063187219,-3.620360979,-0.007326126,0.085470200,1,3.111025095,178.248607902,-0.002442360,-2.468376160,1,-2.880847216,-165.060386879,-0.002442360,2.673503876,1,-0.193217278,-11.070534531,0.007326126,0.422466278,1,0.870329857,49.866227583,0.012210846,-0.003663063,-0.012833213,-0.735288967,0.000000000,-0.000000000,2.000000000,1.000000000,3.149173021,180.434323078,0.000000000,-2.774265289,8.500000000,2.500000000,-2.881228685,-165.082243484,0.000000000,2.690469742,3.000000000,0.800000012,-0.194361687,-11.136104347,0.000000000,0.431063026,1.200000048,0.200000003,0.870713234,49.888193471,0.000000000,0.000140856,0.100000001,0.020000000
2026-07-04 17:54:52.058,1783158892.058384418,214.964473336,1,1,214.952022208,1,0.008823761,5,1,0.005816790,5,1,0,1,0,0,1,1,1,0,1,0,-1.000000000,0.000000000,0.000000000,0.000000000,0,-1.000000000,0,0,0,,0,-1.000000000,,0,0,0.000000000,0.000000000,0,-1.000000000,0,,0,-1.000000000,,0,-1.000000000,0,,1,-0.063187219,-3.620360979,-0.007326126,0.085470200,1,3.111025095,178.248607902,-0.002442360,-2.482051849,1,-2.880847216,-165.060386879,-0.002442360,2.673503876,1,-0.193217278,-11.070534531,-0.021978378,0.422466278,1,0.870713234,49.888193471,0.012210846,-0.003663063,-0.012833213,-0.735288967,0.000000000,-0.000000000,2.000000000,1.000000000,3.149173021,180.434323078,0.000000000,-2.774265289,8.500000000,2.500000000,-2.881228685,-165.082243484,0.000000000,2.690469742,3.000000000,0.800000012,-0.194361687,-11.136104347,0.000000000,0.431063026,1.200000048,0.200000003,0.870713234,49.888193471,0.000000000,0.000140856,0.100000001,0.020000000
2026-07-04 17:54:53.058,1783158893.058336735,215.964425822,1,1,215.951974694,1,0.008465257,5,1,0.005728370,5,1,0,1,0,0,1,1,1,0,1,0,-1.000000000,0.000000000,0.000000000,0.000000000,0,-1.000000000,0,0,0,,0,-1.000000000,,0,0,0.000000000,0.000000000,0,-1.000000000,0,,0,-1.000000000,,0,-1.000000000,0,,1,-0.063187219,-3.620360979,-0.007326126,0.085470200,1,3.111025095,178.248607902,-0.002442360,-2.482051849,1,-2.880847216,-165.060386879,-0.002442360,2.673503876,1,-0.193598747,-11.092391137,-0.007326126,0.422466278,1,0.870713234,49.888193471,0.036628723,-0.003663063,-0.012833213,-0.735288967,0.000000000,-0.000000000,2.000000000,1.000000000,3.149173021,180.434323078,0.000000000,-2.774265289,8.500000000,2.500000000,-2.881228685,-165.082243484,0.000000000,2.690469742,3.000000000,0.800000012,-0.194361687,-11.136104347,0.000000000,0.431063026,1.200000048,0.200000003,0.870713234,49.888193471,0.000000000,0.000140856,0.100000001,0.020000000
2026-07-04 17:54:54.058,1783158894.058126450,216.964215371,1,1,216.951764243,1,0.008447991,5,1,0.005621760,5,1,0,1,0,0,1,1,1,0,1,0,-1.000000000,0.000000000,0.000000000,0.000000000,0,-1.000000000,0,0,0,,0,-1.000000000,,0,0,0.000000000,0.000000000,0,-1.000000000,0,,0,-1.000000000,,0,-1.000000000,0,,1,-0.063187219,-3.620360979,-0.007326126,0.085470200,1,3.111025095,178.248607902,-0.007326126,-2.468376160,1,-2.880847216,-165.060386879,-0.002442360,2.673503876,1,-0.193598747,-11.092391137,-0.021978378,0.422466278,1,0.870329857,49.866227583,-0.036628723,-0.003663063,-0.012833213,-0.735288967,0.000000000,-0.000000000,2.000000000,1.000000000,3.149173021,180.434323078,0.000000000,-2.774265289,8.500000000,2.500000000,-2.881228685,-165.082243484,0.000000000,2.690469742,3.000000000,0.800000012,-0.194361687,-11.136104347,0.000000000,0.431063026,1.200000048,0.200000003,0.870713234,49.888193471,0.000000000,0.000140856,0.100000001,0.020000000
2026-07-04 17:54:55.057,1783158895.057929039,217.964017858,1,1,217.951566730,1,0.008847971,5,1,0.005761639,5,1,0,1,0,0,1,1,1,0,1,0,-1.000000000,0.000000000,0.000000000,0.000000000,0,-1.000000000,0,0,0,,0,-1.000000000,,0,0,0.000000000,0.000000000,0,-1.000000000,0,,0,-1.000000000,,0,-1.000000000,0,,1,-0.063187219,-3.620360979,-0.007326126,0.085470200,1,3.111025095,178.248607902,-0.002442360,-2.468376160,1,-2.880847216,-165.060386879,-0.007326126,2.673503876,1,-0.193598747,-11.092391137,-0.007326126,0.422466278,1,0.870329857,49.866227583,-0.012210846,-0.003663063,-0.012833213,-0.735288967,0.000000000,-0.000000000,2.000000000,1.000000000,3.149173021,180.434323078,0.000000000,-2.774265289,8.500000000,2.500000000,-2.881228685,-165.082243484,0.000000000,2.690469742,3.000000000,0.800000012,-0.194361687,-11.136104347,0.000000000,0.431063026,1.200000048,0.200000003,0.870713234,49.888193471,0.000000000,0.000140856,0.100000001,0.020000000
2026-07-04 17:54:56.057,1783158896.057811260,218.963900042,1,1,218.951448914,1,0.008960774,5,1,0.005830265,5,1,0,1,0,0,1,1,1,0,1,0,-1.000000000,0.000000000,0.000000000,0.000000000,0,-1.000000000,0,0,0,,0,-1.000000000,,0,0,0.000000000,0.000000000,0,-1.000000000,0,,0,-1.000000000,,0,-1.000000000,0,,1,-0.063187219,-3.620360979,0.007326126,0.090353966,1,3.111025095,178.248607902,-0.002442360,-2.468376160,1,-2.880847216,-165.060386879,-0.002442360,2.673503876,1,-0.193217278,-11.070534531,-0.007326126,0.422466278,1,0.870713234,49.888193471,0.012210846,-0.003663063,-0.012833213,-0.735288967,0.000000000,-0.000000000,2.000000000,1.000000000,3.149173021,180.434323078,0.000000000,-2.774265289,8.500000000,2.500000000,-2.881228685,-165.082243484,0.000000000,2.690469742,3.000000000,0.800000012,-0.194361687,-11.136104347,0.000000000,0.431063026,1.200000048,0.200000003,0.870713234,49.888193471,0.000000000,0.000140856,0.100000001,0.020000000
2026-07-04 17:54:57.057,1783158897.057643175,219.963732320,1,1,219.951281192,1,0.008902293,5,1,0.005716855,5,1,0,1,0,0,1,1,1,0,1,0,-1.000000000,0.000000000,0.000000000,0.000000000,0,-1.000000000,0,0,0,,0,-1.000000000,,0,0,0.000000000,0.000000000,0,-1.000000000,0,,0,-1.000000000,,0,-1.000000000,0,,1,-0.063187219,-3.620360979,-0.021978378,0.085470200,1,3.111025095,178.248607902,-0.002442360,-2.468376160,1,-2.880847216,-165.060386879,-0.002442360,2.673503876,1,-0.193217278,-11.070534531,0.007326126,0.422466278,1,0.870329857,49.866227583,-0.012210846,-0.003663063,-0.012833213,-0.735288967,0.000000000,-0.000000000,2.000000000,1.000000000,3.149173021,180.434323078,0.000000000,-2.774265289,8.500000000,2.500000000,-2.881228685,-165.082243484,0.000000000,2.690469742,3.000000000,0.800000012,-0.194361687,-11.136104347,0.000000000,0.431063026,1.200000048,0.200000003,0.870713234,49.888193471,0.000000000,0.000140856,0.100000001,0.020000000
2026-07-04 17:54:58.057,1783158898.057522535,220.963611385,1,1,220.951160257,1,0.008237467,5,1,0.005404418,5,1,0,1,0,0,1,1,1,0,1,0,-1.000000000,0.000000000,0.000000000,0.000000000,0,-1.000000000,0,0,0,,0,-1.000000000,,0,0,0.000000000,0.000000000,0,-1.000000000,0,,0,-1.000000000,,0,-1.000000000,0,,1,-0.063187219,-3.620360979,0.007326126,0.085470200,1,3.111025095,178.248607902,-0.007326126,-2.482051849,1,-2.880847216,-165.060386879,-0.002442360,2.687179565,1,-0.193217278,-11.070534531,0.007326126,0.422466278,1,0.870329857,49.866227583,0.012210846,-0.001221180,-0.012833213,-0.735288967,0.000000000,-0.000000000,2.000000000,1.000000000,3.149173021,180.434323078,0.000000000,-2.774265289,8.500000000,2.500000000,-2.881228685,-165.082243484,0.000000000,2.690469742,3.000000000,0.800000012,-0.194361687,-11.136104347,0.000000000,0.431063026,1.200000048,0.200000003,0.870713234,49.888193471,0.000000000,0.000140856,0.100000001,0.020000000
2026-07-04 17:54:59.057,1783158899.057331562,221.963420305,1,1,221.950969177,1,0.008842711,5,1,0.005784853,5,1,0,1,0,0,1,1,1,0,1,0,-1.000000000,0.000000000,0.000000000,0.000000000,0,-1.000000000,0,0,0,,0,-1.000000000,,0,0,0.000000000,0.000000000,0,-1.000000000,0,,0,-1.000000000,,0,-1.000000000,0,,1,-0.063187219,-3.620360979,-0.007326126,0.085470200,1,3.111025095,178.248607902,-0.002442360,-2.482051849,1,-2.880847216,-165.060386879,-0.002442360,2.673503876,1,-0.193217278,-11.070534531,0.007326126,0.422466278,1,0.870713234,49.888193471,-0.012210846,-0.001221180,-0.012833213,-0.735288967,0.000000000,-0.000000000,2.000000000,1.000000000,3.149173021,180.434323078,0.000000000,-2.774265289,8.500000000,2.500000000,-2.881228685,-165.082243484,0.000000000,2.690469742,3.000000000,0.800000012,-0.194361687,-11.136104347,0.000000000,0.431063026,1.200000048,0.200000003,0.870713234,49.888193471,0.000000000,0.000140856,0.100000001,0.020000000
2026-07-04 17:55:00.057,1783158900.057194471,222.963283454,1,1,222.950832326,1,0.008794482,5,1,0.005869028,5,1,0,1,0,0,1,1,1,0,1,0,-1.000000000,0.000000000,0.000000000,0.000000000,0,-1.000000000,0,0,0,,0,-1.000000000,,0,0,0.000000000,0.000000000,0,-1.000000000,0,,0,-1.000000000,,0,-1.000000000,0,,1,-0.063187219,-3.620360979,0.007326126,0.085470200,1,3.111025095,178.248607902,-0.002442360,-2.468376160,1,-2.880847216,-165.060386879,-0.002442360,2.673503876,1,-0.193598747,-11.092391137,0.007326126,0.422466278,1,0.870329857,49.866227583,-0.012210846,-0.003663063,-0.012833213,-0.735288967,0.000000000,-0.000000000,2.000000000,1.000000000,3.149173021,180.434323078,0.000000000,-2.774265289,8.500000000,2.500000000,-2.881228685,-165.082243484,0.000000000,2.690469742,3.000000000,0.800000012,-0.194361687,-11.136104347,0.000000000,0.431063026,1.200000048,0.200000003,0.870713234,49.888193471,0.000000000,0.000140856,0.100000001,0.020000000
2026-07-04 17:55:01.057,1783158901.057078600,223.963167532,1,1,223.950716404,1,0.008800127,5,1,0.005626846,5,1,0,1,0,0,1,1,1,0,1,0,-1.000000000,0.000000000,0.000000000,0.000000000,0,-1.000000000,0,0,0,,0,-1.000000000,,0,0,0.000000000,0.000000000,0,-1.000000000,0,,0,-1.000000000,,0,-1.000000000,0,,1,-0.063187219,-3.620360979,-0.007326126,0.085470200,1,3.111025095,178.248607902,-0.002442360,-2.482051849,1,-2.880847216,-165.060386879,-0.002442360,2.687179565,1,-0.193217278,-11.070534531,-0.007326126,0.422466278,1,0.870713234,49.888193471,0.012210846,-0.003663063,-0.012833213,-0.735288967,0.000000000,-0.000000000,2.000000000,1.000000000,3.149173021,180.434323078,0.000000000,-2.774265289,8.500000000,2.500000000,-2.881228685,-165.082243484,0.000000000,2.690469742,3.000000000,0.800000012,-0.194361687,-11.136104347,0.000000000,0.431063026,1.200000048,0.200000003,0.870713234,49.888193471,0.000000000,0.000140856,0.100000001,0.020000000
2026-07-04 17:55:02.057,1783158902.056925535,224.963014465,1,1,224.950563337,1,0.008747153,5,1,0.005660351,5,1,0,1,0,0,1,1,1,0,1,0,-1.000000000,0.000000000,0.000000000,0.000000000,0,-1.000000000,0,0,0,,0,-1.000000000,,0,0,0.000000000,0.000000000,0,-1.000000000,0,,0,-1.000000000,,0,-1.000000000,0,,1,-0.063187219,-3.620360979,-0.007326126,0.085470200,1,3.111025095,178.248607902,-0.002442360,-2.468376160,1,-2.880847216,-165.060386879,-0.002442360,2.673503876,1,-0.193217278,-11.070534531,-0.007326126,0.422466278,1,0.870329857,49.866227583,-0.036628723,-0.003663063,-0.012833213,-0.735288967,0.000000000,-0.000000000,2.000000000,1.000000000,3.149173021,180.434323078,0.000000000,-2.774265289,8.500000000,2.500000000,-2.881228685,-165.082243484,0.000000000,2.690469742,3.000000000,0.800000012,-0.194361687,-11.136104347,0.000000000,0.431063026,1.200000048,0.200000003,0.870713234,49.888193471,0.000000000,0.000140856,0.100000001,0.020000000
2026-07-04 17:55:03.056,1783158903.056767464,225.962856538,1,1,225.950405410,1,0.008826857,5,1,0.005847188,5,1,0,1,0,0,1,1,1,0,1,0,-1.000000000,0.000000000,0.000000000,0.000000000,0,-1.000000000,0,0,0,,0,-1.000000000,,0,0,0.000000000,0.000000000,0,-1.000000000,0,,0,-1.000000000,,0,-1.000000000,0,,1,-0.063187219,-3.620360979,-0.007326126,0.085470200,1,3.111025095,178.248607902,-0.007326126,-2.482051849,1,-2.880847216,-165.060386879,-0.002442360,2.673503876,1,-0.193217278,-11.070534531,-0.021978378,0.422466278,1,0.870329857,49.866227583,-0.036628723,-0.003663063,-0.012833213,-0.735288967,0.000000000,-0.000000000,2.000000000,1.000000000,3.149173021,180.434323078,0.000000000,-2.774265289,8.500000000,2.500000000,-2.881228685,-165.082243484,0.000000000,2.690469742,3.000000000,0.800000012,-0.194361687,-11.136104347,0.000000000,0.431063026,1.200000048,0.200000003,0.870713234,49.888193471,0.000000000,0.000140856,0.100000001,0.020000000
2026-07-04 17:55:04.056,1783158904.056630611,226.962719389,1,1,226.950268261,1,0.008689790,5,1,0.005592863,5,1,0,1,0,0,1,1,1,0,1,0,-1.000000000,0.000000000,0.000000000,0.000000000,0,-1.000000000,0,0,0,,0,-1.000000000,,0,0,0.000000000,0.000000000,0,-1.000000000,0,,0,-1.000000000,,0,-1.000000000,0,,1,-0.063187219,-3.620360979,-0.007326126,0.085470200,1,3.111025095,178.248607902,-0.002442360,-2.468376160,1,-2.880847216,-165.060386879,-0.002442360,2.687179565,1,-0.193598747,-11.092391137,-0.021978378,0.422466278,1,0.870329857,49.866227583,-0.012210846,-0.003663063,-0.012833213,-0.735288967,0.000000000,-0.000000000,2.000000000,1.000000000,3.149173021,180.434323078,0.000000000,-2.774265289,8.500000000,2.500000000,-2.881228685,-165.082243484,0.000000000,2.690469742,3.000000000,0.800000012,-0.194361687,-11.136104347,0.000000000,0.431063026,1.200000048,0.200000003,0.870713234,49.888193471,0.000000000,0.000140856,0.100000001,0.020000000
2026-07-04 17:55:05.056,1783158905.056476593,227.962565721,1,1,227.950114593,1,0.008619242,5,1,0.005805331,5,1,0,1,0,0,1,1,1,0,1,0,-1.000000000,0.000000000,0.000000000,0.000000000,0,-1.000000000,0,0,0,,0,-1.000000000,,0,0,0.000000000,0.000000000,0,-1.000000000,0,,0,-1.000000000,,0,-1.000000000,0,,1,-0.063187219,-3.620360979,-0.007326126,0.085470200,1,3.111025095,178.248607902,-0.002442360,-2.468376160,1,-2.880847216,-165.060386879,-0.002442360,2.673503876,1,-0.193598747,-11.092391137,-0.007326126,0.422466278,1,0.870329857,49.866227583,-0.012210846,-0.003663063,-0.012833213,-0.735288967,0.000000000,-0.000000000,2.000000000,1.000000000,3.149173021,180.434323078,0.000000000,-2.774265289,8.500000000,2.500000000,-2.881228685,-165.082243484,0.000000000,2.690469742,3.000000000,0.800000012,-0.194361687,-11.136104347,0.000000000,0.431063026,1.200000048,0.200000003,0.870713234,49.888193471,0.000000000,0.000140856,0.100000001,0.020000000
2026-07-04 17:55:06.056,1783158906.056320429,228.962409422,1,1,228.949958294,1,0.008552799,5,1,0.005728528,5,1,0,1,0,0,1,1,1,0,1,0,-1.000000000,0.000000000,0.000000000,0.000000000,0,-1.000000000,0,0,0,,0,-1.000000000,,0,0,0.000000000,0.000000000,0,-1.000000000,0,,0,-1.000000000,,0,-1.000000000,0,,1,-0.063187219,-3.620360979,0.007326126,0.085470200,1,3.111025095,178.248607902,-0.002442360,-2.468376160,1,-2.880847216,-165.060386879,-0.002442360,2.673503876,1,-0.193217278,-11.070534531,-0.007326126,0.422466278,1,0.870329857,49.866227583,-0.036628723,-0.003663063,-0.012833213,-0.735288967,0.000000000,-0.000000000,2.000000000,1.000000000,3.149173021,180.434323078,0.000000000,-2.774265289,8.500000000,2.500000000,-2.881228685,-165.082243484,0.000000000,2.690469742,3.000000000,0.800000012,-0.194361687,-11.136104347,0.000000000,0.431063026,1.200000048,0.200000003,0.870713234,49.888193471,0.000000000,0.000140856,0.100000001,0.020000000
2026-07-04 17:55:07.056,1783158907.056158543,229.962247493,1,1,229.949796365,1,0.008768425,5,1,0.005810843,5,1,0,1,0,0,1,1,1,0,1,0,-1.000000000,0.000000000,0.000000000,0.000000000,0,-1.000000000,0,0,0,,0,-1.000000000,,0,0,0.000000000,0.000000000,0,-1.000000000,0,,0,-1.000000000,,0,-1.000000000,0,,1,-0.063187219,-3.620360979,-0.007326126,0.085470200,1,3.111025095,178.248607902,-0.002442360,-2.468376160,1,-2.880847216,-165.060386879,-0.002442360,2.673503876,1,-0.193598747,-11.092391137,-0.021978378,0.422466278,1,0.870329857,49.866227583,-0.036628723,-0.001221180,-0.012833213,-0.735288967,0.000000000,-0.000000000,2.000000000,1.000000000,3.149173021,180.434323078,0.000000000,-2.774265289,8.500000000,2.500000000,-2.881228685,-165.082243484,0.000000000,2.690469742,3.000000000,0.800000012,-0.194361687,-11.136104347,0.000000000,0.431063026,1.200000048,0.200000003,0.870713234,49.888193471,0.000000000,0.000140856,0.100000001,0.020000000
2026-07-04 17:55:08.056,1783158908.056008101,230.962097052,1,1,230.949645924,1,0.008925286,5,1,0.005843995,5,1,0,1,0,0,1,1,1,0,1,0,-1.000000000,0.000000000,0.000000000,0.000000000,0,-1.000000000,0,0,0,,0,-1.000000000,,0,0,0.000000000,0.000000000,0,-1.000000000,0,,0,-1.000000000,,0,-1.000000000,0,,1,-0.063187219,-3.620360979,-0.007326126,0.090353966,1,3.111025095,178.248607902,-0.002442360,-2.482051849,1,-2.880847216,-165.060386879,0.002442360,2.687179565,1,-0.193598747,-11.092391137,-0.021978378,0.422466278,1,0.870713234,49.888193471,-0.012210846,-0.003663063,-0.012833213,-0.735288967,0.000000000,-0.000000000,2.000000000,1.000000000,3.149173021,180.434323078,0.000000000,-2.774265289,8.500000000,2.500000000,-2.881228685,-165.082243484,0.000000000,2.690469742,3.000000000,0.800000012,-0.194361687,-11.136104347,0.000000000,0.431063026,1.200000048,0.200000003,0.870713234,49.888193471,0.000000000,0.000140856,0.100000001,0.020000000
2026-07-04 17:55:09.055,1783158909.055846930,231.961935809,1,1,231.949484681,1,0.008876225,5,1,0.005813806,5,1,0,1,0,0,1,1,1,0,1,0,-1.000000000,0.000000000,0.000000000,0.000000000,0,-1.000000000,0,0,0,,0,-1.000000000,,0,0,0.000000000,0.000000000,0,-1.000000000,0,,0,-1.000000000,,0,-1.000000000,0,,1,-0.063187219,-3.620360979,0.007326126,0.085470200,1,3.111025095,178.248607902,-0.002442360,-2.468376160,1,-2.880847216,-165.060386879,-0.007326126,2.673503876,1,-0.193598747,-11.092391137,0.007326126,0.422466278,1,0.870329857,49.866227583,-0.012210846,-0.001221180,-0.012833213,-0.735288967,0.000000000,-0.000000000,2.000000000,1.000000000,3.149173021,180.434323078,0.000000000,-2.774265289,8.500000000,2.500000000,-2.881228685,-165.082243484,0.000000000,2.690469742,3.000000000,0.800000012,-0.194361687,-11.136104347,0.000000000,0.431063026,1.200000048,0.200000003,0.870713234,49.888193471,0.000000000,0.000140856,0.100000001,0.020000000
2026-07-04 17:55:10.055,1783158910.055742979,232.961831858,1,1,232.949380730,1,0.008765432,5,1,0.005707814,5,1,0,1,0,0,1,1,1,0,1,0,-1.000000000,0.000000000,0.000000000,0.000000000,0,-1.000000000,0,0,0,,0,-1.000000000,,0,0,0.000000000,0.000000000,0,-1.000000000,0,,0,-1.000000000,,0,-1.000000000,0,,1,-0.063187219,-3.620360979,-0.007326126,0.085470200,1,3.111025095,178.248607902,-0.002442360,-2.482051849,1,-2.880847216,-165.060386879,-0.002442360,2.673503876,1,-0.193217278,-11.070534531,0.007326126,0.422466278,1,0.870329857,49.866227583,-0.012210846,-0.003663063,-0.012833213,-0.735288967,0.000000000,-0.000000000,2.000000000,1.000000000,3.149173021,180.434323078,0.000000000,-2.774265289,8.500000000,2.500000000,-2.881228685,-165.082243484,0.000000000,2.690469742,3.000000000,0.800000012,-0.194361687,-11.136104347,0.000000000,0.431063026,1.200000048,0.200000003,0.870713234,49.888193471,0.000000000,0.000140856,0.100000001,0.020000000
2026-07-04 17:55:11.055,1783158911.055642128,233.961731137,1,1,233.949280009,1,0.008699980,5,1,0.005613558,5,1,0,1,0,0,1,1,1,0,1,0,-1.000000000,0.000000000,0.000000000,0.000000000,0,-1.000000000,0,0,0,,0,-1.000000000,,0,0,0.000000000,0.000000000,0,-1.000000000,0,,0,-1.000000000,,0,-1.000000000,0,,1,-0.063187219,-3.620360979,-0.007326126,0.080586433,1,3.111025095,178.248607902,0.002442360,-2.482051849,1,-2.880847216,-165.060386879,-0.002442360,2.673503876,1,-0.193217278,-11.070534531,-0.007326126,0.422466278,1,0.870329857,49.866227583,-0.012210846,-0.003663063,-0.012833213,-0.735288967,0.000000000,-0.000000000,2.000000000,1.000000000,3.149173021,180.434323078,0.000000000,-2.774265289,8.500000000,2.500000000,-2.881228685,-165.082243484,0.000000000,2.690469742,3.000000000,0.800000012,-0.194361687,-11.136104347,0.000000000,0.431063026,1.200000048,0.200000003,0.870713234,49.888193471,0.000000000,0.000140856,0.100000001,0.020000000
2026-07-04 17:55:12.055,1783158912.055423260,234.961512188,1,1,234.949061060,1,0.008916982,5,1,0.005745730,5,1,0,1,0,0,1,1,1,0,1,0,-1.000000000,0.000000000,0.000000000,0.000000000,0,-1.000000000,0,0,0,,0,-1.000000000,,0,0,0.000000000,0.000000000,0,-1.000000000,0,,0,-1.000000000,,0,-1.000000000,0,,1,-0.063187219,-3.620360979,-0.007326126,0.085470200,1,3.111025095,178.248607902,-0.002442360,-2.482051849,1,-2.880847216,-165.060386879,-0.007326126,2.673503876,1,-0.193217278,-11.070534531,0.007326126,0.422466278,1,0.870713234,49.888193471,0.012210846,-0.003663063,-0.012833213,-0.735288967,0.000000000,-0.000000000,2.000000000,1.000000000,3.149173021,180.434323078,0.000000000,-2.774265289,8.500000000,2.500000000,-2.881228685,-165.082243484,0.000000000,2.690469742,3.000000000,0.800000012,-0.194361687,-11.136104347,0.000000000,0.431063026,1.200000048,0.200000003,0.870713234,49.888193471,0.000000000,0.000140856,0.100000001,0.020000000
2026-07-04 17:55:13.055,1783158913.055368900,235.961457812,1,1,235.949006684,1,0.008267251,5,1,0.005747662,5,1,0,1,0,0,1,1,1,0,1,0,-1.000000000,0.000000000,0.000000000,0.000000000,0,-1.000000000,0,0,0,,0,-1.000000000,,0,0,0.000000000,0.000000000,0,-1.000000000,0,,0,-1.000000000,,0,-1.000000000,0,,1,-0.063187219,-3.620360979,-0.036630630,0.085470200,1,3.111025095,178.248607902,-0.002442360,-2.482051849,1,-2.880847216,-165.060386879,-0.002442360,2.659828186,1,-0.193598747,-11.092391137,-0.007326126,0.422466278,1,0.870329857,49.866227583,-0.012210846,-0.003663063,-0.012833213,-0.735288967,0.000000000,-0.000000000,2.000000000,1.000000000,3.149173021,180.434323078,0.000000000,-2.774265289,8.500000000,2.500000000,-2.881228685,-165.082243484,0.000000000,2.690469742,3.000000000,0.800000012,-0.194361687,-11.136104347,0.000000000,0.431063026,1.200000048,0.200000003,0.870713234,49.888193471,0.000000000,0.000140856,0.100000001,0.020000000
2026-07-04 17:55:14.055,1783158914.055193424,236.961282343,1,1,236.948831215,1,0.008665841,5,1,0.005804736,5,1,0,1,0,0,1,1,1,0,1,0,-1.000000000,0.000000000,0.000000000,0.000000000,0,-1.000000000,0,0,0,,0,-1.000000000,,0,0,0.000000000,0.000000000,0,-1.000000000,0,,0,-1.000000000,,0,-1.000000000,0,,1,-0.063187219,-3.620360979,-0.007326126,0.085470200,1,3.111025095,178.248607902,-0.007326126,-2.482051849,1,-2.880847216,-165.060386879,-0.002442360,2.687179565,1,-0.193217278,-11.070534531,-0.007326126,0.422466278,1,0.870329857,49.866227583,-0.012210846,-0.003663063,-0.012833213,-0.735288967,0.000000000,-0.000000000,2.000000000,1.000000000,3.149173021,180.434323078,0.000000000,-2.774265289,8.500000000,2.500000000,-2.881228685,-165.082243484,0.000000000,2.690469742,3.000000000,0.800000012,-0.194361687,-11.136104347,0.000000000,0.431063026,1.200000048,0.200000003,0.870713234,49.888193471,0.000000000,0.000140856,0.100000001,0.020000000
2026-07-04 17:55:15.055,1783158915.055000067,237.961089028,1,1,237.948637900,1,0.008799505,5,1,0.005686592,5,1,0,1,0,0,1,1,1,0,1,0,-1.000000000,0.000000000,0.000000000,0.000000000,0,-1.000000000,0,0,0,,0,-1.000000000,,0,0,0.000000000,0.000000000,0,-1.000000000,0,,0,-1.000000000,,0,-1.000000000,0,,1,-0.063187219,-3.620360979,-0.007326126,0.085470200,1,3.111025095,178.248607902,0.002442360,-2.468376160,1,-2.880847216,-165.060386879,-0.002442360,2.673503876,1,-0.193217278,-11.070534531,0.007326126,0.422466278,1,0.870329857,49.866227583,-0.012210846,-0.003663063,-0.012833213,-0.735288967,0.000000000,-0.000000000,2.000000000,1.000000000,3.149173021,180.434323078,0.000000000,-2.774265289,8.500000000,2.500000000,-2.881228685,-165.082243484,0.000000000,2.690469742,3.000000000,0.800000012,-0.194361687,-11.136104347,0.000000000,0.431063026,1.200000048,0.200000003,0.870713234,49.888193471,0.000000000,0.000140856,0.100000001,0.020000000
2026-07-04 17:55:16.054,1783158916.054891586,238.960980562,1,1,238.948529434,1,0.008741823,5,1,0.005569959,5,1,0,1,0,0,1,1,1,0,1,0,-1.000000000,0.000000000,0.000000000,0.000000000,0,-1.000000000,0,0,0,,0,-1.000000000,,0,0,0.000000000,0.000000000,0,-1.000000000,0,,0,-1.000000000,,0,-1.000000000,0,,1,-0.063187219,-3.620360979,-0.007326126,0.085470200,1,3.111025095,178.248607902,-0.002442360,-2.468376160,1,-2.880847216,-165.060386879,-0.002442360,2.687179565,1,-0.193217278,-11.070534531,0.007326126,0.422466278,1,0.870329857,49.866227583,-0.036628723,-0.003663063,-0.012833213,-0.735288967,0.000000000,-0.000000000,2.000000000,1.000000000,3.149173021,180.434323078,0.000000000,-2.774265289,8.500000000,2.500000000,-2.881228685,-165.082243484,0.000000000,2.690469742,3.000000000,0.800000012,-0.194361687,-11.136104347,0.000000000,0.431063026,1.200000048,0.200000003,0.870713234,49.888193471,0.000000000,0.000140856,0.100000001,0.020000000
2026-07-04 17:55:17.054,1783158917.054740906,239.960829842,1,1,239.948378714,1,0.008559188,5,1,0.005682795,5,1,0,1,0,0,1,1,1,0,1,0,-1.000000000,0.000000000,0.000000000,0.000000000,0,-1.000000000,0,0,0,,0,-1.000000000,,0,0,0.000000000,0.000000000,0,-1.000000000,0,,0,-1.000000000,,0,-1.000000000,0,,1,-0.063187219,-3.620360979,0.007326126,0.090353966,1,3.111025095,178.248607902,-0.002442360,-2.482051849,1,-2.880847216,-165.060386879,-0.002442360,2.673503876,1,-0.193217278,-11.070534531,-0.007326126,0.422466278,1,0.870713234,49.888193471,-0.012210846,-0.003663063,-0.012833213,-0.735288967,0.000000000,-0.000000000,2.000000000,1.000000000,3.149173021,180.434323078,0.000000000,-2.774265289,8.500000000,2.500000000,-2.881228685,-165.082243484,0.000000000,2.690469742,3.000000000,0.800000012,-0.194361687,-11.136104347,0.000000000,0.431063026,1.200000048,0.200000003,0.870713234,49.888193471,0.000000000,0.000140856,0.100000001,0.020000000
2026-07-04 17:55:18.054,1783158918.054558039,240.960646884,1,1,240.948195756,1,0.008285463,5,1,0.005680471,5,1,0,1,0,0,1,1,1,0,1,0,-1.000000000,0.000000000,0.000000000,0.000000000,0,-1.000000000,0,0,0,,0,-1.000000000,,0,0,0.000000000,0.000000000,0,-1.000000000,0,,0,-1.000000000,,0,-1.000000000,0,,1,-0.063187219,-3.620360979,-0.007326126,0.085470200,1,3.111025095,178.248607902,-0.002442360,-2.482051849,1,-2.880847216,-165.060386879,-0.007326126,2.673503876,1,-0.193217278,-11.070534531,-0.021978378,0.422466278,1,0.870329857,49.866227583,-0.036628723,-0.003663063,-0.012833213,-0.735288967,0.000000000,-0.000000000,2.000000000,1.000000000,3.149173021,180.434323078,0.000000000,-2.774265289,8.500000000,2.500000000,-2.881228685,-165.082243484,0.000000000,2.690469742,3.000000000,0.800000012,-0.194361687,-11.136104347,0.000000000,0.431063026,1.200000048,0.200000003,0.870713234,49.888193471,0.000000000,0.000140856,0.100000001,0.020000000
2026-07-04 17:55:19.054,1783158919.054414511,241.960503630,1,1,241.948052502,1,0.008593064,5,1,0.005776434,5,1,0,1,0,0,1,1,1,0,1,0,-1.000000000,0.000000000,0.000000000,0.000000000,0,-1.000000000,0,0,0,,0,-1.000000000,,0,0,0.000000000,0.000000000,0,-1.000000000,0,,0,-1.000000000,,0,-1.000000000,0,,1,-0.063187219,-3.620360979,-0.007326126,0.085470200,1,3.111025095,178.248607902,-0.002442360,-2.482051849,1,-2.880847216,-165.060386879,-0.002442360,2.673503876,1,-0.193217278,-11.070534531,-0.007326126,0.422466278,1,0.870329857,49.866227583,0.012210846,-0.003663063,-0.012833213,-0.735288967,0.000000000,-0.000000000,2.000000000,1.000000000,3.149173021,180.434323078,0.000000000,-2.774265289,8.500000000,2.500000000,-2.881228685,-165.082243484,0.000000000,2.690469742,3.000000000,0.800000012,-0.194361687,-11.136104347,0.000000000,0.431063026,1.200000048,0.200000003,0.870713234,49.888193471,0.000000000,0.000140856,0.100000001,0.020000000
2026-07-04 17:55:20.054,1783158920.054343700,242.960432518,1,1,242.947981390,1,0.007664837,5,1,0.005549458,5,1,0,1,0,0,1,1,1,0,1,0,-1.000000000,0.000000000,0.000000000,0.000000000,0,-1.000000000,0,0,0,,0,-1.000000000,,0,0,0.000000000,0.000000000,0,-1.000000000,0,,0,-1.000000000,,0,-1.000000000,0,,1,-0.063187219,-3.620360979,-0.007326126,0.085470200,1,3.111025095,178.248607902,-0.002442360,-2.482051849,1,-2.880847216,-165.060386879,-0.002442360,2.673503876,1,-0.193217278,-11.070534531,-0.007326126,0.422466278,1,0.870329857,49.866227583,0.012210846,-0.003663063,-0.012833213,-0.735288967,0.000000000,-0.000000000,2.000000000,1.000000000,3.149173021,180.434323078,0.000000000,-2.774265289,8.500000000,2.500000000,-2.881228685,-165.082243484,0.000000000,2.690469742,3.000000000,0.800000012,-0.194361687,-11.136104347,0.000000000,0.431063026,1.200000048,0.200000003,0.870713234,49.888193471,0.000000000,0.000140856,0.100000001,0.020000000
2026-07-04 17:55:21.054,1783158921.054162264,243.960251256,1,1,243.947800128,1,0.008654749,5,1,0.005493975,5,1,0,1,0,0,1,1,1,0,1,0,-1.000000000,0.000000000,0.000000000,0.000000000,0,-1.000000000,0,0,0,,0,-1.000000000,,0,0,0.000000000,0.000000000,0,-1.000000000,0,,0,-1.000000000,,0,-1.000000000,0,,1,-0.063187219,-3.620360979,-0.021978378,0.085470200,1,3.111025095,178.248607902,-0.002442360,-2.468376160,1,-2.880847216,-165.060386879,-0.002442360,2.673503876,1,-0.193217278,-11.070534531,-0.007326126,0.422466278,1,0.870329857,49.866227583,-0.012210846,-0.001221180,-0.012833213,-0.735288967,0.000000000,-0.000000000,2.000000000,1.000000000,3.149173021,180.434323078,0.000000000,-2.774265289,8.500000000,2.500000000,-2.881228685,-165.082243484,0.000000000,2.690469742,3.000000000,0.800000012,-0.194361687,-11.136104347,0.000000000,0.431063026,1.200000048,0.200000003,0.870713234,49.888193471,0.000000000,0.000140856,0.100000001,0.020000000
2026-07-04 17:55:22.054,1783158922.053997278,244.960086304,1,1,244.947635176,1,0.008905248,5,1,0.005792492,5,1,0,1,0,0,1,1,1,0,1,0,-1.000000000,0.000000000,0.000000000,0.000000000,0,-1.000000000,0,0,0,,0,-1.000000000,,0,0,0.000000000,0.000000000,0,-1.000000000,0,,0,-1.000000000,,0,-1.000000000,0,,1,-0.063187219,-3.620360979,0.021978378,0.085470200,1,3.111025095,178.248607902,-0.002442360,-2.468376160,1,-2.880847216,-165.060386879,-0.002442360,2.673503876,1,-0.193217278,-11.070534531,-0.007326126,0.422466278,1,0.870329857,49.866227583,-0.012210846,-0.003663063,-0.012833213,-0.735288967,0.000000000,-0.000000000,2.000000000,1.000000000,3.149173021,180.434323078,0.000000000,-2.774265289,8.500000000,2.500000000,-2.881228685,-165.082243484,0.000000000,2.690469742,3.000000000,0.800000012,-0.194361687,-11.136104347,0.000000000,0.431063026,1.200000048,0.200000003,0.870713234,49.888193471,0.000000000,0.000140856,0.100000001,0.020000000
2026-07-04 17:55:23.054,1783158923.053943157,245.960032037,1,1,245.947580909,1,0.008674090,5,1,0.005721984,5,1,0,1,0,0,1,1,1,0,1,0,-1.000000000,0.000000000,0.000000000,0.000000000,0,-1.000000000,0,0,0,,0,-1.000000000,,0,0,0.000000000,0.000000000,0,-1.000000000,0,,0,-1.000000000,,0,-1.000000000,0,,1,-0.063187219,-3.620360979,-0.007326126,0.085470200,1,3.111025095,178.248607902,-0.002442360,-2.482051849,1,-2.880847216,-165.060386879,-0.002442360,2.673503876,1,-0.193217278,-11.070534531,0.007326126,0.422466278,1,0.870329857,49.866227583,-0.012210846,-0.001221180,-0.012833213,-0.735288967,0.000000000,-0.000000000,2.000000000,1.000000000,3.149173021,180.434323078,0.000000000,-2.774265289,8.500000000,2.500000000,-2.881228685,-165.082243484,0.000000000,2.690469742,3.000000000,0.800000012,-0.194361687,-11.136104347,0.000000000,0.431063026,1.200000048,0.200000003,0.870713234,49.888193471,0.000000000,0.000140856,0.100000001,0.020000000
2026-07-04 17:55:24.053,1783158924.053742170,246.959830937,1,1,246.947379809,1,0.008697665,5,1,0.005531319,5,1,0,1,0,0,1,1,1,0,1,0,-1.000000000,0.000000000,0.000000000,0.000000000,0,-1.000000000,0,0,0,,0,-1.000000000,,0,0,0.000000000,0.000000000,0,-1.000000000,0,,0,-1.000000000,,0,-1.000000000,0,,1,-0.063187219,-3.620360979,-0.007326126,0.085470200,1,3.111025095,178.248607902,-0.002442360,-2.482051849,1,-2.880847216,-165.060386879,0.002442360,2.673503876,1,-0.193217278,-11.070534531,-0.007326126,0.422466278,1,0.870329857,49.866227583,-0.012210846,-0.001221180,-0.012833213,-0.735288967,0.000000000,-0.000000000,2.000000000,1.000000000,3.149173021,180.434323078,0.000000000,-2.774265289,8.500000000,2.500000000,-2.881228685,-165.082243484,0.000000000,2.690469742,3.000000000,0.800000012,-0.194361687,-11.136104347,0.000000000,0.431063026,1.200000048,0.200000003,0.870713234,49.888193471,0.000000000,0.000140856,0.100000001,0.020000000
2026-07-04 17:55:25.053,1783158925.053551674,247.959640518,1,1,247.947189390,1,0.008767068,5,1,0.005763155,5,1,0,1,0,0,1,1,1,0,1,0,-1.000000000,0.000000000,0.000000000,0.000000000,0,-1.000000000,0,0,0,,0,-1.000000000,,0,0,0.000000000,0.000000000,0,-1.000000000,0,,0,-1.000000000,,0,-1.000000000,0,,1,-0.063187219,-3.620360979,-0.007326126,0.085470200,1,3.111025095,178.248607902,-0.002442360,-2.468376160,1,-2.880847216,-165.060386879,-0.002442360,2.673503876,1,-0.193598747,-11.092391137,-0.007326126,0.422466278,1,0.870713234,49.888193471,-0.012210846,-0.001221180,-0.012833213,-0.735288967,0.000000000,-0.000000000,2.000000000,1.000000000,3.149173021,180.434323078,0.000000000,-2.774265289,8.500000000,2.500000000,-2.881228685,-165.082243484,0.000000000,2.690469742,3.000000000,0.800000012,-0.194361687,-11.136104347,0.000000000,0.431063026,1.200000048,0.200000003,0.870713234,49.888193471,0.000000000,0.000140856,0.100000001,0.020000000
2026-07-04 17:55:26.053,1783158926.053429842,248.959518767,1,1,248.947067639,1,0.008532018,5,1,0.005605982,5,1,0,1,0,0,1,1,1,0,1,0,-1.000000000,0.000000000,0.000000000,0.000000000,0,-1.000000000,0,0,0,,0,-1.000000000,,0,0,0.000000000,0.000000000,0,-1.000000000,0,,0,-1.000000000,,0,-1.000000000,0,,1,-0.063187219,-3.620360979,-0.007326126,0.085470200,1,3.111025095,178.248607902,-0.002442360,-2.482051849,1,-2.880847216,-165.060386879,-0.002442360,2.673503876,1,-0.193217278,-11.070534531,-0.007326126,0.422466278,1,0.870329857,49.866227583,0.012210846,-0.003663063,-0.012833213,-0.735288967,0.000000000,-0.000000000,2.000000000,1.000000000,3.149173021,180.434323078,0.000000000,-2.774265289,8.500000000,2.500000000,-2.881228685,-165.082243484,0.000000000,2.690469742,3.000000000,0.800000012,-0.194361687,-11.136104347,0.000000000,0.431063026,1.200000048,0.200000003,0.870713234,49.888193471,0.000000000,0.000140856,0.100000001,0.020000000
2026-07-04 17:55:27.053,1783158927.053271770,249.959360755,1,1,249.946909627,1,0.008724435,5,1,0.005805062,5,1,0,1,0,0,1,1,1,0,1,0,-1.000000000,0.000000000,0.000000000,0.000000000,0,-1.000000000,0,0,0,,0,-1.000000000,,0,0,0.000000000,0.000000000,0,-1.000000000,0,,0,-1.000000000,,0,-1.000000000,0,,1,-0.063187219,-3.620360979,-0.007326126,0.085470200,1,3.111025095,178.248607902,-0.002442360,-2.482051849,1,-2.880847216,-165.060386879,-0.002442360,2.687179565,1,-0.193598747,-11.092391137,0.007326126,0.422466278,1,0.870329857,49.866227583,-0.012210846,-0.001221180,-0.012833213,-0.735288967,0.000000000,-0.000000000,2.000000000,1.000000000,3.149173021,180.434323078,0.000000000,-2.774265289,8.500000000,2.500000000,-2.881228685,-165.082243484,0.000000000,2.690469742,3.000000000,0.800000012,-0.194361687,-11.136104347,0.000000000,0.431063026,1.200000048,0.200000003,0.870713234,49.888193471,0.000000000,0.000140856,0.100000001,0.020000000
2026-07-04 17:55:28.053,1783158928.053176641,250.959265437,1,1,250.946814309,1,0.008670404,5,1,0.005722712,5,1,0,1,0,0,1,1,1,0,1,0,-1.000000000,0.000000000,0.000000000,0.000000000,0,-1.000000000,0,0,0,,0,-1.000000000,,0,0,0.000000000,0.000000000,0,-1.000000000,0,,0,-1.000000000,,0,-1.000000000,0,,1,-0.063187219,-3.620360979,-0.007326126,0.085470200,1,3.111025095,178.248607902,-0.007326126,-2.482051849,1,-2.880847216,-165.060386879,-0.007326126,2.687179565,1,-0.193217278,-11.070534531,-0.021978378,0.422466278,1,0.870329857,49.866227583,0.036628723,-0.001221180,-0.012833213,-0.735288967,0.000000000,-0.000000000,2.000000000,1.000000000,3.149173021,180.434323078,0.000000000,-2.774265289,8.500000000,2.500000000,-2.881228685,-165.082243484,0.000000000,2.690469742,3.000000000,0.800000012,-0.194361687,-11.136104347,0.000000000,0.431063026,1.200000048,0.200000003,0.870713234,49.888193471,0.000000000,0.000140856,0.100000001,0.020000000
2026-07-04 17:55:29.053,1783158929.053059816,251.959148754,1,1,251.946697626,1,0.008361844,5,1,0.005643628,5,1,0,1,0,0,1,1,1,0,1,0,-1.000000000,0.000000000,0.000000000,0.000000000,0,-1.000000000,0,0,0,,0,-1.000000000,,0,0,0.000000000,0.000000000,0,-1.000000000,0,,0,-1.000000000,,0,-1.000000000,0,,1,-0.063187219,-3.620360979,-0.007326126,0.085470200,1,3.111025095,178.248607902,-0.002442360,-2.482051849,1,-2.880847216,-165.060386879,-0.002442360,2.673503876,1,-0.193217278,-11.070534531,-0.007326126,0.422466278,0,0.870329857,49.866227583,-0.012210846,-0.001221180,-0.012833213,-0.735288967,0.000000000,-0.000000000,2.000000000,1.000000000,3.149173021,180.434323078,0.000000000,-2.774265289,8.500000000,2.500000000,-2.881228685,-165.082243484,0.000000000,2.690469742,3.000000000,0.800000012,-0.194361687,-11.136104347,0.000000000,0.431063026,1.200000048,0.200000003,0.870713234,49.888193471,0.000000000,0.000140856,0.100000001,0.020000000
2026-07-04 17:55:30.052,1783158930.052847147,252.958936110,1,1,252.946484982,1,0.008620114,5,1,0.005705744,5,1,0,1,0,0,1,1,1,0,1,0,-1.000000000,0.000000000,0.000000000,0.000000000,0,-1.000000000,0,0,0,,0,-1.000000000,,0,0,0.000000000,0.000000000,0,-1.000000000,0,,0,-1.000000000,,0,-1.000000000,0,,1,-0.063187219,-3.620360979,-0.021978378,0.085470200,1,3.111025095,178.248607902,-0.002442360,-2.482051849,1,-2.880847216,-165.060386879,0.002442360,2.673503876,1,-0.193598747,-11.092391137,-0.021978378,0.422466278,1,0.870329857,49.866227583,-0.012210846,-0.001221180,-0.012833213,-0.735288967,0.000000000,-0.000000000,2.000000000,1.000000000,3.149173021,180.434323078,0.000000000,-2.774265289,8.500000000,2.500000000,-2.881228685,-165.082243484,0.000000000,2.690469742,3.000000000,0.800000012,-0.194361687,-11.136104347,0.000000000,0.431063026,1.200000048,0.200000003,0.870713234,49.888193471,0.000000000,0.000140856,0.100000001,0.020000000
2026-07-04 17:55:31.052,1783158931.052712679,253.958801579,1,1,253.946350451,1,0.008844373,5,1,0.005792436,5,1,0,1,0,0,1,1,1,0,1,0,-1.000000000,0.000000000,0.000000000,0.000000000,0,-1.000000000,0,0,0,,0,-1.000000000,,0,0,0.000000000,0.000000000,0,-1.000000000,0,,0,-1.000000000,,0,-1.000000000,0,,1,-0.063187219,-3.620360979,-0.007326126,0.085470200,1,3.111025095,178.248607902,-0.002442360,-2.468376160,1,-2.880847216,-165.060386879,-0.002442360,2.673503876,1,-0.193598747,-11.092391137,-0.007326126,0.422466278,1,0.870329857,49.866227583,-0.012210846,-0.003663063,-0.012833213,-0.735288967,0.000000000,-0.000000000,2.000000000,1.000000000,3.149173021,180.434323078,0.000000000,-2.774265289,8.500000000,2.500000000,-2.881228685,-165.082243484,0.000000000,2.690469742,3.000000000,0.800000012,-0.194361687,-11.136104347,0.000000000,0.431063026,1.200000048,0.200000003,0.870713234,49.888193471,0.000000000,0.000140856,0.100000001,0.020000000
2026-07-04 17:55:32.052,1783158932.052581072,254.958669975,1,1,254.946218847,1,0.008833627,5,1,0.005838090,5,1,0,1,0,0,1,1,1,0,1,0,-1.000000000,0.000000000,0.000000000,0.000000000,0,-1.000000000,0,0,0,,0,-1.000000000,,0,0,0.000000000,0.000000000,0,-1.000000000,0,,0,-1.000000000,,0,-1.000000000,0,,1,-0.063187219,-3.620360979,-0.007326126,0.085470200,1,3.111025095,178.248607902,0.002442360,-2.468376160,1,-2.880847216,-165.060386879,0.002442360,2.673503876,1,-0.193217278,-11.070534531,-0.007326126,0.422466278,1,0.870329857,49.866227583,0.012210846,-0.003663063,-0.012833213,-0.735288967,0.000000000,-0.000000000,2.000000000,1.000000000,3.149173021,180.434323078,0.000000000,-2.774265289,8.500000000,2.500000000,-2.881228685,-165.082243484,0.000000000,2.690469742,3.000000000,0.800000012,-0.194361687,-11.136104347,0.000000000,0.431063026,1.200000048,0.200000003,0.870713234,49.888193471,0.000000000,0.000140856,0.100000001,0.020000000
2026-07-04 17:55:33.052,1783158933.052490950,255.958579905,1,1,255.946128777,1,0.008693815,5,1,0.005690787,5,1,0,1,0,0,1,1,1,0,1,0,-1.000000000,0.000000000,0.000000000,0.000000000,0,-1.000000000,0,0,0,,0,-1.000000000,,0,0,0.000000000,0.000000000,0,-1.000000000,0,,0,-1.000000000,,0,-1.000000000,0,,1,-0.063187219,-3.620360979,-0.021978378,0.090353966,1,3.111025095,178.248607902,-0.002442360,-2.482051849,1,-2.880847216,-165.060386879,-0.002442360,2.673503876,1,-0.193217278,-11.070534531,-0.021978378,0.422466278,1,0.870329857,49.866227583,-0.012210846,-0.001221180,-0.012833213,-0.735288967,0.000000000,-0.000000000,2.000000000,1.000000000,3.149173021,180.434323078,0.000000000,-2.774265289,8.500000000,2.500000000,-2.881228685,-165.082243484,0.000000000,2.690469742,3.000000000,0.800000012,-0.194361687,-11.136104347,0.000000000,0.431063026,1.200000048,0.200000003,0.870713234,49.888193471,0.000000000,0.000140856,0.100000001,0.020000000
2026-07-04 17:55:34.052,1783158934.052306175,256.958395034,1,1,256.945943906,1,0.008910136,5,1,0.005849642,5,1,0,1,0,0,1,1,1,0,1,0,-1.000000000,0.000000000,0.000000000,0.000000000,0,-1.000000000,0,0,0,,0,-1.000000000,,0,0,0.000000000,0.000000000,0,-1.000000000,0,,0,-1.000000000,,0,-1.000000000,0,,1,-0.063187219,-3.620360979,-0.007326126,0.090353966,1,3.111025095,178.248607902,-0.002442360,-2.482051849,1,-2.880847216,-165.060386879,-0.002442360,2.673503876,1,-0.193598747,-11.092391137,-0.007326126,0.422466278,1,0.870329857,49.866227583,-0.012210846,-0.003663063,-0.012833213,-0.735288967,0.000000000,-0.000000000,2.000000000,1.000000000,3.149173021,180.434323078,0.000000000,-2.774265289,8.500000000,2.500000000,-2.881228685,-165.082243484,0.000000000,2.690469742,3.000000000,0.800000012,-0.194361687,-11.136104347,0.000000000,0.431063026,1.200000048,0.200000003,0.870713234,49.888193471,0.000000000,0.000140856,0.100000001,0.020000000
2026-07-04 17:55:35.052,1783158935.052181244,257.958270098,1,1,257.945818970,1,0.008624443,5,1,0.005745012,5,1,0,1,0,0,1,1,1,0,1,0,-1.000000000,0.000000000,0.000000000,0.000000000,0,-1.000000000,0,0,0,,0,-1.000000000,,0,0,0.000000000,0.000000000,0,-1.000000000,0,,0,-1.000000000,,0,-1.000000000,0,,1,-0.063187219,-3.620360979,-0.007326126,0.090353966,1,3.111025095,178.248607902,-0.002442360,-2.468376160,1,-2.880847216,-165.060386879,-0.002442360,2.673503876,1,-0.193598747,-11.092391137,-0.007326126,0.422466278,1,0.870329857,49.866227583,-0.012210846,-0.003663063,-0.012833213,-0.735288967,0.000000000,-0.000000000,2.000000000,1.000000000,3.149173021,180.434323078,0.000000000,-2.774265289,8.500000000,2.500000000,-2.881228685,-165.082243484,0.000000000,2.690469742,3.000000000,0.800000012,-0.194361687,-11.136104347,0.000000000,0.431063026,1.200000048,0.200000003,0.870713234,49.888193471,0.000000000,0.000140856,0.100000001,0.020000000
2026-07-04 17:55:36.052,1783158936.052067041,258.958156107,1,1,258.945704979,1,0.008816805,5,1,0.005765823,5,1,0,1,0,0,1,1,1,0,1,0,-1.000000000,0.000000000,0.000000000,0.000000000,0,-1.000000000,0,0,0,,0,-1.000000000,,0,0,0.000000000,0.000000000,0,-1.000000000,0,,0,-1.000000000,,0,-1.000000000,0,,1,-0.063187219,-3.620360979,-0.007326126,0.085470200,1,3.111025095,178.248607902,0.002442360,-2.482051849,1,-2.880847216,-165.060386879,-0.002442360,2.673503876,1,-0.193217278,-11.070534531,-0.007326126,0.422466278,1,0.870713234,49.888193471,-0.036628723,-0.003663063,-0.012833213,-0.735288967,0.000000000,-0.000000000,2.000000000,1.000000000,3.149173021,180.434323078,0.000000000,-2.774265289,8.500000000,2.500000000,-2.881228685,-165.082243484,0.000000000,2.690469742,3.000000000,0.800000012,-0.194361687,-11.136104347,0.000000000,0.431063026,1.200000048,0.200000003,0.870713234,49.888193471,0.000000000,0.000140856,0.100000001,0.020000000
2026-07-04 17:55:37.051,1783158937.051905632,259.957994487,1,1,259.945543359,1,0.008616814,5,1,0.005620272,5,1,0,1,0,0,1,1,1,0,1,0,-1.000000000,0.000000000,0.000000000,0.000000000,0,-1.000000000,0,0,0,,0,-1.000000000,,0,0,0.000000000,0.000000000,0,-1.000000000,0,,0,-1.000000000,,0,-1.000000000,0,,1,-0.063187219,-3.620360979,-0.007326126,0.085470200,1,3.111025095,178.248607902,-0.002442360,-2.468376160,1,-2.880847216,-165.060386879,-0.002442360,2.659828186,1,-0.193217278,-11.070534531,-0.007326126,0.422466278,1,0.870329857,49.866227583,0.012210846,-0.003663063,-0.012833213,-0.735288967,0.000000000,-0.000000000,2.000000000,1.000000000,3.149173021,180.434323078,0.000000000,-2.774265289,8.500000000,2.500000000,-2.881228685,-165.082243484,0.000000000,2.690469742,3.000000000,0.800000012,-0.194361687,-11.136104347,0.000000000,0.431063026,1.200000048,0.200000003,0.870713234,49.888193471,0.000000000,0.000140856,0.100000001,0.020000000
2026-07-04 17:55:38.051,1783158938.051775455,260.957864455,1,1,260.945413327,1,0.008537886,5,1,0.005722175,5,1,0,1,0,0,1,1,1,0,1,0,-1.000000000,0.000000000,0.000000000,0.000000000,0,-1.000000000,0,0,0,,0,-1.000000000,,0,0,0.000000000,0.000000000,0,-1.000000000,0,,0,-1.000000000,,0,-1.000000000,0,,1,-0.063187219,-3.620360979,-0.021978378,0.085470200,1,3.111025095,178.248607902,-0.002442360,-2.468376160,1,-2.880847216,-165.060386879,-0.007326126,2.673503876,1,-0.193217278,-11.070534531,-0.007326126,0.422466278,1,0.870329857,49.866227583,-0.012210846,-0.001221180,-0.012833213,-0.735288967,0.000000000,-0.000000000,2.000000000,1.000000000,3.149173021,180.434323078,0.000000000,-2.774265289,8.500000000,2.500000000,-2.881228685,-165.082243484,0.000000000,2.690469742,3.000000000,0.800000012,-0.194361687,-11.136104347,0.000000000,0.431063026,1.200000048,0.200000003,0.870713234,49.888193471,0.000000000,0.000140856,0.100000001,0.020000000
2026-07-04 17:55:39.051,1783158939.051653147,261.957742047,1,1,261.945290919,1,0.008489823,5,1,0.005422140,5,1,0,1,0,0,1,1,1,0,1,0,-1.000000000,0.000000000,0.000000000,0.000000000,0,-1.000000000,0,0,0,,0,-1.000000000,,0,0,0.000000000,0.000000000,0,-1.000000000,0,,0,-1.000000000,,0,-1.000000000,0,,1,-0.063187219,-3.620360979,-0.007326126,0.085470200,1,3.111025095,178.248607902,-0.002442360,-2.468376160,1,-2.880847216,-165.060386879,0.002442360,2.687179565,1,-0.193217278,-11.070534531,-0.007326126,0.422466278,1,0.870329857,49.866227583,-0.012210846,-0.003663063,-0.012833213,-0.735288967,0.000000000,-0.000000000,2.000000000,1.000000000,3.149173021,180.434323078,0.000000000,-2.774265289,8.500000000,2.500000000,-2.881228685,-165.082243484,0.000000000,2.690469742,3.000000000,0.800000012,-0.194361687,-11.136104347,0.000000000,0.431063026,1.200000048,0.200000003,0.870713234,49.888193471,0.000000000,0.000140856,0.100000001,0.020000000
2026-07-04 17:55:40.051,1783158940.051470757,262.957559795,1,1,262.945108667,1,0.008928103,5,1,0.005890417,5,1,0,1,0,0,1,1,1,0,1,0,-1.000000000,0.000000000,0.000000000,0.000000000,0,-1.000000000,0,0,0,,0,-1.000000000,,0,0,0.000000000,0.000000000,0,-1.000000000,0,,0,-1.000000000,,0,-1.000000000,0,,1,-0.063187219,-3.620360979,0.007326126,0.085470200,1,3.111025095,178.248607902,-0.002442360,-2.468376160,1,-2.880847216,-165.060386879,-0.007326126,2.673503876,1,-0.193598747,-11.092391137,-0.007326126,0.422466278,1,0.870329857,49.866227583,-0.012210846,-0.003663063,-0.012833213,-0.735288967,0.000000000,-0.000000000,2.000000000,1.000000000,3.149173021,180.434323078,0.000000000,-2.774265289,8.500000000,2.500000000,-2.881228685,-165.082243484,0.000000000,2.690469742,3.000000000,0.800000012,-0.194361687,-11.136104347,0.000000000,0.431063026,1.200000048,0.200000003,0.870713234,49.888193471,0.000000000,0.000140856,0.100000001,0.020000000
2026-07-04 17:55:41.051,1783158941.051346779,263.957435537,1,1,263.944984409,1,0.008758516,5,1,0.005686225,5,1,0,1,0,0,1,1,1,0,1,0,-1.000000000,0.000000000,0.000000000,0.000000000,0,-1.000000000,0,0,0,,0,-1.000000000,,0,0,0.000000000,0.000000000,0,-1.000000000,0,,0,-1.000000000,,0,-1.000000000,0,,1,-0.063187219,-3.620360979,-0.007326126,0.085470200,1,3.111025095,178.248607902,-0.002442360,-2.468376160,1,-2.880847216,-165.060386879,-0.002442360,2.673503876,1,-0.193217278,-11.070534531,0.007326126,0.422466278,1,0.870329857,49.866227583,-0.012210846,-0.003663063,-0.012833213,-0.735288967,0.000000000,-0.000000000,2.000000000,1.000000000,3.149173021,180.434323078,0.000000000,-2.774265289,8.500000000,2.500000000,-2.881228685,-165.082243484,0.000000000,2.690469742,3.000000000,0.800000012,-0.194361687,-11.136104347,0.000000000,0.431063026,1.200000048,0.200000003,0.870713234,49.888193471,0.000000000,0.000140856,0.100000001,0.020000000
2026-07-04 17:55:42.051,1783158942.051223278,264.957312373,1,1,264.944861245,1,0.008377226,5,1,0.005629591,5,1,0,1,0,0,1,1,1,0,1,0,-1.000000000,0.000000000,0.000000000,0.000000000,0,-1.000000000,0,0,0,,0,-1.000000000,,0,0,0.000000000,0.000000000,0,-1.000000000,0,,0,-1.000000000,,0,-1.000000000,0,,1,-0.063187219,-3.620360979,-0.007326126,0.085470200,1,3.111025095,178.248607902,-0.002442360,-2.468376160,1,-2.880847216,-165.060386879,-0.002442360,2.673503876,1,-0.193217278,-11.070534531,0.021978378,0.422466278,1,0.870329857,49.866227583,-0.012210846,-0.001221180,-0.012833213,-0.735288967,0.000000000,-0.000000000,2.000000000,1.000000000,3.149173021,180.434323078,0.000000000,-2.774265289,8.500000000,2.500000000,-2.881228685,-165.082243484,0.000000000,2.690469742,3.000000000,0.800000012,-0.194361687,-11.136104347,0.000000000,0.431063026,1.200000048,0.200000003,0.870713234,49.888193471,0.000000000,0.000140856,0.100000001,0.020000000
2026-07-04 17:55:43.051,1783158943.051113129,265.957202166,1,1,265.944751038,1,0.008311349,5,1,0.005686203,5,1,0,1,0,0,1,1,1,0,1,0,-1.000000000,0.000000000,0.000000000,0.000000000,0,-1.000000000,0,0,0,,0,-1.000000000,,0,0,0.000000000,0.000000000,0,-1.000000000,0,,0,-1.000000000,,0,-1.000000000,0,,1,-0.063187219,-3.620360979,-0.007326126,0.085470200,1,3.111025095,178.248607902,-0.002442360,-2.468376160,1,-2.880847216,-165.060386879,-0.002442360,2.687179565,1,-0.193217278,-11.070534531,-0.007326126,0.422466278,1,0.870329857,49.866227583,-0.036628723,-0.003663063,-0.012833213,-0.735288967,0.000000000,-0.000000000,2.000000000,1.000000000,3.149173021,180.434323078,0.000000000,-2.774265289,8.500000000,2.500000000,-2.881228685,-165.082243484,0.000000000,2.690469742,3.000000000,0.800000012,-0.194361687,-11.136104347,0.000000000,0.431063026,1.200000048,0.200000003,0.870713234,49.888193471,0.000000000,0.000140856,0.100000001,0.020000000
2026-07-04 17:55:44.051,1783158944.050972939,266.957061930,1,1,266.944610802,1,0.008733721,5,1,0.005734166,5,1,0,1,0,0,1,1,1,0,1,0,-1.000000000,0.000000000,0.000000000,0.000000000,0,-1.000000000,0,0,0,,0,-1.000000000,,0,0,0.000000000,0.000000000,0,-1.000000000,0,,0,-1.000000000,,0,-1.000000000,0,,1,-0.063187219,-3.620360979,-0.021978378,0.085470200,1,3.111025095,178.248607902,-0.002442360,-2.482051849,1,-2.880847216,-165.060386879,-0.002442360,2.673503876,1,-0.193217278,-11.070534531,-0.007326126,0.422466278,1,0.870329857,49.866227583,-0.012210846,-0.003663063,-0.012833213,-0.735288967,0.000000000,-0.000000000,2.000000000,1.000000000,3.149173021,180.434323078,0.000000000,-2.774265289,8.500000000,2.500000000,-2.881228685,-165.082243484,0.000000000,2.690469742,3.000000000,0.800000012,-0.194361687,-11.136104347,0.000000000,0.431063026,1.200000048,0.200000003,0.870713234,49.888193471,0.000000000,0.000140856,0.100000001,0.020000000
2026-07-04 17:55:45.050,1783158945.050802231,267.956891058,1,1,267.944439930,1,0.008698479,5,1,0.005849358,5,1,0,1,0,0,1,1,1,0,1,0,-1.000000000,0.000000000,0.000000000,0.000000000,0,-1.000000000,0,0,0,,0,-1.000000000,,0,0,0.000000000,0.000000000,0,-1.000000000,0,,0,-1.000000000,,0,-1.000000000,0,,1,-0.063187219,-3.620360979,-0.021978378,0.085470200,1,3.111025095,178.248607902,-0.002442360,-2.482051849,1,-2.880847216,-165.060386879,-0.002442360,2.673503876,1,-0.193598747,-11.092391137,-0.007326126,0.422466278,1,0.870329857,49.866227583,-0.012210846,-0.003663063,-0.012833213,-0.735288967,0.000000000,-0.000000000,2.000000000,1.000000000,3.149173021,180.434323078,0.000000000,-2.774265289,8.500000000,2.500000000,-2.881228685,-165.082243484,0.000000000,2.690469742,3.000000000,0.800000012,-0.194361687,-11.136104347,0.000000000,0.431063026,1.200000048,0.200000003,0.870713234,49.888193471,0.000000000,0.000140856,0.100000001,0.020000000
2026-07-04 17:55:46.050,1783158946.050656319,268.956745330,1,1,268.944294202,1,0.008739600,5,1,0.005786910,5,1,0,1,0,0,1,1,1,0,1,0,-1.000000000,0.000000000,0.000000000,0.000000000,0,-1.000000000,0,0,0,,0,-1.000000000,,0,0,0.000000000,0.000000000,0,-1.000000000,0,,0,-1.000000000,,0,-1.000000000,0,,1,-0.063187219,-3.620360979,0.007326126,0.085470200,1,3.111025095,178.248607902,-0.002442360,-2.468376160,1,-2.880847216,-165.060386879,-0.002442360,2.673503876,1,-0.193217278,-11.070534531,0.007326126,0.422466278,1,0.870329857,49.866227583,-0.012210846,-0.003663063,-0.012833213,-0.735288967,0.000000000,-0.000000000,2.000000000,1.000000000,3.149173021,180.434323078,0.000000000,-2.774265289,8.500000000,2.500000000,-2.881228685,-165.082243484,0.000000000,2.690469742,3.000000000,0.800000012,-0.194361687,-11.136104347,0.000000000,0.431063026,1.200000048,0.200000003,0.870713234,49.888193471,0.000000000,0.000140856,0.100000001,0.020000000
2026-07-04 17:55:47.050,1783158947.050546408,269.956635382,1,1,269.944184254,1,0.008626438,5,1,0.005727469,5,1,0,1,0,0,1,1,1,0,1,0,-1.000000000,0.000000000,0.000000000,0.000000000,0,-1.000000000,0,0,0,,0,-1.000000000,,0,0,0.000000000,0.000000000,0,-1.000000000,0,,0,-1.000000000,,0,-1.000000000,0,,1,-0.063187219,-3.620360979,-0.007326126,0.085470200,1,3.111025095,178.248607902,-0.002442360,-2.468376160,1,-2.880847216,-165.060386879,-0.002442360,2.673503876,1,-0.193217278,-11.070534531,-0.007326126,0.422466278,1,0.870329857,49.866227583,0.036628723,-0.001221180,-0.012833213,-0.735288967,0.000000000,-0.000000000,2.000000000,1.000000000,3.149173021,180.434323078,0.000000000,-2.774265289,8.500000000,2.500000000,-2.881228685,-165.082243484,0.000000000,2.690469742,3.000000000,0.800000012,-0.194361687,-11.136104347,0.000000000,0.431063026,1.200000048,0.200000003,0.870713234,49.888193471,0.000000000,0.000140856,0.100000001,0.020000000
2026-07-04 17:55:48.050,1783158948.050592661,270.956681805,1,1,270.944230677,1,0.009013691,5,1,0.005839596,5,1,0,1,0,0,1,1,1,0,1,0,-1.000000000,0.000000000,0.000000000,0.000000000,0,-1.000000000,0,0,0,,0,-1.000000000,,0,0,0.000000000,0.000000000,0,-1.000000000,0,,0,-1.000000000,,0,-1.000000000,0,,1,-0.063187219,-3.620360979,-0.007326126,0.085470200,1,3.111025095,178.248607902,-0.002442360,-2.482051849,1,-2.880847216,-165.060386879,-0.002442360,2.673503876,0,-0.193217278,-11.070534531,-0.007326126,0.422466278,1,0.870329857,49.866227583,-0.036628723,-0.003663063,-0.012833213,-0.735288967,0.000000000,-0.000000000,2.000000000,1.000000000,3.149173021,180.434323078,0.000000000,-2.774265289,8.500000000,2.500000000,-2.881228685,-165.082243484,0.000000000,2.690469742,3.000000000,0.800000012,-0.194361687,-11.136104347,0.000000000,0.431063026,1.200000048,0.200000003,0.870713234,49.888193471,0.000000000,0.000140856,0.100000001,0.020000000
2026-07-04 17:55:49.050,1783158949.050305128,271.956393959,1,1,271.943942831,1,0.008327375,5,1,0.005796108,5,1,0,1,0,0,1,1,1,0,1,0,-1.000000000,0.000000000,0.000000000,0.000000000,0,-1.000000000,0,0,0,,0,-1.000000000,,0,0,0.000000000,0.000000000,0,-1.000000000,0,,0,-1.000000000,,0,-1.000000000,0,,1,-0.063187219,-3.620360979,-0.021978378,0.085470200,1,3.111025095,178.248607902,-0.002442360,-2.482051849,1,-2.880847216,-165.060386879,-0.002442360,2.673503876,1,-0.193598747,-11.092391137,-0.007326126,0.422466278,1,0.870329857,49.866227583,-0.012210846,-0.003663063,-0.012833213,-0.735288967,0.000000000,-0.000000000,2.000000000,1.000000000,3.149173021,180.434323078,0.000000000,-2.774265289,8.500000000,2.500000000,-2.881228685,-165.082243484,0.000000000,2.690469742,3.000000000,0.800000012,-0.194361687,-11.136104347,0.000000000,0.431063026,1.200000048,0.200000003,0.870713234,49.888193471,0.000000000,0.000140856,0.100000001,0.020000000
2026-07-04 17:55:50.050,1783158950.050139904,272.956228860,1,1,272.943777732,1,0.008100339,5,1,0.005689721,5,1,0,1,0,0,1,1,1,0,1,0,-1.000000000,0.000000000,0.000000000,0.000000000,0,-1.000000000,0,0,0,,0,-1.000000000,,0,0,0.000000000,0.000000000,0,-1.000000000,0,,0,-1.000000000,,0,-1.000000000,0,,1,-0.063187219,-3.620360979,-0.007326126,0.085470200,1,3.111025095,178.248607902,-0.002442360,-2.468376160,1,-2.880847216,-165.060386879,-0.002442360,2.673503876,1,-0.193217278,-11.070534531,-0.007326126,0.422466278,1,0.870713234,49.888193471,-0.012210846,-0.003663063,-0.012833213,-0.735288967,0.000000000,-0.000000000,2.000000000,1.000000000,3.149173021,180.434323078,0.000000000,-2.774265289,8.500000000,2.500000000,-2.881228685,-165.082243484,0.000000000,2.690469742,3.000000000,0.800000012,-0.194361687,-11.136104347,0.000000000,0.431063026,1.200000048,0.200000003,0.870713234,49.888193471,0.000000000,0.000140856,0.100000001,0.020000000
2026-07-04 17:55:51.050,1783158951.049982071,273.956070841,1,1,273.943619713,1,0.008767636,5,1,0.005817702,5,1,0,1,0,0,1,1,1,0,1,0,-1.000000000,0.000000000,0.000000000,0.000000000,0,-1.000000000,0,0,0,,0,-1.000000000,,0,0,0.000000000,0.000000000,0,-1.000000000,0,,0,-1.000000000,,0,-1.000000000,0,,1,-0.063187219,-3.620360979,-0.021978378,0.085470200,1,3.111025095,178.248607902,-0.002442360,-2.468376160,1,-2.880847216,-165.060386879,-0.002442360,2.673503876,1,-0.193217278,-11.070534531,0.007326126,0.422466278,1,0.870713234,49.888193471,-0.012210846,-0.001221180,-0.012833213,-0.735288967,0.000000000,-0.000000000,2.000000000,1.000000000,3.149173021,180.434323078,0.000000000,-2.774265289,8.500000000,2.500000000,-2.881228685,-165.082243484,0.000000000,2.690469742,3.000000000,0.800000012,-0.194361687,-11.136104347,0.000000000,0.431063026,1.200000048,0.200000003,0.870713234,49.888193471,0.000000000,0.000140856,0.100000001,0.020000000
2026-07-04 17:55:52.050,1783158952.049937963,274.956026975,1,1,274.943575847,1,0.008714224,5,1,0.005777222,5,1,0,1,0,0,1,1,1,0,1,0,-1.000000000,0.000000000,0.000000000,0.000000000,0,-1.000000000,0,0,0,,0,-1.000000000,,0,0,0.000000000,0.000000000,0,-1.000000000,0,,0,-1.000000000,,0,-1.000000000,0,,1,-0.063187219,-3.620360979,-0.021978378,0.085470200,1,3.111025095,178.248607902,-0.002442360,-2.468376160,1,-2.880847216,-165.060386879,-0.002442360,2.687179565,1,-0.193217278,-11.070534531,0.007326126,0.422466278,1,0.870329857,49.866227583,-0.012210846,-0.001221180,-0.012833213,-0.735288967,0.000000000,-0.000000000,2.000000000,1.000000000,3.149173021,180.434323078,0.000000000,-2.774265289,8.500000000,2.500000000,-2.881228685,-165.082243484,0.000000000,2.690469742,3.000000000,0.800000012,-0.194361687,-11.136104347,0.000000000,0.431063026,1.200000048,0.200000003,0.870713234,49.888193471,0.000000000,0.000140856,0.100000001,0.020000000
2026-07-04 17:55:53.049,1783158953.049814701,275.955903769,1,1,275.943452641,1,0.008732604,5,1,0.005736487,5,1,0,1,0,0,1,1,1,0,1,0,-1.000000000,0.000000000,0.000000000,0.000000000,0,-1.000000000,0,0,0,,0,-1.000000000,,0,0,0.000000000,0.000000000,0,-1.000000000,0,,0,-1.000000000,,0,-1.000000000,0,,1,-0.063187219,-3.620360979,-0.021978378,0.085470200,1,3.111025095,178.248607902,-0.002442360,-2.468376160,1,-2.880847216,-165.060386879,0.002442360,2.673503876,1,-0.193217278,-11.070534531,-0.007326126,0.422466278,1,0.870329857,49.866227583,-0.012210846,-0.003663063,-0.012833213,-0.735288967,0.000000000,-0.000000000,2.000000000,1.000000000,3.149173021,180.434323078,0.000000000,-2.774265289,8.500000000,2.500000000,-2.881228685,-165.082243484,0.000000000,2.690469742,3.000000000,0.800000012,-0.194361687,-11.136104347,0.000000000,0.431063026,1.200000048,0.200000003,0.870713234,49.888193471,0.000000000,0.000140856,0.100000001,0.020000000
2026-07-04 17:55:54.049,1783158954.049675703,276.955764613,1,1,276.943313485,1,0.008423037,5,1,0.005431532,5,1,0,1,0,0,1,1,1,0,1,0,-1.000000000,0.000000000,0.000000000,0.000000000,0,-1.000000000,0,0,0,,0,-1.000000000,,0,0,0.000000000,0.000000000,0,-1.000000000,0,,0,-1.000000000,,0,-1.000000000,0,,1,-0.063187219,-3.620360979,-0.007326126,0.085470200,1,3.111025095,178.248607902,-0.002442360,-2.468376160,1,-2.880847216,-165.060386879,-0.002442360,2.673503876,1,-0.193217278,-11.070534531,-0.007326126,0.422466278,1,0.870329857,49.866227583,-0.012210846,-0.003663063,-0.012833213,-0.735288967,0.000000000,-0.000000000,2.000000000,1.000000000,3.149173021,180.434323078,0.000000000,-2.774265289,8.500000000,2.500000000,-2.881228685,-165.082243484,0.000000000,2.690469742,3.000000000,0.800000012,-0.194361687,-11.136104347,0.000000000,0.431063026,1.200000048,0.200000003,0.870713234,49.888193471,0.000000000,0.000140856,0.100000001,0.020000000
2026-07-04 17:55:55.049,1783158955.049604893,277.955693912,1,1,277.943242784,1,0.008408566,5,1,0.005533646,5,1,0,1,0,0,1,1,1,0,1,0,-1.000000000,0.000000000,0.000000000,0.000000000,0,-1.000000000,0,0,0,,0,-1.000000000,,0,0,0.000000000,0.000000000,0,-1.000000000,0,,0,-1.000000000,,0,-1.000000000,0,,1,-0.063187219,-3.620360979,-0.007326126,0.085470200,1,3.111025095,178.248607902,-0.002442360,-2.482051849,1,-2.880847216,-165.060386879,-0.002442360,2.673503876,1,-0.193217278,-11.070534531,-0.007326126,0.422466278,1,0.870329857,49.866227583,-0.012210846,-0.003663063,-0.012833213,-0.735288967,0.000000000,-0.000000000,2.000000000,1.000000000,3.149173021,180.434323078,0.000000000,-2.774265289,8.500000000,2.500000000,-2.881228685,-165.082243484,0.000000000,2.690469742,3.000000000,0.800000012,-0.194361687,-11.136104347,0.000000000,0.431063026,1.200000048,0.200000003,0.870713234,49.888193471,0.000000000,0.000140856,0.100000001,0.020000000
2026-07-04 17:55:56.049,1783158956.049338102,278.955427019,1,1,278.942975891,1,0.008807628,5,1,0.005728493,5,1,0,1,0,0,1,1,1,0,1,0,-1.000000000,0.000000000,0.000000000,0.000000000,0,-1.000000000,0,0,0,,0,-1.000000000,,0,0,0.000000000,0.000000000,0,-1.000000000,0,,0,-1.000000000,,0,-1.000000000,0,,1,-0.063187219,-3.620360979,-0.021978378,0.085470200,1,3.111025095,178.248607902,-0.002442360,-2.468376160,1,-2.880847216,-165.060386879,-0.007326126,2.673503876,1,-0.193217278,-11.070534531,-0.007326126,0.422466278,1,0.870329857,49.866227583,-0.012210846,-0.003663063,-0.012833213,-0.735288967,0.000000000,-0.000000000,2.000000000,1.000000000,3.149173021,180.434323078,0.000000000,-2.774265289,8.500000000,2.500000000,-2.881228685,-165.082243484,0.000000000,2.690469742,3.000000000,0.800000012,-0.194361687,-11.136104347,0.000000000,0.431063026,1.200000048,0.200000003,0.870713234,49.888193471,0.000000000,0.000140856,0.100000001,0.020000000
2026-07-04 17:55:57.049,1783158957.049351454,279.955440474,1,1,279.942989346,1,0.008823998,5,1,0.005786540,5,1,0,1,0,0,1,1,1,0,1,0,-1.000000000,0.000000000,0.000000000,0.000000000,0,-1.000000000,0,0,0,,0,-1.000000000,,0,0,0.000000000,0.000000000,0,-1.000000000,0,,0,-1.000000000,,0,-1.000000000,0,,1,-0.063187219,-3.620360979,-0.021978378,0.085470200,1,3.111025095,178.248607902,-0.007326126,-2.482051849,1,-2.880847216,-165.060386879,-0.002442360,2.673503876,1,-0.193217278,-11.070534531,-0.007326126,0.422466278,1,0.870329857,49.866227583,-0.012210846,-0.003663063,-0.012833213,-0.735288967,0.000000000,-0.000000000,2.000000000,1.000000000,3.149173021,180.434323078,0.000000000,-2.774265289,8.500000000,2.500000000,-2.881228685,-165.082243484,0.000000000,2.690469742,3.000000000,0.800000012,-0.194361687,-11.136104347,0.000000000,0.431063026,1.200000048,0.200000003,0.870713234,49.888193471,0.000000000,0.000140856,0.100000001,0.020000000
2026-07-04 17:55:58.049,1783158958.049093962,280.955182772,1,1,280.942731644,1,0.008681776,5,1,0.005572789,5,1,0,1,0,0,1,1,1,0,1,0,-1.000000000,0.000000000,0.000000000,0.000000000,0,-1.000000000,0,0,0,,0,-1.000000000,,0,0,0.000000000,0.000000000,0,-1.000000000,0,,0,-1.000000000,,0,-1.000000000,0,,1,-0.063187219,-3.620360979,-0.007326126,0.085470200,1,3.111025095,178.248607902,-0.002442360,-2.482051849,1,-2.880847216,-165.060386879,-0.007326126,2.673503876,1,-0.193217278,-11.070534531,-0.007326126,0.422466278,1,0.870329857,49.866227583,-0.061050415,-0.001221180,-0.012833213,-0.735288967,0.000000000,-0.000000000,2.000000000,1.000000000,3.149173021,180.434323078,0.000000000,-2.774265289,8.500000000,2.500000000,-2.881228685,-165.082243484,0.000000000,2.690469742,3.000000000,0.800000012,-0.194361687,-11.136104347,0.000000000,0.431063026,1.200000048,0.200000003,0.870713234,49.888193471,0.000000000,0.000140856,0.100000001,0.020000000
2026-07-04 17:55:59.049,1783158959.048935413,281.955024435,1,1,281.942573307,1,0.008834573,5,1,0.005766033,5,1,0,1,0,0,1,1,1,0,1,0,-1.000000000,0.000000000,0.000000000,0.000000000,0,-1.000000000,0,0,0,,0,-1.000000000,,0,0,0.000000000,0.000000000,0,-1.000000000,0,,0,-1.000000000,,0,-1.000000000,0,,1,-0.063187219,-3.620360979,-0.007326126,0.090353966,1,3.111025095,178.248607902,-0.002442360,-2.468376160,1,-2.880847216,-165.060386879,-0.002442360,2.673503876,1,-0.193598747,-11.092391137,-0.021978378,0.422466278,1,0.870329857,49.866227583,-0.012210846,-0.003663063,-0.012833213,-0.735288967,0.000000000,-0.000000000,2.000000000,1.000000000,3.149173021,180.434323078,0.000000000,-2.774265289,8.500000000,2.500000000,-2.881228685,-165.082243484,0.000000000,2.690469742,3.000000000,0.800000012,-0.194361687,-11.136104347,0.000000000,0.431063026,1.200000048,0.200000003,0.870713234,49.888193471,0.000000000,0.000140856,0.100000001,0.020000000
2026-07-04 17:56:00.048,1783158960.048789740,282.954878624,1,1,282.942427496,1,0.008724071,5,1,0.005840344,5,1,0,1,0,0,1,1,1,0,1,0,-1.000000000,0.000000000,0.000000000,0.000000000,0,-1.000000000,0,0,0,,0,-1.000000000,,0,0,0.000000000,0.000000000,0,-1.000000000,0,,0,-1.000000000,,0,-1.000000000,0,,1,-0.063187219,-3.620360979,-0.021978378,0.085470200,1,3.111025095,178.248607902,-0.002442360,-2.482051849,1,-2.880847216,-165.060386879,-0.002442360,2.673503876,1,-0.193598747,-11.092391137,-0.021978378,0.422466278,1,0.870329857,49.866227583,0.012210846,-0.003663063,-0.012833213,-0.735288967,0.000000000,-0.000000000,2.000000000,1.000000000,3.149173021,180.434323078,0.000000000,-2.774265289,8.500000000,2.500000000,-2.881228685,-165.082243484,0.000000000,2.690469742,3.000000000,0.800000012,-0.194361687,-11.136104347,0.000000000,0.431063026,1.200000048,0.200000003,0.870713234,49.888193471,0.000000000,0.000140856,0.100000001,0.020000000
2026-07-04 17:56:01.048,1783158961.048676014,283.954765145,1,1,283.942314017,1,0.008764432,5,1,0.005754513,5,1,0,1,0,0,1,1,1,0,1,0,-1.000000000,0.000000000,0.000000000,0.000000000,0,-1.000000000,0,0,0,,0,-1.000000000,,0,0,0.000000000,0.000000000,0,-1.000000000,0,,0,-1.000000000,,0,-1.000000000,0,,1,-0.063187219,-3.620360979,0.007326126,0.085470200,1,3.111025095,178.248607902,-0.007326126,-2.482051849,1,-2.880847216,-165.060386879,-0.007326126,2.673503876,1,-0.193598747,-11.092391137,-0.007326126,0.422466278,1,0.870329857,49.866227583,-0.012210846,-0.003663063,-0.012833213,-0.735288967,0.000000000,-0.000000000,2.000000000,1.000000000,3.149173021,180.434323078,0.000000000,-2.774265289,8.500000000,2.500000000,-2.881228685,-165.082243484,0.000000000,2.690469742,3.000000000,0.800000012,-0.194361687,-11.136104347,0.000000000,0.431063026,1.200000048,0.200000003,0.870713234,49.888193471,0.000000000,0.000140856,0.100000001,0.020000000
2026-07-04 17:56:02.048,1783158962.048527956,284.954616927,1,1,284.942165799,1,0.008717045,5,1,0.005740564,5,1,0,1,0,0,1,1,1,0,1,0,-1.000000000,0.000000000,0.000000000,0.000000000,0,-1.000000000,0,0,0,,0,-1.000000000,,0,0,0.000000000,0.000000000,0,-1.000000000,0,,0,-1.000000000,,0,-1.000000000,0,,1,-0.063187219,-3.620360979,-0.007326126,0.085470200,1,3.111025095,178.248607902,-0.002442360,-2.482051849,1,-2.880847216,-165.060386879,0.002442360,2.673503876,1,-0.193217278,-11.070534531,-0.021978378,0.422466278,1,0.870329857,49.866227583,-0.012210846,-0.001221180,-0.012833213,-0.735288967,0.000000000,-0.000000000,2.000000000,1.000000000,3.149173021,180.434323078,0.000000000,-2.774265289,8.500000000,2.500000000,-2.881228685,-165.082243484,0.000000000,2.690469742,3.000000000,0.800000012,-0.194361687,-11.136104347,0.000000000,0.431063026,1.200000048,0.200000003,0.870713234,49.888193471,0.000000000,0.000140856,0.100000001,0.020000000
2026-07-04 17:56:03.048,1783158963.048398495,285.954487665,1,1,285.942036537,1,0.008588704,5,1,0.005647511,5,1,0,1,0,0,1,1,1,0,1,0,-1.000000000,0.000000000,0.000000000,0.000000000,0,-1.000000000,0,0,0,,0,-1.000000000,,0,0,0.000000000,0.000000000,0,-1.000000000,0,,0,-1.000000000,,0,-1.000000000,0,,1,-0.063187219,-3.620360979,-0.007326126,0.090353966,1,3.111025095,178.248607902,-0.002442360,-2.468376160,1,-2.880847216,-165.060386879,-0.002442360,2.673503876,1,-0.193217278,-11.070534531,-0.007326126,0.422466278,1,0.870329857,49.866227583,0.012210846,-0.003663063,-0.012833213,-0.735288967,0.000000000,-0.000000000,2.000000000,1.000000000,3.149173021,180.434323078,0.000000000,-2.774265289,8.500000000,2.500000000,-2.881228685,-165.082243484,0.000000000,2.690469742,3.000000000,0.800000012,-0.194361687,-11.136104347,0.000000000,0.431063026,1.200000048,0.200000003,0.870713234,49.888193471,0.000000000,0.000140856,0.100000001,0.020000000
2026-07-04 17:56:04.048,1783158964.048347950,286.954436949,1,1,286.941985821,1,0.008727754,5,1,0.005662814,5,1,0,1,0,0,1,1,1,0,1,0,-1.000000000,0.000000000,0.000000000,0.000000000,0,-1.000000000,0,0,0,,0,-1.000000000,,0,0,0.000000000,0.000000000,0,-1.000000000,0,,0,-1.000000000,,0,-1.000000000,0,,1,-0.063187219,-3.620360979,-0.021978378,0.085470200,1,3.111025095,178.248607902,-0.002442360,-2.482051849,1,-2.880847216,-165.060386879,0.002442360,2.687179565,1,-0.193598747,-11.092391137,-0.007326126,0.422466278,1,0.870329857,49.866227583,-0.012210846,-0.003663063,-0.012833213,-0.735288967,0.000000000,-0.000000000,2.000000000,1.000000000,3.149173021,180.434323078,0.000000000,-2.774265289,8.500000000,2.500000000,-2.881228685,-165.082243484,0.000000000,2.690469742,3.000000000,0.800000012,-0.194361687,-11.136104347,0.000000000,0.431063026,1.200000048,0.200000003,0.870713234,49.888193471,0.000000000,0.000140856,0.100000001,0.020000000
2026-07-04 17:56:05.048,1783158965.048233509,287.954322333,1,1,287.941871205,1,0.008817720,5,1,0.005296409,5,1,0,1,0,0,1,1,1,0,1,0,-1.000000000,0.000000000,0.000000000,0.000000000,0,-1.000000000,0,0,0,,0,-1.000000000,,0,0,0.000000000,0.000000000,0,-1.000000000,0,,0,-1.000000000,,0,-1.000000000,0,,1,-0.063187219,-3.620360979,-0.007326126,0.085470200,1,3.111025095,178.248607902,-0.002442360,-2.468376160,1,-2.880847216,-165.060386879,-0.002442360,2.687179565,1,-0.193217278,-11.070534531,-0.007326126,0.422466278,1,0.870329857,49.866227583,-0.036628723,-0.003663063,-0.012833213,-0.735288967,0.000000000,-0.000000000,2.000000000,1.000000000,3.149173021,180.434323078,0.000000000,-2.774265289,8.500000000,2.500000000,-2.881228685,-165.082243484,0.000000000,2.690469742,3.000000000,0.800000012,-0.194361687,-11.136104347,0.000000000,0.431063026,1.200000048,0.200000003,0.870713234,49.888193471,0.000000000,0.000140856,0.100000001,0.020000000
2026-07-04 17:56:06.048,1783158966.048017502,288.954106488,1,1,288.941655360,1,0.008781632,5,1,0.005818214,5,1,0,1,0,0,1,1,1,0,1,0,-1.000000000,0.000000000,0.000000000,0.000000000,0,-1.000000000,0,0,0,,0,-1.000000000,,0,0,0.000000000,0.000000000,0,-1.000000000,0,,0,-1.000000000,,0,-1.000000000,0,,1,-0.063187219,-3.620360979,-0.021978378,0.085470200,1,3.111025095,178.248607902,-0.002442360,-2.468376160,1,-2.880847216,-165.060386879,-0.002442360,2.673503876,1,-0.193217278,-11.070534531,-0.021978378,0.422466278,1,0.870329857,49.866227583,-0.036628723,-0.003663063,-0.012833213,-0.735288967,0.000000000,-0.000000000,2.000000000,1.000000000,3.149173021,180.434323078,0.000000000,-2.774265289,8.500000000,2.500000000,-2.881228685,-165.082243484,0.000000000,2.690469742,3.000000000,0.800000012,-0.194361687,-11.136104347,0.000000000,0.431063026,1.200000048,0.200000003,0.870713234,49.888193471,0.000000000,0.000140856,0.100000001,0.020000000
2026-07-04 17:56:07.048,1783158967.048005581,289.954094595,1,1,289.941643467,1,0.008601140,5,1,0.005619392,5,1,0,1,0,0,1,1,1,0,1,0,-1.000000000,0.000000000,0.000000000,0.000000000,0,-1.000000000,0,0,0,,0,-1.000000000,,0,0,0.000000000,0.000000000,0,-1.000000000,0,,0,-1.000000000,,0,-1.000000000,0,,1,-0.063187219,-3.620360979,-0.007326126,0.085470200,1,3.111025095,178.248607902,-0.002442360,-2.482051849,1,-2.880847216,-165.060386879,-0.002442360,2.673503876,1,-0.193598747,-11.092391137,-0.021978378,0.422466278,1,0.870329857,49.866227583,-0.012210846,-0.001221180,-0.012833213,-0.735288967,0.000000000,-0.000000000,2.000000000,1.000000000,3.149173021,180.434323078,0.000000000,-2.774265289,8.500000000,2.500000000,-2.881228685,-165.082243484,0.000000000,2.690469742,3.000000000,0.800000012,-0.194361687,-11.136104347,0.000000000,0.431063026,1.200000048,0.200000003,0.870713234,49.888193471,0.000000000,0.000140856,0.100000001,0.020000000
2026-07-04 17:56:08.047,1783158968.047758579,290.953847491,1,1,290.941396363,1,0.008663648,5,1,0.005798520,5,1,0,1,0,0,1,1,1,0,1,0,-1.000000000,0.000000000,0.000000000,0.000000000,0,-1.000000000,0,0,0,,0,-1.000000000,,0,0,0.000000000,0.000000000,0,-1.000000000,0,,0,-1.000000000,,0,-1.000000000,0,,1,-0.063187219,-3.620360979,-0.007326126,0.085470200,1,3.111025095,178.248607902,-0.002442360,-2.482051849,1,-2.880847216,-165.060386879,-0.002442360,2.673503876,1,-0.193598747,-11.092391137,-0.021978378,0.422466278,1,0.870329857,49.866227583,-0.012210846,-0.003663063,-0.012833213,-0.735288967,0.000000000,-0.000000000,2.000000000,1.000000000,3.149173021,180.434323078,0.000000000,-2.774265289,8.500000000,2.500000000,-2.881228685,-165.082243484,0.000000000,2.690469742,3.000000000,0.800000012,-0.194361687,-11.136104347,0.000000000,0.431063026,1.200000048,0.200000003,0.870713234,49.888193471,0.000000000,0.000140856,0.100000001,0.020000000
2026-07-04 17:56:09.047,1783158969.047658443,291.953747376,1,1,291.941296248,1,0.008734460,5,1,0.005759334,5,1,0,1,0,0,1,1,1,0,1,0,-1.000000000,0.000000000,0.000000000,0.000000000,0,-1.000000000,0,0,0,,0,-1.000000000,,0,0,0.000000000,0.000000000,0,-1.000000000,0,,0,-1.000000000,,0,-1.000000000,0,,1,-0.063187219,-3.620360979,-0.021978378,0.085470200,1,3.111025095,178.248607902,-0.007326126,-2.468376160,1,-2.880847216,-165.060386879,-0.002442360,2.673503876,1,-0.193217278,-11.070534531,-0.007326126,0.422466278,1,0.870329857,49.866227583,0.036628723,-0.003663063,-0.012833213,-0.735288967,0.000000000,-0.000000000,2.000000000,1.000000000,3.149173021,180.434323078,0.000000000,-2.774265289,8.500000000,2.500000000,-2.881228685,-165.082243484,0.000000000,2.690469742,3.000000000,0.800000012,-0.194361687,-11.136104347,0.000000000,0.431063026,1.200000048,0.200000003,0.870713234,49.888193471,0.000000000,0.000140856,0.100000001,0.020000000
2026-07-04 17:56:10.047,1783158970.047497511,292.953586384,1,1,292.941135256,1,0.008351485,5,1,0.005775330,5,1,0,1,0,0,1,1,1,0,1,0,-1.000000000,0.000000000,0.000000000,0.000000000,0,-1.000000000,0,0,0,,0,-1.000000000,,0,0,0.000000000,0.000000000,0,-1.000000000,0,,0,-1.000000000,,0,-1.000000000,0,,1,-0.063187219,-3.620360979,-0.007326126,0.090353966,1,3.111025095,178.248607902,-0.002442360,-2.468376160,1,-2.880847216,-165.060386879,0.002442360,2.673503876,1,-0.193217278,-11.070534531,-0.007326126,0.422466278,1,0.870329857,49.866227583,-0.036628723,-0.001221180,-0.012833213,-0.735288967,0.000000000,-0.000000000,2.000000000,1.000000000,3.149173021,180.434323078,0.000000000,-2.774265289,8.500000000,2.500000000,-2.881228685,-165.082243484,0.000000000,2.690469742,3.000000000,0.800000012,-0.194361687,-11.136104347,0.000000000,0.431063026,1.200000048,0.200000003,0.870713234,49.888193471,0.000000000,0.000140856,0.100000001,0.020000000
2026-07-04 17:56:11.047,1783158971.047362804,293.953451695,1,1,293.941000567,1,0.008674505,5,1,0.005745276,5,1,0,1,0,0,1,1,1,0,1,0,-1.000000000,0.000000000,0.000000000,0.000000000,0,-1.000000000,0,0,0,,0,-1.000000000,,0,0,0.000000000,0.000000000,0,-1.000000000,0,,0,-1.000000000,,0,-1.000000000,0,,1,-0.063187219,-3.620360979,-0.021978378,0.085470200,1,3.111025095,178.248607902,-0.002442360,-2.468376160,1,-2.880847216,-165.060386879,-0.002442360,2.673503876,1,-0.193217278,-11.070534531,-0.007326126,0.422466278,1,0.870329857,49.866227583,-0.012210846,-0.001221180,-0.012833213,-0.735288967,0.000000000,-0.000000000,2.000000000,1.000000000,3.149173021,180.434323078,0.000000000,-2.774265289,8.500000000,2.500000000,-2.881228685,-165.082243484,0.000000000,2.690469742,3.000000000,0.800000012,-0.194361687,-11.136104347,0.000000000,0.431063026,1.200000048,0.200000003,0.870713234,49.888193471,0.000000000,0.000140856,0.100000001,0.020000000
2026-07-04 17:56:12.047,1783158972.047327042,294.953416009,1,1,294.940964881,1,0.008832136,5,1,0.005844379,5,1,0,1,0,0,1,1,1,0,1,0,-1.000000000,0.000000000,0.000000000,0.000000000,0,-1.000000000,0,0,0,,0,-1.000000000,,0,0,0.000000000,0.000000000,0,-1.000000000,0,,0,-1.000000000,,0,-1.000000000,0,,1,-0.063187219,-3.620360979,-0.007326126,0.085470200,1,3.111025095,178.248607902,-0.002442360,-2.482051849,1,-2.880847216,-165.060386879,-0.007326126,2.673503876,1,-0.193217278,-11.070534531,-0.021978378,0.422466278,1,0.870329857,49.866227583,0.012210846,-0.003663063,-0.012833213,-0.735288967,0.000000000,-0.000000000,2.000000000,1.000000000,3.149173021,180.434323078,0.000000000,-2.774265289,8.500000000,2.500000000,-2.881228685,-165.082243484,0.000000000,2.690469742,3.000000000,0.800000012,-0.194361687,-11.136104347,0.000000000,0.431063026,1.200000048,0.200000003,0.870713234,49.888193471,0.000000000,0.000140856,0.100000001,0.020000000
2026-07-04 17:56:13.047,1783158973.047123194,295.953212287,1,1,295.940761159,1,0.008734483,5,1,0.005817452,5,1,0,1,0,0,1,1,1,0,1,0,-1.000000000,0.000000000,0.000000000,0.000000000,0,-1.000000000,0,0,0,,0,-1.000000000,,0,0,0.000000000,0.000000000,0,-1.000000000,0,,0,-1.000000000,,0,-1.000000000,0,,1,-0.063187219,-3.620360979,-0.007326126,0.085470200,1,3.111025095,178.248607902,0.002442360,-2.482051849,1,-2.880847216,-165.060386879,-0.002442360,2.673503876,1,-0.193217278,-11.070534531,-0.007326126,0.422466278,1,0.870329857,49.866227583,-0.036628723,-0.001221180,-0.012833213,-0.735288967,0.000000000,-0.000000000,2.000000000,1.000000000,3.149173021,180.434323078,0.000000000,-2.774265289,8.500000000,2.500000000,-2.881228685,-165.082243484,0.000000000,2.690469742,3.000000000,0.800000012,-0.194361687,-11.136104347,0.000000000,0.431063026,1.200000048,0.200000003,0.870713234,49.888193471,0.000000000,0.000140856,0.100000001,0.020000000
2026-07-04 17:56:14.047,1783158974.047025204,296.953114109,1,1,296.940662981,1,0.008665436,5,1,0.005789136,5,1,0,1,0,0,1,1,1,0,1,0,-1.000000000,0.000000000,0.000000000,0.000000000,0,-1.000000000,0,0,0,,0,-1.000000000,,0,0,0.000000000,0.000000000,0,-1.000000000,0,,0,-1.000000000,,0,-1.000000000,0,,1,-0.063187219,-3.620360979,0.007326126,0.085470200,1,3.111025095,178.248607902,0.002442360,-2.482051849,1,-2.880847216,-165.060386879,0.002442360,2.673503876,1,-0.193598747,-11.092391137,-0.007326126,0.422466278,1,0.870329857,49.866227583,-0.012210846,-0.003663063,-0.012833213,-0.735288967,0.000000000,-0.000000000,2.000000000,1.000000000,3.149173021,180.434323078,0.000000000,-2.774265289,8.500000000,2.500000000,-2.881228685,-165.082243484,0.000000000,2.690469742,3.000000000,0.800000012,-0.194361687,-11.136104347,0.000000000,0.431063026,1.200000048,0.200000003,0.870713234,49.888193471,0.000000000,0.000140856,0.100000001,0.020000000
2026-07-04 17:56:15.046,1783158975.046869040,297.952957907,1,1,297.940506779,1,0.008858025,5,1,0.005819738,5,1,0,1,0,0,1,1,1,0,1,0,-1.000000000,0.000000000,0.000000000,0.000000000,0,-1.000000000,0,0,0,,0,-1.000000000,,0,0,0.000000000,0.000000000,0,-1.000000000,0,,0,-1.000000000,,0,-1.000000000,0,,1,-0.063187219,-3.620360979,-0.021978378,0.085470200,1,3.111025095,178.248607902,-0.002442360,-2.468376160,1,-2.880847216,-165.060386879,-0.002442360,2.687179565,1,-0.193217278,-11.070534531,0.007326126,0.422466278,1,0.870329857,49.866227583,-0.012210846,-0.003663063,-0.012833213,-0.735288967,0.000000000,-0.000000000,2.000000000,1.000000000,3.149173021,180.434323078,0.000000000,-2.774265289,8.500000000,2.500000000,-2.881228685,-165.082243484,0.000000000,2.690469742,3.000000000,0.800000012,-0.194361687,-11.136104347,0.000000000,0.431063026,1.200000048,0.200000003,0.870713234,49.888193471,0.000000000,0.000140856,0.100000001,0.020000000
2026-07-04 17:56:16.046,1783158976.046730280,298.952819120,1,1,298.940367992,1,0.008504824,5,1,0.005741342,5,1,0,1,0,0,1,1,1,0,1,0,-1.000000000,0.000000000,0.000000000,0.000000000,0,-1.000000000,0,0,0,,0,-1.000000000,,0,0,0.000000000,0.000000000,0,-1.000000000,0,,0,-1.000000000,,0,-1.000000000,0,,1,-0.063187219,-3.620360979,0.007326126,0.090353966,1,3.111025095,178.248607902,-0.002442360,-2.482051849,1,-2.880847216,-165.060386879,-0.002442360,2.673503876,1,-0.193598747,-11.092391137,-0.021978378,0.422466278,1,0.870329857,49.866227583,-0.061050415,-0.003663063,-0.012833213,-0.735288967,0.000000000,-0.000000000,2.000000000,1.000000000,3.149173021,180.434323078,0.000000000,-2.774265289,8.500000000,2.500000000,-2.881228685,-165.082243484,0.000000000,2.690469742,3.000000000,0.800000012,-0.194361687,-11.136104347,0.000000000,0.431063026,1.200000048,0.200000003,0.870713234,49.888193471,0.000000000,0.000140856,0.100000001,0.020000000
2026-07-04 17:56:17.046,1783158977.046738863,299.952827798,1,1,299.940376670,1,0.008680010,5,1,0.005802446,5,1,0,1,0,0,1,1,1,0,1,0,-1.000000000,0.000000000,0.000000000,0.000000000,0,-1.000000000,0,0,0,,0,-1.000000000,,0,0,0.000000000,0.000000000,0,-1.000000000,0,,0,-1.000000000,,0,-1.000000000,0,,1,-0.063187219,-3.620360979,-0.007326126,0.085470200,1,3.111025095,178.248607902,-0.002442360,-2.468376160,1,-2.880847216,-165.060386879,-0.002442360,2.687179565,1,-0.193598747,-11.092391137,-0.021978378,0.422466278,1,0.870329857,49.866227583,-0.012210846,-0.001221180,-0.012833213,-0.735288967,0.000000000,-0.000000000,2.000000000,1.000000000,3.149173021,180.434323078,0.000000000,-2.774265289,8.500000000,2.500000000,-2.881228685,-165.082243484,0.000000000,2.690469742,3.000000000,0.800000012,-0.194361687,-11.136104347,0.000000000,0.431063026,1.200000048,0.200000003,0.870713234,49.888193471,0.000000000,0.000140856,0.100000001,0.020000000
2026-07-04 17:56:18.046,1783158978.046498537,300.952587549,1,1,300.940136421,1,0.008586905,5,1,0.005649619,5,1,0,1,0,0,1,1,1,0,1,0,-1.000000000,0.000000000,0.000000000,0.000000000,0,-1.000000000,0,0,0,,0,-1.000000000,,0,0,0.000000000,0.000000000,0,-1.000000000,0,,0,-1.000000000,,0,-1.000000000,0,,1,-0.063187219,-3.620360979,0.007326126,0.085470200,1,3.111025095,178.248607902,-0.007326126,-2.468376160,1,-2.880847216,-165.060386879,-0.002442360,2.673503876,1,-0.193598747,-11.092391137,-0.007326126,0.422466278,1,0.870329857,49.866227583,-0.036628723,-0.001221180,-0.012833213,-0.735288967,0.000000000,-0.000000000,2.000000000,1.000000000,3.149173021,180.434323078,0.000000000,-2.774265289,8.500000000,2.500000000,-2.881228685,-165.082243484,0.000000000,2.690469742,3.000000000,0.800000012,-0.194361687,-11.136104347,0.000000000,0.431063026,1.200000048,0.200000003,0.870713234,49.888193471,0.000000000,0.000140856,0.100000001,0.020000000
2026-07-04 17:56:19.046,1783158979.046425581,301.952514528,1,1,301.940063400,1,0.008561125,5,1,0.005787942,5,1,0,1,0,0,1,1,1,0,1,0,-1.000000000,0.000000000,0.000000000,0.000000000,0,-1.000000000,0,0,0,,0,-1.000000000,,0,0,0.000000000,0.000000000,0,-1.000000000,0,,0,-1.000000000,,0,-1.000000000,0,,1,-0.063187219,-3.620360979,-0.021978378,0.085470200,1,3.111025095,178.248607902,-0.002442360,-2.482051849,1,-2.880847216,-165.060386879,-0.002442360,2.673503876,1,-0.193217278,-11.070534531,-0.007326126,0.422466278,1,0.870329857,49.866227583,-0.012210846,-0.001221180,-0.012833213,-0.735288967,0.000000000,-0.000000000,2.000000000,1.000000000,3.149173021,180.434323078,0.000000000,-2.774265289,8.500000000,2.500000000,-2.881228685,-165.082243484,0.000000000,2.690469742,3.000000000,0.800000012,-0.194361687,-11.136104347,0.000000000,0.431063026,1.200000048,0.200000003,0.870713234,49.888193471,0.000000000,0.000140856,0.100000001,0.020000000
2026-07-04 17:56:20.046,1783158980.046246052,302.952334991,1,1,302.939883863,1,0.008979987,5,1,0.005822446,5,1,0,1,0,0,1,1,1,0,1,0,-1.000000000,0.000000000,0.000000000,0.000000000,0,-1.000000000,0,0,0,,0,-1.000000000,,0,0,0.000000000,0.000000000,0,-1.000000000,0,,0,-1.000000000,,0,-1.000000000,0,,1,-0.063187219,-3.620360979,-0.007326126,0.085470200,1,3.111025095,178.248607902,-0.002442360,-2.482051849,1,-2.880847216,-165.060386879,0.002442360,2.673503876,1,-0.193217278,-11.070534531,-0.007326126,0.422466278,1,0.870329857,49.866227583,-0.012210846,-0.003663063,-0.012833213,-0.735288967,0.000000000,-0.000000000,2.000000000,1.000000000,3.149173021,180.434323078,0.000000000,-2.774265289,8.500000000,2.500000000,-2.881228685,-165.082243484,0.000000000,2.690469742,3.000000000,0.800000012,-0.194361687,-11.136104347,0.000000000,0.431063026,1.200000048,0.200000003,0.870713234,49.888193471,0.000000000,0.000140856,0.100000001,0.020000000
2026-07-04 17:56:21.046,1783158981.046118259,303.952207117,1,1,303.939755989,1,0.008497701,5,1,0.005785600,5,1,0,1,0,0,1,1,1,0,1,0,-1.000000000,0.000000000,0.000000000,0.000000000,0,-1.000000000,0,0,0,,0,-1.000000000,,0,0,0.000000000,0.000000000,0,-1.000000000,0,,0,-1.000000000,,0,-1.000000000,0,,1,-0.063187219,-3.620360979,-0.007326126,0.085470200,1,3.111025095,178.248607902,-0.002442360,-2.468376160,1,-2.880847216,-165.060386879,0.002442360,2.687179565,1,-0.193217278,-11.070534531,-0.007326126,0.422466278,1,0.870329857,49.866227583,-0.012210846,-0.001221180,-0.012833213,-0.735288967,0.000000000,-0.000000000,2.000000000,1.000000000,3.149173021,180.434323078,0.000000000,-2.774265289,8.500000000,2.500000000,-2.881228685,-165.082243484,0.000000000,2.690469742,3.000000000,0.800000012,-0.194361687,-11.136104347,0.000000000,0.431063026,1.200000048,0.200000003,0.870713234,49.888193471,0.000000000,0.000140856,0.100000001,0.020000000
2026-07-04 17:56:22.046,1783158982.046004534,304.952093407,1,1,304.939642279,1,0.008742619,5,1,0.005665645,5,1,0,1,0,0,1,1,1,0,1,0,-1.000000000,0.000000000,0.000000000,0.000000000,0,-1.000000000,0,0,0,,0,-1.000000000,,0,0,0.000000000,0.000000000,0,-1.000000000,0,,0,-1.000000000,,0,-1.000000000,0,,1,-0.063187219,-3.620360979,-0.007326126,0.085470200,1,3.111025095,178.248607902,-0.002442360,-2.482051849,1,-2.880847216,-165.060386879,-0.002442360,2.673503876,1,-0.193217278,-11.070534531,-0.007326126,0.422466278,1,0.870329857,49.866227583,0.012210846,-0.003663063,-0.012833213,-0.735288967,0.000000000,-0.000000000,2.000000000,1.000000000,3.149173021,180.434323078,0.000000000,-2.774265289,8.500000000,2.500000000,-2.881228685,-165.082243484,0.000000000,2.690469742,3.000000000,0.800000012,-0.194361687,-11.136104347,0.000000000,0.431063026,1.200000048,0.200000003,0.870713234,49.888193471,0.000000000,0.000140856,0.100000001,0.020000000
2026-07-04 17:56:23.045,1783158983.045868874,305.951957779,1,1,305.939506651,1,0.008600209,5,1,0.005812924,5,1,0,1,0,0,1,1,1,0,1,0,-1.000000000,0.000000000,0.000000000,0.000000000,0,-1.000000000,0,0,0,,0,-1.000000000,,0,0,0.000000000,0.000000000,0,-1.000000000,0,,0,-1.000000000,,0,-1.000000000,0,,1,-0.063187219,-3.620360979,-0.021978378,0.085470200,1,3.111025095,178.248607902,-0.002442360,-2.482051849,1,-2.880847216,-165.060386879,-0.002442360,2.687179565,1,-0.193598747,-11.092391137,-0.021978378,0.422466278,1,0.870329857,49.866227583,-0.036628723,-0.003663063,-0.012833213,-0.735288967,0.000000000,-0.000000000,2.000000000,1.000000000,3.149173021,180.434323078,0.000000000,-2.774265289,8.500000000,2.500000000,-2.881228685,-165.082243484,0.000000000,2.690469742,3.000000000,0.800000012,-0.194361687,-11.136104347,0.000000000,0.431063026,1.200000048,0.200000003,0.870713234,49.888193471,0.000000000,0.000140856,0.100000001,0.020000000
2026-07-04 17:56:24.045,1783158984.045798063,306.951887063,1,1,306.939435935,1,0.008467136,5,1,0.005642763,5,1,0,1,0,0,1,1,1,0,1,0,-1.000000000,0.000000000,0.000000000,0.000000000,0,-1.000000000,0,0,0,,0,-1.000000000,,0,0,0.000000000,0.000000000,0,-1.000000000,0,,0,-1.000000000,,0,-1.000000000,0,,1,-0.063187219,-3.620360979,-0.007326126,0.085470200,1,3.111025095,178.248607902,-0.002442360,-2.468376160,1,-2.880847216,-165.060386879,0.002442360,2.673503876,1,-0.193217278,-11.070534531,0.007326126,0.422466278,1,0.870329857,49.866227583,0.012210846,-0.001221180,-0.012833213,-0.735288967,0.000000000,-0.000000000,2.000000000,1.000000000,3.149173021,180.434323078,0.000000000,-2.774265289,8.500000000,2.500000000,-2.881228685,-165.082243484,0.000000000,2.690469742,3.000000000,0.800000012,-0.194361687,-11.136104347,0.000000000,0.431063026,1.200000048,0.200000003,0.870713234,49.888193471,0.000000000,0.000140856,0.100000001,0.020000000
2026-07-04 17:56:25.045,1783158985.045629978,307.951719012,1,1,307.939267884,1,0.008790970,5,1,0.005705282,5,1,0,1,0,0,1,1,1,0,1,0,-1.000000000,0.000000000,0.000000000,0.000000000,0,-1.000000000,0,0,0,,0,-1.000000000,,0,0,0.000000000,0.000000000,0,-1.000000000,0,,0,-1.000000000,,0,-1.000000000,0,,1,-0.063187219,-3.620360979,-0.007326126,0.090353966,1,3.111025095,178.248607902,-0.007326126,-2.468376160,1,-2.880847216,-165.060386879,-0.002442360,2.673503876,1,-0.193217278,-11.070534531,-0.007326126,0.422466278,1,0.870329857,49.866227583,-0.012210846,-0.003663063,-0.012833213,-0.735288967,0.000000000,-0.000000000,2.000000000,1.000000000,3.149173021,180.434323078,0.000000000,-2.774265289,8.500000000,2.500000000,-2.881228685,-165.082243484,0.000000000,2.690469742,3.000000000,0.800000012,-0.194361687,-11.136104347,0.000000000,0.431063026,1.200000048,0.200000003,0.870713234,49.888193471,0.000000000,0.000140856,0.100000001,0.020000000
2026-07-04 17:56:26.045,1783158986.045528889,308.951617834,1,1,308.939166706,1,0.008929017,5,1,0.005896260,5,1,0,1,0,0,1,1,1,0,1,0,-1.000000000,0.000000000,0.000000000,0.000000000,0,-1.000000000,0,0,0,,0,-1.000000000,,0,0,0.000000000,0.000000000,0,-1.000000000,0,,0,-1.000000000,,0,-1.000000000,0,,1,-0.063187219,-3.620360979,-0.007326126,0.085470200,1,3.111025095,178.248607902,-0.002442360,-2.482051849,1,-2.880847216,-165.060386879,-0.002442360,2.687179565,1,-0.193598747,-11.092391137,-0.021978378,0.422466278,1,0.870329857,49.866227583,-0.036628723,-0.003663063,-0.012833213,-0.735288967,0.000000000,-0.000000000,2.000000000,1.000000000,3.149173021,180.434323078,0.000000000,-2.774265289,8.500000000,2.500000000,-2.881228685,-165.082243484,0.000000000,2.690469742,3.000000000,0.800000012,-0.194361687,-11.136104347,0.000000000,0.431063026,1.200000048,0.200000003,0.870713234,49.888193471,0.000000000,0.000140856,0.100000001,0.020000000
2026-07-04 17:56:27.045,1783158987.045402527,309.951491577,1,1,309.939040449,1,0.008776561,5,1,0.005513906,5,1,0,1,0,0,1,1,1,0,1,0,-1.000000000,0.000000000,0.000000000,0.000000000,0,-1.000000000,0,0,0,,0,-1.000000000,,0,0,0.000000000,0.000000000,0,-1.000000000,0,,0,-1.000000000,,0,-1.000000000,0,,1,-0.063187219,-3.620360979,-0.007326126,0.085470200,1,3.111025095,178.248607902,-0.002442360,-2.468376160,1,-2.880847216,-165.060386879,-0.002442360,2.673503876,1,-0.193217278,-11.070534531,-0.007326126,0.422466278,1,0.870329857,49.866227583,0.012210846,-0.003663063,-0.012833213,-0.735288967,0.000000000,-0.000000000,2.000000000,1.000000000,3.149173021,180.434323078,0.000000000,-2.774265289,8.500000000,2.500000000,-2.881228685,-165.082243484,0.000000000,2.690469742,3.000000000,0.800000012,-0.194361687,-11.136104347,0.000000000,0.431063026,1.200000048,0.200000003,0.870713234,49.888193471,0.000000000,0.000140856,0.100000001,0.020000000
2026-07-04 17:56:28.045,1783158988.045283079,310.951372080,1,1,310.938920952,1,0.008153162,5,1,0.005397135,5,1,0,1,0,0,1,1,1,0,1,0,-1.000000000,0.000000000,0.000000000,0.000000000,0,-1.000000000,0,0,0,,0,-1.000000000,,0,0,0.000000000,0.000000000,0,-1.000000000,0,,0,-1.000000000,,0,-1.000000000,0,,1,-0.063187219,-3.620360979,-0.007326126,0.090353966,1,3.111025095,178.248607902,-0.002442360,-2.468376160,1,-2.880847216,-165.060386879,0.002442360,2.673503876,1,-0.193598747,-11.092391137,-0.021978378,0.422466278,1,0.870329857,49.866227583,-0.012210846,-0.003663063,-0.012833213,-0.735288967,0.000000000,-0.000000000,2.000000000,1.000000000,3.149173021,180.434323078,0.000000000,-2.774265289,8.500000000,2.500000000,-2.881228685,-165.082243484,0.000000000,2.690469742,3.000000000,0.800000012,-0.194361687,-11.136104347,0.000000000,0.431063026,1.200000048,0.200000003,0.870713234,49.888193471,0.000000000,0.000140856,0.100000001,0.020000000
2026-07-04 17:56:29.045,1783158989.045101881,311.951190807,1,1,311.938739679,1,0.008792876,5,1,0.005755093,5,1,0,1,0,0,1,1,1,0,1,0,-1.000000000,0.000000000,0.000000000,0.000000000,0,-1.000000000,0,0,0,,0,-1.000000000,,0,0,0.000000000,0.000000000,0,-1.000000000,0,,0,-1.000000000,,0,-1.000000000,0,,1,-0.063187219,-3.620360979,-0.007326126,0.085470200,1,3.111025095,178.248607902,-0.002442360,-2.482051849,1,-2.880847216,-165.060386879,-0.002442360,2.673503876,1,-0.193217278,-11.070534531,-0.007326126,0.422466278,1,0.870329857,49.866227583,-0.036628723,-0.003663063,-0.012833213,-0.735288967,0.000000000,-0.000000000,2.000000000,1.000000000,3.149173021,180.434323078,0.000000000,-2.774265289,8.500000000,2.500000000,-2.881228685,-165.082243484,0.000000000,2.690469742,3.000000000,0.800000012,-0.194361687,-11.136104347,0.000000000,0.431063026,1.200000048,0.200000003,0.870713234,49.888193471,0.000000000,0.000140856,0.100000001,0.020000000
2026-07-04 17:56:30.045,1783158990.045147657,312.951236732,1,1,312.938785604,1,0.008760239,5,1,0.005749132,5,1,0,1,0,0,1,1,1,0,1,0,-1.000000000,0.000000000,0.000000000,0.000000000,0,-1.000000000,0,0,0,,0,-1.000000000,,0,0,0.000000000,0.000000000,0,-1.000000000,0,,0,-1.000000000,,0,-1.000000000,0,,1,-0.063187219,-3.620360979,-0.007326126,0.085470200,1,3.111025095,178.248607902,-0.002442360,-2.468376160,1,-2.880847216,-165.060386879,-0.002442360,2.673503876,1,-0.193598747,-11.092391137,0.007326126,0.422466278,1,0.870329857,49.866227583,0.012210846,-0.003663063,-0.012833213,-0.735288967,0.000000000,-0.000000000,2.000000000,1.000000000,3.149173021,180.434323078,0.000000000,-2.774265289,8.500000000,2.500000000,-2.881228685,-165.082243484,0.000000000,2.690469742,3.000000000,0.800000012,-0.194361687,-11.136104347,0.000000000,0.431063026,1.200000048,0.200000003,0.870713234,49.888193471,0.000000000,0.000140856,0.100000001,0.020000000
2026-07-04 17:56:31.044,1783158991.044861555,313.950950458,1,1,313.938499330,1,0.008836031,5,1,0.005784090,5,1,0,1,0,0,1,1,1,0,1,0,-1.000000000,0.000000000,0.000000000,0.000000000,0,-1.000000000,0,0,0,,0,-1.000000000,,0,0,0.000000000,0.000000000,0,-1.000000000,0,,0,-1.000000000,,0,-1.000000000,0,,1,-0.063187219,-3.620360979,0.007326126,0.085470200,1,3.111025095,178.248607902,-0.002442360,-2.482051849,1,-2.880847216,-165.060386879,-0.002442360,2.673503876,1,-0.193217278,-11.070534531,-0.007326126,0.422466278,1,0.870329857,49.866227583,-0.012210846,-0.003663063,-0.012833213,-0.735288967,0.000000000,-0.000000000,2.000000000,1.000000000,3.149173021,180.434323078,0.000000000,-2.774265289,8.500000000,2.500000000,-2.881228685,-165.082243484,0.000000000,2.690469742,3.000000000,0.800000012,-0.194361687,-11.136104347,0.000000000,0.431063026,1.200000048,0.200000003,0.870713234,49.888193471,0.000000000,0.000140856,0.100000001,0.020000000
2026-07-04 17:56:32.044,1783158992.044737816,314.950826873,1,1,314.938375745,1,0.008513348,5,1,0.005791428,5,1,0,1,0,0,1,1,1,0,1,0,-1.000000000,0.000000000,0.000000000,0.000000000,0,-1.000000000,0,0,0,,0,-1.000000000,,0,0,0.000000000,0.000000000,0,-1.000000000,0,,0,-1.000000000,,0,-1.000000000,0,,1,-0.063187219,-3.620360979,-0.007326126,0.085470200,1,3.111025095,178.248607902,-0.007326126,-2.468376160,1,-2.880847216,-165.060386879,-0.002442360,2.673503876,1,-0.193598747,-11.092391137,-0.007326126,0.422466278,1,0.870329857,49.866227583,0.012210846,-0.001221180,-0.012833213,-0.735288967,0.000000000,-0.000000000,2.000000000,1.000000000,3.149173021,180.434323078,0.000000000,-2.774265289,8.500000000,2.500000000,-2.881228685,-165.082243484,0.000000000,2.690469742,3.000000000,0.800000012,-0.194361687,-11.136104347,0.000000000,0.431063026,1.200000048,0.200000003,0.870713234,49.888193471,0.000000000,0.000140856,0.100000001,0.020000000
2026-07-04 17:56:33.044,1783158993.044631958,315.950721138,1,1,315.938270010,1,0.008831632,5,1,0.005801611,5,1,0,1,0,0,1,1,1,0,1,0,-1.000000000,0.000000000,0.000000000,0.000000000,0,-1.000000000,0,0,0,,0,-1.000000000,,0,0,0.000000000,0.000000000,0,-1.000000000,0,,0,-1.000000000,,0,-1.000000000,0,,1,-0.063187219,-3.620360979,-0.007326126,0.090353966,1,3.111025095,178.248607902,-0.002442360,-2.482051849,1,-2.880847216,-165.060386879,-0.007326126,2.673503876,1,-0.193217278,-11.070534531,-0.007326126,0.422466278,1,0.870329857,49.866227583,-0.036628723,-0.003663063,-0.012833213,-0.735288967,0.000000000,-0.000000000,2.000000000,1.000000000,3.149173021,180.434323078,0.000000000,-2.774265289,8.500000000,2.500000000,-2.881228685,-165.082243484,0.000000000,2.690469742,3.000000000,0.800000012,-0.194361687,-11.136104347,0.000000000,0.431063026,1.200000048,0.200000003,0.870713234,49.888193471,0.000000000,0.000140856,0.100000001,0.020000000
2026-07-04 17:56:34.044,1783158994.044533253,316.950622290,1,1,316.938171162,1,0.008176223,5,1,0.005530945,5,1,0,1,0,0,1,1,1,0,1,0,-1.000000000,0.000000000,0.000000000,0.000000000,0,-1.000000000,0,0,0,,0,-1.000000000,,0,0,0.000000000,0.000000000,0,-1.000000000,0,,0,-1.000000000,,0,-1.000000000,0,,1,-0.063187219,-3.620360979,0.007326126,0.085470200,1,3.111025095,178.248607902,-0.002442360,-2.482051849,1,-2.880847216,-165.060386879,-0.002442360,2.673503876,1,-0.193598747,-11.092391137,-0.021978378,0.422466278,1,0.870329857,49.866227583,-0.036628723,-0.003663063,-0.012833213,-0.735288967,0.000000000,-0.000000000,2.000000000,1.000000000,3.149173021,180.434323078,0.000000000,-2.774265289,8.500000000,2.500000000,-2.881228685,-165.082243484,0.000000000,2.690469742,3.000000000,0.800000012,-0.194361687,-11.136104347,0.000000000,0.431063026,1.200000048,0.200000003,0.870713234,49.888193471,0.000000000,0.000140856,0.100000001,0.020000000
2026-07-04 17:56:35.044,1783158995.044361353,317.950450464,1,1,317.937999336,1,0.008821133,5,1,0.005816802,5,1,0,1,0,0,1,1,1,0,1,0,-1.000000000,0.000000000,0.000000000,0.000000000,0,-1.000000000,0,0,0,,0,-1.000000000,,0,0,0.000000000,0.000000000,0,-1.000000000,0,,0,-1.000000000,,0,-1.000000000,0,,1,-0.063187219,-3.620360979,-0.007326126,0.085470200,1,3.111025095,178.248607902,-0.002442360,-2.482051849,1,-2.880847216,-165.060386879,-0.002442360,2.673503876,1,-0.193217278,-11.070534531,-0.007326126,0.422466278,1,0.870329857,49.866227583,-0.012210846,-0.001221180,-0.012833213,-0.735288967,0.000000000,-0.000000000,2.000000000,1.000000000,3.149173021,180.434323078,0.000000000,-2.774265289,8.500000000,2.500000000,-2.881228685,-165.082243484,0.000000000,2.690469742,3.000000000,0.800000012,-0.194361687,-11.136104347,0.000000000,0.431063026,1.200000048,0.200000003,0.870713234,49.888193471,0.000000000,0.000140856,0.100000001,0.020000000
2026-07-04 17:56:36.044,1783158996.044331074,318.950419952,1,1,318.937968824,1,0.008363430,5,1,0.005735291,5,1,0,1,0,0,1,1,1,0,1,0,-1.000000000,0.000000000,0.000000000,0.000000000,0,-1.000000000,0,0,0,,0,-1.000000000,,0,0,0.000000000,0.000000000,0,-1.000000000,0,,0,-1.000000000,,0,-1.000000000,0,,1,-0.063187219,-3.620360979,-0.007326126,0.085470200,1,3.111025095,178.248607902,-0.002442360,-2.482051849,1,-2.880847216,-165.060386879,-0.002442360,2.673503876,1,-0.193217278,-11.070534531,-0.007326126,0.422466278,1,0.870329857,49.866227583,-0.012210846,-0.003663063,-0.012833213,-0.735288967,0.000000000,-0.000000000,2.000000000,1.000000000,3.149173021,180.434323078,0.000000000,-2.774265289,8.500000000,2.500000000,-2.881228685,-165.082243484,0.000000000,2.690469742,3.000000000,0.800000012,-0.194361687,-11.136104347,0.000000000,0.431063026,1.200000048,0.200000003,0.870713234,49.888193471,0.000000000,0.000140856,0.100000001,0.020000000
2026-07-04 17:56:37.044,1783158997.044147968,319.950237059,1,1,319.937785931,1,0.008411476,5,1,0.005691693,5,1,0,1,0,0,1,1,1,0,1,0,-1.000000000,0.000000000,0.000000000,0.000000000,0,-1.000000000,0,0,0,,0,-1.000000000,,0,0,0.000000000,0.000000000,0,-1.000000000,0,,0,-1.000000000,,0,-1.000000000,0,,1,-0.063187219,-3.620360979,-0.007326126,0.085470200,1,3.111025095,178.248607902,-0.002442360,-2.468376160,1,-2.880847216,-165.060386879,-0.002442360,2.673503876,1,-0.193598747,-11.092391137,-0.021978378,0.422466278,1,0.870329857,49.866227583,0.012210846,-0.003663063,-0.012833213,-0.735288967,0.000000000,-0.000000000,2.000000000,1.000000000,3.149173021,180.434323078,0.000000000,-2.774265289,8.500000000,2.500000000,-2.881228685,-165.082243484,0.000000000,2.690469742,3.000000000,0.800000012,-0.194361687,-11.136104347,0.000000000,0.431063026,1.200000048,0.200000003,0.870713234,49.888193471,0.000000000,0.000140856,0.100000001,0.020000000
2026-07-04 17:56:38.044,1783158998.044097185,320.950186130,1,1,320.937735002,1,0.008851804,5,1,0.005819158,5,1,0,1,0,0,1,1,1,0,1,0,-1.000000000,0.000000000,0.000000000,0.000000000,0,-1.000000000,0,0,0,,0,-1.000000000,,0,0,0.000000000,0.000000000,0,-1.000000000,0,,0,-1.000000000,,0,-1.000000000,0,,1,-0.063187219,-3.620360979,-0.007326126,0.085470200,1,3.111025095,178.248607902,-0.002442360,-2.468376160,1,-2.880847216,-165.060386879,0.002442360,2.673503876,1,-0.193598747,-11.092391137,-0.021978378,0.422466278,1,0.870329857,49.866227583,-0.036628723,-0.003663063,-0.012833213,-0.735288967,0.000000000,-0.000000000,2.000000000,1.000000000,3.149173021,180.434323078,0.000000000,-2.774265289,8.500000000,2.500000000,-2.881228685,-165.082243484,0.000000000,2.690469742,3.000000000,0.800000012,-0.194361687,-11.136104347,0.000000000,0.431063026,1.200000048,0.200000003,0.870713234,49.888193471,0.000000000,0.000140856,0.100000001,0.020000000
2026-07-04 17:56:39.044,1783158999.043948174,321.950037135,1,1,321.937586007,1,0.008800078,5,1,0.005718299,5,1,0,1,0,0,1,1,1,0,1,0,-1.000000000,0.000000000,0.000000000,0.000000000,0,-1.000000000,0,0,0,,0,-1.000000000,,0,0,0.000000000,0.000000000,0,-1.000000000,0,,0,-1.000000000,,0,-1.000000000,0,,1,-0.063187219,-3.620360979,-0.007326126,0.085470200,1,3.111025095,178.248607902,-0.002442360,-2.482051849,1,-2.880847216,-165.060386879,-0.002442360,2.673503876,1,-0.193217278,-11.070534531,0.007326126,0.422466278,1,0.870329857,49.866227583,0.012210846,-0.003663063,-0.012833213,-0.735288967,0.000000000,-0.000000000,2.000000000,1.000000000,3.149173021,180.434323078,0.000000000,-2.774265289,8.500000000,2.500000000,-2.881228685,-165.082243484,0.000000000,2.690469742,3.000000000,0.800000012,-0.194361687,-11.136104347,0.000000000,0.431063026,1.200000048,0.200000003,0.870713234,49.888193471,0.000000000,0.000140856,0.100000001,0.020000000
2026-07-04 17:56:40.043,1783159000.043771029,322.949860022,1,1,322.937408894,1,0.008810902,5,1,0.005763546,5,1,0,1,0,0,1,1,1,0,1,0,-1.000000000,0.000000000,0.000000000,0.000000000,0,-1.000000000,0,0,0,,0,-1.000000000,,0,0,0.000000000,0.000000000,0,-1.000000000,0,,0,-1.000000000,,0,-1.000000000,0,,1,-0.063187219,-3.620360979,-0.007326126,0.085470200,1,3.111025095,178.248607902,-0.002442360,-2.482051849,1,-2.880847216,-165.060386879,-0.002442360,2.673503876,1,-0.193217278,-11.070534531,-0.007326126,0.422466278,1,0.870329857,49.866227583,-0.036628723,-0.003663063,-0.012833213,-0.735288967,0.000000000,-0.000000000,2.000000000,1.000000000,3.149173021,180.434323078,0.000000000,-2.774265289,8.500000000,2.500000000,-2.881228685,-165.082243484,0.000000000,2.690469742,3.000000000,0.800000012,-0.194361687,-11.136104347,0.000000000,0.431063026,1.200000048,0.200000003,0.870713234,49.888193471,0.000000000,0.000140856,0.100000001,0.020000000
2026-07-04 17:56:41.043,1783159001.043751478,323.949840435,1,1,323.937389307,1,0.008794329,5,1,0.005767768,5,1,0,1,0,0,1,1,1,0,1,0,-1.000000000,0.000000000,0.000000000,0.000000000,0,-1.000000000,0,0,0,,0,-1.000000000,,0,0,0.000000000,0.000000000,0,-1.000000000,0,,0,-1.000000000,,0,-1.000000000,0,,1,-0.063187219,-3.620360979,-0.021978378,0.085470200,1,3.111025095,178.248607902,-0.002442360,-2.468376160,1,-2.880847216,-165.060386879,-0.002442360,2.673503876,1,-0.193217278,-11.070534531,-0.007326126,0.422466278,1,0.870329857,49.866227583,-0.036628723,-0.003663063,-0.012833213,-0.735288967,0.000000000,-0.000000000,2.000000000,1.000000000,3.149173021,180.434323078,0.000000000,-2.774265289,8.500000000,2.500000000,-2.881228685,-165.082243484,0.000000000,2.690469742,3.000000000,0.800000012,-0.194361687,-11.136104347,0.000000000,0.431063026,1.200000048,0.200000003,0.870713234,49.888193471,0.000000000,0.000140856,0.100000001,0.020000000
2026-07-04 17:56:42.043,1783159002.043551207,324.949640086,1,1,324.937188958,1,0.008220070,5,1,0.005645868,5,1,0,1,0,0,1,1,1,0,1,0,-1.000000000,0.000000000,0.000000000,0.000000000,0,-1.000000000,0,0,0,,0,-1.000000000,,0,0,0.000000000,0.000000000,0,-1.000000000,0,,0,-1.000000000,,0,-1.000000000,0,,1,-0.063187219,-3.620360979,-0.007326126,0.085470200,1,3.111025095,178.248607902,-0.002442360,-2.468376160,1,-2.880847216,-165.060386879,0.002442360,2.673503876,1,-0.193598747,-11.092391137,-0.007326126,0.422466278,1,0.870329857,49.866227583,-0.012210846,-0.003663063,-0.012833213,-0.735288967,0.000000000,-0.000000000,2.000000000,1.000000000,3.149173021,180.434323078,0.000000000,-2.774265289,8.500000000,2.500000000,-2.881228685,-165.082243484,0.000000000,2.690469742,3.000000000,0.800000012,-0.194361687,-11.136104347,0.000000000,0.431063026,1.200000048,0.200000003,0.870713234,49.888193471,0.000000000,0.000140856,0.100000001,0.020000000
2026-07-04 17:56:43.043,1783159003.043407202,325.949496152,1,1,325.937045024,1,0.008537646,5,1,0.005807710,5,1,0,1,0,0,1,1,1,0,1,0,-1.000000000,0.000000000,0.000000000,0.000000000,0,-1.000000000,0,0,0,,0,-1.000000000,,0,0,0.000000000,0.000000000,0,-1.000000000,0,,0,-1.000000000,,0,-1.000000000,0,,1,-0.063187219,-3.620360979,-0.007326126,0.085470200,1,3.111025095,178.248607902,-0.002442360,-2.482051849,1,-2.880847216,-165.060386879,0.002442360,2.673503876,1,-0.193217278,-11.070534531,-0.007326126,0.422466278,1,0.870329857,49.866227583,-0.012210846,-0.001221180,-0.012833213,-0.735288967,0.000000000,-0.000000000,2.000000000,1.000000000,3.149173021,180.434323078,0.000000000,-2.774265289,8.500000000,2.500000000,-2.881228685,-165.082243484,0.000000000,2.690469742,3.000000000,0.800000012,-0.194361687,-11.136104347,0.000000000,0.431063026,1.200000048,0.200000003,0.870713234,49.888193471,0.000000000,0.000140856,0.100000001,0.020000000
2026-07-04 17:56:44.043,1783159004.043355227,326.949444040,1,1,326.936992912,1,0.008327718,5,1,0.005773227,5,1,0,1,0,0,1,1,1,0,1,0,-1.000000000,0.000000000,0.000000000,0.000000000,0,-1.000000000,0,0,0,,0,-1.000000000,,0,0,0.000000000,0.000000000,0,-1.000000000,0,,0,-1.000000000,,0,-1.000000000,0,,1,-0.063187219,-3.620360979,-0.021978378,0.085470200,1,3.111025095,178.248607902,-0.007326126,-2.482051849,1,-2.880847216,-165.060386879,-0.002442360,2.673503876,1,-0.193217278,-11.070534531,-0.007326126,0.422466278,1,0.870329857,49.866227583,-0.012210846,-0.001221180,-0.012833213,-0.735288967,0.000000000,-0.000000000,2.000000000,1.000000000,3.149173021,180.434323078,0.000000000,-2.774265289,8.500000000,2.500000000,-2.881228685,-165.082243484,0.000000000,2.690469742,3.000000000,0.800000012,-0.194361687,-11.136104347,0.000000000,0.431063026,1.200000048,0.200000003,0.870713234,49.888193471,0.000000000,0.000140856,0.100000001,0.020000000
2026-07-04 17:56:45.043,1783159005.043178082,327.949266871,1,1,327.936815743,1,0.008731952,5,1,0.005754836,5,1,0,1,0,0,1,1,1,0,1,0,-1.000000000,0.000000000,0.000000000,0.000000000,0,-1.000000000,0,0,0,,0,-1.000000000,,0,0,0.000000000,0.000000000,0,-1.000000000,0,,0,-1.000000000,,0,-1.000000000,0,,1,-0.063187219,-3.620360979,0.007326126,0.090353966,1,3.111025095,178.248607902,-0.002442360,-2.482051849,1,-2.880847216,-165.060386879,-0.002442360,2.673503876,1,-0.193217278,-11.070534531,-0.007326126,0.422466278,1,0.870329857,49.866227583,-0.036628723,-0.003663063,-0.012833213,-0.735288967,0.000000000,-0.000000000,2.000000000,1.000000000,3.149173021,180.434323078,0.000000000,-2.774265289,8.500000000,2.500000000,-2.881228685,-165.082243484,0.000000000,2.690469742,3.000000000,0.800000012,-0.194361687,-11.136104347,0.000000000,0.431063026,1.200000048,0.200000003,0.870713234,49.888193471,0.000000000,0.000140856,0.100000001,0.020000000
2026-07-04 17:56:46.043,1783159006.043079853,328.949168994,1,1,328.936717866,1,0.008403162,5,1,0.005770426,5,1,0,1,0,0,1,1,1,0,1,0,-1.000000000,0.000000000,0.000000000,0.000000000,0,-1.000000000,0,0,0,,0,-1.000000000,,0,0,0.000000000,0.000000000,0,-1.000000000,0,,0,-1.000000000,,0,-1.000000000,0,,1,-0.063187219,-3.620360979,0.007326126,0.085470200,1,3.111025095,178.248607902,-0.002442360,-2.482051849,1,-2.880847216,-165.060386879,-0.002442360,2.673503876,1,-0.193217278,-11.070534531,-0.021978378,0.422466278,1,0.870329857,49.866227583,-0.012210846,-0.001221180,-0.012833213,-0.735288967,0.000000000,-0.000000000,2.000000000,1.000000000,3.149173021,180.434323078,0.000000000,-2.774265289,8.500000000,2.500000000,-2.881228685,-165.082243484,0.000000000,2.690469742,3.000000000,0.800000012,-0.194361687,-11.136104347,0.000000000,0.431063026,1.200000048,0.200000003,0.870713234,49.888193471,0.000000000,0.000140856,0.100000001,0.020000000
2026-07-04 17:56:47.043,1783159007.042924881,329.949013788,1,1,329.936562660,1,0.008443702,5,1,0.005765152,5,1,0,1,0,0,1,1,1,0,1,0,-1.000000000,0.000000000,0.000000000,0.000000000,0,-1.000000000,0,0,0,,0,-1.000000000,,0,0,0.000000000,0.000000000,0,-1.000000000,0,,0,-1.000000000,,0,-1.000000000,0,,1,-0.063187219,-3.620360979,0.007326126,0.085470200,1,3.111025095,178.248607902,-0.002442360,-2.468376160,1,-2.880847216,-165.060386879,-0.002442360,2.673503876,1,-0.193598747,-11.092391137,-0.021978378,0.422466278,1,0.870329857,49.866227583,0.012210846,-0.003663063,-0.012833213,-0.735288967,0.000000000,-0.000000000,2.000000000,1.000000000,3.149173021,180.434323078,0.000000000,-2.774265289,8.500000000,2.500000000,-2.881228685,-165.082243484,0.000000000,2.690469742,3.000000000,0.800000012,-0.194361687,-11.136104347,0.000000000,0.431063026,1.200000048,0.200000003,0.870713234,49.888193471,0.000000000,0.000140856,0.100000001,0.020000000
2026-07-04 17:56:48.042,1783159008.042826891,330.948915971,1,1,330.936464843,1,0.008735185,5,1,0.005403674,5,1,0,1,0,0,1,1,1,0,1,0,-1.000000000,0.000000000,0.000000000,0.000000000,0,-1.000000000,0,0,0,,0,-1.000000000,,0,0,0.000000000,0.000000000,0,-1.000000000,0,,0,-1.000000000,,0,-1.000000000,0,,1,-0.063187219,-3.620360979,-0.021978378,0.085470200,1,3.111025095,178.248607902,-0.002442360,-2.468376160,1,-2.880847216,-165.060386879,-0.002442360,2.673503876,1,-0.193598747,-11.092391137,-0.021978378,0.422466278,1,0.870329857,49.866227583,0.012210846,-0.001221180,-0.012833213,-0.735288967,0.000000000,-0.000000000,2.000000000,1.000000000,3.149173021,180.434323078,0.000000000,-2.774265289,8.500000000,2.500000000,-2.881228685,-165.082243484,0.000000000,2.690469742,3.000000000,0.800000012,-0.194361687,-11.136104347,0.000000000,0.431063026,1.200000048,0.200000003,0.870713234,49.888193471,0.000000000,0.000140856,0.100000001,0.020000000
2026-07-04 17:56:49.042,1783159009.042714119,331.948803128,1,1,331.936352000,1,0.008808323,5,1,0.005577425,5,1,0,1,0,0,1,1,1,0,1,0,-1.000000000,0.000000000,0.000000000,0.000000000,0,-1.000000000,0,0,0,,0,-1.000000000,,0,0,0.000000000,0.000000000,0,-1.000000000,0,,0,-1.000000000,,0,-1.000000000,0,,1,-0.063187219,-3.620360979,-0.021978378,0.085470200,1,3.111025095,178.248607902,-0.002442360,-2.482051849,1,-2.880847216,-165.060386879,-0.007326126,2.673503876,1,-0.193217278,-11.070534531,-0.007326126,0.422466278,1,0.870329857,49.866227583,-0.012210846,-0.001221180,-0.012833213,-0.735288967,0.000000000,-0.000000000,2.000000000,1.000000000,3.149173021,180.434323078,0.000000000,-2.774265289,8.500000000,2.500000000,-2.881228685,-165.082243484,0.000000000,2.690469742,3.000000000,0.800000012,-0.194361687,-11.136104347,0.000000000,0.431063026,1.200000048,0.200000003,0.870713234,49.888193471,0.000000000,0.000140856,0.100000001,0.020000000
2026-07-04 17:56:50.042,1783159010.042555094,332.948644076,1,1,332.936192948,1,0.008601747,5,1,0.005742053,5,1,0,1,0,0,1,1,1,0,1,0,-1.000000000,0.000000000,0.000000000,0.000000000,0,-1.000000000,0,0,0,,0,-1.000000000,,0,0,0.000000000,0.000000000,0,-1.000000000,0,,0,-1.000000000,,0,-1.000000000,0,,1,-0.063187219,-3.620360979,-0.007326126,0.085470200,1,3.111025095,178.248607902,-0.007326126,-2.482051849,1,-2.880847216,-165.060386879,-0.007326126,2.673503876,1,-0.193217278,-11.070534531,0.007326126,0.422466278,1,0.870329857,49.866227583,-0.012210846,-0.003663063,-0.012833213,-0.735288967,0.000000000,-0.000000000,2.000000000,1.000000000,3.149173021,180.434323078,0.000000000,-2.774265289,8.500000000,2.500000000,-2.881228685,-165.082243484,0.000000000,2.690469742,3.000000000,0.800000012,-0.194361687,-11.136104347,0.000000000,0.431063026,1.200000048,0.200000003,0.870713234,49.888193471,0.000000000,0.000140856,0.100000001,0.020000000
2026-07-04 17:56:51.042,1783159011.042532444,333.948621286,1,1,333.936170158,1,0.008713492,5,1,0.005687408,5,1,0,1,0,0,1,1,1,0,1,0,-1.000000000,0.000000000,0.000000000,0.000000000,0,-1.000000000,0,0,0,,0,-1.000000000,,0,0,0.000000000,0.000000000,0,-1.000000000,0,,0,-1.000000000,,0,-1.000000000,0,,1,-0.063187219,-3.620360979,-0.007326126,0.090353966,1,3.111025095,178.248607902,-0.002442360,-2.482051849,1,-2.880847216,-165.060386879,-0.002442360,2.673503876,1,-0.193217278,-11.070534531,-0.007326126,0.422466278,1,0.870329857,49.866227583,-0.036628723,-0.003663063,-0.012833213,-0.735288967,0.000000000,-0.000000000,2.000000000,1.000000000,3.149173021,180.434323078,0.000000000,-2.774265289,8.500000000,2.500000000,-2.881228685,-165.082243484,0.000000000,2.690469742,3.000000000,0.800000012,-0.194361687,-11.136104347,0.000000000,0.431063026,1.200000048,0.200000003,0.870713234,49.888193471,0.000000000,0.000140856,0.100000001,0.020000000
2026-07-04 17:56:52.042,1783159012.042361021,334.948449993,1,1,334.935998865,1,0.008670566,5,1,0.003896328,5,1,0,1,0,0,1,1,1,0,1,0,-1.000000000,0.000000000,0.000000000,0.000000000,0,-1.000000000,0,0,0,,0,-1.000000000,,0,0,0.000000000,0.000000000,0,-1.000000000,0,,0,-1.000000000,,0,-1.000000000,0,,1,-0.063187219,-3.620360979,-0.007326126,0.085470200,1,3.111025095,178.248607902,-0.002442360,-2.468376160,1,-2.880847216,-165.060386879,-0.002442360,2.673503876,1,-0.193598747,-11.092391137,0.007326126,0.422466278,1,0.870329857,49.866227583,-0.012210846,-0.003663063,-0.012833213,-0.735288967,0.000000000,-0.000000000,2.000000000,1.000000000,3.149173021,180.434323078,0.000000000,-2.774265289,8.500000000,2.500000000,-2.881228685,-165.082243484,0.000000000,2.690469742,3.000000000,0.800000012,-0.194361687,-11.136104347,0.000000000,0.431063026,1.200000048,0.200000003,0.870713234,49.888193471,0.000000000,0.000140856,0.100000001,0.020000000
2026-07-04 17:56:53.042,1783159013.042240143,335.948329273,1,1,335.935878145,1,0.008541684,5,1,0.005741429,5,1,0,1,0,0,1,1,1,0,1,0,-1.000000000,0.000000000,0.000000000,0.000000000,0,-1.000000000,0,0,0,,0,-1.000000000,,0,0,0.000000000,0.000000000,0,-1.000000000,0,,0,-1.000000000,,0,-1.000000000,0,,1,-0.063187219,-3.620360979,0.021978378,0.085470200,1,3.111025095,178.248607902,-0.002442360,-2.482051849,1,-2.880847216,-165.060386879,-0.002442360,2.687179565,1,-0.193598747,-11.092391137,-0.021978378,0.422466278,1,0.870329857,49.866227583,-0.012210846,-0.003663063,-0.012833213,-0.735288967,0.000000000,-0.000000000,2.000000000,1.000000000,3.149173021,180.434323078,0.000000000,-2.774265289,8.500000000,2.500000000,-2.881228685,-165.082243484,0.000000000,2.690469742,3.000000000,0.800000012,-0.194361687,-11.136104347,0.000000000,0.431063026,1.200000048,0.200000003,0.870713234,49.888193471,0.000000000,0.000140856,0.100000001,0.020000000
2026-07-04 17:56:54.042,1783159014.042175055,336.948263947,1,1,336.935812819,1,0.008728220,5,1,0.005728730,5,1,0,1,0,0,1,1,1,0,1,0,-1.000000000,0.000000000,0.000000000,0.000000000,0,-1.000000000,0,0,0,,0,-1.000000000,,0,0,0.000000000,0.000000000,0,-1.000000000,0,,0,-1.000000000,,0,-1.000000000,0,,1,-0.063187219,-3.620360979,-0.007326126,0.090353966,1,3.111025095,178.248607902,-0.002442360,-2.482051849,1,-2.880847216,-165.060386879,-0.007326126,2.687179565,1,-0.193217278,-11.070534531,-0.007326126,0.422466278,1,0.870329857,49.866227583,0.012210846,-0.003663063,-0.012833213,-0.735288967,0.000000000,-0.000000000,2.000000000,1.000000000,3.149173021,180.434323078,0.000000000,-2.774265289,8.500000000,2.500000000,-2.881228685,-165.082243484,0.000000000,2.690469742,3.000000000,0.800000012,-0.194361687,-11.136104347,0.000000000,0.431063026,1.200000048,0.200000003,0.870713234,49.888193471,0.000000000,0.000140856,0.100000001,0.020000000
2026-07-04 17:56:55.042,1783159015.042013168,337.948102226,1,1,337.935651098,1,0.008493687,5,1,0.005659467,5,1,0,1,0,0,1,1,1,0,1,0,-1.000000000,0.000000000,0.000000000,0.000000000,0,-1.000000000,0,0,0,,0,-1.000000000,,0,0,0.000000000,0.000000000,0,-1.000000000,0,,0,-1.000000000,,0,-1.000000000,0,,1,-0.063187219,-3.620360979,-0.007326126,0.090353966,1,3.111025095,178.248607902,-0.002442360,-2.468376160,1,-2.880847216,-165.060386879,-0.007326126,2.673503876,1,-0.193598747,-11.092391137,0.007326126,0.422466278,1,0.870329857,49.866227583,0.012210846,-0.003663063,-0.012833213,-0.735288967,0.000000000,-0.000000000,2.000000000,1.000000000,3.149173021,180.434323078,0.000000000,-2.774265289,8.500000000,2.500000000,-2.881228685,-165.082243484,0.000000000,2.690469742,3.000000000,0.800000012,-0.194361687,-11.136104347,0.000000000,0.431063026,1.200000048,0.200000003,0.870713234,49.888193471,0.000000000,0.000140856,0.100000001,0.020000000
2026-07-04 17:56:56.041,1783159016.041853428,338.947942350,1,1,338.935491222,1,0.008574446,5,1,0.005634323,5,1,0,1,0,0,1,1,1,0,1,0,-1.000000000,0.000000000,0.000000000,0.000000000,0,-1.000000000,0,0,0,,0,-1.000000000,,0,0,0.000000000,0.000000000,0,-1.000000000,0,,0,-1.000000000,,0,-1.000000000,0,,1,-0.063187219,-3.620360979,-0.007326126,0.085470200,1,3.111025095,178.248607902,0.002442360,-2.482051849,1,-2.880847216,-165.060386879,-0.002442360,2.673503876,1,-0.193217278,-11.070534531,-0.021978378,0.422466278,1,0.870329857,49.866227583,-0.012210846,-0.003663063,-0.012833213,-0.735288967,0.000000000,-0.000000000,2.000000000,1.000000000,3.149173021,180.434323078,0.000000000,-2.774265289,8.500000000,2.500000000,-2.881228685,-165.082243484,0.000000000,2.690469742,3.000000000,0.800000012,-0.194361687,-11.136104347,0.000000000,0.431063026,1.200000048,0.200000003,0.870713234,49.888193471,0.000000000,0.000140856,0.100000001,0.020000000
2026-07-04 17:56:57.041,1783159017.041737556,339.947826323,1,1,339.935375195,1,0.008731122,5,1,0.005760321,5,1,0,1,0,0,1,1,1,0,1,0,-1.000000000,0.000000000,0.000000000,0.000000000,0,-1.000000000,0,0,0,,0,-1.000000000,,0,0,0.000000000,0.000000000,0,-1.000000000,0,,0,-1.000000000,,0,-1.000000000,0,,1,-0.063187219,-3.620360979,-0.007326126,0.085470200,1,3.111025095,178.248607902,-0.002442360,-2.468376160,1,-2.880847216,-165.060386879,-0.002442360,2.687179565,1,-0.193217278,-11.070534531,-0.021978378,0.422466278,1,0.870329857,49.866227583,-0.012210846,-0.003663063,-0.012833213,-0.735288967,0.000000000,-0.000000000,2.000000000,1.000000000,3.149173021,180.434323078,0.000000000,-2.774265289,8.500000000,2.500000000,-2.881228685,-165.082243484,0.000000000,2.690469742,3.000000000,0.800000012,-0.194361687,-11.136104347,0.000000000,0.431063026,1.200000048,0.200000003,0.870713234,49.888193471,0.000000000,0.000140856,0.100000001,0.020000000
2026-07-04 17:56:58.041,1783159018.041635275,340.947724376,1,1,340.935273248,1,0.008700749,5,1,0.005822696,5,1,0,1,0,0,1,1,1,0,1,0,-1.000000000,0.000000000,0.000000000,0.000000000,0,-1.000000000,0,0,0,,0,-1.000000000,,0,0,0.000000000,0.000000000,0,-1.000000000,0,,0,-1.000000000,,0,-1.000000000,0,,1,-0.063187219,-3.620360979,-0.007326126,0.085470200,1,3.111025095,178.248607902,-0.002442360,-2.482051849,1,-2.880847216,-165.060386879,-0.002442360,2.687179565,1,-0.193217278,-11.070534531,-0.007326126,0.422466278,1,0.870329857,49.866227583,-0.036628723,-0.003663063,-0.012833213,-0.735288967,0.000000000,-0.000000000,2.000000000,1.000000000,3.149173021,180.434323078,0.000000000,-2.774265289,8.500000000,2.500000000,-2.881228685,-165.082243484,0.000000000,2.690469742,3.000000000,0.800000012,-0.194361687,-11.136104347,0.000000000,0.431063026,1.200000048,0.200000003,0.870713234,49.888193471,0.000000000,0.000140856,0.100000001,0.020000000
2026-07-04 17:56:59.041,1783159019.041535854,341.947624793,1,1,341.935173665,1,0.008272429,5,1,0.005625032,5,1,0,1,0,0,1,1,1,0,1,0,-1.000000000,0.000000000,0.000000000,0.000000000,0,-1.000000000,0,0,0,,0,-1.000000000,,0,0,0.000000000,0.000000000,0,-1.000000000,0,,0,-1.000000000,,0,-1.000000000,0,,0,-0.063187219,-3.620360979,-0.007326126,0.085470200,0,3.111025095,178.248607902,-0.002442360,-2.482051849,0,-2.880847216,-165.060386879,-0.002442360,2.673503876,0,-0.193217278,-11.070534531,-0.007326126,0.422466278,0,0.870329857,49.866227583,-0.012210846,-0.001221180,-0.012833213,-0.735288967,0.000000000,-0.000000000,2.000000000,1.000000000,3.149173021,180.434323078,0.000000000,-2.774265289,8.500000000,2.500000000,-2.881228685,-165.082243484,0.000000000,2.690469742,3.000000000,0.800000012,-0.194361687,-11.136104347,0.000000000,0.431063026,1.200000048,0.200000003,0.870713234,49.888193471,0.000000000,0.000140856,0.100000001,0.020000000
2026-07-04 17:57:00.041,1783159020.041374683,342.947463778,1,1,342.935012650,1,0.008656429,5,1,0.005734147,5,1,0,1,0,0,1,1,1,0,1,0,-1.000000000,0.000000000,0.000000000,0.000000000,0,-1.000000000,0,0,0,,0,-1.000000000,,0,0,0.000000000,0.000000000,0,-1.000000000,0,,0,-1.000000000,,0,-1.000000000,0,,1,-0.063187219,-3.620360979,-0.007326126,0.085470200,1,3.111025095,178.248607902,-0.002442360,-2.468376160,1,-2.880847216,-165.060386879,-0.002442360,2.673503876,1,-0.193217278,-11.070534531,-0.007326126,0.422466278,1,0.870329857,49.866227583,-0.012210846,-0.003663063,-0.012833213,-0.735288967,0.000000000,-0.000000000,2.000000000,1.000000000,3.149173021,180.434323078,0.000000000,-2.774265289,8.500000000,2.500000000,-2.881228685,-165.082243484,0.000000000,2.690469742,3.000000000,0.800000012,-0.194361687,-11.136104347,0.000000000,0.431063026,1.200000048,0.200000003,0.870713234,49.888193471,0.000000000,0.000140856,0.100000001,0.020000000
2026-07-04 17:57:01.041,1783159021.041275024,343.947364083,1,1,343.934912955,1,0.008843123,5,1,0.005844140,5,1,0,1,0,0,1,1,1,0,1,0,-1.000000000,0.000000000,0.000000000,0.000000000,0,-1.000000000,0,0,0,,0,-1.000000000,,0,0,0.000000000,0.000000000,0,-1.000000000,0,,0,-1.000000000,,0,-1.000000000,0,,1,-0.063187219,-3.620360979,-0.007326126,0.085470200,1,3.111025095,178.248607902,-0.002442360,-2.482051849,1,-2.880847216,-165.060386879,0.002442360,2.673503876,1,-0.193217278,-11.070534531,-0.007326126,0.422466278,1,0.870329857,49.866227583,-0.012210846,-0.001221180,-0.012833213,-0.735288967,0.000000000,-0.000000000,2.000000000,1.000000000,3.149173021,180.434323078,0.000000000,-2.774265289,8.500000000,2.500000000,-2.881228685,-165.082243484,0.000000000,2.690469742,3.000000000,0.800000012,-0.194361687,-11.136104347,0.000000000,0.431063026,1.200000048,0.200000003,0.870713234,49.888193471,0.000000000,0.000140856,0.100000001,0.020000000
2026-07-04 17:57:02.041,1783159022.041145802,344.947234946,1,1,344.934783818,1,0.008760492,5,1,0.005747014,5,1,0,1,0,0,1,1,1,0,1,0,-1.000000000,0.000000000,0.000000000,0.000000000,0,-1.000000000,0,0,0,,0,-1.000000000,,0,0,0.000000000,0.000000000,0,-1.000000000,0,,0,-1.000000000,,0,-1.000000000,0,,1,-0.063187219,-3.620360979,-0.007326126,0.085470200,1,3.111025095,178.248607902,-0.002442360,-2.482051849,1,-2.880847216,-165.060386879,-0.002442360,2.673503876,1,-0.193598747,-11.092391137,-0.007326126,0.422466278,1,0.870713234,49.888193471,0.012210846,-0.003663063,-0.012833213,-0.735288967,0.000000000,-0.000000000,2.000000000,1.000000000,3.149173021,180.434323078,0.000000000,-2.774265289,8.500000000,2.500000000,-2.881228685,-165.082243484,0.000000000,2.690469742,3.000000000,0.800000012,-0.194361687,-11.136104347,0.000000000,0.431063026,1.200000048,0.200000003,0.870713234,49.888193471,0.000000000,0.000140856,0.100000001,0.020000000
2026-07-04 17:57:03.041,1783159023.041097879,345.947186886,1,1,345.934735758,1,0.008985341,5,1,0.005874561,5,1,0,1,0,0,1,1,1,0,1,0,-1.000000000,0.000000000,0.000000000,0.000000000,0,-1.000000000,0,0,0,,0,-1.000000000,,0,0,0.000000000,0.000000000,0,-1.000000000,0,,0,-1.000000000,,0,-1.000000000,0,,1,-0.063187219,-3.620360979,0.007326126,0.090353966,1,3.111025095,178.248607902,-0.002442360,-2.482051849,1,-2.880847216,-165.060386879,-0.002442360,2.673503876,1,-0.193217278,-11.070534531,-0.007326126,0.422466278,1,0.870329857,49.866227583,-0.012210846,-0.003663063,-0.012833213,-0.735288967,0.000000000,-0.000000000,2.000000000,1.000000000,3.149173021,180.434323078,0.000000000,-2.774265289,8.500000000,2.500000000,-2.881228685,-165.082243484,0.000000000,2.690469742,3.000000000,0.800000012,-0.194361687,-11.136104347,0.000000000,0.431063026,1.200000048,0.200000003,0.870713234,49.888193471,0.000000000,0.000140856,0.100000001,0.020000000
2026-07-04 17:57:04.041,1783159024.040914536,346.947003296,1,1,346.934552168,1,0.008519846,5,1,0.005723353,5,1,0,1,0,0,1,1,1,0,1,0,-1.000000000,0.000000000,0.000000000,0.000000000,0,-1.000000000,0,0,0,,0,-1.000000000,,0,0,0.000000000,0.000000000,0,-1.000000000,0,,0,-1.000000000,,0,-1.000000000,0,,1,-0.063187219,-3.620360979,-0.007326126,0.085470200,1,3.111025095,178.248607902,-0.002442360,-2.482051849,1,-2.880847216,-165.060386879,-0.002442360,2.687179565,1,-0.193217278,-11.070534531,-0.021978378,0.422466278,1,0.870329857,49.866227583,-0.012210846,-0.001221180,-0.012833213,-0.735288967,0.000000000,-0.000000000,2.000000000,1.000000000,3.149173021,180.434323078,0.000000000,-2.774265289,8.500000000,2.500000000,-2.881228685,-165.082243484,0.000000000,2.690469742,3.000000000,0.800000012,-0.194361687,-11.136104347,0.000000000,0.431063026,1.200000048,0.200000003,0.870713234,49.888193471,0.000000000,0.000140856,0.100000001,0.020000000
2026-07-04 17:57:05.040,1783159025.040794849,347.946883846,1,1,347.934432718,1,0.008965055,5,1,0.005844674,5,1,0,1,0,0,1,1,1,0,1,0,-1.000000000,0.000000000,0.000000000,0.000000000,0,-1.000000000,0,0,0,,0,-1.000000000,,0,0,0.000000000,0.000000000,0,-1.000000000,0,,0,-1.000000000,,0,-1.000000000,0,,1,-0.063187219,-3.620360979,-0.021978378,0.085470200,1,3.111025095,178.248607902,-0.002442360,-2.482051849,1,-2.880847216,-165.060386879,-0.007326126,2.673503876,1,-0.193217278,-11.070534531,-0.007326126,0.422466278,1,0.870329857,49.866227583,0.012210846,-0.003663063,-0.012833213,-0.735288967,0.000000000,-0.000000000,2.000000000,1.000000000,3.149173021,180.434323078,0.000000000,-2.774265289,8.500000000,2.500000000,-2.881228685,-165.082243484,0.000000000,2.690469742,3.000000000,0.800000012,-0.194361687,-11.136104347,0.000000000,0.431063026,1.200000048,0.200000003,0.870713234,49.888193471,0.000000000,0.000140856,0.100000001,0.020000000
2026-07-04 17:57:06.040,1783159026.040683508,348.946772411,1,1,348.934321283,1,0.008794445,5,1,0.005618292,5,1,0,1,0,0,1,1,1,0,1,0,-1.000000000,0.000000000,0.000000000,0.000000000,0,-1.000000000,0,0,0,,0,-1.000000000,,0,0,0.000000000,0.000000000,0,-1.000000000,0,,0,-1.000000000,,0,-1.000000000,0,,1,-0.063187219,-3.620360979,-0.007326126,0.085470200,1,3.111025095,178.248607902,-0.002442360,-2.468376160,1,-2.880847216,-165.060386879,-0.002442360,2.673503876,1,-0.193217278,-11.070534531,-0.007326126,0.422466278,1,0.870329857,49.866227583,-0.036628723,-0.003663063,-0.012833213,-0.735288967,0.000000000,-0.000000000,2.000000000,1.000000000,3.149173021,180.434323078,0.000000000,-2.774265289,8.500000000,2.500000000,-2.881228685,-165.082243484,0.000000000,2.690469742,3.000000000,0.800000012,-0.194361687,-11.136104347,0.000000000,0.431063026,1.200000048,0.200000003,0.870713234,49.888193471,0.000000000,0.000140856,0.100000001,0.020000000
2026-07-04 17:57:07.040,1783159027.040637016,349.946725802,1,1,349.934274674,1,0.008755533,5,1,0.005678864,5,1,0,1,0,0,1,1,1,0,1,0,-1.000000000,0.000000000,0.000000000,0.000000000,0,-1.000000000,0,0,0,,0,-1.000000000,,0,0,0.000000000,0.000000000,0,-1.000000000,0,,0,-1.000000000,,0,-1.000000000,0,,1,-0.063187219,-3.620360979,-0.021978378,0.085470200,1,3.111025095,178.248607902,-0.002442360,-2.468376160,1,-2.880847216,-165.060386879,-0.002442360,2.673503876,1,-0.193217278,-11.070534531,-0.007326126,0.422466278,1,0.870329857,49.866227583,-0.036628723,-0.003663063,-0.012833213,-0.735288967,0.000000000,-0.000000000,2.000000000,1.000000000,3.149173021,180.434323078,0.000000000,-2.774265289,8.500000000,2.500000000,-2.881228685,-165.082243484,0.000000000,2.690469742,3.000000000,0.800000012,-0.194361687,-11.136104347,0.000000000,0.431063026,1.200000048,0.200000003,0.870713234,49.888193471,0.000000000,0.000140856,0.100000001,0.020000000
2026-07-04 17:57:08.040,1783159028.040473700,350.946562622,1,1,350.934111494,1,0.008364693,5,1,0.005753543,5,1,0,1,0,0,1,1,1,0,1,0,-1.000000000,0.000000000,0.000000000,0.000000000,0,-1.000000000,0,0,0,,0,-1.000000000,,0,0,0.000000000,0.000000000,0,-1.000000000,0,,0,-1.000000000,,0,-1.000000000,0,,1,-0.063187219,-3.620360979,0.007326126,0.085470200,1,3.111025095,178.248607902,-0.007326126,-2.468376160,1,-2.880847216,-165.060386879,-0.002442360,2.673503876,1,-0.193217278,-11.070534531,0.007326126,0.422466278,1,0.870329857,49.866227583,-0.036628723,-0.003663063,-0.012833213,-0.735288967,0.000000000,-0.000000000,2.000000000,1.000000000,3.149173021,180.434323078,0.000000000,-2.774265289,8.500000000,2.500000000,-2.881228685,-165.082243484,0.000000000,2.690469742,3.000000000,0.800000012,-0.194361687,-11.136104347,0.000000000,0.431063026,1.200000048,0.200000003,0.870713234,49.888193471,0.000000000,0.000140856,0.100000001,0.020000000
2026-07-04 17:57:09.040,1783159029.040354490,351.946443428,1,1,351.933992300,1,0.008641548,5,1,0.005662752,5,1,0,1,0,0,1,1,1,0,1,0,-1.000000000,0.000000000,0.000000000,0.000000000,0,-1.000000000,0,0,0,,0,-1.000000000,,0,0,0.000000000,0.000000000,0,-1.000000000,0,,0,-1.000000000,,0,-1.000000000,0,,1,-0.063187219,-3.620360979,-0.021978378,0.085470200,1,3.111025095,178.248607902,-0.002442360,-2.468376160,1,-2.880847216,-165.060386879,-0.002442360,2.687179565,1,-0.193598747,-11.092391137,-0.007326126,0.422466278,1,0.870713234,49.888193471,-0.012210846,-0.001221180,-0.012833213,-0.735288967,0.000000000,-0.000000000,2.000000000,1.000000000,3.149173021,180.434323078,0.000000000,-2.774265289,8.500000000,2.500000000,-2.881228685,-165.082243484,0.000000000,2.690469742,3.000000000,0.800000012,-0.194361687,-11.136104347,0.000000000,0.431063026,1.200000048,0.200000003,0.870713234,49.888193471,0.000000000,0.000140856,0.100000001,0.020000000
2026-07-04 17:57:10.040,1783159030.040242195,352.946331218,1,1,352.933880090,1,0.008853956,5,1,0.005776009,5,1,0,1,0,0,1,1,1,0,1,0,-1.000000000,0.000000000,0.000000000,0.000000000,0,-1.000000000,0,0,0,,0,-1.000000000,,0,0,0.000000000,0.000000000,0,-1.000000000,0,,0,-1.000000000,,0,-1.000000000,0,,1,-0.063187219,-3.620360979,-0.007326126,0.085470200,1,3.111025095,178.248607902,-0.002442360,-2.482051849,1,-2.880847216,-165.060386879,-0.002442360,2.673503876,1,-0.193217278,-11.070534531,-0.007326126,0.422466278,1,0.870329857,49.866227583,-0.012210846,-0.003663063,-0.012833213,-0.735288967,0.000000000,-0.000000000,2.000000000,1.000000000,3.149173021,180.434323078,0.000000000,-2.774265289,8.500000000,2.500000000,-2.881228685,-165.082243484,0.000000000,2.690469742,3.000000000,0.800000012,-0.194361687,-11.136104347,0.000000000,0.431063026,1.200000048,0.200000003,0.870713234,49.888193471,0.000000000,0.000140856,0.100000001,0.020000000
2026-07-04 17:57:11.040,1783159031.040217161,353.946306143,1,1,353.933855015,1,0.008419175,5,1,0.005567263,5,1,0,1,0,0,1,1,1,0,1,0,-1.000000000,0.000000000,0.000000000,0.000000000,0,-1.000000000,0,0,0,,0,-1.000000000,,0,0,0.000000000,0.000000000,0,-1.000000000,0,,0,-1.000000000,,0,-1.000000000,0,,1,-0.063187219,-3.620360979,-0.021978378,0.085470200,1,3.111025095,178.248607902,-0.002442360,-2.468376160,1,-2.880847216,-165.060386879,-0.002442360,2.673503876,1,-0.193598747,-11.092391137,-0.007326126,0.422466278,1,0.870329857,49.866227583,-0.012210846,-0.003663063,-0.012833213,-0.735288967,0.000000000,-0.000000000,2.000000000,1.000000000,3.149173021,180.434323078,0.000000000,-2.774265289,8.500000000,2.500000000,-2.881228685,-165.082243484,0.000000000,2.690469742,3.000000000,0.800000012,-0.194361687,-11.136104347,0.000000000,0.431063026,1.200000048,0.200000003,0.870713234,49.888193471,0.000000000,0.000140856,0.100000001,0.020000000
2026-07-04 17:57:12.040,1783159032.040005922,354.946094971,1,1,354.933643843,1,0.008888119,5,1,0.005860617,5,1,0,1,0,0,1,1,1,0,1,0,-1.000000000,0.000000000,0.000000000,0.000000000,0,-1.000000000,0,0,0,,0,-1.000000000,,0,0,0.000000000,0.000000000,0,-1.000000000,0,,0,-1.000000000,,0,-1.000000000,0,,1,-0.063187219,-3.620360979,-0.007326126,0.085470200,1,3.111025095,178.248607902,-0.002442360,-2.468376160,1,-2.880847216,-165.060386879,-0.002442360,2.673503876,1,-0.193217278,-11.070534531,-0.007326126,0.422466278,1,0.870713234,49.888193471,0.012210846,-0.001221180,-0.012833213,-0.735288967,0.000000000,-0.000000000,2.000000000,1.000000000,3.149173021,180.434323078,0.000000000,-2.774265289,8.500000000,2.500000000,-2.881228685,-165.082243484,0.000000000,2.690469742,3.000000000,0.800000012,-0.194361687,-11.136104347,0.000000000,0.431063026,1.200000048,0.200000003,0.870713234,49.888193471,0.000000000,0.000140856,0.100000001,0.020000000
2026-07-04 17:57:13.040,1783159033.039900780,355.945989570,1,1,355.933538442,1,0.008868120,5,1,0.005776525,5,1,0,1,0,0,1,1,1,0,1,0,-1.000000000,0.000000000,0.000000000,0.000000000,0,-1.000000000,0,0,0,,0,-1.000000000,,0,0,0.000000000,0.000000000,0,-1.000000000,0,,0,-1.000000000,,0,-1.000000000,0,,1,-0.063187219,-3.620360979,0.007326126,0.085470200,1,3.111025095,178.248607902,-0.007326126,-2.482051849,1,-2.880847216,-165.060386879,-0.002442360,2.673503876,1,-0.193598747,-11.092391137,-0.021978378,0.422466278,1,0.870713234,49.888193471,-0.036628723,-0.001221180,-0.012833213,-0.735288967,0.000000000,-0.000000000,2.000000000,1.000000000,3.149173021,180.434323078,0.000000000,-2.774265289,8.500000000,2.500000000,-2.881228685,-165.082243484,0.000000000,2.690469742,3.000000000,0.800000012,-0.194361687,-11.136104347,0.000000000,0.431063026,1.200000048,0.200000003,0.870713234,49.888193471,0.000000000,0.000140856,0.100000001,0.020000000
2026-07-04 17:57:14.039,1783159034.039820194,356.945909152,1,1,356.933458024,1,0.008643948,5,1,0.005764738,5,1,0,1,0,0,1,1,1,0,1,0,-1.000000000,0.000000000,0.000000000,0.000000000,0,-1.000000000,0,0,0,,0,-1.000000000,,0,0,0.000000000,0.000000000,0,-1.000000000,0,,0,-1.000000000,,0,-1.000000000,0,,1,-0.063187219,-3.620360979,-0.007326126,0.085470200,1,3.111025095,178.248607902,0.002442360,-2.468376160,1,-2.880847216,-165.060386879,0.002442360,2.673503876,1,-0.193217278,-11.070534531,-0.007326126,0.422466278,1,0.870329857,49.866227583,-0.012210846,-0.001221180,-0.012833213,-0.735288967,0.000000000,-0.000000000,2.000000000,1.000000000,3.149173021,180.434323078,0.000000000,-2.774265289,8.500000000,2.500000000,-2.881228685,-165.082243484,0.000000000,2.690469742,3.000000000,0.800000012,-0.194361687,-11.136104347,0.000000000,0.431063026,1.200000048,0.200000003,0.870713234,49.888193471,0.000000000,0.000140856,0.100000001,0.020000000
2026-07-04 17:57:15.039,1783159035.039644718,357.945733541,1,1,357.933282413,1,0.008687782,5,1,0.005745517,5,1,0,1,0,0,1,1,1,0,1,0,-1.000000000,0.000000000,0.000000000,0.000000000,0,-1.000000000,0,0,0,,0,-1.000000000,,0,0,0.000000000,0.000000000,0,-1.000000000,0,,0,-1.000000000,,0,-1.000000000,0,,1,-0.063187219,-3.620360979,-0.021978378,0.085470200,1,3.111025095,178.248607902,0.002442360,-2.468376160,1,-2.880847216,-165.060386879,-0.002442360,2.673503876,1,-0.193598747,-11.092391137,-0.007326126,0.422466278,1,0.870329857,49.866227583,0.012210846,-0.001221180,-0.012833213,-0.735288967,0.000000000,-0.000000000,2.000000000,1.000000000,3.149173021,180.434323078,0.000000000,-2.774265289,8.500000000,2.500000000,-2.881228685,-165.082243484,0.000000000,2.690469742,3.000000000,0.800000012,-0.194361687,-11.136104347,0.000000000,0.431063026,1.200000048,0.200000003,0.870713234,49.888193471,0.000000000,0.000140856,0.100000001,0.020000000
2026-07-04 17:57:16.039,1783159036.039535522,358.945624560,1,1,358.933173432,1,0.008880507,5,1,0.005825698,5,1,0,1,0,0,1,1,1,0,1,0,-1.000000000,0.000000000,0.000000000,0.000000000,0,-1.000000000,0,0,0,,0,-1.000000000,,0,0,0.000000000,0.000000000,0,-1.000000000,0,,0,-1.000000000,,0,-1.000000000,0,,1,-0.063187219,-3.620360979,-0.007326126,0.085470200,1,3.111025095,178.248607902,-0.002442360,-2.482051849,1,-2.880847216,-165.060386879,-0.002442360,2.673503876,1,-0.193217278,-11.070534531,-0.021978378,0.422466278,1,0.870329857,49.866227583,0.012210846,-0.003663063,-0.012833213,-0.735288967,0.000000000,-0.000000000,2.000000000,1.000000000,3.149173021,180.434323078,0.000000000,-2.774265289,8.500000000,2.500000000,-2.881228685,-165.082243484,0.000000000,2.690469742,3.000000000,0.800000012,-0.194361687,-11.136104347,0.000000000,0.431063026,1.200000048,0.200000003,0.870713234,49.888193471,0.000000000,0.000140856,0.100000001,0.020000000
2026-07-04 17:57:17.039,1783159037.039451838,359.945540824,1,1,359.933089696,1,0.007798633,5,1,0.005678876,5,1,0,1,0,0,1,1,1,0,1,0,-1.000000000,0.000000000,0.000000000,0.000000000,0,-1.000000000,0,0,0,,0,-1.000000000,,0,0,0.000000000,0.000000000,0,-1.000000000,0,,0,-1.000000000,,0,-1.000000000,0,,1,-0.063187219,-3.620360979,-0.021978378,0.085470200,1,3.111025095,178.248607902,-0.002442360,-2.482051849,1,-2.880847216,-165.060386879,-0.002442360,2.673503876,1,-0.193217278,-11.070534531,-0.007326126,0.422466278,1,0.870329857,49.866227583,-0.036628723,-0.003663063,-0.012833213,-0.735288967,0.000000000,-0.000000000,2.000000000,1.000000000,3.149173021,180.434323078,0.000000000,-2.774265289,8.500000000,2.500000000,-2.881228685,-165.082243484,0.000000000,2.690469742,3.000000000,0.800000012,-0.194361687,-11.136104347,0.000000000,0.431063026,1.200000048,0.200000003,0.870713234,49.888193471,0.000000000,0.000140856,0.100000001,0.020000000
2026-07-04 17:57:18.039,1783159038.039320230,360.945409382,1,1,360.932958254,1,0.008390151,5,1,0.005749055,5,1,0,1,0,0,1,1,1,0,1,0,-1.000000000,0.000000000,0.000000000,0.000000000,0,-1.000000000,0,0,0,,0,-1.000000000,,0,0,0.000000000,0.000000000,0,-1.000000000,0,,0,-1.000000000,,0,-1.000000000,0,,1,-0.063187219,-3.620360979,-0.021978378,0.085470200,1,3.111025095,178.248607902,-0.007326126,-2.468376160,1,-2.880847216,-165.060386879,0.002442360,2.673503876,1,-0.193217278,-11.070534531,0.007326126,0.422466278,1,0.870713234,49.888193471,0.012210846,-0.001221180,-0.012833213,-0.735288967,0.000000000,-0.000000000,2.000000000,1.000000000,3.149173021,180.434323078,0.000000000,-2.774265289,8.500000000,2.500000000,-2.881228685,-165.082243484,0.000000000,2.690469742,3.000000000,0.800000012,-0.194361687,-11.136104347,0.000000000,0.431063026,1.200000048,0.200000003,0.870713234,49.888193471,0.000000000,0.000140856,0.100000001,0.020000000
2026-07-04 17:57:19.039,1783159039.039193869,361.945282790,1,1,361.932831662,1,0.008818769,5,1,0.005862243,5,1,0,1,0,0,1,1,1,0,1,0,-1.000000000,0.000000000,0.000000000,0.000000000,0,-1.000000000,0,0,0,,0,-1.000000000,,0,0,0.000000000,0.000000000,0,-1.000000000,0,,0,-1.000000000,,0,-1.000000000,0,,1,-0.063187219,-3.620360979,-0.007326126,0.085470200,1,3.111025095,178.248607902,-0.002442360,-2.468376160,1,-2.880847216,-165.060386879,-0.002442360,2.673503876,1,-0.193217278,-11.070534531,-0.021978378,0.422466278,1,0.870329857,49.866227583,0.012210846,-0.001221180,-0.012833213,-0.735288967,0.000000000,-0.000000000,2.000000000,1.000000000,3.149173021,180.434323078,0.000000000,-2.774265289,8.500000000,2.500000000,-2.881228685,-165.082243484,0.000000000,2.690469742,3.000000000,0.800000012,-0.194361687,-11.136104347,0.000000000,0.431063026,1.200000048,0.200000003,0.870713234,49.888193471,0.000000000,0.000140856,0.100000001,0.020000000
2026-07-04 17:57:20.039,1783159040.039163589,362.945252660,1,1,362.932801532,1,0.008828663,5,1,0.005750247,5,1,0,1,0,0,1,1,1,0,1,0,-1.000000000,0.000000000,0.000000000,0.000000000,0,-1.000000000,0,0,0,,0,-1.000000000,,0,0,0.000000000,0.000000000,0,-1.000000000,0,,0,-1.000000000,,0,-1.000000000,0,,1,-0.063187219,-3.620360979,-0.021978378,0.085470200,1,3.111025095,178.248607902,-0.002442360,-2.468376160,1,-2.880847216,-165.060386879,-0.002442360,2.687179565,1,-0.193217278,-11.070534531,-0.007326126,0.422466278,1,0.870329857,49.866227583,-0.036628723,-0.003663063,-0.012833213,-0.735288967,0.000000000,-0.000000000,2.000000000,1.000000000,3.149173021,180.434323078,0.000000000,-2.774265289,8.500000000,2.500000000,-2.881228685,-165.082243484,0.000000000,2.690469742,3.000000000,0.800000012,-0.194361687,-11.136104347,0.000000000,0.431063026,1.200000048,0.200000003,0.870713234,49.888193471,0.000000000,0.000140856,0.100000001,0.020000000
2026-07-04 17:57:21.039,1783159041.038974762,363.945063778,1,1,363.932612650,1,0.008596117,5,1,0.005737565,5,1,0,1,0,0,1,1,1,0,1,0,-1.000000000,0.000000000,0.000000000,0.000000000,0,-1.000000000,0,0,0,,0,-1.000000000,,0,0,0.000000000,0.000000000,0,-1.000000000,0,,0,-1.000000000,,0,-1.000000000,0,,1,-0.063187219,-3.620360979,-0.021978378,0.085470200,1,3.111025095,178.248607902,-0.002442360,-2.468376160,1,-2.880847216,-165.060386879,-0.007326126,2.659828186,1,-0.193217278,-11.070534531,-0.007326126,0.422466278,1,0.870329857,49.866227583,-0.036628723,-0.003663063,-0.012833213,-0.735288967,0.000000000,-0.000000000,2.000000000,1.000000000,3.149173021,180.434323078,0.000000000,-2.774265289,8.500000000,2.500000000,-2.881228685,-165.082243484,0.000000000,2.690469742,3.000000000,0.800000012,-0.194361687,-11.136104347,0.000000000,0.431063026,1.200000048,0.200000003,0.870713234,49.888193471,0.000000000,0.000140856,0.100000001,0.020000000
2026-07-04 17:57:22.039,1783159042.038991213,364.945080173,1,1,364.932629045,1,0.009000756,5,1,0.005710688,5,1,0,1,0,0,1,1,1,0,1,0,-1.000000000,0.000000000,0.000000000,0.000000000,0,-1.000000000,0,0,0,,0,-1.000000000,,0,0,0.000000000,0.000000000,0,-1.000000000,0,,0,-1.000000000,,0,-1.000000000,0,,1,-0.063187219,-3.620360979,-0.007326126,0.085470200,1,3.111025095,178.248607902,0.002442360,-2.482051849,1,-2.880847216,-165.060386879,-0.007326126,2.673503876,1,-0.193217278,-11.070534531,-0.007326126,0.422466278,1,0.870329857,49.866227583,-0.012210846,-0.001221180,-0.012833213,-0.735288967,0.000000000,-0.000000000,2.000000000,1.000000000,3.149173021,180.434323078,0.000000000,-2.774265289,8.500000000,2.500000000,-2.881228685,-165.082243484,0.000000000,2.690469742,3.000000000,0.800000012,-0.194361687,-11.136104347,0.000000000,0.431063026,1.200000048,0.200000003,0.870713234,49.888193471,0.000000000,0.000140856,0.100000001,0.020000000
2026-07-04 17:57:23.038,1783159043.038753271,365.944842284,1,1,365.932391156,1,0.008834283,5,1,0.005828411,5,1,0,1,0,0,1,1,1,0,1,0,-1.000000000,0.000000000,0.000000000,0.000000000,0,-1.000000000,0,0,0,,0,-1.000000000,,0,0,0.000000000,0.000000000,0,-1.000000000,0,,0,-1.000000000,,0,-1.000000000,0,,1,-0.063187219,-3.620360979,-0.021978378,0.085470200,1,3.111025095,178.248607902,-0.002442360,-2.468376160,1,-2.880847216,-165.060386879,-0.002442360,2.659828186,1,-0.193217278,-11.070534531,-0.007326126,0.422466278,1,0.870329857,49.866227583,-0.012210846,-0.003663063,-0.012833213,-0.735288967,0.000000000,-0.000000000,2.000000000,1.000000000,3.149173021,180.434323078,0.000000000,-2.774265289,8.500000000,2.500000000,-2.881228685,-165.082243484,0.000000000,2.690469742,3.000000000,0.800000012,-0.194361687,-11.136104347,0.000000000,0.431063026,1.200000048,0.200000003,0.870713234,49.888193471,0.000000000,0.000140856,0.100000001,0.020000000
2026-07-04 17:57:24.038,1783159044.038660288,366.944749226,1,1,366.932298098,1,0.009041881,5,1,0.005878213,5,1,0,1,0,0,1,1,1,0,1,0,-1.000000000,0.000000000,0.000000000,0.000000000,0,-1.000000000,0,0,0,,0,-1.000000000,,0,0,0.000000000,0.000000000,0,-1.000000000,0,,0,-1.000000000,,0,-1.000000000,0,,1,-0.063187219,-3.620360979,-0.007326126,0.085470200,1,3.111025095,178.248607902,-0.002442360,-2.468376160,1,-2.880847216,-165.060386879,0.002442360,2.673503876,1,-0.193217278,-11.070534531,-0.021978378,0.422466278,1,0.870329857,49.866227583,-0.036628723,-0.003663063,-0.012833213,-0.735288967,0.000000000,-0.000000000,2.000000000,1.000000000,3.149173021,180.434323078,0.000000000,-2.774265289,8.500000000,2.500000000,-2.881228685,-165.082243484,0.000000000,2.690469742,3.000000000,0.800000012,-0.194361687,-11.136104347,0.000000000,0.431063026,1.200000048,0.200000003,0.870713234,49.888193471,0.000000000,0.000140856,0.100000001,0.020000000
2026-07-04 17:57:25.038,1783159045.038638353,367.944727193,1,1,367.932276065,1,0.008610608,5,1,0.005635108,5,1,0,1,0,0,1,1,1,0,1,0,-1.000000000,0.000000000,0.000000000,0.000000000,0,-1.000000000,0,0,0,,0,-1.000000000,,0,0,0.000000000,0.000000000,0,-1.000000000,0,,0,-1.000000000,,0,-1.000000000,0,,1,-0.063187219,-3.620360979,-0.007326126,0.085470200,1,3.111025095,178.248607902,-0.002442360,-2.468376160,1,-2.880847216,-165.060386879,-0.002442360,2.673503876,1,-0.193598747,-11.092391137,0.007326126,0.422466278,1,0.870329857,49.866227583,0.012210846,-0.003663063,-0.012833213,-0.735288967,0.000000000,-0.000000000,2.000000000,1.000000000,3.149173021,180.434323078,0.000000000,-2.774265289,8.500000000,2.500000000,-2.881228685,-165.082243484,0.000000000,2.690469742,3.000000000,0.800000012,-0.194361687,-11.136104347,0.000000000,0.431063026,1.200000048,0.200000003,0.870713234,49.888193471,0.000000000,0.000140856,0.100000001,0.020000000
2026-07-04 17:57:26.038,1783159046.038478374,368.944567363,1,1,368.932116235,1,0.008876213,5,1,0.005679626,5,1,0,1,0,0,1,1,1,0,1,0,-1.000000000,0.000000000,0.000000000,0.000000000,0,-1.000000000,0,0,0,,0,-1.000000000,,0,0,0.000000000,0.000000000,0,-1.000000000,0,,0,-1.000000000,,0,-1.000000000,0,,1,-0.063187219,-3.620360979,-0.007326126,0.085470200,1,3.111025095,178.248607902,-0.002442360,-2.482051849,1,-2.880847216,-165.060386879,0.002442360,2.673503876,1,-0.193217278,-11.070534531,-0.021978378,0.422466278,1,0.870713234,49.888193471,0.012210846,-0.003663063,-0.012833213,-0.735288967,0.000000000,-0.000000000,2.000000000,1.000000000,3.149173021,180.434323078,0.000000000,-2.774265289,8.500000000,2.500000000,-2.881228685,-165.082243484,0.000000000,2.690469742,3.000000000,0.800000012,-0.194361687,-11.136104347,0.000000000,0.431063026,1.200000048,0.200000003,0.870713234,49.888193471,0.000000000,0.000140856,0.100000001,0.020000000
2026-07-04 17:57:27.038,1783159047.038343668,369.944432718,1,1,369.931981590,1,0.008204980,5,1,0.005538712,5,1,0,1,0,0,1,1,1,0,1,0,-1.000000000,0.000000000,0.000000000,0.000000000,0,-1.000000000,0,0,0,,0,-1.000000000,,0,0,0.000000000,0.000000000,0,-1.000000000,0,,0,-1.000000000,,0,-1.000000000,0,,1,-0.063187219,-3.620360979,-0.007326126,0.085470200,1,3.111025095,178.248607902,-0.007326126,-2.482051849,1,-2.880847216,-165.060386879,-0.007326126,2.673503876,1,-0.193217278,-11.070534531,-0.007326126,0.422466278,1,0.870329857,49.866227583,0.012210846,-0.003663063,-0.012833213,-0.735288967,0.000000000,-0.000000000,2.000000000,1.000000000,3.149173021,180.434323078,0.000000000,-2.774265289,8.500000000,2.500000000,-2.881228685,-165.082243484,0.000000000,2.690469742,3.000000000,0.800000012,-0.194361687,-11.136104347,0.000000000,0.431063026,1.200000048,0.200000003,0.870713234,49.888193471,0.000000000,0.000140856,0.100000001,0.020000000
2026-07-04 17:57:28.038,1783159048.038194180,370.944283060,1,1,370.931831932,1,0.008838867,5,1,0.005799542,5,1,0,1,0,0,1,1,1,0,1,0,-1.000000000,0.000000000,0.000000000,0.000000000,0,-1.000000000,0,0,0,,0,-1.000000000,,0,0,0.000000000,0.000000000,0,-1.000000000,0,,0,-1.000000000,,0,-1.000000000,0,,1,-0.063187219,-3.620360979,-0.021978378,0.085470200,1,3.111025095,178.248607902,-0.002442360,-2.468376160,1,-2.880847216,-165.060386879,-0.002442360,2.673503876,1,-0.193217278,-11.070534531,-0.021978378,0.422466278,1,0.870329857,49.866227583,-0.012210846,-0.003663063,-0.012833213,-0.735288967,0.000000000,-0.000000000,2.000000000,1.000000000,3.149173021,180.434323078,0.000000000,-2.774265289,8.500000000,2.500000000,-2.881228685,-165.082243484,0.000000000,2.690469742,3.000000000,0.800000012,-0.194361687,-11.136104347,0.000000000,0.431063026,1.200000048,0.200000003,0.870713234,49.888193471,0.000000000,0.000140856,0.100000001,0.020000000
2026-07-04 17:57:29.038,1783159049.038125992,371.944215049,1,1,371.931763921,1,0.008928038,5,1,0.005721390,5,1,0,1,0,0,1,1,1,0,1,0,-1.000000000,0.000000000,0.000000000,0.000000000,0,-1.000000000,0,0,0,,0,-1.000000000,,0,0,0.000000000,0.000000000,0,-1.000000000,0,,0,-1.000000000,,0,-1.000000000,0,,1,-0.063187219,-3.620360979,-0.007326126,0.085470200,1,3.111025095,178.248607902,-0.002442360,-2.468376160,1,-2.880847216,-165.060386879,-0.007326126,2.673503876,1,-0.193598747,-11.092391137,-0.007326126,0.422466278,1,0.870713234,49.888193471,0.012210846,-0.003663063,-0.012833213,-0.735288967,0.000000000,-0.000000000,2.000000000,1.000000000,3.149173021,180.434323078,0.000000000,-2.774265289,8.500000000,2.500000000,-2.881228685,-165.082243484,0.000000000,2.690469742,3.000000000,0.800000012,-0.194361687,-11.136104347,0.000000000,0.431063026,1.200000048,0.200000003,0.870713234,49.888193471,0.000000000,0.000140856,0.100000001,0.020000000
2026-07-04 17:57:30.038,1783159050.038031578,372.944120512,1,1,372.931669384,1,0.008745579,5,1,0.005623690,5,1,0,1,0,0,1,1,1,0,1,1,0.266607991,-1.120000000,1.590000000,0.000000000,0,-1.000000000,0,0,0,,0,-1.000000000,,0,0,0.000000000,0.000000000,0,-1.000000000,0,,0,-1.000000000,,0,-1.000000000,0,,1,-0.063187219,-3.620360979,0.007326126,0.085470200,1,3.111025095,178.248607902,-0.002442360,-2.468376160,1,-2.880847216,-165.060386879,-0.002442360,2.673503876,1,-0.193217278,-11.070534531,-0.007326126,0.422466278,1,0.870329857,49.866227583,-0.012210846,-0.001221180,-0.012833213,-0.735288967,0.000000000,-0.000000000,2.000000000,1.000000000,3.149173021,180.434323078,0.000000000,-2.774265289,8.500000000,2.500000000,-2.881228685,-165.082243484,0.000000000,2.690469742,3.000000000,0.800000012,-0.194361687,-11.136104347,0.000000000,0.431063026,1.200000048,0.200000003,0.870713234,49.888193471,0.000000000,0.000140856,0.100000001,0.020000000
2026-07-04 17:57:31.037,1783159051.037864685,373.943953569,1,1,373.931502441,1,0.008518342,5,1,0.005737047,5,1,0,1,0,0,1,1,1,1,1,1,0.063049525,-1.120000000,1.590000000,0.000000000,0,-1.000000000,0,0,0,,0,-1.000000000,,0,0,0.000000000,0.000000000,0,-1.000000000,0,,0,-1.000000000,,0,-1.000000000,0,,1,-0.063187219,-3.620360979,-0.021978378,0.085470200,1,3.111025095,178.248607902,-0.002442360,-2.482051849,1,-2.880847216,-165.060386879,-0.007326126,2.687179565,1,-0.193217278,-11.070534531,-0.007326126,0.422466278,1,0.870329857,49.866227583,-0.012210846,-0.003663063,-0.012833213,-0.735288967,0.000000000,-0.000000000,2.000000000,1.000000000,3.149173021,180.434323078,0.000000000,-2.774265289,8.500000000,2.500000000,-2.881228685,-165.082243484,0.000000000,2.690469742,3.000000000,0.800000012,-0.194361687,-11.136104347,0.000000000,0.431063026,1.200000048,0.200000003,0.870713234,49.888193471,0.000000000,0.000140856,0.100000001,0.020000000
2026-07-04 17:57:32.037,1783159052.037762880,374.943851752,1,1,374.931400624,1,0.008793223,5,1,0.005798665,5,1,0,1,0,0,1,1,1,1,1,1,1.062947708,-1.120000000,1.590000000,0.000000000,1,0.911623608,12,1,12,1:-1.251:2.428|2:-0.428:2.425|3:0.392:2.424|4:1.223:2.419|5:1.228:1.589|6:0.405:1.588|7:-0.440:1.588|8:-1.261:1.589|9:-1.185:4.911|10:-0.390:4.902|11:0.375:4.903|12:1.182:4.901,0,-1.000000000,,0,0,0.000000000,0.000000000,0,-1.000000000,0,,0,-1.000000000,,0,-1.000000000,0,,1,-0.063187219,-3.620360979,-0.007326126,0.085470200,1,3.111025095,178.248607902,-0.002442360,-2.482051849,1,-2.880847216,-165.060386879,-0.002442360,2.673503876,1,-0.193217278,-11.070534531,0.007326126,0.422466278,1,0.870329857,49.866227583,-0.036628723,-0.003663063,-0.012833213,-0.735288967,0.000000000,-0.000000000,2.000000000,1.000000000,3.149173021,180.434323078,0.000000000,-2.774265289,8.500000000,2.500000000,-2.881228685,-165.082243484,0.000000000,2.690469742,3.000000000,0.800000012,-0.194361687,-11.136104347,0.000000000,0.431063026,1.200000048,0.200000003,0.870713234,49.888193471,0.000000000,0.000140856,0.100000001,0.020000000
2026-07-04 17:57:33.037,1783159053.037674665,375.943763662,1,1,375.931312534,1,0.008471372,5,1,0.005730681,5,1,0,1,0,0,1,1,1,1,1,1,0.299671855,-1.120000000,1.590000000,0.000000000,1,1.911535518,12,1,12,1:-1.251:2.428|2:-0.428:2.425|3:0.392:2.424|4:1.223:2.419|5:1.228:1.589|6:0.405:1.588|7:-0.440:1.588|8:-1.261:1.589|9:-1.185:4.911|10:-0.390:4.902|11:0.375:4.903|12:1.182:4.901,0,-1.000000000,,0,0,0.000000000,0.000000000,0,-1.000000000,0,,0,-1.000000000,,0,-1.000000000,0,,1,-0.063187219,-3.620360979,-0.021978378,0.085470200,1,3.111025095,178.248607902,-0.002442360,-2.468376160,1,-2.880847216,-165.060386879,-0.002442360,2.673503876,1,-0.193217278,-11.070534531,0.007326126,0.422466278,1,0.870329857,49.866227583,-0.012210846,-0.003663063,-0.012833213,-0.735288967,0.000000000,-0.000000000,2.000000000,1.000000000,3.149173021,180.434323078,0.000000000,-2.774265289,8.500000000,2.500000000,-2.881228685,-165.082243484,0.000000000,2.690469742,3.000000000,0.800000012,-0.194361687,-11.136104347,0.000000000,0.431063026,1.200000048,0.200000003,0.870713234,49.888193471,0.000000000,0.000140856,0.100000001,0.020000000
2026-07-04 17:57:34.037,1783159054.037538767,376.943627810,1,1,376.931176682,1,0.008916080,5,1,0.005772564,5,1,0,1,0,0,1,1,1,1,1,1,1.299536003,-1.120000000,1.590000000,0.000000000,1,2.911399666,12,1,12,1:-1.251:2.428|2:-0.428:2.425|3:0.392:2.424|4:1.223:2.419|5:1.228:1.589|6:0.405:1.588|7:-0.440:1.588|8:-1.261:1.589|9:-1.185:4.911|10:-0.390:4.902|11:0.375:4.903|12:1.182:4.901,0,-1.000000000,,0,0,0.000000000,0.000000000,0,-1.000000000,0,,0,-1.000000000,,0,-1.000000000,0,,1,-0.063187219,-3.620360979,-0.007326126,0.085470200,1,3.111025095,178.248607902,0.002442360,-2.468376160,1,-2.880847216,-165.060386879,-0.002442360,2.673503876,1,-0.193217278,-11.070534531,0.007326126,0.422466278,1,0.870329857,49.866227583,-0.012210846,-0.001221180,-0.012833213,-0.735288967,0.000000000,-0.000000000,2.000000000,1.000000000,3.149173021,180.434323078,0.000000000,-2.774265289,8.500000000,2.500000000,-2.881228685,-165.082243484,0.000000000,2.690469742,3.000000000,0.800000012,-0.194361687,-11.136104347,0.000000000,0.431063026,1.200000048,0.200000003,0.870713234,49.888193471,0.000000000,0.000140856,0.100000001,0.020000000
2026-07-04 17:57:35.037,1783159055.037468195,377.943557110,1,1,377.931105982,1,0.008622354,5,1,0.005719123,5,1,0,1,0,0,1,1,1,1,1,1,0.625592215,-1.120000000,1.590000000,0.000000000,1,3.911328966,12,1,12,1:-1.251:2.428|2:-0.428:2.425|3:0.392:2.424|4:1.223:2.419|5:1.228:1.589|6:0.405:1.588|7:-0.440:1.588|8:-1.261:1.589|9:-1.185:4.911|10:-0.390:4.902|11:0.375:4.903|12:1.182:4.901,0,-1.000000000,,0,0,0.000000000,0.000000000,0,-1.000000000,0,,0,-1.000000000,,0,-1.000000000,0,,1,-0.063187219,-3.620360979,-0.007326126,0.085470200,1,3.111025095,178.248607902,-0.002442360,-2.482051849,1,-2.880847216,-165.060386879,-0.002442360,2.673503876,1,-0.193217278,-11.070534531,-0.007326126,0.422466278,1,0.870329857,49.866227583,-0.036628723,-0.001221180,-0.012833213,-0.735288967,0.000000000,-0.000000000,2.000000000,1.000000000,3.149173021,180.434323078,0.000000000,-2.774265289,8.500000000,2.500000000,-2.881228685,-165.082243484,0.000000000,2.690469742,3.000000000,0.800000012,-0.194361687,-11.136104347,0.000000000,0.431063026,1.200000048,0.200000003,0.870713234,49.888193471,0.000000000,0.000140856,0.100000001,0.020000000
2026-07-04 17:57:36.037,1783159056.037324905,378.943413689,1,1,378.930962561,1,0.008976941,5,1,0.005854333,5,1,0,1,0,0,1,1,1,1,1,1,0.363481209,-1.120000000,1.590000000,0.000000000,1,4.911185545,12,1,12,1:-1.251:2.428|2:-0.428:2.425|3:0.392:2.424|4:1.223:2.419|5:1.228:1.589|6:0.405:1.588|7:-0.440:1.588|8:-1.261:1.589|9:-1.185:4.911|10:-0.390:4.902|11:0.375:4.903|12:1.182:4.901,0,-1.000000000,,0,0,0.000000000,0.000000000,0,-1.000000000,0,,0,-1.000000000,,0,-1.000000000,0,,1,-0.063187219,-3.620360979,-0.007326126,0.085470200,1,3.111025095,178.248607902,-0.002442360,-2.468376160,1,-2.880847216,-165.060386879,-0.002442360,2.673503876,1,-0.193598747,-11.092391137,-0.007326126,0.422466278,1,0.870329857,49.866227583,-0.012210846,-0.003663063,-0.012833213,-0.735288967,0.000000000,-0.000000000,2.000000000,1.000000000,3.149173021,180.434323078,0.000000000,-2.774265289,8.500000000,2.500000000,-2.881228685,-165.082243484,0.000000000,2.690469742,3.000000000,0.800000012,-0.194361687,-11.136104347,0.000000000,0.431063026,1.200000048,0.200000003,0.870713234,49.888193471,0.000000000,0.000140856,0.100000001,0.020000000
2026-07-04 17:57:37.037,1783159057.037197590,379.943286624,1,1,379.930835496,1,0.008873060,5,1,0.005834546,5,1,0,1,0,0,1,1,1,1,1,1,1.363354144,-1.120000000,1.590000000,0.000000000,1,5.911058480,12,1,12,1:-1.251:2.428|2:-0.428:2.425|3:0.392:2.424|4:1.223:2.419|5:1.228:1.589|6:0.405:1.588|7:-0.440:1.588|8:-1.261:1.589|9:-1.185:4.911|10:-0.390:4.902|11:0.375:4.903|12:1.182:4.901,0,-1.000000000,,0,0,0.000000000,0.000000000,0,-1.000000000,0,,0,-1.000000000,,0,-1.000000000,0,,1,-0.063187219,-3.620360979,-0.007326126,0.085470200,1,3.111025095,178.248607902,0.002442360,-2.482051849,1,-2.880847216,-165.060386879,-0.002442360,2.673503876,1,-0.193217278,-11.070534531,0.007326126,0.422466278,1,0.870329857,49.866227583,-0.012210846,-0.003663063,-0.012833213,-0.735288967,0.000000000,-0.000000000,2.000000000,1.000000000,3.149173021,180.434323078,0.000000000,-2.774265289,8.500000000,2.500000000,-2.881228685,-165.082243484,0.000000000,2.690469742,3.000000000,0.800000012,-0.194361687,-11.136104347,0.000000000,0.431063026,1.200000048,0.200000003,0.870713234,49.888193471,0.000000000,0.000140856,0.100000001,0.020000000
2026-07-04 17:57:38.037,1783159058.037099600,380.943188554,1,1,380.930737426,1,0.008607483,5,1,0.005760545,5,1,0,1,0,0,1,1,1,1,1,1,0.348221059,-1.120000000,1.590000000,0.000000000,1,6.910960410,12,1,12,1:-1.251:2.428|2:-0.428:2.425|3:0.392:2.424|4:1.223:2.419|5:1.228:1.589|6:0.405:1.588|7:-0.440:1.588|8:-1.261:1.589|9:-1.185:4.911|10:-0.390:4.902|11:0.375:4.903|12:1.182:4.901,0,-1.000000000,,0,0,0.000000000,0.000000000,0,-1.000000000,0,,0,-1.000000000,,0,-1.000000000,0,,1,-0.063187219,-3.620360979,-0.007326126,0.085470200,1,3.111025095,178.248607902,-0.002442360,-2.468376160,1,-2.880847216,-165.060386879,-0.002442360,2.673503876,1,-0.193217278,-11.070534531,0.007326126,0.422466278,1,0.870329857,49.866227583,-0.012210846,-0.003663063,-0.012833213,-0.735288967,0.000000000,-0.000000000,2.000000000,1.000000000,3.149173021,180.434323078,0.000000000,-2.774265289,8.500000000,2.500000000,-2.881228685,-165.082243484,0.000000000,2.690469742,3.000000000,0.800000012,-0.194361687,-11.136104347,0.000000000,0.431063026,1.200000048,0.200000003,0.870713234,49.888193471,0.000000000,0.000140856,0.100000001,0.020000000
2026-07-04 17:57:39.037,1783159059.036984682,381.943073621,1,1,381.930622493,1,0.008860050,5,1,0.005854219,5,1,0,1,0,0,1,1,1,1,1,1,1.348106126,-1.120000000,1.590000000,0.000000000,1,7.910845477,12,1,12,1:-1.251:2.428|2:-0.428:2.425|3:0.392:2.424|4:1.223:2.419|5:1.228:1.589|6:0.405:1.588|7:-0.440:1.588|8:-1.261:1.589|9:-1.185:4.911|10:-0.390:4.902|11:0.375:4.903|12:1.182:4.901,0,-1.000000000,,0,0,0.000000000,0.000000000,0,-1.000000000,0,,0,-1.000000000,,0,-1.000000000,0,,1,-0.063187219,-3.620360979,0.007326126,0.085470200,1,3.111025095,178.248607902,-0.002442360,-2.482051849,1,-2.880847216,-165.060386879,-0.007326126,2.673503876,1,-0.193217278,-11.070534531,-0.007326126,0.422466278,1,0.870329857,49.866227583,0.012210846,-0.003663063,-0.012833213,-0.735288967,0.000000000,-0.000000000,2.000000000,1.000000000,3.149173021,180.434323078,0.000000000,-2.774265289,8.500000000,2.500000000,-2.881228685,-165.082243484,0.000000000,2.690469742,3.000000000,0.800000012,-0.194361687,-11.136104347,0.000000000,0.431063026,1.200000048,0.200000003,0.870713234,49.888193471,0.000000000,0.000140856,0.100000001,0.020000000
2026-07-04 17:57:40.037,1783159060.036915302,382.943004198,1,1,382.930553070,1,0.008731916,5,1,0.005755591,5,1,0,1,0,0,1,1,1,1,1,1,2.348036703,-1.120000000,1.590000000,0.000000000,1,8.910776054,12,1,12,1:-1.251:2.428|2:-0.428:2.425|3:0.392:2.424|4:1.223:2.419|5:1.228:1.589|6:0.405:1.588|7:-0.440:1.588|8:-1.261:1.589|9:-1.185:4.911|10:-0.390:4.902|11:0.375:4.903|12:1.182:4.901,0,-1.000000000,,0,0,0.000000000,0.000000000,0,-1.000000000,0,,0,-1.000000000,,0,-1.000000000,0,,1,-0.063187219,-3.620360979,-0.007326126,0.085470200,1,3.111025095,178.248607902,-0.002442360,-2.468376160,1,-2.880847216,-165.060386879,-0.002442360,2.673503876,1,-0.193217278,-11.070534531,0.007326126,0.422466278,1,0.870329857,49.866227583,-0.012210846,-0.003663063,-0.012833213,-0.735288967,0.000000000,-0.000000000,2.000000000,1.000000000,3.149173021,180.434323078,0.000000000,-2.774265289,8.500000000,2.500000000,-2.881228685,-165.082243484,0.000000000,2.690469742,3.000000000,0.800000012,-0.194361687,-11.136104347,0.000000000,0.431063026,1.200000048,0.200000003,0.870713234,49.888193471,0.000000000,0.000140856,0.100000001,0.020000000
2026-07-04 17:57:41.037,1783159061.036921501,383.943010496,1,1,383.930559368,1,0.008442608,5,1,0.005813633,5,1,0,1,0,0,1,1,1,1,1,1,3.348043001,-1.120000000,1.590000000,0.000000000,1,9.910782352,12,1,12,1:-1.251:2.428|2:-0.428:2.425|3:0.392:2.424|4:1.223:2.419|5:1.228:1.589|6:0.405:1.588|7:-0.440:1.588|8:-1.261:1.589|9:-1.185:4.911|10:-0.390:4.902|11:0.375:4.903|12:1.182:4.901,0,-1.000000000,,0,0,0.000000000,0.000000000,0,-1.000000000,0,,0,-1.000000000,,0,-1.000000000,0,,1,-0.063568689,-3.642217585,-0.021978378,0.085470200,1,3.111025095,178.248607902,-0.002442360,-2.482051849,1,-2.880847216,-165.060386879,-0.002442360,2.673503876,1,-0.193217278,-11.070534531,-0.021978378,0.422466278,1,0.870329857,49.866227583,-0.012210846,-0.003663063,-0.012833213,-0.735288967,0.000000000,-0.000000000,2.000000000,1.000000000,3.149173021,180.434323078,0.000000000,-2.774265289,8.500000000,2.500000000,-2.881228685,-165.082243484,0.000000000,2.690469742,3.000000000,0.800000012,-0.194361687,-11.136104347,0.000000000,0.431063026,1.200000048,0.200000003,0.870713234,49.888193471,0.000000000,0.000140856,0.100000001,0.020000000
2026-07-04 17:57:42.036,1783159062.036663055,384.942751914,1,1,384.930300786,1,0.008798795,5,1,0.005834149,5,1,0,1,0,0,1,1,1,1,1,1,4.347784419,-1.120000000,1.590000000,0.000000000,1,10.910523770,12,1,12,1:-1.251:2.428|2:-0.428:2.425|3:0.392:2.424|4:1.223:2.419|5:1.228:1.589|6:0.405:1.588|7:-0.440:1.588|8:-1.261:1.589|9:-1.185:4.911|10:-0.390:4.902|11:0.375:4.903|12:1.182:4.901,0,-1.000000000,,0,0,0.000000000,0.000000000,0,-1.000000000,0,,0,-1.000000000,,0,-1.000000000,0,,1,-0.063187219,-3.620360979,-0.007326126,0.085470200,1,3.111025095,178.248607902,-0.002442360,-2.468376160,1,-2.880847216,-165.060386879,-0.002442360,2.673503876,1,-0.193598747,-11.092391137,-0.007326126,0.422466278,1,0.870713234,49.888193471,0.012210846,-0.001221180,-0.012833213,-0.735288967,0.000000000,-0.000000000,2.000000000,1.000000000,3.149173021,180.434323078,0.000000000,-2.774265289,8.500000000,2.500000000,-2.881228685,-165.082243484,0.000000000,2.690469742,3.000000000,0.800000012,-0.194361687,-11.136104347,0.000000000,0.431063026,1.200000048,0.200000003,0.870713234,49.888193471,0.000000000,0.000140856,0.100000001,0.020000000
2026-07-04 17:57:43.036,1783159063.036543369,385.942632325,1,1,385.930181197,1,0.008560729,5,1,0.005759282,5,1,0,1,0,0,1,1,1,1,1,1,0.386908599,-1.120000000,1.590000000,0.000000000,1,11.910404181,12,1,12,1:-1.251:2.428|2:-0.428:2.425|3:0.392:2.424|4:1.223:2.419|5:1.228:1.589|6:0.405:1.588|7:-0.440:1.588|8:-1.261:1.589|9:-1.185:4.911|10:-0.390:4.902|11:0.375:4.903|12:1.182:4.901,0,-1.000000000,,0,0,0.000000000,0.000000000,0,-1.000000000,0,,0,-1.000000000,,0,-1.000000000,0,,1,-0.063187219,-3.620360979,-0.007326126,0.090353966,1,3.111025095,178.248607902,-0.002442360,-2.482051849,1,-2.880847216,-165.060386879,-0.002442360,2.687179565,1,-0.193217278,-11.070534531,0.007326126,0.422466278,1,0.870329857,49.866227583,0.012210846,-0.003663063,-0.012833213,-0.735288967,0.000000000,-0.000000000,2.000000000,1.000000000,3.149173021,180.434323078,0.000000000,-2.774265289,8.500000000,2.500000000,-2.881228685,-165.082243484,0.000000000,2.690469742,3.000000000,0.800000012,-0.194361687,-11.136104347,0.000000000,0.431063026,1.200000048,0.200000003,0.870713234,49.888193471,0.000000000,0.000140856,0.100000001,0.020000000
2026-07-04 17:57:44.036,1783159064.036514282,386.942603298,1,1,386.930152170,1,0.008655734,5,1,0.005803568,5,1,0,1,0,0,1,1,1,1,1,1,1.386879572,-1.120000000,1.590000000,0.000000000,1,12.910375154,12,1,12,1:-1.251:2.428|2:-0.428:2.425|3:0.392:2.424|4:1.223:2.419|5:1.228:1.589|6:0.405:1.588|7:-0.440:1.588|8:-1.261:1.589|9:-1.185:4.911|10:-0.390:4.902|11:0.375:4.903|12:1.182:4.901,0,-1.000000000,,0,0,0.000000000,0.000000000,0,-1.000000000,0,,0,-1.000000000,,0,-1.000000000,0,,1,-0.063187219,-3.620360979,0.007326126,0.085470200,1,3.111025095,178.248607902,0.002442360,-2.468376160,1,-2.880847216,-165.060386879,-0.002442360,2.673503876,1,-0.193598747,-11.092391137,-0.021978378,0.422466278,1,0.870713234,49.888193471,0.036628723,-0.003663063,-0.012833213,-0.735288967,0.000000000,-0.000000000,2.000000000,1.000000000,3.149173021,180.434323078,0.000000000,-2.774265289,8.500000000,2.500000000,-2.881228685,-165.082243484,0.000000000,2.690469742,3.000000000,0.800000012,-0.194361687,-11.136104347,0.000000000,0.431063026,1.200000048,0.200000003,0.870713234,49.888193471,0.000000000,0.000140856,0.100000001,0.020000000
2026-07-04 17:57:45.036,1783159065.036330462,387.942419360,1,1,387.929968232,1,0.008874337,5,1,0.005844409,5,1,0,1,0,0,1,1,1,1,1,1,2.386695634,-1.120000000,1.590000000,0.000000000,1,13.910191216,12,1,12,1:-1.251:2.428|2:-0.428:2.425|3:0.392:2.424|4:1.223:2.419|5:1.228:1.589|6:0.405:1.588|7:-0.440:1.588|8:-1.261:1.589|9:-1.185:4.911|10:-0.390:4.902|11:0.375:4.903|12:1.182:4.901,0,-1.000000000,,0,0,0.000000000,0.000000000,0,-1.000000000,0,,0,-1.000000000,,0,-1.000000000,0,,1,-0.063187219,-3.620360979,-0.007326126,0.085470200,1,3.111025095,178.248607902,-0.002442360,-2.468376160,1,-2.880847216,-165.060386879,-0.002442360,2.687179565,1,-0.193598747,-11.092391137,-0.021978378,0.422466278,1,0.870329857,49.866227583,-0.012210846,-0.003663063,-0.012833213,-0.735288967,0.000000000,-0.000000000,2.000000000,1.000000000,3.149173021,180.434323078,0.000000000,-2.774265289,8.500000000,2.500000000,-2.881228685,-165.082243484,0.000000000,2.690469742,3.000000000,0.800000012,-0.194361687,-11.136104347,0.000000000,0.431063026,1.200000048,0.200000003,0.870713234,49.888193471,0.000000000,0.000140856,0.100000001,0.020000000
2026-07-04 17:57:46.036,1783159066.036218405,388.942307394,1,1,388.929856266,1,0.008827377,5,1,0.005853402,5,1,0,1,0,0,1,1,1,1,1,1,0.195317694,-1.120000000,1.590000000,0.000000000,1,14.910079250,12,1,12,1:-1.251:2.428|2:-0.428:2.425|3:0.392:2.424|4:1.223:2.419|5:1.228:1.589|6:0.405:1.588|7:-0.440:1.588|8:-1.261:1.589|9:-1.185:4.911|10:-0.390:4.902|11:0.375:4.903|12:1.182:4.901,0,-1.000000000,,0,0,0.000000000,0.000000000,0,-1.000000000,0,,0,-1.000000000,,0,-1.000000000,0,,1,-0.063187219,-3.620360979,0.007326126,0.085470200,1,3.111025095,178.248607902,-0.002442360,-2.468376160,1,-2.880847216,-165.060386879,-0.002442360,2.687179565,1,-0.193217278,-11.070534531,-0.007326126,0.422466278,1,0.870713234,49.888193471,0.012210846,-0.003663063,-0.012833213,-0.735288967,0.000000000,-0.000000000,2.000000000,1.000000000,3.149173021,180.434323078,0.000000000,-2.774265289,8.500000000,2.500000000,-2.881228685,-165.082243484,0.000000000,2.690469742,3.000000000,0.800000012,-0.194361687,-11.136104347,0.000000000,0.431063026,1.200000048,0.200000003,0.870713234,49.888193471,0.000000000,0.000140856,0.100000001,0.020000000
2026-07-04 17:57:47.036,1783159067.036113501,389.942202487,1,1,389.929751359,1,0.008868468,5,1,0.005895279,5,1,0,1,0,0,1,1,1,1,1,1,0.091647777,-1.120000000,1.590000000,0.000000000,1,15.909974343,12,1,12,1:-1.251:2.428|2:-0.428:2.425|3:0.392:2.424|4:1.223:2.419|5:1.228:1.589|6:0.405:1.588|7:-0.440:1.588|8:-1.261:1.589|9:-1.185:4.911|10:-0.390:4.902|11:0.375:4.903|12:1.182:4.901,0,-1.000000000,,0,0,0.000000000,0.000000000,0,-1.000000000,0,,0,-1.000000000,,0,-1.000000000,0,,1,-0.063187219,-3.620360979,0.007326126,0.085470200,1,3.111025095,178.248607902,-0.002442360,-2.482051849,1,-2.880847216,-165.060386879,-0.002442360,2.673503876,1,-0.193217278,-11.070534531,0.007326126,0.422466278,1,0.870329857,49.866227583,-0.012210846,-0.003663063,-0.012833213,-0.735288967,0.000000000,-0.000000000,2.000000000,1.000000000,3.149173021,180.434323078,0.000000000,-2.774265289,8.500000000,2.500000000,-2.881228685,-165.082243484,0.000000000,2.690469742,3.000000000,0.800000012,-0.194361687,-11.136104347,0.000000000,0.431063026,1.200000048,0.200000003,0.870713234,49.888193471,0.000000000,0.000140856,0.100000001,0.020000000
2026-07-04 17:57:48.036,1783159068.036051273,390.942140051,1,1,390.929688923,1,0.008422799,5,1,0.005140493,5,1,0,1,0,0,1,1,1,1,1,1,0.047866270,-1.120000000,1.590000000,0.000000000,1,16.909911907,12,1,12,1:-1.251:2.428|2:-0.428:2.425|3:0.392:2.424|4:1.223:2.419|5:1.228:1.589|6:0.405:1.588|7:-0.440:1.588|8:-1.261:1.589|9:-1.185:4.911|10:-0.390:4.902|11:0.375:4.903|12:1.182:4.901,0,-1.000000000,,0,0,0.000000000,0.000000000,0,-1.000000000,0,,0,-1.000000000,,0,-1.000000000,0,,1,-0.063187219,-3.620360979,-0.007326126,0.085470200,1,3.111025095,178.248607902,-0.002442360,-2.468376160,1,-2.880847216,-165.060386879,-0.002442360,2.673503876,1,-0.193598747,-11.092391137,-0.007326126,0.422466278,1,0.870329857,49.866227583,-0.012210846,-0.003663063,-0.012833213,-0.735288967,0.000000000,-0.000000000,2.000000000,1.000000000,3.149173021,180.434323078,0.000000000,-2.774265289,8.500000000,2.500000000,-2.881228685,-165.082243484,0.000000000,2.690469742,3.000000000,0.800000012,-0.194361687,-11.136104347,0.000000000,0.431063026,1.200000048,0.200000003,0.870713234,49.888193471,0.000000000,0.000140856,0.100000001,0.020000000
2026-07-04 17:57:49.035,1783159069.035901546,391.941990512,1,1,391.929539384,1,0.008930183,5,1,0.005750843,5,1,0,1,0,0,1,1,1,1,1,1,0.064665036,-1.120000000,1.590000000,0.000000000,1,17.909762368,12,1,12,1:-1.251:2.428|2:-0.428:2.425|3:0.392:2.424|4:1.223:2.419|5:1.228:1.589|6:0.405:1.588|7:-0.440:1.588|8:-1.261:1.589|9:-1.185:4.911|10:-0.390:4.902|11:0.375:4.903|12:1.182:4.901,0,-1.000000000,,0,0,0.000000000,0.000000000,0,-1.000000000,0,,0,-1.000000000,,0,-1.000000000,0,,1,-0.063187219,-3.620360979,-0.007326126,0.085470200,1,3.111025095,178.248607902,-0.002442360,-2.468376160,1,-2.880847216,-165.060386879,-0.002442360,2.673503876,1,-0.193598747,-11.092391137,-0.021978378,0.422466278,1,0.870329857,49.866227583,-0.012210846,-0.001221180,-0.012833213,-0.735288967,0.000000000,-0.000000000,2.000000000,1.000000000,3.149173021,180.434323078,0.000000000,-2.774265289,8.500000000,2.500000000,-2.881228685,-165.082243484,0.000000000,2.690469742,3.000000000,0.800000012,-0.194361687,-11.136104347,0.000000000,0.431063026,1.200000048,0.200000003,0.870713234,49.888193471,0.000000000,0.000140856,0.100000001,0.020000000
2026-07-04 17:57:50.035,1783159070.035822630,392.941911590,1,1,392.929460462,1,0.008680234,5,1,0.005656499,5,1,0,1,0,0,1,1,1,1,1,1,1.064586114,-1.120000000,1.590000000,0.000000000,1,18.909683446,12,1,12,1:-1.251:2.428|2:-0.428:2.425|3:0.392:2.424|4:1.223:2.419|5:1.228:1.589|6:0.405:1.588|7:-0.440:1.588|8:-1.261:1.589|9:-1.185:4.911|10:-0.390:4.902|11:0.375:4.903|12:1.182:4.901,0,-1.000000000,,0,0,0.000000000,0.000000000,0,-1.000000000,0,,0,-1.000000000,,0,-1.000000000,0,,1,-0.063187219,-3.620360979,-0.007326126,0.085470200,1,3.111025095,178.248607902,0.002442360,-2.482051849,1,-2.880847216,-165.060386879,0.002442360,2.673503876,1,-0.193217278,-11.070534531,-0.007326126,0.422466278,1,0.870329857,49.866227583,-0.012210846,-0.001221180,-0.012833213,-0.735288967,0.000000000,-0.000000000,2.000000000,1.000000000,3.149173021,180.434323078,0.000000000,-2.774265289,8.500000000,2.500000000,-2.881228685,-165.082243484,0.000000000,2.690469742,3.000000000,0.800000012,-0.194361687,-11.136104347,0.000000000,0.431063026,1.200000048,0.200000003,0.870713234,49.888193471,0.000000000,0.000140856,0.100000001,0.020000000
2026-07-04 17:57:51.035,1783159071.035686493,393.941775315,1,1,393.929324187,1,0.008640214,5,1,0.005753178,5,1,0,1,0,0,1,1,1,1,1,1,0.445548354,-1.120000000,1.590000000,0.000000000,1,19.909547171,12,1,12,1:-1.251:2.428|2:-0.428:2.425|3:0.392:2.424|4:1.223:2.419|5:1.228:1.589|6:0.405:1.588|7:-0.440:1.588|8:-1.261:1.589|9:-1.185:4.911|10:-0.390:4.902|11:0.375:4.903|12:1.182:4.901,0,-1.000000000,,0,0,0.000000000,0.000000000,0,-1.000000000,0,,0,-1.000000000,,0,-1.000000000,0,,1,-0.063187219,-3.620360979,-0.007326126,0.085470200,1,3.111025095,178.248607902,0.002442360,-2.468376160,1,-2.880847216,-165.060386879,-0.007326126,2.687179565,1,-0.193598747,-11.092391137,-0.021978378,0.422466278,1,0.870713234,49.888193471,0.036628723,-0.001221180,-0.012833213,-0.735288967,0.000000000,-0.000000000,2.000000000,1.000000000,3.149173021,180.434323078,0.000000000,-2.774265289,8.500000000,2.500000000,-2.881228685,-165.082243484,0.000000000,2.690469742,3.000000000,0.800000012,-0.194361687,-11.136104347,0.000000000,0.431063026,1.200000048,0.200000003,0.870713234,49.888193471,0.000000000,0.000140856,0.100000001,0.020000000
2026-07-04 17:57:52.035,1783159072.035559416,394.941648290,1,1,394.929197162,1,0.008810076,5,1,0.005750787,5,1,0,1,0,0,1,1,1,1,1,1,0.011046098,-1.120000000,1.590000000,0.000000000,1,20.909420146,12,1,12,1:-1.251:2.428|2:-0.428:2.425|3:0.392:2.424|4:1.223:2.419|5:1.228:1.589|6:0.405:1.588|7:-0.440:1.588|8:-1.261:1.589|9:-1.185:4.911|10:-0.390:4.902|11:0.375:4.903|12:1.182:4.901,0,-1.000000000,,0,0,0.000000000,0.000000000,0,-1.000000000,0,,0,-1.000000000,,0,-1.000000000,0,,1,-0.063187219,-3.620360979,-0.021978378,0.085470200,1,3.111025095,178.248607902,-0.002442360,-2.482051849,1,-2.880847216,-165.060386879,-0.002442360,2.673503876,1,-0.193217278,-11.070534531,-0.021978378,0.422466278,1,0.870329857,49.866227583,-0.036628723,-0.003663063,-0.012833213,-0.735288967,0.000000000,-0.000000000,2.000000000,1.000000000,3.149173021,180.434323078,0.000000000,-2.774265289,8.500000000,2.500000000,-2.881228685,-165.082243484,0.000000000,2.690469742,3.000000000,0.800000012,-0.194361687,-11.136104347,0.000000000,0.431063026,1.200000048,0.200000003,0.870713234,49.888193471,0.000000000,0.000140856,0.100000001,0.020000000
2026-07-04 17:57:53.035,1783159073.035493135,395.941581988,1,1,395.929130860,1,0.008852103,5,1,0.005750839,5,1,0,1,0,0,1,1,1,1,1,1,0.239497306,-1.120000000,1.590000000,0.000000000,1,21.909353844,12,1,12,1:-1.251:2.428|2:-0.428:2.425|3:0.392:2.424|4:1.223:2.419|5:1.228:1.589|6:0.405:1.588|7:-0.440:1.588|8:-1.261:1.589|9:-1.185:4.911|10:-0.390:4.902|11:0.375:4.903|12:1.182:4.901,0,-1.000000000,,0,0,0.000000000,0.000000000,0,-1.000000000,0,,0,-1.000000000,,0,-1.000000000,0,,1,-0.063187219,-3.620360979,-0.007326126,0.085470200,1,3.111025095,178.248607902,-0.002442360,-2.468376160,1,-2.880847216,-165.060386879,-0.007326126,2.673503876,1,-0.193217278,-11.070534531,-0.021978378,0.422466278,1,0.870329857,49.866227583,-0.036628723,-0.001221180,-0.012833213,-0.735288967,0.000000000,-0.000000000,2.000000000,1.000000000,3.149173021,180.434323078,0.000000000,-2.774265289,8.500000000,2.500000000,-2.881228685,-165.082243484,0.000000000,2.690469742,3.000000000,0.800000012,-0.194361687,-11.136104347,0.000000000,0.431063026,1.200000048,0.200000003,0.870713234,49.888193471,0.000000000,0.000140856,0.100000001,0.020000000
2026-07-04 17:57:54.035,1783159074.035374880,396.941463700,1,1,396.929012572,1,0.008803794,5,1,0.005786187,5,1,0,1,0,0,1,1,1,1,1,1,0.009506455,-1.120000000,1.590000000,0.000000000,1,22.909235556,12,1,12,1:-1.251:2.428|2:-0.428:2.425|3:0.392:2.424|4:1.223:2.419|5:1.228:1.589|6:0.405:1.588|7:-0.440:1.588|8:-1.261:1.589|9:-1.185:4.911|10:-0.390:4.902|11:0.375:4.903|12:1.182:4.901,0,-1.000000000,,0,0,0.000000000,0.000000000,0,-1.000000000,0,,0,-1.000000000,,0,-1.000000000,0,,1,-0.063187219,-3.620360979,-0.007326126,0.085470200,1,3.111025095,178.248607902,-0.002442360,-2.482051849,1,-2.880847216,-165.060386879,0.002442360,2.673503876,1,-0.193217278,-11.070534531,-0.021978378,0.422466278,1,0.870329857,49.866227583,-0.036628723,-0.003663063,-0.012833213,-0.735288967,0.000000000,-0.000000000,2.000000000,1.000000000,3.149173021,180.434323078,0.000000000,-2.774265289,8.500000000,2.500000000,-2.881228685,-165.082243484,0.000000000,2.690469742,3.000000000,0.800000012,-0.194361687,-11.136104347,0.000000000,0.431063026,1.200000048,0.200000003,0.870713234,49.888193471,0.000000000,0.000140856,0.100000001,0.020000000
2026-07-04 17:57:55.035,1783159075.035272598,397.941361564,1,1,397.928910436,1,0.008798287,5,1,0.005775374,5,1,0,1,0,0,1,1,1,1,1,1,0.113041084,-1.120000000,1.590000000,0.000000000,1,23.909133420,12,1,12,1:-1.251:2.428|2:-0.428:2.425|3:0.392:2.424|4:1.223:2.419|5:1.228:1.589|6:0.405:1.588|7:-0.440:1.588|8:-1.261:1.589|9:-1.185:4.911|10:-0.390:4.902|11:0.375:4.903|12:1.182:4.901,0,-1.000000000,,0,0,0.000000000,0.000000000,0,-1.000000000,0,,0,-1.000000000,,0,-1.000000000,0,,1,-0.063187219,-3.620360979,-0.007326126,0.085470200,1,3.111025095,178.248607902,-0.002442360,-2.482051849,1,-2.880847216,-165.060386879,-0.002442360,2.673503876,1,-0.193598747,-11.092391137,-0.007326126,0.422466278,1,0.870329857,49.866227583,-0.036628723,-0.003663063,-0.012833213,-0.735288967,0.000000000,-0.000000000,2.000000000,1.000000000,3.149173021,180.434323078,0.000000000,-2.774265289,8.500000000,2.500000000,-2.881228685,-165.082243484,0.000000000,2.690469742,3.000000000,0.800000012,-0.194361687,-11.136104347,0.000000000,0.431063026,1.200000048,0.200000003,0.870713234,49.888193471,0.000000000,0.000140856,0.100000001,0.020000000
2026-07-04 17:57:56.035,1783159076.035176039,398.941265001,1,1,398.928813873,1,0.008684548,5,1,0.005799833,5,1,0,1,0,0,1,1,1,1,1,1,0.058695998,-1.120000000,1.590000000,0.000000000,1,24.909036857,12,1,12,1:-1.251:2.428|2:-0.428:2.425|3:0.392:2.424|4:1.223:2.419|5:1.228:1.589|6:0.405:1.588|7:-0.440:1.588|8:-1.261:1.589|9:-1.185:4.911|10:-0.390:4.902|11:0.375:4.903|12:1.182:4.901,0,-1.000000000,,0,0,0.000000000,0.000000000,0,-1.000000000,0,,0,-1.000000000,,0,-1.000000000,0,,1,-0.063187219,-3.620360979,-0.021978378,0.085470200,1,3.111025095,178.248607902,-0.002442360,-2.482051849,1,-2.880847216,-165.060386879,-0.007326126,2.687179565,1,-0.193217278,-11.070534531,-0.007326126,0.422466278,1,0.870329857,49.866227583,-0.012210846,-0.003663063,-0.012833213,-0.735288967,0.000000000,-0.000000000,2.000000000,1.000000000,3.149173021,180.434323078,0.000000000,-2.774265289,8.500000000,2.500000000,-2.881228685,-165.082243484,0.000000000,2.690469742,3.000000000,0.800000012,-0.194361687,-11.136104347,0.000000000,0.431063026,1.200000048,0.200000003,0.870713234,49.888193471,0.000000000,0.000140856,0.100000001,0.020000000
2026-07-04 17:57:57.035,1783159077.035055399,399.941144357,1,1,399.928693229,1,0.008876285,5,1,0.005807071,5,1,0,1,0,0,1,1,1,1,1,1,0.076313195,-1.120000000,1.590000000,0.000000000,1,25.908916213,12,1,12,1:-1.251:2.428|2:-0.428:2.425|3:0.392:2.424|4:1.223:2.419|5:1.228:1.589|6:0.405:1.588|7:-0.440:1.588|8:-1.261:1.589|9:-1.185:4.911|10:-0.390:4.902|11:0.375:4.903|12:1.182:4.901,0,-1.000000000,,0,0,0.000000000,0.000000000,0,-1.000000000,0,,0,-1.000000000,,0,-1.000000000,0,,1,-0.063187219,-3.620360979,-0.007326126,0.085470200,1,3.111025095,178.248607902,-0.002442360,-2.482051849,1,-2.880847216,-165.060386879,-0.002442360,2.687179565,1,-0.193217278,-11.070534531,0.007326126,0.422466278,1,0.870329857,49.866227583,0.012210846,-0.003663063,-0.012833213,-0.735288967,0.000000000,-0.000000000,2.000000000,1.000000000,3.149173021,180.434323078,0.000000000,-2.774265289,8.500000000,2.500000000,-2.881228685,-165.082243484,0.000000000,2.690469742,3.000000000,0.800000012,-0.194361687,-11.136104347,0.000000000,0.431063026,1.200000048,0.200000003,0.870713234,49.888193471,0.000000000,0.000140856,0.100000001,0.020000000
2026-07-04 17:57:58.035,1783159078.034945011,400.941034011,1,1,400.928582883,1,0.008640250,5,1,0.005753982,5,1,0,1,0,0,1,1,1,1,1,1,0.034791870,-1.120000000,1.590000000,0.000000000,1,26.908805867,12,1,12,1:-1.251:2.428|2:-0.428:2.425|3:0.392:2.424|4:1.223:2.419|5:1.228:1.589|6:0.405:1.588|7:-0.440:1.588|8:-1.261:1.589|9:-1.185:4.911|10:-0.390:4.902|11:0.375:4.903|12:1.182:4.901,0,-1.000000000,,0,0,0.000000000,0.000000000,0,-1.000000000,0,,0,-1.000000000,,0,-1.000000000,0,,1,-0.063187219,-3.620360979,-0.007326126,0.085470200,1,3.111025095,178.248607902,-0.002442360,-2.468376160,1,-2.880847216,-165.060386879,-0.002442360,2.673503876,1,-0.193217278,-11.070534531,-0.007326126,0.422466278,1,0.870329857,49.866227583,0.012210846,-0.003663063,-0.012833213,-0.735288967,0.000000000,-0.000000000,2.000000000,1.000000000,3.149173021,180.434323078,0.000000000,-2.774265289,8.500000000,2.500000000,-2.881228685,-165.082243484,0.000000000,2.690469742,3.000000000,0.800000012,-0.194361687,-11.136104347,0.000000000,0.431063026,1.200000048,0.200000003,0.870713234,49.888193471,0.000000000,0.000140856,0.100000001,0.020000000
2026-07-04 17:57:59.034,1783159079.034857512,401.940946464,1,1,401.928495336,1,0.008756854,5,1,0.005413261,5,1,0,1,0,0,1,1,1,1,1,1,0.033165106,-1.120000000,1.590000000,0.000000000,1,27.908718320,12,1,12,1:-1.251:2.428|2:-0.428:2.425|3:0.392:2.424|4:1.223:2.419|5:1.228:1.589|6:0.405:1.588|7:-0.440:1.588|8:-1.261:1.589|9:-1.185:4.911|10:-0.390:4.902|11:0.375:4.903|12:1.182:4.901,0,-1.000000000,,0,0,0.000000000,0.000000000,0,-1.000000000,0,,0,-1.000000000,,0,-1.000000000,0,,1,-0.063187219,-3.620360979,-0.007326126,0.085470200,1,3.111025095,178.248607902,-0.007326126,-2.482051849,1,-2.880847216,-165.060386879,-0.002442360,2.673503876,1,-0.193598747,-11.092391137,-0.021978378,0.422466278,1,0.870713234,49.888193471,-0.036628723,-0.003663063,-0.012833213,-0.735288967,0.000000000,-0.000000000,2.000000000,1.000000000,3.149173021,180.434323078,0.000000000,-2.774265289,8.500000000,2.500000000,-2.881228685,-165.082243484,0.000000000,2.690469742,3.000000000,0.800000012,-0.194361687,-11.136104347,0.000000000,0.431063026,1.200000048,0.200000003,0.870713234,49.888193471,0.000000000,0.000140856,0.100000001,0.020000000
2026-07-04 17:58:00.034,1783159080.034736633,402.940825716,1,1,402.928374588,1,0.008710063,5,1,0.005465904,5,1,0,1,0,0,1,1,1,1,1,1,0.233743313,-1.120000000,1.590000000,0.000000000,1,28.908597572,12,1,12,1:-1.251:2.428|2:-0.428:2.425|3:0.392:2.424|4:1.223:2.419|5:1.228:1.589|6:0.405:1.588|7:-0.440:1.588|8:-1.261:1.589|9:-1.185:4.911|10:-0.390:4.902|11:0.375:4.903|12:1.182:4.901,0,-1.000000000,,0,0,0.000000000,0.000000000,0,-1.000000000,0,,0,-1.000000000,,0,-1.000000000,0,,1,-0.063187219,-3.620360979,-0.036630630,0.085470200,1,3.111025095,178.248607902,-0.002442360,-2.468376160,1,-2.880847216,-165.060386879,-0.002442360,2.673503876,1,-0.193217278,-11.070534531,-0.021978378,0.422466278,1,0.870329857,49.866227583,-0.012210846,-0.003663063,-0.012833213,-0.735288967,0.000000000,-0.000000000,2.000000000,1.000000000,3.149173021,180.434323078,0.000000000,-2.774265289,8.500000000,2.500000000,-2.881228685,-165.082243484,0.000000000,2.690469742,3.000000000,0.800000012,-0.194361687,-11.136104347,0.000000000,0.431063026,1.200000048,0.200000003,0.870713234,49.888193471,0.000000000,0.000140856,0.100000001,0.020000000
2026-07-04 17:58:01.034,1783159081.034726143,403.940815086,1,1,403.928363958,1,0.008423946,5,1,0.005856793,5,1,0,1,0,0,1,1,1,1,1,1,0.071409846,-1.120000000,1.590000000,0.000000000,1,29.908586942,12,1,12,1:-1.251:2.428|2:-0.428:2.425|3:0.392:2.424|4:1.223:2.419|5:1.228:1.589|6:0.405:1.588|7:-0.440:1.588|8:-1.261:1.589|9:-1.185:4.911|10:-0.390:4.902|11:0.375:4.903|12:1.182:4.901,0,-1.000000000,,0,0,0.000000000,0.000000000,0,-1.000000000,0,,0,-1.000000000,,0,-1.000000000,0,,1,-0.063568689,-3.642217585,-0.007326126,0.085470200,1,3.111025095,178.248607902,-0.002442360,-2.482051849,1,-2.880847216,-165.060386879,0.002442360,2.673503876,1,-0.193217278,-11.070534531,-0.007326126,0.422466278,1,0.870329857,49.866227583,-0.036628723,-0.001221180,-0.012833213,-0.735288967,0.000000000,-0.000000000,2.000000000,1.000000000,3.149173021,180.434323078,0.000000000,-2.774265289,8.500000000,2.500000000,-2.881228685,-165.082243484,0.000000000,2.690469742,3.000000000,0.800000012,-0.194361687,-11.136104347,0.000000000,0.431063026,1.200000048,0.200000003,0.870713234,49.888193471,0.000000000,0.000140856,0.100000001,0.020000000
2026-07-04 17:58:02.034,1783159082.034689426,404.940778595,1,1,404.928327467,1,0.008498274,5,1,0.005419078,5,1,0,1,0,0,1,1,1,1,1,1,0.211828068,-1.120000000,1.590000000,0.000000000,1,30.908550451,12,1,12,1:-1.251:2.428|2:-0.428:2.425|3:0.392:2.424|4:1.223:2.419|5:1.228:1.589|6:0.405:1.588|7:-0.440:1.588|8:-1.261:1.589|9:-1.185:4.911|10:-0.390:4.902|11:0.375:4.903|12:1.182:4.901,0,-1.000000000,,0,0,0.000000000,0.000000000,0,-1.000000000,0,,0,-1.000000000,,0,-1.000000000,0,,1,-0.063187219,-3.620360979,-0.007326126,0.085470200,1,3.111025095,178.248607902,-0.002442360,-2.468376160,1,-2.880847216,-165.060386879,-0.002442360,2.673503876,1,-0.193217278,-11.070534531,-0.007326126,0.422466278,1,0.870329857,49.866227583,0.012210846,-0.003663063,-0.012833213,-0.735288967,0.000000000,-0.000000000,2.000000000,1.000000000,3.149173021,180.434323078,0.000000000,-2.774265289,8.500000000,2.500000000,-2.881228685,-165.082243484,0.000000000,2.690469742,3.000000000,0.800000012,-0.194361687,-11.136104347,0.000000000,0.431063026,1.200000048,0.200000003,0.870713234,49.888193471,0.000000000,0.000140856,0.100000001,0.020000000
2026-07-04 17:58:03.034,1783159083.034514189,405.940603168,1,1,405.928152040,1,0.008228102,5,1,0.005652612,5,1,0,1,0,0,1,1,1,1,1,1,0.056013062,-1.120000000,1.590000000,0.000000000,1,31.908375024,12,1,12,1:-1.251:2.428|2:-0.428:2.425|3:0.392:2.424|4:1.223:2.419|5:1.228:1.589|6:0.405:1.588|7:-0.440:1.588|8:-1.261:1.589|9:-1.185:4.911|10:-0.390:4.902|11:0.375:4.903|12:1.182:4.901,0,-1.000000000,,0,0,0.000000000,0.000000000,0,-1.000000000,0,,0,-1.000000000,,0,-1.000000000,0,,1,-0.063187219,-3.620360979,-0.021978378,0.085470200,1,3.111025095,178.248607902,-0.002442360,-2.468376160,1,-2.880847216,-165.060386879,-0.002442360,2.673503876,1,-0.193217278,-11.070534531,0.007326126,0.422466278,1,0.870329857,49.866227583,-0.012210846,-0.001221180,-0.012833213,-0.735288967,0.000000000,-0.000000000,2.000000000,1.000000000,3.149173021,180.434323078,0.000000000,-2.774265289,8.500000000,2.500000000,-2.881228685,-165.082243484,0.000000000,2.690469742,3.000000000,0.800000012,-0.194361687,-11.136104347,0.000000000,0.431063026,1.200000048,0.200000003,0.870713234,49.888193471,0.000000000,0.000140856,0.100000001,0.020000000
2026-07-04 17:58:04.034,1783159084.034331560,406.940420625,1,1,406.927969497,1,0.008888554,5,1,0.005812496,5,1,0,1,0,0,1,1,1,1,1,1,0.093767145,-1.120000000,1.590000000,0.000000000,1,32.908192481,12,1,12,1:-1.251:2.428|2:-0.428:2.425|3:0.392:2.424|4:1.223:2.419|5:1.228:1.589|6:0.405:1.588|7:-0.440:1.588|8:-1.261:1.589|9:-1.185:4.911|10:-0.390:4.902|11:0.375:4.903|12:1.182:4.901,0,-1.000000000,,0,0,0.000000000,0.000000000,0,-1.000000000,0,,0,-1.000000000,,0,-1.000000000,0,,1,-0.063187219,-3.620360979,0.007326126,0.085470200,1,3.111025095,178.248607902,-0.002442360,-2.468376160,1,-2.880847216,-165.060386879,-0.002442360,2.673503876,1,-0.193217278,-11.070534531,0.007326126,0.422466278,1,0.870329857,49.866227583,-0.061050415,-0.003663063,-0.012833213,-0.735288967,0.000000000,-0.000000000,2.000000000,1.000000000,3.149173021,180.434323078,0.000000000,-2.774265289,8.500000000,2.500000000,-2.881228685,-165.082243484,0.000000000,2.690469742,3.000000000,0.800000012,-0.194361687,-11.136104347,0.000000000,0.431063026,1.200000048,0.200000003,0.870713234,49.888193471,0.000000000,0.000140856,0.100000001,0.020000000
2026-07-04 17:58:05.034,1783159085.034285784,407.940374850,1,1,407.927923722,1,0.008855147,5,1,0.005834306,5,1,0,1,0,0,1,1,1,1,1,1,0.014923349,-1.120000000,1.590000000,0.000000000,1,33.908146706,12,1,12,1:-1.251:2.428|2:-0.428:2.425|3:0.392:2.424|4:1.223:2.419|5:1.228:1.589|6:0.405:1.588|7:-0.440:1.588|8:-1.261:1.589|9:-1.185:4.911|10:-0.390:4.902|11:0.375:4.903|12:1.182:4.901,0,-1.000000000,,0,0,0.000000000,0.000000000,0,-1.000000000,0,,0,-1.000000000,,0,-1.000000000,0,,1,-0.063187219,-3.620360979,-0.007326126,0.085470200,1,3.111025095,178.248607902,-0.002442360,-2.482051849,1,-2.880847216,-165.060386879,-0.002442360,2.673503876,1,-0.193598747,-11.092391137,-0.021978378,0.422466278,1,0.870329857,49.866227583,0.012210846,-0.003663063,-0.012833213,-0.735288967,0.000000000,-0.000000000,2.000000000,1.000000000,3.149173021,180.434323078,0.000000000,-2.774265289,8.500000000,2.500000000,-2.881228685,-165.082243484,0.000000000,2.690469742,3.000000000,0.800000012,-0.194361687,-11.136104347,0.000000000,0.431063026,1.200000048,0.200000003,0.870713234,49.888193471,0.000000000,0.000140856,0.100000001,0.020000000
2026-07-04 17:58:06.034,1783159086.034115076,408.940204094,1,1,408.927752966,1,0.008520141,5,1,0.005825806,5,1,0,1,0,0,1,1,1,1,1,1,0.071051142,-1.120000000,1.590000000,0.000000000,1,34.907975950,12,1,12,1:-1.251:2.428|2:-0.428:2.425|3:0.392:2.424|4:1.223:2.419|5:1.228:1.589|6:0.405:1.588|7:-0.440:1.588|8:-1.261:1.589|9:-1.185:4.911|10:-0.390:4.902|11:0.375:4.903|12:1.182:4.901,0,-1.000000000,,0,0,0.000000000,0.000000000,0,-1.000000000,0,,0,-1.000000000,,0,-1.000000000,0,,1,-0.063187219,-3.620360979,-0.007326126,0.085470200,1,3.111025095,178.248607902,-0.002442360,-2.482051849,1,-2.880847216,-165.060386879,-0.002442360,2.673503876,1,-0.193598747,-11.092391137,-0.007326126,0.422466278,1,0.870329857,49.866227583,-0.012210846,-0.001221180,-0.012833213,-0.735288967,0.000000000,-0.000000000,2.000000000,1.000000000,3.149173021,180.434323078,0.000000000,-2.774265289,8.500000000,2.500000000,-2.881228685,-165.082243484,0.000000000,2.690469742,3.000000000,0.800000012,-0.194361687,-11.136104347,0.000000000,0.431063026,1.200000048,0.200000003,0.870713234,49.888193471,0.000000000,0.000140856,0.100000001,0.020000000
2026-07-04 17:58:07.034,1783159087.034113169,409.940202160,1,1,409.927751032,1,0.008711797,5,1,0.005737243,5,1,0,1,0,0,1,1,1,1,1,1,0.110622877,-1.120000000,1.590000000,0.000000000,1,35.907974016,12,1,12,1:-1.251:2.428|2:-0.428:2.425|3:0.392:2.424|4:1.223:2.419|5:1.228:1.589|6:0.405:1.588|7:-0.440:1.588|8:-1.261:1.589|9:-1.185:4.911|10:-0.390:4.902|11:0.375:4.903|12:1.182:4.901,0,-1.000000000,,0,0,0.000000000,0.000000000,0,-1.000000000,0,,0,-1.000000000,,0,-1.000000000,0,,1,-0.063187219,-3.620360979,-0.021978378,0.085470200,1,3.111025095,178.248607902,-0.002442360,-2.482051849,1,-2.880847216,-165.060386879,0.002442360,2.673503876,1,-0.193217278,-11.070534531,0.007326126,0.422466278,1,0.870329857,49.866227583,-0.012210846,-0.001221180,-0.012833213,-0.735288967,0.000000000,-0.000000000,2.000000000,1.000000000,3.149173021,180.434323078,0.000000000,-2.774265289,8.500000000,2.500000000,-2.881228685,-165.082243484,0.000000000,2.690469742,3.000000000,0.800000012,-0.194361687,-11.136104347,0.000000000,0.431063026,1.200000048,0.200000003,0.870713234,49.888193471,0.000000000,0.000140856,0.100000001,0.020000000
2026-07-04 17:58:08.034,1783159088.033945560,410.940034606,1,1,410.927583478,1,0.008690940,5,1,0.005681538,5,1,0,1,0,0,1,1,1,1,1,1,0.026241879,-1.120000000,1.590000000,0.000000000,1,36.907806462,12,1,12,1:-1.251:2.428|2:-0.428:2.425|3:0.392:2.424|4:1.223:2.419|5:1.228:1.589|6:0.405:1.588|7:-0.440:1.588|8:-1.261:1.589|9:-1.185:4.911|10:-0.390:4.902|11:0.375:4.903|12:1.182:4.901,0,-1.000000000,,0,0,0.000000000,0.000000000,0,-1.000000000,0,,0,-1.000000000,,0,-1.000000000,0,,1,-0.063187219,-3.620360979,-0.007326126,0.085470200,1,3.111025095,178.248607902,-0.002442360,-2.468376160,1,-2.880847216,-165.060386879,-0.002442360,2.673503876,1,-0.193217278,-11.070534531,-0.007326126,0.422466278,1,0.870329857,49.866227583,0.012210846,-0.003663063,-0.012833213,-0.735288967,0.000000000,-0.000000000,2.000000000,1.000000000,3.149173021,180.434323078,0.000000000,-2.774265289,8.500000000,2.500000000,-2.881228685,-165.082243484,0.000000000,2.690469742,3.000000000,0.800000012,-0.194361687,-11.136104347,0.000000000,0.431063026,1.200000048,0.200000003,0.870713234,49.888193471,0.000000000,0.000140856,0.100000001,0.020000000
2026-07-04 17:58:09.033,1783159089.033822536,411.939911528,1,1,411.927460400,1,0.008669260,5,1,0.005751370,5,1,0,1,0,0,1,1,1,1,1,1,0.050093299,-1.120000000,1.590000000,0.000000000,1,37.907683384,12,1,12,1:-1.251:2.428|2:-0.428:2.425|3:0.392:2.424|4:1.223:2.419|5:1.228:1.589|6:0.405:1.588|7:-0.440:1.588|8:-1.261:1.589|9:-1.185:4.911|10:-0.390:4.902|11:0.375:4.903|12:1.182:4.901,0,-1.000000000,,0,0,0.000000000,0.000000000,0,-1.000000000,0,,0,-1.000000000,,0,-1.000000000,0,,1,-0.063187219,-3.620360979,0.007326126,0.085470200,1,3.111025095,178.248607902,-0.007326126,-2.468376160,1,-2.880847216,-165.060386879,-0.002442360,2.673503876,1,-0.193217278,-11.070534531,-0.007326126,0.422466278,1,0.870329857,49.866227583,-0.012210846,-0.003663063,-0.012833213,-0.735288967,0.000000000,-0.000000000,2.000000000,1.000000000,3.149173021,180.434323078,0.000000000,-2.774265289,8.500000000,2.500000000,-2.881228685,-165.082243484,0.000000000,2.690469742,3.000000000,0.800000012,-0.194361687,-11.136104347,0.000000000,0.431063026,1.200000048,0.200000003,0.870713234,49.888193471,0.000000000,0.000140856,0.100000001,0.020000000
2026-07-04 17:58:10.033,1783159090.033691883,412.939780804,1,1,412.927329676,1,0.008945598,5,1,0.005896101,5,1,0,1,0,0,1,1,1,1,1,1,0.049795170,-1.120000000,1.590000000,0.000000000,1,38.907552660,12,1,12,1:-1.251:2.428|2:-0.428:2.425|3:0.392:2.424|4:1.223:2.419|5:1.228:1.589|6:0.405:1.588|7:-0.440:1.588|8:-1.261:1.589|9:-1.185:4.911|10:-0.390:4.902|11:0.375:4.903|12:1.182:4.901,0,-1.000000000,,0,0,0.000000000,0.000000000,0,-1.000000000,0,,0,-1.000000000,,0,-1.000000000,0,,1,-0.063187219,-3.620360979,-0.007326126,0.090353966,1,3.111025095,178.248607902,-0.002442360,-2.468376160,1,-2.880847216,-165.060386879,0.002442360,2.673503876,1,-0.193598747,-11.092391137,-0.021978378,0.422466278,1,0.870329857,49.866227583,-0.012210846,-0.001221180,-0.012833213,-0.735288967,0.000000000,-0.000000000,2.000000000,1.000000000,3.149173021,180.434323078,0.000000000,-2.774265289,8.500000000,2.500000000,-2.881228685,-165.082243484,0.000000000,2.690469742,3.000000000,0.800000012,-0.194361687,-11.136104347,0.000000000,0.431063026,1.200000048,0.200000003,0.870713234,49.888193471,0.000000000,0.000140856,0.100000001,0.020000000
2026-07-04 17:58:11.033,1783159091.033605576,413.939694671,1,1,413.927243543,1,0.008681554,5,1,0.005750291,5,1,0,1,0,0,1,1,1,1,1,1,0.014350416,-1.120000000,1.590000000,0.000000000,1,39.907466527,12,1,12,1:-1.251:2.428|2:-0.428:2.425|3:0.392:2.424|4:1.223:2.419|5:1.228:1.589|6:0.405:1.588|7:-0.440:1.588|8:-1.261:1.589|9:-1.185:4.911|10:-0.390:4.902|11:0.375:4.903|12:1.182:4.901,0,-1.000000000,,0,0,0.000000000,0.000000000,0,-1.000000000,0,,0,-1.000000000,,0,-1.000000000,0,,1,-0.063187219,-3.620360979,-0.007326126,0.085470200,1,3.111025095,178.248607902,-0.007326126,-2.482051849,1,-2.880847216,-165.060386879,-0.002442360,2.687179565,1,-0.193217278,-11.070534531,-0.007326126,0.422466278,1,0.870329857,49.866227583,-0.036628723,-0.003663063,-0.012833213,-0.735288967,0.000000000,-0.000000000,2.000000000,1.000000000,3.149173021,180.434323078,0.000000000,-2.774265289,8.500000000,2.500000000,-2.881228685,-165.082243484,0.000000000,2.690469742,3.000000000,0.800000012,-0.194361687,-11.136104347,0.000000000,0.431063026,1.200000048,0.200000003,0.870713234,49.888193471,0.000000000,0.000140856,0.100000001,0.020000000
2026-07-04 17:58:12.033,1783159092.033482075,414.939570919,1,1,414.927119791,1,0.008492723,5,1,0.005766576,5,1,0,1,0,0,1,1,1,1,1,1,0.031588555,-1.120000000,1.590000000,0.000000000,1,40.907342775,12,1,12,1:-1.251:2.428|2:-0.428:2.425|3:0.392:2.424|4:1.223:2.419|5:1.228:1.589|6:0.405:1.588|7:-0.440:1.588|8:-1.261:1.589|9:-1.185:4.911|10:-0.390:4.902|11:0.375:4.903|12:1.182:4.901,0,-1.000000000,,0,0,0.000000000,0.000000000,0,-1.000000000,0,,0,-1.000000000,,0,-1.000000000,0,,1,-0.063187219,-3.620360979,-0.007326126,0.085470200,1,3.111025095,178.248607902,-0.002442360,-2.482051849,1,-2.880847216,-165.060386879,-0.002442360,2.687179565,1,-0.193217278,-11.070534531,0.007326126,0.422466278,1,0.870329857,49.866227583,0.012210846,-0.003663063,-0.012833213,-0.735288967,0.000000000,-0.000000000,2.000000000,1.000000000,3.149173021,180.434323078,0.000000000,-2.774265289,8.500000000,2.500000000,-2.881228685,-165.082243484,0.000000000,2.690469742,3.000000000,0.800000012,-0.194361687,-11.136104347,0.000000000,0.431063026,1.200000048,0.200000003,0.870713234,49.888193471,0.000000000,0.000140856,0.100000001,0.020000000
2026-07-04 17:58:13.034,1783159093.033940315,415.940029181,1,1,415.927578053,1,0.009008350,5,1,0.005990777,5,1,0,1,0,0,1,1,1,1,1,1,0.015826052,-1.120000000,1.590000000,0.000000000,1,41.907801037,12,1,12,1:-1.251:2.428|2:-0.428:2.425|3:0.392:2.424|4:1.223:2.419|5:1.228:1.589|6:0.405:1.588|7:-0.440:1.588|8:-1.261:1.589|9:-1.185:4.911|10:-0.390:4.902|11:0.375:4.903|12:1.182:4.901,0,-1.000000000,,0,0,0.000000000,0.000000000,0,-1.000000000,0,,0,-1.000000000,,0,-1.000000000,0,,1,-0.063187219,-3.620360979,-0.021978378,0.085470200,1,3.111025095,178.248607902,-0.002442360,-2.482051849,1,-2.880847216,-165.060386879,-0.002442360,2.673503876,1,-0.193598747,-11.092391137,-0.007326126,0.422466278,1,0.870329857,49.866227583,0.012210846,-0.003663063,-0.012833213,-0.735288967,0.000000000,-0.000000000,2.000000000,1.000000000,3.149173021,180.434323078,0.000000000,-2.774265289,8.500000000,2.500000000,-2.881228685,-165.082243484,0.000000000,2.690469742,3.000000000,0.800000012,-0.194361687,-11.136104347,0.000000000,0.431063026,1.200000048,0.200000003,0.870713234,49.888193471,0.000000000,0.000140856,0.100000001,0.020000000
2026-07-04 17:58:14.033,1783159094.033344030,416.939432934,1,1,416.926981806,1,0.008839597,5,1,0.005915468,5,1,0,1,0,0,1,1,1,1,1,1,0.214958344,-1.120000000,1.590000000,0.000000000,1,42.907204790,12,1,12,1:-1.251:2.428|2:-0.428:2.425|3:0.392:2.424|4:1.223:2.419|5:1.228:1.589|6:0.405:1.588|7:-0.440:1.588|8:-1.261:1.589|9:-1.185:4.911|10:-0.390:4.902|11:0.375:4.903|12:1.182:4.901,0,-1.000000000,,0,0,0.000000000,0.000000000,0,-1.000000000,0,,0,-1.000000000,,0,-1.000000000,0,,1,-0.063187219,-3.620360979,-0.007326126,0.085470200,1,3.111025095,178.248607902,-0.002442360,-2.468376160,1,-2.880847216,-165.060386879,0.002442360,2.687179565,1,-0.193217278,-11.070534531,0.007326126,0.422466278,1,0.870329857,49.866227583,-0.012210846,-0.003663063,-0.012833213,-0.735288967,0.000000000,-0.000000000,2.000000000,1.000000000,3.149173021,180.434323078,0.000000000,-2.774265289,8.500000000,2.500000000,-2.881228685,-165.082243484,0.000000000,2.690469742,3.000000000,0.800000012,-0.194361687,-11.136104347,0.000000000,0.431063026,1.200000048,0.200000003,0.870713234,49.888193471,0.000000000,0.000140856,0.100000001,0.020000000
2026-07-04 17:58:15.033,1783159095.033174992,417.939264035,1,1,417.926812907,1,0.008652097,5,1,0.005787453,5,1,0,1,0,0,1,1,1,1,1,1,0.015160242,-1.120000000,1.590000000,0.000000000,1,43.907035891,12,1,12,1:-1.251:2.428|2:-0.428:2.425|3:0.392:2.424|4:1.223:2.419|5:1.228:1.589|6:0.405:1.588|7:-0.440:1.588|8:-1.261:1.589|9:-1.185:4.911|10:-0.390:4.902|11:0.375:4.903|12:1.182:4.901,0,-1.000000000,,0,0,0.000000000,0.000000000,0,-1.000000000,0,,0,-1.000000000,,0,-1.000000000,0,,1,-0.063187219,-3.620360979,0.007326126,0.085470200,1,3.111025095,178.248607902,-0.002442360,-2.482051849,1,-2.880847216,-165.060386879,-0.007326126,2.673503876,1,-0.193598747,-11.092391137,-0.007326126,0.422466278,1,0.870329857,49.866227583,-0.012210846,-0.003663063,-0.012833213,-0.735288967,0.000000000,-0.000000000,2.000000000,1.000000000,3.149173021,180.434323078,0.000000000,-2.774265289,8.500000000,2.500000000,-2.881228685,-165.082243484,0.000000000,2.690469742,3.000000000,0.800000012,-0.194361687,-11.136104347,0.000000000,0.431063026,1.200000048,0.200000003,0.870713234,49.888193471,0.000000000,0.000140856,0.100000001,0.020000000
2026-07-04 17:58:16.033,1783159096.033068180,418.939157356,1,1,418.926706228,1,0.009013168,5,1,0.005890733,5,1,0,1,0,0,1,1,1,1,1,1,0.053768315,-1.120000000,1.590000000,0.000000000,1,44.906929212,12,1,12,1:-1.251:2.428|2:-0.428:2.425|3:0.392:2.424|4:1.223:2.419|5:1.228:1.589|6:0.405:1.588|7:-0.440:1.588|8:-1.261:1.589|9:-1.185:4.911|10:-0.390:4.902|11:0.375:4.903|12:1.182:4.901,0,-1.000000000,,0,0,0.000000000,0.000000000,0,-1.000000000,0,,0,-1.000000000,,0,-1.000000000,0,,1,-0.063187219,-3.620360979,-0.007326126,0.085470200,1,3.111025095,178.248607902,-0.002442360,-2.482051849,1,-2.880847216,-165.060386879,-0.002442360,2.673503876,1,-0.193217278,-11.070534531,-0.007326126,0.422466278,1,0.870329857,49.866227583,0.012210846,-0.003663063,-0.012833213,-0.735288967,0.000000000,-0.000000000,2.000000000,1.000000000,3.149173021,180.434323078,0.000000000,-2.774265289,8.500000000,2.500000000,-2.881228685,-165.082243484,0.000000000,2.690469742,3.000000000,0.800000012,-0.194361687,-11.136104347,0.000000000,0.431063026,1.200000048,0.200000003,0.870713234,49.888193471,0.000000000,0.000140856,0.100000001,0.020000000
2026-07-04 17:58:17.033,1783159097.032968760,419.939057689,1,1,419.926606561,1,0.008716040,5,1,0.005791978,5,1,0,1,0,0,1,1,1,1,1,1,0.062965765,-1.120000000,1.590000000,0.000000000,1,45.906829545,12,1,12,1:-1.251:2.428|2:-0.428:2.425|3:0.392:2.424|4:1.223:2.419|5:1.228:1.589|6:0.405:1.588|7:-0.440:1.588|8:-1.261:1.589|9:-1.185:4.911|10:-0.390:4.902|11:0.375:4.903|12:1.182:4.901,0,-1.000000000,,0,0,0.000000000,0.000000000,0,-1.000000000,0,,0,-1.000000000,,0,-1.000000000,0,,1,-0.063187219,-3.620360979,-0.007326126,0.085470200,1,3.111025095,178.248607902,-0.002442360,-2.482051849,1,-2.880847216,-165.060386879,-0.002442360,2.673503876,1,-0.193217278,-11.070534531,-0.007326126,0.422466278,1,0.870329857,49.866227583,-0.012210846,-0.003663063,-0.012833213,-0.735288967,0.000000000,-0.000000000,2.000000000,1.000000000,3.149173021,180.434323078,0.000000000,-2.774265289,8.500000000,2.500000000,-2.881228685,-165.082243484,0.000000000,2.690469742,3.000000000,0.800000012,-0.194361687,-11.136104347,0.000000000,0.431063026,1.200000048,0.200000003,0.870713234,49.888193471,0.000000000,0.000140856,0.100000001,0.020000000
2026-07-04 17:58:18.033,1783159098.032919645,420.939008494,1,1,420.926557366,1,0.008290684,5,1,0.005301184,5,1,0,1,0,0,1,1,1,1,1,1,0.004763884,-1.120000000,1.590000000,0.000000000,1,46.906780350,12,1,12,1:-1.251:2.428|2:-0.428:2.425|3:0.392:2.424|4:1.223:2.419|5:1.228:1.589|6:0.405:1.588|7:-0.440:1.588|8:-1.261:1.589|9:-1.185:4.911|10:-0.390:4.902|11:0.375:4.903|12:1.182:4.901,0,-1.000000000,,0,0,0.000000000,0.000000000,0,-1.000000000,0,,0,-1.000000000,,0,-1.000000000,0,,1,-0.063187219,-3.620360979,0.007326126,0.085470200,1,3.111025095,178.248607902,-0.002442360,-2.482051849,1,-2.880847216,-165.060386879,-0.002442360,2.687179565,1,-0.193217278,-11.070534531,0.007326126,0.422466278,1,0.870329857,49.866227583,-0.012210846,-0.003663063,-0.012833213,-0.735288967,0.000000000,-0.000000000,2.000000000,1.000000000,3.149173021,180.434323078,0.000000000,-2.774265289,8.500000000,2.500000000,-2.881228685,-165.082243484,0.000000000,2.690469742,3.000000000,0.800000012,-0.194361687,-11.136104347,0.000000000,0.431063026,1.200000048,0.200000003,0.870713234,49.888193471,0.000000000,0.000140856,0.100000001,0.020000000
2026-07-04 17:58:19.032,1783159099.032760859,421.938849871,1,1,421.926398743,1,0.008780203,5,1,0.005836601,5,1,0,1,0,0,1,1,1,1,1,1,0.086333639,-1.120000000,1.590000000,0.000000000,1,47.906621727,12,1,12,1:-1.251:2.428|2:-0.428:2.425|3:0.392:2.424|4:1.223:2.419|5:1.228:1.589|6:0.405:1.588|7:-0.440:1.588|8:-1.261:1.589|9:-1.185:4.911|10:-0.390:4.902|11:0.375:4.903|12:1.182:4.901,0,-1.000000000,,0,0,0.000000000,0.000000000,0,-1.000000000,0,,0,-1.000000000,,0,-1.000000000,0,,1,-0.063187219,-3.620360979,-0.021978378,0.085470200,1,3.111025095,178.248607902,0.002442360,-2.468376160,1,-2.880847216,-165.060386879,-0.002442360,2.673503876,1,-0.193217278,-11.070534531,0.007326126,0.422466278,1,0.870329857,49.866227583,0.012210846,-0.001221180,-0.012833213,-0.735288967,0.000000000,-0.000000000,2.000000000,1.000000000,3.149173021,180.434323078,0.000000000,-2.774265289,8.500000000,2.500000000,-2.881228685,-165.082243484,0.000000000,2.690469742,3.000000000,0.800000012,-0.194361687,-11.136104347,0.000000000,0.431063026,1.200000048,0.200000003,0.870713234,49.888193471,0.000000000,0.000140856,0.100000001,0.020000000
2026-07-04 17:58:20.032,1783159100.032657862,422.938746946,1,1,422.926295818,1,0.008886403,5,1,0.005818334,5,1,0,1,0,0,1,1,1,1,1,1,0.171258593,-1.120000000,1.590000000,0.000000000,1,48.906518802,12,1,12,1:-1.251:2.428|2:-0.428:2.425|3:0.392:2.424|4:1.223:2.419|5:1.228:1.589|6:0.405:1.588|7:-0.440:1.588|8:-1.261:1.589|9:-1.185:4.911|10:-0.390:4.902|11:0.375:4.903|12:1.182:4.901,0,-1.000000000,,0,0,0.000000000,0.000000000,0,-1.000000000,0,,0,-1.000000000,,0,-1.000000000,0,,1,-0.063187219,-3.620360979,0.007326126,0.090353966,1,3.111025095,178.248607902,-0.002442360,-2.482051849,1,-2.880847216,-165.060386879,-0.002442360,2.687179565,1,-0.193217278,-11.070534531,-0.007326126,0.422466278,1,0.870329857,49.866227583,-0.012210846,-0.003663063,-0.012833213,-0.735288967,0.000000000,-0.000000000,2.000000000,1.000000000,3.149173021,180.434323078,0.000000000,-2.774265289,8.500000000,2.500000000,-2.881228685,-165.082243484,0.000000000,2.690469742,3.000000000,0.800000012,-0.194361687,-11.136104347,0.000000000,0.431063026,1.200000048,0.200000003,0.870713234,49.888193471,0.000000000,0.000140856,0.100000001,0.020000000
2026-07-04 17:58:21.032,1783159101.032680511,423.938769378,1,1,423.926318250,1,0.008396116,5,1,0.005725033,5,1,0,1,0,0,1,1,1,1,1,1,0.176335338,-1.120000000,1.590000000,0.000000000,1,49.906541234,12,1,12,1:-1.251:2.428|2:-0.428:2.425|3:0.392:2.424|4:1.223:2.419|5:1.228:1.589|6:0.405:1.588|7:-0.440:1.588|8:-1.261:1.589|9:-1.185:4.911|10:-0.390:4.902|11:0.375:4.903|12:1.182:4.901,0,-1.000000000,,0,0,0.000000000,0.000000000,0,-1.000000000,0,,0,-1.000000000,,0,-1.000000000,0,,1,-0.063187219,-3.620360979,-0.007326126,0.085470200,1,3.111025095,178.248607902,-0.002442360,-2.482051849,1,-2.880847216,-165.060386879,-0.007326126,2.673503876,1,-0.193217278,-11.070534531,0.007326126,0.422466278,1,0.870713234,49.888193471,-0.012210846,-0.003663063,-0.012833213,-0.735288967,0.000000000,-0.000000000,2.000000000,1.000000000,3.149173021,180.434323078,0.000000000,-2.774265289,8.500000000,2.500000000,-2.881228685,-165.082243484,0.000000000,2.690469742,3.000000000,0.800000012,-0.194361687,-11.136104347,0.000000000,0.431063026,1.200000048,0.200000003,0.870713234,49.888193471,0.000000000,0.000140856,0.100000001,0.020000000
2026-07-04 17:58:22.032,1783159102.032502174,424.938591265,1,1,424.926140137,1,0.008567576,5,1,0.005457646,5,1,0,1,0,0,1,1,1,1,1,1,0.029458450,-1.120000000,1.590000000,0.000000000,1,50.906363121,12,1,12,1:-1.251:2.428|2:-0.428:2.425|3:0.392:2.424|4:1.223:2.419|5:1.228:1.589|6:0.405:1.588|7:-0.440:1.588|8:-1.261:1.589|9:-1.185:4.911|10:-0.390:4.902|11:0.375:4.903|12:1.182:4.901,0,-1.000000000,,0,0,0.000000000,0.000000000,0,-1.000000000,0,,0,-1.000000000,,0,-1.000000000,0,,1,-0.063187219,-3.620360979,0.007326126,0.085470200,1,3.111025095,178.248607902,-0.002442360,-2.468376160,1,-2.880847216,-165.060386879,-0.002442360,2.673503876,1,-0.193217278,-11.070534531,-0.007326126,0.422466278,1,0.870329857,49.866227583,-0.036628723,-0.003663063,-0.012833213,-0.735288967,0.000000000,-0.000000000,2.000000000,1.000000000,3.149173021,180.434323078,0.000000000,-2.774265289,8.500000000,2.500000000,-2.881228685,-165.082243484,0.000000000,2.690469742,3.000000000,0.800000012,-0.194361687,-11.136104347,0.000000000,0.431063026,1.200000048,0.200000003,0.870713234,49.888193471,0.000000000,0.000140856,0.100000001,0.020000000
2026-07-04 17:58:23.032,1783159103.032447577,425.938536413,1,1,425.926085285,1,0.008938000,5,1,0.005785472,5,1,0,1,0,0,1,1,1,1,1,1,0.204059101,-1.120000000,1.590000000,0.000000000,1,51.906308269,12,1,12,1:-1.251:2.428|2:-0.428:2.425|3:0.392:2.424|4:1.223:2.419|5:1.228:1.589|6:0.405:1.588|7:-0.440:1.588|8:-1.261:1.589|9:-1.185:4.911|10:-0.390:4.902|11:0.375:4.903|12:1.182:4.901,0,-1.000000000,,0,0,0.000000000,0.000000000,0,-1.000000000,0,,0,-1.000000000,,0,-1.000000000,0,,1,-0.063187219,-3.620360979,0.007326126,0.085470200,1,3.111025095,178.248607902,-0.002442360,-2.468376160,1,-2.880847216,-165.060386879,-0.002442360,2.673503876,1,-0.193217278,-11.070534531,-0.007326126,0.422466278,1,0.870329857,49.866227583,0.012210846,-0.003663063,-0.012833213,-0.735288967,0.000000000,-0.000000000,2.000000000,1.000000000,3.149173021,180.434323078,0.000000000,-2.774265289,8.500000000,2.500000000,-2.881228685,-165.082243484,0.000000000,2.690469742,3.000000000,0.800000012,-0.194361687,-11.136104347,0.000000000,0.431063026,1.200000048,0.200000003,0.870713234,49.888193471,0.000000000,0.000140856,0.100000001,0.020000000
2026-07-04 17:58:24.032,1783159104.032292843,426.938381805,1,1,426.925930677,1,0.008759895,5,1,0.005781639,5,1,0,1,0,0,1,1,1,1,1,1,0.055408959,-1.120000000,1.590000000,0.000000000,1,52.906153661,12,1,12,1:-1.251:2.428|2:-0.428:2.425|3:0.392:2.424|4:1.223:2.419|5:1.228:1.589|6:0.405:1.588|7:-0.440:1.588|8:-1.261:1.589|9:-1.185:4.911|10:-0.390:4.902|11:0.375:4.903|12:1.182:4.901,0,-1.000000000,,0,0,0.000000000,0.000000000,0,-1.000000000,0,,0,-1.000000000,,0,-1.000000000,0,,1,-0.063187219,-3.620360979,-0.007326126,0.085470200,1,3.111025095,178.248607902,-0.002442360,-2.468376160,1,-2.880847216,-165.060386879,-0.007326126,2.673503876,1,-0.193217278,-11.070534531,0.007326126,0.422466278,1,0.870713234,49.888193471,-0.012210846,-0.003663063,-0.012833213,-0.735288967,0.000000000,-0.000000000,2.000000000,1.000000000,3.149173021,180.434323078,0.000000000,-2.774265289,8.500000000,2.500000000,-2.881228685,-165.082243484,0.000000000,2.690469742,3.000000000,0.800000012,-0.194361687,-11.136104347,0.000000000,0.431063026,1.200000048,0.200000003,0.870713234,49.888193471,0.000000000,0.000140856,0.100000001,0.020000000
2026-07-04 17:58:25.032,1783159105.032224178,427.938313108,1,1,427.925861980,1,0.008481925,5,1,0.005695987,5,1,0,1,0,0,1,1,1,1,1,1,0.056371495,-1.120000000,1.590000000,0.000000000,1,53.906084964,12,1,12,1:-1.251:2.428|2:-0.428:2.425|3:0.392:2.424|4:1.223:2.419|5:1.228:1.589|6:0.405:1.588|7:-0.440:1.588|8:-1.261:1.589|9:-1.185:4.911|10:-0.390:4.902|11:0.375:4.903|12:1.182:4.901,0,-1.000000000,,0,0,0.000000000,0.000000000,0,-1.000000000,0,,0,-1.000000000,,0,-1.000000000,0,,1,-0.063187219,-3.620360979,0.007326126,0.085470200,1,3.111025095,178.248607902,-0.002442360,-2.482051849,1,-2.880847216,-165.060386879,-0.002442360,2.673503876,1,-0.193217278,-11.070534531,-0.021978378,0.422466278,1,0.870713234,49.888193471,-0.036628723,-0.001221180,-0.012833213,-0.735288967,0.000000000,-0.000000000,2.000000000,1.000000000,3.149173021,180.434323078,0.000000000,-2.774265289,8.500000000,2.500000000,-2.881228685,-165.082243484,0.000000000,2.690469742,3.000000000,0.800000012,-0.194361687,-11.136104347,0.000000000,0.431063026,1.200000048,0.200000003,0.870713234,49.888193471,0.000000000,0.000140856,0.100000001,0.020000000
2026-07-04 17:58:26.032,1783159106.032062531,428.938151513,1,1,428.925700385,1,0.008963145,5,1,0.005837369,5,1,0,1,0,0,1,1,1,1,1,1,0.026770993,-1.120000000,1.590000000,0.000000000,1,54.905923369,12,1,12,1:-1.251:2.428|2:-0.428:2.425|3:0.392:2.424|4:1.223:2.419|5:1.228:1.589|6:0.405:1.588|7:-0.440:1.588|8:-1.261:1.589|9:-1.185:4.911|10:-0.390:4.902|11:0.375:4.903|12:1.182:4.901,0,-1.000000000,,0,0,0.000000000,0.000000000,0,-1.000000000,0,,0,-1.000000000,,0,-1.000000000,0,,1,-0.063187219,-3.620360979,-0.021978378,0.085470200,1,3.111025095,178.248607902,-0.002442360,-2.468376160,1,-2.880847216,-165.060386879,-0.002442360,2.673503876,1,-0.193217278,-11.070534531,-0.007326126,0.422466278,1,0.870329857,49.866227583,-0.036628723,-0.003663063,-0.012833213,-0.735288967,0.000000000,-0.000000000,2.000000000,1.000000000,3.149173021,180.434323078,0.000000000,-2.774265289,8.500000000,2.500000000,-2.881228685,-165.082243484,0.000000000,2.690469742,3.000000000,0.800000012,-0.194361687,-11.136104347,0.000000000,0.431063026,1.200000048,0.200000003,0.870713234,49.888193471,0.000000000,0.000140856,0.100000001,0.020000000
2026-07-04 17:58:27.032,1783159107.032082796,429.938171695,1,1,429.925720567,1,0.008494225,5,1,0.005759444,5,1,0,1,0,0,1,1,1,1,1,1,0.258446051,-1.120000000,1.590000000,0.000000000,1,55.905943551,12,1,12,1:-1.251:2.428|2:-0.428:2.425|3:0.392:2.424|4:1.223:2.419|5:1.228:1.589|6:0.405:1.588|7:-0.440:1.588|8:-1.261:1.589|9:-1.185:4.911|10:-0.390:4.902|11:0.375:4.903|12:1.182:4.901,0,-1.000000000,,0,0,0.000000000,0.000000000,0,-1.000000000,0,,0,-1.000000000,,0,-1.000000000,0,,1,-0.063187219,-3.620360979,0.007326126,0.085470200,1,3.111025095,178.248607902,-0.002442360,-2.482051849,1,-2.880847216,-165.060386879,-0.002442360,2.687179565,1,-0.193598747,-11.092391137,-0.021978378,0.422466278,1,0.870329857,49.866227583,-0.036628723,-0.003663063,-0.012833213,-0.735288967,0.000000000,-0.000000000,2.000000000,1.000000000,3.149173021,180.434323078,0.000000000,-2.774265289,8.500000000,2.500000000,-2.881228685,-165.082243484,0.000000000,2.690469742,3.000000000,0.800000012,-0.194361687,-11.136104347,0.000000000,0.431063026,1.200000048,0.200000003,0.870713234,49.888193471,0.000000000,0.000140856,0.100000001,0.020000000
2026-07-04 17:58:28.031,1783159108.031867743,430.937956674,1,1,430.925505546,1,0.008705162,5,1,0.005746859,5,1,0,1,0,0,1,1,1,1,1,1,0.051603484,-1.120000000,1.590000000,0.000000000,1,56.905728530,12,1,12,1:-1.251:2.428|2:-0.428:2.425|3:0.392:2.424|4:1.223:2.419|5:1.228:1.589|6:0.405:1.588|7:-0.440:1.588|8:-1.261:1.589|9:-1.185:4.911|10:-0.390:4.902|11:0.375:4.903|12:1.182:4.901,0,-1.000000000,,0,0,0.000000000,0.000000000,0,-1.000000000,0,,0,-1.000000000,,0,-1.000000000,0,,1,-0.063187219,-3.620360979,0.007326126,0.090353966,1,3.111025095,178.248607902,-0.002442360,-2.468376160,1,-2.880847216,-165.060386879,-0.002442360,2.673503876,1,-0.193217278,-11.070534531,0.007326126,0.422466278,1,0.870329857,49.866227583,0.012210846,-0.001221180,-0.012833213,-0.735288967,0.000000000,-0.000000000,2.000000000,1.000000000,3.149173021,180.434323078,0.000000000,-2.774265289,8.500000000,2.500000000,-2.881228685,-165.082243484,0.000000000,2.690469742,3.000000000,0.800000012,-0.194361687,-11.136104347,0.000000000,0.431063026,1.200000048,0.200000003,0.870713234,49.888193471,0.000000000,0.000140856,0.100000001,0.020000000
2026-07-04 17:58:29.031,1783159109.031772137,431.937861224,1,1,431.925410096,1,0.008612662,5,1,0.005500447,5,1,0,1,0,0,1,1,1,1,1,1,0.053068676,-1.120000000,1.590000000,0.000000000,1,57.905633080,12,1,12,1:-1.251:2.428|2:-0.428:2.425|3:0.392:2.424|4:1.223:2.419|5:1.228:1.589|6:0.405:1.588|7:-0.440:1.588|8:-1.261:1.589|9:-1.185:4.911|10:-0.390:4.902|11:0.375:4.903|12:1.182:4.901,0,-1.000000000,,0,0,0.000000000,0.000000000,0,-1.000000000,0,,0,-1.000000000,,0,-1.000000000,0,,1,-0.063187219,-3.620360979,-0.007326126,0.085470200,1,3.111025095,178.248607902,-0.002442360,-2.468376160,1,-2.880847216,-165.060386879,-0.002442360,2.673503876,1,-0.193598747,-11.092391137,0.007326126,0.422466278,1,0.870329857,49.866227583,-0.012210846,-0.003663063,-0.012833213,-0.735288967,0.000000000,-0.000000000,2.000000000,1.000000000,3.149173021,180.434323078,0.000000000,-2.774265289,8.500000000,2.500000000,-2.881228685,-165.082243484,0.000000000,2.690469742,3.000000000,0.800000012,-0.194361687,-11.136104347,0.000000000,0.431063026,1.200000048,0.200000003,0.870713234,49.888193471,0.000000000,0.000140856,0.100000001,0.020000000
2026-07-04 17:58:30.031,1783159110.031658649,432.937747789,1,1,432.925296661,1,0.008729780,5,1,0.005807121,5,1,0,1,0,0,1,1,1,1,1,1,0.087553348,-1.120000000,1.590000000,0.000000000,1,58.905519645,12,1,12,1:-1.251:2.428|2:-0.428:2.425|3:0.392:2.424|4:1.223:2.419|5:1.228:1.589|6:0.405:1.588|7:-0.440:1.588|8:-1.261:1.589|9:-1.185:4.911|10:-0.390:4.902|11:0.375:4.903|12:1.182:4.901,0,-1.000000000,,0,0,0.000000000,0.000000000,0,-1.000000000,0,,0,-1.000000000,,0,-1.000000000,0,,1,-0.063187219,-3.620360979,-0.007326126,0.085470200,1,3.111025095,178.248607902,0.002442360,-2.482051849,1,-2.880847216,-165.060386879,-0.002442360,2.673503876,1,-0.193217278,-11.070534531,-0.007326126,0.422466278,1,0.870329857,49.866227583,-0.012210846,-0.003663063,-0.012833213,-0.735288967,0.000000000,-0.000000000,2.000000000,1.000000000,3.149173021,180.434323078,0.000000000,-2.774265289,8.500000000,2.500000000,-2.881228685,-165.082243484,0.000000000,2.690469742,3.000000000,0.800000012,-0.194361687,-11.136104347,0.000000000,0.431063026,1.200000048,0.200000003,0.870713234,49.888193471,0.000000000,0.000140856,0.100000001,0.020000000
2026-07-04 17:58:31.031,1783159111.031665564,433.937754744,1,1,433.925303616,1,0.008707134,5,1,0.005769556,5,1,0,1,0,0,1,1,1,1,1,1,0.046498796,-1.120000000,1.590000000,0.000000000,1,59.905526600,12,1,12,1:-1.251:2.428|2:-0.428:2.425|3:0.392:2.424|4:1.223:2.419|5:1.228:1.589|6:0.405:1.588|7:-0.440:1.588|8:-1.261:1.589|9:-1.185:4.911|10:-0.390:4.902|11:0.375:4.903|12:1.182:4.901,0,-1.000000000,,0,0,0.000000000,0.000000000,0,-1.000000000,0,,0,-1.000000000,,0,-1.000000000,0,,1,-0.063187219,-3.620360979,0.007326126,0.090353966,1,3.111025095,178.248607902,-0.002442360,-2.468376160,1,-2.880847216,-165.060386879,-0.002442360,2.673503876,1,-0.193598747,-11.092391137,0.007326126,0.422466278,1,0.870329857,49.866227583,-0.012210846,-0.003663063,-0.012833213,-0.735288967,0.000000000,-0.000000000,2.000000000,1.000000000,3.149173021,180.434323078,0.000000000,-2.774265289,8.500000000,2.500000000,-2.881228685,-165.082243484,0.000000000,2.690469742,3.000000000,0.800000012,-0.194361687,-11.136104347,0.000000000,0.431063026,1.200000048,0.200000003,0.870713234,49.888193471,0.000000000,0.000140856,0.100000001,0.020000000
2026-07-04 17:58:32.031,1783159112.031466246,434.937555220,1,1,434.925104092,1,0.008264886,5,1,0.005730502,5,1,0,1,0,0,1,1,1,1,1,1,0.175837897,-1.120000000,1.590000000,0.000000000,1,60.905327076,12,1,12,1:-1.251:2.428|2:-0.428:2.425|3:0.392:2.424|4:1.223:2.419|5:1.228:1.589|6:0.405:1.588|7:-0.440:1.588|8:-1.261:1.589|9:-1.185:4.911|10:-0.390:4.902|11:0.375:4.903|12:1.182:4.901,0,-1.000000000,,0,0,0.000000000,0.000000000,0,-1.000000000,0,,0,-1.000000000,,0,-1.000000000,0,,1,-0.063187219,-3.620360979,-0.021978378,0.085470200,1,3.111025095,178.248607902,-0.002442360,-2.468376160,1,-2.880847216,-165.060386879,-0.002442360,2.673503876,1,-0.193217278,-11.070534531,-0.007326126,0.422466278,1,0.870329857,49.866227583,-0.061050415,-0.001221180,-0.012833213,-0.735288967,0.000000000,-0.000000000,2.000000000,1.000000000,3.149173021,180.434323078,0.000000000,-2.774265289,8.500000000,2.500000000,-2.881228685,-165.082243484,0.000000000,2.690469742,3.000000000,0.800000012,-0.194361687,-11.136104347,0.000000000,0.431063026,1.200000048,0.200000003,0.870713234,49.888193471,0.000000000,0.000140856,0.100000001,0.020000000
2026-07-04 17:58:33.031,1783159113.031358719,435.937447589,1,1,435.924996461,1,0.008732665,5,1,0.005710252,5,1,0,1,0,0,1,1,1,1,1,1,0.020319154,-1.120000000,1.590000000,0.000000000,1,61.905219445,12,1,12,1:-1.251:2.428|2:-0.428:2.425|3:0.392:2.424|4:1.223:2.419|5:1.228:1.589|6:0.405:1.588|7:-0.440:1.588|8:-1.261:1.589|9:-1.185:4.911|10:-0.390:4.902|11:0.375:4.903|12:1.182:4.901,0,-1.000000000,,0,0,0.000000000,0.000000000,0,-1.000000000,0,,0,-1.000000000,,0,-1.000000000,0,,1,-0.063187219,-3.620360979,-0.007326126,0.085470200,1,3.111025095,178.248607902,-0.002442360,-2.482051849,1,-2.880847216,-165.060386879,-0.002442360,2.687179565,1,-0.193217278,-11.070534531,0.007326126,0.422466278,1,0.870713234,49.888193471,0.012210846,-0.003663063,-0.012833213,-0.735288967,0.000000000,-0.000000000,2.000000000,1.000000000,3.149173021,180.434323078,0.000000000,-2.774265289,8.500000000,2.500000000,-2.881228685,-165.082243484,0.000000000,2.690469742,3.000000000,0.800000012,-0.194361687,-11.136104347,0.000000000,0.431063026,1.200000048,0.200000003,0.870713234,49.888193471,0.000000000,0.000140856,0.100000001,0.020000000
2026-07-04 17:58:34.031,1783159114.031254530,436.937343469,1,1,436.924892341,1,0.008754609,5,1,0.005827397,5,1,0,1,0,0,1,1,1,1,1,1,0.014139699,-1.120000000,1.590000000,0.000000000,1,62.905115325,12,1,12,1:-1.251:2.428|2:-0.428:2.425|3:0.392:2.424|4:1.223:2.419|5:1.228:1.589|6:0.405:1.588|7:-0.440:1.588|8:-1.261:1.589|9:-1.185:4.911|10:-0.390:4.902|11:0.375:4.903|12:1.182:4.901,0,-1.000000000,,0,0,0.000000000,0.000000000,0,-1.000000000,0,,0,-1.000000000,,0,-1.000000000,0,,1,-0.063187219,-3.620360979,-0.021978378,0.085470200,1,3.111025095,178.248607902,-0.002442360,-2.468376160,1,-2.880847216,-165.060386879,-0.002442360,2.673503876,1,-0.193217278,-11.070534531,-0.007326126,0.422466278,1,0.870329857,49.866227583,-0.012210846,-0.003663063,-0.012833213,-0.735288967,0.000000000,-0.000000000,2.000000000,1.000000000,3.149173021,180.434323078,0.000000000,-2.774265289,8.500000000,2.500000000,-2.881228685,-165.082243484,0.000000000,2.690469742,3.000000000,0.800000012,-0.194361687,-11.136104347,0.000000000,0.431063026,1.200000048,0.200000003,0.870713234,49.888193471,0.000000000,0.000140856,0.100000001,0.020000000
