wall_time,ros_time_sec,elapsed_sec,has_ready,driver_ready,ready_age_sec,has_state,state_age_sec,state_size,has_command,command_age_sec,command_size,service_mode,service_suction,service_pick,service_place,service_stack,service_payload_estimate,service_payload_state,service_arm_mission,service_nav_arm_event,action_move_joint,has_nav_state,nav_state_age_sec,nav_state_x,nav_state_y,nav_state_yaw,has_nav_task_points,nav_task_points_age_sec,nav_task_points_count,nav_task_points_min_id,nav_task_points_max_id,nav_task_points_summary,has_nav_mission_request,nav_mission_request_age_sec,nav_mission_action,nav_mission_task_index,nav_mission_point_id,nav_mission_x,nav_mission_y,has_nav_mission_response,nav_mission_response_age_sec,nav_mission_response_success,nav_mission_response_message,has_nav_arm_event_request,nav_arm_event_request_age_sec,nav_arm_event_request_message,has_nav_arm_event_response,nav_arm_event_response_age_sec,nav_arm_event_response_success,nav_arm_event_response_message,state_valid_0,state_q_rad_0,state_q_deg_0,state_dq_0,state_tau_est_0,state_valid_1,state_q_rad_1,state_q_deg_1,state_dq_1,state_tau_est_1,state_valid_2,state_q_rad_2,state_q_deg_2,state_dq_2,state_tau_est_2,state_valid_3,state_q_rad_3,state_q_deg_3,state_dq_3,state_tau_est_3,state_valid_4,state_q_rad_4,state_q_deg_4,state_dq_4,state_tau_est_4,cmd_q_rad_0,cmd_q_deg_0,cmd_dq_0,cmd_tau_0,cmd_kp_0,cmd_kd_0,cmd_q_rad_1,cmd_q_deg_1,cmd_dq_1,cmd_tau_1,cmd_kp_1,cmd_kd_1,cmd_q_rad_2,cmd_q_deg_2,cmd_dq_2,cmd_tau_2,cmd_kp_2,cmd_kd_2,cmd_q_rad_3,cmd_q_deg_3,cmd_dq_3,cmd_tau_3,cmd_kp_3,cmd_kd_3,cmd_q_rad_4,cmd_q_deg_4,cmd_dq_4,cmd_tau_4,cmd_kp_4,cmd_kd_4
2026-07-04 18:13:05.324,1783159985.324320793,1.014512649,1,1,0.999674595,1,0.003864120,5,1,0.002603019,5,1,0,0,0,0,1,1,0,1,1,0,-1.000000000,0.000000000,0.000000000,0.000000000,0,-1.000000000,0,0,0,,0,-1.000000000,,0,0,0.000000000,0.000000000,0,-1.000000000,0,,0,-1.000000000,,0,-1.000000000,0,,1,-0.063950159,-3.664074190,-0.007326126,-0.012209892,1,3.133914232,179.560058864,-0.002442360,-2.714529037,1,-2.880847216,-165.060386879,-0.002442360,2.687179565,1,-0.193980217,-11.114247742,-0.007326126,0.422466278,1,0.870713234,49.888193471,0.012210846,-0.003663063,-0.063950159,-3.664074190,0.000000000,-0.000000000,2.000000000,1.000000000,3.143832445,180.128330603,0.000000000,-2.770716190,8.500000000,2.500000000,-2.881228685,-165.082243484,0.000000000,2.694160938,3.000000000,0.800000012,-0.194361687,-11.136104347,0.000000000,0.431225687,1.200000048,0.200000003,0.870713234,49.888193471,0.000000000,0.000140909,0.100000001,0.020000000
2026-07-04 18:13:06.324,1783159986.324306488,2.014498218,1,1,1.999660164,1,0.003720200,5,1,0.002627509,5,1,0,0,0,0,1,1,0,1,1,1,0.015652912,-1.120000000,1.590000000,0.000000000,1,0.907472354,12,1,12,1:-1.251:2.428|2:-0.428:2.425|3:0.392:2.424|4:1.223:2.419|5:1.228:1.589|6:0.405:1.588|7:-0.440:1.588|8:-1.261:1.589|9:-1.185:4.911|10:-0.390:4.902|11:0.375:4.903|12:1.182:4.901,0,-1.000000000,,0,0,0.000000000,0.000000000,0,-1.000000000,0,,0,-1.000000000,,0,-1.000000000,0,,1,-0.063950159,-3.664074190,-0.007326126,-0.012209892,1,3.133914232,179.560058864,-0.002442360,-2.714529037,1,-2.880847216,-165.060386879,-0.002442360,2.673503876,1,-0.193980217,-11.114247742,-0.007326126,0.422466278,1,0.870329857,49.866227583,-0.036628723,-0.003663063,-0.063950159,-3.664074190,0.000000000,-0.000000000,2.000000000,1.000000000,3.143832445,180.128330603,0.000000000,-2.770716190,8.500000000,2.500000000,-2.881228685,-165.082243484,0.000000000,2.694160938,3.000000000,0.800000012,-0.194361687,-11.136104347,0.000000000,0.431225687,1.200000048,0.200000003,0.870713234,49.888193471,0.000000000,0.000140909,0.100000001,0.020000000
2026-07-04 18:13:07.324,1783159987.324327707,3.014519467,1,1,2.999681413,1,0.003620851,5,1,0.002502811,5,1,0,0,0,0,1,1,1,1,1,1,0.001525654,-1.120000000,1.590000000,0.000000000,1,1.907493603,12,1,12,1:-1.251:2.428|2:-0.428:2.425|3:0.392:2.424|4:1.223:2.419|5:1.228:1.589|6:0.405:1.588|7:-0.440:1.588|8:-1.261:1.589|9:-1.185:4.911|10:-0.390:4.902|11:0.375:4.903|12:1.182:4.901,0,-1.000000000,,0,0,0.000000000,0.000000000,0,-1.000000000,0,,0,-1.000000000,,0,-1.000000000,0,,1,-0.063950159,-3.664074190,-0.007326126,-0.012209892,1,3.133914232,179.560058864,-0.007326126,-2.714529037,1,-2.880847216,-165.060386879,-0.002442360,2.673503876,1,-0.193980217,-11.114247742,-0.007326126,0.422466278,1,0.870329857,49.866227583,-0.012210846,-0.003663063,-0.063950159,-3.664074190,0.000000000,-0.000000000,2.000000000,1.000000000,3.143832445,180.128330603,0.000000000,-2.770716190,8.500000000,2.500000000,-2.881228685,-165.082243484,0.000000000,2.694160938,3.000000000,0.800000012,-0.194361687,-11.136104347,0.000000000,0.431225687,1.200000048,0.200000003,0.870713234,49.888193471,0.000000000,0.000140909,0.100000001,0.020000000
2026-07-04 18:13:08.324,1783159988.324395895,4.014587631,1,1,3.999749577,1,0.004047988,5,1,0.002620594,5,1,0,1,0,0,1,1,1,1,1,1,0.036819841,-1.120000000,1.590000000,0.000000000,1,2.907561767,12,1,12,1:-1.251:2.428|2:-0.428:2.425|3:0.392:2.424|4:1.223:2.419|5:1.228:1.589|6:0.405:1.588|7:-0.440:1.588|8:-1.261:1.589|9:-1.185:4.911|10:-0.390:4.902|11:0.375:4.903|12:1.182:4.901,0,-1.000000000,,0,0,0.000000000,0.000000000,0,-1.000000000,0,,0,-1.000000000,,0,-1.000000000,0,,1,-0.063950159,-3.664074190,-0.007326126,-0.012209892,1,3.133914232,179.560058864,-0.007326126,-2.714529037,1,-2.880847216,-165.060386879,-0.002442360,2.673503876,1,-0.193980217,-11.114247742,-0.007326126,0.422466278,1,0.870329857,49.866227583,-0.012210846,-0.003663063,-0.063950159,-3.664074190,0.000000000,-0.000000000,2.000000000,1.000000000,3.143832445,180.128330603,0.000000000,-2.770716190,8.500000000,2.500000000,-2.881228685,-165.082243484,0.000000000,2.694160938,3.000000000,0.800000012,-0.194361687,-11.136104347,0.000000000,0.431225687,1.200000048,0.200000003,0.870713234,49.888193471,0.000000000,0.000140909,0.100000001,0.020000000
2026-07-04 18:13:09.324,1783159989.324306488,5.014498296,1,1,4.999660242,1,0.004048943,5,1,0.002545968,5,1,0,1,0,0,1,1,1,1,1,1,0.009095315,-1.120000000,1.590000000,0.000000000,1,3.907472432,12,1,12,1:-1.251:2.428|2:-0.428:2.425|3:0.392:2.424|4:1.223:2.419|5:1.228:1.589|6:0.405:1.588|7:-0.440:1.588|8:-1.261:1.589|9:-1.185:4.911|10:-0.390:4.902|11:0.375:4.903|12:1.182:4.901,0,-1.000000000,,0,0,0.000000000,0.000000000,0,-1.000000000,0,,0,-1.000000000,,0,-1.000000000,0,,1,-0.063950159,-3.664074190,-0.021978378,-0.012209892,1,3.133914232,179.560058864,-0.002442360,-2.714529037,1,-2.880847216,-165.060386879,0.002442360,2.673503876,1,-0.193980217,-11.114247742,-0.021978378,0.422466278,1,0.870329857,49.866227583,0.012210846,-0.003663063,-0.063950159,-3.664074190,0.000000000,-0.000000000,2.000000000,1.000000000,3.143832445,180.128330603,0.000000000,-2.770716190,8.500000000,2.500000000,-2.881228685,-165.082243484,0.000000000,2.694160938,3.000000000,0.800000012,-0.194361687,-11.136104347,0.000000000,0.431225687,1.200000048,0.200000003,0.870713234,49.888193471,0.000000000,0.000140909,0.100000001,0.020000000
2026-07-04 18:13:10.324,1783159990.324311733,6.014503709,1,1,5.999665655,1,0.003948437,5,1,0.002644721,5,1,0,1,0,0,1,1,1,1,1,1,0.135792761,-1.120000000,1.590000000,0.000000000,1,4.907477845,12,1,12,1:-1.251:2.428|2:-0.428:2.425|3:0.392:2.424|4:1.223:2.419|5:1.228:1.589|6:0.405:1.588|7:-0.440:1.588|8:-1.261:1.589|9:-1.185:4.911|10:-0.390:4.902|11:0.375:4.903|12:1.182:4.901,0,-1.000000000,,0,0,0.000000000,0.000000000,0,-1.000000000,0,,0,-1.000000000,,0,-1.000000000,0,,1,-0.063950159,-3.664074190,0.007326126,-0.012209892,1,3.133914232,179.560058864,0.002442360,-2.714529037,1,-2.880847216,-165.060386879,-0.002442360,2.673503876,1,-0.193980217,-11.114247742,-0.007326126,0.422466278,1,0.870713234,49.888193471,-0.036628723,-0.003663063,-0.063950159,-3.664074190,0.000000000,-0.000000000,2.000000000,1.000000000,3.143832445,180.128330603,0.000000000,-2.770716190,8.500000000,2.500000000,-2.881228685,-165.082243484,0.000000000,2.694160938,3.000000000,0.800000012,-0.194361687,-11.136104347,0.000000000,0.431225687,1.200000048,0.200000003,0.870713234,49.888193471,0.000000000,0.000140909,0.100000001,0.020000000
2026-07-04 18:13:11.324,1783159991.324325323,7.014517234,1,1,6.999679180,1,0.003865339,5,1,0.002647332,5,1,0,1,0,0,1,1,1,1,1,1,0.128637733,-1.120000000,1.590000000,0.000000000,1,5.907491370,12,1,12,1:-1.251:2.428|2:-0.428:2.425|3:0.392:2.424|4:1.223:2.419|5:1.228:1.589|6:0.405:1.588|7:-0.440:1.588|8:-1.261:1.589|9:-1.185:4.911|10:-0.390:4.902|11:0.375:4.903|12:1.182:4.901,0,-1.000000000,,0,0,0.000000000,0.000000000,0,-1.000000000,0,,0,-1.000000000,,0,-1.000000000,0,,1,-0.063950159,-3.664074190,-0.007326126,-0.012209892,1,3.133914232,179.560058864,0.002442360,-2.714529037,1,-2.880847216,-165.060386879,-0.002442360,2.673503876,1,-0.193598747,-11.092391137,-0.007326126,0.422466278,1,0.870329857,49.866227583,-0.012210846,-0.003663063,-0.063950159,-3.664074190,0.000000000,-0.000000000,2.000000000,1.000000000,3.143832445,180.128330603,0.000000000,-2.770716190,8.500000000,2.500000000,-2.881228685,-165.082243484,0.000000000,2.694160938,3.000000000,0.800000012,-0.194361687,-11.136104347,0.000000000,0.431225687,1.200000048,0.200000003,0.870713234,49.888193471,0.000000000,0.000140909,0.100000001,0.020000000
2026-07-04 18:13:12.324,1783159992.324336052,8.014527903,1,1,7.999689849,1,0.003984112,5,1,0.002639373,5,1,0,1,0,0,1,1,1,1,1,1,0.027694381,-1.120000000,1.590000000,0.000000000,1,6.907502039,12,1,12,1:-1.251:2.428|2:-0.428:2.425|3:0.392:2.424|4:1.223:2.419|5:1.228:1.589|6:0.405:1.588|7:-0.440:1.588|8:-1.261:1.589|9:-1.185:4.911|10:-0.390:4.902|11:0.375:4.903|12:1.182:4.901,0,-1.000000000,,0,0,0.000000000,0.000000000,0,-1.000000000,0,,0,-1.000000000,,0,-1.000000000,0,,1,-0.063950159,-3.664074190,-0.007326126,-0.012209892,1,3.133914232,179.560058864,-0.002442360,-2.714529037,1,-2.880847216,-165.060386879,-0.002442360,2.673503876,1,-0.193980217,-11.114247742,-0.007326126,0.422466278,1,0.870329857,49.866227583,-0.036628723,-0.003663063,-0.063950159,-3.664074190,0.000000000,-0.000000000,2.000000000,1.000000000,3.143832445,180.128330603,0.000000000,-2.770716190,8.500000000,2.500000000,-2.881228685,-165.082243484,0.000000000,2.694160938,3.000000000,0.800000012,-0.194361687,-11.136104347,0.000000000,0.431225687,1.200000048,0.200000003,0.870713234,49.888193471,0.000000000,0.000140909,0.100000001,0.020000000
2026-07-04 18:13:13.324,1783159993.324324131,9.014515924,1,1,8.999677870,1,0.003885055,5,1,0.002574172,5,1,0,1,0,0,1,1,1,1,1,1,0.022630292,-1.120000000,1.590000000,0.000000000,1,7.907490060,12,1,12,1:-1.251:2.428|2:-0.428:2.425|3:0.392:2.424|4:1.223:2.419|5:1.228:1.589|6:0.405:1.588|7:-0.440:1.588|8:-1.261:1.589|9:-1.185:4.911|10:-0.390:4.902|11:0.375:4.903|12:1.182:4.901,0,-1.000000000,,0,0,0.000000000,0.000000000,0,-1.000000000,0,,0,-1.000000000,,0,-1.000000000,0,,1,-0.063950159,-3.664074190,0.007326126,-0.012209892,1,3.133914232,179.560058864,-0.002442360,-2.714529037,1,-2.880847216,-165.060386879,-0.002442360,2.673503876,1,-0.193980217,-11.114247742,-0.007326126,0.422466278,0,0.870329857,49.866227583,-0.012210846,-0.003663063,-0.063950159,-3.664074190,0.000000000,-0.000000000,2.000000000,1.000000000,3.143832445,180.128330603,0.000000000,-2.770716190,8.500000000,2.500000000,-2.881228685,-165.082243484,0.000000000,2.694160938,3.000000000,0.800000012,-0.194361687,-11.136104347,0.000000000,0.431225687,1.200000048,0.200000003,0.870713234,49.888193471,0.000000000,0.000140909,0.100000001,0.020000000
2026-07-04 18:13:14.324,1783159994.324342728,10.014534526,1,1,9.999696472,1,0.003777126,5,1,0.002580059,5,1,0,1,0,0,1,1,1,1,1,1,0.012670536,-1.120000000,1.590000000,0.000000000,1,8.907508662,12,1,12,1:-1.251:2.428|2:-0.428:2.425|3:0.392:2.424|4:1.223:2.419|5:1.228:1.589|6:0.405:1.588|7:-0.440:1.588|8:-1.261:1.589|9:-1.185:4.911|10:-0.390:4.902|11:0.375:4.903|12:1.182:4.901,0,-1.000000000,,0,0,0.000000000,0.000000000,0,-1.000000000,0,,0,-1.000000000,,0,-1.000000000,0,,1,-0.063950159,-3.664074190,0.007326126,-0.012209892,1,3.133914232,179.560058864,0.002442360,-2.714529037,1,-2.880847216,-165.060386879,0.002442360,2.687179565,1,-0.193980217,-11.114247742,-0.021978378,0.422466278,1,0.870713234,49.888193471,0.012210846,-0.001221180,-0.063950159,-3.664074190,0.000000000,-0.000000000,2.000000000,1.000000000,3.143832445,180.128330603,0.000000000,-2.770716190,8.500000000,2.500000000,-2.881228685,-165.082243484,0.000000000,2.694160938,3.000000000,0.800000012,-0.194361687,-11.136104347,0.000000000,0.431225687,1.200000048,0.200000003,0.870713234,49.888193471,0.000000000,0.000140909,0.100000001,0.020000000
2026-07-04 18:13:15.324,1783159995.324316502,11.014508277,1,1,10.999670223,1,0.004008341,5,1,0.002661484,5,1,0,1,0,0,1,1,1,1,1,1,0.261058716,-1.120000000,1.590000000,0.000000000,1,9.907482413,12,1,12,1:-1.251:2.428|2:-0.428:2.425|3:0.392:2.424|4:1.223:2.419|5:1.228:1.589|6:0.405:1.588|7:-0.440:1.588|8:-1.261:1.589|9:-1.185:4.911|10:-0.390:4.902|11:0.375:4.903|12:1.182:4.901,0,-1.000000000,,0,0,0.000000000,0.000000000,0,-1.000000000,0,,0,-1.000000000,,0,-1.000000000,0,,1,-0.063950159,-3.664074190,-0.007326126,-0.012209892,1,3.133914232,179.560058864,0.002442360,-2.714529037,1,-2.880847216,-165.060386879,-0.002442360,2.673503876,1,-0.193980217,-11.114247742,-0.007326126,0.422466278,1,0.870329857,49.866227583,-0.036628723,-0.003663063,-0.063950159,-3.664074190,0.000000000,-0.000000000,2.000000000,1.000000000,3.143832445,180.128330603,0.000000000,-2.770716190,8.500000000,2.500000000,-2.881228685,-165.082243484,0.000000000,2.694160938,3.000000000,0.800000012,-0.194361687,-11.136104347,0.000000000,0.431225687,1.200000048,0.200000003,0.870713234,49.888193471,0.000000000,0.000140909,0.100000001,0.020000000
2026-07-04 18:13:16.324,1783159996.324330568,12.014522247,1,1,11.999684193,1,0.003815105,5,1,0.002632330,5,1,0,1,0,0,1,1,1,1,1,1,0.254269189,-1.120000000,1.590000000,0.000000000,1,10.907496383,12,1,12,1:-1.251:2.428|2:-0.428:2.425|3:0.392:2.424|4:1.223:2.419|5:1.228:1.589|6:0.405:1.588|7:-0.440:1.588|8:-1.261:1.589|9:-1.185:4.911|10:-0.390:4.902|11:0.375:4.903|12:1.182:4.901,0,-1.000000000,,0,0,0.000000000,0.000000000,0,-1.000000000,0,,0,-1.000000000,,0,-1.000000000,0,,1,-0.063950159,-3.664074190,-0.007326126,-0.012209892,1,3.133914232,179.560058864,-0.007326126,-2.714529037,1,-2.880847216,-165.060386879,-0.002442360,2.687179565,1,-0.193598747,-11.092391137,-0.007326126,0.422466278,1,0.870713234,49.888193471,0.012210846,-0.003663063,-0.063950159,-3.664074190,0.000000000,-0.000000000,2.000000000,1.000000000,3.143832445,180.128330603,0.000000000,-2.770716190,8.500000000,2.500000000,-2.881228685,-165.082243484,0.000000000,2.694160938,3.000000000,0.800000012,-0.194361687,-11.136104347,0.000000000,0.431225687,1.200000048,0.200000003,0.870713234,49.888193471,0.000000000,0.000140909,0.100000001,0.020000000
2026-07-04 18:13:17.324,1783159997.324404955,13.014596733,1,1,12.999758679,1,0.003767941,5,1,0.002603940,5,1,0,1,0,0,1,1,1,1,1,1,0.093652078,-1.120000000,1.590000000,0.000000000,1,11.907570869,12,1,12,1:-1.251:2.428|2:-0.428:2.425|3:0.392:2.424|4:1.223:2.419|5:1.228:1.589|6:0.405:1.588|7:-0.440:1.588|8:-1.261:1.589|9:-1.185:4.911|10:-0.390:4.902|11:0.375:4.903|12:1.182:4.901,0,-1.000000000,,0,0,0.000000000,0.000000000,0,-1.000000000,0,,0,-1.000000000,,0,-1.000000000,0,,1,-0.063950159,-3.664074190,-0.007326126,-0.012209892,1,3.133914232,179.560058864,-0.002442360,-2.714529037,1,-2.880847216,-165.060386879,-0.002442360,2.673503876,1,-0.193980217,-11.114247742,-0.007326126,0.422466278,1,0.870329857,49.866227583,0.012210846,-0.001221180,-0.063950159,-3.664074190,0.000000000,-0.000000000,2.000000000,1.000000000,3.143832445,180.128330603,0.000000000,-2.770716190,8.500000000,2.500000000,-2.881228685,-165.082243484,0.000000000,2.694160938,3.000000000,0.800000012,-0.194361687,-11.136104347,0.000000000,0.431225687,1.200000048,0.200000003,0.870713234,49.888193471,0.000000000,0.000140909,0.100000001,0.020000000
2026-07-04 18:13:18.324,1783159998.324341536,14.014533228,1,1,13.999695174,1,0.003569902,5,1,0.002546077,5,1,0,1,0,0,1,1,1,1,1,1,0.178619911,-1.120000000,1.590000000,0.000000000,1,12.907507364,12,1,12,1:-1.251:2.428|2:-0.428:2.425|3:0.392:2.424|4:1.223:2.419|5:1.228:1.589|6:0.405:1.588|7:-0.440:1.588|8:-1.261:1.589|9:-1.185:4.911|10:-0.390:4.902|11:0.375:4.903|12:1.182:4.901,0,-1.000000000,,0,0,0.000000000,0.000000000,0,-1.000000000,0,,0,-1.000000000,,0,-1.000000000,0,,1,-0.063950159,-3.664074190,-0.007326126,-0.012209892,1,3.133914232,179.560058864,-0.002442360,-2.728204727,1,-2.880847216,-165.060386879,-0.002442360,2.673503876,1,-0.193598747,-11.092391137,-0.007326126,0.422466278,1,0.870329857,49.866227583,-0.012210846,-0.001221180,-0.063950159,-3.664074190,0.000000000,-0.000000000,2.000000000,1.000000000,3.143832445,180.128330603,0.000000000,-2.770716190,8.500000000,2.500000000,-2.881228685,-165.082243484,0.000000000,2.694160938,3.000000000,0.800000012,-0.194361687,-11.136104347,0.000000000,0.431225687,1.200000048,0.200000003,0.870713234,49.888193471,0.000000000,0.000140909,0.100000001,0.020000000
2026-07-04 18:13:19.324,1783159999.324377060,15.014568994,1,1,14.999730940,1,0.003917534,5,1,0.002620013,5,1,0,1,0,0,1,1,1,1,1,1,0.078070052,-1.120000000,1.590000000,0.000000000,1,13.907543130,12,1,12,1:-1.251:2.428|2:-0.428:2.425|3:0.392:2.424|4:1.223:2.419|5:1.228:1.589|6:0.405:1.588|7:-0.440:1.588|8:-1.261:1.589|9:-1.185:4.911|10:-0.390:4.902|11:0.375:4.903|12:1.182:4.901,0,-1.000000000,,0,0,0.000000000,0.000000000,0,-1.000000000,0,,0,-1.000000000,,0,-1.000000000,0,,1,-0.063950159,-3.664074190,0.007326126,-0.017093658,1,3.133914232,179.560058864,0.002442360,-2.714529037,1,-2.880847216,-165.060386879,-0.002442360,2.673503876,1,-0.193980217,-11.114247742,-0.021978378,0.422466278,1,0.870329857,49.866227583,-0.012210846,-0.003663063,-0.063950159,-3.664074190,0.000000000,-0.000000000,2.000000000,1.000000000,3.143832445,180.128330603,0.000000000,-2.770716190,8.500000000,2.500000000,-2.881228685,-165.082243484,0.000000000,2.694160938,3.000000000,0.800000012,-0.194361687,-11.136104347,0.000000000,0.431225687,1.200000048,0.200000003,0.870713234,49.888193471,0.000000000,0.000140909,0.100000001,0.020000000
2026-07-04 18:13:20.324,1783160000.324352264,16.014544022,1,1,15.999705968,1,0.003724319,5,1,0.002600324,5,1,0,1,0,0,1,1,1,1,1,1,0.078168564,-1.120000000,1.590000000,0.000000000,1,14.907518158,12,1,12,1:-1.251:2.428|2:-0.428:2.425|3:0.392:2.424|4:1.223:2.419|5:1.228:1.589|6:0.405:1.588|7:-0.440:1.588|8:-1.261:1.589|9:-1.185:4.911|10:-0.390:4.902|11:0.375:4.903|12:1.182:4.901,0,-1.000000000,,0,0,0.000000000,0.000000000,0,-1.000000000,0,,0,-1.000000000,,0,-1.000000000,0,,1,-0.063950159,-3.664074190,-0.007326126,-0.012209892,1,3.133914232,179.560058864,-0.007326126,-2.714529037,1,-2.880847216,-165.060386879,0.002442360,2.673503876,1,-0.193980217,-11.114247742,-0.007326126,0.422466278,1,0.870329857,49.866227583,-0.012210846,-0.001221180,-0.063950159,-3.664074190,0.000000000,-0.000000000,2.000000000,1.000000000,3.143832445,180.128330603,0.000000000,-2.770716190,8.500000000,2.500000000,-2.881228685,-165.082243484,0.000000000,2.694160938,3.000000000,0.800000012,-0.194361687,-11.136104347,0.000000000,0.431225687,1.200000048,0.200000003,0.870713234,49.888193471,0.000000000,0.000140909,0.100000001,0.020000000
2026-07-04 18:13:21.324,1783160001.324355602,17.014547530,1,1,16.999709476,1,0.003423748,5,1,0.002576723,5,1,0,1,0,0,1,1,1,1,1,1,0.312683309,-1.120000000,1.590000000,0.000000000,1,15.907521666,12,1,12,1:-1.251:2.428|2:-0.428:2.425|3:0.392:2.424|4:1.223:2.419|5:1.228:1.589|6:0.405:1.588|7:-0.440:1.588|8:-1.261:1.589|9:-1.185:4.911|10:-0.390:4.902|11:0.375:4.903|12:1.182:4.901,0,-1.000000000,,0,0,0.000000000,0.000000000,0,-1.000000000,0,,0,-1.000000000,,0,-1.000000000,0,,1,-0.063950159,-3.664074190,0.007326126,-0.012209892,1,3.133914232,179.560058864,-0.002442360,-2.714529037,1,-2.880847216,-165.060386879,0.002442360,2.687179565,1,-0.193980217,-11.114247742,-0.021978378,0.422466278,1,0.870329857,49.866227583,-0.012210846,-0.003663063,-0.063950159,-3.664074190,0.000000000,-0.000000000,2.000000000,1.000000000,3.143832445,180.128330603,0.000000000,-2.770716190,8.500000000,2.500000000,-2.881228685,-165.082243484,0.000000000,2.694160938,3.000000000,0.800000012,-0.194361687,-11.136104347,0.000000000,0.431225687,1.200000048,0.200000003,0.870713234,49.888193471,0.000000000,0.000140909,0.100000001,0.020000000
2026-07-04 18:13:22.324,1783160002.324345350,18.014537144,1,1,17.999699090,1,0.003922976,5,1,0.002589167,5,1,0,1,0,0,1,1,1,1,1,1,0.093224160,-1.120000000,1.590000000,0.000000000,1,16.907511280,12,1,12,1:-1.251:2.428|2:-0.428:2.425|3:0.392:2.424|4:1.223:2.419|5:1.228:1.589|6:0.405:1.588|7:-0.440:1.588|8:-1.261:1.589|9:-1.185:4.911|10:-0.390:4.902|11:0.375:4.903|12:1.182:4.901,0,-1.000000000,,0,0,0.000000000,0.000000000,0,-1.000000000,0,,0,-1.000000000,,0,-1.000000000,0,,1,-0.063950159,-3.664074190,-0.007326126,-0.012209892,1,3.133914232,179.560058864,-0.002442360,-2.714529037,1,-2.880847216,-165.060386879,-0.002442360,2.673503876,1,-0.193598747,-11.092391137,-0.007326126,0.422466278,1,0.870329857,49.866227583,-0.036628723,-0.003663063,-0.063950159,-3.664074190,0.000000000,-0.000000000,2.000000000,1.000000000,3.143832445,180.128330603,0.000000000,-2.770716190,8.500000000,2.500000000,-2.881228685,-165.082243484,0.000000000,2.694160938,3.000000000,0.800000012,-0.194361687,-11.136104347,0.000000000,0.431225687,1.200000048,0.200000003,0.870713234,49.888193471,0.000000000,0.000140909,0.100000001,0.020000000
2026-07-04 18:13:23.324,1783160003.324353695,19.014545565,1,1,18.999707511,1,0.003791748,5,1,0.002532329,5,1,0,1,0,0,1,1,1,1,1,1,0.042148439,-1.120000000,1.590000000,0.000000000,1,17.907519701,12,1,12,1:-1.251:2.428|2:-0.428:2.425|3:0.392:2.424|4:1.223:2.419|5:1.228:1.589|6:0.405:1.588|7:-0.440:1.588|8:-1.261:1.589|9:-1.185:4.911|10:-0.390:4.902|11:0.375:4.903|12:1.182:4.901,0,-1.000000000,,0,0,0.000000000,0.000000000,0,-1.000000000,0,,0,-1.000000000,,0,-1.000000000,0,,1,-0.063950159,-3.664074190,-0.007326126,-0.012209892,1,3.133914232,179.560058864,-0.007326126,-2.714529037,1,-2.880847216,-165.060386879,-0.002442360,2.673503876,1,-0.193598747,-11.092391137,-0.007326126,0.422466278,1,0.870329857,49.866227583,0.012210846,-0.003663063,-0.063950159,-3.664074190,0.000000000,-0.000000000,2.000000000,1.000000000,3.143832445,180.128330603,0.000000000,-2.770716190,8.500000000,2.500000000,-2.881228685,-165.082243484,0.000000000,2.694160938,3.000000000,0.800000012,-0.194361687,-11.136104347,0.000000000,0.431225687,1.200000048,0.200000003,0.870713234,49.888193471,0.000000000,0.000140909,0.100000001,0.020000000
2026-07-04 18:13:24.324,1783160004.324372530,20.014564238,1,1,19.999726184,1,0.003361270,5,1,0.002482381,5,1,0,1,0,0,1,1,1,1,1,1,0.040173949,-1.120000000,1.590000000,0.000000000,1,18.907538374,12,1,12,1:-1.251:2.428|2:-0.428:2.425|3:0.392:2.424|4:1.223:2.419|5:1.228:1.589|6:0.405:1.588|7:-0.440:1.588|8:-1.261:1.589|9:-1.185:4.911|10:-0.390:4.902|11:0.375:4.903|12:1.182:4.901,0,-1.000000000,,0,0,0.000000000,0.000000000,0,-1.000000000,0,,0,-1.000000000,,0,-1.000000000,0,,0,-0.063950159,-3.664074190,-0.007326126,-0.012209892,0,3.133914232,179.560058864,-0.002442360,-2.714529037,0,-2.880847216,-165.060386879,-0.007326126,2.673503876,0,-0.193980217,-11.114247742,-0.007326126,0.422466278,0,0.870713234,49.888193471,0.012210846,-0.003663063,-0.063950159,-3.664074190,0.000000000,-0.000000000,2.000000000,1.000000000,3.143832445,180.128330603,0.000000000,-2.770716190,8.500000000,2.500000000,-2.881228685,-165.082243484,0.000000000,2.694160938,3.000000000,0.800000012,-0.194361687,-11.136104347,0.000000000,0.431225687,1.200000048,0.200000003,0.870713234,49.888193471,0.000000000,0.000140909,0.100000001,0.020000000
2026-07-04 18:13:25.324,1783160005.324326038,21.014517910,1,1,20.999679856,1,0.003830209,5,1,0.002436070,5,1,0,1,0,0,1,1,1,1,1,1,0.040376677,-1.120000000,1.590000000,0.000000000,1,19.907492046,12,1,12,1:-1.251:2.428|2:-0.428:2.425|3:0.392:2.424|4:1.223:2.419|5:1.228:1.589|6:0.405:1.588|7:-0.440:1.588|8:-1.261:1.589|9:-1.185:4.911|10:-0.390:4.902|11:0.375:4.903|12:1.182:4.901,0,-1.000000000,,0,0,0.000000000,0.000000000,0,-1.000000000,0,,0,-1.000000000,,0,-1.000000000,0,,1,-0.063950159,-3.664074190,-0.007326126,-0.012209892,1,3.133914232,179.560058864,-0.002442360,-2.714529037,1,-2.880847216,-165.060386879,-0.002442360,2.673503876,1,-0.193598747,-11.092391137,0.007326126,0.422466278,1,0.870329857,49.866227583,-0.012210846,-0.003663063,-0.063950159,-3.664074190,0.000000000,-0.000000000,2.000000000,1.000000000,3.143832445,180.128330603,0.000000000,-2.770716190,8.500000000,2.500000000,-2.881228685,-165.082243484,0.000000000,2.694160938,3.000000000,0.800000012,-0.194361687,-11.136104347,0.000000000,0.431225687,1.200000048,0.200000003,0.870713234,49.888193471,0.000000000,0.000140909,0.100000001,0.020000000
2026-07-04 18:13:26.324,1783160006.324339867,22.014531829,1,1,21.999693775,1,0.003748100,5,1,0.002507669,5,1,0,1,0,0,1,1,1,1,1,1,0.067626860,-1.120000000,1.590000000,0.000000000,1,20.907505965,12,1,12,1:-1.251:2.428|2:-0.428:2.425|3:0.392:2.424|4:1.223:2.419|5:1.228:1.589|6:0.405:1.588|7:-0.440:1.588|8:-1.261:1.589|9:-1.185:4.911|10:-0.390:4.902|11:0.375:4.903|12:1.182:4.901,0,-1.000000000,,0,0,0.000000000,0.000000000,0,-1.000000000,0,,0,-1.000000000,,0,-1.000000000,0,,1,-0.063950159,-3.664074190,0.007326126,-0.012209892,1,3.133914232,179.560058864,-0.002442360,-2.714529037,1,-2.880847216,-165.060386879,-0.007326126,2.673503876,1,-0.193598747,-11.092391137,0.007326126,0.422466278,1,0.870329857,49.866227583,-0.012210846,-0.003663063,-0.063950159,-3.664074190,0.000000000,-0.000000000,2.000000000,1.000000000,3.143832445,180.128330603,0.000000000,-2.770716190,8.500000000,2.500000000,-2.881228685,-165.082243484,0.000000000,2.694160938,3.000000000,0.800000012,-0.194361687,-11.136104347,0.000000000,0.431225687,1.200000048,0.200000003,0.870713234,49.888193471,0.000000000,0.000140909,0.100000001,0.020000000
2026-07-04 18:13:27.324,1783160007.324334145,23.014525962,1,1,22.999687908,1,0.003860075,5,1,0.002650011,5,1,0,1,0,0,1,1,1,1,1,1,0.157493600,-1.120000000,1.590000000,0.000000000,1,21.907500098,12,1,12,1:-1.251:2.428|2:-0.428:2.425|3:0.392:2.424|4:1.223:2.419|5:1.228:1.589|6:0.405:1.588|7:-0.440:1.588|8:-1.261:1.589|9:-1.185:4.911|10:-0.390:4.902|11:0.375:4.903|12:1.182:4.901,0,-1.000000000,,0,0,0.000000000,0.000000000,0,-1.000000000,0,,0,-1.000000000,,0,-1.000000000,0,,1,-0.063950159,-3.664074190,0.007326126,-0.012209892,1,3.133914232,179.560058864,0.002442360,-2.714529037,1,-2.880847216,-165.060386879,-0.002442360,2.673503876,1,-0.193980217,-11.114247742,-0.021978378,0.422466278,1,0.870329857,49.866227583,-0.012210846,-0.003663063,-0.063950159,-3.664074190,0.000000000,-0.000000000,2.000000000,1.000000000,3.143832445,180.128330603,0.000000000,-2.770716190,8.500000000,2.500000000,-2.881228685,-165.082243484,0.000000000,2.694160938,3.000000000,0.800000012,-0.194361687,-11.136104347,0.000000000,0.431225687,1.200000048,0.200000003,0.870713234,49.888193471,0.000000000,0.000140909,0.100000001,0.020000000
2026-07-04 18:13:28.324,1783160008.324339628,24.014531625,1,1,23.999693571,1,0.003969980,5,1,0.002649790,5,1,0,1,0,0,1,1,1,1,1,1,0.143761988,-1.120000000,1.590000000,0.000000000,1,22.907505761,12,1,12,1:-1.251:2.428|2:-0.428:2.425|3:0.392:2.424|4:1.223:2.419|5:1.228:1.589|6:0.405:1.588|7:-0.440:1.588|8:-1.261:1.589|9:-1.185:4.911|10:-0.390:4.902|11:0.375:4.903|12:1.182:4.901,0,-1.000000000,,0,0,0.000000000,0.000000000,0,-1.000000000,0,,0,-1.000000000,,0,-1.000000000,0,,1,-0.063950159,-3.664074190,-0.007326126,-0.012209892,1,3.133914232,179.560058864,0.002442360,-2.714529037,1,-2.880847216,-165.060386879,-0.002442360,2.673503876,1,-0.193598747,-11.092391137,-0.007326126,0.422466278,1,0.870329857,49.866227583,-0.012210846,-0.003663063,-0.063950159,-3.664074190,0.000000000,-0.000000000,2.000000000,1.000000000,3.143832445,180.128330603,0.000000000,-2.770716190,8.500000000,2.500000000,-2.881228685,-165.082243484,0.000000000,2.694160938,3.000000000,0.800000012,-0.194361687,-11.136104347,0.000000000,0.431225687,1.200000048,0.200000003,0.870713234,49.888193471,0.000000000,0.000140909,0.100000001,0.020000000
2026-07-04 18:13:29.324,1783160009.324373484,25.014565254,1,1,24.999727200,1,0.003934731,5,1,0.002681379,5,1,0,1,0,0,1,1,1,1,1,1,0.044364811,-1.120000000,1.590000000,0.000000000,1,23.907539390,12,1,12,1:-1.251:2.428|2:-0.428:2.425|3:0.392:2.424|4:1.223:2.419|5:1.228:1.589|6:0.405:1.588|7:-0.440:1.588|8:-1.261:1.589|9:-1.185:4.911|10:-0.390:4.902|11:0.375:4.903|12:1.182:4.901,0,-1.000000000,,0,0,0.000000000,0.000000000,0,-1.000000000,0,,0,-1.000000000,,0,-1.000000000,0,,1,-0.063950159,-3.664074190,-0.021978378,-0.012209892,1,3.133914232,179.560058864,-0.002442360,-2.714529037,1,-2.880847216,-165.060386879,-0.002442360,2.673503876,1,-0.193980217,-11.114247742,-0.021978378,0.422466278,1,0.870329857,49.866227583,-0.012210846,-0.003663063,-0.063950159,-3.664074190,0.000000000,-0.000000000,2.000000000,1.000000000,3.143832445,180.128330603,0.000000000,-2.770716190,8.500000000,2.500000000,-2.881228685,-165.082243484,0.000000000,2.694160938,3.000000000,0.800000012,-0.194361687,-11.136104347,0.000000000,0.431225687,1.200000048,0.200000003,0.870713234,49.888193471,0.000000000,0.000140909,0.100000001,0.020000000
2026-07-04 18:13:30.324,1783160010.324333668,26.014525401,1,1,25.999687347,1,0.003800268,5,1,0.002609909,5,1,0,1,0,0,1,1,1,1,1,1,0.052486052,-1.120000000,1.590000000,0.000000000,1,24.907499537,12,1,12,1:-1.251:2.428|2:-0.428:2.425|3:0.392:2.424|4:1.223:2.419|5:1.228:1.589|6:0.405:1.588|7:-0.440:1.588|8:-1.261:1.589|9:-1.185:4.911|10:-0.390:4.902|11:0.375:4.903|12:1.182:4.901,0,-1.000000000,,0,0,0.000000000,0.000000000,0,-1.000000000,0,,0,-1.000000000,,0,-1.000000000,0,,1,-0.063950159,-3.664074190,-0.007326126,-0.017093658,1,3.133914232,179.560058864,-0.002442360,-2.714529037,1,-2.880847216,-165.060386879,-0.002442360,2.673503876,1,-0.193598747,-11.092391137,0.007326126,0.422466278,1,0.870329857,49.866227583,-0.036628723,-0.003663063,-0.063950159,-3.664074190,0.000000000,-0.000000000,2.000000000,1.000000000,3.143832445,180.128330603,0.000000000,-2.770716190,8.500000000,2.500000000,-2.881228685,-165.082243484,0.000000000,2.694160938,3.000000000,0.800000012,-0.194361687,-11.136104347,0.000000000,0.431225687,1.200000048,0.200000003,0.870713234,49.888193471,0.000000000,0.000140909,0.100000001,0.020000000
2026-07-04 18:13:31.324,1783160011.324336290,27.014528261,1,1,26.999690207,1,0.003855645,5,1,0.002550997,5,1,0,1,0,0,1,1,1,1,1,1,0.294389676,-1.120000000,1.590000000,0.000000000,1,25.907502397,12,1,12,1:-1.251:2.428|2:-0.428:2.425|3:0.392:2.424|4:1.223:2.419|5:1.228:1.589|6:0.405:1.588|7:-0.440:1.588|8:-1.261:1.589|9:-1.185:4.911|10:-0.390:4.902|11:0.375:4.903|12:1.182:4.901,0,-1.000000000,,0,0,0.000000000,0.000000000,0,-1.000000000,0,,0,-1.000000000,,0,-1.000000000,0,,1,-0.063950159,-3.664074190,-0.007326126,-0.012209892,1,3.133914232,179.560058864,-0.002442360,-2.714529037,1,-2.880847216,-165.060386879,-0.002442360,2.673503876,1,-0.193980217,-11.114247742,-0.007326126,0.422466278,1,0.870329857,49.866227583,0.012210846,-0.003663063,-0.063950159,-3.664074190,0.000000000,-0.000000000,2.000000000,1.000000000,3.143832445,180.128330603,0.000000000,-2.770716190,8.500000000,2.500000000,-2.881228685,-165.082243484,0.000000000,2.694160938,3.000000000,0.800000012,-0.194361687,-11.136104347,0.000000000,0.431225687,1.200000048,0.200000003,0.870713234,49.888193471,0.000000000,0.000140909,0.100000001,0.020000000
2026-07-04 18:13:32.324,1783160012.324337959,28.014529859,1,1,27.999691805,1,0.003784982,5,1,0.002657476,5,1,0,1,0,0,1,1,1,1,1,1,0.040734205,-1.120000000,1.590000000,0.000000000,1,26.907503995,12,1,12,1:-1.251:2.428|2:-0.428:2.425|3:0.392:2.424|4:1.223:2.419|5:1.228:1.589|6:0.405:1.588|7:-0.440:1.588|8:-1.261:1.589|9:-1.185:4.911|10:-0.390:4.902|11:0.375:4.903|12:1.182:4.901,0,-1.000000000,,0,0,0.000000000,0.000000000,0,-1.000000000,0,,0,-1.000000000,,0,-1.000000000,0,,1,-0.063950159,-3.664074190,0.007326126,-0.012209892,1,3.133914232,179.560058864,-0.002442360,-2.714529037,1,-2.880847216,-165.060386879,-0.007326126,2.687179565,1,-0.193598747,-11.092391137,0.007326126,0.422466278,1,0.870713234,49.888193471,0.012210846,-0.003663063,-0.063950159,-3.664074190,0.000000000,-0.000000000,2.000000000,1.000000000,3.143832445,180.128330603,0.000000000,-2.770716190,8.500000000,2.500000000,-2.881228685,-165.082243484,0.000000000,2.694160938,3.000000000,0.800000012,-0.194361687,-11.136104347,0.000000000,0.431225687,1.200000048,0.200000003,0.870713234,49.888193471,0.000000000,0.000140909,0.100000001,0.020000000
2026-07-04 18:13:33.324,1783160013.324349880,29.014541767,1,1,28.999703713,1,0.003622737,5,1,0.002294413,5,1,0,1,0,0,1,1,1,1,1,1,0.019204753,-1.120000000,1.590000000,0.000000000,1,27.907515903,12,1,12,1:-1.251:2.428|2:-0.428:2.425|3:0.392:2.424|4:1.223:2.419|5:1.228:1.589|6:0.405:1.588|7:-0.440:1.588|8:-1.261:1.589|9:-1.185:4.911|10:-0.390:4.902|11:0.375:4.903|12:1.182:4.901,0,-1.000000000,,0,0,0.000000000,0.000000000,0,-1.000000000,0,,0,-1.000000000,,0,-1.000000000,0,,1,-0.063950159,-3.664074190,-0.007326126,-0.012209892,1,3.133914232,179.560058864,-0.002442360,-2.714529037,1,-2.880847216,-165.060386879,-0.002442360,2.673503876,1,-0.193598747,-11.092391137,-0.007326126,0.422466278,1,0.870329857,49.866227583,-0.036628723,-0.003663063,-0.063950159,-3.664074190,0.000000000,-0.000000000,2.000000000,1.000000000,3.143832445,180.128330603,0.000000000,-2.770716190,8.500000000,2.500000000,-2.881228685,-165.082243484,0.000000000,2.694160938,3.000000000,0.800000012,-0.194361687,-11.136104347,0.000000000,0.431225687,1.200000048,0.200000003,0.870713234,49.888193471,0.000000000,0.000140909,0.100000001,0.020000000
2026-07-04 18:13:34.324,1783160014.324375153,30.014567006,1,1,29.999728952,1,0.003636121,5,1,0.002605855,5,1,0,1,0,0,1,1,1,1,1,1,0.119827958,-1.120000000,1.590000000,0.000000000,1,28.907541142,12,1,12,1:-1.251:2.428|2:-0.428:2.425|3:0.392:2.424|4:1.223:2.419|5:1.228:1.589|6:0.405:1.588|7:-0.440:1.588|8:-1.261:1.589|9:-1.185:4.911|10:-0.390:4.902|11:0.375:4.903|12:1.182:4.901,0,-1.000000000,,0,0,0.000000000,0.000000000,0,-1.000000000,0,,0,-1.000000000,,0,-1.000000000,0,,1,-0.063950159,-3.664074190,-0.007326126,-0.012209892,1,3.133914232,179.560058864,-0.007326126,-2.714529037,1,-2.880847216,-165.060386879,-0.002442360,2.673503876,1,-0.193980217,-11.114247742,-0.007326126,0.422466278,1,0.870329857,49.866227583,-0.036628723,-0.003663063,-0.063950159,-3.664074190,0.000000000,-0.000000000,2.000000000,1.000000000,3.143832445,180.128330603,0.000000000,-2.770716190,8.500000000,2.500000000,-2.881228685,-165.082243484,0.000000000,2.694160938,3.000000000,0.800000012,-0.194361687,-11.136104347,0.000000000,0.431225687,1.200000048,0.200000003,0.870713234,49.888193471,0.000000000,0.000140909,0.100000001,0.020000000
2026-07-04 18:13:35.324,1783160015.324380875,31.014572736,1,1,30.999734682,1,0.003731976,5,1,0.002582014,5,1,0,1,0,0,1,1,1,1,1,1,0.102815049,-1.120000000,1.590000000,0.000000000,1,29.907546872,12,1,12,1:-1.251:2.428|2:-0.428:2.425|3:0.392:2.424|4:1.223:2.419|5:1.228:1.589|6:0.405:1.588|7:-0.440:1.588|8:-1.261:1.589|9:-1.185:4.911|10:-0.390:4.902|11:0.375:4.903|12:1.182:4.901,0,-1.000000000,,0,0,0.000000000,0.000000000,0,-1.000000000,0,,0,-1.000000000,,0,-1.000000000,0,,1,-0.063950159,-3.664074190,-0.007326126,-0.012209892,1,3.133914232,179.560058864,-0.002442360,-2.714529037,1,-2.880847216,-165.060386879,-0.002442360,2.673503876,1,-0.193980217,-11.114247742,-0.007326126,0.422466278,1,0.870329857,49.866227583,-0.036628723,-0.003663063,-0.063950159,-3.664074190,0.000000000,-0.000000000,2.000000000,1.000000000,3.143832445,180.128330603,0.000000000,-2.770716190,8.500000000,2.500000000,-2.881228685,-165.082243484,0.000000000,2.694160938,3.000000000,0.800000012,-0.194361687,-11.136104347,0.000000000,0.431225687,1.200000048,0.200000003,0.870713234,49.888193471,0.000000000,0.000140909,0.100000001,0.020000000
2026-07-04 18:13:36.324,1783160016.324333429,32.014525069,1,1,31.999687015,1,0.003925594,5,1,0.002673805,5,1,0,1,0,0,1,1,1,1,1,1,0.059917910,-1.120000000,1.590000000,0.000000000,1,30.907499205,12,1,12,1:-1.251:2.428|2:-0.428:2.425|3:0.392:2.424|4:1.223:2.419|5:1.228:1.589|6:0.405:1.588|7:-0.440:1.588|8:-1.261:1.589|9:-1.185:4.911|10:-0.390:4.902|11:0.375:4.903|12:1.182:4.901,0,-1.000000000,,0,0,0.000000000,0.000000000,0,-1.000000000,0,,0,-1.000000000,,0,-1.000000000,0,,1,-0.063950159,-3.664074190,-0.007326126,-0.012209892,1,3.133914232,179.560058864,0.002442360,-2.714529037,1,-2.880847216,-165.060386879,-0.002442360,2.673503876,1,-0.193598747,-11.092391137,-0.007326126,0.422466278,1,0.870329857,49.866227583,-0.036628723,-0.003663063,-0.063950159,-3.664074190,0.000000000,-0.000000000,2.000000000,1.000000000,3.143832445,180.128330603,0.000000000,-2.770716190,8.500000000,2.500000000,-2.881228685,-165.082243484,0.000000000,2.694160938,3.000000000,0.800000012,-0.194361687,-11.136104347,0.000000000,0.431225687,1.200000048,0.200000003,0.870713234,49.888193471,0.000000000,0.000140909,0.100000001,0.020000000
2026-07-04 18:13:37.324,1783160017.324350119,33.014542102,1,1,32.999704048,1,0.003751949,5,1,0.002579554,5,1,0,1,0,0,1,1,1,1,1,1,0.133125914,-1.120000000,1.590000000,0.000000000,1,31.907516238,12,1,12,1:-1.251:2.428|2:-0.428:2.425|3:0.392:2.424|4:1.223:2.419|5:1.228:1.589|6:0.405:1.588|7:-0.440:1.588|8:-1.261:1.589|9:-1.185:4.911|10:-0.390:4.902|11:0.375:4.903|12:1.182:4.901,0,-1.000000000,,0,0,0.000000000,0.000000000,0,-1.000000000,0,,0,-1.000000000,,0,-1.000000000,0,,1,-0.063950159,-3.664074190,-0.021978378,-0.012209892,1,3.133914232,179.560058864,-0.002442360,-2.714529037,1,-2.880847216,-165.060386879,-0.002442360,2.673503876,1,-0.193598747,-11.092391137,-0.007326126,0.422466278,1,0.870329857,49.866227583,-0.012210846,-0.003663063,-0.063950159,-3.664074190,0.000000000,-0.000000000,2.000000000,1.000000000,3.143832445,180.128330603,0.000000000,-2.770716190,8.500000000,2.500000000,-2.881228685,-165.082243484,0.000000000,2.694160938,3.000000000,0.800000012,-0.194361687,-11.136104347,0.000000000,0.431225687,1.200000048,0.200000003,0.870713234,49.888193471,0.000000000,0.000140909,0.100000001,0.020000000
2026-07-04 18:13:38.324,1783160018.324365377,34.014557032,1,1,33.999718978,1,0.003763787,5,1,0.002586223,5,1,0,1,0,0,1,1,1,1,1,1,0.011996655,-1.120000000,1.590000000,0.000000000,1,32.907531168,12,1,12,1:-1.251:2.428|2:-0.428:2.425|3:0.392:2.424|4:1.223:2.419|5:1.228:1.589|6:0.405:1.588|7:-0.440:1.588|8:-1.261:1.589|9:-1.185:4.911|10:-0.390:4.902|11:0.375:4.903|12:1.182:4.901,0,-1.000000000,,0,0,0.000000000,0.000000000,0,-1.000000000,0,,0,-1.000000000,,0,-1.000000000,0,,1,-0.063950159,-3.664074190,-0.007326126,-0.012209892,1,3.133914232,179.560058864,-0.002442360,-2.700855255,1,-2.880847216,-165.060386879,0.002442360,2.673503876,1,-0.193598747,-11.092391137,-0.007326126,0.422466278,1,0.870329857,49.866227583,-0.012210846,-0.001221180,-0.063950159,-3.664074190,0.000000000,-0.000000000,2.000000000,1.000000000,3.143832445,180.128330603,0.000000000,-2.770716190,8.500000000,2.500000000,-2.881228685,-165.082243484,0.000000000,2.694160938,3.000000000,0.800000012,-0.194361687,-11.136104347,0.000000000,0.431225687,1.200000048,0.200000003,0.870713234,49.888193471,0.000000000,0.000140909,0.100000001,0.020000000
2026-07-04 18:13:39.324,1783160019.324350834,35.014542578,1,1,34.999704524,1,0.004047110,5,1,0.002545165,5,1,0,1,0,0,1,1,1,1,1,1,0.090420835,-1.120000000,1.590000000,0.000000000,1,33.907516714,12,1,12,1:-1.251:2.428|2:-0.428:2.425|3:0.392:2.424|4:1.223:2.419|5:1.228:1.589|6:0.405:1.588|7:-0.440:1.588|8:-1.261:1.589|9:-1.185:4.911|10:-0.390:4.902|11:0.375:4.903|12:1.182:4.901,0,-1.000000000,,0,0,0.000000000,0.000000000,0,-1.000000000,0,,0,-1.000000000,,0,-1.000000000,0,,1,-0.063950159,-3.664074190,-0.007326126,-0.012209892,1,3.133914232,179.560058864,-0.002442360,-2.714529037,1,-2.880847216,-165.060386879,-0.002442360,2.673503876,1,-0.193980217,-11.114247742,-0.007326126,0.422466278,1,0.870329857,49.866227583,-0.036628723,-0.003663063,-0.063950159,-3.664074190,0.000000000,-0.000000000,2.000000000,1.000000000,3.143832445,180.128330603,0.000000000,-2.770716190,8.500000000,2.500000000,-2.881228685,-165.082243484,0.000000000,2.694160938,3.000000000,0.800000012,-0.194361687,-11.136104347,0.000000000,0.431225687,1.200000048,0.200000003,0.870713234,49.888193471,0.000000000,0.000140909,0.100000001,0.020000000
2026-07-04 18:13:40.324,1783160020.324337244,36.014529115,1,1,35.999691061,1,0.003900540,5,1,0.002675679,5,1,0,1,0,0,1,1,1,1,1,1,0.158766710,-1.120000000,1.590000000,0.000000000,1,34.907503251,12,1,12,1:-1.251:2.428|2:-0.428:2.425|3:0.392:2.424|4:1.223:2.419|5:1.228:1.589|6:0.405:1.588|7:-0.440:1.588|8:-1.261:1.589|9:-1.185:4.911|10:-0.390:4.902|11:0.375:4.903|12:1.182:4.901,0,-1.000000000,,0,0,0.000000000,0.000000000,0,-1.000000000,0,,0,-1.000000000,,0,-1.000000000,0,,1,-0.063950159,-3.664074190,0.021978378,-0.012209892,1,3.133914232,179.560058864,-0.002442360,-2.714529037,1,-2.880847216,-165.060386879,-0.007326126,2.687179565,1,-0.193980217,-11.114247742,0.007326126,0.422466278,1,0.870329857,49.866227583,-0.012210846,-0.001221180,-0.063950159,-3.664074190,0.000000000,-0.000000000,2.000000000,1.000000000,3.143832445,180.128330603,0.000000000,-2.770716190,8.500000000,2.500000000,-2.881228685,-165.082243484,0.000000000,2.694160938,3.000000000,0.800000012,-0.194361687,-11.136104347,0.000000000,0.431225687,1.200000048,0.200000003,0.870713234,49.888193471,0.000000000,0.000140909,0.100000001,0.020000000
2026-07-04 18:13:41.324,1783160021.324335098,37.014526830,1,1,36.999688776,1,0.004033034,5,1,0.002579486,5,1,0,1,0,0,1,1,1,1,1,1,0.035112669,-1.120000000,1.590000000,0.000000000,1,35.907500966,12,1,12,1:-1.251:2.428|2:-0.428:2.425|3:0.392:2.424|4:1.223:2.419|5:1.228:1.589|6:0.405:1.588|7:-0.440:1.588|8:-1.261:1.589|9:-1.185:4.911|10:-0.390:4.902|11:0.375:4.903|12:1.182:4.901,0,-1.000000000,,0,0,0.000000000,0.000000000,0,-1.000000000,0,,0,-1.000000000,,0,-1.000000000,0,,1,-0.063950159,-3.664074190,0.007326126,-0.012209892,1,3.133914232,179.560058864,-0.002442360,-2.714529037,1,-2.880847216,-165.060386879,-0.002442360,2.687179565,1,-0.193980217,-11.114247742,0.007326126,0.422466278,1,0.870329857,49.866227583,-0.012210846,-0.003663063,-0.063950159,-3.664074190,0.000000000,-0.000000000,2.000000000,1.000000000,3.143832445,180.128330603,0.000000000,-2.770716190,8.500000000,2.500000000,-2.881228685,-165.082243484,0.000000000,2.694160938,3.000000000,0.800000012,-0.194361687,-11.136104347,0.000000000,0.431225687,1.200000048,0.200000003,0.870713234,49.888193471,0.000000000,0.000140909,0.100000001,0.020000000
2026-07-04 18:13:42.324,1783160022.324358463,38.014550232,1,1,37.999712178,1,0.003442628,5,1,0.002504200,5,1,0,1,0,0,1,1,1,1,1,1,0.301895351,-1.120000000,1.590000000,0.000000000,1,36.907524368,12,1,12,1:-1.251:2.428|2:-0.428:2.425|3:0.392:2.424|4:1.223:2.419|5:1.228:1.589|6:0.405:1.588|7:-0.440:1.588|8:-1.261:1.589|9:-1.185:4.911|10:-0.390:4.902|11:0.375:4.903|12:1.182:4.901,0,-1.000000000,,0,0,0.000000000,0.000000000,0,-1.000000000,0,,0,-1.000000000,,0,-1.000000000,0,,1,-0.063950159,-3.664074190,-0.007326126,-0.012209892,1,3.133914232,179.560058864,-0.002442360,-2.714529037,1,-2.880847216,-165.060386879,-0.002442360,2.673503876,1,-0.193980217,-11.114247742,-0.021978378,0.422466278,1,0.870329857,49.866227583,-0.036628723,-0.003663063,-0.063950159,-3.664074190,0.000000000,-0.000000000,2.000000000,1.000000000,3.143832445,180.128330603,0.000000000,-2.770716190,8.500000000,2.500000000,-2.881228685,-165.082243484,0.000000000,2.694160938,3.000000000,0.800000012,-0.194361687,-11.136104347,0.000000000,0.431225687,1.200000048,0.200000003,0.870713234,49.888193471,0.000000000,0.000140909,0.100000001,0.020000000
2026-07-04 18:13:43.324,1783160023.324402332,39.014594263,1,1,38.999756209,1,0.003639091,5,1,0.002475879,5,1,0,1,0,0,1,1,1,1,1,1,0.112997343,-1.120000000,1.590000000,0.000000000,1,37.907568399,12,1,12,1:-1.251:2.428|2:-0.428:2.425|3:0.392:2.424|4:1.223:2.419|5:1.228:1.589|6:0.405:1.588|7:-0.440:1.588|8:-1.261:1.589|9:-1.185:4.911|10:-0.390:4.902|11:0.375:4.903|12:1.182:4.901,0,-1.000000000,,0,0,0.000000000,0.000000000,0,-1.000000000,0,,0,-1.000000000,,0,-1.000000000,0,,1,-0.063950159,-3.664074190,-0.007326126,-0.012209892,1,3.133914232,179.560058864,0.002442360,-2.714529037,1,-2.880847216,-165.060386879,-0.002442360,2.673503876,1,-0.193980217,-11.114247742,0.007326126,0.422466278,1,0.870329857,49.866227583,-0.012210846,-0.003663063,-0.063950159,-3.664074190,0.000000000,-0.000000000,2.000000000,1.000000000,3.143832445,180.128330603,0.000000000,-2.770716190,8.500000000,2.500000000,-2.881228685,-165.082243484,0.000000000,2.694160938,3.000000000,0.800000012,-0.194361687,-11.136104347,0.000000000,0.431225687,1.200000048,0.200000003,0.870713234,49.888193471,0.000000000,0.000140909,0.100000001,0.020000000
2026-07-04 18:13:44.324,1783160024.324448347,40.014640062,1,1,39.999802008,1,0.003505546,5,1,0.002612196,5,1,0,1,0,0,1,1,1,1,1,1,0.019855402,-1.120000000,1.590000000,0.000000000,1,38.907614198,12,1,12,1:-1.251:2.428|2:-0.428:2.425|3:0.392:2.424|4:1.223:2.419|5:1.228:1.589|6:0.405:1.588|7:-0.440:1.588|8:-1.261:1.589|9:-1.185:4.911|10:-0.390:4.902|11:0.375:4.903|12:1.182:4.901,0,-1.000000000,,0,0,0.000000000,0.000000000,0,-1.000000000,0,,0,-1.000000000,,0,-1.000000000,0,,1,-0.063950159,-3.664074190,0.007326126,-0.012209892,1,3.133914232,179.560058864,-0.002442360,-2.714529037,1,-2.880847216,-165.060386879,-0.002442360,2.659828186,1,-0.193598747,-11.092391137,-0.007326126,0.422466278,1,0.870713234,49.888193471,0.012210846,-0.003663063,-0.063950159,-3.664074190,0.000000000,-0.000000000,2.000000000,1.000000000,3.143832445,180.128330603,0.000000000,-2.770716190,8.500000000,2.500000000,-2.881228685,-165.082243484,0.000000000,2.694160938,3.000000000,0.800000012,-0.194361687,-11.136104347,0.000000000,0.431225687,1.200000048,0.200000003,0.870713234,49.888193471,0.000000000,0.000140909,0.100000001,0.020000000
2026-07-04 18:13:45.324,1783160025.324417591,41.014609304,1,1,40.999771250,1,0.003779986,5,1,0.002299537,5,1,0,1,0,0,1,1,1,1,1,1,0.100342288,-1.120000000,1.590000000,0.000000000,1,39.907583440,12,1,12,1:-1.251:2.428|2:-0.428:2.425|3:0.392:2.424|4:1.223:2.419|5:1.228:1.589|6:0.405:1.588|7:-0.440:1.588|8:-1.261:1.589|9:-1.185:4.911|10:-0.390:4.902|11:0.375:4.903|12:1.182:4.901,0,-1.000000000,,0,0,0.000000000,0.000000000,0,-1.000000000,0,,0,-1.000000000,,0,-1.000000000,0,,1,-0.063950159,-3.664074190,-0.021978378,-0.012209892,1,3.133914232,179.560058864,-0.002442360,-2.714529037,1,-2.880847216,-165.060386879,-0.002442360,2.687179565,1,-0.193598747,-11.092391137,-0.007326126,0.422466278,1,0.870329857,49.866227583,0.012210846,-0.001221180,-0.063950159,-3.664074190,0.000000000,-0.000000000,2.000000000,1.000000000,3.143832445,180.128330603,0.000000000,-2.770716190,8.500000000,2.500000000,-2.881228685,-165.082243484,0.000000000,2.694160938,3.000000000,0.800000012,-0.194361687,-11.136104347,0.000000000,0.431225687,1.200000048,0.200000003,0.870713234,49.888193471,0.000000000,0.000140909,0.100000001,0.020000000
2026-07-04 18:13:46.324,1783160026.324330568,42.014522451,1,1,41.999684397,1,0.003783122,5,1,0.002662757,5,1,0,1,0,0,1,1,1,1,1,1,0.078775965,-1.120000000,1.590000000,0.000000000,1,40.907496587,12,1,12,1:-1.251:2.428|2:-0.428:2.425|3:0.392:2.424|4:1.223:2.419|5:1.228:1.589|6:0.405:1.588|7:-0.440:1.588|8:-1.261:1.589|9:-1.185:4.911|10:-0.390:4.902|11:0.375:4.903|12:1.182:4.901,0,-1.000000000,,0,0,0.000000000,0.000000000,0,-1.000000000,0,,0,-1.000000000,,0,-1.000000000,0,,1,-0.063950159,-3.664074190,-0.007326126,-0.012209892,1,3.133914232,179.560058864,-0.007326126,-2.714529037,1,-2.880847216,-165.060386879,-0.002442360,2.673503876,1,-0.193980217,-11.114247742,-0.007326126,0.422466278,1,0.870329857,49.866227583,0.012210846,-0.003663063,-0.063950159,-3.664074190,0.000000000,-0.000000000,2.000000000,1.000000000,3.143832445,180.128330603,0.000000000,-2.770716190,8.500000000,2.500000000,-2.881228685,-165.082243484,0.000000000,2.694160938,3.000000000,0.800000012,-0.194361687,-11.136104347,0.000000000,0.431225687,1.200000048,0.200000003,0.870713234,49.888193471,0.000000000,0.000140909,0.100000001,0.020000000
2026-07-04 18:13:47.324,1783160027.324377298,43.014569175,1,1,42.999731121,1,0.003864377,5,1,0.002588177,5,1,0,1,0,0,1,1,1,1,1,1,0.099535958,-1.120000000,1.590000000,0.000000000,1,41.907543311,12,1,12,1:-1.251:2.428|2:-0.428:2.425|3:0.392:2.424|4:1.223:2.419|5:1.228:1.589|6:0.405:1.588|7:-0.440:1.588|8:-1.261:1.589|9:-1.185:4.911|10:-0.390:4.902|11:0.375:4.903|12:1.182:4.901,0,-1.000000000,,0,0,0.000000000,0.000000000,0,-1.000000000,0,,0,-1.000000000,,0,-1.000000000,0,,1,-0.063950159,-3.664074190,0.007326126,-0.012209892,1,3.133914232,179.560058864,-0.002442360,-2.714529037,1,-2.880847216,-165.060386879,-0.002442360,2.673503876,1,-0.193598747,-11.092391137,-0.007326126,0.422466278,1,0.870713234,49.888193471,0.036628723,-0.003663063,-0.063950159,-3.664074190,0.000000000,-0.000000000,2.000000000,1.000000000,3.143832445,180.128330603,0.000000000,-2.770716190,8.500000000,2.500000000,-2.881228685,-165.082243484,0.000000000,2.694160938,3.000000000,0.800000012,-0.194361687,-11.136104347,0.000000000,0.431225687,1.200000048,0.200000003,0.870713234,49.888193471,0.000000000,0.000140909,0.100000001,0.020000000
2026-07-04 18:13:48.324,1783160028.324328184,44.014519952,1,1,43.999681898,1,0.003920463,5,1,0.002536935,5,1,0,1,0,0,1,1,1,1,1,1,0.004753893,-1.120000000,1.590000000,0.000000000,1,42.907494088,12,1,12,1:-1.251:2.428|2:-0.428:2.425|3:0.392:2.424|4:1.223:2.419|5:1.228:1.589|6:0.405:1.588|7:-0.440:1.588|8:-1.261:1.589|9:-1.185:4.911|10:-0.390:4.902|11:0.375:4.903|12:1.182:4.901,0,-1.000000000,,0,0,0.000000000,0.000000000,0,-1.000000000,0,,0,-1.000000000,,0,-1.000000000,0,,1,-0.063950159,-3.664074190,0.007326126,-0.012209892,1,3.133914232,179.560058864,-0.002442360,-2.714529037,1,-2.880847216,-165.060386879,0.002442360,2.673503876,1,-0.193598747,-11.092391137,0.007326126,0.422466278,1,0.870713234,49.888193471,0.012210846,-0.003663063,-0.063950159,-3.664074190,0.000000000,-0.000000000,2.000000000,1.000000000,3.143832445,180.128330603,0.000000000,-2.770716190,8.500000000,2.500000000,-2.881228685,-165.082243484,0.000000000,2.694160938,3.000000000,0.800000012,-0.194361687,-11.136104347,0.000000000,0.431225687,1.200000048,0.200000003,0.870713234,49.888193471,0.000000000,0.000140909,0.100000001,0.020000000
2026-07-04 18:13:49.324,1783160029.324310541,45.014502430,1,1,44.999664376,1,0.003792700,5,1,0.002501770,5,1,0,1,0,0,1,1,1,1,1,1,0.355110638,-1.120000000,1.590000000,0.000000000,1,43.907476566,12,1,12,1:-1.251:2.428|2:-0.428:2.425|3:0.392:2.424|4:1.223:2.419|5:1.228:1.589|6:0.405:1.588|7:-0.440:1.588|8:-1.261:1.589|9:-1.185:4.911|10:-0.390:4.902|11:0.375:4.903|12:1.182:4.901,0,-1.000000000,,0,0,0.000000000,0.000000000,0,-1.000000000,0,,0,-1.000000000,,0,-1.000000000,0,,1,-0.063950159,-3.664074190,-0.021978378,-0.012209892,1,3.133914232,179.560058864,-0.002442360,-2.714529037,1,-2.880847216,-165.060386879,-0.002442360,2.687179565,1,-0.193598747,-11.092391137,-0.007326126,0.422466278,1,0.870713234,49.888193471,-0.036628723,-0.003663063,-0.063950159,-3.664074190,0.000000000,-0.000000000,2.000000000,1.000000000,3.143832445,180.128330603,0.000000000,-2.770716190,8.500000000,2.500000000,-2.881228685,-165.082243484,0.000000000,2.694160938,3.000000000,0.800000012,-0.194361687,-11.136104347,0.000000000,0.431225687,1.200000048,0.200000003,0.870713234,49.888193471,0.000000000,0.000140909,0.100000001,0.020000000
2026-07-04 18:13:50.324,1783160030.324323893,46.014515576,1,1,45.999677522,1,0.003885070,5,1,0.002633708,5,1,0,1,0,0,1,1,1,1,1,1,0.115124654,-1.120000000,1.590000000,0.000000000,1,44.907489712,12,1,12,1:-1.251:2.428|2:-0.428:2.425|3:0.392:2.424|4:1.223:2.419|5:1.228:1.589|6:0.405:1.588|7:-0.440:1.588|8:-1.261:1.589|9:-1.185:4.911|10:-0.390:4.902|11:0.375:4.903|12:1.182:4.901,0,-1.000000000,,0,0,0.000000000,0.000000000,0,-1.000000000,0,,0,-1.000000000,,0,-1.000000000,0,,1,-0.063950159,-3.664074190,-0.007326126,-0.012209892,1,3.133914232,179.560058864,-0.002442360,-2.714529037,1,-2.880847216,-165.060386879,-0.002442360,2.673503876,1,-0.193598747,-11.092391137,-0.007326126,0.422466278,1,0.870713234,49.888193471,-0.012210846,-0.003663063,-0.063950159,-3.664074190,0.000000000,-0.000000000,2.000000000,1.000000000,3.143832445,180.128330603,0.000000000,-2.770716190,8.500000000,2.500000000,-2.881228685,-165.082243484,0.000000000,2.694160938,3.000000000,0.800000012,-0.194361687,-11.136104347,0.000000000,0.431225687,1.200000048,0.200000003,0.870713234,49.888193471,0.000000000,0.000140909,0.100000001,0.020000000
2026-07-04 18:13:51.324,1783160031.324391603,47.014583570,1,1,46.999745516,1,0.003950563,5,1,0.002493860,5,1,0,1,0,0,1,1,1,1,1,1,0.098529437,-1.120000000,1.590000000,0.000000000,1,45.907557706,12,1,12,1:-1.251:2.428|2:-0.428:2.425|3:0.392:2.424|4:1.223:2.419|5:1.228:1.589|6:0.405:1.588|7:-0.440:1.588|8:-1.261:1.589|9:-1.185:4.911|10:-0.390:4.902|11:0.375:4.903|12:1.182:4.901,0,-1.000000000,,0,0,0.000000000,0.000000000,0,-1.000000000,0,,0,-1.000000000,,0,-1.000000000,0,,1,-0.063950159,-3.664074190,-0.007326126,-0.007326126,1,3.133914232,179.560058864,-0.002442360,-2.728204727,1,-2.880847216,-165.060386879,-0.002442360,2.673503876,1,-0.193598747,-11.092391137,0.007326126,0.422466278,1,0.870329857,49.866227583,-0.012210846,-0.003663063,-0.063950159,-3.664074190,0.000000000,-0.000000000,2.000000000,1.000000000,3.143832445,180.128330603,0.000000000,-2.770716190,8.500000000,2.500000000,-2.881228685,-165.082243484,0.000000000,2.694160938,3.000000000,0.800000012,-0.194361687,-11.136104347,0.000000000,0.431225687,1.200000048,0.200000003,0.870713234,49.888193471,0.000000000,0.000140909,0.100000001,0.020000000
2026-07-04 18:13:52.324,1783160032.324324608,48.014516463,1,1,47.999678409,1,0.003848830,5,1,0.002540419,5,1,0,1,0,0,1,1,1,1,1,1,0.005960617,-1.120000000,1.590000000,0.000000000,1,46.907490599,12,1,12,1:-1.251:2.428|2:-0.428:2.425|3:0.392:2.424|4:1.223:2.419|5:1.228:1.589|6:0.405:1.588|7:-0.440:1.588|8:-1.261:1.589|9:-1.185:4.911|10:-0.390:4.902|11:0.375:4.903|12:1.182:4.901,0,-1.000000000,,0,0,0.000000000,0.000000000,0,-1.000000000,0,,0,-1.000000000,,0,-1.000000000,0,,1,-0.063950159,-3.664074190,-0.021978378,-0.012209892,1,3.133914232,179.560058864,-0.007326126,-2.714529037,1,-2.880847216,-165.060386879,-0.007326126,2.673503876,1,-0.193980217,-11.114247742,-0.007326126,0.422466278,1,0.870329857,49.866227583,-0.036628723,-0.003663063,-0.063950159,-3.664074190,0.000000000,-0.000000000,2.000000000,1.000000000,3.143832445,180.128330603,0.000000000,-2.770716190,8.500000000,2.500000000,-2.881228685,-165.082243484,0.000000000,2.694160938,3.000000000,0.800000012,-0.194361687,-11.136104347,0.000000000,0.431225687,1.200000048,0.200000003,0.870713234,49.888193471,0.000000000,0.000140909,0.100000001,0.020000000
2026-07-04 18:13:53.324,1783160033.324307919,49.014499803,1,1,48.999661749,1,0.003815924,5,1,0.002572993,5,1,0,1,0,0,1,1,1,1,1,1,0.192173906,-1.120000000,1.590000000,0.000000000,1,47.907473939,12,1,12,1:-1.251:2.428|2:-0.428:2.425|3:0.392:2.424|4:1.223:2.419|5:1.228:1.589|6:0.405:1.588|7:-0.440:1.588|8:-1.261:1.589|9:-1.185:4.911|10:-0.390:4.902|11:0.375:4.903|12:1.182:4.901,0,-1.000000000,,0,0,0.000000000,0.000000000,0,-1.000000000,0,,0,-1.000000000,,0,-1.000000000,0,,1,-0.063950159,-3.664074190,-0.021978378,-0.012209892,1,3.133914232,179.560058864,0.002442360,-2.714529037,1,-2.880847216,-165.060386879,-0.002442360,2.687179565,1,-0.193980217,-11.114247742,-0.007326126,0.422466278,1,0.870329857,49.866227583,-0.012210846,-0.003663063,-0.063950159,-3.664074190,0.000000000,-0.000000000,2.000000000,1.000000000,3.143832445,180.128330603,0.000000000,-2.770716190,8.500000000,2.500000000,-2.881228685,-165.082243484,0.000000000,2.694160938,3.000000000,0.800000012,-0.194361687,-11.136104347,0.000000000,0.431225687,1.200000048,0.200000003,0.870713234,49.888193471,0.000000000,0.000140909,0.100000001,0.020000000
2026-07-04 18:13:54.324,1783160034.324344397,50.014536038,1,1,49.999697984,1,0.003753804,5,1,0.002414460,5,1,0,1,0,0,1,1,1,1,1,1,0.005361876,-1.120000000,1.590000000,0.000000000,1,48.907510174,12,1,12,1:-1.251:2.428|2:-0.428:2.425|3:0.392:2.424|4:1.223:2.419|5:1.228:1.589|6:0.405:1.588|7:-0.440:1.588|8:-1.261:1.589|9:-1.185:4.911|10:-0.390:4.902|11:0.375:4.903|12:1.182:4.901,0,-1.000000000,,0,0,0.000000000,0.000000000,0,-1.000000000,0,,0,-1.000000000,,0,-1.000000000,0,,1,-0.063950159,-3.664074190,-0.007326126,-0.012209892,1,3.133914232,179.560058864,-0.002442360,-2.714529037,1,-2.880847216,-165.060386879,-0.002442360,2.673503876,1,-0.193980217,-11.114247742,0.007326126,0.422466278,1,0.870329857,49.866227583,-0.012210846,-0.001221180,-0.063950159,-3.664074190,0.000000000,-0.000000000,2.000000000,1.000000000,3.143832445,180.128330603,0.000000000,-2.770716190,8.500000000,2.500000000,-2.881228685,-165.082243484,0.000000000,2.694160938,3.000000000,0.800000012,-0.194361687,-11.136104347,0.000000000,0.431225687,1.200000048,0.200000003,0.870713234,49.888193471,0.000000000,0.000140909,0.100000001,0.020000000
2026-07-04 18:13:55.324,1783160035.324338198,51.014530036,1,1,50.999691982,1,0.003916730,5,1,0.002611099,5,1,0,1,0,0,1,1,1,1,1,1,0.085987748,-1.120000000,1.590000000,0.000000000,1,49.907504172,12,1,12,1:-1.251:2.428|2:-0.428:2.425|3:0.392:2.424|4:1.223:2.419|5:1.228:1.589|6:0.405:1.588|7:-0.440:1.588|8:-1.261:1.589|9:-1.185:4.911|10:-0.390:4.902|11:0.375:4.903|12:1.182:4.901,0,-1.000000000,,0,0,0.000000000,0.000000000,0,-1.000000000,0,,0,-1.000000000,,0,-1.000000000,0,,1,-0.063950159,-3.664074190,0.007326126,-0.012209892,1,3.133914232,179.560058864,-0.007326126,-2.714529037,1,-2.880847216,-165.060386879,-0.002442360,2.673503876,1,-0.193598747,-11.092391137,-0.007326126,0.422466278,1,0.870329857,49.866227583,-0.012210846,-0.003663063,-0.063950159,-3.664074190,0.000000000,-0.000000000,2.000000000,1.000000000,3.143832445,180.128330603,0.000000000,-2.770716190,8.500000000,2.500000000,-2.881228685,-165.082243484,0.000000000,2.694160938,3.000000000,0.800000012,-0.194361687,-11.136104347,0.000000000,0.431225687,1.200000048,0.200000003,0.870713234,49.888193471,0.000000000,0.000140909,0.100000001,0.020000000
2026-07-04 18:13:56.324,1783160036.324330807,52.014522616,1,1,51.999684562,1,0.003891308,5,1,0.002527767,5,1,0,1,0,0,1,1,1,1,1,1,0.101462503,-1.120000000,1.590000000,0.000000000,1,50.907496752,12,1,12,1:-1.251:2.428|2:-0.428:2.425|3:0.392:2.424|4:1.223:2.419|5:1.228:1.589|6:0.405:1.588|7:-0.440:1.588|8:-1.261:1.589|9:-1.185:4.911|10:-0.390:4.902|11:0.375:4.903|12:1.182:4.901,0,-1.000000000,,0,0,0.000000000,0.000000000,0,-1.000000000,0,,0,-1.000000000,,0,-1.000000000,0,,1,-0.063950159,-3.664074190,-0.007326126,-0.012209892,1,3.133914232,179.560058864,-0.002442360,-2.728204727,1,-2.880847216,-165.060386879,-0.002442360,2.687179565,1,-0.193980217,-11.114247742,-0.021978378,0.422466278,1,0.870329857,49.866227583,-0.036628723,-0.003663063,-0.063950159,-3.664074190,0.000000000,-0.000000000,2.000000000,1.000000000,3.143832445,180.128330603,0.000000000,-2.770716190,8.500000000,2.500000000,-2.881228685,-165.082243484,0.000000000,2.694160938,3.000000000,0.800000012,-0.194361687,-11.136104347,0.000000000,0.431225687,1.200000048,0.200000003,0.870713234,49.888193471,0.000000000,0.000140909,0.100000001,0.020000000
2026-07-04 18:13:57.324,1783160037.324326038,53.014518043,1,1,52.999679989,1,0.003928779,5,1,0.002562740,5,1,0,1,0,0,1,1,1,1,1,1,0.092744512,-1.120000000,1.590000000,0.000000000,1,51.907492179,12,1,12,1:-1.251:2.428|2:-0.428:2.425|3:0.392:2.424|4:1.223:2.419|5:1.228:1.589|6:0.405:1.588|7:-0.440:1.588|8:-1.261:1.589|9:-1.185:4.911|10:-0.390:4.902|11:0.375:4.903|12:1.182:4.901,0,-1.000000000,,0,0,0.000000000,0.000000000,0,-1.000000000,0,,0,-1.000000000,,0,-1.000000000,0,,1,-0.063950159,-3.664074190,-0.007326126,-0.012209892,1,3.133914232,179.560058864,-0.002442360,-2.728204727,1,-2.880847216,-165.060386879,0.002442360,2.673503876,1,-0.193598747,-11.092391137,-0.007326126,0.422466278,1,0.870329857,49.866227583,-0.012210846,-0.003663063,-0.063950159,-3.664074190,0.000000000,-0.000000000,2.000000000,1.000000000,3.143832445,180.128330603,0.000000000,-2.770716190,8.500000000,2.500000000,-2.881228685,-165.082243484,0.000000000,2.694160938,3.000000000,0.800000012,-0.194361687,-11.136104347,0.000000000,0.431225687,1.200000048,0.200000003,0.870713234,49.888193471,0.000000000,0.000140909,0.100000001,0.020000000
2026-07-04 18:13:58.324,1783160038.324312925,54.014504742,1,1,53.999666688,1,0.003819137,5,1,0.002617046,5,1,0,1,0,0,1,1,1,1,1,1,0.316714443,-1.120000000,1.590000000,0.000000000,1,52.907478878,12,1,12,1:-1.251:2.428|2:-0.428:2.425|3:0.392:2.424|4:1.223:2.419|5:1.228:1.589|6:0.405:1.588|7:-0.440:1.588|8:-1.261:1.589|9:-1.185:4.911|10:-0.390:4.902|11:0.375:4.903|12:1.182:4.901,0,-1.000000000,,0,0,0.000000000,0.000000000,0,-1.000000000,0,,0,-1.000000000,,0,-1.000000000,0,,1,-0.063950159,-3.664074190,-0.007326126,-0.012209892,1,3.133914232,179.560058864,-0.002442360,-2.714529037,1,-2.880847216,-165.060386879,-0.002442360,2.673503876,1,-0.193598747,-11.092391137,0.007326126,0.422466278,1,0.870329857,49.866227583,-0.012210846,-0.003663063,-0.063950159,-3.664074190,0.000000000,-0.000000000,2.000000000,1.000000000,3.143832445,180.128330603,0.000000000,-2.770716190,8.500000000,2.500000000,-2.881228685,-165.082243484,0.000000000,2.694160938,3.000000000,0.800000012,-0.194361687,-11.136104347,0.000000000,0.431225687,1.200000048,0.200000003,0.870713234,49.888193471,0.000000000,0.000140909,0.100000001,0.020000000
2026-07-04 18:13:59.324,1783160039.324368238,55.014559953,1,1,54.999721899,1,0.003589498,5,1,0.002595418,5,1,0,1,0,0,1,1,1,1,1,1,0.077426109,-1.120000000,1.590000000,0.000000000,1,53.907534089,12,1,12,1:-1.251:2.428|2:-0.428:2.425|3:0.392:2.424|4:1.223:2.419|5:1.228:1.589|6:0.405:1.588|7:-0.440:1.588|8:-1.261:1.589|9:-1.185:4.911|10:-0.390:4.902|11:0.375:4.903|12:1.182:4.901,0,-1.000000000,,0,0,0.000000000,0.000000000,0,-1.000000000,0,,0,-1.000000000,,0,-1.000000000,0,,1,-0.063950159,-3.664074190,-0.021978378,-0.017093658,1,3.133914232,179.560058864,-0.002442360,-2.714529037,1,-2.880847216,-165.060386879,-0.002442360,2.673503876,1,-0.193598747,-11.092391137,-0.007326126,0.422466278,1,0.870329857,49.866227583,-0.012210846,-0.003663063,-0.063950159,-3.664074190,0.000000000,-0.000000000,2.000000000,1.000000000,3.143832445,180.128330603,0.000000000,-2.770716190,8.500000000,2.500000000,-2.881228685,-165.082243484,0.000000000,2.694160938,3.000000000,0.800000012,-0.194361687,-11.136104347,0.000000000,0.431225687,1.200000048,0.200000003,0.870713234,49.888193471,0.000000000,0.000140909,0.100000001,0.020000000
2026-07-04 18:14:00.324,1783160040.324310064,56.014501875,1,1,55.999663821,1,0.003967844,5,1,0.002484626,5,1,0,1,0,0,1,1,1,1,1,1,0.147648497,-1.120000000,1.590000000,0.000000000,1,54.907476011,12,1,12,1:-1.251:2.428|2:-0.428:2.425|3:0.392:2.424|4:1.223:2.419|5:1.228:1.589|6:0.405:1.588|7:-0.440:1.588|8:-1.261:1.589|9:-1.185:4.911|10:-0.390:4.902|11:0.375:4.903|12:1.182:4.901,0,-1.000000000,,0,0,0.000000000,0.000000000,0,-1.000000000,0,,0,-1.000000000,,0,-1.000000000,0,,1,-0.063950159,-3.664074190,-0.007326126,-0.012209892,1,3.133914232,179.560058864,-0.002442360,-2.700855255,1,-2.880847216,-165.060386879,-0.002442360,2.673503876,1,-0.193598747,-11.092391137,-0.007326126,0.422466278,1,0.870713234,49.888193471,-0.036628723,-0.001221180,-0.063950159,-3.664074190,0.000000000,-0.000000000,2.000000000,1.000000000,3.143832445,180.128330603,0.000000000,-2.770716190,8.500000000,2.500000000,-2.881228685,-165.082243484,0.000000000,2.694160938,3.000000000,0.800000012,-0.194361687,-11.136104347,0.000000000,0.431225687,1.200000048,0.200000003,0.870713234,49.888193471,0.000000000,0.000140909,0.100000001,0.020000000
2026-07-04 18:14:01.324,1783160041.324289560,57.014481282,1,1,56.999643228,1,0.003594950,5,1,0.002506962,5,1,0,1,0,0,1,1,1,1,1,1,0.001133417,-1.120000000,1.590000000,0.000000000,1,55.907455418,12,1,12,1:-1.251:2.428|2:-0.428:2.425|3:0.392:2.424|4:1.223:2.419|5:1.228:1.589|6:0.405:1.588|7:-0.440:1.588|8:-1.261:1.589|9:-1.185:4.911|10:-0.390:4.902|11:0.375:4.903|12:1.182:4.901,0,-1.000000000,,0,0,0.000000000,0.000000000,0,-1.000000000,0,,0,-1.000000000,,0,-1.000000000,0,,1,-0.063950159,-3.664074190,-0.007326126,-0.012209892,1,3.133914232,179.560058864,-0.002442360,-2.714529037,1,-2.880847216,-165.060386879,-0.002442360,2.673503876,1,-0.193980217,-11.114247742,0.007326126,0.422466278,1,0.870329857,49.866227583,-0.012210846,-0.003663063,-0.063950159,-3.664074190,0.000000000,-0.000000000,2.000000000,1.000000000,3.143832445,180.128330603,0.000000000,-2.770716190,8.500000000,2.500000000,-2.881228685,-165.082243484,0.000000000,2.694160938,3.000000000,0.800000012,-0.194361687,-11.136104347,0.000000000,0.431225687,1.200000048,0.200000003,0.870713234,49.888193471,0.000000000,0.000140909,0.100000001,0.020000000
2026-07-04 18:14:02.324,1783160042.324246883,58.014438538,1,1,57.999600484,1,0.003793983,5,1,0.002528109,5,1,0,1,0,0,1,1,1,1,1,1,0.000032220,-1.120000000,1.590000000,0.000000000,1,56.907412674,12,1,12,1:-1.251:2.428|2:-0.428:2.425|3:0.392:2.424|4:1.223:2.419|5:1.228:1.589|6:0.405:1.588|7:-0.440:1.588|8:-1.261:1.589|9:-1.185:4.911|10:-0.390:4.902|11:0.375:4.903|12:1.182:4.901,0,-1.000000000,,0,0,0.000000000,0.000000000,0,-1.000000000,0,,0,-1.000000000,,0,-1.000000000,0,,1,-0.063950159,-3.664074190,-0.021978378,-0.012209892,1,3.133914232,179.560058864,-0.002442360,-2.714529037,1,-2.880847216,-165.060386879,-0.002442360,2.673503876,1,-0.193598747,-11.092391137,-0.021978378,0.422466278,1,0.870329857,49.866227583,-0.012210846,-0.003663063,-0.063950159,-3.664074190,0.000000000,-0.000000000,2.000000000,1.000000000,3.143832445,180.128330603,0.000000000,-2.770716190,8.500000000,2.500000000,-2.881228685,-165.082243484,0.000000000,2.694160938,3.000000000,0.800000012,-0.194361687,-11.136104347,0.000000000,0.431225687,1.200000048,0.200000003,0.870713234,49.888193471,0.000000000,0.000140909,0.100000001,0.020000000
2026-07-04 18:14:03.324,1783160043.324314117,59.014505968,1,1,58.999667914,1,0.003791423,5,1,0.002392919,5,1,0,1,0,0,1,1,1,1,1,1,0.307731856,-1.120000000,1.590000000,0.000000000,1,57.907480104,12,1,12,1:-1.251:2.428|2:-0.428:2.425|3:0.392:2.424|4:1.223:2.419|5:1.228:1.589|6:0.405:1.588|7:-0.440:1.588|8:-1.261:1.589|9:-1.185:4.911|10:-0.390:4.902|11:0.375:4.903|12:1.182:4.901,0,-1.000000000,,0,0,0.000000000,0.000000000,0,-1.000000000,0,,0,-1.000000000,,0,-1.000000000,0,,1,-0.063950159,-3.664074190,-0.007326126,-0.012209892,1,3.133914232,179.560058864,-0.002442360,-2.714529037,1,-2.880847216,-165.060386879,-0.002442360,2.673503876,1,-0.193598747,-11.092391137,-0.007326126,0.422466278,1,0.870329857,49.866227583,0.012210846,-0.003663063,-0.063950159,-3.664074190,0.000000000,-0.000000000,2.000000000,1.000000000,3.143832445,180.128330603,0.000000000,-2.770716190,8.500000000,2.500000000,-2.881228685,-165.082243484,0.000000000,2.694160938,3.000000000,0.800000012,-0.194361687,-11.136104347,0.000000000,0.431225687,1.200000048,0.200000003,0.870713234,49.888193471,0.000000000,0.000140909,0.100000001,0.020000000
2026-07-04 18:14:04.324,1783160044.324282169,60.014473856,1,1,59.999635802,1,0.003752005,5,1,0.002642331,5,1,0,1,0,0,1,1,1,1,1,1,0.031064828,-1.120000000,1.590000000,0.000000000,1,58.907447992,12,1,12,1:-1.251:2.428|2:-0.428:2.425|3:0.392:2.424|4:1.223:2.419|5:1.228:1.589|6:0.405:1.588|7:-0.440:1.588|8:-1.261:1.589|9:-1.185:4.911|10:-0.390:4.902|11:0.375:4.903|12:1.182:4.901,0,-1.000000000,,0,0,0.000000000,0.000000000,0,-1.000000000,0,,0,-1.000000000,,0,-1.000000000,0,,1,-0.063950159,-3.664074190,-0.007326126,-0.012209892,1,3.133914232,179.560058864,-0.002442360,-2.714529037,1,-2.880847216,-165.060386879,-0.002442360,2.673503876,1,-0.193980217,-11.114247742,-0.007326126,0.422466278,1,0.870329857,49.866227583,-0.036628723,-0.003663063,-0.063950159,-3.664074190,0.000000000,-0.000000000,2.000000000,1.000000000,3.143832445,180.128330603,0.000000000,-2.770716190,8.500000000,2.500000000,-2.881228685,-165.082243484,0.000000000,2.694160938,3.000000000,0.800000012,-0.194361687,-11.136104347,0.000000000,0.431225687,1.200000048,0.200000003,0.870713234,49.888193471,0.000000000,0.000140909,0.100000001,0.020000000
2026-07-04 18:14:05.324,1783160045.324285984,61.014477799,1,1,60.999639745,1,0.003860085,5,1,0.002673221,5,1,0,1,0,0,1,1,1,1,1,1,0.076477858,-1.120000000,1.590000000,0.000000000,1,59.907451935,12,1,12,1:-1.251:2.428|2:-0.428:2.425|3:0.392:2.424|4:1.223:2.419|5:1.228:1.589|6:0.405:1.588|7:-0.440:1.588|8:-1.261:1.589|9:-1.185:4.911|10:-0.390:4.902|11:0.375:4.903|12:1.182:4.901,0,-1.000000000,,0,0,0.000000000,0.000000000,0,-1.000000000,0,,0,-1.000000000,,0,-1.000000000,0,,1,-0.063950159,-3.664074190,-0.007326126,-0.012209892,1,3.133914232,179.560058864,-0.002442360,-2.714529037,1,-2.880847216,-165.060386879,-0.002442360,2.673503876,1,-0.193980217,-11.114247742,-0.007326126,0.422466278,1,0.870329857,49.866227583,-0.012210846,-0.003663063,-0.063950159,-3.664074190,0.000000000,-0.000000000,2.000000000,1.000000000,3.143832445,180.128330603,0.000000000,-2.770716190,8.500000000,2.500000000,-2.881228685,-165.082243484,0.000000000,2.694160938,3.000000000,0.800000012,-0.194361687,-11.136104347,0.000000000,0.431225687,1.200000048,0.200000003,0.870713234,49.888193471,0.000000000,0.000140909,0.100000001,0.020000000
2026-07-04 18:14:06.324,1783160046.324266195,62.014457980,1,1,61.999619926,1,0.003878763,5,1,0.002608751,5,1,0,1,0,0,1,1,1,1,1,1,0.037583335,-1.120000000,1.590000000,0.000000000,1,60.907432116,12,1,12,1:-1.251:2.428|2:-0.428:2.425|3:0.392:2.424|4:1.223:2.419|5:1.228:1.589|6:0.405:1.588|7:-0.440:1.588|8:-1.261:1.589|9:-1.185:4.911|10:-0.390:4.902|11:0.375:4.903|12:1.182:4.901,0,-1.000000000,,0,0,0.000000000,0.000000000,0,-1.000000000,0,,0,-1.000000000,,0,-1.000000000,0,,1,-0.063950159,-3.664074190,-0.021978378,-0.012209892,1,3.133914232,179.560058864,-0.002442360,-2.714529037,1,-2.880847216,-165.060386879,0.002442360,2.673503876,1,-0.193980217,-11.114247742,-0.007326126,0.422466278,1,0.870713234,49.888193471,-0.036628723,-0.003663063,-0.063950159,-3.664074190,0.000000000,-0.000000000,2.000000000,1.000000000,3.143832445,180.128330603,0.000000000,-2.770716190,8.500000000,2.500000000,-2.881228685,-165.082243484,0.000000000,2.694160938,3.000000000,0.800000012,-0.194361687,-11.136104347,0.000000000,0.431225687,1.200000048,0.200000003,0.870713234,49.888193471,0.000000000,0.000140909,0.100000001,0.020000000
2026-07-04 18:14:07.324,1783160047.324290752,63.014482573,1,1,62.999644519,1,0.003947608,5,1,0.002623479,5,1,0,1,0,0,1,1,1,1,1,1,0.147615777,-1.120000000,1.590000000,0.000000000,1,61.907456709,12,1,12,1:-1.251:2.428|2:-0.428:2.425|3:0.392:2.424|4:1.223:2.419|5:1.228:1.589|6:0.405:1.588|7:-0.440:1.588|8:-1.261:1.589|9:-1.185:4.911|10:-0.390:4.902|11:0.375:4.903|12:1.182:4.901,0,-1.000000000,,0,0,0.000000000,0.000000000,0,-1.000000000,0,,0,-1.000000000,,0,-1.000000000,0,,1,-0.063950159,-3.664074190,-0.021978378,-0.012209892,1,3.133914232,179.560058864,-0.002442360,-2.714529037,1,-2.880847216,-165.060386879,0.002442360,2.687179565,1,-0.193980217,-11.114247742,-0.007326126,0.422466278,1,0.870329857,49.866227583,0.012210846,-0.003663063,-0.063950159,-3.664074190,0.000000000,-0.000000000,2.000000000,1.000000000,3.143832445,180.128330603,0.000000000,-2.770716190,8.500000000,2.500000000,-2.881228685,-165.082243484,0.000000000,2.694160938,3.000000000,0.800000012,-0.194361687,-11.136104347,0.000000000,0.431225687,1.200000048,0.200000003,0.870713234,49.888193471,0.000000000,0.000140909,0.100000001,0.020000000
2026-07-04 18:14:08.324,1783160048.324293375,64.014485097,1,1,63.999647043,1,0.003884320,5,1,0.002359318,5,1,0,1,0,0,1,1,1,1,1,1,0.034036639,-1.120000000,1.590000000,0.000000000,1,62.907459233,12,1,12,1:-1.251:2.428|2:-0.428:2.425|3:0.392:2.424|4:1.223:2.419|5:1.228:1.589|6:0.405:1.588|7:-0.440:1.588|8:-1.261:1.589|9:-1.185:4.911|10:-0.390:4.902|11:0.375:4.903|12:1.182:4.901,0,-1.000000000,,0,0,0.000000000,0.000000000,0,-1.000000000,0,,0,-1.000000000,,0,-1.000000000,0,,1,-0.063950159,-3.664074190,-0.007326126,-0.007326126,1,3.133914232,179.560058864,-0.002442360,-2.714529037,1,-2.880847216,-165.060386879,0.002442360,2.673503876,1,-0.193980217,-11.114247742,-0.007326126,0.422466278,1,0.870713234,49.888193471,-0.012210846,-0.003663063,-0.063950159,-3.664074190,0.000000000,-0.000000000,2.000000000,1.000000000,3.143832445,180.128330603,0.000000000,-2.770716190,8.500000000,2.500000000,-2.881228685,-165.082243484,0.000000000,2.694160938,3.000000000,0.800000012,-0.194361687,-11.136104347,0.000000000,0.431225687,1.200000048,0.200000003,0.870713234,49.888193471,0.000000000,0.000140909,0.100000001,0.020000000
2026-07-04 18:14:09.324,1783160049.324263096,65.014455010,1,1,64.999616956,1,0.003869420,5,1,0.002434107,5,1,0,1,0,0,1,1,1,1,1,1,0.010780252,-1.120000000,1.590000000,0.000000000,1,63.907429146,12,1,12,1:-1.251:2.428|2:-0.428:2.425|3:0.392:2.424|4:1.223:2.419|5:1.228:1.589|6:0.405:1.588|7:-0.440:1.588|8:-1.261:1.589|9:-1.185:4.911|10:-0.390:4.902|11:0.375:4.903|12:1.182:4.901,0,-1.000000000,,0,0,0.000000000,0.000000000,0,-1.000000000,0,,0,-1.000000000,,0,-1.000000000,0,,1,-0.063950159,-3.664074190,-0.007326126,-0.012209892,1,3.133914232,179.560058864,-0.002442360,-2.714529037,1,-2.880847216,-165.060386879,-0.002442360,2.673503876,1,-0.193980217,-11.114247742,-0.007326126,0.422466278,1,0.870329857,49.866227583,-0.036628723,-0.001221180,-0.063950159,-3.664074190,0.000000000,-0.000000000,2.000000000,1.000000000,3.143832445,180.128330603,0.000000000,-2.770716190,8.500000000,2.500000000,-2.881228685,-165.082243484,0.000000000,2.694160938,3.000000000,0.800000012,-0.194361687,-11.136104347,0.000000000,0.431225687,1.200000048,0.200000003,0.870713234,49.888193471,0.000000000,0.000140909,0.100000001,0.020000000
2026-07-04 18:14:10.324,1783160050.324251413,66.014443145,1,1,65.999605091,1,0.003915013,5,1,0.002626339,5,1,0,1,0,0,1,1,1,1,1,1,0.005657824,-1.120000000,1.590000000,0.000000000,1,64.907417281,12,1,12,1:-1.251:2.428|2:-0.428:2.425|3:0.392:2.424|4:1.223:2.419|5:1.228:1.589|6:0.405:1.588|7:-0.440:1.588|8:-1.261:1.589|9:-1.185:4.911|10:-0.390:4.902|11:0.375:4.903|12:1.182:4.901,0,-1.000000000,,0,0,0.000000000,0.000000000,0,-1.000000000,0,,0,-1.000000000,,0,-1.000000000,0,,1,-0.063950159,-3.664074190,-0.007326126,-0.012209892,1,3.133914232,179.560058864,-0.002442360,-2.714529037,1,-2.880847216,-165.060386879,-0.002442360,2.659828186,1,-0.193598747,-11.092391137,-0.007326126,0.422466278,1,0.870713234,49.888193471,0.036628723,-0.001221180,-0.063950159,-3.664074190,0.000000000,-0.000000000,2.000000000,1.000000000,3.143832445,180.128330603,0.000000000,-2.770716190,8.500000000,2.500000000,-2.881228685,-165.082243484,0.000000000,2.694160938,3.000000000,0.800000012,-0.194361687,-11.136104347,0.000000000,0.431225687,1.200000048,0.200000003,0.870713234,49.888193471,0.000000000,0.000140909,0.100000001,0.020000000
2026-07-04 18:14:11.324,1783160051.324266911,67.014458758,1,1,66.999620704,1,0.003169705,5,1,0.002492293,5,1,0,1,0,0,1,1,1,1,1,1,0.042508000,-1.120000000,1.590000000,0.000000000,1,65.907432894,12,1,12,1:-1.251:2.428|2:-0.428:2.425|3:0.392:2.424|4:1.223:2.419|5:1.228:1.589|6:0.405:1.588|7:-0.440:1.588|8:-1.261:1.589|9:-1.185:4.911|10:-0.390:4.902|11:0.375:4.903|12:1.182:4.901,0,-1.000000000,,0,0,0.000000000,0.000000000,0,-1.000000000,0,,0,-1.000000000,,0,-1.000000000,0,,1,-0.063950159,-3.664074190,-0.007326126,-0.012209892,1,3.133914232,179.560058864,-0.007326126,-2.714529037,1,-2.880847216,-165.060386879,-0.002442360,2.673503876,1,-0.193980217,-11.114247742,0.007326126,0.422466278,1,0.870329857,49.866227583,-0.012210846,-0.001221180,-0.063950159,-3.664074190,0.000000000,-0.000000000,2.000000000,1.000000000,3.143832445,180.128330603,0.000000000,-2.770716190,8.500000000,2.500000000,-2.881228685,-165.082243484,0.000000000,2.694160938,3.000000000,0.800000012,-0.194361687,-11.136104347,0.000000000,0.431225687,1.200000048,0.200000003,0.870713234,49.888193471,0.000000000,0.000140909,0.100000001,0.020000000
2026-07-04 18:14:12.324,1783160052.324265957,68.014457789,1,1,67.999619735,1,0.003714898,5,1,0.002380043,5,1,0,1,0,0,1,1,1,1,1,1,0.137994640,-1.120000000,1.590000000,0.000000000,1,66.907431925,12,1,12,1:-1.251:2.428|2:-0.428:2.425|3:0.392:2.424|4:1.223:2.419|5:1.228:1.589|6:0.405:1.588|7:-0.440:1.588|8:-1.261:1.589|9:-1.185:4.911|10:-0.390:4.902|11:0.375:4.903|12:1.182:4.901,0,-1.000000000,,0,0,0.000000000,0.000000000,0,-1.000000000,0,,0,-1.000000000,,0,-1.000000000,0,,1,-0.063950159,-3.664074190,-0.007326126,-0.012209892,1,3.133914232,179.560058864,-0.002442360,-2.714529037,1,-2.880847216,-165.060386879,-0.002442360,2.673503876,1,-0.193598747,-11.092391137,-0.007326126,0.422466278,1,0.870329857,49.866227583,-0.012210846,-0.003663063,-0.063950159,-3.664074190,0.000000000,-0.000000000,2.000000000,1.000000000,3.143832445,180.128330603,0.000000000,-2.770716190,8.500000000,2.500000000,-2.881228685,-165.082243484,0.000000000,2.694160938,3.000000000,0.800000012,-0.194361687,-11.136104347,0.000000000,0.431225687,1.200000048,0.200000003,0.870713234,49.888193471,0.000000000,0.000140909,0.100000001,0.020000000
2026-07-04 18:14:13.324,1783160053.324326515,69.014518123,1,1,68.999680069,1,0.003846103,5,1,0.002709586,5,1,0,1,0,0,1,1,1,1,1,1,0.081420913,-1.120000000,1.590000000,0.000000000,1,67.907492259,12,1,12,1:-1.251:2.428|2:-0.428:2.425|3:0.392:2.424|4:1.223:2.419|5:1.228:1.589|6:0.405:1.588|7:-0.440:1.588|8:-1.261:1.589|9:-1.185:4.911|10:-0.390:4.902|11:0.375:4.903|12:1.182:4.901,0,-1.000000000,,0,0,0.000000000,0.000000000,0,-1.000000000,0,,0,-1.000000000,,0,-1.000000000,0,,1,-0.063950159,-3.664074190,-0.007326126,-0.012209892,1,3.133914232,179.560058864,-0.002442360,-2.714529037,1,-2.880847216,-165.060386879,-0.002442360,2.673503876,1,-0.193980217,-11.114247742,-0.007326126,0.422466278,1,0.870329857,49.866227583,-0.036628723,-0.001221180,-0.063950159,-3.664074190,0.000000000,-0.000000000,2.000000000,1.000000000,3.143832445,180.128330603,0.000000000,-2.770716190,8.500000000,2.500000000,-2.881228685,-165.082243484,0.000000000,2.694160938,3.000000000,0.800000012,-0.194361687,-11.136104347,0.000000000,0.431225687,1.200000048,0.200000003,0.870713234,49.888193471,0.000000000,0.000140909,0.100000001,0.020000000
2026-07-04 18:14:14.324,1783160054.324241877,70.014433873,1,1,69.999595819,1,0.003694521,5,1,0.002510933,5,1,0,1,0,0,1,1,1,1,1,1,0.042752203,-1.120000000,1.590000000,0.000000000,1,68.907408009,12,1,12,1:-1.251:2.428|2:-0.428:2.425|3:0.392:2.424|4:1.223:2.419|5:1.228:1.589|6:0.405:1.588|7:-0.440:1.588|8:-1.261:1.589|9:-1.185:4.911|10:-0.390:4.902|11:0.375:4.903|12:1.182:4.901,0,-1.000000000,,0,0,0.000000000,0.000000000,0,-1.000000000,0,,0,-1.000000000,,0,-1.000000000,0,,1,-0.063950159,-3.664074190,-0.007326126,-0.012209892,1,3.133914232,179.560058864,0.002442360,-2.714529037,1,-2.880847216,-165.060386879,-0.002442360,2.673503876,1,-0.193598747,-11.092391137,-0.007326126,0.422466278,1,0.870329857,49.866227583,-0.036628723,-0.003663063,-0.063950159,-3.664074190,0.000000000,-0.000000000,2.000000000,1.000000000,3.143832445,180.128330603,0.000000000,-2.770716190,8.500000000,2.500000000,-2.881228685,-165.082243484,0.000000000,2.694160938,3.000000000,0.800000012,-0.194361687,-11.136104347,0.000000000,0.431225687,1.200000048,0.200000003,0.870713234,49.888193471,0.000000000,0.000140909,0.100000001,0.020000000
2026-07-04 18:14:15.324,1783160055.324322224,71.014514017,1,1,70.999675963,1,0.003810557,5,1,0.002703049,5,1,0,1,0,0,1,1,1,1,1,1,0.038592602,-1.120000000,1.590000000,0.000000000,1,69.907488153,12,1,12,1:-1.251:2.428|2:-0.428:2.425|3:0.392:2.424|4:1.223:2.419|5:1.228:1.589|6:0.405:1.588|7:-0.440:1.588|8:-1.261:1.589|9:-1.185:4.911|10:-0.390:4.902|11:0.375:4.903|12:1.182:4.901,0,-1.000000000,,0,0,0.000000000,0.000000000,0,-1.000000000,0,,0,-1.000000000,,0,-1.000000000,0,,1,-0.063950159,-3.664074190,-0.007326126,-0.012209892,1,3.133914232,179.560058864,-0.002442360,-2.714529037,1,-2.880847216,-165.060386879,-0.002442360,2.673503876,1,-0.193598747,-11.092391137,0.007326126,0.422466278,1,0.870329857,49.866227583,-0.012210846,-0.001221180,-0.063950159,-3.664074190,0.000000000,-0.000000000,2.000000000,1.000000000,3.143832445,180.128330603,0.000000000,-2.770716190,8.500000000,2.500000000,-2.881228685,-165.082243484,0.000000000,2.694160938,3.000000000,0.800000012,-0.194361687,-11.136104347,0.000000000,0.431225687,1.200000048,0.200000003,0.870713234,49.888193471,0.000000000,0.000140909,0.100000001,0.020000000
2026-07-04 18:14:16.324,1783160056.324244261,72.014436147,1,1,71.999598093,1,0.003920570,5,1,0.002625041,5,1,0,1,0,0,1,1,1,1,1,1,0.018250700,-1.120000000,1.590000000,0.000000000,1,70.907410283,12,1,12,1:-1.251:2.428|2:-0.428:2.425|3:0.392:2.424|4:1.223:2.419|5:1.228:1.589|6:0.405:1.588|7:-0.440:1.588|8:-1.261:1.589|9:-1.185:4.911|10:-0.390:4.902|11:0.375:4.903|12:1.182:4.901,0,-1.000000000,,0,0,0.000000000,0.000000000,0,-1.000000000,0,,0,-1.000000000,,0,-1.000000000,0,,1,-0.063950159,-3.664074190,-0.021978378,-0.012209892,1,3.133914232,179.560058864,0.002442360,-2.714529037,1,-2.880847216,-165.060386879,-0.007326126,2.673503876,1,-0.193980217,-11.114247742,-0.021978378,0.422466278,1,0.870329857,49.866227583,-0.012210846,-0.001221180,-0.063950159,-3.664074190,0.000000000,-0.000000000,2.000000000,1.000000000,3.143832445,180.128330603,0.000000000,-2.770716190,8.500000000,2.500000000,-2.881228685,-165.082243484,0.000000000,2.694160938,3.000000000,0.800000012,-0.194361687,-11.136104347,0.000000000,0.431225687,1.200000048,0.200000003,0.870713234,49.888193471,0.000000000,0.000140909,0.100000001,0.020000000
2026-07-04 18:14:17.324,1783160057.324217558,73.014409389,1,1,72.999571335,1,0.003951984,5,1,0.002604682,5,1,0,1,0,0,1,1,1,1,1,1,0.000274890,-1.120000000,1.590000000,0.000000000,1,71.907383525,12,1,12,1:-1.251:2.428|2:-0.428:2.425|3:0.392:2.424|4:1.223:2.419|5:1.228:1.589|6:0.405:1.588|7:-0.440:1.588|8:-1.261:1.589|9:-1.185:4.911|10:-0.390:4.902|11:0.375:4.903|12:1.182:4.901,0,-1.000000000,,0,0,0.000000000,0.000000000,0,-1.000000000,0,,0,-1.000000000,,0,-1.000000000,0,,1,-0.063950159,-3.664074190,-0.021978378,-0.017093658,1,3.133914232,179.560058864,-0.002442360,-2.714529037,1,-2.880847216,-165.060386879,-0.002442360,2.673503876,1,-0.193598747,-11.092391137,-0.007326126,0.422466278,1,0.870329857,49.866227583,-0.012210846,-0.003663063,-0.063950159,-3.664074190,0.000000000,-0.000000000,2.000000000,1.000000000,3.143832445,180.128330603,0.000000000,-2.770716190,8.500000000,2.500000000,-2.881228685,-165.082243484,0.000000000,2.694160938,3.000000000,0.800000012,-0.194361687,-11.136104347,0.000000000,0.431225687,1.200000048,0.200000003,0.870713234,49.888193471,0.000000000,0.000140909,0.100000001,0.020000000
2026-07-04 18:14:18.324,1783160058.324230909,74.014422673,1,1,73.999584619,1,0.003716713,5,1,0.002485009,5,1,0,1,0,0,1,1,1,1,1,1,0.098414112,-1.120000000,1.590000000,0.000000000,1,72.907396809,12,1,12,1:-1.251:2.428|2:-0.428:2.425|3:0.392:2.424|4:1.223:2.419|5:1.228:1.589|6:0.405:1.588|7:-0.440:1.588|8:-1.261:1.589|9:-1.185:4.911|10:-0.390:4.902|11:0.375:4.903|12:1.182:4.901,0,-1.000000000,,0,0,0.000000000,0.000000000,0,-1.000000000,0,,0,-1.000000000,,0,-1.000000000,0,,1,-0.063950159,-3.664074190,-0.007326126,-0.012209892,1,3.133914232,179.560058864,-0.002442360,-2.700855255,1,-2.880847216,-165.060386879,-0.002442360,2.673503876,1,-0.193598747,-11.092391137,-0.007326126,0.422466278,1,0.870329857,49.866227583,0.012210846,-0.003663063,-0.063950159,-3.664074190,0.000000000,-0.000000000,2.000000000,1.000000000,3.143832445,180.128330603,0.000000000,-2.770716190,8.500000000,2.500000000,-2.881228685,-165.082243484,0.000000000,2.694160938,3.000000000,0.800000012,-0.194361687,-11.136104347,0.000000000,0.431225687,1.200000048,0.200000003,0.870713234,49.888193471,0.000000000,0.000140909,0.100000001,0.020000000
2026-07-04 18:14:19.324,1783160059.324215651,75.014407409,1,1,74.999569355,1,0.003843740,5,1,0.002600086,5,1,0,1,0,0,1,1,1,1,1,1,0.166757207,-1.120000000,1.590000000,0.000000000,1,73.907381545,12,1,12,1:-1.251:2.428|2:-0.428:2.425|3:0.392:2.424|4:1.223:2.419|5:1.228:1.589|6:0.405:1.588|7:-0.440:1.588|8:-1.261:1.589|9:-1.185:4.911|10:-0.390:4.902|11:0.375:4.903|12:1.182:4.901,0,-1.000000000,,0,0,0.000000000,0.000000000,0,-1.000000000,0,,0,-1.000000000,,0,-1.000000000,0,,1,-0.063950159,-3.664074190,-0.021978378,-0.012209892,1,3.133914232,179.560058864,-0.002442360,-2.700855255,1,-2.880847216,-165.060386879,-0.002442360,2.673503876,1,-0.193598747,-11.092391137,-0.007326126,0.422466278,1,0.870329857,49.866227583,0.012210846,-0.003663063,-0.063950159,-3.664074190,0.000000000,-0.000000000,2.000000000,1.000000000,3.143832445,180.128330603,0.000000000,-2.770716190,8.500000000,2.500000000,-2.881228685,-165.082243484,0.000000000,2.694160938,3.000000000,0.800000012,-0.194361687,-11.136104347,0.000000000,0.431225687,1.200000048,0.200000003,0.870713234,49.888193471,0.000000000,0.000140909,0.100000001,0.020000000
2026-07-04 18:14:20.324,1783160060.324217558,76.014409558,1,1,75.999571504,1,0.003801324,5,1,0.002584417,5,1,0,1,0,0,1,1,1,1,1,1,0.000463358,-1.120000000,1.590000000,0.000000000,1,74.907383694,12,1,12,1:-1.251:2.428|2:-0.428:2.425|3:0.392:2.424|4:1.223:2.419|5:1.228:1.589|6:0.405:1.588|7:-0.440:1.588|8:-1.261:1.589|9:-1.185:4.911|10:-0.390:4.902|11:0.375:4.903|12:1.182:4.901,0,-1.000000000,,0,0,0.000000000,0.000000000,0,-1.000000000,0,,0,-1.000000000,,0,-1.000000000,0,,1,-0.063950159,-3.664074190,-0.007326126,-0.017093658,1,3.133914232,179.560058864,0.002442360,-2.714529037,1,-2.880847216,-165.060386879,-0.002442360,2.673503876,1,-0.193980217,-11.114247742,-0.007326126,0.422466278,1,0.870329857,49.866227583,-0.036628723,-0.003663063,-0.063950159,-3.664074190,0.000000000,-0.000000000,2.000000000,1.000000000,3.143832445,180.128330603,0.000000000,-2.770716190,8.500000000,2.500000000,-2.881228685,-165.082243484,0.000000000,2.694160938,3.000000000,0.800000012,-0.194361687,-11.136104347,0.000000000,0.431225687,1.200000048,0.200000003,0.870713234,49.888193471,0.000000000,0.000140909,0.100000001,0.020000000
2026-07-04 18:14:21.324,1783160061.324197054,77.014388897,1,1,76.999550843,1,0.003909237,5,1,0.002606616,5,1,0,1,0,0,1,1,1,1,1,1,0.060226105,-1.120000000,1.590000000,0.000000000,1,75.907363033,12,1,12,1:-1.251:2.428|2:-0.428:2.425|3:0.392:2.424|4:1.223:2.419|5:1.228:1.589|6:0.405:1.588|7:-0.440:1.588|8:-1.261:1.589|9:-1.185:4.911|10:-0.390:4.902|11:0.375:4.903|12:1.182:4.901,0,-1.000000000,,0,0,0.000000000,0.000000000,0,-1.000000000,0,,0,-1.000000000,,0,-1.000000000,0,,1,-0.063950159,-3.664074190,-0.007326126,-0.012209892,1,3.133914232,179.560058864,-0.002442360,-2.714529037,1,-2.880847216,-165.060386879,-0.002442360,2.673503876,1,-0.193980217,-11.114247742,-0.021978378,0.422466278,1,0.870713234,49.888193471,0.012210846,-0.003663063,-0.063950159,-3.664074190,0.000000000,-0.000000000,2.000000000,1.000000000,3.143832445,180.128330603,0.000000000,-2.770716190,8.500000000,2.500000000,-2.881228685,-165.082243484,0.000000000,2.694160938,3.000000000,0.800000012,-0.194361687,-11.136104347,0.000000000,0.431225687,1.200000048,0.200000003,0.870713234,49.888193471,0.000000000,0.000140909,0.100000001,0.020000000
2026-07-04 18:14:22.324,1783160062.324195385,78.014387069,1,1,77.999549015,1,0.003977902,5,1,0.002540815,5,1,0,1,0,0,1,1,1,1,1,1,0.198471200,-1.120000000,1.590000000,0.000000000,1,76.907361205,12,1,12,1:-1.251:2.428|2:-0.428:2.425|3:0.392:2.424|4:1.223:2.419|5:1.228:1.589|6:0.405:1.588|7:-0.440:1.588|8:-1.261:1.589|9:-1.185:4.911|10:-0.390:4.902|11:0.375:4.903|12:1.182:4.901,0,-1.000000000,,0,0,0.000000000,0.000000000,0,-1.000000000,0,,0,-1.000000000,,0,-1.000000000,0,,1,-0.063950159,-3.664074190,0.021978378,-0.012209892,1,3.133914232,179.560058864,-0.002442360,-2.714529037,1,-2.880847216,-165.060386879,-0.007326126,2.673503876,1,-0.193598747,-11.092391137,0.007326126,0.422466278,1,0.870329857,49.866227583,-0.036628723,-0.003663063,-0.063950159,-3.664074190,0.000000000,-0.000000000,2.000000000,1.000000000,3.143832445,180.128330603,0.000000000,-2.770716190,8.500000000,2.500000000,-2.881228685,-165.082243484,0.000000000,2.694160938,3.000000000,0.800000012,-0.194361687,-11.136104347,0.000000000,0.431225687,1.200000048,0.200000003,0.870713234,49.888193471,0.000000000,0.000140909,0.100000001,0.020000000
2026-07-04 18:14:23.324,1783160063.324227810,79.014419714,1,1,78.999581660,1,0.004050562,5,1,0.002711287,5,1,0,1,0,0,1,1,1,1,1,1,0.070072302,-1.120000000,1.590000000,0.000000000,1,77.907393850,12,1,12,1:-1.251:2.428|2:-0.428:2.425|3:0.392:2.424|4:1.223:2.419|5:1.228:1.589|6:0.405:1.588|7:-0.440:1.588|8:-1.261:1.589|9:-1.185:4.911|10:-0.390:4.902|11:0.375:4.903|12:1.182:4.901,0,-1.000000000,,0,0,0.000000000,0.000000000,0,-1.000000000,0,,0,-1.000000000,,0,-1.000000000,0,,1,-0.063950159,-3.664074190,-0.007326126,-0.012209892,1,3.133914232,179.560058864,-0.002442360,-2.714529037,1,-2.880847216,-165.060386879,0.002442360,2.673503876,1,-0.193980217,-11.114247742,-0.021978378,0.422466278,1,0.870329857,49.866227583,0.012210846,-0.003663063,-0.063950159,-3.664074190,0.000000000,-0.000000000,2.000000000,1.000000000,3.143832445,180.128330603,0.000000000,-2.770716190,8.500000000,2.500000000,-2.881228685,-165.082243484,0.000000000,2.694160938,3.000000000,0.800000012,-0.194361687,-11.136104347,0.000000000,0.431225687,1.200000048,0.200000003,0.870713234,49.888193471,0.000000000,0.000140909,0.100000001,0.020000000
2026-07-04 18:14:24.324,1783160064.324227810,80.014419726,1,1,79.999581672,1,0.003759909,5,1,0.002582292,5,1,0,1,0,0,1,1,1,1,1,1,0.258493193,-1.120000000,1.590000000,0.000000000,1,78.907393862,12,1,12,1:-1.251:2.428|2:-0.428:2.425|3:0.392:2.424|4:1.223:2.419|5:1.228:1.589|6:0.405:1.588|7:-0.440:1.588|8:-1.261:1.589|9:-1.185:4.911|10:-0.390:4.902|11:0.375:4.903|12:1.182:4.901,0,-1.000000000,,0,0,0.000000000,0.000000000,0,-1.000000000,0,,0,-1.000000000,,0,-1.000000000,0,,1,-0.063950159,-3.664074190,-0.007326126,-0.012209892,1,3.133914232,179.560058864,-0.002442360,-2.714529037,1,-2.880847216,-165.060386879,-0.002442360,2.673503876,1,-0.193980217,-11.114247742,-0.007326126,0.422466278,1,0.870329857,49.866227583,-0.036628723,-0.003663063,-0.063950159,-3.664074190,0.000000000,-0.000000000,2.000000000,1.000000000,3.143832445,180.128330603,0.000000000,-2.770716190,8.500000000,2.500000000,-2.881228685,-165.082243484,0.000000000,2.694160938,3.000000000,0.800000012,-0.194361687,-11.136104347,0.000000000,0.431225687,1.200000048,0.200000003,0.870713234,49.888193471,0.000000000,0.000140909,0.100000001,0.020000000
2026-07-04 18:14:25.324,1783160065.324396133,81.014587761,1,1,80.999749707,1,0.004085385,5,1,0.002660876,5,1,0,1,0,0,1,1,1,1,1,1,0.036650084,-1.120000000,1.590000000,0.000000000,1,79.907561897,12,1,12,1:-1.251:2.428|2:-0.428:2.425|3:0.392:2.424|4:1.223:2.419|5:1.228:1.589|6:0.405:1.588|7:-0.440:1.588|8:-1.261:1.589|9:-1.185:4.911|10:-0.390:4.902|11:0.375:4.903|12:1.182:4.901,0,-1.000000000,,0,0,0.000000000,0.000000000,0,-1.000000000,0,,0,-1.000000000,,0,-1.000000000,0,,1,-0.063950159,-3.664074190,0.007326126,-0.017093658,1,3.133914232,179.560058864,0.002442360,-2.714529037,1,-2.880847216,-165.060386879,-0.002442360,2.673503876,1,-0.193598747,-11.092391137,-0.007326126,0.422466278,1,0.870329857,49.866227583,-0.036628723,-0.003663063,-0.063950159,-3.664074190,0.000000000,-0.000000000,2.000000000,1.000000000,3.143832445,180.128330603,0.000000000,-2.770716190,8.500000000,2.500000000,-2.881228685,-165.082243484,0.000000000,2.694160938,3.000000000,0.800000012,-0.194361687,-11.136104347,0.000000000,0.431225687,1.200000048,0.200000003,0.870713234,49.888193471,0.000000000,0.000140909,0.100000001,0.020000000
2026-07-04 18:14:26.324,1783160066.324200630,82.014392541,1,1,81.999554487,1,0.003837528,5,1,0.002570371,5,1,0,1,0,0,1,1,1,1,1,1,0.006335996,-1.120000000,1.590000000,0.000000000,1,80.907366677,12,1,12,1:-1.251:2.428|2:-0.428:2.425|3:0.392:2.424|4:1.223:2.419|5:1.228:1.589|6:0.405:1.588|7:-0.440:1.588|8:-1.261:1.589|9:-1.185:4.911|10:-0.390:4.902|11:0.375:4.903|12:1.182:4.901,0,-1.000000000,,0,0,0.000000000,0.000000000,0,-1.000000000,0,,0,-1.000000000,,0,-1.000000000,0,,1,-0.063950159,-3.664074190,0.007326126,-0.012209892,1,3.133914232,179.560058864,-0.002442360,-2.714529037,1,-2.880847216,-165.060386879,-0.002442360,2.673503876,1,-0.193980217,-11.114247742,-0.007326126,0.422466278,1,0.870329857,49.866227583,-0.012210846,-0.001221180,-0.063950159,-3.664074190,0.000000000,-0.000000000,2.000000000,1.000000000,3.143832445,180.128330603,0.000000000,-2.770716190,8.500000000,2.500000000,-2.881228685,-165.082243484,0.000000000,2.694160938,3.000000000,0.800000012,-0.194361687,-11.136104347,0.000000000,0.431225687,1.200000048,0.200000003,0.870713234,49.888193471,0.000000000,0.000140909,0.100000001,0.020000000
2026-07-04 18:14:27.324,1783160067.324160337,83.014351993,1,1,82.999513939,1,0.003750779,5,1,0.002606825,5,1,0,1,0,0,1,1,1,1,1,1,0.189826579,-1.120000000,1.590000000,0.000000000,1,81.907326129,12,1,12,1:-1.251:2.428|2:-0.428:2.425|3:0.392:2.424|4:1.223:2.419|5:1.228:1.589|6:0.405:1.588|7:-0.440:1.588|8:-1.261:1.589|9:-1.185:4.911|10:-0.390:4.902|11:0.375:4.903|12:1.182:4.901,0,-1.000000000,,0,0,0.000000000,0.000000000,0,-1.000000000,0,,0,-1.000000000,,0,-1.000000000,0,,1,-0.063950159,-3.664074190,-0.007326126,-0.012209892,1,3.133914232,179.560058864,-0.002442360,-2.714529037,1,-2.880847216,-165.060386879,-0.002442360,2.673503876,1,-0.193980217,-11.114247742,-0.007326126,0.422466278,1,0.870329857,49.866227583,-0.036628723,-0.003663063,-0.063950159,-3.664074190,0.000000000,-0.000000000,2.000000000,1.000000000,3.143832445,180.128330603,0.000000000,-2.770716190,8.500000000,2.500000000,-2.881228685,-165.082243484,0.000000000,2.694160938,3.000000000,0.800000012,-0.194361687,-11.136104347,0.000000000,0.431225687,1.200000048,0.200000003,0.870713234,49.888193471,0.000000000,0.000140909,0.100000001,0.020000000
2026-07-04 18:14:28.324,1783160068.324185848,84.014377798,1,1,83.999539744,1,0.003742434,5,1,0.002609949,5,1,0,1,0,0,1,1,1,1,1,1,0.102613370,-1.120000000,1.590000000,0.000000000,1,82.907351934,12,1,12,1:-1.251:2.428|2:-0.428:2.425|3:0.392:2.424|4:1.223:2.419|5:1.228:1.589|6:0.405:1.588|7:-0.440:1.588|8:-1.261:1.589|9:-1.185:4.911|10:-0.390:4.902|11:0.375:4.903|12:1.182:4.901,0,-1.000000000,,0,0,0.000000000,0.000000000,0,-1.000000000,0,,0,-1.000000000,,0,-1.000000000,0,,1,-0.063950159,-3.664074190,-0.021978378,-0.012209892,1,3.133914232,179.560058864,-0.002442360,-2.714529037,1,-2.880847216,-165.060386879,-0.002442360,2.673503876,1,-0.193980217,-11.114247742,-0.007326126,0.422466278,1,0.870329857,49.866227583,-0.012210846,-0.001221180,-0.063950159,-3.664074190,0.000000000,-0.000000000,2.000000000,1.000000000,3.143832445,180.128330603,0.000000000,-2.770716190,8.500000000,2.500000000,-2.881228685,-165.082243484,0.000000000,2.694160938,3.000000000,0.800000012,-0.194361687,-11.136104347,0.000000000,0.431225687,1.200000048,0.200000003,0.870713234,49.888193471,0.000000000,0.000140909,0.100000001,0.020000000
2026-07-04 18:14:29.324,1783160069.324151278,85.014343057,1,1,84.999505003,1,0.003958890,5,1,0.002672526,5,1,0,1,0,0,1,1,1,1,1,1,0.056302024,-1.120000000,1.590000000,0.000000000,1,83.907317193,12,1,12,1:-1.251:2.428|2:-0.428:2.425|3:0.392:2.424|4:1.223:2.419|5:1.228:1.589|6:0.405:1.588|7:-0.440:1.588|8:-1.261:1.589|9:-1.185:4.911|10:-0.390:4.902|11:0.375:4.903|12:1.182:4.901,0,-1.000000000,,0,0,0.000000000,0.000000000,0,-1.000000000,0,,0,-1.000000000,,0,-1.000000000,0,,1,-0.063950159,-3.664074190,-0.007326126,-0.012209892,1,3.133914232,179.560058864,-0.002442360,-2.714529037,1,-2.880847216,-165.060386879,-0.002442360,2.687179565,1,-0.193598747,-11.092391137,-0.021978378,0.422466278,1,0.870329857,49.866227583,-0.012210846,-0.003663063,-0.063950159,-3.664074190,0.000000000,-0.000000000,2.000000000,1.000000000,3.143832445,180.128330603,0.000000000,-2.770716190,8.500000000,2.500000000,-2.881228685,-165.082243484,0.000000000,2.694160938,3.000000000,0.800000012,-0.194361687,-11.136104347,0.000000000,0.431225687,1.200000048,0.200000003,0.870713234,49.888193471,0.000000000,0.000140909,0.100000001,0.020000000
2026-07-04 18:14:30.324,1783160070.324156523,86.014348236,1,1,85.999510182,1,0.003939061,5,1,0.002553738,5,1,0,1,0,0,1,1,1,1,1,1,0.002074760,-1.120000000,1.590000000,0.000000000,1,84.907322372,12,1,12,1:-1.251:2.428|2:-0.428:2.425|3:0.392:2.424|4:1.223:2.419|5:1.228:1.589|6:0.405:1.588|7:-0.440:1.588|8:-1.261:1.589|9:-1.185:4.911|10:-0.390:4.902|11:0.375:4.903|12:1.182:4.901,0,-1.000000000,,0,0,0.000000000,0.000000000,0,-1.000000000,0,,0,-1.000000000,,0,-1.000000000,0,,1,-0.063950159,-3.664074190,-0.021978378,-0.012209892,1,3.133914232,179.560058864,-0.002442360,-2.714529037,1,-2.880847216,-165.060386879,-0.002442360,2.673503876,1,-0.193980217,-11.114247742,-0.007326126,0.422466278,1,0.870329857,49.866227583,-0.012210846,-0.003663063,-0.063950159,-3.664074190,0.000000000,-0.000000000,2.000000000,1.000000000,3.143832445,180.128330603,0.000000000,-2.770716190,8.500000000,2.500000000,-2.881228685,-165.082243484,0.000000000,2.694160938,3.000000000,0.800000012,-0.194361687,-11.136104347,0.000000000,0.431225687,1.200000048,0.200000003,0.870713234,49.888193471,0.000000000,0.000140909,0.100000001,0.020000000
2026-07-04 18:14:31.324,1783160071.324153662,87.014345477,1,1,86.999507423,1,0.003823940,5,1,0.002538052,5,1,0,1,0,0,1,1,1,1,1,1,0.081575965,-1.120000000,1.590000000,0.000000000,1,85.907319613,12,1,12,1:-1.251:2.428|2:-0.428:2.425|3:0.392:2.424|4:1.223:2.419|5:1.228:1.589|6:0.405:1.588|7:-0.440:1.588|8:-1.261:1.589|9:-1.185:4.911|10:-0.390:4.902|11:0.375:4.903|12:1.182:4.901,0,-1.000000000,,0,0,0.000000000,0.000000000,0,-1.000000000,0,,0,-1.000000000,,0,-1.000000000,0,,1,-0.063950159,-3.664074190,-0.007326126,-0.012209892,1,3.133914232,179.560058864,-0.002442360,-2.714529037,1,-2.880847216,-165.060386879,-0.002442360,2.673503876,1,-0.193598747,-11.092391137,-0.007326126,0.422466278,1,0.870329857,49.866227583,-0.036628723,-0.003663063,-0.063950159,-3.664074190,0.000000000,-0.000000000,2.000000000,1.000000000,3.143832445,180.128330603,0.000000000,-2.770716190,8.500000000,2.500000000,-2.881228685,-165.082243484,0.000000000,2.694160938,3.000000000,0.800000012,-0.194361687,-11.136104347,0.000000000,0.431225687,1.200000048,0.200000003,0.870713234,49.888193471,0.000000000,0.000140909,0.100000001,0.020000000
2026-07-04 18:14:32.324,1783160072.324110508,88.014302512,1,1,87.999464458,1,0.003693065,5,1,0.002553758,5,1,0,1,0,0,1,1,1,1,1,1,0.098579643,-1.120000000,1.590000000,0.000000000,1,86.907276648,12,1,12,1:-1.251:2.428|2:-0.428:2.425|3:0.392:2.424|4:1.223:2.419|5:1.228:1.589|6:0.405:1.588|7:-0.440:1.588|8:-1.261:1.589|9:-1.185:4.911|10:-0.390:4.902|11:0.375:4.903|12:1.182:4.901,0,-1.000000000,,0,0,0.000000000,0.000000000,0,-1.000000000,0,,0,-1.000000000,,0,-1.000000000,0,,1,-0.063950159,-3.664074190,-0.007326126,-0.012209892,1,3.133914232,179.560058864,-0.002442360,-2.714529037,1,-2.880847216,-165.060386879,-0.002442360,2.673503876,1,-0.193598747,-11.092391137,-0.007326126,0.422466278,1,0.870329857,49.866227583,-0.012210846,-0.003663063,-0.063950159,-3.664074190,0.000000000,-0.000000000,2.000000000,1.000000000,3.143832445,180.128330603,0.000000000,-2.770716190,8.500000000,2.500000000,-2.881228685,-165.082243484,0.000000000,2.694160938,3.000000000,0.800000012,-0.194361687,-11.136104347,0.000000000,0.431225687,1.200000048,0.200000003,0.870713234,49.888193471,0.000000000,0.000140909,0.100000001,0.020000000
2026-07-04 18:14:33.324,1783160073.324176311,89.014368292,1,1,88.999530238,1,0.003861834,5,1,0.002635346,5,1,0,1,0,0,1,1,1,1,1,1,0.019074372,-1.120000000,1.590000000,0.000000000,1,87.907342428,12,1,12,1:-1.251:2.428|2:-0.428:2.425|3:0.392:2.424|4:1.223:2.419|5:1.228:1.589|6:0.405:1.588|7:-0.440:1.588|8:-1.261:1.589|9:-1.185:4.911|10:-0.390:4.902|11:0.375:4.903|12:1.182:4.901,0,-1.000000000,,0,0,0.000000000,0.000000000,0,-1.000000000,0,,0,-1.000000000,,0,-1.000000000,0,,1,-0.063950159,-3.664074190,-0.021978378,-0.012209892,1,3.133914232,179.560058864,-0.002442360,-2.714529037,1,-2.880847216,-165.060386879,-0.002442360,2.673503876,1,-0.193598747,-11.092391137,-0.007326126,0.422466278,1,0.870329857,49.866227583,0.012210846,-0.003663063,-0.063950159,-3.664074190,0.000000000,-0.000000000,2.000000000,1.000000000,3.143832445,180.128330603,0.000000000,-2.770716190,8.500000000,2.500000000,-2.881228685,-165.082243484,0.000000000,2.694160938,3.000000000,0.800000012,-0.194361687,-11.136104347,0.000000000,0.431225687,1.200000048,0.200000003,0.870713234,49.888193471,0.000000000,0.000140909,0.100000001,0.020000000
2026-07-04 18:14:34.324,1783160074.324155092,90.014346982,1,1,89.999508928,1,0.003900505,5,1,0.002633406,5,1,0,1,0,0,1,1,1,1,1,1,0.018644894,-1.120000000,1.590000000,0.000000000,1,88.907321118,12,1,12,1:-1.251:2.428|2:-0.428:2.425|3:0.392:2.424|4:1.223:2.419|5:1.228:1.589|6:0.405:1.588|7:-0.440:1.588|8:-1.261:1.589|9:-1.185:4.911|10:-0.390:4.902|11:0.375:4.903|12:1.182:4.901,0,-1.000000000,,0,0,0.000000000,0.000000000,0,-1.000000000,0,,0,-1.000000000,,0,-1.000000000,0,,1,-0.063950159,-3.664074190,-0.021978378,-0.012209892,1,3.133914232,179.560058864,-0.002442360,-2.714529037,1,-2.880847216,-165.060386879,-0.007326126,2.673503876,1,-0.193598747,-11.092391137,0.007326126,0.422466278,1,0.870329857,49.866227583,-0.036628723,-0.001221180,-0.063950159,-3.664074190,0.000000000,-0.000000000,2.000000000,1.000000000,3.143832445,180.128330603,0.000000000,-2.770716190,8.500000000,2.500000000,-2.881228685,-165.082243484,0.000000000,2.694160938,3.000000000,0.800000012,-0.194361687,-11.136104347,0.000000000,0.431225687,1.200000048,0.200000003,0.870713234,49.888193471,0.000000000,0.000140909,0.100000001,0.020000000
2026-07-04 18:14:35.324,1783160075.324145317,91.014337128,1,1,90.999499074,1,0.004065939,5,1,0.002612366,5,1,0,1,0,0,1,1,1,1,1,1,0.040978276,-1.120000000,1.590000000,0.000000000,1,89.907311264,12,1,12,1:-1.251:2.428|2:-0.428:2.425|3:0.392:2.424|4:1.223:2.419|5:1.228:1.589|6:0.405:1.588|7:-0.440:1.588|8:-1.261:1.589|9:-1.185:4.911|10:-0.390:4.902|11:0.375:4.903|12:1.182:4.901,0,-1.000000000,,0,0,0.000000000,0.000000000,0,-1.000000000,0,,0,-1.000000000,,0,-1.000000000,0,,1,-0.063950159,-3.664074190,-0.021978378,-0.012209892,1,3.133914232,179.560058864,-0.002442360,-2.714529037,1,-2.880847216,-165.060386879,-0.002442360,2.673503876,1,-0.193598747,-11.092391137,0.007326126,0.422466278,1,0.870329857,49.866227583,-0.012210846,-0.003663063,-0.063950159,-3.664074190,0.000000000,-0.000000000,2.000000000,1.000000000,3.143832445,180.128330603,0.000000000,-2.770716190,8.500000000,2.500000000,-2.881228685,-165.082243484,0.000000000,2.694160938,3.000000000,0.800000012,-0.194361687,-11.136104347,0.000000000,0.431225687,1.200000048,0.200000003,0.870713234,49.888193471,0.000000000,0.000140909,0.100000001,0.020000000
2026-07-04 18:14:36.324,1783160076.324105263,92.014297122,1,1,91.999459068,1,0.003921504,5,1,0.002504555,5,1,0,1,0,0,1,1,1,1,1,1,0.143437817,-1.120000000,1.590000000,0.000000000,1,90.907271258,12,1,12,1:-1.251:2.428|2:-0.428:2.425|3:0.392:2.424|4:1.223:2.419|5:1.228:1.589|6:0.405:1.588|7:-0.440:1.588|8:-1.261:1.589|9:-1.185:4.911|10:-0.390:4.902|11:0.375:4.903|12:1.182:4.901,0,-1.000000000,,0,0,0.000000000,0.000000000,0,-1.000000000,0,,0,-1.000000000,,0,-1.000000000,0,,1,-0.063950159,-3.664074190,-0.007326126,-0.012209892,1,3.133914232,179.560058864,-0.007326126,-2.714529037,1,-2.880847216,-165.060386879,-0.002442360,2.673503876,1,-0.193598747,-11.092391137,0.007326126,0.422466278,1,0.870329857,49.866227583,-0.012210846,-0.001221180,-0.063950159,-3.664074190,0.000000000,-0.000000000,2.000000000,1.000000000,3.143832445,180.128330603,0.000000000,-2.770716190,8.500000000,2.500000000,-2.881228685,-165.082243484,0.000000000,2.694160938,3.000000000,0.800000012,-0.194361687,-11.136104347,0.000000000,0.431225687,1.200000048,0.200000003,0.870713234,49.888193471,0.000000000,0.000140909,0.100000001,0.020000000
2026-07-04 18:14:37.324,1783160077.324134827,93.014326767,1,1,92.999488713,1,0.003831910,5,1,0.002579547,5,1,0,1,0,0,1,1,1,1,1,1,0.043206327,-1.120000000,1.590000000,0.000000000,1,91.907300903,12,1,12,1:-1.251:2.428|2:-0.428:2.425|3:0.392:2.424|4:1.223:2.419|5:1.228:1.589|6:0.405:1.588|7:-0.440:1.588|8:-1.261:1.589|9:-1.185:4.911|10:-0.390:4.902|11:0.375:4.903|12:1.182:4.901,0,-1.000000000,,0,0,0.000000000,0.000000000,0,-1.000000000,0,,0,-1.000000000,,0,-1.000000000,0,,1,-0.063950159,-3.664074190,-0.007326126,-0.012209892,1,3.133914232,179.560058864,-0.002442360,-2.714529037,1,-2.880847216,-165.060386879,-0.007326126,2.687179565,1,-0.193980217,-11.114247742,-0.007326126,0.422466278,1,0.870329857,49.866227583,-0.012210846,-0.003663063,-0.063950159,-3.664074190,0.000000000,-0.000000000,2.000000000,1.000000000,3.143832445,180.128330603,0.000000000,-2.770716190,8.500000000,2.500000000,-2.881228685,-165.082243484,0.000000000,2.694160938,3.000000000,0.800000012,-0.194361687,-11.136104347,0.000000000,0.431225687,1.200000048,0.200000003,0.870713234,49.888193471,0.000000000,0.000140909,0.100000001,0.020000000
2026-07-04 18:14:38.324,1783160078.324110985,94.014302938,1,1,93.999464884,1,0.003479378,5,1,0.002542898,5,1,0,1,0,0,1,1,1,1,1,1,0.123592531,-1.120000000,1.590000000,0.000000000,1,92.907277074,12,1,12,1:-1.251:2.428|2:-0.428:2.425|3:0.392:2.424|4:1.223:2.419|5:1.228:1.589|6:0.405:1.588|7:-0.440:1.588|8:-1.261:1.589|9:-1.185:4.911|10:-0.390:4.902|11:0.375:4.903|12:1.182:4.901,0,-1.000000000,,0,0,0.000000000,0.000000000,0,-1.000000000,0,,0,-1.000000000,,0,-1.000000000,0,,1,-0.063950159,-3.664074190,0.007326126,-0.012209892,1,3.133914232,179.560058864,-0.007326126,-2.728204727,0,-2.880847216,-165.060386879,-0.002442360,2.673503876,1,-0.193598747,-11.092391137,0.007326126,0.422466278,1,0.870713234,49.888193471,0.012210846,-0.003663063,-0.063950159,-3.664074190,0.000000000,-0.000000000,2.000000000,1.000000000,3.143832445,180.128330603,0.000000000,-2.770716190,8.500000000,2.500000000,-2.881228685,-165.082243484,0.000000000,2.694160938,3.000000000,0.800000012,-0.194361687,-11.136104347,0.000000000,0.431225687,1.200000048,0.200000003,0.870713234,49.888193471,0.000000000,0.000140909,0.100000001,0.020000000
2026-07-04 18:14:39.324,1783160079.324140549,95.014332475,1,1,94.999494421,1,0.003615465,5,1,0.002558556,5,1,0,1,0,0,1,1,1,1,1,1,0.310540701,-1.120000000,1.590000000,0.000000000,1,93.907306611,12,1,12,1:-1.251:2.428|2:-0.428:2.425|3:0.392:2.424|4:1.223:2.419|5:1.228:1.589|6:0.405:1.588|7:-0.440:1.588|8:-1.261:1.589|9:-1.185:4.911|10:-0.390:4.902|11:0.375:4.903|12:1.182:4.901,0,-1.000000000,,0,0,0.000000000,0.000000000,0,-1.000000000,0,,0,-1.000000000,,0,-1.000000000,0,,1,-0.063950159,-3.664074190,0.007326126,-0.012209892,1,3.133914232,179.560058864,-0.002442360,-2.714529037,1,-2.880847216,-165.060386879,-0.002442360,2.673503876,1,-0.193980217,-11.114247742,-0.007326126,0.422466278,1,0.870329857,49.866227583,0.036628723,-0.003663063,-0.063950159,-3.664074190,0.000000000,-0.000000000,2.000000000,1.000000000,3.143832445,180.128330603,0.000000000,-2.770716190,8.500000000,2.500000000,-2.881228685,-165.082243484,0.000000000,2.694160938,3.000000000,0.800000012,-0.194361687,-11.136104347,0.000000000,0.431225687,1.200000048,0.200000003,0.870713234,49.888193471,0.000000000,0.000140909,0.100000001,0.020000000
2026-07-04 18:14:40.324,1783160080.324090004,96.014281952,1,1,95.999443898,1,0.003831427,5,1,0.002611416,5,1,0,1,0,0,1,1,1,1,1,1,0.092612909,-1.120000000,1.590000000,0.000000000,1,94.907256088,12,1,12,1:-1.251:2.428|2:-0.428:2.425|3:0.392:2.424|4:1.223:2.419|5:1.228:1.589|6:0.405:1.588|7:-0.440:1.588|8:-1.261:1.589|9:-1.185:4.911|10:-0.390:4.902|11:0.375:4.903|12:1.182:4.901,0,-1.000000000,,0,0,0.000000000,0.000000000,0,-1.000000000,0,,0,-1.000000000,,0,-1.000000000,0,,1,-0.063950159,-3.664074190,-0.007326126,-0.017093658,1,3.133914232,179.560058864,-0.002442360,-2.714529037,1,-2.880847216,-165.060386879,-0.002442360,2.673503876,1,-0.193598747,-11.092391137,-0.007326126,0.422466278,1,0.870329857,49.866227583,-0.036628723,-0.001221180,-0.063950159,-3.664074190,0.000000000,-0.000000000,2.000000000,1.000000000,3.143832445,180.128330603,0.000000000,-2.770716190,8.500000000,2.500000000,-2.881228685,-165.082243484,0.000000000,2.694160938,3.000000000,0.800000012,-0.194361687,-11.136104347,0.000000000,0.431225687,1.200000048,0.200000003,0.870713234,49.888193471,0.000000000,0.000140909,0.100000001,0.020000000
2026-07-04 18:14:41.324,1783160081.324109077,97.014300869,1,1,96.999462815,1,0.003754239,5,1,0.002478655,5,1,0,1,0,0,1,1,1,1,1,1,0.101064230,-1.120000000,1.590000000,0.000000000,1,95.907275005,12,1,12,1:-1.251:2.428|2:-0.428:2.425|3:0.392:2.424|4:1.223:2.419|5:1.228:1.589|6:0.405:1.588|7:-0.440:1.588|8:-1.261:1.589|9:-1.185:4.911|10:-0.390:4.902|11:0.375:4.903|12:1.182:4.901,0,-1.000000000,,0,0,0.000000000,0.000000000,0,-1.000000000,0,,0,-1.000000000,,0,-1.000000000,0,,1,-0.063950159,-3.664074190,-0.007326126,-0.012209892,1,3.133914232,179.560058864,0.002442360,-2.714529037,1,-2.880847216,-165.060386879,-0.002442360,2.687179565,1,-0.193598747,-11.092391137,-0.007326126,0.422466278,1,0.870329857,49.866227583,-0.012210846,-0.003663063,-0.063950159,-3.664074190,0.000000000,-0.000000000,2.000000000,1.000000000,3.143832445,180.128330603,0.000000000,-2.770716190,8.500000000,2.500000000,-2.881228685,-165.082243484,0.000000000,2.694160938,3.000000000,0.800000012,-0.194361687,-11.136104347,0.000000000,0.431225687,1.200000048,0.200000003,0.870713234,49.888193471,0.000000000,0.000140909,0.100000001,0.020000000
2026-07-04 18:14:42.324,1783160082.324068308,98.014260311,1,1,97.999422257,1,0.004000766,5,1,0.002637352,5,1,0,1,0,0,1,1,1,1,1,1,0.132597701,-1.120000000,1.590000000,0.000000000,1,96.907234447,12,1,12,1:-1.251:2.428|2:-0.428:2.425|3:0.392:2.424|4:1.223:2.419|5:1.228:1.589|6:0.405:1.588|7:-0.440:1.588|8:-1.261:1.589|9:-1.185:4.911|10:-0.390:4.902|11:0.375:4.903|12:1.182:4.901,0,-1.000000000,,0,0,0.000000000,0.000000000,0,-1.000000000,0,,0,-1.000000000,,0,-1.000000000,0,,1,-0.063950159,-3.664074190,0.007326126,-0.012209892,1,3.133914232,179.560058864,-0.002442360,-2.700855255,1,-2.880847216,-165.060386879,-0.002442360,2.673503876,1,-0.193980217,-11.114247742,-0.007326126,0.422466278,1,0.870329857,49.866227583,0.012210846,-0.003663063,-0.063950159,-3.664074190,0.000000000,-0.000000000,2.000000000,1.000000000,3.143832445,180.128330603,0.000000000,-2.770716190,8.500000000,2.500000000,-2.881228685,-165.082243484,0.000000000,2.694160938,3.000000000,0.800000012,-0.194361687,-11.136104347,0.000000000,0.431225687,1.200000048,0.200000003,0.870713234,49.888193471,0.000000000,0.000140909,0.100000001,0.020000000
2026-07-04 18:14:43.324,1783160083.324100018,99.014291988,1,1,98.999453934,1,0.003660520,5,1,0.002578132,5,1,0,1,0,0,1,1,1,1,1,1,0.135741716,-1.120000000,1.590000000,0.000000000,1,97.907266124,12,1,12,1:-1.251:2.428|2:-0.428:2.425|3:0.392:2.424|4:1.223:2.419|5:1.228:1.589|6:0.405:1.588|7:-0.440:1.588|8:-1.261:1.589|9:-1.185:4.911|10:-0.390:4.902|11:0.375:4.903|12:1.182:4.901,0,-1.000000000,,0,0,0.000000000,0.000000000,0,-1.000000000,0,,0,-1.000000000,,0,-1.000000000,0,,1,-0.063950159,-3.664074190,-0.007326126,-0.012209892,1,3.133914232,179.560058864,-0.002442360,-2.714529037,1,-2.880847216,-165.060386879,-0.002442360,2.673503876,1,-0.193980217,-11.114247742,-0.007326126,0.422466278,1,0.870329857,49.866227583,-0.012210846,-0.003663063,-0.063950159,-3.664074190,0.000000000,-0.000000000,2.000000000,1.000000000,3.143832445,180.128330603,0.000000000,-2.770716190,8.500000000,2.500000000,-2.881228685,-165.082243484,0.000000000,2.694160938,3.000000000,0.800000012,-0.194361687,-11.136104347,0.000000000,0.431225687,1.200000048,0.200000003,0.870713234,49.888193471,0.000000000,0.000140909,0.100000001,0.020000000
2026-07-04 18:14:44.324,1783160084.324074507,100.014266346,1,1,99.999428292,1,0.003704308,5,1,0.002529310,5,1,0,1,0,0,1,1,1,1,1,1,0.056824939,-1.120000000,1.590000000,0.000000000,1,98.907240482,12,1,12,1:-1.251:2.428|2:-0.428:2.425|3:0.392:2.424|4:1.223:2.419|5:1.228:1.589|6:0.405:1.588|7:-0.440:1.588|8:-1.261:1.589|9:-1.185:4.911|10:-0.390:4.902|11:0.375:4.903|12:1.182:4.901,0,-1.000000000,,0,0,0.000000000,0.000000000,0,-1.000000000,0,,0,-1.000000000,,0,-1.000000000,0,,1,-0.063950159,-3.664074190,-0.007326126,-0.012209892,1,3.133914232,179.560058864,0.002442360,-2.714529037,1,-2.880847216,-165.060386879,-0.002442360,2.673503876,1,-0.193980217,-11.114247742,-0.021978378,0.422466278,1,0.870329857,49.866227583,-0.012210846,-0.003663063,-0.063950159,-3.664074190,0.000000000,-0.000000000,2.000000000,1.000000000,3.143832445,180.128330603,0.000000000,-2.770716190,8.500000000,2.500000000,-2.881228685,-165.082243484,0.000000000,2.694160938,3.000000000,0.800000012,-0.194361687,-11.136104347,0.000000000,0.431225687,1.200000048,0.200000003,0.870713234,49.888193471,0.000000000,0.000140909,0.100000001,0.020000000
2026-07-04 18:14:45.324,1783160085.324164629,101.014356388,1,1,100.999518334,1,0.003397661,5,1,0.002682798,5,1,0,1,0,0,1,1,1,1,1,1,0.176540412,-1.120000000,1.590000000,0.000000000,1,99.907330524,12,1,12,1:-1.251:2.428|2:-0.428:2.425|3:0.392:2.424|4:1.223:2.419|5:1.228:1.589|6:0.405:1.588|7:-0.440:1.588|8:-1.261:1.589|9:-1.185:4.911|10:-0.390:4.902|11:0.375:4.903|12:1.182:4.901,0,-1.000000000,,0,0,0.000000000,0.000000000,0,-1.000000000,0,,0,-1.000000000,,0,-1.000000000,0,,1,-0.063950159,-3.664074190,-0.007326126,-0.012209892,1,3.133914232,179.560058864,-0.002442360,-2.714529037,1,-2.880847216,-165.060386879,0.002442360,2.673503876,1,-0.193980217,-11.114247742,-0.007326126,0.422466278,1,0.870329857,49.866227583,-0.012210846,-0.003663063,-0.063950159,-3.664074190,0.000000000,-0.000000000,2.000000000,1.000000000,3.143832445,180.128330603,0.000000000,-2.770716190,8.500000000,2.500000000,-2.881228685,-165.082243484,0.000000000,2.694160938,3.000000000,0.800000012,-0.194361687,-11.136104347,0.000000000,0.431225687,1.200000048,0.200000003,0.870713234,49.888193471,0.000000000,0.000140909,0.100000001,0.020000000
2026-07-04 18:14:46.324,1783160086.324058771,102.014250659,1,1,101.999412605,1,0.003230594,5,1,0.002547422,5,1,0,1,0,0,1,1,1,1,1,1,0.250573413,-1.120000000,1.590000000,0.000000000,1,100.907224795,12,1,12,1:-1.251:2.428|2:-0.428:2.425|3:0.392:2.424|4:1.223:2.419|5:1.228:1.589|6:0.405:1.588|7:-0.440:1.588|8:-1.261:1.589|9:-1.185:4.911|10:-0.390:4.902|11:0.375:4.903|12:1.182:4.901,0,-1.000000000,,0,0,0.000000000,0.000000000,0,-1.000000000,0,,0,-1.000000000,,0,-1.000000000,0,,1,-0.063950159,-3.664074190,-0.021978378,-0.012209892,1,3.133914232,179.560058864,-0.002442360,-2.714529037,1,-2.880847216,-165.060386879,-0.002442360,2.673503876,1,-0.193598747,-11.092391137,-0.007326126,0.422466278,1,0.870329857,49.866227583,-0.012210846,-0.003663063,-0.063950159,-3.664074190,0.000000000,-0.000000000,2.000000000,1.000000000,3.143832445,180.128330603,0.000000000,-2.770716190,8.500000000,2.500000000,-2.881228685,-165.082243484,0.000000000,2.694160938,3.000000000,0.800000012,-0.194361687,-11.136104347,0.000000000,0.431225687,1.200000048,0.200000003,0.870713234,49.888193471,0.000000000,0.000140909,0.100000001,0.020000000
2026-07-04 18:14:47.324,1783160087.324025154,103.014217016,1,1,102.999378962,1,0.003957998,5,1,0.002666598,5,1,0,1,0,0,1,1,1,1,1,1,0.045313141,-1.120000000,1.590000000,0.000000000,1,101.907191152,12,1,12,1:-1.251:2.428|2:-0.428:2.425|3:0.392:2.424|4:1.223:2.419|5:1.228:1.589|6:0.405:1.588|7:-0.440:1.588|8:-1.261:1.589|9:-1.185:4.911|10:-0.390:4.902|11:0.375:4.903|12:1.182:4.901,0,-1.000000000,,0,0,0.000000000,0.000000000,0,-1.000000000,0,,0,-1.000000000,,0,-1.000000000,0,,1,-0.063950159,-3.664074190,-0.007326126,-0.012209892,1,3.133914232,179.560058864,-0.007326126,-2.714529037,1,-2.880847216,-165.060386879,-0.002442360,2.673503876,1,-0.193598747,-11.092391137,0.007326126,0.422466278,1,0.870713234,49.888193471,-0.012210846,-0.003663063,-0.063950159,-3.664074190,0.000000000,-0.000000000,2.000000000,1.000000000,3.143832445,180.128330603,0.000000000,-2.770716190,8.500000000,2.500000000,-2.881228685,-165.082243484,0.000000000,2.694160938,3.000000000,0.800000012,-0.194361687,-11.136104347,0.000000000,0.431225687,1.200000048,0.200000003,0.870713234,49.888193471,0.000000000,0.000140909,0.100000001,0.020000000
2026-07-04 18:14:48.324,1783160088.324028254,104.014219921,1,1,103.999381867,1,0.003923870,5,1,0.002542858,5,1,0,1,0,0,1,1,1,1,1,1,0.181492912,-1.120000000,1.590000000,0.000000000,1,102.907194057,12,1,12,1:-1.251:2.428|2:-0.428:2.425|3:0.392:2.424|4:1.223:2.419|5:1.228:1.589|6:0.405:1.588|7:-0.440:1.588|8:-1.261:1.589|9:-1.185:4.911|10:-0.390:4.902|11:0.375:4.903|12:1.182:4.901,0,-1.000000000,,0,0,0.000000000,0.000000000,0,-1.000000000,0,,0,-1.000000000,,0,-1.000000000,0,,1,-0.063950159,-3.664074190,-0.007326126,-0.012209892,1,3.133914232,179.560058864,-0.002442360,-2.714529037,1,-2.880847216,-165.060386879,-0.002442360,2.673503876,1,-0.193980217,-11.114247742,-0.007326126,0.422466278,1,0.870329857,49.866227583,-0.036628723,-0.003663063,-0.063950159,-3.664074190,0.000000000,-0.000000000,2.000000000,1.000000000,3.143832445,180.128330603,0.000000000,-2.770716190,8.500000000,2.500000000,-2.881228685,-165.082243484,0.000000000,2.694160938,3.000000000,0.800000012,-0.194361687,-11.136104347,0.000000000,0.431225687,1.200000048,0.200000003,0.870713234,49.888193471,0.000000000,0.000140909,0.100000001,0.020000000
2026-07-04 18:14:49.324,1783160089.324009657,105.014201517,1,1,104.999363463,1,0.003107524,5,1,0.002612198,5,1,0,1,0,0,1,1,1,1,1,1,0.042222966,-1.120000000,1.590000000,0.000000000,1,103.907175653,12,1,12,1:-1.251:2.428|2:-0.428:2.425|3:0.392:2.424|4:1.223:2.419|5:1.228:1.589|6:0.405:1.588|7:-0.440:1.588|8:-1.261:1.589|9:-1.185:4.911|10:-0.390:4.902|11:0.375:4.903|12:1.182:4.901,0,-1.000000000,,0,0,0.000000000,0.000000000,0,-1.000000000,0,,0,-1.000000000,,0,-1.000000000,0,,1,-0.063950159,-3.664074190,0.007326126,-0.007326126,1,3.133914232,179.560058864,0.002442360,-2.714529037,1,-2.880847216,-165.060386879,-0.002442360,2.673503876,1,-0.193598747,-11.092391137,-0.007326126,0.422466278,1,0.870329857,49.866227583,-0.036628723,-0.001221180,-0.063950159,-3.664074190,0.000000000,-0.000000000,2.000000000,1.000000000,3.143832445,180.128330603,0.000000000,-2.770716190,8.500000000,2.500000000,-2.881228685,-165.082243484,0.000000000,2.694160938,3.000000000,0.800000012,-0.194361687,-11.136104347,0.000000000,0.431225687,1.200000048,0.200000003,0.870713234,49.888193471,0.000000000,0.000140909,0.100000001,0.020000000
2026-07-04 18:14:50.324,1783160090.324112177,106.014304011,1,1,105.999465957,1,0.003892511,5,1,0.002673062,5,1,0,1,0,0,1,1,1,1,1,1,0.136256055,-1.120000000,1.590000000,0.000000000,1,104.907278147,12,1,12,1:-1.251:2.428|2:-0.428:2.425|3:0.392:2.424|4:1.223:2.419|5:1.228:1.589|6:0.405:1.588|7:-0.440:1.588|8:-1.261:1.589|9:-1.185:4.911|10:-0.390:4.902|11:0.375:4.903|12:1.182:4.901,0,-1.000000000,,0,0,0.000000000,0.000000000,0,-1.000000000,0,,0,-1.000000000,,0,-1.000000000,0,,1,-0.063950159,-3.664074190,-0.007326126,-0.012209892,1,3.133914232,179.560058864,0.002442360,-2.714529037,1,-2.880847216,-165.060386879,-0.002442360,2.673503876,1,-0.193598747,-11.092391137,-0.007326126,0.422466278,1,0.870329857,49.866227583,-0.012210846,-0.001221180,-0.063950159,-3.664074190,0.000000000,-0.000000000,2.000000000,1.000000000,3.143832445,180.128330603,0.000000000,-2.770716190,8.500000000,2.500000000,-2.881228685,-165.082243484,0.000000000,2.694160938,3.000000000,0.800000012,-0.194361687,-11.136104347,0.000000000,0.431225687,1.200000048,0.200000003,0.870713234,49.888193471,0.000000000,0.000140909,0.100000001,0.020000000
2026-07-04 18:14:51.324,1783160091.323994160,107.014185837,1,1,106.999347783,1,0.004112471,5,1,0.002689826,5,1,0,1,0,0,1,1,1,1,1,1,0.017574181,-1.120000000,1.590000000,0.000000000,1,105.907159973,12,1,12,1:-1.251:2.428|2:-0.428:2.425|3:0.392:2.424|4:1.223:2.419|5:1.228:1.589|6:0.405:1.588|7:-0.440:1.588|8:-1.261:1.589|9:-1.185:4.911|10:-0.390:4.902|11:0.375:4.903|12:1.182:4.901,0,-1.000000000,,0,0,0.000000000,0.000000000,0,-1.000000000,0,,0,-1.000000000,,0,-1.000000000,0,,1,-0.063950159,-3.664074190,-0.007326126,-0.012209892,1,3.133914232,179.560058864,-0.002442360,-2.714529037,1,-2.880847216,-165.060386879,-0.002442360,2.673503876,1,-0.193980217,-11.114247742,-0.007326126,0.422466278,1,0.870329857,49.866227583,-0.012210846,-0.001221180,-0.063950159,-3.664074190,0.000000000,-0.000000000,2.000000000,1.000000000,3.143832445,180.128330603,0.000000000,-2.770716190,8.500000000,2.500000000,-2.881228685,-165.082243484,0.000000000,2.694160938,3.000000000,0.800000012,-0.194361687,-11.136104347,0.000000000,0.431225687,1.200000048,0.200000003,0.870713234,49.888193471,0.000000000,0.000140909,0.100000001,0.020000000
2026-07-04 18:14:52.324,1783160092.323980808,108.014172747,1,1,107.999334693,1,0.003704636,5,1,0.002577445,5,1,0,1,0,0,1,1,1,1,1,1,0.107227661,-1.120000000,1.590000000,0.000000000,1,106.907146883,12,1,12,1:-1.251:2.428|2:-0.428:2.425|3:0.392:2.424|4:1.223:2.419|5:1.228:1.589|6:0.405:1.588|7:-0.440:1.588|8:-1.261:1.589|9:-1.185:4.911|10:-0.390:4.902|11:0.375:4.903|12:1.182:4.901,0,-1.000000000,,0,0,0.000000000,0.000000000,0,-1.000000000,0,,0,-1.000000000,,0,-1.000000000,0,,1,-0.063950159,-3.664074190,-0.021978378,-0.012209892,1,3.133914232,179.560058864,-0.002442360,-2.714529037,1,-2.880847216,-165.060386879,-0.002442360,2.673503876,1,-0.193598747,-11.092391137,-0.007326126,0.422466278,1,0.870329857,49.866227583,-0.012210846,-0.003663063,-0.063950159,-3.664074190,0.000000000,-0.000000000,2.000000000,1.000000000,3.143832445,180.128330603,0.000000000,-2.770716190,8.500000000,2.500000000,-2.881228685,-165.082243484,0.000000000,2.694160938,3.000000000,0.800000012,-0.194361687,-11.136104347,0.000000000,0.431225687,1.200000048,0.200000003,0.870713234,49.888193471,0.000000000,0.000140909,0.100000001,0.020000000
2026-07-04 18:14:53.324,1783160093.323971272,109.014163223,1,1,108.999325169,1,0.003968565,5,1,0.002567391,5,1,0,1,0,0,1,1,1,1,1,1,0.076469020,-1.120000000,1.590000000,0.000000000,1,107.907137359,12,1,12,1:-1.251:2.428|2:-0.428:2.425|3:0.392:2.424|4:1.223:2.419|5:1.228:1.589|6:0.405:1.588|7:-0.440:1.588|8:-1.261:1.589|9:-1.185:4.911|10:-0.390:4.902|11:0.375:4.903|12:1.182:4.901,0,-1.000000000,,0,0,0.000000000,0.000000000,0,-1.000000000,0,,0,-1.000000000,,0,-1.000000000,0,,1,-0.063950159,-3.664074190,-0.007326126,-0.012209892,1,3.133914232,179.560058864,-0.002442360,-2.728204727,1,-2.880847216,-165.060386879,-0.002442360,2.673503876,1,-0.193598747,-11.092391137,-0.007326126,0.422466278,1,0.870329857,49.866227583,-0.036628723,-0.003663063,-0.063950159,-3.664074190,0.000000000,-0.000000000,2.000000000,1.000000000,3.143832445,180.128330603,0.000000000,-2.770716190,8.500000000,2.500000000,-2.881228685,-165.082243484,0.000000000,2.694160938,3.000000000,0.800000012,-0.194361687,-11.136104347,0.000000000,0.431225687,1.200000048,0.200000003,0.870713234,49.888193471,0.000000000,0.000140909,0.100000001,0.020000000
2026-07-04 18:14:54.324,1783160094.324059725,110.014251386,1,1,109.999413332,1,0.003651197,5,1,0.002503765,5,1,0,1,0,0,1,1,1,1,1,1,0.044719942,-1.120000000,1.590000000,0.000000000,1,108.907225522,12,1,12,1:-1.251:2.428|2:-0.428:2.425|3:0.392:2.424|4:1.223:2.419|5:1.228:1.589|6:0.405:1.588|7:-0.440:1.588|8:-1.261:1.589|9:-1.185:4.911|10:-0.390:4.902|11:0.375:4.903|12:1.182:4.901,0,-1.000000000,,0,0,0.000000000,0.000000000,0,-1.000000000,0,,0,-1.000000000,,0,-1.000000000,0,,1,-0.063950159,-3.664074190,-0.021978378,-0.012209892,1,3.133914232,179.560058864,-0.002442360,-2.728204727,1,-2.880847216,-165.060386879,-0.002442360,2.673503876,1,-0.193598747,-11.092391137,-0.007326126,0.422466278,1,0.870329857,49.866227583,0.012210846,-0.003663063,-0.063950159,-3.664074190,0.000000000,-0.000000000,2.000000000,1.000000000,3.143832445,180.128330603,0.000000000,-2.770716190,8.500000000,2.500000000,-2.881228685,-165.082243484,0.000000000,2.694160938,3.000000000,0.800000012,-0.194361687,-11.136104347,0.000000000,0.431225687,1.200000048,0.200000003,0.870713234,49.888193471,0.000000000,0.000140909,0.100000001,0.020000000
2026-07-04 18:14:55.324,1783160095.323959827,111.014151680,1,1,110.999313626,1,0.004079201,5,1,0.002702512,5,1,0,1,0,0,1,1,1,1,1,1,0.100180029,-1.120000000,1.590000000,0.000000000,1,109.907125816,12,1,12,1:-1.251:2.428|2:-0.428:2.425|3:0.392:2.424|4:1.223:2.419|5:1.228:1.589|6:0.405:1.588|7:-0.440:1.588|8:-1.261:1.589|9:-1.185:4.911|10:-0.390:4.902|11:0.375:4.903|12:1.182:4.901,0,-1.000000000,,0,0,0.000000000,0.000000000,0,-1.000000000,0,,0,-1.000000000,,0,-1.000000000,0,,1,-0.063950159,-3.664074190,0.007326126,-0.012209892,1,3.133914232,179.560058864,-0.002442360,-2.714529037,1,-2.880847216,-165.060386879,-0.002442360,2.673503876,1,-0.193598747,-11.092391137,-0.007326126,0.422466278,1,0.870329857,49.866227583,-0.036628723,-0.001221180,-0.063950159,-3.664074190,0.000000000,-0.000000000,2.000000000,1.000000000,3.143832445,180.128330603,0.000000000,-2.770716190,8.500000000,2.500000000,-2.881228685,-165.082243484,0.000000000,2.694160938,3.000000000,0.800000012,-0.194361687,-11.136104347,0.000000000,0.431225687,1.200000048,0.200000003,0.870713234,49.888193471,0.000000000,0.000140909,0.100000001,0.020000000
2026-07-04 18:14:56.324,1783160096.323968649,112.014160525,1,1,111.999322471,1,0.003998800,5,1,0.002636354,5,1,0,1,0,0,1,1,1,1,1,1,0.002393509,-1.120000000,1.590000000,0.000000000,1,110.907134661,12,1,12,1:-1.251:2.428|2:-0.428:2.425|3:0.392:2.424|4:1.223:2.419|5:1.228:1.589|6:0.405:1.588|7:-0.440:1.588|8:-1.261:1.589|9:-1.185:4.911|10:-0.390:4.902|11:0.375:4.903|12:1.182:4.901,0,-1.000000000,,0,0,0.000000000,0.000000000,0,-1.000000000,0,,0,-1.000000000,,0,-1.000000000,0,,1,-0.063950159,-3.664074190,0.007326126,-0.012209892,1,3.133914232,179.560058864,-0.002442360,-2.714529037,1,-2.880847216,-165.060386879,-0.002442360,2.673503876,1,-0.193980217,-11.114247742,0.007326126,0.422466278,1,0.870329857,49.866227583,-0.012210846,-0.003663063,-0.063950159,-3.664074190,0.000000000,-0.000000000,2.000000000,1.000000000,3.143832445,180.128330603,0.000000000,-2.770716190,8.500000000,2.500000000,-2.881228685,-165.082243484,0.000000000,2.694160938,3.000000000,0.800000012,-0.194361687,-11.136104347,0.000000000,0.431225687,1.200000048,0.200000003,0.870713234,49.888193471,0.000000000,0.000140909,0.100000001,0.020000000
2026-07-04 18:14:57.324,1783160097.323944330,113.014136414,1,1,112.999298360,1,0.003871638,5,1,0.002537368,5,1,0,1,0,0,1,1,1,1,1,1,0.336499003,-1.120000000,1.590000000,0.000000000,1,111.907110550,12,1,12,1:-1.251:2.428|2:-0.428:2.425|3:0.392:2.424|4:1.223:2.419|5:1.228:1.589|6:0.405:1.588|7:-0.440:1.588|8:-1.261:1.589|9:-1.185:4.911|10:-0.390:4.902|11:0.375:4.903|12:1.182:4.901,0,-1.000000000,,0,0,0.000000000,0.000000000,0,-1.000000000,0,,0,-1.000000000,,0,-1.000000000,0,,1,-0.063950159,-3.664074190,-0.007326126,-0.012209892,1,3.133914232,179.560058864,-0.002442360,-2.714529037,1,-2.880847216,-165.060386879,-0.002442360,2.673503876,1,-0.193598747,-11.092391137,0.007326126,0.422466278,1,0.870329857,49.866227583,-0.012210846,-0.003663063,-0.063950159,-3.664074190,0.000000000,-0.000000000,2.000000000,1.000000000,3.143832445,180.128330603,0.000000000,-2.770716190,8.500000000,2.500000000,-2.881228685,-165.082243484,0.000000000,2.694160938,3.000000000,0.800000012,-0.194361687,-11.136104347,0.000000000,0.431225687,1.200000048,0.200000003,0.870713234,49.888193471,0.000000000,0.000140909,0.100000001,0.020000000
2026-07-04 18:14:58.324,1783160098.323939085,114.014130821,1,1,113.999292767,1,0.003933702,5,1,0.002666360,5,1,0,1,0,0,1,1,1,1,1,1,0.038648696,-1.120000000,1.590000000,0.000000000,1,112.907104957,12,1,12,1:-1.251:2.428|2:-0.428:2.425|3:0.392:2.424|4:1.223:2.419|5:1.228:1.589|6:0.405:1.588|7:-0.440:1.588|8:-1.261:1.589|9:-1.185:4.911|10:-0.390:4.902|11:0.375:4.903|12:1.182:4.901,0,-1.000000000,,0,0,0.000000000,0.000000000,0,-1.000000000,0,,0,-1.000000000,,0,-1.000000000,0,,1,-0.063950159,-3.664074190,-0.007326126,-0.012209892,1,3.133914232,179.560058864,-0.002442360,-2.714529037,1,-2.880847216,-165.060386879,-0.002442360,2.673503876,1,-0.193980217,-11.114247742,-0.007326126,0.422466278,1,0.870713234,49.888193471,-0.012210846,-0.003663063,-0.063950159,-3.664074190,0.000000000,-0.000000000,2.000000000,1.000000000,3.143832445,180.128330603,0.000000000,-2.770716190,8.500000000,2.500000000,-2.881228685,-165.082243484,0.000000000,2.694160938,3.000000000,0.800000012,-0.194361687,-11.136104347,0.000000000,0.431225687,1.200000048,0.200000003,0.870713234,49.888193471,0.000000000,0.000140909,0.100000001,0.020000000
2026-07-04 18:14:59.323,1783160099.323925257,115.014117096,1,1,114.999279042,1,0.003471567,5,1,0.002501456,5,1,0,1,0,0,1,1,1,1,1,1,0.041408961,-1.120000000,1.590000000,0.000000000,1,113.907091232,12,1,12,1:-1.251:2.428|2:-0.428:2.425|3:0.392:2.424|4:1.223:2.419|5:1.228:1.589|6:0.405:1.588|7:-0.440:1.588|8:-1.261:1.589|9:-1.185:4.911|10:-0.390:4.902|11:0.375:4.903|12:1.182:4.901,0,-1.000000000,,0,0,0.000000000,0.000000000,0,-1.000000000,0,,0,-1.000000000,,0,-1.000000000,0,,1,-0.063950159,-3.664074190,-0.007326126,-0.012209892,1,3.133914232,179.560058864,-0.002442360,-2.714529037,1,-2.880847216,-165.060386879,-0.002442360,2.673503876,1,-0.193598747,-11.092391137,0.007326126,0.422466278,1,0.870329857,49.866227583,0.012210846,-0.003663063,-0.063950159,-3.664074190,0.000000000,-0.000000000,2.000000000,1.000000000,3.143832445,180.128330603,0.000000000,-2.770716190,8.500000000,2.500000000,-2.881228685,-165.082243484,0.000000000,2.694160938,3.000000000,0.800000012,-0.194361687,-11.136104347,0.000000000,0.431225687,1.200000048,0.200000003,0.870713234,49.888193471,0.000000000,0.000140909,0.100000001,0.020000000
2026-07-04 18:15:00.324,1783160100.323915958,116.014107890,1,1,115.999269836,1,0.003777094,5,1,0.002540004,5,1,0,1,0,0,1,1,1,1,1,1,0.261385344,-1.120000000,1.590000000,0.000000000,1,114.907082026,12,1,12,1:-1.251:2.428|2:-0.428:2.425|3:0.392:2.424|4:1.223:2.419|5:1.228:1.589|6:0.405:1.588|7:-0.440:1.588|8:-1.261:1.589|9:-1.185:4.911|10:-0.390:4.902|11:0.375:4.903|12:1.182:4.901,0,-1.000000000,,0,0,0.000000000,0.000000000,0,-1.000000000,0,,0,-1.000000000,,0,-1.000000000,0,,1,-0.063950159,-3.664074190,-0.021978378,-0.012209892,1,3.133914232,179.560058864,-0.002442360,-2.728204727,1,-2.880847216,-165.060386879,-0.002442360,2.673503876,1,-0.193598747,-11.092391137,0.007326126,0.422466278,1,0.870329857,49.866227583,-0.012210846,-0.003663063,-0.063950159,-3.664074190,0.000000000,-0.000000000,2.000000000,1.000000000,3.143832445,180.128330603,0.000000000,-2.770716190,8.500000000,2.500000000,-2.881228685,-165.082243484,0.000000000,2.694160938,3.000000000,0.800000012,-0.194361687,-11.136104347,0.000000000,0.431225687,1.200000048,0.200000003,0.870713234,49.888193471,0.000000000,0.000140909,0.100000001,0.020000000
2026-07-04 18:15:01.323,1783160101.323901415,117.014093380,1,1,116.999255326,1,0.003899772,5,1,0.002606575,5,1,0,1,0,0,1,1,1,1,1,1,0.061008603,-1.120000000,1.590000000,0.000000000,1,115.907067516,12,1,12,1:-1.251:2.428|2:-0.428:2.425|3:0.392:2.424|4:1.223:2.419|5:1.228:1.589|6:0.405:1.588|7:-0.440:1.588|8:-1.261:1.589|9:-1.185:4.911|10:-0.390:4.902|11:0.375:4.903|12:1.182:4.901,0,-1.000000000,,0,0,0.000000000,0.000000000,0,-1.000000000,0,,0,-1.000000000,,0,-1.000000000,0,,1,-0.063950159,-3.664074190,0.007326126,-0.012209892,1,3.133914232,179.560058864,0.002442360,-2.714529037,1,-2.880847216,-165.060386879,-0.002442360,2.673503876,1,-0.193980217,-11.114247742,-0.007326126,0.422466278,1,0.870713234,49.888193471,-0.012210846,-0.003663063,-0.063950159,-3.664074190,0.000000000,-0.000000000,2.000000000,1.000000000,3.143832445,180.128330603,0.000000000,-2.770716190,8.500000000,2.500000000,-2.881228685,-165.082243484,0.000000000,2.694160938,3.000000000,0.800000012,-0.194361687,-11.136104347,0.000000000,0.431225687,1.200000048,0.200000003,0.870713234,49.888193471,0.000000000,0.000140909,0.100000001,0.020000000
2026-07-04 18:15:02.323,1783160102.323899031,118.014090859,1,1,117.999252805,1,0.003939497,5,1,0.002648456,5,1,0,1,0,0,1,1,1,1,1,1,0.039714117,-1.120000000,1.590000000,0.000000000,1,116.907064995,12,1,12,1:-1.251:2.428|2:-0.428:2.425|3:0.392:2.424|4:1.223:2.419|5:1.228:1.589|6:0.405:1.588|7:-0.440:1.588|8:-1.261:1.589|9:-1.185:4.911|10:-0.390:4.902|11:0.375:4.903|12:1.182:4.901,0,-1.000000000,,0,0,0.000000000,0.000000000,0,-1.000000000,0,,0,-1.000000000,,0,-1.000000000,0,,1,-0.063950159,-3.664074190,-0.021978378,-0.012209892,1,3.133914232,179.560058864,-0.002442360,-2.714529037,1,-2.880847216,-165.060386879,0.002442360,2.673503876,1,-0.193598747,-11.092391137,-0.007326126,0.422466278,1,0.870329857,49.866227583,-0.012210846,-0.003663063,-0.063950159,-3.664074190,0.000000000,-0.000000000,2.000000000,1.000000000,3.143832445,180.128330603,0.000000000,-2.770716190,8.500000000,2.500000000,-2.881228685,-165.082243484,0.000000000,2.694160938,3.000000000,0.800000012,-0.194361687,-11.136104347,0.000000000,0.431225687,1.200000048,0.200000003,0.870713234,49.888193471,0.000000000,0.000140909,0.100000001,0.020000000
2026-07-04 18:15:03.323,1783160103.323896408,119.014088211,1,1,118.999250157,1,0.003409943,5,1,0.002496511,5,1,0,1,0,0,1,1,1,1,1,1,0.010354900,-1.120000000,1.590000000,0.000000000,1,117.907062347,12,1,12,1:-1.251:2.428|2:-0.428:2.425|3:0.392:2.424|4:1.223:2.419|5:1.228:1.589|6:0.405:1.588|7:-0.440:1.588|8:-1.261:1.589|9:-1.185:4.911|10:-0.390:4.902|11:0.375:4.903|12:1.182:4.901,0,-1.000000000,,0,0,0.000000000,0.000000000,0,-1.000000000,0,,0,-1.000000000,,0,-1.000000000,0,,1,-0.063950159,-3.664074190,-0.007326126,-0.012209892,1,3.133914232,179.560058864,0.002442360,-2.714529037,1,-2.880847216,-165.060386879,-0.007326126,2.673503876,1,-0.193980217,-11.114247742,-0.007326126,0.422466278,1,0.870329857,49.866227583,-0.012210846,-0.003663063,-0.063950159,-3.664074190,0.000000000,-0.000000000,2.000000000,1.000000000,3.143832445,180.128330603,0.000000000,-2.770716190,8.500000000,2.500000000,-2.881228685,-165.082243484,0.000000000,2.694160938,3.000000000,0.800000012,-0.194361687,-11.136104347,0.000000000,0.431225687,1.200000048,0.200000003,0.870713234,49.888193471,0.000000000,0.000140909,0.100000001,0.020000000
2026-07-04 18:15:04.323,1783160104.323875427,120.014067209,1,1,119.999229155,1,0.003791206,5,1,0.002604749,5,1,0,1,0,0,1,1,1,1,1,1,0.163746395,-1.120000000,1.590000000,0.000000000,1,118.907041345,12,1,12,1:-1.251:2.428|2:-0.428:2.425|3:0.392:2.424|4:1.223:2.419|5:1.228:1.589|6:0.405:1.588|7:-0.440:1.588|8:-1.261:1.589|9:-1.185:4.911|10:-0.390:4.902|11:0.375:4.903|12:1.182:4.901,0,-1.000000000,,0,0,0.000000000,0.000000000,0,-1.000000000,0,,0,-1.000000000,,0,-1.000000000,0,,1,-0.063950159,-3.664074190,-0.007326126,-0.012209892,1,3.133914232,179.560058864,-0.002442360,-2.714529037,1,-2.880847216,-165.060386879,-0.002442360,2.673503876,1,-0.193598747,-11.092391137,-0.007326126,0.422466278,1,0.870329857,49.866227583,-0.012210846,-0.003663063,-0.063950159,-3.664074190,0.000000000,-0.000000000,2.000000000,1.000000000,3.143832445,180.128330603,0.000000000,-2.770716190,8.500000000,2.500000000,-2.881228685,-165.082243484,0.000000000,2.694160938,3.000000000,0.800000012,-0.194361687,-11.136104347,0.000000000,0.431225687,1.200000048,0.200000003,0.870713234,49.888193471,0.000000000,0.000140909,0.100000001,0.020000000
2026-07-04 18:15:05.323,1783160105.323881149,121.014073064,1,1,120.999235010,1,0.003413520,5,1,0.002555047,5,1,0,1,0,0,1,1,1,1,1,1,0.042809640,-1.120000000,1.590000000,0.000000000,1,119.907047200,12,1,12,1:-1.251:2.428|2:-0.428:2.425|3:0.392:2.424|4:1.223:2.419|5:1.228:1.589|6:0.405:1.588|7:-0.440:1.588|8:-1.261:1.589|9:-1.185:4.911|10:-0.390:4.902|11:0.375:4.903|12:1.182:4.901,0,-1.000000000,,0,0,0.000000000,0.000000000,0,-1.000000000,0,,0,-1.000000000,,0,-1.000000000,0,,1,-0.063950159,-3.664074190,-0.007326126,-0.012209892,1,3.133914232,179.560058864,-0.002442360,-2.700855255,1,-2.880847216,-165.060386879,-0.002442360,2.673503876,1,-0.193598747,-11.092391137,0.007326126,0.422466278,1,0.870329857,49.866227583,-0.036628723,-0.003663063,-0.063950159,-3.664074190,0.000000000,-0.000000000,2.000000000,1.000000000,3.143832445,180.128330603,0.000000000,-2.770716190,8.500000000,2.500000000,-2.881228685,-165.082243484,0.000000000,2.694160938,3.000000000,0.800000012,-0.194361687,-11.136104347,0.000000000,0.431225687,1.200000048,0.200000003,0.870713234,49.888193471,0.000000000,0.000140909,0.100000001,0.020000000
2026-07-04 18:15:06.323,1783160106.323857307,122.014049362,1,1,121.999211308,1,0.003841598,5,1,0.002621239,5,1,0,1,0,0,1,1,1,1,1,1,0.122895710,-1.120000000,1.590000000,0.000000000,1,120.907023498,12,1,12,1:-1.251:2.428|2:-0.428:2.425|3:0.392:2.424|4:1.223:2.419|5:1.228:1.589|6:0.405:1.588|7:-0.440:1.588|8:-1.261:1.589|9:-1.185:4.911|10:-0.390:4.902|11:0.375:4.903|12:1.182:4.901,0,-1.000000000,,0,0,0.000000000,0.000000000,0,-1.000000000,0,,0,-1.000000000,,0,-1.000000000,0,,1,-0.063950159,-3.664074190,0.007326126,-0.012209892,1,3.133914232,179.560058864,-0.002442360,-2.728204727,1,-2.880847216,-165.060386879,0.002442360,2.673503876,1,-0.193980217,-11.114247742,-0.007326126,0.422466278,1,0.870329857,49.866227583,0.012210846,-0.003663063,-0.063950159,-3.664074190,0.000000000,-0.000000000,2.000000000,1.000000000,3.143832445,180.128330603,0.000000000,-2.770716190,8.500000000,2.500000000,-2.881228685,-165.082243484,0.000000000,2.694160938,3.000000000,0.800000012,-0.194361687,-11.136104347,0.000000000,0.431225687,1.200000048,0.200000003,0.870713234,49.888193471,0.000000000,0.000140909,0.100000001,0.020000000
2026-07-04 18:15:07.323,1783160107.323873758,123.014065636,1,1,122.999227582,1,0.003819856,5,1,0.002629413,5,1,0,1,0,0,1,1,1,1,1,1,0.275885227,-1.120000000,1.590000000,0.000000000,1,121.907039772,12,1,12,1:-1.251:2.428|2:-0.428:2.425|3:0.392:2.424|4:1.223:2.419|5:1.228:1.589|6:0.405:1.588|7:-0.440:1.588|8:-1.261:1.589|9:-1.185:4.911|10:-0.390:4.902|11:0.375:4.903|12:1.182:4.901,0,-1.000000000,,0,0,0.000000000,0.000000000,0,-1.000000000,0,,0,-1.000000000,,0,-1.000000000,0,,1,-0.063950159,-3.664074190,-0.021978378,-0.012209892,1,3.133914232,179.560058864,-0.002442360,-2.714529037,1,-2.880847216,-165.060386879,0.002442360,2.673503876,1,-0.193598747,-11.092391137,0.007326126,0.422466278,1,0.870329857,49.866227583,-0.012210846,-0.003663063,-0.063950159,-3.664074190,0.000000000,-0.000000000,2.000000000,1.000000000,3.143832445,180.128330603,0.000000000,-2.770716190,8.500000000,2.500000000,-2.881228685,-165.082243484,0.000000000,2.694160938,3.000000000,0.800000012,-0.194361687,-11.136104347,0.000000000,0.431225687,1.200000048,0.200000003,0.870713234,49.888193471,0.000000000,0.000140909,0.100000001,0.020000000
2026-07-04 18:15:08.323,1783160108.323847055,124.014038903,1,1,123.999200849,1,0.003754903,5,1,0.002567329,5,1,0,1,0,0,1,1,1,1,1,1,0.163405205,-1.120000000,1.590000000,0.000000000,1,122.907013039,12,1,12,1:-1.251:2.428|2:-0.428:2.425|3:0.392:2.424|4:1.223:2.419|5:1.228:1.589|6:0.405:1.588|7:-0.440:1.588|8:-1.261:1.589|9:-1.185:4.911|10:-0.390:4.902|11:0.375:4.903|12:1.182:4.901,0,-1.000000000,,0,0,0.000000000,0.000000000,0,-1.000000000,0,,0,-1.000000000,,0,-1.000000000,0,,1,-0.063950159,-3.664074190,0.007326126,-0.012209892,1,3.133914232,179.560058864,-0.002442360,-2.728204727,1,-2.880847216,-165.060386879,-0.002442360,2.673503876,1,-0.193598747,-11.092391137,-0.007326126,0.422466278,1,0.870713234,49.888193471,0.036628723,-0.003663063,-0.063950159,-3.664074190,0.000000000,-0.000000000,2.000000000,1.000000000,3.143832445,180.128330603,0.000000000,-2.770716190,8.500000000,2.500000000,-2.881228685,-165.082243484,0.000000000,2.694160938,3.000000000,0.800000012,-0.194361687,-11.136104347,0.000000000,0.431225687,1.200000048,0.200000003,0.870713234,49.888193471,0.000000000,0.000140909,0.100000001,0.020000000
2026-07-04 18:15:09.323,1783160109.323849916,125.014041729,1,1,124.999203675,1,0.003587385,5,1,0.002475049,5,1,0,1,0,0,1,1,1,1,1,1,0.180526855,-1.120000000,1.590000000,0.000000000,1,123.907015865,12,1,12,1:-1.251:2.428|2:-0.428:2.425|3:0.392:2.424|4:1.223:2.419|5:1.228:1.589|6:0.405:1.588|7:-0.440:1.588|8:-1.261:1.589|9:-1.185:4.911|10:-0.390:4.902|11:0.375:4.903|12:1.182:4.901,0,-1.000000000,,0,0,0.000000000,0.000000000,0,-1.000000000,0,,0,-1.000000000,,0,-1.000000000,0,,1,-0.063950159,-3.664074190,-0.007326126,-0.012209892,1,3.133914232,179.560058864,-0.002442360,-2.714529037,1,-2.880847216,-165.060386879,-0.002442360,2.673503876,1,-0.193598747,-11.092391137,-0.007326126,0.422466278,1,0.870329857,49.866227583,-0.036628723,-0.003663063,-0.063950159,-3.664074190,0.000000000,-0.000000000,2.000000000,1.000000000,3.143832445,180.128330603,0.000000000,-2.770716190,8.500000000,2.500000000,-2.881228685,-165.082243484,0.000000000,2.694160938,3.000000000,0.800000012,-0.194361687,-11.136104347,0.000000000,0.431225687,1.200000048,0.200000003,0.870713234,49.888193471,0.000000000,0.000140909,0.100000001,0.020000000
2026-07-04 18:15:10.323,1783160110.323831081,126.014022775,1,1,125.999184721,1,0.003925997,5,1,0.002688718,5,1,0,1,0,0,1,1,1,1,1,1,0.085399171,-1.120000000,1.590000000,0.000000000,1,124.906996911,12,1,12,1:-1.251:2.428|2:-0.428:2.425|3:0.392:2.424|4:1.223:2.419|5:1.228:1.589|6:0.405:1.588|7:-0.440:1.588|8:-1.261:1.589|9:-1.185:4.911|10:-0.390:4.902|11:0.375:4.903|12:1.182:4.901,0,-1.000000000,,0,0,0.000000000,0.000000000,0,-1.000000000,0,,0,-1.000000000,,0,-1.000000000,0,,1,-0.063950159,-3.664074190,-0.007326126,-0.012209892,1,3.133914232,179.560058864,-0.002442360,-2.714529037,1,-2.880847216,-165.060386879,-0.002442360,2.673503876,1,-0.193980217,-11.114247742,-0.007326126,0.422466278,1,0.870329857,49.866227583,0.012210846,-0.003663063,-0.063950159,-3.664074190,0.000000000,-0.000000000,2.000000000,1.000000000,3.143832445,180.128330603,0.000000000,-2.770716190,8.500000000,2.500000000,-2.881228685,-165.082243484,0.000000000,2.694160938,3.000000000,0.800000012,-0.194361687,-11.136104347,0.000000000,0.431225687,1.200000048,0.200000003,0.870713234,49.888193471,0.000000000,0.000140909,0.100000001,0.020000000
2026-07-04 18:15:11.323,1783160111.323823452,127.014015126,1,1,126.999177072,1,0.003864899,5,1,0.002613270,5,1,0,1,0,0,1,1,1,1,1,1,0.094181839,-1.120000000,1.590000000,0.000000000,1,125.906989262,12,1,12,1:-1.251:2.428|2:-0.428:2.425|3:0.392:2.424|4:1.223:2.419|5:1.228:1.589|6:0.405:1.588|7:-0.440:1.588|8:-1.261:1.589|9:-1.185:4.911|10:-0.390:4.902|11:0.375:4.903|12:1.182:4.901,0,-1.000000000,,0,0,0.000000000,0.000000000,0,-1.000000000,0,,0,-1.000000000,,0,-1.000000000,0,,1,-0.063950159,-3.664074190,-0.007326126,-0.012209892,1,3.133914232,179.560058864,-0.002442360,-2.714529037,1,-2.880847216,-165.060386879,0.002442360,2.673503876,1,-0.193598747,-11.092391137,-0.007326126,0.422466278,1,0.870329857,49.866227583,-0.061050415,-0.003663063,-0.063950159,-3.664074190,0.000000000,-0.000000000,2.000000000,1.000000000,3.143832445,180.128330603,0.000000000,-2.770716190,8.500000000,2.500000000,-2.881228685,-165.082243484,0.000000000,2.694160938,3.000000000,0.800000012,-0.194361687,-11.136104347,0.000000000,0.431225687,1.200000048,0.200000003,0.870713234,49.888193471,0.000000000,0.000140909,0.100000001,0.020000000
2026-07-04 18:15:12.323,1783160112.323799610,128.013991346,1,1,127.999153292,1,0.004016994,5,1,0.002644872,5,1,0,1,0,0,1,1,1,1,1,1,0.102697678,-1.120000000,1.590000000,0.000000000,1,126.906965482,12,1,12,1:-1.251:2.428|2:-0.428:2.425|3:0.392:2.424|4:1.223:2.419|5:1.228:1.589|6:0.405:1.588|7:-0.440:1.588|8:-1.261:1.589|9:-1.185:4.911|10:-0.390:4.902|11:0.375:4.903|12:1.182:4.901,0,-1.000000000,,0,0,0.000000000,0.000000000,0,-1.000000000,0,,0,-1.000000000,,0,-1.000000000,0,,1,-0.063950159,-3.664074190,-0.007326126,-0.012209892,1,3.133914232,179.560058864,-0.002442360,-2.714529037,1,-2.880847216,-165.060386879,-0.002442360,2.673503876,1,-0.193980217,-11.114247742,0.007326126,0.422466278,1,0.870329857,49.866227583,-0.012210846,-0.003663063,-0.063950159,-3.664074190,0.000000000,-0.000000000,2.000000000,1.000000000,3.143832445,180.128330603,0.000000000,-2.770716190,8.500000000,2.500000000,-2.881228685,-165.082243484,0.000000000,2.694160938,3.000000000,0.800000012,-0.194361687,-11.136104347,0.000000000,0.431225687,1.200000048,0.200000003,0.870713234,49.888193471,0.000000000,0.000140909,0.100000001,0.020000000
2026-07-04 18:15:13.323,1783160113.323784113,129.013975941,1,1,128.999137887,1,0.003934891,5,1,0.002605434,5,1,0,1,0,0,1,1,1,1,1,1,0.082831628,-1.120000000,1.590000000,0.000000000,1,127.906950077,12,1,12,1:-1.251:2.428|2:-0.428:2.425|3:0.392:2.424|4:1.223:2.419|5:1.228:1.589|6:0.405:1.588|7:-0.440:1.588|8:-1.261:1.589|9:-1.185:4.911|10:-0.390:4.902|11:0.375:4.903|12:1.182:4.901,0,-1.000000000,,0,0,0.000000000,0.000000000,0,-1.000000000,0,,0,-1.000000000,,0,-1.000000000,0,,1,-0.063950159,-3.664074190,-0.007326126,-0.012209892,1,3.133914232,179.560058864,0.002442360,-2.714529037,1,-2.880847216,-165.060386879,0.002442360,2.687179565,1,-0.193598747,-11.092391137,0.007326126,0.422466278,1,0.870329857,49.866227583,-0.012210846,-0.003663063,-0.063950159,-3.664074190,0.000000000,-0.000000000,2.000000000,1.000000000,3.143832445,180.128330603,0.000000000,-2.770716190,8.500000000,2.500000000,-2.881228685,-165.082243484,0.000000000,2.694160938,3.000000000,0.800000012,-0.194361687,-11.136104347,0.000000000,0.431225687,1.200000048,0.200000003,0.870713234,49.888193471,0.000000000,0.000140909,0.100000001,0.020000000
2026-07-04 18:15:14.323,1783160114.323787928,130.013979902,1,1,129.999141848,1,0.003891848,5,1,0.002662564,5,1,0,1,0,0,1,1,1,1,1,1,0.060354838,-1.120000000,1.590000000,0.000000000,1,128.906954038,12,1,12,1:-1.251:2.428|2:-0.428:2.425|3:0.392:2.424|4:1.223:2.419|5:1.228:1.589|6:0.405:1.588|7:-0.440:1.588|8:-1.261:1.589|9:-1.185:4.911|10:-0.390:4.902|11:0.375:4.903|12:1.182:4.901,0,-1.000000000,,0,0,0.000000000,0.000000000,0,-1.000000000,0,,0,-1.000000000,,0,-1.000000000,0,,1,-0.063950159,-3.664074190,-0.007326126,-0.012209892,1,3.133914232,179.560058864,-0.002442360,-2.714529037,1,-2.880847216,-165.060386879,-0.002442360,2.673503876,1,-0.193598747,-11.092391137,-0.007326126,0.422466278,1,0.870329857,49.866227583,-0.036628723,-0.003663063,-0.063950159,-3.664074190,0.000000000,-0.000000000,2.000000000,1.000000000,3.143832445,180.128330603,0.000000000,-2.770716190,8.500000000,2.500000000,-2.881228685,-165.082243484,0.000000000,2.694160938,3.000000000,0.800000012,-0.194361687,-11.136104347,0.000000000,0.431225687,1.200000048,0.200000003,0.870713234,49.888193471,0.000000000,0.000140909,0.100000001,0.020000000
2026-07-04 18:15:15.323,1783160115.323824644,131.014016449,1,1,130.999178395,1,0.003933429,5,1,0.002651584,5,1,0,1,0,0,1,1,1,1,1,1,0.080081607,-1.120000000,1.590000000,0.000000000,1,129.906990585,12,1,12,1:-1.251:2.428|2:-0.428:2.425|3:0.392:2.424|4:1.223:2.419|5:1.228:1.589|6:0.405:1.588|7:-0.440:1.588|8:-1.261:1.589|9:-1.185:4.911|10:-0.390:4.902|11:0.375:4.903|12:1.182:4.901,0,-1.000000000,,0,0,0.000000000,0.000000000,0,-1.000000000,0,,0,-1.000000000,,0,-1.000000000,0,,1,-0.063950159,-3.664074190,0.007326126,-0.012209892,1,3.133914232,179.560058864,-0.002442360,-2.714529037,1,-2.880847216,-165.060386879,0.002442360,2.673503876,1,-0.193980217,-11.114247742,-0.007326126,0.422466278,1,0.870329857,49.866227583,-0.012210846,-0.003663063,-0.063950159,-3.664074190,0.000000000,-0.000000000,2.000000000,1.000000000,3.143832445,180.128330603,0.000000000,-2.770716190,8.500000000,2.500000000,-2.881228685,-165.082243484,0.000000000,2.694160938,3.000000000,0.800000012,-0.194361687,-11.136104347,0.000000000,0.431225687,1.200000048,0.200000003,0.870713234,49.888193471,0.000000000,0.000140909,0.100000001,0.020000000
2026-07-04 18:15:16.323,1783160116.323757648,132.013949292,1,1,131.999111238,1,0.003928155,5,1,0.002630906,5,1,0,1,0,0,1,1,1,1,1,1,0.027181175,-1.120000000,1.590000000,0.000000000,1,130.906923428,12,1,12,1:-1.251:2.428|2:-0.428:2.425|3:0.392:2.424|4:1.223:2.419|5:1.228:1.589|6:0.405:1.588|7:-0.440:1.588|8:-1.261:1.589|9:-1.185:4.911|10:-0.390:4.902|11:0.375:4.903|12:1.182:4.901,0,-1.000000000,,0,0,0.000000000,0.000000000,0,-1.000000000,0,,0,-1.000000000,,0,-1.000000000,0,,1,-0.063950159,-3.664074190,-0.007326126,-0.012209892,1,3.133914232,179.560058864,0.002442360,-2.714529037,1,-2.880847216,-165.060386879,0.002442360,2.673503876,1,-0.193980217,-11.114247742,-0.021978378,0.422466278,1,0.870329857,49.866227583,0.036628723,-0.003663063,-0.063950159,-3.664074190,0.000000000,-0.000000000,2.000000000,1.000000000,3.143832445,180.128330603,0.000000000,-2.770716190,8.500000000,2.500000000,-2.881228685,-165.082243484,0.000000000,2.694160938,3.000000000,0.800000012,-0.194361687,-11.136104347,0.000000000,0.431225687,1.200000048,0.200000003,0.870713234,49.888193471,0.000000000,0.000140909,0.100000001,0.020000000
2026-07-04 18:15:17.323,1783160117.323765755,133.013957510,1,1,132.999119456,1,0.003599581,5,1,0.002488689,5,1,0,1,0,0,1,1,1,1,1,1,0.071109273,-1.120000000,1.590000000,0.000000000,1,131.906931646,12,1,12,1:-1.251:2.428|2:-0.428:2.425|3:0.392:2.424|4:1.223:2.419|5:1.228:1.589|6:0.405:1.588|7:-0.440:1.588|8:-1.261:1.589|9:-1.185:4.911|10:-0.390:4.902|11:0.375:4.903|12:1.182:4.901,0,-1.000000000,,0,0,0.000000000,0.000000000,0,-1.000000000,0,,0,-1.000000000,,0,-1.000000000,0,,1,-0.063950159,-3.664074190,-0.021978378,-0.012209892,1,3.133914232,179.560058864,-0.002442360,-2.714529037,1,-2.880847216,-165.060386879,-0.002442360,2.687179565,1,-0.193598747,-11.092391137,-0.007326126,0.422466278,1,0.870329857,49.866227583,-0.036628723,-0.001221180,-0.063950159,-3.664074190,0.000000000,-0.000000000,2.000000000,1.000000000,3.143832445,180.128330603,0.000000000,-2.770716190,8.500000000,2.500000000,-2.881228685,-165.082243484,0.000000000,2.694160938,3.000000000,0.800000012,-0.194361687,-11.136104347,0.000000000,0.431225687,1.200000048,0.200000003,0.870713234,49.888193471,0.000000000,0.000140909,0.100000001,0.020000000
2026-07-04 18:15:18.323,1783160118.323737621,134.013929387,1,1,133.999091333,1,0.003718929,5,1,0.002510255,5,1,0,1,0,0,1,1,1,1,1,1,0.034524685,-1.120000000,1.590000000,0.000000000,1,132.906903523,12,1,12,1:-1.251:2.428|2:-0.428:2.425|3:0.392:2.424|4:1.223:2.419|5:1.228:1.589|6:0.405:1.588|7:-0.440:1.588|8:-1.261:1.589|9:-1.185:4.911|10:-0.390:4.902|11:0.375:4.903|12:1.182:4.901,0,-1.000000000,,0,0,0.000000000,0.000000000,0,-1.000000000,0,,0,-1.000000000,,0,-1.000000000,0,,1,-0.063950159,-3.664074190,-0.007326126,-0.012209892,1,3.133914232,179.560058864,-0.002442360,-2.714529037,1,-2.880847216,-165.060386879,-0.002442360,2.673503876,1,-0.193598747,-11.092391137,-0.007326126,0.422466278,1,0.870329857,49.866227583,-0.012210846,-0.001221180,-0.063950159,-3.664074190,0.000000000,-0.000000000,2.000000000,1.000000000,3.143832445,180.128330603,0.000000000,-2.770716190,8.500000000,2.500000000,-2.881228685,-165.082243484,0.000000000,2.694160938,3.000000000,0.800000012,-0.194361687,-11.136104347,0.000000000,0.431225687,1.200000048,0.200000003,0.870713234,49.888193471,0.000000000,0.000140909,0.100000001,0.020000000
2026-07-04 18:15:19.323,1783160119.323742867,135.013934913,1,1,134.999096859,1,0.003978160,5,1,0.002649335,5,1,0,1,0,0,1,1,1,1,1,1,0.170587151,-1.120000000,1.590000000,0.000000000,1,133.906909049,12,1,12,1:-1.251:2.428|2:-0.428:2.425|3:0.392:2.424|4:1.223:2.419|5:1.228:1.589|6:0.405:1.588|7:-0.440:1.588|8:-1.261:1.589|9:-1.185:4.911|10:-0.390:4.902|11:0.375:4.903|12:1.182:4.901,0,-1.000000000,,0,0,0.000000000,0.000000000,0,-1.000000000,0,,0,-1.000000000,,0,-1.000000000,0,,1,-0.063950159,-3.664074190,-0.007326126,-0.012209892,1,3.133914232,179.560058864,-0.002442360,-2.714529037,1,-2.880847216,-165.060386879,-0.002442360,2.687179565,1,-0.193598747,-11.092391137,-0.007326126,0.422466278,1,0.870713234,49.888193471,0.012210846,-0.003663063,-0.063950159,-3.664074190,0.000000000,-0.000000000,2.000000000,1.000000000,3.143832445,180.128330603,0.000000000,-2.770716190,8.500000000,2.500000000,-2.881228685,-165.082243484,0.000000000,2.694160938,3.000000000,0.800000012,-0.194361687,-11.136104347,0.000000000,0.431225687,1.200000048,0.200000003,0.870713234,49.888193471,0.000000000,0.000140909,0.100000001,0.020000000
2026-07-04 18:15:20.323,1783160120.323714972,136.013906967,1,1,135.999068913,1,0.003832418,5,1,0.002662741,5,1,0,1,0,0,1,1,1,1,1,1,0.046543500,-1.120000000,1.590000000,0.000000000,1,134.906881103,12,1,12,1:-1.251:2.428|2:-0.428:2.425|3:0.392:2.424|4:1.223:2.419|5:1.228:1.589|6:0.405:1.588|7:-0.440:1.588|8:-1.261:1.589|9:-1.185:4.911|10:-0.390:4.902|11:0.375:4.903|12:1.182:4.901,0,-1.000000000,,0,0,0.000000000,0.000000000,0,-1.000000000,0,,0,-1.000000000,,0,-1.000000000,0,,1,-0.063950159,-3.664074190,-0.007326126,-0.012209892,1,3.133914232,179.560058864,-0.002442360,-2.728204727,1,-2.880847216,-165.060386879,-0.002442360,2.673503876,1,-0.193980217,-11.114247742,-0.007326126,0.422466278,1,0.870329857,49.866227583,-0.012210846,-0.003663063,-0.063950159,-3.664074190,0.000000000,-0.000000000,2.000000000,1.000000000,3.143832445,180.128330603,0.000000000,-2.770716190,8.500000000,2.500000000,-2.881228685,-165.082243484,0.000000000,2.694160938,3.000000000,0.800000012,-0.194361687,-11.136104347,0.000000000,0.431225687,1.200000048,0.200000003,0.870713234,49.888193471,0.000000000,0.000140909,0.100000001,0.020000000
2026-07-04 18:15:21.323,1783160121.323722124,137.013914134,1,1,136.999076080,1,0.003488586,5,1,0.002502192,5,1,0,1,0,0,1,1,1,1,1,1,0.199648332,-1.120000000,1.590000000,0.000000000,1,135.906888270,12,1,12,1:-1.251:2.428|2:-0.428:2.425|3:0.392:2.424|4:1.223:2.419|5:1.228:1.589|6:0.405:1.588|7:-0.440:1.588|8:-1.261:1.589|9:-1.185:4.911|10:-0.390:4.902|11:0.375:4.903|12:1.182:4.901,0,-1.000000000,,0,0,0.000000000,0.000000000,0,-1.000000000,0,,0,-1.000000000,,0,-1.000000000,0,,1,-0.063950159,-3.664074190,-0.007326126,-0.012209892,1,3.133914232,179.560058864,-0.002442360,-2.714529037,1,-2.880847216,-165.060386879,0.002442360,2.673503876,1,-0.193598747,-11.092391137,-0.007326126,0.422466278,1,0.870329857,49.866227583,0.012210846,-0.003663063,-0.063950159,-3.664074190,0.000000000,-0.000000000,2.000000000,1.000000000,3.143832445,180.128330603,0.000000000,-2.770716190,8.500000000,2.500000000,-2.881228685,-165.082243484,0.000000000,2.694160938,3.000000000,0.800000012,-0.194361687,-11.136104347,0.000000000,0.431225687,1.200000048,0.200000003,0.870713234,49.888193471,0.000000000,0.000140909,0.100000001,0.020000000
2026-07-04 18:15:22.323,1783160122.323764086,138.013955894,1,1,137.999117840,1,0.003500764,5,1,0.002550145,5,1,0,1,0,0,1,1,1,1,1,1,0.139500783,-1.120000000,1.590000000,0.000000000,1,136.906930030,12,1,12,1:-1.251:2.428|2:-0.428:2.425|3:0.392:2.424|4:1.223:2.419|5:1.228:1.589|6:0.405:1.588|7:-0.440:1.588|8:-1.261:1.589|9:-1.185:4.911|10:-0.390:4.902|11:0.375:4.903|12:1.182:4.901,0,-1.000000000,,0,0,0.000000000,0.000000000,0,-1.000000000,0,,0,-1.000000000,,0,-1.000000000,0,,1,-0.063950159,-3.664074190,-0.007326126,-0.012209892,1,3.133914232,179.560058864,-0.002442360,-2.714529037,1,-2.880847216,-165.060386879,-0.002442360,2.673503876,1,-0.193598747,-11.092391137,0.007326126,0.422466278,1,0.870329857,49.866227583,-0.012210846,-0.003663063,-0.063950159,-3.664074190,0.000000000,-0.000000000,2.000000000,1.000000000,3.143832445,180.128330603,0.000000000,-2.770716190,8.500000000,2.500000000,-2.881228685,-165.082243484,0.000000000,2.694160938,3.000000000,0.800000012,-0.194361687,-11.136104347,0.000000000,0.431225687,1.200000048,0.200000003,0.870713234,49.888193471,0.000000000,0.000140909,0.100000001,0.020000000
2026-07-04 18:15:23.323,1783160123.323691368,139.013883226,1,1,138.999045172,1,0.003674502,5,1,0.002598389,5,1,0,1,0,0,1,1,1,1,1,1,0.044973083,-1.120000000,1.590000000,0.000000000,1,137.906857362,12,1,12,1:-1.251:2.428|2:-0.428:2.425|3:0.392:2.424|4:1.223:2.419|5:1.228:1.589|6:0.405:1.588|7:-0.440:1.588|8:-1.261:1.589|9:-1.185:4.911|10:-0.390:4.902|11:0.375:4.903|12:1.182:4.901,0,-1.000000000,,0,0,0.000000000,0.000000000,0,-1.000000000,0,,0,-1.000000000,,0,-1.000000000,0,,1,-0.063950159,-3.664074190,-0.007326126,-0.012209892,1,3.133914232,179.560058864,-0.007326126,-2.714529037,1,-2.880847216,-165.060386879,-0.002442360,2.673503876,1,-0.193598747,-11.092391137,0.007326126,0.422466278,1,0.870713234,49.888193471,0.012210846,-0.003663063,-0.063950159,-3.664074190,0.000000000,-0.000000000,2.000000000,1.000000000,3.143832445,180.128330603,0.000000000,-2.770716190,8.500000000,2.500000000,-2.881228685,-165.082243484,0.000000000,2.694160938,3.000000000,0.800000012,-0.194361687,-11.136104347,0.000000000,0.431225687,1.200000048,0.200000003,0.870713234,49.888193471,0.000000000,0.000140909,0.100000001,0.020000000
2026-07-04 18:15:24.323,1783160124.323717117,140.013908951,1,1,139.999070897,1,0.003393873,5,1,0.002655703,5,1,0,1,0,0,1,1,1,1,1,1,0.056987467,-1.120000000,1.590000000,0.000000000,1,138.906883087,12,1,12,1:-1.251:2.428|2:-0.428:2.425|3:0.392:2.424|4:1.223:2.419|5:1.228:1.589|6:0.405:1.588|7:-0.440:1.588|8:-1.261:1.589|9:-1.185:4.911|10:-0.390:4.902|11:0.375:4.903|12:1.182:4.901,0,-1.000000000,,0,0,0.000000000,0.000000000,0,-1.000000000,0,,0,-1.000000000,,0,-1.000000000,0,,1,-0.063950159,-3.664074190,-0.021978378,-0.012209892,1,3.133914232,179.560058864,-0.002442360,-2.714529037,1,-2.880847216,-165.060386879,-0.007326126,2.673503876,1,-0.193598747,-11.092391137,-0.007326126,0.422466278,1,0.870329857,49.866227583,-0.012210846,-0.003663063,-0.063950159,-3.664074190,0.000000000,-0.000000000,2.000000000,1.000000000,3.143832445,180.128330603,0.000000000,-2.770716190,8.500000000,2.500000000,-2.881228685,-165.082243484,0.000000000,2.694160938,3.000000000,0.800000012,-0.194361687,-11.136104347,0.000000000,0.431225687,1.200000048,0.200000003,0.870713234,49.888193471,0.000000000,0.000140909,0.100000001,0.020000000
2026-07-04 18:15:25.323,1783160125.323671103,141.013862848,1,1,140.999024794,1,0.003856883,5,1,0.002584103,5,1,0,1,0,0,1,1,1,1,1,1,0.033543028,-1.120000000,1.590000000,0.000000000,1,139.906836984,12,1,12,1:-1.251:2.428|2:-0.428:2.425|3:0.392:2.424|4:1.223:2.419|5:1.228:1.589|6:0.405:1.588|7:-0.440:1.588|8:-1.261:1.589|9:-1.185:4.911|10:-0.390:4.902|11:0.375:4.903|12:1.182:4.901,0,-1.000000000,,0,0,0.000000000,0.000000000,0,-1.000000000,0,,0,-1.000000000,,0,-1.000000000,0,,1,-0.063950159,-3.664074190,-0.007326126,-0.012209892,1,3.133914232,179.560058864,-0.002442360,-2.714529037,1,-2.880847216,-165.060386879,-0.002442360,2.673503876,1,-0.193598747,-11.092391137,-0.007326126,0.422466278,1,0.870329857,49.866227583,-0.012210846,-0.003663063,-0.063950159,-3.664074190,0.000000000,-0.000000000,2.000000000,1.000000000,3.143832445,180.128330603,0.000000000,-2.770716190,8.500000000,2.500000000,-2.881228685,-165.082243484,0.000000000,2.694160938,3.000000000,0.800000012,-0.194361687,-11.136104347,0.000000000,0.431225687,1.200000048,0.200000003,0.870713234,49.888193471,0.000000000,0.000140909,0.100000001,0.020000000
2026-07-04 18:15:26.323,1783160126.323654890,142.013846817,1,1,141.999008763,1,0.003846189,5,1,0.002606408,5,1,0,1,0,0,1,1,1,1,1,1,0.098974393,-1.120000000,1.590000000,0.000000000,1,140.906820953,12,1,12,1:-1.251:2.428|2:-0.428:2.425|3:0.392:2.424|4:1.223:2.419|5:1.228:1.589|6:0.405:1.588|7:-0.440:1.588|8:-1.261:1.589|9:-1.185:4.911|10:-0.390:4.902|11:0.375:4.903|12:1.182:4.901,0,-1.000000000,,0,0,0.000000000,0.000000000,0,-1.000000000,0,,0,-1.000000000,,0,-1.000000000,0,,1,-0.063950159,-3.664074190,-0.007326126,-0.012209892,1,3.133914232,179.560058864,0.002442360,-2.728204727,1,-2.880847216,-165.060386879,-0.002442360,2.673503876,1,-0.193598747,-11.092391137,-0.007326126,0.422466278,1,0.870329857,49.866227583,0.012210846,-0.003663063,-0.063950159,-3.664074190,0.000000000,-0.000000000,2.000000000,1.000000000,3.143832445,180.128330603,0.000000000,-2.770716190,8.500000000,2.500000000,-2.881228685,-165.082243484,0.000000000,2.694160938,3.000000000,0.800000012,-0.194361687,-11.136104347,0.000000000,0.431225687,1.200000048,0.200000003,0.870713234,49.888193471,0.000000000,0.000140909,0.100000001,0.020000000
2026-07-04 18:15:27.323,1783160127.323666096,143.013858077,1,1,142.999020023,1,0.003438260,5,1,0.002543523,5,1,0,1,0,0,1,1,1,1,1,1,0.192843953,-1.120000000,1.590000000,0.000000000,1,141.906832213,12,1,12,1:-1.251:2.428|2:-0.428:2.425|3:0.392:2.424|4:1.223:2.419|5:1.228:1.589|6:0.405:1.588|7:-0.440:1.588|8:-1.261:1.589|9:-1.185:4.911|10:-0.390:4.902|11:0.375:4.903|12:1.182:4.901,0,-1.000000000,,0,0,0.000000000,0.000000000,0,-1.000000000,0,,0,-1.000000000,,0,-1.000000000,0,,1,-0.063950159,-3.664074190,-0.007326126,-0.012209892,1,3.133914232,179.560058864,0.002442360,-2.714529037,1,-2.880847216,-165.060386879,-0.002442360,2.687179565,1,-0.193598747,-11.092391137,0.007326126,0.422466278,1,0.870713234,49.888193471,0.012210846,-0.003663063,-0.063950159,-3.664074190,0.000000000,-0.000000000,2.000000000,1.000000000,3.143832445,180.128330603,0.000000000,-2.770716190,8.500000000,2.500000000,-2.881228685,-165.082243484,0.000000000,2.694160938,3.000000000,0.800000012,-0.194361687,-11.136104347,0.000000000,0.431225687,1.200000048,0.200000003,0.870713234,49.888193471,0.000000000,0.000140909,0.100000001,0.020000000
2026-07-04 18:15:28.323,1783160128.323709965,144.013901835,1,1,143.999063781,1,0.003370942,5,1,0.002557488,5,1,0,1,0,0,1,1,1,1,1,1,0.061281210,-1.120000000,1.590000000,0.000000000,1,142.906875971,12,1,12,1:-1.251:2.428|2:-0.428:2.425|3:0.392:2.424|4:1.223:2.419|5:1.228:1.589|6:0.405:1.588|7:-0.440:1.588|8:-1.261:1.589|9:-1.185:4.911|10:-0.390:4.902|11:0.375:4.903|12:1.182:4.901,0,-1.000000000,,0,0,0.000000000,0.000000000,0,-1.000000000,0,,0,-1.000000000,,0,-1.000000000,0,,1,-0.063950159,-3.664074190,-0.007326126,-0.012209892,1,3.133914232,179.560058864,-0.002442360,-2.714529037,1,-2.880847216,-165.060386879,-0.002442360,2.673503876,1,-0.193598747,-11.092391137,-0.007326126,0.422466278,1,0.870329857,49.866227583,-0.036628723,-0.003663063,-0.063950159,-3.664074190,0.000000000,-0.000000000,2.000000000,1.000000000,3.143832445,180.128330603,0.000000000,-2.770716190,8.500000000,2.500000000,-2.881228685,-165.082243484,0.000000000,2.694160938,3.000000000,0.800000012,-0.194361687,-11.136104347,0.000000000,0.431225687,1.200000048,0.200000003,0.870713234,49.888193471,0.000000000,0.000140909,0.100000001,0.020000000
2026-07-04 18:15:29.323,1783160129.323772669,145.013964461,1,1,144.999126407,1,0.003887956,5,1,0.002636592,5,1,0,1,0,0,1,1,1,1,1,1,0.002191211,-1.120000000,1.590000000,0.000000000,1,143.906938597,12,1,12,1:-1.251:2.428|2:-0.428:2.425|3:0.392:2.424|4:1.223:2.419|5:1.228:1.589|6:0.405:1.588|7:-0.440:1.588|8:-1.261:1.589|9:-1.185:4.911|10:-0.390:4.902|11:0.375:4.903|12:1.182:4.901,0,-1.000000000,,0,0,0.000000000,0.000000000,0,-1.000000000,0,,0,-1.000000000,,0,-1.000000000,0,,1,-0.063950159,-3.664074190,-0.007326126,-0.012209892,1,3.133914232,179.560058864,-0.002442360,-2.714529037,1,-2.880847216,-165.060386879,-0.002442360,2.687179565,1,-0.193598747,-11.092391137,-0.007326126,0.422466278,1,0.870329857,49.866227583,0.012210846,-0.003663063,-0.063950159,-3.664074190,0.000000000,-0.000000000,2.000000000,1.000000000,3.143832445,180.128330603,0.000000000,-2.770716190,8.500000000,2.500000000,-2.881228685,-165.082243484,0.000000000,2.694160938,3.000000000,0.800000012,-0.194361687,-11.136104347,0.000000000,0.431225687,1.200000048,0.200000003,0.870713234,49.888193471,0.000000000,0.000140909,0.100000001,0.020000000
2026-07-04 18:15:30.323,1783160130.323606491,146.013798349,1,1,145.998960295,1,0.003082078,5,1,0.002425765,5,1,0,1,0,0,1,1,1,1,1,1,0.001642122,-1.120000000,1.590000000,0.000000000,1,144.906772485,12,1,12,1:-1.251:2.428|2:-0.428:2.425|3:0.392:2.424|4:1.223:2.419|5:1.228:1.589|6:0.405:1.588|7:-0.440:1.588|8:-1.261:1.589|9:-1.185:4.911|10:-0.390:4.902|11:0.375:4.903|12:1.182:4.901,0,-1.000000000,,0,0,0.000000000,0.000000000,0,-1.000000000,0,,0,-1.000000000,,0,-1.000000000,0,,1,-0.063950159,-3.664074190,-0.007326126,-0.012209892,1,3.133914232,179.560058864,-0.007326126,-2.728204727,1,-2.880847216,-165.060386879,-0.002442360,2.673503876,1,-0.193980217,-11.114247742,-0.007326126,0.422466278,1,0.870329857,49.866227583,-0.061050415,-0.003663063,-0.063950159,-3.664074190,0.000000000,-0.000000000,2.000000000,1.000000000,3.143832445,180.128330603,0.000000000,-2.770716190,8.500000000,2.500000000,-2.881228685,-165.082243484,0.000000000,2.694160938,3.000000000,0.800000012,-0.194361687,-11.136104347,0.000000000,0.431225687,1.200000048,0.200000003,0.870713234,49.888193471,0.000000000,0.000140909,0.100000001,0.020000000
2026-07-04 18:15:31.323,1783160131.323608637,147.013800460,1,1,146.998962406,1,0.003977792,5,1,0.002615064,5,1,0,1,0,0,1,1,1,1,1,1,0.062146082,-1.120000000,1.590000000,0.000000000,1,145.906774596,12,1,12,1:-1.251:2.428|2:-0.428:2.425|3:0.392:2.424|4:1.223:2.419|5:1.228:1.589|6:0.405:1.588|7:-0.440:1.588|8:-1.261:1.589|9:-1.185:4.911|10:-0.390:4.902|11:0.375:4.903|12:1.182:4.901,0,-1.000000000,,0,0,0.000000000,0.000000000,0,-1.000000000,0,,0,-1.000000000,,0,-1.000000000,0,,1,-0.063950159,-3.664074190,-0.007326126,-0.012209892,1,3.133914232,179.560058864,-0.002442360,-2.714529037,1,-2.880847216,-165.060386879,-0.002442360,2.673503876,1,-0.193598747,-11.092391137,0.007326126,0.422466278,1,0.870329857,49.866227583,-0.036628723,-0.003663063,-0.063950159,-3.664074190,0.000000000,-0.000000000,2.000000000,1.000000000,3.143832445,180.128330603,0.000000000,-2.770716190,8.500000000,2.500000000,-2.881228685,-165.082243484,0.000000000,2.694160938,3.000000000,0.800000012,-0.194361687,-11.136104347,0.000000000,0.431225687,1.200000048,0.200000003,0.870713234,49.888193471,0.000000000,0.000140909,0.100000001,0.020000000
2026-07-04 18:15:32.323,1783160132.323607922,148.013799542,1,1,147.998961488,1,0.003423620,5,1,0.002534068,5,1,0,1,0,0,1,1,1,1,1,1,0.064709583,-1.120000000,1.590000000,0.000000000,1,146.906773678,12,1,12,1:-1.251:2.428|2:-0.428:2.425|3:0.392:2.424|4:1.223:2.419|5:1.228:1.589|6:0.405:1.588|7:-0.440:1.588|8:-1.261:1.589|9:-1.185:4.911|10:-0.390:4.902|11:0.375:4.903|12:1.182:4.901,0,-1.000000000,,0,0,0.000000000,0.000000000,0,-1.000000000,0,,0,-1.000000000,,0,-1.000000000,0,,1,-0.063950159,-3.664074190,-0.007326126,-0.012209892,1,3.133914232,179.560058864,-0.002442360,-2.714529037,1,-2.880847216,-165.060386879,-0.002442360,2.673503876,1,-0.193980217,-11.114247742,-0.007326126,0.422466278,1,0.870713234,49.888193471,0.012210846,-0.001221180,-0.063950159,-3.664074190,0.000000000,-0.000000000,2.000000000,1.000000000,3.143832445,180.128330603,0.000000000,-2.770716190,8.500000000,2.500000000,-2.881228685,-165.082243484,0.000000000,2.694160938,3.000000000,0.800000012,-0.194361687,-11.136104347,0.000000000,0.431225687,1.200000048,0.200000003,0.870713234,49.888193471,0.000000000,0.000140909,0.100000001,0.020000000
2026-07-04 18:15:33.323,1783160133.323576212,149.013768250,1,1,148.998930196,1,0.003836316,5,1,0.002573128,5,1,0,1,0,0,1,1,1,1,1,1,0.040907825,-1.120000000,1.590000000,0.000000000,1,147.906742386,12,1,12,1:-1.251:2.428|2:-0.428:2.425|3:0.392:2.424|4:1.223:2.419|5:1.228:1.589|6:0.405:1.588|7:-0.440:1.588|8:-1.261:1.589|9:-1.185:4.911|10:-0.390:4.902|11:0.375:4.903|12:1.182:4.901,0,-1.000000000,,0,0,0.000000000,0.000000000,0,-1.000000000,0,,0,-1.000000000,,0,-1.000000000,0,,1,-0.063950159,-3.664074190,-0.007326126,-0.012209892,1,3.133914232,179.560058864,-0.007326126,-2.714529037,1,-2.880847216,-165.060386879,-0.002442360,2.673503876,1,-0.193980217,-11.114247742,-0.007326126,0.422466278,1,0.870329857,49.866227583,-0.012210846,-0.003663063,-0.063950159,-3.664074190,0.000000000,-0.000000000,2.000000000,1.000000000,3.143832445,180.128330603,0.000000000,-2.770716190,8.500000000,2.500000000,-2.881228685,-165.082243484,0.000000000,2.694160938,3.000000000,0.800000012,-0.194361687,-11.136104347,0.000000000,0.431225687,1.200000048,0.200000003,0.870713234,49.888193471,0.000000000,0.000140909,0.100000001,0.020000000
2026-07-04 18:15:34.323,1783160134.323616743,150.013808584,1,1,149.998970530,1,0.003709019,5,1,0.002561958,5,1,0,1,0,0,1,1,1,1,1,1,0.003976592,-1.120000000,1.590000000,0.000000000,1,148.906782720,12,1,12,1:-1.251:2.428|2:-0.428:2.425|3:0.392:2.424|4:1.223:2.419|5:1.228:1.589|6:0.405:1.588|7:-0.440:1.588|8:-1.261:1.589|9:-1.185:4.911|10:-0.390:4.902|11:0.375:4.903|12:1.182:4.901,0,-1.000000000,,0,0,0.000000000,0.000000000,0,-1.000000000,0,,0,-1.000000000,,0,-1.000000000,0,,1,-0.063950159,-3.664074190,-0.007326126,-0.012209892,1,3.133914232,179.560058864,-0.002442360,-2.714529037,1,-2.880847216,-165.060386879,-0.002442360,2.673503876,1,-0.193598747,-11.092391137,-0.007326126,0.422466278,1,0.870329857,49.866227583,-0.012210846,-0.003663063,-0.063950159,-3.664074190,0.000000000,-0.000000000,2.000000000,1.000000000,3.143832445,180.128330603,0.000000000,-2.770716190,8.500000000,2.500000000,-2.881228685,-165.082243484,0.000000000,2.694160938,3.000000000,0.800000012,-0.194361687,-11.136104347,0.000000000,0.431225687,1.200000048,0.200000003,0.870713234,49.888193471,0.000000000,0.000140909,0.100000001,0.020000000
2026-07-04 18:15:35.323,1783160135.323546648,151.013738436,1,1,150.998900382,1,0.003962942,5,1,0.002550565,5,1,0,1,0,0,1,1,1,1,1,1,0.059223270,-1.120000000,1.590000000,0.000000000,1,149.906712572,12,1,12,1:-1.251:2.428|2:-0.428:2.425|3:0.392:2.424|4:1.223:2.419|5:1.228:1.589|6:0.405:1.588|7:-0.440:1.588|8:-1.261:1.589|9:-1.185:4.911|10:-0.390:4.902|11:0.375:4.903|12:1.182:4.901,0,-1.000000000,,0,0,0.000000000,0.000000000,0,-1.000000000,0,,0,-1.000000000,,0,-1.000000000,0,,1,-0.063950159,-3.664074190,-0.021978378,-0.012209892,1,3.133914232,179.560058864,-0.007326126,-2.714529037,1,-2.880847216,-165.060386879,-0.002442360,2.673503876,1,-0.193598747,-11.092391137,-0.007326126,0.422466278,1,0.870329857,49.866227583,0.012210846,-0.003663063,-0.063950159,-3.664074190,0.000000000,-0.000000000,2.000000000,1.000000000,3.143832445,180.128330603,0.000000000,-2.770716190,8.500000000,2.500000000,-2.881228685,-165.082243484,0.000000000,2.694160938,3.000000000,0.800000012,-0.194361687,-11.136104347,0.000000000,0.431225687,1.200000048,0.200000003,0.870713234,49.888193471,0.000000000,0.000140909,0.100000001,0.020000000
2026-07-04 18:15:36.323,1783160136.323544264,152.013736109,1,1,151.998898055,1,0.003647930,5,1,0.002444063,5,1,0,1,0,0,1,1,1,1,1,1,0.015240830,-1.120000000,1.590000000,0.000000000,1,150.906710245,12,1,12,1:-1.251:2.428|2:-0.428:2.425|3:0.392:2.424|4:1.223:2.419|5:1.228:1.589|6:0.405:1.588|7:-0.440:1.588|8:-1.261:1.589|9:-1.185:4.911|10:-0.390:4.902|11:0.375:4.903|12:1.182:4.901,0,-1.000000000,,0,0,0.000000000,0.000000000,0,-1.000000000,0,,0,-1.000000000,,0,-1.000000000,0,,1,-0.063950159,-3.664074190,-0.007326126,-0.012209892,1,3.133914232,179.560058864,-0.002442360,-2.714529037,1,-2.880847216,-165.060386879,0.002442360,2.673503876,1,-0.193598747,-11.092391137,0.007326126,0.422466278,1,0.870329857,49.866227583,0.012210846,-0.001221180,-0.063950159,-3.664074190,0.000000000,-0.000000000,2.000000000,1.000000000,3.143832445,180.128330603,0.000000000,-2.770716190,8.500000000,2.500000000,-2.881228685,-165.082243484,0.000000000,2.694160938,3.000000000,0.800000012,-0.194361687,-11.136104347,0.000000000,0.431225687,1.200000048,0.200000003,0.870713234,49.888193471,0.000000000,0.000140909,0.100000001,0.020000000
2026-07-04 18:15:37.323,1783160137.323522568,153.013714453,1,1,152.998876399,1,0.004069221,5,1,0.002669214,5,1,0,1,0,0,1,1,1,1,1,1,0.023252298,-1.120000000,1.590000000,0.000000000,1,151.906688589,12,1,12,1:-1.251:2.428|2:-0.428:2.425|3:0.392:2.424|4:1.223:2.419|5:1.228:1.589|6:0.405:1.588|7:-0.440:1.588|8:-1.261:1.589|9:-1.185:4.911|10:-0.390:4.902|11:0.375:4.903|12:1.182:4.901,0,-1.000000000,,0,0,0.000000000,0.000000000,0,-1.000000000,0,,0,-1.000000000,,0,-1.000000000,0,,1,-0.063950159,-3.664074190,-0.007326126,-0.012209892,1,3.133914232,179.560058864,-0.002442360,-2.728204727,1,-2.880847216,-165.060386879,-0.007326126,2.673503876,1,-0.193980217,-11.114247742,0.007326126,0.422466278,1,0.870329857,49.866227583,-0.036628723,-0.001221180,-0.063950159,-3.664074190,0.000000000,-0.000000000,2.000000000,1.000000000,3.143832445,180.128330603,0.000000000,-2.770716190,8.500000000,2.500000000,-2.881228685,-165.082243484,0.000000000,2.694160938,3.000000000,0.800000012,-0.194361687,-11.136104347,0.000000000,0.431225687,1.200000048,0.200000003,0.870713234,49.888193471,0.000000000,0.000140909,0.100000001,0.020000000
2026-07-04 18:15:38.323,1783160138.323511362,154.013703260,1,1,153.998865206,1,0.003454468,5,1,0.002604238,5,1,0,1,0,0,1,1,1,1,1,1,1.023241105,-1.120000000,1.590000000,0.000000000,1,152.906677396,12,1,12,1:-1.251:2.428|2:-0.428:2.425|3:0.392:2.424|4:1.223:2.419|5:1.228:1.589|6:0.405:1.588|7:-0.440:1.588|8:-1.261:1.589|9:-1.185:4.911|10:-0.390:4.902|11:0.375:4.903|12:1.182:4.901,0,-1.000000000,,0,0,0.000000000,0.000000000,0,-1.000000000,0,,0,-1.000000000,,0,-1.000000000,0,,1,-0.063950159,-3.664074190,-0.007326126,-0.012209892,1,3.133914232,179.560058864,0.002442360,-2.728204727,1,-2.880847216,-165.060386879,-0.002442360,2.673503876,1,-0.193980217,-11.114247742,-0.021978378,0.422466278,1,0.870713234,49.888193471,0.012210846,-0.003663063,-0.063950159,-3.664074190,0.000000000,-0.000000000,2.000000000,1.000000000,3.143832445,180.128330603,0.000000000,-2.770716190,8.500000000,2.500000000,-2.881228685,-165.082243484,0.000000000,2.694160938,3.000000000,0.800000012,-0.194361687,-11.136104347,0.000000000,0.431225687,1.200000048,0.200000003,0.870713234,49.888193471,0.000000000,0.000140909,0.100000001,0.020000000
2026-07-04 18:15:39.323,1783160139.323583126,155.013775025,1,1,154.998936971,1,0.003898581,5,1,0.002361110,5,1,0,1,0,0,1,1,1,1,1,1,2.023312870,-1.120000000,1.590000000,0.000000000,1,153.906749161,12,1,12,1:-1.251:2.428|2:-0.428:2.425|3:0.392:2.424|4:1.223:2.419|5:1.228:1.589|6:0.405:1.588|7:-0.440:1.588|8:-1.261:1.589|9:-1.185:4.911|10:-0.390:4.902|11:0.375:4.903|12:1.182:4.901,0,-1.000000000,,0,0,0.000000000,0.000000000,0,-1.000000000,0,,0,-1.000000000,,0,-1.000000000,0,,1,-0.063950159,-3.664074190,-0.007326126,-0.012209892,1,3.133914232,179.560058864,-0.002442360,-2.714529037,1,-2.880847216,-165.060386879,-0.002442360,2.673503876,1,-0.193980217,-11.114247742,-0.007326126,0.422466278,1,0.870329857,49.866227583,-0.012210846,-0.003663063,-0.063950159,-3.664074190,0.000000000,-0.000000000,2.000000000,1.000000000,3.143832445,180.128330603,0.000000000,-2.770716190,8.500000000,2.500000000,-2.881228685,-165.082243484,0.000000000,2.694160938,3.000000000,0.800000012,-0.194361687,-11.136104347,0.000000000,0.431225687,1.200000048,0.200000003,0.870713234,49.888193471,0.000000000,0.000140909,0.100000001,0.020000000
2026-07-04 18:15:40.323,1783160140.323485374,156.013677358,1,1,155.998839304,1,0.004019961,5,1,0.002644650,5,1,0,1,0,0,1,1,1,1,1,1,0.177013407,-1.120000000,1.590000000,0.000000000,1,154.906651494,12,1,12,1:-1.251:2.428|2:-0.428:2.425|3:0.392:2.424|4:1.223:2.419|5:1.228:1.589|6:0.405:1.588|7:-0.440:1.588|8:-1.261:1.589|9:-1.185:4.911|10:-0.390:4.902|11:0.375:4.903|12:1.182:4.901,0,-1.000000000,,0,0,0.000000000,0.000000000,0,-1.000000000,0,,0,-1.000000000,,0,-1.000000000,0,,1,-0.063950159,-3.664074190,-0.021978378,-0.012209892,1,3.133914232,179.560058864,0.002442360,-2.714529037,1,-2.880847216,-165.060386879,0.002442360,2.673503876,1,-0.193598747,-11.092391137,-0.007326126,0.422466278,1,0.870329857,49.866227583,-0.036628723,-0.003663063,-0.063950159,-3.664074190,0.000000000,-0.000000000,2.000000000,1.000000000,3.143832445,180.128330603,0.000000000,-2.770716190,8.500000000,2.500000000,-2.881228685,-165.082243484,0.000000000,2.694160938,3.000000000,0.800000012,-0.194361687,-11.136104347,0.000000000,0.431225687,1.200000048,0.200000003,0.870713234,49.888193471,0.000000000,0.000140909,0.100000001,0.020000000
2026-07-04 18:15:41.323,1783160141.323479414,157.013671045,1,1,156.998832991,1,0.003992432,5,1,0.002595987,5,1,0,1,0,0,1,1,1,1,1,1,0.000354935,-1.120000000,1.590000000,0.000000000,1,155.906645181,12,1,12,1:-1.251:2.428|2:-0.428:2.425|3:0.392:2.424|4:1.223:2.419|5:1.228:1.589|6:0.405:1.588|7:-0.440:1.588|8:-1.261:1.589|9:-1.185:4.911|10:-0.390:4.902|11:0.375:4.903|12:1.182:4.901,0,-1.000000000,,0,0,0.000000000,0.000000000,0,-1.000000000,0,,0,-1.000000000,,0,-1.000000000,0,,1,-0.063950159,-3.664074190,-0.007326126,-0.012209892,1,3.133914232,179.560058864,-0.002442360,-2.714529037,1,-2.880847216,-165.060386879,-0.007326126,2.673503876,1,-0.193598747,-11.092391137,-0.007326126,0.422466278,1,0.870713234,49.888193471,-0.012210846,-0.003663063,-0.063950159,-3.664074190,0.000000000,-0.000000000,2.000000000,1.000000000,3.143832445,180.128330603,0.000000000,-2.770716190,8.500000000,2.500000000,-2.881228685,-165.082243484,0.000000000,2.694160938,3.000000000,0.800000012,-0.194361687,-11.136104347,0.000000000,0.431225687,1.200000048,0.200000003,0.870713234,49.888193471,0.000000000,0.000140909,0.100000001,0.020000000
2026-07-04 18:15:42.323,1783160142.323582411,158.013774251,1,1,157.998936197,1,0.002910008,5,1,0.002342523,5,1,0,1,0,0,1,1,1,1,1,1,0.219048581,-1.120000000,1.590000000,0.000000000,1,156.906748387,12,1,12,1:-1.251:2.428|2:-0.428:2.425|3:0.392:2.424|4:1.223:2.419|5:1.228:1.589|6:0.405:1.588|7:-0.440:1.588|8:-1.261:1.589|9:-1.185:4.911|10:-0.390:4.902|11:0.375:4.903|12:1.182:4.901,0,-1.000000000,,0,0,0.000000000,0.000000000,0,-1.000000000,0,,0,-1.000000000,,0,-1.000000000,0,,1,-0.063950159,-3.664074190,0.007326126,-0.012209892,1,3.133914232,179.560058864,-0.002442360,-2.714529037,1,-2.880847216,-165.060386879,-0.002442360,2.673503876,1,-0.193980217,-11.114247742,-0.021978378,0.422466278,1,0.870329857,49.866227583,-0.012210846,-0.003663063,-0.063950159,-3.664074190,0.000000000,-0.000000000,2.000000000,1.000000000,3.143832445,180.128330603,0.000000000,-2.770716190,8.500000000,2.500000000,-2.881228685,-165.082243484,0.000000000,2.694160938,3.000000000,0.800000012,-0.194361687,-11.136104347,0.000000000,0.431225687,1.200000048,0.200000003,0.870713234,49.888193471,0.000000000,0.000140909,0.100000001,0.020000000
2026-07-04 18:15:43.323,1783160143.323463440,159.013655150,1,1,158.998817096,1,0.004083044,5,1,0.002667991,5,1,0,1,0,0,1,1,1,1,1,1,0.076074411,-1.120000000,1.590000000,0.000000000,1,157.906629286,12,1,12,1:-1.251:2.428|2:-0.428:2.425|3:0.392:2.424|4:1.223:2.419|5:1.228:1.589|6:0.405:1.588|7:-0.440:1.588|8:-1.261:1.589|9:-1.185:4.911|10:-0.390:4.902|11:0.375:4.903|12:1.182:4.901,0,-1.000000000,,0,0,0.000000000,0.000000000,0,-1.000000000,0,,0,-1.000000000,,0,-1.000000000,0,,1,-0.063950159,-3.664074190,0.007326126,-0.012209892,1,3.133914232,179.560058864,-0.002442360,-2.714529037,1,-2.880847216,-165.060386879,-0.002442360,2.673503876,1,-0.193598747,-11.092391137,-0.007326126,0.422466278,1,0.870329857,49.866227583,-0.012210846,-0.003663063,-0.063950159,-3.664074190,0.000000000,-0.000000000,2.000000000,1.000000000,3.143832445,180.128330603,0.000000000,-2.770716190,8.500000000,2.500000000,-2.881228685,-165.082243484,0.000000000,2.694160938,3.000000000,0.800000012,-0.194361687,-11.136104347,0.000000000,0.431225687,1.200000048,0.200000003,0.870713234,49.888193471,0.000000000,0.000140909,0.100000001,0.020000000
2026-07-04 18:15:44.323,1783160144.323475599,160.013667671,1,1,159.998829617,1,0.003425737,5,1,0.002581761,5,1,0,1,0,0,1,1,1,1,1,1,0.066278107,-1.120000000,1.590000000,0.000000000,1,158.906641807,12,1,12,1:-1.251:2.428|2:-0.428:2.425|3:0.392:2.424|4:1.223:2.419|5:1.228:1.589|6:0.405:1.588|7:-0.440:1.588|8:-1.261:1.589|9:-1.185:4.911|10:-0.390:4.902|11:0.375:4.903|12:1.182:4.901,0,-1.000000000,,0,0,0.000000000,0.000000000,0,-1.000000000,0,,0,-1.000000000,,0,-1.000000000,0,,1,-0.063950159,-3.664074190,-0.021978378,-0.012209892,1,3.133914232,179.560058864,-0.002442360,-2.714529037,1,-2.880847216,-165.060386879,-0.002442360,2.687179565,1,-0.193598747,-11.092391137,-0.007326126,0.422466278,1,0.870329857,49.866227583,-0.012210846,-0.003663063,-0.063950159,-3.664074190,0.000000000,-0.000000000,2.000000000,1.000000000,3.143832445,180.128330603,0.000000000,-2.770716190,8.500000000,2.500000000,-2.881228685,-165.082243484,0.000000000,2.694160938,3.000000000,0.800000012,-0.194361687,-11.136104347,0.000000000,0.431225687,1.200000048,0.200000003,0.870713234,49.888193471,0.000000000,0.000140909,0.100000001,0.020000000
2026-07-04 18:15:45.323,1783160145.323414803,161.013606718,1,1,160.998768664,1,0.003852641,5,1,0.002596559,5,1,0,1,0,0,1,1,1,1,1,1,0.061699893,-1.120000000,1.590000000,0.000000000,1,159.906580854,12,1,12,1:-1.251:2.428|2:-0.428:2.425|3:0.392:2.424|4:1.223:2.419|5:1.228:1.589|6:0.405:1.588|7:-0.440:1.588|8:-1.261:1.589|9:-1.185:4.911|10:-0.390:4.902|11:0.375:4.903|12:1.182:4.901,0,-1.000000000,,0,0,0.000000000,0.000000000,0,-1.000000000,0,,0,-1.000000000,,0,-1.000000000,0,,1,-0.063950159,-3.664074190,-0.007326126,-0.012209892,1,3.133914232,179.560058864,-0.002442360,-2.714529037,1,-2.880847216,-165.060386879,-0.002442360,2.673503876,1,-0.193598747,-11.092391137,-0.007326126,0.422466278,1,0.870329857,49.866227583,-0.012210846,-0.003663063,-0.063950159,-3.664074190,0.000000000,-0.000000000,2.000000000,1.000000000,3.143832445,180.128330603,0.000000000,-2.770716190,8.500000000,2.500000000,-2.881228685,-165.082243484,0.000000000,2.694160938,3.000000000,0.800000012,-0.194361687,-11.136104347,0.000000000,0.431225687,1.200000048,0.200000003,0.870713234,49.888193471,0.000000000,0.000140909,0.100000001,0.020000000
2026-07-04 18:15:46.323,1783160146.323489189,162.013681159,1,1,161.998843105,1,0.003883919,5,1,0.002597682,5,1,0,1,0,0,1,1,1,1,1,1,0.036990639,-1.120000000,1.590000000,0.000000000,1,160.906655295,12,1,12,1:-1.251:2.428|2:-0.428:2.425|3:0.392:2.424|4:1.223:2.419|5:1.228:1.589|6:0.405:1.588|7:-0.440:1.588|8:-1.261:1.589|9:-1.185:4.911|10:-0.390:4.902|11:0.375:4.903|12:1.182:4.901,0,-1.000000000,,0,0,0.000000000,0.000000000,0,-1.000000000,0,,0,-1.000000000,,0,-1.000000000,0,,1,-0.063950159,-3.664074190,-0.007326126,-0.012209892,1,3.133914232,179.560058864,-0.002442360,-2.728204727,1,-2.880847216,-165.060386879,-0.007326126,2.673503876,1,-0.193980217,-11.114247742,-0.007326126,0.422466278,1,0.870713234,49.888193471,-0.012210846,-0.003663063,-0.063950159,-3.664074190,0.000000000,-0.000000000,2.000000000,1.000000000,3.143832445,180.128330603,0.000000000,-2.770716190,8.500000000,2.500000000,-2.881228685,-165.082243484,0.000000000,2.694160938,3.000000000,0.800000012,-0.194361687,-11.136104347,0.000000000,0.431225687,1.200000048,0.200000003,0.870713234,49.888193471,0.000000000,0.000140909,0.100000001,0.020000000
2026-07-04 18:15:47.323,1783160147.323425531,163.013617343,1,1,162.998779289,1,0.003089761,5,1,0.002270107,5,1,0,1,0,0,1,1,1,1,1,1,0.051937297,-1.120000000,1.590000000,0.000000000,1,161.906591479,12,1,12,1:-1.251:2.428|2:-0.428:2.425|3:0.392:2.424|4:1.223:2.419|5:1.228:1.589|6:0.405:1.588|7:-0.440:1.588|8:-1.261:1.589|9:-1.185:4.911|10:-0.390:4.902|11:0.375:4.903|12:1.182:4.901,0,-1.000000000,,0,0,0.000000000,0.000000000,0,-1.000000000,0,,0,-1.000000000,,0,-1.000000000,0,,1,-0.063950159,-3.664074190,-0.021978378,-0.012209892,1,3.133914232,179.560058864,-0.002442360,-2.714529037,1,-2.880847216,-165.060386879,0.002442360,2.673503876,1,-0.193598747,-11.092391137,-0.007326126,0.422466278,1,0.870329857,49.866227583,-0.012210846,-0.001221180,-0.063950159,-3.664074190,0.000000000,-0.000000000,2.000000000,1.000000000,3.143832445,180.128330603,0.000000000,-2.770716190,8.500000000,2.500000000,-2.881228685,-165.082243484,0.000000000,2.694160938,3.000000000,0.800000012,-0.194361687,-11.136104347,0.000000000,0.431225687,1.200000048,0.200000003,0.870713234,49.888193471,0.000000000,0.000140909,0.100000001,0.020000000
2026-07-04 18:15:48.323,1783160148.323403120,164.013594767,1,1,163.998756713,1,0.003367902,5,1,0.002586360,5,1,0,1,0,0,1,1,1,1,1,1,0.249893142,-1.120000000,1.590000000,0.000000000,1,162.906568903,12,1,12,1:-1.251:2.428|2:-0.428:2.425|3:0.392:2.424|4:1.223:2.419|5:1.228:1.589|6:0.405:1.588|7:-0.440:1.588|8:-1.261:1.589|9:-1.185:4.911|10:-0.390:4.902|11:0.375:4.903|12:1.182:4.901,0,-1.000000000,,0,0,0.000000000,0.000000000,0,-1.000000000,0,,0,-1.000000000,,0,-1.000000000,0,,1,-0.063950159,-3.664074190,-0.007326126,-0.012209892,1,3.133914232,179.560058864,-0.002442360,-2.728204727,1,-2.880847216,-165.060386879,0.002442360,2.673503876,1,-0.193598747,-11.092391137,-0.007326126,0.422466278,1,0.870329857,49.866227583,-0.012210846,-0.003663063,-0.063950159,-3.664074190,0.000000000,-0.000000000,2.000000000,1.000000000,3.143832445,180.128330603,0.000000000,-2.770716190,8.500000000,2.500000000,-2.881228685,-165.082243484,0.000000000,2.694160938,3.000000000,0.800000012,-0.194361687,-11.136104347,0.000000000,0.431225687,1.200000048,0.200000003,0.870713234,49.888193471,0.000000000,0.000140909,0.100000001,0.020000000
2026-07-04 18:15:49.323,1783160149.323373079,165.013564841,1,1,164.998726787,1,0.003631093,5,1,0.002501707,5,1,0,1,0,0,1,1,1,1,1,1,0.057108169,-1.120000000,1.590000000,0.000000000,1,163.906538977,12,1,12,1:-1.251:2.428|2:-0.428:2.425|3:0.392:2.424|4:1.223:2.419|5:1.228:1.589|6:0.405:1.588|7:-0.440:1.588|8:-1.261:1.589|9:-1.185:4.911|10:-0.390:4.902|11:0.375:4.903|12:1.182:4.901,0,-1.000000000,,0,0,0.000000000,0.000000000,0,-1.000000000,0,,0,-1.000000000,,0,-1.000000000,0,,1,-0.063950159,-3.664074190,-0.007326126,-0.012209892,1,3.133914232,179.560058864,-0.002442360,-2.728204727,1,-2.880847216,-165.060386879,-0.002442360,2.673503876,1,-0.193598747,-11.092391137,-0.007326126,0.422466278,1,0.870329857,49.866227583,0.012210846,-0.003663063,-0.063950159,-3.664074190,0.000000000,-0.000000000,2.000000000,1.000000000,3.143832445,180.128330603,0.000000000,-2.770716190,8.500000000,2.500000000,-2.881228685,-165.082243484,0.000000000,2.694160938,3.000000000,0.800000012,-0.194361687,-11.136104347,0.000000000,0.431225687,1.200000048,0.200000003,0.870713234,49.888193471,0.000000000,0.000140909,0.100000001,0.020000000
2026-07-04 18:15:50.323,1783160150.323364973,166.013556806,1,1,165.998718752,1,0.003650261,5,1,0.002523595,5,1,0,1,0,0,1,1,1,1,1,1,0.045818092,-1.120000000,1.590000000,0.000000000,1,164.906530942,12,1,12,1:-1.251:2.428|2:-0.428:2.425|3:0.392:2.424|4:1.223:2.419|5:1.228:1.589|6:0.405:1.588|7:-0.440:1.588|8:-1.261:1.589|9:-1.185:4.911|10:-0.390:4.902|11:0.375:4.903|12:1.182:4.901,0,-1.000000000,,0,0,0.000000000,0.000000000,0,-1.000000000,0,,0,-1.000000000,,0,-1.000000000,0,,1,-0.063950159,-3.664074190,-0.021978378,-0.012209892,1,3.133914232,179.560058864,-0.002442360,-2.714529037,1,-2.880847216,-165.060386879,-0.007326126,2.687179565,1,-0.193980217,-11.114247742,-0.007326126,0.422466278,1,0.870329857,49.866227583,-0.012210846,-0.001221180,-0.063950159,-3.664074190,0.000000000,-0.000000000,2.000000000,1.000000000,3.143832445,180.128330603,0.000000000,-2.770716190,8.500000000,2.500000000,-2.881228685,-165.082243484,0.000000000,2.694160938,3.000000000,0.800000012,-0.194361687,-11.136104347,0.000000000,0.431225687,1.200000048,0.200000003,0.870713234,49.888193471,0.000000000,0.000140909,0.100000001,0.020000000
2026-07-04 18:15:51.323,1783160151.323360443,167.013552273,1,1,166.998714219,1,0.003709495,5,1,0.002635612,5,1,0,1,0,0,1,1,1,1,1,1,0.018709826,-1.120000000,1.590000000,0.000000000,1,165.906526409,12,1,12,1:-1.251:2.428|2:-0.428:2.425|3:0.392:2.424|4:1.223:2.419|5:1.228:1.589|6:0.405:1.588|7:-0.440:1.588|8:-1.261:1.589|9:-1.185:4.911|10:-0.390:4.902|11:0.375:4.903|12:1.182:4.901,0,-1.000000000,,0,0,0.000000000,0.000000000,0,-1.000000000,0,,0,-1.000000000,,0,-1.000000000,0,,1,-0.063950159,-3.664074190,-0.007326126,-0.012209892,1,3.133914232,179.560058864,-0.002442360,-2.714529037,1,-2.880847216,-165.060386879,0.002442360,2.673503876,1,-0.193980217,-11.114247742,-0.007326126,0.422466278,1,0.870329857,49.866227583,-0.012210846,-0.003663063,-0.063950159,-3.664074190,0.000000000,-0.000000000,2.000000000,1.000000000,3.143832445,180.128330603,0.000000000,-2.770716190,8.500000000,2.500000000,-2.881228685,-165.082243484,0.000000000,2.694160938,3.000000000,0.800000012,-0.194361687,-11.136104347,0.000000000,0.431225687,1.200000048,0.200000003,0.870713234,49.888193471,0.000000000,0.000140909,0.100000001,0.020000000
2026-07-04 18:15:52.323,1783160152.323345900,168.013537732,1,1,167.998699678,1,0.003924136,5,1,0.002614390,5,1,0,1,0,0,1,1,1,1,1,1,0.000377856,-1.120000000,1.590000000,0.000000000,1,166.906511868,12,1,12,1:-1.251:2.428|2:-0.428:2.425|3:0.392:2.424|4:1.223:2.419|5:1.228:1.589|6:0.405:1.588|7:-0.440:1.588|8:-1.261:1.589|9:-1.185:4.911|10:-0.390:4.902|11:0.375:4.903|12:1.182:4.901,0,-1.000000000,,0,0,0.000000000,0.000000000,0,-1.000000000,0,,0,-1.000000000,,0,-1.000000000,0,,1,-0.063950159,-3.664074190,-0.007326126,-0.012209892,1,3.133914232,179.560058864,-0.002442360,-2.728204727,1,-2.880847216,-165.060386879,-0.002442360,2.673503876,1,-0.193598747,-11.092391137,-0.007326126,0.422466278,1,0.870713234,49.888193471,-0.012210846,-0.003663063,-0.063950159,-3.664074190,0.000000000,-0.000000000,2.000000000,1.000000000,3.143832445,180.128330603,0.000000000,-2.770716190,8.500000000,2.500000000,-2.881228685,-165.082243484,0.000000000,2.694160938,3.000000000,0.800000012,-0.194361687,-11.136104347,0.000000000,0.431225687,1.200000048,0.200000003,0.870713234,49.888193471,0.000000000,0.000140909,0.100000001,0.020000000
2026-07-04 18:15:53.323,1783160153.323332548,169.013524429,1,1,168.998686375,1,0.003856259,5,1,0.002637473,5,1,0,1,0,0,1,1,1,1,1,1,0.095960514,-1.120000000,1.590000000,0.000000000,1,167.906498565,12,1,12,1:-1.251:2.428|2:-0.428:2.425|3:0.392:2.424|4:1.223:2.419|5:1.228:1.589|6:0.405:1.588|7:-0.440:1.588|8:-1.261:1.589|9:-1.185:4.911|10:-0.390:4.902|11:0.375:4.903|12:1.182:4.901,0,-1.000000000,,0,0,0.000000000,0.000000000,0,-1.000000000,0,,0,-1.000000000,,0,-1.000000000,0,,1,-0.063950159,-3.664074190,-0.007326126,-0.012209892,1,3.133914232,179.560058864,-0.002442360,-2.714529037,1,-2.880847216,-165.060386879,-0.002442360,2.673503876,1,-0.193598747,-11.092391137,-0.021978378,0.422466278,1,0.870329857,49.866227583,0.012210846,-0.001221180,-0.063950159,-3.664074190,0.000000000,-0.000000000,2.000000000,1.000000000,3.143832445,180.128330603,0.000000000,-2.770716190,8.500000000,2.500000000,-2.881228685,-165.082243484,0.000000000,2.694160938,3.000000000,0.800000012,-0.194361687,-11.136104347,0.000000000,0.431225687,1.200000048,0.200000003,0.870713234,49.888193471,0.000000000,0.000140909,0.100000001,0.020000000
2026-07-04 18:15:54.323,1783160154.323298931,170.013490583,1,1,169.998652529,1,0.004048415,5,1,0.002624381,5,1,0,1,0,0,1,1,1,1,1,1,0.245549292,-1.120000000,1.590000000,0.000000000,1,168.906464719,12,1,12,1:-1.251:2.428|2:-0.428:2.425|3:0.392:2.424|4:1.223:2.419|5:1.228:1.589|6:0.405:1.588|7:-0.440:1.588|8:-1.261:1.589|9:-1.185:4.911|10:-0.390:4.902|11:0.375:4.903|12:1.182:4.901,0,-1.000000000,,0,0,0.000000000,0.000000000,0,-1.000000000,0,,0,-1.000000000,,0,-1.000000000,0,,1,-0.063950159,-3.664074190,0.007326126,-0.012209892,1,3.133914232,179.560058864,-0.002442360,-2.714529037,1,-2.880847216,-165.060386879,-0.002442360,2.673503876,1,-0.193598747,-11.092391137,-0.007326126,0.422466278,1,0.870329857,49.866227583,-0.012210846,-0.003663063,-0.063950159,-3.664074190,0.000000000,-0.000000000,2.000000000,1.000000000,3.143832445,180.128330603,0.000000000,-2.770716190,8.500000000,2.500000000,-2.881228685,-165.082243484,0.000000000,2.694160938,3.000000000,0.800000012,-0.194361687,-11.136104347,0.000000000,0.431225687,1.200000048,0.200000003,0.870713234,49.888193471,0.000000000,0.000140909,0.100000001,0.020000000
2026-07-04 18:15:55.323,1783160155.323317766,171.013509689,1,1,170.998671635,1,0.003848908,5,1,0.002564442,5,1,0,1,0,0,1,1,1,1,1,1,0.129998979,-1.120000000,1.590000000,0.000000000,1,169.906483825,12,1,12,1:-1.251:2.428|2:-0.428:2.425|3:0.392:2.424|4:1.223:2.419|5:1.228:1.589|6:0.405:1.588|7:-0.440:1.588|8:-1.261:1.589|9:-1.185:4.911|10:-0.390:4.902|11:0.375:4.903|12:1.182:4.901,0,-1.000000000,,0,0,0.000000000,0.000000000,0,-1.000000000,0,,0,-1.000000000,,0,-1.000000000,0,,1,-0.063950159,-3.664074190,-0.007326126,-0.012209892,1,3.133914232,179.560058864,-0.007326126,-2.714529037,1,-2.880847216,-165.060386879,0.002442360,2.673503876,1,-0.193598747,-11.092391137,-0.007326126,0.422466278,1,0.870329857,49.866227583,-0.036628723,-0.001221180,-0.063950159,-3.664074190,0.000000000,-0.000000000,2.000000000,1.000000000,3.143832445,180.128330603,0.000000000,-2.770716190,8.500000000,2.500000000,-2.881228685,-165.082243484,0.000000000,2.694160938,3.000000000,0.800000012,-0.194361687,-11.136104347,0.000000000,0.431225687,1.200000048,0.200000003,0.870713234,49.888193471,0.000000000,0.000140909,0.100000001,0.020000000
2026-07-04 18:15:56.323,1783160156.323290348,172.013482191,1,1,171.998644137,1,0.003740136,5,1,0.002642853,5,1,0,1,0,0,1,1,1,1,1,1,0.203771946,-1.120000000,1.590000000,0.000000000,1,170.906456327,12,1,12,1:-1.251:2.428|2:-0.428:2.425|3:0.392:2.424|4:1.223:2.419|5:1.228:1.589|6:0.405:1.588|7:-0.440:1.588|8:-1.261:1.589|9:-1.185:4.911|10:-0.390:4.902|11:0.375:4.903|12:1.182:4.901,0,-1.000000000,,0,0,0.000000000,0.000000000,0,-1.000000000,0,,0,-1.000000000,,0,-1.000000000,0,,1,-0.063950159,-3.664074190,0.007326126,-0.012209892,1,3.133914232,179.560058864,-0.002442360,-2.700855255,1,-2.880847216,-165.060386879,-0.002442360,2.673503876,1,-0.193598747,-11.092391137,-0.007326126,0.422466278,1,0.870329857,49.866227583,-0.036628723,-0.003663063,-0.063950159,-3.664074190,0.000000000,-0.000000000,2.000000000,1.000000000,3.143832445,180.128330603,0.000000000,-2.770716190,8.500000000,2.500000000,-2.881228685,-165.082243484,0.000000000,2.694160938,3.000000000,0.800000012,-0.194361687,-11.136104347,0.000000000,0.431225687,1.200000048,0.200000003,0.870713234,49.888193471,0.000000000,0.000140909,0.100000001,0.020000000
2026-07-04 18:15:57.323,1783160157.323276281,173.013468015,1,1,172.998629961,1,0.003828753,5,1,0.002609996,5,1,0,1,0,0,1,1,1,1,1,1,0.052749154,-1.120000000,1.590000000,0.000000000,1,171.906442151,12,1,12,1:-1.251:2.428|2:-0.428:2.425|3:0.392:2.424|4:1.223:2.419|5:1.228:1.589|6:0.405:1.588|7:-0.440:1.588|8:-1.261:1.589|9:-1.185:4.911|10:-0.390:4.902|11:0.375:4.903|12:1.182:4.901,0,-1.000000000,,0,0,0.000000000,0.000000000,0,-1.000000000,0,,0,-1.000000000,,0,-1.000000000,0,,1,-0.063950159,-3.664074190,0.007326126,-0.012209892,1,3.133914232,179.560058864,-0.002442360,-2.728204727,1,-2.880847216,-165.060386879,-0.002442360,2.673503876,1,-0.193598747,-11.092391137,-0.007326126,0.422466278,1,0.870713234,49.888193471,-0.012210846,-0.003663063,-0.063950159,-3.664074190,0.000000000,-0.000000000,2.000000000,1.000000000,3.143832445,180.128330603,0.000000000,-2.770716190,8.500000000,2.500000000,-2.881228685,-165.082243484,0.000000000,2.694160938,3.000000000,0.800000012,-0.194361687,-11.136104347,0.000000000,0.431225687,1.200000048,0.200000003,0.870713234,49.888193471,0.000000000,0.000140909,0.100000001,0.020000000
2026-07-04 18:15:58.323,1783160158.323240280,174.013431980,1,1,173.998593926,1,0.003989362,5,1,0.002660544,5,1,0,1,0,0,1,1,1,1,1,1,0.063825912,-1.120000000,1.590000000,0.000000000,1,172.906406116,12,1,12,1:-1.251:2.428|2:-0.428:2.425|3:0.392:2.424|4:1.223:2.419|5:1.228:1.589|6:0.405:1.588|7:-0.440:1.588|8:-1.261:1.589|9:-1.185:4.911|10:-0.390:4.902|11:0.375:4.903|12:1.182:4.901,0,-1.000000000,,0,0,0.000000000,0.000000000,0,-1.000000000,0,,0,-1.000000000,,0,-1.000000000,0,,1,-0.063950159,-3.664074190,-0.021978378,-0.012209892,1,3.133914232,179.560058864,0.002442360,-2.714529037,1,-2.880847216,-165.060386879,-0.002442360,2.673503876,1,-0.193980217,-11.114247742,-0.007326126,0.422466278,1,0.870713234,49.888193471,-0.012210846,-0.003663063,-0.063950159,-3.664074190,0.000000000,-0.000000000,2.000000000,1.000000000,3.143832445,180.128330603,0.000000000,-2.770716190,8.500000000,2.500000000,-2.881228685,-165.082243484,0.000000000,2.694160938,3.000000000,0.800000012,-0.194361687,-11.136104347,0.000000000,0.431225687,1.200000048,0.200000003,0.870713234,49.888193471,0.000000000,0.000140909,0.100000001,0.020000000
2026-07-04 18:15:59.323,1783160159.323257685,175.013449527,1,1,174.998611473,1,0.003737282,5,1,0.002462150,5,1,0,1,0,0,1,1,1,1,1,1,0.000310653,-1.120000000,1.590000000,0.000000000,1,173.906423663,12,1,12,1:-1.251:2.428|2:-0.428:2.425|3:0.392:2.424|4:1.223:2.419|5:1.228:1.589|6:0.405:1.588|7:-0.440:1.588|8:-1.261:1.589|9:-1.185:4.911|10:-0.390:4.902|11:0.375:4.903|12:1.182:4.901,0,-1.000000000,,0,0,0.000000000,0.000000000,0,-1.000000000,0,,0,-1.000000000,,0,-1.000000000,0,,1,-0.063950159,-3.664074190,-0.021978378,-0.012209892,1,3.133914232,179.560058864,-0.002442360,-2.714529037,1,-2.880847216,-165.060386879,-0.002442360,2.673503876,1,-0.193598747,-11.092391137,-0.007326126,0.422466278,1,0.870329857,49.866227583,-0.012210846,-0.001221180,-0.063950159,-3.664074190,0.000000000,-0.000000000,2.000000000,1.000000000,3.143832445,180.128330603,0.000000000,-2.770716190,8.500000000,2.500000000,-2.881228685,-165.082243484,0.000000000,2.694160938,3.000000000,0.800000012,-0.194361687,-11.136104347,0.000000000,0.431225687,1.200000048,0.200000003,0.870713234,49.888193471,0.000000000,0.000140909,0.100000001,0.020000000
2026-07-04 18:16:00.323,1783160160.323276520,176.013468395,1,1,175.998630341,1,0.003969443,5,1,0.002690054,5,1,0,1,0,0,1,1,1,1,1,1,0.102675673,-1.120000000,1.590000000,0.000000000,1,174.906442531,12,1,12,1:-1.251:2.428|2:-0.428:2.425|3:0.392:2.424|4:1.223:2.419|5:1.228:1.589|6:0.405:1.588|7:-0.440:1.588|8:-1.261:1.589|9:-1.185:4.911|10:-0.390:4.902|11:0.375:4.903|12:1.182:4.901,0,-1.000000000,,0,0,0.000000000,0.000000000,0,-1.000000000,0,,0,-1.000000000,,0,-1.000000000,0,,1,-0.063950159,-3.664074190,-0.007326126,-0.012209892,1,3.133914232,179.560058864,-0.002442360,-2.714529037,1,-2.880847216,-165.060386879,-0.002442360,2.673503876,1,-0.193980217,-11.114247742,-0.021978378,0.422466278,1,0.870329857,49.866227583,-0.012210846,-0.003663063,-0.063950159,-3.664074190,0.000000000,-0.000000000,2.000000000,1.000000000,3.143832445,180.128330603,0.000000000,-2.770716190,8.500000000,2.500000000,-2.881228685,-165.082243484,0.000000000,2.694160938,3.000000000,0.800000012,-0.194361687,-11.136104347,0.000000000,0.431225687,1.200000048,0.200000003,0.870713234,49.888193471,0.000000000,0.000140909,0.100000001,0.020000000
2026-07-04 18:16:01.323,1783160161.323214293,177.013406116,1,1,176.998568062,1,0.003903727,5,1,0.002627253,5,1,0,1,0,0,1,1,1,1,1,1,0.191344048,-1.120000000,1.590000000,0.000000000,1,175.906380252,12,1,12,1:-1.251:2.428|2:-0.428:2.425|3:0.392:2.424|4:1.223:2.419|5:1.228:1.589|6:0.405:1.588|7:-0.440:1.588|8:-1.261:1.589|9:-1.185:4.911|10:-0.390:4.902|11:0.375:4.903|12:1.182:4.901,0,-1.000000000,,0,0,0.000000000,0.000000000,0,-1.000000000,0,,0,-1.000000000,,0,-1.000000000,0,,1,-0.063950159,-3.664074190,-0.021978378,-0.012209892,1,3.133914232,179.560058864,-0.002442360,-2.714529037,1,-2.880847216,-165.060386879,-0.007326126,2.673503876,1,-0.193598747,-11.092391137,-0.007326126,0.422466278,1,0.870329857,49.866227583,-0.012210846,-0.003663063,-0.063950159,-3.664074190,0.000000000,-0.000000000,2.000000000,1.000000000,3.143832445,180.128330603,0.000000000,-2.770716190,8.500000000,2.500000000,-2.881228685,-165.082243484,0.000000000,2.694160938,3.000000000,0.800000012,-0.194361687,-11.136104347,0.000000000,0.431225687,1.200000048,0.200000003,0.870713234,49.888193471,0.000000000,0.000140909,0.100000001,0.020000000
2026-07-04 18:16:02.323,1783160162.323195219,178.013387056,1,1,177.998549002,1,0.003876314,5,1,0.002670553,5,1,0,1,0,0,1,1,1,1,1,1,0.103361407,-1.120000000,1.590000000,0.000000000,1,176.906361192,12,1,12,1:-1.251:2.428|2:-0.428:2.425|3:0.392:2.424|4:1.223:2.419|5:1.228:1.589|6:0.405:1.588|7:-0.440:1.588|8:-1.261:1.589|9:-1.185:4.911|10:-0.390:4.902|11:0.375:4.903|12:1.182:4.901,0,-1.000000000,,0,0,0.000000000,0.000000000,0,-1.000000000,0,,0,-1.000000000,,0,-1.000000000,0,,1,-0.063950159,-3.664074190,-0.021978378,-0.012209892,1,3.133914232,179.560058864,-0.002442360,-2.714529037,1,-2.880847216,-165.060386879,-0.002442360,2.673503876,1,-0.193598747,-11.092391137,0.007326126,0.422466278,1,0.870329857,49.866227583,-0.012210846,-0.003663063,-0.063950159,-3.664074190,0.000000000,-0.000000000,2.000000000,1.000000000,3.143832445,180.128330603,0.000000000,-2.770716190,8.500000000,2.500000000,-2.881228685,-165.082243484,0.000000000,2.694160938,3.000000000,0.800000012,-0.194361687,-11.136104347,0.000000000,0.431225687,1.200000048,0.200000003,0.870713234,49.888193471,0.000000000,0.000140909,0.100000001,0.020000000
2026-07-04 18:16:03.323,1783160163.323249340,179.013441332,1,1,178.998603278,1,0.003325528,5,1,0.002674521,5,1,0,1,0,0,1,1,1,1,1,1,0.234528849,-1.120000000,1.590000000,0.000000000,1,177.906415468,12,1,12,1:-1.251:2.428|2:-0.428:2.425|3:0.392:2.424|4:1.223:2.419|5:1.228:1.589|6:0.405:1.588|7:-0.440:1.588|8:-1.261:1.589|9:-1.185:4.911|10:-0.390:4.902|11:0.375:4.903|12:1.182:4.901,0,-1.000000000,,0,0,0.000000000,0.000000000,0,-1.000000000,0,,0,-1.000000000,,0,-1.000000000,0,,1,-0.063950159,-3.664074190,-0.007326126,-0.017093658,1,3.133914232,179.560058864,0.002442360,-2.714529037,1,-2.880847216,-165.060386879,-0.002442360,2.673503876,1,-0.193598747,-11.092391137,-0.007326126,0.422466278,1,0.870713234,49.888193471,-0.012210846,-0.001221180,-0.063950159,-3.664074190,0.000000000,-0.000000000,2.000000000,1.000000000,3.143832445,180.128330603,0.000000000,-2.770716190,8.500000000,2.500000000,-2.881228685,-165.082243484,0.000000000,2.694160938,3.000000000,0.800000012,-0.194361687,-11.136104347,0.000000000,0.431225687,1.200000048,0.200000003,0.870713234,49.888193471,0.000000000,0.000140909,0.100000001,0.020000000
2026-07-04 18:16:04.323,1783160164.323186874,180.013378721,1,1,179.998540667,1,0.003917371,5,1,0.002632790,5,1,0,1,0,0,1,1,1,1,1,1,0.074106625,-1.120000000,1.590000000,0.000000000,1,178.906352857,12,1,12,1:-1.251:2.428|2:-0.428:2.425|3:0.392:2.424|4:1.223:2.419|5:1.228:1.589|6:0.405:1.588|7:-0.440:1.588|8:-1.261:1.589|9:-1.185:4.911|10:-0.390:4.902|11:0.375:4.903|12:1.182:4.901,0,-1.000000000,,0,0,0.000000000,0.000000000,0,-1.000000000,0,,0,-1.000000000,,0,-1.000000000,0,,1,-0.063950159,-3.664074190,-0.007326126,-0.012209892,1,3.133914232,179.560058864,-0.002442360,-2.714529037,1,-2.880847216,-165.060386879,-0.002442360,2.673503876,1,-0.193598747,-11.092391137,0.007326126,0.422466278,1,0.870329857,49.866227583,-0.012210846,-0.003663063,-0.063950159,-3.664074190,0.000000000,-0.000000000,2.000000000,1.000000000,3.143832445,180.128330603,0.000000000,-2.770716190,8.500000000,2.500000000,-2.881228685,-165.082243484,0.000000000,2.694160938,3.000000000,0.800000012,-0.194361687,-11.136104347,0.000000000,0.431225687,1.200000048,0.200000003,0.870713234,49.888193471,0.000000000,0.000140909,0.100000001,0.020000000
2026-07-04 18:16:05.323,1783160165.323190928,181.013382903,1,1,180.998544849,1,0.003750711,5,1,0.002341914,5,1,0,1,0,0,1,1,1,1,1,1,0.198621727,-1.120000000,1.590000000,0.000000000,1,179.906357039,12,1,12,1:-1.251:2.428|2:-0.428:2.425|3:0.392:2.424|4:1.223:2.419|5:1.228:1.589|6:0.405:1.588|7:-0.440:1.588|8:-1.261:1.589|9:-1.185:4.911|10:-0.390:4.902|11:0.375:4.903|12:1.182:4.901,0,-1.000000000,,0,0,0.000000000,0.000000000,0,-1.000000000,0,,0,-1.000000000,,0,-1.000000000,0,,1,-0.063950159,-3.664074190,-0.007326126,-0.012209892,1,3.133914232,179.560058864,0.002442360,-2.714529037,1,-2.880847216,-165.060386879,-0.007326126,2.673503876,1,-0.193980217,-11.114247742,-0.021978378,0.422466278,1,0.870329857,49.866227583,-0.036628723,-0.003663063,-0.063950159,-3.664074190,0.000000000,-0.000000000,2.000000000,1.000000000,3.143832445,180.128330603,0.000000000,-2.770716190,8.500000000,2.500000000,-2.881228685,-165.082243484,0.000000000,2.694160938,3.000000000,0.800000012,-0.194361687,-11.136104347,0.000000000,0.431225687,1.200000048,0.200000003,0.870713234,49.888193471,0.000000000,0.000140909,0.100000001,0.020000000
2026-07-04 18:16:06.323,1783160166.323161602,182.013353342,1,1,181.998515288,1,0.003460826,5,1,0.002561492,5,1,0,1,0,0,1,1,1,1,1,1,0.238075157,-1.120000000,1.590000000,0.000000000,1,180.906327478,12,1,12,1:-1.251:2.428|2:-0.428:2.425|3:0.392:2.424|4:1.223:2.419|5:1.228:1.589|6:0.405:1.588|7:-0.440:1.588|8:-1.261:1.589|9:-1.185:4.911|10:-0.390:4.902|11:0.375:4.903|12:1.182:4.901,0,-1.000000000,,0,0,0.000000000,0.000000000,0,-1.000000000,0,,0,-1.000000000,,0,-1.000000000,0,,1,-0.063950159,-3.664074190,-0.021978378,-0.012209892,1,3.133914232,179.560058864,-0.002442360,-2.714529037,1,-2.880847216,-165.060386879,-0.002442360,2.687179565,1,-0.193980217,-11.114247742,-0.007326126,0.422466278,1,0.870713234,49.888193471,-0.012210846,-0.001221180,-0.063950159,-3.664074190,0.000000000,-0.000000000,2.000000000,1.000000000,3.143832445,180.128330603,0.000000000,-2.770716190,8.500000000,2.500000000,-2.881228685,-165.082243484,0.000000000,2.694160938,3.000000000,0.800000012,-0.194361687,-11.136104347,0.000000000,0.431225687,1.200000048,0.200000003,0.870713234,49.888193471,0.000000000,0.000140909,0.100000001,0.020000000
2026-07-04 18:16:07.323,1783160167.323136806,183.013328722,1,1,182.998490668,1,0.004000797,5,1,0.002660674,5,1,0,1,0,0,1,1,1,1,1,1,0.080163529,-1.120000000,1.590000000,0.000000000,1,181.906302858,12,1,12,1:-1.251:2.428|2:-0.428:2.425|3:0.392:2.424|4:1.223:2.419|5:1.228:1.589|6:0.405:1.588|7:-0.440:1.588|8:-1.261:1.589|9:-1.185:4.911|10:-0.390:4.902|11:0.375:4.903|12:1.182:4.901,0,-1.000000000,,0,0,0.000000000,0.000000000,0,-1.000000000,0,,0,-1.000000000,,0,-1.000000000,0,,1,-0.063950159,-3.664074190,-0.007326126,-0.012209892,1,3.133914232,179.560058864,0.002442360,-2.714529037,1,-2.880847216,-165.060386879,-0.002442360,2.673503876,1,-0.193598747,-11.092391137,-0.007326126,0.422466278,1,0.870329857,49.866227583,-0.012210846,-0.003663063,-0.063950159,-3.664074190,0.000000000,-0.000000000,2.000000000,1.000000000,3.143832445,180.128330603,0.000000000,-2.770716190,8.500000000,2.500000000,-2.881228685,-165.082243484,0.000000000,2.694160938,3.000000000,0.800000012,-0.194361687,-11.136104347,0.000000000,0.431225687,1.200000048,0.200000003,0.870713234,49.888193471,0.000000000,0.000140909,0.100000001,0.020000000
2026-07-04 18:16:08.323,1783160168.323119879,184.013311826,1,1,183.998473772,1,0.003488070,5,1,0.002609253,5,1,0,1,0,0,1,1,1,1,1,1,0.002923216,-1.120000000,1.590000000,0.000000000,1,182.906285962,12,1,12,1:-1.251:2.428|2:-0.428:2.425|3:0.392:2.424|4:1.223:2.419|5:1.228:1.589|6:0.405:1.588|7:-0.440:1.588|8:-1.261:1.589|9:-1.185:4.911|10:-0.390:4.902|11:0.375:4.903|12:1.182:4.901,0,-1.000000000,,0,0,0.000000000,0.000000000,0,-1.000000000,0,,0,-1.000000000,,0,-1.000000000,0,,1,-0.063950159,-3.664074190,-0.007326126,-0.012209892,1,3.133914232,179.560058864,-0.002442360,-2.714529037,1,-2.880847216,-165.060386879,-0.007326126,2.673503876,1,-0.193980217,-11.114247742,-0.007326126,0.422466278,1,0.870329857,49.866227583,-0.036628723,-0.003663063,-0.063950159,-3.664074190,0.000000000,-0.000000000,2.000000000,1.000000000,3.143832445,180.128330603,0.000000000,-2.770716190,8.500000000,2.500000000,-2.881228685,-165.082243484,0.000000000,2.694160938,3.000000000,0.800000012,-0.194361687,-11.136104347,0.000000000,0.431225687,1.200000048,0.200000003,0.870713234,49.888193471,0.000000000,0.000140909,0.100000001,0.020000000
2026-07-04 18:16:09.323,1783160169.323119879,185.013311643,1,1,184.998473589,1,0.003760869,5,1,0.002623684,5,1,0,1,0,0,1,1,1,1,1,1,0.200343863,-1.120000000,1.590000000,0.000000000,1,183.906285779,12,1,12,1:-1.251:2.428|2:-0.428:2.425|3:0.392:2.424|4:1.223:2.419|5:1.228:1.589|6:0.405:1.588|7:-0.440:1.588|8:-1.261:1.589|9:-1.185:4.911|10:-0.390:4.902|11:0.375:4.903|12:1.182:4.901,0,-1.000000000,,0,0,0.000000000,0.000000000,0,-1.000000000,0,,0,-1.000000000,,0,-1.000000000,0,,1,-0.063950159,-3.664074190,-0.007326126,-0.012209892,1,3.133914232,179.560058864,-0.002442360,-2.728204727,1,-2.880847216,-165.060386879,-0.002442360,2.673503876,1,-0.193980217,-11.114247742,-0.021978378,0.422466278,1,0.870329857,49.866227583,0.012210846,-0.003663063,-0.063950159,-3.664074190,0.000000000,-0.000000000,2.000000000,1.000000000,3.143832445,180.128330603,0.000000000,-2.770716190,8.500000000,2.500000000,-2.881228685,-165.082243484,0.000000000,2.694160938,3.000000000,0.800000012,-0.194361687,-11.136104347,0.000000000,0.431225687,1.200000048,0.200000003,0.870713234,49.888193471,0.000000000,0.000140909,0.100000001,0.020000000
2026-07-04 18:16:10.323,1783160170.323087692,186.013279395,1,1,185.998441341,1,0.003865424,5,1,0.002558309,5,1,0,1,0,0,1,1,1,1,1,1,0.068467321,-1.120000000,1.590000000,0.000000000,1,184.906253531,12,1,12,1:-1.251:2.428|2:-0.428:2.425|3:0.392:2.424|4:1.223:2.419|5:1.228:1.589|6:0.405:1.588|7:-0.440:1.588|8:-1.261:1.589|9:-1.185:4.911|10:-0.390:4.902|11:0.375:4.903|12:1.182:4.901,0,-1.000000000,,0,0,0.000000000,0.000000000,0,-1.000000000,0,,0,-1.000000000,,0,-1.000000000,0,,1,-0.063950159,-3.664074190,-0.007326126,-0.012209892,1,3.133914232,179.560058864,-0.002442360,-2.714529037,1,-2.880847216,-165.060386879,-0.002442360,2.673503876,1,-0.193598747,-11.092391137,-0.007326126,0.422466278,1,0.870329857,49.866227583,-0.036628723,-0.001221180,-0.063950159,-3.664074190,0.000000000,-0.000000000,2.000000000,1.000000000,3.143832445,180.128330603,0.000000000,-2.770716190,8.500000000,2.500000000,-2.881228685,-165.082243484,0.000000000,2.694160938,3.000000000,0.800000012,-0.194361687,-11.136104347,0.000000000,0.431225687,1.200000048,0.200000003,0.870713234,49.888193471,0.000000000,0.000140909,0.100000001,0.020000000
2026-07-04 18:16:11.323,1783160171.323079824,187.013271825,1,1,186.998433771,1,0.003976497,5,1,0.002654151,5,1,0,1,0,0,1,1,1,1,1,1,0.097369793,-1.120000000,1.590000000,0.000000000,1,185.906245961,12,1,12,1:-1.251:2.428|2:-0.428:2.425|3:0.392:2.424|4:1.223:2.419|5:1.228:1.589|6:0.405:1.588|7:-0.440:1.588|8:-1.261:1.589|9:-1.185:4.911|10:-0.390:4.902|11:0.375:4.903|12:1.182:4.901,0,-1.000000000,,0,0,0.000000000,0.000000000,0,-1.000000000,0,,0,-1.000000000,,0,-1.000000000,0,,1,-0.063950159,-3.664074190,-0.007326126,-0.012209892,1,3.133914232,179.560058864,0.002442360,-2.714529037,1,-2.880847216,-165.060386879,-0.007326126,2.687179565,1,-0.193598747,-11.092391137,-0.007326126,0.422466278,1,0.870329857,49.866227583,-0.036628723,-0.003663063,-0.063950159,-3.664074190,0.000000000,-0.000000000,2.000000000,1.000000000,3.143832445,180.128330603,0.000000000,-2.770716190,8.500000000,2.500000000,-2.881228685,-165.082243484,0.000000000,2.694160938,3.000000000,0.800000012,-0.194361687,-11.136104347,0.000000000,0.431225687,1.200000048,0.200000003,0.870713234,49.888193471,0.000000000,0.000140909,0.100000001,0.020000000
2026-07-04 18:16:12.323,1783160172.323084354,188.013276066,1,1,187.998438012,1,0.003421099,5,1,0.002359879,5,1,0,1,0,0,1,1,1,1,1,1,0.025553580,-1.120000000,1.590000000,0.000000000,1,186.906250202,12,1,12,1:-1.251:2.428|2:-0.428:2.425|3:0.392:2.424|4:1.223:2.419|5:1.228:1.589|6:0.405:1.588|7:-0.440:1.588|8:-1.261:1.589|9:-1.185:4.911|10:-0.390:4.902|11:0.375:4.903|12:1.182:4.901,0,-1.000000000,,0,0,0.000000000,0.000000000,0,-1.000000000,0,,0,-1.000000000,,0,-1.000000000,0,,1,-0.063950159,-3.664074190,0.007326126,-0.012209892,1,3.133914232,179.560058864,-0.002442360,-2.714529037,1,-2.880847216,-165.060386879,-0.002442360,2.687179565,1,-0.193598747,-11.092391137,-0.007326126,0.422466278,1,0.870713234,49.888193471,0.012210846,-0.003663063,-0.063950159,-3.664074190,0.000000000,-0.000000000,2.000000000,1.000000000,3.143832445,180.128330603,0.000000000,-2.770716190,8.500000000,2.500000000,-2.881228685,-165.082243484,0.000000000,2.694160938,3.000000000,0.800000012,-0.194361687,-11.136104347,0.000000000,0.431225687,1.200000048,0.200000003,0.870713234,49.888193471,0.000000000,0.000140909,0.100000001,0.020000000
2026-07-04 18:16:13.323,1783160173.323032141,189.013223988,1,1,188.998385934,1,0.003896963,5,1,0.002664349,5,1,0,1,0,0,1,1,1,1,1,1,0.040688360,-1.120000000,1.590000000,0.000000000,1,187.906198124,12,1,12,1:-1.251:2.428|2:-0.428:2.425|3:0.392:2.424|4:1.223:2.419|5:1.228:1.589|6:0.405:1.588|7:-0.440:1.588|8:-1.261:1.589|9:-1.185:4.911|10:-0.390:4.902|11:0.375:4.903|12:1.182:4.901,0,-1.000000000,,0,0,0.000000000,0.000000000,0,-1.000000000,0,,0,-1.000000000,,0,-1.000000000,0,,1,-0.063950159,-3.664074190,-0.007326126,-0.012209892,1,3.133914232,179.560058864,-0.002442360,-2.714529037,1,-2.880847216,-165.060386879,-0.002442360,2.673503876,1,-0.193980217,-11.114247742,-0.007326126,0.422466278,1,0.870329857,49.866227583,0.012210846,-0.003663063,-0.063950159,-3.664074190,0.000000000,-0.000000000,2.000000000,1.000000000,3.143832445,180.128330603,0.000000000,-2.770716190,8.500000000,2.500000000,-2.881228685,-165.082243484,0.000000000,2.694160938,3.000000000,0.800000012,-0.194361687,-11.136104347,0.000000000,0.431225687,1.200000048,0.200000003,0.870713234,49.888193471,0.000000000,0.000140909,0.100000001,0.020000000
2026-07-04 18:16:14.323,1783160174.323039532,190.013231210,1,1,189.998393156,1,0.003083900,5,1,0.002433437,5,1,0,1,0,0,1,1,1,1,1,1,0.105078295,-1.120000000,1.590000000,0.000000000,1,188.906205346,12,1,12,1:-1.251:2.428|2:-0.428:2.425|3:0.392:2.424|4:1.223:2.419|5:1.228:1.589|6:0.405:1.588|7:-0.440:1.588|8:-1.261:1.589|9:-1.185:4.911|10:-0.390:4.902|11:0.375:4.903|12:1.182:4.901,0,-1.000000000,,0,0,0.000000000,0.000000000,0,-1.000000000,0,,0,-1.000000000,,0,-1.000000000,0,,1,-0.063950159,-3.664074190,-0.021978378,-0.012209892,1,3.133914232,179.560058864,-0.002442360,-2.714529037,1,-2.880847216,-165.060386879,-0.002442360,2.673503876,1,-0.193598747,-11.092391137,-0.007326126,0.422466278,1,0.870329857,49.866227583,-0.012210846,-0.003663063,-0.063950159,-3.664074190,0.000000000,-0.000000000,2.000000000,1.000000000,3.143832445,180.128330603,0.000000000,-2.770716190,8.500000000,2.500000000,-2.881228685,-165.082243484,0.000000000,2.694160938,3.000000000,0.800000012,-0.194361687,-11.136104347,0.000000000,0.431225687,1.200000048,0.200000003,0.870713234,49.888193471,0.000000000,0.000140909,0.100000001,0.020000000
2026-07-04 18:16:15.323,1783160175.323075771,191.013267747,1,1,190.998429693,1,0.003661768,5,1,0.002543029,5,1,0,1,0,0,1,1,1,1,1,1,0.081275344,-1.120000000,1.590000000,0.000000000,1,189.906241883,12,1,12,1:-1.251:2.428|2:-0.428:2.425|3:0.392:2.424|4:1.223:2.419|5:1.228:1.589|6:0.405:1.588|7:-0.440:1.588|8:-1.261:1.589|9:-1.185:4.911|10:-0.390:4.902|11:0.375:4.903|12:1.182:4.901,0,-1.000000000,,0,0,0.000000000,0.000000000,0,-1.000000000,0,,0,-1.000000000,,0,-1.000000000,0,,1,-0.063950159,-3.664074190,-0.007326126,-0.012209892,1,3.133914232,179.560058864,-0.002442360,-2.700855255,1,-2.880847216,-165.060386879,-0.007326126,2.673503876,1,-0.193598747,-11.092391137,-0.007326126,0.422466278,1,0.870329857,49.866227583,0.012210846,-0.003663063,-0.063950159,-3.664074190,0.000000000,-0.000000000,2.000000000,1.000000000,3.143832445,180.128330603,0.000000000,-2.770716190,8.500000000,2.500000000,-2.881228685,-165.082243484,0.000000000,2.694160938,3.000000000,0.800000012,-0.194361687,-11.136104347,0.000000000,0.431225687,1.200000048,0.200000003,0.870713234,49.888193471,0.000000000,0.000140909,0.100000001,0.020000000
2026-07-04 18:16:16.323,1783160176.323046684,192.013238521,1,1,191.998400467,1,0.003624861,5,1,0.002582557,5,1,0,1,0,0,1,1,1,1,1,1,0.094720521,-1.120000000,1.590000000,0.000000000,1,190.906212657,12,1,12,1:-1.251:2.428|2:-0.428:2.425|3:0.392:2.424|4:1.223:2.419|5:1.228:1.589|6:0.405:1.588|7:-0.440:1.588|8:-1.261:1.589|9:-1.185:4.911|10:-0.390:4.902|11:0.375:4.903|12:1.182:4.901,0,-1.000000000,,0,0,0.000000000,0.000000000,0,-1.000000000,0,,0,-1.000000000,,0,-1.000000000,0,,1,-0.063950159,-3.664074190,-0.007326126,-0.012209892,1,3.133914232,179.560058864,-0.007326126,-2.728204727,1,-2.880847216,-165.060386879,-0.002442360,2.687179565,1,-0.193980217,-11.114247742,-0.007326126,0.422466278,1,0.870329857,49.866227583,-0.036628723,-0.003663063,-0.063950159,-3.664074190,0.000000000,-0.000000000,2.000000000,1.000000000,3.143832445,180.128330603,0.000000000,-2.770716190,8.500000000,2.500000000,-2.881228685,-165.082243484,0.000000000,2.694160938,3.000000000,0.800000012,-0.194361687,-11.136104347,0.000000000,0.431225687,1.200000048,0.200000003,0.870713234,49.888193471,0.000000000,0.000140909,0.100000001,0.020000000
2026-07-04 18:16:17.323,1783160177.322977066,193.013168945,1,1,192.998330891,1,0.003837092,5,1,0.002618366,5,1,0,1,0,0,1,1,1,1,1,1,0.191044382,-1.120000000,1.590000000,0.000000000,1,191.906143081,12,1,12,1:-1.251:2.428|2:-0.428:2.425|3:0.392:2.424|4:1.223:2.419|5:1.228:1.589|6:0.405:1.588|7:-0.440:1.588|8:-1.261:1.589|9:-1.185:4.911|10:-0.390:4.902|11:0.375:4.903|12:1.182:4.901,0,-1.000000000,,0,0,0.000000000,0.000000000,0,-1.000000000,0,,0,-1.000000000,,0,-1.000000000,0,,1,-0.063950159,-3.664074190,-0.007326126,-0.012209892,1,3.133914232,179.560058864,-0.002442360,-2.700855255,1,-2.880847216,-165.060386879,-0.002442360,2.673503876,1,-0.193598747,-11.092391137,-0.007326126,0.422466278,1,0.870329857,49.866227583,-0.012210846,-0.003663063,-0.063950159,-3.664074190,0.000000000,-0.000000000,2.000000000,1.000000000,3.143832445,180.128330603,0.000000000,-2.770716190,8.500000000,2.500000000,-2.881228685,-165.082243484,0.000000000,2.694160938,3.000000000,0.800000012,-0.194361687,-11.136104347,0.000000000,0.431225687,1.200000048,0.200000003,0.870713234,49.888193471,0.000000000,0.000140909,0.100000001,0.020000000
2026-07-04 18:16:18.323,1783160178.322964907,194.013156763,1,1,193.998318709,1,0.003856212,5,1,0.002613067,5,1,0,1,0,0,1,1,1,1,1,1,0.037404273,-1.120000000,1.590000000,0.000000000,1,192.906130899,12,1,12,1:-1.251:2.428|2:-0.428:2.425|3:0.392:2.424|4:1.223:2.419|5:1.228:1.589|6:0.405:1.588|7:-0.440:1.588|8:-1.261:1.589|9:-1.185:4.911|10:-0.390:4.902|11:0.375:4.903|12:1.182:4.901,0,-1.000000000,,0,0,0.000000000,0.000000000,0,-1.000000000,0,,0,-1.000000000,,0,-1.000000000,0,,1,-0.063950159,-3.664074190,0.007326126,-0.012209892,1,3.133914232,179.560058864,-0.007326126,-2.714529037,1,-2.880847216,-165.060386879,-0.002442360,2.687179565,1,-0.193980217,-11.114247742,-0.007326126,0.422466278,1,0.870713234,49.888193471,0.012210846,-0.001221180,-0.063950159,-3.664074190,0.000000000,-0.000000000,2.000000000,1.000000000,3.143832445,180.128330603,0.000000000,-2.770716190,8.500000000,2.500000000,-2.881228685,-165.082243484,0.000000000,2.694160938,3.000000000,0.800000012,-0.194361687,-11.136104347,0.000000000,0.431225687,1.200000048,0.200000003,0.870713234,49.888193471,0.000000000,0.000140909,0.100000001,0.020000000
2026-07-04 18:16:19.323,1783160179.322976351,195.013168194,1,1,194.998330140,1,0.003717242,5,1,0.002571120,5,1,0,1,0,0,1,1,1,1,1,1,0.043072274,-1.120000000,1.590000000,0.000000000,1,193.906142330,12,1,12,1:-1.251:2.428|2:-0.428:2.425|3:0.392:2.424|4:1.223:2.419|5:1.228:1.589|6:0.405:1.588|7:-0.440:1.588|8:-1.261:1.589|9:-1.185:4.911|10:-0.390:4.902|11:0.375:4.903|12:1.182:4.901,0,-1.000000000,,0,0,0.000000000,0.000000000,0,-1.000000000,0,,0,-1.000000000,,0,-1.000000000,0,,1,-0.063950159,-3.664074190,-0.007326126,-0.012209892,1,3.133914232,179.560058864,-0.002442360,-2.714529037,1,-2.880847216,-165.060386879,-0.002442360,2.673503876,1,-0.193980217,-11.114247742,-0.021978378,0.422466278,1,0.870329857,49.866227583,0.012210846,-0.001221180,-0.063950159,-3.664074190,0.000000000,-0.000000000,2.000000000,1.000000000,3.143832445,180.128330603,0.000000000,-2.770716190,8.500000000,2.500000000,-2.881228685,-165.082243484,0.000000000,2.694160938,3.000000000,0.800000012,-0.194361687,-11.136104347,0.000000000,0.431225687,1.200000048,0.200000003,0.870713234,49.888193471,0.000000000,0.000140909,0.100000001,0.020000000
2026-07-04 18:16:20.323,1783160180.323050976,196.013242763,1,1,195.998404709,1,0.003806718,5,1,0.002644361,5,1,0,1,0,0,1,1,1,1,1,1,0.064022474,-1.120000000,1.590000000,0.000000000,1,194.906216899,12,1,12,1:-1.251:2.428|2:-0.428:2.425|3:0.392:2.424|4:1.223:2.419|5:1.228:1.589|6:0.405:1.588|7:-0.440:1.588|8:-1.261:1.589|9:-1.185:4.911|10:-0.390:4.902|11:0.375:4.903|12:1.182:4.901,0,-1.000000000,,0,0,0.000000000,0.000000000,0,-1.000000000,0,,0,-1.000000000,,0,-1.000000000,0,,1,-0.063950159,-3.664074190,-0.007326126,-0.017093658,1,3.133914232,179.560058864,-0.002442360,-2.714529037,1,-2.880847216,-165.060386879,-0.002442360,2.687179565,1,-0.193598747,-11.092391137,-0.007326126,0.422466278,1,0.870329857,49.866227583,0.012210846,-0.003663063,-0.063950159,-3.664074190,0.000000000,-0.000000000,2.000000000,1.000000000,3.143832445,180.128330603,0.000000000,-2.770716190,8.500000000,2.500000000,-2.881228685,-165.082243484,0.000000000,2.694160938,3.000000000,0.800000012,-0.194361687,-11.136104347,0.000000000,0.431225687,1.200000048,0.200000003,0.870713234,49.888193471,0.000000000,0.000140909,0.100000001,0.020000000
2026-07-04 18:16:21.323,1783160181.322919369,197.013111253,1,1,196.998273199,1,0.003780800,5,1,0.002620886,5,1,0,1,0,0,1,1,1,1,1,1,0.020854923,-1.120000000,1.590000000,0.000000000,1,195.906085389,12,1,12,1:-1.251:2.428|2:-0.428:2.425|3:0.392:2.424|4:1.223:2.419|5:1.228:1.589|6:0.405:1.588|7:-0.440:1.588|8:-1.261:1.589|9:-1.185:4.911|10:-0.390:4.902|11:0.375:4.903|12:1.182:4.901,0,-1.000000000,,0,0,0.000000000,0.000000000,0,-1.000000000,0,,0,-1.000000000,,0,-1.000000000,0,,1,-0.063950159,-3.664074190,-0.007326126,-0.007326126,1,3.133914232,179.560058864,-0.002442360,-2.700855255,1,-2.880847216,-165.060386879,-0.002442360,2.673503876,1,-0.193598747,-11.092391137,-0.021978378,0.422466278,1,0.870713234,49.888193471,0.012210846,-0.001221180,-0.063950159,-3.664074190,0.000000000,-0.000000000,2.000000000,1.000000000,3.143832445,180.128330603,0.000000000,-2.770716190,8.500000000,2.500000000,-2.881228685,-165.082243484,0.000000000,2.694160938,3.000000000,0.800000012,-0.194361687,-11.136104347,0.000000000,0.431225687,1.200000048,0.200000003,0.870713234,49.888193471,0.000000000,0.000140909,0.100000001,0.020000000
2026-07-04 18:16:22.323,1783160182.322976112,198.013167764,1,1,197.998329710,1,0.003647394,5,1,0.002649971,5,1,0,1,0,0,1,1,1,1,1,1,0.169876337,-1.120000000,1.590000000,0.000000000,1,196.906141900,12,1,12,1:-1.251:2.428|2:-0.428:2.425|3:0.392:2.424|4:1.223:2.419|5:1.228:1.589|6:0.405:1.588|7:-0.440:1.588|8:-1.261:1.589|9:-1.185:4.911|10:-0.390:4.902|11:0.375:4.903|12:1.182:4.901,0,-1.000000000,,0,0,0.000000000,0.000000000,0,-1.000000000,0,,0,-1.000000000,,0,-1.000000000,0,,1,-0.063950159,-3.664074190,-0.007326126,-0.012209892,1,3.133914232,179.560058864,-0.002442360,-2.728204727,1,-2.880847216,-165.060386879,-0.002442360,2.673503876,1,-0.193980217,-11.114247742,-0.007326126,0.422466278,1,0.870329857,49.866227583,-0.012210846,-0.003663063,-0.063950159,-3.664074190,0.000000000,-0.000000000,2.000000000,1.000000000,3.143832445,180.128330603,0.000000000,-2.770716190,8.500000000,2.500000000,-2.881228685,-165.082243484,0.000000000,2.694160938,3.000000000,0.800000012,-0.194361687,-11.136104347,0.000000000,0.431225687,1.200000048,0.200000003,0.870713234,49.888193471,0.000000000,0.000140909,0.100000001,0.020000000
2026-07-04 18:16:23.323,1783160183.322917938,199.013109695,1,1,198.998271641,1,0.003561724,5,1,0.002638695,5,1,0,1,0,0,1,1,1,1,1,1,0.048953023,-1.120000000,1.590000000,0.000000000,1,197.906083831,12,1,12,1:-1.251:2.428|2:-0.428:2.425|3:0.392:2.424|4:1.223:2.419|5:1.228:1.589|6:0.405:1.588|7:-0.440:1.588|8:-1.261:1.589|9:-1.185:4.911|10:-0.390:4.902|11:0.375:4.903|12:1.182:4.901,0,-1.000000000,,0,0,0.000000000,0.000000000,0,-1.000000000,0,,0,-1.000000000,,0,-1.000000000,0,,1,-0.063950159,-3.664074190,-0.007326126,-0.012209892,1,3.133914232,179.560058864,-0.002442360,-2.714529037,1,-2.880847216,-165.060386879,-0.002442360,2.673503876,1,-0.193598747,-11.092391137,-0.007326126,0.422466278,1,0.870329857,49.866227583,-0.036628723,-0.003663063,-0.063950159,-3.664074190,0.000000000,-0.000000000,2.000000000,1.000000000,3.143832445,180.128330603,0.000000000,-2.770716190,8.500000000,2.500000000,-2.881228685,-165.082243484,0.000000000,2.694160938,3.000000000,0.800000012,-0.194361687,-11.136104347,0.000000000,0.431225687,1.200000048,0.200000003,0.870713234,49.888193471,0.000000000,0.000140909,0.100000001,0.020000000
2026-07-04 18:16:24.322,1783160184.322895765,200.013087685,1,1,199.998249631,1,0.003764505,5,1,0.002539820,5,1,0,1,0,0,1,1,1,1,1,1,0.053706425,-1.120000000,1.590000000,0.000000000,1,198.906061821,12,1,12,1:-1.251:2.428|2:-0.428:2.425|3:0.392:2.424|4:1.223:2.419|5:1.228:1.589|6:0.405:1.588|7:-0.440:1.588|8:-1.261:1.589|9:-1.185:4.911|10:-0.390:4.902|11:0.375:4.903|12:1.182:4.901,0,-1.000000000,,0,0,0.000000000,0.000000000,0,-1.000000000,0,,0,-1.000000000,,0,-1.000000000,0,,1,-0.063950159,-3.664074190,0.007326126,-0.012209892,1,3.133914232,179.560058864,-0.002442360,-2.700855255,1,-2.880847216,-165.060386879,-0.002442360,2.673503876,1,-0.193980217,-11.114247742,-0.007326126,0.422466278,1,0.870329857,49.866227583,-0.012210846,-0.003663063,-0.063950159,-3.664074190,0.000000000,-0.000000000,2.000000000,1.000000000,3.143832445,180.128330603,0.000000000,-2.770716190,8.500000000,2.500000000,-2.881228685,-165.082243484,0.000000000,2.694160938,3.000000000,0.800000012,-0.194361687,-11.136104347,0.000000000,0.431225687,1.200000048,0.200000003,0.870713234,49.888193471,0.000000000,0.000140909,0.100000001,0.020000000
2026-07-04 18:16:25.323,1783160185.322901249,201.013093165,1,1,200.998255111,1,0.003562729,5,1,0.002562798,5,1,0,1,0,0,1,1,1,1,1,1,0.028685458,-1.120000000,1.590000000,0.000000000,1,199.906067301,12,1,12,1:-1.251:2.428|2:-0.428:2.425|3:0.392:2.424|4:1.223:2.419|5:1.228:1.589|6:0.405:1.588|7:-0.440:1.588|8:-1.261:1.589|9:-1.185:4.911|10:-0.390:4.902|11:0.375:4.903|12:1.182:4.901,0,-1.000000000,,0,0,0.000000000,0.000000000,0,-1.000000000,0,,0,-1.000000000,,0,-1.000000000,0,,1,-0.063950159,-3.664074190,-0.007326126,-0.012209892,1,3.133914232,179.560058864,0.002442360,-2.714529037,1,-2.880847216,-165.060386879,-0.002442360,2.673503876,1,-0.193980217,-11.114247742,-0.007326126,0.422466278,1,0.870329857,49.866227583,0.012210846,-0.003663063,-0.063950159,-3.664074190,0.000000000,-0.000000000,2.000000000,1.000000000,3.143832445,180.128330603,0.000000000,-2.770716190,8.500000000,2.500000000,-2.881228685,-165.082243484,0.000000000,2.694160938,3.000000000,0.800000012,-0.194361687,-11.136104347,0.000000000,0.431225687,1.200000048,0.200000003,0.870713234,49.888193471,0.000000000,0.000140909,0.100000001,0.020000000
2026-07-04 18:16:26.322,1783160186.322840691,202.013032367,1,1,201.998194313,1,0.004021856,5,1,0.002617864,5,1,0,1,0,0,1,1,1,1,1,1,0.076419519,-1.120000000,1.590000000,0.000000000,1,200.906006503,12,1,12,1:-1.251:2.428|2:-0.428:2.425|3:0.392:2.424|4:1.223:2.419|5:1.228:1.589|6:0.405:1.588|7:-0.440:1.588|8:-1.261:1.589|9:-1.185:4.911|10:-0.390:4.902|11:0.375:4.903|12:1.182:4.901,0,-1.000000000,,0,0,0.000000000,0.000000000,0,-1.000000000,0,,0,-1.000000000,,0,-1.000000000,0,,1,-0.063950159,-3.664074190,-0.007326126,-0.012209892,1,3.133914232,179.560058864,-0.002442360,-2.714529037,1,-2.880847216,-165.060386879,-0.002442360,2.673503876,1,-0.193598747,-11.092391137,-0.007326126,0.422466278,1,0.870329857,49.866227583,-0.012210846,-0.001221180,-0.063950159,-3.664074190,0.000000000,-0.000000000,2.000000000,1.000000000,3.143832445,180.128330603,0.000000000,-2.770716190,8.500000000,2.500000000,-2.881228685,-165.082243484,0.000000000,2.694160938,3.000000000,0.800000012,-0.194361687,-11.136104347,0.000000000,0.431225687,1.200000048,0.200000003,0.870713234,49.888193471,0.000000000,0.000140909,0.100000001,0.020000000
2026-07-04 18:16:27.322,1783160187.322819233,203.013011226,1,1,202.998173172,1,0.003943135,5,1,0.002695979,5,1,0,1,0,0,1,1,1,1,1,1,0.020144500,-1.120000000,1.590000000,0.000000000,1,201.905985362,12,1,12,1:-1.251:2.428|2:-0.428:2.425|3:0.392:2.424|4:1.223:2.419|5:1.228:1.589|6:0.405:1.588|7:-0.440:1.588|8:-1.261:1.589|9:-1.185:4.911|10:-0.390:4.902|11:0.375:4.903|12:1.182:4.901,0,-1.000000000,,0,0,0.000000000,0.000000000,0,-1.000000000,0,,0,-1.000000000,,0,-1.000000000,0,,1,-0.063950159,-3.664074190,-0.007326126,-0.012209892,1,3.133914232,179.560058864,-0.002442360,-2.700855255,1,-2.880847216,-165.060386879,-0.002442360,2.673503876,1,-0.193980217,-11.114247742,-0.021978378,0.422466278,1,0.870329857,49.866227583,-0.012210846,-0.003663063,-0.063950159,-3.664074190,0.000000000,-0.000000000,2.000000000,1.000000000,3.143832445,180.128330603,0.000000000,-2.770716190,8.500000000,2.500000000,-2.881228685,-165.082243484,0.000000000,2.694160938,3.000000000,0.800000012,-0.194361687,-11.136104347,0.000000000,0.431225687,1.200000048,0.200000003,0.870713234,49.888193471,0.000000000,0.000140909,0.100000001,0.020000000
2026-07-04 18:16:28.322,1783160188.322806120,204.012997869,1,1,203.998159815,1,0.003663992,5,1,0.002605376,5,1,0,1,0,0,1,1,1,1,1,1,0.072904268,-1.120000000,1.590000000,0.000000000,1,202.905972005,12,1,12,1:-1.251:2.428|2:-0.428:2.425|3:0.392:2.424|4:1.223:2.419|5:1.228:1.589|6:0.405:1.588|7:-0.440:1.588|8:-1.261:1.589|9:-1.185:4.911|10:-0.390:4.902|11:0.375:4.903|12:1.182:4.901,0,-1.000000000,,0,0,0.000000000,0.000000000,0,-1.000000000,0,,0,-1.000000000,,0,-1.000000000,0,,1,-0.063950159,-3.664074190,-0.007326126,-0.012209892,1,3.133914232,179.560058864,-0.002442360,-2.714529037,1,-2.880847216,-165.060386879,-0.002442360,2.673503876,1,-0.193598747,-11.092391137,-0.007326126,0.422466278,1,0.870329857,49.866227583,-0.012210846,-0.001221180,-0.063950159,-3.664074190,0.000000000,-0.000000000,2.000000000,1.000000000,3.143832445,180.128330603,0.000000000,-2.770716190,8.500000000,2.500000000,-2.881228685,-165.082243484,0.000000000,2.694160938,3.000000000,0.800000012,-0.194361687,-11.136104347,0.000000000,0.431225687,1.200000048,0.200000003,0.870713234,49.888193471,0.000000000,0.000140909,0.100000001,0.020000000
2026-07-04 18:16:29.322,1783160189.322813511,205.013005360,1,1,204.998167306,1,0.003856826,5,1,0.002470428,5,1,0,1,0,0,1,1,1,1,1,1,0.078546287,-1.120000000,1.590000000,0.000000000,1,203.905979496,12,1,12,1:-1.251:2.428|2:-0.428:2.425|3:0.392:2.424|4:1.223:2.419|5:1.228:1.589|6:0.405:1.588|7:-0.440:1.588|8:-1.261:1.589|9:-1.185:4.911|10:-0.390:4.902|11:0.375:4.903|12:1.182:4.901,0,-1.000000000,,0,0,0.000000000,0.000000000,0,-1.000000000,0,,0,-1.000000000,,0,-1.000000000,0,,1,-0.063950159,-3.664074190,0.007326126,-0.012209892,1,3.133914232,179.560058864,-0.007326126,-2.714529037,1,-2.880847216,-165.060386879,-0.002442360,2.673503876,1,-0.193598747,-11.092391137,-0.007326126,0.422466278,1,0.870329857,49.866227583,-0.036628723,-0.003663063,-0.063950159,-3.664074190,0.000000000,-0.000000000,2.000000000,1.000000000,3.143832445,180.128330603,0.000000000,-2.770716190,8.500000000,2.500000000,-2.881228685,-165.082243484,0.000000000,2.694160938,3.000000000,0.800000012,-0.194361687,-11.136104347,0.000000000,0.431225687,1.200000048,0.200000003,0.870713234,49.888193471,0.000000000,0.000140909,0.100000001,0.020000000
2026-07-04 18:16:30.322,1783160190.322806358,206.012998021,1,1,205.998159967,1,0.003390466,5,1,0.002520759,5,1,0,1,0,0,1,1,1,1,1,1,0.085859363,-1.120000000,1.590000000,0.000000000,1,204.905972157,12,1,12,1:-1.251:2.428|2:-0.428:2.425|3:0.392:2.424|4:1.223:2.419|5:1.228:1.589|6:0.405:1.588|7:-0.440:1.588|8:-1.261:1.589|9:-1.185:4.911|10:-0.390:4.902|11:0.375:4.903|12:1.182:4.901,0,-1.000000000,,0,0,0.000000000,0.000000000,0,-1.000000000,0,,0,-1.000000000,,0,-1.000000000,0,,1,-0.063950159,-3.664074190,0.007326126,-0.012209892,1,3.133914232,179.560058864,-0.007326126,-2.714529037,1,-2.880847216,-165.060386879,-0.002442360,2.673503876,1,-0.193980217,-11.114247742,-0.021978378,0.422466278,1,0.870329857,49.866227583,-0.012210846,-0.003663063,-0.063950159,-3.664074190,0.000000000,-0.000000000,2.000000000,1.000000000,3.143832445,180.128330603,0.000000000,-2.770716190,8.500000000,2.500000000,-2.881228685,-165.082243484,0.000000000,2.694160938,3.000000000,0.800000012,-0.194361687,-11.136104347,0.000000000,0.431225687,1.200000048,0.200000003,0.870713234,49.888193471,0.000000000,0.000140909,0.100000001,0.020000000
2026-07-04 18:16:31.322,1783160191.322758913,207.012950756,1,1,206.998112702,1,0.003669319,5,1,0.002549886,5,1,0,1,0,0,1,1,1,1,1,1,0.066913992,-1.120000000,1.590000000,0.000000000,1,205.905924892,12,1,12,1:-1.251:2.428|2:-0.428:2.425|3:0.392:2.424|4:1.223:2.419|5:1.228:1.589|6:0.405:1.588|7:-0.440:1.588|8:-1.261:1.589|9:-1.185:4.911|10:-0.390:4.902|11:0.375:4.903|12:1.182:4.901,0,-1.000000000,,0,0,0.000000000,0.000000000,0,-1.000000000,0,,0,-1.000000000,,0,-1.000000000,0,,1,-0.063950159,-3.664074190,-0.007326126,-0.012209892,1,3.133914232,179.560058864,-0.002442360,-2.714529037,1,-2.880847216,-165.060386879,-0.002442360,2.673503876,1,-0.193980217,-11.114247742,-0.021978378,0.422466278,1,0.870329857,49.866227583,-0.012210846,-0.003663063,-0.063950159,-3.664074190,0.000000000,-0.000000000,2.000000000,1.000000000,3.143832445,180.128330603,0.000000000,-2.770716190,8.500000000,2.500000000,-2.881228685,-165.082243484,0.000000000,2.694160938,3.000000000,0.800000012,-0.194361687,-11.136104347,0.000000000,0.431225687,1.200000048,0.200000003,0.870713234,49.888193471,0.000000000,0.000140909,0.100000001,0.020000000
2026-07-04 18:16:32.322,1783160192.322759867,208.012951660,1,1,207.998113606,1,0.003831227,5,1,0.002617562,5,1,0,1,0,0,1,1,1,1,1,1,0.044216766,-1.120000000,1.590000000,0.000000000,1,206.905925796,12,1,12,1:-1.251:2.428|2:-0.428:2.425|3:0.392:2.424|4:1.223:2.419|5:1.228:1.589|6:0.405:1.588|7:-0.440:1.588|8:-1.261:1.589|9:-1.185:4.911|10:-0.390:4.902|11:0.375:4.903|12:1.182:4.901,0,-1.000000000,,0,0,0.000000000,0.000000000,0,-1.000000000,0,,0,-1.000000000,,0,-1.000000000,0,,1,-0.063950159,-3.664074190,-0.007326126,-0.012209892,1,3.133914232,179.560058864,-0.002442360,-2.714529037,1,-2.880847216,-165.060386879,-0.002442360,2.673503876,1,-0.193980217,-11.114247742,-0.007326126,0.422466278,1,0.870713234,49.888193471,0.012210846,-0.003663063,-0.063950159,-3.664074190,0.000000000,-0.000000000,2.000000000,1.000000000,3.143832445,180.128330603,0.000000000,-2.770716190,8.500000000,2.500000000,-2.881228685,-165.082243484,0.000000000,2.694160938,3.000000000,0.800000012,-0.194361687,-11.136104347,0.000000000,0.431225687,1.200000048,0.200000003,0.870713234,49.888193471,0.000000000,0.000140909,0.100000001,0.020000000
2026-07-04 18:16:33.322,1783160193.322764397,209.012956243,1,1,208.998118189,1,0.003659086,5,1,0.002544092,5,1,0,1,0,0,1,1,1,1,1,1,0.194235774,-1.120000000,1.590000000,0.000000000,1,207.905930379,12,1,12,1:-1.251:2.428|2:-0.428:2.425|3:0.392:2.424|4:1.223:2.419|5:1.228:1.589|6:0.405:1.588|7:-0.440:1.588|8:-1.261:1.589|9:-1.185:4.911|10:-0.390:4.902|11:0.375:4.903|12:1.182:4.901,0,-1.000000000,,0,0,0.000000000,0.000000000,0,-1.000000000,0,,0,-1.000000000,,0,-1.000000000,0,,1,-0.063950159,-3.664074190,-0.007326126,-0.012209892,1,3.133914232,179.560058864,-0.002442360,-2.728204727,1,-2.880847216,-165.060386879,-0.007326126,2.673503876,1,-0.193598747,-11.092391137,-0.007326126,0.422466278,1,0.870329857,49.866227583,-0.012210846,-0.003663063,-0.063950159,-3.664074190,0.000000000,-0.000000000,2.000000000,1.000000000,3.143832445,180.128330603,0.000000000,-2.770716190,8.500000000,2.500000000,-2.881228685,-165.082243484,0.000000000,2.694160938,3.000000000,0.800000012,-0.194361687,-11.136104347,0.000000000,0.431225687,1.200000048,0.200000003,0.870713234,49.888193471,0.000000000,0.000140909,0.100000001,0.020000000
2026-07-04 18:16:34.322,1783160194.322711468,210.012903429,1,1,209.998065375,1,0.003846473,5,1,0.002661211,5,1,0,1,0,0,1,1,1,1,1,1,0.010915691,-1.120000000,1.590000000,0.000000000,1,208.905877565,12,1,12,1:-1.251:2.428|2:-0.428:2.425|3:0.392:2.424|4:1.223:2.419|5:1.228:1.589|6:0.405:1.588|7:-0.440:1.588|8:-1.261:1.589|9:-1.185:4.911|10:-0.390:4.902|11:0.375:4.903|12:1.182:4.901,0,-1.000000000,,0,0,0.000000000,0.000000000,0,-1.000000000,0,,0,-1.000000000,,0,-1.000000000,0,,1,-0.063950159,-3.664074190,-0.007326126,-0.012209892,1,3.133914232,179.560058864,-0.002442360,-2.714529037,1,-2.880847216,-165.060386879,-0.002442360,2.687179565,1,-0.193598747,-11.092391137,-0.007326126,0.422466278,1,0.870329857,49.866227583,-0.012210846,-0.003663063,-0.063950159,-3.664074190,0.000000000,-0.000000000,2.000000000,1.000000000,3.143832445,180.128330603,0.000000000,-2.770716190,8.500000000,2.500000000,-2.881228685,-165.082243484,0.000000000,2.694160938,3.000000000,0.800000012,-0.194361687,-11.136104347,0.000000000,0.431225687,1.200000048,0.200000003,0.870713234,49.888193471,0.000000000,0.000140909,0.100000001,0.020000000
2026-07-04 18:16:35.322,1783160195.322730303,211.012921984,1,1,210.998083930,1,0.003778342,5,1,0.002667632,5,1,0,1,0,0,1,1,1,1,1,1,0.023324313,-1.120000000,1.590000000,0.000000000,1,209.905896120,12,1,12,1:-1.251:2.428|2:-0.428:2.425|3:0.392:2.424|4:1.223:2.419|5:1.228:1.589|6:0.405:1.588|7:-0.440:1.588|8:-1.261:1.589|9:-1.185:4.911|10:-0.390:4.902|11:0.375:4.903|12:1.182:4.901,0,-1.000000000,,0,0,0.000000000,0.000000000,0,-1.000000000,0,,0,-1.000000000,,0,-1.000000000,0,,1,-0.063950159,-3.664074190,-0.007326126,-0.012209892,1,3.133914232,179.560058864,-0.002442360,-2.728204727,1,-2.880847216,-165.060386879,-0.002442360,2.673503876,1,-0.193598747,-11.092391137,-0.007326126,0.422466278,1,0.870329857,49.866227583,0.012210846,-0.001221180,-0.063950159,-3.664074190,0.000000000,-0.000000000,2.000000000,1.000000000,3.143832445,180.128330603,0.000000000,-2.770716190,8.500000000,2.500000000,-2.881228685,-165.082243484,0.000000000,2.694160938,3.000000000,0.800000012,-0.194361687,-11.136104347,0.000000000,0.431225687,1.200000048,0.200000003,0.870713234,49.888193471,0.000000000,0.000140909,0.100000001,0.020000000
2026-07-04 18:16:36.322,1783160196.322673082,212.012865046,1,1,211.998026992,1,0.003784597,5,1,0.002249305,5,1,0,1,0,0,1,1,1,1,1,1,0.056095218,-1.120000000,1.590000000,0.000000000,1,210.905839182,12,1,12,1:-1.251:2.428|2:-0.428:2.425|3:0.392:2.424|4:1.223:2.419|5:1.228:1.589|6:0.405:1.588|7:-0.440:1.588|8:-1.261:1.589|9:-1.185:4.911|10:-0.390:4.902|11:0.375:4.903|12:1.182:4.901,0,-1.000000000,,0,0,0.000000000,0.000000000,0,-1.000000000,0,,0,-1.000000000,,0,-1.000000000,0,,1,-0.063950159,-3.664074190,-0.007326126,-0.012209892,1,3.133914232,179.560058864,-0.007326126,-2.714529037,1,-2.880847216,-165.060386879,-0.002442360,2.673503876,1,-0.193598747,-11.092391137,-0.007326126,0.422466278,1,0.870329857,49.866227583,-0.036628723,-0.003663063,-0.063950159,-3.664074190,0.000000000,-0.000000000,2.000000000,1.000000000,3.143832445,180.128330603,0.000000000,-2.770716190,8.500000000,2.500000000,-2.881228685,-165.082243484,0.000000000,2.694160938,3.000000000,0.800000012,-0.194361687,-11.136104347,0.000000000,0.431225687,1.200000048,0.200000003,0.870713234,49.888193471,0.000000000,0.000140909,0.100000001,0.020000000
2026-07-04 18:16:37.322,1783160197.322677851,213.012869495,1,1,212.998031441,1,0.003899911,5,1,0.002302431,5,1,0,1,0,0,1,1,1,1,1,1,0.130385260,-1.120000000,1.590000000,0.000000000,1,211.905843631,12,1,12,1:-1.251:2.428|2:-0.428:2.425|3:0.392:2.424|4:1.223:2.419|5:1.228:1.589|6:0.405:1.588|7:-0.440:1.588|8:-1.261:1.589|9:-1.185:4.911|10:-0.390:4.902|11:0.375:4.903|12:1.182:4.901,0,-1.000000000,,0,0,0.000000000,0.000000000,0,-1.000000000,0,,0,-1.000000000,,0,-1.000000000,0,,1,-0.063950159,-3.664074190,0.007326126,-0.012209892,1,3.133914232,179.560058864,-0.002442360,-2.714529037,1,-2.880847216,-165.060386879,0.002442360,2.659828186,1,-0.193980217,-11.114247742,-0.021978378,0.422466278,1,0.870713234,49.888193471,0.012210846,-0.003663063,-0.063950159,-3.664074190,0.000000000,-0.000000000,2.000000000,1.000000000,3.143832445,180.128330603,0.000000000,-2.770716190,8.500000000,2.500000000,-2.881228685,-165.082243484,0.000000000,2.694160938,3.000000000,0.800000012,-0.194361687,-11.136104347,0.000000000,0.431225687,1.200000048,0.200000003,0.870713234,49.888193471,0.000000000,0.000140909,0.100000001,0.020000000
2026-07-04 18:16:38.322,1783160198.322676659,214.012868487,1,1,213.998030433,1,0.003737393,5,1,0.002650659,5,1,0,1,0,0,1,1,1,1,1,1,0.078292170,-1.120000000,1.590000000,0.000000000,1,212.905842623,12,1,12,1:-1.251:2.428|2:-0.428:2.425|3:0.392:2.424|4:1.223:2.419|5:1.228:1.589|6:0.405:1.588|7:-0.440:1.588|8:-1.261:1.589|9:-1.185:4.911|10:-0.390:4.902|11:0.375:4.903|12:1.182:4.901,0,-1.000000000,,0,0,0.000000000,0.000000000,0,-1.000000000,0,,0,-1.000000000,,0,-1.000000000,0,,1,-0.063950159,-3.664074190,-0.007326126,-0.012209892,1,3.133914232,179.560058864,-0.007326126,-2.714529037,1,-2.880847216,-165.060386879,-0.002442360,2.673503876,1,-0.193980217,-11.114247742,-0.007326126,0.422466278,1,0.870713234,49.888193471,-0.012210846,-0.003663063,-0.063950159,-3.664074190,0.000000000,-0.000000000,2.000000000,1.000000000,3.143832445,180.128330603,0.000000000,-2.770716190,8.500000000,2.500000000,-2.881228685,-165.082243484,0.000000000,2.694160938,3.000000000,0.800000012,-0.194361687,-11.136104347,0.000000000,0.431225687,1.200000048,0.200000003,0.870713234,49.888193471,0.000000000,0.000140909,0.100000001,0.020000000
2026-07-04 18:16:39.322,1783160199.322631359,215.012823342,1,1,214.997985288,1,0.003719611,5,1,0.002628238,5,1,0,1,0,0,1,1,1,1,1,1,0.095881717,-1.120000000,1.590000000,0.000000000,1,213.905797478,12,1,12,1:-1.251:2.428|2:-0.428:2.425|3:0.392:2.424|4:1.223:2.419|5:1.228:1.589|6:0.405:1.588|7:-0.440:1.588|8:-1.261:1.589|9:-1.185:4.911|10:-0.390:4.902|11:0.375:4.903|12:1.182:4.901,0,-1.000000000,,0,0,0.000000000,0.000000000,0,-1.000000000,0,,0,-1.000000000,,0,-1.000000000,0,,1,-0.063950159,-3.664074190,-0.021978378,-0.012209892,1,3.133914232,179.560058864,0.002442360,-2.714529037,1,-2.880847216,-165.060386879,-0.002442360,2.673503876,1,-0.193598747,-11.092391137,0.007326126,0.422466278,1,0.870329857,49.866227583,-0.036628723,-0.001221180,-0.063950159,-3.664074190,0.000000000,-0.000000000,2.000000000,1.000000000,3.143832445,180.128330603,0.000000000,-2.770716190,8.500000000,2.500000000,-2.881228685,-165.082243484,0.000000000,2.694160938,3.000000000,0.800000012,-0.194361687,-11.136104347,0.000000000,0.431225687,1.200000048,0.200000003,0.870713234,49.888193471,0.000000000,0.000140909,0.100000001,0.020000000
2026-07-04 18:16:40.322,1783160200.322647095,216.012838898,1,1,215.998000844,1,0.003837743,5,1,0.002559612,5,1,0,1,0,0,1,1,1,1,1,1,0.143363704,-1.120000000,1.590000000,0.000000000,1,214.905813034,12,1,12,1:-1.251:2.428|2:-0.428:2.425|3:0.392:2.424|4:1.223:2.419|5:1.228:1.589|6:0.405:1.588|7:-0.440:1.588|8:-1.261:1.589|9:-1.185:4.911|10:-0.390:4.902|11:0.375:4.903|12:1.182:4.901,0,-1.000000000,,0,0,0.000000000,0.000000000,0,-1.000000000,0,,0,-1.000000000,,0,-1.000000000,0,,1,-0.063950159,-3.664074190,-0.007326126,-0.012209892,1,3.133914232,179.560058864,-0.002442360,-2.700855255,1,-2.880847216,-165.060386879,-0.002442360,2.673503876,1,-0.193598747,-11.092391137,-0.007326126,0.422466278,1,0.870329857,49.866227583,-0.012210846,-0.003663063,-0.063950159,-3.664074190,0.000000000,-0.000000000,2.000000000,1.000000000,3.143832445,180.128330603,0.000000000,-2.770716190,8.500000000,2.500000000,-2.881228685,-165.082243484,0.000000000,2.694160938,3.000000000,0.800000012,-0.194361687,-11.136104347,0.000000000,0.431225687,1.200000048,0.200000003,0.870713234,49.888193471,0.000000000,0.000140909,0.100000001,0.020000000
2026-07-04 18:16:41.322,1783160201.322604895,217.012796536,1,1,216.997958482,1,0.003923219,5,1,0.002676914,5,1,0,1,0,0,1,1,1,1,1,1,0.030040762,-1.120000000,1.590000000,0.000000000,1,215.905770672,12,1,12,1:-1.251:2.428|2:-0.428:2.425|3:0.392:2.424|4:1.223:2.419|5:1.228:1.589|6:0.405:1.588|7:-0.440:1.588|8:-1.261:1.589|9:-1.185:4.911|10:-0.390:4.902|11:0.375:4.903|12:1.182:4.901,0,-1.000000000,,0,0,0.000000000,0.000000000,0,-1.000000000,0,,0,-1.000000000,,0,-1.000000000,0,,1,-0.063950159,-3.664074190,-0.007326126,-0.012209892,1,3.133914232,179.560058864,-0.002442360,-2.714529037,1,-2.880847216,-165.060386879,-0.002442360,2.687179565,1,-0.193598747,-11.092391137,-0.007326126,0.422466278,1,0.870329857,49.866227583,0.012210846,-0.003663063,-0.063950159,-3.664074190,0.000000000,-0.000000000,2.000000000,1.000000000,3.143832445,180.128330603,0.000000000,-2.770716190,8.500000000,2.500000000,-2.881228685,-165.082243484,0.000000000,2.694160938,3.000000000,0.800000012,-0.194361687,-11.136104347,0.000000000,0.431225687,1.200000048,0.200000003,0.870713234,49.888193471,0.000000000,0.000140909,0.100000001,0.020000000
2026-07-04 18:16:42.322,1783160202.322579384,218.012771386,1,1,217.997933332,1,0.003788725,5,1,0.002639907,5,1,0,1,0,0,1,1,1,1,1,1,0.062461009,-1.120000000,1.590000000,0.000000000,1,216.905745522,12,1,12,1:-1.251:2.428|2:-0.428:2.425|3:0.392:2.424|4:1.223:2.419|5:1.228:1.589|6:0.405:1.588|7:-0.440:1.588|8:-1.261:1.589|9:-1.185:4.911|10:-0.390:4.902|11:0.375:4.903|12:1.182:4.901,0,-1.000000000,,0,0,0.000000000,0.000000000,0,-1.000000000,0,,0,-1.000000000,,0,-1.000000000,0,,1,-0.063950159,-3.664074190,-0.007326126,-0.012209892,1,3.133914232,179.560058864,0.002442360,-2.714529037,1,-2.880847216,-165.060386879,-0.007326126,2.673503876,1,-0.193598747,-11.092391137,-0.007326126,0.422466278,1,0.870329857,49.866227583,-0.012210846,-0.003663063,-0.063950159,-3.664074190,0.000000000,-0.000000000,2.000000000,1.000000000,3.143832445,180.128330603,0.000000000,-2.770716190,8.500000000,2.500000000,-2.881228685,-165.082243484,0.000000000,2.694160938,3.000000000,0.800000012,-0.194361687,-11.136104347,0.000000000,0.431225687,1.200000048,0.200000003,0.870713234,49.888193471,0.000000000,0.000140909,0.100000001,0.020000000
2026-07-04 18:16:43.322,1783160203.322558403,219.012750231,1,1,218.997912177,1,0.003743197,5,1,0.002647301,5,1,0,1,0,0,1,1,1,1,1,1,0.006114418,-1.120000000,1.590000000,0.000000000,1,217.905724367,12,1,12,1:-1.251:2.428|2:-0.428:2.425|3:0.392:2.424|4:1.223:2.419|5:1.228:1.589|6:0.405:1.588|7:-0.440:1.588|8:-1.261:1.589|9:-1.185:4.911|10:-0.390:4.902|11:0.375:4.903|12:1.182:4.901,0,-1.000000000,,0,0,0.000000000,0.000000000,0,-1.000000000,0,,0,-1.000000000,,0,-1.000000000,0,,1,-0.063950159,-3.664074190,-0.007326126,-0.012209892,1,3.133914232,179.560058864,-0.002442360,-2.714529037,1,-2.880847216,-165.060386879,-0.002442360,2.673503876,1,-0.193598747,-11.092391137,-0.021978378,0.422466278,1,0.870329857,49.866227583,0.012210846,-0.003663063,-0.063950159,-3.664074190,0.000000000,-0.000000000,2.000000000,1.000000000,3.143832445,180.128330603,0.000000000,-2.770716190,8.500000000,2.500000000,-2.881228685,-165.082243484,0.000000000,2.694160938,3.000000000,0.800000012,-0.194361687,-11.136104347,0.000000000,0.431225687,1.200000048,0.200000003,0.870713234,49.888193471,0.000000000,0.000140909,0.100000001,0.020000000
2026-07-04 18:16:44.322,1783160204.322561502,220.012753482,1,1,219.997915428,1,0.003898721,5,1,0.002543984,5,1,0,1,0,0,1,1,1,1,1,1,0.077908886,-1.120000000,1.590000000,0.000000000,1,218.905727618,12,1,12,1:-1.251:2.428|2:-0.428:2.425|3:0.392:2.424|4:1.223:2.419|5:1.228:1.589|6:0.405:1.588|7:-0.440:1.588|8:-1.261:1.589|9:-1.185:4.911|10:-0.390:4.902|11:0.375:4.903|12:1.182:4.901,0,-1.000000000,,0,0,0.000000000,0.000000000,0,-1.000000000,0,,0,-1.000000000,,0,-1.000000000,0,,1,-0.063950159,-3.664074190,-0.007326126,-0.012209892,1,3.133914232,179.560058864,0.002442360,-2.714529037,1,-2.880847216,-165.060386879,-0.002442360,2.673503876,1,-0.193598747,-11.092391137,-0.007326126,0.422466278,1,0.870329857,49.866227583,-0.012210846,-0.001221180,-0.063950159,-3.664074190,0.000000000,-0.000000000,2.000000000,1.000000000,3.143832445,180.128330603,0.000000000,-2.770716190,8.500000000,2.500000000,-2.881228685,-165.082243484,0.000000000,2.694160938,3.000000000,0.800000012,-0.194361687,-11.136104347,0.000000000,0.431225687,1.200000048,0.200000003,0.870713234,49.888193471,0.000000000,0.000140909,0.100000001,0.020000000
2026-07-04 18:16:45.322,1783160205.322553158,221.012745039,1,1,220.997906985,1,0.003875131,5,1,0.002593762,5,1,0,1,0,0,1,1,1,1,1,1,0.200263923,-1.120000000,1.590000000,0.000000000,1,219.905719175,12,1,12,1:-1.251:2.428|2:-0.428:2.425|3:0.392:2.424|4:1.223:2.419|5:1.228:1.589|6:0.405:1.588|7:-0.440:1.588|8:-1.261:1.589|9:-1.185:4.911|10:-0.390:4.902|11:0.375:4.903|12:1.182:4.901,0,-1.000000000,,0,0,0.000000000,0.000000000,0,-1.000000000,0,,0,-1.000000000,,0,-1.000000000,0,,1,-0.063950159,-3.664074190,-0.007326126,-0.012209892,1,3.133914232,179.560058864,-0.002442360,-2.714529037,1,-2.880847216,-165.060386879,-0.002442360,2.673503876,1,-0.193980217,-11.114247742,-0.021978378,0.422466278,1,0.870713234,49.888193471,-0.012210846,-0.003663063,-0.063950159,-3.664074190,0.000000000,-0.000000000,2.000000000,1.000000000,3.143832445,180.128330603,0.000000000,-2.770716190,8.500000000,2.500000000,-2.881228685,-165.082243484,0.000000000,2.694160938,3.000000000,0.800000012,-0.194361687,-11.136104347,0.000000000,0.431225687,1.200000048,0.200000003,0.870713234,49.888193471,0.000000000,0.000140909,0.100000001,0.020000000
2026-07-04 18:16:46.322,1783160206.322509289,222.012701173,1,1,221.997863119,1,0.003587158,5,1,0.002469574,5,1,0,1,0,0,1,1,1,1,1,1,0.005118164,-1.120000000,1.590000000,0.000000000,1,220.905675309,12,1,12,1:-1.251:2.428|2:-0.428:2.425|3:0.392:2.424|4:1.223:2.419|5:1.228:1.589|6:0.405:1.588|7:-0.440:1.588|8:-1.261:1.589|9:-1.185:4.911|10:-0.390:4.902|11:0.375:4.903|12:1.182:4.901,0,-1.000000000,,0,0,0.000000000,0.000000000,0,-1.000000000,0,,0,-1.000000000,,0,-1.000000000,0,,1,-0.063950159,-3.664074190,-0.007326126,-0.012209892,1,3.133914232,179.560058864,-0.002442360,-2.714529037,1,-2.880847216,-165.060386879,-0.002442360,2.673503876,1,-0.193598747,-11.092391137,-0.007326126,0.422466278,1,0.870713234,49.888193471,0.012210846,-0.003663063,-0.063950159,-3.664074190,0.000000000,-0.000000000,2.000000000,1.000000000,3.143832445,180.128330603,0.000000000,-2.770716190,8.500000000,2.500000000,-2.881228685,-165.082243484,0.000000000,2.694160938,3.000000000,0.800000012,-0.194361687,-11.136104347,0.000000000,0.431225687,1.200000048,0.200000003,0.870713234,49.888193471,0.000000000,0.000140909,0.100000001,0.020000000
2026-07-04 18:16:47.322,1783160207.322553873,223.012745676,1,1,222.997907622,1,0.003806234,5,1,0.002636745,5,1,0,1,0,0,1,1,1,1,1,1,0.114292594,-1.120000000,1.590000000,0.000000000,1,221.905719812,12,1,12,1:-1.251:2.428|2:-0.428:2.425|3:0.392:2.424|4:1.223:2.419|5:1.228:1.589|6:0.405:1.588|7:-0.440:1.588|8:-1.261:1.589|9:-1.185:4.911|10:-0.390:4.902|11:0.375:4.903|12:1.182:4.901,0,-1.000000000,,0,0,0.000000000,0.000000000,0,-1.000000000,0,,0,-1.000000000,,0,-1.000000000,0,,1,-0.063950159,-3.664074190,-0.007326126,-0.017093658,1,3.133914232,179.560058864,-0.002442360,-2.714529037,1,-2.880847216,-165.060386879,-0.002442360,2.673503876,1,-0.193598747,-11.092391137,-0.007326126,0.422466278,1,0.870329857,49.866227583,-0.012210846,-0.003663063,-0.063950159,-3.664074190,0.000000000,-0.000000000,2.000000000,1.000000000,3.143832445,180.128330603,0.000000000,-2.770716190,8.500000000,2.500000000,-2.881228685,-165.082243484,0.000000000,2.694160938,3.000000000,0.800000012,-0.194361687,-11.136104347,0.000000000,0.431225687,1.200000048,0.200000003,0.870713234,49.888193471,0.000000000,0.000140909,0.100000001,0.020000000
2026-07-04 18:16:48.322,1783160208.322497845,224.012689519,1,1,223.997851465,1,0.003835715,5,1,0.002617615,5,1,0,1,0,0,1,1,1,1,1,1,0.036246864,-1.120000000,1.590000000,0.000000000,1,222.905663655,12,1,12,1:-1.251:2.428|2:-0.428:2.425|3:0.392:2.424|4:1.223:2.419|5:1.228:1.589|6:0.405:1.588|7:-0.440:1.588|8:-1.261:1.589|9:-1.185:4.911|10:-0.390:4.902|11:0.375:4.903|12:1.182:4.901,0,-1.000000000,,0,0,0.000000000,0.000000000,0,-1.000000000,0,,0,-1.000000000,,0,-1.000000000,0,,1,-0.063950159,-3.664074190,-0.021978378,-0.017093658,1,3.133914232,179.560058864,-0.007326126,-2.714529037,1,-2.880847216,-165.060386879,-0.002442360,2.673503876,1,-0.193598747,-11.092391137,0.007326126,0.422466278,1,0.870329857,49.866227583,-0.012210846,-0.003663063,-0.063950159,-3.664074190,0.000000000,-0.000000000,2.000000000,1.000000000,3.143832445,180.128330603,0.000000000,-2.770716190,8.500000000,2.500000000,-2.881228685,-165.082243484,0.000000000,2.694160938,3.000000000,0.800000012,-0.194361687,-11.136104347,0.000000000,0.431225687,1.200000048,0.200000003,0.870713234,49.888193471,0.000000000,0.000140909,0.100000001,0.020000000
2026-07-04 18:16:49.322,1783160209.322470427,225.012662118,1,1,224.997824064,1,0.003704965,5,1,0.002578270,5,1,0,1,0,0,1,1,1,1,1,1,0.166010441,-1.120000000,1.590000000,0.000000000,1,223.905636254,12,1,12,1:-1.251:2.428|2:-0.428:2.425|3:0.392:2.424|4:1.223:2.419|5:1.228:1.589|6:0.405:1.588|7:-0.440:1.588|8:-1.261:1.589|9:-1.185:4.911|10:-0.390:4.902|11:0.375:4.903|12:1.182:4.901,0,-1.000000000,,0,0,0.000000000,0.000000000,0,-1.000000000,0,,0,-1.000000000,,0,-1.000000000,0,,1,-0.063950159,-3.664074190,-0.007326126,-0.012209892,1,3.133914232,179.560058864,-0.002442360,-2.714529037,1,-2.880847216,-165.060386879,-0.007326126,2.673503876,1,-0.193598747,-11.092391137,-0.007326126,0.422466278,1,0.870329857,49.866227583,-0.036628723,-0.001221180,-0.063950159,-3.664074190,0.000000000,-0.000000000,2.000000000,1.000000000,3.143832445,180.128330603,0.000000000,-2.770716190,8.500000000,2.500000000,-2.881228685,-165.082243484,0.000000000,2.694160938,3.000000000,0.800000012,-0.194361687,-11.136104347,0.000000000,0.431225687,1.200000048,0.200000003,0.870713234,49.888193471,0.000000000,0.000140909,0.100000001,0.020000000
2026-07-04 18:16:50.322,1783160210.322492361,226.012684294,1,1,225.997846240,1,0.003702160,5,1,0.002596959,5,1,0,1,0,0,1,1,1,1,1,1,0.031913289,-1.120000000,1.590000000,0.000000000,1,224.905658430,12,1,12,1:-1.251:2.428|2:-0.428:2.425|3:0.392:2.424|4:1.223:2.419|5:1.228:1.589|6:0.405:1.588|7:-0.440:1.588|8:-1.261:1.589|9:-1.185:4.911|10:-0.390:4.902|11:0.375:4.903|12:1.182:4.901,0,-1.000000000,,0,0,0.000000000,0.000000000,0,-1.000000000,0,,0,-1.000000000,,0,-1.000000000,0,,1,-0.063950159,-3.664074190,-0.007326126,-0.012209892,1,3.133914232,179.560058864,-0.002442360,-2.728204727,1,-2.880847216,-165.060386879,-0.002442360,2.673503876,1,-0.193598747,-11.092391137,0.007326126,0.422466278,1,0.870329857,49.866227583,-0.036628723,-0.003663063,-0.063950159,-3.664074190,0.000000000,-0.000000000,2.000000000,1.000000000,3.143832445,180.128330603,0.000000000,-2.770716190,8.500000000,2.500000000,-2.881228685,-165.082243484,0.000000000,2.694160938,3.000000000,0.800000012,-0.194361687,-11.136104347,0.000000000,0.431225687,1.200000048,0.200000003,0.870713234,49.888193471,0.000000000,0.000140909,0.100000001,0.020000000
2026-07-04 18:16:51.322,1783160211.322471142,227.012662900,1,1,226.997824846,1,0.003763534,5,1,0.002618724,5,1,0,1,0,0,1,1,1,1,1,1,0.003482543,-1.120000000,1.590000000,0.000000000,1,225.905637036,12,1,12,1:-1.251:2.428|2:-0.428:2.425|3:0.392:2.424|4:1.223:2.419|5:1.228:1.589|6:0.405:1.588|7:-0.440:1.588|8:-1.261:1.589|9:-1.185:4.911|10:-0.390:4.902|11:0.375:4.903|12:1.182:4.901,0,-1.000000000,,0,0,0.000000000,0.000000000,0,-1.000000000,0,,0,-1.000000000,,0,-1.000000000,0,,1,-0.063950159,-3.664074190,-0.021978378,-0.012209892,1,3.133914232,179.560058864,-0.002442360,-2.714529037,1,-2.880847216,-165.060386879,0.002442360,2.673503876,1,-0.193598747,-11.092391137,-0.007326126,0.422466278,1,0.870329857,49.866227583,-0.012210846,-0.003663063,-0.063950159,-3.664074190,0.000000000,-0.000000000,2.000000000,1.000000000,3.143832445,180.128330603,0.000000000,-2.770716190,8.500000000,2.500000000,-2.881228685,-165.082243484,0.000000000,2.694160938,3.000000000,0.800000012,-0.194361687,-11.136104347,0.000000000,0.431225687,1.200000048,0.200000003,0.870713234,49.888193471,0.000000000,0.000140909,0.100000001,0.020000000
2026-07-04 18:16:52.322,1783160212.322425365,228.012617057,1,1,227.997779003,1,0.003723876,5,1,0.002569596,5,1,0,1,0,0,1,1,1,1,1,1,0.366152254,-1.120000000,1.590000000,0.000000000,1,226.905591193,12,1,12,1:-1.251:2.428|2:-0.428:2.425|3:0.392:2.424|4:1.223:2.419|5:1.228:1.589|6:0.405:1.588|7:-0.440:1.588|8:-1.261:1.589|9:-1.185:4.911|10:-0.390:4.902|11:0.375:4.903|12:1.182:4.901,0,-1.000000000,,0,0,0.000000000,0.000000000,0,-1.000000000,0,,0,-1.000000000,,0,-1.000000000,0,,1,-0.063950159,-3.664074190,0.007326126,-0.012209892,1,3.133914232,179.560058864,-0.002442360,-2.714529037,1,-2.880847216,-165.060386879,-0.007326126,2.687179565,1,-0.193598747,-11.092391137,0.021978378,0.422466278,1,0.870329857,49.866227583,-0.012210846,-0.001221180,-0.063950159,-3.664074190,0.000000000,-0.000000000,2.000000000,1.000000000,3.143832445,180.128330603,0.000000000,-2.770716190,8.500000000,2.500000000,-2.881228685,-165.082243484,0.000000000,2.694160938,3.000000000,0.800000012,-0.194361687,-11.136104347,0.000000000,0.431225687,1.200000048,0.200000003,0.870713234,49.888193471,0.000000000,0.000140909,0.100000001,0.020000000
2026-07-04 18:16:53.322,1783160213.322412491,229.012604487,1,1,228.997766433,1,0.003855714,5,1,0.002582400,5,1,0,1,0,0,1,1,1,1,1,1,0.084849229,-1.120000000,1.590000000,0.000000000,1,227.905578623,12,1,12,1:-1.251:2.428|2:-0.428:2.425|3:0.392:2.424|4:1.223:2.419|5:1.228:1.589|6:0.405:1.588|7:-0.440:1.588|8:-1.261:1.589|9:-1.185:4.911|10:-0.390:4.902|11:0.375:4.903|12:1.182:4.901,0,-1.000000000,,0,0,0.000000000,0.000000000,0,-1.000000000,0,,0,-1.000000000,,0,-1.000000000,0,,1,-0.063950159,-3.664074190,0.007326126,-0.012209892,1,3.133914232,179.560058864,-0.002442360,-2.714529037,1,-2.880847216,-165.060386879,-0.002442360,2.673503876,1,-0.193598747,-11.092391137,-0.007326126,0.422466278,1,0.870329857,49.866227583,0.012210846,-0.003663063,-0.063950159,-3.664074190,0.000000000,-0.000000000,2.000000000,1.000000000,3.143832445,180.128330603,0.000000000,-2.770716190,8.500000000,2.500000000,-2.881228685,-165.082243484,0.000000000,2.694160938,3.000000000,0.800000012,-0.194361687,-11.136104347,0.000000000,0.431225687,1.200000048,0.200000003,0.870713234,49.888193471,0.000000000,0.000140909,0.100000001,0.020000000
2026-07-04 18:16:54.322,1783160214.322375536,230.012567189,1,1,229.997729135,1,0.003942275,5,1,0.002588886,5,1,0,1,0,0,1,1,1,1,1,1,0.005201064,-1.120000000,1.590000000,0.000000000,1,228.905541325,12,1,12,1:-1.251:2.428|2:-0.428:2.425|3:0.392:2.424|4:1.223:2.419|5:1.228:1.589|6:0.405:1.588|7:-0.440:1.588|8:-1.261:1.589|9:-1.185:4.911|10:-0.390:4.902|11:0.375:4.903|12:1.182:4.901,0,-1.000000000,,0,0,0.000000000,0.000000000,0,-1.000000000,0,,0,-1.000000000,,0,-1.000000000,0,,1,-0.063950159,-3.664074190,-0.007326126,-0.012209892,1,3.133914232,179.560058864,0.002442360,-2.714529037,1,-2.880847216,-165.060386879,-0.002442360,2.673503876,1,-0.193598747,-11.092391137,0.007326126,0.422466278,1,0.870713234,49.888193471,0.012210846,-0.003663063,-0.063950159,-3.664074190,0.000000000,-0.000000000,2.000000000,1.000000000,3.143832445,180.128330603,0.000000000,-2.770716190,8.500000000,2.500000000,-2.881228685,-165.082243484,0.000000000,2.694160938,3.000000000,0.800000012,-0.194361687,-11.136104347,0.000000000,0.431225687,1.200000048,0.200000003,0.870713234,49.888193471,0.000000000,0.000140909,0.100000001,0.020000000
2026-07-04 18:16:55.322,1783160215.322543621,231.012735388,1,1,230.997897334,1,0.004110250,5,1,0.002677918,5,1,0,1,0,0,1,1,1,1,1,1,0.057920418,-1.120000000,1.590000000,0.000000000,1,229.905709524,12,1,12,1:-1.251:2.428|2:-0.428:2.425|3:0.392:2.424|4:1.223:2.419|5:1.228:1.589|6:0.405:1.588|7:-0.440:1.588|8:-1.261:1.589|9:-1.185:4.911|10:-0.390:4.902|11:0.375:4.903|12:1.182:4.901,0,-1.000000000,,0,0,0.000000000,0.000000000,0,-1.000000000,0,,0,-1.000000000,,0,-1.000000000,0,,1,-0.063950159,-3.664074190,0.007326126,-0.012209892,1,3.133914232,179.560058864,-0.002442360,-2.714529037,1,-2.880847216,-165.060386879,-0.002442360,2.673503876,1,-0.193980217,-11.114247742,-0.007326126,0.422466278,1,0.870329857,49.866227583,-0.036628723,-0.003663063,-0.063950159,-3.664074190,0.000000000,-0.000000000,2.000000000,1.000000000,3.143832445,180.128330603,0.000000000,-2.770716190,8.500000000,2.500000000,-2.881228685,-165.082243484,0.000000000,2.694160938,3.000000000,0.800000012,-0.194361687,-11.136104347,0.000000000,0.431225687,1.200000048,0.200000003,0.870713234,49.888193471,0.000000000,0.000140909,0.100000001,0.020000000
2026-07-04 18:16:56.322,1783160216.322391272,232.012583191,1,1,231.997745137,1,0.003923990,5,1,0.002565180,5,1,0,1,0,0,1,1,1,1,1,1,0.016553927,-1.120000000,1.590000000,0.000000000,1,230.905557327,12,1,12,1:-1.251:2.428|2:-0.428:2.425|3:0.392:2.424|4:1.223:2.419|5:1.228:1.589|6:0.405:1.588|7:-0.440:1.588|8:-1.261:1.589|9:-1.185:4.911|10:-0.390:4.902|11:0.375:4.903|12:1.182:4.901,0,-1.000000000,,0,0,0.000000000,0.000000000,0,-1.000000000,0,,0,-1.000000000,,0,-1.000000000,0,,1,-0.063950159,-3.664074190,-0.021978378,-0.012209892,1,3.133914232,179.560058864,-0.002442360,-2.728204727,1,-2.880847216,-165.060386879,-0.002442360,2.673503876,1,-0.193980217,-11.114247742,-0.007326126,0.422466278,1,0.870329857,49.866227583,-0.012210846,-0.003663063,-0.063950159,-3.664074190,0.000000000,-0.000000000,2.000000000,1.000000000,3.143832445,180.128330603,0.000000000,-2.770716190,8.500000000,2.500000000,-2.881228685,-165.082243484,0.000000000,2.694160938,3.000000000,0.800000012,-0.194361687,-11.136104347,0.000000000,0.431225687,1.200000048,0.200000003,0.870713234,49.888193471,0.000000000,0.000140909,0.100000001,0.020000000
2026-07-04 18:16:57.322,1783160217.322324514,233.012516430,1,1,232.997678376,1,0.003960191,5,1,0.002668387,5,1,0,1,0,0,1,1,1,1,1,1,0.019515691,-1.120000000,1.590000000,0.000000000,1,231.905490566,12,1,12,1:-1.251:2.428|2:-0.428:2.425|3:0.392:2.424|4:1.223:2.419|5:1.228:1.589|6:0.405:1.588|7:-0.440:1.588|8:-1.261:1.589|9:-1.185:4.911|10:-0.390:4.902|11:0.375:4.903|12:1.182:4.901,0,-1.000000000,,0,0,0.000000000,0.000000000,0,-1.000000000,0,,0,-1.000000000,,0,-1.000000000,0,,1,-0.063950159,-3.664074190,-0.007326126,-0.012209892,1,3.133914232,179.560058864,-0.002442360,-2.714529037,1,-2.880847216,-165.060386879,-0.002442360,2.673503876,1,-0.193598747,-11.092391137,-0.007326126,0.422466278,1,0.870329857,49.866227583,-0.012210846,-0.003663063,-0.063950159,-3.664074190,0.000000000,-0.000000000,2.000000000,1.000000000,3.143832445,180.128330603,0.000000000,-2.770716190,8.500000000,2.500000000,-2.881228685,-165.082243484,0.000000000,2.694160938,3.000000000,0.800000012,-0.194361687,-11.136104347,0.000000000,0.431225687,1.200000048,0.200000003,0.870713234,49.888193471,0.000000000,0.000140909,0.100000001,0.020000000
2026-07-04 18:16:58.322,1783160218.322334051,234.012525916,1,1,233.997687862,1,0.003709268,5,1,0.002332192,5,1,0,1,0,0,1,1,1,1,1,1,0.098686124,-1.120000000,1.590000000,0.000000000,1,232.905500052,12,1,12,1:-1.251:2.428|2:-0.428:2.425|3:0.392:2.424|4:1.223:2.419|5:1.228:1.589|6:0.405:1.588|7:-0.440:1.588|8:-1.261:1.589|9:-1.185:4.911|10:-0.390:4.902|11:0.375:4.903|12:1.182:4.901,0,-1.000000000,,0,0,0.000000000,0.000000000,0,-1.000000000,0,,0,-1.000000000,,0,-1.000000000,0,,1,-0.063950159,-3.664074190,0.007326126,-0.012209892,1,3.133914232,179.560058864,-0.002442360,-2.714529037,1,-2.880847216,-165.060386879,-0.002442360,2.687179565,1,-0.193598747,-11.092391137,-0.007326126,0.422466278,1,0.870329857,49.866227583,0.012210846,-0.001221180,-0.063950159,-3.664074190,0.000000000,-0.000000000,2.000000000,1.000000000,3.143832445,180.128330603,0.000000000,-2.770716190,8.500000000,2.500000000,-2.881228685,-165.082243484,0.000000000,2.694160938,3.000000000,0.800000012,-0.194361687,-11.136104347,0.000000000,0.431225687,1.200000048,0.200000003,0.870713234,49.888193471,0.000000000,0.000140909,0.100000001,0.020000000
2026-07-04 18:16:59.322,1783160219.322342396,235.012534306,1,1,234.997696252,1,0.003885177,5,1,0.002452003,5,1,0,1,0,0,1,1,1,1,1,1,0.073659444,-1.120000000,1.590000000,0.000000000,1,233.905508442,12,1,12,1:-1.251:2.428|2:-0.428:2.425|3:0.392:2.424|4:1.223:2.419|5:1.228:1.589|6:0.405:1.588|7:-0.440:1.588|8:-1.261:1.589|9:-1.185:4.911|10:-0.390:4.902|11:0.375:4.903|12:1.182:4.901,0,-1.000000000,,0,0,0.000000000,0.000000000,0,-1.000000000,0,,0,-1.000000000,,0,-1.000000000,0,,1,-0.063950159,-3.664074190,-0.007326126,-0.017093658,1,3.133914232,179.560058864,-0.002442360,-2.714529037,1,-2.880847216,-165.060386879,0.002442360,2.673503876,1,-0.193980217,-11.114247742,-0.021978378,0.422466278,1,0.870329857,49.866227583,0.036628723,-0.003663063,-0.063950159,-3.664074190,0.000000000,-0.000000000,2.000000000,1.000000000,3.143832445,180.128330603,0.000000000,-2.770716190,8.500000000,2.500000000,-2.881228685,-165.082243484,0.000000000,2.694160938,3.000000000,0.800000012,-0.194361687,-11.136104347,0.000000000,0.431225687,1.200000048,0.200000003,0.870713234,49.888193471,0.000000000,0.000140909,0.100000001,0.020000000
2026-07-04 18:17:00.322,1783160220.322286129,236.012477886,1,1,235.997639832,1,0.003833341,5,1,0.002673337,5,1,0,1,0,0,1,1,1,1,1,1,0.107356726,-1.120000000,1.590000000,0.000000000,1,234.905452022,12,1,12,1:-1.251:2.428|2:-0.428:2.425|3:0.392:2.424|4:1.223:2.419|5:1.228:1.589|6:0.405:1.588|7:-0.440:1.588|8:-1.261:1.589|9:-1.185:4.911|10:-0.390:4.902|11:0.375:4.903|12:1.182:4.901,0,-1.000000000,,0,0,0.000000000,0.000000000,0,-1.000000000,0,,0,-1.000000000,,0,-1.000000000,0,,1,-0.063950159,-3.664074190,-0.007326126,-0.012209892,1,3.133914232,179.560058864,0.002442360,-2.714529037,1,-2.880847216,-165.060386879,0.002442360,2.673503876,1,-0.193598747,-11.092391137,-0.007326126,0.422466278,1,0.870329857,49.866227583,0.012210846,-0.003663063,-0.063950159,-3.664074190,0.000000000,-0.000000000,2.000000000,1.000000000,3.143832445,180.128330603,0.000000000,-2.770716190,8.500000000,2.500000000,-2.881228685,-165.082243484,0.000000000,2.694160938,3.000000000,0.800000012,-0.194361687,-11.136104347,0.000000000,0.431225687,1.200000048,0.200000003,0.870713234,49.888193471,0.000000000,0.000140909,0.100000001,0.020000000
2026-07-04 18:17:01.322,1783160221.322257519,237.012449355,1,1,236.997611301,1,0.003805527,5,1,0.002478152,5,1,0,1,0,0,1,1,1,1,1,1,0.159204663,-1.120000000,1.590000000,0.000000000,1,235.905423491,12,1,12,1:-1.251:2.428|2:-0.428:2.425|3:0.392:2.424|4:1.223:2.419|5:1.228:1.589|6:0.405:1.588|7:-0.440:1.588|8:-1.261:1.589|9:-1.185:4.911|10:-0.390:4.902|11:0.375:4.903|12:1.182:4.901,0,-1.000000000,,0,0,0.000000000,0.000000000,0,-1.000000000,0,,0,-1.000000000,,0,-1.000000000,0,,1,-0.063950159,-3.664074190,-0.007326126,-0.012209892,1,3.133914232,179.560058864,0.002442360,-2.728204727,1,-2.880847216,-165.060386879,-0.002442360,2.673503876,1,-0.193598747,-11.092391137,-0.007326126,0.422466278,1,0.870329857,49.866227583,-0.061050415,-0.003663063,-0.063950159,-3.664074190,0.000000000,-0.000000000,2.000000000,1.000000000,3.143832445,180.128330603,0.000000000,-2.770716190,8.500000000,2.500000000,-2.881228685,-165.082243484,0.000000000,2.694160938,3.000000000,0.800000012,-0.194361687,-11.136104347,0.000000000,0.431225687,1.200000048,0.200000003,0.870713234,49.888193471,0.000000000,0.000140909,0.100000001,0.020000000
2026-07-04 18:17:02.322,1783160222.322235823,238.012427726,1,1,237.997589672,1,0.003982550,5,1,0.002659849,5,1,0,1,0,0,1,1,1,1,1,1,0.037716509,-1.120000000,1.590000000,0.000000000,1,236.905401862,12,1,12,1:-1.251:2.428|2:-0.428:2.425|3:0.392:2.424|4:1.223:2.419|5:1.228:1.589|6:0.405:1.588|7:-0.440:1.588|8:-1.261:1.589|9:-1.185:4.911|10:-0.390:4.902|11:0.375:4.903|12:1.182:4.901,0,-1.000000000,,0,0,0.000000000,0.000000000,0,-1.000000000,0,,0,-1.000000000,,0,-1.000000000,0,,1,-0.063950159,-3.664074190,-0.007326126,-0.012209892,1,3.133914232,179.560058864,-0.002442360,-2.714529037,1,-2.880847216,-165.060386879,-0.002442360,2.673503876,1,-0.193598747,-11.092391137,-0.007326126,0.422466278,1,0.870329857,49.866227583,0.012210846,-0.003663063,-0.063950159,-3.664074190,0.000000000,-0.000000000,2.000000000,1.000000000,3.143832445,180.128330603,0.000000000,-2.770716190,8.500000000,2.500000000,-2.881228685,-165.082243484,0.000000000,2.694160938,3.000000000,0.800000012,-0.194361687,-11.136104347,0.000000000,0.431225687,1.200000048,0.200000003,0.870713234,49.888193471,0.000000000,0.000140909,0.100000001,0.020000000
2026-07-04 18:17:03.322,1783160223.322232485,239.012424419,1,1,238.997586365,1,0.003815340,5,1,0.002587351,5,1,0,1,0,0,1,1,1,1,1,1,0.137950740,-1.120000000,1.590000000,0.000000000,1,237.905398555,12,1,12,1:-1.251:2.428|2:-0.428:2.425|3:0.392:2.424|4:1.223:2.419|5:1.228:1.589|6:0.405:1.588|7:-0.440:1.588|8:-1.261:1.589|9:-1.185:4.911|10:-0.390:4.902|11:0.375:4.903|12:1.182:4.901,0,-1.000000000,,0,0,0.000000000,0.000000000,0,-1.000000000,0,,0,-1.000000000,,0,-1.000000000,0,,1,-0.063950159,-3.664074190,-0.021978378,-0.012209892,1,3.133914232,179.560058864,-0.002442360,-2.714529037,1,-2.880847216,-165.060386879,-0.002442360,2.687179565,1,-0.193598747,-11.092391137,-0.007326126,0.422466278,1,0.870329857,49.866227583,-0.012210846,-0.003663063,-0.063950159,-3.664074190,0.000000000,-0.000000000,2.000000000,1.000000000,3.143832445,180.128330603,0.000000000,-2.770716190,8.500000000,2.500000000,-2.881228685,-165.082243484,0.000000000,2.694160938,3.000000000,0.800000012,-0.194361687,-11.136104347,0.000000000,0.431225687,1.200000048,0.200000003,0.870713234,49.888193471,0.000000000,0.000140909,0.100000001,0.020000000
2026-07-04 18:17:04.322,1783160224.322206259,240.012398018,1,1,239.997559964,1,0.003674818,5,1,0.002549662,5,1,0,1,0,0,1,1,1,1,1,1,0.011231910,-1.120000000,1.590000000,0.000000000,1,238.905372154,12,1,12,1:-1.251:2.428|2:-0.428:2.425|3:0.392:2.424|4:1.223:2.419|5:1.228:1.589|6:0.405:1.588|7:-0.440:1.588|8:-1.261:1.589|9:-1.185:4.911|10:-0.390:4.902|11:0.375:4.903|12:1.182:4.901,0,-1.000000000,,0,0,0.000000000,0.000000000,0,-1.000000000,0,,0,-1.000000000,,0,-1.000000000,0,,1,-0.063950159,-3.664074190,-0.007326126,-0.012209892,1,3.133914232,179.560058864,-0.002442360,-2.714529037,1,-2.880847216,-165.060386879,-0.002442360,2.673503876,1,-0.193598747,-11.092391137,-0.007326126,0.422466278,1,0.870329857,49.866227583,0.012210846,-0.003663063,-0.063950159,-3.664074190,0.000000000,-0.000000000,2.000000000,1.000000000,3.143832445,180.128330603,0.000000000,-2.770716190,8.500000000,2.500000000,-2.881228685,-165.082243484,0.000000000,2.694160938,3.000000000,0.800000012,-0.194361687,-11.136104347,0.000000000,0.431225687,1.200000048,0.200000003,0.870713234,49.888193471,0.000000000,0.000140909,0.100000001,0.020000000
2026-07-04 18:17:05.322,1783160225.322185755,241.012377514,1,1,240.997539460,1,0.003908777,5,1,0.002654728,5,1,0,1,0,0,1,1,1,1,1,1,0.044085897,-1.120000000,1.590000000,0.000000000,1,239.905351650,12,1,12,1:-1.251:2.428|2:-0.428:2.425|3:0.392:2.424|4:1.223:2.419|5:1.228:1.589|6:0.405:1.588|7:-0.440:1.588|8:-1.261:1.589|9:-1.185:4.911|10:-0.390:4.902|11:0.375:4.903|12:1.182:4.901,0,-1.000000000,,0,0,0.000000000,0.000000000,0,-1.000000000,0,,0,-1.000000000,,0,-1.000000000,0,,1,-0.063950159,-3.664074190,-0.007326126,-0.012209892,1,3.133914232,179.560058864,-0.002442360,-2.714529037,1,-2.880847216,-165.060386879,-0.002442360,2.673503876,1,-0.193980217,-11.114247742,-0.021978378,0.422466278,1,0.870329857,49.866227583,0.012210846,-0.001221180,-0.063950159,-3.664074190,0.000000000,-0.000000000,2.000000000,1.000000000,3.143832445,180.128330603,0.000000000,-2.770716190,8.500000000,2.500000000,-2.881228685,-165.082243484,0.000000000,2.694160938,3.000000000,0.800000012,-0.194361687,-11.136104347,0.000000000,0.431225687,1.200000048,0.200000003,0.870713234,49.888193471,0.000000000,0.000140909,0.100000001,0.020000000
2026-07-04 18:17:06.322,1783160226.322196007,242.012387888,1,1,241.997549834,1,0.003792153,5,1,0.002661105,5,1,0,1,0,0,1,1,1,1,1,1,0.143745275,-1.120000000,1.590000000,0.000000000,1,240.905362024,12,1,12,1:-1.251:2.428|2:-0.428:2.425|3:0.392:2.424|4:1.223:2.419|5:1.228:1.589|6:0.405:1.588|7:-0.440:1.588|8:-1.261:1.589|9:-1.185:4.911|10:-0.390:4.902|11:0.375:4.903|12:1.182:4.901,0,-1.000000000,,0,0,0.000000000,0.000000000,0,-1.000000000,0,,0,-1.000000000,,0,-1.000000000,0,,1,-0.063950159,-3.664074190,-0.007326126,-0.012209892,1,3.133914232,179.560058864,-0.002442360,-2.714529037,1,-2.880847216,-165.060386879,-0.007326126,2.673503876,1,-0.193598747,-11.092391137,-0.007326126,0.422466278,1,0.870329857,49.866227583,-0.012210846,-0.003663063,-0.063950159,-3.664074190,0.000000000,-0.000000000,2.000000000,1.000000000,3.143832445,180.128330603,0.000000000,-2.770716190,8.500000000,2.500000000,-2.881228685,-165.082243484,0.000000000,2.694160938,3.000000000,0.800000012,-0.194361687,-11.136104347,0.000000000,0.431225687,1.200000048,0.200000003,0.870713234,49.888193471,0.000000000,0.000140909,0.100000001,0.020000000
2026-07-04 18:17:07.322,1783160227.322162867,243.012354837,1,1,242.997516783,1,0.003754133,5,1,0.002653962,5,1,0,1,0,0,1,1,1,1,1,1,0.149049998,-1.120000000,1.590000000,0.000000000,1,241.905328973,12,1,12,1:-1.251:2.428|2:-0.428:2.425|3:0.392:2.424|4:1.223:2.419|5:1.228:1.589|6:0.405:1.588|7:-0.440:1.588|8:-1.261:1.589|9:-1.185:4.911|10:-0.390:4.902|11:0.375:4.903|12:1.182:4.901,0,-1.000000000,,0,0,0.000000000,0.000000000,0,-1.000000000,0,,0,-1.000000000,,0,-1.000000000,0,,1,-0.063950159,-3.664074190,0.007326126,-0.012209892,1,3.133914232,179.560058864,-0.002442360,-2.714529037,1,-2.880847216,-165.060386879,-0.007326126,2.673503876,1,-0.193980217,-11.114247742,-0.021978378,0.422466278,1,0.870329857,49.866227583,-0.012210846,-0.003663063,-0.063950159,-3.664074190,0.000000000,-0.000000000,2.000000000,1.000000000,3.143832445,180.128330603,0.000000000,-2.770716190,8.500000000,2.500000000,-2.881228685,-165.082243484,0.000000000,2.694160938,3.000000000,0.800000012,-0.194361687,-11.136104347,0.000000000,0.431225687,1.200000048,0.200000003,0.870713234,49.888193471,0.000000000,0.000140909,0.100000001,0.020000000
2026-07-04 18:17:08.322,1783160228.322146416,244.012338042,1,1,243.997499988,1,0.003825951,5,1,0.002599772,5,1,0,1,0,0,1,1,1,1,1,1,0.019268717,-1.120000000,1.590000000,0.000000000,1,242.905312178,12,1,12,1:-1.251:2.428|2:-0.428:2.425|3:0.392:2.424|4:1.223:2.419|5:1.228:1.589|6:0.405:1.588|7:-0.440:1.588|8:-1.261:1.589|9:-1.185:4.911|10:-0.390:4.902|11:0.375:4.903|12:1.182:4.901,0,-1.000000000,,0,0,0.000000000,0.000000000,0,-1.000000000,0,,0,-1.000000000,,0,-1.000000000,0,,1,-0.063950159,-3.664074190,-0.007326126,-0.012209892,1,3.133914232,179.560058864,-0.007326126,-2.714529037,1,-2.880847216,-165.060386879,-0.002442360,2.673503876,1,-0.193598747,-11.092391137,-0.007326126,0.422466278,1,0.870713234,49.888193471,0.012210846,-0.003663063,-0.063950159,-3.664074190,0.000000000,-0.000000000,2.000000000,1.000000000,3.143832445,180.128330603,0.000000000,-2.770716190,8.500000000,2.500000000,-2.881228685,-165.082243484,0.000000000,2.694160938,3.000000000,0.800000012,-0.194361687,-11.136104347,0.000000000,0.431225687,1.200000048,0.200000003,0.870713234,49.888193471,0.000000000,0.000140909,0.100000001,0.020000000
2026-07-04 18:17:09.322,1783160229.322158098,245.012349996,1,1,244.997511942,1,0.003780207,5,1,0.002072339,5,1,0,1,0,0,1,1,1,1,1,1,0.058159093,-1.120000000,1.590000000,0.000000000,1,243.905324132,12,1,12,1:-1.251:2.428|2:-0.428:2.425|3:0.392:2.424|4:1.223:2.419|5:1.228:1.589|6:0.405:1.588|7:-0.440:1.588|8:-1.261:1.589|9:-1.185:4.911|10:-0.390:4.902|11:0.375:4.903|12:1.182:4.901,0,-1.000000000,,0,0,0.000000000,0.000000000,0,-1.000000000,0,,0,-1.000000000,,0,-1.000000000,0,,1,-0.063950159,-3.664074190,-0.021978378,-0.012209892,1,3.133914232,179.560058864,-0.002442360,-2.714529037,1,-2.880847216,-165.060386879,-0.002442360,2.673503876,1,-0.193980217,-11.114247742,-0.021978378,0.422466278,1,0.870329857,49.866227583,0.012210846,-0.001221180,-0.063950159,-3.664074190,0.000000000,-0.000000000,2.000000000,1.000000000,3.143832445,180.128330603,0.000000000,-2.770716190,8.500000000,2.500000000,-2.881228685,-165.082243484,0.000000000,2.694160938,3.000000000,0.800000012,-0.194361687,-11.136104347,0.000000000,0.431225687,1.200000048,0.200000003,0.870713234,49.888193471,0.000000000,0.000140909,0.100000001,0.020000000
2026-07-04 18:17:10.322,1783160230.322100639,246.012292519,1,1,245.997454465,1,0.003889574,5,1,0.002644077,5,1,0,1,0,0,1,1,1,1,1,1,0.035722497,-1.120000000,1.590000000,0.000000000,1,244.905266655,12,1,12,1:-1.251:2.428|2:-0.428:2.425|3:0.392:2.424|4:1.223:2.419|5:1.228:1.589|6:0.405:1.588|7:-0.440:1.588|8:-1.261:1.589|9:-1.185:4.911|10:-0.390:4.902|11:0.375:4.903|12:1.182:4.901,0,-1.000000000,,0,0,0.000000000,0.000000000,0,-1.000000000,0,,0,-1.000000000,,0,-1.000000000,0,,1,-0.063950159,-3.664074190,-0.007326126,-0.017093658,1,3.133914232,179.560058864,-0.002442360,-2.714529037,1,-2.880847216,-165.060386879,-0.002442360,2.673503876,1,-0.193598747,-11.092391137,-0.007326126,0.422466278,1,0.870329857,49.866227583,0.012210846,-0.003663063,-0.063950159,-3.664074190,0.000000000,-0.000000000,2.000000000,1.000000000,3.143832445,180.128330603,0.000000000,-2.770716190,8.500000000,2.500000000,-2.881228685,-165.082243484,0.000000000,2.694160938,3.000000000,0.800000012,-0.194361687,-11.136104347,0.000000000,0.431225687,1.200000048,0.200000003,0.870713234,49.888193471,0.000000000,0.000140909,0.100000001,0.020000000
2026-07-04 18:17:11.322,1783160231.322233677,247.012425411,1,1,246.997587357,1,0.003459842,5,1,0.002509273,5,1,0,1,0,0,1,1,1,1,1,1,0.041061764,-1.120000000,1.590000000,0.000000000,1,245.905399547,12,1,12,1:-1.251:2.428|2:-0.428:2.425|3:0.392:2.424|4:1.223:2.419|5:1.228:1.589|6:0.405:1.588|7:-0.440:1.588|8:-1.261:1.589|9:-1.185:4.911|10:-0.390:4.902|11:0.375:4.903|12:1.182:4.901,0,-1.000000000,,0,0,0.000000000,0.000000000,0,-1.000000000,0,,0,-1.000000000,,0,-1.000000000,0,,1,-0.063950159,-3.664074190,0.007326126,-0.007326126,1,3.133914232,179.560058864,-0.002442360,-2.728204727,1,-2.880847216,-165.060386879,-0.002442360,2.673503876,1,-0.193598747,-11.092391137,0.007326126,0.422466278,1,0.870329857,49.866227583,-0.012210846,-0.001221180,-0.063950159,-3.664074190,0.000000000,-0.000000000,2.000000000,1.000000000,3.143832445,180.128330603,0.000000000,-2.770716190,8.500000000,2.500000000,-2.881228685,-165.082243484,0.000000000,2.694160938,3.000000000,0.800000012,-0.194361687,-11.136104347,0.000000000,0.431225687,1.200000048,0.200000003,0.870713234,49.888193471,0.000000000,0.000140909,0.100000001,0.020000000
2026-07-04 18:17:12.322,1783160232.322054625,248.012246416,1,1,247.997408362,1,0.003779221,5,1,0.002588382,5,1,0,1,0,0,1,1,1,1,1,1,0.130207269,-1.120000000,1.590000000,0.000000000,1,246.905220552,12,1,12,1:-1.251:2.428|2:-0.428:2.425|3:0.392:2.424|4:1.223:2.419|5:1.228:1.589|6:0.405:1.588|7:-0.440:1.588|8:-1.261:1.589|9:-1.185:4.911|10:-0.390:4.902|11:0.375:4.903|12:1.182:4.901,0,-1.000000000,,0,0,0.000000000,0.000000000,0,-1.000000000,0,,0,-1.000000000,,0,-1.000000000,0,,1,-0.063950159,-3.664074190,-0.021978378,-0.012209892,1,3.133914232,179.560058864,-0.002442360,-2.714529037,1,-2.880847216,-165.060386879,-0.002442360,2.673503876,1,-0.193980217,-11.114247742,-0.007326126,0.422466278,1,0.870329857,49.866227583,0.012210846,-0.001221180,-0.063950159,-3.664074190,0.000000000,-0.000000000,2.000000000,1.000000000,3.143832445,180.128330603,0.000000000,-2.770716190,8.500000000,2.500000000,-2.881228685,-165.082243484,0.000000000,2.694160938,3.000000000,0.800000012,-0.194361687,-11.136104347,0.000000000,0.431225687,1.200000048,0.200000003,0.870713234,49.888193471,0.000000000,0.000140909,0.100000001,0.020000000
2026-07-04 18:17:13.322,1783160233.322044849,249.012236853,1,1,248.997398799,1,0.003846418,5,1,0.002606656,5,1,0,1,0,0,1,1,1,1,1,1,0.201659806,-1.120000000,1.590000000,0.000000000,1,247.905210989,12,1,12,1:-1.251:2.428|2:-0.428:2.425|3:0.392:2.424|4:1.223:2.419|5:1.228:1.589|6:0.405:1.588|7:-0.440:1.588|8:-1.261:1.589|9:-1.185:4.911|10:-0.390:4.902|11:0.375:4.903|12:1.182:4.901,0,-1.000000000,,0,0,0.000000000,0.000000000,0,-1.000000000,0,,0,-1.000000000,,0,-1.000000000,0,,1,-0.063950159,-3.664074190,-0.021978378,-0.012209892,1,3.133914232,179.560058864,-0.002442360,-2.714529037,1,-2.880847216,-165.060386879,-0.002442360,2.673503876,1,-0.193980217,-11.114247742,-0.007326126,0.422466278,1,0.870329857,49.866227583,0.036628723,-0.003663063,-0.063950159,-3.664074190,0.000000000,-0.000000000,2.000000000,1.000000000,3.143832445,180.128330603,0.000000000,-2.770716190,8.500000000,2.500000000,-2.881228685,-165.082243484,0.000000000,2.694160938,3.000000000,0.800000012,-0.194361687,-11.136104347,0.000000000,0.431225687,1.200000048,0.200000003,0.870713234,49.888193471,0.000000000,0.000140909,0.100000001,0.020000000
2026-07-04 18:17:14.322,1783160234.322042704,250.012234368,1,1,249.997396314,1,0.003769415,5,1,0.002592636,5,1,0,1,0,0,1,1,1,1,1,1,0.145938086,-1.120000000,1.590000000,0.000000000,1,248.905208504,12,1,12,1:-1.251:2.428|2:-0.428:2.425|3:0.392:2.424|4:1.223:2.419|5:1.228:1.589|6:0.405:1.588|7:-0.440:1.588|8:-1.261:1.589|9:-1.185:4.911|10:-0.390:4.902|11:0.375:4.903|12:1.182:4.901,0,-1.000000000,,0,0,0.000000000,0.000000000,0,-1.000000000,0,,0,-1.000000000,,0,-1.000000000,0,,1,-0.063950159,-3.664074190,-0.021978378,-0.012209892,1,3.133914232,179.560058864,-0.002442360,-2.714529037,1,-2.880847216,-165.060386879,-0.002442360,2.673503876,1,-0.193598747,-11.092391137,-0.007326126,0.422466278,1,0.870713234,49.888193471,-0.012210846,-0.003663063,-0.063950159,-3.664074190,0.000000000,-0.000000000,2.000000000,1.000000000,3.143832445,180.128330603,0.000000000,-2.770716190,8.500000000,2.500000000,-2.881228685,-165.082243484,0.000000000,2.694160938,3.000000000,0.800000012,-0.194361687,-11.136104347,0.000000000,0.431225687,1.200000048,0.200000003,0.870713234,49.888193471,0.000000000,0.000140909,0.100000001,0.020000000
2026-07-04 18:17:15.322,1783160235.322042942,251.012234772,1,1,250.997396718,1,0.003771897,5,1,0.002474627,5,1,0,1,0,0,1,1,1,1,1,1,0.053832541,-1.120000000,1.590000000,0.000000000,1,249.905208908,12,1,12,1:-1.251:2.428|2:-0.428:2.425|3:0.392:2.424|4:1.223:2.419|5:1.228:1.589|6:0.405:1.588|7:-0.440:1.588|8:-1.261:1.589|9:-1.185:4.911|10:-0.390:4.902|11:0.375:4.903|12:1.182:4.901,0,-1.000000000,,0,0,0.000000000,0.000000000,0,-1.000000000,0,,0,-1.000000000,,0,-1.000000000,0,,1,-0.063950159,-3.664074190,0.007326126,-0.012209892,1,3.133914232,179.560058864,-0.002442360,-2.728204727,1,-2.880847216,-165.060386879,-0.002442360,2.673503876,1,-0.193980217,-11.114247742,-0.007326126,0.422466278,1,0.870329857,49.866227583,0.036628723,-0.003663063,-0.063950159,-3.664074190,0.000000000,-0.000000000,2.000000000,1.000000000,3.143832445,180.128330603,0.000000000,-2.770716190,8.500000000,2.500000000,-2.881228685,-165.082243484,0.000000000,2.694160938,3.000000000,0.800000012,-0.194361687,-11.136104347,0.000000000,0.431225687,1.200000048,0.200000003,0.870713234,49.888193471,0.000000000,0.000140909,0.100000001,0.020000000
2026-07-04 18:17:16.322,1783160236.321978807,252.012170777,1,1,251.997332723,1,0.003838725,5,1,0.002581519,5,1,0,1,0,0,1,1,1,1,1,1,0.089382670,-1.120000000,1.590000000,0.000000000,1,250.905144913,12,1,12,1:-1.251:2.428|2:-0.428:2.425|3:0.392:2.424|4:1.223:2.419|5:1.228:1.589|6:0.405:1.588|7:-0.440:1.588|8:-1.261:1.589|9:-1.185:4.911|10:-0.390:4.902|11:0.375:4.903|12:1.182:4.901,0,-1.000000000,,0,0,0.000000000,0.000000000,0,-1.000000000,0,,0,-1.000000000,,0,-1.000000000,0,,1,-0.063950159,-3.664074190,-0.007326126,-0.012209892,1,3.133914232,179.560058864,-0.002442360,-2.714529037,1,-2.880847216,-165.060386879,-0.007326126,2.687179565,1,-0.193598747,-11.092391137,0.007326126,0.422466278,1,0.870329857,49.866227583,-0.012210846,-0.001221180,-0.063950159,-3.664074190,0.000000000,-0.000000000,2.000000000,1.000000000,3.143832445,180.128330603,0.000000000,-2.770716190,8.500000000,2.500000000,-2.881228685,-165.082243484,0.000000000,2.694160938,3.000000000,0.800000012,-0.194361687,-11.136104347,0.000000000,0.431225687,1.200000048,0.200000003,0.870713234,49.888193471,0.000000000,0.000140909,0.100000001,0.020000000
2026-07-04 18:17:17.322,1783160237.321977139,253.012169006,1,1,252.997330952,1,0.003755846,5,1,0.002511185,5,1,0,1,0,0,1,1,1,1,1,1,0.006001228,-1.120000000,1.590000000,0.000000000,1,251.905143142,12,1,12,1:-1.251:2.428|2:-0.428:2.425|3:0.392:2.424|4:1.223:2.419|5:1.228:1.589|6:0.405:1.588|7:-0.440:1.588|8:-1.261:1.589|9:-1.185:4.911|10:-0.390:4.902|11:0.375:4.903|12:1.182:4.901,0,-1.000000000,,0,0,0.000000000,0.000000000,0,-1.000000000,0,,0,-1.000000000,,0,-1.000000000,0,,1,-0.063950159,-3.664074190,-0.007326126,-0.012209892,1,3.133914232,179.560058864,-0.002442360,-2.714529037,1,-2.880847216,-165.060386879,-0.002442360,2.673503876,1,-0.193598747,-11.092391137,-0.007326126,0.422466278,1,0.870329857,49.866227583,-0.036628723,-0.003663063,-0.063950159,-3.664074190,0.000000000,-0.000000000,2.000000000,1.000000000,3.143832445,180.128330603,0.000000000,-2.770716190,8.500000000,2.500000000,-2.881228685,-165.082243484,0.000000000,2.694160938,3.000000000,0.800000012,-0.194361687,-11.136104347,0.000000000,0.431225687,1.200000048,0.200000003,0.870713234,49.888193471,0.000000000,0.000140909,0.100000001,0.020000000
2026-07-04 18:17:18.322,1783160238.321954012,254.012145801,1,1,253.997307747,1,0.003817123,5,1,0.002582917,5,1,0,1,0,0,1,1,1,1,1,1,0.222287763,-1.120000000,1.590000000,0.000000000,1,252.905119937,12,1,12,1:-1.251:2.428|2:-0.428:2.425|3:0.392:2.424|4:1.223:2.419|5:1.228:1.589|6:0.405:1.588|7:-0.440:1.588|8:-1.261:1.589|9:-1.185:4.911|10:-0.390:4.902|11:0.375:4.903|12:1.182:4.901,0,-1.000000000,,0,0,0.000000000,0.000000000,0,-1.000000000,0,,0,-1.000000000,,0,-1.000000000,0,,1,-0.063950159,-3.664074190,0.007326126,-0.012209892,1,3.133914232,179.560058864,-0.002442360,-2.728204727,1,-2.880847216,-165.060386879,0.002442360,2.687179565,1,-0.193598747,-11.092391137,0.007326126,0.422466278,1,0.870329857,49.866227583,-0.012210846,-0.003663063,-0.063950159,-3.664074190,0.000000000,-0.000000000,2.000000000,1.000000000,3.143832445,180.128330603,0.000000000,-2.770716190,8.500000000,2.500000000,-2.881228685,-165.082243484,0.000000000,2.694160938,3.000000000,0.800000012,-0.194361687,-11.136104347,0.000000000,0.431225687,1.200000048,0.200000003,0.870713234,49.888193471,0.000000000,0.000140909,0.100000001,0.020000000
2026-07-04 18:17:19.322,1783160239.321929216,255.012120995,1,1,254.997282941,1,0.003856473,5,1,0.002689293,5,1,0,1,0,0,1,1,1,1,1,1,0.062811147,-1.120000000,1.590000000,0.000000000,1,253.905095131,12,1,12,1:-1.251:2.428|2:-0.428:2.425|3:0.392:2.424|4:1.223:2.419|5:1.228:1.589|6:0.405:1.588|7:-0.440:1.588|8:-1.261:1.589|9:-1.185:4.911|10:-0.390:4.902|11:0.375:4.903|12:1.182:4.901,0,-1.000000000,,0,0,0.000000000,0.000000000,0,-1.000000000,0,,0,-1.000000000,,0,-1.000000000,0,,1,-0.063950159,-3.664074190,-0.007326126,-0.012209892,1,3.133914232,179.560058864,-0.002442360,-2.728204727,1,-2.880847216,-165.060386879,-0.002442360,2.673503876,1,-0.193598747,-11.092391137,0.007326126,0.422466278,1,0.870329857,49.866227583,0.012210846,-0.003663063,-0.063950159,-3.664074190,0.000000000,-0.000000000,2.000000000,1.000000000,3.143832445,180.128330603,0.000000000,-2.770716190,8.500000000,2.500000000,-2.881228685,-165.082243484,0.000000000,2.694160938,3.000000000,0.800000012,-0.194361687,-11.136104347,0.000000000,0.431225687,1.200000048,0.200000003,0.870713234,49.888193471,0.000000000,0.000140909,0.100000001,0.020000000
2026-07-04 18:17:20.321,1783160240.321913958,256.012105685,1,1,255.997267631,1,0.003923296,5,1,0.002672539,5,1,0,1,0,0,1,1,1,1,1,1,0.067087550,-1.120000000,1.590000000,0.000000000,1,254.905079821,12,1,12,1:-1.251:2.428|2:-0.428:2.425|3:0.392:2.424|4:1.223:2.419|5:1.228:1.589|6:0.405:1.588|7:-0.440:1.588|8:-1.261:1.589|9:-1.185:4.911|10:-0.390:4.902|11:0.375:4.903|12:1.182:4.901,0,-1.000000000,,0,0,0.000000000,0.000000000,0,-1.000000000,0,,0,-1.000000000,,0,-1.000000000,0,,1,-0.063950159,-3.664074190,-0.007326126,-0.012209892,1,3.133914232,179.560058864,-0.002442360,-2.714529037,1,-2.880847216,-165.060386879,0.007326126,2.673503876,1,-0.193598747,-11.092391137,-0.007326126,0.422466278,1,0.870713234,49.888193471,0.012210846,-0.003663063,-0.063950159,-3.664074190,0.000000000,-0.000000000,2.000000000,1.000000000,3.143832445,180.128330603,0.000000000,-2.770716190,8.500000000,2.500000000,-2.881228685,-165.082243484,0.000000000,2.694160938,3.000000000,0.800000012,-0.194361687,-11.136104347,0.000000000,0.431225687,1.200000048,0.200000003,0.870713234,49.888193471,0.000000000,0.000140909,0.100000001,0.020000000
2026-07-04 18:17:21.321,1783160241.321897268,257.012088979,1,1,256.997250925,1,0.004041880,5,1,0.002645462,5,1,0,1,0,0,1,1,1,1,1,1,0.011966645,-1.120000000,1.590000000,0.000000000,1,255.905063115,12,1,12,1:-1.251:2.428|2:-0.428:2.425|3:0.392:2.424|4:1.223:2.419|5:1.228:1.589|6:0.405:1.588|7:-0.440:1.588|8:-1.261:1.589|9:-1.185:4.911|10:-0.390:4.902|11:0.375:4.903|12:1.182:4.901,0,-1.000000000,,0,0,0.000000000,0.000000000,0,-1.000000000,0,,0,-1.000000000,,0,-1.000000000,0,,1,-0.063950159,-3.664074190,-0.007326126,-0.012209892,1,3.133914232,179.560058864,-0.002442360,-2.714529037,1,-2.880847216,-165.060386879,-0.002442360,2.687179565,1,-0.193980217,-11.114247742,-0.007326126,0.422466278,1,0.870329857,49.866227583,-0.012210846,-0.003663063,-0.063950159,-3.664074190,0.000000000,-0.000000000,2.000000000,1.000000000,3.143832445,180.128330603,0.000000000,-2.770716190,8.500000000,2.500000000,-2.881228685,-165.082243484,0.000000000,2.694160938,3.000000000,0.800000012,-0.194361687,-11.136104347,0.000000000,0.431225687,1.200000048,0.200000003,0.870713234,49.888193471,0.000000000,0.000140909,0.100000001,0.020000000
2026-07-04 18:17:22.321,1783160242.321876049,258.012067740,1,1,257.997229686,1,0.003826429,5,1,0.002560467,5,1,0,1,0,0,1,1,1,1,1,1,0.116648007,-1.120000000,1.590000000,0.000000000,1,256.905041876,12,1,12,1:-1.251:2.428|2:-0.428:2.425|3:0.392:2.424|4:1.223:2.419|5:1.228:1.589|6:0.405:1.588|7:-0.440:1.588|8:-1.261:1.589|9:-1.185:4.911|10:-0.390:4.902|11:0.375:4.903|12:1.182:4.901,0,-1.000000000,,0,0,0.000000000,0.000000000,0,-1.000000000,0,,0,-1.000000000,,0,-1.000000000,0,,1,-0.063950159,-3.664074190,0.007326126,-0.012209892,1,3.133914232,179.560058864,-0.002442360,-2.714529037,1,-2.880847216,-165.060386879,-0.002442360,2.687179565,1,-0.193980217,-11.114247742,-0.007326126,0.422466278,1,0.870329857,49.866227583,-0.012210846,-0.001221180,-0.063950159,-3.664074190,0.000000000,-0.000000000,2.000000000,1.000000000,3.143832445,180.128330603,0.000000000,-2.770716190,8.500000000,2.500000000,-2.881228685,-165.082243484,0.000000000,2.694160938,3.000000000,0.800000012,-0.194361687,-11.136104347,0.000000000,0.431225687,1.200000048,0.200000003,0.870713234,49.888193471,0.000000000,0.000140909,0.100000001,0.020000000
2026-07-04 18:17:23.321,1783160243.321873426,259.012065295,1,1,258.997227241,1,0.003695634,5,1,0.002628361,5,1,0,1,0,0,1,1,1,1,1,1,0.102889051,-1.120000000,1.590000000,0.000000000,1,257.905039431,12,1,12,1:-1.251:2.428|2:-0.428:2.425|3:0.392:2.424|4:1.223:2.419|5:1.228:1.589|6:0.405:1.588|7:-0.440:1.588|8:-1.261:1.589|9:-1.185:4.911|10:-0.390:4.902|11:0.375:4.903|12:1.182:4.901,0,-1.000000000,,0,0,0.000000000,0.000000000,0,-1.000000000,0,,0,-1.000000000,,0,-1.000000000,0,,1,-0.063950159,-3.664074190,-0.021978378,-0.012209892,1,3.133914232,179.560058864,-0.007326126,-2.714529037,1,-2.880847216,-165.060386879,0.002442360,2.673503876,1,-0.193980217,-11.114247742,-0.021978378,0.422466278,1,0.870329857,49.866227583,-0.012210846,-0.003663063,-0.063950159,-3.664074190,0.000000000,-0.000000000,2.000000000,1.000000000,3.143832445,180.128330603,0.000000000,-2.770716190,8.500000000,2.500000000,-2.881228685,-165.082243484,0.000000000,2.694160938,3.000000000,0.800000012,-0.194361687,-11.136104347,0.000000000,0.431225687,1.200000048,0.200000003,0.870713234,49.888193471,0.000000000,0.000140909,0.100000001,0.020000000
2026-07-04 18:17:24.321,1783160244.321869612,260.012061290,1,1,259.997223236,1,0.003722939,5,1,0.002554094,5,1,0,1,0,0,1,1,1,1,1,1,0.081419106,-1.120000000,1.590000000,0.000000000,1,258.905035426,12,1,12,1:-1.251:2.428|2:-0.428:2.425|3:0.392:2.424|4:1.223:2.419|5:1.228:1.589|6:0.405:1.588|7:-0.440:1.588|8:-1.261:1.589|9:-1.185:4.911|10:-0.390:4.902|11:0.375:4.903|12:1.182:4.901,0,-1.000000000,,0,0,0.000000000,0.000000000,0,-1.000000000,0,,0,-1.000000000,,0,-1.000000000,0,,1,-0.063950159,-3.664074190,-0.007326126,-0.012209892,1,3.133914232,179.560058864,-0.002442360,-2.714529037,1,-2.880847216,-165.060386879,-0.002442360,2.673503876,1,-0.193980217,-11.114247742,-0.021978378,0.422466278,1,0.870329857,49.866227583,0.012210846,-0.003663063,-0.063950159,-3.664074190,0.000000000,-0.000000000,2.000000000,1.000000000,3.143832445,180.128330603,0.000000000,-2.770716190,8.500000000,2.500000000,-2.881228685,-165.082243484,0.000000000,2.694160938,3.000000000,0.800000012,-0.194361687,-11.136104347,0.000000000,0.431225687,1.200000048,0.200000003,0.870713234,49.888193471,0.000000000,0.000140909,0.100000001,0.020000000
2026-07-04 18:17:25.321,1783160245.321870804,261.012062663,1,1,260.997224609,1,0.003661295,5,1,0.002460542,5,1,0,1,0,0,1,1,1,1,1,1,0.007027525,-1.120000000,1.590000000,0.000000000,1,259.905036799,12,1,12,1:-1.251:2.428|2:-0.428:2.425|3:0.392:2.424|4:1.223:2.419|5:1.228:1.589|6:0.405:1.588|7:-0.440:1.588|8:-1.261:1.589|9:-1.185:4.911|10:-0.390:4.902|11:0.375:4.903|12:1.182:4.901,0,-1.000000000,,0,0,0.000000000,0.000000000,0,-1.000000000,0,,0,-1.000000000,,0,-1.000000000,0,,1,-0.063950159,-3.664074190,-0.007326126,-0.012209892,1,3.133914232,179.560058864,-0.002442360,-2.714529037,1,-2.880847216,-165.060386879,-0.007326126,2.673503876,1,-0.193598747,-11.092391137,-0.007326126,0.422466278,1,0.870329857,49.866227583,-0.036628723,-0.001221180,-0.063950159,-3.664074190,0.000000000,-0.000000000,2.000000000,1.000000000,3.143832445,180.128330603,0.000000000,-2.770716190,8.500000000,2.500000000,-2.881228685,-165.082243484,0.000000000,2.694160938,3.000000000,0.800000012,-0.194361687,-11.136104347,0.000000000,0.431225687,1.200000048,0.200000003,0.870713234,49.888193471,0.000000000,0.000140909,0.100000001,0.020000000
2026-07-04 18:17:26.321,1783160246.321784019,262.011975922,1,1,261.997137868,1,0.003717362,5,1,0.002566617,5,1,0,1,0,0,1,1,1,1,1,1,0.044494450,-1.120000000,1.590000000,0.000000000,1,260.904950058,12,1,12,1:-1.251:2.428|2:-0.428:2.425|3:0.392:2.424|4:1.223:2.419|5:1.228:1.589|6:0.405:1.588|7:-0.440:1.588|8:-1.261:1.589|9:-1.185:4.911|10:-0.390:4.902|11:0.375:4.903|12:1.182:4.901,0,-1.000000000,,0,0,0.000000000,0.000000000,0,-1.000000000,0,,0,-1.000000000,,0,-1.000000000,0,,1,-0.063950159,-3.664074190,0.007326126,-0.012209892,1,3.133914232,179.560058864,-0.002442360,-2.700855255,1,-2.880847216,-165.060386879,-0.002442360,2.687179565,1,-0.193598747,-11.092391137,0.007326126,0.422466278,1,0.870329857,49.866227583,-0.012210846,-0.001221180,-0.063950159,-3.664074190,0.000000000,-0.000000000,2.000000000,1.000000000,3.143832445,180.128330603,0.000000000,-2.770716190,8.500000000,2.500000000,-2.881228685,-165.082243484,0.000000000,2.694160938,3.000000000,0.800000012,-0.194361687,-11.136104347,0.000000000,0.431225687,1.200000048,0.200000003,0.870713234,49.888193471,0.000000000,0.000140909,0.100000001,0.020000000
2026-07-04 18:17:27.321,1783160247.321791887,263.011983714,1,1,262.997145660,1,0.003679879,5,1,0.002637765,5,1,0,1,0,0,1,1,1,1,1,1,0.277170214,-1.120000000,1.590000000,0.000000000,1,261.904957850,12,1,12,1:-1.251:2.428|2:-0.428:2.425|3:0.392:2.424|4:1.223:2.419|5:1.228:1.589|6:0.405:1.588|7:-0.440:1.588|8:-1.261:1.589|9:-1.185:4.911|10:-0.390:4.902|11:0.375:4.903|12:1.182:4.901,0,-1.000000000,,0,0,0.000000000,0.000000000,0,-1.000000000,0,,0,-1.000000000,,0,-1.000000000,0,,1,-0.063950159,-3.664074190,-0.007326126,-0.012209892,1,3.133914232,179.560058864,-0.002442360,-2.714529037,1,-2.880847216,-165.060386879,-0.002442360,2.673503876,1,-0.193598747,-11.092391137,0.007326126,0.422466278,1,0.870329857,49.866227583,0.012210846,-0.003663063,-0.063950159,-3.664074190,0.000000000,-0.000000000,2.000000000,1.000000000,3.143832445,180.128330603,0.000000000,-2.770716190,8.500000000,2.500000000,-2.881228685,-165.082243484,0.000000000,2.694160938,3.000000000,0.800000012,-0.194361687,-11.136104347,0.000000000,0.431225687,1.200000048,0.200000003,0.870713234,49.888193471,0.000000000,0.000140909,0.100000001,0.020000000
2026-07-04 18:17:28.321,1783160248.321768522,264.011960160,1,1,263.997122106,1,0.003799478,5,1,0.002580299,5,1,0,1,0,0,1,1,1,1,1,1,0.085282133,-1.120000000,1.590000000,0.000000000,1,262.904934296,12,1,12,1:-1.251:2.428|2:-0.428:2.425|3:0.392:2.424|4:1.223:2.419|5:1.228:1.589|6:0.405:1.588|7:-0.440:1.588|8:-1.261:1.589|9:-1.185:4.911|10:-0.390:4.902|11:0.375:4.903|12:1.182:4.901,0,-1.000000000,,0,0,0.000000000,0.000000000,0,-1.000000000,0,,0,-1.000000000,,0,-1.000000000,0,,1,-0.063950159,-3.664074190,-0.007326126,-0.012209892,1,3.133914232,179.560058864,0.002442360,-2.714529037,1,-2.880847216,-165.060386879,-0.007326126,2.659828186,1,-0.193598747,-11.092391137,-0.007326126,0.422466278,1,0.870713234,49.888193471,-0.036628723,-0.003663063,-0.063950159,-3.664074190,0.000000000,-0.000000000,2.000000000,1.000000000,3.143832445,180.128330603,0.000000000,-2.770716190,8.500000000,2.500000000,-2.881228685,-165.082243484,0.000000000,2.694160938,3.000000000,0.800000012,-0.194361687,-11.136104347,0.000000000,0.431225687,1.200000048,0.200000003,0.870713234,49.888193471,0.000000000,0.000140909,0.100000001,0.020000000
2026-07-04 18:17:29.321,1783160249.321735382,265.011927277,1,1,264.997089223,1,0.003876200,5,1,0.002619999,5,1,0,1,0,0,1,1,1,1,1,1,0.004538572,-1.120000000,1.590000000,0.000000000,1,263.904901413,12,1,12,1:-1.251:2.428|2:-0.428:2.425|3:0.392:2.424|4:1.223:2.419|5:1.228:1.589|6:0.405:1.588|7:-0.440:1.588|8:-1.261:1.589|9:-1.185:4.911|10:-0.390:4.902|11:0.375:4.903|12:1.182:4.901,0,-1.000000000,,0,0,0.000000000,0.000000000,0,-1.000000000,0,,0,-1.000000000,,0,-1.000000000,0,,1,-0.063950159,-3.664074190,-0.007326126,-0.012209892,1,3.133914232,179.560058864,-0.007326126,-2.714529037,1,-2.880847216,-165.060386879,-0.002442360,2.687179565,1,-0.193598747,-11.092391137,-0.007326126,0.422466278,1,0.870713234,49.888193471,-0.012210846,-0.003663063,-0.063950159,-3.664074190,0.000000000,-0.000000000,2.000000000,1.000000000,3.143832445,180.128330603,0.000000000,-2.770716190,8.500000000,2.500000000,-2.881228685,-165.082243484,0.000000000,2.694160938,3.000000000,0.800000012,-0.194361687,-11.136104347,0.000000000,0.431225687,1.200000048,0.200000003,0.870713234,49.888193471,0.000000000,0.000140909,0.100000001,0.020000000
2026-07-04 18:17:30.321,1783160250.321735620,266.011927586,1,1,265.997089532,1,0.003986447,5,1,0.002641281,5,1,0,1,0,0,1,1,1,1,1,1,0.174302388,-1.120000000,1.590000000,0.000000000,1,264.904901722,12,1,12,1:-1.251:2.428|2:-0.428:2.425|3:0.392:2.424|4:1.223:2.419|5:1.228:1.589|6:0.405:1.588|7:-0.440:1.588|8:-1.261:1.589|9:-1.185:4.911|10:-0.390:4.902|11:0.375:4.903|12:1.182:4.901,0,-1.000000000,,0,0,0.000000000,0.000000000,0,-1.000000000,0,,0,-1.000000000,,0,-1.000000000,0,,1,-0.063950159,-3.664074190,-0.007326126,-0.012209892,1,3.133914232,179.560058864,-0.007326126,-2.728204727,1,-2.880847216,-165.060386879,-0.002442360,2.673503876,1,-0.193598747,-11.092391137,-0.021978378,0.422466278,1,0.870329857,49.866227583,-0.012210846,-0.003663063,-0.063950159,-3.664074190,0.000000000,-0.000000000,2.000000000,1.000000000,3.143832445,180.128330603,0.000000000,-2.770716190,8.500000000,2.500000000,-2.881228685,-165.082243484,0.000000000,2.694160938,3.000000000,0.800000012,-0.194361687,-11.136104347,0.000000000,0.431225687,1.200000048,0.200000003,0.870713234,49.888193471,0.000000000,0.000140909,0.100000001,0.020000000
2026-07-04 18:17:31.321,1783160251.321718454,267.011910420,1,1,266.997072366,1,0.003855484,5,1,0.002572442,5,1,0,1,0,0,1,1,1,1,1,1,0.056651129,-1.120000000,1.590000000,0.000000000,1,265.904884556,12,1,12,1:-1.251:2.428|2:-0.428:2.425|3:0.392:2.424|4:1.223:2.419|5:1.228:1.589|6:0.405:1.588|7:-0.440:1.588|8:-1.261:1.589|9:-1.185:4.911|10:-0.390:4.902|11:0.375:4.903|12:1.182:4.901,0,-1.000000000,,0,0,0.000000000,0.000000000,0,-1.000000000,0,,0,-1.000000000,,0,-1.000000000,0,,1,-0.063950159,-3.664074190,-0.007326126,-0.012209892,1,3.133914232,179.560058864,-0.002442360,-2.714529037,1,-2.880847216,-165.060386879,-0.002442360,2.687179565,1,-0.193598747,-11.092391137,-0.007326126,0.422466278,1,0.870329857,49.866227583,0.012210846,-0.001221180,-0.063950159,-3.664074190,0.000000000,-0.000000000,2.000000000,1.000000000,3.143832445,180.128330603,0.000000000,-2.770716190,8.500000000,2.500000000,-2.881228685,-165.082243484,0.000000000,2.694160938,3.000000000,0.800000012,-0.194361687,-11.136104347,0.000000000,0.431225687,1.200000048,0.200000003,0.870713234,49.888193471,0.000000000,0.000140909,0.100000001,0.020000000
2026-07-04 18:17:32.321,1783160252.321707010,268.011898776,1,1,267.997060722,1,0.003859361,5,1,0.002579776,5,1,0,1,0,0,1,1,1,1,1,1,0.084802940,-1.120000000,1.590000000,0.000000000,1,266.904872912,12,1,12,1:-1.251:2.428|2:-0.428:2.425|3:0.392:2.424|4:1.223:2.419|5:1.228:1.589|6:0.405:1.588|7:-0.440:1.588|8:-1.261:1.589|9:-1.185:4.911|10:-0.390:4.902|11:0.375:4.903|12:1.182:4.901,0,-1.000000000,,0,0,0.000000000,0.000000000,0,-1.000000000,0,,0,-1.000000000,,0,-1.000000000,0,,1,-0.063950159,-3.664074190,-0.007326126,-0.012209892,1,3.133914232,179.560058864,-0.002442360,-2.700855255,1,-2.880847216,-165.060386879,-0.002442360,2.687179565,1,-0.193980217,-11.114247742,-0.007326126,0.422466278,1,0.870329857,49.866227583,0.012210846,-0.003663063,-0.063950159,-3.664074190,0.000000000,-0.000000000,2.000000000,1.000000000,3.143832445,180.128330603,0.000000000,-2.770716190,8.500000000,2.500000000,-2.881228685,-165.082243484,0.000000000,2.694160938,3.000000000,0.800000012,-0.194361687,-11.136104347,0.000000000,0.431225687,1.200000048,0.200000003,0.870713234,49.888193471,0.000000000,0.000140909,0.100000001,0.020000000
2026-07-04 18:17:33.321,1783160253.321663380,269.011855218,1,1,268.997017164,1,0.003794308,5,1,0.002643325,5,1,0,1,0,0,1,1,1,1,1,1,0.028500971,-1.120000000,1.590000000,0.000000000,1,267.904829354,12,1,12,1:-1.251:2.428|2:-0.428:2.425|3:0.392:2.424|4:1.223:2.419|5:1.228:1.589|6:0.405:1.588|7:-0.440:1.588|8:-1.261:1.589|9:-1.185:4.911|10:-0.390:4.902|11:0.375:4.903|12:1.182:4.901,0,-1.000000000,,0,0,0.000000000,0.000000000,0,-1.000000000,0,,0,-1.000000000,,0,-1.000000000,0,,1,-0.063950159,-3.664074190,-0.021978378,-0.012209892,1,3.133914232,179.560058864,-0.002442360,-2.714529037,1,-2.880847216,-165.060386879,-0.002442360,2.673503876,1,-0.193598747,-11.092391137,-0.007326126,0.422466278,1,0.870329857,49.866227583,-0.036628723,-0.003663063,-0.063950159,-3.664074190,0.000000000,-0.000000000,2.000000000,1.000000000,3.143832445,180.128330603,0.000000000,-2.770716190,8.500000000,2.500000000,-2.881228685,-165.082243484,0.000000000,2.694160938,3.000000000,0.800000012,-0.194361687,-11.136104347,0.000000000,0.431225687,1.200000048,0.200000003,0.870713234,49.888193471,0.000000000,0.000140909,0.100000001,0.020000000
2026-07-04 18:17:34.321,1783160254.321674585,270.011866420,1,1,269.997028366,1,0.003826668,5,1,0.002595255,5,1,0,1,0,0,1,1,1,1,1,1,0.213730851,-1.120000000,1.590000000,0.000000000,1,268.904840556,12,1,12,1:-1.251:2.428|2:-0.428:2.425|3:0.392:2.424|4:1.223:2.419|5:1.228:1.589|6:0.405:1.588|7:-0.440:1.588|8:-1.261:1.589|9:-1.185:4.911|10:-0.390:4.902|11:0.375:4.903|12:1.182:4.901,0,-1.000000000,,0,0,0.000000000,0.000000000,0,-1.000000000,0,,0,-1.000000000,,0,-1.000000000,0,,1,-0.063950159,-3.664074190,-0.007326126,-0.012209892,1,3.133914232,179.560058864,-0.002442360,-2.714529037,1,-2.880847216,-165.060386879,0.002442360,2.673503876,1,-0.193598747,-11.092391137,-0.007326126,0.422466278,1,0.870329857,49.866227583,-0.036628723,-0.003663063,-0.063950159,-3.664074190,0.000000000,-0.000000000,2.000000000,1.000000000,3.143832445,180.128330603,0.000000000,-2.770716190,8.500000000,2.500000000,-2.881228685,-165.082243484,0.000000000,2.694160938,3.000000000,0.800000012,-0.194361687,-11.136104347,0.000000000,0.431225687,1.200000048,0.200000003,0.870713234,49.888193471,0.000000000,0.000140909,0.100000001,0.020000000
2026-07-04 18:17:35.321,1783160255.321738482,271.011930375,1,1,270.997092321,1,0.003784347,5,1,0.002752203,5,1,0,1,0,0,1,1,1,1,1,1,0.182668188,-1.120000000,1.590000000,0.000000000,1,269.904904511,12,1,12,1:-1.251:2.428|2:-0.428:2.425|3:0.392:2.424|4:1.223:2.419|5:1.228:1.589|6:0.405:1.588|7:-0.440:1.588|8:-1.261:1.589|9:-1.185:4.911|10:-0.390:4.902|11:0.375:4.903|12:1.182:4.901,0,-1.000000000,,0,0,0.000000000,0.000000000,0,-1.000000000,0,,0,-1.000000000,,0,-1.000000000,0,,1,-0.063950159,-3.664074190,-0.007326126,-0.012209892,1,3.133914232,179.560058864,-0.002442360,-2.700855255,1,-2.880847216,-165.060386879,-0.002442360,2.673503876,1,-0.193980217,-11.114247742,0.007326126,0.422466278,1,0.870329857,49.866227583,0.012210846,-0.003663063,-0.063950159,-3.664074190,0.000000000,-0.000000000,2.000000000,1.000000000,3.143832445,180.128330603,0.000000000,-2.770716190,8.500000000,2.500000000,-2.881228685,-165.082243484,0.000000000,2.694160938,3.000000000,0.800000012,-0.194361687,-11.136104347,0.000000000,0.431225687,1.200000048,0.200000003,0.870713234,49.888193471,0.000000000,0.000140909,0.100000001,0.020000000
2026-07-04 18:17:36.321,1783160256.321644068,272.011835919,1,1,271.996997865,1,0.003812875,5,1,0.002591231,5,1,0,1,0,0,1,1,1,1,1,1,0.045776935,-1.120000000,1.590000000,0.000000000,1,270.904810055,12,1,12,1:-1.251:2.428|2:-0.428:2.425|3:0.392:2.424|4:1.223:2.419|5:1.228:1.589|6:0.405:1.588|7:-0.440:1.588|8:-1.261:1.589|9:-1.185:4.911|10:-0.390:4.902|11:0.375:4.903|12:1.182:4.901,0,-1.000000000,,0,0,0.000000000,0.000000000,0,-1.000000000,0,,0,-1.000000000,,0,-1.000000000,0,,1,-0.063950159,-3.664074190,-0.021978378,-0.012209892,1,3.133914232,179.560058864,-0.002442360,-2.714529037,1,-2.880847216,-165.060386879,-0.007326126,2.673503876,1,-0.193980217,-11.114247742,-0.007326126,0.422466278,1,0.870329857,49.866227583,-0.012210846,-0.003663063,-0.063950159,-3.664074190,0.000000000,-0.000000000,2.000000000,1.000000000,3.143832445,180.128330603,0.000000000,-2.770716190,8.500000000,2.500000000,-2.881228685,-165.082243484,0.000000000,2.694160938,3.000000000,0.800000012,-0.194361687,-11.136104347,0.000000000,0.431225687,1.200000048,0.200000003,0.870713234,49.888193471,0.000000000,0.000140909,0.100000001,0.020000000
2026-07-04 18:17:37.321,1783160257.321630716,273.011822550,1,1,272.996984496,1,0.003887072,5,1,0.002478539,5,1,0,1,0,0,1,1,1,1,1,1,0.063411880,-1.120000000,1.590000000,0.000000000,1,271.904796686,12,1,12,1:-1.251:2.428|2:-0.428:2.425|3:0.392:2.424|4:1.223:2.419|5:1.228:1.589|6:0.405:1.588|7:-0.440:1.588|8:-1.261:1.589|9:-1.185:4.911|10:-0.390:4.902|11:0.375:4.903|12:1.182:4.901,0,-1.000000000,,0,0,0.000000000,0.000000000,0,-1.000000000,0,,0,-1.000000000,,0,-1.000000000,0,,1,-0.063950159,-3.664074190,-0.007326126,-0.012209892,1,3.133914232,179.560058864,-0.002442360,-2.714529037,1,-2.880847216,-165.060386879,-0.002442360,2.673503876,1,-0.193980217,-11.114247742,-0.021978378,0.422466278,1,0.870329857,49.866227583,-0.036628723,-0.003663063,-0.063950159,-3.664074190,0.000000000,-0.000000000,2.000000000,1.000000000,3.143832445,180.128330603,0.000000000,-2.770716190,8.500000000,2.500000000,-2.881228685,-165.082243484,0.000000000,2.694160938,3.000000000,0.800000012,-0.194361687,-11.136104347,0.000000000,0.431225687,1.200000048,0.200000003,0.870713234,49.888193471,0.000000000,0.000140909,0.100000001,0.020000000
2026-07-04 18:17:38.321,1783160258.321605682,274.011797363,1,1,273.996959309,1,0.003619467,5,1,0.002264947,5,1,0,1,0,0,1,1,1,1,1,1,0.085806248,-1.120000000,1.590000000,0.000000000,1,272.904771499,12,1,12,1:-1.251:2.428|2:-0.428:2.425|3:0.392:2.424|4:1.223:2.419|5:1.228:1.589|6:0.405:1.588|7:-0.440:1.588|8:-1.261:1.589|9:-1.185:4.911|10:-0.390:4.902|11:0.375:4.903|12:1.182:4.901,0,-1.000000000,,0,0,0.000000000,0.000000000,0,-1.000000000,0,,0,-1.000000000,,0,-1.000000000,0,,1,-0.063950159,-3.664074190,-0.021978378,-0.012209892,1,3.133914232,179.560058864,-0.002442360,-2.728204727,1,-2.880847216,-165.060386879,-0.002442360,2.673503876,1,-0.193598747,-11.092391137,-0.007326126,0.422466278,1,0.870329857,49.866227583,-0.036628723,-0.003663063,-0.063950159,-3.664074190,0.000000000,-0.000000000,2.000000000,1.000000000,3.143832445,180.128330603,0.000000000,-2.770716190,8.500000000,2.500000000,-2.881228685,-165.082243484,0.000000000,2.694160938,3.000000000,0.800000012,-0.194361687,-11.136104347,0.000000000,0.431225687,1.200000048,0.200000003,0.870713234,49.888193471,0.000000000,0.000140909,0.100000001,0.020000000
2026-07-04 18:17:39.321,1783160259.321550131,275.011741808,1,1,274.996903754,1,0.003687569,5,1,0.002534249,5,1,0,1,0,0,1,1,1,1,1,1,0.082780779,-1.120000000,1.590000000,0.000000000,1,273.904715944,12,1,12,1:-1.251:2.428|2:-0.428:2.425|3:0.392:2.424|4:1.223:2.419|5:1.228:1.589|6:0.405:1.588|7:-0.440:1.588|8:-1.261:1.589|9:-1.185:4.911|10:-0.390:4.902|11:0.375:4.903|12:1.182:4.901,0,-1.000000000,,0,0,0.000000000,0.000000000,0,-1.000000000,0,,0,-1.000000000,,0,-1.000000000,0,,1,-0.063950159,-3.664074190,-0.007326126,-0.012209892,1,3.133914232,179.560058864,0.002442360,-2.714529037,1,-2.880847216,-165.060386879,-0.002442360,2.673503876,1,-0.193598747,-11.092391137,-0.007326126,0.422466278,1,0.870329857,49.866227583,-0.012210846,-0.003663063,-0.063950159,-3.664074190,0.000000000,-0.000000000,2.000000000,1.000000000,3.143832445,180.128330603,0.000000000,-2.770716190,8.500000000,2.500000000,-2.881228685,-165.082243484,0.000000000,2.694160938,3.000000000,0.800000012,-0.194361687,-11.136104347,0.000000000,0.431225687,1.200000048,0.200000003,0.870713234,49.888193471,0.000000000,0.000140909,0.100000001,0.020000000
2026-07-04 18:17:40.321,1783160260.321636200,276.011827997,1,1,275.996989943,1,0.003879736,5,1,0.002668008,5,1,0,1,0,0,1,1,1,1,1,1,0.062979585,-1.120000000,1.590000000,0.000000000,1,274.904802133,12,1,12,1:-1.251:2.428|2:-0.428:2.425|3:0.392:2.424|4:1.223:2.419|5:1.228:1.589|6:0.405:1.588|7:-0.440:1.588|8:-1.261:1.589|9:-1.185:4.911|10:-0.390:4.902|11:0.375:4.903|12:1.182:4.901,0,-1.000000000,,0,0,0.000000000,0.000000000,0,-1.000000000,0,,0,-1.000000000,,0,-1.000000000,0,,1,-0.063950159,-3.664074190,-0.007326126,-0.012209892,1,3.133914232,179.560058864,0.002442360,-2.714529037,1,-2.880847216,-165.060386879,-0.002442360,2.673503876,1,-0.193980217,-11.114247742,-0.007326126,0.422466278,1,0.870329857,49.866227583,-0.012210846,-0.003663063,-0.063950159,-3.664074190,0.000000000,-0.000000000,2.000000000,1.000000000,3.143832445,180.128330603,0.000000000,-2.770716190,8.500000000,2.500000000,-2.881228685,-165.082243484,0.000000000,2.694160938,3.000000000,0.800000012,-0.194361687,-11.136104347,0.000000000,0.431225687,1.200000048,0.200000003,0.870713234,49.888193471,0.000000000,0.000140909,0.100000001,0.020000000
2026-07-04 18:17:41.321,1783160261.321513891,277.011705767,1,1,276.996867713,1,0.003757692,5,1,0.002516257,5,1,0,1,0,0,1,1,1,1,1,1,0.073483566,-1.120000000,1.590000000,0.000000000,1,275.904679903,12,1,12,1:-1.251:2.428|2:-0.428:2.425|3:0.392:2.424|4:1.223:2.419|5:1.228:1.589|6:0.405:1.588|7:-0.440:1.588|8:-1.261:1.589|9:-1.185:4.911|10:-0.390:4.902|11:0.375:4.903|12:1.182:4.901,0,-1.000000000,,0,0,0.000000000,0.000000000,0,-1.000000000,0,,0,-1.000000000,,0,-1.000000000,0,,1,-0.063950159,-3.664074190,-0.007326126,-0.012209892,1,3.133914232,179.560058864,-0.002442360,-2.714529037,1,-2.880847216,-165.060386879,-0.002442360,2.673503876,1,-0.193598747,-11.092391137,0.007326126,0.422466278,1,0.870713234,49.888193471,-0.012210846,-0.003663063,-0.063950159,-3.664074190,0.000000000,-0.000000000,2.000000000,1.000000000,3.143832445,180.128330603,0.000000000,-2.770716190,8.500000000,2.500000000,-2.881228685,-165.082243484,0.000000000,2.694160938,3.000000000,0.800000012,-0.194361687,-11.136104347,0.000000000,0.431225687,1.200000048,0.200000003,0.870713234,49.888193471,0.000000000,0.000140909,0.100000001,0.020000000
2026-07-04 18:17:42.321,1783160262.321666956,278.011858846,1,1,277.997020792,1,0.003721415,5,1,0.002693904,5,1,0,1,0,0,1,1,1,1,1,1,0.094774615,-1.120000000,1.590000000,0.000000000,1,276.904832982,12,1,12,1:-1.251:2.428|2:-0.428:2.425|3:0.392:2.424|4:1.223:2.419|5:1.228:1.589|6:0.405:1.588|7:-0.440:1.588|8:-1.261:1.589|9:-1.185:4.911|10:-0.390:4.902|11:0.375:4.903|12:1.182:4.901,0,-1.000000000,,0,0,0.000000000,0.000000000,0,-1.000000000,0,,0,-1.000000000,,0,-1.000000000,0,,1,-0.063950159,-3.664074190,0.007326126,-0.012209892,1,3.133914232,179.560058864,-0.002442360,-2.714529037,1,-2.880847216,-165.060386879,-0.002442360,2.673503876,1,-0.193598747,-11.092391137,0.007326126,0.422466278,1,0.870329857,49.866227583,-0.036628723,-0.003663063,-0.063950159,-3.664074190,0.000000000,-0.000000000,2.000000000,1.000000000,3.143832445,180.128330603,0.000000000,-2.770716190,8.500000000,2.500000000,-2.881228685,-165.082243484,0.000000000,2.694160938,3.000000000,0.800000012,-0.194361687,-11.136104347,0.000000000,0.431225687,1.200000048,0.200000003,0.870713234,49.888193471,0.000000000,0.000140909,0.100000001,0.020000000
2026-07-04 18:17:43.321,1783160263.321491718,279.011683476,1,1,278.996845422,1,0.003991878,5,1,0.002633365,5,1,0,1,0,0,1,1,1,1,1,1,0.097905592,-1.120000000,1.590000000,0.000000000,1,277.904657612,12,1,12,1:-1.251:2.428|2:-0.428:2.425|3:0.392:2.424|4:1.223:2.419|5:1.228:1.589|6:0.405:1.588|7:-0.440:1.588|8:-1.261:1.589|9:-1.185:4.911|10:-0.390:4.902|11:0.375:4.903|12:1.182:4.901,0,-1.000000000,,0,0,0.000000000,0.000000000,0,-1.000000000,0,,0,-1.000000000,,0,-1.000000000,0,,1,-0.063950159,-3.664074190,-0.007326126,-0.012209892,1,3.133914232,179.560058864,-0.002442360,-2.728204727,1,-2.880847216,-165.060386879,0.002442360,2.673503876,1,-0.193980217,-11.114247742,-0.007326126,0.422466278,1,0.870329857,49.866227583,-0.012210846,-0.001221180,-0.063950159,-3.664074190,0.000000000,-0.000000000,2.000000000,1.000000000,3.143832445,180.128330603,0.000000000,-2.770716190,8.500000000,2.500000000,-2.881228685,-165.082243484,0.000000000,2.694160938,3.000000000,0.800000012,-0.194361687,-11.136104347,0.000000000,0.431225687,1.200000048,0.200000003,0.870713234,49.888193471,0.000000000,0.000140909,0.100000001,0.020000000
2026-07-04 18:17:44.321,1783160264.321539402,280.011731281,1,1,279.996893227,1,0.003864840,5,1,0.002554222,5,1,0,1,0,0,1,1,1,1,1,1,0.011176766,-1.120000000,1.590000000,0.000000000,1,278.904705417,12,1,12,1:-1.251:2.428|2:-0.428:2.425|3:0.392:2.424|4:1.223:2.419|5:1.228:1.589|6:0.405:1.588|7:-0.440:1.588|8:-1.261:1.589|9:-1.185:4.911|10:-0.390:4.902|11:0.375:4.903|12:1.182:4.901,0,-1.000000000,,0,0,0.000000000,0.000000000,0,-1.000000000,0,,0,-1.000000000,,0,-1.000000000,0,,1,-0.063950159,-3.664074190,0.007326126,-0.012209892,1,3.133914232,179.560058864,-0.007326126,-2.714529037,1,-2.880847216,-165.060386879,-0.002442360,2.673503876,1,-0.193980217,-11.114247742,-0.007326126,0.422466278,1,0.870329857,49.866227583,-0.012210846,-0.003663063,-0.063950159,-3.664074190,0.000000000,-0.000000000,2.000000000,1.000000000,3.143832445,180.128330603,0.000000000,-2.770716190,8.500000000,2.500000000,-2.881228685,-165.082243484,0.000000000,2.694160938,3.000000000,0.800000012,-0.194361687,-11.136104347,0.000000000,0.431225687,1.200000048,0.200000003,0.870713234,49.888193471,0.000000000,0.000140909,0.100000001,0.020000000
2026-07-04 18:17:45.321,1783160265.321520090,281.011712056,1,1,280.996874002,1,0.003319021,5,1,0.002627298,5,1,0,1,0,0,1,1,1,1,1,1,0.121766626,-1.120000000,1.590000000,0.000000000,1,279.904686192,12,1,12,1:-1.251:2.428|2:-0.428:2.425|3:0.392:2.424|4:1.223:2.419|5:1.228:1.589|6:0.405:1.588|7:-0.440:1.588|8:-1.261:1.589|9:-1.185:4.911|10:-0.390:4.902|11:0.375:4.903|12:1.182:4.901,0,-1.000000000,,0,0,0.000000000,0.000000000,0,-1.000000000,0,,0,-1.000000000,,0,-1.000000000,0,,1,-0.063950159,-3.664074190,0.007326126,-0.012209892,1,3.133914232,179.560058864,-0.002442360,-2.714529037,1,-2.880847216,-165.060386879,-0.007326126,2.673503876,1,-0.193598747,-11.092391137,-0.007326126,0.422466278,1,0.870329857,49.866227583,-0.036628723,-0.001221180,-0.063950159,-3.664074190,0.000000000,-0.000000000,2.000000000,1.000000000,3.143832445,180.128330603,0.000000000,-2.770716190,8.500000000,2.500000000,-2.881228685,-165.082243484,0.000000000,2.694160938,3.000000000,0.800000012,-0.194361687,-11.136104347,0.000000000,0.431225687,1.200000048,0.200000003,0.870713234,49.888193471,0.000000000,0.000140909,0.100000001,0.020000000
2026-07-04 18:17:46.321,1783160266.321420193,282.011612233,1,1,281.996774179,1,0.003584588,5,1,0.002483399,5,1,0,1,0,0,1,1,1,1,1,1,0.032656765,-1.120000000,1.590000000,0.000000000,1,280.904586369,12,1,12,1:-1.251:2.428|2:-0.428:2.425|3:0.392:2.424|4:1.223:2.419|5:1.228:1.589|6:0.405:1.588|7:-0.440:1.588|8:-1.261:1.589|9:-1.185:4.911|10:-0.390:4.902|11:0.375:4.903|12:1.182:4.901,0,-1.000000000,,0,0,0.000000000,0.000000000,0,-1.000000000,0,,0,-1.000000000,,0,-1.000000000,0,,1,-0.063950159,-3.664074190,-0.007326126,-0.012209892,1,3.133914232,179.560058864,-0.002442360,-2.714529037,1,-2.880847216,-165.060386879,-0.002442360,2.673503876,1,-0.193980217,-11.114247742,-0.021978378,0.422466278,1,0.870329857,49.866227583,-0.036628723,-0.001221180,-0.063950159,-3.664074190,0.000000000,-0.000000000,2.000000000,1.000000000,3.143832445,180.128330603,0.000000000,-2.770716190,8.500000000,2.500000000,-2.881228685,-165.082243484,0.000000000,2.694160938,3.000000000,0.800000012,-0.194361687,-11.136104347,0.000000000,0.431225687,1.200000048,0.200000003,0.870713234,49.888193471,0.000000000,0.000140909,0.100000001,0.020000000
2026-07-04 18:17:47.321,1783160267.321416140,283.011607933,1,1,282.996769879,1,0.003381285,5,1,0.002583216,5,1,0,1,0,0,1,1,1,1,1,1,0.133674294,-1.120000000,1.590000000,0.000000000,1,281.904582069,12,1,12,1:-1.251:2.428|2:-0.428:2.425|3:0.392:2.424|4:1.223:2.419|5:1.228:1.589|6:0.405:1.588|7:-0.440:1.588|8:-1.261:1.589|9:-1.185:4.911|10:-0.390:4.902|11:0.375:4.903|12:1.182:4.901,0,-1.000000000,,0,0,0.000000000,0.000000000,0,-1.000000000,0,,0,-1.000000000,,0,-1.000000000,0,,1,-0.063950159,-3.664074190,-0.007326126,-0.012209892,1,3.133914232,179.560058864,-0.002442360,-2.714529037,1,-2.880847216,-165.060386879,-0.007326126,2.673503876,1,-0.193980217,-11.114247742,-0.021978378,0.422466278,1,0.870329857,49.866227583,-0.061050415,-0.003663063,-0.063950159,-3.664074190,0.000000000,-0.000000000,2.000000000,1.000000000,3.143832445,180.128330603,0.000000000,-2.770716190,8.500000000,2.500000000,-2.881228685,-165.082243484,0.000000000,2.694160938,3.000000000,0.800000012,-0.194361687,-11.136104347,0.000000000,0.431225687,1.200000048,0.200000003,0.870713234,49.888193471,0.000000000,0.000140909,0.100000001,0.020000000
2026-07-04 18:17:48.321,1783160268.321393728,284.011585519,1,1,283.996747465,1,0.003631417,5,1,0.002611501,5,1,0,1,0,0,1,1,1,1,1,1,0.224467358,-1.120000000,1.590000000,0.000000000,1,282.904559655,12,1,12,1:-1.251:2.428|2:-0.428:2.425|3:0.392:2.424|4:1.223:2.419|5:1.228:1.589|6:0.405:1.588|7:-0.440:1.588|8:-1.261:1.589|9:-1.185:4.911|10:-0.390:4.902|11:0.375:4.903|12:1.182:4.901,0,-1.000000000,,0,0,0.000000000,0.000000000,0,-1.000000000,0,,0,-1.000000000,,0,-1.000000000,0,,1,-0.063950159,-3.664074190,-0.021978378,-0.012209892,1,3.133914232,179.560058864,-0.002442360,-2.728204727,1,-2.880847216,-165.060386879,-0.002442360,2.673503876,1,-0.193980217,-11.114247742,-0.007326126,0.422466278,1,0.870713234,49.888193471,0.012210846,-0.003663063,-0.063950159,-3.664074190,0.000000000,-0.000000000,2.000000000,1.000000000,3.143832445,180.128330603,0.000000000,-2.770716190,8.500000000,2.500000000,-2.881228685,-165.082243484,0.000000000,2.694160938,3.000000000,0.800000012,-0.194361687,-11.136104347,0.000000000,0.431225687,1.200000048,0.200000003,0.870713234,49.888193471,0.000000000,0.000140909,0.100000001,0.020000000
2026-07-04 18:17:49.321,1783160269.321354151,285.011546099,1,1,284.996708045,1,0.003726897,5,1,0.002583637,5,1,0,1,0,0,1,1,1,1,1,1,0.019882543,-1.120000000,1.590000000,0.000000000,1,283.904520235,12,1,12,1:-1.251:2.428|2:-0.428:2.425|3:0.392:2.424|4:1.223:2.419|5:1.228:1.589|6:0.405:1.588|7:-0.440:1.588|8:-1.261:1.589|9:-1.185:4.911|10:-0.390:4.902|11:0.375:4.903|12:1.182:4.901,0,-1.000000000,,0,0,0.000000000,0.000000000,0,-1.000000000,0,,0,-1.000000000,,0,-1.000000000,0,,1,-0.063950159,-3.664074190,-0.007326126,-0.012209892,1,3.133914232,179.560058864,-0.002442360,-2.714529037,1,-2.880847216,-165.060386879,-0.002442360,2.673503876,1,-0.193980217,-11.114247742,-0.021978378,0.422466278,1,0.870329857,49.866227583,-0.012210846,-0.003663063,-0.063950159,-3.664074190,0.000000000,-0.000000000,2.000000000,1.000000000,3.143832445,180.128330603,0.000000000,-2.770716190,8.500000000,2.500000000,-2.881228685,-165.082243484,0.000000000,2.694160938,3.000000000,0.800000012,-0.194361687,-11.136104347,0.000000000,0.431225687,1.200000048,0.200000003,0.870713234,49.888193471,0.000000000,0.000140909,0.100000001,0.020000000
2026-07-04 18:17:50.321,1783160270.321332693,286.011524474,1,1,285.996686420,1,0.003770475,5,1,0.002505519,5,1,0,1,0,0,1,1,1,1,1,1,0.099489876,-1.120000000,1.590000000,0.000000000,1,284.904498610,12,1,12,1:-1.251:2.428|2:-0.428:2.425|3:0.392:2.424|4:1.223:2.419|5:1.228:1.589|6:0.405:1.588|7:-0.440:1.588|8:-1.261:1.589|9:-1.185:4.911|10:-0.390:4.902|11:0.375:4.903|12:1.182:4.901,0,-1.000000000,,0,0,0.000000000,0.000000000,0,-1.000000000,0,,0,-1.000000000,,0,-1.000000000,0,,1,-0.063950159,-3.664074190,-0.007326126,-0.012209892,1,3.133914232,179.560058864,-0.002442360,-2.714529037,1,-2.880847216,-165.060386879,-0.002442360,2.673503876,1,-0.193980217,-11.114247742,-0.021978378,0.422466278,1,0.870329857,49.866227583,-0.036628723,-0.003663063,-0.063950159,-3.664074190,0.000000000,-0.000000000,2.000000000,1.000000000,3.143832445,180.128330603,0.000000000,-2.770716190,8.500000000,2.500000000,-2.881228685,-165.082243484,0.000000000,2.694160938,3.000000000,0.800000012,-0.194361687,-11.136104347,0.000000000,0.431225687,1.200000048,0.200000003,0.870713234,49.888193471,0.000000000,0.000140909,0.100000001,0.020000000
2026-07-04 18:17:51.321,1783160271.321387291,287.011579074,1,1,286.996741020,1,0.003627135,5,1,0.002668630,5,1,0,1,0,0,1,1,1,1,1,1,0.002406217,-1.120000000,1.590000000,0.000000000,1,285.904553210,12,1,12,1:-1.251:2.428|2:-0.428:2.425|3:0.392:2.424|4:1.223:2.419|5:1.228:1.589|6:0.405:1.588|7:-0.440:1.588|8:-1.261:1.589|9:-1.185:4.911|10:-0.390:4.902|11:0.375:4.903|12:1.182:4.901,0,-1.000000000,,0,0,0.000000000,0.000000000,0,-1.000000000,0,,0,-1.000000000,,0,-1.000000000,0,,1,-0.063950159,-3.664074190,-0.007326126,-0.012209892,1,3.133914232,179.560058864,-0.002442360,-2.700855255,1,-2.880847216,-165.060386879,-0.002442360,2.673503876,1,-0.193980217,-11.114247742,-0.007326126,0.422466278,1,0.870329857,49.866227583,-0.036628723,-0.003663063,-0.063950159,-3.664074190,0.000000000,-0.000000000,2.000000000,1.000000000,3.143832445,180.128330603,0.000000000,-2.770716190,8.500000000,2.500000000,-2.881228685,-165.082243484,0.000000000,2.694160938,3.000000000,0.800000012,-0.194361687,-11.136104347,0.000000000,0.431225687,1.200000048,0.200000003,0.870713234,49.888193471,0.000000000,0.000140909,0.100000001,0.020000000
2026-07-04 18:17:52.321,1783160272.321331501,288.011523352,1,1,287.996685298,1,0.003797914,5,1,0.002559609,5,1,0,1,0,0,1,1,1,1,1,1,0.089309208,-1.120000000,1.590000000,0.000000000,1,286.904497488,12,1,12,1:-1.251:2.428|2:-0.428:2.425|3:0.392:2.424|4:1.223:2.419|5:1.228:1.589|6:0.405:1.588|7:-0.440:1.588|8:-1.261:1.589|9:-1.185:4.911|10:-0.390:4.902|11:0.375:4.903|12:1.182:4.901,0,-1.000000000,,0,0,0.000000000,0.000000000,0,-1.000000000,0,,0,-1.000000000,,0,-1.000000000,0,,1,-0.063950159,-3.664074190,-0.007326126,-0.012209892,1,3.133914232,179.560058864,-0.002442360,-2.714529037,1,-2.880847216,-165.060386879,-0.002442360,2.673503876,1,-0.193598747,-11.092391137,-0.007326126,0.422466278,1,0.870329857,49.866227583,-0.012210846,-0.003663063,-0.063950159,-3.664074190,0.000000000,-0.000000000,2.000000000,1.000000000,3.143832445,180.128330603,0.000000000,-2.770716190,8.500000000,2.500000000,-2.881228685,-165.082243484,0.000000000,2.694160938,3.000000000,0.800000012,-0.194361687,-11.136104347,0.000000000,0.431225687,1.200000048,0.200000003,0.870713234,49.888193471,0.000000000,0.000140909,0.100000001,0.020000000
2026-07-04 18:17:53.321,1783160273.321651220,289.011843079,1,1,288.997005025,1,0.004168982,5,1,0.002877644,5,1,0,1,0,0,1,1,1,1,1,1,0.098537789,-1.120000000,1.590000000,0.000000000,1,287.904817215,12,1,12,1:-1.251:2.428|2:-0.428:2.425|3:0.392:2.424|4:1.223:2.419|5:1.228:1.589|6:0.405:1.588|7:-0.440:1.588|8:-1.261:1.589|9:-1.185:4.911|10:-0.390:4.902|11:0.375:4.903|12:1.182:4.901,0,-1.000000000,,0,0,0.000000000,0.000000000,0,-1.000000000,0,,0,-1.000000000,,0,-1.000000000,0,,1,-0.063950159,-3.664074190,-0.007326126,-0.017093658,1,3.133914232,179.560058864,-0.002442360,-2.714529037,1,-2.880847216,-165.060386879,-0.002442360,2.673503876,1,-0.193598747,-11.092391137,0.007326126,0.422466278,1,0.870713234,49.888193471,0.012210846,-0.003663063,-0.063950159,-3.664074190,0.000000000,-0.000000000,2.000000000,1.000000000,3.143832445,180.128330603,0.000000000,-2.770716190,8.500000000,2.500000000,-2.881228685,-165.082243484,0.000000000,2.694160938,3.000000000,0.800000012,-0.194361687,-11.136104347,0.000000000,0.431225687,1.200000048,0.200000003,0.870713234,49.888193471,0.000000000,0.000140909,0.100000001,0.020000000
2026-07-04 18:17:54.321,1783160274.321267366,290.011459274,1,1,289.996621220,1,0.003821595,5,1,0.002490006,5,1,0,1,0,0,1,1,1,1,1,1,0.023590798,-1.120000000,1.590000000,0.000000000,1,288.904433410,12,1,12,1:-1.251:2.428|2:-0.428:2.425|3:0.392:2.424|4:1.223:2.419|5:1.228:1.589|6:0.405:1.588|7:-0.440:1.588|8:-1.261:1.589|9:-1.185:4.911|10:-0.390:4.902|11:0.375:4.903|12:1.182:4.901,0,-1.000000000,,0,0,0.000000000,0.000000000,0,-1.000000000,0,,0,-1.000000000,,0,-1.000000000,0,,1,-0.063950159,-3.664074190,-0.007326126,-0.012209892,1,3.133914232,179.560058864,-0.002442360,-2.714529037,1,-2.880847216,-165.060386879,-0.007326126,2.673503876,1,-0.193598747,-11.092391137,-0.007326126,0.422466278,1,0.870329857,49.866227583,-0.012210846,-0.003663063,-0.063950159,-3.664074190,0.000000000,-0.000000000,2.000000000,1.000000000,3.143832445,180.128330603,0.000000000,-2.770716190,8.500000000,2.500000000,-2.881228685,-165.082243484,0.000000000,2.694160938,3.000000000,0.800000012,-0.194361687,-11.136104347,0.000000000,0.431225687,1.200000048,0.200000003,0.870713234,49.888193471,0.000000000,0.000140909,0.100000001,0.020000000
2026-07-04 18:17:55.321,1783160275.321260691,291.011452672,1,1,290.996614618,1,0.003775802,5,1,0.002594916,5,1,0,1,0,0,1,1,1,1,1,1,0.053233556,-1.120000000,1.590000000,0.000000000,1,289.904426808,12,1,12,1:-1.251:2.428|2:-0.428:2.425|3:0.392:2.424|4:1.223:2.419|5:1.228:1.589|6:0.405:1.588|7:-0.440:1.588|8:-1.261:1.589|9:-1.185:4.911|10:-0.390:4.902|11:0.375:4.903|12:1.182:4.901,0,-1.000000000,,0,0,0.000000000,0.000000000,0,-1.000000000,0,,0,-1.000000000,,0,-1.000000000,0,,1,-0.063950159,-3.664074190,-0.007326126,-0.012209892,1,3.133914232,179.560058864,-0.002442360,-2.714529037,1,-2.880847216,-165.060386879,-0.002442360,2.687179565,1,-0.193598747,-11.092391137,0.007326126,0.422466278,1,0.870713234,49.888193471,0.012210846,-0.003663063,-0.063950159,-3.664074190,0.000000000,-0.000000000,2.000000000,1.000000000,3.143832445,180.128330603,0.000000000,-2.770716190,8.500000000,2.500000000,-2.881228685,-165.082243484,0.000000000,2.694160938,3.000000000,0.800000012,-0.194361687,-11.136104347,0.000000000,0.431225687,1.200000048,0.200000003,0.870713234,49.888193471,0.000000000,0.000140909,0.100000001,0.020000000
2026-07-04 18:17:56.321,1783160276.321223259,292.011414977,1,1,291.996576923,1,0.003852751,5,1,0.002641751,5,1,0,1,0,0,1,1,1,1,1,1,0.107872342,-1.120000000,1.590000000,0.000000000,1,290.904389113,12,1,12,1:-1.251:2.428|2:-0.428:2.425|3:0.392:2.424|4:1.223:2.419|5:1.228:1.589|6:0.405:1.588|7:-0.440:1.588|8:-1.261:1.589|9:-1.185:4.911|10:-0.390:4.902|11:0.375:4.903|12:1.182:4.901,0,-1.000000000,,0,0,0.000000000,0.000000000,0,-1.000000000,0,,0,-1.000000000,,0,-1.000000000,0,,1,-0.063950159,-3.664074190,-0.007326126,-0.012209892,1,3.133914232,179.560058864,-0.002442360,-2.714529037,1,-2.880847216,-165.060386879,-0.002442360,2.673503876,1,-0.193598747,-11.092391137,-0.007326126,0.422466278,1,0.870329857,49.866227583,-0.012210846,-0.001221180,-0.063950159,-3.664074190,0.000000000,-0.000000000,2.000000000,1.000000000,3.143832445,180.128330603,0.000000000,-2.770716190,8.500000000,2.500000000,-2.881228685,-165.082243484,0.000000000,2.694160938,3.000000000,0.800000012,-0.194361687,-11.136104347,0.000000000,0.431225687,1.200000048,0.200000003,0.870713234,49.888193471,0.000000000,0.000140909,0.100000001,0.020000000
2026-07-04 18:17:57.321,1783160277.321220636,293.011412458,1,1,292.996574404,1,0.003216792,5,1,0.002468188,5,1,0,1,0,0,1,1,1,1,1,1,0.263529387,-1.120000000,1.590000000,0.000000000,1,291.904386594,12,1,12,1:-1.251:2.428|2:-0.428:2.425|3:0.392:2.424|4:1.223:2.419|5:1.228:1.589|6:0.405:1.588|7:-0.440:1.588|8:-1.261:1.589|9:-1.185:4.911|10:-0.390:4.902|11:0.375:4.903|12:1.182:4.901,0,-1.000000000,,0,0,0.000000000,0.000000000,0,-1.000000000,0,,0,-1.000000000,,0,-1.000000000,0,,1,-0.063950159,-3.664074190,-0.021978378,-0.012209892,1,3.133914232,179.560058864,-0.002442360,-2.714529037,1,-2.880847216,-165.060386879,-0.007326126,2.673503876,1,-0.193598747,-11.092391137,-0.007326126,0.422466278,1,0.870329857,49.866227583,-0.061050415,-0.001221180,-0.063950159,-3.664074190,0.000000000,-0.000000000,2.000000000,1.000000000,3.143832445,180.128330603,0.000000000,-2.770716190,8.500000000,2.500000000,-2.881228685,-165.082243484,0.000000000,2.694160938,3.000000000,0.800000012,-0.194361687,-11.136104347,0.000000000,0.431225687,1.200000048,0.200000003,0.870713234,49.888193471,0.000000000,0.000140909,0.100000001,0.020000000
2026-07-04 18:17:58.321,1783160278.321456432,294.011648165,1,1,293.996810111,1,0.004053359,5,1,0.002791284,5,1,0,1,0,0,1,1,1,1,1,1,0.044913050,-1.120000000,1.590000000,0.000000000,1,292.904622301,12,1,12,1:-1.251:2.428|2:-0.428:2.425|3:0.392:2.424|4:1.223:2.419|5:1.228:1.589|6:0.405:1.588|7:-0.440:1.588|8:-1.261:1.589|9:-1.185:4.911|10:-0.390:4.902|11:0.375:4.903|12:1.182:4.901,0,-1.000000000,,0,0,0.000000000,0.000000000,0,-1.000000000,0,,0,-1.000000000,,0,-1.000000000,0,,1,-0.063950159,-3.664074190,-0.007326126,-0.012209892,1,3.133914232,179.560058864,-0.002442360,-2.728204727,1,-2.880847216,-165.060386879,-0.002442360,2.673503876,1,-0.193980217,-11.114247742,-0.007326126,0.422466278,1,0.870329857,49.866227583,-0.012210846,-0.001221180,-0.063950159,-3.664074190,0.000000000,-0.000000000,2.000000000,1.000000000,3.143832445,180.128330603,0.000000000,-2.770716190,8.500000000,2.500000000,-2.881228685,-165.082243484,0.000000000,2.694160938,3.000000000,0.800000012,-0.194361687,-11.136104347,0.000000000,0.431225687,1.200000048,0.200000003,0.870713234,49.888193471,0.000000000,0.000140909,0.100000001,0.020000000
2026-07-04 18:17:59.321,1783160279.321188211,295.011379941,1,1,294.996541887,1,0.003222801,5,1,0.002544052,5,1,0,1,0,0,1,1,1,1,1,1,0.128860289,-1.120000000,1.590000000,0.000000000,1,293.904354077,12,1,12,1:-1.251:2.428|2:-0.428:2.425|3:0.392:2.424|4:1.223:2.419|5:1.228:1.589|6:0.405:1.588|7:-0.440:1.588|8:-1.261:1.589|9:-1.185:4.911|10:-0.390:4.902|11:0.375:4.903|12:1.182:4.901,0,-1.000000000,,0,0,0.000000000,0.000000000,0,-1.000000000,0,,0,-1.000000000,,0,-1.000000000,0,,1,-0.063950159,-3.664074190,-0.007326126,-0.012209892,1,3.133914232,179.560058864,-0.002442360,-2.728204727,1,-2.880847216,-165.060386879,-0.002442360,2.687179565,1,-0.193598747,-11.092391137,-0.021978378,0.422466278,1,0.870329857,49.866227583,-0.012210846,-0.003663063,-0.063950159,-3.664074190,0.000000000,-0.000000000,2.000000000,1.000000000,3.143832445,180.128330603,0.000000000,-2.770716190,8.500000000,2.500000000,-2.881228685,-165.082243484,0.000000000,2.694160938,3.000000000,0.800000012,-0.194361687,-11.136104347,0.000000000,0.431225687,1.200000048,0.200000003,0.870713234,49.888193471,0.000000000,0.000140909,0.100000001,0.020000000
2026-07-04 18:18:00.321,1783160280.321182966,296.011374870,1,1,295.996536816,1,0.003728587,5,1,0.002645888,5,1,0,1,0,0,1,1,1,1,1,1,0.034451689,-1.120000000,1.590000000,0.000000000,1,294.904349006,12,1,12,1:-1.251:2.428|2:-0.428:2.425|3:0.392:2.424|4:1.223:2.419|5:1.228:1.589|6:0.405:1.588|7:-0.440:1.588|8:-1.261:1.589|9:-1.185:4.911|10:-0.390:4.902|11:0.375:4.903|12:1.182:4.901,0,-1.000000000,,0,0,0.000000000,0.000000000,0,-1.000000000,0,,0,-1.000000000,,0,-1.000000000,0,,1,-0.063950159,-3.664074190,-0.007326126,-0.012209892,1,3.133914232,179.560058864,-0.002442360,-2.714529037,1,-2.880847216,-165.060386879,-0.002442360,2.673503876,1,-0.193598747,-11.092391137,-0.007326126,0.422466278,1,0.870329857,49.866227583,-0.036628723,-0.003663063,-0.063950159,-3.664074190,0.000000000,-0.000000000,2.000000000,1.000000000,3.143832445,180.128330603,0.000000000,-2.770716190,8.500000000,2.500000000,-2.881228685,-165.082243484,0.000000000,2.694160938,3.000000000,0.800000012,-0.194361687,-11.136104347,0.000000000,0.431225687,1.200000048,0.200000003,0.870713234,49.888193471,0.000000000,0.000140909,0.100000001,0.020000000
2026-07-04 18:18:01.321,1783160281.321140289,297.011331971,1,1,296.996493917,1,0.003398491,5,1,0.002428515,5,1,0,1,0,0,1,1,1,1,1,1,0.165902825,-1.120000000,1.590000000,0.000000000,1,295.904306107,12,1,12,1:-1.251:2.428|2:-0.428:2.425|3:0.392:2.424|4:1.223:2.419|5:1.228:1.589|6:0.405:1.588|7:-0.440:1.588|8:-1.261:1.589|9:-1.185:4.911|10:-0.390:4.902|11:0.375:4.903|12:1.182:4.901,0,-1.000000000,,0,0,0.000000000,0.000000000,0,-1.000000000,0,,0,-1.000000000,,0,-1.000000000,0,,1,-0.063950159,-3.664074190,-0.007326126,-0.012209892,1,3.133914232,179.560058864,-0.002442360,-2.714529037,1,-2.880847216,-165.060386879,-0.002442360,2.673503876,1,-0.193598747,-11.092391137,-0.007326126,0.422466278,1,0.870329857,49.866227583,-0.012210846,-0.003663063,-0.063950159,-3.664074190,0.000000000,-0.000000000,2.000000000,1.000000000,3.143832445,180.128330603,0.000000000,-2.770716190,8.500000000,2.500000000,-2.881228685,-165.082243484,0.000000000,2.694160938,3.000000000,0.800000012,-0.194361687,-11.136104347,0.000000000,0.431225687,1.200000048,0.200000003,0.870713234,49.888193471,0.000000000,0.000140909,0.100000001,0.020000000
2026-07-04 18:18:02.321,1783160282.321108818,298.011300599,1,1,297.996462545,1,0.003880866,5,1,0.002429538,5,1,0,1,0,0,1,1,1,1,1,1,0.241741619,-1.120000000,1.590000000,0.000000000,1,296.904274735,12,1,12,1:-1.251:2.428|2:-0.428:2.425|3:0.392:2.424|4:1.223:2.419|5:1.228:1.589|6:0.405:1.588|7:-0.440:1.588|8:-1.261:1.589|9:-1.185:4.911|10:-0.390:4.902|11:0.375:4.903|12:1.182:4.901,0,-1.000000000,,0,0,0.000000000,0.000000000,0,-1.000000000,0,,0,-1.000000000,,0,-1.000000000,0,,1,-0.063950159,-3.664074190,-0.021978378,-0.012209892,1,3.133914232,179.560058864,-0.002442360,-2.714529037,1,-2.880847216,-165.060386879,-0.002442360,2.673503876,1,-0.193598747,-11.092391137,-0.007326126,0.422466278,1,0.870329857,49.866227583,-0.036628723,-0.003663063,-0.063950159,-3.664074190,0.000000000,-0.000000000,2.000000000,1.000000000,3.143832445,180.128330603,0.000000000,-2.770716190,8.500000000,2.500000000,-2.881228685,-165.082243484,0.000000000,2.694160938,3.000000000,0.800000012,-0.194361687,-11.136104347,0.000000000,0.431225687,1.200000048,0.200000003,0.870713234,49.888193471,0.000000000,0.000140909,0.100000001,0.020000000
2026-07-04 18:18:03.321,1783160283.321220398,299.011412085,1,1,298.996574031,1,0.003806001,5,1,0.002686447,5,1,0,1,0,0,1,1,1,1,1,1,0.119842923,-1.120000000,1.590000000,0.000000000,1,297.904386221,12,1,12,1:-1.251:2.428|2:-0.428:2.425|3:0.392:2.424|4:1.223:2.419|5:1.228:1.589|6:0.405:1.588|7:-0.440:1.588|8:-1.261:1.589|9:-1.185:4.911|10:-0.390:4.902|11:0.375:4.903|12:1.182:4.901,0,-1.000000000,,0,0,0.000000000,0.000000000,0,-1.000000000,0,,0,-1.000000000,,0,-1.000000000,0,,1,-0.063950159,-3.664074190,-0.007326126,-0.012209892,1,3.133914232,179.560058864,-0.002442360,-2.700855255,1,-2.880847216,-165.060386879,0.002442360,2.659828186,1,-0.193598747,-11.092391137,0.007326126,0.422466278,1,0.870329857,49.866227583,-0.036628723,-0.003663063,-0.063950159,-3.664074190,0.000000000,-0.000000000,2.000000000,1.000000000,3.143832445,180.128330603,0.000000000,-2.770716190,8.500000000,2.500000000,-2.881228685,-165.082243484,0.000000000,2.694160938,3.000000000,0.800000012,-0.194361687,-11.136104347,0.000000000,0.431225687,1.200000048,0.200000003,0.870713234,49.888193471,0.000000000,0.000140909,0.100000001,0.020000000
2026-07-04 18:18:04.321,1783160284.321136475,300.011328321,1,1,299.996490267,1,0.003935021,5,1,0.002613022,5,1,0,1,0,0,1,1,1,1,1,1,0.032162247,-1.120000000,1.590000000,0.000000000,1,298.904302457,12,1,12,1:-1.251:2.428|2:-0.428:2.425|3:0.392:2.424|4:1.223:2.419|5:1.228:1.589|6:0.405:1.588|7:-0.440:1.588|8:-1.261:1.589|9:-1.185:4.911|10:-0.390:4.902|11:0.375:4.903|12:1.182:4.901,0,-1.000000000,,0,0,0.000000000,0.000000000,0,-1.000000000,0,,0,-1.000000000,,0,-1.000000000,0,,1,-0.063950159,-3.664074190,-0.007326126,-0.012209892,1,3.133914232,179.560058864,-0.002442360,-2.700855255,1,-2.880847216,-165.060386879,0.002442360,2.673503876,1,-0.193980217,-11.114247742,-0.007326126,0.422466278,1,0.870329857,49.866227583,-0.012210846,-0.003663063,-0.063950159,-3.664074190,0.000000000,-0.000000000,2.000000000,1.000000000,3.143832445,180.128330603,0.000000000,-2.770716190,8.500000000,2.500000000,-2.881228685,-165.082243484,0.000000000,2.694160938,3.000000000,0.800000012,-0.194361687,-11.136104347,0.000000000,0.431225687,1.200000048,0.200000003,0.870713234,49.888193471,0.000000000,0.000140909,0.100000001,0.020000000
2026-07-04 18:18:05.321,1783160285.321057796,301.011249605,1,1,300.996411551,1,0.003624127,5,1,0.002467199,5,1,0,1,0,0,1,1,1,1,1,1,0.050763833,-1.120000000,1.590000000,0.000000000,1,299.904223741,12,1,12,1:-1.251:2.428|2:-0.428:2.425|3:0.392:2.424|4:1.223:2.419|5:1.228:1.589|6:0.405:1.588|7:-0.440:1.588|8:-1.261:1.589|9:-1.185:4.911|10:-0.390:4.902|11:0.375:4.903|12:1.182:4.901,0,-1.000000000,,0,0,0.000000000,0.000000000,0,-1.000000000,0,,0,-1.000000000,,0,-1.000000000,0,,1,-0.063950159,-3.664074190,-0.007326126,-0.012209892,1,3.133914232,179.560058864,-0.002442360,-2.714529037,1,-2.880847216,-165.060386879,0.002442360,2.673503876,1,-0.193980217,-11.114247742,-0.007326126,0.422466278,1,0.870713234,49.888193471,-0.012210846,-0.001221180,-0.063950159,-3.664074190,0.000000000,-0.000000000,2.000000000,1.000000000,3.143832445,180.128330603,0.000000000,-2.770716190,8.500000000,2.500000000,-2.881228685,-165.082243484,0.000000000,2.694160938,3.000000000,0.800000012,-0.194361687,-11.136104347,0.000000000,0.431225687,1.200000048,0.200000003,0.870713234,49.888193471,0.000000000,0.000140909,0.100000001,0.020000000
2026-07-04 18:18:06.321,1783160286.321048021,302.011239975,1,1,301.996401921,1,0.003883871,5,1,0.002579055,5,1,0,1,0,0,1,1,1,1,1,1,0.009899865,-1.120000000,1.590000000,0.000000000,1,300.904214111,12,1,12,1:-1.251:2.428|2:-0.428:2.425|3:0.392:2.424|4:1.223:2.419|5:1.228:1.589|6:0.405:1.588|7:-0.440:1.588|8:-1.261:1.589|9:-1.185:4.911|10:-0.390:4.902|11:0.375:4.903|12:1.182:4.901,0,-1.000000000,,0,0,0.000000000,0.000000000,0,-1.000000000,0,,0,-1.000000000,,0,-1.000000000,0,,1,-0.063950159,-3.664074190,-0.007326126,-0.012209892,1,3.133914232,179.560058864,-0.002442360,-2.714529037,1,-2.880847216,-165.060386879,-0.002442360,2.673503876,1,-0.193598747,-11.092391137,-0.007326126,0.422466278,1,0.870713234,49.888193471,0.012210846,-0.003663063,-0.063950159,-3.664074190,0.000000000,-0.000000000,2.000000000,1.000000000,3.143832445,180.128330603,0.000000000,-2.770716190,8.500000000,2.500000000,-2.881228685,-165.082243484,0.000000000,2.694160938,3.000000000,0.800000012,-0.194361687,-11.136104347,0.000000000,0.431225687,1.200000048,0.200000003,0.870713234,49.888193471,0.000000000,0.000140909,0.100000001,0.020000000
2026-07-04 18:18:07.321,1783160287.321124315,303.011316088,1,1,302.996478034,1,0.003856437,5,1,0.002684628,5,1,0,1,0,0,1,1,1,1,1,1,0.082672978,-1.120000000,1.590000000,0.000000000,1,301.904290224,12,1,12,1:-1.251:2.428|2:-0.428:2.425|3:0.392:2.424|4:1.223:2.419|5:1.228:1.589|6:0.405:1.588|7:-0.440:1.588|8:-1.261:1.589|9:-1.185:4.911|10:-0.390:4.902|11:0.375:4.903|12:1.182:4.901,0,-1.000000000,,0,0,0.000000000,0.000000000,0,-1.000000000,0,,0,-1.000000000,,0,-1.000000000,0,,1,-0.063950159,-3.664074190,-0.007326126,-0.012209892,1,3.133914232,179.560058864,-0.002442360,-2.714529037,1,-2.880847216,-165.060386879,-0.007326126,2.687179565,1,-0.193598747,-11.092391137,-0.007326126,0.422466278,1,0.870713234,49.888193471,0.036628723,-0.001221180,-0.063950159,-3.664074190,0.000000000,-0.000000000,2.000000000,1.000000000,3.143832445,180.128330603,0.000000000,-2.770716190,8.500000000,2.500000000,-2.881228685,-165.082243484,0.000000000,2.694160938,3.000000000,0.800000012,-0.194361687,-11.136104347,0.000000000,0.431225687,1.200000048,0.200000003,0.870713234,49.888193471,0.000000000,0.000140909,0.100000001,0.020000000
2026-07-04 18:18:08.321,1783160288.320969582,304.011161412,1,1,303.996323358,1,0.003969805,5,1,0.002385143,5,1,0,1,0,0,1,1,1,1,1,1,0.086209199,-1.120000000,1.590000000,0.000000000,1,302.904135548,12,1,12,1:-1.251:2.428|2:-0.428:2.425|3:0.392:2.424|4:1.223:2.419|5:1.228:1.589|6:0.405:1.588|7:-0.440:1.588|8:-1.261:1.589|9:-1.185:4.911|10:-0.390:4.902|11:0.375:4.903|12:1.182:4.901,0,-1.000000000,,0,0,0.000000000,0.000000000,0,-1.000000000,0,,0,-1.000000000,,0,-1.000000000,0,,1,-0.063950159,-3.664074190,-0.007326126,-0.012209892,1,3.133914232,179.560058864,-0.002442360,-2.714529037,1,-2.880847216,-165.060386879,-0.002442360,2.687179565,1,-0.193598747,-11.092391137,-0.007326126,0.422466278,1,0.870329857,49.866227583,-0.012210846,-0.003663063,-0.063950159,-3.664074190,0.000000000,-0.000000000,2.000000000,1.000000000,3.143832445,180.128330603,0.000000000,-2.770716190,8.500000000,2.500000000,-2.881228685,-165.082243484,0.000000000,2.694160938,3.000000000,0.800000012,-0.194361687,-11.136104347,0.000000000,0.431225687,1.200000048,0.200000003,0.870713234,49.888193471,0.000000000,0.000140909,0.100000001,0.020000000
2026-07-04 18:18:09.321,1783160289.321032524,305.011224214,1,1,304.996386160,1,0.003883903,5,1,0.002598037,5,1,0,1,0,0,1,1,1,1,1,1,0.249427867,-1.120000000,1.590000000,0.000000000,1,303.904198350,12,1,12,1:-1.251:2.428|2:-0.428:2.425|3:0.392:2.424|4:1.223:2.419|5:1.228:1.589|6:0.405:1.588|7:-0.440:1.588|8:-1.261:1.589|9:-1.185:4.911|10:-0.390:4.902|11:0.375:4.903|12:1.182:4.901,0,-1.000000000,,0,0,0.000000000,0.000000000,0,-1.000000000,0,,0,-1.000000000,,0,-1.000000000,0,,1,-0.063950159,-3.664074190,-0.007326126,-0.012209892,1,3.133914232,179.560058864,-0.002442360,-2.728204727,1,-2.880847216,-165.060386879,-0.007326126,2.673503876,1,-0.193598747,-11.092391137,0.007326126,0.422466278,1,0.870713234,49.888193471,0.012210846,-0.001221180,-0.063950159,-3.664074190,0.000000000,-0.000000000,2.000000000,1.000000000,3.143832445,180.128330603,0.000000000,-2.770716190,8.500000000,2.500000000,-2.881228685,-165.082243484,0.000000000,2.694160938,3.000000000,0.800000012,-0.194361687,-11.136104347,0.000000000,0.431225687,1.200000048,0.200000003,0.870713234,49.888193471,0.000000000,0.000140909,0.100000001,0.020000000
2026-07-04 18:18:10.321,1783160290.320959330,306.011151074,1,1,305.996313020,1,0.003745463,5,1,0.002567106,5,1,0,1,0,0,1,1,1,1,1,1,0.121372175,-1.120000000,1.590000000,0.000000000,1,304.904125210,12,1,12,1:-1.251:2.428|2:-0.428:2.425|3:0.392:2.424|4:1.223:2.419|5:1.228:1.589|6:0.405:1.588|7:-0.440:1.588|8:-1.261:1.589|9:-1.185:4.911|10:-0.390:4.902|11:0.375:4.903|12:1.182:4.901,0,-1.000000000,,0,0,0.000000000,0.000000000,0,-1.000000000,0,,0,-1.000000000,,0,-1.000000000,0,,1,-0.063950159,-3.664074190,-0.021978378,-0.012209892,1,3.133914232,179.560058864,-0.002442360,-2.728204727,1,-2.880847216,-165.060386879,-0.002442360,2.673503876,1,-0.193980217,-11.114247742,-0.021978378,0.422466278,1,0.870713234,49.888193471,-0.012210846,-0.001221180,-0.063950159,-3.664074190,0.000000000,-0.000000000,2.000000000,1.000000000,3.143832445,180.128330603,0.000000000,-2.770716190,8.500000000,2.500000000,-2.881228685,-165.082243484,0.000000000,2.694160938,3.000000000,0.800000012,-0.194361687,-11.136104347,0.000000000,0.431225687,1.200000048,0.200000003,0.870713234,49.888193471,0.000000000,0.000140909,0.100000001,0.020000000
2026-07-04 18:18:11.321,1783160291.320915699,307.011107517,1,1,306.996269463,1,0.003979974,5,1,0.002578852,5,1,0,1,0,0,1,1,1,1,1,1,0.145416047,-1.120000000,1.590000000,0.000000000,1,305.904081653,12,1,12,1:-1.251:2.428|2:-0.428:2.425|3:0.392:2.424|4:1.223:2.419|5:1.228:1.589|6:0.405:1.588|7:-0.440:1.588|8:-1.261:1.589|9:-1.185:4.911|10:-0.390:4.902|11:0.375:4.903|12:1.182:4.901,0,-1.000000000,,0,0,0.000000000,0.000000000,0,-1.000000000,0,,0,-1.000000000,,0,-1.000000000,0,,1,-0.063950159,-3.664074190,-0.007326126,-0.017093658,1,3.133914232,179.560058864,-0.002442360,-2.728204727,1,-2.880847216,-165.060386879,-0.002442360,2.673503876,1,-0.193980217,-11.114247742,-0.021978378,0.422466278,1,0.870329857,49.866227583,-0.012210846,-0.003663063,-0.063950159,-3.664074190,0.000000000,-0.000000000,2.000000000,1.000000000,3.143832445,180.128330603,0.000000000,-2.770716190,8.500000000,2.500000000,-2.881228685,-165.082243484,0.000000000,2.694160938,3.000000000,0.800000012,-0.194361687,-11.136104347,0.000000000,0.431225687,1.200000048,0.200000003,0.870713234,49.888193471,0.000000000,0.000140909,0.100000001,0.020000000
2026-07-04 18:18:12.321,1783160292.320899725,308.011091730,1,1,307.996253676,1,0.003831497,5,1,0.002578354,5,1,0,1,0,0,1,1,1,1,1,1,0.114628712,-1.120000000,1.590000000,0.000000000,1,306.904065866,12,1,12,1:-1.251:2.428|2:-0.428:2.425|3:0.392:2.424|4:1.223:2.419|5:1.228:1.589|6:0.405:1.588|7:-0.440:1.588|8:-1.261:1.589|9:-1.185:4.911|10:-0.390:4.902|11:0.375:4.903|12:1.182:4.901,0,-1.000000000,,0,0,0.000000000,0.000000000,0,-1.000000000,0,,0,-1.000000000,,0,-1.000000000,0,,1,-0.063950159,-3.664074190,-0.007326126,-0.012209892,1,3.133914232,179.560058864,-0.002442360,-2.714529037,1,-2.880847216,-165.060386879,-0.002442360,2.673503876,1,-0.193598747,-11.092391137,-0.007326126,0.422466278,1,0.870329857,49.866227583,-0.036628723,-0.001221180,-0.063950159,-3.664074190,0.000000000,-0.000000000,2.000000000,1.000000000,3.143832445,180.128330603,0.000000000,-2.770716190,8.500000000,2.500000000,-2.881228685,-165.082243484,0.000000000,2.694160938,3.000000000,0.800000012,-0.194361687,-11.136104347,0.000000000,0.431225687,1.200000048,0.200000003,0.870713234,49.888193471,0.000000000,0.000140909,0.100000001,0.020000000
2026-07-04 18:18:13.320,1783160293.320860147,309.011052061,1,1,308.996214007,1,0.003759910,5,1,0.002541505,5,1,0,1,0,0,1,1,1,1,1,1,0.000518816,-1.120000000,1.590000000,0.000000000,1,307.904026197,12,1,12,1:-1.251:2.428|2:-0.428:2.425|3:0.392:2.424|4:1.223:2.419|5:1.228:1.589|6:0.405:1.588|7:-0.440:1.588|8:-1.261:1.589|9:-1.185:4.911|10:-0.390:4.902|11:0.375:4.903|12:1.182:4.901,0,-1.000000000,,0,0,0.000000000,0.000000000,0,-1.000000000,0,,0,-1.000000000,,0,-1.000000000,0,,1,-0.063950159,-3.664074190,-0.007326126,-0.012209892,1,3.133914232,179.560058864,-0.002442360,-2.700855255,1,-2.880847216,-165.060386879,-0.007326126,2.673503876,1,-0.193598747,-11.092391137,-0.021978378,0.422466278,1,0.870329857,49.866227583,-0.036628723,-0.003663063,-0.063950159,-3.664074190,0.000000000,-0.000000000,2.000000000,1.000000000,3.143832445,180.128330603,0.000000000,-2.770716190,8.500000000,2.500000000,-2.881228685,-165.082243484,0.000000000,2.694160938,3.000000000,0.800000012,-0.194361687,-11.136104347,0.000000000,0.431225687,1.200000048,0.200000003,0.870713234,49.888193471,0.000000000,0.000140909,0.100000001,0.020000000
2026-07-04 18:18:14.320,1783160294.320860624,310.011052483,1,1,309.996214429,1,0.003773301,5,1,0.002608040,5,1,0,1,0,0,1,1,1,1,1,1,0.021837792,-1.120000000,1.590000000,0.000000000,1,308.904026619,12,1,12,1:-1.251:2.428|2:-0.428:2.425|3:0.392:2.424|4:1.223:2.419|5:1.228:1.589|6:0.405:1.588|7:-0.440:1.588|8:-1.261:1.589|9:-1.185:4.911|10:-0.390:4.902|11:0.375:4.903|12:1.182:4.901,0,-1.000000000,,0,0,0.000000000,0.000000000,0,-1.000000000,0,,0,-1.000000000,,0,-1.000000000,0,,0,-0.063950159,-3.664074190,-0.021978378,-0.012209892,0,3.133914232,179.560058864,-0.002442360,-2.714529037,0,-2.880847216,-165.060386879,-0.002442360,2.673503876,0,-0.193598747,-11.092391137,-0.007326126,0.422466278,0,0.870329857,49.866227583,-0.012210846,-0.003663063,-0.063950159,-3.664074190,0.000000000,-0.000000000,2.000000000,1.000000000,3.143832445,180.128330603,0.000000000,-2.770716190,8.500000000,2.500000000,-2.881228685,-165.082243484,0.000000000,2.694160938,3.000000000,0.800000012,-0.194361687,-11.136104347,0.000000000,0.431225687,1.200000048,0.200000003,0.870713234,49.888193471,0.000000000,0.000140909,0.100000001,0.020000000
2026-07-04 18:18:15.320,1783160295.320825338,311.011017092,1,1,310.996179038,1,0.003760200,5,1,0.002674324,5,1,0,1,0,0,1,1,1,1,1,1,0.118248517,-1.120000000,1.590000000,0.000000000,1,309.903991228,12,1,12,1:-1.251:2.428|2:-0.428:2.425|3:0.392:2.424|4:1.223:2.419|5:1.228:1.589|6:0.405:1.588|7:-0.440:1.588|8:-1.261:1.589|9:-1.185:4.911|10:-0.390:4.902|11:0.375:4.903|12:1.182:4.901,0,-1.000000000,,0,0,0.000000000,0.000000000,0,-1.000000000,0,,0,-1.000000000,,0,-1.000000000,0,,1,-0.063950159,-3.664074190,-0.007326126,-0.012209892,1,3.133914232,179.560058864,-0.002442360,-2.714529037,1,-2.880847216,-165.060386879,-0.007326126,2.673503876,1,-0.193598747,-11.092391137,-0.007326126,0.422466278,1,0.870329857,49.866227583,-0.012210846,-0.003663063,-0.063950159,-3.664074190,0.000000000,-0.000000000,2.000000000,1.000000000,3.143832445,180.128330603,0.000000000,-2.770716190,8.500000000,2.500000000,-2.881228685,-165.082243484,0.000000000,2.694160938,3.000000000,0.800000012,-0.194361687,-11.136104347,0.000000000,0.431225687,1.200000048,0.200000003,0.870713234,49.888193471,0.000000000,0.000140909,0.100000001,0.020000000
2026-07-04 18:18:16.320,1783160296.320800781,312.010992631,1,1,311.996154577,1,0.003930851,5,1,0.002641899,5,1,0,1,0,0,1,1,1,1,1,1,0.235531787,-1.120000000,1.590000000,0.000000000,1,310.903966767,12,1,12,1:-1.251:2.428|2:-0.428:2.425|3:0.392:2.424|4:1.223:2.419|5:1.228:1.589|6:0.405:1.588|7:-0.440:1.588|8:-1.261:1.589|9:-1.185:4.911|10:-0.390:4.902|11:0.375:4.903|12:1.182:4.901,0,-1.000000000,,0,0,0.000000000,0.000000000,0,-1.000000000,0,,0,-1.000000000,,0,-1.000000000,0,,1,-0.063950159,-3.664074190,-0.021978378,-0.012209892,1,3.133914232,179.560058864,-0.002442360,-2.700855255,1,-2.880847216,-165.060386879,-0.002442360,2.673503876,1,-0.193598747,-11.092391137,-0.007326126,0.422466278,1,0.870329857,49.866227583,-0.036628723,-0.001221180,-0.063950159,-3.664074190,0.000000000,-0.000000000,2.000000000,1.000000000,3.143832445,180.128330603,0.000000000,-2.770716190,8.500000000,2.500000000,-2.881228685,-165.082243484,0.000000000,2.694160938,3.000000000,0.800000012,-0.194361687,-11.136104347,0.000000000,0.431225687,1.200000048,0.200000003,0.870713234,49.888193471,0.000000000,0.000140909,0.100000001,0.020000000
2026-07-04 18:18:17.320,1783160297.320807219,313.010999095,1,1,312.996161041,1,0.003874191,5,1,0.002563507,5,1,0,1,0,0,1,1,1,1,1,1,0.033959843,-1.120000000,1.590000000,0.000000000,1,311.903973231,12,1,12,1:-1.251:2.428|2:-0.428:2.425|3:0.392:2.424|4:1.223:2.419|5:1.228:1.589|6:0.405:1.588|7:-0.440:1.588|8:-1.261:1.589|9:-1.185:4.911|10:-0.390:4.902|11:0.375:4.903|12:1.182:4.901,0,-1.000000000,,0,0,0.000000000,0.000000000,0,-1.000000000,0,,0,-1.000000000,,0,-1.000000000,0,,1,-0.063950159,-3.664074190,0.007326126,-0.012209892,1,3.133914232,179.560058864,-0.002442360,-2.714529037,1,-2.880847216,-165.060386879,0.002442360,2.673503876,1,-0.193980217,-11.114247742,-0.007326126,0.422466278,1,0.870329857,49.866227583,-0.012210846,-0.003663063,-0.063950159,-3.664074190,0.000000000,-0.000000000,2.000000000,1.000000000,3.143832445,180.128330603,0.000000000,-2.770716190,8.500000000,2.500000000,-2.881228685,-165.082243484,0.000000000,2.694160938,3.000000000,0.800000012,-0.194361687,-11.136104347,0.000000000,0.431225687,1.200000048,0.200000003,0.870713234,49.888193471,0.000000000,0.000140909,0.100000001,0.020000000
2026-07-04 18:18:18.320,1783160298.320719242,314.010911087,1,1,313.996073033,1,0.003744195,5,1,0.002615731,5,1,0,1,0,0,1,1,1,1,1,1,0.063365804,-1.120000000,1.590000000,0.000000000,1,312.903885223,12,1,12,1:-1.251:2.428|2:-0.428:2.425|3:0.392:2.424|4:1.223:2.419|5:1.228:1.589|6:0.405:1.588|7:-0.440:1.588|8:-1.261:1.589|9:-1.185:4.911|10:-0.390:4.902|11:0.375:4.903|12:1.182:4.901,0,-1.000000000,,0,0,0.000000000,0.000000000,0,-1.000000000,0,,0,-1.000000000,,0,-1.000000000,0,,1,-0.063950159,-3.664074190,0.007326126,-0.012209892,1,3.133914232,179.560058864,-0.002442360,-2.714529037,1,-2.880847216,-165.060386879,-0.002442360,2.673503876,1,-0.193980217,-11.114247742,-0.007326126,0.422466278,1,0.870329857,49.866227583,-0.036628723,-0.003663063,-0.063950159,-3.664074190,0.000000000,-0.000000000,2.000000000,1.000000000,3.143832445,180.128330603,0.000000000,-2.770716190,8.500000000,2.500000000,-2.881228685,-165.082243484,0.000000000,2.694160938,3.000000000,0.800000012,-0.194361687,-11.136104347,0.000000000,0.431225687,1.200000048,0.200000003,0.870713234,49.888193471,0.000000000,0.000140909,0.100000001,0.020000000
2026-07-04 18:18:19.320,1783160299.320731878,315.010923619,1,1,314.996085565,1,0.003634403,5,1,0.002590237,5,1,0,1,0,0,1,1,1,1,1,1,0.006755057,-1.120000000,1.590000000,0.000000000,1,313.903897755,12,1,12,1:-1.251:2.428|2:-0.428:2.425|3:0.392:2.424|4:1.223:2.419|5:1.228:1.589|6:0.405:1.588|7:-0.440:1.588|8:-1.261:1.589|9:-1.185:4.911|10:-0.390:4.902|11:0.375:4.903|12:1.182:4.901,0,-1.000000000,,0,0,0.000000000,0.000000000,0,-1.000000000,0,,0,-1.000000000,,0,-1.000000000,0,,1,-0.063950159,-3.664074190,-0.007326126,-0.007326126,1,3.133914232,179.560058864,-0.002442360,-2.714529037,1,-2.880847216,-165.060386879,-0.002442360,2.673503876,1,-0.193598747,-11.092391137,-0.007326126,0.422466278,1,0.870329857,49.866227583,-0.036628723,-0.003663063,-0.063950159,-3.664074190,0.000000000,-0.000000000,2.000000000,1.000000000,3.143832445,180.128330603,0.000000000,-2.770716190,8.500000000,2.500000000,-2.881228685,-165.082243484,0.000000000,2.694160938,3.000000000,0.800000012,-0.194361687,-11.136104347,0.000000000,0.431225687,1.200000048,0.200000003,0.870713234,49.888193471,0.000000000,0.000140909,0.100000001,0.020000000
2026-07-04 18:18:20.321,1783160300.320851088,316.011043131,1,1,315.996205077,1,0.003891637,5,1,0.002755721,5,1,0,1,0,0,1,1,1,1,1,1,0.007147367,-1.120000000,1.590000000,0.000000000,1,314.904017267,12,1,12,1:-1.251:2.428|2:-0.428:2.425|3:0.392:2.424|4:1.223:2.419|5:1.228:1.589|6:0.405:1.588|7:-0.440:1.588|8:-1.261:1.589|9:-1.185:4.911|10:-0.390:4.902|11:0.375:4.903|12:1.182:4.901,0,-1.000000000,,0,0,0.000000000,0.000000000,0,-1.000000000,0,,0,-1.000000000,,0,-1.000000000,0,,1,-0.063950159,-3.664074190,-0.007326126,-0.012209892,1,3.133914232,179.560058864,-0.007326126,-2.714529037,1,-2.880847216,-165.060386879,-0.002442360,2.687179565,1,-0.193980217,-11.114247742,-0.007326126,0.422466278,1,0.870329857,49.866227583,-0.012210846,-0.003663063,-0.063950159,-3.664074190,0.000000000,-0.000000000,2.000000000,1.000000000,3.143832445,180.128330603,0.000000000,-2.770716190,8.500000000,2.500000000,-2.881228685,-165.082243484,0.000000000,2.694160938,3.000000000,0.800000012,-0.194361687,-11.136104347,0.000000000,0.431225687,1.200000048,0.200000003,0.870713234,49.888193471,0.000000000,0.000140909,0.100000001,0.020000000
2026-07-04 18:18:21.320,1783160301.320768595,317.010960395,1,1,316.996122341,1,0.003842832,5,1,0.002655297,5,1,0,1,0,0,1,1,1,1,1,1,0.165513966,-1.120000000,1.590000000,0.000000000,1,315.903934531,12,1,12,1:-1.251:2.428|2:-0.428:2.425|3:0.392:2.424|4:1.223:2.419|5:1.228:1.589|6:0.405:1.588|7:-0.440:1.588|8:-1.261:1.589|9:-1.185:4.911|10:-0.390:4.902|11:0.375:4.903|12:1.182:4.901,0,-1.000000000,,0,0,0.000000000,0.000000000,0,-1.000000000,0,,0,-1.000000000,,0,-1.000000000,0,,1,-0.063950159,-3.664074190,-0.007326126,-0.012209892,1,3.133914232,179.560058864,-0.002442360,-2.714529037,1,-2.880847216,-165.060386879,0.002442360,2.673503876,1,-0.193980217,-11.114247742,-0.007326126,0.422466278,1,0.870329857,49.866227583,0.012210846,-0.003663063,-0.063950159,-3.664074190,0.000000000,-0.000000000,2.000000000,1.000000000,3.143832445,180.128330603,0.000000000,-2.770716190,8.500000000,2.500000000,-2.881228685,-165.082243484,0.000000000,2.694160938,3.000000000,0.800000012,-0.194361687,-11.136104347,0.000000000,0.431225687,1.200000048,0.200000003,0.870713234,49.888193471,0.000000000,0.000140909,0.100000001,0.020000000
2026-07-04 18:18:22.320,1783160302.320701361,318.010893305,1,1,317.996055251,1,0.003585623,5,1,0.002510749,5,1,0,1,0,0,1,1,1,1,1,1,0.163434419,-1.120000000,1.590000000,0.000000000,1,316.903867441,12,1,12,1:-1.251:2.428|2:-0.428:2.425|3:0.392:2.424|4:1.223:2.419|5:1.228:1.589|6:0.405:1.588|7:-0.440:1.588|8:-1.261:1.589|9:-1.185:4.911|10:-0.390:4.902|11:0.375:4.903|12:1.182:4.901,0,-1.000000000,,0,0,0.000000000,0.000000000,0,-1.000000000,0,,0,-1.000000000,,0,-1.000000000,0,,1,-0.063950159,-3.664074190,0.007326126,-0.012209892,1,3.133914232,179.560058864,-0.007326126,-2.728204727,1,-2.880847216,-165.060386879,0.002442360,2.687179565,1,-0.193598747,-11.092391137,-0.007326126,0.422466278,1,0.870329857,49.866227583,-0.012210846,-0.003663063,-0.063950159,-3.664074190,0.000000000,-0.000000000,2.000000000,1.000000000,3.143832445,180.128330603,0.000000000,-2.770716190,8.500000000,2.500000000,-2.881228685,-165.082243484,0.000000000,2.694160938,3.000000000,0.800000012,-0.194361687,-11.136104347,0.000000000,0.431225687,1.200000048,0.200000003,0.870713234,49.888193471,0.000000000,0.000140909,0.100000001,0.020000000
2026-07-04 18:18:23.320,1783160303.320668697,319.010860594,1,1,318.996022540,1,0.003761579,5,1,0.002568783,5,1,0,1,0,0,1,1,1,1,1,1,0.059792629,-1.120000000,1.590000000,0.000000000,1,317.903834730,12,1,12,1:-1.251:2.428|2:-0.428:2.425|3:0.392:2.424|4:1.223:2.419|5:1.228:1.589|6:0.405:1.588|7:-0.440:1.588|8:-1.261:1.589|9:-1.185:4.911|10:-0.390:4.902|11:0.375:4.903|12:1.182:4.901,0,-1.000000000,,0,0,0.000000000,0.000000000,0,-1.000000000,0,,0,-1.000000000,,0,-1.000000000,0,,1,-0.063950159,-3.664074190,-0.007326126,-0.012209892,1,3.133914232,179.560058864,-0.002442360,-2.714529037,1,-2.880847216,-165.060386879,-0.002442360,2.673503876,1,-0.193598747,-11.092391137,0.007326126,0.422466278,1,0.870329857,49.866227583,-0.061050415,-0.003663063,-0.063950159,-3.664074190,0.000000000,-0.000000000,2.000000000,1.000000000,3.143832445,180.128330603,0.000000000,-2.770716190,8.500000000,2.500000000,-2.881228685,-165.082243484,0.000000000,2.694160938,3.000000000,0.800000012,-0.194361687,-11.136104347,0.000000000,0.431225687,1.200000048,0.200000003,0.870713234,49.888193471,0.000000000,0.000140909,0.100000001,0.020000000
2026-07-04 18:18:24.320,1783160304.320644379,320.010836223,1,1,319.995998169,1,0.003569721,5,1,0.002591112,5,1,0,1,0,0,1,1,1,1,1,1,0.176692567,-1.120000000,1.590000000,0.000000000,1,318.903810359,12,1,12,1:-1.251:2.428|2:-0.428:2.425|3:0.392:2.424|4:1.223:2.419|5:1.228:1.589|6:0.405:1.588|7:-0.440:1.588|8:-1.261:1.589|9:-1.185:4.911|10:-0.390:4.902|11:0.375:4.903|12:1.182:4.901,0,-1.000000000,,0,0,0.000000000,0.000000000,0,-1.000000000,0,,0,-1.000000000,,0,-1.000000000,0,,1,-0.063950159,-3.664074190,0.007326126,-0.012209892,1,3.133914232,179.560058864,-0.007326126,-2.714529037,1,-2.880847216,-165.060386879,-0.002442360,2.673503876,1,-0.193980217,-11.114247742,-0.007326126,0.422466278,1,0.870329857,49.866227583,-0.012210846,-0.003663063,-0.063950159,-3.664074190,0.000000000,-0.000000000,2.000000000,1.000000000,3.143832445,180.128330603,0.000000000,-2.770716190,8.500000000,2.500000000,-2.881228685,-165.082243484,0.000000000,2.694160938,3.000000000,0.800000012,-0.194361687,-11.136104347,0.000000000,0.431225687,1.200000048,0.200000003,0.870713234,49.888193471,0.000000000,0.000140909,0.100000001,0.020000000
2026-07-04 18:18:25.320,1783160305.320629358,321.010821078,1,1,320.995983024,1,0.003598420,5,1,0.002549873,5,1,0,1,0,0,1,1,1,1,1,1,0.012218224,-1.120000000,1.590000000,0.000000000,1,319.903795214,12,1,12,1:-1.251:2.428|2:-0.428:2.425|3:0.392:2.424|4:1.223:2.419|5:1.228:1.589|6:0.405:1.588|7:-0.440:1.588|8:-1.261:1.589|9:-1.185:4.911|10:-0.390:4.902|11:0.375:4.903|12:1.182:4.901,0,-1.000000000,,0,0,0.000000000,0.000000000,0,-1.000000000,0,,0,-1.000000000,,0,-1.000000000,0,,1,-0.063950159,-3.664074190,0.007326126,-0.012209892,1,3.133914232,179.560058864,-0.002442360,-2.714529037,1,-2.880847216,-165.060386879,-0.007326126,2.687179565,1,-0.193598747,-11.092391137,0.007326126,0.422466278,1,0.870329857,49.866227583,-0.036628723,-0.003663063,-0.063950159,-3.664074190,0.000000000,-0.000000000,2.000000000,1.000000000,3.143832445,180.128330603,0.000000000,-2.770716190,8.500000000,2.500000000,-2.881228685,-165.082243484,0.000000000,2.694160938,3.000000000,0.800000012,-0.194361687,-11.136104347,0.000000000,0.431225687,1.200000048,0.200000003,0.870713234,49.888193471,0.000000000,0.000140909,0.100000001,0.020000000
2026-07-04 18:18:26.320,1783160306.320632458,322.010824490,1,1,321.995986436,1,0.003795551,5,1,0.002455573,5,1,0,1,0,0,1,1,1,1,1,1,0.145855694,-1.120000000,1.590000000,0.000000000,1,320.903798626,12,1,12,1:-1.251:2.428|2:-0.428:2.425|3:0.392:2.424|4:1.223:2.419|5:1.228:1.589|6:0.405:1.588|7:-0.440:1.588|8:-1.261:1.589|9:-1.185:4.911|10:-0.390:4.902|11:0.375:4.903|12:1.182:4.901,0,-1.000000000,,0,0,0.000000000,0.000000000,0,-1.000000000,0,,0,-1.000000000,,0,-1.000000000,0,,1,-0.063950159,-3.664074190,-0.007326126,-0.012209892,1,3.133914232,179.560058864,-0.002442360,-2.728204727,1,-2.880847216,-165.060386879,-0.002442360,2.673503876,1,-0.193980217,-11.114247742,-0.021978378,0.422466278,1,0.870329857,49.866227583,0.012210846,-0.003663063,-0.063950159,-3.664074190,0.000000000,-0.000000000,2.000000000,1.000000000,3.143832445,180.128330603,0.000000000,-2.770716190,8.500000000,2.500000000,-2.881228685,-165.082243484,0.000000000,2.694160938,3.000000000,0.800000012,-0.194361687,-11.136104347,0.000000000,0.431225687,1.200000048,0.200000003,0.870713234,49.888193471,0.000000000,0.000140909,0.100000001,0.020000000
2026-07-04 18:18:27.320,1783160307.320583582,323.010775621,1,1,322.995937567,1,0.003986406,5,1,0.002583006,5,1,0,1,0,0,1,1,1,1,1,1,0.123561523,-1.120000000,1.590000000,0.000000000,1,321.903749757,12,1,12,1:-1.251:2.428|2:-0.428:2.425|3:0.392:2.424|4:1.223:2.419|5:1.228:1.589|6:0.405:1.588|7:-0.440:1.588|8:-1.261:1.589|9:-1.185:4.911|10:-0.390:4.902|11:0.375:4.903|12:1.182:4.901,0,-1.000000000,,0,0,0.000000000,0.000000000,0,-1.000000000,0,,0,-1.000000000,,0,-1.000000000,0,,1,-0.063950159,-3.664074190,-0.021978378,-0.012209892,1,3.133914232,179.560058864,-0.002442360,-2.714529037,1,-2.880847216,-165.060386879,-0.002442360,2.673503876,1,-0.193598747,-11.092391137,-0.007326126,0.422466278,1,0.870329857,49.866227583,-0.012210846,-0.001221180,-0.063950159,-3.664074190,0.000000000,-0.000000000,2.000000000,1.000000000,3.143832445,180.128330603,0.000000000,-2.770716190,8.500000000,2.500000000,-2.881228685,-165.082243484,0.000000000,2.694160938,3.000000000,0.800000012,-0.194361687,-11.136104347,0.000000000,0.431225687,1.200000048,0.200000003,0.870713234,49.888193471,0.000000000,0.000140909,0.100000001,0.020000000
2026-07-04 18:18:28.320,1783160308.320542097,324.010733931,1,1,323.995895877,1,0.003817028,5,1,0.002634609,5,1,0,1,0,0,1,1,1,1,1,1,0.102934082,-1.120000000,1.590000000,0.000000000,1,322.903708067,12,1,12,1:-1.251:2.428|2:-0.428:2.425|3:0.392:2.424|4:1.223:2.419|5:1.228:1.589|6:0.405:1.588|7:-0.440:1.588|8:-1.261:1.589|9:-1.185:4.911|10:-0.390:4.902|11:0.375:4.903|12:1.182:4.901,0,-1.000000000,,0,0,0.000000000,0.000000000,0,-1.000000000,0,,0,-1.000000000,,0,-1.000000000,0,,1,-0.063950159,-3.664074190,-0.007326126,-0.012209892,1,3.133914232,179.560058864,-0.007326126,-2.700855255,1,-2.880847216,-165.060386879,-0.007326126,2.673503876,1,-0.193980217,-11.114247742,-0.021978378,0.422466278,1,0.870329857,49.866227583,-0.012210846,-0.001221180,-0.063950159,-3.664074190,0.000000000,-0.000000000,2.000000000,1.000000000,3.143832445,180.128330603,0.000000000,-2.770716190,8.500000000,2.500000000,-2.881228685,-165.082243484,0.000000000,2.694160938,3.000000000,0.800000012,-0.194361687,-11.136104347,0.000000000,0.431225687,1.200000048,0.200000003,0.870713234,49.888193471,0.000000000,0.000140909,0.100000001,0.020000000
2026-07-04 18:18:29.320,1783160309.320492268,325.010684138,1,1,324.995846084,1,0.003771022,5,1,0.002287354,5,1,0,1,0,0,1,1,1,1,1,1,0.100709651,-1.120000000,1.590000000,0.000000000,1,323.903658274,12,1,12,1:-1.251:2.428|2:-0.428:2.425|3:0.392:2.424|4:1.223:2.419|5:1.228:1.589|6:0.405:1.588|7:-0.440:1.588|8:-1.261:1.589|9:-1.185:4.911|10:-0.390:4.902|11:0.375:4.903|12:1.182:4.901,0,-1.000000000,,0,0,0.000000000,0.000000000,0,-1.000000000,0,,0,-1.000000000,,0,-1.000000000,0,,1,-0.063950159,-3.664074190,-0.007326126,-0.012209892,1,3.133914232,179.560058864,-0.002442360,-2.714529037,1,-2.880847216,-165.060386879,-0.002442360,2.673503876,1,-0.193598747,-11.092391137,-0.007326126,0.422466278,1,0.870329857,49.866227583,-0.012210846,-0.003663063,-0.063950159,-3.664074190,0.000000000,-0.000000000,2.000000000,1.000000000,3.143832445,180.128330603,0.000000000,-2.770716190,8.500000000,2.500000000,-2.881228685,-165.082243484,0.000000000,2.694160938,3.000000000,0.800000012,-0.194361687,-11.136104347,0.000000000,0.431225687,1.200000048,0.200000003,0.870713234,49.888193471,0.000000000,0.000140909,0.100000001,0.020000000
2026-07-04 18:18:30.320,1783160310.320548534,326.010740508,1,1,325.995902454,1,0.003592469,5,1,0.002454951,5,1,0,1,0,0,1,1,1,1,1,1,0.128057135,-1.120000000,1.590000000,0.000000000,1,324.903714644,12,1,12,1:-1.251:2.428|2:-0.428:2.425|3:0.392:2.424|4:1.223:2.419|5:1.228:1.589|6:0.405:1.588|7:-0.440:1.588|8:-1.261:1.589|9:-1.185:4.911|10:-0.390:4.902|11:0.375:4.903|12:1.182:4.901,0,-1.000000000,,0,0,0.000000000,0.000000000,0,-1.000000000,0,,0,-1.000000000,,0,-1.000000000,0,,1,-0.063950159,-3.664074190,-0.007326126,-0.012209892,1,3.133914232,179.560058864,-0.002442360,-2.728204727,1,-2.880847216,-165.060386879,-0.002442360,2.673503876,1,-0.193598747,-11.092391137,-0.007326126,0.422466278,1,0.870329857,49.866227583,-0.012210846,-0.001221180,-0.063950159,-3.664074190,0.000000000,-0.000000000,2.000000000,1.000000000,3.143832445,180.128330603,0.000000000,-2.770716190,8.500000000,2.500000000,-2.881228685,-165.082243484,0.000000000,2.694160938,3.000000000,0.800000012,-0.194361687,-11.136104347,0.000000000,0.431225687,1.200000048,0.200000003,0.870713234,49.888193471,0.000000000,0.000140909,0.100000001,0.020000000
2026-07-04 18:18:31.320,1783160311.320517302,327.010709109,1,1,326.995871055,1,0.003950299,5,1,0.002614740,5,1,0,1,0,0,1,1,1,1,1,1,0.118626904,-1.120000000,1.590000000,0.000000000,1,325.903683245,12,1,12,1:-1.251:2.428|2:-0.428:2.425|3:0.392:2.424|4:1.223:2.419|5:1.228:1.589|6:0.405:1.588|7:-0.440:1.588|8:-1.261:1.589|9:-1.185:4.911|10:-0.390:4.902|11:0.375:4.903|12:1.182:4.901,0,-1.000000000,,0,0,0.000000000,0.000000000,0,-1.000000000,0,,0,-1.000000000,,0,-1.000000000,0,,1,-0.063950159,-3.664074190,-0.007326126,-0.012209892,1,3.133914232,179.560058864,0.002442360,-2.714529037,1,-2.880847216,-165.060386879,-0.002442360,2.673503876,1,-0.193598747,-11.092391137,-0.007326126,0.422466278,1,0.870329857,49.866227583,-0.012210846,-0.003663063,-0.063950159,-3.664074190,0.000000000,-0.000000000,2.000000000,1.000000000,3.143832445,180.128330603,0.000000000,-2.770716190,8.500000000,2.500000000,-2.881228685,-165.082243484,0.000000000,2.694160938,3.000000000,0.800000012,-0.194361687,-11.136104347,0.000000000,0.431225687,1.200000048,0.200000003,0.870713234,49.888193471,0.000000000,0.000140909,0.100000001,0.020000000
2026-07-04 18:18:32.320,1783160312.320504427,328.010696225,1,1,327.995858171,1,0.003709618,5,1,0.002413944,5,1,0,1,0,0,1,1,1,1,1,1,0.046943124,-1.120000000,1.590000000,0.000000000,1,326.903670361,12,1,12,1:-1.251:2.428|2:-0.428:2.425|3:0.392:2.424|4:1.223:2.419|5:1.228:1.589|6:0.405:1.588|7:-0.440:1.588|8:-1.261:1.589|9:-1.185:4.911|10:-0.390:4.902|11:0.375:4.903|12:1.182:4.901,0,-1.000000000,,0,0,0.000000000,0.000000000,0,-1.000000000,0,,0,-1.000000000,,0,-1.000000000,0,,1,-0.063950159,-3.664074190,-0.007326126,-0.012209892,1,3.133914232,179.560058864,-0.007326126,-2.714529037,1,-2.880847216,-165.060386879,-0.002442360,2.673503876,1,-0.193598747,-11.092391137,-0.007326126,0.422466278,1,0.870329857,49.866227583,-0.012210846,-0.003663063,-0.063950159,-3.664074190,0.000000000,-0.000000000,2.000000000,1.000000000,3.143832445,180.128330603,0.000000000,-2.770716190,8.500000000,2.500000000,-2.881228685,-165.082243484,0.000000000,2.694160938,3.000000000,0.800000012,-0.194361687,-11.136104347,0.000000000,0.431225687,1.200000048,0.200000003,0.870713234,49.888193471,0.000000000,0.000140909,0.100000001,0.020000000
2026-07-04 18:18:33.320,1783160313.320475340,329.010667115,1,1,328.995829061,1,0.003798674,5,1,0.002525628,5,1,0,1,0,0,1,1,1,1,1,1,0.027224559,-1.120000000,1.590000000,0.000000000,1,327.903641251,12,1,12,1:-1.251:2.428|2:-0.428:2.425|3:0.392:2.424|4:1.223:2.419|5:1.228:1.589|6:0.405:1.588|7:-0.440:1.588|8:-1.261:1.589|9:-1.185:4.911|10:-0.390:4.902|11:0.375:4.903|12:1.182:4.901,0,-1.000000000,,0,0,0.000000000,0.000000000,0,-1.000000000,0,,0,-1.000000000,,0,-1.000000000,0,,1,-0.063950159,-3.664074190,-0.007326126,-0.012209892,1,3.133914232,179.560058864,-0.007326126,-2.714529037,1,-2.880847216,-165.060386879,-0.002442360,2.673503876,1,-0.193598747,-11.092391137,-0.007326126,0.422466278,1,0.870329857,49.866227583,0.012210846,-0.001221180,-0.063950159,-3.664074190,0.000000000,-0.000000000,2.000000000,1.000000000,3.143832445,180.128330603,0.000000000,-2.770716190,8.500000000,2.500000000,-2.881228685,-165.082243484,0.000000000,2.694160938,3.000000000,0.800000012,-0.194361687,-11.136104347,0.000000000,0.431225687,1.200000048,0.200000003,0.870713234,49.888193471,0.000000000,0.000140909,0.100000001,0.020000000
2026-07-04 18:18:34.320,1783160314.320433855,330.010625870,1,1,329.995787816,1,0.003826828,5,1,0.002473171,5,1,0,1,0,0,1,1,1,1,1,1,0.157143062,-1.120000000,1.590000000,0.000000000,1,328.903600006,12,1,12,1:-1.251:2.428|2:-0.428:2.425|3:0.392:2.424|4:1.223:2.419|5:1.228:1.589|6:0.405:1.588|7:-0.440:1.588|8:-1.261:1.589|9:-1.185:4.911|10:-0.390:4.902|11:0.375:4.903|12:1.182:4.901,0,-1.000000000,,0,0,0.000000000,0.000000000,0,-1.000000000,0,,0,-1.000000000,,0,-1.000000000,0,,1,-0.063950159,-3.664074190,-0.021978378,-0.012209892,1,3.133914232,179.560058864,-0.002442360,-2.714529037,1,-2.880847216,-165.060386879,-0.002442360,2.673503876,1,-0.193598747,-11.092391137,-0.007326126,0.422466278,1,0.870329857,49.866227583,-0.012210846,-0.003663063,-0.063950159,-3.664074190,0.000000000,-0.000000000,2.000000000,1.000000000,3.143832445,180.128330603,0.000000000,-2.770716190,8.500000000,2.500000000,-2.881228685,-165.082243484,0.000000000,2.694160938,3.000000000,0.800000012,-0.194361687,-11.136104347,0.000000000,0.431225687,1.200000048,0.200000003,0.870713234,49.888193471,0.000000000,0.000140909,0.100000001,0.020000000
2026-07-04 18:18:35.320,1783160315.320413113,331.010605049,1,1,330.995766995,1,0.003353206,5,1,0.002568631,5,1,0,1,0,0,1,1,1,1,1,1,0.056586885,-1.120000000,1.590000000,0.000000000,1,329.903579185,12,1,12,1:-1.251:2.428|2:-0.428:2.425|3:0.392:2.424|4:1.223:2.419|5:1.228:1.589|6:0.405:1.588|7:-0.440:1.588|8:-1.261:1.589|9:-1.185:4.911|10:-0.390:4.902|11:0.375:4.903|12:1.182:4.901,0,-1.000000000,,0,0,0.000000000,0.000000000,0,-1.000000000,0,,0,-1.000000000,,0,-1.000000000,0,,1,-0.063950159,-3.664074190,0.007326126,-0.012209892,1,3.133914232,179.560058864,-0.002442360,-2.714529037,1,-2.880847216,-165.060386879,0.002442360,2.673503876,1,-0.193598747,-11.092391137,0.007326126,0.422466278,1,0.870713234,49.888193471,0.012210846,-0.003663063,-0.063950159,-3.664074190,0.000000000,-0.000000000,2.000000000,1.000000000,3.143832445,180.128330603,0.000000000,-2.770716190,8.500000000,2.500000000,-2.881228685,-165.082243484,0.000000000,2.694160938,3.000000000,0.800000012,-0.194361687,-11.136104347,0.000000000,0.431225687,1.200000048,0.200000003,0.870713234,49.888193471,0.000000000,0.000140909,0.100000001,0.020000000
2026-07-04 18:18:36.320,1783160316.320415258,332.010607162,1,1,331.995769108,1,0.003740119,5,1,0.002366159,5,1,0,1,0,0,1,1,1,1,1,1,0.036253743,-1.120000000,1.590000000,0.000000000,1,330.903581298,12,1,12,1:-1.251:2.428|2:-0.428:2.425|3:0.392:2.424|4:1.223:2.419|5:1.228:1.589|6:0.405:1.588|7:-0.440:1.588|8:-1.261:1.589|9:-1.185:4.911|10:-0.390:4.902|11:0.375:4.903|12:1.182:4.901,0,-1.000000000,,0,0,0.000000000,0.000000000,0,-1.000000000,0,,0,-1.000000000,,0,-1.000000000,0,,1,-0.063950159,-3.664074190,-0.007326126,-0.012209892,1,3.133914232,179.560058864,-0.002442360,-2.714529037,1,-2.880847216,-165.060386879,-0.002442360,2.673503876,1,-0.193598747,-11.092391137,-0.021978378,0.422466278,1,0.870713234,49.888193471,-0.012210846,-0.003663063,-0.063950159,-3.664074190,0.000000000,-0.000000000,2.000000000,1.000000000,3.143832445,180.128330603,0.000000000,-2.770716190,8.500000000,2.500000000,-2.881228685,-165.082243484,0.000000000,2.694160938,3.000000000,0.800000012,-0.194361687,-11.136104347,0.000000000,0.431225687,1.200000048,0.200000003,0.870713234,49.888193471,0.000000000,0.000140909,0.100000001,0.020000000
2026-07-04 18:18:37.320,1783160317.320360899,333.010552771,1,1,332.995714717,1,0.003797082,5,1,0.002659059,5,1,0,1,0,0,1,1,1,1,1,1,0.241324464,-1.120000000,1.590000000,0.000000000,1,331.903526907,12,1,12,1:-1.251:2.428|2:-0.428:2.425|3:0.392:2.424|4:1.223:2.419|5:1.228:1.589|6:0.405:1.588|7:-0.440:1.588|8:-1.261:1.589|9:-1.185:4.911|10:-0.390:4.902|11:0.375:4.903|12:1.182:4.901,0,-1.000000000,,0,0,0.000000000,0.000000000,0,-1.000000000,0,,0,-1.000000000,,0,-1.000000000,0,,1,-0.063950159,-3.664074190,-0.007326126,-0.012209892,1,3.133914232,179.560058864,-0.002442360,-2.728204727,1,-2.880847216,-165.060386879,-0.002442360,2.673503876,1,-0.193598747,-11.092391137,-0.007326126,0.422466278,1,0.870329857,49.866227583,-0.012210846,-0.003663063,-0.063950159,-3.664074190,0.000000000,-0.000000000,2.000000000,1.000000000,3.143832445,180.128330603,0.000000000,-2.770716190,8.500000000,2.500000000,-2.881228685,-165.082243484,0.000000000,2.694160938,3.000000000,0.800000012,-0.194361687,-11.136104347,0.000000000,0.431225687,1.200000048,0.200000003,0.870713234,49.888193471,0.000000000,0.000140909,0.100000001,0.020000000
2026-07-04 18:18:38.320,1783160318.320346594,334.010538506,1,1,333.995700452,1,0.003884067,5,1,0.002569243,5,1,0,1,0,0,1,1,1,1,1,1,0.056306232,-1.120000000,1.590000000,0.000000000,1,332.903512642,12,1,12,1:-1.251:2.428|2:-0.428:2.425|3:0.392:2.424|4:1.223:2.419|5:1.228:1.589|6:0.405:1.588|7:-0.440:1.588|8:-1.261:1.589|9:-1.185:4.911|10:-0.390:4.902|11:0.375:4.903|12:1.182:4.901,0,-1.000000000,,0,0,0.000000000,0.000000000,0,-1.000000000,0,,0,-1.000000000,,0,-1.000000000,0,,1,-0.063950159,-3.664074190,-0.007326126,-0.017093658,1,3.133914232,179.560058864,0.002442360,-2.700855255,1,-2.880847216,-165.060386879,-0.002442360,2.673503876,1,-0.193598747,-11.092391137,-0.007326126,0.422466278,1,0.870329857,49.866227583,-0.036628723,-0.003663063,-0.063950159,-3.664074190,0.000000000,-0.000000000,2.000000000,1.000000000,3.143832445,180.128330603,0.000000000,-2.770716190,8.500000000,2.500000000,-2.881228685,-165.082243484,0.000000000,2.694160938,3.000000000,0.800000012,-0.194361687,-11.136104347,0.000000000,0.431225687,1.200000048,0.200000003,0.870713234,49.888193471,0.000000000,0.000140909,0.100000001,0.020000000
2026-07-04 18:18:39.320,1783160319.320306540,335.010498235,1,1,334.995660181,1,0.003887223,5,1,0.002607086,5,1,0,1,0,0,1,1,1,1,1,1,0.062398733,-1.120000000,1.590000000,0.000000000,1,333.903472371,12,1,12,1:-1.251:2.428|2:-0.428:2.425|3:0.392:2.424|4:1.223:2.419|5:1.228:1.589|6:0.405:1.588|7:-0.440:1.588|8:-1.261:1.589|9:-1.185:4.911|10:-0.390:4.902|11:0.375:4.903|12:1.182:4.901,0,-1.000000000,,0,0,0.000000000,0.000000000,0,-1.000000000,0,,0,-1.000000000,,0,-1.000000000,0,,1,-0.063950159,-3.664074190,-0.007326126,-0.017093658,1,3.133914232,179.560058864,-0.002442360,-2.700855255,1,-2.880847216,-165.060386879,-0.002442360,2.673503876,1,-0.193598747,-11.092391137,-0.007326126,0.422466278,1,0.870713234,49.888193471,-0.012210846,-0.003663063,-0.063950159,-3.664074190,0.000000000,-0.000000000,2.000000000,1.000000000,3.143832445,180.128330603,0.000000000,-2.770716190,8.500000000,2.500000000,-2.881228685,-165.082243484,0.000000000,2.694160938,3.000000000,0.800000012,-0.194361687,-11.136104347,0.000000000,0.431225687,1.200000048,0.200000003,0.870713234,49.888193471,0.000000000,0.000140909,0.100000001,0.020000000
2026-07-04 18:18:40.320,1783160320.320302010,336.010493960,1,1,335.995655906,1,0.003941508,5,1,0.002472069,5,1,0,1,0,0,1,1,1,1,1,1,0.019457117,-1.120000000,1.590000000,0.000000000,1,334.903468096,12,1,12,1:-1.251:2.428|2:-0.428:2.425|3:0.392:2.424|4:1.223:2.419|5:1.228:1.589|6:0.405:1.588|7:-0.440:1.588|8:-1.261:1.589|9:-1.185:4.911|10:-0.390:4.902|11:0.375:4.903|12:1.182:4.901,0,-1.000000000,,0,0,0.000000000,0.000000000,0,-1.000000000,0,,0,-1.000000000,,0,-1.000000000,0,,1,-0.063950159,-3.664074190,-0.007326126,-0.012209892,1,3.133914232,179.560058864,-0.002442360,-2.700855255,1,-2.880847216,-165.060386879,0.002442360,2.673503876,1,-0.193980217,-11.114247742,-0.021978378,0.422466278,1,0.870329857,49.866227583,-0.036628723,-0.001221180,-0.063950159,-3.664074190,0.000000000,-0.000000000,2.000000000,1.000000000,3.143832445,180.128330603,0.000000000,-2.770716190,8.500000000,2.500000000,-2.881228685,-165.082243484,0.000000000,2.694160938,3.000000000,0.800000012,-0.194361687,-11.136104347,0.000000000,0.431225687,1.200000048,0.200000003,0.870713234,49.888193471,0.000000000,0.000140909,0.100000001,0.020000000
2026-07-04 18:18:41.320,1783160321.320260525,337.010452503,1,1,336.995614449,1,0.003847843,5,1,0.002593267,5,1,0,1,0,0,1,1,1,1,1,1,0.108184609,-1.120000000,1.590000000,0.000000000,1,335.903426639,12,1,12,1:-1.251:2.428|2:-0.428:2.425|3:0.392:2.424|4:1.223:2.419|5:1.228:1.589|6:0.405:1.588|7:-0.440:1.588|8:-1.261:1.589|9:-1.185:4.911|10:-0.390:4.902|11:0.375:4.903|12:1.182:4.901,0,-1.000000000,,0,0,0.000000000,0.000000000,0,-1.000000000,0,,0,-1.000000000,,0,-1.000000000,0,,1,-0.063950159,-3.664074190,-0.007326126,-0.012209892,1,3.133914232,179.560058864,-0.002442360,-2.728204727,1,-2.880847216,-165.060386879,-0.002442360,2.673503876,1,-0.193598747,-11.092391137,-0.021978378,0.422466278,1,0.870329857,49.866227583,0.012210846,-0.003663063,-0.063950159,-3.664074190,0.000000000,-0.000000000,2.000000000,1.000000000,3.143832445,180.128330603,0.000000000,-2.770716190,8.500000000,2.500000000,-2.881228685,-165.082243484,0.000000000,2.694160938,3.000000000,0.800000012,-0.194361687,-11.136104347,0.000000000,0.431225687,1.200000048,0.200000003,0.870713234,49.888193471,0.000000000,0.000140909,0.100000001,0.020000000
2026-07-04 18:18:42.320,1783160322.320237398,338.010429196,1,1,337.995591142,1,0.003727958,5,1,0.002629808,5,1,0,1,0,0,1,1,1,1,1,1,0.047444438,-1.120000000,1.590000000,0.000000000,1,336.903403332,12,1,12,1:-1.251:2.428|2:-0.428:2.425|3:0.392:2.424|4:1.223:2.419|5:1.228:1.589|6:0.405:1.588|7:-0.440:1.588|8:-1.261:1.589|9:-1.185:4.911|10:-0.390:4.902|11:0.375:4.903|12:1.182:4.901,0,-1.000000000,,0,0,0.000000000,0.000000000,0,-1.000000000,0,,0,-1.000000000,,0,-1.000000000,0,,1,-0.063950159,-3.664074190,0.007326126,-0.017093658,1,3.133914232,179.560058864,-0.002442360,-2.714529037,1,-2.880847216,-165.060386879,0.002442360,2.687179565,1,-0.193598747,-11.092391137,-0.007326126,0.422466278,1,0.870329857,49.866227583,-0.012210846,-0.003663063,-0.063950159,-3.664074190,0.000000000,-0.000000000,2.000000000,1.000000000,3.143832445,180.128330603,0.000000000,-2.770716190,8.500000000,2.500000000,-2.881228685,-165.082243484,0.000000000,2.694160938,3.000000000,0.800000012,-0.194361687,-11.136104347,0.000000000,0.431225687,1.200000048,0.200000003,0.870713234,49.888193471,0.000000000,0.000140909,0.100000001,0.020000000
2026-07-04 18:18:43.320,1783160323.320245266,339.010437174,1,1,338.995599120,1,0.004010113,5,1,0.002722688,5,1,0,1,0,0,1,1,1,1,1,1,0.164932653,-1.120000000,1.590000000,0.000000000,1,337.903411310,12,1,12,1:-1.251:2.428|2:-0.428:2.425|3:0.392:2.424|4:1.223:2.419|5:1.228:1.589|6:0.405:1.588|7:-0.440:1.588|8:-1.261:1.589|9:-1.185:4.911|10:-0.390:4.902|11:0.375:4.903|12:1.182:4.901,0,-1.000000000,,0,0,0.000000000,0.000000000,0,-1.000000000,0,,0,-1.000000000,,0,-1.000000000,0,,1,-0.063950159,-3.664074190,-0.007326126,-0.012209892,1,3.133914232,179.560058864,-0.002442360,-2.714529037,1,-2.880847216,-165.060386879,-0.002442360,2.687179565,1,-0.193980217,-11.114247742,-0.007326126,0.422466278,1,0.870329857,49.866227583,-0.012210846,-0.001221180,-0.063950159,-3.664074190,0.000000000,-0.000000000,2.000000000,1.000000000,3.143832445,180.128330603,0.000000000,-2.770716190,8.500000000,2.500000000,-2.881228685,-165.082243484,0.000000000,2.694160938,3.000000000,0.800000012,-0.194361687,-11.136104347,0.000000000,0.431225687,1.200000048,0.200000003,0.870713234,49.888193471,0.000000000,0.000140909,0.100000001,0.020000000
2026-07-04 18:18:44.320,1783160324.320247889,340.010439601,1,1,339.995601547,1,0.003325137,5,1,0.002427598,5,1,0,1,0,0,1,1,1,1,1,1,0.056392930,-1.120000000,1.590000000,0.000000000,1,338.903413737,12,1,12,1:-1.251:2.428|2:-0.428:2.425|3:0.392:2.424|4:1.223:2.419|5:1.228:1.589|6:0.405:1.588|7:-0.440:1.588|8:-1.261:1.589|9:-1.185:4.911|10:-0.390:4.902|11:0.375:4.903|12:1.182:4.901,0,-1.000000000,,0,0,0.000000000,0.000000000,0,-1.000000000,0,,0,-1.000000000,,0,-1.000000000,0,,1,-0.063950159,-3.664074190,-0.021978378,-0.012209892,1,3.133914232,179.560058864,-0.002442360,-2.714529037,1,-2.880847216,-165.060386879,-0.002442360,2.673503876,1,-0.193980217,-11.114247742,-0.007326126,0.422466278,1,0.870329857,49.866227583,-0.036628723,-0.003663063,-0.063950159,-3.664074190,0.000000000,-0.000000000,2.000000000,1.000000000,3.143832445,180.128330603,0.000000000,-2.770716190,8.500000000,2.500000000,-2.881228685,-165.082243484,0.000000000,2.694160938,3.000000000,0.800000012,-0.194361687,-11.136104347,0.000000000,0.431225687,1.200000048,0.200000003,0.870713234,49.888193471,0.000000000,0.000140909,0.100000001,0.020000000
2026-07-04 18:18:45.320,1783160325.320166826,341.010358745,1,1,340.995520691,1,0.003721998,5,1,0.002542464,5,1,0,1,0,0,1,1,1,1,1,1,0.068374194,-1.120000000,1.590000000,0.000000000,1,339.903332881,12,1,12,1:-1.251:2.428|2:-0.428:2.425|3:0.392:2.424|4:1.223:2.419|5:1.228:1.589|6:0.405:1.588|7:-0.440:1.588|8:-1.261:1.589|9:-1.185:4.911|10:-0.390:4.902|11:0.375:4.903|12:1.182:4.901,0,-1.000000000,,0,0,0.000000000,0.000000000,0,-1.000000000,0,,0,-1.000000000,,0,-1.000000000,0,,1,-0.063950159,-3.664074190,-0.007326126,-0.012209892,1,3.133914232,179.560058864,-0.007326126,-2.714529037,1,-2.880847216,-165.060386879,-0.002442360,2.673503876,1,-0.193598747,-11.092391137,0.007326126,0.422466278,1,0.870329857,49.866227583,-0.012210846,-0.001221180,-0.063950159,-3.664074190,0.000000000,-0.000000000,2.000000000,1.000000000,3.143832445,180.128330603,0.000000000,-2.770716190,8.500000000,2.500000000,-2.881228685,-165.082243484,0.000000000,2.694160938,3.000000000,0.800000012,-0.194361687,-11.136104347,0.000000000,0.431225687,1.200000048,0.200000003,0.870713234,49.888193471,0.000000000,0.000140909,0.100000001,0.020000000
2026-07-04 18:18:46.320,1783160326.320188761,342.010380465,1,1,341.995542411,1,0.003879351,5,1,0.001985122,5,1,0,1,0,0,1,1,1,1,1,1,0.067158965,-1.120000000,1.590000000,0.000000000,1,340.903354601,12,1,12,1:-1.251:2.428|2:-0.428:2.425|3:0.392:2.424|4:1.223:2.419|5:1.228:1.589|6:0.405:1.588|7:-0.440:1.588|8:-1.261:1.589|9:-1.185:4.911|10:-0.390:4.902|11:0.375:4.903|12:1.182:4.901,0,-1.000000000,,0,0,0.000000000,0.000000000,0,-1.000000000,0,,0,-1.000000000,,0,-1.000000000,0,,1,-0.063950159,-3.664074190,-0.021978378,-0.012209892,1,3.133914232,179.560058864,-0.002442360,-2.714529037,1,-2.880847216,-165.060386879,-0.002442360,2.673503876,1,-0.193980217,-11.114247742,-0.021978378,0.422466278,1,0.870329857,49.866227583,-0.036628723,-0.003663063,-0.063950159,-3.664074190,0.000000000,-0.000000000,2.000000000,1.000000000,3.143832445,180.128330603,0.000000000,-2.770716190,8.500000000,2.500000000,-2.881228685,-165.082243484,0.000000000,2.694160938,3.000000000,0.800000012,-0.194361687,-11.136104347,0.000000000,0.431225687,1.200000048,0.200000003,0.870713234,49.888193471,0.000000000,0.000140909,0.100000001,0.020000000
2026-07-04 18:18:47.320,1783160327.320178509,343.010370347,1,1,342.995532293,1,0.003858316,5,1,0.002631415,5,1,0,1,0,0,1,1,1,1,1,1,0.099221793,-1.120000000,1.590000000,0.000000000,1,341.903344483,12,1,12,1:-1.251:2.428|2:-0.428:2.425|3:0.392:2.424|4:1.223:2.419|5:1.228:1.589|6:0.405:1.588|7:-0.440:1.588|8:-1.261:1.589|9:-1.185:4.911|10:-0.390:4.902|11:0.375:4.903|12:1.182:4.901,0,-1.000000000,,0,0,0.000000000,0.000000000,0,-1.000000000,0,,0,-1.000000000,,0,-1.000000000,0,,1,-0.063950159,-3.664074190,-0.021978378,-0.012209892,1,3.133914232,179.560058864,-0.002442360,-2.714529037,1,-2.880847216,-165.060386879,-0.002442360,2.673503876,1,-0.193598747,-11.092391137,-0.021978378,0.422466278,1,0.870329857,49.866227583,-0.036628723,-0.003663063,-0.063950159,-3.664074190,0.000000000,-0.000000000,2.000000000,1.000000000,3.143832445,180.128330603,0.000000000,-2.770716190,8.500000000,2.500000000,-2.881228685,-165.082243484,0.000000000,2.694160938,3.000000000,0.800000012,-0.194361687,-11.136104347,0.000000000,0.431225687,1.200000048,0.200000003,0.870713234,49.888193471,0.000000000,0.000140909,0.100000001,0.020000000
2026-07-04 18:18:48.320,1783160328.320120811,344.010312696,1,1,343.995474642,1,0.003887624,5,1,0.002628316,5,1,0,1,0,0,1,1,1,1,1,1,0.037822046,-1.120000000,1.590000000,0.000000000,1,342.903286832,12,1,12,1:-1.251:2.428|2:-0.428:2.425|3:0.392:2.424|4:1.223:2.419|5:1.228:1.589|6:0.405:1.588|7:-0.440:1.588|8:-1.261:1.589|9:-1.185:4.911|10:-0.390:4.902|11:0.375:4.903|12:1.182:4.901,0,-1.000000000,,0,0,0.000000000,0.000000000,0,-1.000000000,0,,0,-1.000000000,,0,-1.000000000,0,,1,-0.063950159,-3.664074190,-0.007326126,-0.012209892,1,3.133914232,179.560058864,-0.002442360,-2.714529037,1,-2.880847216,-165.060386879,-0.002442360,2.673503876,1,-0.193598747,-11.092391137,-0.007326126,0.422466278,1,0.870713234,49.888193471,-0.012210846,-0.003663063,-0.063950159,-3.664074190,0.000000000,-0.000000000,2.000000000,1.000000000,3.143832445,180.128330603,0.000000000,-2.770716190,8.500000000,2.500000000,-2.881228685,-165.082243484,0.000000000,2.694160938,3.000000000,0.800000012,-0.194361687,-11.136104347,0.000000000,0.431225687,1.200000048,0.200000003,0.870713234,49.888193471,0.000000000,0.000140909,0.100000001,0.020000000
2026-07-04 18:18:49.320,1783160329.320098639,345.010290485,1,1,344.995452431,1,0.003867597,5,1,0.002473524,5,1,0,1,0,0,1,1,1,1,1,1,0.074969635,-1.120000000,1.590000000,0.000000000,1,343.903264621,12,1,12,1:-1.251:2.428|2:-0.428:2.425|3:0.392:2.424|4:1.223:2.419|5:1.228:1.589|6:0.405:1.588|7:-0.440:1.588|8:-1.261:1.589|9:-1.185:4.911|10:-0.390:4.902|11:0.375:4.903|12:1.182:4.901,0,-1.000000000,,0,0,0.000000000,0.000000000,0,-1.000000000,0,,0,-1.000000000,,0,-1.000000000,0,,1,-0.063950159,-3.664074190,0.007326126,-0.012209892,1,3.133914232,179.560058864,-0.002442360,-2.714529037,1,-2.880847216,-165.060386879,-0.002442360,2.673503876,1,-0.193980217,-11.114247742,-0.007326126,0.422466278,1,0.870713234,49.888193471,-0.012210846,-0.001221180,-0.063950159,-3.664074190,0.000000000,-0.000000000,2.000000000,1.000000000,3.143832445,180.128330603,0.000000000,-2.770716190,8.500000000,2.500000000,-2.881228685,-165.082243484,0.000000000,2.694160938,3.000000000,0.800000012,-0.194361687,-11.136104347,0.000000000,0.431225687,1.200000048,0.200000003,0.870713234,49.888193471,0.000000000,0.000140909,0.100000001,0.020000000
2026-07-04 18:18:50.320,1783160330.320074320,346.010266085,1,1,345.995428031,1,0.003834180,5,1,0.002594455,5,1,0,1,0,0,1,1,1,1,1,1,0.051294332,-1.120000000,1.590000000,0.000000000,1,344.903240221,12,1,12,1:-1.251:2.428|2:-0.428:2.425|3:0.392:2.424|4:1.223:2.419|5:1.228:1.589|6:0.405:1.588|7:-0.440:1.588|8:-1.261:1.589|9:-1.185:4.911|10:-0.390:4.902|11:0.375:4.903|12:1.182:4.901,0,-1.000000000,,0,0,0.000000000,0.000000000,0,-1.000000000,0,,0,-1.000000000,,0,-1.000000000,0,,1,-0.063950159,-3.664074190,-0.036630630,-0.012209892,1,3.133914232,179.560058864,-0.002442360,-2.728204727,1,-2.880847216,-165.060386879,-0.007326126,2.673503876,1,-0.193598747,-11.092391137,0.007326126,0.422466278,1,0.870329857,49.866227583,-0.036628723,-0.001221180,-0.063950159,-3.664074190,0.000000000,-0.000000000,2.000000000,1.000000000,3.143832445,180.128330603,0.000000000,-2.770716190,8.500000000,2.500000000,-2.881228685,-165.082243484,0.000000000,2.694160938,3.000000000,0.800000012,-0.194361687,-11.136104347,0.000000000,0.431225687,1.200000048,0.200000003,0.870713234,49.888193471,0.000000000,0.000140909,0.100000001,0.020000000
2026-07-04 18:18:51.320,1783160331.320068359,347.010260316,1,1,346.995422262,1,0.003871338,5,1,0.002374084,5,1,0,1,0,0,1,1,1,1,1,1,0.329458911,-1.120000000,1.590000000,0.000000000,1,345.903234452,12,1,12,1:-1.251:2.428|2:-0.428:2.425|3:0.392:2.424|4:1.223:2.419|5:1.228:1.589|6:0.405:1.588|7:-0.440:1.588|8:-1.261:1.589|9:-1.185:4.911|10:-0.390:4.902|11:0.375:4.903|12:1.182:4.901,0,-1.000000000,,0,0,0.000000000,0.000000000,0,-1.000000000,0,,0,-1.000000000,,0,-1.000000000,0,,1,-0.063950159,-3.664074190,-0.007326126,-0.007326126,1,3.133914232,179.560058864,-0.007326126,-2.728204727,1,-2.880847216,-165.060386879,-0.002442360,2.673503876,1,-0.193980217,-11.114247742,-0.007326126,0.422466278,1,0.870329857,49.866227583,-0.012210846,-0.001221180,-0.063950159,-3.664074190,0.000000000,-0.000000000,2.000000000,1.000000000,3.143832445,180.128330603,0.000000000,-2.770716190,8.500000000,2.500000000,-2.881228685,-165.082243484,0.000000000,2.694160938,3.000000000,0.800000012,-0.194361687,-11.136104347,0.000000000,0.431225687,1.200000048,0.200000003,0.870713234,49.888193471,0.000000000,0.000140909,0.100000001,0.020000000
2026-07-04 18:18:52.320,1783160332.320033312,348.010225190,1,1,347.995387136,1,0.003792594,5,1,0.002083275,5,1,0,1,0,0,1,1,1,1,1,1,0.008798041,-1.120000000,1.590000000,0.000000000,1,346.903199326,12,1,12,1:-1.251:2.428|2:-0.428:2.425|3:0.392:2.424|4:1.223:2.419|5:1.228:1.589|6:0.405:1.588|7:-0.440:1.588|8:-1.261:1.589|9:-1.185:4.911|10:-0.390:4.902|11:0.375:4.903|12:1.182:4.901,0,-1.000000000,,0,0,0.000000000,0.000000000,0,-1.000000000,0,,0,-1.000000000,,0,-1.000000000,0,,1,-0.063950159,-3.664074190,-0.007326126,-0.012209892,1,3.133914232,179.560058864,-0.002442360,-2.714529037,1,-2.880847216,-165.060386879,-0.002442360,2.673503876,1,-0.193598747,-11.092391137,-0.007326126,0.422466278,1,0.870329857,49.866227583,-0.036628723,-0.003663063,-0.063950159,-3.664074190,0.000000000,-0.000000000,2.000000000,1.000000000,3.143832445,180.128330603,0.000000000,-2.770716190,8.500000000,2.500000000,-2.881228685,-165.082243484,0.000000000,2.694160938,3.000000000,0.800000012,-0.194361687,-11.136104347,0.000000000,0.431225687,1.200000048,0.200000003,0.870713234,49.888193471,0.000000000,0.000140909,0.100000001,0.020000000
2026-07-04 18:18:53.320,1783160333.320060015,349.010251763,1,1,348.995413709,1,0.003884587,5,1,0.002651738,5,1,0,1,0,0,1,1,1,1,1,1,0.057451715,-1.120000000,1.590000000,0.000000000,1,347.903225899,12,1,12,1:-1.251:2.428|2:-0.428:2.425|3:0.392:2.424|4:1.223:2.419|5:1.228:1.589|6:0.405:1.588|7:-0.440:1.588|8:-1.261:1.589|9:-1.185:4.911|10:-0.390:4.902|11:0.375:4.903|12:1.182:4.901,0,-1.000000000,,0,0,0.000000000,0.000000000,0,-1.000000000,0,,0,-1.000000000,,0,-1.000000000,0,,1,-0.063950159,-3.664074190,-0.007326126,-0.012209892,1,3.133914232,179.560058864,-0.002442360,-2.714529037,1,-2.880847216,-165.060386879,-0.002442360,2.673503876,1,-0.193598747,-11.092391137,-0.007326126,0.422466278,1,0.870329857,49.866227583,-0.036628723,-0.003663063,-0.063950159,-3.664074190,0.000000000,-0.000000000,2.000000000,1.000000000,3.143832445,180.128330603,0.000000000,-2.770716190,8.500000000,2.500000000,-2.881228685,-165.082243484,0.000000000,2.694160938,3.000000000,0.800000012,-0.194361687,-11.136104347,0.000000000,0.431225687,1.200000048,0.200000003,0.870713234,49.888193471,0.000000000,0.000140909,0.100000001,0.020000000
2026-07-04 18:18:54.320,1783160334.319988489,350.010180391,1,1,349.995342337,1,0.003769046,5,1,0.002647704,5,1,0,1,0,0,1,1,1,1,1,1,0.078344528,-1.120000000,1.590000000,0.000000000,1,348.903154527,12,1,12,1:-1.251:2.428|2:-0.428:2.425|3:0.392:2.424|4:1.223:2.419|5:1.228:1.589|6:0.405:1.588|7:-0.440:1.588|8:-1.261:1.589|9:-1.185:4.911|10:-0.390:4.902|11:0.375:4.903|12:1.182:4.901,0,-1.000000000,,0,0,0.000000000,0.000000000,0,-1.000000000,0,,0,-1.000000000,,0,-1.000000000,0,,1,-0.063950159,-3.664074190,-0.007326126,-0.012209892,1,3.133914232,179.560058864,-0.002442360,-2.714529037,1,-2.880847216,-165.060386879,-0.007326126,2.673503876,1,-0.193598747,-11.092391137,0.007326126,0.422466278,1,0.870329857,49.866227583,-0.012210846,-0.003663063,-0.063950159,-3.664074190,0.000000000,-0.000000000,2.000000000,1.000000000,3.143832445,180.128330603,0.000000000,-2.770716190,8.500000000,2.500000000,-2.881228685,-165.082243484,0.000000000,2.694160938,3.000000000,0.800000012,-0.194361687,-11.136104347,0.000000000,0.431225687,1.200000048,0.200000003,0.870713234,49.888193471,0.000000000,0.000140909,0.100000001,0.020000000
2026-07-04 18:18:55.320,1783160335.319968939,351.010160879,1,1,350.995322825,1,0.003863855,5,1,0.002629073,5,1,0,1,0,0,1,1,1,1,1,1,0.003132652,-1.120000000,1.590000000,0.000000000,1,349.903135015,12,1,12,1:-1.251:2.428|2:-0.428:2.425|3:0.392:2.424|4:1.223:2.419|5:1.228:1.589|6:0.405:1.588|7:-0.440:1.588|8:-1.261:1.589|9:-1.185:4.911|10:-0.390:4.902|11:0.375:4.903|12:1.182:4.901,0,-1.000000000,,0,0,0.000000000,0.000000000,0,-1.000000000,0,,0,-1.000000000,,0,-1.000000000,0,,1,-0.063950159,-3.664074190,0.007326126,-0.012209892,1,3.133914232,179.560058864,-0.002442360,-2.714529037,1,-2.880847216,-165.060386879,-0.002442360,2.687179565,1,-0.193598747,-11.092391137,-0.007326126,0.422466278,1,0.870329857,49.866227583,-0.036628723,-0.003663063,-0.063950159,-3.664074190,0.000000000,-0.000000000,2.000000000,1.000000000,3.143832445,180.128330603,0.000000000,-2.770716190,8.500000000,2.500000000,-2.881228685,-165.082243484,0.000000000,2.694160938,3.000000000,0.800000012,-0.194361687,-11.136104347,0.000000000,0.431225687,1.200000048,0.200000003,0.870713234,49.888193471,0.000000000,0.000140909,0.100000001,0.020000000
2026-07-04 18:18:56.320,1783160336.319937468,352.010129272,1,1,351.995291218,1,0.003610267,5,1,0.002527548,5,1,0,1,0,0,1,1,1,1,1,1,0.277119577,-1.120000000,1.590000000,0.000000000,1,350.903103408,12,1,12,1:-1.251:2.428|2:-0.428:2.425|3:0.392:2.424|4:1.223:2.419|5:1.228:1.589|6:0.405:1.588|7:-0.440:1.588|8:-1.261:1.589|9:-1.185:4.911|10:-0.390:4.902|11:0.375:4.903|12:1.182:4.901,0,-1.000000000,,0,0,0.000000000,0.000000000,0,-1.000000000,0,,0,-1.000000000,,0,-1.000000000,0,,1,-0.063950159,-3.664074190,-0.007326126,-0.012209892,1,3.133914232,179.560058864,0.002442360,-2.714529037,1,-2.880847216,-165.060386879,-0.002442360,2.673503876,1,-0.193598747,-11.092391137,0.007326126,0.422466278,1,0.870329857,49.866227583,-0.036628723,-0.003663063,-0.063950159,-3.664074190,0.000000000,-0.000000000,2.000000000,1.000000000,3.143832445,180.128330603,0.000000000,-2.770716190,8.500000000,2.500000000,-2.881228685,-165.082243484,0.000000000,2.694160938,3.000000000,0.800000012,-0.194361687,-11.136104347,0.000000000,0.431225687,1.200000048,0.200000003,0.870713234,49.888193471,0.000000000,0.000140909,0.100000001,0.020000000
2026-07-04 18:18:57.320,1783160337.319917917,353.010109643,1,1,352.995271589,1,0.003732915,5,1,0.002542066,5,1,0,1,0,0,1,1,1,1,1,1,0.210661870,-1.120000000,1.590000000,0.000000000,1,351.903083779,12,1,12,1:-1.251:2.428|2:-0.428:2.425|3:0.392:2.424|4:1.223:2.419|5:1.228:1.589|6:0.405:1.588|7:-0.440:1.588|8:-1.261:1.589|9:-1.185:4.911|10:-0.390:4.902|11:0.375:4.903|12:1.182:4.901,0,-1.000000000,,0,0,0.000000000,0.000000000,0,-1.000000000,0,,0,-1.000000000,,0,-1.000000000,0,,1,-0.063950159,-3.664074190,-0.007326126,-0.012209892,1,3.133914232,179.560058864,0.002442360,-2.714529037,1,-2.880847216,-165.060386879,-0.002442360,2.687179565,1,-0.193598747,-11.092391137,0.007326126,0.422466278,1,0.870329857,49.866227583,-0.012210846,-0.003663063,-0.063950159,-3.664074190,0.000000000,-0.000000000,2.000000000,1.000000000,3.143832445,180.128330603,0.000000000,-2.770716190,8.500000000,2.500000000,-2.881228685,-165.082243484,0.000000000,2.694160938,3.000000000,0.800000012,-0.194361687,-11.136104347,0.000000000,0.431225687,1.200000048,0.200000003,0.870713234,49.888193471,0.000000000,0.000140909,0.100000001,0.020000000
2026-07-04 18:18:58.320,1783160338.319929600,354.010121371,1,1,353.995283317,1,0.003769395,5,1,0.002589050,5,1,0,1,0,0,1,1,1,1,1,1,0.227050927,-1.120000000,1.590000000,0.000000000,1,352.903095507,12,1,12,1:-1.251:2.428|2:-0.428:2.425|3:0.392:2.424|4:1.223:2.419|5:1.228:1.589|6:0.405:1.588|7:-0.440:1.588|8:-1.261:1.589|9:-1.185:4.911|10:-0.390:4.902|11:0.375:4.903|12:1.182:4.901,0,-1.000000000,,0,0,0.000000000,0.000000000,0,-1.000000000,0,,0,-1.000000000,,0,-1.000000000,0,,1,-0.063950159,-3.664074190,-0.021978378,-0.012209892,1,3.133914232,179.560058864,-0.007326126,-2.714529037,1,-2.880847216,-165.060386879,-0.002442360,2.673503876,1,-0.193980217,-11.114247742,-0.007326126,0.422466278,1,0.870329857,49.866227583,-0.036628723,-0.003663063,-0.063950159,-3.664074190,0.000000000,-0.000000000,2.000000000,1.000000000,3.143832445,180.128330603,0.000000000,-2.770716190,8.500000000,2.500000000,-2.881228685,-165.082243484,0.000000000,2.694160938,3.000000000,0.800000012,-0.194361687,-11.136104347,0.000000000,0.431225687,1.200000048,0.200000003,0.870713234,49.888193471,0.000000000,0.000140909,0.100000001,0.020000000
2026-07-04 18:18:59.319,1783160339.319875479,355.010067330,1,1,354.995229276,1,0.003570384,5,1,0.002526785,5,1,0,1,0,0,1,1,1,1,1,1,0.044169808,-1.120000000,1.590000000,0.000000000,1,353.903041466,12,1,12,1:-1.251:2.428|2:-0.428:2.425|3:0.392:2.424|4:1.223:2.419|5:1.228:1.589|6:0.405:1.588|7:-0.440:1.588|8:-1.261:1.589|9:-1.185:4.911|10:-0.390:4.902|11:0.375:4.903|12:1.182:4.901,0,-1.000000000,,0,0,0.000000000,0.000000000,0,-1.000000000,0,,0,-1.000000000,,0,-1.000000000,0,,1,-0.063950159,-3.664074190,-0.007326126,-0.012209892,1,3.133914232,179.560058864,-0.002442360,-2.714529037,1,-2.880847216,-165.060386879,-0.002442360,2.673503876,1,-0.193980217,-11.114247742,-0.007326126,0.422466278,1,0.870713234,49.888193471,-0.012210846,-0.001221180,-0.063950159,-3.664074190,0.000000000,-0.000000000,2.000000000,1.000000000,3.143832445,180.128330603,0.000000000,-2.770716190,8.500000000,2.500000000,-2.881228685,-165.082243484,0.000000000,2.694160938,3.000000000,0.800000012,-0.194361687,-11.136104347,0.000000000,0.431225687,1.200000048,0.200000003,0.870713234,49.888193471,0.000000000,0.000140909,0.100000001,0.020000000
2026-07-04 18:19:00.319,1783160340.319892645,356.010084449,1,1,355.995246395,1,0.003965048,5,1,0.002635977,5,1,0,1,0,0,1,1,1,1,1,1,0.165359412,-1.120000000,1.590000000,0.000000000,1,354.903058585,12,1,12,1:-1.251:2.428|2:-0.428:2.425|3:0.392:2.424|4:1.223:2.419|5:1.228:1.589|6:0.405:1.588|7:-0.440:1.588|8:-1.261:1.589|9:-1.185:4.911|10:-0.390:4.902|11:0.375:4.903|12:1.182:4.901,0,-1.000000000,,0,0,0.000000000,0.000000000,0,-1.000000000,0,,0,-1.000000000,,0,-1.000000000,0,,1,-0.063950159,-3.664074190,-0.007326126,-0.012209892,1,3.133914232,179.560058864,-0.002442360,-2.714529037,1,-2.880847216,-165.060386879,-0.002442360,2.673503876,1,-0.193598747,-11.092391137,-0.007326126,0.422466278,1,0.870329857,49.866227583,-0.012210846,-0.001221180,-0.063950159,-3.664074190,0.000000000,-0.000000000,2.000000000,1.000000000,3.143832445,180.128330603,0.000000000,-2.770716190,8.500000000,2.500000000,-2.881228685,-165.082243484,0.000000000,2.694160938,3.000000000,0.800000012,-0.194361687,-11.136104347,0.000000000,0.431225687,1.200000048,0.200000003,0.870713234,49.888193471,0.000000000,0.000140909,0.100000001,0.020000000
2026-07-04 18:19:01.319,1783160341.319819689,357.010011627,1,1,356.995173573,1,0.003875444,5,1,0.002534063,5,1,0,1,0,0,1,1,1,1,1,1,0.170227730,-1.120000000,1.590000000,0.000000000,1,355.902985763,12,1,12,1:-1.251:2.428|2:-0.428:2.425|3:0.392:2.424|4:1.223:2.419|5:1.228:1.589|6:0.405:1.588|7:-0.440:1.588|8:-1.261:1.589|9:-1.185:4.911|10:-0.390:4.902|11:0.375:4.903|12:1.182:4.901,0,-1.000000000,,0,0,0.000000000,0.000000000,0,-1.000000000,0,,0,-1.000000000,,0,-1.000000000,0,,1,-0.063950159,-3.664074190,-0.021978378,-0.012209892,1,3.133914232,179.560058864,-0.002442360,-2.714529037,1,-2.880847216,-165.060386879,-0.002442360,2.673503876,1,-0.193980217,-11.114247742,-0.007326126,0.422466278,1,0.870329857,49.866227583,0.012210846,-0.003663063,-0.063950159,-3.664074190,0.000000000,-0.000000000,2.000000000,1.000000000,3.143832445,180.128330603,0.000000000,-2.770716190,8.500000000,2.500000000,-2.881228685,-165.082243484,0.000000000,2.694160938,3.000000000,0.800000012,-0.194361687,-11.136104347,0.000000000,0.431225687,1.200000048,0.200000003,0.870713234,49.888193471,0.000000000,0.000140909,0.100000001,0.020000000
2026-07-04 18:19:02.319,1783160342.319830418,358.010022252,1,1,357.995184198,1,0.003475247,5,1,0.002562113,5,1,0,1,0,0,1,1,1,1,1,1,0.166876007,-1.120000000,1.590000000,0.000000000,1,356.902996388,12,1,12,1:-1.251:2.428|2:-0.428:2.425|3:0.392:2.424|4:1.223:2.419|5:1.228:1.589|6:0.405:1.588|7:-0.440:1.588|8:-1.261:1.589|9:-1.185:4.911|10:-0.390:4.902|11:0.375:4.903|12:1.182:4.901,0,-1.000000000,,0,0,0.000000000,0.000000000,0,-1.000000000,0,,0,-1.000000000,,0,-1.000000000,0,,1,-0.063950159,-3.664074190,-0.007326126,-0.012209892,1,3.133914232,179.560058864,-0.002442360,-2.714529037,1,-2.880847216,-165.060386879,-0.002442360,2.673503876,1,-0.193598747,-11.092391137,-0.007326126,0.422466278,1,0.870329857,49.866227583,-0.012210846,-0.003663063,-0.063950159,-3.664074190,0.000000000,-0.000000000,2.000000000,1.000000000,3.143832445,180.128330603,0.000000000,-2.770716190,8.500000000,2.500000000,-2.881228685,-165.082243484,0.000000000,2.694160938,3.000000000,0.800000012,-0.194361687,-11.136104347,0.000000000,0.431225687,1.200000048,0.200000003,0.870713234,49.888193471,0.000000000,0.000140909,0.100000001,0.020000000
2026-07-04 18:19:03.319,1783160343.319759607,359.009951576,1,1,358.995113522,1,0.003888081,5,1,0.002631327,5,1,0,1,0,0,1,1,1,1,1,1,0.058058158,-1.120000000,1.590000000,0.000000000,1,357.902925712,12,1,12,1:-1.251:2.428|2:-0.428:2.425|3:0.392:2.424|4:1.223:2.419|5:1.228:1.589|6:0.405:1.588|7:-0.440:1.588|8:-1.261:1.589|9:-1.185:4.911|10:-0.390:4.902|11:0.375:4.903|12:1.182:4.901,0,-1.000000000,,0,0,0.000000000,0.000000000,0,-1.000000000,0,,0,-1.000000000,,0,-1.000000000,0,,1,-0.063950159,-3.664074190,-0.007326126,-0.012209892,1,3.133914232,179.560058864,-0.002442360,-2.714529037,1,-2.880847216,-165.060386879,-0.002442360,2.673503876,1,-0.193598747,-11.092391137,-0.007326126,0.422466278,1,0.870329857,49.866227583,-0.036628723,-0.003663063,-0.063950159,-3.664074190,0.000000000,-0.000000000,2.000000000,1.000000000,3.143832445,180.128330603,0.000000000,-2.770716190,8.500000000,2.500000000,-2.881228685,-165.082243484,0.000000000,2.694160938,3.000000000,0.800000012,-0.194361687,-11.136104347,0.000000000,0.431225687,1.200000048,0.200000003,0.870713234,49.888193471,0.000000000,0.000140909,0.100000001,0.020000000
2026-07-04 18:19:04.319,1783160344.319716454,360.009908194,1,1,359.995070140,1,0.003810171,5,1,0.002454253,5,1,0,1,0,0,1,1,1,1,1,1,0.081225869,-1.120000000,1.590000000,0.000000000,1,358.902882330,12,1,12,1:-1.251:2.428|2:-0.428:2.425|3:0.392:2.424|4:1.223:2.419|5:1.228:1.589|6:0.405:1.588|7:-0.440:1.588|8:-1.261:1.589|9:-1.185:4.911|10:-0.390:4.902|11:0.375:4.903|12:1.182:4.901,0,-1.000000000,,0,0,0.000000000,0.000000000,0,-1.000000000,0,,0,-1.000000000,,0,-1.000000000,0,,1,-0.063950159,-3.664074190,0.007326126,-0.012209892,1,3.133914232,179.560058864,-0.007326126,-2.714529037,1,-2.880847216,-165.060386879,-0.002442360,2.673503876,1,-0.193980217,-11.114247742,-0.021978378,0.422466278,1,0.870329857,49.866227583,-0.012210846,-0.003663063,-0.063950159,-3.664074190,0.000000000,-0.000000000,2.000000000,1.000000000,3.143832445,180.128330603,0.000000000,-2.770716190,8.500000000,2.500000000,-2.881228685,-165.082243484,0.000000000,2.694160938,3.000000000,0.800000012,-0.194361687,-11.136104347,0.000000000,0.431225687,1.200000048,0.200000003,0.870713234,49.888193471,0.000000000,0.000140909,0.100000001,0.020000000
2026-07-04 18:19:05.319,1783160345.319712877,361.009904656,1,1,360.995066602,1,0.003839947,5,1,0.002588692,5,1,0,1,0,0,1,1,1,1,1,1,0.095857356,-1.120000000,1.590000000,0.000000000,1,359.902878792,12,1,12,1:-1.251:2.428|2:-0.428:2.425|3:0.392:2.424|4:1.223:2.419|5:1.228:1.589|6:0.405:1.588|7:-0.440:1.588|8:-1.261:1.589|9:-1.185:4.911|10:-0.390:4.902|11:0.375:4.903|12:1.182:4.901,0,-1.000000000,,0,0,0.000000000,0.000000000,0,-1.000000000,0,,0,-1.000000000,,0,-1.000000000,0,,1,-0.063950159,-3.664074190,-0.007326126,-0.012209892,1,3.133914232,179.560058864,-0.002442360,-2.714529037,1,-2.880847216,-165.060386879,0.002442360,2.673503876,1,-0.193598747,-11.092391137,-0.021978378,0.422466278,1,0.870329857,49.866227583,-0.012210846,-0.003663063,-0.063950159,-3.664074190,0.000000000,-0.000000000,2.000000000,1.000000000,3.143832445,180.128330603,0.000000000,-2.770716190,8.500000000,2.500000000,-2.881228685,-165.082243484,0.000000000,2.694160938,3.000000000,0.800000012,-0.194361687,-11.136104347,0.000000000,0.431225687,1.200000048,0.200000003,0.870713234,49.888193471,0.000000000,0.000140909,0.100000001,0.020000000
2026-07-04 18:19:06.319,1783160346.319707870,362.009899802,1,1,361.995061748,1,0.003520885,5,1,0.002547528,5,1,0,1,0,0,1,1,1,1,1,1,0.060545059,-1.120000000,1.590000000,0.000000000,1,360.902873938,12,1,12,1:-1.251:2.428|2:-0.428:2.425|3:0.392:2.424|4:1.223:2.419|5:1.228:1.589|6:0.405:1.588|7:-0.440:1.588|8:-1.261:1.589|9:-1.185:4.911|10:-0.390:4.902|11:0.375:4.903|12:1.182:4.901,0,-1.000000000,,0,0,0.000000000,0.000000000,0,-1.000000000,0,,0,-1.000000000,,0,-1.000000000,0,,1,-0.063950159,-3.664074190,-0.007326126,-0.012209892,1,3.133914232,179.560058864,-0.007326126,-2.714529037,1,-2.880847216,-165.060386879,-0.002442360,2.673503876,1,-0.193598747,-11.092391137,-0.007326126,0.422466278,1,0.870329857,49.866227583,-0.036628723,-0.003663063,-0.063950159,-3.664074190,0.000000000,-0.000000000,2.000000000,1.000000000,3.143832445,180.128330603,0.000000000,-2.770716190,8.500000000,2.500000000,-2.881228685,-165.082243484,0.000000000,2.694160938,3.000000000,0.800000012,-0.194361687,-11.136104347,0.000000000,0.431225687,1.200000048,0.200000003,0.870713234,49.888193471,0.000000000,0.000140909,0.100000001,0.020000000
2026-07-04 18:19:07.319,1783160347.319694996,363.009887041,1,1,362.995048987,1,0.003740613,5,1,0.002544413,5,1,0,1,0,0,1,1,1,1,1,1,0.297855487,-1.120000000,1.590000000,0.000000000,1,361.902861177,12,1,12,1:-1.251:2.428|2:-0.428:2.425|3:0.392:2.424|4:1.223:2.419|5:1.228:1.589|6:0.405:1.588|7:-0.440:1.588|8:-1.261:1.589|9:-1.185:4.911|10:-0.390:4.902|11:0.375:4.903|12:1.182:4.901,0,-1.000000000,,0,0,0.000000000,0.000000000,0,-1.000000000,0,,0,-1.000000000,,0,-1.000000000,0,,1,-0.063950159,-3.664074190,-0.021978378,-0.012209892,1,3.133914232,179.560058864,-0.007326126,-2.714529037,1,-2.880847216,-165.060386879,-0.002442360,2.673503876,1,-0.193598747,-11.092391137,-0.007326126,0.422466278,1,0.870713234,49.888193471,-0.036628723,-0.001221180,-0.063950159,-3.664074190,0.000000000,-0.000000000,2.000000000,1.000000000,3.143832445,180.128330603,0.000000000,-2.770716190,8.500000000,2.500000000,-2.881228685,-165.082243484,0.000000000,2.694160938,3.000000000,0.800000012,-0.194361687,-11.136104347,0.000000000,0.431225687,1.200000048,0.200000003,0.870713234,49.888193471,0.000000000,0.000140909,0.100000001,0.020000000
2026-07-04 18:19:08.319,1783160348.319652081,364.009843975,1,1,363.995005921,1,0.003717194,5,1,0.002493511,5,1,0,1,0,0,1,1,1,1,1,1,0.096065499,-1.120000000,1.590000000,0.000000000,1,362.902818111,12,1,12,1:-1.251:2.428|2:-0.428:2.425|3:0.392:2.424|4:1.223:2.419|5:1.228:1.589|6:0.405:1.588|7:-0.440:1.588|8:-1.261:1.589|9:-1.185:4.911|10:-0.390:4.902|11:0.375:4.903|12:1.182:4.901,0,-1.000000000,,0,0,0.000000000,0.000000000,0,-1.000000000,0,,0,-1.000000000,,0,-1.000000000,0,,1,-0.063950159,-3.664074190,-0.021978378,-0.012209892,1,3.133914232,179.560058864,-0.002442360,-2.714529037,1,-2.880847216,-165.060386879,-0.002442360,2.673503876,1,-0.193598747,-11.092391137,-0.007326126,0.422466278,1,0.870329857,49.866227583,0.012210846,-0.003663063,-0.063950159,-3.664074190,0.000000000,-0.000000000,2.000000000,1.000000000,3.143832445,180.128330603,0.000000000,-2.770716190,8.500000000,2.500000000,-2.881228685,-165.082243484,0.000000000,2.694160938,3.000000000,0.800000012,-0.194361687,-11.136104347,0.000000000,0.431225687,1.200000048,0.200000003,0.870713234,49.888193471,0.000000000,0.000140909,0.100000001,0.020000000
2026-07-04 18:19:09.319,1783160349.319624186,365.009816158,1,1,364.994978104,1,0.004003300,5,1,0.002606499,5,1,0,1,0,0,1,1,1,1,1,1,0.171025829,-1.120000000,1.590000000,0.000000000,1,363.902790294,12,1,12,1:-1.251:2.428|2:-0.428:2.425|3:0.392:2.424|4:1.223:2.419|5:1.228:1.589|6:0.405:1.588|7:-0.440:1.588|8:-1.261:1.589|9:-1.185:4.911|10:-0.390:4.902|11:0.375:4.903|12:1.182:4.901,0,-1.000000000,,0,0,0.000000000,0.000000000,0,-1.000000000,0,,0,-1.000000000,,0,-1.000000000,0,,1,-0.063950159,-3.664074190,-0.007326126,-0.007326126,1,3.133914232,179.560058864,-0.002442360,-2.714529037,1,-2.880847216,-165.060386879,-0.002442360,2.673503876,1,-0.193598747,-11.092391137,-0.021978378,0.422466278,1,0.870329857,49.866227583,-0.012210846,-0.001221180,-0.063950159,-3.664074190,0.000000000,-0.000000000,2.000000000,1.000000000,3.143832445,180.128330603,0.000000000,-2.770716190,8.500000000,2.500000000,-2.881228685,-165.082243484,0.000000000,2.694160938,3.000000000,0.800000012,-0.194361687,-11.136104347,0.000000000,0.431225687,1.200000048,0.200000003,0.870713234,49.888193471,0.000000000,0.000140909,0.100000001,0.020000000
2026-07-04 18:19:10.319,1783160350.319643021,366.009834897,1,1,365.994996843,1,0.003923553,5,1,0.002432365,5,1,0,1,0,0,1,1,1,1,1,1,0.156038329,-1.120000000,1.590000000,0.000000000,1,364.902809033,12,1,12,1:-1.251:2.428|2:-0.428:2.425|3:0.392:2.424|4:1.223:2.419|5:1.228:1.589|6:0.405:1.588|7:-0.440:1.588|8:-1.261:1.589|9:-1.185:4.911|10:-0.390:4.902|11:0.375:4.903|12:1.182:4.901,0,-1.000000000,,0,0,0.000000000,0.000000000,0,-1.000000000,0,,0,-1.000000000,,0,-1.000000000,0,,1,-0.063950159,-3.664074190,-0.007326126,-0.012209892,1,3.133914232,179.560058864,-0.007326126,-2.714529037,1,-2.880847216,-165.060386879,-0.002442360,2.673503876,1,-0.193598747,-11.092391137,-0.007326126,0.422466278,1,0.870329857,49.866227583,-0.012210846,-0.003663063,-0.063950159,-3.664074190,0.000000000,-0.000000000,2.000000000,1.000000000,3.143832445,180.128330603,0.000000000,-2.770716190,8.500000000,2.500000000,-2.881228685,-165.082243484,0.000000000,2.694160938,3.000000000,0.800000012,-0.194361687,-11.136104347,0.000000000,0.431225687,1.200000048,0.200000003,0.870713234,49.888193471,0.000000000,0.000140909,0.100000001,0.020000000
2026-07-04 18:19:11.319,1783160351.319604158,367.009796115,1,1,366.994958061,1,0.003805388,5,1,0.002503182,5,1,0,1,0,0,1,1,1,1,1,1,0.016750875,-1.120000000,1.590000000,0.000000000,1,365.902770251,12,1,12,1:-1.251:2.428|2:-0.428:2.425|3:0.392:2.424|4:1.223:2.419|5:1.228:1.589|6:0.405:1.588|7:-0.440:1.588|8:-1.261:1.589|9:-1.185:4.911|10:-0.390:4.902|11:0.375:4.903|12:1.182:4.901,0,-1.000000000,,0,0,0.000000000,0.000000000,0,-1.000000000,0,,0,-1.000000000,,0,-1.000000000,0,,1,-0.063950159,-3.664074190,0.007326126,-0.012209892,1,3.133914232,179.560058864,0.002442360,-2.714529037,1,-2.880847216,-165.060386879,-0.002442360,2.673503876,1,-0.193980217,-11.114247742,-0.021978378,0.422466278,1,0.870329857,49.866227583,-0.012210846,-0.001221180,-0.063950159,-3.664074190,0.000000000,-0.000000000,2.000000000,1.000000000,3.143832445,180.128330603,0.000000000,-2.770716190,8.500000000,2.500000000,-2.881228685,-165.082243484,0.000000000,2.694160938,3.000000000,0.800000012,-0.194361687,-11.136104347,0.000000000,0.431225687,1.200000048,0.200000003,0.870713234,49.888193471,0.000000000,0.000140909,0.100000001,0.020000000
2026-07-04 18:19:12.319,1783160352.319582224,368.009774040,1,1,367.994935986,1,0.003630276,5,1,0.002578995,5,1,0,1,0,0,1,1,1,1,1,1,0.007239422,-1.120000000,1.590000000,0.000000000,1,366.902748176,12,1,12,1:-1.251:2.428|2:-0.428:2.425|3:0.392:2.424|4:1.223:2.419|5:1.228:1.589|6:0.405:1.588|7:-0.440:1.588|8:-1.261:1.589|9:-1.185:4.911|10:-0.390:4.902|11:0.375:4.903|12:1.182:4.901,0,-1.000000000,,0,0,0.000000000,0.000000000,0,-1.000000000,0,,0,-1.000000000,,0,-1.000000000,0,,1,-0.063950159,-3.664074190,0.007326126,-0.017093658,1,3.133914232,179.560058864,-0.002442360,-2.714529037,1,-2.880847216,-165.060386879,-0.007326126,2.673503876,1,-0.193980217,-11.114247742,-0.007326126,0.422466278,1,0.870713234,49.888193471,0.012210846,-0.001221180,-0.063950159,-3.664074190,0.000000000,-0.000000000,2.000000000,1.000000000,3.143832445,180.128330603,0.000000000,-2.770716190,8.500000000,2.500000000,-2.881228685,-165.082243484,0.000000000,2.694160938,3.000000000,0.800000012,-0.194361687,-11.136104347,0.000000000,0.431225687,1.200000048,0.200000003,0.870713234,49.888193471,0.000000000,0.000140909,0.100000001,0.020000000
2026-07-04 18:19:13.319,1783160353.319662571,369.009854475,1,1,368.995016421,1,0.003768125,5,1,0.002554781,5,1,0,1,0,0,1,1,1,1,1,1,0.082610328,-1.120000000,1.590000000,0.000000000,1,367.902828611,12,1,12,1:-1.251:2.428|2:-0.428:2.425|3:0.392:2.424|4:1.223:2.419|5:1.228:1.589|6:0.405:1.588|7:-0.440:1.588|8:-1.261:1.589|9:-1.185:4.911|10:-0.390:4.902|11:0.375:4.903|12:1.182:4.901,0,-1.000000000,,0,0,0.000000000,0.000000000,0,-1.000000000,0,,0,-1.000000000,,0,-1.000000000,0,,1,-0.063950159,-3.664074190,-0.007326126,-0.012209892,1,3.133914232,179.560058864,-0.007326126,-2.714529037,1,-2.880847216,-165.060386879,-0.002442360,2.673503876,1,-0.193598747,-11.092391137,0.007326126,0.422466278,1,0.870329857,49.866227583,-0.012210846,-0.003663063,-0.063950159,-3.664074190,0.000000000,-0.000000000,2.000000000,1.000000000,3.143832445,180.128330603,0.000000000,-2.770716190,8.500000000,2.500000000,-2.881228685,-165.082243484,0.000000000,2.694160938,3.000000000,0.800000012,-0.194361687,-11.136104347,0.000000000,0.431225687,1.200000048,0.200000003,0.870713234,49.888193471,0.000000000,0.000140909,0.100000001,0.020000000
2026-07-04 18:19:14.319,1783160354.319508314,370.009700118,1,1,369.994862064,1,0.003720787,5,1,0.002620112,5,1,0,1,0,0,1,1,1,1,1,1,0.001297717,-1.120000000,1.590000000,0.000000000,1,368.902674254,12,1,12,1:-1.251:2.428|2:-0.428:2.425|3:0.392:2.424|4:1.223:2.419|5:1.228:1.589|6:0.405:1.588|7:-0.440:1.588|8:-1.261:1.589|9:-1.185:4.911|10:-0.390:4.902|11:0.375:4.903|12:1.182:4.901,0,-1.000000000,,0,0,0.000000000,0.000000000,0,-1.000000000,0,,0,-1.000000000,,0,-1.000000000,0,,1,-0.063950159,-3.664074190,-0.007326126,-0.012209892,1,3.133914232,179.560058864,-0.002442360,-2.714529037,1,-2.880847216,-165.060386879,-0.007326126,2.673503876,1,-0.193980217,-11.114247742,-0.007326126,0.422466278,1,0.870329857,49.866227583,-0.036628723,-0.003663063,-0.063950159,-3.664074190,0.000000000,-0.000000000,2.000000000,1.000000000,3.143832445,180.128330603,0.000000000,-2.770716190,8.500000000,2.500000000,-2.881228685,-165.082243484,0.000000000,2.694160938,3.000000000,0.800000012,-0.194361687,-11.136104347,0.000000000,0.431225687,1.200000048,0.200000003,0.870713234,49.888193471,0.000000000,0.000140909,0.100000001,0.020000000
2026-07-04 18:19:15.319,1783160355.319507360,371.009699301,1,1,370.994861247,1,0.003744151,5,1,0.002556878,5,1,0,1,0,0,1,1,1,1,1,1,0.109477274,-1.120000000,1.590000000,0.000000000,1,369.902673437,12,1,12,1:-1.251:2.428|2:-0.428:2.425|3:0.392:2.424|4:1.223:2.419|5:1.228:1.589|6:0.405:1.588|7:-0.440:1.588|8:-1.261:1.589|9:-1.185:4.911|10:-0.390:4.902|11:0.375:4.903|12:1.182:4.901,0,-1.000000000,,0,0,0.000000000,0.000000000,0,-1.000000000,0,,0,-1.000000000,,0,-1.000000000,0,,1,-0.063950159,-3.664074190,0.007326126,-0.012209892,1,3.133914232,179.560058864,0.002442360,-2.728204727,1,-2.880847216,-165.060386879,-0.002442360,2.673503876,1,-0.193980217,-11.114247742,-0.021978378,0.422466278,1,0.870329857,49.866227583,0.012210846,-0.001221180,-0.063950159,-3.664074190,0.000000000,-0.000000000,2.000000000,1.000000000,3.143832445,180.128330603,0.000000000,-2.770716190,8.500000000,2.500000000,-2.881228685,-165.082243484,0.000000000,2.694160938,3.000000000,0.800000012,-0.194361687,-11.136104347,0.000000000,0.431225687,1.200000048,0.200000003,0.870713234,49.888193471,0.000000000,0.000140909,0.100000001,0.020000000
2026-07-04 18:19:16.319,1783160356.319493055,372.009684876,1,1,371.994846822,1,0.003826603,5,1,0.002532503,5,1,0,1,0,0,1,1,1,1,1,1,0.002592102,-1.120000000,1.590000000,0.000000000,1,370.902659012,12,1,12,1:-1.251:2.428|2:-0.428:2.425|3:0.392:2.424|4:1.223:2.419|5:1.228:1.589|6:0.405:1.588|7:-0.440:1.588|8:-1.261:1.589|9:-1.185:4.911|10:-0.390:4.902|11:0.375:4.903|12:1.182:4.901,0,-1.000000000,,0,0,0.000000000,0.000000000,0,-1.000000000,0,,0,-1.000000000,,0,-1.000000000,0,,1,-0.063950159,-3.664074190,0.007326126,-0.012209892,1,3.133914232,179.560058864,-0.002442360,-2.714529037,1,-2.880847216,-165.060386879,-0.002442360,2.673503876,1,-0.193598747,-11.092391137,-0.007326126,0.422466278,1,0.870329857,49.866227583,0.012210846,-0.001221180,-0.063950159,-3.664074190,0.000000000,-0.000000000,2.000000000,1.000000000,3.143832445,180.128330603,0.000000000,-2.770716190,8.500000000,2.500000000,-2.881228685,-165.082243484,0.000000000,2.694160938,3.000000000,0.800000012,-0.194361687,-11.136104347,0.000000000,0.431225687,1.200000048,0.200000003,0.870713234,49.888193471,0.000000000,0.000140909,0.100000001,0.020000000
2026-07-04 18:19:17.319,1783160357.319599867,373.009791610,1,1,372.994953556,1,0.003828713,5,1,0.002673430,5,1,0,1,0,0,1,1,1,1,1,1,0.024610798,-1.120000000,1.590000000,0.000000000,1,371.902765746,12,1,12,1:-1.251:2.428|2:-0.428:2.425|3:0.392:2.424|4:1.223:2.419|5:1.228:1.589|6:0.405:1.588|7:-0.440:1.588|8:-1.261:1.589|9:-1.185:4.911|10:-0.390:4.902|11:0.375:4.903|12:1.182:4.901,0,-1.000000000,,0,0,0.000000000,0.000000000,0,-1.000000000,0,,0,-1.000000000,,0,-1.000000000,0,,1,-0.063950159,-3.664074190,0.007326126,-0.012209892,1,3.133914232,179.560058864,-0.002442360,-2.714529037,1,-2.880847216,-165.060386879,-0.002442360,2.673503876,1,-0.193980217,-11.114247742,-0.007326126,0.422466278,1,0.870329857,49.866227583,-0.036628723,-0.003663063,-0.063950159,-3.664074190,0.000000000,-0.000000000,2.000000000,1.000000000,3.143832445,180.128330603,0.000000000,-2.770716190,8.500000000,2.500000000,-2.881228685,-165.082243484,0.000000000,2.694160938,3.000000000,0.800000012,-0.194361687,-11.136104347,0.000000000,0.431225687,1.200000048,0.200000003,0.870713234,49.888193471,0.000000000,0.000140909,0.100000001,0.020000000
2026-07-04 18:19:18.319,1783160358.319435596,374.009627391,1,1,373.994789337,1,0.003474393,5,1,0.002526851,5,1,0,1,0,0,1,1,1,1,1,1,0.139486218,-1.120000000,1.590000000,0.000000000,1,372.902601527,12,1,12,1:-1.251:2.428|2:-0.428:2.425|3:0.392:2.424|4:1.223:2.419|5:1.228:1.589|6:0.405:1.588|7:-0.440:1.588|8:-1.261:1.589|9:-1.185:4.911|10:-0.390:4.902|11:0.375:4.903|12:1.182:4.901,0,-1.000000000,,0,0,0.000000000,0.000000000,0,-1.000000000,0,,0,-1.000000000,,0,-1.000000000,0,,1,-0.063950159,-3.664074190,0.007326126,-0.012209892,1,3.133914232,179.560058864,-0.002442360,-2.714529037,1,-2.880847216,-165.060386879,-0.002442360,2.673503876,1,-0.193598747,-11.092391137,-0.007326126,0.422466278,1,0.870329857,49.866227583,0.012210846,-0.001221180,-0.063950159,-3.664074190,0.000000000,-0.000000000,2.000000000,1.000000000,3.143832445,180.128330603,0.000000000,-2.770716190,8.500000000,2.500000000,-2.881228685,-165.082243484,0.000000000,2.694160938,3.000000000,0.800000012,-0.194361687,-11.136104347,0.000000000,0.431225687,1.200000048,0.200000003,0.870713234,49.888193471,0.000000000,0.000140909,0.100000001,0.020000000
2026-07-04 18:19:19.319,1783160359.319485664,375.009677568,1,1,374.994839514,1,0.003368065,5,1,0.002710265,5,1,0,1,0,0,1,1,1,1,1,1,0.241662482,-1.120000000,1.590000000,0.000000000,1,373.902651704,12,1,12,1:-1.251:2.428|2:-0.428:2.425|3:0.392:2.424|4:1.223:2.419|5:1.228:1.589|6:0.405:1.588|7:-0.440:1.588|8:-1.261:1.589|9:-1.185:4.911|10:-0.390:4.902|11:0.375:4.903|12:1.182:4.901,0,-1.000000000,,0,0,0.000000000,0.000000000,0,-1.000000000,0,,0,-1.000000000,,0,-1.000000000,0,,1,-0.063950159,-3.664074190,-0.007326126,-0.012209892,1,3.133914232,179.560058864,-0.002442360,-2.714529037,1,-2.880847216,-165.060386879,-0.002442360,2.673503876,1,-0.193980217,-11.114247742,-0.021978378,0.422466278,1,0.870329857,49.866227583,-0.012210846,-0.003663063,-0.063950159,-3.664074190,0.000000000,-0.000000000,2.000000000,1.000000000,3.143832445,180.128330603,0.000000000,-2.770716190,8.500000000,2.500000000,-2.881228685,-165.082243484,0.000000000,2.694160938,3.000000000,0.800000012,-0.194361687,-11.136104347,0.000000000,0.431225687,1.200000048,0.200000003,0.870713234,49.888193471,0.000000000,0.000140909,0.100000001,0.020000000
