wall_time,ros_time_sec,elapsed_sec,has_ready,driver_ready,ready_age_sec,has_state,state_age_sec,state_size,has_command,command_age_sec,command_size,service_mode,service_suction,service_pick,service_place,service_stack,service_payload_estimate,service_payload_state,service_arm_mission,service_nav_arm_event,action_move_joint,has_nav_state,nav_state_age_sec,nav_state_x,nav_state_y,nav_state_yaw,has_nav_task_points,nav_task_points_age_sec,nav_task_points_count,nav_task_points_min_id,nav_task_points_max_id,nav_task_points_summary,has_nav_mission_request,nav_mission_request_age_sec,nav_mission_action,nav_mission_task_index,nav_mission_point_id,nav_mission_x,nav_mission_y,has_nav_mission_response,nav_mission_response_age_sec,nav_mission_response_success,nav_mission_response_message,has_nav_arm_event_request,nav_arm_event_request_age_sec,nav_arm_event_request_message,has_nav_arm_event_response,nav_arm_event_response_age_sec,nav_arm_event_response_success,nav_arm_event_response_message,state_valid_0,state_q_rad_0,state_q_deg_0,state_dq_0,state_tau_est_0,state_valid_1,state_q_rad_1,state_q_deg_1,state_dq_1,state_tau_est_1,state_valid_2,state_q_rad_2,state_q_deg_2,state_dq_2,state_tau_est_2,state_valid_3,state_q_rad_3,state_q_deg_3,state_dq_3,state_tau_est_3,state_valid_4,state_q_rad_4,state_q_deg_4,state_dq_4,state_tau_est_4,cmd_q_rad_0,cmd_q_deg_0,cmd_dq_0,cmd_tau_0,cmd_kp_0,cmd_kd_0,cmd_q_rad_1,cmd_q_deg_1,cmd_dq_1,cmd_tau_1,cmd_kp_1,cmd_kd_1,cmd_q_rad_2,cmd_q_deg_2,cmd_dq_2,cmd_tau_2,cmd_kp_2,cmd_kd_2,cmd_q_rad_3,cmd_q_deg_3,cmd_dq_3,cmd_tau_3,cmd_kp_3,cmd_kd_3,cmd_q_rad_4,cmd_q_deg_4,cmd_dq_4,cmd_tau_4,cmd_kp_4,cmd_kd_4
2026-07-05 11:12:05.077,1783221125.077286959,1.010896972,1,1,0.996324905,1,0.008296429,5,1,0.006516166,5,1,0,1,0,0,1,1,0,0,1,0,-1.000000000,0.000000000,0.000000000,0.000000000,0,-1.000000000,0,0,0,,0,-1.000000000,,0,0,0.000000000,0.000000000,0,-1.000000000,0,,0,-1.000000000,,0,-1.000000000,0,,1,-0.009018516,-0.516722914,-0.021978378,-0.026862144,1,3.143450975,180.106473998,-0.002442360,-2.810256958,1,-2.872073412,-164.557684956,-0.002442360,2.646154404,1,0.077248573,4.426017224,-0.007326126,0.398046494,1,0.078040123,4.471369680,0.012210846,-0.003663063,-0.009018516,-0.516722914,0.000000000,-0.000000000,6.000000000,2.500000000,3.156802416,180.871455185,0.000000000,-2.811573744,2.000000000,0.500000000,-2.872454882,-164.579541561,0.000000000,2.652687788,1.000000000,0.500000000,0.076104164,4.360447408,0.000000000,0.404521435,0.500000000,0.200000003,0.078423500,4.493335568,0.000000000,-0.000016204,0.000000000,0.100000001
2026-07-05 11:12:06.077,1783221126.077222347,2.010832565,1,1,1.996260498,1,0.008025289,5,1,0.006486486,5,1,0,1,0,0,1,1,1,0,1,0,-1.000000000,0.000000000,0.000000000,0.000000000,0,-1.000000000,0,0,0,,0,-1.000000000,,0,0,0.000000000,0.000000000,0,-1.000000000,0,,0,-1.000000000,,0,-1.000000000,0,,1,-0.009018516,-0.516722914,-0.021978378,-0.026862144,1,3.143450975,180.106473998,-0.002442360,-2.810256958,1,-2.872073412,-164.557684956,0.002442360,2.632478714,1,0.077248573,4.426017224,-0.007326126,0.398046494,1,0.078040123,4.471369680,-0.036628723,-0.003663063,-0.009018516,-0.516722914,0.000000000,-0.000000000,6.000000000,2.500000000,3.156802416,180.871455185,0.000000000,-2.811573744,2.000000000,0.500000000,-2.872454882,-164.579541561,0.000000000,2.652687788,1.000000000,0.500000000,0.076104164,4.360447408,0.000000000,0.404521435,0.500000000,0.200000003,0.078423500,4.493335568,0.000000000,-0.000016204,0.000000000,0.100000001
2026-07-05 11:12:07.077,1783221127.077082157,3.010692201,1,1,2.996120134,1,0.007604985,5,1,0.006373426,5,1,0,1,0,0,1,1,1,0,1,0,-1.000000000,0.000000000,0.000000000,0.000000000,0,-1.000000000,0,0,0,,0,-1.000000000,,0,0,0.000000000,0.000000000,0,-1.000000000,0,,0,-1.000000000,,0,-1.000000000,0,,1,-0.009018516,-0.516722914,-0.036630630,-0.026862144,1,3.143450975,180.106473998,-0.002442360,-2.810256958,1,-2.872073412,-164.557684956,-0.002442360,2.632478714,1,0.077248573,4.426017224,-0.007326126,0.398046494,1,0.078423500,4.493335568,0.012210846,-0.003663063,-0.009018516,-0.516722914,0.000000000,-0.000000000,6.000000000,2.500000000,3.156802416,180.871455185,0.000000000,-2.811573744,2.000000000,0.500000000,-2.872454882,-164.579541561,0.000000000,2.652687788,1.000000000,0.500000000,0.076104164,4.360447408,0.000000000,0.404521435,0.500000000,0.200000003,0.078423500,4.493335568,0.000000000,-0.000016204,0.000000000,0.100000001
2026-07-05 11:12:08.077,1783221128.077129126,4.010739273,1,1,3.996167206,1,0.007901954,5,1,0.006414326,5,1,0,1,0,0,1,1,1,0,1,0,-1.000000000,0.000000000,0.000000000,0.000000000,0,-1.000000000,0,0,0,,0,-1.000000000,,0,0,0.000000000,0.000000000,0,-1.000000000,0,,0,-1.000000000,,0,-1.000000000,0,,1,-0.009018516,-0.516722914,-0.007326126,-0.026862144,1,3.143450975,180.106473998,-0.002442360,-2.810256958,1,-2.872073412,-164.557684956,-0.002442360,2.646154404,1,0.077248573,4.426017224,-0.007326126,0.398046494,1,0.078423500,4.493335568,-0.012210846,-0.003663063,-0.009018516,-0.516722914,0.000000000,-0.000000000,6.000000000,2.500000000,3.156802416,180.871455185,0.000000000,-2.811573744,2.000000000,0.500000000,-2.872454882,-164.579541561,0.000000000,2.652687788,1.000000000,0.500000000,0.076104164,4.360447408,0.000000000,0.404521435,0.500000000,0.200000003,0.078423500,4.493335568,0.000000000,-0.000016204,0.000000000,0.100000001
2026-07-05 11:12:09.077,1783221129.077144384,5.010754450,1,1,4.996182383,1,0.008125486,5,1,0.006291139,5,1,0,1,0,0,1,1,1,0,1,0,-1.000000000,0.000000000,0.000000000,0.000000000,0,-1.000000000,0,0,0,,0,-1.000000000,,0,0,0.000000000,0.000000000,0,-1.000000000,0,,0,-1.000000000,,0,-1.000000000,0,,1,-0.009018516,-0.516722914,0.007326126,-0.021978378,1,3.143450975,180.106473998,0.002442360,-2.810256958,1,-2.872073412,-164.557684956,-0.002442360,2.632478714,1,0.077248573,4.426017224,-0.007326126,0.398046494,1,0.078040123,4.471369680,-0.012210846,-0.003663063,-0.009018516,-0.516722914,0.000000000,-0.000000000,6.000000000,2.500000000,3.156802416,180.871455185,0.000000000,-2.811573744,2.000000000,0.500000000,-2.872454882,-164.579541561,0.000000000,2.652687788,1.000000000,0.500000000,0.076104164,4.360447408,0.000000000,0.404521435,0.500000000,0.200000003,0.078423500,4.493335568,0.000000000,-0.000016204,0.000000000,0.100000001
2026-07-05 11:12:10.077,1783221130.076992035,6.010602148,1,1,5.996030081,1,0.007610357,5,1,0.006295024,5,1,0,1,0,0,1,1,1,0,1,0,-1.000000000,0.000000000,0.000000000,0.000000000,0,-1.000000000,0,0,0,,0,-1.000000000,,0,0,0.000000000,0.000000000,0,-1.000000000,0,,0,-1.000000000,,0,-1.000000000,0,,1,-0.009018516,-0.516722914,-0.007326126,-0.021978378,1,3.143450975,180.106473998,-0.007326126,-2.810256958,1,-2.872073412,-164.557684956,-0.002442360,2.632478714,1,0.077248573,4.426017224,0.007326126,0.398046494,1,0.078040123,4.471369680,-0.036628723,-0.003663063,-0.009018516,-0.516722914,0.000000000,-0.000000000,6.000000000,2.500000000,3.156802416,180.871455185,0.000000000,-2.811573744,2.000000000,0.500000000,-2.872454882,-164.579541561,0.000000000,2.652687788,1.000000000,0.500000000,0.076104164,4.360447408,0.000000000,0.404521435,0.500000000,0.200000003,0.078423500,4.493335568,0.000000000,-0.000016204,0.000000000,0.100000001
2026-07-05 11:12:11.077,1783221131.077193737,7.010803900,1,1,6.996231833,1,0.008171759,5,1,0.006487177,5,1,0,1,0,0,1,1,1,0,1,0,-1.000000000,0.000000000,0.000000000,0.000000000,0,-1.000000000,0,0,0,,0,-1.000000000,,0,0,0.000000000,0.000000000,0,-1.000000000,0,,0,-1.000000000,,0,-1.000000000,0,,1,-0.009018516,-0.516722914,-0.007326126,-0.021978378,1,3.143450975,180.106473998,-0.002442360,-2.810256958,1,-2.872073412,-164.557684956,-0.002442360,2.632478714,1,0.077248573,4.426017224,0.007326126,0.398046494,1,0.078423500,4.493335568,0.012210846,-0.003663063,-0.009018516,-0.516722914,0.000000000,-0.000000000,6.000000000,2.500000000,3.156802416,180.871455185,0.000000000,-2.811573744,2.000000000,0.500000000,-2.872454882,-164.579541561,0.000000000,2.652687788,1.000000000,0.500000000,0.076104164,4.360447408,0.000000000,0.404521435,0.500000000,0.200000003,0.078423500,4.493335568,0.000000000,-0.000016204,0.000000000,0.100000001
2026-07-05 11:12:12.076,1783221132.076899052,8.010509098,1,1,7.995937031,1,0.008365527,5,1,0.006423247,5,1,0,1,0,0,1,1,1,0,1,0,-1.000000000,0.000000000,0.000000000,0.000000000,0,-1.000000000,0,0,0,,0,-1.000000000,,0,0,0.000000000,0.000000000,0,-1.000000000,0,,0,-1.000000000,,0,-1.000000000,0,,1,-0.009018516,-0.516722914,-0.021978378,-0.021978378,1,3.143450975,180.106473998,-0.007326126,-2.810256958,1,-2.872073412,-164.557684956,-0.002442360,2.646154404,1,0.077248573,4.426017224,-0.007326126,0.398046494,1,0.078423500,4.493335568,0.012210846,-0.003663063,-0.009018516,-0.516722914,0.000000000,-0.000000000,6.000000000,2.500000000,3.156802416,180.871455185,0.000000000,-2.811573744,2.000000000,0.500000000,-2.872454882,-164.579541561,0.000000000,2.652687788,1.000000000,0.500000000,0.076104164,4.360447408,0.000000000,0.404521435,0.500000000,0.200000003,0.078423500,4.493335568,0.000000000,-0.000016204,0.000000000,0.100000001
2026-07-05 11:12:13.076,1783221133.076864958,9.010475126,1,1,8.995903059,1,0.007939773,5,1,0.006394641,5,1,0,1,0,0,1,1,1,0,1,0,-1.000000000,0.000000000,0.000000000,0.000000000,0,-1.000000000,0,0,0,,0,-1.000000000,,0,0,0.000000000,0.000000000,0,-1.000000000,0,,0,-1.000000000,,0,-1.000000000,0,,1,-0.009018516,-0.516722914,-0.007326126,-0.026862144,1,3.143450975,180.106473998,-0.002442360,-2.810256958,1,-2.872073412,-164.557684956,-0.002442360,2.646154404,1,0.077248573,4.426017224,-0.021978378,0.398046494,1,0.078040123,4.471369680,-0.036628723,-0.003663063,-0.009018516,-0.516722914,0.000000000,-0.000000000,6.000000000,2.500000000,3.156802416,180.871455185,0.000000000,-2.811573744,2.000000000,0.500000000,-2.872454882,-164.579541561,0.000000000,2.652687788,1.000000000,0.500000000,0.076104164,4.360447408,0.000000000,0.404521435,0.500000000,0.200000003,0.078423500,4.493335568,0.000000000,-0.000016204,0.000000000,0.100000001
2026-07-05 11:12:14.077,1783221134.076921701,10.010531781,1,1,9.995959714,1,0.007431526,5,1,0.006345022,5,1,0,1,0,0,1,1,1,0,1,0,-1.000000000,0.000000000,0.000000000,0.000000000,0,-1.000000000,0,0,0,,0,-1.000000000,,0,0,0.000000000,0.000000000,0,-1.000000000,0,,0,-1.000000000,,0,-1.000000000,0,,1,-0.009018516,-0.516722914,0.021978378,-0.021978378,1,3.143450975,180.106473998,0.002442360,-2.810256958,1,-2.872073412,-164.557684956,-0.002442360,2.646154404,1,0.077248573,4.426017224,-0.021978378,0.398046494,1,0.078423500,4.493335568,0.012210846,-0.003663063,-0.009018516,-0.516722914,0.000000000,-0.000000000,6.000000000,2.500000000,3.156802416,180.871455185,0.000000000,-2.811573744,2.000000000,0.500000000,-2.872454882,-164.579541561,0.000000000,2.652687788,1.000000000,0.500000000,0.076104164,4.360447408,0.000000000,0.404521435,0.500000000,0.200000003,0.078423500,4.493335568,0.000000000,-0.000016204,0.000000000,0.100000001
2026-07-05 11:12:15.076,1783221135.076903582,11.010513879,1,1,10.995941812,1,0.007969495,5,1,0.006364822,5,1,0,1,0,0,1,1,1,0,1,0,-1.000000000,0.000000000,0.000000000,0.000000000,0,-1.000000000,0,0,0,,0,-1.000000000,,0,0,0.000000000,0.000000000,0,-1.000000000,0,,0,-1.000000000,,0,-1.000000000,0,,1,-0.009018516,-0.516722914,-0.007326126,-0.021978378,1,3.143450975,180.106473998,-0.002442360,-2.810256958,1,-2.872073412,-164.557684956,-0.002442360,2.646154404,1,0.077248573,4.426017224,-0.007326126,0.398046494,1,0.078423500,4.493335568,-0.036628723,-0.003663063,-0.009018516,-0.516722914,0.000000000,-0.000000000,6.000000000,2.500000000,3.156802416,180.871455185,0.000000000,-2.811573744,2.000000000,0.500000000,-2.872454882,-164.579541561,0.000000000,2.652687788,1.000000000,0.500000000,0.076104164,4.360447408,0.000000000,0.404521435,0.500000000,0.200000003,0.078423500,4.493335568,0.000000000,-0.000016204,0.000000000,0.100000001
2026-07-05 11:12:16.076,1783221136.076909542,12.010519562,1,1,11.995947495,1,0.007816266,5,1,0.006428712,5,1,0,1,0,0,1,1,1,0,1,0,-1.000000000,0.000000000,0.000000000,0.000000000,0,-1.000000000,0,0,0,,0,-1.000000000,,0,0,0.000000000,0.000000000,0,-1.000000000,0,,0,-1.000000000,,0,-1.000000000,0,,1,-0.009018516,-0.516722914,-0.021978378,-0.021978378,1,3.143450975,180.106473998,-0.002442360,-2.810256958,1,-2.872073412,-164.557684956,-0.002442360,2.632478714,1,0.077248573,4.426017224,-0.007326126,0.398046494,1,0.078040123,4.471369680,-0.012210846,-0.003663063,-0.009018516,-0.516722914,0.000000000,-0.000000000,6.000000000,2.500000000,3.156802416,180.871455185,0.000000000,-2.811573744,2.000000000,0.500000000,-2.872454882,-164.579541561,0.000000000,2.652687788,1.000000000,0.500000000,0.076104164,4.360447408,0.000000000,0.404521435,0.500000000,0.200000003,0.078423500,4.493335568,0.000000000,-0.000016204,0.000000000,0.100000001
2026-07-05 11:12:17.076,1783221137.076752901,13.010362965,1,1,12.995790898,1,0.008196544,5,1,0.006441407,5,1,0,1,0,0,1,1,1,0,1,0,-1.000000000,0.000000000,0.000000000,0.000000000,0,-1.000000000,0,0,0,,0,-1.000000000,,0,0,0.000000000,0.000000000,0,-1.000000000,0,,0,-1.000000000,,0,-1.000000000,0,,1,-0.009018516,-0.516722914,0.007326126,-0.026862144,1,3.143450975,180.106473998,-0.002442360,-2.810256958,1,-2.872073412,-164.557684956,-0.002442360,2.632478714,1,0.077248573,4.426017224,-0.007326126,0.398046494,1,0.078423500,4.493335568,-0.012210846,-0.003663063,-0.009018516,-0.516722914,0.000000000,-0.000000000,6.000000000,2.500000000,3.156802416,180.871455185,0.000000000,-2.811573744,2.000000000,0.500000000,-2.872454882,-164.579541561,0.000000000,2.652687788,1.000000000,0.500000000,0.076104164,4.360447408,0.000000000,0.404521435,0.500000000,0.200000003,0.078423500,4.493335568,0.000000000,-0.000016204,0.000000000,0.100000001
2026-07-05 11:12:18.077,1783221138.076953650,14.010563617,1,1,13.995991550,1,0.007830675,5,1,0.006437712,5,1,0,1,0,0,1,1,1,0,1,0,-1.000000000,0.000000000,0.000000000,0.000000000,0,-1.000000000,0,0,0,,0,-1.000000000,,0,0,0.000000000,0.000000000,0,-1.000000000,0,,0,-1.000000000,,0,-1.000000000,0,,1,-0.009018516,-0.516722914,-0.007326126,-0.026862144,1,3.143450975,180.106473998,-0.002442360,-2.796581268,1,-2.872073412,-164.557684956,-0.002442360,2.646154404,1,0.078011513,4.469730434,0.007326126,-0.007326126,0,0.078423500,4.493335568,-0.012210846,-0.003663063,-0.009018516,-0.516722914,0.000000000,-0.000000000,6.000000000,2.500000000,3.156802416,180.871455185,0.000000000,-2.811573744,2.000000000,0.500000000,-2.872454882,-164.579541561,0.000000000,2.652687788,1.000000000,0.500000000,0.076104164,4.360447408,0.000000000,0.404521435,0.500000000,0.200000003,0.078423500,4.493335568,0.000000000,-0.000016204,0.000000000,0.100000001
2026-07-05 11:12:19.076,1783221139.076764107,15.010374282,1,1,14.995802215,1,0.007919294,5,1,0.006320561,5,1,0,1,0,0,1,1,1,0,1,0,-1.000000000,0.000000000,0.000000000,0.000000000,0,-1.000000000,0,0,0,,0,-1.000000000,,0,0,0.000000000,0.000000000,0,-1.000000000,0,,0,-1.000000000,,0,-1.000000000,0,,1,-0.005584335,-0.319958851,-0.007326126,-0.056165695,1,3.107210398,178.030041849,-0.520146370,-2.345298767,1,-2.872073412,-164.557684956,-0.002442360,2.632478714,1,0.077248573,4.426017224,-0.021978378,0.398046494,1,0.078040123,4.471369680,-0.012210846,-0.003663063,-0.009018516,-0.516722914,0.000000000,-0.000000000,6.000000000,2.500000000,3.156802416,180.871455185,0.000000000,-2.811573744,2.000000000,0.500000000,-2.872454882,-164.579541561,0.000000000,2.652687788,1.000000000,0.500000000,0.076104164,4.360447408,0.000000000,0.404521435,0.500000000,0.200000003,0.078423500,4.493335568,0.000000000,-0.000016204,0.000000000,0.100000001
2026-07-05 11:12:20.076,1783221140.076774597,16.010384851,1,1,15.995812784,1,0.008130791,5,1,0.006459311,5,1,0,1,0,0,1,1,1,0,1,0,-1.000000000,0.000000000,0.000000000,0.000000000,0,-1.000000000,0,0,0,,0,-1.000000000,,0,0,0.000000000,0.000000000,0,-1.000000000,0,,0,-1.000000000,,0,-1.000000000,0,,1,-0.023895836,-1.369130522,-0.007326126,0.080586433,1,2.867643595,164.303875126,-0.925518990,-1.866666794,1,-2.872073412,-164.557684956,-0.002442360,2.646154404,1,0.077248573,4.426017224,0.007326126,0.398046494,1,0.078423500,4.493335568,0.012210846,-0.003663063,-0.009018516,-0.516722914,0.000000000,-0.000000000,6.000000000,2.500000000,3.156802416,180.871455185,0.000000000,-2.811573744,2.000000000,0.500000000,-2.872454882,-164.579541561,0.000000000,2.652687788,1.000000000,0.500000000,0.076104164,4.360447408,0.000000000,0.404521435,0.500000000,0.200000003,0.078423500,4.493335568,0.000000000,-0.000016204,0.000000000,0.100000001
2026-07-05 11:12:21.076,1783221141.076680183,17.010290330,1,1,16.995718263,1,0.008021621,5,1,0.006468135,5,1,0,1,0,0,1,1,1,0,1,0,-1.000000000,0.000000000,0.000000000,0.000000000,0,-1.000000000,0,0,0,,0,-1.000000000,,0,0,0.000000000,0.000000000,0,-1.000000000,0,,0,-1.000000000,,0,-1.000000000,0,,1,-0.020462608,-1.172421074,-0.007326126,0.046398163,1,3.117510080,178.620170193,0.056165695,-2.618803024,1,-2.872073412,-164.557684956,0.002442360,2.632478714,1,0.077248573,4.426017224,-0.021978378,0.398046494,1,0.078040123,4.471369680,-0.036628723,-0.003663063,-0.009018516,-0.516722914,0.000000000,-0.000000000,6.000000000,2.500000000,3.156802416,180.871455185,0.000000000,-2.811573744,2.000000000,0.500000000,-2.872454882,-164.579541561,0.000000000,2.652687788,1.000000000,0.500000000,0.076104164,4.360447408,0.000000000,0.404521435,0.500000000,0.200000003,0.078423500,4.493335568,0.000000000,-0.000016204,0.000000000,0.100000001
2026-07-05 11:12:22.076,1783221142.076669216,18.010279423,1,1,17.995707356,1,0.007826312,5,1,0.006347246,5,1,0,1,0,0,1,1,1,0,1,0,-1.000000000,0.000000000,0.000000000,0.000000000,0,-1.000000000,0,0,0,,0,-1.000000000,,0,0,0.000000000,0.000000000,0,-1.000000000,0,,0,-1.000000000,,0,-1.000000000,0,,1,-0.024658775,-1.412843733,-0.007326126,0.065934181,1,2.803555727,160.631910787,0.432234764,-2.386323929,1,-2.872073412,-164.557684956,-0.002442360,2.632478714,1,0.077248573,4.426017224,-0.007326126,0.398046494,1,0.078040123,4.471369680,-0.012210846,-0.003663063,-0.009018516,-0.516722914,0.000000000,-0.000000000,6.000000000,2.500000000,3.156802416,180.871455185,0.000000000,-2.811573744,2.000000000,0.500000000,-2.872454882,-164.579541561,0.000000000,2.652687788,1.000000000,0.500000000,0.076104164,4.360447408,0.000000000,0.404521435,0.500000000,0.200000003,0.078423500,4.493335568,0.000000000,-0.000016204,0.000000000,0.100000001
2026-07-05 11:12:23.076,1783221143.076707363,19.010317322,1,1,18.995745255,1,0.008042737,5,1,0.005471216,5,1,0,1,0,0,1,1,1,0,1,0,-1.000000000,0.000000000,0.000000000,0.000000000,0,-1.000000000,0,0,0,,0,-1.000000000,,0,0,0.000000000,0.000000000,0,-1.000000000,0,,0,-1.000000000,,0,-1.000000000,0,,1,-0.024277305,-1.390987128,-0.007326126,0.070817947,1,3.134295702,179.581915469,-0.002442360,-2.796581268,1,-2.872073412,-164.557684956,-0.002442360,2.632478714,1,0.078011513,4.469730434,-0.021978378,0.398046494,1,0.078423500,4.493335568,-0.012210846,-0.003663063,-0.009018516,-0.516722914,0.000000000,-0.000000000,6.000000000,2.500000000,3.156802416,180.871455185,0.000000000,-2.811573744,2.000000000,0.500000000,-2.872454882,-164.579541561,0.000000000,2.652687788,1.000000000,0.500000000,0.076104164,4.360447408,0.000000000,0.404521435,0.500000000,0.200000003,0.078423500,4.493335568,0.000000000,-0.000016204,0.000000000,0.100000001
2026-07-05 11:12:24.076,1783221144.076566935,20.010177222,1,1,19.995605155,1,0.008164424,5,1,0.006391408,5,1,0,1,0,0,1,1,1,0,1,0,-1.000000000,0.000000000,0.000000000,0.000000000,0,-1.000000000,0,0,0,,0,-1.000000000,,0,0,0.000000000,0.000000000,0,-1.000000000,0,,0,-1.000000000,,0,-1.000000000,0,,1,-0.021607017,-1.237990890,-0.007326126,0.046398163,1,3.116747141,178.576456982,-0.007326126,-2.755556107,1,-2.872073412,-164.557684956,-0.007326126,2.646154404,1,0.078011513,4.469730434,-0.007326126,0.398046494,1,0.078423500,4.493335568,-0.012210846,-0.003663063,-0.009018516,-0.516722914,0.000000000,-0.000000000,6.000000000,2.500000000,3.156802416,180.871455185,0.000000000,-2.811573744,2.000000000,0.500000000,-2.872454882,-164.579541561,0.000000000,2.652687788,1.000000000,0.500000000,0.076104164,4.360447408,0.000000000,0.404521435,0.500000000,0.200000003,0.078423500,4.493335568,0.000000000,-0.000016204,0.000000000,0.100000001
2026-07-05 11:12:25.076,1783221145.076550961,21.010161044,1,1,20.995588977,1,0.008051461,5,1,0.006289451,5,1,0,1,0,0,1,1,1,0,1,0,-1.000000000,0.000000000,0.000000000,0.000000000,0,-1.000000000,0,0,0,,0,-1.000000000,,0,0,0.000000000,0.000000000,0,-1.000000000,0,,0,-1.000000000,,0,-1.000000000,0,,1,-0.021225547,-1.216134285,-0.007326126,0.046398163,1,3.116747141,178.576456982,-0.002442360,-2.755556107,1,-2.872073412,-164.557684956,-0.007326126,2.632478714,1,0.078011513,4.469730434,-0.007326126,0.398046494,1,0.078423500,4.493335568,-0.012210846,-0.003663063,-0.009018516,-0.516722914,0.000000000,-0.000000000,6.000000000,2.500000000,3.156802416,180.871455185,0.000000000,-2.811573744,2.000000000,0.500000000,-2.872454882,-164.579541561,0.000000000,2.652687788,1.000000000,0.500000000,0.076104164,4.360447408,0.000000000,0.404521435,0.500000000,0.200000003,0.078423500,4.493335568,0.000000000,-0.000016204,0.000000000,0.100000001
2026-07-05 11:12:26.076,1783221146.076551676,22.010161889,1,1,21.995589822,1,0.007909218,5,1,0.006359307,5,1,0,1,0,0,1,1,1,0,1,0,-1.000000000,0.000000000,0.000000000,0.000000000,0,-1.000000000,0,0,0,,0,-1.000000000,,0,0,0.000000000,0.000000000,0,-1.000000000,0,,0,-1.000000000,,0,-1.000000000,0,,1,-0.021607017,-1.237990890,-0.007326126,0.051281929,1,3.116747141,178.576456982,-0.002442360,-2.755556107,1,-2.872073412,-164.557684956,-0.002442360,2.632478714,1,0.078011513,4.469730434,-0.007326126,0.398046494,1,0.078423500,4.493335568,0.012210846,-0.003663063,-0.009018516,-0.516722914,0.000000000,-0.000000000,6.000000000,2.500000000,3.156802416,180.871455185,0.000000000,-2.811573744,2.000000000,0.500000000,-2.872454882,-164.579541561,0.000000000,2.652687788,1.000000000,0.500000000,0.076104164,4.360447408,0.000000000,0.404521435,0.500000000,0.200000003,0.078423500,4.493335568,0.000000000,-0.000016204,0.000000000,0.100000001
2026-07-05 11:12:27.076,1783221147.076481819,23.010091874,1,1,22.995519807,1,0.008178008,5,1,0.006431656,5,1,0,1,0,0,1,1,1,0,1,0,-1.000000000,0.000000000,0.000000000,0.000000000,0,-1.000000000,0,0,0,,0,-1.000000000,,0,0,0.000000000,0.000000000,0,-1.000000000,0,,0,-1.000000000,,0,-1.000000000,0,,1,-0.021607017,-1.237990890,-0.007326126,0.051281929,1,3.116365671,178.554600377,-0.007326126,-2.755556107,1,-2.872073412,-164.557684956,-0.007326126,2.632478714,1,0.078011513,4.469730434,-0.007326126,0.398046494,1,0.078423500,4.493335568,0.012210846,-0.003663063,-0.009018516,-0.516722914,0.000000000,-0.000000000,6.000000000,2.500000000,3.156802416,180.871455185,0.000000000,-2.811573744,2.000000000,0.500000000,-2.872454882,-164.579541561,0.000000000,2.652687788,1.000000000,0.500000000,0.076104164,4.360447408,0.000000000,0.404521435,0.500000000,0.200000003,0.078423500,4.493335568,0.000000000,-0.000016204,0.000000000,0.100000001
2026-07-05 11:12:28.076,1783221148.076506376,24.010116537,1,1,23.995544470,1,0.008199068,5,1,0.006384265,5,1,0,1,0,0,1,1,1,0,1,0,-1.000000000,0.000000000,0.000000000,0.000000000,0,-1.000000000,0,0,0,,0,-1.000000000,,0,0,0.000000000,0.000000000,0,-1.000000000,0,,0,-1.000000000,,0,-1.000000000,0,,1,-0.021607017,-1.237990890,-0.007326126,0.051281929,1,3.116747141,178.576456982,-0.002442360,-2.755556107,1,-2.872073412,-164.557684956,-0.002442360,2.646154404,1,0.078011513,4.469730434,0.007326126,0.402930260,1,0.078040123,4.471369680,-0.012210846,-0.003663063,-0.009018516,-0.516722914,0.000000000,-0.000000000,6.000000000,2.500000000,3.156802416,180.871455185,0.000000000,-2.811573744,2.000000000,0.500000000,-2.872454882,-164.579541561,0.000000000,2.652687788,1.000000000,0.500000000,0.076104164,4.360447408,0.000000000,0.404521435,0.500000000,0.200000003,0.078423500,4.493335568,0.000000000,-0.000016204,0.000000000,0.100000001
2026-07-05 11:12:29.076,1783221149.076447725,25.010057828,1,1,24.995485761,1,0.007928480,5,1,0.006332968,5,1,0,1,0,0,1,1,1,0,1,0,-1.000000000,0.000000000,0.000000000,0.000000000,0,-1.000000000,0,0,0,,0,-1.000000000,,0,0,0.000000000,0.000000000,0,-1.000000000,0,,0,-1.000000000,,0,-1.000000000,0,,1,-0.021607017,-1.237990890,-0.021978378,0.051281929,1,3.116365671,178.554600377,-0.002442360,-2.755556107,1,-2.872073412,-164.557684956,-0.002442360,2.632478714,1,0.078011513,4.469730434,-0.007326126,0.398046494,1,0.078040123,4.471369680,-0.036628723,-0.003663063,-0.009018516,-0.516722914,0.000000000,-0.000000000,6.000000000,2.500000000,3.156802416,180.871455185,0.000000000,-2.811573744,2.000000000,0.500000000,-2.872454882,-164.579541561,0.000000000,2.652687788,1.000000000,0.500000000,0.076104164,4.360447408,0.000000000,0.404521435,0.500000000,0.200000003,0.078423500,4.493335568,0.000000000,-0.000016204,0.000000000,0.100000001
2026-07-05 11:12:30.076,1783221150.076420784,26.010031047,1,1,25.995458980,1,0.008261311,5,1,0.006405416,5,1,0,1,0,0,1,1,1,0,1,0,-1.000000000,0.000000000,0.000000000,0.000000000,0,-1.000000000,0,0,0,,0,-1.000000000,,0,0,0.000000000,0.000000000,0,-1.000000000,0,,0,-1.000000000,,0,-1.000000000,0,,1,-0.021607017,-1.237990890,-0.007326126,0.051281929,1,3.116747141,178.576456982,-0.002442360,-2.755556107,1,-2.872073412,-164.557684956,-0.002442360,2.632478714,1,0.078011513,4.469730434,0.007326126,0.398046494,1,0.078423500,4.493335568,-0.012210846,-0.003663063,-0.009018516,-0.516722914,0.000000000,-0.000000000,6.000000000,2.500000000,3.156802416,180.871455185,0.000000000,-2.811573744,2.000000000,0.500000000,-2.872454882,-164.579541561,0.000000000,2.652687788,1.000000000,0.500000000,0.076104164,4.360447408,0.000000000,0.404521435,0.500000000,0.200000003,0.078423500,4.493335568,0.000000000,-0.000016204,0.000000000,0.100000001
2026-07-05 11:12:31.076,1783221151.076407671,27.010017747,1,1,26.995445680,1,0.008059057,5,1,0.006277313,5,1,0,1,0,0,1,1,1,0,1,0,-1.000000000,0.000000000,0.000000000,0.000000000,0,-1.000000000,0,0,0,,0,-1.000000000,,0,0,0.000000000,0.000000000,0,-1.000000000,0,,0,-1.000000000,,0,-1.000000000,0,,1,-0.021607017,-1.237990890,-0.007326126,0.046398163,1,3.116747141,178.576456982,-0.002442360,-2.741880417,1,-2.872073412,-164.557684956,-0.002442360,2.632478714,1,0.078011513,4.469730434,-0.007326126,0.398046494,1,0.078040123,4.471369680,-0.012210846,-0.003663063,-0.009018516,-0.516722914,0.000000000,-0.000000000,6.000000000,2.500000000,3.156802416,180.871455185,0.000000000,-2.811573744,2.000000000,0.500000000,-2.872454882,-164.579541561,0.000000000,2.652687788,1.000000000,0.500000000,0.076104164,4.360447408,0.000000000,0.404521435,0.500000000,0.200000003,0.078423500,4.493335568,0.000000000,-0.000016204,0.000000000,0.100000001
2026-07-05 11:12:32.076,1783221152.076357126,28.009967307,1,1,27.995395240,1,0.008032640,5,1,0.006324054,5,1,0,1,0,0,1,1,1,0,1,0,-1.000000000,0.000000000,0.000000000,0.000000000,0,-1.000000000,0,0,0,,0,-1.000000000,,0,0,0.000000000,0.000000000,0,-1.000000000,0,,0,-1.000000000,,0,-1.000000000,0,,1,-0.021607017,-1.237990890,-0.007326126,0.046398163,1,3.116747141,178.576456982,-0.002442360,-2.755556107,1,-2.872073412,-164.557684956,-0.002442360,2.632478714,1,0.078011513,4.469730434,0.007326126,0.398046494,1,0.078423500,4.493335568,0.012210846,-0.003663063,-0.009018516,-0.516722914,0.000000000,-0.000000000,6.000000000,2.500000000,3.156802416,180.871455185,0.000000000,-2.811573744,2.000000000,0.500000000,-2.872454882,-164.579541561,0.000000000,2.652687788,1.000000000,0.500000000,0.076104164,4.360447408,0.000000000,0.404521435,0.500000000,0.200000003,0.078423500,4.493335568,0.000000000,-0.000016204,0.000000000,0.100000001
2026-07-05 11:12:33.076,1783221153.076324940,29.009934974,1,1,28.995362907,1,0.007943829,5,1,0.006338942,5,1,0,1,0,0,1,1,1,0,1,0,-1.000000000,0.000000000,0.000000000,0.000000000,0,-1.000000000,0,0,0,,0,-1.000000000,,0,0,0.000000000,0.000000000,0,-1.000000000,0,,0,-1.000000000,,0,-1.000000000,0,,1,-0.021607017,-1.237990890,-0.007326126,0.051281929,1,3.116747141,178.576456982,-0.002442360,-2.755556107,1,-2.872073412,-164.557684956,-0.002442360,2.646154404,1,0.078011513,4.469730434,0.007326126,0.398046494,1,0.078423500,4.493335568,0.012210846,-0.003663063,-0.009018516,-0.516722914,0.000000000,-0.000000000,6.000000000,2.500000000,3.156802416,180.871455185,0.000000000,-2.811573744,2.000000000,0.500000000,-2.872454882,-164.579541561,0.000000000,2.652687788,1.000000000,0.500000000,0.076104164,4.360447408,0.000000000,0.404521435,0.500000000,0.200000003,0.078423500,4.493335568,0.000000000,-0.000016204,0.000000000,0.100000001
2026-07-05 11:12:34.076,1783221154.076306343,30.009916673,1,1,29.995344606,1,0.007866333,5,1,0.006440159,5,1,0,1,0,0,1,1,1,0,1,0,-1.000000000,0.000000000,0.000000000,0.000000000,0,-1.000000000,0,0,0,,0,-1.000000000,,0,0,0.000000000,0.000000000,0,-1.000000000,0,,0,-1.000000000,,0,-1.000000000,0,,1,-0.021607017,-1.237990890,-0.007326126,0.051281929,1,3.116747141,178.576456982,-0.002442360,-2.755556107,1,-2.872073412,-164.557684956,-0.002442360,2.646154404,1,0.078011513,4.469730434,-0.007326126,0.398046494,1,0.078040123,4.471369680,-0.012210846,-0.003663063,-0.009018516,-0.516722914,0.000000000,-0.000000000,6.000000000,2.500000000,3.156802416,180.871455185,0.000000000,-2.811573744,2.000000000,0.500000000,-2.872454882,-164.579541561,0.000000000,2.652687788,1.000000000,0.500000000,0.076104164,4.360447408,0.000000000,0.404521435,0.500000000,0.200000003,0.078423500,4.493335568,0.000000000,-0.000016204,0.000000000,0.100000001
2026-07-05 11:12:35.076,1783221155.076317549,31.009927488,1,1,30.995355421,1,0.007981917,5,1,0.006314083,5,1,0,1,0,0,1,1,1,0,1,0,-1.000000000,0.000000000,0.000000000,0.000000000,0,-1.000000000,0,0,0,,0,-1.000000000,,0,0,0.000000000,0.000000000,0,-1.000000000,0,,0,-1.000000000,,0,-1.000000000,0,,1,-0.021607017,-1.237990890,-0.007326126,0.051281929,1,3.116747141,178.576456982,-0.002442360,-2.755556107,1,-2.872073412,-164.557684956,-0.002442360,2.632478714,1,0.078011513,4.469730434,-0.021978378,0.398046494,1,0.078040123,4.471369680,-0.012210846,-0.003663063,-0.009018516,-0.516722914,0.000000000,-0.000000000,6.000000000,2.500000000,3.156802416,180.871455185,0.000000000,-2.811573744,2.000000000,0.500000000,-2.872454882,-164.579541561,0.000000000,2.652687788,1.000000000,0.500000000,0.076104164,4.360447408,0.000000000,0.404521435,0.500000000,0.200000003,0.078423500,4.493335568,0.000000000,-0.000016204,0.000000000,0.100000001
2026-07-05 11:12:36.076,1783221156.076277971,32.009888249,1,1,31.995316182,1,0.007729618,5,1,0.006317009,5,1,0,1,0,0,1,1,1,0,1,0,-1.000000000,0.000000000,0.000000000,0.000000000,0,-1.000000000,0,0,0,,0,-1.000000000,,0,0,0.000000000,0.000000000,0,-1.000000000,0,,0,-1.000000000,,0,-1.000000000,0,,1,-0.021607017,-1.237990890,0.007326126,0.051281929,1,3.116747141,178.576456982,-0.002442360,-2.769229889,1,-2.872073412,-164.557684956,0.002442360,2.632478714,1,0.078011513,4.469730434,-0.021978378,0.398046494,1,0.078423500,4.493335568,0.012210846,-0.003663063,-0.009018516,-0.516722914,0.000000000,-0.000000000,6.000000000,2.500000000,3.156802416,180.871455185,0.000000000,-2.811573744,2.000000000,0.500000000,-2.872454882,-164.579541561,0.000000000,2.652687788,1.000000000,0.500000000,0.076104164,4.360447408,0.000000000,0.404521435,0.500000000,0.200000003,0.078423500,4.493335568,0.000000000,-0.000016204,0.000000000,0.100000001
2026-07-05 11:12:37.076,1783221157.076246977,33.009857255,1,1,32.995285188,1,0.007714511,5,1,0.006330869,5,1,0,1,0,0,1,1,1,0,1,0,-1.000000000,0.000000000,0.000000000,0.000000000,0,-1.000000000,0,0,0,,0,-1.000000000,,0,0,0.000000000,0.000000000,0,-1.000000000,0,,0,-1.000000000,,0,-1.000000000,0,,1,-0.021607017,-1.237990890,-0.007326126,0.046398163,1,3.116365671,178.554600377,-0.002442360,-2.755556107,1,-2.872073412,-164.557684956,-0.002442360,2.632478714,1,0.078011513,4.469730434,-0.021978378,0.398046494,1,0.078423500,4.493335568,0.012210846,-0.003663063,-0.009018516,-0.516722914,0.000000000,-0.000000000,6.000000000,2.500000000,3.156802416,180.871455185,0.000000000,-2.811573744,2.000000000,0.500000000,-2.872454882,-164.579541561,0.000000000,2.652687788,1.000000000,0.500000000,0.076104164,4.360447408,0.000000000,0.404521435,0.500000000,0.200000003,0.078423500,4.493335568,0.000000000,-0.000016204,0.000000000,0.100000001
2026-07-05 11:12:38.076,1783221158.076372147,34.009982353,1,1,33.995410286,1,0.007535733,5,1,0.006400618,5,1,0,1,0,0,1,1,1,0,1,0,-1.000000000,0.000000000,0.000000000,0.000000000,0,-1.000000000,0,0,0,,0,-1.000000000,,0,0,0.000000000,0.000000000,0,-1.000000000,0,,0,-1.000000000,,0,-1.000000000,0,,1,-0.021607017,-1.237990890,-0.007326126,0.046398163,1,3.116747141,178.576456982,-0.002442360,-2.755556107,1,-2.872073412,-164.557684956,-0.002442360,2.646154404,1,0.078011513,4.469730434,-0.007326126,0.398046494,1,0.078423500,4.493335568,0.012210846,-0.003663063,-0.009018516,-0.516722914,0.000000000,-0.000000000,6.000000000,2.500000000,3.156802416,180.871455185,0.000000000,-2.811573744,2.000000000,0.500000000,-2.872454882,-164.579541561,0.000000000,2.652687788,1.000000000,0.500000000,0.076104164,4.360447408,0.000000000,0.404521435,0.500000000,0.200000003,0.078423500,4.493335568,0.000000000,-0.000016204,0.000000000,0.100000001
2026-07-05 11:12:39.076,1783221159.076210022,35.009820051,1,1,34.995247984,1,0.007682169,5,1,0.006209880,5,1,0,1,0,0,1,1,1,0,1,0,-1.000000000,0.000000000,0.000000000,0.000000000,0,-1.000000000,0,0,0,,0,-1.000000000,,0,0,0.000000000,0.000000000,0,-1.000000000,0,,0,-1.000000000,,0,-1.000000000,0,,1,-0.021225547,-1.216134285,-0.007326126,0.051281929,1,3.116747141,178.576456982,0.002442360,-2.755556107,1,-2.872073412,-164.557684956,-0.002442360,2.632478714,1,0.078011513,4.469730434,0.007326126,0.398046494,1,0.078423500,4.493335568,-0.012210846,-0.003663063,-0.009018516,-0.516722914,0.000000000,-0.000000000,6.000000000,2.500000000,3.156802416,180.871455185,0.000000000,-2.811573744,2.000000000,0.500000000,-2.872454882,-164.579541561,0.000000000,2.652687788,1.000000000,0.500000000,0.076104164,4.360447408,0.000000000,0.404521435,0.500000000,0.200000003,0.078423500,4.493335568,0.000000000,-0.000016204,0.000000000,0.100000001
2026-07-05 11:12:40.076,1783221160.076138258,36.009748384,1,1,35.995176317,1,0.008206996,5,1,0.006446992,5,1,0,1,0,0,1,1,1,0,1,0,-1.000000000,0.000000000,0.000000000,0.000000000,0,-1.000000000,0,0,0,,0,-1.000000000,,0,0,0.000000000,0.000000000,0,-1.000000000,0,,0,-1.000000000,,0,-1.000000000,0,,1,-0.021607017,-1.237990890,0.007326126,0.051281929,1,3.116365671,178.554600377,-0.002442360,-2.755556107,1,-2.872073412,-164.557684956,-0.002442360,2.632478714,1,0.078011513,4.469730434,-0.007326126,0.398046494,1,0.078423500,4.493335568,0.012210846,-0.003663063,-0.009018516,-0.516722914,0.000000000,-0.000000000,6.000000000,2.500000000,3.156802416,180.871455185,0.000000000,-2.811573744,2.000000000,0.500000000,-2.872454882,-164.579541561,0.000000000,2.652687788,1.000000000,0.500000000,0.076104164,4.360447408,0.000000000,0.404521435,0.500000000,0.200000003,0.078423500,4.493335568,0.000000000,-0.000016204,0.000000000,0.100000001
2026-07-05 11:12:41.076,1783221161.076419592,37.010029682,1,1,36.995457615,1,0.008388453,5,1,0.006593626,5,1,0,1,0,0,1,1,1,0,1,0,-1.000000000,0.000000000,0.000000000,0.000000000,0,-1.000000000,0,0,0,,0,-1.000000000,,0,0,0.000000000,0.000000000,0,-1.000000000,0,,0,-1.000000000,,0,-1.000000000,0,,1,-0.021607017,-1.237990890,-0.007326126,0.051281929,1,3.116747141,178.576456982,0.002442360,-2.755556107,1,-2.872073412,-164.557684956,-0.002442360,2.632478714,1,0.078011513,4.469730434,-0.007326126,0.398046494,1,0.078040123,4.471369680,-0.012210846,-0.003663063,-0.009018516,-0.516722914,0.000000000,-0.000000000,6.000000000,2.500000000,3.156802416,180.871455185,0.000000000,-2.811573744,2.000000000,0.500000000,-2.872454882,-164.579541561,0.000000000,2.652687788,1.000000000,0.500000000,0.076104164,4.360447408,0.000000000,0.404521435,0.500000000,0.200000003,0.078423500,4.493335568,0.000000000,-0.000016204,0.000000000,0.100000001
2026-07-05 11:12:42.076,1783221162.076079607,38.009689654,1,1,37.995117587,1,0.008095375,5,1,0.006347392,5,1,0,1,0,0,1,1,1,0,1,0,-1.000000000,0.000000000,0.000000000,0.000000000,0,-1.000000000,0,0,0,,0,-1.000000000,,0,0,0.000000000,0.000000000,0,-1.000000000,0,,0,-1.000000000,,0,-1.000000000,0,,1,-0.021607017,-1.237990890,-0.007326126,0.051281929,1,3.116747141,178.576456982,-0.002442360,-2.755556107,1,-2.872073412,-164.557684956,-0.002442360,2.632478714,1,0.078011513,4.469730434,-0.007326126,0.398046494,1,0.078040123,4.471369680,-0.012210846,-0.003663063,-0.009018516,-0.516722914,0.000000000,-0.000000000,6.000000000,2.500000000,3.156802416,180.871455185,0.000000000,-2.811573744,2.000000000,0.500000000,-2.872454882,-164.579541561,0.000000000,2.652687788,1.000000000,0.500000000,0.076104164,4.360447408,0.000000000,0.404521435,0.500000000,0.200000003,0.078423500,4.493335568,0.000000000,-0.000016204,0.000000000,0.100000001
2026-07-05 11:12:43.076,1783221163.076058626,39.009668743,1,1,38.995096676,1,0.008051911,5,1,0.006377287,5,1,0,1,0,0,1,1,1,0,1,0,-1.000000000,0.000000000,0.000000000,0.000000000,0,-1.000000000,0,0,0,,0,-1.000000000,,0,0,0.000000000,0.000000000,0,-1.000000000,0,,0,-1.000000000,,0,-1.000000000,0,,1,-0.021225547,-1.216134285,0.007326126,0.051281929,1,3.116747141,178.576456982,-0.002442360,-2.755556107,1,-2.872073412,-164.557684956,-0.002442360,2.632478714,1,0.078011513,4.469730434,-0.007326126,0.398046494,1,0.078423500,4.493335568,0.012210846,-0.003663063,-0.009018516,-0.516722914,0.000000000,-0.000000000,6.000000000,2.500000000,3.156802416,180.871455185,0.000000000,-2.811573744,2.000000000,0.500000000,-2.872454882,-164.579541561,0.000000000,2.652687788,1.000000000,0.500000000,0.076104164,4.360447408,0.000000000,0.404521435,0.500000000,0.200000003,0.078423500,4.493335568,0.000000000,-0.000016204,0.000000000,0.100000001
2026-07-05 11:12:44.076,1783221164.076056242,40.009666314,1,1,39.995094247,1,0.008086611,5,1,0.006368025,5,1,0,1,0,0,1,1,1,0,1,0,-1.000000000,0.000000000,0.000000000,0.000000000,0,-1.000000000,0,0,0,,0,-1.000000000,,0,0,0.000000000,0.000000000,0,-1.000000000,0,,0,-1.000000000,,0,-1.000000000,0,,1,-0.021225547,-1.216134285,-0.007326126,0.051281929,1,3.116747141,178.576456982,-0.002442360,-2.755556107,1,-2.872073412,-164.557684956,-0.002442360,2.632478714,1,0.078011513,4.469730434,-0.007326126,0.398046494,1,0.078423500,4.493335568,-0.012210846,-0.003663063,-0.009018516,-0.516722914,0.000000000,-0.000000000,6.000000000,2.500000000,3.156802416,180.871455185,0.000000000,-2.811573744,2.000000000,0.500000000,-2.872454882,-164.579541561,0.000000000,2.652687788,1.000000000,0.500000000,0.076104164,4.360447408,0.000000000,0.404521435,0.500000000,0.200000003,0.078423500,4.493335568,0.000000000,-0.000016204,0.000000000,0.100000001
2026-07-05 11:12:45.076,1783221165.076014519,41.009624652,1,1,40.995052585,1,0.007979398,5,1,0.006330969,5,1,0,1,0,0,1,1,1,0,1,0,-1.000000000,0.000000000,0.000000000,0.000000000,0,-1.000000000,0,0,0,,0,-1.000000000,,0,0,0.000000000,0.000000000,0,-1.000000000,0,,0,-1.000000000,,0,-1.000000000,0,,1,-0.021607017,-1.237990890,-0.007326126,0.051281929,1,3.116747141,178.576456982,-0.002442360,-2.769229889,1,-2.872073412,-164.557684956,-0.002442360,2.646154404,1,0.078011513,4.469730434,-0.021978378,0.398046494,1,0.078423500,4.493335568,-0.012210846,-0.003663063,-0.009018516,-0.516722914,0.000000000,-0.000000000,6.000000000,2.500000000,3.156802416,180.871455185,0.000000000,-2.811573744,2.000000000,0.500000000,-2.872454882,-164.579541561,0.000000000,2.652687788,1.000000000,0.500000000,0.076104164,4.360447408,0.000000000,0.404521435,0.500000000,0.200000003,0.078423500,4.493335568,0.000000000,-0.000016204,0.000000000,0.100000001
2026-07-05 11:12:46.076,1783221166.076055527,42.009665705,1,1,41.995093638,1,0.007694469,5,1,0.006446439,5,1,0,1,0,0,1,1,1,0,1,0,-1.000000000,0.000000000,0.000000000,0.000000000,0,-1.000000000,0,0,0,,0,-1.000000000,,0,0,0.000000000,0.000000000,0,-1.000000000,0,,0,-1.000000000,,0,-1.000000000,0,,1,-0.021225547,-1.216134285,-0.007326126,0.051281929,1,3.116747141,178.576456982,-0.002442360,-2.755556107,1,-2.872073412,-164.557684956,-0.002442360,2.632478714,1,0.078011513,4.469730434,0.007326126,0.398046494,1,0.078040123,4.471369680,-0.036628723,-0.003663063,-0.009018516,-0.516722914,0.000000000,-0.000000000,6.000000000,2.500000000,3.156802416,180.871455185,0.000000000,-2.811573744,2.000000000,0.500000000,-2.872454882,-164.579541561,0.000000000,2.652687788,1.000000000,0.500000000,0.076104164,4.360447408,0.000000000,0.404521435,0.500000000,0.200000003,0.078423500,4.493335568,0.000000000,-0.000016204,0.000000000,0.100000001
2026-07-05 11:12:47.076,1783221167.075992584,43.009602739,1,1,42.995030672,1,0.007315426,5,1,0.006420733,5,1,0,1,0,0,1,1,1,0,1,0,-1.000000000,0.000000000,0.000000000,0.000000000,0,-1.000000000,0,0,0,,0,-1.000000000,,0,0,0.000000000,0.000000000,0,-1.000000000,0,,0,-1.000000000,,0,-1.000000000,0,,1,-0.021607017,-1.237990890,-0.021978378,0.051281929,1,3.116747141,178.576456982,-0.002442360,-2.769229889,1,-2.872073412,-164.557684956,-0.007326126,2.632478714,1,0.078011513,4.469730434,-0.007326126,0.398046494,1,0.078423500,4.493335568,-0.036628723,-0.003663063,-0.009018516,-0.516722914,0.000000000,-0.000000000,6.000000000,2.500000000,3.156802416,180.871455185,0.000000000,-2.811573744,2.000000000,0.500000000,-2.872454882,-164.579541561,0.000000000,2.652687788,1.000000000,0.500000000,0.076104164,4.360447408,0.000000000,0.404521435,0.500000000,0.200000003,0.078423500,4.493335568,0.000000000,-0.000016204,0.000000000,0.100000001
2026-07-05 11:12:48.076,1783221168.075950623,44.009560734,1,1,43.994988667,1,0.008139251,5,1,0.006445300,5,1,0,1,0,0,1,1,1,0,1,0,-1.000000000,0.000000000,0.000000000,0.000000000,0,-1.000000000,0,0,0,,0,-1.000000000,,0,0,0.000000000,0.000000000,0,-1.000000000,0,,0,-1.000000000,,0,-1.000000000,0,,1,-0.021607017,-1.237990890,-0.007326126,0.051281929,1,3.116365671,178.554600377,-0.007326126,-2.741880417,1,-2.872073412,-164.557684956,-0.002442360,2.632478714,1,0.078011513,4.469730434,-0.007326126,0.398046494,1,0.078040123,4.471369680,-0.012210846,-0.003663063,-0.009018516,-0.516722914,0.000000000,-0.000000000,6.000000000,2.500000000,3.156802416,180.871455185,0.000000000,-2.811573744,2.000000000,0.500000000,-2.872454882,-164.579541561,0.000000000,2.652687788,1.000000000,0.500000000,0.076104164,4.360447408,0.000000000,0.404521435,0.500000000,0.200000003,0.078423500,4.493335568,0.000000000,-0.000016204,0.000000000,0.100000001
2026-07-05 11:12:49.076,1783221169.075971127,45.009581136,1,1,44.995009069,1,0.008124729,5,1,0.006377226,5,1,0,1,0,0,1,1,1,0,1,0,-1.000000000,0.000000000,0.000000000,0.000000000,0,-1.000000000,0,0,0,,0,-1.000000000,,0,0,0.000000000,0.000000000,0,-1.000000000,0,,0,-1.000000000,,0,-1.000000000,0,,1,-0.021607017,-1.237990890,-0.007326126,0.051281929,1,3.116747141,178.576456982,-0.002442360,-2.755556107,1,-2.872073412,-164.557684956,-0.002442360,2.632478714,1,0.078011513,4.469730434,-0.007326126,0.398046494,1,0.078423500,4.493335568,-0.012210846,-0.003663063,-0.009018516,-0.516722914,0.000000000,-0.000000000,6.000000000,2.500000000,3.156802416,180.871455185,0.000000000,-2.811573744,2.000000000,0.500000000,-2.872454882,-164.579541561,0.000000000,2.652687788,1.000000000,0.500000000,0.076104164,4.360447408,0.000000000,0.404521435,0.500000000,0.200000003,0.078423500,4.493335568,0.000000000,-0.000016204,0.000000000,0.100000001
2026-07-05 11:12:50.075,1783221170.075857162,46.009467370,1,1,45.994895303,1,0.008246075,5,1,0.006442020,5,1,0,1,0,0,1,1,1,0,1,0,-1.000000000,0.000000000,0.000000000,0.000000000,0,-1.000000000,0,0,0,,0,-1.000000000,,0,0,0.000000000,0.000000000,0,-1.000000000,0,,0,-1.000000000,,0,-1.000000000,0,,1,-0.021607017,-1.237990890,-0.007326126,0.051281929,1,3.116747141,178.576456982,-0.002442360,-2.755556107,1,-2.872073412,-164.557684956,-0.002442360,2.632478714,1,0.078011513,4.469730434,-0.007326126,0.398046494,1,0.078423500,4.493335568,-0.012210846,-0.003663063,-0.009018516,-0.516722914,0.000000000,-0.000000000,6.000000000,2.500000000,3.156802416,180.871455185,0.000000000,-2.811573744,2.000000000,0.500000000,-2.872454882,-164.579541561,0.000000000,2.652687788,1.000000000,0.500000000,0.076104164,4.360447408,0.000000000,0.404521435,0.500000000,0.200000003,0.078423500,4.493335568,0.000000000,-0.000016204,0.000000000,0.100000001
2026-07-05 11:12:51.075,1783221171.075859308,47.009469226,1,1,46.994897159,1,0.008135165,5,1,0.006329520,5,1,0,1,0,0,1,1,1,0,1,0,-1.000000000,0.000000000,0.000000000,0.000000000,0,-1.000000000,0,0,0,,0,-1.000000000,,0,0,0.000000000,0.000000000,0,-1.000000000,0,,0,-1.000000000,,0,-1.000000000,0,,1,-0.021607017,-1.237990890,-0.007326126,0.051281929,1,3.116747141,178.576456982,0.002442360,-2.755556107,1,-2.872073412,-164.557684956,-0.002442360,2.646154404,1,0.078011513,4.469730434,-0.007326126,0.398046494,1,0.078423500,4.493335568,-0.012210846,-0.003663063,-0.009018516,-0.516722914,0.000000000,-0.000000000,6.000000000,2.500000000,3.156802416,180.871455185,0.000000000,-2.811573744,2.000000000,0.500000000,-2.872454882,-164.579541561,0.000000000,2.652687788,1.000000000,0.500000000,0.076104164,4.360447408,0.000000000,0.404521435,0.500000000,0.200000003,0.078423500,4.493335568,0.000000000,-0.000016204,0.000000000,0.100000001
2026-07-05 11:12:52.076,1783221172.076012135,48.009622083,1,1,47.995050016,1,0.007881968,5,1,0.006515114,5,1,0,1,0,0,1,1,1,0,1,0,-1.000000000,0.000000000,0.000000000,0.000000000,0,-1.000000000,0,0,0,,0,-1.000000000,,0,0,0.000000000,0.000000000,0,-1.000000000,0,,0,-1.000000000,,0,-1.000000000,0,,1,-0.021607017,-1.237990890,-0.021978378,0.046398163,1,3.116747141,178.576456982,-0.002442360,-2.755556107,1,-2.872073412,-164.557684956,-0.002442360,2.632478714,1,0.078011513,4.469730434,-0.021978378,0.398046494,1,0.078423500,4.493335568,-0.012210846,-0.003663063,-0.009018516,-0.516722914,0.000000000,-0.000000000,6.000000000,2.500000000,3.156802416,180.871455185,0.000000000,-2.811573744,2.000000000,0.500000000,-2.872454882,-164.579541561,0.000000000,2.652687788,1.000000000,0.500000000,0.076104164,4.360447408,0.000000000,0.404521435,0.500000000,0.200000003,0.078423500,4.493335568,0.000000000,-0.000016204,0.000000000,0.100000001
2026-07-05 11:12:53.075,1783221173.075830221,49.009440314,1,1,48.994868247,1,0.008301561,5,1,0.006465526,5,1,0,1,0,0,1,1,1,0,1,0,-1.000000000,0.000000000,0.000000000,0.000000000,0,-1.000000000,0,0,0,,0,-1.000000000,,0,0,0.000000000,0.000000000,0,-1.000000000,0,,0,-1.000000000,,0,-1.000000000,0,,1,-0.021607017,-1.237990890,0.007326126,0.051281929,1,3.116747141,178.576456982,-0.002442360,-2.755556107,1,-2.872073412,-164.557684956,-0.002442360,2.646154404,1,0.078011513,4.469730434,-0.007326126,0.398046494,1,0.078040123,4.471369680,-0.012210846,-0.003663063,-0.009018516,-0.516722914,0.000000000,-0.000000000,6.000000000,2.500000000,3.156802416,180.871455185,0.000000000,-2.811573744,2.000000000,0.500000000,-2.872454882,-164.579541561,0.000000000,2.652687788,1.000000000,0.500000000,0.076104164,4.360447408,0.000000000,0.404521435,0.500000000,0.200000003,0.078423500,4.493335568,0.000000000,-0.000016204,0.000000000,0.100000001
2026-07-05 11:12:54.075,1783221174.075745583,50.009355644,1,1,49.994783577,1,0.008195647,5,1,0.006426601,5,1,0,1,0,0,1,1,1,0,1,0,-1.000000000,0.000000000,0.000000000,0.000000000,0,-1.000000000,0,0,0,,0,-1.000000000,,0,0,0.000000000,0.000000000,0,-1.000000000,0,,0,-1.000000000,,0,-1.000000000,0,,1,-0.021607017,-1.237990890,-0.021978378,0.051281929,1,3.116365671,178.554600377,-0.002442360,-2.755556107,1,-2.872073412,-164.557684956,-0.002442360,2.646154404,1,0.078011513,4.469730434,-0.021978378,0.398046494,1,0.078423500,4.493335568,-0.012210846,-0.003663063,-0.009018516,-0.516722914,0.000000000,-0.000000000,6.000000000,2.500000000,3.156802416,180.871455185,0.000000000,-2.811573744,2.000000000,0.500000000,-2.872454882,-164.579541561,0.000000000,2.652687788,1.000000000,0.500000000,0.076104164,4.360447408,0.000000000,0.404521435,0.500000000,0.200000003,0.078423500,4.493335568,0.000000000,-0.000016204,0.000000000,0.100000001
2026-07-05 11:12:55.075,1783221175.075834274,51.009444498,1,1,50.994872431,1,0.007757394,5,1,0.006450663,5,1,0,1,0,0,1,1,1,0,1,0,-1.000000000,0.000000000,0.000000000,0.000000000,0,-1.000000000,0,0,0,,0,-1.000000000,,0,0,0.000000000,0.000000000,0,-1.000000000,0,,0,-1.000000000,,0,-1.000000000,0,,1,-0.021607017,-1.237990890,-0.021978378,0.046398163,1,3.116747141,178.576456982,-0.002442360,-2.755556107,1,-2.872073412,-164.557684956,-0.002442360,2.646154404,1,0.078011513,4.469730434,-0.021978378,0.398046494,1,0.078423500,4.493335568,-0.012210846,-0.003663063,-0.009018516,-0.516722914,0.000000000,-0.000000000,6.000000000,2.500000000,3.156802416,180.871455185,0.000000000,-2.811573744,2.000000000,0.500000000,-2.872454882,-164.579541561,0.000000000,2.652687788,1.000000000,0.500000000,0.076104164,4.360447408,0.000000000,0.404521435,0.500000000,0.200000003,0.078423500,4.493335568,0.000000000,-0.000016204,0.000000000,0.100000001
2026-07-05 11:12:56.075,1783221176.075700760,52.009310764,1,1,51.994738697,1,0.008148537,5,1,0.006350470,5,1,0,1,0,0,1,1,1,0,1,0,-1.000000000,0.000000000,0.000000000,0.000000000,0,-1.000000000,0,0,0,,0,-1.000000000,,0,0,0.000000000,0.000000000,0,-1.000000000,0,,0,-1.000000000,,0,-1.000000000,0,,1,-0.021607017,-1.237990890,-0.021978378,0.051281929,1,3.116747141,178.576456982,-0.002442360,-2.755556107,1,-2.872073412,-164.557684956,-0.002442360,2.632478714,1,0.078011513,4.469730434,-0.007326126,0.398046494,1,0.078423500,4.493335568,0.012210846,-0.003663063,-0.009018516,-0.516722914,0.000000000,-0.000000000,6.000000000,2.500000000,3.156802416,180.871455185,0.000000000,-2.811573744,2.000000000,0.500000000,-2.872454882,-164.579541561,0.000000000,2.652687788,1.000000000,0.500000000,0.076104164,4.360447408,0.000000000,0.404521435,0.500000000,0.200000003,0.078423500,4.493335568,0.000000000,-0.000016204,0.000000000,0.100000001
2026-07-05 11:12:57.076,1783221177.075930834,53.009541094,1,1,52.994969027,1,0.008279866,5,1,0.006609570,5,1,0,1,0,0,1,1,1,0,1,0,-1.000000000,0.000000000,0.000000000,0.000000000,0,-1.000000000,0,0,0,,0,-1.000000000,,0,0,0.000000000,0.000000000,0,-1.000000000,0,,0,-1.000000000,,0,-1.000000000,0,,1,-0.021607017,-1.237990890,-0.007326126,0.051281929,1,3.116747141,178.576456982,-0.002442360,-2.755556107,1,-2.872073412,-164.557684956,-0.002442360,2.632478714,1,0.078011513,4.469730434,-0.007326126,0.398046494,1,0.078040123,4.471369680,0.012210846,-0.003663063,-0.009018516,-0.516722914,0.000000000,-0.000000000,6.000000000,2.500000000,3.156802416,180.871455185,0.000000000,-2.811573744,2.000000000,0.500000000,-2.872454882,-164.579541561,0.000000000,2.652687788,1.000000000,0.500000000,0.076104164,4.360447408,0.000000000,0.404521435,0.500000000,0.200000003,0.078423500,4.493335568,0.000000000,-0.000016204,0.000000000,0.100000001
2026-07-05 11:12:58.075,1783221178.075670719,54.009280821,1,1,53.994708754,1,0.007832743,5,1,0.006296821,5,1,0,1,0,0,1,1,1,0,1,0,-1.000000000,0.000000000,0.000000000,0.000000000,0,-1.000000000,0,0,0,,0,-1.000000000,,0,0,0.000000000,0.000000000,0,-1.000000000,0,,0,-1.000000000,,0,-1.000000000,0,,1,-0.021607017,-1.237990890,-0.021978378,0.051281929,1,3.116747141,178.576456982,-0.002442360,-2.755556107,1,-2.872073412,-164.557684956,-0.002442360,2.632478714,1,0.078011513,4.469730434,-0.007326126,0.398046494,1,0.078040123,4.471369680,-0.012210846,-0.003663063,-0.009018516,-0.516722914,0.000000000,-0.000000000,6.000000000,2.500000000,3.156802416,180.871455185,0.000000000,-2.811573744,2.000000000,0.500000000,-2.872454882,-164.579541561,0.000000000,2.652687788,1.000000000,0.500000000,0.076104164,4.360447408,0.000000000,0.404521435,0.500000000,0.200000003,0.078423500,4.493335568,0.000000000,-0.000016204,0.000000000,0.100000001
2026-07-05 11:12:59.075,1783221179.075757265,55.009367505,1,1,54.994795438,1,0.007304205,5,1,0.006509670,5,1,0,1,0,0,1,1,1,0,1,0,-1.000000000,0.000000000,0.000000000,0.000000000,0,-1.000000000,0,0,0,,0,-1.000000000,,0,0,0.000000000,0.000000000,0,-1.000000000,0,,0,-1.000000000,,0,-1.000000000,0,,1,-0.021607017,-1.237990890,-0.021978378,0.051281929,1,3.116747141,178.576456982,-0.002442360,-2.741880417,1,-2.872073412,-164.557684956,-0.002442360,2.646154404,1,0.078011513,4.469730434,-0.007326126,0.398046494,1,0.078040123,4.471369680,-0.036628723,-0.003663063,-0.009018516,-0.516722914,0.000000000,-0.000000000,6.000000000,2.500000000,3.156802416,180.871455185,0.000000000,-2.811573744,2.000000000,0.500000000,-2.872454882,-164.579541561,0.000000000,2.652687788,1.000000000,0.500000000,0.076104164,4.360447408,0.000000000,0.404521435,0.500000000,0.200000003,0.078423500,4.493335568,0.000000000,-0.000016204,0.000000000,0.100000001
2026-07-05 11:13:00.075,1783221180.075641394,56.009251390,1,1,55.994679323,1,0.007642775,5,1,0.006373018,5,1,0,1,0,0,1,1,1,0,1,0,-1.000000000,0.000000000,0.000000000,0.000000000,0,-1.000000000,0,0,0,,0,-1.000000000,,0,0,0.000000000,0.000000000,0,-1.000000000,0,,0,-1.000000000,,0,-1.000000000,0,,1,-0.021607017,-1.237990890,-0.007326126,0.046398163,1,3.116747141,178.576456982,-0.002442360,-2.755556107,1,-2.872073412,-164.557684956,-0.002442360,2.632478714,1,0.078011513,4.469730434,-0.007326126,0.398046494,1,0.078040123,4.471369680,-0.012210846,-0.003663063,-0.009018516,-0.516722914,0.000000000,-0.000000000,6.000000000,2.500000000,3.156802416,180.871455185,0.000000000,-2.811573744,2.000000000,0.500000000,-2.872454882,-164.579541561,0.000000000,2.652687788,1.000000000,0.500000000,0.076104164,4.360447408,0.000000000,0.404521435,0.500000000,0.200000003,0.078423500,4.493335568,0.000000000,-0.000016204,0.000000000,0.100000001
2026-07-05 11:13:01.075,1783221181.075549603,57.009159911,1,1,56.994587844,1,0.008215963,5,1,0.003931861,5,1,0,1,0,0,1,1,1,0,1,0,-1.000000000,0.000000000,0.000000000,0.000000000,0,-1.000000000,0,0,0,,0,-1.000000000,,0,0,0.000000000,0.000000000,0,-1.000000000,0,,0,-1.000000000,,0,-1.000000000,0,,1,-0.021607017,-1.237990890,0.007326126,0.051281929,1,3.116747141,178.576456982,-0.002442360,-2.741880417,1,-2.872073412,-164.557684956,-0.002442360,2.632478714,1,0.078011513,4.469730434,-0.007326126,0.398046494,1,0.078040123,4.471369680,0.012210846,-0.003663063,-0.009018516,-0.516722914,0.000000000,-0.000000000,6.000000000,2.500000000,3.156802416,180.871455185,0.000000000,-2.811573744,2.000000000,0.500000000,-2.872454882,-164.579541561,0.000000000,2.652687788,1.000000000,0.500000000,0.076104164,4.360447408,0.000000000,0.404521435,0.500000000,0.200000003,0.078423500,4.493335568,0.000000000,-0.000016204,0.000000000,0.100000001
2026-07-05 11:13:02.075,1783221182.075524807,58.009135041,1,1,57.994562974,1,0.008053686,5,1,0.006390717,5,1,0,1,0,0,1,1,1,0,1,0,-1.000000000,0.000000000,0.000000000,0.000000000,0,-1.000000000,0,0,0,,0,-1.000000000,,0,0,0.000000000,0.000000000,0,-1.000000000,0,,0,-1.000000000,,0,-1.000000000,0,,1,-0.021607017,-1.237990890,-0.007326126,0.051281929,1,3.116747141,178.576456982,-0.002442360,-2.755556107,1,-2.872073412,-164.557684956,0.002442360,2.632478714,1,0.078011513,4.469730434,-0.007326126,0.398046494,1,0.078423500,4.493335568,0.012210846,-0.003663063,-0.009018516,-0.516722914,0.000000000,-0.000000000,6.000000000,2.500000000,3.156802416,180.871455185,0.000000000,-2.811573744,2.000000000,0.500000000,-2.872454882,-164.579541561,0.000000000,2.652687788,1.000000000,0.500000000,0.076104164,4.360447408,0.000000000,0.404521435,0.500000000,0.200000003,0.078423500,4.493335568,0.000000000,-0.000016204,0.000000000,0.100000001
2026-07-05 11:13:03.075,1783221183.075503826,59.009114012,1,1,58.994541945,1,0.007905343,5,1,0.006264519,5,1,0,1,0,0,1,1,1,0,1,0,-1.000000000,0.000000000,0.000000000,0.000000000,0,-1.000000000,0,0,0,,0,-1.000000000,,0,0,0.000000000,0.000000000,0,-1.000000000,0,,0,-1.000000000,,0,-1.000000000,0,,1,-0.021607017,-1.237990890,-0.007326126,0.051281929,1,3.116747141,178.576456982,-0.002442360,-2.755556107,1,-2.872073412,-164.557684956,-0.002442360,2.632478714,1,0.078011513,4.469730434,-0.021978378,0.398046494,1,0.078040123,4.471369680,-0.012210846,-0.003663063,-0.009018516,-0.516722914,0.000000000,-0.000000000,6.000000000,2.500000000,3.156802416,180.871455185,0.000000000,-2.811573744,2.000000000,0.500000000,-2.872454882,-164.579541561,0.000000000,2.652687788,1.000000000,0.500000000,0.076104164,4.360447408,0.000000000,0.404521435,0.500000000,0.200000003,0.078423500,4.493335568,0.000000000,-0.000016204,0.000000000,0.100000001
2026-07-05 11:13:04.075,1783221184.075527906,60.009137925,1,1,59.994565858,1,0.007622650,5,1,0.005610928,5,1,0,1,0,0,1,1,1,0,1,0,-1.000000000,0.000000000,0.000000000,0.000000000,0,-1.000000000,0,0,0,,0,-1.000000000,,0,0,0.000000000,0.000000000,0,-1.000000000,0,,0,-1.000000000,,0,-1.000000000,0,,1,-0.021225547,-1.216134285,0.007326126,0.056165695,1,3.116747141,178.576456982,-0.002442360,-2.755556107,1,-2.872073412,-164.557684956,-0.002442360,2.646154404,1,0.078011513,4.469730434,-0.021978378,0.398046494,1,0.078040123,4.471369680,-0.012210846,-0.003663063,-0.009018516,-0.516722914,0.000000000,-0.000000000,6.000000000,2.500000000,3.156802416,180.871455185,0.000000000,-2.811573744,2.000000000,0.500000000,-2.872454882,-164.579541561,0.000000000,2.652687788,1.000000000,0.500000000,0.076104164,4.360447408,0.000000000,0.404521435,0.500000000,0.200000003,0.078423500,4.493335568,0.000000000,-0.000016204,0.000000000,0.100000001
2026-07-05 11:13:05.075,1783221185.075548172,61.009158261,1,1,60.994586194,1,0.007583920,5,1,0.006346529,5,1,0,1,0,0,1,1,1,0,1,0,-1.000000000,0.000000000,0.000000000,0.000000000,0,-1.000000000,0,0,0,,0,-1.000000000,,0,0,0.000000000,0.000000000,0,-1.000000000,0,,0,-1.000000000,,0,-1.000000000,0,,1,-0.021225547,-1.216134285,-0.007326126,0.051281929,1,3.116365671,178.554600377,-0.002442360,-2.755556107,1,-2.872073412,-164.557684956,-0.002442360,2.646154404,1,0.078011513,4.469730434,-0.007326126,0.398046494,1,0.078040123,4.471369680,-0.012210846,-0.003663063,-0.009018516,-0.516722914,0.000000000,-0.000000000,6.000000000,2.500000000,3.156802416,180.871455185,0.000000000,-2.811573744,2.000000000,0.500000000,-2.872454882,-164.579541561,0.000000000,2.652687788,1.000000000,0.500000000,0.076104164,4.360447408,0.000000000,0.404521435,0.500000000,0.200000003,0.078423500,4.493335568,0.000000000,-0.000016204,0.000000000,0.100000001
2026-07-05 11:13:06.075,1783221186.075488806,62.009098948,1,1,61.994526881,1,0.007842643,5,1,0.006281830,5,1,0,1,0,0,1,1,1,0,1,0,-1.000000000,0.000000000,0.000000000,0.000000000,0,-1.000000000,0,0,0,,0,-1.000000000,,0,0,0.000000000,0.000000000,0,-1.000000000,0,,0,-1.000000000,,0,-1.000000000,0,,1,-0.021607017,-1.237990890,-0.007326126,0.051281929,1,3.116747141,178.576456982,-0.002442360,-2.755556107,1,-2.872073412,-164.557684956,-0.002442360,2.632478714,1,0.078011513,4.469730434,-0.007326126,0.398046494,1,0.078040123,4.471369680,-0.012210846,-0.003663063,-0.009018516,-0.516722914,0.000000000,-0.000000000,6.000000000,2.500000000,3.156802416,180.871455185,0.000000000,-2.811573744,2.000000000,0.500000000,-2.872454882,-164.579541561,0.000000000,2.652687788,1.000000000,0.500000000,0.076104164,4.360447408,0.000000000,0.404521435,0.500000000,0.200000003,0.078423500,4.493335568,0.000000000,-0.000016204,0.000000000,0.100000001
2026-07-05 11:13:07.075,1783221187.075687408,63.009297653,1,1,62.994725586,1,0.007647953,5,1,0.006548344,5,1,0,1,0,0,1,1,1,0,1,0,-1.000000000,0.000000000,0.000000000,0.000000000,0,-1.000000000,0,0,0,,0,-1.000000000,,0,0,0.000000000,0.000000000,0,-1.000000000,0,,0,-1.000000000,,0,-1.000000000,0,,1,-0.021225547,-1.216134285,-0.007326126,0.046398163,1,3.116747141,178.576456982,-0.002442360,-2.755556107,1,-2.872073412,-164.557684956,-0.002442360,2.632478714,1,0.078011513,4.469730434,-0.021978378,0.398046494,1,0.078423500,4.493335568,-0.012210846,-0.003663063,-0.009018516,-0.516722914,0.000000000,-0.000000000,6.000000000,2.500000000,3.156802416,180.871455185,0.000000000,-2.811573744,2.000000000,0.500000000,-2.872454882,-164.579541561,0.000000000,2.652687788,1.000000000,0.500000000,0.076104164,4.360447408,0.000000000,0.404521435,0.500000000,0.200000003,0.078423500,4.493335568,0.000000000,-0.000016204,0.000000000,0.100000001
2026-07-05 11:13:08.075,1783221188.075353622,64.008963805,1,1,63.994391738,1,0.008345095,5,1,0.006406755,5,1,0,1,0,0,1,1,1,0,1,0,-1.000000000,0.000000000,0.000000000,0.000000000,0,-1.000000000,0,0,0,,0,-1.000000000,,0,0,0.000000000,0.000000000,0,-1.000000000,0,,0,-1.000000000,,0,-1.000000000,0,,1,-0.028092002,-1.609553181,-0.007326126,0.085470200,1,3.116747141,178.576456982,-0.002442360,-2.755556107,1,-2.872073412,-164.557684956,0.002442360,2.632478714,1,0.078011513,4.469730434,0.007326126,0.398046494,1,0.078423500,4.493335568,-0.012210846,-0.003663063,-0.009018516,-0.516722914,0.000000000,-0.000000000,6.000000000,2.500000000,3.156802416,180.871455185,0.000000000,-2.811573744,2.000000000,0.500000000,-2.872454882,-164.579541561,0.000000000,2.652687788,1.000000000,0.500000000,0.076104164,4.360447408,0.000000000,0.404521435,0.500000000,0.200000003,0.078423500,4.493335568,0.000000000,-0.000016204,0.000000000,0.100000001
2026-07-05 11:13:09.075,1783221189.075326443,65.008936528,1,1,64.994364461,1,0.007939904,5,1,0.006360324,5,1,0,1,0,0,1,1,1,0,1,0,-1.000000000,0.000000000,0.000000000,0.000000000,0,-1.000000000,0,0,0,,0,-1.000000000,,0,0,0.000000000,0.000000000,0,-1.000000000,0,,0,-1.000000000,,0,-1.000000000,0,,1,-0.028092002,-1.609553181,-0.007326126,0.095237732,1,3.116365671,178.554600377,-0.007326126,-2.755556107,1,-2.872073412,-164.557684956,-0.002442360,2.646154404,1,0.078011513,4.469730434,-0.007326126,0.398046494,1,0.078423500,4.493335568,-0.012210846,-0.003663063,-0.009018516,-0.516722914,0.000000000,-0.000000000,6.000000000,2.500000000,3.156802416,180.871455185,0.000000000,-2.811573744,2.000000000,0.500000000,-2.872454882,-164.579541561,0.000000000,2.652687788,1.000000000,0.500000000,0.076104164,4.360447408,0.000000000,0.404521435,0.500000000,0.200000003,0.078423500,4.493335568,0.000000000,-0.000016204,0.000000000,0.100000001
2026-07-05 11:13:10.075,1783221190.075526237,66.009136318,1,1,65.994564251,1,0.008039239,5,1,0.006520007,5,1,0,1,0,0,1,1,1,0,1,0,-1.000000000,0.000000000,0.000000000,0.000000000,0,-1.000000000,0,0,0,,0,-1.000000000,,0,0,0.000000000,0.000000000,0,-1.000000000,0,,0,-1.000000000,,0,-1.000000000,0,,1,-0.028092002,-1.609553181,-0.007326126,0.090353966,1,3.116747141,178.576456982,-0.002442360,-2.755556107,1,-2.872073412,-164.557684956,0.002442360,2.632478714,1,0.078011513,4.469730434,-0.021978378,0.398046494,1,0.078040123,4.471369680,-0.012210846,-0.003663063,-0.009018516,-0.516722914,0.000000000,-0.000000000,6.000000000,2.500000000,3.156802416,180.871455185,0.000000000,-2.811573744,2.000000000,0.500000000,-2.872454882,-164.579541561,0.000000000,2.652687788,1.000000000,0.500000000,0.076104164,4.360447408,0.000000000,0.404521435,0.500000000,0.200000003,0.078423500,4.493335568,0.000000000,-0.000016204,0.000000000,0.100000001
2026-07-05 11:13:11.075,1783221191.075405359,67.009015542,1,1,66.994443475,1,0.007430703,5,1,0.006470279,5,1,0,1,0,0,1,1,1,0,1,0,-1.000000000,0.000000000,0.000000000,0.000000000,0,-1.000000000,0,0,0,,0,-1.000000000,,0,0,0.000000000,0.000000000,0,-1.000000000,0,,0,-1.000000000,,0,-1.000000000,0,,1,-0.028092002,-1.609553181,0.007326126,0.090353966,1,3.116747141,178.576456982,-0.002442360,-2.755556107,1,-2.872073412,-164.557684956,-0.002442360,2.646154404,1,0.078011513,4.469730434,-0.007326126,0.398046494,1,0.078040123,4.471369680,-0.012210846,-0.003663063,-0.009018516,-0.516722914,0.000000000,-0.000000000,6.000000000,2.500000000,3.156802416,180.871455185,0.000000000,-2.811573744,2.000000000,0.500000000,-2.872454882,-164.579541561,0.000000000,2.652687788,1.000000000,0.500000000,0.076104164,4.360447408,0.000000000,0.404521435,0.500000000,0.200000003,0.078423500,4.493335568,0.000000000,-0.000016204,0.000000000,0.100000001
2026-07-05 11:13:12.075,1783221192.075253487,68.008863612,1,1,67.994291545,1,0.007632677,5,1,0.006378826,5,1,0,1,0,0,1,1,1,0,1,0,-1.000000000,0.000000000,0.000000000,0.000000000,0,-1.000000000,0,0,0,,0,-1.000000000,,0,0,0.000000000,0.000000000,0,-1.000000000,0,,0,-1.000000000,,0,-1.000000000,0,,1,-0.028092002,-1.609553181,-0.007326126,0.090353966,1,3.116747141,178.576456982,-0.002442360,-2.755556107,1,-2.872073412,-164.557684956,-0.002442360,2.646154404,1,0.078011513,4.469730434,-0.007326126,0.398046494,1,0.078040123,4.471369680,-0.036628723,-0.003663063,-0.009018516,-0.516722914,0.000000000,-0.000000000,6.000000000,2.500000000,3.156802416,180.871455185,0.000000000,-2.811573744,2.000000000,0.500000000,-2.872454882,-164.579541561,0.000000000,2.652687788,1.000000000,0.500000000,0.076104164,4.360447408,0.000000000,0.404521435,0.500000000,0.200000003,0.078423500,4.493335568,0.000000000,-0.000016204,0.000000000,0.100000001
2026-07-05 11:13:13.075,1783221193.075277567,69.008887633,1,1,68.994315566,1,0.007381728,5,1,0.006422069,5,1,0,1,0,0,1,1,1,0,1,0,-1.000000000,0.000000000,0.000000000,0.000000000,0,-1.000000000,0,0,0,,0,-1.000000000,,0,0,0.000000000,0.000000000,0,-1.000000000,0,,0,-1.000000000,,0,-1.000000000,0,,1,-0.028092002,-1.609553181,-0.021978378,0.090353966,1,3.116747141,178.576456982,-0.002442360,-2.755556107,1,-2.872073412,-164.557684956,-0.002442360,2.632478714,1,0.078011513,4.469730434,0.007326126,0.398046494,1,0.078423500,4.493335568,-0.012210846,-0.003663063,-0.009018516,-0.516722914,0.000000000,-0.000000000,6.000000000,2.500000000,3.156802416,180.871455185,0.000000000,-2.811573744,2.000000000,0.500000000,-2.872454882,-164.579541561,0.000000000,2.652687788,1.000000000,0.500000000,0.076104164,4.360447408,0.000000000,0.404521435,0.500000000,0.200000003,0.078423500,4.493335568,0.000000000,-0.000016204,0.000000000,0.100000001
2026-07-05 11:13:14.075,1783221194.075205564,70.008815787,1,1,69.994243720,1,0.008320826,5,1,0.006408539,5,1,0,1,0,0,1,1,1,0,1,0,-1.000000000,0.000000000,0.000000000,0.000000000,0,-1.000000000,0,0,0,,0,-1.000000000,,0,0,0.000000000,0.000000000,0,-1.000000000,0,,0,-1.000000000,,0,-1.000000000,0,,1,-0.028092002,-1.609553181,-0.007326126,0.090353966,1,3.116365671,178.554600377,-0.002442360,-2.755556107,1,-2.872073412,-164.557684956,-0.002442360,2.646154404,1,0.078011513,4.469730434,-0.007326126,0.398046494,1,0.078040123,4.471369680,-0.012210846,-0.003663063,-0.009018516,-0.516722914,0.000000000,-0.000000000,6.000000000,2.500000000,3.156802416,180.871455185,0.000000000,-2.811573744,2.000000000,0.500000000,-2.872454882,-164.579541561,0.000000000,2.652687788,1.000000000,0.500000000,0.076104164,4.360447408,0.000000000,0.404521435,0.500000000,0.200000003,0.078423500,4.493335568,0.000000000,-0.000016204,0.000000000,0.100000001
2026-07-05 11:13:15.075,1783221195.075395107,71.009005230,1,1,70.994433163,1,0.008196575,5,1,0.006533610,5,1,0,1,0,0,1,1,1,0,1,0,-1.000000000,0.000000000,0.000000000,0.000000000,0,-1.000000000,0,0,0,,0,-1.000000000,,0,0,0.000000000,0.000000000,0,-1.000000000,0,,0,-1.000000000,,0,-1.000000000,0,,1,-0.028092002,-1.609553181,-0.007326126,0.095237732,1,3.116747141,178.576456982,0.002442360,-2.755556107,1,-2.872073412,-164.557684956,-0.002442360,2.632478714,1,0.078011513,4.469730434,-0.021978378,0.398046494,1,0.078423500,4.493335568,0.012210846,-0.003663063,-0.009018516,-0.516722914,0.000000000,-0.000000000,6.000000000,2.500000000,3.156802416,180.871455185,0.000000000,-2.811573744,2.000000000,0.500000000,-2.872454882,-164.579541561,0.000000000,2.652687788,1.000000000,0.500000000,0.076104164,4.360447408,0.000000000,0.404521435,0.500000000,0.200000003,0.078423500,4.493335568,0.000000000,-0.000016204,0.000000000,0.100000001
2026-07-05 11:13:16.075,1783221196.075186968,72.008796993,1,1,71.994224926,1,0.007314733,5,1,0.006314128,5,1,0,1,0,0,1,1,1,0,1,0,-1.000000000,0.000000000,0.000000000,0.000000000,0,-1.000000000,0,0,0,,0,-1.000000000,,0,0,0.000000000,0.000000000,0,-1.000000000,0,,0,-1.000000000,,0,-1.000000000,0,,1,-0.028092002,-1.609553181,-0.021978378,0.085470200,1,3.116747141,178.576456982,-0.002442360,-2.755556107,1,-2.872073412,-164.557684956,-0.007326126,2.632478714,1,0.078011513,4.469730434,-0.007326126,0.398046494,1,0.078040123,4.471369680,-0.012210846,-0.003663063,-0.009018516,-0.516722914,0.000000000,-0.000000000,6.000000000,2.500000000,3.156802416,180.871455185,0.000000000,-2.811573744,2.000000000,0.500000000,-2.872454882,-164.579541561,0.000000000,2.652687788,1.000000000,0.500000000,0.076104164,4.360447408,0.000000000,0.404521435,0.500000000,0.200000003,0.078423500,4.493335568,0.000000000,-0.000016204,0.000000000,0.100000001
2026-07-05 11:13:17.075,1783221197.075261593,73.008871893,1,1,72.994299826,1,0.007506512,5,1,0.006403454,5,1,0,1,0,0,1,1,1,0,1,0,-1.000000000,0.000000000,0.000000000,0.000000000,0,-1.000000000,0,0,0,,0,-1.000000000,,0,0,0.000000000,0.000000000,0,-1.000000000,0,,0,-1.000000000,,0,-1.000000000,0,,1,-0.028092002,-1.609553181,-0.021978378,0.090353966,1,3.116747141,178.576456982,-0.002442360,-2.755556107,1,-2.872073412,-164.557684956,-0.002442360,2.632478714,1,0.078011513,4.469730434,-0.021978378,0.398046494,1,0.078040123,4.471369680,-0.012210846,-0.003663063,-0.009018516,-0.516722914,0.000000000,-0.000000000,6.000000000,2.500000000,3.156802416,180.871455185,0.000000000,-2.811573744,2.000000000,0.500000000,-2.872454882,-164.579541561,0.000000000,2.652687788,1.000000000,0.500000000,0.076104164,4.360447408,0.000000000,0.404521435,0.500000000,0.200000003,0.078423500,4.493335568,0.000000000,-0.000016204,0.000000000,0.100000001
2026-07-05 11:13:18.075,1783221198.075120926,74.008731053,1,1,73.994158986,1,0.007891883,5,1,0.006326456,5,1,0,1,0,0,1,1,1,0,1,0,-1.000000000,0.000000000,0.000000000,0.000000000,0,-1.000000000,0,0,0,,0,-1.000000000,,0,0,0.000000000,0.000000000,0,-1.000000000,0,,0,-1.000000000,,0,-1.000000000,0,,1,-0.028092002,-1.609553181,-0.007326126,0.090353966,1,3.116747141,178.576456982,-0.002442360,-2.755556107,1,-2.872073412,-164.557684956,-0.002442360,2.632478714,1,0.078011513,4.469730434,-0.007326126,0.398046494,1,0.078040123,4.471369680,-0.036628723,-0.003663063,-0.009018516,-0.516722914,0.000000000,-0.000000000,6.000000000,2.500000000,3.156802416,180.871455185,0.000000000,-2.811573744,2.000000000,0.500000000,-2.872454882,-164.579541561,0.000000000,2.652687788,1.000000000,0.500000000,0.076104164,4.360447408,0.000000000,0.404521435,0.500000000,0.200000003,0.078423500,4.493335568,0.000000000,-0.000016204,0.000000000,0.100000001
2026-07-05 11:13:19.075,1783221199.075235367,75.008845436,1,1,74.994273369,1,0.008163169,5,1,0.006339447,5,1,0,1,0,0,1,1,1,0,1,0,-1.000000000,0.000000000,0.000000000,0.000000000,0,-1.000000000,0,0,0,,0,-1.000000000,,0,0,0.000000000,0.000000000,0,-1.000000000,0,,0,-1.000000000,,0,-1.000000000,0,,1,-0.028092002,-1.609553181,-0.007326126,0.090353966,1,3.116747141,178.576456982,-0.002442360,-2.755556107,1,-2.872073412,-164.557684956,-0.002442360,2.646154404,1,0.078011513,4.469730434,0.007326126,0.398046494,1,0.078040123,4.471369680,-0.036628723,-0.003663063,-0.009018516,-0.516722914,0.000000000,-0.000000000,6.000000000,2.500000000,3.156802416,180.871455185,0.000000000,-2.811573744,2.000000000,0.500000000,-2.872454882,-164.579541561,0.000000000,2.652687788,1.000000000,0.500000000,0.076104164,4.360447408,0.000000000,0.404521435,0.500000000,0.200000003,0.078423500,4.493335568,0.000000000,-0.000016204,0.000000000,0.100000001
2026-07-05 11:13:20.075,1783221200.075167179,76.008777434,1,1,75.994205367,1,0.008279621,5,1,0.006468601,5,1,0,1,0,0,1,1,1,0,1,0,-1.000000000,0.000000000,0.000000000,0.000000000,0,-1.000000000,0,0,0,,0,-1.000000000,,0,0,0.000000000,0.000000000,0,-1.000000000,0,,0,-1.000000000,,0,-1.000000000,0,,1,-0.028092002,-1.609553181,-0.007326126,0.085470200,1,3.116747141,178.576456982,-0.002442360,-2.755556107,1,-2.872073412,-164.557684956,0.002442360,2.632478714,1,0.078011513,4.469730434,-0.007326126,0.398046494,1,0.078040123,4.471369680,-0.012210846,-0.003663063,-0.009018516,-0.516722914,0.000000000,-0.000000000,6.000000000,2.500000000,3.156802416,180.871455185,0.000000000,-2.811573744,2.000000000,0.500000000,-2.872454882,-164.579541561,0.000000000,2.652687788,1.000000000,0.500000000,0.076104164,4.360447408,0.000000000,0.404521435,0.500000000,0.200000003,0.078423500,4.493335568,0.000000000,-0.000016204,0.000000000,0.100000001
2026-07-05 11:13:21.075,1783221201.075109005,77.008719357,1,1,76.994147290,1,0.008127788,5,1,0.006479715,5,1,0,1,0,0,1,1,1,0,1,0,-1.000000000,0.000000000,0.000000000,0.000000000,0,-1.000000000,0,0,0,,0,-1.000000000,,0,0,0.000000000,0.000000000,0,-1.000000000,0,,0,-1.000000000,,0,-1.000000000,0,,1,-0.028092002,-1.609553181,-0.007326126,0.085470200,1,3.116747141,178.576456982,-0.007326126,-2.755556107,1,-2.872073412,-164.557684956,-0.007326126,2.632478714,1,0.078011513,4.469730434,-0.021978378,0.398046494,1,0.078040123,4.471369680,-0.012210846,-0.003663063,-0.009018516,-0.516722914,0.000000000,-0.000000000,6.000000000,2.500000000,3.156802416,180.871455185,0.000000000,-2.811573744,2.000000000,0.500000000,-2.872454882,-164.579541561,0.000000000,2.652687788,1.000000000,0.500000000,0.076104164,4.360447408,0.000000000,0.404521435,0.500000000,0.200000003,0.078423500,4.493335568,0.000000000,-0.000016204,0.000000000,0.100000001
2026-07-05 11:13:22.075,1783221202.075002432,78.008612445,1,1,77.994040378,1,0.008212630,5,1,0.006293832,5,1,0,1,0,0,1,1,1,0,1,0,-1.000000000,0.000000000,0.000000000,0.000000000,0,-1.000000000,0,0,0,,0,-1.000000000,,0,0,0.000000000,0.000000000,0,-1.000000000,0,,0,-1.000000000,,0,-1.000000000,0,,1,-0.028092002,-1.609553181,-0.021978378,0.090353966,1,3.116365671,178.554600377,-0.007326126,-2.755556107,1,-2.872073412,-164.557684956,-0.002442360,2.646154404,1,0.078011513,4.469730434,0.007326126,0.398046494,1,0.078040123,4.471369680,-0.036628723,-0.003663063,-0.009018516,-0.516722914,0.000000000,-0.000000000,6.000000000,2.500000000,3.156802416,180.871455185,0.000000000,-2.811573744,2.000000000,0.500000000,-2.872454882,-164.579541561,0.000000000,2.652687788,1.000000000,0.500000000,0.076104164,4.360447408,0.000000000,0.404521435,0.500000000,0.200000003,0.078423500,4.493335568,0.000000000,-0.000016204,0.000000000,0.100000001
2026-07-05 11:13:23.075,1783221203.074966669,79.008576857,1,1,78.994004790,1,0.008016972,5,1,0.006363026,5,1,0,1,0,0,1,1,1,0,1,0,-1.000000000,0.000000000,0.000000000,0.000000000,0,-1.000000000,0,0,0,,0,-1.000000000,,0,0,0.000000000,0.000000000,0,-1.000000000,0,,0,-1.000000000,,0,-1.000000000,0,,1,-0.028092002,-1.609553181,-0.007326126,0.090353966,1,3.116747141,178.576456982,-0.002442360,-2.755556107,1,-2.872073412,-164.557684956,-0.002442360,2.632478714,1,0.078011513,4.469730434,0.007326126,0.398046494,1,0.078423500,4.493335568,-0.012210846,-0.003663063,-0.009018516,-0.516722914,0.000000000,-0.000000000,6.000000000,2.500000000,3.156802416,180.871455185,0.000000000,-2.811573744,2.000000000,0.500000000,-2.872454882,-164.579541561,0.000000000,2.652687788,1.000000000,0.500000000,0.076104164,4.360447408,0.000000000,0.404521435,0.500000000,0.200000003,0.078423500,4.493335568,0.000000000,-0.000016204,0.000000000,0.100000001
2026-07-05 11:13:24.075,1783221204.075004816,80.008615124,1,1,79.994043057,1,0.007784804,5,1,0.006384363,5,1,0,1,0,0,1,1,1,0,1,0,-1.000000000,0.000000000,0.000000000,0.000000000,0,-1.000000000,0,0,0,,0,-1.000000000,,0,0,0.000000000,0.000000000,0,-1.000000000,0,,0,-1.000000000,,0,-1.000000000,0,,1,-0.028092002,-1.609553181,-0.007326126,0.085470200,1,3.116747141,178.576456982,-0.007326126,-2.755556107,1,-2.872073412,-164.557684956,0.002442360,2.632478714,1,0.078011513,4.469730434,-0.007326126,0.398046494,1,0.078040123,4.471369680,-0.036628723,-0.003663063,-0.009018516,-0.516722914,0.000000000,-0.000000000,6.000000000,2.500000000,3.156802416,180.871455185,0.000000000,-2.811573744,2.000000000,0.500000000,-2.872454882,-164.579541561,0.000000000,2.652687788,1.000000000,0.500000000,0.076104164,4.360447408,0.000000000,0.404521435,0.500000000,0.200000003,0.078423500,4.493335568,0.000000000,-0.000016204,0.000000000,0.100000001
2026-07-05 11:13:25.075,1783221205.075042963,81.008653068,1,1,80.994081001,1,0.007908501,5,1,0.006437140,5,1,0,1,0,0,1,1,1,0,1,0,-1.000000000,0.000000000,0.000000000,0.000000000,0,-1.000000000,0,0,0,,0,-1.000000000,,0,0,0.000000000,0.000000000,0,-1.000000000,0,,0,-1.000000000,,0,-1.000000000,0,,1,-0.028092002,-1.609553181,-0.007326126,0.090353966,1,3.116747141,178.576456982,-0.002442360,-2.755556107,1,-2.872073412,-164.557684956,-0.002442360,2.646154404,1,0.078011513,4.469730434,0.007326126,0.398046494,1,0.078423500,4.493335568,0.012210846,-0.003663063,-0.009018516,-0.516722914,0.000000000,-0.000000000,6.000000000,2.500000000,3.156802416,180.871455185,0.000000000,-2.811573744,2.000000000,0.500000000,-2.872454882,-164.579541561,0.000000000,2.652687788,1.000000000,0.500000000,0.076104164,4.360447408,0.000000000,0.404521435,0.500000000,0.200000003,0.078423500,4.493335568,0.000000000,-0.000016204,0.000000000,0.100000001
2026-07-05 11:13:26.075,1783221206.074939489,82.008549519,1,1,81.993977452,1,0.008012843,5,1,0.006344870,5,1,0,1,0,0,1,1,1,0,1,0,-1.000000000,0.000000000,0.000000000,0.000000000,0,-1.000000000,0,0,0,,0,-1.000000000,,0,0,0.000000000,0.000000000,0,-1.000000000,0,,0,-1.000000000,,0,-1.000000000,0,,1,-0.028092002,-1.609553181,0.007326126,0.090353966,1,3.116747141,178.576456982,-0.002442360,-2.755556107,1,-2.872073412,-164.557684956,-0.002442360,2.632478714,1,0.078011513,4.469730434,-0.007326126,0.398046494,1,0.078040123,4.471369680,0.012210846,-0.003663063,-0.009018516,-0.516722914,0.000000000,-0.000000000,6.000000000,2.500000000,3.156802416,180.871455185,0.000000000,-2.811573744,2.000000000,0.500000000,-2.872454882,-164.579541561,0.000000000,2.652687788,1.000000000,0.500000000,0.076104164,4.360447408,0.000000000,0.404521435,0.500000000,0.200000003,0.078423500,4.493335568,0.000000000,-0.000016204,0.000000000,0.100000001
2026-07-05 11:13:27.075,1783221207.074940205,83.008550207,1,1,82.993978140,1,0.007783545,5,1,0.006417399,5,1,0,1,0,0,1,1,1,0,1,0,-1.000000000,0.000000000,0.000000000,0.000000000,0,-1.000000000,0,0,0,,0,-1.000000000,,0,0,0.000000000,0.000000000,0,-1.000000000,0,,0,-1.000000000,,0,-1.000000000,0,,1,-0.028092002,-1.609553181,-0.007326126,0.090353966,1,3.116747141,178.576456982,-0.002442360,-2.755556107,1,-2.872073412,-164.557684956,-0.002442360,2.646154404,1,0.078011513,4.469730434,-0.007326126,0.398046494,1,0.078423500,4.493335568,-0.012210846,-0.003663063,-0.009018516,-0.516722914,0.000000000,-0.000000000,6.000000000,2.500000000,3.156802416,180.871455185,0.000000000,-2.811573744,2.000000000,0.500000000,-2.872454882,-164.579541561,0.000000000,2.652687788,1.000000000,0.500000000,0.076104164,4.360447408,0.000000000,0.404521435,0.500000000,0.200000003,0.078423500,4.493335568,0.000000000,-0.000016204,0.000000000,0.100000001
2026-07-05 11:13:28.074,1783221208.074823380,84.008433662,1,1,83.993861595,1,0.007753405,5,1,0.006301278,5,1,0,1,0,0,1,1,1,0,1,0,-1.000000000,0.000000000,0.000000000,0.000000000,0,-1.000000000,0,0,0,,0,-1.000000000,,0,0,0.000000000,0.000000000,0,-1.000000000,0,,0,-1.000000000,,0,-1.000000000,0,,1,-0.028092002,-1.609553181,-0.007326126,0.085470200,1,3.116365671,178.554600377,-0.007326126,-2.755556107,1,-2.872073412,-164.557684956,-0.002442360,2.632478714,1,0.078011513,4.469730434,0.007326126,0.398046494,1,0.078040123,4.471369680,-0.036628723,-0.003663063,-0.009018516,-0.516722914,0.000000000,-0.000000000,6.000000000,2.500000000,3.156802416,180.871455185,0.000000000,-2.811573744,2.000000000,0.500000000,-2.872454882,-164.579541561,0.000000000,2.652687788,1.000000000,0.500000000,0.076104164,4.360447408,0.000000000,0.404521435,0.500000000,0.200000003,0.078423500,4.493335568,0.000000000,-0.000016204,0.000000000,0.100000001
2026-07-05 11:13:29.075,1783221209.074923754,85.008533795,1,1,84.993961728,1,0.008203420,5,1,0.006474266,5,1,0,1,0,0,1,1,1,0,1,0,-1.000000000,0.000000000,0.000000000,0.000000000,0,-1.000000000,0,0,0,,0,-1.000000000,,0,0,0.000000000,0.000000000,0,-1.000000000,0,,0,-1.000000000,,0,-1.000000000,0,,1,-0.028092002,-1.609553181,-0.007326126,0.090353966,1,3.116747141,178.576456982,-0.002442360,-2.755556107,1,-2.872073412,-164.557684956,0.002442360,2.646154404,1,0.078011513,4.469730434,-0.007326126,0.398046494,1,0.078423500,4.493335568,0.012210846,-0.003663063,-0.009018516,-0.516722914,0.000000000,-0.000000000,6.000000000,2.500000000,3.156802416,180.871455185,0.000000000,-2.811573744,2.000000000,0.500000000,-2.872454882,-164.579541561,0.000000000,2.652687788,1.000000000,0.500000000,0.076104164,4.360447408,0.000000000,0.404521435,0.500000000,0.200000003,0.078423500,4.493335568,0.000000000,-0.000016204,0.000000000,0.100000001
2026-07-05 11:13:30.074,1783221210.074803114,86.008413216,1,1,85.993841149,1,0.008188757,5,1,0.006394405,5,1,0,1,0,0,1,1,1,0,1,0,-1.000000000,0.000000000,0.000000000,0.000000000,0,-1.000000000,0,0,0,,0,-1.000000000,,0,0,0.000000000,0.000000000,0,-1.000000000,0,,0,-1.000000000,,0,-1.000000000,0,,1,-0.028092002,-1.609553181,0.007326126,0.090353966,1,3.116747141,178.576456982,-0.002442360,-2.741880417,1,-2.872073412,-164.557684956,-0.002442360,2.632478714,1,0.078011513,4.469730434,-0.007326126,0.398046494,1,0.078040123,4.471369680,-0.012210846,-0.003663063,-0.009018516,-0.516722914,0.000000000,-0.000000000,6.000000000,2.500000000,3.156802416,180.871455185,0.000000000,-2.811573744,2.000000000,0.500000000,-2.872454882,-164.579541561,0.000000000,2.652687788,1.000000000,0.500000000,0.076104164,4.360447408,0.000000000,0.404521435,0.500000000,0.200000003,0.078423500,4.493335568,0.000000000,-0.000016204,0.000000000,0.100000001
2026-07-05 11:13:31.074,1783221211.074723482,87.008333645,1,1,86.993761578,1,0.008235461,5,1,0.006478111,5,1,0,1,0,0,1,1,1,0,1,0,-1.000000000,0.000000000,0.000000000,0.000000000,0,-1.000000000,0,0,0,,0,-1.000000000,,0,0,0.000000000,0.000000000,0,-1.000000000,0,,0,-1.000000000,,0,-1.000000000,0,,1,-0.028092002,-1.609553181,-0.007326126,0.085470200,1,3.116747141,178.576456982,0.002442360,-2.755556107,1,-2.872073412,-164.557684956,-0.002442360,2.646154404,1,0.078011513,4.469730434,-0.021978378,0.398046494,1,0.078040123,4.471369680,-0.012210846,-0.003663063,-0.009018516,-0.516722914,0.000000000,-0.000000000,6.000000000,2.500000000,3.156802416,180.871455185,0.000000000,-2.811573744,2.000000000,0.500000000,-2.872454882,-164.579541561,0.000000000,2.652687788,1.000000000,0.500000000,0.076104164,4.360447408,0.000000000,0.404521435,0.500000000,0.200000003,0.078423500,4.493335568,0.000000000,-0.000016204,0.000000000,0.100000001
2026-07-05 11:13:32.074,1783221212.074741602,88.008351713,1,1,87.993779646,1,0.007599200,5,1,0.006416175,5,1,0,1,0,0,1,1,1,0,1,0,-1.000000000,0.000000000,0.000000000,0.000000000,0,-1.000000000,0,0,0,,0,-1.000000000,,0,0,0.000000000,0.000000000,0,-1.000000000,0,,0,-1.000000000,,0,-1.000000000,0,,1,-0.028092002,-1.609553181,-0.021978378,0.090353966,1,3.116365671,178.554600377,-0.002442360,-2.755556107,1,-2.872073412,-164.557684956,-0.002442360,2.632478714,1,0.078011513,4.469730434,-0.007326126,0.398046494,1,0.078423500,4.493335568,-0.012210846,-0.003663063,-0.009018516,-0.516722914,0.000000000,-0.000000000,6.000000000,2.500000000,3.156802416,180.871455185,0.000000000,-2.811573744,2.000000000,0.500000000,-2.872454882,-164.579541561,0.000000000,2.652687788,1.000000000,0.500000000,0.076104164,4.360447408,0.000000000,0.404521435,0.500000000,0.200000003,0.078423500,4.493335568,0.000000000,-0.000016204,0.000000000,0.100000001
2026-07-05 11:13:33.074,1783221213.074769974,89.008380065,1,1,88.993807998,1,0.007423987,5,1,0.006384814,5,1,0,1,0,0,1,1,1,0,1,0,-1.000000000,0.000000000,0.000000000,0.000000000,0,-1.000000000,0,0,0,,0,-1.000000000,,0,0,0.000000000,0.000000000,0,-1.000000000,0,,0,-1.000000000,,0,-1.000000000,0,,1,-0.028092002,-1.609553181,-0.007326126,0.090353966,1,3.116747141,178.576456982,-0.002442360,-2.755556107,1,-2.872073412,-164.557684956,-0.002442360,2.632478714,1,0.078011513,4.469730434,-0.007326126,0.398046494,1,0.078423500,4.493335568,-0.012210846,-0.003663063,-0.009018516,-0.516722914,0.000000000,-0.000000000,6.000000000,2.500000000,3.156802416,180.871455185,0.000000000,-2.811573744,2.000000000,0.500000000,-2.872454882,-164.579541561,0.000000000,2.652687788,1.000000000,0.500000000,0.076104164,4.360447408,0.000000000,0.404521435,0.500000000,0.200000003,0.078423500,4.493335568,0.000000000,-0.000016204,0.000000000,0.100000001
2026-07-05 11:13:34.074,1783221214.074759960,90.008370002,1,1,89.993797935,1,0.007400093,5,1,0.006421292,5,1,0,1,0,0,1,1,1,0,1,0,-1.000000000,0.000000000,0.000000000,0.000000000,0,-1.000000000,0,0,0,,0,-1.000000000,,0,0,0.000000000,0.000000000,0,-1.000000000,0,,0,-1.000000000,,0,-1.000000000,0,,1,-0.028092002,-1.609553181,-0.007326126,0.090353966,1,3.116747141,178.576456982,-0.002442360,-2.741880417,1,-2.872073412,-164.557684956,-0.002442360,2.632478714,1,0.078011513,4.469730434,0.021978378,0.398046494,1,0.078040123,4.471369680,-0.012210846,-0.003663063,-0.009018516,-0.516722914,0.000000000,-0.000000000,6.000000000,2.500000000,3.156802416,180.871455185,0.000000000,-2.811573744,2.000000000,0.500000000,-2.872454882,-164.579541561,0.000000000,2.652687788,1.000000000,0.500000000,0.076104164,4.360447408,0.000000000,0.404521435,0.500000000,0.200000003,0.078423500,4.493335568,0.000000000,-0.000016204,0.000000000,0.100000001
2026-07-05 11:13:35.074,1783221215.074749708,91.008359704,1,1,90.993787637,1,0.006831660,5,1,0.006188123,5,1,0,1,0,0,1,1,1,0,1,0,-1.000000000,0.000000000,0.000000000,0.000000000,0,-1.000000000,0,0,0,,0,-1.000000000,,0,0,0.000000000,0.000000000,0,-1.000000000,0,,0,-1.000000000,,0,-1.000000000,0,,1,-0.028092002,-1.609553181,-0.007326126,0.085470200,1,3.116747141,178.576456982,-0.002442360,-2.755556107,1,-2.872073412,-164.557684956,-0.002442360,2.632478714,1,0.078011513,4.469730434,-0.007326126,0.398046494,1,0.078040123,4.471369680,-0.012210846,-0.003663063,-0.009018516,-0.516722914,0.000000000,-0.000000000,6.000000000,2.500000000,3.156802416,180.871455185,0.000000000,-2.811573744,2.000000000,0.500000000,-2.872454882,-164.579541561,0.000000000,2.652687788,1.000000000,0.500000000,0.076104164,4.360447408,0.000000000,0.404521435,0.500000000,0.200000003,0.078423500,4.493335568,0.000000000,-0.000016204,0.000000000,0.100000001
2026-07-05 11:13:36.074,1783221216.074711800,92.008321873,1,1,91.993749806,1,0.007782400,5,1,0.006236194,5,1,0,1,0,0,1,1,1,0,1,0,-1.000000000,0.000000000,0.000000000,0.000000000,0,-1.000000000,0,0,0,,0,-1.000000000,,0,0,0.000000000,0.000000000,0,-1.000000000,0,,0,-1.000000000,,0,-1.000000000,0,,1,-0.028092002,-1.609553181,-0.007326126,0.090353966,1,3.116747141,178.576456982,-0.002442360,-2.741880417,1,-2.872073412,-164.557684956,-0.002442360,2.632478714,1,0.078011513,4.469730434,-0.007326126,0.398046494,1,0.078040123,4.471369680,-0.036628723,-0.003663063,-0.009018516,-0.516722914,0.000000000,-0.000000000,6.000000000,2.500000000,3.156802416,180.871455185,0.000000000,-2.811573744,2.000000000,0.500000000,-2.872454882,-164.579541561,0.000000000,2.652687788,1.000000000,0.500000000,0.076104164,4.360447408,0.000000000,0.404521435,0.500000000,0.200000003,0.078423500,4.493335568,0.000000000,-0.000016204,0.000000000,0.100000001
2026-07-05 11:13:37.074,1783221217.074632883,93.008243074,1,1,92.993671007,1,0.007836024,5,1,0.006088596,5,1,0,1,0,0,1,1,1,0,1,0,-1.000000000,0.000000000,0.000000000,0.000000000,0,-1.000000000,0,0,0,,0,-1.000000000,,0,0,0.000000000,0.000000000,0,-1.000000000,0,,0,-1.000000000,,0,-1.000000000,0,,1,-0.028092002,-1.609553181,0.007326126,0.090353966,1,3.116365671,178.554600377,-0.002442360,-2.741880417,1,-2.872073412,-164.557684956,-0.002442360,2.632478714,1,0.078011513,4.469730434,-0.007326126,0.398046494,1,0.078423500,4.493335568,0.012210846,-0.003663063,-0.009018516,-0.516722914,0.000000000,-0.000000000,6.000000000,2.500000000,3.156802416,180.871455185,0.000000000,-2.811573744,2.000000000,0.500000000,-2.872454882,-164.579541561,0.000000000,2.652687788,1.000000000,0.500000000,0.076104164,4.360447408,0.000000000,0.404521435,0.500000000,0.200000003,0.078423500,4.493335568,0.000000000,-0.000016204,0.000000000,0.100000001
2026-07-05 11:13:38.074,1783221218.074581623,94.008191600,1,1,93.993619533,1,0.007760310,5,1,0.006410444,5,1,0,1,0,0,1,1,1,0,1,0,-1.000000000,0.000000000,0.000000000,0.000000000,0,-1.000000000,0,0,0,,0,-1.000000000,,0,0,0.000000000,0.000000000,0,-1.000000000,0,,0,-1.000000000,,0,-1.000000000,0,,1,-0.028092002,-1.609553181,0.007326126,0.090353966,1,3.116365671,178.554600377,-0.007326126,-2.741880417,1,-2.872073412,-164.557684956,-0.002442360,2.632478714,1,0.078011513,4.469730434,-0.007326126,0.398046494,1,0.078040123,4.471369680,-0.036628723,-0.003663063,-0.009018516,-0.516722914,0.000000000,-0.000000000,6.000000000,2.500000000,3.156802416,180.871455185,0.000000000,-2.811573744,2.000000000,0.500000000,-2.872454882,-164.579541561,0.000000000,2.652687788,1.000000000,0.500000000,0.076104164,4.360447408,0.000000000,0.404521435,0.500000000,0.200000003,0.078423500,4.493335568,0.000000000,-0.000016204,0.000000000,0.100000001
2026-07-05 11:13:39.074,1783221219.074677467,95.008287589,1,1,94.993715522,1,0.008174709,5,1,0.006500377,5,1,0,1,0,0,1,1,1,0,1,0,-1.000000000,0.000000000,0.000000000,0.000000000,0,-1.000000000,0,0,0,,0,-1.000000000,,0,0,0.000000000,0.000000000,0,-1.000000000,0,,0,-1.000000000,,0,-1.000000000,0,,1,-0.028092002,-1.609553181,-0.007326126,0.090353966,1,3.116747141,178.576456982,-0.002442360,-2.741880417,1,-2.872073412,-164.557684956,-0.007326126,2.632478714,1,0.078011513,4.469730434,-0.007326126,0.398046494,1,0.078423500,4.493335568,-0.012210846,-0.003663063,-0.009018516,-0.516722914,0.000000000,-0.000000000,6.000000000,2.500000000,3.156802416,180.871455185,0.000000000,-2.811573744,2.000000000,0.500000000,-2.872454882,-164.579541561,0.000000000,2.652687788,1.000000000,0.500000000,0.076104164,4.360447408,0.000000000,0.404521435,0.500000000,0.200000003,0.078423500,4.493335568,0.000000000,-0.000016204,0.000000000,0.100000001
2026-07-05 11:13:40.074,1783221220.074524403,96.008134630,1,1,95.993562563,1,0.007579024,5,1,0.005720360,5,1,0,1,0,0,1,1,1,0,1,0,-1.000000000,0.000000000,0.000000000,0.000000000,0,-1.000000000,0,0,0,,0,-1.000000000,,0,0,0.000000000,0.000000000,0,-1.000000000,0,,0,-1.000000000,,0,-1.000000000,0,,1,-0.028092002,-1.609553181,-0.007326126,0.085470200,1,3.116747141,178.576456982,-0.002442360,-2.755556107,1,-2.872073412,-164.557684956,-0.002442360,2.632478714,1,0.078011513,4.469730434,-0.021978378,0.398046494,1,0.078040123,4.471369680,-0.036628723,-0.003663063,-0.009018516,-0.516722914,0.000000000,-0.000000000,6.000000000,2.500000000,3.156802416,180.871455185,0.000000000,-2.811573744,2.000000000,0.500000000,-2.872454882,-164.579541561,0.000000000,2.652687788,1.000000000,0.500000000,0.076104164,4.360447408,0.000000000,0.404521435,0.500000000,0.200000003,0.078423500,4.493335568,0.000000000,-0.000016204,0.000000000,0.100000001
2026-07-05 11:13:41.074,1783221221.074561357,97.008171418,1,1,96.993599351,1,0.007775845,5,1,0.006480972,5,1,0,1,0,0,1,1,1,0,1,0,-1.000000000,0.000000000,0.000000000,0.000000000,0,-1.000000000,0,0,0,,0,-1.000000000,,0,0,0.000000000,0.000000000,0,-1.000000000,0,,0,-1.000000000,,0,-1.000000000,0,,1,-0.028092002,-1.609553181,-0.007326126,0.095237732,1,3.116747141,178.576456982,-0.002442360,-2.755556107,1,-2.872073412,-164.557684956,-0.002442360,2.646154404,1,0.078011513,4.469730434,-0.021978378,0.398046494,1,0.078423500,4.493335568,0.036628723,-0.003663063,-0.009018516,-0.516722914,0.000000000,-0.000000000,6.000000000,2.500000000,3.156802416,180.871455185,0.000000000,-2.811573744,2.000000000,0.500000000,-2.872454882,-164.579541561,0.000000000,2.652687788,1.000000000,0.500000000,0.076104164,4.360447408,0.000000000,0.404521435,0.500000000,0.200000003,0.078423500,4.493335568,0.000000000,-0.000016204,0.000000000,0.100000001
2026-07-05 11:13:42.074,1783221222.074683428,98.008293614,1,1,97.993721547,1,0.008438660,5,1,0.006282340,5,1,0,1,0,0,1,1,1,0,1,0,-1.000000000,0.000000000,0.000000000,0.000000000,0,-1.000000000,0,0,0,,0,-1.000000000,,0,0,0.000000000,0.000000000,0,-1.000000000,0,,0,-1.000000000,,0,-1.000000000,0,,1,-0.028092002,-1.609553181,-0.007326126,0.090353966,1,3.116747141,178.576456982,-0.002442360,-2.755556107,1,-2.872073412,-164.557684956,-0.002442360,2.646154404,1,0.078011513,4.469730434,-0.007326126,0.398046494,1,0.078423500,4.493335568,-0.012210846,-0.003663063,-0.009018516,-0.516722914,0.000000000,-0.000000000,6.000000000,2.500000000,3.156802416,180.871455185,0.000000000,-2.811573744,2.000000000,0.500000000,-2.872454882,-164.579541561,0.000000000,2.652687788,1.000000000,0.500000000,0.076104164,4.360447408,0.000000000,0.404521435,0.500000000,0.200000003,0.078423500,4.493335568,0.000000000,-0.000016204,0.000000000,0.100000001
2026-07-05 11:13:43.074,1783221223.074457645,99.008067691,1,1,98.993495624,1,0.007688727,5,1,0.006110452,5,1,0,1,0,0,1,1,1,0,1,0,-1.000000000,0.000000000,0.000000000,0.000000000,0,-1.000000000,0,0,0,,0,-1.000000000,,0,0,0.000000000,0.000000000,0,-1.000000000,0,,0,-1.000000000,,0,-1.000000000,0,,1,-0.028092002,-1.609553181,-0.007326126,0.095237732,1,3.116365671,178.554600377,-0.002442360,-2.755556107,1,-2.872073412,-164.557684956,-0.002442360,2.632478714,1,0.078011513,4.469730434,-0.021978378,0.398046494,1,0.078040123,4.471369680,-0.036628723,-0.003663063,-0.009018516,-0.516722914,0.000000000,-0.000000000,6.000000000,2.500000000,3.156802416,180.871455185,0.000000000,-2.811573744,2.000000000,0.500000000,-2.872454882,-164.579541561,0.000000000,2.652687788,1.000000000,0.500000000,0.076104164,4.360447408,0.000000000,0.404521435,0.500000000,0.200000003,0.078423500,4.493335568,0.000000000,-0.000016204,0.000000000,0.100000001
2026-07-05 11:13:44.074,1783221224.074417591,100.008027759,1,1,99.993455692,1,0.007274208,5,1,0.005955821,5,1,0,1,0,0,1,1,1,0,1,0,-1.000000000,0.000000000,0.000000000,0.000000000,0,-1.000000000,0,0,0,,0,-1.000000000,,0,0,0.000000000,0.000000000,0,-1.000000000,0,,0,-1.000000000,,0,-1.000000000,0,,1,-0.028092002,-1.609553181,-0.007326126,0.090353966,1,3.116365671,178.554600377,-0.002442360,-2.755556107,1,-2.872073412,-164.557684956,-0.002442360,2.646154404,1,0.078011513,4.469730434,-0.007326126,0.398046494,1,0.078423500,4.493335568,0.012210846,-0.003663063,-0.009018516,-0.516722914,0.000000000,-0.000000000,6.000000000,2.500000000,3.156802416,180.871455185,0.000000000,-2.811573744,2.000000000,0.500000000,-2.872454882,-164.579541561,0.000000000,2.652687788,1.000000000,0.500000000,0.076104164,4.360447408,0.000000000,0.404521435,0.500000000,0.200000003,0.078423500,4.493335568,0.000000000,-0.000016204,0.000000000,0.100000001
2026-07-05 11:13:45.074,1783221225.074496746,101.008106903,1,1,100.993534836,1,0.007446232,5,1,0.006344819,5,1,0,1,0,0,1,1,1,0,1,0,-1.000000000,0.000000000,0.000000000,0.000000000,0,-1.000000000,0,0,0,,0,-1.000000000,,0,0,0.000000000,0.000000000,0,-1.000000000,0,,0,-1.000000000,,0,-1.000000000,0,,1,-0.028092002,-1.609553181,-0.007326126,0.090353966,1,3.116747141,178.576456982,0.002442360,-2.741880417,1,-2.872073412,-164.557684956,-0.002442360,2.632478714,1,0.078011513,4.469730434,-0.021978378,0.398046494,1,0.078040123,4.471369680,0.012210846,-0.003663063,-0.009018516,-0.516722914,0.000000000,-0.000000000,6.000000000,2.500000000,3.156802416,180.871455185,0.000000000,-2.811573744,2.000000000,0.500000000,-2.872454882,-164.579541561,0.000000000,2.652687788,1.000000000,0.500000000,0.076104164,4.360447408,0.000000000,0.404521435,0.500000000,0.200000003,0.078423500,4.493335568,0.000000000,-0.000016204,0.000000000,0.100000001
2026-07-05 11:13:46.074,1783221226.074384928,102.007995080,1,1,101.993423013,1,0.007478706,5,1,0.006314620,5,1,0,1,0,0,1,1,1,0,1,0,-1.000000000,0.000000000,0.000000000,0.000000000,0,-1.000000000,0,0,0,,0,-1.000000000,,0,0,0.000000000,0.000000000,0,-1.000000000,0,,0,-1.000000000,,0,-1.000000000,0,,1,-0.028092002,-1.609553181,-0.007326126,0.090353966,1,3.116747141,178.576456982,-0.002442360,-2.755556107,1,-2.872073412,-164.557684956,0.002442360,2.632478714,1,0.078011513,4.469730434,-0.021978378,0.398046494,1,0.078040123,4.471369680,-0.012210846,-0.003663063,-0.009018516,-0.516722914,0.000000000,-0.000000000,6.000000000,2.500000000,3.156802416,180.871455185,0.000000000,-2.811573744,2.000000000,0.500000000,-2.872454882,-164.579541561,0.000000000,2.652687788,1.000000000,0.500000000,0.076104164,4.360447408,0.000000000,0.404521435,0.500000000,0.200000003,0.078423500,4.493335568,0.000000000,-0.000016204,0.000000000,0.100000001
2026-07-05 11:13:47.074,1783221227.074323893,103.007934113,1,1,102.993362046,1,0.007650690,5,1,0.006271474,5,1,0,1,0,0,1,1,1,0,1,0,-1.000000000,0.000000000,0.000000000,0.000000000,0,-1.000000000,0,0,0,,0,-1.000000000,,0,0,0.000000000,0.000000000,0,-1.000000000,0,,0,-1.000000000,,0,-1.000000000,0,,1,-0.028092002,-1.609553181,0.007326126,0.095237732,1,3.116747141,178.576456982,-0.002442360,-2.741880417,1,-2.872073412,-164.557684956,-0.002442360,2.632478714,1,0.078011513,4.469730434,-0.007326126,0.398046494,1,0.078040123,4.471369680,-0.036628723,-0.003663063,-0.009018516,-0.516722914,0.000000000,-0.000000000,6.000000000,2.500000000,3.156802416,180.871455185,0.000000000,-2.811573744,2.000000000,0.500000000,-2.872454882,-164.579541561,0.000000000,2.652687788,1.000000000,0.500000000,0.076104164,4.360447408,0.000000000,0.404521435,0.500000000,0.200000003,0.078423500,4.493335568,0.000000000,-0.000016204,0.000000000,0.100000001
2026-07-05 11:13:48.074,1783221228.074274302,104.007884394,1,1,103.993312327,1,0.007900586,5,1,0.006316326,5,1,0,1,0,0,1,1,1,0,1,0,-1.000000000,0.000000000,0.000000000,0.000000000,0,-1.000000000,0,0,0,,0,-1.000000000,,0,0,0.000000000,0.000000000,0,-1.000000000,0,,0,-1.000000000,,0,-1.000000000,0,,1,-0.028092002,-1.609553181,-0.021978378,0.085470200,1,3.116747141,178.576456982,-0.002442360,-2.755556107,1,-2.872073412,-164.557684956,0.002442360,2.646154404,1,0.078011513,4.469730434,-0.007326126,0.398046494,1,0.078040123,4.471369680,-0.036628723,-0.003663063,-0.009018516,-0.516722914,0.000000000,-0.000000000,6.000000000,2.500000000,3.156802416,180.871455185,0.000000000,-2.811573744,2.000000000,0.500000000,-2.872454882,-164.579541561,0.000000000,2.652687788,1.000000000,0.500000000,0.076104164,4.360447408,0.000000000,0.404521435,0.500000000,0.200000003,0.078423500,4.493335568,0.000000000,-0.000016204,0.000000000,0.100000001
2026-07-05 11:13:49.074,1783221229.074341059,105.007951283,1,1,104.993379216,1,0.006932246,5,1,0.006456290,5,1,0,1,0,0,1,1,1,0,1,0,-1.000000000,0.000000000,0.000000000,0.000000000,0,-1.000000000,0,0,0,,0,-1.000000000,,0,0,0.000000000,0.000000000,0,-1.000000000,0,,0,-1.000000000,,0,-1.000000000,0,,1,-0.028092002,-1.609553181,0.007326126,0.090353966,1,3.116747141,178.576456982,-0.002442360,-2.755556107,1,-2.872073412,-164.557684956,-0.002442360,2.632478714,1,0.078011513,4.469730434,-0.007326126,0.398046494,1,0.078423500,4.493335568,-0.012210846,-0.001221180,-0.009018516,-0.516722914,0.000000000,-0.000000000,6.000000000,2.500000000,3.156802416,180.871455185,0.000000000,-2.811573744,2.000000000,0.500000000,-2.872454882,-164.579541561,0.000000000,2.652687788,1.000000000,0.500000000,0.076104164,4.360447408,0.000000000,0.404521435,0.500000000,0.200000003,0.078423500,4.493335568,0.000000000,-0.000016204,0.000000000,0.100000001
2026-07-05 11:13:50.074,1783221230.074512720,106.008122874,1,1,105.993550807,1,0.008397763,5,1,0.006673901,5,1,0,1,0,0,1,1,1,0,1,0,-1.000000000,0.000000000,0.000000000,0.000000000,0,-1.000000000,0,0,0,,0,-1.000000000,,0,0,0.000000000,0.000000000,0,-1.000000000,0,,0,-1.000000000,,0,-1.000000000,0,,1,-0.028092002,-1.609553181,-0.021978378,0.090353966,1,3.116365671,178.554600377,-0.002442360,-2.741880417,1,-2.872073412,-164.557684956,-0.002442360,2.632478714,1,0.078011513,4.469730434,-0.021978378,0.398046494,1,0.078423500,4.493335568,-0.012210846,-0.003663063,-0.009018516,-0.516722914,0.000000000,-0.000000000,6.000000000,2.500000000,3.156802416,180.871455185,0.000000000,-2.811573744,2.000000000,0.500000000,-2.872454882,-164.579541561,0.000000000,2.652687788,1.000000000,0.500000000,0.076104164,4.360447408,0.000000000,0.404521435,0.500000000,0.200000003,0.078423500,4.493335568,0.000000000,-0.000016204,0.000000000,0.100000001
2026-07-05 11:13:51.074,1783221231.074216604,107.007826926,1,1,106.993254859,1,0.007231818,5,1,0.006351451,5,1,0,1,0,0,1,1,1,0,1,0,-1.000000000,0.000000000,0.000000000,0.000000000,0,-1.000000000,0,0,0,,0,-1.000000000,,0,0,0.000000000,0.000000000,0,-1.000000000,0,,0,-1.000000000,,0,-1.000000000,0,,1,-0.028092002,-1.609553181,0.007326126,0.095237732,1,3.116747141,178.576456982,0.002442360,-2.755556107,1,-2.872073412,-164.557684956,-0.002442360,2.632478714,1,0.078011513,4.469730434,0.007326126,0.398046494,1,0.078423500,4.493335568,-0.012210846,-0.003663063,-0.009018516,-0.516722914,0.000000000,-0.000000000,6.000000000,2.500000000,3.156802416,180.871455185,0.000000000,-2.811573744,2.000000000,0.500000000,-2.872454882,-164.579541561,0.000000000,2.652687788,1.000000000,0.500000000,0.076104164,4.360447408,0.000000000,0.404521435,0.500000000,0.200000003,0.078423500,4.493335568,0.000000000,-0.000016204,0.000000000,0.100000001
2026-07-05 11:13:52.074,1783221232.074420452,108.008030585,1,1,107.993458518,1,0.007722011,5,1,0.006384946,5,1,0,1,0,0,1,1,1,0,1,0,-1.000000000,0.000000000,0.000000000,0.000000000,0,-1.000000000,0,0,0,,0,-1.000000000,,0,0,0.000000000,0.000000000,0,-1.000000000,0,,0,-1.000000000,,0,-1.000000000,0,,1,-0.028092002,-1.609553181,-0.007326126,0.090353966,1,3.116365671,178.554600377,-0.002442360,-2.755556107,1,-2.872073412,-164.557684956,-0.007326126,2.632478714,1,0.078011513,4.469730434,-0.007326126,0.398046494,1,0.078423500,4.493335568,0.036628723,-0.003663063,-0.009018516,-0.516722914,0.000000000,-0.000000000,6.000000000,2.500000000,3.156802416,180.871455185,0.000000000,-2.811573744,2.000000000,0.500000000,-2.872454882,-164.579541561,0.000000000,2.652687788,1.000000000,0.500000000,0.076104164,4.360447408,0.000000000,0.404521435,0.500000000,0.200000003,0.078423500,4.493335568,0.000000000,-0.000016204,0.000000000,0.100000001
2026-07-05 11:13:53.074,1783221233.074236393,109.007846649,1,1,108.993274582,1,0.007946132,5,1,0.006405870,5,1,0,1,0,0,1,1,1,0,1,0,-1.000000000,0.000000000,0.000000000,0.000000000,0,-1.000000000,0,0,0,,0,-1.000000000,,0,0,0.000000000,0.000000000,0,-1.000000000,0,,0,-1.000000000,,0,-1.000000000,0,,1,-0.028092002,-1.609553181,-0.007326126,0.090353966,1,3.116747141,178.576456982,-0.002442360,-2.755556107,1,-2.872073412,-164.557684956,-0.002442360,2.632478714,1,0.078011513,4.469730434,-0.007326126,0.398046494,1,0.078423500,4.493335568,-0.012210846,-0.003663063,-0.009018516,-0.516722914,0.000000000,-0.000000000,6.000000000,2.500000000,3.156802416,180.871455185,0.000000000,-2.811573744,2.000000000,0.500000000,-2.872454882,-164.579541561,0.000000000,2.652687788,1.000000000,0.500000000,0.076104164,4.360447408,0.000000000,0.404521435,0.500000000,0.200000003,0.078423500,4.493335568,0.000000000,-0.000016204,0.000000000,0.100000001
2026-07-05 11:13:54.074,1783221234.074167013,110.007777249,1,1,109.993205182,1,0.007388721,5,1,0.006243602,5,1,0,1,0,0,1,1,1,0,1,0,-1.000000000,0.000000000,0.000000000,0.000000000,0,-1.000000000,0,0,0,,0,-1.000000000,,0,0,0.000000000,0.000000000,0,-1.000000000,0,,0,-1.000000000,,0,-1.000000000,0,,1,-0.028092002,-1.609553181,-0.021978378,0.090353966,1,3.116747141,178.576456982,0.002442360,-2.755556107,1,-2.872073412,-164.557684956,-0.002442360,2.646154404,1,0.078011513,4.469730434,-0.007326126,0.398046494,1,0.078040123,4.471369680,-0.036628723,-0.003663063,-0.009018516,-0.516722914,0.000000000,-0.000000000,6.000000000,2.500000000,3.156802416,180.871455185,0.000000000,-2.811573744,2.000000000,0.500000000,-2.872454882,-164.579541561,0.000000000,2.652687788,1.000000000,0.500000000,0.076104164,4.360447408,0.000000000,0.404521435,0.500000000,0.200000003,0.078423500,4.493335568,0.000000000,-0.000016204,0.000000000,0.100000001
2026-07-05 11:13:55.074,1783221235.074214458,111.007824640,1,1,110.993252573,1,0.007526898,5,1,0.006479590,5,1,0,1,0,0,1,1,1,0,1,0,-1.000000000,0.000000000,0.000000000,0.000000000,0,-1.000000000,0,0,0,,0,-1.000000000,,0,0,0.000000000,0.000000000,0,-1.000000000,0,,0,-1.000000000,,0,-1.000000000,0,,1,-0.028092002,-1.609553181,0.007326126,0.095237732,1,3.116365671,178.554600377,-0.002442360,-2.755556107,1,-2.872073412,-164.557684956,-0.002442360,2.632478714,1,0.078011513,4.469730434,-0.007326126,0.398046494,1,0.078040123,4.471369680,-0.036628723,-0.003663063,-0.009018516,-0.516722914,0.000000000,-0.000000000,6.000000000,2.500000000,3.156802416,180.871455185,0.000000000,-2.811573744,2.000000000,0.500000000,-2.872454882,-164.579541561,0.000000000,2.652687788,1.000000000,0.500000000,0.076104164,4.360447408,0.000000000,0.404521435,0.500000000,0.200000003,0.078423500,4.493335568,0.000000000,-0.000016204,0.000000000,0.100000001
2026-07-05 11:13:56.074,1783221236.074076653,112.007686797,1,1,111.993114730,1,0.007334701,5,1,0.005937020,5,1,0,1,0,0,1,1,1,0,1,0,-1.000000000,0.000000000,0.000000000,0.000000000,0,-1.000000000,0,0,0,,0,-1.000000000,,0,0,0.000000000,0.000000000,0,-1.000000000,0,,0,-1.000000000,,0,-1.000000000,0,,1,-0.028092002,-1.609553181,-0.007326126,0.085470200,1,3.116747141,178.576456982,0.002442360,-2.755556107,1,-2.872073412,-164.557684956,-0.002442360,2.646154404,1,0.078011513,4.469730434,-0.007326126,0.398046494,1,0.078423500,4.493335568,-0.012210846,-0.003663063,-0.009018516,-0.516722914,0.000000000,-0.000000000,6.000000000,2.500000000,3.156802416,180.871455185,0.000000000,-2.811573744,2.000000000,0.500000000,-2.872454882,-164.579541561,0.000000000,2.652687788,1.000000000,0.500000000,0.076104164,4.360447408,0.000000000,0.404521435,0.500000000,0.200000003,0.078423500,4.493335568,0.000000000,-0.000016204,0.000000000,0.100000001
2026-07-05 11:13:57.074,1783221237.074218988,113.007829207,1,1,112.993257140,1,0.008040669,5,1,0.006322513,5,1,0,1,0,0,1,1,1,0,1,0,-1.000000000,0.000000000,0.000000000,0.000000000,0,-1.000000000,0,0,0,,0,-1.000000000,,0,0,0.000000000,0.000000000,0,-1.000000000,0,,0,-1.000000000,,0,-1.000000000,0,,1,-0.028092002,-1.609553181,-0.007326126,0.090353966,1,3.116365671,178.554600377,-0.002442360,-2.755556107,1,-2.872073412,-164.557684956,0.002442360,2.632478714,1,0.078011513,4.469730434,-0.007326126,0.398046494,1,0.078040123,4.471369680,-0.036628723,-0.003663063,-0.009018516,-0.516722914,0.000000000,-0.000000000,6.000000000,2.500000000,3.156802416,180.871455185,0.000000000,-2.811573744,2.000000000,0.500000000,-2.872454882,-164.579541561,0.000000000,2.652687788,1.000000000,0.500000000,0.076104164,4.360447408,0.000000000,0.404521435,0.500000000,0.200000003,0.078423500,4.493335568,0.000000000,-0.000016204,0.000000000,0.100000001
2026-07-05 11:13:58.074,1783221238.074113846,114.007723833,1,1,113.993151766,1,0.007366208,5,1,0.006383406,5,1,0,1,0,0,1,1,1,0,1,0,-1.000000000,0.000000000,0.000000000,0.000000000,0,-1.000000000,0,0,0,,0,-1.000000000,,0,0,0.000000000,0.000000000,0,-1.000000000,0,,0,-1.000000000,,0,-1.000000000,0,,1,-0.028092002,-1.609553181,-0.021978378,0.090353966,1,3.116747141,178.576456982,-0.002442360,-2.741880417,1,-2.872073412,-164.557684956,-0.002442360,2.632478714,1,0.078011513,4.469730434,-0.021978378,0.398046494,1,0.078040123,4.471369680,-0.012210846,-0.003663063,-0.009018516,-0.516722914,0.000000000,-0.000000000,6.000000000,2.500000000,3.156802416,180.871455185,0.000000000,-2.811573744,2.000000000,0.500000000,-2.872454882,-164.579541561,0.000000000,2.652687788,1.000000000,0.500000000,0.076104164,4.360447408,0.000000000,0.404521435,0.500000000,0.200000003,0.078423500,4.493335568,0.000000000,-0.000016204,0.000000000,0.100000001
2026-07-05 11:13:59.074,1783221239.073996782,115.007606797,1,1,114.993034730,1,0.007189005,5,1,0.006351956,5,1,0,1,0,0,1,1,1,0,1,0,-1.000000000,0.000000000,0.000000000,0.000000000,0,-1.000000000,0,0,0,,0,-1.000000000,,0,0,0.000000000,0.000000000,0,-1.000000000,0,,0,-1.000000000,,0,-1.000000000,0,,1,-0.028092002,-1.609553181,-0.007326126,0.090353966,1,3.116365671,178.554600377,-0.007326126,-2.755556107,1,-2.872073412,-164.557684956,-0.002442360,2.632478714,1,0.078011513,4.469730434,-0.007326126,0.398046494,1,0.078040123,4.471369680,-0.012210846,-0.003663063,-0.009018516,-0.516722914,0.000000000,-0.000000000,6.000000000,2.500000000,3.156802416,180.871455185,0.000000000,-2.811573744,2.000000000,0.500000000,-2.872454882,-164.579541561,0.000000000,2.652687788,1.000000000,0.500000000,0.076104164,4.360447408,0.000000000,0.404521435,0.500000000,0.200000003,0.078423500,4.493335568,0.000000000,-0.000016204,0.000000000,0.100000001
2026-07-05 11:14:00.074,1783221240.074036121,116.007646267,1,1,115.993074200,1,0.007811530,5,1,0.006307402,5,1,0,1,0,0,1,1,1,0,1,0,-1.000000000,0.000000000,0.000000000,0.000000000,0,-1.000000000,0,0,0,,0,-1.000000000,,0,0,0.000000000,0.000000000,0,-1.000000000,0,,0,-1.000000000,,0,-1.000000000,0,,1,-0.028092002,-1.609553181,-0.007326126,0.090353966,1,3.116747141,178.576456982,-0.002442360,-2.755556107,1,-2.872073412,-164.557684956,-0.002442360,2.646154404,1,0.078011513,4.469730434,-0.007326126,0.398046494,1,0.078040123,4.471369680,0.012210846,-0.003663063,-0.009018516,-0.516722914,0.000000000,-0.000000000,6.000000000,2.500000000,3.156802416,180.871455185,0.000000000,-2.811573744,2.000000000,0.500000000,-2.872454882,-164.579541561,0.000000000,2.652687788,1.000000000,0.500000000,0.076104164,4.360447408,0.000000000,0.404521435,0.500000000,0.200000003,0.078423500,4.493335568,0.000000000,-0.000016204,0.000000000,0.100000001
2026-07-05 11:14:01.074,1783221241.073955059,117.007565078,1,1,116.992993011,1,0.007461822,5,1,0.006403303,5,1,0,1,0,0,1,1,1,0,1,0,-1.000000000,0.000000000,0.000000000,0.000000000,0,-1.000000000,0,0,0,,0,-1.000000000,,0,0,0.000000000,0.000000000,0,-1.000000000,0,,0,-1.000000000,,0,-1.000000000,0,,1,-0.028092002,-1.609553181,0.007326126,0.090353966,1,3.116747141,178.576456982,-0.002442360,-2.741880417,1,-2.872073412,-164.557684956,-0.002442360,2.646154404,1,0.078011513,4.469730434,-0.007326126,0.398046494,1,0.078423500,4.493335568,-0.012210846,-0.003663063,-0.009018516,-0.516722914,0.000000000,-0.000000000,6.000000000,2.500000000,3.156802416,180.871455185,0.000000000,-2.811573744,2.000000000,0.500000000,-2.872454882,-164.579541561,0.000000000,2.652687788,1.000000000,0.500000000,0.076104164,4.360447408,0.000000000,0.404521435,0.500000000,0.200000003,0.078423500,4.493335568,0.000000000,-0.000016204,0.000000000,0.100000001
2026-07-05 11:14:02.074,1783221242.074055195,118.007665331,1,1,117.993093264,1,0.008105207,5,1,0.006443025,5,1,0,1,0,0,1,1,1,0,1,0,-1.000000000,0.000000000,0.000000000,0.000000000,0,-1.000000000,0,0,0,,0,-1.000000000,,0,0,0.000000000,0.000000000,0,-1.000000000,0,,0,-1.000000000,,0,-1.000000000,0,,1,-0.028092002,-1.609553181,-0.007326126,0.090353966,1,3.116747141,178.576456982,-0.002442360,-2.741880417,1,-2.872073412,-164.557684956,-0.002442360,2.632478714,1,0.078011513,4.469730434,-0.021978378,0.398046494,1,0.078040123,4.471369680,-0.012210846,-0.003663063,-0.009018516,-0.516722914,0.000000000,-0.000000000,6.000000000,2.500000000,3.156802416,180.871455185,0.000000000,-2.811573744,2.000000000,0.500000000,-2.872454882,-164.579541561,0.000000000,2.652687788,1.000000000,0.500000000,0.076104164,4.360447408,0.000000000,0.404521435,0.500000000,0.200000003,0.078423500,4.493335568,0.000000000,-0.000016204,0.000000000,0.100000001
2026-07-05 11:14:03.074,1783221243.073984623,119.007594554,1,1,118.993022487,1,0.007693744,5,1,0.006376919,5,1,0,1,0,0,1,1,1,0,1,0,-1.000000000,0.000000000,0.000000000,0.000000000,0,-1.000000000,0,0,0,,0,-1.000000000,,0,0,0.000000000,0.000000000,0,-1.000000000,0,,0,-1.000000000,,0,-1.000000000,0,,1,-0.028092002,-1.609553181,-0.021978378,0.085470200,1,3.116747141,178.576456982,-0.002442360,-2.755556107,1,-2.872073412,-164.557684956,-0.002442360,2.632478714,1,0.078011513,4.469730434,0.021978378,0.398046494,1,0.078423500,4.493335568,-0.012210846,-0.003663063,-0.009018516,-0.516722914,0.000000000,-0.000000000,6.000000000,2.500000000,3.156802416,180.871455185,0.000000000,-2.811573744,2.000000000,0.500000000,-2.872454882,-164.579541561,0.000000000,2.652687788,1.000000000,0.500000000,0.076104164,4.360447408,0.000000000,0.404521435,0.500000000,0.200000003,0.078423500,4.493335568,0.000000000,-0.000016204,0.000000000,0.100000001
2026-07-05 11:14:04.073,1783221244.073858738,120.007468810,1,1,119.992896743,1,0.007671858,5,1,0.006232671,5,1,0,1,0,0,1,1,1,0,1,0,-1.000000000,0.000000000,0.000000000,0.000000000,0,-1.000000000,0,0,0,,0,-1.000000000,,0,0,0.000000000,0.000000000,0,-1.000000000,0,,0,-1.000000000,,0,-1.000000000,0,,1,-0.028092002,-1.609553181,0.007326126,0.090353966,1,3.116747141,178.576456982,-0.002442360,-2.755556107,1,-2.872073412,-164.557684956,-0.002442360,2.632478714,1,0.078011513,4.469730434,-0.007326126,0.398046494,1,0.078040123,4.471369680,-0.036628723,-0.003663063,-0.009018516,-0.516722914,0.000000000,-0.000000000,6.000000000,2.500000000,3.156802416,180.871455185,0.000000000,-2.811573744,2.000000000,0.500000000,-2.872454882,-164.579541561,0.000000000,2.652687788,1.000000000,0.500000000,0.076104164,4.360447408,0.000000000,0.404521435,0.500000000,0.200000003,0.078423500,4.493335568,0.000000000,-0.000016204,0.000000000,0.100000001
2026-07-05 11:14:05.074,1783221245.073925018,121.007535155,1,1,120.992963088,1,0.007536741,5,1,0.006372689,5,1,0,1,0,0,1,1,1,0,1,0,-1.000000000,0.000000000,0.000000000,0.000000000,0,-1.000000000,0,0,0,,0,-1.000000000,,0,0,0.000000000,0.000000000,0,-1.000000000,0,,0,-1.000000000,,0,-1.000000000,0,,1,-0.028092002,-1.609553181,-0.007326126,0.090353966,1,3.116747141,178.576456982,-0.002442360,-2.755556107,1,-2.872073412,-164.557684956,-0.002442360,2.646154404,1,0.078011513,4.469730434,0.007326126,0.398046494,1,0.078040123,4.471369680,-0.012210846,-0.003663063,-0.009018516,-0.516722914,0.000000000,-0.000000000,6.000000000,2.500000000,3.156802416,180.871455185,0.000000000,-2.811573744,2.000000000,0.500000000,-2.872454882,-164.579541561,0.000000000,2.652687788,1.000000000,0.500000000,0.076104164,4.360447408,0.000000000,0.404521435,0.500000000,0.200000003,0.078423500,4.493335568,0.000000000,-0.000016204,0.000000000,0.100000001
2026-07-05 11:14:06.073,1783221246.073791504,122.007401672,1,1,121.992829605,1,0.007387504,5,1,0.006254721,5,1,0,1,0,0,1,1,1,0,1,0,-1.000000000,0.000000000,0.000000000,0.000000000,0,-1.000000000,0,0,0,,0,-1.000000000,,0,0,0.000000000,0.000000000,0,-1.000000000,0,,0,-1.000000000,,0,-1.000000000,0,,1,-0.028092002,-1.609553181,-0.021978378,0.090353966,1,3.116747141,178.576456982,-0.002442360,-2.755556107,1,-2.872073412,-164.557684956,-0.007326126,2.632478714,1,0.078011513,4.469730434,-0.007326126,0.398046494,1,0.078423500,4.493335568,-0.012210846,-0.003663063,-0.009018516,-0.516722914,0.000000000,-0.000000000,6.000000000,2.500000000,3.156802416,180.871455185,0.000000000,-2.811573744,2.000000000,0.500000000,-2.872454882,-164.579541561,0.000000000,2.652687788,1.000000000,0.500000000,0.076104164,4.360447408,0.000000000,0.404521435,0.500000000,0.200000003,0.078423500,4.493335568,0.000000000,-0.000016204,0.000000000,0.100000001
2026-07-05 11:14:07.073,1783221247.073751450,123.007361642,1,1,122.992789575,1,0.007399137,5,1,0.006321250,5,1,0,1,0,0,1,1,1,0,1,0,-1.000000000,0.000000000,0.000000000,0.000000000,0,-1.000000000,0,0,0,,0,-1.000000000,,0,0,0.000000000,0.000000000,0,-1.000000000,0,,0,-1.000000000,,0,-1.000000000,0,,1,-0.028092002,-1.609553181,-0.007326126,0.095237732,1,3.116747141,178.576456982,-0.002442360,-2.755556107,1,-2.872073412,-164.557684956,-0.002442360,2.646154404,1,0.078011513,4.469730434,-0.021978378,0.398046494,1,0.078040123,4.471369680,-0.012210846,-0.003663063,-0.009018516,-0.516722914,0.000000000,-0.000000000,6.000000000,2.500000000,3.156802416,180.871455185,0.000000000,-2.811573744,2.000000000,0.500000000,-2.872454882,-164.579541561,0.000000000,2.652687788,1.000000000,0.500000000,0.076104164,4.360447408,0.000000000,0.404521435,0.500000000,0.200000003,0.078423500,4.493335568,0.000000000,-0.000016204,0.000000000,0.100000001
2026-07-05 11:14:08.073,1783221248.073746204,124.007356210,1,1,123.992784143,1,0.007464850,5,1,0.006363749,5,1,0,1,0,0,1,1,1,0,1,0,-1.000000000,0.000000000,0.000000000,0.000000000,0,-1.000000000,0,0,0,,0,-1.000000000,,0,0,0.000000000,0.000000000,0,-1.000000000,0,,0,-1.000000000,,0,-1.000000000,0,,1,-0.028092002,-1.609553181,-0.007326126,0.090353966,1,3.116747141,178.576456982,-0.002442360,-2.755556107,1,-2.872073412,-164.557684956,-0.002442360,2.646154404,1,0.078011513,4.469730434,-0.007326126,0.398046494,1,0.078423500,4.493335568,-0.012210846,-0.003663063,-0.009018516,-0.516722914,0.000000000,-0.000000000,6.000000000,2.500000000,3.156802416,180.871455185,0.000000000,-2.811573744,2.000000000,0.500000000,-2.872454882,-164.579541561,0.000000000,2.652687788,1.000000000,0.500000000,0.076104164,4.360447408,0.000000000,0.404521435,0.500000000,0.200000003,0.078423500,4.493335568,0.000000000,-0.000016204,0.000000000,0.100000001
2026-07-05 11:14:09.073,1783221249.073731184,125.007341153,1,1,124.992769086,1,0.007902693,5,1,0.006324006,5,1,0,1,0,0,1,1,1,0,1,0,-1.000000000,0.000000000,0.000000000,0.000000000,0,-1.000000000,0,0,0,,0,-1.000000000,,0,0,0.000000000,0.000000000,0,-1.000000000,0,,0,-1.000000000,,0,-1.000000000,0,,1,-0.028092002,-1.609553181,-0.007326126,0.085470200,1,3.116747141,178.576456982,-0.002442360,-2.755556107,1,-2.872073412,-164.557684956,-0.002442360,2.632478714,1,0.078011513,4.469730434,-0.007326126,0.398046494,1,0.078040123,4.471369680,-0.012210846,-0.003663063,-0.009018516,-0.516722914,0.000000000,-0.000000000,6.000000000,2.500000000,3.156802416,180.871455185,0.000000000,-2.811573744,2.000000000,0.500000000,-2.872454882,-164.579541561,0.000000000,2.652687788,1.000000000,0.500000000,0.076104164,4.360447408,0.000000000,0.404521435,0.500000000,0.200000003,0.078423500,4.493335568,0.000000000,-0.000016204,0.000000000,0.100000001
2026-07-05 11:14:10.073,1783221250.073786974,126.007396878,1,1,125.992824811,1,0.007922881,5,1,0.006426249,5,1,0,1,0,0,1,1,1,0,1,0,-1.000000000,0.000000000,0.000000000,0.000000000,0,-1.000000000,0,0,0,,0,-1.000000000,,0,0,0.000000000,0.000000000,0,-1.000000000,0,,0,-1.000000000,,0,-1.000000000,0,,1,-0.028092002,-1.609553181,-0.007326126,0.090353966,1,3.116747141,178.576456982,-0.002442360,-2.755556107,1,-2.872073412,-164.557684956,-0.002442360,2.632478714,1,0.078011513,4.469730434,-0.007326126,0.398046494,1,0.078423500,4.493335568,-0.012210846,-0.003663063,-0.009018516,-0.516722914,0.000000000,-0.000000000,6.000000000,2.500000000,3.156802416,180.871455185,0.000000000,-2.811573744,2.000000000,0.500000000,-2.872454882,-164.579541561,0.000000000,2.652687788,1.000000000,0.500000000,0.076104164,4.360447408,0.000000000,0.404521435,0.500000000,0.200000003,0.078423500,4.493335568,0.000000000,-0.000016204,0.000000000,0.100000001
2026-07-05 11:14:11.073,1783221251.073652744,127.007262934,1,1,126.992690867,1,0.007449593,5,1,0.006136463,5,1,0,1,0,0,1,1,1,0,1,0,-1.000000000,0.000000000,0.000000000,0.000000000,0,-1.000000000,0,0,0,,0,-1.000000000,,0,0,0.000000000,0.000000000,0,-1.000000000,0,,0,-1.000000000,,0,-1.000000000,0,,1,-0.028092002,-1.609553181,0.007326126,0.090353966,1,3.116747141,178.576456982,-0.002442360,-2.755556107,1,-2.872073412,-164.557684956,-0.002442360,2.646154404,1,0.078011513,4.469730434,0.007326126,0.398046494,1,0.078040123,4.471369680,-0.036628723,-0.003663063,-0.009018516,-0.516722914,0.000000000,-0.000000000,6.000000000,2.500000000,3.156802416,180.871455185,0.000000000,-2.811573744,2.000000000,0.500000000,-2.872454882,-164.579541561,0.000000000,2.652687788,1.000000000,0.500000000,0.076104164,4.360447408,0.000000000,0.404521435,0.500000000,0.200000003,0.078423500,4.493335568,0.000000000,-0.000016204,0.000000000,0.100000001
2026-07-05 11:14:12.073,1783221252.073622465,128.007232551,1,1,127.992660484,1,0.007588549,5,1,0.006048403,5,1,0,1,0,0,1,1,1,0,1,0,-1.000000000,0.000000000,0.000000000,0.000000000,0,-1.000000000,0,0,0,,0,-1.000000000,,0,0,0.000000000,0.000000000,0,-1.000000000,0,,0,-1.000000000,,0,-1.000000000,0,,1,-0.028092002,-1.609553181,-0.007326126,0.090353966,1,3.116747141,178.576456982,-0.002442360,-2.755556107,1,-2.872073412,-164.557684956,-0.002442360,2.632478714,1,0.078011513,4.469730434,-0.007326126,0.398046494,1,0.078040123,4.471369680,0.012210846,-0.003663063,-0.009018516,-0.516722914,0.000000000,-0.000000000,6.000000000,2.500000000,3.156802416,180.871455185,0.000000000,-2.811573744,2.000000000,0.500000000,-2.872454882,-164.579541561,0.000000000,2.652687788,1.000000000,0.500000000,0.076104164,4.360447408,0.000000000,0.404521435,0.500000000,0.200000003,0.078423500,4.493335568,0.000000000,-0.000016204,0.000000000,0.100000001
2026-07-05 11:14:13.073,1783221253.073663950,129.007274119,1,1,128.992702052,1,0.007821942,5,1,0.006363808,5,1,0,1,0,0,1,1,1,0,1,0,-1.000000000,0.000000000,0.000000000,0.000000000,0,-1.000000000,0,0,0,,0,-1.000000000,,0,0,0.000000000,0.000000000,0,-1.000000000,0,,0,-1.000000000,,0,-1.000000000,0,,1,-0.028092002,-1.609553181,0.007326126,0.090353966,1,3.116747141,178.576456982,-0.002442360,-2.755556107,1,-2.872073412,-164.557684956,-0.002442360,2.632478714,1,0.078011513,4.469730434,-0.007326126,0.398046494,1,0.078040123,4.471369680,-0.012210846,-0.003663063,-0.009018516,-0.516722914,0.000000000,-0.000000000,6.000000000,2.500000000,3.156802416,180.871455185,0.000000000,-2.811573744,2.000000000,0.500000000,-2.872454882,-164.579541561,0.000000000,2.652687788,1.000000000,0.500000000,0.076104164,4.360447408,0.000000000,0.404521435,0.500000000,0.200000003,0.078423500,4.493335568,0.000000000,-0.000016204,0.000000000,0.100000001
2026-07-05 11:14:14.073,1783221254.073782921,130.007393168,1,1,129.992821101,1,0.007564968,5,1,0.006471700,5,1,0,1,0,0,1,1,1,0,1,0,-1.000000000,0.000000000,0.000000000,0.000000000,0,-1.000000000,0,0,0,,0,-1.000000000,,0,0,0.000000000,0.000000000,0,-1.000000000,0,,0,-1.000000000,,0,-1.000000000,0,,1,-0.028092002,-1.609553181,-0.021978378,0.090353966,1,3.116747141,178.576456982,-0.002442360,-2.741880417,1,-2.872073412,-164.557684956,-0.002442360,2.646154404,1,0.078011513,4.469730434,0.007326126,0.398046494,1,0.078423500,4.493335568,-0.012210846,-0.003663063,-0.009018516,-0.516722914,0.000000000,-0.000000000,6.000000000,2.500000000,3.156802416,180.871455185,0.000000000,-2.811573744,2.000000000,0.500000000,-2.872454882,-164.579541561,0.000000000,2.652687788,1.000000000,0.500000000,0.076104164,4.360447408,0.000000000,0.404521435,0.500000000,0.200000003,0.078423500,4.493335568,0.000000000,-0.000016204,0.000000000,0.100000001
2026-07-05 11:14:15.073,1783221255.073637486,131.007247423,1,1,130.992675356,1,0.007336623,5,1,0.006335986,5,1,0,1,0,0,1,1,1,0,1,0,-1.000000000,0.000000000,0.000000000,0.000000000,0,-1.000000000,0,0,0,,0,-1.000000000,,0,0,0.000000000,0.000000000,0,-1.000000000,0,,0,-1.000000000,,0,-1.000000000,0,,1,-0.028092002,-1.609553181,-0.007326126,0.090353966,1,3.116747141,178.576456982,-0.002442360,-2.755556107,1,-2.872073412,-164.557684956,-0.002442360,2.632478714,1,0.078011513,4.469730434,-0.007326126,0.398046494,1,0.078040123,4.471369680,-0.061050415,-0.003663063,-0.009018516,-0.516722914,0.000000000,-0.000000000,6.000000000,2.500000000,3.156802416,180.871455185,0.000000000,-2.811573744,2.000000000,0.500000000,-2.872454882,-164.579541561,0.000000000,2.652687788,1.000000000,0.500000000,0.076104164,4.360447408,0.000000000,0.404521435,0.500000000,0.200000003,0.078423500,4.493335568,0.000000000,-0.000016204,0.000000000,0.100000001
2026-07-05 11:14:16.073,1783221256.073537111,132.007147022,1,1,131.992574955,1,0.007219603,5,1,0.006082747,5,1,0,1,0,0,1,1,1,0,1,0,-1.000000000,0.000000000,0.000000000,0.000000000,0,-1.000000000,0,0,0,,0,-1.000000000,,0,0,0.000000000,0.000000000,0,-1.000000000,0,,0,-1.000000000,,0,-1.000000000,0,,1,-0.028092002,-1.609553181,-0.007326126,0.090353966,1,3.116747141,178.576456982,-0.002442360,-2.755556107,1,-2.872073412,-164.557684956,-0.002442360,2.632478714,1,0.078011513,4.469730434,-0.007326126,0.398046494,1,0.078423500,4.493335568,-0.012210846,-0.003663063,-0.009018516,-0.516722914,0.000000000,-0.000000000,6.000000000,2.500000000,3.156802416,180.871455185,0.000000000,-2.811573744,2.000000000,0.500000000,-2.872454882,-164.579541561,0.000000000,2.652687788,1.000000000,0.500000000,0.076104164,4.360447408,0.000000000,0.404521435,0.500000000,0.200000003,0.078423500,4.493335568,0.000000000,-0.000016204,0.000000000,0.100000001
2026-07-05 11:14:17.073,1783221257.073552370,133.007162495,1,1,132.992590428,1,0.007916001,5,1,0.006355309,5,1,0,1,0,0,1,1,1,0,1,0,-1.000000000,0.000000000,0.000000000,0.000000000,0,-1.000000000,0,0,0,,0,-1.000000000,,0,0,0.000000000,0.000000000,0,-1.000000000,0,,0,-1.000000000,,0,-1.000000000,0,,1,-0.028092002,-1.609553181,-0.021978378,0.090353966,1,3.116747141,178.576456982,-0.002442360,-2.741880417,1,-2.872073412,-164.557684956,-0.002442360,2.632478714,1,0.078011513,4.469730434,-0.021978378,0.398046494,1,0.078040123,4.471369680,-0.012210846,-0.003663063,-0.009018516,-0.516722914,0.000000000,-0.000000000,6.000000000,2.500000000,3.156802416,180.871455185,0.000000000,-2.811573744,2.000000000,0.500000000,-2.872454882,-164.579541561,0.000000000,2.652687788,1.000000000,0.500000000,0.076104164,4.360447408,0.000000000,0.404521435,0.500000000,0.200000003,0.078423500,4.493335568,0.000000000,-0.000016204,0.000000000,0.100000001
2026-07-05 11:14:18.073,1783221258.073542356,134.007152585,1,1,133.992580518,1,0.008029011,5,1,0.006464187,5,1,0,1,0,0,1,1,1,0,1,0,-1.000000000,0.000000000,0.000000000,0.000000000,0,-1.000000000,0,0,0,,0,-1.000000000,,0,0,0.000000000,0.000000000,0,-1.000000000,0,,0,-1.000000000,,0,-1.000000000,0,,1,-0.028092002,-1.609553181,-0.007326126,0.090353966,1,3.116747141,178.576456982,-0.002442360,-2.769229889,1,-2.872073412,-164.557684956,-0.002442360,2.632478714,1,0.078011513,4.469730434,0.007326126,0.398046494,1,0.078040123,4.471369680,0.012210846,-0.003663063,-0.009018516,-0.516722914,0.000000000,-0.000000000,6.000000000,2.500000000,3.156802416,180.871455185,0.000000000,-2.811573744,2.000000000,0.500000000,-2.872454882,-164.579541561,0.000000000,2.652687788,1.000000000,0.500000000,0.076104164,4.360447408,0.000000000,0.404521435,0.500000000,0.200000003,0.078423500,4.493335568,0.000000000,-0.000016204,0.000000000,0.100000001
2026-07-05 11:14:19.073,1783221259.073531866,135.007142024,1,1,134.992569957,1,0.007933148,5,1,0.006422801,5,1,0,1,0,0,1,1,1,0,1,0,-1.000000000,0.000000000,0.000000000,0.000000000,0,-1.000000000,0,0,0,,0,-1.000000000,,0,0,0.000000000,0.000000000,0,-1.000000000,0,,0,-1.000000000,,0,-1.000000000,0,,1,-0.028092002,-1.609553181,-0.007326126,0.090353966,1,3.116747141,178.576456982,-0.002442360,-2.755556107,1,-2.872073412,-164.557684956,-0.002442360,2.632478714,1,0.078011513,4.469730434,0.007326126,0.398046494,1,0.078423500,4.493335568,-0.012210846,-0.003663063,-0.009018516,-0.516722914,0.000000000,-0.000000000,6.000000000,2.500000000,3.156802416,180.871455185,0.000000000,-2.811573744,2.000000000,0.500000000,-2.872454882,-164.579541561,0.000000000,2.652687788,1.000000000,0.500000000,0.076104164,4.360447408,0.000000000,0.404521435,0.500000000,0.200000003,0.078423500,4.493335568,0.000000000,-0.000016204,0.000000000,0.100000001
2026-07-05 11:14:20.073,1783221260.073462725,136.007072774,1,1,135.992500707,1,0.007721070,5,1,0.006308032,5,1,0,1,0,0,1,1,1,0,1,0,-1.000000000,0.000000000,0.000000000,0.000000000,0,-1.000000000,0,0,0,,0,-1.000000000,,0,0,0.000000000,0.000000000,0,-1.000000000,0,,0,-1.000000000,,0,-1.000000000,0,,1,-0.028092002,-1.609553181,-0.021978378,0.085470200,1,3.116747141,178.576456982,0.002442360,-2.755556107,1,-2.872073412,-164.557684956,-0.002442360,2.632478714,1,0.078011513,4.469730434,-0.007326126,0.398046494,1,0.078040123,4.471369680,0.012210846,-0.003663063,-0.009018516,-0.516722914,0.000000000,-0.000000000,6.000000000,2.500000000,3.156802416,180.871455185,0.000000000,-2.811573744,2.000000000,0.500000000,-2.872454882,-164.579541561,0.000000000,2.652687788,1.000000000,0.500000000,0.076104164,4.360447408,0.000000000,0.404521435,0.500000000,0.200000003,0.078423500,4.493335568,0.000000000,-0.000016204,0.000000000,0.100000001
2026-07-05 11:14:21.073,1783221261.073410988,137.007021136,1,1,136.992449069,1,0.007180363,5,1,0.006328833,5,1,0,1,0,0,1,1,1,0,1,0,-1.000000000,0.000000000,0.000000000,0.000000000,0,-1.000000000,0,0,0,,0,-1.000000000,,0,0,0.000000000,0.000000000,0,-1.000000000,0,,0,-1.000000000,,0,-1.000000000,0,,1,-0.028092002,-1.609553181,-0.007326126,0.085470200,1,3.116747141,178.576456982,-0.002442360,-2.755556107,1,-2.872073412,-164.557684956,-0.002442360,2.646154404,1,0.078011513,4.469730434,-0.007326126,0.398046494,1,0.078423500,4.493335568,0.012210846,-0.003663063,-0.009018516,-0.516722914,0.000000000,-0.000000000,6.000000000,2.500000000,3.156802416,180.871455185,0.000000000,-2.811573744,2.000000000,0.500000000,-2.872454882,-164.579541561,0.000000000,2.652687788,1.000000000,0.500000000,0.076104164,4.360447408,0.000000000,0.404521435,0.500000000,0.200000003,0.078423500,4.493335568,0.000000000,-0.000016204,0.000000000,0.100000001
2026-07-05 11:14:22.073,1783221262.073384762,138.006994887,1,1,137.992422820,1,0.007882467,5,1,0.006397808,5,1,0,1,0,0,1,1,1,0,1,0,-1.000000000,0.000000000,0.000000000,0.000000000,0,-1.000000000,0,0,0,,0,-1.000000000,,0,0,0.000000000,0.000000000,0,-1.000000000,0,,0,-1.000000000,,0,-1.000000000,0,,1,-0.028092002,-1.609553181,-0.021978378,0.090353966,1,3.116747141,178.576456982,-0.002442360,-2.755556107,1,-2.872073412,-164.557684956,-0.002442360,2.632478714,1,0.078011513,4.469730434,-0.007326126,0.398046494,1,0.078423500,4.493335568,-0.012210846,-0.003663063,-0.009018516,-0.516722914,0.000000000,-0.000000000,6.000000000,2.500000000,3.156802416,180.871455185,0.000000000,-2.811573744,2.000000000,0.500000000,-2.872454882,-164.579541561,0.000000000,2.652687788,1.000000000,0.500000000,0.076104164,4.360447408,0.000000000,0.404521435,0.500000000,0.200000003,0.078423500,4.493335568,0.000000000,-0.000016204,0.000000000,0.100000001
2026-07-05 11:14:23.073,1783221263.073335409,139.006945414,1,1,138.992373347,1,0.007835364,5,1,0.006383054,5,1,0,1,0,0,1,1,1,0,1,0,-1.000000000,0.000000000,0.000000000,0.000000000,0,-1.000000000,0,0,0,,0,-1.000000000,,0,0,0.000000000,0.000000000,0,-1.000000000,0,,0,-1.000000000,,0,-1.000000000,0,,1,-0.028092002,-1.609553181,-0.007326126,0.090353966,1,3.116747141,178.576456982,-0.002442360,-2.755556107,1,-2.872073412,-164.557684956,-0.002442360,2.646154404,1,0.078011513,4.469730434,-0.021978378,0.398046494,1,0.078040123,4.471369680,-0.036628723,-0.003663063,-0.009018516,-0.516722914,0.000000000,-0.000000000,6.000000000,2.500000000,3.156802416,180.871455185,0.000000000,-2.811573744,2.000000000,0.500000000,-2.872454882,-164.579541561,0.000000000,2.652687788,1.000000000,0.500000000,0.076104164,4.360447408,0.000000000,0.404521435,0.500000000,0.200000003,0.078423500,4.493335568,0.000000000,-0.000016204,0.000000000,0.100000001
2026-07-05 11:14:24.073,1783221264.073383570,140.006993881,1,1,139.992421814,1,0.008073356,5,1,0.006433909,5,1,0,1,0,0,1,1,1,0,1,0,-1.000000000,0.000000000,0.000000000,0.000000000,0,-1.000000000,0,0,0,,0,-1.000000000,,0,0,0.000000000,0.000000000,0,-1.000000000,0,,0,-1.000000000,,0,-1.000000000,0,,1,-0.028092002,-1.609553181,0.007326126,0.090353966,1,3.116747141,178.576456982,-0.002442360,-2.755556107,1,-2.872073412,-164.557684956,-0.002442360,2.646154404,1,0.078011513,4.469730434,-0.007326126,0.398046494,1,0.078423500,4.493335568,-0.036628723,-0.003663063,-0.009018516,-0.516722914,0.000000000,-0.000000000,6.000000000,2.500000000,3.156802416,180.871455185,0.000000000,-2.811573744,2.000000000,0.500000000,-2.872454882,-164.579541561,0.000000000,2.652687788,1.000000000,0.500000000,0.076104164,4.360447408,0.000000000,0.404521435,0.500000000,0.200000003,0.078423500,4.493335568,0.000000000,-0.000016204,0.000000000,0.100000001
2026-07-05 11:14:25.073,1783221265.073313475,141.006923676,1,1,140.992351609,1,0.007894477,5,1,0.006373557,5,1,0,1,0,0,1,1,1,0,1,0,-1.000000000,0.000000000,0.000000000,0.000000000,0,-1.000000000,0,0,0,,0,-1.000000000,,0,0,0.000000000,0.000000000,0,-1.000000000,0,,0,-1.000000000,,0,-1.000000000,0,,1,-0.028092002,-1.609553181,-0.007326126,0.090353966,1,3.116747141,178.576456982,-0.002442360,-2.755556107,1,-2.872073412,-164.557684956,0.002442360,2.646154404,1,0.078011513,4.469730434,-0.007326126,0.398046494,1,0.078040123,4.471369680,-0.036628723,-0.003663063,-0.009018516,-0.516722914,0.000000000,-0.000000000,6.000000000,2.500000000,3.156802416,180.871455185,0.000000000,-2.811573744,2.000000000,0.500000000,-2.872454882,-164.579541561,0.000000000,2.652687788,1.000000000,0.500000000,0.076104164,4.360447408,0.000000000,0.404521435,0.500000000,0.200000003,0.078423500,4.493335568,0.000000000,-0.000016204,0.000000000,0.100000001
2026-07-05 11:14:26.073,1783221266.073228598,142.006838652,1,1,141.992266585,1,0.007719405,5,1,0.006339435,5,1,0,1,0,0,1,1,1,0,1,0,-1.000000000,0.000000000,0.000000000,0.000000000,0,-1.000000000,0,0,0,,0,-1.000000000,,0,0,0.000000000,0.000000000,0,-1.000000000,0,,0,-1.000000000,,0,-1.000000000,0,,1,-0.028092002,-1.609553181,-0.007326126,0.095237732,1,3.116365671,178.554600377,-0.002442360,-2.755556107,1,-2.872073412,-164.557684956,-0.007326126,2.632478714,1,0.078011513,4.469730434,-0.007326126,0.398046494,1,0.078423500,4.493335568,-0.012210846,-0.003663063,-0.009018516,-0.516722914,0.000000000,-0.000000000,6.000000000,2.500000000,3.156802416,180.871455185,0.000000000,-2.811573744,2.000000000,0.500000000,-2.872454882,-164.579541561,0.000000000,2.652687788,1.000000000,0.500000000,0.076104164,4.360447408,0.000000000,0.404521435,0.500000000,0.200000003,0.078423500,4.493335568,0.000000000,-0.000016204,0.000000000,0.100000001
2026-07-05 11:14:27.073,1783221267.073236227,143.006846353,1,1,142.992274286,1,0.007945330,5,1,0.006338882,5,1,0,1,0,0,1,1,1,0,1,0,-1.000000000,0.000000000,0.000000000,0.000000000,0,-1.000000000,0,0,0,,0,-1.000000000,,0,0,0.000000000,0.000000000,0,-1.000000000,0,,0,-1.000000000,,0,-1.000000000,0,,1,-0.028092002,-1.609553181,-0.007326126,0.090353966,1,3.116747141,178.576456982,-0.002442360,-2.755556107,1,-2.872073412,-164.557684956,-0.002442360,2.632478714,1,0.078011513,4.469730434,-0.021978378,0.398046494,1,0.078040123,4.471369680,-0.036628723,-0.003663063,-0.009018516,-0.516722914,0.000000000,-0.000000000,6.000000000,2.500000000,3.156802416,180.871455185,0.000000000,-2.811573744,2.000000000,0.500000000,-2.872454882,-164.579541561,0.000000000,2.652687788,1.000000000,0.500000000,0.076104164,4.360447408,0.000000000,0.404521435,0.500000000,0.200000003,0.078423500,4.493335568,0.000000000,-0.000016204,0.000000000,0.100000001
2026-07-05 11:14:28.073,1783221268.073190689,144.006800716,1,1,143.992228649,1,0.007767674,5,1,0.006261271,5,1,0,1,0,0,1,1,1,0,1,0,-1.000000000,0.000000000,0.000000000,0.000000000,0,-1.000000000,0,0,0,,0,-1.000000000,,0,0,0.000000000,0.000000000,0,-1.000000000,0,,0,-1.000000000,,0,-1.000000000,0,,1,-0.028092002,-1.609553181,0.007326126,0.090353966,1,3.116747141,178.576456982,0.002442360,-2.755556107,1,-2.872073412,-164.557684956,0.002442360,2.632478714,1,0.078011513,4.469730434,-0.007326126,0.398046494,1,0.078423500,4.493335568,-0.036628723,-0.003663063,-0.009018516,-0.516722914,0.000000000,-0.000000000,6.000000000,2.500000000,3.156802416,180.871455185,0.000000000,-2.811573744,2.000000000,0.500000000,-2.872454882,-164.579541561,0.000000000,2.652687788,1.000000000,0.500000000,0.076104164,4.360447408,0.000000000,0.404521435,0.500000000,0.200000003,0.078423500,4.493335568,0.000000000,-0.000016204,0.000000000,0.100000001
2026-07-05 11:14:29.073,1783221269.073184729,145.006794992,1,1,144.992222925,1,0.007249907,5,1,0.006330721,5,1,0,1,0,0,1,1,1,0,1,0,-1.000000000,0.000000000,0.000000000,0.000000000,0,-1.000000000,0,0,0,,0,-1.000000000,,0,0,0.000000000,0.000000000,0,-1.000000000,0,,0,-1.000000000,,0,-1.000000000,0,,1,-0.028092002,-1.609553181,-0.007326126,0.090353966,1,3.116747141,178.576456982,-0.002442360,-2.755556107,1,-2.872073412,-164.557684956,-0.002442360,2.632478714,1,0.078011513,4.469730434,-0.007326126,0.398046494,1,0.078040123,4.471369680,-0.061050415,-0.003663063,-0.009018516,-0.516722914,0.000000000,-0.000000000,6.000000000,2.500000000,3.156802416,180.871455185,0.000000000,-2.811573744,2.000000000,0.500000000,-2.872454882,-164.579541561,0.000000000,2.652687788,1.000000000,0.500000000,0.076104164,4.360447408,0.000000000,0.404521435,0.500000000,0.200000003,0.078423500,4.493335568,0.000000000,-0.000016204,0.000000000,0.100000001
2026-07-05 11:14:30.073,1783221270.073148966,146.006759025,1,1,145.992186958,1,0.007734543,5,1,0.006308322,5,1,0,1,0,0,1,1,1,0,1,0,-1.000000000,0.000000000,0.000000000,0.000000000,0,-1.000000000,0,0,0,,0,-1.000000000,,0,0,0.000000000,0.000000000,0,-1.000000000,0,,0,-1.000000000,,0,-1.000000000,0,,1,-0.028092002,-1.609553181,0.007326126,0.090353966,1,3.116747141,178.576456982,-0.002442360,-2.755556107,1,-2.872073412,-164.557684956,-0.002442360,2.632478714,1,0.078011513,4.469730434,-0.007326126,0.398046494,1,0.078423500,4.493335568,-0.012210846,-0.003663063,-0.009018516,-0.516722914,0.000000000,-0.000000000,6.000000000,2.500000000,3.156802416,180.871455185,0.000000000,-2.811573744,2.000000000,0.500000000,-2.872454882,-164.579541561,0.000000000,2.652687788,1.000000000,0.500000000,0.076104164,4.360447408,0.000000000,0.404521435,0.500000000,0.200000003,0.078423500,4.493335568,0.000000000,-0.000016204,0.000000000,0.100000001
2026-07-05 11:14:31.073,1783221271.073167801,147.006777917,1,1,146.992205850,1,0.007880191,5,1,0.006326525,5,1,0,1,0,0,1,1,1,0,1,0,-1.000000000,0.000000000,0.000000000,0.000000000,0,-1.000000000,0,0,0,,0,-1.000000000,,0,0,0.000000000,0.000000000,0,-1.000000000,0,,0,-1.000000000,,0,-1.000000000,0,,1,-0.028092002,-1.609553181,-0.007326126,0.090353966,1,3.116747141,178.576456982,-0.002442360,-2.755556107,1,-2.872073412,-164.557684956,-0.002442360,2.646154404,1,0.078011513,4.469730434,-0.007326126,0.398046494,1,0.078040123,4.471369680,-0.012210846,-0.003663063,-0.009018516,-0.516722914,0.000000000,-0.000000000,6.000000000,2.500000000,3.156802416,180.871455185,0.000000000,-2.811573744,2.000000000,0.500000000,-2.872454882,-164.579541561,0.000000000,2.652687788,1.000000000,0.500000000,0.076104164,4.360447408,0.000000000,0.404521435,0.500000000,0.200000003,0.078423500,4.493335568,0.000000000,-0.000016204,0.000000000,0.100000001
2026-07-05 11:14:32.073,1783221272.073118687,148.006728922,1,1,147.992156855,1,0.007722367,5,1,0.006275137,5,1,0,1,0,0,1,1,1,0,1,0,-1.000000000,0.000000000,0.000000000,0.000000000,0,-1.000000000,0,0,0,,0,-1.000000000,,0,0,0.000000000,0.000000000,0,-1.000000000,0,,0,-1.000000000,,0,-1.000000000,0,,1,-0.028092002,-1.609553181,-0.021978378,0.090353966,1,3.116747141,178.576456982,-0.002442360,-2.755556107,1,-2.872073412,-164.557684956,-0.007326126,2.632478714,1,0.078011513,4.469730434,-0.007326126,0.398046494,1,0.078040123,4.471369680,-0.036628723,-0.003663063,-0.009018516,-0.516722914,0.000000000,-0.000000000,6.000000000,2.500000000,3.156802416,180.871455185,0.000000000,-2.811573744,2.000000000,0.500000000,-2.872454882,-164.579541561,0.000000000,2.652687788,1.000000000,0.500000000,0.076104164,4.360447408,0.000000000,0.404521435,0.500000000,0.200000003,0.078423500,4.493335568,0.000000000,-0.000016204,0.000000000,0.100000001
2026-07-05 11:14:33.073,1783221273.073070049,149.006680075,1,1,148.992108008,1,0.007906988,5,1,0.006315520,5,1,0,1,0,0,1,1,1,0,1,0,-1.000000000,0.000000000,0.000000000,0.000000000,0,-1.000000000,0,0,0,,0,-1.000000000,,0,0,0.000000000,0.000000000,0,-1.000000000,0,,0,-1.000000000,,0,-1.000000000,0,,1,-0.028092002,-1.609553181,-0.007326126,0.090353966,1,3.116747141,178.576456982,-0.002442360,-2.755556107,1,-2.872073412,-164.557684956,-0.002442360,2.632478714,1,0.078011513,4.469730434,-0.007326126,0.398046494,1,0.078040123,4.471369680,-0.012210846,-0.003663063,-0.009018516,-0.516722914,0.000000000,-0.000000000,6.000000000,2.500000000,3.156802416,180.871455185,0.000000000,-2.811573744,2.000000000,0.500000000,-2.872454882,-164.579541561,0.000000000,2.652687788,1.000000000,0.500000000,0.076104164,4.360447408,0.000000000,0.404521435,0.500000000,0.200000003,0.078423500,4.493335568,0.000000000,-0.000016204,0.000000000,0.100000001
2026-07-05 11:14:34.073,1783221274.073187828,150.006797892,1,1,149.992225825,1,0.008071583,5,1,0.006438516,5,1,0,1,0,0,1,1,1,0,1,0,-1.000000000,0.000000000,0.000000000,0.000000000,0,-1.000000000,0,0,0,,0,-1.000000000,,0,0,0.000000000,0.000000000,0,-1.000000000,0,,0,-1.000000000,,0,-1.000000000,0,,1,-0.028092002,-1.609553181,-0.007326126,0.090353966,1,3.116747141,178.576456982,-0.002442360,-2.741880417,1,-2.872073412,-164.557684956,-0.002442360,2.646154404,1,0.078011513,4.469730434,-0.021978378,0.398046494,1,0.078040123,4.471369680,-0.012210846,-0.003663063,-0.009018516,-0.516722914,0.000000000,-0.000000000,6.000000000,2.500000000,3.156802416,180.871455185,0.000000000,-2.811573744,2.000000000,0.500000000,-2.872454882,-164.579541561,0.000000000,2.652687788,1.000000000,0.500000000,0.076104164,4.360447408,0.000000000,0.404521435,0.500000000,0.200000003,0.078423500,4.493335568,0.000000000,-0.000016204,0.000000000,0.100000001
2026-07-05 11:14:35.073,1783221275.073067188,151.006677353,1,1,150.992105286,1,0.007789957,5,1,0.006398187,5,1,0,1,0,0,1,1,1,0,1,0,-1.000000000,0.000000000,0.000000000,0.000000000,0,-1.000000000,0,0,0,,0,-1.000000000,,0,0,0.000000000,0.000000000,0,-1.000000000,0,,0,-1.000000000,,0,-1.000000000,0,,1,-0.028092002,-1.609553181,-0.007326126,0.090353966,1,3.116747141,178.576456982,-0.002442360,-2.741880417,1,-2.872073412,-164.557684956,-0.002442360,2.632478714,1,0.078011513,4.469730434,-0.007326126,0.398046494,1,0.078040123,4.471369680,-0.012210846,-0.003663063,-0.009018516,-0.516722914,0.000000000,-0.000000000,6.000000000,2.500000000,3.156802416,180.871455185,0.000000000,-2.811573744,2.000000000,0.500000000,-2.872454882,-164.579541561,0.000000000,2.652687788,1.000000000,0.500000000,0.076104164,4.360447408,0.000000000,0.404521435,0.500000000,0.200000003,0.078423500,4.493335568,0.000000000,-0.000016204,0.000000000,0.100000001
2026-07-05 11:14:36.073,1783221276.072946787,152.006556865,1,1,151.991984798,1,0.008277466,5,1,0.006445751,5,1,0,1,0,0,1,1,1,0,1,0,-1.000000000,0.000000000,0.000000000,0.000000000,0,-1.000000000,0,0,0,,0,-1.000000000,,0,0,0.000000000,0.000000000,0,-1.000000000,0,,0,-1.000000000,,0,-1.000000000,0,,1,-0.026566124,-1.522126760,-0.021978378,0.080586433,1,3.116365671,178.554600377,-0.002442360,-2.755556107,1,-2.872073412,-164.557684956,-0.002442360,2.646154404,1,0.078392982,4.491587040,-0.007326126,0.398046494,1,0.078040123,4.471369680,-0.012210846,-0.003663063,-0.009018516,-0.516722914,0.000000000,-0.000000000,6.000000000,2.500000000,3.156802416,180.871455185,0.000000000,-2.811573744,2.000000000,0.500000000,-2.872454882,-164.579541561,0.000000000,2.652687788,1.000000000,0.500000000,0.076104164,4.360447408,0.000000000,0.404521435,0.500000000,0.200000003,0.078423500,4.493335568,0.000000000,-0.000016204,0.000000000,0.100000001
2026-07-05 11:14:37.073,1783221277.072945118,153.006555309,1,1,152.991983242,1,0.007934741,5,1,0.006405575,5,1,0,1,0,0,1,1,1,0,1,0,-1.000000000,0.000000000,0.000000000,0.000000000,0,-1.000000000,0,0,0,,0,-1.000000000,,0,0,0.000000000,0.000000000,0,-1.000000000,0,,0,-1.000000000,,0,-1.000000000,0,,1,-0.027329063,-1.565839970,-0.036630630,0.085470200,1,3.116365671,178.554600377,-0.002442360,-2.755556107,1,-2.872073412,-164.557684956,0.002442360,2.632478714,1,0.078392982,4.491587040,-0.021978378,0.398046494,1,0.078423500,4.493335568,-0.036628723,-0.003663063,-0.009018516,-0.516722914,0.000000000,-0.000000000,6.000000000,2.500000000,3.156802416,180.871455185,0.000000000,-2.811573744,2.000000000,0.500000000,-2.872454882,-164.579541561,0.000000000,2.652687788,1.000000000,0.500000000,0.076104164,4.360447408,0.000000000,0.404521435,0.500000000,0.200000003,0.078423500,4.493335568,0.000000000,-0.000016204,0.000000000,0.100000001
2026-07-05 11:14:38.073,1783221278.072934628,154.006544760,1,1,153.991972693,1,0.007920387,5,1,0.006034775,5,1,0,1,0,0,1,1,1,0,1,0,-1.000000000,0.000000000,0.000000000,0.000000000,0,-1.000000000,0,0,0,,0,-1.000000000,,0,0,0.000000000,0.000000000,0,-1.000000000,0,,0,-1.000000000,,0,-1.000000000,0,,0,-0.027329063,-1.565839970,-0.007326126,0.095237732,0,3.116365671,178.554600377,-0.002442360,-2.755556107,0,-2.872073412,-164.557684956,-0.002442360,2.632478714,0,0.078392982,4.491587040,-0.007326126,0.398046494,0,0.078040123,4.471369680,-0.036628723,-0.003663063,-0.009018516,-0.516722914,0.000000000,-0.000000000,6.000000000,2.500000000,3.156802416,180.871455185,0.000000000,-2.811573744,2.000000000,0.500000000,-2.872454882,-164.579541561,0.000000000,2.652687788,1.000000000,0.500000000,0.076104164,4.360447408,0.000000000,0.404521435,0.500000000,0.200000003,0.078423500,4.493335568,0.000000000,-0.000016204,0.000000000,0.100000001
2026-07-05 11:14:39.073,1783221279.073222637,155.006832720,1,1,154.992260653,1,0.008350956,5,1,0.006630975,5,1,0,1,0,0,1,1,1,0,1,0,-1.000000000,0.000000000,0.000000000,0.000000000,0,-1.000000000,0,0,0,,0,-1.000000000,,0,0,0.000000000,0.000000000,0,-1.000000000,0,,0,-1.000000000,,0,-1.000000000,0,,1,-0.027329063,-1.565839970,-0.021978378,0.085470200,1,3.116365671,178.554600377,-0.002442360,-2.755556107,1,-2.872073412,-164.557684956,-0.002442360,2.646154404,1,0.078392982,4.491587040,0.007326126,0.398046494,1,0.078040123,4.471369680,-0.036628723,-0.003663063,-0.009018516,-0.516722914,0.000000000,-0.000000000,6.000000000,2.500000000,3.156802416,180.871455185,0.000000000,-2.811573744,2.000000000,0.500000000,-2.872454882,-164.579541561,0.000000000,2.652687788,1.000000000,0.500000000,0.076104164,4.360447408,0.000000000,0.404521435,0.500000000,0.200000003,0.078423500,4.493335568,0.000000000,-0.000016204,0.000000000,0.100000001
2026-07-05 11:14:40.072,1783221280.072894812,156.006504768,1,1,155.991932701,1,0.007433926,5,1,0.006340092,5,1,0,1,0,0,1,1,1,0,1,0,-1.000000000,0.000000000,0.000000000,0.000000000,0,-1.000000000,0,0,0,,0,-1.000000000,,0,0,0.000000000,0.000000000,0,-1.000000000,0,,0,-1.000000000,,0,-1.000000000,0,,1,-0.027710533,-1.587696576,-0.007326126,0.090353966,1,3.116365671,178.554600377,-0.002442360,-2.755556107,1,-2.872073412,-164.557684956,-0.002442360,2.632478714,1,0.078392982,4.491587040,-0.021978378,0.398046494,1,0.078423500,4.493335568,-0.012210846,-0.003663063,-0.009018516,-0.516722914,0.000000000,-0.000000000,6.000000000,2.500000000,3.156802416,180.871455185,0.000000000,-2.811573744,2.000000000,0.500000000,-2.872454882,-164.579541561,0.000000000,2.652687788,1.000000000,0.500000000,0.076104164,4.360447408,0.000000000,0.404521435,0.500000000,0.200000003,0.078423500,4.493335568,0.000000000,-0.000016204,0.000000000,0.100000001
2026-07-05 11:14:41.072,1783221281.072917461,157.006527510,1,1,156.991955443,1,0.008008572,5,1,0.006386427,5,1,0,1,0,0,1,1,1,0,1,0,-1.000000000,0.000000000,0.000000000,0.000000000,0,-1.000000000,0,0,0,,0,-1.000000000,,0,0,0.000000000,0.000000000,0,-1.000000000,0,,0,-1.000000000,,0,-1.000000000,0,,1,-0.027329063,-1.565839970,-0.007326126,0.080586433,1,3.116365671,178.554600377,-0.002442360,-2.755556107,1,-2.872073412,-164.557684956,-0.007326126,2.632478714,1,0.078392982,4.491587040,-0.007326126,0.398046494,1,0.078040123,4.471369680,-0.012210846,-0.003663063,-0.009018516,-0.516722914,0.000000000,-0.000000000,6.000000000,2.500000000,3.156802416,180.871455185,0.000000000,-2.811573744,2.000000000,0.500000000,-2.872454882,-164.579541561,0.000000000,2.652687788,1.000000000,0.500000000,0.076104164,4.360447408,0.000000000,0.404521435,0.500000000,0.200000003,0.078423500,4.493335568,0.000000000,-0.000016204,0.000000000,0.100000001
2026-07-05 11:14:42.072,1783221282.072898149,158.006508239,1,1,157.991936172,1,0.007303480,5,1,0.006391937,5,1,0,1,0,0,1,1,1,0,1,0,-1.000000000,0.000000000,0.000000000,0.000000000,0,-1.000000000,0,0,0,,0,-1.000000000,,0,0,0.000000000,0.000000000,0,-1.000000000,0,,0,-1.000000000,,0,-1.000000000,0,,1,-0.027329063,-1.565839970,-0.007326126,0.095237732,1,3.116365671,178.554600377,-0.002442360,-2.741880417,1,-2.872073412,-164.557684956,-0.002442360,2.632478714,1,0.078392982,4.491587040,-0.007326126,0.398046494,1,0.078423500,4.493335568,-0.036628723,-0.003663063,-0.009018516,-0.516722914,0.000000000,-0.000000000,6.000000000,2.500000000,3.156802416,180.871455185,0.000000000,-2.811573744,2.000000000,0.500000000,-2.872454882,-164.579541561,0.000000000,2.652687788,1.000000000,0.500000000,0.076104164,4.360447408,0.000000000,0.404521435,0.500000000,0.200000003,0.078423500,4.493335568,0.000000000,-0.000016204,0.000000000,0.100000001
2026-07-05 11:14:43.072,1783221283.072794437,159.006404387,1,1,158.991832320,1,0.007562336,5,1,0.006224926,5,1,0,1,0,0,1,1,1,0,1,0,-1.000000000,0.000000000,0.000000000,0.000000000,0,-1.000000000,0,0,0,,0,-1.000000000,,0,0,0.000000000,0.000000000,0,-1.000000000,0,,0,-1.000000000,,0,-1.000000000,0,,1,-0.027329063,-1.565839970,-0.007326126,0.085470200,1,3.116365671,178.554600377,-0.002442360,-2.755556107,1,-2.872073412,-164.557684956,-0.002442360,2.632478714,1,0.078392982,4.491587040,0.007326126,0.398046494,1,0.078040123,4.471369680,-0.012210846,-0.003663063,-0.009018516,-0.516722914,0.000000000,-0.000000000,6.000000000,2.500000000,3.156802416,180.871455185,0.000000000,-2.811573744,2.000000000,0.500000000,-2.872454882,-164.579541561,0.000000000,2.652687788,1.000000000,0.500000000,0.076104164,4.360447408,0.000000000,0.404521435,0.500000000,0.200000003,0.078423500,4.493335568,0.000000000,-0.000016204,0.000000000,0.100000001
2026-07-05 11:14:44.072,1783221284.072736263,160.006346247,1,1,159.991774180,1,0.007777384,5,1,0.006374799,5,1,0,1,0,0,1,1,1,0,1,0,-1.000000000,0.000000000,0.000000000,0.000000000,0,-1.000000000,0,0,0,,0,-1.000000000,,0,0,0.000000000,0.000000000,0,-1.000000000,0,,0,-1.000000000,,0,-1.000000000,0,,1,-0.027329063,-1.565839970,0.007326126,0.085470200,1,3.116365671,178.554600377,-0.002442360,-2.755556107,1,-2.872073412,-164.557684956,-0.002442360,2.632478714,1,0.078392982,4.491587040,-0.021978378,0.398046494,1,0.078040123,4.471369680,0.012210846,-0.003663063,-0.009018516,-0.516722914,0.000000000,-0.000000000,6.000000000,2.500000000,3.156802416,180.871455185,0.000000000,-2.811573744,2.000000000,0.500000000,-2.872454882,-164.579541561,0.000000000,2.652687788,1.000000000,0.500000000,0.076104164,4.360447408,0.000000000,0.404521435,0.500000000,0.200000003,0.078423500,4.493335568,0.000000000,-0.000016204,0.000000000,0.100000001
2026-07-05 11:14:45.072,1783221285.072697401,161.006307438,1,1,160.991735371,1,0.008238433,5,1,0.006459423,5,1,0,1,0,0,1,1,1,0,1,0,-1.000000000,0.000000000,0.000000000,0.000000000,0,-1.000000000,0,0,0,,0,-1.000000000,,0,0,0.000000000,0.000000000,0,-1.000000000,0,,0,-1.000000000,,0,-1.000000000,0,,1,-0.027710533,-1.587696576,-0.021978378,0.070817947,1,3.116365671,178.554600377,-0.002442360,-2.755556107,1,-2.872073412,-164.557684956,-0.002442360,2.646154404,1,0.078392982,4.491587040,-0.007326126,0.398046494,1,0.078423500,4.493335568,-0.012210846,-0.003663063,-0.009018516,-0.516722914,0.000000000,-0.000000000,6.000000000,2.500000000,3.156802416,180.871455185,0.000000000,-2.811573744,2.000000000,0.500000000,-2.872454882,-164.579541561,0.000000000,2.652687788,1.000000000,0.500000000,0.076104164,4.360447408,0.000000000,0.404521435,0.500000000,0.200000003,0.078423500,4.493335568,0.000000000,-0.000016204,0.000000000,0.100000001
2026-07-05 11:14:46.072,1783221286.072689772,162.006299822,1,1,161.991727755,1,0.007793442,5,1,0.006381560,5,1,0,1,0,0,1,1,1,0,1,0,-1.000000000,0.000000000,0.000000000,0.000000000,0,-1.000000000,0,0,0,,0,-1.000000000,,0,0,0.000000000,0.000000000,0,-1.000000000,0,,0,-1.000000000,,0,-1.000000000,0,,1,-0.027710533,-1.587696576,-0.021978378,0.085470200,1,3.116365671,178.554600377,-0.002442360,-2.755556107,1,-2.872073412,-164.557684956,-0.002442360,2.632478714,1,0.078392982,4.491587040,-0.007326126,0.398046494,1,0.078040123,4.471369680,-0.036628723,-0.003663063,-0.009018516,-0.516722914,0.000000000,-0.000000000,6.000000000,2.500000000,3.156802416,180.871455185,0.000000000,-2.811573744,2.000000000,0.500000000,-2.872454882,-164.579541561,0.000000000,2.652687788,1.000000000,0.500000000,0.076104164,4.360447408,0.000000000,0.404521435,0.500000000,0.200000003,0.078423500,4.493335568,0.000000000,-0.000016204,0.000000000,0.100000001
2026-07-05 11:14:47.072,1783221287.072647095,163.006257375,1,1,162.991685308,1,0.008243313,5,1,0.006413464,5,1,0,1,0,0,1,1,1,0,1,0,-1.000000000,0.000000000,0.000000000,0.000000000,0,-1.000000000,0,0,0,,0,-1.000000000,,0,0,0.000000000,0.000000000,0,-1.000000000,0,,0,-1.000000000,,0,-1.000000000,0,,1,-0.027329063,-1.565839970,-0.007326126,0.085470200,1,3.116365671,178.554600377,0.002442360,-2.755556107,1,-2.872073412,-164.557684956,-0.002442360,2.632478714,1,0.078392982,4.491587040,0.007326126,0.398046494,1,0.078040123,4.471369680,-0.012210846,-0.003663063,-0.009018516,-0.516722914,0.000000000,-0.000000000,6.000000000,2.500000000,3.156802416,180.871455185,0.000000000,-2.811573744,2.000000000,0.500000000,-2.872454882,-164.579541561,0.000000000,2.652687788,1.000000000,0.500000000,0.076104164,4.360447408,0.000000000,0.404521435,0.500000000,0.200000003,0.078423500,4.493335568,0.000000000,-0.000016204,0.000000000,0.100000001
2026-07-05 11:14:48.072,1783221288.072730303,164.006340562,1,1,163.991768495,1,0.007560919,5,1,0.006408303,5,1,0,1,0,0,1,1,1,0,1,0,-1.000000000,0.000000000,0.000000000,0.000000000,0,-1.000000000,0,0,0,,0,-1.000000000,,0,0,0.000000000,0.000000000,0,-1.000000000,0,,0,-1.000000000,,0,-1.000000000,0,,1,-0.027710533,-1.587696576,0.007326126,0.095237732,1,3.116365671,178.554600377,-0.002442360,-2.755556107,1,-2.872073412,-164.557684956,-0.002442360,2.632478714,1,0.078392982,4.491587040,-0.007326126,0.398046494,1,0.078040123,4.471369680,-0.012210846,-0.003663063,-0.009018516,-0.516722914,0.000000000,-0.000000000,6.000000000,2.500000000,3.156802416,180.871455185,0.000000000,-2.811573744,2.000000000,0.500000000,-2.872454882,-164.579541561,0.000000000,2.652687788,1.000000000,0.500000000,0.076104164,4.360447408,0.000000000,0.404521435,0.500000000,0.200000003,0.078423500,4.493335568,0.000000000,-0.000016204,0.000000000,0.100000001
2026-07-05 11:14:49.072,1783221289.072596073,165.006206097,1,1,164.991634030,1,0.007805177,5,1,0.006376258,5,1,0,1,0,0,1,1,1,0,1,0,-1.000000000,0.000000000,0.000000000,0.000000000,0,-1.000000000,0,0,0,,0,-1.000000000,,0,0,0.000000000,0.000000000,0,-1.000000000,0,,0,-1.000000000,,0,-1.000000000,0,,1,-0.027329063,-1.565839970,0.007326126,0.090353966,1,3.116365671,178.554600377,-0.002442360,-2.741880417,1,-2.872073412,-164.557684956,-0.002442360,2.646154404,1,0.078392982,4.491587040,-0.007326126,0.398046494,1,0.078423500,4.493335568,0.012210846,-0.003663063,-0.009018516,-0.516722914,0.000000000,-0.000000000,6.000000000,2.500000000,3.156802416,180.871455185,0.000000000,-2.811573744,2.000000000,0.500000000,-2.872454882,-164.579541561,0.000000000,2.652687788,1.000000000,0.500000000,0.076104164,4.360447408,0.000000000,0.404521435,0.500000000,0.200000003,0.078423500,4.493335568,0.000000000,-0.000016204,0.000000000,0.100000001
2026-07-05 11:14:50.072,1783221290.072583675,166.006193837,1,1,165.991621770,1,0.007963942,5,1,0.006298374,5,1,0,1,0,0,1,1,1,0,1,0,-1.000000000,0.000000000,0.000000000,0.000000000,0,-1.000000000,0,0,0,,0,-1.000000000,,0,0,0.000000000,0.000000000,0,-1.000000000,0,,0,-1.000000000,,0,-1.000000000,0,,1,-0.027329063,-1.565839970,-0.021978378,0.085470200,1,3.116365671,178.554600377,-0.002442360,-2.755556107,1,-2.872073412,-164.557684956,0.002442360,2.632478714,1,0.078392982,4.491587040,0.007326126,0.398046494,1,0.078040123,4.471369680,-0.061050415,-0.003663063,-0.009018516,-0.516722914,0.000000000,-0.000000000,6.000000000,2.500000000,3.156802416,180.871455185,0.000000000,-2.811573744,2.000000000,0.500000000,-2.872454882,-164.579541561,0.000000000,2.652687788,1.000000000,0.500000000,0.076104164,4.360447408,0.000000000,0.404521435,0.500000000,0.200000003,0.078423500,4.493335568,0.000000000,-0.000016204,0.000000000,0.100000001
2026-07-05 11:14:51.072,1783221291.072534323,167.006144429,1,1,166.991572362,1,0.008271886,5,1,0.006352969,5,1,0,1,0,0,1,1,1,0,1,0,-1.000000000,0.000000000,0.000000000,0.000000000,0,-1.000000000,0,0,0,,0,-1.000000000,,0,0,0.000000000,0.000000000,0,-1.000000000,0,,0,-1.000000000,,0,-1.000000000,0,,1,-0.027710533,-1.587696576,-0.007326126,0.085470200,1,3.116365671,178.554600377,-0.007326126,-2.755556107,1,-2.872073412,-164.557684956,-0.002442360,2.646154404,1,0.078392982,4.491587040,-0.021978378,0.398046494,1,0.078040123,4.471369680,-0.012210846,-0.003663063,-0.009018516,-0.516722914,0.000000000,-0.000000000,6.000000000,2.500000000,3.156802416,180.871455185,0.000000000,-2.811573744,2.000000000,0.500000000,-2.872454882,-164.579541561,0.000000000,2.652687788,1.000000000,0.500000000,0.076104164,4.360447408,0.000000000,0.404521435,0.500000000,0.200000003,0.078423500,4.493335568,0.000000000,-0.000016204,0.000000000,0.100000001
2026-07-05 11:14:52.072,1783221292.072698832,168.006309054,1,1,167.991736987,1,0.006190933,5,1,0.006089833,5,1,0,1,0,0,1,1,1,0,1,0,-1.000000000,0.000000000,0.000000000,0.000000000,0,-1.000000000,0,0,0,,0,-1.000000000,,0,0,0.000000000,0.000000000,0,-1.000000000,0,,0,-1.000000000,,0,-1.000000000,0,,1,-0.027710533,-1.587696576,-0.021978378,0.080586433,1,3.116365671,178.554600377,-0.002442360,-2.755556107,1,-2.872073412,-164.557684956,-0.002442360,2.632478714,1,0.078392982,4.491587040,-0.007326126,0.398046494,1,0.078040123,4.471369680,-0.036628723,-0.003663063,-0.009018516,-0.516722914,0.000000000,-0.000000000,6.000000000,2.500000000,3.156802416,180.871455185,0.000000000,-2.811573744,2.000000000,0.500000000,-2.872454882,-164.579541561,0.000000000,2.652687788,1.000000000,0.500000000,0.076104164,4.360447408,0.000000000,0.404521435,0.500000000,0.200000003,0.078423500,4.493335568,0.000000000,-0.000016204,0.000000000,0.100000001
2026-07-05 11:14:53.072,1783221293.072502375,169.006112478,1,1,168.991540411,1,0.008079487,5,1,0.006422976,5,1,0,1,0,0,1,1,1,0,1,0,-1.000000000,0.000000000,0.000000000,0.000000000,0,-1.000000000,0,0,0,,0,-1.000000000,,0,0,0.000000000,0.000000000,0,-1.000000000,0,,0,-1.000000000,,0,-1.000000000,0,,1,-0.027710533,-1.587696576,-0.007326126,0.095237732,1,3.116365671,178.554600377,-0.002442360,-2.755556107,1,-2.872073412,-164.557684956,-0.002442360,2.632478714,1,0.078011513,4.469730434,-0.021978378,-0.007326126,1,0.078423500,4.493335568,-0.012210846,-0.003663063,-0.009018516,-0.516722914,0.000000000,-0.000000000,6.000000000,2.500000000,3.156802416,180.871455185,0.000000000,-2.811573744,2.000000000,0.500000000,-2.872454882,-164.579541561,0.000000000,2.652687788,1.000000000,0.500000000,0.076104164,4.360447408,0.000000000,0.404521435,0.500000000,0.200000003,0.078423500,4.493335568,0.000000000,-0.000016204,0.000000000,0.100000001
2026-07-05 11:14:54.072,1783221294.072518349,170.006128484,1,1,169.991556417,1,0.008112513,5,1,0.006354730,5,1,0,1,0,0,1,1,1,0,1,0,-1.000000000,0.000000000,0.000000000,0.000000000,0,-1.000000000,0,0,0,,0,-1.000000000,,0,0,0.000000000,0.000000000,0,-1.000000000,0,,0,-1.000000000,,0,-1.000000000,0,,1,-0.027710533,-1.587696576,-0.007326126,0.095237732,1,3.116365671,178.554600377,-0.002442360,-2.755556107,1,-2.872073412,-164.557684956,-0.007326126,2.632478714,1,0.078392982,4.491587040,-0.007326126,0.398046494,1,0.078040123,4.471369680,-0.012210846,-0.003663063,-0.009018516,-0.516722914,0.000000000,-0.000000000,6.000000000,2.500000000,3.156802416,180.871455185,0.000000000,-2.811573744,2.000000000,0.500000000,-2.872454882,-164.579541561,0.000000000,2.652687788,1.000000000,0.500000000,0.076104164,4.360447408,0.000000000,0.404521435,0.500000000,0.200000003,0.078423500,4.493335568,0.000000000,-0.000016204,0.000000000,0.100000001
2026-07-05 11:14:55.072,1783221295.072402716,171.006012759,1,1,170.991440692,1,0.008281177,5,1,0.006394765,5,1,0,1,0,0,1,1,1,0,1,0,-1.000000000,0.000000000,0.000000000,0.000000000,0,-1.000000000,0,0,0,,0,-1.000000000,,0,0,0.000000000,0.000000000,0,-1.000000000,0,,0,-1.000000000,,0,-1.000000000,0,,1,-0.027710533,-1.587696576,-0.007326126,0.085470200,1,3.116365671,178.554600377,-0.002442360,-2.755556107,1,-2.872073412,-164.557684956,-0.002442360,2.632478714,1,0.078392982,4.491587040,-0.007326126,0.398046494,1,0.078423500,4.493335568,-0.012210846,-0.003663063,-0.009018516,-0.516722914,0.000000000,-0.000000000,6.000000000,2.500000000,3.156802416,180.871455185,0.000000000,-2.811573744,2.000000000,0.500000000,-2.872454882,-164.579541561,0.000000000,2.652687788,1.000000000,0.500000000,0.076104164,4.360447408,0.000000000,0.404521435,0.500000000,0.200000003,0.078423500,4.493335568,0.000000000,-0.000016204,0.000000000,0.100000001
2026-07-05 11:14:56.072,1783221296.072472334,172.006082345,1,1,171.991510278,1,0.007584448,5,1,0.006338381,5,1,0,1,0,0,1,1,1,0,1,0,-1.000000000,0.000000000,0.000000000,0.000000000,0,-1.000000000,0,0,0,,0,-1.000000000,,0,0,0.000000000,0.000000000,0,-1.000000000,0,,0,-1.000000000,,0,-1.000000000,0,,1,-0.027710533,-1.587696576,-0.021978378,0.090353966,1,3.116365671,178.554600377,-0.002442360,-2.769229889,1,-2.872073412,-164.557684956,-0.007326126,2.646154404,1,0.078392982,4.491587040,-0.007326126,0.398046494,1,0.078423500,4.493335568,0.012210846,-0.003663063,-0.009018516,-0.516722914,0.000000000,-0.000000000,6.000000000,2.500000000,3.156802416,180.871455185,0.000000000,-2.811573744,2.000000000,0.500000000,-2.872454882,-164.579541561,0.000000000,2.652687788,1.000000000,0.500000000,0.076104164,4.360447408,0.000000000,0.404521435,0.500000000,0.200000003,0.078423500,4.493335568,0.000000000,-0.000016204,0.000000000,0.100000001
2026-07-05 11:14:57.072,1783221297.072377443,173.005987554,1,1,172.991415487,1,0.007757946,5,1,0.006366827,5,1,0,1,0,0,1,1,1,0,1,0,-1.000000000,0.000000000,0.000000000,0.000000000,0,-1.000000000,0,0,0,,0,-1.000000000,,0,0,0.000000000,0.000000000,0,-1.000000000,0,,0,-1.000000000,,0,-1.000000000,0,,1,-0.027710533,-1.587696576,-0.007326126,0.085470200,1,3.116365671,178.554600377,-0.002442360,-2.755556107,1,-2.872073412,-164.557684956,-0.002442360,2.632478714,1,0.078392982,4.491587040,0.007326126,0.398046494,1,0.078423500,4.493335568,0.012210846,-0.003663063,-0.009018516,-0.516722914,0.000000000,-0.000000000,6.000000000,2.500000000,3.156802416,180.871455185,0.000000000,-2.811573744,2.000000000,0.500000000,-2.872454882,-164.579541561,0.000000000,2.652687788,1.000000000,0.500000000,0.076104164,4.360447408,0.000000000,0.404521435,0.500000000,0.200000003,0.078423500,4.493335568,0.000000000,-0.000016204,0.000000000,0.100000001
2026-07-05 11:14:58.072,1783221298.072347879,174.005958130,1,1,173.991386063,1,0.008323370,5,1,0.006439004,5,1,0,1,0,0,1,1,1,0,1,0,-1.000000000,0.000000000,0.000000000,0.000000000,0,-1.000000000,0,0,0,,0,-1.000000000,,0,0,0.000000000,0.000000000,0,-1.000000000,0,,0,-1.000000000,,0,-1.000000000,0,,1,-0.027710533,-1.587696576,-0.007326126,0.090353966,1,3.116365671,178.554600377,-0.002442360,-2.755556107,1,-2.872073412,-164.557684956,-0.002442360,2.632478714,1,0.077248573,4.426017224,-0.007326126,0.398046494,1,0.045826912,2.625688641,0.012210846,-0.003663063,-0.009018516,-0.516722914,0.000000000,-0.000000000,6.000000000,2.500000000,3.156802416,180.871455185,0.000000000,-2.811573744,2.000000000,0.500000000,-2.872454882,-164.579541561,0.000000000,2.652687788,1.000000000,0.500000000,0.076104164,4.360447408,0.000000000,0.404521435,0.500000000,0.200000003,0.078423500,4.493335568,0.000000000,-0.000016204,0.000000000,0.100000001
2026-07-05 11:14:59.072,1783221299.072512150,175.006122384,1,1,174.991550317,1,0.008205821,5,1,0.006409213,5,1,0,1,0,0,1,1,1,0,1,0,-1.000000000,0.000000000,0.000000000,0.000000000,0,-1.000000000,0,0,0,,0,-1.000000000,,0,0,0.000000000,0.000000000,0,-1.000000000,0,,0,-1.000000000,,0,-1.000000000,0,,1,-0.166567415,-9.543609884,0.007326126,0.901099205,1,2.950805902,169.068724374,0.007326126,-2.454700470,1,-2.872073412,-164.557684956,-0.002442360,2.646154404,1,0.078011513,4.469730434,-0.021978378,0.398046494,1,0.045826912,2.625688641,-0.036628723,-0.003663063,-0.009018516,-0.516722914,0.000000000,-0.000000000,6.000000000,2.500000000,3.156802416,180.871455185,0.000000000,-2.811573744,2.000000000,0.500000000,-2.872454882,-164.579541561,0.000000000,2.652687788,1.000000000,0.500000000,0.076104164,4.360447408,0.000000000,0.404521435,0.500000000,0.200000003,0.078423500,4.493335568,0.000000000,-0.000016204,0.000000000,0.100000001
2026-07-05 11:15:00.072,1783221300.072311401,176.005921368,1,1,175.991349301,1,0.007440216,5,1,0.006354819,5,1,0,1,0,0,1,1,1,0,1,0,-1.000000000,0.000000000,0.000000000,0.000000000,0,-1.000000000,0,0,0,,0,-1.000000000,,0,0,0.000000000,0.000000000,0,-1.000000000,0,,0,-1.000000000,,0,-1.000000000,0,,1,-0.059372522,-3.401794926,0.051282883,0.173381805,1,2.960724115,169.636996113,-0.002442360,-2.441024780,1,-2.872073412,-164.557684956,0.002442360,2.632478714,1,0.078011513,4.469730434,-0.021978378,0.398046494,1,0.046210289,2.647654530,-0.012210846,-0.003663063,-0.009018516,-0.516722914,0.000000000,-0.000000000,6.000000000,2.500000000,3.156802416,180.871455185,0.000000000,-2.811573744,2.000000000,0.500000000,-2.872454882,-164.579541561,0.000000000,2.652687788,1.000000000,0.500000000,0.076104164,4.360447408,0.000000000,0.404521435,0.500000000,0.200000003,0.078423500,4.493335568,0.000000000,-0.000016204,0.000000000,0.100000001
2026-07-05 11:15:01.072,1783221301.072308064,177.005918173,1,1,176.991346106,1,0.008015822,5,1,0.006373410,5,1,0,1,0,0,1,1,1,0,1,0,-1.000000000,0.000000000,0.000000000,0.000000000,0,-1.000000000,0,0,0,,0,-1.000000000,,0,0,0.000000000,0.000000000,0,-1.000000000,0,,0,-1.000000000,,0,-1.000000000,0,,1,-0.048309900,-2.767953371,-0.007326126,0.217338562,1,2.960724115,169.636996113,-0.002442360,-2.454700470,1,-2.872073412,-164.557684956,-0.002442360,2.632478714,1,0.078011513,4.469730434,0.007326126,0.398046494,1,0.046210289,2.647654530,-0.012210846,-0.003663063,-0.009018516,-0.516722914,0.000000000,-0.000000000,6.000000000,2.500000000,3.156802416,180.871455185,0.000000000,-2.811573744,2.000000000,0.500000000,-2.872454882,-164.579541561,0.000000000,2.652687788,1.000000000,0.500000000,0.076104164,4.360447408,0.000000000,0.404521435,0.500000000,0.200000003,0.078423500,4.493335568,0.000000000,-0.000016204,0.000000000,0.100000001
2026-07-05 11:15:02.072,1783221302.072314978,178.005925026,1,1,177.991352959,1,0.007754327,5,1,0.006411196,5,1,0,1,0,0,1,1,1,0,1,0,-1.000000000,0.000000000,0.000000000,0.000000000,0,-1.000000000,0,0,0,,0,-1.000000000,,0,0,0.000000000,0.000000000,0,-1.000000000,0,,0,-1.000000000,,0,-1.000000000,0,,1,-0.048309900,-2.767953371,-0.007326126,0.212453842,1,2.960724115,169.636996113,-0.002442360,-2.454700470,1,-2.872073412,-164.557684956,0.002442360,2.632478714,1,0.078011513,4.469730434,-0.007326126,0.398046494,1,0.045826912,2.625688641,-0.012210846,-0.003663063,-0.009018516,-0.516722914,0.000000000,-0.000000000,6.000000000,2.500000000,3.156802416,180.871455185,0.000000000,-2.811573744,2.000000000,0.500000000,-2.872454882,-164.579541561,0.000000000,2.652687788,1.000000000,0.500000000,0.076104164,4.360447408,0.000000000,0.404521435,0.500000000,0.200000003,0.078423500,4.493335568,0.000000000,-0.000016204,0.000000000,0.100000001
2026-07-05 11:15:03.072,1783221303.072484970,179.006094919,1,1,178.991522852,1,0.007799184,5,1,0.006523668,5,1,0,1,0,0,1,1,1,0,1,0,-1.000000000,0.000000000,0.000000000,0.000000000,0,-1.000000000,0,0,0,,0,-1.000000000,,0,0,0.000000000,0.000000000,0,-1.000000000,0,,0,-1.000000000,,0,-1.000000000,0,,1,-0.048309900,-2.767953371,-0.007326126,0.207570076,1,2.960724115,169.636996113,-0.002442360,-2.454700470,1,-2.872073412,-164.557684956,-0.002442360,2.632478714,1,0.078011513,4.469730434,-0.007326126,0.398046494,1,0.046210289,2.647654530,-0.012210846,-0.003663063,-0.009018516,-0.516722914,0.000000000,-0.000000000,6.000000000,2.500000000,3.156802416,180.871455185,0.000000000,-2.811573744,2.000000000,0.500000000,-2.872454882,-164.579541561,0.000000000,2.652687788,1.000000000,0.500000000,0.076104164,4.360447408,0.000000000,0.404521435,0.500000000,0.200000003,0.078423500,4.493335568,0.000000000,-0.000016204,0.000000000,0.100000001
2026-07-05 11:15:04.072,1783221304.072311878,180.005921819,1,1,179.991349752,1,0.008022073,5,1,0.006458133,5,1,0,1,0,0,1,1,1,0,1,0,-1.000000000,0.000000000,0.000000000,0.000000000,0,-1.000000000,0,0,0,,0,-1.000000000,,0,0,0.000000000,0.000000000,0,-1.000000000,0,,0,-1.000000000,,0,-1.000000000,0,,1,-0.047928430,-2.746096766,0.007326126,0.212453842,1,2.960724115,169.636996113,-0.002442360,-2.454700470,1,-2.872073412,-164.557684956,-0.002442360,2.632478714,1,0.078011513,4.469730434,0.007326126,0.398046494,1,0.046210289,2.647654530,-0.012210846,-0.003663063,-0.009018516,-0.516722914,0.000000000,-0.000000000,6.000000000,2.500000000,3.156802416,180.871455185,0.000000000,-2.811573744,2.000000000,0.500000000,-2.872454882,-164.579541561,0.000000000,2.652687788,1.000000000,0.500000000,0.076104164,4.360447408,0.000000000,0.404521435,0.500000000,0.200000003,0.078423500,4.493335568,0.000000000,-0.000016204,0.000000000,0.100000001
2026-07-05 11:15:05.072,1783221305.072204828,181.005814875,1,1,180.991242808,1,0.007128921,5,1,0.006035036,5,1,0,1,0,0,1,1,1,0,1,0,-1.000000000,0.000000000,0.000000000,0.000000000,0,-1.000000000,0,0,0,,0,-1.000000000,,0,0,0.000000000,0.000000000,0,-1.000000000,0,,0,-1.000000000,,0,-1.000000000,0,,1,-0.047928430,-2.746096766,-0.007326126,0.212453842,1,2.960724115,169.636996113,-0.002442360,-2.454700470,1,-2.872073412,-164.557684956,-0.002442360,2.632478714,1,0.078011513,4.469730434,-0.007326126,0.398046494,1,0.045826912,2.625688641,0.012210846,-0.003663063,-0.009018516,-0.516722914,0.000000000,-0.000000000,6.000000000,2.500000000,3.156802416,180.871455185,0.000000000,-2.811573744,2.000000000,0.500000000,-2.872454882,-164.579541561,0.000000000,2.652687788,1.000000000,0.500000000,0.076104164,4.360447408,0.000000000,0.404521435,0.500000000,0.200000003,0.078423500,4.493335568,0.000000000,-0.000016204,0.000000000,0.100000001
2026-07-05 11:15:06.072,1783221306.072386026,182.005996091,1,1,181.991424024,1,0.008035359,5,1,0.006562134,5,1,0,1,0,0,1,1,1,0,1,0,-1.000000000,0.000000000,0.000000000,0.000000000,0,-1.000000000,0,0,0,,0,-1.000000000,,0,0,0.000000000,0.000000000,0,-1.000000000,0,,0,-1.000000000,,0,-1.000000000,0,,1,-0.047928430,-2.746096766,-0.021978378,0.188034058,1,2.960724115,169.636996113,-0.002442360,-2.441024780,1,-2.872073412,-164.557684956,-0.007326126,2.632478714,1,0.078011513,4.469730434,0.007326126,0.398046494,1,0.046210289,2.647654530,0.012210846,-0.003663063,-0.009018516,-0.516722914,0.000000000,-0.000000000,6.000000000,2.500000000,3.156802416,180.871455185,0.000000000,-2.811573744,2.000000000,0.500000000,-2.872454882,-164.579541561,0.000000000,2.652687788,1.000000000,0.500000000,0.076104164,4.360447408,0.000000000,0.404521435,0.500000000,0.200000003,0.078423500,4.493335568,0.000000000,-0.000016204,0.000000000,0.100000001
2026-07-05 11:15:07.072,1783221307.072108746,183.005718868,1,1,182.991146801,1,0.007896493,5,1,0.006364769,5,1,0,1,0,0,1,1,1,0,1,0,-1.000000000,0.000000000,0.000000000,0.000000000,0,-1.000000000,0,0,0,,0,-1.000000000,,0,0,0.000000000,0.000000000,0,-1.000000000,0,,0,-1.000000000,,0,-1.000000000,0,,1,-0.046021082,-2.636813739,-0.007326126,0.202686310,1,2.960724115,169.636996113,-0.007326126,-2.454700470,1,-2.872073412,-164.557684956,-0.002442360,2.632478714,1,0.078011513,4.469730434,-0.021978378,0.398046494,1,0.045826912,2.625688641,-0.036628723,-0.003663063,-0.009018516,-0.516722914,0.000000000,-0.000000000,6.000000000,2.500000000,3.156802416,180.871455185,0.000000000,-2.811573744,2.000000000,0.500000000,-2.872454882,-164.579541561,0.000000000,2.652687788,1.000000000,0.500000000,0.076104164,4.360447408,0.000000000,0.404521435,0.500000000,0.200000003,0.078423500,4.493335568,0.000000000,-0.000016204,0.000000000,0.100000001
2026-07-05 11:15:08.072,1783221308.072110176,184.005720306,1,1,183.991148239,1,0.008271004,5,1,0.006404960,5,1,0,1,0,0,1,1,1,0,1,0,-1.000000000,0.000000000,0.000000000,0.000000000,0,-1.000000000,0,0,0,,0,-1.000000000,,0,0,0.000000000,0.000000000,0,-1.000000000,0,,0,-1.000000000,,0,-1.000000000,0,,1,-0.045639612,-2.614957134,-0.007326126,0.188034058,1,2.960724115,169.636996113,-0.002442360,-2.454700470,1,-2.872073412,-164.557684956,-0.002442360,2.632478714,1,0.078011513,4.469730434,0.007326126,0.398046494,1,0.045826912,2.625688641,-0.012210846,-0.003663063,-0.009018516,-0.516722914,0.000000000,-0.000000000,6.000000000,2.500000000,3.156802416,180.871455185,0.000000000,-2.811573744,2.000000000,0.500000000,-2.872454882,-164.579541561,0.000000000,2.652687788,1.000000000,0.500000000,0.076104164,4.360447408,0.000000000,0.404521435,0.500000000,0.200000003,0.078423500,4.493335568,0.000000000,-0.000016204,0.000000000,0.100000001
2026-07-05 11:15:09.072,1783221309.072072506,185.005682648,1,1,184.991110581,1,0.007605111,5,1,0.006414391,5,1,0,1,0,0,1,1,1,0,1,0,-1.000000000,0.000000000,0.000000000,0.000000000,0,-1.000000000,0,0,0,,0,-1.000000000,,0,0,0.000000000,0.000000000,0,-1.000000000,0,,0,-1.000000000,,0,-1.000000000,0,,1,-0.045639612,-2.614957134,-0.007326126,0.197802544,1,2.960724115,169.636996113,-0.002442360,-2.454700470,1,-2.872073412,-164.557684956,-0.007326126,2.646154404,1,0.078011513,4.469730434,-0.021978378,0.398046494,1,0.045826912,2.625688641,-0.012210846,-0.003663063,-0.009018516,-0.516722914,0.000000000,-0.000000000,6.000000000,2.500000000,3.156802416,180.871455185,0.000000000,-2.811573744,2.000000000,0.500000000,-2.872454882,-164.579541561,0.000000000,2.652687788,1.000000000,0.500000000,0.076104164,4.360447408,0.000000000,0.404521435,0.500000000,0.200000003,0.078423500,4.493335568,0.000000000,-0.000016204,0.000000000,0.100000001
2026-07-05 11:15:10.072,1783221310.072052717,186.005662798,1,1,185.991090731,1,0.007358865,5,1,0.006288904,5,1,0,1,0,0,1,1,1,0,1,0,-1.000000000,0.000000000,0.000000000,0.000000000,0,-1.000000000,0,0,0,,0,-1.000000000,,0,0,0.000000000,0.000000000,0,-1.000000000,0,,0,-1.000000000,,0,-1.000000000,0,,1,-0.045639612,-2.614957134,-0.007326126,0.197802544,1,2.960724115,169.636996113,-0.002442360,-2.454700470,1,-2.872073412,-164.557684956,0.002442360,2.632478714,1,0.078011513,4.469730434,-0.021978378,0.398046494,1,0.046210289,2.647654530,-0.012210846,-0.003663063,-0.009018516,-0.516722914,0.000000000,-0.000000000,6.000000000,2.500000000,3.156802416,180.871455185,0.000000000,-2.811573744,2.000000000,0.500000000,-2.872454882,-164.579541561,0.000000000,2.652687788,1.000000000,0.500000000,0.076104164,4.360447408,0.000000000,0.404521435,0.500000000,0.200000003,0.078423500,4.493335568,0.000000000,-0.000016204,0.000000000,0.100000001
2026-07-05 11:15:11.072,1783221311.072030544,187.005640579,1,1,186.991068512,1,0.008090387,5,1,0.006380453,5,1,0,1,0,0,1,1,1,0,1,0,-1.000000000,0.000000000,0.000000000,0.000000000,0,-1.000000000,0,0,0,,0,-1.000000000,,0,0,0.000000000,0.000000000,0,-1.000000000,0,,0,-1.000000000,,0,-1.000000000,0,,1,-0.045639612,-2.614957134,-0.021978378,0.192917824,1,2.960724115,169.636996113,-0.002442360,-2.454700470,1,-2.872073412,-164.557684956,-0.002442360,2.632478714,1,0.078011513,4.469730434,-0.007326126,0.398046494,1,0.046210289,2.647654530,-0.036628723,-0.003663063,-0.009018516,-0.516722914,0.000000000,-0.000000000,6.000000000,2.500000000,3.156802416,180.871455185,0.000000000,-2.811573744,2.000000000,0.500000000,-2.872454882,-164.579541561,0.000000000,2.652687788,1.000000000,0.500000000,0.076104164,4.360447408,0.000000000,0.404521435,0.500000000,0.200000003,0.078423500,4.493335568,0.000000000,-0.000016204,0.000000000,0.100000001
2026-07-05 11:15:12.072,1783221312.071925879,188.005535946,1,1,187.990963879,1,0.008003439,5,1,0.006280515,5,1,0,1,0,0,1,1,1,0,1,0,-1.000000000,0.000000000,0.000000000,0.000000000,0,-1.000000000,0,0,0,,0,-1.000000000,,0,0,0.000000000,0.000000000,0,-1.000000000,0,,0,-1.000000000,,0,-1.000000000,0,,1,-0.045639612,-2.614957134,0.007326126,0.192917824,1,2.960724115,169.636996113,-0.002442360,-2.441024780,1,-2.872073412,-164.557684956,-0.002442360,2.632478714,1,0.078011513,4.469730434,-0.007326126,0.398046494,1,0.045826912,2.625688641,0.012210846,-0.003663063,-0.009018516,-0.516722914,0.000000000,-0.000000000,6.000000000,2.500000000,3.156802416,180.871455185,0.000000000,-2.811573744,2.000000000,0.500000000,-2.872454882,-164.579541561,0.000000000,2.652687788,1.000000000,0.500000000,0.076104164,4.360447408,0.000000000,0.404521435,0.500000000,0.200000003,0.078423500,4.493335568,0.000000000,-0.000016204,0.000000000,0.100000001
2026-07-05 11:15:13.072,1783221313.072047949,189.005657935,1,1,188.991085868,1,0.008180838,5,1,0.006435671,5,1,0,1,0,0,1,1,1,0,1,0,-1.000000000,0.000000000,0.000000000,0.000000000,0,-1.000000000,0,0,0,,0,-1.000000000,,0,0,0.000000000,0.000000000,0,-1.000000000,0,,0,-1.000000000,,0,-1.000000000,0,,1,-0.045639612,-2.614957134,-0.021978378,0.192917824,1,2.960724115,169.636996113,0.002442360,-2.454700470,1,-2.872073412,-164.557684956,-0.002442360,2.632478714,1,0.078011513,4.469730434,-0.007326126,0.398046494,1,0.046210289,2.647654530,-0.012210846,-0.003663063,-0.009018516,-0.516722914,0.000000000,-0.000000000,6.000000000,2.500000000,3.156802416,180.871455185,0.000000000,-2.811573744,2.000000000,0.500000000,-2.872454882,-164.579541561,0.000000000,2.652687788,1.000000000,0.500000000,0.076104164,4.360447408,0.000000000,0.404521435,0.500000000,0.200000003,0.078423500,4.493335568,0.000000000,-0.000016204,0.000000000,0.100000001
2026-07-05 11:15:14.072,1783221314.071944475,190.005554602,1,1,189.990982535,1,0.007867286,5,1,0.006358859,5,1,0,1,0,0,1,1,1,0,1,0,-1.000000000,0.000000000,0.000000000,0.000000000,0,-1.000000000,0,0,0,,0,-1.000000000,,0,0,0.000000000,0.000000000,0,-1.000000000,0,,0,-1.000000000,,0,-1.000000000,0,,1,-0.045639612,-2.614957134,-0.007326126,0.197802544,1,2.960724115,169.636996113,-0.002442360,-2.441024780,1,-2.872073412,-164.557684956,-0.002442360,2.632478714,1,0.078011513,4.469730434,-0.007326126,0.398046494,1,0.045826912,2.625688641,-0.036628723,-0.003663063,-0.009018516,-0.516722914,0.000000000,-0.000000000,6.000000000,2.500000000,3.156802416,180.871455185,0.000000000,-2.811573744,2.000000000,0.500000000,-2.872454882,-164.579541561,0.000000000,2.652687788,1.000000000,0.500000000,0.076104164,4.360447408,0.000000000,0.404521435,0.500000000,0.200000003,0.078423500,4.493335568,0.000000000,-0.000016204,0.000000000,0.100000001
2026-07-05 11:15:15.072,1783221315.071944952,191.005554974,1,1,190.990982907,1,0.008253024,5,1,0.006477069,5,1,0,1,0,0,1,1,1,0,1,0,-1.000000000,0.000000000,0.000000000,0.000000000,0,-1.000000000,0,0,0,,0,-1.000000000,,0,0,0.000000000,0.000000000,0,-1.000000000,0,,0,-1.000000000,,0,-1.000000000,0,,1,-0.045639612,-2.614957134,-0.021978378,0.192917824,1,2.960724115,169.636996113,0.002442360,-2.441024780,1,-2.872073412,-164.557684956,-0.002442360,2.632478714,1,0.078011513,4.469730434,-0.021978378,0.398046494,1,0.046210289,2.647654530,-0.036628723,-0.003663063,-0.009018516,-0.516722914,0.000000000,-0.000000000,6.000000000,2.500000000,3.156802416,180.871455185,0.000000000,-2.811573744,2.000000000,0.500000000,-2.872454882,-164.579541561,0.000000000,2.652687788,1.000000000,0.500000000,0.076104164,4.360447408,0.000000000,0.404521435,0.500000000,0.200000003,0.078423500,4.493335568,0.000000000,-0.000016204,0.000000000,0.100000001
2026-07-05 11:15:16.071,1783221316.071874619,192.005484793,1,1,191.990912726,1,0.007933371,5,1,0.006322513,5,1,0,1,0,0,1,1,1,0,1,0,-1.000000000,0.000000000,0.000000000,0.000000000,0,-1.000000000,0,0,0,,0,-1.000000000,,0,0,0.000000000,0.000000000,0,-1.000000000,0,,0,-1.000000000,,0,-1.000000000,0,,1,-0.045639612,-2.614957134,-0.007326126,0.197802544,1,2.960724115,169.636996113,-0.007326126,-2.454700470,1,-2.872073412,-164.557684956,0.002442360,2.632478714,1,0.078011513,4.469730434,-0.007326126,0.398046494,1,0.046210289,2.647654530,-0.012210846,-0.003663063,-0.009018516,-0.516722914,0.000000000,-0.000000000,6.000000000,2.500000000,3.156802416,180.871455185,0.000000000,-2.811573744,2.000000000,0.500000000,-2.872454882,-164.579541561,0.000000000,2.652687788,1.000000000,0.500000000,0.076104164,4.360447408,0.000000000,0.404521435,0.500000000,0.200000003,0.078423500,4.493335568,0.000000000,-0.000016204,0.000000000,0.100000001
2026-07-05 11:15:17.072,1783221317.072209120,193.005819306,1,1,192.991247239,1,0.008444607,5,1,0.006684943,5,1,0,1,0,0,1,1,1,0,1,0,-1.000000000,0.000000000,0.000000000,0.000000000,0,-1.000000000,0,0,0,,0,-1.000000000,,0,0,0.000000000,0.000000000,0,-1.000000000,0,,0,-1.000000000,,0,-1.000000000,0,,1,-0.045639612,-2.614957134,-0.007326126,0.197802544,1,2.960724115,169.636996113,-0.002442360,-2.454700470,1,-2.872073412,-164.557684956,-0.002442360,2.632478714,1,0.078011513,4.469730434,-0.021978378,0.398046494,1,0.045826912,2.625688641,-0.036628723,-0.003663063,-0.009018516,-0.516722914,0.000000000,-0.000000000,6.000000000,2.500000000,3.156802416,180.871455185,0.000000000,-2.811573744,2.000000000,0.500000000,-2.872454882,-164.579541561,0.000000000,2.652687788,1.000000000,0.500000000,0.076104164,4.360447408,0.000000000,0.404521435,0.500000000,0.200000003,0.078423500,4.493335568,0.000000000,-0.000016204,0.000000000,0.100000001
2026-07-05 11:15:18.071,1783221318.071826458,194.005436551,1,1,193.990864484,1,0.008092323,5,1,0.006426183,5,1,0,1,0,0,1,1,1,0,1,0,-1.000000000,0.000000000,0.000000000,0.000000000,0,-1.000000000,0,0,0,,0,-1.000000000,,0,0,0.000000000,0.000000000,0,-1.000000000,0,,0,-1.000000000,,0,-1.000000000,0,,1,-0.045639612,-2.614957134,0.007326126,0.188034058,1,2.960724115,169.636996113,-0.007326126,-2.441024780,1,-2.872073412,-164.557684956,-0.007326126,2.632478714,1,0.078011513,4.469730434,-0.021978378,0.398046494,1,0.045826912,2.625688641,-0.012210846,-0.003663063,-0.009018516,-0.516722914,0.000000000,-0.000000000,6.000000000,2.500000000,3.156802416,180.871455185,0.000000000,-2.811573744,2.000000000,0.500000000,-2.872454882,-164.579541561,0.000000000,2.652687788,1.000000000,0.500000000,0.076104164,4.360447408,0.000000000,0.404521435,0.500000000,0.200000003,0.078423500,4.493335568,0.000000000,-0.000016204,0.000000000,0.100000001
2026-07-05 11:15:19.071,1783221319.071833611,195.005443662,1,1,194.990871595,1,0.008159701,5,1,0.006436377,5,1,0,1,0,0,1,1,1,0,1,0,-1.000000000,0.000000000,0.000000000,0.000000000,0,-1.000000000,0,0,0,,0,-1.000000000,,0,0,0.000000000,0.000000000,0,-1.000000000,0,,0,-1.000000000,,0,-1.000000000,0,,1,-0.045639612,-2.614957134,-0.021978378,0.192917824,1,2.960724115,169.636996113,-0.002442360,-2.441024780,1,-2.872073412,-164.557684956,-0.002442360,2.646154404,1,0.078011513,4.469730434,-0.007326126,0.398046494,1,0.045826912,2.625688641,-0.036628723,-0.003663063,-0.009018516,-0.516722914,0.000000000,-0.000000000,6.000000000,2.500000000,3.156802416,180.871455185,0.000000000,-2.811573744,2.000000000,0.500000000,-2.872454882,-164.579541561,0.000000000,2.652687788,1.000000000,0.500000000,0.076104164,4.360447408,0.000000000,0.404521435,0.500000000,0.200000003,0.078423500,4.493335568,0.000000000,-0.000016204,0.000000000,0.100000001
2026-07-05 11:15:20.072,1783221320.071946144,196.005556347,1,1,195.990984280,1,0.008272591,5,1,0.006591767,5,1,0,1,0,0,1,1,1,0,1,0,-1.000000000,0.000000000,0.000000000,0.000000000,0,-1.000000000,0,0,0,,0,-1.000000000,,0,0,0.000000000,0.000000000,0,-1.000000000,0,,0,-1.000000000,,0,-1.000000000,0,,1,-0.045639612,-2.614957134,0.007326126,0.197802544,1,2.960724115,169.636996113,-0.002442360,-2.441024780,1,-2.872073412,-164.557684956,-0.002442360,2.646154404,1,0.078011513,4.469730434,-0.007326126,0.398046494,1,0.045826912,2.625688641,-0.012210846,-0.003663063,-0.009018516,-0.516722914,0.000000000,-0.000000000,6.000000000,2.500000000,3.156802416,180.871455185,0.000000000,-2.811573744,2.000000000,0.500000000,-2.872454882,-164.579541561,0.000000000,2.652687788,1.000000000,0.500000000,0.076104164,4.360447408,0.000000000,0.404521435,0.500000000,0.200000003,0.078423500,4.493335568,0.000000000,-0.000016204,0.000000000,0.100000001
2026-07-05 11:15:21.071,1783221321.071768761,197.005378833,1,1,196.990806766,1,0.008133446,5,1,0.006392248,5,1,0,1,0,0,1,1,1,0,1,0,-1.000000000,0.000000000,0.000000000,0.000000000,0,-1.000000000,0,0,0,,0,-1.000000000,,0,0,0.000000000,0.000000000,0,-1.000000000,0,,0,-1.000000000,,0,-1.000000000,0,,1,-0.045639612,-2.614957134,-0.007326126,0.197802544,1,2.960724115,169.636996113,-0.002442360,-2.454700470,1,-2.872073412,-164.557684956,-0.002442360,2.646154404,1,0.078011513,4.469730434,-0.007326126,0.398046494,1,0.046210289,2.647654530,0.012210846,-0.003663063,-0.009018516,-0.516722914,0.000000000,-0.000000000,6.000000000,2.500000000,3.156802416,180.871455185,0.000000000,-2.811573744,2.000000000,0.500000000,-2.872454882,-164.579541561,0.000000000,2.652687788,1.000000000,0.500000000,0.076104164,4.360447408,0.000000000,0.404521435,0.500000000,0.200000003,0.078423500,4.493335568,0.000000000,-0.000016204,0.000000000,0.100000001
2026-07-05 11:15:22.071,1783221322.071751833,198.005362097,1,1,197.990790030,1,0.007617894,5,1,0.006401565,5,1,0,1,0,0,1,1,1,0,1,0,-1.000000000,0.000000000,0.000000000,0.000000000,0,-1.000000000,0,0,0,,0,-1.000000000,,0,0,0.000000000,0.000000000,0,-1.000000000,0,,0,-1.000000000,,0,-1.000000000,0,,1,-0.045639612,-2.614957134,0.007326126,0.197802544,1,2.960724115,169.636996113,-0.002442360,-2.441024780,1,-2.872073412,-164.557684956,-0.007326126,2.646154404,1,0.078011513,4.469730434,0.007326126,0.398046494,1,0.045826912,2.625688641,-0.036628723,-0.003663063,-0.009018516,-0.516722914,0.000000000,-0.000000000,6.000000000,2.500000000,3.156802416,180.871455185,0.000000000,-2.811573744,2.000000000,0.500000000,-2.872454882,-164.579541561,0.000000000,2.652687788,1.000000000,0.500000000,0.076104164,4.360447408,0.000000000,0.404521435,0.500000000,0.200000003,0.078423500,4.493335568,0.000000000,-0.000016204,0.000000000,0.100000001
2026-07-05 11:15:23.071,1783221323.071746826,199.005356893,1,1,198.990784826,1,0.007730113,5,1,0.006428551,5,1,0,1,0,0,1,1,1,0,1,0,-1.000000000,0.000000000,0.000000000,0.000000000,0,-1.000000000,0,0,0,,0,-1.000000000,,0,0,0.000000000,0.000000000,0,-1.000000000,0,,0,-1.000000000,,0,-1.000000000,0,,1,-0.045639612,-2.614957134,-0.007326126,0.197802544,1,2.960724115,169.636996113,-0.007326126,-2.441024780,1,-2.872073412,-164.557684956,0.002442360,2.632478714,1,0.078011513,4.469730434,-0.007326126,0.398046494,1,0.046210289,2.647654530,0.012210846,-0.003663063,-0.009018516,-0.516722914,0.000000000,-0.000000000,6.000000000,2.500000000,3.156802416,180.871455185,0.000000000,-2.811573744,2.000000000,0.500000000,-2.872454882,-164.579541561,0.000000000,2.652687788,1.000000000,0.500000000,0.076104164,4.360447408,0.000000000,0.404521435,0.500000000,0.200000003,0.078423500,4.493335568,0.000000000,-0.000016204,0.000000000,0.100000001
2026-07-05 11:15:24.071,1783221324.071642399,200.005252360,1,1,199.990680293,1,0.008289003,5,1,0.006445314,5,1,0,1,0,0,1,1,1,0,1,0,-1.000000000,0.000000000,0.000000000,0.000000000,0,-1.000000000,0,0,0,,0,-1.000000000,,0,0,0.000000000,0.000000000,0,-1.000000000,0,,0,-1.000000000,,0,-1.000000000,0,,1,-0.045639612,-2.614957134,-0.007326126,0.192917824,1,2.960724115,169.636996113,0.002442360,-2.454700470,1,-2.872073412,-164.557684956,-0.002442360,2.646154404,1,0.078011513,4.469730434,-0.007326126,0.398046494,1,0.046210289,2.647654530,0.012210846,-0.003663063,-0.009018516,-0.516722914,0.000000000,-0.000000000,6.000000000,2.500000000,3.156802416,180.871455185,0.000000000,-2.811573744,2.000000000,0.500000000,-2.872454882,-164.579541561,0.000000000,2.652687788,1.000000000,0.500000000,0.076104164,4.360447408,0.000000000,0.404521435,0.500000000,0.200000003,0.078423500,4.493335568,0.000000000,-0.000016204,0.000000000,0.100000001
2026-07-05 11:15:25.071,1783221325.071634293,201.005244239,1,1,200.990672172,1,0.008055135,5,1,0.006356545,5,1,0,1,0,0,1,1,1,0,1,0,-1.000000000,0.000000000,0.000000000,0.000000000,0,-1.000000000,0,0,0,,0,-1.000000000,,0,0,0.000000000,0.000000000,0,-1.000000000,0,,0,-1.000000000,,0,-1.000000000,0,,1,-0.045639612,-2.614957134,-0.021978378,0.202686310,1,2.960724115,169.636996113,-0.002442360,-2.454700470,1,-2.872073412,-164.557684956,-0.002442360,2.632478714,1,0.078011513,4.469730434,-0.021978378,0.398046494,1,0.046210289,2.647654530,-0.012210846,-0.003663063,-0.009018516,-0.516722914,0.000000000,-0.000000000,6.000000000,2.500000000,3.156802416,180.871455185,0.000000000,-2.811573744,2.000000000,0.500000000,-2.872454882,-164.579541561,0.000000000,2.652687788,1.000000000,0.500000000,0.076104164,4.360447408,0.000000000,0.404521435,0.500000000,0.200000003,0.078423500,4.493335568,0.000000000,-0.000016204,0.000000000,0.100000001
2026-07-05 11:15:26.071,1783221326.071651936,202.005261939,1,1,201.990689872,1,0.008086917,5,1,0.006344810,5,1,0,1,0,0,1,1,1,0,1,0,-1.000000000,0.000000000,0.000000000,0.000000000,0,-1.000000000,0,0,0,,0,-1.000000000,,0,0,0.000000000,0.000000000,0,-1.000000000,0,,0,-1.000000000,,0,-1.000000000,0,,1,-0.045639612,-2.614957134,0.007326126,0.192917824,1,2.960724115,169.636996113,-0.002442360,-2.441024780,1,-2.872073412,-164.557684956,-0.007326126,2.646154404,1,0.078011513,4.469730434,-0.007326126,0.398046494,1,0.046210289,2.647654530,-0.012210846,-0.003663063,-0.009018516,-0.516722914,0.000000000,-0.000000000,6.000000000,2.500000000,3.156802416,180.871455185,0.000000000,-2.811573744,2.000000000,0.500000000,-2.872454882,-164.579541561,0.000000000,2.652687788,1.000000000,0.500000000,0.076104164,4.360447408,0.000000000,0.404521435,0.500000000,0.200000003,0.078423500,4.493335568,0.000000000,-0.000016204,0.000000000,0.100000001
2026-07-05 11:15:27.071,1783221327.071570158,203.005180353,1,1,202.990608286,1,0.007961078,5,1,0.006344164,5,1,0,1,0,0,1,1,1,0,1,0,-1.000000000,0.000000000,0.000000000,0.000000000,0,-1.000000000,0,0,0,,0,-1.000000000,,0,0,0.000000000,0.000000000,0,-1.000000000,0,,0,-1.000000000,,0,-1.000000000,0,,1,-0.045639612,-2.614957134,-0.007326126,0.197802544,1,2.960724115,169.636996113,-0.002442360,-2.441024780,1,-2.872073412,-164.557684956,-0.002442360,2.632478714,1,0.078011513,4.469730434,-0.007326126,0.398046494,1,0.046210289,2.647654530,-0.012210846,-0.003663063,-0.009018516,-0.516722914,0.000000000,-0.000000000,6.000000000,2.500000000,3.156802416,180.871455185,0.000000000,-2.811573744,2.000000000,0.500000000,-2.872454882,-164.579541561,0.000000000,2.652687788,1.000000000,0.500000000,0.076104164,4.360447408,0.000000000,0.404521435,0.500000000,0.200000003,0.078423500,4.493335568,0.000000000,-0.000016204,0.000000000,0.100000001
2026-07-05 11:15:28.071,1783221328.071692705,204.005302878,1,1,203.990730811,1,0.007638393,5,1,0.006340055,5,1,0,1,0,0,1,1,1,0,1,0,-1.000000000,0.000000000,0.000000000,0.000000000,0,-1.000000000,0,0,0,,0,-1.000000000,,0,0,0.000000000,0.000000000,0,-1.000000000,0,,0,-1.000000000,,0,-1.000000000,0,,1,-0.045639612,-2.614957134,0.007326126,0.197802544,1,2.960724115,169.636996113,-0.002442360,-2.454700470,1,-2.872073412,-164.557684956,-0.002442360,2.646154404,1,0.078011513,4.469730434,-0.021978378,0.398046494,1,0.046210289,2.647654530,0.012210846,-0.003663063,-0.009018516,-0.516722914,0.000000000,-0.000000000,6.000000000,2.500000000,3.156802416,180.871455185,0.000000000,-2.811573744,2.000000000,0.500000000,-2.872454882,-164.579541561,0.000000000,2.652687788,1.000000000,0.500000000,0.076104164,4.360447408,0.000000000,0.404521435,0.500000000,0.200000003,0.078423500,4.493335568,0.000000000,-0.000016204,0.000000000,0.100000001
2026-07-05 11:15:29.071,1783221329.071645737,205.005255843,1,1,204.990683776,1,0.007942198,5,1,0.006380423,5,1,0,1,0,0,1,1,1,0,1,0,-1.000000000,0.000000000,0.000000000,0.000000000,0,-1.000000000,0,0,0,,0,-1.000000000,,0,0,0.000000000,0.000000000,0,-1.000000000,0,,0,-1.000000000,,0,-1.000000000,0,,1,-0.045639612,-2.614957134,-0.007326126,0.197802544,1,2.960724115,169.636996113,-0.002442360,-2.441024780,1,-2.872073412,-164.557684956,-0.002442360,2.632478714,1,0.078011513,4.469730434,-0.021978378,0.398046494,1,0.046210289,2.647654530,-0.012210846,-0.003663063,-0.009018516,-0.516722914,0.000000000,-0.000000000,6.000000000,2.500000000,3.156802416,180.871455185,0.000000000,-2.811573744,2.000000000,0.500000000,-2.872454882,-164.579541561,0.000000000,2.652687788,1.000000000,0.500000000,0.076104164,4.360447408,0.000000000,0.404521435,0.500000000,0.200000003,0.078423500,4.493335568,0.000000000,-0.000016204,0.000000000,0.100000001
2026-07-05 11:15:30.071,1783221330.071521282,206.005131366,1,1,205.990559299,1,0.007619982,5,1,0.006377810,5,1,0,1,0,0,1,1,1,0,1,0,-1.000000000,0.000000000,0.000000000,0.000000000,0,-1.000000000,0,0,0,,0,-1.000000000,,0,0,0.000000000,0.000000000,0,-1.000000000,0,,0,-1.000000000,,0,-1.000000000,0,,1,-0.045639612,-2.614957134,-0.007326126,0.192917824,1,2.960724115,169.636996113,-0.002442360,-2.454700470,1,-2.872073412,-164.557684956,-0.002442360,2.646154404,1,0.078011513,4.469730434,0.007326126,0.398046494,1,0.046210289,2.647654530,-0.012210846,-0.003663063,-0.009018516,-0.516722914,0.000000000,-0.000000000,6.000000000,2.500000000,3.156802416,180.871455185,0.000000000,-2.811573744,2.000000000,0.500000000,-2.872454882,-164.579541561,0.000000000,2.652687788,1.000000000,0.500000000,0.076104164,4.360447408,0.000000000,0.404521435,0.500000000,0.200000003,0.078423500,4.493335568,0.000000000,-0.000016204,0.000000000,0.100000001
2026-07-05 11:15:31.071,1783221331.071547508,207.005157521,1,1,206.990585454,1,0.007614433,5,1,0.006360444,5,1,0,1,0,0,1,1,1,0,1,0,-1.000000000,0.000000000,0.000000000,0.000000000,0,-1.000000000,0,0,0,,0,-1.000000000,,0,0,0.000000000,0.000000000,0,-1.000000000,0,,0,-1.000000000,,0,-1.000000000,0,,1,-0.045639612,-2.614957134,-0.007326126,0.197802544,1,2.960724115,169.636996113,-0.002442360,-2.441024780,1,-2.872073412,-164.557684956,-0.002442360,2.632478714,1,0.078011513,4.469730434,0.007326126,0.398046494,1,0.046210289,2.647654530,-0.012210846,-0.003663063,-0.009018516,-0.516722914,0.000000000,-0.000000000,6.000000000,2.500000000,3.156802416,180.871455185,0.000000000,-2.811573744,2.000000000,0.500000000,-2.872454882,-164.579541561,0.000000000,2.652687788,1.000000000,0.500000000,0.076104164,4.360447408,0.000000000,0.404521435,0.500000000,0.200000003,0.078423500,4.493335568,0.000000000,-0.000016204,0.000000000,0.100000001
2026-07-05 11:15:32.071,1783221332.071533203,208.005143321,1,1,207.990571254,1,0.007386263,5,1,0.006443360,5,1,0,1,0,0,1,1,1,0,1,0,-1.000000000,0.000000000,0.000000000,0.000000000,0,-1.000000000,0,0,0,,0,-1.000000000,,0,0,0.000000000,0.000000000,0,-1.000000000,0,,0,-1.000000000,,0,-1.000000000,0,,1,-0.045639612,-2.614957134,-0.021978378,0.192917824,1,2.960724115,169.636996113,-0.002442360,-2.454700470,1,-2.872073412,-164.557684956,-0.002442360,2.632478714,1,0.078011513,4.469730434,-0.007326126,0.398046494,1,0.045826912,2.625688641,-0.036628723,-0.003663063,-0.009018516,-0.516722914,0.000000000,-0.000000000,6.000000000,2.500000000,3.156802416,180.871455185,0.000000000,-2.811573744,2.000000000,0.500000000,-2.872454882,-164.579541561,0.000000000,2.652687788,1.000000000,0.500000000,0.076104164,4.360447408,0.000000000,0.404521435,0.500000000,0.200000003,0.078423500,4.493335568,0.000000000,-0.000016204,0.000000000,0.100000001
2026-07-05 11:15:33.071,1783221333.071680069,209.005290115,1,1,208.990718048,1,0.007692618,5,1,0.006567055,5,1,0,1,0,0,1,1,1,0,1,0,-1.000000000,0.000000000,0.000000000,0.000000000,0,-1.000000000,0,0,0,,0,-1.000000000,,0,0,0.000000000,0.000000000,0,-1.000000000,0,,0,-1.000000000,,0,-1.000000000,0,,1,-0.045639612,-2.614957134,0.007326126,0.197802544,1,2.960724115,169.636996113,0.002442360,-2.454700470,1,-2.872073412,-164.557684956,-0.002442360,2.632478714,1,0.078011513,4.469730434,-0.007326126,0.398046494,1,0.045826912,2.625688641,-0.012210846,-0.003663063,-0.009018516,-0.516722914,0.000000000,-0.000000000,6.000000000,2.500000000,3.156802416,180.871455185,0.000000000,-2.811573744,2.000000000,0.500000000,-2.872454882,-164.579541561,0.000000000,2.652687788,1.000000000,0.500000000,0.076104164,4.360447408,0.000000000,0.404521435,0.500000000,0.200000003,0.078423500,4.493335568,0.000000000,-0.000016204,0.000000000,0.100000001
2026-07-05 11:15:34.071,1783221334.071414709,210.005024906,1,1,209.990452839,1,0.008309815,5,1,0.006487269,5,1,0,1,0,0,1,1,1,0,1,0,-1.000000000,0.000000000,0.000000000,0.000000000,0,-1.000000000,0,0,0,,0,-1.000000000,,0,0,0.000000000,0.000000000,0,-1.000000000,0,,0,-1.000000000,,0,-1.000000000,0,,0,-0.045639612,-2.614957134,-0.007326126,0.188034058,0,2.960724115,169.636996113,-0.002442360,-2.454700470,0,-2.872073412,-164.557684956,-0.002442360,2.646154404,0,0.078011513,4.469730434,-0.007326126,0.398046494,0,0.046210289,2.647654530,0.012210846,-0.003663063,-0.009018516,-0.516722914,0.000000000,-0.000000000,6.000000000,2.500000000,3.156802416,180.871455185,0.000000000,-2.811573744,2.000000000,0.500000000,-2.872454882,-164.579541561,0.000000000,2.652687788,1.000000000,0.500000000,0.076104164,4.360447408,0.000000000,0.404521435,0.500000000,0.200000003,0.078423500,4.493335568,0.000000000,-0.000016204,0.000000000,0.100000001
2026-07-05 11:15:35.071,1783221335.071426153,211.005036079,1,1,210.990464012,1,0.007489260,5,1,0.006371690,5,1,0,1,0,0,1,1,1,0,1,0,-1.000000000,0.000000000,0.000000000,0.000000000,0,-1.000000000,0,0,0,,0,-1.000000000,,0,0,0.000000000,0.000000000,0,-1.000000000,0,,0,-1.000000000,,0,-1.000000000,0,,1,-0.045639612,-2.614957134,-0.007326126,0.197802544,1,2.960724115,169.636996113,-0.007326126,-2.454700470,1,-2.872073412,-164.557684956,-0.002442360,2.646154404,1,0.078011513,4.469730434,-0.007326126,0.398046494,1,0.046210289,2.647654530,-0.036628723,-0.003663063,-0.009018516,-0.516722914,0.000000000,-0.000000000,6.000000000,2.500000000,3.156802416,180.871455185,0.000000000,-2.811573744,2.000000000,0.500000000,-2.872454882,-164.579541561,0.000000000,2.652687788,1.000000000,0.500000000,0.076104164,4.360447408,0.000000000,0.404521435,0.500000000,0.200000003,0.078423500,4.493335568,0.000000000,-0.000016204,0.000000000,0.100000001
2026-07-05 11:15:36.071,1783221336.071356535,212.004966551,1,1,211.990394484,1,0.007570553,5,1,0.006386120,5,1,0,1,0,0,1,1,1,0,1,0,-1.000000000,0.000000000,0.000000000,0.000000000,0,-1.000000000,0,0,0,,0,-1.000000000,,0,0,0.000000000,0.000000000,0,-1.000000000,0,,0,-1.000000000,,0,-1.000000000,0,,1,-0.045639612,-2.614957134,-0.007326126,0.188034058,1,2.960724115,169.636996113,-0.002442360,-2.441024780,1,-2.872073412,-164.557684956,-0.002442360,2.632478714,1,0.078011513,4.469730434,-0.007326126,0.398046494,1,0.046210289,2.647654530,-0.012210846,-0.003663063,-0.009018516,-0.516722914,0.000000000,-0.000000000,6.000000000,2.500000000,3.156802416,180.871455185,0.000000000,-2.811573744,2.000000000,0.500000000,-2.872454882,-164.579541561,0.000000000,2.652687788,1.000000000,0.500000000,0.076104164,4.360447408,0.000000000,0.404521435,0.500000000,0.200000003,0.078423500,4.493335568,0.000000000,-0.000016204,0.000000000,0.100000001
2026-07-05 11:15:37.071,1783221337.071452379,213.005062467,1,1,212.990490400,1,0.007572981,5,1,0.006420775,5,1,0,1,0,0,1,1,1,0,1,0,-1.000000000,0.000000000,0.000000000,0.000000000,0,-1.000000000,0,0,0,,0,-1.000000000,,0,0,0.000000000,0.000000000,0,-1.000000000,0,,0,-1.000000000,,0,-1.000000000,0,,1,-0.045639612,-2.614957134,-0.007326126,0.197802544,1,2.960724115,169.636996113,-0.002442360,-2.441024780,1,-2.872073412,-164.557684956,-0.007326126,2.632478714,1,0.078011513,4.469730434,0.007326126,0.398046494,1,0.046210289,2.647654530,-0.036628723,-0.003663063,-0.009018516,-0.516722914,0.000000000,-0.000000000,6.000000000,2.500000000,3.156802416,180.871455185,0.000000000,-2.811573744,2.000000000,0.500000000,-2.872454882,-164.579541561,0.000000000,2.652687788,1.000000000,0.500000000,0.076104164,4.360447408,0.000000000,0.404521435,0.500000000,0.200000003,0.078423500,4.493335568,0.000000000,-0.000016204,0.000000000,0.100000001
2026-07-05 11:15:38.071,1783221338.071413040,214.005023118,1,1,213.990451051,1,0.007459086,5,1,0.006508369,5,1,0,1,0,0,1,1,1,0,1,0,-1.000000000,0.000000000,0.000000000,0.000000000,0,-1.000000000,0,0,0,,0,-1.000000000,,0,0,0.000000000,0.000000000,0,-1.000000000,0,,0,-1.000000000,,0,-1.000000000,0,,1,-0.045639612,-2.614957134,-0.007326126,0.188034058,1,2.960724115,169.636996113,-0.002442360,-2.454700470,1,-2.872073412,-164.557684956,-0.002442360,2.632478714,1,0.078011513,4.469730434,-0.021978378,0.398046494,1,0.046210289,2.647654530,0.012210846,-0.003663063,-0.009018516,-0.516722914,0.000000000,-0.000000000,6.000000000,2.500000000,3.156802416,180.871455185,0.000000000,-2.811573744,2.000000000,0.500000000,-2.872454882,-164.579541561,0.000000000,2.652687788,1.000000000,0.500000000,0.076104164,4.360447408,0.000000000,0.404521435,0.500000000,0.200000003,0.078423500,4.493335568,0.000000000,-0.000016204,0.000000000,0.100000001
2026-07-05 11:15:39.071,1783221339.071218967,215.004829172,1,1,214.990257105,1,0.007819937,5,1,0.006251411,5,1,0,1,0,0,1,1,1,0,1,0,-1.000000000,0.000000000,0.000000000,0.000000000,0,-1.000000000,0,0,0,,0,-1.000000000,,0,0,0.000000000,0.000000000,0,-1.000000000,0,,0,-1.000000000,,0,-1.000000000,0,,1,-0.045639612,-2.614957134,-0.036630630,0.197802544,1,2.960724115,169.636996113,-0.002442360,-2.454700470,1,-2.872073412,-164.557684956,-0.002442360,2.632478714,1,0.078011513,4.469730434,-0.007326126,0.398046494,1,0.046210289,2.647654530,0.012210846,-0.003663063,-0.009018516,-0.516722914,0.000000000,-0.000000000,6.000000000,2.500000000,3.156802416,180.871455185,0.000000000,-2.811573744,2.000000000,0.500000000,-2.872454882,-164.579541561,0.000000000,2.652687788,1.000000000,0.500000000,0.076104164,4.360447408,0.000000000,0.404521435,0.500000000,0.200000003,0.078423500,4.493335568,0.000000000,-0.000016204,0.000000000,0.100000001
2026-07-05 11:15:40.071,1783221340.071188688,216.004798893,1,1,215.990226826,1,0.008199310,5,1,0.006465300,5,1,0,1,0,0,1,1,1,0,1,0,-1.000000000,0.000000000,0.000000000,0.000000000,0,-1.000000000,0,0,0,,0,-1.000000000,,0,0,0.000000000,0.000000000,0,-1.000000000,0,,0,-1.000000000,,0,-1.000000000,0,,1,-0.045639612,-2.614957134,-0.021978378,0.197802544,1,2.960724115,169.636996113,-0.002442360,-2.454700470,1,-2.872073412,-164.557684956,-0.002442360,2.632478714,1,0.078011513,4.469730434,-0.007326126,0.398046494,1,0.046210289,2.647654530,-0.036628723,-0.003663063,-0.009018516,-0.516722914,0.000000000,-0.000000000,6.000000000,2.500000000,3.156802416,180.871455185,0.000000000,-2.811573744,2.000000000,0.500000000,-2.872454882,-164.579541561,0.000000000,2.652687788,1.000000000,0.500000000,0.076104164,4.360447408,0.000000000,0.404521435,0.500000000,0.200000003,0.078423500,4.493335568,0.000000000,-0.000016204,0.000000000,0.100000001
2026-07-05 11:15:41.071,1783221341.071171284,217.004781383,1,1,216.990209316,1,0.008307612,5,1,0.006455426,5,1,0,1,0,0,1,1,1,0,1,0,-1.000000000,0.000000000,0.000000000,0.000000000,0,-1.000000000,0,0,0,,0,-1.000000000,,0,0,0.000000000,0.000000000,0,-1.000000000,0,,0,-1.000000000,,0,-1.000000000,0,,1,-0.045639612,-2.614957134,-0.021978378,0.197802544,1,2.960724115,169.636996113,-0.002442360,-2.454700470,1,-2.872073412,-164.557684956,-0.002442360,2.646154404,1,0.078011513,4.469730434,-0.021978378,0.398046494,1,0.046210289,2.647654530,0.012210846,-0.003663063,-0.009018516,-0.516722914,0.000000000,-0.000000000,6.000000000,2.500000000,3.156802416,180.871455185,0.000000000,-2.811573744,2.000000000,0.500000000,-2.872454882,-164.579541561,0.000000000,2.652687788,1.000000000,0.500000000,0.076104164,4.360447408,0.000000000,0.404521435,0.500000000,0.200000003,0.078423500,4.493335568,0.000000000,-0.000016204,0.000000000,0.100000001
2026-07-05 11:15:42.071,1783221342.071178913,218.004789040,1,1,217.990216973,1,0.007221592,5,1,0.006296759,5,1,0,1,0,0,1,1,1,0,1,0,-1.000000000,0.000000000,0.000000000,0.000000000,0,-1.000000000,0,0,0,,0,-1.000000000,,0,0,0.000000000,0.000000000,0,-1.000000000,0,,0,-1.000000000,,0,-1.000000000,0,,1,-0.045639612,-2.614957134,-0.007326126,0.197802544,1,2.960724115,169.636996113,-0.002442360,-2.454700470,1,-2.872073412,-164.557684956,-0.002442360,2.646154404,1,0.078011513,4.469730434,-0.007326126,0.398046494,1,0.046210289,2.647654530,0.012210846,-0.003663063,-0.009018516,-0.516722914,0.000000000,-0.000000000,6.000000000,2.500000000,3.156802416,180.871455185,0.000000000,-2.811573744,2.000000000,0.500000000,-2.872454882,-164.579541561,0.000000000,2.652687788,1.000000000,0.500000000,0.076104164,4.360447408,0.000000000,0.404521435,0.500000000,0.200000003,0.078423500,4.493335568,0.000000000,-0.000016204,0.000000000,0.100000001
2026-07-05 11:15:43.071,1783221343.071104765,219.004714914,1,1,218.990142847,1,0.007949008,5,1,0.006360046,5,1,0,1,0,0,1,1,1,0,1,0,-1.000000000,0.000000000,0.000000000,0.000000000,0,-1.000000000,0,0,0,,0,-1.000000000,,0,0,0.000000000,0.000000000,0,-1.000000000,0,,0,-1.000000000,,0,-1.000000000,0,,1,-0.045639612,-2.614957134,-0.021978378,0.192917824,1,2.960724115,169.636996113,-0.002442360,-2.441024780,1,-2.872073412,-164.557684956,-0.002442360,2.632478714,1,0.078011513,4.469730434,-0.007326126,0.398046494,1,0.046210289,2.647654530,-0.012210846,-0.003663063,-0.009018516,-0.516722914,0.000000000,-0.000000000,6.000000000,2.500000000,3.156802416,180.871455185,0.000000000,-2.811573744,2.000000000,0.500000000,-2.872454882,-164.579541561,0.000000000,2.652687788,1.000000000,0.500000000,0.076104164,4.360447408,0.000000000,0.404521435,0.500000000,0.200000003,0.078423500,4.493335568,0.000000000,-0.000016204,0.000000000,0.100000001
2026-07-05 11:15:44.071,1783221344.071275473,220.004885511,1,1,219.990313444,1,0.008034852,5,1,0.006402658,5,1,0,1,0,0,1,1,1,0,1,0,-1.000000000,0.000000000,0.000000000,0.000000000,0,-1.000000000,0,0,0,,0,-1.000000000,,0,0,0.000000000,0.000000000,0,-1.000000000,0,,0,-1.000000000,,0,-1.000000000,0,,1,-0.045639612,-2.614957134,-0.021978378,0.192917824,1,2.960724115,169.636996113,-0.002442360,-2.454700470,1,-2.872073412,-164.557684956,-0.002442360,2.632478714,1,0.078011513,4.469730434,-0.021978378,0.398046494,1,0.045826912,2.625688641,-0.012210846,-0.003663063,-0.009018516,-0.516722914,0.000000000,-0.000000000,6.000000000,2.500000000,3.156802416,180.871455185,0.000000000,-2.811573744,2.000000000,0.500000000,-2.872454882,-164.579541561,0.000000000,2.652687788,1.000000000,0.500000000,0.076104164,4.360447408,0.000000000,0.404521435,0.500000000,0.200000003,0.078423500,4.493335568,0.000000000,-0.000016204,0.000000000,0.100000001
2026-07-05 11:15:45.071,1783221345.071058512,221.004668464,1,1,220.990096397,1,0.008326740,5,1,0.006466516,5,1,0,1,0,0,1,1,1,0,1,0,-1.000000000,0.000000000,0.000000000,0.000000000,0,-1.000000000,0,0,0,,0,-1.000000000,,0,0,0.000000000,0.000000000,0,-1.000000000,0,,0,-1.000000000,,0,-1.000000000,0,,1,-0.045639612,-2.614957134,-0.007326126,0.192917824,1,2.960724115,169.636996113,0.002442360,-2.441024780,1,-2.872073412,-164.557684956,-0.002442360,2.646154404,1,0.078011513,4.469730434,-0.007326126,0.398046494,1,0.046210289,2.647654530,-0.036628723,-0.003663063,-0.009018516,-0.516722914,0.000000000,-0.000000000,6.000000000,2.500000000,3.156802416,180.871455185,0.000000000,-2.811573744,2.000000000,0.500000000,-2.872454882,-164.579541561,0.000000000,2.652687788,1.000000000,0.500000000,0.076104164,4.360447408,0.000000000,0.404521435,0.500000000,0.200000003,0.078423500,4.493335568,0.000000000,-0.000016204,0.000000000,0.100000001
2026-07-05 11:15:46.071,1783221346.071110964,222.004721072,1,1,221.990149005,1,0.007520367,5,1,0.006314539,5,1,0,1,0,0,1,1,1,0,1,0,-1.000000000,0.000000000,0.000000000,0.000000000,0,-1.000000000,0,0,0,,0,-1.000000000,,0,0,0.000000000,0.000000000,0,-1.000000000,0,,0,-1.000000000,,0,-1.000000000,0,,1,-0.045639612,-2.614957134,0.007326126,0.192917824,1,2.960724115,169.636996113,-0.002442360,-2.441024780,1,-2.872073412,-164.557684956,-0.002442360,2.646154404,1,0.078011513,4.469730434,-0.021978378,0.398046494,1,0.045826912,2.625688641,-0.012210846,-0.003663063,-0.009018516,-0.516722914,0.000000000,-0.000000000,6.000000000,2.500000000,3.156802416,180.871455185,0.000000000,-2.811573744,2.000000000,0.500000000,-2.872454882,-164.579541561,0.000000000,2.652687788,1.000000000,0.500000000,0.076104164,4.360447408,0.000000000,0.404521435,0.500000000,0.200000003,0.078423500,4.493335568,0.000000000,-0.000016204,0.000000000,0.100000001
2026-07-05 11:15:47.071,1783221347.071087837,223.004698015,1,1,222.990125948,1,0.007756290,5,1,0.006305331,5,1,0,1,0,0,1,1,1,0,1,0,-1.000000000,0.000000000,0.000000000,0.000000000,0,-1.000000000,0,0,0,,0,-1.000000000,,0,0,0.000000000,0.000000000,0,-1.000000000,0,,0,-1.000000000,,0,-1.000000000,0,,1,-0.045639612,-2.614957134,-0.007326126,0.192917824,1,2.960724115,169.636996113,-0.002442360,-2.454700470,1,-2.872073412,-164.557684956,-0.002442360,2.632478714,1,0.078011513,4.469730434,-0.007326126,0.398046494,1,0.046210289,2.647654530,-0.012210846,-0.003663063,-0.009018516,-0.516722914,0.000000000,-0.000000000,6.000000000,2.500000000,3.156802416,180.871455185,0.000000000,-2.811573744,2.000000000,0.500000000,-2.872454882,-164.579541561,0.000000000,2.652687788,1.000000000,0.500000000,0.076104164,4.360447408,0.000000000,0.404521435,0.500000000,0.200000003,0.078423500,4.493335568,0.000000000,-0.000016204,0.000000000,0.100000001
2026-07-05 11:15:48.071,1783221348.071157932,224.004768250,1,1,223.990196183,1,0.007353246,5,1,0.006419638,5,1,0,1,0,0,1,1,1,0,1,0,-1.000000000,0.000000000,0.000000000,0.000000000,0,-1.000000000,0,0,0,,0,-1.000000000,,0,0,0.000000000,0.000000000,0,-1.000000000,0,,0,-1.000000000,,0,-1.000000000,0,,1,-0.045639612,-2.614957134,-0.007326126,0.197802544,1,2.960724115,169.636996113,-0.002442360,-2.441024780,1,-2.872073412,-164.557684956,-0.002442360,2.632478714,1,0.078011513,4.469730434,-0.021978378,0.398046494,1,0.046210289,2.647654530,-0.012210846,-0.003663063,-0.009018516,-0.516722914,0.000000000,-0.000000000,6.000000000,2.500000000,3.156802416,180.871455185,0.000000000,-2.811573744,2.000000000,0.500000000,-2.872454882,-164.579541561,0.000000000,2.652687788,1.000000000,0.500000000,0.076104164,4.360447408,0.000000000,0.404521435,0.500000000,0.200000003,0.078423500,4.493335568,0.000000000,-0.000016204,0.000000000,0.100000001
2026-07-05 11:15:49.071,1783221349.071064472,225.004674792,1,1,224.990102725,1,0.007675439,5,1,0.006440034,5,1,0,1,0,0,1,1,1,0,1,0,-1.000000000,0.000000000,0.000000000,0.000000000,0,-1.000000000,0,0,0,,0,-1.000000000,,0,0,0.000000000,0.000000000,0,-1.000000000,0,,0,-1.000000000,,0,-1.000000000,0,,1,-0.045639612,-2.614957134,-0.007326126,0.192917824,1,2.960724115,169.636996113,-0.002442360,-2.454700470,1,-2.872073412,-164.557684956,-0.002442360,2.646154404,1,0.078011513,4.469730434,0.007326126,0.398046494,1,0.046210289,2.647654530,0.012210846,-0.003663063,-0.009018516,-0.516722914,0.000000000,-0.000000000,6.000000000,2.500000000,3.156802416,180.871455185,0.000000000,-2.811573744,2.000000000,0.500000000,-2.872454882,-164.579541561,0.000000000,2.652687788,1.000000000,0.500000000,0.076104164,4.360447408,0.000000000,0.404521435,0.500000000,0.200000003,0.078423500,4.493335568,0.000000000,-0.000016204,0.000000000,0.100000001
2026-07-05 11:15:50.070,1783221350.070872784,226.004482994,1,1,225.989910927,1,0.008278126,5,1,0.006380081,5,1,0,1,0,0,1,1,1,0,1,0,-1.000000000,0.000000000,0.000000000,0.000000000,0,-1.000000000,0,0,0,,0,-1.000000000,,0,0,0.000000000,0.000000000,0,-1.000000000,0,,0,-1.000000000,,0,-1.000000000,0,,1,-0.045639612,-2.614957134,-0.007326126,0.197802544,1,2.960724115,169.636996113,-0.002442360,-2.441024780,1,-2.872073412,-164.557684956,-0.002442360,2.646154404,1,0.078011513,4.469730434,0.007326126,0.398046494,1,0.046210289,2.647654530,-0.012210846,-0.003663063,-0.009018516,-0.516722914,0.000000000,-0.000000000,6.000000000,2.500000000,3.156802416,180.871455185,0.000000000,-2.811573744,2.000000000,0.500000000,-2.872454882,-164.579541561,0.000000000,2.652687788,1.000000000,0.500000000,0.076104164,4.360447408,0.000000000,0.404521435,0.500000000,0.200000003,0.078423500,4.493335568,0.000000000,-0.000016204,0.000000000,0.100000001
2026-07-05 11:15:51.071,1783221351.070935249,227.004545494,1,1,226.989973427,1,0.007810746,5,1,0.006330128,5,1,0,1,0,0,1,1,1,0,1,0,-1.000000000,0.000000000,0.000000000,0.000000000,0,-1.000000000,0,0,0,,0,-1.000000000,,0,0,0.000000000,0.000000000,0,-1.000000000,0,,0,-1.000000000,,0,-1.000000000,0,,1,-0.045639612,-2.614957134,-0.007326126,0.197802544,1,2.960724115,169.636996113,-0.002442360,-2.454700470,1,-2.872073412,-164.557684956,-0.002442360,2.632478714,1,0.078011513,4.469730434,-0.007326126,0.398046494,1,0.046210289,2.647654530,-0.012210846,-0.003663063,-0.009018516,-0.516722914,0.000000000,-0.000000000,6.000000000,2.500000000,3.156802416,180.871455185,0.000000000,-2.811573744,2.000000000,0.500000000,-2.872454882,-164.579541561,0.000000000,2.652687788,1.000000000,0.500000000,0.076104164,4.360447408,0.000000000,0.404521435,0.500000000,0.200000003,0.078423500,4.493335568,0.000000000,-0.000016204,0.000000000,0.100000001
2026-07-05 11:15:52.070,1783221352.070873260,228.004483438,1,1,227.989911371,1,0.008273542,5,1,0.006364886,5,1,0,1,0,0,1,1,1,0,1,0,-1.000000000,0.000000000,0.000000000,0.000000000,0,-1.000000000,0,0,0,,0,-1.000000000,,0,0,0.000000000,0.000000000,0,-1.000000000,0,,0,-1.000000000,,0,-1.000000000,0,,1,-0.045639612,-2.614957134,-0.007326126,0.197802544,1,2.960724115,169.636996113,0.002442360,-2.454700470,1,-2.872073412,-164.557684956,-0.002442360,2.632478714,1,0.078011513,4.469730434,-0.021978378,0.398046494,1,0.046210289,2.647654530,0.012210846,-0.003663063,-0.009018516,-0.516722914,0.000000000,-0.000000000,6.000000000,2.500000000,3.156802416,180.871455185,0.000000000,-2.811573744,2.000000000,0.500000000,-2.872454882,-164.579541561,0.000000000,2.652687788,1.000000000,0.500000000,0.076104164,4.360447408,0.000000000,0.404521435,0.500000000,0.200000003,0.078423500,4.493335568,0.000000000,-0.000016204,0.000000000,0.100000001
2026-07-05 11:15:53.071,1783221353.070933819,229.004543761,1,1,228.989971694,1,0.007810639,5,1,0.006289802,5,1,0,1,0,0,1,1,1,0,1,0,-1.000000000,0.000000000,0.000000000,0.000000000,0,-1.000000000,0,0,0,,0,-1.000000000,,0,0,0.000000000,0.000000000,0,-1.000000000,0,,0,-1.000000000,,0,-1.000000000,0,,1,-0.045639612,-2.614957134,-0.007326126,0.197802544,1,2.960724115,169.636996113,0.002442360,-2.454700470,1,-2.872073412,-164.557684956,-0.002442360,2.632478714,1,0.078011513,4.469730434,0.007326126,0.398046494,1,0.046210289,2.647654530,-0.036628723,-0.003663063,-0.009018516,-0.516722914,0.000000000,-0.000000000,6.000000000,2.500000000,3.156802416,180.871455185,0.000000000,-2.811573744,2.000000000,0.500000000,-2.872454882,-164.579541561,0.000000000,2.652687788,1.000000000,0.500000000,0.076104164,4.360447408,0.000000000,0.404521435,0.500000000,0.200000003,0.078423500,4.493335568,0.000000000,-0.000016204,0.000000000,0.100000001
2026-07-05 11:15:54.070,1783221354.070823669,230.004433772,1,1,229.989861705,1,0.008126507,5,1,0.006329553,5,1,0,1,0,0,1,1,1,0,1,0,-1.000000000,0.000000000,0.000000000,0.000000000,0,-1.000000000,0,0,0,,0,-1.000000000,,0,0,0.000000000,0.000000000,0,-1.000000000,0,,0,-1.000000000,,0,-1.000000000,0,,1,-0.045639612,-2.614957134,-0.021978378,0.192917824,1,2.960724115,169.636996113,0.002442360,-2.454700470,1,-2.872073412,-164.557684956,-0.002442360,2.632478714,1,0.078011513,4.469730434,-0.007326126,0.398046494,1,0.046210289,2.647654530,0.012210846,-0.003663063,-0.009018516,-0.516722914,0.000000000,-0.000000000,6.000000000,2.500000000,3.156802416,180.871455185,0.000000000,-2.811573744,2.000000000,0.500000000,-2.872454882,-164.579541561,0.000000000,2.652687788,1.000000000,0.500000000,0.076104164,4.360447408,0.000000000,0.404521435,0.500000000,0.200000003,0.078423500,4.493335568,0.000000000,-0.000016204,0.000000000,0.100000001
2026-07-05 11:15:55.070,1783221355.070788383,231.004398418,1,1,230.989826351,1,0.008188638,5,1,0.006416319,5,1,0,1,0,0,1,1,1,0,1,0,-1.000000000,0.000000000,0.000000000,0.000000000,0,-1.000000000,0,0,0,,0,-1.000000000,,0,0,0.000000000,0.000000000,0,-1.000000000,0,,0,-1.000000000,,0,-1.000000000,0,,1,-0.045639612,-2.614957134,-0.021978378,0.197802544,1,2.960724115,169.636996113,-0.002442360,-2.454700470,1,-2.872073412,-164.557684956,-0.002442360,2.632478714,1,0.078011513,4.469730434,0.007326126,0.398046494,1,0.046210289,2.647654530,-0.012210846,-0.003663063,-0.009018516,-0.516722914,0.000000000,-0.000000000,6.000000000,2.500000000,3.156802416,180.871455185,0.000000000,-2.811573744,2.000000000,0.500000000,-2.872454882,-164.579541561,0.000000000,2.652687788,1.000000000,0.500000000,0.076104164,4.360447408,0.000000000,0.404521435,0.500000000,0.200000003,0.078423500,4.493335568,0.000000000,-0.000016204,0.000000000,0.100000001
2026-07-05 11:15:56.070,1783221356.070841551,232.004451823,1,1,231.989879756,1,0.007615896,5,1,0.006332203,5,1,0,1,0,0,1,1,1,0,1,0,-1.000000000,0.000000000,0.000000000,0.000000000,0,-1.000000000,0,0,0,,0,-1.000000000,,0,0,0.000000000,0.000000000,0,-1.000000000,0,,0,-1.000000000,,0,-1.000000000,0,,1,-0.045639612,-2.614957134,0.007326126,0.202686310,1,2.960724115,169.636996113,-0.007326126,-2.454700470,1,-2.872073412,-164.557684956,-0.002442360,2.632478714,1,0.078011513,4.469730434,-0.007326126,0.398046494,1,0.046210289,2.647654530,-0.036628723,-0.003663063,-0.009018516,-0.516722914,0.000000000,-0.000000000,6.000000000,2.500000000,3.156802416,180.871455185,0.000000000,-2.811573744,2.000000000,0.500000000,-2.872454882,-164.579541561,0.000000000,2.652687788,1.000000000,0.500000000,0.076104164,4.360447408,0.000000000,0.404521435,0.500000000,0.200000003,0.078423500,4.493335568,0.000000000,-0.000016204,0.000000000,0.100000001
2026-07-05 11:15:57.070,1783221357.070747614,233.004357728,1,1,232.989785661,1,0.008000445,5,1,0.006360050,5,1,0,1,0,0,1,1,1,0,1,0,-1.000000000,0.000000000,0.000000000,0.000000000,0,-1.000000000,0,0,0,,0,-1.000000000,,0,0,0.000000000,0.000000000,0,-1.000000000,0,,0,-1.000000000,,0,-1.000000000,0,,1,-0.045639612,-2.614957134,-0.007326126,0.192917824,1,2.960724115,169.636996113,0.002442360,-2.454700470,1,-2.872073412,-164.557684956,-0.002442360,2.632478714,1,0.078011513,4.469730434,-0.007326126,0.398046494,1,0.045826912,2.625688641,-0.012210846,-0.003663063,-0.009018516,-0.516722914,0.000000000,-0.000000000,6.000000000,2.500000000,3.156802416,180.871455185,0.000000000,-2.811573744,2.000000000,0.500000000,-2.872454882,-164.579541561,0.000000000,2.652687788,1.000000000,0.500000000,0.076104164,4.360447408,0.000000000,0.404521435,0.500000000,0.200000003,0.078423500,4.493335568,0.000000000,-0.000016204,0.000000000,0.100000001
2026-07-05 11:15:58.070,1783221358.070715427,234.004325421,1,1,233.989753354,1,0.008150148,5,1,0.006391502,5,1,0,1,0,0,1,1,1,0,1,0,-1.000000000,0.000000000,0.000000000,0.000000000,0,-1.000000000,0,0,0,,0,-1.000000000,,0,0,0.000000000,0.000000000,0,-1.000000000,0,,0,-1.000000000,,0,-1.000000000,0,,1,-0.045639612,-2.614957134,0.007326126,0.192917824,1,2.960724115,169.636996113,-0.002442360,-2.454700470,1,-2.872073412,-164.557684956,-0.002442360,2.646154404,1,0.078011513,4.469730434,-0.007326126,0.398046494,1,0.046210289,2.647654530,-0.012210846,-0.003663063,-0.009018516,-0.516722914,0.000000000,-0.000000000,6.000000000,2.500000000,3.156802416,180.871455185,0.000000000,-2.811573744,2.000000000,0.500000000,-2.872454882,-164.579541561,0.000000000,2.652687788,1.000000000,0.500000000,0.076104164,4.360447408,0.000000000,0.404521435,0.500000000,0.200000003,0.078423500,4.493335568,0.000000000,-0.000016204,0.000000000,0.100000001
2026-07-05 11:15:59.070,1783221359.070690632,235.004300782,1,1,234.989728715,1,0.008132496,5,1,0.006249625,5,1,0,1,0,0,1,1,1,0,1,0,-1.000000000,0.000000000,0.000000000,0.000000000,0,-1.000000000,0,0,0,,0,-1.000000000,,0,0,0.000000000,0.000000000,0,-1.000000000,0,,0,-1.000000000,,0,-1.000000000,0,,1,-0.045639612,-2.614957134,-0.021978378,0.192917824,1,2.960724115,169.636996113,-0.002442360,-2.441024780,1,-2.872073412,-164.557684956,-0.002442360,2.632478714,1,0.078011513,4.469730434,-0.007326126,0.398046494,1,0.045826912,2.625688641,-0.036628723,-0.003663063,-0.009018516,-0.516722914,0.000000000,-0.000000000,6.000000000,2.500000000,3.156802416,180.871455185,0.000000000,-2.811573744,2.000000000,0.500000000,-2.872454882,-164.579541561,0.000000000,2.652687788,1.000000000,0.500000000,0.076104164,4.360447408,0.000000000,0.404521435,0.500000000,0.200000003,0.078423500,4.493335568,0.000000000,-0.000016204,0.000000000,0.100000001
