wall_time,ros_time_sec,elapsed_sec,has_ready,driver_ready,ready_age_sec,has_state,state_age_sec,state_size,has_command,command_age_sec,command_size,service_mode,service_suction,service_pick,service_place,service_stack,service_payload_estimate,service_payload_state,service_arm_mission,service_nav_arm_event,action_move_joint,has_nav_state,nav_state_age_sec,nav_state_x,nav_state_y,nav_state_yaw,has_nav_task_points,nav_task_points_age_sec,nav_task_points_count,nav_task_points_min_id,nav_task_points_max_id,nav_task_points_summary,has_nav_mission_request,nav_mission_request_age_sec,nav_mission_action,nav_mission_task_index,nav_mission_point_id,nav_mission_x,nav_mission_y,has_nav_mission_response,nav_mission_response_age_sec,nav_mission_response_success,nav_mission_response_message,has_nav_arm_event_request,nav_arm_event_request_age_sec,nav_arm_event_request_message,has_nav_arm_event_response,nav_arm_event_response_age_sec,nav_arm_event_response_success,nav_arm_event_response_message,state_valid_0,state_q_rad_0,state_q_deg_0,state_dq_0,state_tau_est_0,state_valid_1,state_q_rad_1,state_q_deg_1,state_dq_1,state_tau_est_1,state_valid_2,state_q_rad_2,state_q_deg_2,state_dq_2,state_tau_est_2,state_valid_3,state_q_rad_3,state_q_deg_3,state_dq_3,state_tau_est_3,state_valid_4,state_q_rad_4,state_q_deg_4,state_dq_4,state_tau_est_4,cmd_q_rad_0,cmd_q_deg_0,cmd_dq_0,cmd_tau_0,cmd_kp_0,cmd_kd_0,cmd_q_rad_1,cmd_q_deg_1,cmd_dq_1,cmd_tau_1,cmd_kp_1,cmd_kd_1,cmd_q_rad_2,cmd_q_deg_2,cmd_dq_2,cmd_tau_2,cmd_kp_2,cmd_kd_2,cmd_q_rad_3,cmd_q_deg_3,cmd_dq_3,cmd_tau_3,cmd_kp_3,cmd_kd_3,cmd_q_rad_4,cmd_q_deg_4,cmd_dq_4,cmd_tau_4,cmd_kp_4,cmd_kd_4
2026-07-05 14:48:38.596,1783234118.596023321,1.031268987,0,0,-1.000000000,0,-1.000000000,0,0,-1.000000000,0,1,0,0,0,0,1,1,0,0,1,0,-1.000000000,0.000000000,0.000000000,0.000000000,0,-1.000000000,0,0,0,,0,-1.000000000,,0,0,0.000000000,0.000000000,0,-1.000000000,0,,0,-1.000000000,,0,-1.000000000,0,,,,,,,,,,,,,,,,,,,,,,,,,,,,,,,,,,,,,,,,,,,,,,,,,,,,,,,,
2026-07-05 14:48:39.596,1783234119.596072674,2.031318364,0,0,-1.000000000,0,-1.000000000,0,0,-1.000000000,0,1,0,0,0,0,1,1,1,0,1,0,-1.000000000,0.000000000,0.000000000,0.000000000,0,-1.000000000,0,0,0,,0,-1.000000000,,0,0,0.000000000,0.000000000,0,-1.000000000,0,,0,-1.000000000,,0,-1.000000000,0,,,,,,,,,,,,,,,,,,,,,,,,,,,,,,,,,,,,,,,,,,,,,,,,,,,,,,,,
2026-07-05 14:48:40.596,1783234120.596172571,3.031418186,0,0,-1.000000000,0,-1.000000000,0,0,-1.000000000,0,1,0,0,0,0,1,1,1,0,1,0,-1.000000000,0.000000000,0.000000000,0.000000000,0,-1.000000000,0,0,0,,0,-1.000000000,,0,0,0.000000000,0.000000000,0,-1.000000000,0,,0,-1.000000000,,0,-1.000000000,0,,,,,,,,,,,,,,,,,,,,,,,,,,,,,,,,,,,,,,,,,,,,,,,,,,,,,,,,
2026-07-05 14:48:41.596,1783234121.596282482,4.031527937,0,0,-1.000000000,0,-1.000000000,0,0,-1.000000000,0,1,0,0,0,0,1,1,1,0,1,0,-1.000000000,0.000000000,0.000000000,0.000000000,0,-1.000000000,0,0,0,,0,-1.000000000,,0,0,0.000000000,0.000000000,0,-1.000000000,0,,0,-1.000000000,,0,-1.000000000,0,,,,,,,,,,,,,,,,,,,,,,,,,,,,,,,,,,,,,,,,,,,,,,,,,,,,,,,,
2026-07-05 14:48:42.596,1783234122.596114159,5.031359970,0,0,-1.000000000,0,-1.000000000,0,0,-1.000000000,0,1,0,0,0,0,1,1,1,0,1,0,-1.000000000,0.000000000,0.000000000,0.000000000,0,-1.000000000,0,0,0,,0,-1.000000000,,0,0,0.000000000,0.000000000,0,-1.000000000,0,,0,-1.000000000,,0,-1.000000000,0,,,,,,,,,,,,,,,,,,,,,,,,,,,,,,,,,,,,,,,,,,,,,,,,,,,,,,,,
2026-07-05 14:48:43.596,1783234123.596232653,6.031478279,0,0,-1.000000000,0,-1.000000000,0,0,-1.000000000,0,1,0,0,0,0,1,1,1,0,1,0,-1.000000000,0.000000000,0.000000000,0.000000000,0,-1.000000000,0,0,0,,0,-1.000000000,,0,0,0.000000000,0.000000000,0,-1.000000000,0,,0,-1.000000000,,0,-1.000000000,0,,,,,,,,,,,,,,,,,,,,,,,,,,,,,,,,,,,,,,,,,,,,,,,,,,,,,,,,
2026-07-05 14:48:44.596,1783234124.596232891,7.031478613,0,0,-1.000000000,0,-1.000000000,0,0,-1.000000000,0,1,0,0,0,0,1,1,1,0,1,0,-1.000000000,0.000000000,0.000000000,0.000000000,0,-1.000000000,0,0,0,,0,-1.000000000,,0,0,0.000000000,0.000000000,0,-1.000000000,0,,0,-1.000000000,,0,-1.000000000,0,,,,,,,,,,,,,,,,,,,,,,,,,,,,,,,,,,,,,,,,,,,,,,,,,,,,,,,,
2026-07-05 14:48:45.596,1783234125.596266508,8.031512184,0,0,-1.000000000,0,-1.000000000,0,0,-1.000000000,0,1,0,0,0,0,1,1,1,0,1,0,-1.000000000,0.000000000,0.000000000,0.000000000,0,-1.000000000,0,0,0,,0,-1.000000000,,0,0,0.000000000,0.000000000,0,-1.000000000,0,,0,-1.000000000,,0,-1.000000000,0,,,,,,,,,,,,,,,,,,,,,,,,,,,,,,,,,,,,,,,,,,,,,,,,,,,,,,,,
2026-07-05 14:48:46.596,1783234126.596075058,9.031320719,0,0,-1.000000000,0,-1.000000000,0,0,-1.000000000,0,1,0,0,0,0,1,1,1,0,1,0,-1.000000000,0.000000000,0.000000000,0.000000000,0,-1.000000000,0,0,0,,0,-1.000000000,,0,0,0.000000000,0.000000000,0,-1.000000000,0,,0,-1.000000000,,0,-1.000000000,0,,,,,,,,,,,,,,,,,,,,,,,,,,,,,,,,,,,,,,,,,,,,,,,,,,,,,,,,
2026-07-05 14:48:47.596,1783234127.596172094,10.031417777,0,0,-1.000000000,0,-1.000000000,0,0,-1.000000000,0,1,0,0,0,0,1,1,1,0,1,0,-1.000000000,0.000000000,0.000000000,0.000000000,0,-1.000000000,0,0,0,,0,-1.000000000,,0,0,0.000000000,0.000000000,0,-1.000000000,0,,0,-1.000000000,,0,-1.000000000,0,,,,,,,,,,,,,,,,,,,,,,,,,,,,,,,,,,,,,,,,,,,,,,,,,,,,,,,,
2026-07-05 14:48:48.596,1783234128.596140146,11.031385856,0,0,-1.000000000,0,-1.000000000,0,0,-1.000000000,0,1,0,0,0,0,1,1,1,0,1,0,-1.000000000,0.000000000,0.000000000,0.000000000,0,-1.000000000,0,0,0,,0,-1.000000000,,0,0,0.000000000,0.000000000,0,-1.000000000,0,,0,-1.000000000,,0,-1.000000000,0,,,,,,,,,,,,,,,,,,,,,,,,,,,,,,,,,,,,,,,,,,,,,,,,,,,,,,,,
2026-07-05 14:48:49.596,1783234129.596276283,12.031521918,0,0,-1.000000000,1,0.577638923,5,0,-1.000000000,0,1,0,0,0,0,1,1,1,0,1,0,-1.000000000,0.000000000,0.000000000,0.000000000,0,-1.000000000,0,0,0,,0,-1.000000000,,0,0,0.000000000,0.000000000,0,-1.000000000,0,,0,-1.000000000,,0,-1.000000000,0,,1,-0.030762291,-1.762549419,-0.007326126,-0.002442360,1,3.163287401,181.243017476,0.002442360,-0.006837845,1,-2.874362230,-164.688824588,-0.002442360,-0.006837845,1,0.000953674,0.054641513,-0.007326126,-0.007326126,1,-0.032404900,-1.856663982,0.012210846,-0.003663063,,,,,,,,,,,,,,,,,,,,,,,,,,,,,,
2026-07-05 14:48:50.596,1783234130.596246004,13.031491698,0,0,-1.000000000,1,1.577608703,5,0,-1.000000000,0,1,0,0,0,0,1,1,1,0,1,0,-1.000000000,0.000000000,0.000000000,0.000000000,0,-1.000000000,0,0,0,,0,-1.000000000,,0,0,0.000000000,0.000000000,0,-1.000000000,0,,0,-1.000000000,,0,-1.000000000,0,,1,-0.030762291,-1.762549419,-0.007326126,-0.002442360,1,3.163287401,181.243017476,0.002442360,-0.006837845,1,-2.874362230,-164.688824588,-0.002442360,-0.006837845,1,0.000953674,0.054641513,-0.007326126,-0.007326126,1,-0.032404900,-1.856663982,0.012210846,-0.003663063,,,,,,,,,,,,,,,,,,,,,,,,,,,,,,
2026-07-05 14:48:51.596,1783234131.596267939,14.031513821,0,0,-1.000000000,1,2.577630826,5,0,-1.000000000,0,1,0,0,0,0,1,1,1,0,1,0,-1.000000000,0.000000000,0.000000000,0.000000000,0,-1.000000000,0,0,0,,0,-1.000000000,,0,0,0.000000000,0.000000000,0,-1.000000000,0,,0,-1.000000000,,0,-1.000000000,0,,1,-0.030762291,-1.762549419,-0.007326126,-0.002442360,1,3.163287401,181.243017476,0.002442360,-0.006837845,1,-2.874362230,-164.688824588,-0.002442360,-0.006837845,1,0.000953674,0.054641513,-0.007326126,-0.007326126,1,-0.032404900,-1.856663982,0.012210846,-0.003663063,,,,,,,,,,,,,,,,,,,,,,,,,,,,,,
2026-07-05 14:48:52.596,1783234132.596271515,15.031517206,0,0,-1.000000000,1,3.577634211,5,0,-1.000000000,0,1,0,0,0,0,1,1,1,0,1,0,-1.000000000,0.000000000,0.000000000,0.000000000,0,-1.000000000,0,0,0,,0,-1.000000000,,0,0,0.000000000,0.000000000,0,-1.000000000,0,,0,-1.000000000,,0,-1.000000000,0,,1,-0.030762291,-1.762549419,-0.007326126,-0.002442360,1,3.163287401,181.243017476,0.002442360,-0.006837845,1,-2.874362230,-164.688824588,-0.002442360,-0.006837845,1,0.000953674,0.054641513,-0.007326126,-0.007326126,1,-0.032404900,-1.856663982,0.012210846,-0.003663063,,,,,,,,,,,,,,,,,,,,,,,,,,,,,,
2026-07-05 14:48:53.596,1783234133.596277237,16.031522846,0,0,-1.000000000,1,4.577639851,5,0,-1.000000000,0,1,0,0,0,0,1,1,1,0,1,0,-1.000000000,0.000000000,0.000000000,0.000000000,0,-1.000000000,0,0,0,,0,-1.000000000,,0,0,0.000000000,0.000000000,0,-1.000000000,0,,0,-1.000000000,,0,-1.000000000,0,,1,-0.030762291,-1.762549419,-0.007326126,-0.002442360,1,3.163287401,181.243017476,0.002442360,-0.006837845,1,-2.874362230,-164.688824588,-0.002442360,-0.006837845,1,0.000953674,0.054641513,-0.007326126,-0.007326126,1,-0.032404900,-1.856663982,0.012210846,-0.003663063,,,,,,,,,,,,,,,,,,,,,,,,,,,,,,
2026-07-05 14:48:54.596,1783234134.596277237,17.031522929,0,0,-1.000000000,1,5.577639934,5,0,-1.000000000,0,1,0,0,0,0,1,1,1,0,1,0,-1.000000000,0.000000000,0.000000000,0.000000000,0,-1.000000000,0,0,0,,0,-1.000000000,,0,0,0.000000000,0.000000000,0,-1.000000000,0,,0,-1.000000000,,0,-1.000000000,0,,1,-0.030762291,-1.762549419,-0.007326126,-0.002442360,1,3.163287401,181.243017476,0.002442360,-0.006837845,1,-2.874362230,-164.688824588,-0.002442360,-0.006837845,1,0.000953674,0.054641513,-0.007326126,-0.007326126,1,-0.032404900,-1.856663982,0.012210846,-0.003663063,,,,,,,,,,,,,,,,,,,,,,,,,,,,,,
2026-07-05 14:48:55.596,1783234135.596265554,18.031511268,0,0,-1.000000000,1,0.619578518,5,0,-1.000000000,0,1,0,0,0,0,1,1,1,0,1,0,-1.000000000,0.000000000,0.000000000,0.000000000,0,-1.000000000,0,0,0,,0,-1.000000000,,0,0,0.000000000,0.000000000,0,-1.000000000,0,,0,-1.000000000,,0,-1.000000000,0,,1,-0.030762291,-1.762549419,-0.007326126,-0.002442360,1,3.163287401,181.243017476,0.002442360,-0.006837845,1,-2.874362230,-164.688824588,-0.002442360,-0.006837845,1,0.000953674,0.054641513,-0.007326126,-0.007326126,1,-0.032404900,-1.856663982,0.012210846,-0.003663063,,,,,,,,,,,,,,,,,,,,,,,,,,,,,,
2026-07-05 14:48:56.596,1783234136.596140385,19.031385955,0,0,-1.000000000,1,1.619453205,5,0,-1.000000000,0,1,0,0,0,0,1,1,1,0,1,0,-1.000000000,0.000000000,0.000000000,0.000000000,0,-1.000000000,0,0,0,,0,-1.000000000,,0,0,0.000000000,0.000000000,0,-1.000000000,0,,0,-1.000000000,,0,-1.000000000,0,,1,-0.030762291,-1.762549419,-0.007326126,-0.002442360,1,3.163287401,181.243017476,0.002442360,-0.006837845,1,-2.874362230,-164.688824588,-0.002442360,-0.006837845,1,0.000953674,0.054641513,-0.007326126,-0.007326126,1,-0.032404900,-1.856663982,0.012210846,-0.003663063,,,,,,,,,,,,,,,,,,,,,,,,,,,,,,
2026-07-05 14:48:57.596,1783234137.596166611,20.031412307,0,0,-1.000000000,1,0.459477726,5,0,-1.000000000,0,1,0,0,0,0,1,1,1,0,1,0,-1.000000000,0.000000000,0.000000000,0.000000000,0,-1.000000000,0,0,0,,0,-1.000000000,,0,0,0.000000000,0.000000000,0,-1.000000000,0,,0,-1.000000000,,0,-1.000000000,0,,1,-0.030762291,-1.762549419,-0.007326126,-0.002442360,1,3.163287401,181.243017476,-0.002442360,-0.006837845,1,-2.874362230,-164.688824588,-0.007326126,-0.006837845,1,0.000953674,0.054641513,-0.021978378,-0.007326126,1,-0.032404900,-1.856663982,-0.036628723,-0.003663063,,,,,,,,,,,,,,,,,,,,,,,,,,,,,,
2026-07-05 14:48:58.596,1783234138.596159935,21.031405575,0,0,-1.000000000,1,1.459470994,5,0,-1.000000000,0,1,0,0,0,0,1,1,1,0,1,0,-1.000000000,0.000000000,0.000000000,0.000000000,0,-1.000000000,0,0,0,,0,-1.000000000,,0,0,0.000000000,0.000000000,0,-1.000000000,0,,0,-1.000000000,,0,-1.000000000,0,,1,-0.030762291,-1.762549419,-0.007326126,-0.002442360,1,3.163287401,181.243017476,-0.002442360,-0.006837845,1,-2.874362230,-164.688824588,-0.007326126,-0.006837845,1,0.000953674,0.054641513,-0.021978378,-0.007326126,1,-0.032404900,-1.856663982,-0.036628723,-0.003663063,,,,,,,,,,,,,,,,,,,,,,,,,,,,,,
2026-07-05 14:48:59.596,1783234139.596143007,22.031388685,0,0,-1.000000000,1,2.459454104,5,0,-1.000000000,0,1,0,0,0,0,1,1,1,0,1,0,-1.000000000,0.000000000,0.000000000,0.000000000,0,-1.000000000,0,0,0,,0,-1.000000000,,0,0,0.000000000,0.000000000,0,-1.000000000,0,,0,-1.000000000,,0,-1.000000000,0,,1,-0.030762291,-1.762549419,-0.007326126,-0.002442360,1,3.163287401,181.243017476,-0.002442360,-0.006837845,1,-2.874362230,-164.688824588,-0.007326126,-0.006837845,1,0.000953674,0.054641513,-0.021978378,-0.007326126,1,-0.032404900,-1.856663982,-0.036628723,-0.003663063,,,,,,,,,,,,,,,,,,,,,,,,,,,,,,
2026-07-05 14:49:00.596,1783234140.596111536,23.031357383,0,0,-1.000000000,1,3.459422802,5,0,-1.000000000,0,1,0,0,0,0,1,1,1,0,1,0,-1.000000000,0.000000000,0.000000000,0.000000000,0,-1.000000000,0,0,0,,0,-1.000000000,,0,0,0.000000000,0.000000000,0,-1.000000000,0,,0,-1.000000000,,0,-1.000000000,0,,1,-0.030762291,-1.762549419,-0.007326126,-0.002442360,1,3.163287401,181.243017476,-0.002442360,-0.006837845,1,-2.874362230,-164.688824588,-0.007326126,-0.006837845,1,0.000953674,0.054641513,-0.021978378,-0.007326126,1,-0.032404900,-1.856663982,-0.036628723,-0.003663063,,,,,,,,,,,,,,,,,,,,,,,,,,,,,,
2026-07-05 14:49:01.596,1783234141.596152306,24.031397951,0,0,-1.000000000,1,4.459463370,5,0,-1.000000000,0,1,0,0,0,0,1,1,1,0,1,0,-1.000000000,0.000000000,0.000000000,0.000000000,0,-1.000000000,0,0,0,,0,-1.000000000,,0,0,0.000000000,0.000000000,0,-1.000000000,0,,0,-1.000000000,,0,-1.000000000,0,,1,-0.030762291,-1.762549419,-0.007326126,-0.002442360,1,3.163287401,181.243017476,-0.002442360,-0.006837845,1,-2.874362230,-164.688824588,-0.007326126,-0.006837845,1,0.000953674,0.054641513,-0.021978378,-0.007326126,1,-0.032404900,-1.856663982,-0.036628723,-0.003663063,,,,,,,,,,,,,,,,,,,,,,,,,,,,,,
2026-07-05 14:49:02.596,1783234142.596044779,25.031290508,0,0,-1.000000000,1,5.459355927,5,0,-1.000000000,0,1,0,0,0,0,1,1,1,0,1,0,-1.000000000,0.000000000,0.000000000,0.000000000,0,-1.000000000,0,0,0,,0,-1.000000000,,0,0,0.000000000,0.000000000,0,-1.000000000,0,,0,-1.000000000,,0,-1.000000000,0,,1,-0.030762291,-1.762549419,-0.007326126,-0.002442360,1,3.163287401,181.243017476,-0.002442360,-0.006837845,1,-2.874362230,-164.688824588,-0.007326126,-0.006837845,1,0.000953674,0.054641513,-0.021978378,-0.007326126,1,-0.032404900,-1.856663982,-0.036628723,-0.003663063,,,,,,,,,,,,,,,,,,,,,,,,,,,,,,
2026-07-05 14:49:03.596,1783234143.596148491,26.031394073,0,0,-1.000000000,1,0.637988955,5,0,-1.000000000,0,1,0,0,0,0,1,1,1,0,1,0,-1.000000000,0.000000000,0.000000000,0.000000000,0,-1.000000000,0,0,0,,0,-1.000000000,,0,0,0.000000000,0.000000000,0,-1.000000000,0,,0,-1.000000000,,0,-1.000000000,0,,1,-0.030762291,-1.762549419,-0.007326126,-0.002442360,1,3.163287401,181.243017476,-0.002442360,-0.006837845,1,-2.874362230,-164.688824588,-0.002442360,-0.006837845,1,0.000953674,0.054641513,-0.007326126,-0.007326126,1,-0.032404900,-1.856663982,-0.012210846,-0.001221180,,,,,,,,,,,,,,,,,,,,,,,,,,,,,,
2026-07-05 14:49:04.596,1783234144.596019745,27.031265448,0,0,-1.000000000,1,1.637860330,5,0,-1.000000000,0,1,0,0,0,0,1,1,1,0,1,0,-1.000000000,0.000000000,0.000000000,0.000000000,0,-1.000000000,0,0,0,,0,-1.000000000,,0,0,0.000000000,0.000000000,0,-1.000000000,0,,0,-1.000000000,,0,-1.000000000,0,,1,-0.030762291,-1.762549419,-0.007326126,-0.002442360,1,3.163287401,181.243017476,-0.002442360,-0.006837845,1,-2.874362230,-164.688824588,-0.002442360,-0.006837845,1,0.000953674,0.054641513,-0.007326126,-0.007326126,1,-0.032404900,-1.856663982,-0.012210846,-0.001221180,,,,,,,,,,,,,,,,,,,,,,,,,,,,,,
2026-07-05 14:49:05.596,1783234145.595976353,28.031222114,0,0,-1.000000000,1,2.637816996,5,0,-1.000000000,0,1,0,0,0,0,1,1,1,0,1,0,-1.000000000,0.000000000,0.000000000,0.000000000,0,-1.000000000,0,0,0,,0,-1.000000000,,0,0,0.000000000,0.000000000,0,-1.000000000,0,,0,-1.000000000,,0,-1.000000000,0,,1,-0.030762291,-1.762549419,-0.007326126,-0.002442360,1,3.163287401,181.243017476,-0.002442360,-0.006837845,1,-2.874362230,-164.688824588,-0.002442360,-0.006837845,1,0.000953674,0.054641513,-0.007326126,-0.007326126,1,-0.032404900,-1.856663982,-0.012210846,-0.001221180,,,,,,,,,,,,,,,,,,,,,,,,,,,,,,
2026-07-05 14:49:06.596,1783234146.596154213,29.031399866,0,0,-1.000000000,1,3.637994748,5,0,-1.000000000,0,1,0,0,0,0,1,1,1,0,1,0,-1.000000000,0.000000000,0.000000000,0.000000000,0,-1.000000000,0,0,0,,0,-1.000000000,,0,0,0.000000000,0.000000000,0,-1.000000000,0,,0,-1.000000000,,0,-1.000000000,0,,1,-0.030762291,-1.762549419,-0.007326126,-0.002442360,1,3.163287401,181.243017476,-0.002442360,-0.006837845,1,-2.874362230,-164.688824588,-0.002442360,-0.006837845,1,0.000953674,0.054641513,-0.007326126,-0.007326126,1,-0.032404900,-1.856663982,-0.012210846,-0.001221180,,,,,,,,,,,,,,,,,,,,,,,,,,,,,,
2026-07-05 14:49:07.596,1783234147.596129417,30.031375247,1,1,0.091974964,1,0.090938911,5,0,-1.000000000,0,1,0,0,0,0,1,1,1,0,1,0,-1.000000000,0.000000000,0.000000000,0.000000000,0,-1.000000000,0,0,0,,0,-1.000000000,,0,0,0.000000000,0.000000000,0,-1.000000000,0,,0,-1.000000000,,0,-1.000000000,0,,1,-0.030762291,-1.762549419,-0.007326126,-0.002442360,1,3.163287401,181.243017476,-0.002442360,-0.006837845,1,-2.874362230,-164.688824588,-0.002442360,-0.020513535,1,0.000953674,0.054641513,-0.007326126,-0.007326126,1,-0.032404900,-1.856663982,-0.036628723,-0.003663063,,,,,,,,,,,,,,,,,,,,,,,,,,,,,,
2026-07-05 14:49:10.138,1783234150.138614893,32.573860412,1,1,2.634460129,1,2.633424076,5,0,-1.000000000,0,1,0,0,0,0,1,1,1,0,1,0,-1.000000000,0.000000000,0.000000000,0.000000000,0,-1.000000000,0,0,0,,0,-1.000000000,,0,0,0.000000000,0.000000000,0,-1.000000000,0,,0,-1.000000000,,0,-1.000000000,0,,1,-0.030762291,-1.762549419,-0.007326126,-0.002442360,1,3.163287401,181.243017476,-0.002442360,-0.006837845,1,-2.874362230,-164.688824588,-0.002442360,-0.020513535,1,0.000953674,0.054641513,-0.007326126,-0.007326126,1,-0.032404900,-1.856663982,-0.036628723,-0.003663063,,,,,,,,,,,,,,,,,,,,,,,,,,,,,,
2026-07-05 14:49:11.138,1783234151.138658524,33.573904193,1,1,3.634503910,1,0.008705471,5,0,-1.000000000,0,1,0,0,0,0,1,1,1,0,1,0,-1.000000000,0.000000000,0.000000000,0.000000000,0,-1.000000000,0,0,0,,0,-1.000000000,,0,0,0.000000000,0.000000000,0,-1.000000000,0,,0,-1.000000000,,0,-1.000000000,0,,1,-0.030762291,-1.762549419,-0.007326126,-0.007326126,1,3.163287401,181.243017476,-0.002442360,-0.006837845,1,-2.874362230,-164.688824588,-0.007326126,-0.020513535,1,0.000953674,0.054641513,-0.007326126,-0.007326126,1,-0.032404900,-1.856663982,-0.036628723,-0.001221180,,,,,,,,,,,,,,,,,,,,,,,,,,,,,,
2026-07-05 14:49:12.138,1783234152.138654947,34.573900761,1,1,4.634500478,1,0.007909387,5,0,-1.000000000,0,1,0,0,0,0,1,1,1,0,1,0,-1.000000000,0.000000000,0.000000000,0.000000000,0,-1.000000000,0,0,0,,0,-1.000000000,,0,0,0.000000000,0.000000000,0,-1.000000000,0,,0,-1.000000000,,0,-1.000000000,0,,1,-0.030762291,-1.762549419,-0.007326126,-0.002442360,1,3.163287401,181.243017476,0.002442360,-0.006837845,1,-2.874362230,-164.688824588,-0.002442360,-0.006837845,1,0.000953674,0.054641513,-0.007326126,-0.002442360,1,-0.032404900,-1.856663982,-0.036628723,-0.003663063,,,,,,,,,,,,,,,,,,,,,,,,,,,,,,
2026-07-05 14:49:13.138,1783234153.138519049,35.573764667,1,1,5.634364384,1,0.007665905,5,0,-1.000000000,0,1,0,0,0,0,1,1,1,0,1,0,-1.000000000,0.000000000,0.000000000,0.000000000,0,-1.000000000,0,0,0,,0,-1.000000000,,0,0,0.000000000,0.000000000,0,-1.000000000,0,,0,-1.000000000,,0,-1.000000000,0,,1,-0.030762291,-1.762549419,-0.021978378,-0.007326126,1,3.163287401,181.243017476,-0.002442360,-0.020513535,1,-2.874362230,-164.688824588,-0.002442360,-0.020513535,1,0.000953674,0.054641513,-0.007326126,-0.002442360,1,-0.032404900,-1.856663982,-0.012210846,-0.001221180,,,,,,,,,,,,,,,,,,,,,,,,,,,,,,
2026-07-05 14:49:14.138,1783234154.138566256,36.573811771,1,1,6.634411488,1,0.007484143,5,0,-1.000000000,0,1,0,0,0,0,1,1,1,0,1,0,-1.000000000,0.000000000,0.000000000,0.000000000,0,-1.000000000,0,0,0,,0,-1.000000000,,0,0,0.000000000,0.000000000,0,-1.000000000,0,,0,-1.000000000,,0,-1.000000000,0,,1,-0.030762291,-1.762549419,0.007326126,-0.002442360,1,3.163287401,181.243017476,-0.002442360,-0.006837845,1,-2.874362230,-164.688824588,-0.002442360,-0.020513535,1,0.000953674,0.054641513,-0.007326126,-0.002442360,1,-0.032404900,-1.856663982,-0.012210846,-0.001221180,,,,,,,,,,,,,,,,,,,,,,,,,,,,,,
2026-07-05 14:49:15.138,1783234155.138730288,37.573975854,1,1,7.634575571,1,0.008414890,5,0,-1.000000000,0,1,0,0,0,0,1,1,1,0,1,0,-1.000000000,0.000000000,0.000000000,0.000000000,0,-1.000000000,0,0,0,,0,-1.000000000,,0,0,0.000000000,0.000000000,0,-1.000000000,0,,0,-1.000000000,,0,-1.000000000,0,,1,-0.030762291,-1.762549419,-0.007326126,-0.002442360,1,3.163287401,181.243017476,-0.002442360,-0.020513535,1,-2.874362230,-164.688824588,-0.002442360,-0.020513535,1,0.000953674,0.054641513,-0.007326126,-0.002442360,1,-0.032788277,-1.878629871,-0.036628723,-0.003663063,,,,,,,,,,,,,,,,,,,,,,,,,,,,,,
2026-07-05 14:49:16.138,1783234156.138667107,38.573912738,1,1,8.634512455,1,0.007904455,5,0,-1.000000000,0,1,0,0,0,0,1,1,1,0,1,0,-1.000000000,0.000000000,0.000000000,0.000000000,0,-1.000000000,0,0,0,,0,-1.000000000,,0,0,0.000000000,0.000000000,0,-1.000000000,0,,0,-1.000000000,,0,-1.000000000,0,,1,-0.030762291,-1.762549419,-0.007326126,-0.007326126,1,3.163287401,181.243017476,-0.002442360,-0.006837845,1,-2.874362230,-164.688824588,-0.007326126,-0.006837845,1,0.000953674,0.054641513,-0.021978378,-0.002442360,1,-0.032404900,-1.856663982,-0.036628723,-0.003663063,,,,,,,,,,,,,,,,,,,,,,,,,,,,,,
2026-07-05 14:49:17.138,1783234157.138769388,39.574015161,1,1,9.634614878,1,0.667852271,5,0,-1.000000000,0,1,0,0,0,0,1,1,1,0,1,0,-1.000000000,0.000000000,0.000000000,0.000000000,0,-1.000000000,0,0,0,,0,-1.000000000,,0,0,0.000000000,0.000000000,0,-1.000000000,0,,0,-1.000000000,,0,-1.000000000,0,,1,-0.030762291,-1.762549419,-0.007326126,-0.007326126,1,3.163287401,181.243017476,0.002442360,-0.020513535,1,-2.874362230,-164.688824588,-0.002442360,-0.020513535,1,0.000953674,0.054641513,-0.007326126,-0.002442360,1,-0.032404900,-1.856663982,-0.061050415,-0.003663063,,,,,,,,,,,,,,,,,,,,,,,,,,,,,,
2026-07-05 14:49:18.138,1783234158.138745070,40.573990878,1,1,10.634590595,1,1.667827988,5,0,-1.000000000,0,1,0,0,0,0,1,1,1,0,1,0,-1.000000000,0.000000000,0.000000000,0.000000000,0,-1.000000000,0,0,0,,0,-1.000000000,,0,0,0.000000000,0.000000000,0,-1.000000000,0,,0,-1.000000000,,0,-1.000000000,0,,1,-0.030762291,-1.762549419,-0.007326126,-0.007326126,1,3.163287401,181.243017476,0.002442360,-0.020513535,1,-2.874362230,-164.688824588,-0.002442360,-0.020513535,1,0.000953674,0.054641513,-0.007326126,-0.002442360,1,-0.032404900,-1.856663982,-0.061050415,-0.003663063,,,,,,,,,,,,,,,,,,,,,,,,,,,,,,
2026-07-05 14:49:19.138,1783234159.138662100,41.573907720,1,1,11.634507437,1,2.667744830,5,0,-1.000000000,0,1,0,0,0,0,1,1,1,0,1,0,-1.000000000,0.000000000,0.000000000,0.000000000,0,-1.000000000,0,0,0,,0,-1.000000000,,0,0,0.000000000,0.000000000,0,-1.000000000,0,,0,-1.000000000,,0,-1.000000000,0,,1,-0.030762291,-1.762549419,-0.007326126,-0.007326126,1,3.163287401,181.243017476,0.002442360,-0.020513535,1,-2.874362230,-164.688824588,-0.002442360,-0.020513535,1,0.000953674,0.054641513,-0.007326126,-0.002442360,1,-0.032404900,-1.856663982,-0.061050415,-0.003663063,,,,,,,,,,,,,,,,,,,,,,,,,,,,,,
2026-07-05 14:49:20.138,1783234160.138776779,42.574022619,1,1,12.634622336,1,3.667859729,5,0,-1.000000000,0,1,0,0,0,0,1,1,1,0,1,0,-1.000000000,0.000000000,0.000000000,0.000000000,0,-1.000000000,0,0,0,,0,-1.000000000,,0,0,0.000000000,0.000000000,0,-1.000000000,0,,0,-1.000000000,,0,-1.000000000,0,,1,-0.030762291,-1.762549419,-0.007326126,-0.007326126,1,3.163287401,181.243017476,0.002442360,-0.020513535,1,-2.874362230,-164.688824588,-0.002442360,-0.020513535,1,0.000953674,0.054641513,-0.007326126,-0.002442360,1,-0.032404900,-1.856663982,-0.061050415,-0.003663063,,,,,,,,,,,,,,,,,,,,,,,,,,,,,,
2026-07-05 14:49:21.138,1783234161.138494730,43.573740337,1,1,13.634340054,1,4.667577447,5,0,-1.000000000,0,1,0,0,0,0,1,1,1,0,1,0,-1.000000000,0.000000000,0.000000000,0.000000000,0,-1.000000000,0,0,0,,0,-1.000000000,,0,0,0.000000000,0.000000000,0,-1.000000000,0,,0,-1.000000000,,0,-1.000000000,0,,1,-0.030762291,-1.762549419,-0.007326126,-0.007326126,1,3.163287401,181.243017476,0.002442360,-0.020513535,1,-2.874362230,-164.688824588,-0.002442360,-0.020513535,1,0.000953674,0.054641513,-0.007326126,-0.002442360,1,-0.032404900,-1.856663982,-0.061050415,-0.003663063,,,,,,,,,,,,,,,,,,,,,,,,,,,,,,
2026-07-05 14:49:22.138,1783234162.138621330,44.573867078,1,1,14.634466795,1,5.667704188,5,0,-1.000000000,0,1,0,0,0,0,1,1,1,0,1,0,-1.000000000,0.000000000,0.000000000,0.000000000,0,-1.000000000,0,0,0,,0,-1.000000000,,0,0,0.000000000,0.000000000,0,-1.000000000,0,,0,-1.000000000,,0,-1.000000000,0,,1,-0.030762291,-1.762549419,-0.007326126,-0.007326126,1,3.163287401,181.243017476,0.002442360,-0.020513535,1,-2.874362230,-164.688824588,-0.002442360,-0.020513535,1,0.000953674,0.054641513,-0.007326126,-0.002442360,1,-0.032404900,-1.856663982,-0.061050415,-0.003663063,,,,,,,,,,,,,,,,,,,,,,,,,,,,,,
2026-07-05 14:49:23.138,1783234163.138720036,45.573965822,1,1,15.634565539,1,6.667802932,5,0,-1.000000000,0,1,0,0,0,0,1,1,1,0,1,0,-1.000000000,0.000000000,0.000000000,0.000000000,0,-1.000000000,0,0,0,,0,-1.000000000,,0,0,0.000000000,0.000000000,0,-1.000000000,0,,0,-1.000000000,,0,-1.000000000,0,,1,-0.030762291,-1.762549419,-0.007326126,-0.007326126,1,3.163287401,181.243017476,0.002442360,-0.020513535,1,-2.874362230,-164.688824588,-0.002442360,-0.020513535,1,0.000953674,0.054641513,-0.007326126,-0.002442360,1,-0.032404900,-1.856663982,-0.061050415,-0.003663063,,,,,,,,,,,,,,,,,,,,,,,,,,,,,,
2026-07-05 14:49:24.138,1783234164.138743877,46.573989464,1,1,16.634589181,1,7.667826574,5,0,-1.000000000,0,1,0,0,0,0,1,1,1,0,1,0,-1.000000000,0.000000000,0.000000000,0.000000000,0,-1.000000000,0,0,0,,0,-1.000000000,,0,0,0.000000000,0.000000000,0,-1.000000000,0,,0,-1.000000000,,0,-1.000000000,0,,1,-0.030762291,-1.762549419,-0.007326126,-0.007326126,1,3.163287401,181.243017476,0.002442360,-0.020513535,1,-2.874362230,-164.688824588,-0.002442360,-0.020513535,1,0.000953674,0.054641513,-0.007326126,-0.002442360,1,-0.032404900,-1.856663982,-0.061050415,-0.003663063,,,,,,,,,,,,,,,,,,,,,,,,,,,,,,
2026-07-05 14:49:25.138,1783234165.138610601,47.573856426,1,1,17.634456143,1,8.667693536,5,0,-1.000000000,0,1,0,0,0,0,1,1,1,0,1,0,-1.000000000,0.000000000,0.000000000,0.000000000,0,-1.000000000,0,0,0,,0,-1.000000000,,0,0,0.000000000,0.000000000,0,-1.000000000,0,,0,-1.000000000,,0,-1.000000000,0,,1,-0.030762291,-1.762549419,-0.007326126,-0.007326126,1,3.163287401,181.243017476,0.002442360,-0.020513535,1,-2.874362230,-164.688824588,-0.002442360,-0.020513535,1,0.000953674,0.054641513,-0.007326126,-0.002442360,1,-0.032404900,-1.856663982,-0.061050415,-0.003663063,,,,,,,,,,,,,,,,,,,,,,,,,,,,,,
2026-07-05 14:49:26.138,1783234166.138764858,48.574010584,1,1,18.634610301,1,9.667847694,5,0,-1.000000000,0,1,0,0,0,0,1,1,1,0,1,0,-1.000000000,0.000000000,0.000000000,0.000000000,0,-1.000000000,0,0,0,,0,-1.000000000,,0,0,0.000000000,0.000000000,0,-1.000000000,0,,0,-1.000000000,,0,-1.000000000,0,,1,-0.030762291,-1.762549419,-0.007326126,-0.007326126,1,3.163287401,181.243017476,0.002442360,-0.020513535,1,-2.874362230,-164.688824588,-0.002442360,-0.020513535,1,0.000953674,0.054641513,-0.007326126,-0.002442360,1,-0.032404900,-1.856663982,-0.061050415,-0.003663063,,,,,,,,,,,,,,,,,,,,,,,,,,,,,,
2026-07-05 14:49:27.138,1783234167.138569117,49.573814991,1,1,19.634414708,1,0.007967402,5,1,0.003777311,5,1,0,0,0,0,1,1,1,0,1,0,-1.000000000,0.000000000,0.000000000,0.000000000,0,-1.000000000,0,0,0,,0,-1.000000000,,0,0,0.000000000,0.000000000,0,-1.000000000,0,,0,-1.000000000,,0,-1.000000000,0,,1,-0.030762291,-1.762549419,-0.007326126,-0.021978378,1,3.159854174,181.046308028,-0.275946617,-2.222221375,1,-2.873980761,-164.666967983,0.026862144,2.468376160,1,0.001716614,0.098354724,0.007326126,0.378510475,1,-0.032404900,-1.856663982,-0.012210846,-0.003663063,-0.030762291,-1.762549419,0.000000000,-0.000000000,8.000000000,3.500000000,3.163287401,181.243017476,0.000000000,-2.804438829,2.000000000,0.500000000,-2.874362230,-164.688824588,0.000000000,2.659170151,1.000000000,0.500000000,0.000953674,0.054641513,0.000000000,0.414248645,0.500000000,0.200000003,-0.032404900,-1.856663982,0.000000000,-0.000039328,0.000000000,0.100000001
2026-07-05 14:49:28.138,1783234168.138674736,50.573920331,1,1,20.634520048,1,0.006937470,5,1,0.003633513,5,1,0,0,0,0,1,1,1,0,1,0,-1.000000000,0.000000000,0.000000000,0.000000000,0,-1.000000000,0,0,0,,0,-1.000000000,,0,0,0.000000000,0.000000000,0,-1.000000000,0,,0,-1.000000000,,0,-1.000000000,0,,1,-0.030380821,-1.740692813,-0.007326126,-0.031745911,1,3.141543627,179.997190971,-0.002442360,-2.769229889,1,-2.873217821,-164.623254772,-0.002442360,2.632478714,1,0.002098083,0.120211329,0.007326126,0.407814026,1,-0.032404900,-1.856663982,-0.012210846,-0.003663063,-0.030762291,-1.762549419,0.000000000,-0.000000000,8.000000000,3.500000000,3.163287401,181.243017476,0.000000000,-2.804438829,2.000000000,0.500000000,-2.874362230,-164.688824588,0.000000000,2.659170151,1.000000000,0.500000000,0.000953674,0.054641513,0.000000000,0.414248645,0.500000000,0.200000003,-0.032404900,-1.856663982,0.000000000,-0.000039328,0.000000000,0.100000001
2026-07-05 14:49:29.138,1783234169.138576269,51.573822103,1,1,21.634421820,1,0.007619754,5,1,0.003668250,5,1,0,0,0,0,1,1,1,0,1,0,-1.000000000,0.000000000,0.000000000,0.000000000,0,-1.000000000,0,0,0,,0,-1.000000000,,0,0,0.000000000,0.000000000,0,-1.000000000,0,,0,-1.000000000,,0,-1.000000000,0,,1,-0.030380821,-1.740692813,-0.036630630,-0.036629677,1,3.141543627,179.997190971,-0.002442360,-2.769229889,1,-2.873217821,-164.623254772,-0.002442360,2.646154404,1,0.002098083,0.120211329,-0.021978378,0.407814026,1,-0.032404900,-1.856663982,-0.036628723,-0.003663063,-0.030762291,-1.762549419,0.000000000,-0.000000000,8.000000000,3.500000000,3.163287401,181.243017476,0.000000000,-2.804438829,2.000000000,0.500000000,-2.874362230,-164.688824588,0.000000000,2.659170151,1.000000000,0.500000000,0.000953674,0.054641513,0.000000000,0.414248645,0.500000000,0.200000003,-0.032404900,-1.856663982,0.000000000,-0.000039328,0.000000000,0.100000001
2026-07-05 14:49:30.138,1783234170.138583183,52.573829049,1,1,22.634428766,1,0.008061912,5,1,0.003808103,5,1,0,0,0,0,1,1,1,0,1,0,-1.000000000,0.000000000,0.000000000,0.000000000,0,-1.000000000,0,0,0,,0,-1.000000000,,0,0,0.000000000,0.000000000,0,-1.000000000,0,,0,-1.000000000,,0,-1.000000000,0,,1,-0.030380821,-1.740692813,-0.007326126,-0.031745911,1,3.141543627,179.997190971,-0.002442360,-2.782905579,1,-2.873217821,-164.623254772,-0.002442360,2.632478714,1,0.002098083,0.120211329,-0.007326126,0.407814026,1,-0.032404900,-1.856663982,-0.036628723,-0.003663063,-0.030762291,-1.762549419,0.000000000,-0.000000000,8.000000000,3.500000000,3.163287401,181.243017476,0.000000000,-2.804438829,2.000000000,0.500000000,-2.874362230,-164.688824588,0.000000000,2.659170151,1.000000000,0.500000000,0.000953674,0.054641513,0.000000000,0.414248645,0.500000000,0.200000003,-0.032404900,-1.856663982,0.000000000,-0.000039328,0.000000000,0.100000001
2026-07-05 14:49:31.138,1783234171.138644218,53.573889824,1,1,23.634489541,1,0.007791078,5,1,0.003749950,5,1,0,0,0,0,1,1,1,0,1,0,-1.000000000,0.000000000,0.000000000,0.000000000,0,-1.000000000,0,0,0,,0,-1.000000000,,0,0,0.000000000,0.000000000,0,-1.000000000,0,,0,-1.000000000,,0,-1.000000000,0,,1,-0.030380821,-1.740692813,0.007326126,-0.031745911,1,3.141543627,179.997190971,-0.002442360,-2.769229889,1,-2.873217821,-164.623254772,-0.002442360,2.632478714,1,0.002098083,0.120211329,-0.007326126,0.407814026,1,-0.032020569,-1.834643453,-0.036628723,-0.003663063,-0.030762291,-1.762549419,0.000000000,-0.000000000,8.000000000,3.500000000,3.163287401,181.243017476,0.000000000,-2.804438829,2.000000000,0.500000000,-2.874362230,-164.688824588,0.000000000,2.659170151,1.000000000,0.500000000,0.000953674,0.054641513,0.000000000,0.414248645,0.500000000,0.200000003,-0.032404900,-1.856663982,0.000000000,-0.000039328,0.000000000,0.100000001
2026-07-05 14:49:32.138,1783234172.138554335,54.573799977,1,1,24.634399694,1,0.007727476,5,1,0.003554830,5,1,0,0,0,0,1,1,1,0,1,0,-1.000000000,0.000000000,0.000000000,0.000000000,0,-1.000000000,0,0,0,,0,-1.000000000,,0,0,0.000000000,0.000000000,0,-1.000000000,0,,0,-1.000000000,,0,-1.000000000,0,,1,-0.030380821,-1.740692813,0.007326126,-0.031745911,1,3.141543627,179.997190971,0.002442360,-2.769229889,1,-2.873217821,-164.623254772,-0.002442360,2.632478714,1,0.002098083,0.120211329,-0.007326126,0.407814026,1,-0.032404900,-1.856663982,0.012210846,-0.003663063,-0.030762291,-1.762549419,0.000000000,-0.000000000,8.000000000,3.500000000,3.163287401,181.243017476,0.000000000,-2.804438829,2.000000000,0.500000000,-2.874362230,-164.688824588,0.000000000,2.659170151,1.000000000,0.500000000,0.000953674,0.054641513,0.000000000,0.414248645,0.500000000,0.200000003,-0.032404900,-1.856663982,0.000000000,-0.000039328,0.000000000,0.100000001
2026-07-05 14:49:33.138,1783234173.138623714,55.573869358,1,1,25.634469075,1,0.007786336,5,1,0.003895446,5,1,0,0,0,0,1,1,1,0,1,0,-1.000000000,0.000000000,0.000000000,0.000000000,0,-1.000000000,0,0,0,,0,-1.000000000,,0,0,0.000000000,0.000000000,0,-1.000000000,0,,0,-1.000000000,,0,-1.000000000,0,,1,-0.030380821,-1.740692813,-0.007326126,-0.031745911,1,3.141543627,179.997190971,-0.002442360,-2.782905579,1,-2.873217821,-164.623254772,-0.002442360,2.632478714,1,0.002098083,0.120211329,-0.007326126,0.407814026,1,-0.032404900,-1.856663982,-0.012210846,-0.003663063,-0.030762291,-1.762549419,0.000000000,-0.000000000,8.000000000,3.500000000,3.163287401,181.243017476,0.000000000,-2.804438829,2.000000000,0.500000000,-2.874362230,-164.688824588,0.000000000,2.659170151,1.000000000,0.500000000,0.000953674,0.054641513,0.000000000,0.414248645,0.500000000,0.200000003,-0.032404900,-1.856663982,0.000000000,-0.000039328,0.000000000,0.100000001
2026-07-05 14:49:34.138,1783234174.138588428,56.573834010,1,1,26.634433727,1,0.007859617,5,1,0.003720086,5,1,0,0,0,0,1,1,1,0,1,0,-1.000000000,0.000000000,0.000000000,0.000000000,0,-1.000000000,0,0,0,,0,-1.000000000,,0,0,0.000000000,0.000000000,0,-1.000000000,0,,0,-1.000000000,,0,-1.000000000,0,,1,-0.030380821,-1.740692813,-0.007326126,-0.031745911,1,3.141543627,179.997190971,-0.002442360,-2.769229889,1,-2.873217821,-164.623254772,-0.002442360,2.632478714,1,0.002098083,0.120211329,-0.007326126,0.407814026,1,-0.032404900,-1.856663982,0.012210846,-0.003663063,-0.030762291,-1.762549419,0.000000000,-0.000000000,8.000000000,3.500000000,3.163287401,181.243017476,0.000000000,-2.804438829,2.000000000,0.500000000,-2.874362230,-164.688824588,0.000000000,2.659170151,1.000000000,0.500000000,0.000953674,0.054641513,0.000000000,0.414248645,0.500000000,0.200000003,-0.032404900,-1.856663982,0.000000000,-0.000039328,0.000000000,0.100000001
2026-07-05 14:49:35.138,1783234175.138716459,57.573962029,1,1,27.634561746,1,0.008432105,5,1,0.373952558,5,1,0,0,0,0,1,1,1,0,1,0,-1.000000000,0.000000000,0.000000000,0.000000000,0,-1.000000000,0,0,0,,0,-1.000000000,,0,0,0.000000000,0.000000000,0,-1.000000000,0,,0,-1.000000000,,0,-1.000000000,0,,1,-0.030380821,-1.740692813,-0.007326126,-0.031745911,1,3.141543627,179.997190971,-0.002442360,-2.769229889,1,-2.873217821,-164.623254772,-0.002442360,2.646154404,1,0.002098083,0.120211329,-0.007326126,0.407814026,1,-0.032404900,-1.856663982,0.012210846,-0.003663063,-0.030762291,-1.762549419,0.000000000,-0.000000000,8.000000000,3.500000000,3.163287401,181.243017476,0.000000000,-2.804438829,2.000000000,0.500000000,-2.874362230,-164.688824588,0.000000000,2.659170151,1.000000000,0.500000000,0.000953674,0.054641513,0.000000000,0.414248645,0.500000000,0.200000003,-0.032404900,-1.856663982,0.000000000,-0.000039328,0.000000000,0.100000001
2026-07-05 14:49:36.138,1783234176.138666868,58.573912496,1,1,28.634512213,1,0.007650039,5,1,1.373903025,5,1,0,0,0,0,1,1,1,0,1,0,-1.000000000,0.000000000,0.000000000,0.000000000,0,-1.000000000,0,0,0,,0,-1.000000000,,0,0,0.000000000,0.000000000,0,-1.000000000,0,,0,-1.000000000,,0,-1.000000000,0,,1,-0.030380821,-1.740692813,-0.007326126,-0.031745911,1,3.141543627,179.997190971,-0.002442360,-2.769229889,1,-2.873217821,-164.623254772,-0.002442360,2.632478714,1,0.002098083,0.120211329,-0.021978378,0.407814026,1,-0.032404900,-1.856663982,-0.061050415,-0.003663063,-0.030762291,-1.762549419,0.000000000,-0.000000000,8.000000000,3.500000000,3.163287401,181.243017476,0.000000000,-2.804438829,2.000000000,0.500000000,-2.874362230,-164.688824588,0.000000000,2.659170151,1.000000000,0.500000000,0.000953674,0.054641513,0.000000000,0.414248645,0.500000000,0.200000003,-0.032404900,-1.856663982,0.000000000,-0.000039328,0.000000000,0.100000001
2026-07-05 14:49:37.138,1783234177.138728142,59.573973929,1,1,29.634573646,1,0.007721933,5,1,2.373964458,5,1,0,0,0,0,1,1,1,0,1,0,-1.000000000,0.000000000,0.000000000,0.000000000,0,-1.000000000,0,0,0,,0,-1.000000000,,0,0,0.000000000,0.000000000,0,-1.000000000,0,,0,-1.000000000,,0,-1.000000000,0,,1,-0.030380821,-1.740692813,-0.021978378,-0.036629677,1,3.141543627,179.997190971,-0.002442360,-2.782905579,1,-2.873217821,-164.623254772,-0.007326126,2.632478714,1,0.002098083,0.120211329,-0.021978378,0.407814026,1,-0.032404900,-1.856663982,0.012210846,-0.003663063,-0.030762291,-1.762549419,0.000000000,-0.000000000,8.000000000,3.500000000,3.163287401,181.243017476,0.000000000,-2.804438829,2.000000000,0.500000000,-2.874362230,-164.688824588,0.000000000,2.659170151,1.000000000,0.500000000,0.000953674,0.054641513,0.000000000,0.414248645,0.500000000,0.200000003,-0.032404900,-1.856663982,0.000000000,-0.000039328,0.000000000,0.100000001
2026-07-05 14:49:38.138,1783234178.138570309,60.573815859,1,1,30.634415576,1,0.007320503,5,1,3.373806388,5,1,0,0,0,0,1,1,1,0,1,0,-1.000000000,0.000000000,0.000000000,0.000000000,0,-1.000000000,0,0,0,,0,-1.000000000,,0,0,0.000000000,0.000000000,0,-1.000000000,0,,0,-1.000000000,,0,-1.000000000,0,,1,-0.030380821,-1.740692813,-0.007326126,-0.036629677,1,3.141543627,179.997190971,-0.002442360,-2.769229889,1,-2.873217821,-164.623254772,-0.002442360,2.646154404,1,0.002098083,0.120211329,-0.007326126,0.407814026,1,-0.032404900,-1.856663982,-0.012210846,-0.003663063,-0.030762291,-1.762549419,0.000000000,-0.000000000,8.000000000,3.500000000,3.163287401,181.243017476,0.000000000,-2.804438829,2.000000000,0.500000000,-2.874362230,-164.688824588,0.000000000,2.659170151,1.000000000,0.500000000,0.000953674,0.054641513,0.000000000,0.414248645,0.500000000,0.200000003,-0.032404900,-1.856663982,0.000000000,-0.000039328,0.000000000,0.100000001
2026-07-05 14:49:39.138,1783234179.138677359,61.573922934,1,1,31.634522651,1,0.007888955,5,1,4.373913463,5,1,0,0,0,0,1,1,1,0,1,0,-1.000000000,0.000000000,0.000000000,0.000000000,0,-1.000000000,0,0,0,,0,-1.000000000,,0,0,0.000000000,0.000000000,0,-1.000000000,0,,0,-1.000000000,,0,-1.000000000,0,,1,-0.030380821,-1.740692813,-0.007326126,-0.031745911,1,3.141543627,179.997190971,-0.002442360,-2.769229889,1,-2.873217821,-164.623254772,-0.002442360,2.646154404,1,0.002098083,0.120211329,-0.007326126,0.407814026,1,-0.032404900,-1.856663982,-0.012210846,-0.003663063,-0.030762291,-1.762549419,0.000000000,-0.000000000,8.000000000,3.500000000,3.163287401,181.243017476,0.000000000,-2.804438829,2.000000000,0.500000000,-2.874362230,-164.688824588,0.000000000,2.659170151,1.000000000,0.500000000,0.000953674,0.054641513,0.000000000,0.414248645,0.500000000,0.200000003,-0.032404900,-1.856663982,0.000000000,-0.000039328,0.000000000,0.100000001
2026-07-05 14:49:40.138,1783234180.138658047,62.573903712,1,1,32.634503429,1,0.008256206,5,1,5.373894241,5,1,0,0,0,0,1,1,1,0,1,0,-1.000000000,0.000000000,0.000000000,0.000000000,0,-1.000000000,0,0,0,,0,-1.000000000,,0,0,0.000000000,0.000000000,0,-1.000000000,0,,0,-1.000000000,,0,-1.000000000,0,,1,-0.030380821,-1.740692813,0.007326126,-0.031745911,1,3.141543627,179.997190971,-0.002442360,-2.769229889,1,-2.873217821,-164.623254772,-0.007326126,2.632478714,1,0.002098083,0.120211329,-0.007326126,0.407814026,1,-0.032404900,-1.856663982,-0.036628723,-0.003663063,-0.030762291,-1.762549419,0.000000000,-0.000000000,8.000000000,3.500000000,3.163287401,181.243017476,0.000000000,-2.804438829,2.000000000,0.500000000,-2.874362230,-164.688824588,0.000000000,2.659170151,1.000000000,0.500000000,0.000953674,0.054641513,0.000000000,0.414248645,0.500000000,0.200000003,-0.032404900,-1.856663982,0.000000000,-0.000039328,0.000000000,0.100000001
2026-07-05 14:49:41.138,1783234181.138710737,63.573956597,1,1,33.634556314,1,0.008010885,5,1,6.373947126,5,1,0,0,0,0,1,1,1,0,1,0,-1.000000000,0.000000000,0.000000000,0.000000000,0,-1.000000000,0,0,0,,0,-1.000000000,,0,0,0.000000000,0.000000000,0,-1.000000000,0,,0,-1.000000000,,0,-1.000000000,0,,1,-0.030380821,-1.740692813,0.007326126,-0.036629677,1,3.141543627,179.997190971,-0.002442360,-2.782905579,1,-2.873217821,-164.623254772,-0.002442360,2.632478714,1,0.002098083,0.120211329,-0.007326126,0.407814026,1,-0.032404900,-1.856663982,-0.012210846,-0.003663063,-0.030762291,-1.762549419,0.000000000,-0.000000000,8.000000000,3.500000000,3.163287401,181.243017476,0.000000000,-2.804438829,2.000000000,0.500000000,-2.874362230,-164.688824588,0.000000000,2.659170151,1.000000000,0.500000000,0.000953674,0.054641513,0.000000000,0.414248645,0.500000000,0.200000003,-0.032404900,-1.856663982,0.000000000,-0.000039328,0.000000000,0.100000001
2026-07-05 14:49:42.138,1783234182.138655424,64.573901099,1,1,34.634500816,1,0.006538941,5,1,7.373891628,5,1,0,0,0,0,1,1,1,0,1,0,-1.000000000,0.000000000,0.000000000,0.000000000,0,-1.000000000,0,0,0,,0,-1.000000000,,0,0,0.000000000,0.000000000,0,-1.000000000,0,,0,-1.000000000,,0,-1.000000000,0,,1,-0.030380821,-1.740692813,-0.021978378,-0.031745911,1,3.141543627,179.997190971,0.002442360,-2.769229889,1,-2.873217821,-164.623254772,-0.002442360,2.632478714,1,0.002098083,0.120211329,-0.007326126,0.407814026,1,-0.032404900,-1.856663982,0.012210846,-0.003663063,-0.030762291,-1.762549419,0.000000000,-0.000000000,8.000000000,3.500000000,3.163287401,181.243017476,0.000000000,-2.804438829,2.000000000,0.500000000,-2.874362230,-164.688824588,0.000000000,2.659170151,1.000000000,0.500000000,0.000953674,0.054641513,0.000000000,0.414248645,0.500000000,0.200000003,-0.032404900,-1.856663982,0.000000000,-0.000039328,0.000000000,0.100000001
2026-07-05 14:49:43.138,1783234183.138657808,65.573903406,1,1,35.634503123,1,0.006568732,5,1,8.373893935,5,1,0,0,0,0,1,1,1,0,1,0,-1.000000000,0.000000000,0.000000000,0.000000000,0,-1.000000000,0,0,0,,0,-1.000000000,,0,0,0.000000000,0.000000000,0,-1.000000000,0,,0,-1.000000000,,0,-1.000000000,0,,1,-0.030380821,-1.740692813,-0.007326126,-0.031745911,1,3.141543627,179.997190971,-0.002442360,-2.769229889,1,-2.873217821,-164.623254772,-0.002442360,2.632478714,1,0.002098083,0.120211329,-0.007326126,0.407814026,1,-0.032404900,-1.856663982,-0.036628723,-0.003663063,-0.030762291,-1.762549419,0.000000000,-0.000000000,8.000000000,3.500000000,3.163287401,181.243017476,0.000000000,-2.804438829,2.000000000,0.500000000,-2.874362230,-164.688824588,0.000000000,2.659170151,1.000000000,0.500000000,0.000953674,0.054641513,0.000000000,0.414248645,0.500000000,0.200000003,-0.032404900,-1.856663982,0.000000000,-0.000039328,0.000000000,0.100000001
2026-07-05 14:49:44.138,1783234184.138740778,66.573986331,1,1,36.634586048,1,0.008283710,5,1,9.373976860,5,1,0,0,0,0,1,1,1,0,1,0,-1.000000000,0.000000000,0.000000000,0.000000000,0,-1.000000000,0,0,0,,0,-1.000000000,,0,0,0.000000000,0.000000000,0,-1.000000000,0,,0,-1.000000000,,0,-1.000000000,0,,1,-0.030380821,-1.740692813,-0.007326126,-0.031745911,1,3.141543627,179.997190971,-0.002442360,-2.782905579,1,-2.873217821,-164.623254772,-0.002442360,2.632478714,1,0.002098083,0.120211329,-0.021978378,0.407814026,1,-0.032404900,-1.856663982,-0.012210846,-0.003663063,-0.030762291,-1.762549419,0.000000000,-0.000000000,8.000000000,3.500000000,3.163287401,181.243017476,0.000000000,-2.804438829,2.000000000,0.500000000,-2.874362230,-164.688824588,0.000000000,2.659170151,1.000000000,0.500000000,0.000953674,0.054641513,0.000000000,0.414248645,0.500000000,0.200000003,-0.032404900,-1.856663982,0.000000000,-0.000039328,0.000000000,0.100000001
2026-07-05 14:49:45.138,1783234185.138653517,67.573899103,1,1,37.634498820,1,0.007492904,5,1,10.373889632,5,1,0,0,0,0,1,1,1,0,1,0,-1.000000000,0.000000000,0.000000000,0.000000000,0,-1.000000000,0,0,0,,0,-1.000000000,,0,0,0.000000000,0.000000000,0,-1.000000000,0,,0,-1.000000000,,0,-1.000000000,0,,1,-0.030380821,-1.740692813,-0.007326126,-0.036629677,1,3.141543627,179.997190971,-0.002442360,-2.769229889,1,-2.873217821,-164.623254772,-0.002442360,2.646154404,1,0.002479553,0.142067935,0.007326126,0.407814026,1,-0.032404900,-1.856663982,-0.012210846,-0.003663063,-0.030762291,-1.762549419,0.000000000,-0.000000000,8.000000000,3.500000000,3.163287401,181.243017476,0.000000000,-2.804438829,2.000000000,0.500000000,-2.874362230,-164.688824588,0.000000000,2.659170151,1.000000000,0.500000000,0.000953674,0.054641513,0.000000000,0.414248645,0.500000000,0.200000003,-0.032404900,-1.856663982,0.000000000,-0.000039328,0.000000000,0.100000001
2026-07-05 14:49:46.138,1783234186.138695002,68.573940728,1,1,38.634540445,1,0.317856223,5,1,0.313035862,5,1,0,0,0,0,1,1,1,0,1,0,-1.000000000,0.000000000,0.000000000,0.000000000,0,-1.000000000,0,0,0,,0,-1.000000000,,0,0,0.000000000,0.000000000,0,-1.000000000,0,,0,-1.000000000,,0,-1.000000000,0,,1,-0.030380821,-1.740692813,-0.007326126,-0.031745911,1,3.141543627,179.997190971,-0.007326126,-2.769229889,1,-2.873217821,-164.623254772,-0.002442360,2.646154404,1,0.002098083,0.120211329,-0.007326126,0.407814026,1,-0.032404900,-1.856663982,0.012210846,-0.003663063,-0.030762291,-1.762549419,0.000000000,-0.000000000,8.000000000,3.500000000,3.163287401,181.243017476,0.000000000,-2.804438829,2.000000000,0.500000000,-2.874362230,-164.688824588,0.000000000,2.659170151,1.000000000,0.500000000,0.000953674,0.054641513,0.000000000,0.414248645,0.500000000,0.200000003,-0.032404900,-1.856663982,0.000000000,-0.000039328,0.000000000,0.100000001
2026-07-05 14:49:47.138,1783234187.138631105,69.573876868,1,1,39.634476585,1,1.317792363,5,1,1.312972002,5,1,0,0,0,0,1,1,1,0,1,0,-1.000000000,0.000000000,0.000000000,0.000000000,0,-1.000000000,0,0,0,,0,-1.000000000,,0,0,0.000000000,0.000000000,0,-1.000000000,0,,0,-1.000000000,,0,-1.000000000,0,,1,-0.030380821,-1.740692813,-0.007326126,-0.031745911,1,3.141543627,179.997190971,-0.007326126,-2.769229889,1,-2.873217821,-164.623254772,-0.002442360,2.646154404,1,0.002098083,0.120211329,-0.007326126,0.407814026,1,-0.032404900,-1.856663982,0.012210846,-0.003663063,-0.030762291,-1.762549419,0.000000000,-0.000000000,8.000000000,3.500000000,3.163287401,181.243017476,0.000000000,-2.804438829,2.000000000,0.500000000,-2.874362230,-164.688824588,0.000000000,2.659170151,1.000000000,0.500000000,0.000953674,0.054641513,0.000000000,0.414248645,0.500000000,0.200000003,-0.032404900,-1.856663982,0.000000000,-0.000039328,0.000000000,0.100000001
2026-07-05 14:49:48.138,1783234188.138750792,70.573996413,1,1,40.634596130,1,2.317911908,5,1,2.313091547,5,1,0,0,0,0,1,1,1,0,1,0,-1.000000000,0.000000000,0.000000000,0.000000000,0,-1.000000000,0,0,0,,0,-1.000000000,,0,0,0.000000000,0.000000000,0,-1.000000000,0,,0,-1.000000000,,0,-1.000000000,0,,1,-0.030380821,-1.740692813,-0.007326126,-0.031745911,1,3.141543627,179.997190971,-0.007326126,-2.769229889,1,-2.873217821,-164.623254772,-0.002442360,2.646154404,1,0.002098083,0.120211329,-0.007326126,0.407814026,1,-0.032404900,-1.856663982,0.012210846,-0.003663063,-0.030762291,-1.762549419,0.000000000,-0.000000000,8.000000000,3.500000000,3.163287401,181.243017476,0.000000000,-2.804438829,2.000000000,0.500000000,-2.874362230,-164.688824588,0.000000000,2.659170151,1.000000000,0.500000000,0.000953674,0.054641513,0.000000000,0.414248645,0.500000000,0.200000003,-0.032404900,-1.856663982,0.000000000,-0.000039328,0.000000000,0.100000001
2026-07-05 14:49:49.138,1783234189.138622761,71.573868501,1,1,41.634468218,1,3.317783996,5,1,3.312963635,5,1,0,0,0,0,1,1,1,0,1,0,-1.000000000,0.000000000,0.000000000,0.000000000,0,-1.000000000,0,0,0,,0,-1.000000000,,0,0,0.000000000,0.000000000,0,-1.000000000,0,,0,-1.000000000,,0,-1.000000000,0,,1,-0.030380821,-1.740692813,-0.007326126,-0.031745911,1,3.141543627,179.997190971,-0.007326126,-2.769229889,1,-2.873217821,-164.623254772,-0.002442360,2.646154404,1,0.002098083,0.120211329,-0.007326126,0.407814026,1,-0.032404900,-1.856663982,0.012210846,-0.003663063,-0.030762291,-1.762549419,0.000000000,-0.000000000,8.000000000,3.500000000,3.163287401,181.243017476,0.000000000,-2.804438829,2.000000000,0.500000000,-2.874362230,-164.688824588,0.000000000,2.659170151,1.000000000,0.500000000,0.000953674,0.054641513,0.000000000,0.414248645,0.500000000,0.200000003,-0.032404900,-1.856663982,0.000000000,-0.000039328,0.000000000,0.100000001
2026-07-05 14:49:50.138,1783234190.138783216,72.574028894,1,1,42.634628611,1,4.317944389,5,1,4.313124028,5,1,0,0,0,0,1,1,1,0,1,0,-1.000000000,0.000000000,0.000000000,0.000000000,0,-1.000000000,0,0,0,,0,-1.000000000,,0,0,0.000000000,0.000000000,0,-1.000000000,0,,0,-1.000000000,,0,-1.000000000,0,,1,-0.030380821,-1.740692813,-0.007326126,-0.031745911,1,3.141543627,179.997190971,-0.007326126,-2.769229889,1,-2.873217821,-164.623254772,-0.002442360,2.646154404,1,0.002098083,0.120211329,-0.007326126,0.407814026,1,-0.032404900,-1.856663982,0.012210846,-0.003663063,-0.030762291,-1.762549419,0.000000000,-0.000000000,8.000000000,3.500000000,3.163287401,181.243017476,0.000000000,-2.804438829,2.000000000,0.500000000,-2.874362230,-164.688824588,0.000000000,2.659170151,1.000000000,0.500000000,0.000953674,0.054641513,0.000000000,0.414248645,0.500000000,0.200000003,-0.032404900,-1.856663982,0.000000000,-0.000039328,0.000000000,0.100000001
2026-07-05 14:49:51.138,1783234191.138690233,73.573936124,1,1,43.634535841,1,5.317851619,5,1,5.313031258,5,1,0,0,0,0,1,1,1,0,1,0,-1.000000000,0.000000000,0.000000000,0.000000000,0,-1.000000000,0,0,0,,0,-1.000000000,,0,0,0.000000000,0.000000000,0,-1.000000000,0,,0,-1.000000000,,0,-1.000000000,0,,1,-0.030380821,-1.740692813,-0.007326126,-0.031745911,1,3.141543627,179.997190971,-0.007326126,-2.769229889,1,-2.873217821,-164.623254772,-0.002442360,2.646154404,1,0.002098083,0.120211329,-0.007326126,0.407814026,1,-0.032404900,-1.856663982,0.012210846,-0.003663063,-0.030762291,-1.762549419,0.000000000,-0.000000000,8.000000000,3.500000000,3.163287401,181.243017476,0.000000000,-2.804438829,2.000000000,0.500000000,-2.874362230,-164.688824588,0.000000000,2.659170151,1.000000000,0.500000000,0.000953674,0.054641513,0.000000000,0.414248645,0.500000000,0.200000003,-0.032404900,-1.856663982,0.000000000,-0.000039328,0.000000000,0.100000001
2026-07-05 14:49:52.138,1783234192.138682604,74.573928342,1,1,44.634528059,1,0.008405900,5,1,0.003930772,5,1,0,0,0,0,1,1,1,0,1,0,-1.000000000,0.000000000,0.000000000,0.000000000,0,-1.000000000,0,0,0,,0,-1.000000000,,0,0,0.000000000,0.000000000,0,-1.000000000,0,,0,-1.000000000,,0,-1.000000000,0,,1,-0.030380821,-1.740692813,-0.021978378,-0.031745911,1,3.141543627,179.997190971,-0.002442360,-2.769229889,1,-2.873217821,-164.623254772,-0.002442360,2.632478714,1,0.002098083,0.120211329,-0.021978378,0.407814026,1,-0.032404900,-1.856663982,-0.012210846,-0.003663063,-0.030762291,-1.762549419,0.000000000,-0.000000000,8.000000000,3.500000000,3.163287401,181.243017476,0.000000000,-2.804438829,2.000000000,0.500000000,-2.874362230,-164.688824588,0.000000000,2.659170151,1.000000000,0.500000000,0.000953674,0.054641513,0.000000000,0.414248645,0.500000000,0.200000003,-0.032404900,-1.856663982,0.000000000,-0.000039328,0.000000000,0.100000001
2026-07-05 14:49:53.138,1783234193.138657570,75.573903304,1,1,45.634503021,1,0.006629139,5,1,0.003585889,5,1,0,0,0,0,1,1,1,0,1,0,-1.000000000,0.000000000,0.000000000,0.000000000,0,-1.000000000,0,0,0,,0,-1.000000000,,0,0,0.000000000,0.000000000,0,-1.000000000,0,,0,-1.000000000,,0,-1.000000000,0,,1,-0.030380821,-1.740692813,-0.007326126,-0.036629677,1,3.141543627,179.997190971,-0.002442360,-2.769229889,1,-2.873217821,-164.623254772,-0.002442360,2.646154404,1,0.002098083,0.120211329,0.007326126,0.407814026,1,-0.032404900,-1.856663982,-0.036628723,-0.003663063,-0.030762291,-1.762549419,0.000000000,-0.000000000,8.000000000,3.500000000,3.163287401,181.243017476,0.000000000,-2.804438829,2.000000000,0.500000000,-2.874362230,-164.688824588,0.000000000,2.659170151,1.000000000,0.500000000,0.000953674,0.054641513,0.000000000,0.414248645,0.500000000,0.200000003,-0.032404900,-1.856663982,0.000000000,-0.000039328,0.000000000,0.100000001
2026-07-05 14:49:54.138,1783234194.138643980,76.573889749,1,1,46.634489466,1,0.007961561,5,1,0.003949934,5,1,0,0,0,0,1,1,1,0,1,0,-1.000000000,0.000000000,0.000000000,0.000000000,0,-1.000000000,0,0,0,,0,-1.000000000,,0,0,0.000000000,0.000000000,0,-1.000000000,0,,0,-1.000000000,,0,-1.000000000,0,,1,-0.030380821,-1.740692813,-0.007326126,-0.036629677,1,3.141543627,179.997190971,-0.007326126,-2.782905579,1,-2.873217821,-164.623254772,-0.002442360,2.632478714,1,0.002098083,0.120211329,-0.021978378,0.407814026,1,-0.032404900,-1.856663982,0.012210846,-0.003663063,-0.030762291,-1.762549419,0.000000000,-0.000000000,8.000000000,3.500000000,3.163287401,181.243017476,0.000000000,-2.804438829,2.000000000,0.500000000,-2.874362230,-164.688824588,0.000000000,2.659170151,1.000000000,0.500000000,0.000953674,0.054641513,0.000000000,0.414248645,0.500000000,0.200000003,-0.032404900,-1.856663982,0.000000000,-0.000039328,0.000000000,0.100000001
2026-07-05 14:49:55.138,1783234195.138465166,77.573711043,1,1,47.634310760,1,0.007947194,5,1,0.003624949,5,1,0,0,0,0,1,1,1,0,1,0,-1.000000000,0.000000000,0.000000000,0.000000000,0,-1.000000000,0,0,0,,0,-1.000000000,,0,0,0.000000000,0.000000000,0,-1.000000000,0,,0,-1.000000000,,0,-1.000000000,0,,1,-0.030380821,-1.740692813,-0.007326126,-0.036629677,1,3.141543627,179.997190971,-0.002442360,-2.782905579,1,-2.873217821,-164.623254772,-0.002442360,2.632478714,1,0.002098083,0.120211329,0.007326126,0.407814026,1,-0.032404900,-1.856663982,-0.012210846,-0.003663063,-0.030762291,-1.762549419,0.000000000,-0.000000000,8.000000000,3.500000000,3.163287401,181.243017476,0.000000000,-2.804438829,2.000000000,0.500000000,-2.874362230,-164.688824588,0.000000000,2.659170151,1.000000000,0.500000000,0.000953674,0.054641513,0.000000000,0.414248645,0.500000000,0.200000003,-0.032404900,-1.856663982,0.000000000,-0.000039328,0.000000000,0.100000001
2026-07-05 14:49:56.138,1783234196.138488531,78.573734362,1,1,48.634334079,1,0.007653080,5,1,0.003617383,5,1,0,0,0,0,1,1,1,0,1,0,-1.000000000,0.000000000,0.000000000,0.000000000,0,-1.000000000,0,0,0,,0,-1.000000000,,0,0,0.000000000,0.000000000,0,-1.000000000,0,,0,-1.000000000,,0,-1.000000000,0,,1,-0.030380821,-1.740692813,0.007326126,-0.031745911,1,3.141543627,179.997190971,-0.002442360,-2.782905579,1,-2.873217821,-164.623254772,-0.002442360,2.632478714,1,0.002098083,0.120211329,0.007326126,0.407814026,1,-0.032404900,-1.856663982,-0.012210846,-0.003663063,-0.030762291,-1.762549419,0.000000000,-0.000000000,8.000000000,3.500000000,3.163287401,181.243017476,0.000000000,-2.804438829,2.000000000,0.500000000,-2.874362230,-164.688824588,0.000000000,2.659170151,1.000000000,0.500000000,0.000953674,0.054641513,0.000000000,0.414248645,0.500000000,0.200000003,-0.032404900,-1.856663982,0.000000000,-0.000039328,0.000000000,0.100000001
2026-07-05 14:49:57.138,1783234197.138664961,79.573910632,1,1,49.634510349,1,0.007707724,5,1,0.003790233,5,1,0,0,0,0,1,1,1,0,1,0,-1.000000000,0.000000000,0.000000000,0.000000000,0,-1.000000000,0,0,0,,0,-1.000000000,,0,0,0.000000000,0.000000000,0,-1.000000000,0,,0,-1.000000000,,0,-1.000000000,0,,1,-0.030380821,-1.740692813,-0.007326126,-0.031745911,1,3.141543627,179.997190971,-0.002442360,-2.769229889,1,-2.873217821,-164.623254772,-0.002442360,2.632478714,1,0.002479553,0.142067935,-0.007326126,0.407814026,1,-0.032404900,-1.856663982,-0.012210846,-0.003663063,-0.030762291,-1.762549419,0.000000000,-0.000000000,8.000000000,3.500000000,3.163287401,181.243017476,0.000000000,-2.804438829,2.000000000,0.500000000,-2.874362230,-164.688824588,0.000000000,2.659170151,1.000000000,0.500000000,0.000953674,0.054641513,0.000000000,0.414248645,0.500000000,0.200000003,-0.032404900,-1.856663982,0.000000000,-0.000039328,0.000000000,0.100000001
2026-07-05 14:49:58.138,1783234198.138652086,80.573897955,1,1,50.634497672,1,0.007119226,5,1,0.003713624,5,1,0,0,0,0,1,1,1,0,1,0,-1.000000000,0.000000000,0.000000000,0.000000000,0,-1.000000000,0,0,0,,0,-1.000000000,,0,0,0.000000000,0.000000000,0,-1.000000000,0,,0,-1.000000000,,0,-1.000000000,0,,1,-0.030380821,-1.740692813,0.007326126,-0.036629677,1,3.141543627,179.997190971,-0.002442360,-2.769229889,1,-2.873217821,-164.623254772,-0.007326126,2.632478714,1,0.002098083,0.120211329,-0.007326126,0.407814026,1,-0.032404900,-1.856663982,-0.012210846,-0.003663063,-0.030762291,-1.762549419,0.000000000,-0.000000000,8.000000000,3.500000000,3.163287401,181.243017476,0.000000000,-2.804438829,2.000000000,0.500000000,-2.874362230,-164.688824588,0.000000000,2.659170151,1.000000000,0.500000000,0.000953674,0.054641513,0.000000000,0.414248645,0.500000000,0.200000003,-0.032404900,-1.856663982,0.000000000,-0.000039328,0.000000000,0.100000001
2026-07-05 14:49:59.138,1783234199.138641119,81.573886816,1,1,51.634486533,1,0.007504459,5,1,0.003748872,5,1,0,0,0,0,1,1,1,0,1,0,-1.000000000,0.000000000,0.000000000,0.000000000,0,-1.000000000,0,0,0,,0,-1.000000000,,0,0,0.000000000,0.000000000,0,-1.000000000,0,,0,-1.000000000,,0,-1.000000000,0,,1,-0.030380821,-1.740692813,0.007326126,-0.031745911,1,3.141543627,179.997190971,0.002442360,-2.782905579,1,-2.873217821,-164.623254772,-0.002442360,2.646154404,1,0.002479553,0.142067935,-0.021978378,0.407814026,1,-0.032404900,-1.856663982,-0.012210846,-0.003663063,-0.030762291,-1.762549419,0.000000000,-0.000000000,8.000000000,3.500000000,3.163287401,181.243017476,0.000000000,-2.804438829,2.000000000,0.500000000,-2.874362230,-164.688824588,0.000000000,2.659170151,1.000000000,0.500000000,0.000953674,0.054641513,0.000000000,0.414248645,0.500000000,0.200000003,-0.032404900,-1.856663982,0.000000000,-0.000039328,0.000000000,0.100000001
2026-07-05 14:50:00.138,1783234200.138550282,82.573795858,1,1,52.634395575,1,0.008088348,5,1,0.003681152,5,1,0,0,0,0,1,1,1,0,1,0,-1.000000000,0.000000000,0.000000000,0.000000000,0,-1.000000000,0,0,0,,0,-1.000000000,,0,0,0.000000000,0.000000000,0,-1.000000000,0,,0,-1.000000000,,0,-1.000000000,0,,1,-0.030380821,-1.740692813,-0.007326126,-0.036629677,1,3.141543627,179.997190971,-0.002442360,-2.782905579,1,-2.873217821,-164.623254772,-0.002442360,2.646154404,1,0.002098083,0.120211329,-0.007326126,0.407814026,1,-0.032404900,-1.856663982,-0.036628723,-0.003663063,-0.030762291,-1.762549419,0.000000000,-0.000000000,8.000000000,3.500000000,3.163287401,181.243017476,0.000000000,-2.804438829,2.000000000,0.500000000,-2.874362230,-164.688824588,0.000000000,2.659170151,1.000000000,0.500000000,0.000953674,0.054641513,0.000000000,0.414248645,0.500000000,0.200000003,-0.032404900,-1.856663982,0.000000000,-0.000039328,0.000000000,0.100000001
2026-07-05 14:50:01.138,1783234201.138563633,83.573809242,1,1,53.634408959,1,0.008082744,5,1,0.003753288,5,1,0,0,0,0,1,1,1,0,1,0,-1.000000000,0.000000000,0.000000000,0.000000000,0,-1.000000000,0,0,0,,0,-1.000000000,,0,0,0.000000000,0.000000000,0,-1.000000000,0,,0,-1.000000000,,0,-1.000000000,0,,1,-0.030380821,-1.740692813,-0.007326126,-0.031745911,1,3.141543627,179.997190971,-0.002442360,-2.769229889,1,-2.873217821,-164.623254772,-0.002442360,2.646154404,1,0.002479553,0.142067935,-0.007326126,0.407814026,1,-0.032404900,-1.856663982,-0.012210846,-0.003663063,-0.030762291,-1.762549419,0.000000000,-0.000000000,8.000000000,3.500000000,3.163287401,181.243017476,0.000000000,-2.804438829,2.000000000,0.500000000,-2.874362230,-164.688824588,0.000000000,2.659170151,1.000000000,0.500000000,0.000953674,0.054641513,0.000000000,0.414248645,0.500000000,0.200000003,-0.032404900,-1.856663982,0.000000000,-0.000039328,0.000000000,0.100000001
2026-07-05 14:50:02.138,1783234202.138449192,84.573694863,1,1,54.634294580,1,0.007059402,5,1,0.003469591,5,1,0,0,0,0,1,1,1,0,1,0,-1.000000000,0.000000000,0.000000000,0.000000000,0,-1.000000000,0,0,0,,0,-1.000000000,,0,0,0.000000000,0.000000000,0,-1.000000000,0,,0,-1.000000000,,0,-1.000000000,0,,1,-0.030380821,-1.740692813,-0.007326126,-0.031745911,1,3.141543627,179.997190971,-0.002442360,-2.769229889,1,-2.873217821,-164.623254772,-0.002442360,2.632478714,1,0.003242493,0.185781145,-0.007326126,0.407814026,1,-0.032404900,-1.856663982,-0.012210846,-0.003663063,-0.030762291,-1.762549419,0.000000000,-0.000000000,8.000000000,3.500000000,3.163287401,181.243017476,0.000000000,-2.804438829,2.000000000,0.500000000,-2.874362230,-164.688824588,0.000000000,2.659170151,1.000000000,0.500000000,0.000953674,0.054641513,0.000000000,0.414248645,0.500000000,0.200000003,-0.032404900,-1.856663982,0.000000000,-0.000039328,0.000000000,0.100000001
2026-07-05 14:50:03.138,1783234203.138549566,85.573795133,1,1,55.634394850,1,0.006993547,5,1,0.003608084,5,1,0,0,0,0,1,1,1,0,1,0,-1.000000000,0.000000000,0.000000000,0.000000000,0,-1.000000000,0,0,0,,0,-1.000000000,,0,0,0.000000000,0.000000000,0,-1.000000000,0,,0,-1.000000000,,0,-1.000000000,0,,1,-0.030380821,-1.740692813,-0.007326126,-0.031745911,1,3.141543627,179.997190971,-0.002442360,-2.782905579,1,-2.873217821,-164.623254772,-0.002442360,2.632478714,1,0.003242493,0.185781145,-0.007326126,0.407814026,1,-0.032404900,-1.856663982,0.012210846,-0.003663063,-0.030762291,-1.762549419,0.000000000,-0.000000000,8.000000000,3.500000000,3.163287401,181.243017476,0.000000000,-2.804438829,2.000000000,0.500000000,-2.874362230,-164.688824588,0.000000000,2.659170151,1.000000000,0.500000000,0.000953674,0.054641513,0.000000000,0.414248645,0.500000000,0.200000003,-0.032404900,-1.856663982,0.000000000,-0.000039328,0.000000000,0.100000001
2026-07-05 14:50:04.138,1783234204.138494730,86.573740502,1,1,56.634340219,1,0.006445956,5,1,0.003638671,5,1,0,0,0,0,1,1,1,0,1,0,-1.000000000,0.000000000,0.000000000,0.000000000,0,-1.000000000,0,0,0,,0,-1.000000000,,0,0,0.000000000,0.000000000,0,-1.000000000,0,,0,-1.000000000,,0,-1.000000000,0,,1,-0.030380821,-1.740692813,0.007326126,-0.036629677,1,3.141543627,179.997190971,-0.007326126,-2.769229889,1,-2.873217821,-164.623254772,-0.002442360,2.632478714,1,0.003242493,0.185781145,-0.007326126,0.407814026,1,-0.032404900,-1.856663982,-0.012210846,-0.003663063,-0.030762291,-1.762549419,0.000000000,-0.000000000,8.000000000,3.500000000,3.163287401,181.243017476,0.000000000,-2.804438829,2.000000000,0.500000000,-2.874362230,-164.688824588,0.000000000,2.659170151,1.000000000,0.500000000,0.000953674,0.054641513,0.000000000,0.414248645,0.500000000,0.200000003,-0.032404900,-1.856663982,0.000000000,-0.000039328,0.000000000,0.100000001
2026-07-05 14:50:07.162,1783234207.162103653,89.597349320,1,1,59.657949037,1,0.008255855,5,1,0.003798169,5,1,0,0,0,0,1,1,1,0,1,0,-1.000000000,0.000000000,0.000000000,0.000000000,0,-1.000000000,0,0,0,,0,-1.000000000,,0,0,0.000000000,0.000000000,0,-1.000000000,0,,0,-1.000000000,,0,-1.000000000,0,,1,-0.030380821,-1.740692813,-0.007326126,-0.036629677,1,3.141543627,179.997190971,-0.002442360,-2.769229889,1,-2.873217821,-164.623254772,-0.002442360,2.632478714,1,0.003242493,0.185781145,-0.007326126,0.407814026,1,-0.032404900,-1.856663982,-0.012210846,-0.003663063,-0.030762291,-1.762549419,0.000000000,-0.000000000,8.000000000,3.500000000,3.163287401,181.243017476,0.000000000,-2.804438829,2.000000000,0.500000000,-2.874362230,-164.688824588,0.000000000,2.659170151,1.000000000,0.500000000,0.000953674,0.054641513,0.000000000,0.414248645,0.500000000,0.200000003,-0.032404900,-1.856663982,0.000000000,-0.000039328,0.000000000,0.100000001
2026-07-05 14:50:08.162,1783234208.162084579,90.597330299,1,1,60.657930016,1,0.008046994,5,1,0.003837179,5,1,0,0,0,0,1,1,1,0,1,0,-1.000000000,0.000000000,0.000000000,0.000000000,0,-1.000000000,0,0,0,,0,-1.000000000,,0,0,0.000000000,0.000000000,0,-1.000000000,0,,0,-1.000000000,,0,-1.000000000,0,,1,-0.030380821,-1.740692813,-0.007326126,-0.036629677,1,3.141543627,179.997190971,-0.002442360,-2.782905579,1,-2.873217821,-164.623254772,-0.002442360,2.632478714,1,0.003242493,0.185781145,-0.021978378,0.407814026,1,-0.032404900,-1.856663982,0.012210846,-0.003663063,-0.030762291,-1.762549419,0.000000000,-0.000000000,8.000000000,3.500000000,3.163287401,181.243017476,0.000000000,-2.804438829,2.000000000,0.500000000,-2.874362230,-164.688824588,0.000000000,2.659170151,1.000000000,0.500000000,0.000953674,0.054641513,0.000000000,0.414248645,0.500000000,0.200000003,-0.032404900,-1.856663982,0.000000000,-0.000039328,0.000000000,0.100000001
2026-07-05 14:50:09.162,1783234209.162050962,91.597296876,1,1,61.657896593,1,0.007982735,5,1,0.003831617,5,1,0,0,0,0,1,1,1,0,1,0,-1.000000000,0.000000000,0.000000000,0.000000000,0,-1.000000000,0,0,0,,0,-1.000000000,,0,0,0.000000000,0.000000000,0,-1.000000000,0,,0,-1.000000000,,0,-1.000000000,0,,1,-0.030380821,-1.740692813,-0.007326126,-0.031745911,1,3.141543627,179.997190971,0.002442360,-2.769229889,1,-2.873217821,-164.623254772,-0.002442360,2.632478714,1,0.003242493,0.185781145,-0.007326126,0.407814026,1,-0.032404900,-1.856663982,-0.012210846,-0.003663063,-0.030762291,-1.762549419,0.000000000,-0.000000000,8.000000000,3.500000000,3.163287401,181.243017476,0.000000000,-2.804438829,2.000000000,0.500000000,-2.874362230,-164.688824588,0.000000000,2.659170151,1.000000000,0.500000000,0.000953674,0.054641513,0.000000000,0.414248645,0.500000000,0.200000003,-0.032404900,-1.856663982,0.000000000,-0.000039328,0.000000000,0.100000001
2026-07-05 14:50:10.162,1783234210.162109375,92.597355037,1,1,62.657954754,1,0.008001566,5,1,0.003774736,5,1,0,0,0,0,1,1,1,0,1,0,-1.000000000,0.000000000,0.000000000,0.000000000,0,-1.000000000,0,0,0,,0,-1.000000000,,0,0,0.000000000,0.000000000,0,-1.000000000,0,,0,-1.000000000,,0,-1.000000000,0,,1,-0.030380821,-1.740692813,-0.007326126,-0.036629677,1,3.141543627,179.997190971,-0.002442360,-2.769229889,1,-2.873217821,-164.623254772,-0.002442360,2.646154404,1,0.003242493,0.185781145,-0.007326126,0.407814026,1,-0.032404900,-1.856663982,-0.012210846,-0.003663063,-0.030762291,-1.762549419,0.000000000,-0.000000000,8.000000000,3.500000000,3.163287401,181.243017476,0.000000000,-2.804438829,2.000000000,0.500000000,-2.874362230,-164.688824588,0.000000000,2.659170151,1.000000000,0.500000000,0.000953674,0.054641513,0.000000000,0.414248645,0.500000000,0.200000003,-0.032404900,-1.856663982,0.000000000,-0.000039328,0.000000000,0.100000001
2026-07-05 14:50:11.162,1783234211.162090540,93.597336296,1,1,63.657936013,1,0.007534149,5,1,0.003892865,5,1,0,0,0,0,1,1,1,0,1,0,-1.000000000,0.000000000,0.000000000,0.000000000,0,-1.000000000,0,0,0,,0,-1.000000000,,0,0,0.000000000,0.000000000,0,-1.000000000,0,,0,-1.000000000,,0,-1.000000000,0,,1,-0.030380821,-1.740692813,-0.007326126,-0.036629677,1,3.141543627,179.997190971,-0.002442360,-2.782905579,1,-2.872836351,-164.601398167,0.002442360,2.632478714,1,0.003242493,0.185781145,-0.021978378,0.407814026,1,-0.032404900,-1.856663982,-0.012210846,-0.003663063,-0.030762291,-1.762549419,0.000000000,-0.000000000,8.000000000,3.500000000,3.163287401,181.243017476,0.000000000,-2.804438829,2.000000000,0.500000000,-2.874362230,-164.688824588,0.000000000,2.659170151,1.000000000,0.500000000,0.000953674,0.054641513,0.000000000,0.414248645,0.500000000,0.200000003,-0.032404900,-1.856663982,0.000000000,-0.000039328,0.000000000,0.100000001
2026-07-05 14:50:12.162,1783234212.162103891,94.597349564,1,1,64.657949281,1,0.007944103,5,1,0.003837693,5,1,0,0,0,0,1,1,1,0,1,0,-1.000000000,0.000000000,0.000000000,0.000000000,0,-1.000000000,0,0,0,,0,-1.000000000,,0,0,0.000000000,0.000000000,0,-1.000000000,0,,0,-1.000000000,,0,-1.000000000,0,,1,-0.030380821,-1.740692813,-0.007326126,-0.036629677,1,3.141543627,179.997190971,-0.002442360,-2.769229889,1,-2.873217821,-164.623254772,-0.002442360,2.646154404,1,0.003242493,0.185781145,-0.021978378,0.407814026,1,-0.032404900,-1.856663982,-0.012210846,-0.003663063,-0.030762291,-1.762549419,0.000000000,-0.000000000,8.000000000,3.500000000,3.163287401,181.243017476,0.000000000,-2.804438829,2.000000000,0.500000000,-2.874362230,-164.688824588,0.000000000,2.659170151,1.000000000,0.500000000,0.000953674,0.054641513,0.000000000,0.414248645,0.500000000,0.200000003,-0.032404900,-1.856663982,0.000000000,-0.000039328,0.000000000,0.100000001
2026-07-05 14:50:13.162,1783234213.162091970,95.597337777,1,1,65.657937494,1,0.008346102,5,1,0.003874930,5,1,0,0,0,0,1,1,1,0,1,0,-1.000000000,0.000000000,0.000000000,0.000000000,0,-1.000000000,0,0,0,,0,-1.000000000,,0,0,0.000000000,0.000000000,0,-1.000000000,0,,0,-1.000000000,,0,-1.000000000,0,,1,-0.030380821,-1.740692813,-0.007326126,-0.031745911,1,3.141543627,179.997190971,-0.002442360,-2.769229889,1,-2.873217821,-164.623254772,-0.002442360,2.632478714,1,0.003242493,0.185781145,-0.007326126,0.407814026,1,-0.032404900,-1.856663982,0.012210846,-0.003663063,-0.030762291,-1.762549419,0.000000000,-0.000000000,8.000000000,3.500000000,3.163287401,181.243017476,0.000000000,-2.804438829,2.000000000,0.500000000,-2.874362230,-164.688824588,0.000000000,2.659170151,1.000000000,0.500000000,0.000953674,0.054641513,0.000000000,0.414248645,0.500000000,0.200000003,-0.032404900,-1.856663982,0.000000000,-0.000039328,0.000000000,0.100000001
2026-07-05 14:50:14.161,1783234214.161932468,96.597178312,1,1,66.657778029,1,0.007692407,5,1,0.003627863,5,1,0,0,0,0,1,1,1,0,1,0,-1.000000000,0.000000000,0.000000000,0.000000000,0,-1.000000000,0,0,0,,0,-1.000000000,,0,0,0.000000000,0.000000000,0,-1.000000000,0,,0,-1.000000000,,0,-1.000000000,0,,1,-0.030380821,-1.740692813,0.007326126,-0.031745911,1,3.141543627,179.997190971,-0.002442360,-2.782905579,1,-2.873217821,-164.623254772,0.002442360,2.646154404,1,0.003242493,0.185781145,-0.007326126,0.407814026,1,-0.032404900,-1.856663982,-0.012210846,-0.003663063,-0.030762291,-1.762549419,0.000000000,-0.000000000,8.000000000,3.500000000,3.163287401,181.243017476,0.000000000,-2.804438829,2.000000000,0.500000000,-2.874362230,-164.688824588,0.000000000,2.659170151,1.000000000,0.500000000,0.000953674,0.054641513,0.000000000,0.414248645,0.500000000,0.200000003,-0.032404900,-1.856663982,0.000000000,-0.000039328,0.000000000,0.100000001
2026-07-05 14:50:15.162,1783234215.162050962,97.597296732,1,1,67.657896449,1,0.007221297,5,1,0.003651765,5,1,0,0,0,0,1,1,1,0,1,0,-1.000000000,0.000000000,0.000000000,0.000000000,0,-1.000000000,0,0,0,,0,-1.000000000,,0,0,0.000000000,0.000000000,0,-1.000000000,0,,0,-1.000000000,,0,-1.000000000,0,,0,-0.030380821,-1.740692813,-0.007326126,-0.036629677,0,3.141543627,179.997190971,-0.002442360,-2.769229889,0,-2.873217821,-164.623254772,0.002442360,2.632478714,0,0.003242493,0.185781145,-0.007326126,0.402930260,0,-0.032404900,-1.856663982,0.012210846,-0.003663063,-0.030762291,-1.762549419,0.000000000,-0.000000000,8.000000000,3.500000000,3.163287401,181.243017476,0.000000000,-2.804438829,2.000000000,0.500000000,-2.874362230,-164.688824588,0.000000000,2.659170151,1.000000000,0.500000000,0.000953674,0.054641513,0.000000000,0.414248645,0.500000000,0.200000003,-0.032404900,-1.856663982,0.000000000,-0.000039328,0.000000000,0.100000001
2026-07-05 14:50:16.162,1783234216.162083864,98.597329570,1,1,68.657929287,1,0.007813358,5,1,0.003677046,5,1,0,0,0,0,1,1,1,0,1,0,-1.000000000,0.000000000,0.000000000,0.000000000,0,-1.000000000,0,0,0,,0,-1.000000000,,0,0,0.000000000,0.000000000,0,-1.000000000,0,,0,-1.000000000,,0,-1.000000000,0,,1,-0.030380821,-1.740692813,-0.021978378,-0.031745911,1,3.141543627,179.997190971,-0.002442360,-2.782905579,1,-2.873217821,-164.623254772,-0.002442360,2.632478714,1,0.003242493,0.185781145,0.007326126,0.407814026,1,-0.032404900,-1.856663982,-0.012210846,-0.003663063,-0.030762291,-1.762549419,0.000000000,-0.000000000,8.000000000,3.500000000,3.163287401,181.243017476,0.000000000,-2.804438829,2.000000000,0.500000000,-2.874362230,-164.688824588,0.000000000,2.659170151,1.000000000,0.500000000,0.000953674,0.054641513,0.000000000,0.414248645,0.500000000,0.200000003,-0.032404900,-1.856663982,0.000000000,-0.000039328,0.000000000,0.100000001
2026-07-05 14:50:17.162,1783234217.162001371,99.597247105,1,1,69.657846822,1,0.007972965,5,1,0.003676963,5,1,0,0,0,0,1,1,1,0,1,0,-1.000000000,0.000000000,0.000000000,0.000000000,0,-1.000000000,0,0,0,,0,-1.000000000,,0,0,0.000000000,0.000000000,0,-1.000000000,0,,0,-1.000000000,,0,-1.000000000,0,,1,-0.030380821,-1.740692813,-0.021978378,-0.031745911,1,3.141543627,179.997190971,0.002442360,-2.782905579,1,-2.873217821,-164.623254772,-0.002442360,2.632478714,1,0.003242493,0.185781145,-0.021978378,0.407814026,1,-0.032404900,-1.856663982,-0.012210846,-0.003663063,-0.030762291,-1.762549419,0.000000000,-0.000000000,8.000000000,3.500000000,3.163287401,181.243017476,0.000000000,-2.804438829,2.000000000,0.500000000,-2.874362230,-164.688824588,0.000000000,2.659170151,1.000000000,0.500000000,0.000953674,0.054641513,0.000000000,0.414248645,0.500000000,0.200000003,-0.032404900,-1.856663982,0.000000000,-0.000039328,0.000000000,0.100000001
2026-07-05 14:50:18.162,1783234218.161995173,100.597240964,1,1,70.657840681,1,0.006410912,5,1,0.003821187,5,1,0,0,0,0,1,1,1,0,1,0,-1.000000000,0.000000000,0.000000000,0.000000000,0,-1.000000000,0,0,0,,0,-1.000000000,,0,0,0.000000000,0.000000000,0,-1.000000000,0,,0,-1.000000000,,0,-1.000000000,0,,1,-0.030380821,-1.740692813,-0.007326126,-0.036629677,1,3.141543627,179.997190971,-0.002442360,-2.769229889,1,-2.873217821,-164.623254772,-0.002442360,2.632478714,1,0.003242493,0.185781145,-0.007326126,0.407814026,1,-0.032404900,-1.856663982,0.012210846,-0.003663063,-0.030762291,-1.762549419,0.000000000,-0.000000000,8.000000000,3.500000000,3.163287401,181.243017476,0.000000000,-2.804438829,2.000000000,0.500000000,-2.874362230,-164.688824588,0.000000000,2.659170151,1.000000000,0.500000000,0.000953674,0.054641513,0.000000000,0.414248645,0.500000000,0.200000003,-0.032404900,-1.856663982,0.000000000,-0.000039328,0.000000000,0.100000001
2026-07-05 14:50:19.161,1783234219.161942005,101.597187640,1,1,71.657787357,1,0.007783254,5,1,0.003579391,5,1,0,0,0,0,1,1,1,0,1,0,-1.000000000,0.000000000,0.000000000,0.000000000,0,-1.000000000,0,0,0,,0,-1.000000000,,0,0,0.000000000,0.000000000,0,-1.000000000,0,,0,-1.000000000,,0,-1.000000000,0,,1,-0.030380821,-1.740692813,-0.021978378,-0.031745911,1,3.141543627,179.997190971,-0.002442360,-2.782905579,1,-2.873217821,-164.623254772,-0.002442360,2.632478714,1,0.003242493,0.185781145,-0.007326126,0.407814026,1,-0.032404900,-1.856663982,0.012210846,-0.003663063,-0.030762291,-1.762549419,0.000000000,-0.000000000,8.000000000,3.500000000,3.163287401,181.243017476,0.000000000,-2.804438829,2.000000000,0.500000000,-2.874362230,-164.688824588,0.000000000,2.659170151,1.000000000,0.500000000,0.000953674,0.054641513,0.000000000,0.414248645,0.500000000,0.200000003,-0.032404900,-1.856663982,0.000000000,-0.000039328,0.000000000,0.100000001
2026-07-05 14:50:20.162,1783234220.162099600,102.597345302,1,1,72.657945019,1,0.008078903,5,1,0.003881049,5,1,0,0,0,0,1,1,1,0,1,0,-1.000000000,0.000000000,0.000000000,0.000000000,0,-1.000000000,0,0,0,,0,-1.000000000,,0,0,0.000000000,0.000000000,0,-1.000000000,0,,0,-1.000000000,,0,-1.000000000,0,,1,-0.030380821,-1.740692813,-0.007326126,-0.031745911,1,3.141543627,179.997190971,-0.002442360,-2.782905579,1,-2.873217821,-164.623254772,-0.002442360,2.632478714,1,0.003242493,0.185781145,-0.007326126,0.407814026,1,-0.032404900,-1.856663982,0.012210846,-0.003663063,-0.030762291,-1.762549419,0.000000000,-0.000000000,8.000000000,3.500000000,3.163287401,181.243017476,0.000000000,-2.804438829,2.000000000,0.500000000,-2.874362230,-164.688824588,0.000000000,2.659170151,1.000000000,0.500000000,0.000953674,0.054641513,0.000000000,0.414248645,0.500000000,0.200000003,-0.032404900,-1.856663982,0.000000000,-0.000039328,0.000000000,0.100000001
2026-07-05 14:50:21.162,1783234221.161965370,103.597210931,1,1,73.657810648,1,0.008076302,5,1,0.003691053,5,1,0,0,0,0,1,1,1,0,1,0,-1.000000000,0.000000000,0.000000000,0.000000000,0,-1.000000000,0,0,0,,0,-1.000000000,,0,0,0.000000000,0.000000000,0,-1.000000000,0,,0,-1.000000000,,0,-1.000000000,0,,1,-0.030380821,-1.740692813,0.007326126,-0.031745911,1,3.141543627,179.997190971,0.002442360,-2.782905579,1,-2.873217821,-164.623254772,-0.002442360,2.632478714,1,0.003242493,0.185781145,-0.007326126,0.407814026,1,-0.032404900,-1.856663982,-0.012210846,-0.003663063,-0.030762291,-1.762549419,0.000000000,-0.000000000,8.000000000,3.500000000,3.163287401,181.243017476,0.000000000,-2.804438829,2.000000000,0.500000000,-2.874362230,-164.688824588,0.000000000,2.659170151,1.000000000,0.500000000,0.000953674,0.054641513,0.000000000,0.414248645,0.500000000,0.200000003,-0.032404900,-1.856663982,0.000000000,-0.000039328,0.000000000,0.100000001
2026-07-05 14:50:22.161,1783234222.161939621,104.597185308,1,1,74.657785025,1,0.007980595,5,1,0.003684460,5,1,0,0,0,0,1,1,1,0,1,0,-1.000000000,0.000000000,0.000000000,0.000000000,0,-1.000000000,0,0,0,,0,-1.000000000,,0,0,0.000000000,0.000000000,0,-1.000000000,0,,0,-1.000000000,,0,-1.000000000,0,,1,-0.030380821,-1.740692813,-0.007326126,-0.031745911,1,3.141543627,179.997190971,-0.002442360,-2.769229889,1,-2.873217821,-164.623254772,-0.002442360,2.632478714,1,0.003242493,0.185781145,0.007326126,0.407814026,1,-0.032404900,-1.856663982,0.012210846,-0.003663063,-0.030762291,-1.762549419,0.000000000,-0.000000000,8.000000000,3.500000000,3.163287401,181.243017476,0.000000000,-2.804438829,2.000000000,0.500000000,-2.874362230,-164.688824588,0.000000000,2.659170151,1.000000000,0.500000000,0.000953674,0.054641513,0.000000000,0.414248645,0.500000000,0.200000003,-0.032404900,-1.856663982,0.000000000,-0.000039328,0.000000000,0.100000001
2026-07-05 14:50:23.162,1783234223.162012339,105.597258059,1,1,75.657857776,1,0.007926170,5,1,0.003759359,5,1,0,0,0,0,1,1,1,0,1,0,-1.000000000,0.000000000,0.000000000,0.000000000,0,-1.000000000,0,0,0,,0,-1.000000000,,0,0,0.000000000,0.000000000,0,-1.000000000,0,,0,-1.000000000,,0,-1.000000000,0,,1,-0.030380821,-1.740692813,-0.021978378,-0.031745911,1,3.141543627,179.997190971,-0.002442360,-2.769229889,1,-2.873217821,-164.623254772,-0.002442360,2.632478714,1,0.003242493,0.185781145,0.007326126,0.407814026,1,-0.032404900,-1.856663982,-0.036628723,-0.003663063,-0.030762291,-1.762549419,0.000000000,-0.000000000,8.000000000,3.500000000,3.163287401,181.243017476,0.000000000,-2.804438829,2.000000000,0.500000000,-2.874362230,-164.688824588,0.000000000,2.659170151,1.000000000,0.500000000,0.000953674,0.054641513,0.000000000,0.414248645,0.500000000,0.200000003,-0.032404900,-1.856663982,0.000000000,-0.000039328,0.000000000,0.100000001
2026-07-05 14:50:24.162,1783234224.162057877,106.597303638,1,1,76.657903355,1,0.007784547,5,1,0.003704888,5,1,0,0,0,0,1,1,1,0,1,0,-1.000000000,0.000000000,0.000000000,0.000000000,0,-1.000000000,0,0,0,,0,-1.000000000,,0,0,0.000000000,0.000000000,0,-1.000000000,0,,0,-1.000000000,,0,-1.000000000,0,,1,-0.030380821,-1.740692813,0.007326126,-0.031745911,1,3.141543627,179.997190971,-0.002442360,-2.782905579,1,-2.873217821,-164.623254772,-0.007326126,2.632478714,1,0.003242493,0.185781145,-0.007326126,0.407814026,1,-0.032404900,-1.856663982,0.012210846,-0.003663063,-0.030762291,-1.762549419,0.000000000,-0.000000000,8.000000000,3.500000000,3.163287401,181.243017476,0.000000000,-2.804438829,2.000000000,0.500000000,-2.874362230,-164.688824588,0.000000000,2.659170151,1.000000000,0.500000000,0.000953674,0.054641513,0.000000000,0.414248645,0.500000000,0.200000003,-0.032404900,-1.856663982,0.000000000,-0.000039328,0.000000000,0.100000001
2026-07-05 14:50:25.162,1783234225.162004471,107.597250138,1,1,77.657849855,1,0.007916240,5,1,0.003707791,5,1,0,0,0,0,1,1,1,0,1,0,-1.000000000,0.000000000,0.000000000,0.000000000,0,-1.000000000,0,0,0,,0,-1.000000000,,0,0,0.000000000,0.000000000,0,-1.000000000,0,,0,-1.000000000,,0,-1.000000000,0,,1,-0.030380821,-1.740692813,-0.007326126,-0.036629677,1,3.141543627,179.997190971,0.002442360,-2.782905579,1,-2.873217821,-164.623254772,0.002442360,2.632478714,1,0.003242493,0.185781145,-0.007326126,0.407814026,1,-0.032404900,-1.856663982,0.012210846,-0.003663063,-0.030762291,-1.762549419,0.000000000,-0.000000000,8.000000000,3.500000000,3.163287401,181.243017476,0.000000000,-2.804438829,2.000000000,0.500000000,-2.874362230,-164.688824588,0.000000000,2.659170151,1.000000000,0.500000000,0.000953674,0.054641513,0.000000000,0.414248645,0.500000000,0.200000003,-0.032404900,-1.856663982,0.000000000,-0.000039328,0.000000000,0.100000001
2026-07-05 14:50:26.161,1783234226.161918402,108.597164137,1,1,78.657763854,1,0.006296908,5,1,0.003711121,5,1,0,0,0,0,1,1,1,0,1,0,-1.000000000,0.000000000,0.000000000,0.000000000,0,-1.000000000,0,0,0,,0,-1.000000000,,0,0,0.000000000,0.000000000,0,-1.000000000,0,,0,-1.000000000,,0,-1.000000000,0,,1,-0.030380821,-1.740692813,-0.007326126,-0.031745911,1,3.141543627,179.997190971,-0.002442360,-2.782905579,1,-2.873217821,-164.623254772,-0.002442360,2.632478714,1,0.003242493,0.185781145,-0.007326126,0.407814026,1,-0.032404900,-1.856663982,-0.012210846,-0.003663063,-0.030762291,-1.762549419,0.000000000,-0.000000000,8.000000000,3.500000000,3.163287401,181.243017476,0.000000000,-2.804438829,2.000000000,0.500000000,-2.874362230,-164.688824588,0.000000000,2.659170151,1.000000000,0.500000000,0.000953674,0.054641513,0.000000000,0.414248645,0.500000000,0.200000003,-0.032404900,-1.856663982,0.000000000,-0.000039328,0.000000000,0.100000001
2026-07-05 14:50:27.161,1783234227.161887169,109.597132867,1,1,79.657732584,1,0.008225616,5,1,0.873880696,5,1,0,0,0,0,1,1,1,0,1,0,-1.000000000,0.000000000,0.000000000,0.000000000,0,-1.000000000,0,0,0,,0,-1.000000000,,0,0,0.000000000,0.000000000,0,-1.000000000,0,,0,-1.000000000,,0,-1.000000000,0,,1,-0.030380821,-1.740692813,-0.007326126,-0.036629677,1,3.141543627,179.997190971,-0.002442360,-2.782905579,1,-2.873217821,-164.623254772,-0.002442360,2.646154404,1,0.003242493,0.185781145,0.007326126,0.407814026,1,-0.032404900,-1.856663982,-0.012210846,-0.003663063,-0.030762291,-1.762549419,0.000000000,-0.000000000,8.000000000,3.500000000,3.163287401,181.243017476,0.000000000,-2.804438829,2.000000000,0.500000000,-2.874362230,-164.688824588,0.000000000,2.659170151,1.000000000,0.500000000,0.000953674,0.054641513,0.000000000,0.414248645,0.500000000,0.200000003,-0.032404900,-1.856663982,0.000000000,-0.000039328,0.000000000,0.100000001
2026-07-05 14:50:28.162,1783234228.162072182,110.597317656,1,1,80.657917373,1,0.008332499,5,1,1.874065485,5,1,0,0,0,0,1,1,1,0,1,0,-1.000000000,0.000000000,0.000000000,0.000000000,0,-1.000000000,0,0,0,,0,-1.000000000,,0,0,0.000000000,0.000000000,0,-1.000000000,0,,0,-1.000000000,,0,-1.000000000,0,,1,-0.030380821,-1.740692813,-0.007326126,-0.031745911,1,3.141543627,179.997190971,0.002442360,-2.782905579,1,-2.873217821,-164.623254772,-0.002442360,2.632478714,1,0.003242493,0.185781145,-0.007326126,0.407814026,1,-0.032404900,-1.856663982,-0.036628723,-0.003663063,-0.030762291,-1.762549419,0.000000000,-0.000000000,8.000000000,3.500000000,3.163287401,181.243017476,0.000000000,-2.804438829,2.000000000,0.500000000,-2.874362230,-164.688824588,0.000000000,2.659170151,1.000000000,0.500000000,0.000953674,0.054641513,0.000000000,0.414248645,0.500000000,0.200000003,-0.032404900,-1.856663982,0.000000000,-0.000039328,0.000000000,0.100000001
2026-07-05 14:50:29.162,1783234229.161984921,111.597230844,1,1,81.657830561,1,0.008004365,5,1,2.873978673,5,1,0,0,0,0,1,1,1,0,1,0,-1.000000000,0.000000000,0.000000000,0.000000000,0,-1.000000000,0,0,0,,0,-1.000000000,,0,0,0.000000000,0.000000000,0,-1.000000000,0,,0,-1.000000000,,0,-1.000000000,0,,1,-0.030380821,-1.740692813,-0.007326126,-0.031745911,1,3.141543627,179.997190971,-0.002442360,-2.782905579,1,-2.873217821,-164.623254772,-0.002442360,2.632478714,1,0.003242493,0.185781145,-0.021978378,0.407814026,1,-0.032404900,-1.856663982,-0.012210846,-0.003663063,-0.030762291,-1.762549419,0.000000000,-0.000000000,8.000000000,3.500000000,3.163287401,181.243017476,0.000000000,-2.804438829,2.000000000,0.500000000,-2.874362230,-164.688824588,0.000000000,2.659170151,1.000000000,0.500000000,0.000953674,0.054641513,0.000000000,0.414248645,0.500000000,0.200000003,-0.032404900,-1.856663982,0.000000000,-0.000039328,0.000000000,0.100000001
2026-07-05 14:50:30.162,1783234230.162047386,112.597293189,1,1,82.657892906,1,0.008691577,5,1,0.003949647,5,1,0,0,0,0,1,1,1,0,1,0,-1.000000000,0.000000000,0.000000000,0.000000000,0,-1.000000000,0,0,0,,0,-1.000000000,,0,0,0.000000000,0.000000000,0,-1.000000000,0,,0,-1.000000000,,0,-1.000000000,0,,1,-0.030380821,-1.740692813,-0.021978378,-0.031745911,1,3.141543627,179.997190971,-0.002442360,-2.782905579,1,-2.873217821,-164.623254772,-0.007326126,2.632478714,1,0.003242493,0.185781145,-0.007326126,0.407814026,1,-0.032404900,-1.856663982,-0.012210846,-0.003663063,-0.030762291,-1.762549419,0.000000000,-0.000000000,8.000000000,3.500000000,3.163287401,181.243017476,0.000000000,-2.804438829,2.000000000,0.500000000,-2.874362230,-164.688824588,0.000000000,2.659170151,1.000000000,0.500000000,0.000953674,0.054641513,0.000000000,0.414248645,0.500000000,0.200000003,-0.032404900,-1.856663982,0.000000000,-0.000039328,0.000000000,0.100000001
2026-07-05 14:50:31.162,1783234231.161969185,113.597214775,1,1,83.657814492,1,0.008446410,5,1,0.003754747,5,1,0,0,0,0,1,1,1,0,1,0,-1.000000000,0.000000000,0.000000000,0.000000000,0,-1.000000000,0,0,0,,0,-1.000000000,,0,0,0.000000000,0.000000000,0,-1.000000000,0,,0,-1.000000000,,0,-1.000000000,0,,1,-0.030380821,-1.740692813,-0.021978378,-0.041514397,1,3.141543627,179.997190971,-0.002442360,-2.782905579,1,-2.873217821,-164.623254772,-0.007326126,2.632478714,1,0.003242493,0.185781145,-0.021978378,0.407814026,1,-0.032404900,-1.856663982,-0.012210846,-0.003663063,-0.030762291,-1.762549419,0.000000000,-0.000000000,8.000000000,3.500000000,3.163287401,181.243017476,0.000000000,-2.804438829,2.000000000,0.500000000,-2.874362230,-164.688824588,0.000000000,2.659170151,1.000000000,0.500000000,0.000953674,0.054641513,0.000000000,0.414248645,0.500000000,0.200000003,-0.032404900,-1.856663982,0.000000000,-0.000039328,0.000000000,0.100000001
2026-07-05 14:50:32.162,1783234232.161983967,114.597229797,1,1,84.657829514,1,0.008309352,5,1,0.103692085,5,1,0,0,0,0,1,1,1,0,1,0,-1.000000000,0.000000000,0.000000000,0.000000000,0,-1.000000000,0,0,0,,0,-1.000000000,,0,0,0.000000000,0.000000000,0,-1.000000000,0,,0,-1.000000000,,0,-1.000000000,0,,0,-0.030380821,-1.740692813,-0.007326126,-0.036629677,0,3.141543627,179.997190971,-0.002442360,-2.782905579,0,-2.873217821,-164.623254772,-0.007326126,2.632478714,0,0.003242493,0.185781145,0.007326126,0.407814026,0,-0.032404900,-1.856663982,0.012210846,-0.003663063,-0.030762291,-1.762549419,0.000000000,-0.000000000,8.000000000,3.500000000,3.163287401,181.243017476,0.000000000,-2.804438829,2.000000000,0.500000000,-2.874362230,-164.688824588,0.000000000,2.659170151,1.000000000,0.500000000,0.000953674,0.054641513,0.000000000,0.414248645,0.500000000,0.200000003,-0.032404900,-1.856663982,0.000000000,-0.000039328,0.000000000,0.100000001
2026-07-05 14:50:33.161,1783234233.161939621,115.597185357,1,1,85.657785074,1,0.008163505,5,1,1.103647645,5,1,0,0,0,0,1,1,1,0,1,0,-1.000000000,0.000000000,0.000000000,0.000000000,0,-1.000000000,0,0,0,,0,-1.000000000,,0,0,0.000000000,0.000000000,0,-1.000000000,0,,0,-1.000000000,,0,-1.000000000,0,,1,-0.030380821,-1.740692813,-0.007326126,-0.031745911,1,3.141543627,179.997190971,-0.002442360,-2.782905579,1,-2.873217821,-164.623254772,-0.002442360,2.646154404,1,0.003242493,0.185781145,-0.021978378,0.407814026,1,-0.032404900,-1.856663982,-0.036628723,-0.003663063,-0.030762291,-1.762549419,0.000000000,-0.000000000,8.000000000,3.500000000,3.163287401,181.243017476,0.000000000,-2.804438829,2.000000000,0.500000000,-2.874362230,-164.688824588,0.000000000,2.659170151,1.000000000,0.500000000,0.000953674,0.054641513,0.000000000,0.414248645,0.500000000,0.200000003,-0.032404900,-1.856663982,0.000000000,-0.000039328,0.000000000,0.100000001
2026-07-05 14:50:34.162,1783234234.162039995,116.597285704,1,1,86.657885421,1,0.008427688,5,1,2.103747992,5,1,0,0,0,0,1,1,1,0,1,0,-1.000000000,0.000000000,0.000000000,0.000000000,0,-1.000000000,0,0,0,,0,-1.000000000,,0,0,0.000000000,0.000000000,0,-1.000000000,0,,0,-1.000000000,,0,-1.000000000,0,,1,-0.030380821,-1.740692813,-0.007326126,-0.036629677,1,3.141543627,179.997190971,-0.002442360,-2.782905579,1,-2.873217821,-164.623254772,0.002442360,2.632478714,1,0.003242493,0.185781145,-0.007326126,0.407814026,1,-0.032020569,-1.834643453,-0.012210846,-0.003663063,-0.030762291,-1.762549419,0.000000000,-0.000000000,8.000000000,3.500000000,3.163287401,181.243017476,0.000000000,-2.804438829,2.000000000,0.500000000,-2.874362230,-164.688824588,0.000000000,2.659170151,1.000000000,0.500000000,0.000953674,0.054641513,0.000000000,0.414248645,0.500000000,0.200000003,-0.032404900,-1.856663982,0.000000000,-0.000039328,0.000000000,0.100000001
2026-07-05 14:50:35.161,1783234235.161872864,117.597118721,1,1,87.657718438,1,0.008148408,5,1,3.103581009,5,1,0,0,0,0,1,1,1,0,1,0,-1.000000000,0.000000000,0.000000000,0.000000000,0,-1.000000000,0,0,0,,0,-1.000000000,,0,0,0.000000000,0.000000000,0,-1.000000000,0,,0,-1.000000000,,0,-1.000000000,0,,1,-0.030380821,-1.740692813,0.007326126,-0.031745911,1,3.141543627,179.997190971,-0.002442360,-2.769229889,1,-2.873217821,-164.623254772,-0.002442360,2.632478714,1,0.003242493,0.185781145,0.007326126,0.402930260,1,-0.032404900,-1.856663982,-0.012210846,-0.003663063,-0.030762291,-1.762549419,0.000000000,-0.000000000,8.000000000,3.500000000,3.163287401,181.243017476,0.000000000,-2.804438829,2.000000000,0.500000000,-2.874362230,-164.688824588,0.000000000,2.659170151,1.000000000,0.500000000,0.000953674,0.054641513,0.000000000,0.414248645,0.500000000,0.200000003,-0.032404900,-1.856663982,0.000000000,-0.000039328,0.000000000,0.100000001
2026-07-05 14:50:36.161,1783234236.161938429,118.597184022,1,1,88.657783739,1,0.008137388,5,1,4.103646310,5,1,0,0,0,0,1,1,1,0,1,0,-1.000000000,0.000000000,0.000000000,0.000000000,0,-1.000000000,0,0,0,,0,-1.000000000,,0,0,0.000000000,0.000000000,0,-1.000000000,0,,0,-1.000000000,,0,-1.000000000,0,,1,-0.030380821,-1.740692813,-0.007326126,-0.036629677,1,3.141543627,179.997190971,-0.007326126,-2.769229889,1,-2.873217821,-164.623254772,-0.002442360,2.659828186,1,0.003242493,0.185781145,0.007326126,0.407814026,1,-0.032404900,-1.856663982,-0.012210846,-0.003663063,-0.030762291,-1.762549419,0.000000000,-0.000000000,8.000000000,3.500000000,3.163287401,181.243017476,0.000000000,-2.804438829,2.000000000,0.500000000,-2.874362230,-164.688824588,0.000000000,2.659170151,1.000000000,0.500000000,0.000953674,0.054641513,0.000000000,0.414248645,0.500000000,0.200000003,-0.032404900,-1.856663982,0.000000000,-0.000039328,0.000000000,0.100000001
2026-07-05 14:50:37.162,1783234237.162031651,119.597277295,1,1,89.657877012,1,0.008049184,5,1,5.103739583,5,1,0,0,0,0,1,1,1,0,1,0,-1.000000000,0.000000000,0.000000000,0.000000000,0,-1.000000000,0,0,0,,0,-1.000000000,,0,0,0.000000000,0.000000000,0,-1.000000000,0,,0,-1.000000000,,0,-1.000000000,0,,1,-0.030380821,-1.740692813,-0.021978378,-0.031745911,1,3.141543627,179.997190971,-0.002442360,-2.782905579,1,-2.873217821,-164.623254772,-0.002442360,2.646154404,1,0.003242493,0.185781145,-0.007326126,0.407814026,1,-0.032404900,-1.856663982,0.012210846,-0.003663063,-0.030762291,-1.762549419,0.000000000,-0.000000000,8.000000000,3.500000000,3.163287401,181.243017476,0.000000000,-2.804438829,2.000000000,0.500000000,-2.874362230,-164.688824588,0.000000000,2.659170151,1.000000000,0.500000000,0.000953674,0.054641513,0.000000000,0.414248645,0.500000000,0.200000003,-0.032404900,-1.856663982,0.000000000,-0.000039328,0.000000000,0.100000001
2026-07-05 14:50:38.162,1783234238.161969662,120.597215333,1,1,90.657815050,1,0.008226036,5,1,6.103677621,5,1,0,0,0,0,1,1,1,0,1,0,-1.000000000,0.000000000,0.000000000,0.000000000,0,-1.000000000,0,0,0,,0,-1.000000000,,0,0,0.000000000,0.000000000,0,-1.000000000,0,,0,-1.000000000,,0,-1.000000000,0,,1,-0.030380821,-1.740692813,-0.007326126,-0.031745911,1,3.141543627,179.997190971,-0.007326126,-2.782905579,1,-2.873217821,-164.623254772,-0.007326126,2.618803024,1,0.003623962,0.207637751,0.007326126,0.407814026,1,-0.032404900,-1.856663982,0.036628723,-0.003663063,-0.030762291,-1.762549419,0.000000000,-0.000000000,8.000000000,3.500000000,3.163287401,181.243017476,0.000000000,-2.804438829,2.000000000,0.500000000,-2.874362230,-164.688824588,0.000000000,2.659170151,1.000000000,0.500000000,0.000953674,0.054641513,0.000000000,0.414248645,0.500000000,0.200000003,-0.032404900,-1.856663982,0.000000000,-0.000039328,0.000000000,0.100000001
2026-07-05 14:50:39.161,1783234239.161945105,121.597190898,1,1,91.657790615,1,0.008253163,5,1,7.103653186,5,1,0,1,0,0,1,1,1,0,1,0,-1.000000000,0.000000000,0.000000000,0.000000000,0,-1.000000000,0,0,0,,0,-1.000000000,,0,0,0.000000000,0.000000000,0,-1.000000000,0,,0,-1.000000000,,0,-1.000000000,0,,1,-0.030380821,-1.740692813,-0.007326126,-0.031745911,1,3.141543627,179.997190971,-0.002442360,-2.782905579,1,-2.873217821,-164.623254772,-0.002442360,2.632478714,1,0.003242493,0.185781145,-0.007326126,0.407814026,1,-0.032404900,-1.856663982,-0.012210846,-0.003663063,-0.030762291,-1.762549419,0.000000000,-0.000000000,8.000000000,3.500000000,3.163287401,181.243017476,0.000000000,-2.804438829,2.000000000,0.500000000,-2.874362230,-164.688824588,0.000000000,2.659170151,1.000000000,0.500000000,0.000953674,0.054641513,0.000000000,0.414248645,0.500000000,0.200000003,-0.032404900,-1.856663982,0.000000000,-0.000039328,0.000000000,0.100000001
2026-07-05 14:50:40.162,1783234240.161972761,122.597218310,1,1,92.657818027,1,0.007790087,5,1,8.103680598,5,1,0,1,0,0,1,1,1,0,1,0,-1.000000000,0.000000000,0.000000000,0.000000000,0,-1.000000000,0,0,0,,0,-1.000000000,,0,0,0.000000000,0.000000000,0,-1.000000000,0,,0,-1.000000000,,0,-1.000000000,0,,1,-0.030380821,-1.740692813,-0.007326126,-0.031745911,1,3.141543627,179.997190971,-0.002442360,-2.782905579,1,-2.873217821,-164.623254772,-0.002442360,2.646154404,1,0.003242493,0.185781145,-0.021978378,0.407814026,1,-0.032404900,-1.856663982,-0.036628723,-0.003663063,-0.030762291,-1.762549419,0.000000000,-0.000000000,8.000000000,3.500000000,3.163287401,181.243017476,0.000000000,-2.804438829,2.000000000,0.500000000,-2.874362230,-164.688824588,0.000000000,2.659170151,1.000000000,0.500000000,0.000953674,0.054641513,0.000000000,0.414248645,0.500000000,0.200000003,-0.032404900,-1.856663982,0.000000000,-0.000039328,0.000000000,0.100000001
2026-07-05 14:50:41.162,1783234241.162012100,123.597257791,1,1,93.657857508,1,0.008160401,5,1,9.103720079,5,1,0,1,0,0,1,1,1,0,1,0,-1.000000000,0.000000000,0.000000000,0.000000000,0,-1.000000000,0,0,0,,0,-1.000000000,,0,0,0.000000000,0.000000000,0,-1.000000000,0,,0,-1.000000000,,0,-1.000000000,0,,1,-0.030380821,-1.740692813,-0.007326126,-0.031745911,1,3.141543627,179.997190971,-0.002442360,-2.782905579,1,-2.873217821,-164.623254772,-0.002442360,2.632478714,1,0.003242493,0.185781145,-0.007326126,0.407814026,1,-0.032404900,-1.856663982,-0.036628723,-0.003663063,-0.030762291,-1.762549419,0.000000000,-0.000000000,8.000000000,3.500000000,3.163287401,181.243017476,0.000000000,-2.804438829,2.000000000,0.500000000,-2.874362230,-164.688824588,0.000000000,2.659170151,1.000000000,0.500000000,0.000953674,0.054641513,0.000000000,0.414248645,0.500000000,0.200000003,-0.032404900,-1.856663982,0.000000000,-0.000039328,0.000000000,0.100000001
2026-07-05 14:50:42.162,1783234242.162009954,124.597255634,1,1,94.657855351,1,0.008373018,5,1,10.103717922,5,1,0,1,0,0,1,1,1,0,1,0,-1.000000000,0.000000000,0.000000000,0.000000000,0,-1.000000000,0,0,0,,0,-1.000000000,,0,0,0.000000000,0.000000000,0,-1.000000000,0,,0,-1.000000000,,0,-1.000000000,0,,1,-0.030380821,-1.740692813,-0.021978378,-0.036629677,1,3.141543627,179.997190971,-0.002442360,-2.782905579,1,-2.873217821,-164.623254772,-0.002442360,2.632478714,1,0.003242493,0.185781145,0.007326126,0.407814026,1,-0.032404900,-1.856663982,-0.036628723,-0.003663063,-0.030762291,-1.762549419,0.000000000,-0.000000000,8.000000000,3.500000000,3.163287401,181.243017476,0.000000000,-2.804438829,2.000000000,0.500000000,-2.874362230,-164.688824588,0.000000000,2.659170151,1.000000000,0.500000000,0.000953674,0.054641513,0.000000000,0.414248645,0.500000000,0.200000003,-0.032404900,-1.856663982,0.000000000,-0.000039328,0.000000000,0.100000001
2026-07-05 14:50:43.162,1783234243.162041664,125.597287414,1,1,95.657887131,1,0.008458229,5,1,11.103749702,5,1,0,1,0,0,1,1,1,0,1,0,-1.000000000,0.000000000,0.000000000,0.000000000,0,-1.000000000,0,0,0,,0,-1.000000000,,0,0,0.000000000,0.000000000,0,-1.000000000,0,,0,-1.000000000,,0,-1.000000000,0,,1,-0.030380821,-1.740692813,-0.021978378,-0.031745911,1,3.141543627,179.997190971,-0.002442360,-2.769229889,1,-2.872836351,-164.601398167,-0.002442360,2.632478714,1,0.003242493,0.185781145,0.007326126,0.407814026,1,-0.032404900,-1.856663982,0.012210846,-0.003663063,-0.030762291,-1.762549419,0.000000000,-0.000000000,8.000000000,3.500000000,3.163287401,181.243017476,0.000000000,-2.804438829,2.000000000,0.500000000,-2.874362230,-164.688824588,0.000000000,2.659170151,1.000000000,0.500000000,0.000953674,0.054641513,0.000000000,0.414248645,0.500000000,0.200000003,-0.032404900,-1.856663982,0.000000000,-0.000039328,0.000000000,0.100000001
2026-07-05 14:50:44.162,1783234244.161961079,126.597206754,1,1,96.657806471,1,0.008115834,5,1,12.103669042,5,1,0,1,0,0,1,1,1,0,1,0,-1.000000000,0.000000000,0.000000000,0.000000000,0,-1.000000000,0,0,0,,0,-1.000000000,,0,0,0.000000000,0.000000000,0,-1.000000000,0,,0,-1.000000000,,0,-1.000000000,0,,1,-0.030380821,-1.740692813,-0.007326126,-0.031745911,1,3.141543627,179.997190971,-0.002442360,-2.769229889,1,-2.873217821,-164.623254772,-0.002442360,2.632478714,1,0.003242493,0.185781145,-0.007326126,0.407814026,1,-0.032404900,-1.856663982,0.036628723,-0.003663063,-0.030762291,-1.762549419,0.000000000,-0.000000000,8.000000000,3.500000000,3.163287401,181.243017476,0.000000000,-2.804438829,2.000000000,0.500000000,-2.874362230,-164.688824588,0.000000000,2.659170151,1.000000000,0.500000000,0.000953674,0.054641513,0.000000000,0.414248645,0.500000000,0.200000003,-0.032404900,-1.856663982,0.000000000,-0.000039328,0.000000000,0.100000001
2026-07-05 14:50:45.161,1783234245.161934614,127.597180240,1,1,97.657779957,1,0.008072215,5,1,13.103642528,5,1,0,1,0,0,1,1,1,0,1,0,-1.000000000,0.000000000,0.000000000,0.000000000,0,-1.000000000,0,0,0,,0,-1.000000000,,0,0,0.000000000,0.000000000,0,-1.000000000,0,,0,-1.000000000,,0,-1.000000000,0,,1,-0.030380821,-1.740692813,0.007326126,-0.031745911,1,3.141543627,179.997190971,0.002442360,-2.769229889,1,-2.873217821,-164.623254772,-0.002442360,2.632478714,1,0.003242493,0.185781145,0.007326126,0.407814026,1,-0.032404900,-1.856663982,-0.012210846,-0.003663063,-0.030762291,-1.762549419,0.000000000,-0.000000000,8.000000000,3.500000000,3.163287401,181.243017476,0.000000000,-2.804438829,2.000000000,0.500000000,-2.874362230,-164.688824588,0.000000000,2.659170151,1.000000000,0.500000000,0.000953674,0.054641513,0.000000000,0.414248645,0.500000000,0.200000003,-0.032404900,-1.856663982,0.000000000,-0.000039328,0.000000000,0.100000001
2026-07-05 14:50:46.161,1783234246.161909580,128.597155246,1,1,98.657754963,1,0.008312543,5,1,14.103617534,5,1,0,1,0,0,1,1,1,0,1,0,-1.000000000,0.000000000,0.000000000,0.000000000,0,-1.000000000,0,0,0,,0,-1.000000000,,0,0,0.000000000,0.000000000,0,-1.000000000,0,,0,-1.000000000,,0,-1.000000000,0,,1,-0.030380821,-1.740692813,-0.007326126,-0.031745911,1,3.141543627,179.997190971,-0.002442360,-2.782905579,1,-2.873217821,-164.623254772,-0.002442360,2.632478714,1,0.003242493,0.185781145,0.007326126,0.407814026,1,-0.032404900,-1.856663982,0.012210846,-0.003663063,-0.030762291,-1.762549419,0.000000000,-0.000000000,8.000000000,3.500000000,3.163287401,181.243017476,0.000000000,-2.804438829,2.000000000,0.500000000,-2.874362230,-164.688824588,0.000000000,2.659170151,1.000000000,0.500000000,0.000953674,0.054641513,0.000000000,0.414248645,0.500000000,0.200000003,-0.032404900,-1.856663982,0.000000000,-0.000039328,0.000000000,0.100000001
2026-07-05 14:50:47.162,1783234247.161980629,129.597226308,1,1,99.657826025,1,0.008413190,5,1,0.003788801,5,1,0,1,0,0,1,1,1,0,1,0,-1.000000000,0.000000000,0.000000000,0.000000000,0,-1.000000000,0,0,0,,0,-1.000000000,,0,0,0.000000000,0.000000000,0,-1.000000000,0,,0,-1.000000000,,0,-1.000000000,0,,1,-0.030380821,-1.740692813,0.007326126,-0.031745911,1,3.141543627,179.997190971,-0.002442360,-2.769229889,1,-2.873217821,-164.623254772,-0.002442360,2.646154404,1,0.003242493,0.185781145,-0.007326126,0.407814026,1,-0.032404900,-1.856663982,-0.012210846,-0.003663063,-0.030762291,-1.762549419,0.000000000,-0.000000000,8.000000000,3.500000000,3.163287401,181.243017476,0.000000000,-2.804438829,2.000000000,0.500000000,-2.874362230,-164.688824588,0.000000000,2.659170151,1.000000000,0.500000000,0.000953674,0.054641513,0.000000000,0.414248645,0.500000000,0.200000003,-0.032404900,-1.856663982,0.000000000,-0.000039328,0.000000000,0.100000001
2026-07-05 14:50:48.161,1783234248.161918879,130.597164738,1,1,100.657764455,1,0.008212201,5,1,0.003789361,5,1,0,1,0,0,1,1,1,0,1,0,-1.000000000,0.000000000,0.000000000,0.000000000,0,-1.000000000,0,0,0,,0,-1.000000000,,0,0,0.000000000,0.000000000,0,-1.000000000,0,,0,-1.000000000,,0,-1.000000000,0,,1,-0.030380821,-1.740692813,-0.007326126,-0.036629677,1,3.141543627,179.997190971,0.002442360,-2.769229889,1,-2.873217821,-164.623254772,-0.007326126,2.632478714,1,0.003242493,0.185781145,0.007326126,0.407814026,1,-0.032404900,-1.856663982,-0.036628723,-0.003663063,-0.030762291,-1.762549419,0.000000000,-0.000000000,8.000000000,3.500000000,3.163287401,181.243017476,0.000000000,-2.804438829,2.000000000,0.500000000,-2.874362230,-164.688824588,0.000000000,2.659170151,1.000000000,0.500000000,0.000953674,0.054641513,0.000000000,0.414248645,0.500000000,0.200000003,-0.032404900,-1.856663982,0.000000000,-0.000039328,0.000000000,0.100000001
2026-07-05 14:50:49.161,1783234249.161906719,131.597152510,1,1,101.657752227,1,0.008354259,5,1,0.003874549,5,1,0,1,0,0,1,1,1,0,1,0,-1.000000000,0.000000000,0.000000000,0.000000000,0,-1.000000000,0,0,0,,0,-1.000000000,,0,0,0.000000000,0.000000000,0,-1.000000000,0,,0,-1.000000000,,0,-1.000000000,0,,1,-0.030380821,-1.740692813,-0.007326126,-0.036629677,1,3.141543627,179.997190971,-0.002442360,-2.769229889,1,-2.873217821,-164.623254772,-0.002442360,2.646154404,1,0.003242493,0.185781145,-0.007326126,0.407814026,1,-0.032404900,-1.856663982,0.012210846,-0.003663063,-0.030762291,-1.762549419,0.000000000,-0.000000000,8.000000000,3.500000000,3.163287401,181.243017476,0.000000000,-2.804438829,2.000000000,0.500000000,-2.874362230,-164.688824588,0.000000000,2.659170151,1.000000000,0.500000000,0.000953674,0.054641513,0.000000000,0.414248645,0.500000000,0.200000003,-0.032404900,-1.856663982,0.000000000,-0.000039328,0.000000000,0.100000001
2026-07-05 14:50:50.162,1783234250.162019014,132.597264829,1,1,102.657864546,1,0.008439561,5,1,0.003654395,5,1,0,1,0,0,1,1,1,0,1,0,-1.000000000,0.000000000,0.000000000,0.000000000,0,-1.000000000,0,0,0,,0,-1.000000000,,0,0,0.000000000,0.000000000,0,-1.000000000,0,,0,-1.000000000,,0,-1.000000000,0,,1,-0.030380821,-1.740692813,-0.007326126,-0.026862144,1,3.141543627,179.997190971,-0.002442360,-2.782905579,1,-2.873217821,-164.623254772,-0.002442360,2.632478714,1,0.003242493,0.185781145,-0.007326126,0.407814026,1,-0.032404900,-1.856663982,0.012210846,-0.003663063,-0.030762291,-1.762549419,0.000000000,-0.000000000,8.000000000,3.500000000,3.163287401,181.243017476,0.000000000,-2.804438829,2.000000000,0.500000000,-2.874362230,-164.688824588,0.000000000,2.659170151,1.000000000,0.500000000,0.000953674,0.054641513,0.000000000,0.414248645,0.500000000,0.200000003,-0.032404900,-1.856663982,0.000000000,-0.000039328,0.000000000,0.100000001
2026-07-05 14:50:51.161,1783234251.161887407,133.597133063,1,1,103.657732780,1,0.008229454,5,1,0.003701013,5,1,0,1,0,0,1,1,1,0,1,0,-1.000000000,0.000000000,0.000000000,0.000000000,0,-1.000000000,0,0,0,,0,-1.000000000,,0,0,0.000000000,0.000000000,0,-1.000000000,0,,0,-1.000000000,,0,-1.000000000,0,,1,-0.030380821,-1.740692813,-0.007326126,-0.031745911,1,3.141543627,179.997190971,-0.002442360,-2.769229889,1,-2.873217821,-164.623254772,-0.002442360,2.632478714,1,0.003242493,0.185781145,-0.021978378,0.407814026,1,-0.032404900,-1.856663982,-0.061050415,-0.003663063,-0.030762291,-1.762549419,0.000000000,-0.000000000,8.000000000,3.500000000,3.163287401,181.243017476,0.000000000,-2.804438829,2.000000000,0.500000000,-2.874362230,-164.688824588,0.000000000,2.659170151,1.000000000,0.500000000,0.000953674,0.054641513,0.000000000,0.414248645,0.500000000,0.200000003,-0.032404900,-1.856663982,0.000000000,-0.000039328,0.000000000,0.100000001
2026-07-05 14:50:52.162,1783234252.162122726,134.597368540,1,1,104.657968257,1,0.008403191,5,1,0.003814531,5,1,0,1,0,0,1,1,1,0,1,0,-1.000000000,0.000000000,0.000000000,0.000000000,0,-1.000000000,0,0,0,,0,-1.000000000,,0,0,0.000000000,0.000000000,0,-1.000000000,0,,0,-1.000000000,,0,-1.000000000,0,,1,-0.030380821,-1.740692813,-0.021978378,-0.031745911,1,3.141543627,179.997190971,-0.002442360,-2.769229889,1,-2.873217821,-164.623254772,-0.002442360,2.632478714,1,0.003242493,0.185781145,0.007326126,0.407814026,1,-0.032404900,-1.856663982,0.012210846,-0.003663063,-0.030762291,-1.762549419,0.000000000,-0.000000000,8.000000000,3.500000000,3.163287401,181.243017476,0.000000000,-2.804438829,2.000000000,0.500000000,-2.874362230,-164.688824588,0.000000000,2.659170151,1.000000000,0.500000000,0.000953674,0.054641513,0.000000000,0.414248645,0.500000000,0.200000003,-0.032404900,-1.856663982,0.000000000,-0.000039328,0.000000000,0.100000001
2026-07-05 14:50:53.162,1783234253.162021875,135.597267524,1,1,105.657867241,1,0.008179776,5,1,0.003790730,5,1,0,1,0,0,1,1,1,0,1,0,-1.000000000,0.000000000,0.000000000,0.000000000,0,-1.000000000,0,0,0,,0,-1.000000000,,0,0,0.000000000,0.000000000,0,-1.000000000,0,,0,-1.000000000,,0,-1.000000000,0,,1,-0.030380821,-1.740692813,-0.007326126,-0.036629677,1,3.141543627,179.997190971,-0.002442360,-2.782905579,1,-2.873217821,-164.623254772,0.002442360,2.646154404,1,0.003242493,0.185781145,-0.007326126,0.407814026,1,-0.032404900,-1.856663982,0.012210846,-0.003663063,-0.030762291,-1.762549419,0.000000000,-0.000000000,8.000000000,3.500000000,3.163287401,181.243017476,0.000000000,-2.804438829,2.000000000,0.500000000,-2.874362230,-164.688824588,0.000000000,2.659170151,1.000000000,0.500000000,0.000953674,0.054641513,0.000000000,0.414248645,0.500000000,0.200000003,-0.032404900,-1.856663982,0.000000000,-0.000039328,0.000000000,0.100000001
2026-07-05 14:50:54.162,1783234254.161987543,136.597233403,1,1,106.657833120,1,0.008144638,5,1,0.003617712,5,1,0,1,0,0,1,1,1,0,1,0,-1.000000000,0.000000000,0.000000000,0.000000000,0,-1.000000000,0,0,0,,0,-1.000000000,,0,0,0.000000000,0.000000000,0,-1.000000000,0,,0,-1.000000000,,0,-1.000000000,0,,1,-0.030380821,-1.740692813,-0.007326126,-0.031745911,1,3.141543627,179.997190971,-0.007326126,-2.769229889,1,-2.873217821,-164.623254772,-0.002442360,2.632478714,1,0.003242493,0.185781145,-0.021978378,0.407814026,1,-0.032404900,-1.856663982,-0.012210846,-0.006104946,-0.030762291,-1.762549419,0.000000000,-0.000000000,8.000000000,3.500000000,3.163287401,181.243017476,0.000000000,-2.804438829,2.000000000,0.500000000,-2.874362230,-164.688824588,0.000000000,2.659170151,1.000000000,0.500000000,0.000953674,0.054641513,0.000000000,0.414248645,0.500000000,0.200000003,-0.032404900,-1.856663982,0.000000000,-0.000039328,0.000000000,0.100000001
2026-07-05 14:50:55.161,1783234255.161864281,137.597109950,1,1,107.657709667,1,0.008218777,5,1,0.003523099,5,1,0,1,0,0,1,1,1,0,1,0,-1.000000000,0.000000000,0.000000000,0.000000000,0,-1.000000000,0,0,0,,0,-1.000000000,,0,0,0.000000000,0.000000000,0,-1.000000000,0,,0,-1.000000000,,0,-1.000000000,0,,1,-0.030380821,-1.740692813,-0.007326126,-0.036629677,1,3.141543627,179.997190971,-0.002442360,-2.769229889,1,-2.873217821,-164.623254772,-0.002442360,2.632478714,1,0.003242493,0.185781145,-0.021978378,0.407814026,1,-0.032404900,-1.856663982,0.012210846,-0.003663063,-0.030762291,-1.762549419,0.000000000,-0.000000000,8.000000000,3.500000000,3.163287401,181.243017476,0.000000000,-2.804438829,2.000000000,0.500000000,-2.874362230,-164.688824588,0.000000000,2.659170151,1.000000000,0.500000000,0.000953674,0.054641513,0.000000000,0.414248645,0.500000000,0.200000003,-0.032404900,-1.856663982,0.000000000,-0.000039328,0.000000000,0.100000001
2026-07-05 14:50:56.162,1783234256.161938667,138.597184327,1,1,108.657784044,1,0.008133570,5,1,0.003727704,5,1,0,1,0,0,1,1,1,0,1,0,-1.000000000,0.000000000,0.000000000,0.000000000,0,-1.000000000,0,0,0,,0,-1.000000000,,0,0,0.000000000,0.000000000,0,-1.000000000,0,,0,-1.000000000,,0,-1.000000000,0,,1,-0.030380821,-1.740692813,-0.021978378,-0.036629677,1,3.141543627,179.997190971,-0.002442360,-2.782905579,1,-2.873217821,-164.623254772,-0.002442360,2.632478714,1,0.003242493,0.185781145,-0.007326126,0.407814026,1,-0.032404900,-1.856663982,0.012210846,-0.003663063,-0.030762291,-1.762549419,0.000000000,-0.000000000,8.000000000,3.500000000,3.163287401,181.243017476,0.000000000,-2.804438829,2.000000000,0.500000000,-2.874362230,-164.688824588,0.000000000,2.659170151,1.000000000,0.500000000,0.000953674,0.054641513,0.000000000,0.414248645,0.500000000,0.200000003,-0.032404900,-1.856663982,0.000000000,-0.000039328,0.000000000,0.100000001
2026-07-05 14:50:57.162,1783234257.161946774,139.597192454,1,1,109.657792171,1,0.008319812,5,1,0.003895056,5,1,0,1,0,0,1,1,1,0,1,0,-1.000000000,0.000000000,0.000000000,0.000000000,0,-1.000000000,0,0,0,,0,-1.000000000,,0,0,0.000000000,0.000000000,0,-1.000000000,0,,0,-1.000000000,,0,-1.000000000,0,,1,-0.030380821,-1.740692813,0.007326126,-0.031745911,1,3.141543627,179.997190971,-0.002442360,-2.769229889,1,-2.873217821,-164.623254772,-0.002442360,2.632478714,1,0.003242493,0.185781145,-0.007326126,0.407814026,1,-0.032404900,-1.856663982,-0.012210846,-0.003663063,-0.030762291,-1.762549419,0.000000000,-0.000000000,8.000000000,3.500000000,3.163287401,181.243017476,0.000000000,-2.804438829,2.000000000,0.500000000,-2.874362230,-164.688824588,0.000000000,2.659170151,1.000000000,0.500000000,0.000953674,0.054641513,0.000000000,0.414248645,0.500000000,0.200000003,-0.032404900,-1.856663982,0.000000000,-0.000039328,0.000000000,0.100000001
2026-07-05 14:50:58.161,1783234258.161917925,140.597163774,1,1,110.657763491,1,0.008057777,5,1,0.003661876,5,1,0,1,0,0,1,1,1,0,1,0,-1.000000000,0.000000000,0.000000000,0.000000000,0,-1.000000000,0,0,0,,0,-1.000000000,,0,0,0.000000000,0.000000000,0,-1.000000000,0,,0,-1.000000000,,0,-1.000000000,0,,1,-0.030380821,-1.740692813,-0.021978378,-0.036629677,1,3.141543627,179.997190971,-0.007326126,-2.782905579,1,-2.873217821,-164.623254772,-0.002442360,2.646154404,1,0.003623962,0.207637751,0.007326126,0.407814026,1,-0.032404900,-1.856663982,-0.036628723,-0.003663063,-0.030762291,-1.762549419,0.000000000,-0.000000000,8.000000000,3.500000000,3.163287401,181.243017476,0.000000000,-2.804438829,2.000000000,0.500000000,-2.874362230,-164.688824588,0.000000000,2.659170151,1.000000000,0.500000000,0.000953674,0.054641513,0.000000000,0.414248645,0.500000000,0.200000003,-0.032404900,-1.856663982,0.000000000,-0.000039328,0.000000000,0.100000001
2026-07-05 14:50:59.161,1783234259.161864519,141.597110121,1,1,111.657709838,1,0.008381856,5,1,0.003693035,5,1,0,1,0,0,1,1,1,0,1,0,-1.000000000,0.000000000,0.000000000,0.000000000,0,-1.000000000,0,0,0,,0,-1.000000000,,0,0,0.000000000,0.000000000,0,-1.000000000,0,,0,-1.000000000,,0,-1.000000000,0,,1,-0.030380821,-1.740692813,-0.007326126,-0.036629677,1,3.141543627,179.997190971,-0.002442360,-2.782905579,1,-2.873217821,-164.623254772,-0.002442360,2.632478714,1,0.003242493,0.185781145,-0.007326126,0.407814026,1,-0.032404900,-1.856663982,-0.036628723,-0.003663063,-0.030762291,-1.762549419,0.000000000,-0.000000000,8.000000000,3.500000000,3.163287401,181.243017476,0.000000000,-2.804438829,2.000000000,0.500000000,-2.874362230,-164.688824588,0.000000000,2.659170151,1.000000000,0.500000000,0.000953674,0.054641513,0.000000000,0.414248645,0.500000000,0.200000003,-0.032404900,-1.856663982,0.000000000,-0.000039328,0.000000000,0.100000001
2026-07-05 14:51:00.162,1783234260.162018776,142.597264607,1,1,112.657864324,1,0.008662660,5,1,0.003927955,5,1,0,1,0,0,1,1,1,0,1,0,-1.000000000,0.000000000,0.000000000,0.000000000,0,-1.000000000,0,0,0,,0,-1.000000000,,0,0,0.000000000,0.000000000,0,-1.000000000,0,,0,-1.000000000,,0,-1.000000000,0,,1,-0.030380821,-1.740692813,0.007326126,-0.031745911,1,3.141543627,179.997190971,-0.007326126,-2.782905579,1,-2.873217821,-164.623254772,0.002442360,2.632478714,1,0.003242493,0.185781145,-0.021978378,0.407814026,1,-0.032404900,-1.856663982,0.012210846,-0.003663063,-0.030762291,-1.762549419,0.000000000,-0.000000000,8.000000000,3.500000000,3.163287401,181.243017476,0.000000000,-2.804438829,2.000000000,0.500000000,-2.874362230,-164.688824588,0.000000000,2.659170151,1.000000000,0.500000000,0.000953674,0.054641513,0.000000000,0.414248645,0.500000000,0.200000003,-0.032404900,-1.856663982,0.000000000,-0.000039328,0.000000000,0.100000001
2026-07-05 14:51:01.162,1783234261.162094593,143.597340265,1,1,113.657939982,1,0.008313745,5,1,0.003852488,5,1,0,1,0,0,1,1,1,0,1,0,-1.000000000,0.000000000,0.000000000,0.000000000,0,-1.000000000,0,0,0,,0,-1.000000000,,0,0,0.000000000,0.000000000,0,-1.000000000,0,,0,-1.000000000,,0,-1.000000000,0,,1,-0.030380821,-1.740692813,-0.007326126,-0.036629677,1,3.141543627,179.997190971,0.002442360,-2.769229889,1,-2.873217821,-164.623254772,-0.002442360,2.632478714,1,0.003242493,0.185781145,-0.007326126,0.407814026,1,-0.032404900,-1.856663982,0.012210846,-0.003663063,-0.030762291,-1.762549419,0.000000000,-0.000000000,8.000000000,3.500000000,3.163287401,181.243017476,0.000000000,-2.804438829,2.000000000,0.500000000,-2.874362230,-164.688824588,0.000000000,2.659170151,1.000000000,0.500000000,0.000953674,0.054641513,0.000000000,0.414248645,0.500000000,0.200000003,-0.032404900,-1.856663982,0.000000000,-0.000039328,0.000000000,0.100000001
2026-07-05 14:51:02.162,1783234262.161974192,144.597219887,1,1,114.657819604,1,0.008381477,5,1,0.003849245,5,1,0,1,0,0,1,1,1,0,1,0,-1.000000000,0.000000000,0.000000000,0.000000000,0,-1.000000000,0,0,0,,0,-1.000000000,,0,0,0.000000000,0.000000000,0,-1.000000000,0,,0,-1.000000000,,0,-1.000000000,0,,1,-0.030380821,-1.740692813,0.007326126,-0.036629677,1,3.141543627,179.997190971,-0.007326126,-2.782905579,1,-2.873217821,-164.623254772,-0.002442360,2.646154404,1,0.003242493,0.185781145,0.007326126,0.407814026,1,-0.032404900,-1.856663982,-0.012210846,-0.003663063,-0.030762291,-1.762549419,0.000000000,-0.000000000,8.000000000,3.500000000,3.163287401,181.243017476,0.000000000,-2.804438829,2.000000000,0.500000000,-2.874362230,-164.688824588,0.000000000,2.659170151,1.000000000,0.500000000,0.000953674,0.054641513,0.000000000,0.414248645,0.500000000,0.200000003,-0.032404900,-1.856663982,0.000000000,-0.000039328,0.000000000,0.100000001
2026-07-05 14:51:03.162,1783234263.162085533,145.597331347,1,1,115.657931064,1,0.008301759,5,1,0.003872374,5,1,0,1,0,0,1,1,1,0,1,0,-1.000000000,0.000000000,0.000000000,0.000000000,0,-1.000000000,0,0,0,,0,-1.000000000,,0,0,0.000000000,0.000000000,0,-1.000000000,0,,0,-1.000000000,,0,-1.000000000,0,,0,-0.030380821,-1.740692813,-0.007326126,-0.036629677,0,3.141543627,179.997190971,-0.002442360,-2.769229889,0,-2.873217821,-164.623254772,-0.002442360,2.632478714,0,0.003623962,0.207637751,-0.007326126,0.407814026,0,-0.032404900,-1.856663982,-0.036628723,-0.003663063,-0.030762291,-1.762549419,0.000000000,-0.000000000,8.000000000,3.500000000,3.163287401,181.243017476,0.000000000,-2.804438829,2.000000000,0.500000000,-2.874362230,-164.688824588,0.000000000,2.659170151,1.000000000,0.500000000,0.000953674,0.054641513,0.000000000,0.414248645,0.500000000,0.200000003,-0.032404900,-1.856663982,0.000000000,-0.000039328,0.000000000,0.100000001
2026-07-05 14:51:04.162,1783234264.162073374,146.597318947,1,1,116.657918664,1,0.008356108,5,1,0.003905185,5,1,0,1,0,0,1,1,1,0,1,0,-1.000000000,0.000000000,0.000000000,0.000000000,0,-1.000000000,0,0,0,,0,-1.000000000,,0,0,0.000000000,0.000000000,0,-1.000000000,0,,0,-1.000000000,,0,-1.000000000,0,,1,-0.030380821,-1.740692813,-0.007326126,-0.036629677,1,3.141543627,179.997190971,-0.007326126,-2.782905579,1,-2.873217821,-164.623254772,-0.002442360,2.646154404,1,0.003242493,0.185781145,-0.007326126,0.407814026,1,-0.032404900,-1.856663982,-0.036628723,-0.003663063,-0.030762291,-1.762549419,0.000000000,-0.000000000,8.000000000,3.500000000,3.163287401,181.243017476,0.000000000,-2.804438829,2.000000000,0.500000000,-2.874362230,-164.688824588,0.000000000,2.659170151,1.000000000,0.500000000,0.000953674,0.054641513,0.000000000,0.414248645,0.500000000,0.200000003,-0.032404900,-1.856663982,0.000000000,-0.000039328,0.000000000,0.100000001
2026-07-05 14:51:05.161,1783234265.161914825,147.597160624,1,1,117.657760341,1,0.008510883,5,1,0.003670833,5,1,0,1,0,0,1,1,1,0,1,0,-1.000000000,0.000000000,0.000000000,0.000000000,0,-1.000000000,0,0,0,,0,-1.000000000,,0,0,0.000000000,0.000000000,0,-1.000000000,0,,0,-1.000000000,,0,-1.000000000,0,,1,-0.030380821,-1.740692813,0.007326126,-0.031745911,1,3.141543627,179.997190971,-0.002442360,-2.782905579,1,-2.873217821,-164.623254772,-0.002442360,2.632478714,1,0.003623962,0.207637751,0.007326126,0.407814026,1,-0.032404900,-1.856663982,-0.012210846,-0.003663063,-0.030762291,-1.762549419,0.000000000,-0.000000000,8.000000000,3.500000000,3.163287401,181.243017476,0.000000000,-2.804438829,2.000000000,0.500000000,-2.874362230,-164.688824588,0.000000000,2.659170151,1.000000000,0.500000000,0.000953674,0.054641513,0.000000000,0.414248645,0.500000000,0.200000003,-0.032404900,-1.856663982,0.000000000,-0.000039328,0.000000000,0.100000001
2026-07-05 14:51:06.162,1783234266.162002087,148.597247789,1,1,118.657847506,1,0.007927455,5,1,0.003596826,5,1,0,1,0,0,1,1,1,0,1,0,-1.000000000,0.000000000,0.000000000,0.000000000,0,-1.000000000,0,0,0,,0,-1.000000000,,0,0,0.000000000,0.000000000,0,-1.000000000,0,,0,-1.000000000,,0,-1.000000000,0,,1,-0.030380821,-1.740692813,-0.007326126,-0.031745911,1,3.141543627,179.997190971,-0.002442360,-2.769229889,1,-2.873217821,-164.623254772,-0.002442360,2.646154404,1,0.003242493,0.185781145,-0.007326126,0.407814026,1,-0.032404900,-1.856663982,0.012210846,-0.003663063,-0.030762291,-1.762549419,0.000000000,-0.000000000,8.000000000,3.500000000,3.163287401,181.243017476,0.000000000,-2.804438829,2.000000000,0.500000000,-2.874362230,-164.688824588,0.000000000,2.659170151,1.000000000,0.500000000,0.000953674,0.054641513,0.000000000,0.414248645,0.500000000,0.200000003,-0.032404900,-1.856663982,0.000000000,-0.000039328,0.000000000,0.100000001
2026-07-05 14:51:07.162,1783234267.162146807,149.597392439,1,1,119.657992156,1,0.008429603,5,1,0.004101413,5,1,0,1,0,0,1,1,1,0,1,0,-1.000000000,0.000000000,0.000000000,0.000000000,0,-1.000000000,0,0,0,,0,-1.000000000,,0,0,0.000000000,0.000000000,0,-1.000000000,0,,0,-1.000000000,,0,-1.000000000,0,,1,-0.030380821,-1.740692813,-0.007326126,-0.036629677,1,3.141543627,179.997190971,-0.002442360,-2.769229889,1,-2.873217821,-164.623254772,-0.002442360,2.646154404,1,0.003242493,0.185781145,-0.007326126,0.407814026,1,-0.032404900,-1.856663982,-0.012210846,-0.003663063,-0.030762291,-1.762549419,0.000000000,-0.000000000,8.000000000,3.500000000,3.163287401,181.243017476,0.000000000,-2.804438829,2.000000000,0.500000000,-2.874362230,-164.688824588,0.000000000,2.659170151,1.000000000,0.500000000,0.000953674,0.054641513,0.000000000,0.414248645,0.500000000,0.200000003,-0.032404900,-1.856663982,0.000000000,-0.000039328,0.000000000,0.100000001
2026-07-05 14:51:08.162,1783234268.161978006,150.597223907,1,1,120.657823624,1,0.008323430,5,1,0.003521776,5,1,0,1,0,0,1,1,1,0,1,0,-1.000000000,0.000000000,0.000000000,0.000000000,0,-1.000000000,0,0,0,,0,-1.000000000,,0,0,0.000000000,0.000000000,0,-1.000000000,0,,0,-1.000000000,,0,-1.000000000,0,,1,-0.030380821,-1.740692813,-0.007326126,-0.036629677,1,3.141543627,179.997190971,-0.002442360,-2.769229889,1,-2.873217821,-164.623254772,-0.002442360,2.632478714,1,0.003242493,0.185781145,-0.021978378,0.407814026,1,-0.032404900,-1.856663982,0.012210846,-0.003663063,-0.030762291,-1.762549419,0.000000000,-0.000000000,8.000000000,3.500000000,3.163287401,181.243017476,0.000000000,-2.804438829,2.000000000,0.500000000,-2.874362230,-164.688824588,0.000000000,2.659170151,1.000000000,0.500000000,0.000953674,0.054641513,0.000000000,0.414248645,0.500000000,0.200000003,-0.032404900,-1.856663982,0.000000000,-0.000039328,0.000000000,0.100000001
2026-07-05 14:51:09.161,1783234269.161868334,151.597113932,1,1,121.657713649,1,0.007940650,5,1,0.003509732,5,1,0,1,0,0,1,1,1,0,1,0,-1.000000000,0.000000000,0.000000000,0.000000000,0,-1.000000000,0,0,0,,0,-1.000000000,,0,0,0.000000000,0.000000000,0,-1.000000000,0,,0,-1.000000000,,0,-1.000000000,0,,1,-0.030380821,-1.740692813,-0.007326126,-0.031745911,1,3.141543627,179.997190971,-0.002442360,-2.769229889,1,-2.873217821,-164.623254772,-0.007326126,2.632478714,1,0.003242493,0.185781145,-0.007326126,0.407814026,1,-0.032404900,-1.856663982,-0.036628723,-0.003663063,-0.030762291,-1.762549419,0.000000000,-0.000000000,8.000000000,3.500000000,3.163287401,181.243017476,0.000000000,-2.804438829,2.000000000,0.500000000,-2.874362230,-164.688824588,0.000000000,2.659170151,1.000000000,0.500000000,0.000953674,0.054641513,0.000000000,0.414248645,0.500000000,0.200000003,-0.032404900,-1.856663982,0.000000000,-0.000039328,0.000000000,0.100000001
2026-07-05 14:51:10.162,1783234270.162059784,152.597305534,1,1,122.657905251,1,0.008270676,5,1,0.003891123,5,1,0,1,0,0,1,1,1,0,1,0,-1.000000000,0.000000000,0.000000000,0.000000000,0,-1.000000000,0,0,0,,0,-1.000000000,,0,0,0.000000000,0.000000000,0,-1.000000000,0,,0,-1.000000000,,0,-1.000000000,0,,1,-0.030380821,-1.740692813,-0.007326126,-0.031745911,1,3.141543627,179.997190971,-0.002442360,-2.769229889,1,-2.873217821,-164.623254772,-0.002442360,2.632478714,1,0.003242493,0.185781145,0.007326126,0.407814026,1,-0.032404900,-1.856663982,-0.012210846,-0.003663063,-0.030762291,-1.762549419,0.000000000,-0.000000000,8.000000000,3.500000000,3.163287401,181.243017476,0.000000000,-2.804438829,2.000000000,0.500000000,-2.874362230,-164.688824588,0.000000000,2.659170151,1.000000000,0.500000000,0.000953674,0.054641513,0.000000000,0.414248645,0.500000000,0.200000003,-0.032404900,-1.856663982,0.000000000,-0.000039328,0.000000000,0.100000001
2026-07-05 14:51:11.162,1783234271.162004471,153.597250223,1,1,123.657849940,1,0.008489140,5,1,0.723762874,5,1,0,1,0,0,1,1,1,0,1,0,-1.000000000,0.000000000,0.000000000,0.000000000,0,-1.000000000,0,0,0,,0,-1.000000000,,0,0,0.000000000,0.000000000,0,-1.000000000,0,,0,-1.000000000,,0,-1.000000000,0,,0,-0.030380821,-1.740692813,0.007326126,-0.036629677,0,3.141543627,179.997190971,-0.002442360,-2.782905579,0,-2.873217821,-164.623254772,-0.002442360,2.632478714,0,0.003242493,0.185781145,-0.021978378,0.407814026,0,-0.032404900,-1.856663982,-0.012210846,-0.003663063,-0.030762291,-1.762549419,0.000000000,-0.000000000,8.000000000,3.500000000,3.163287401,181.243017476,0.000000000,-2.804438829,2.000000000,0.500000000,-2.874362230,-164.688824588,0.000000000,2.659170151,1.000000000,0.500000000,0.000953674,0.054641513,0.000000000,0.414248645,0.500000000,0.200000003,-0.032404900,-1.856663982,0.000000000,-0.000039328,0.000000000,0.100000001
2026-07-05 14:51:12.162,1783234272.161958456,154.597204181,1,1,124.657803898,1,0.008347168,5,1,1.723716832,5,1,0,1,0,0,1,1,1,0,1,0,-1.000000000,0.000000000,0.000000000,0.000000000,0,-1.000000000,0,0,0,,0,-1.000000000,,0,0,0.000000000,0.000000000,0,-1.000000000,0,,0,-1.000000000,,0,-1.000000000,0,,1,-0.030380821,-1.740692813,-0.007326126,-0.036629677,1,3.141543627,179.997190971,-0.002442360,-2.782905579,1,-2.873217821,-164.623254772,-0.002442360,2.646154404,1,0.003242493,0.185781145,-0.021978378,0.407814026,1,-0.032404900,-1.856663982,-0.012210846,-0.003663063,-0.030762291,-1.762549419,0.000000000,-0.000000000,8.000000000,3.500000000,3.163287401,181.243017476,0.000000000,-2.804438829,2.000000000,0.500000000,-2.874362230,-164.688824588,0.000000000,2.659170151,1.000000000,0.500000000,0.000953674,0.054641513,0.000000000,0.414248645,0.500000000,0.200000003,-0.032404900,-1.856663982,0.000000000,-0.000039328,0.000000000,0.100000001
2026-07-05 14:51:13.162,1783234273.162031174,155.597276737,1,1,125.657876454,1,0.008367377,5,1,2.723789388,5,1,0,1,0,0,1,1,1,0,1,0,-1.000000000,0.000000000,0.000000000,0.000000000,0,-1.000000000,0,0,0,,0,-1.000000000,,0,0,0.000000000,0.000000000,0,-1.000000000,0,,0,-1.000000000,,0,-1.000000000,0,,1,-0.030380821,-1.740692813,-0.007326126,-0.031745911,1,3.141543627,179.997190971,0.002442360,-2.782905579,1,-2.872836351,-164.601398167,-0.002442360,2.632478714,1,0.003242493,0.185781145,-0.007326126,0.407814026,1,-0.032404900,-1.856663982,-0.012210846,-0.003663063,-0.030762291,-1.762549419,0.000000000,-0.000000000,8.000000000,3.500000000,3.163287401,181.243017476,0.000000000,-2.804438829,2.000000000,0.500000000,-2.874362230,-164.688824588,0.000000000,2.659170151,1.000000000,0.500000000,0.000953674,0.054641513,0.000000000,0.414248645,0.500000000,0.200000003,-0.032404900,-1.856663982,0.000000000,-0.000039328,0.000000000,0.100000001
2026-07-05 14:51:14.162,1783234274.162015438,156.597261158,1,1,126.657860875,1,0.008378106,5,1,3.723773809,5,1,0,1,0,0,1,1,1,0,1,0,-1.000000000,0.000000000,0.000000000,0.000000000,0,-1.000000000,0,0,0,,0,-1.000000000,,0,0,0.000000000,0.000000000,0,-1.000000000,0,,0,-1.000000000,,0,-1.000000000,0,,1,-0.030380821,-1.740692813,0.007326126,-0.031745911,1,3.141543627,179.997190971,-0.002442360,-2.769229889,1,-2.872836351,-164.601398167,0.002442360,2.646154404,1,0.003242493,0.185781145,-0.007326126,0.407814026,1,-0.032404900,-1.856663982,-0.036628723,-0.003663063,-0.030762291,-1.762549419,0.000000000,-0.000000000,8.000000000,3.500000000,3.163287401,181.243017476,0.000000000,-2.804438829,2.000000000,0.500000000,-2.874362230,-164.688824588,0.000000000,2.659170151,1.000000000,0.500000000,0.000953674,0.054641513,0.000000000,0.414248645,0.500000000,0.200000003,-0.032404900,-1.856663982,0.000000000,-0.000039328,0.000000000,0.100000001
2026-07-05 14:51:15.162,1783234275.161935568,157.597181206,1,1,127.657780923,1,0.008411267,5,1,0.003527976,5,1,0,0,0,0,1,1,1,0,1,0,-1.000000000,0.000000000,0.000000000,0.000000000,0,-1.000000000,0,0,0,,0,-1.000000000,,0,0,0.000000000,0.000000000,0,-1.000000000,0,,0,-1.000000000,,0,-1.000000000,0,,1,-0.030380821,-1.740692813,-0.007326126,-0.036629677,1,3.141543627,179.997190971,-0.002442360,-2.769229889,1,-2.873217821,-164.623254772,-0.002442360,2.632478714,1,0.003242493,0.185781145,-0.007326126,0.407814026,1,-0.032404900,-1.856663982,-0.012210846,-0.003663063,-0.030762291,-1.762549419,0.000000000,-0.000000000,8.000000000,3.500000000,3.163287401,181.243017476,0.000000000,-2.804438829,2.000000000,0.500000000,-2.874362230,-164.688824588,0.000000000,2.659170151,1.000000000,0.500000000,0.000953674,0.054641513,0.000000000,0.414248645,0.500000000,0.200000003,-0.032404900,-1.856663982,0.000000000,-0.000039328,0.000000000,0.100000001
2026-07-05 14:51:16.162,1783234276.161993027,158.597238594,1,1,128.657838311,1,0.008155857,5,1,0.003926713,5,1,0,0,0,0,1,1,1,0,1,0,-1.000000000,0.000000000,0.000000000,0.000000000,0,-1.000000000,0,0,0,,0,-1.000000000,,0,0,0.000000000,0.000000000,0,-1.000000000,0,,0,-1.000000000,,0,-1.000000000,0,,1,-0.030380821,-1.740692813,0.007326126,-0.031745911,1,3.141543627,179.997190971,-0.002442360,-2.769229889,1,-2.873217821,-164.623254772,-0.002442360,2.646154404,1,0.003242493,0.185781145,-0.007326126,0.407814026,1,-0.032404900,-1.856663982,-0.012210846,-0.003663063,-0.030762291,-1.762549419,0.000000000,-0.000000000,8.000000000,3.500000000,3.163287401,181.243017476,0.000000000,-2.804438829,2.000000000,0.500000000,-2.874362230,-164.688824588,0.000000000,2.659170151,1.000000000,0.500000000,0.000953674,0.054641513,0.000000000,0.414248645,0.500000000,0.200000003,-0.032404900,-1.856663982,0.000000000,-0.000039328,0.000000000,0.100000001
2026-07-05 14:51:17.161,1783234277.161879063,159.597124669,1,1,129.657724386,1,0.008314762,5,1,0.003663355,5,1,0,0,0,0,1,1,1,0,1,0,-1.000000000,0.000000000,0.000000000,0.000000000,0,-1.000000000,0,0,0,,0,-1.000000000,,0,0,0.000000000,0.000000000,0,-1.000000000,0,,0,-1.000000000,,0,-1.000000000,0,,0,-0.030380821,-1.740692813,-0.021978378,-0.036629677,0,3.141543627,179.997190971,-0.002442360,-2.782905579,0,-2.873217821,-164.623254772,-0.007326126,2.632478714,0,0.003242493,0.185781145,-0.007326126,0.402930260,0,-0.032404900,-1.856663982,-0.012210846,-0.003663063,-0.030762291,-1.762549419,0.000000000,-0.000000000,8.000000000,3.500000000,3.163287401,181.243017476,0.000000000,-2.804438829,2.000000000,0.500000000,-2.874362230,-164.688824588,0.000000000,2.659170151,1.000000000,0.500000000,0.000953674,0.054641513,0.000000000,0.414248645,0.500000000,0.200000003,-0.032404900,-1.856663982,0.000000000,-0.000039328,0.000000000,0.100000001
2026-07-05 14:51:18.162,1783234278.162001610,160.597247368,1,1,130.657847085,1,0.008151531,5,1,0.003753441,5,1,0,0,0,0,1,1,1,0,1,0,-1.000000000,0.000000000,0.000000000,0.000000000,0,-1.000000000,0,0,0,,0,-1.000000000,,0,0,0.000000000,0.000000000,0,-1.000000000,0,,0,-1.000000000,,0,-1.000000000,0,,1,-0.030380821,-1.740692813,-0.007326126,-0.036629677,1,3.141543627,179.997190971,-0.002442360,-2.782905579,1,-2.873217821,-164.623254772,-0.002442360,2.632478714,1,0.003242493,0.185781145,-0.007326126,0.407814026,1,-0.032404900,-1.856663982,0.012210846,-0.003663063,-0.030762291,-1.762549419,0.000000000,-0.000000000,8.000000000,3.500000000,3.163287401,181.243017476,0.000000000,-2.804438829,2.000000000,0.500000000,-2.874362230,-164.688824588,0.000000000,2.659170151,1.000000000,0.500000000,0.000953674,0.054641513,0.000000000,0.414248645,0.500000000,0.200000003,-0.032404900,-1.856663982,0.000000000,-0.000039328,0.000000000,0.100000001
2026-07-05 14:51:19.162,1783234279.162064552,161.597310342,1,1,131.657910059,1,0.008438266,5,1,0.003784946,5,1,0,0,0,0,1,1,1,0,1,0,-1.000000000,0.000000000,0.000000000,0.000000000,0,-1.000000000,0,0,0,,0,-1.000000000,,0,0,0.000000000,0.000000000,0,-1.000000000,0,,0,-1.000000000,,0,-1.000000000,0,,1,-0.030380821,-1.740692813,0.007326126,-0.031745911,1,3.141543627,179.997190971,-0.002442360,-2.769229889,1,-2.873217821,-164.623254772,-0.002442360,2.632478714,1,0.003242493,0.185781145,-0.007326126,0.407814026,1,-0.032404900,-1.856663982,-0.012210846,-0.003663063,-0.030762291,-1.762549419,0.000000000,-0.000000000,8.000000000,3.500000000,3.163287401,181.243017476,0.000000000,-2.804438829,2.000000000,0.500000000,-2.874362230,-164.688824588,0.000000000,2.659170151,1.000000000,0.500000000,0.000953674,0.054641513,0.000000000,0.414248645,0.500000000,0.200000003,-0.032404900,-1.856663982,0.000000000,-0.000039328,0.000000000,0.100000001
2026-07-05 14:51:20.162,1783234280.162044525,162.597289994,1,1,132.657889711,1,0.008624547,5,1,0.003724774,5,1,0,0,0,0,1,1,1,0,1,0,-1.000000000,0.000000000,0.000000000,0.000000000,0,-1.000000000,0,0,0,,0,-1.000000000,,0,0,0.000000000,0.000000000,0,-1.000000000,0,,0,-1.000000000,,0,-1.000000000,0,,1,-0.030380821,-1.740692813,0.007326126,-0.036629677,1,3.141543627,179.997190971,-0.002442360,-2.769229889,1,-2.873217821,-164.623254772,-0.002442360,2.646154404,1,0.003242493,0.185781145,-0.007326126,0.407814026,1,-0.032404900,-1.856663982,0.012210846,-0.003663063,-0.030762291,-1.762549419,0.000000000,-0.000000000,8.000000000,3.500000000,3.163287401,181.243017476,0.000000000,-2.804438829,2.000000000,0.500000000,-2.874362230,-164.688824588,0.000000000,2.659170151,1.000000000,0.500000000,0.000953674,0.054641513,0.000000000,0.414248645,0.500000000,0.200000003,-0.032404900,-1.856663982,0.000000000,-0.000039328,0.000000000,0.100000001
2026-07-05 14:51:21.162,1783234281.162083149,163.597328871,1,1,133.657928588,1,0.008559279,5,1,0.003761972,5,1,0,0,0,0,1,1,1,0,1,0,-1.000000000,0.000000000,0.000000000,0.000000000,0,-1.000000000,0,0,0,,0,-1.000000000,,0,0,0.000000000,0.000000000,0,-1.000000000,0,,0,-1.000000000,,0,-1.000000000,0,,1,-0.030380821,-1.740692813,-0.007326126,-0.031745911,1,3.141543627,179.997190971,-0.007326126,-2.782905579,1,-2.873217821,-164.623254772,-0.002442360,2.632478714,1,0.003242493,0.185781145,0.007326126,0.407814026,1,-0.032404900,-1.856663982,-0.012210846,-0.003663063,-0.030762291,-1.762549419,0.000000000,-0.000000000,8.000000000,3.500000000,3.163287401,181.243017476,0.000000000,-2.804438829,2.000000000,0.500000000,-2.874362230,-164.688824588,0.000000000,2.659170151,1.000000000,0.500000000,0.000953674,0.054641513,0.000000000,0.414248645,0.500000000,0.200000003,-0.032404900,-1.856663982,0.000000000,-0.000039328,0.000000000,0.100000001
2026-07-05 14:51:22.161,1783234282.161809444,164.597055081,1,1,134.657654798,1,0.008621409,5,1,0.003683769,5,1,0,0,0,0,1,1,1,0,1,0,-1.000000000,0.000000000,0.000000000,0.000000000,0,-1.000000000,0,0,0,,0,-1.000000000,,0,0,0.000000000,0.000000000,0,-1.000000000,0,,0,-1.000000000,,0,-1.000000000,0,,1,-0.030380821,-1.740692813,0.007326126,-0.031745911,1,3.141543627,179.997190971,-0.002442360,-2.769229889,1,-2.873217821,-164.623254772,-0.002442360,2.632478714,1,0.003242493,0.185781145,0.007326126,0.407814026,1,-0.032404900,-1.856663982,0.012210846,-0.003663063,-0.030762291,-1.762549419,0.000000000,-0.000000000,8.000000000,3.500000000,3.163287401,181.243017476,0.000000000,-2.804438829,2.000000000,0.500000000,-2.874362230,-164.688824588,0.000000000,2.659170151,1.000000000,0.500000000,0.000953674,0.054641513,0.000000000,0.414248645,0.500000000,0.200000003,-0.032404900,-1.856663982,0.000000000,-0.000039328,0.000000000,0.100000001
2026-07-05 14:51:23.162,1783234283.161966324,165.597211996,1,1,135.657811713,1,0.008224526,5,1,0.003739365,5,1,0,0,0,0,1,1,1,0,1,0,-1.000000000,0.000000000,0.000000000,0.000000000,0,-1.000000000,0,0,0,,0,-1.000000000,,0,0,0.000000000,0.000000000,0,-1.000000000,0,,0,-1.000000000,,0,-1.000000000,0,,1,-0.030380821,-1.740692813,-0.021978378,-0.031745911,1,3.141543627,179.997190971,-0.007326126,-2.782905579,1,-2.873217821,-164.623254772,-0.002442360,2.632478714,1,0.003623962,0.207637751,0.007326126,0.407814026,1,-0.032404900,-1.856663982,-0.012210846,-0.003663063,-0.030762291,-1.762549419,0.000000000,-0.000000000,8.000000000,3.500000000,3.163287401,181.243017476,0.000000000,-2.804438829,2.000000000,0.500000000,-2.874362230,-164.688824588,0.000000000,2.659170151,1.000000000,0.500000000,0.000953674,0.054641513,0.000000000,0.414248645,0.500000000,0.200000003,-0.032404900,-1.856663982,0.000000000,-0.000039328,0.000000000,0.100000001
2026-07-05 14:51:24.161,1783234284.161944866,166.597190536,1,1,136.657790253,1,0.008182546,5,1,0.003842937,5,1,0,0,0,0,1,1,1,0,1,0,-1.000000000,0.000000000,0.000000000,0.000000000,0,-1.000000000,0,0,0,,0,-1.000000000,,0,0,0.000000000,0.000000000,0,-1.000000000,0,,0,-1.000000000,,0,-1.000000000,0,,1,-0.030380821,-1.740692813,-0.007326126,-0.036629677,1,3.141543627,179.997190971,-0.002442360,-2.769229889,1,-2.872836351,-164.601398167,0.002442360,2.646154404,1,0.003623962,0.207637751,0.007326126,0.407814026,1,-0.032404900,-1.856663982,-0.036628723,-0.003663063,-0.030762291,-1.762549419,0.000000000,-0.000000000,8.000000000,3.500000000,3.163287401,181.243017476,0.000000000,-2.804438829,2.000000000,0.500000000,-2.874362230,-164.688824588,0.000000000,2.659170151,1.000000000,0.500000000,0.000953674,0.054641513,0.000000000,0.414248645,0.500000000,0.200000003,-0.032404900,-1.856663982,0.000000000,-0.000039328,0.000000000,0.100000001
2026-07-05 14:51:25.162,1783234285.162013769,167.597259478,1,1,137.657859195,1,0.008284819,5,1,0.003909124,5,1,0,0,0,0,1,1,1,0,1,0,-1.000000000,0.000000000,0.000000000,0.000000000,0,-1.000000000,0,0,0,,0,-1.000000000,,0,0,0.000000000,0.000000000,0,-1.000000000,0,,0,-1.000000000,,0,-1.000000000,0,,1,-0.030380821,-1.740692813,0.007326126,-0.036629677,1,3.141543627,179.997190971,-0.002442360,-2.769229889,1,-2.873217821,-164.623254772,-0.002442360,2.646154404,1,0.003242493,0.185781145,-0.007326126,0.407814026,1,-0.032404900,-1.856663982,-0.012210846,-0.003663063,-0.030762291,-1.762549419,0.000000000,-0.000000000,8.000000000,3.500000000,3.163287401,181.243017476,0.000000000,-2.804438829,2.000000000,0.500000000,-2.874362230,-164.688824588,0.000000000,2.659170151,1.000000000,0.500000000,0.000953674,0.054641513,0.000000000,0.414248645,0.500000000,0.200000003,-0.032404900,-1.856663982,0.000000000,-0.000039328,0.000000000,0.100000001
2026-07-05 14:51:26.162,1783234286.161953449,168.597199197,1,1,138.657798914,1,0.008627838,5,1,0.003715950,5,1,0,0,0,0,1,1,1,0,1,0,-1.000000000,0.000000000,0.000000000,0.000000000,0,-1.000000000,0,0,0,,0,-1.000000000,,0,0,0.000000000,0.000000000,0,-1.000000000,0,,0,-1.000000000,,0,-1.000000000,0,,1,-0.030380821,-1.740692813,-0.007326126,-0.036629677,1,3.141543627,179.997190971,-0.002442360,-2.782905579,1,-2.873217821,-164.623254772,-0.002442360,2.646154404,1,0.003242493,0.185781145,-0.021978378,0.407814026,1,-0.032404900,-1.856663982,-0.012210846,-0.003663063,-0.030762291,-1.762549419,0.000000000,-0.000000000,8.000000000,3.500000000,3.163287401,181.243017476,0.000000000,-2.804438829,2.000000000,0.500000000,-2.874362230,-164.688824588,0.000000000,2.659170151,1.000000000,0.500000000,0.000953674,0.054641513,0.000000000,0.414248645,0.500000000,0.200000003,-0.032404900,-1.856663982,0.000000000,-0.000039328,0.000000000,0.100000001
2026-07-05 14:51:27.161,1783234287.161859989,169.597105717,1,1,139.657705434,1,0.008357682,5,1,0.003655421,5,1,0,0,0,0,1,1,1,0,1,0,-1.000000000,0.000000000,0.000000000,0.000000000,0,-1.000000000,0,0,0,,0,-1.000000000,,0,0,0.000000000,0.000000000,0,-1.000000000,0,,0,-1.000000000,,0,-1.000000000,0,,1,-0.030380821,-1.740692813,0.007326126,-0.036629677,1,3.141543627,179.997190971,-0.002442360,-2.782905579,1,-2.873217821,-164.623254772,-0.002442360,2.632478714,1,0.003242493,0.185781145,-0.007326126,0.407814026,1,-0.032404900,-1.856663982,-0.036628723,-0.003663063,-0.030762291,-1.762549419,0.000000000,-0.000000000,8.000000000,3.500000000,3.163287401,181.243017476,0.000000000,-2.804438829,2.000000000,0.500000000,-2.874362230,-164.688824588,0.000000000,2.659170151,1.000000000,0.500000000,0.000953674,0.054641513,0.000000000,0.414248645,0.500000000,0.200000003,-0.032404900,-1.856663982,0.000000000,-0.000039328,0.000000000,0.100000001
2026-07-05 14:51:28.162,1783234288.162109613,170.597355424,1,1,140.657955141,1,0.008328194,5,1,0.004012570,5,1,0,0,0,0,1,1,1,0,1,0,-1.000000000,0.000000000,0.000000000,0.000000000,0,-1.000000000,0,0,0,,0,-1.000000000,,0,0,0.000000000,0.000000000,0,-1.000000000,0,,0,-1.000000000,,0,-1.000000000,0,,1,-0.030380821,-1.740692813,-0.007326126,-0.031745911,1,3.141543627,179.997190971,-0.002442360,-2.769229889,1,-2.873217821,-164.623254772,-0.002442360,2.632478714,1,0.003242493,0.185781145,-0.007326126,0.407814026,1,-0.032404900,-1.856663982,-0.012210846,-0.003663063,-0.030762291,-1.762549419,0.000000000,-0.000000000,8.000000000,3.500000000,3.163287401,181.243017476,0.000000000,-2.804438829,2.000000000,0.500000000,-2.874362230,-164.688824588,0.000000000,2.659170151,1.000000000,0.500000000,0.000953674,0.054641513,0.000000000,0.414248645,0.500000000,0.200000003,-0.032404900,-1.856663982,0.000000000,-0.000039328,0.000000000,0.100000001
2026-07-05 14:51:29.161,1783234289.161869049,171.597114661,1,1,141.657714378,1,0.007688768,5,1,0.003738984,5,1,0,0,0,0,1,1,1,0,1,0,-1.000000000,0.000000000,0.000000000,0.000000000,0,-1.000000000,0,0,0,,0,-1.000000000,,0,0,0.000000000,0.000000000,0,-1.000000000,0,,0,-1.000000000,,0,-1.000000000,0,,1,-0.030380821,-1.740692813,-0.007326126,-0.036629677,1,3.141543627,179.997190971,-0.002442360,-2.782905579,1,-2.873217821,-164.623254772,-0.002442360,2.646154404,1,0.003242493,0.185781145,-0.007326126,0.407814026,1,-0.032404900,-1.856663982,-0.012210846,-0.003663063,-0.030762291,-1.762549419,0.000000000,-0.000000000,8.000000000,3.500000000,3.163287401,181.243017476,0.000000000,-2.804438829,2.000000000,0.500000000,-2.874362230,-164.688824588,0.000000000,2.659170151,1.000000000,0.500000000,0.000953674,0.054641513,0.000000000,0.414248645,0.500000000,0.200000003,-0.032404900,-1.856663982,0.000000000,-0.000039328,0.000000000,0.100000001
2026-07-05 14:51:30.162,1783234290.162021160,172.597266731,1,1,142.657866448,1,0.008358617,5,1,0.003707010,5,1,0,0,0,0,1,1,1,0,1,0,-1.000000000,0.000000000,0.000000000,0.000000000,0,-1.000000000,0,0,0,,0,-1.000000000,,0,0,0.000000000,0.000000000,0,-1.000000000,0,,0,-1.000000000,,0,-1.000000000,0,,1,-0.030380821,-1.740692813,-0.007326126,-0.036629677,1,3.141543627,179.997190971,-0.002442360,-2.782905579,1,-2.873217821,-164.623254772,-0.002442360,2.618803024,1,0.003242493,0.185781145,0.007326126,0.407814026,1,-0.032404900,-1.856663982,-0.012210846,-0.003663063,-0.030762291,-1.762549419,0.000000000,-0.000000000,8.000000000,3.500000000,3.163287401,181.243017476,0.000000000,-2.804438829,2.000000000,0.500000000,-2.874362230,-164.688824588,0.000000000,2.659170151,1.000000000,0.500000000,0.000953674,0.054641513,0.000000000,0.414248645,0.500000000,0.200000003,-0.032404900,-1.856663982,0.000000000,-0.000039328,0.000000000,0.100000001
2026-07-05 14:51:31.161,1783234291.161941528,173.597187166,1,1,143.657786883,1,0.007994114,5,1,0.003754666,5,1,0,0,0,0,1,1,1,0,1,0,-1.000000000,0.000000000,0.000000000,0.000000000,0,-1.000000000,0,0,0,,0,-1.000000000,,0,0,0.000000000,0.000000000,0,-1.000000000,0,,0,-1.000000000,,0,-1.000000000,0,,1,-0.030380821,-1.740692813,-0.021978378,-0.036629677,1,3.141543627,179.997190971,-0.002442360,-2.782905579,1,-2.873217821,-164.623254772,-0.002442360,2.632478714,1,0.003242493,0.185781145,-0.007326126,0.407814026,1,-0.032404900,-1.856663982,-0.012210846,-0.003663063,-0.030762291,-1.762549419,0.000000000,-0.000000000,8.000000000,3.500000000,3.163287401,181.243017476,0.000000000,-2.804438829,2.000000000,0.500000000,-2.874362230,-164.688824588,0.000000000,2.659170151,1.000000000,0.500000000,0.000953674,0.054641513,0.000000000,0.414248645,0.500000000,0.200000003,-0.032404900,-1.856663982,0.000000000,-0.000039328,0.000000000,0.100000001
2026-07-05 14:51:32.162,1783234292.162050724,174.597296430,1,1,144.657896147,1,0.008241680,5,1,0.003829004,5,1,0,0,0,0,1,1,1,0,1,0,-1.000000000,0.000000000,0.000000000,0.000000000,0,-1.000000000,0,0,0,,0,-1.000000000,,0,0,0.000000000,0.000000000,0,-1.000000000,0,,0,-1.000000000,,0,-1.000000000,0,,1,-0.030380821,-1.740692813,-0.007326126,-0.031745911,1,3.141543627,179.997190971,-0.002442360,-2.769229889,1,-2.873217821,-164.623254772,-0.002442360,2.632478714,1,0.003242493,0.185781145,0.007326126,0.407814026,1,-0.032404900,-1.856663982,0.012210846,-0.003663063,-0.030762291,-1.762549419,0.000000000,-0.000000000,8.000000000,3.500000000,3.163287401,181.243017476,0.000000000,-2.804438829,2.000000000,0.500000000,-2.874362230,-164.688824588,0.000000000,2.659170151,1.000000000,0.500000000,0.000953674,0.054641513,0.000000000,0.414248645,0.500000000,0.200000003,-0.032404900,-1.856663982,0.000000000,-0.000039328,0.000000000,0.100000001
2026-07-05 14:51:33.162,1783234293.162007809,175.597253464,1,1,145.657853181,1,0.008258108,5,1,0.003772818,5,1,0,0,0,0,1,1,1,0,1,0,-1.000000000,0.000000000,0.000000000,0.000000000,0,-1.000000000,0,0,0,,0,-1.000000000,,0,0,0.000000000,0.000000000,0,-1.000000000,0,,0,-1.000000000,,0,-1.000000000,0,,1,-0.030380821,-1.740692813,-0.007326126,-0.031745911,1,3.141543627,179.997190971,-0.002442360,-2.782905579,1,-2.873217821,-164.623254772,0.002442360,2.632478714,1,0.003242493,0.185781145,0.007326126,0.407814026,1,-0.032404900,-1.856663982,-0.012210846,-0.003663063,-0.030762291,-1.762549419,0.000000000,-0.000000000,8.000000000,3.500000000,3.163287401,181.243017476,0.000000000,-2.804438829,2.000000000,0.500000000,-2.874362230,-164.688824588,0.000000000,2.659170151,1.000000000,0.500000000,0.000953674,0.054641513,0.000000000,0.414248645,0.500000000,0.200000003,-0.032404900,-1.856663982,0.000000000,-0.000039328,0.000000000,0.100000001
2026-07-05 14:51:34.162,1783234294.162042379,176.597287953,1,1,146.657887670,1,0.007912499,5,1,0.003671983,5,1,0,0,0,0,1,1,1,0,1,0,-1.000000000,0.000000000,0.000000000,0.000000000,0,-1.000000000,0,0,0,,0,-1.000000000,,0,0,0.000000000,0.000000000,0,-1.000000000,0,,0,-1.000000000,,0,-1.000000000,0,,1,-0.030380821,-1.740692813,-0.007326126,-0.031745911,1,3.141543627,179.997190971,-0.002442360,-2.782905579,1,-2.873217821,-164.623254772,-0.007326126,2.646154404,1,0.003242493,0.185781145,-0.007326126,0.407814026,1,-0.032404900,-1.856663982,-0.036628723,-0.003663063,-0.030762291,-1.762549419,0.000000000,-0.000000000,8.000000000,3.500000000,3.163287401,181.243017476,0.000000000,-2.804438829,2.000000000,0.500000000,-2.874362230,-164.688824588,0.000000000,2.659170151,1.000000000,0.500000000,0.000953674,0.054641513,0.000000000,0.414248645,0.500000000,0.200000003,-0.032404900,-1.856663982,0.000000000,-0.000039328,0.000000000,0.100000001
2026-07-05 14:51:35.162,1783234295.162008524,177.597254175,1,1,147.657853892,1,0.007862802,5,1,0.003664667,5,1,0,0,0,0,1,1,1,0,1,0,-1.000000000,0.000000000,0.000000000,0.000000000,0,-1.000000000,0,0,0,,0,-1.000000000,,0,0,0.000000000,0.000000000,0,-1.000000000,0,,0,-1.000000000,,0,-1.000000000,0,,1,-0.030380821,-1.740692813,0.007326126,-0.031745911,1,3.141543627,179.997190971,-0.002442360,-2.769229889,1,-2.873217821,-164.623254772,0.002442360,2.632478714,1,0.003242493,0.185781145,0.007326126,0.407814026,1,-0.032404900,-1.856663982,-0.012210846,-0.003663063,-0.030762291,-1.762549419,0.000000000,-0.000000000,8.000000000,3.500000000,3.163287401,181.243017476,0.000000000,-2.804438829,2.000000000,0.500000000,-2.874362230,-164.688824588,0.000000000,2.659170151,1.000000000,0.500000000,0.000953674,0.054641513,0.000000000,0.414248645,0.500000000,0.200000003,-0.032404900,-1.856663982,0.000000000,-0.000039328,0.000000000,0.100000001
2026-07-05 14:51:36.161,1783234296.161838770,178.597084627,1,1,148.657684344,1,0.007595527,5,1,0.003547226,5,1,0,0,0,0,1,1,1,0,1,0,-1.000000000,0.000000000,0.000000000,0.000000000,0,-1.000000000,0,0,0,,0,-1.000000000,,0,0,0.000000000,0.000000000,0,-1.000000000,0,,0,-1.000000000,,0,-1.000000000,0,,1,-0.030380821,-1.740692813,-0.007326126,-0.031745911,1,3.141543627,179.997190971,-0.002442360,-2.782905579,1,-2.873217821,-164.623254772,-0.002442360,2.632478714,1,0.003242493,0.185781145,-0.007326126,0.407814026,1,-0.032404900,-1.856663982,-0.036628723,-0.003663063,-0.030762291,-1.762549419,0.000000000,-0.000000000,8.000000000,3.500000000,3.163287401,181.243017476,0.000000000,-2.804438829,2.000000000,0.500000000,-2.874362230,-164.688824588,0.000000000,2.659170151,1.000000000,0.500000000,0.000953674,0.054641513,0.000000000,0.414248645,0.500000000,0.200000003,-0.032404900,-1.856663982,0.000000000,-0.000039328,0.000000000,0.100000001
2026-07-05 14:51:37.161,1783234297.161942244,179.597188033,1,1,149.657787750,1,0.008350726,5,1,0.003603165,5,1,0,0,0,0,1,1,1,0,1,0,-1.000000000,0.000000000,0.000000000,0.000000000,0,-1.000000000,0,0,0,,0,-1.000000000,,0,0,0.000000000,0.000000000,0,-1.000000000,0,,0,-1.000000000,,0,-1.000000000,0,,1,-0.030380821,-1.740692813,-0.007326126,-0.036629677,1,3.141543627,179.997190971,-0.002442360,-2.769229889,1,-2.873217821,-164.623254772,-0.007326126,2.632478714,1,0.003242493,0.185781145,-0.007326126,0.407814026,1,-0.032404900,-1.856663982,-0.012210846,-0.003663063,-0.030762291,-1.762549419,0.000000000,-0.000000000,8.000000000,3.500000000,3.163287401,181.243017476,0.000000000,-2.804438829,2.000000000,0.500000000,-2.874362230,-164.688824588,0.000000000,2.659170151,1.000000000,0.500000000,0.000953674,0.054641513,0.000000000,0.414248645,0.500000000,0.200000003,-0.032404900,-1.856663982,0.000000000,-0.000039328,0.000000000,0.100000001
2026-07-05 14:51:38.162,1783234298.162076473,180.597322191,1,1,150.657921908,1,0.008059466,5,1,0.003943388,5,1,0,0,0,0,1,1,1,0,1,0,-1.000000000,0.000000000,0.000000000,0.000000000,0,-1.000000000,0,0,0,,0,-1.000000000,,0,0,0.000000000,0.000000000,0,-1.000000000,0,,0,-1.000000000,,0,-1.000000000,0,,1,-0.030380821,-1.740692813,-0.007326126,-0.036629677,1,3.141543627,179.997190971,-0.007326126,-2.782905579,1,-2.873217821,-164.623254772,-0.002442360,2.646154404,1,0.003242493,0.185781145,-0.007326126,0.407814026,1,-0.032404900,-1.856663982,-0.012210846,-0.003663063,-0.030762291,-1.762549419,0.000000000,-0.000000000,8.000000000,3.500000000,3.163287401,181.243017476,0.000000000,-2.804438829,2.000000000,0.500000000,-2.874362230,-164.688824588,0.000000000,2.659170151,1.000000000,0.500000000,0.000953674,0.054641513,0.000000000,0.414248645,0.500000000,0.200000003,-0.032404900,-1.856663982,0.000000000,-0.000039328,0.000000000,0.100000001
2026-07-05 14:51:39.161,1783234299.161814213,181.597060084,1,1,151.657659801,1,0.008132641,5,1,0.003632900,5,1,0,0,0,0,1,1,1,0,1,0,-1.000000000,0.000000000,0.000000000,0.000000000,0,-1.000000000,0,0,0,,0,-1.000000000,,0,0,0.000000000,0.000000000,0,-1.000000000,0,,0,-1.000000000,,0,-1.000000000,0,,1,-0.030380821,-1.740692813,-0.021978378,-0.036629677,1,3.141543627,179.997190971,-0.007326126,-2.769229889,1,-2.873217821,-164.623254772,-0.002442360,2.632478714,1,0.003242493,0.185781145,-0.007326126,0.407814026,1,-0.032404900,-1.856663982,-0.036628723,-0.003663063,-0.030762291,-1.762549419,0.000000000,-0.000000000,8.000000000,3.500000000,3.163287401,181.243017476,0.000000000,-2.804438829,2.000000000,0.500000000,-2.874362230,-164.688824588,0.000000000,2.659170151,1.000000000,0.500000000,0.000953674,0.054641513,0.000000000,0.414248645,0.500000000,0.200000003,-0.032404900,-1.856663982,0.000000000,-0.000039328,0.000000000,0.100000001
2026-07-05 14:51:40.162,1783234300.161993265,182.597238955,1,1,152.657838672,1,0.008328486,5,1,0.003675869,5,1,0,0,0,0,1,1,1,0,1,0,-1.000000000,0.000000000,0.000000000,0.000000000,0,-1.000000000,0,0,0,,0,-1.000000000,,0,0,0.000000000,0.000000000,0,-1.000000000,0,,0,-1.000000000,,0,-1.000000000,0,,1,-0.030380821,-1.740692813,-0.007326126,-0.036629677,1,3.141543627,179.997190971,-0.007326126,-2.782905579,1,-2.873217821,-164.623254772,-0.002442360,2.632478714,1,0.003623962,0.207637751,-0.007326126,0.407814026,1,-0.032404900,-1.856663982,-0.012210846,-0.003663063,-0.030762291,-1.762549419,0.000000000,-0.000000000,8.000000000,3.500000000,3.163287401,181.243017476,0.000000000,-2.804438829,2.000000000,0.500000000,-2.874362230,-164.688824588,0.000000000,2.659170151,1.000000000,0.500000000,0.000953674,0.054641513,0.000000000,0.414248645,0.500000000,0.200000003,-0.032404900,-1.856663982,0.000000000,-0.000039328,0.000000000,0.100000001
2026-07-05 14:51:41.162,1783234301.162028790,183.597274503,1,1,153.657874220,1,0.008248666,5,1,0.003898828,5,1,0,0,0,0,1,1,1,0,1,0,-1.000000000,0.000000000,0.000000000,0.000000000,0,-1.000000000,0,0,0,,0,-1.000000000,,0,0,0.000000000,0.000000000,0,-1.000000000,0,,0,-1.000000000,,0,-1.000000000,0,,1,-0.030380821,-1.740692813,-0.007326126,-0.031745911,1,3.141543627,179.997190971,-0.007326126,-2.769229889,1,-2.873217821,-164.623254772,0.002442360,2.632478714,1,0.003242493,0.185781145,-0.007326126,0.407814026,1,-0.032404900,-1.856663982,-0.012210846,-0.003663063,-0.030762291,-1.762549419,0.000000000,-0.000000000,8.000000000,3.500000000,3.163287401,181.243017476,0.000000000,-2.804438829,2.000000000,0.500000000,-2.874362230,-164.688824588,0.000000000,2.659170151,1.000000000,0.500000000,0.000953674,0.054641513,0.000000000,0.414248645,0.500000000,0.200000003,-0.032404900,-1.856663982,0.000000000,-0.000039328,0.000000000,0.100000001
2026-07-05 14:51:42.162,1783234302.162007332,184.597252886,1,1,154.657852603,1,0.008518819,5,1,0.003786319,5,1,0,0,0,0,1,1,1,0,1,0,-1.000000000,0.000000000,0.000000000,0.000000000,0,-1.000000000,0,0,0,,0,-1.000000000,,0,0,0.000000000,0.000000000,0,-1.000000000,0,,0,-1.000000000,,0,-1.000000000,0,,1,-0.030380821,-1.740692813,-0.021978378,-0.031745911,1,3.141543627,179.997190971,-0.002442360,-2.782905579,1,-2.873217821,-164.623254772,-0.002442360,2.632478714,1,0.003242493,0.185781145,0.007326126,0.407814026,1,-0.032404900,-1.856663982,-0.036628723,-0.003663063,-0.030762291,-1.762549419,0.000000000,-0.000000000,8.000000000,3.500000000,3.163287401,181.243017476,0.000000000,-2.804438829,2.000000000,0.500000000,-2.874362230,-164.688824588,0.000000000,2.659170151,1.000000000,0.500000000,0.000953674,0.054641513,0.000000000,0.414248645,0.500000000,0.200000003,-0.032404900,-1.856663982,0.000000000,-0.000039328,0.000000000,0.100000001
2026-07-05 14:51:43.161,1783234303.161924601,185.597170242,1,1,155.657769959,1,0.008164593,5,1,0.003688907,5,1,0,0,0,0,1,1,1,0,1,0,-1.000000000,0.000000000,0.000000000,0.000000000,0,-1.000000000,0,0,0,,0,-1.000000000,,0,0,0.000000000,0.000000000,0,-1.000000000,0,,0,-1.000000000,,0,-1.000000000,0,,1,-0.030380821,-1.740692813,-0.021978378,-0.036629677,1,3.141543627,179.997190971,-0.002442360,-2.782905579,1,-2.873217821,-164.623254772,-0.002442360,2.632478714,1,0.003242493,0.185781145,-0.007326126,0.407814026,1,-0.032404900,-1.856663982,-0.012210846,-0.003663063,-0.030762291,-1.762549419,0.000000000,-0.000000000,8.000000000,3.500000000,3.163287401,181.243017476,0.000000000,-2.804438829,2.000000000,0.500000000,-2.874362230,-164.688824588,0.000000000,2.659170151,1.000000000,0.500000000,0.000953674,0.054641513,0.000000000,0.414248645,0.500000000,0.200000003,-0.032404900,-1.856663982,0.000000000,-0.000039328,0.000000000,0.100000001
2026-07-05 14:51:44.162,1783234304.161958218,186.597203857,1,1,156.657803574,1,0.008422362,5,1,0.003780749,5,1,0,0,0,0,1,1,1,0,1,0,-1.000000000,0.000000000,0.000000000,0.000000000,0,-1.000000000,0,0,0,,0,-1.000000000,,0,0,0.000000000,0.000000000,0,-1.000000000,0,,0,-1.000000000,,0,-1.000000000,0,,1,-0.030380821,-1.740692813,-0.021978378,-0.031745911,1,3.141543627,179.997190971,-0.002442360,-2.769229889,1,-2.873217821,-164.623254772,0.002442360,2.632478714,1,0.003242493,0.185781145,0.007326126,0.402930260,1,-0.032404900,-1.856663982,-0.012210846,-0.003663063,-0.030762291,-1.762549419,0.000000000,-0.000000000,8.000000000,3.500000000,3.163287401,181.243017476,0.000000000,-2.804438829,2.000000000,0.500000000,-2.874362230,-164.688824588,0.000000000,2.659170151,1.000000000,0.500000000,0.000953674,0.054641513,0.000000000,0.414248645,0.500000000,0.200000003,-0.032404900,-1.856663982,0.000000000,-0.000039328,0.000000000,0.100000001
2026-07-05 14:51:45.162,1783234305.162023067,187.597268777,1,1,157.657868494,1,0.008158383,5,1,0.003579605,5,1,0,0,0,0,1,1,1,0,1,0,-1.000000000,0.000000000,0.000000000,0.000000000,0,-1.000000000,0,0,0,,0,-1.000000000,,0,0,0.000000000,0.000000000,0,-1.000000000,0,,0,-1.000000000,,0,-1.000000000,0,,1,-0.030380821,-1.740692813,0.007326126,-0.031745911,1,3.141543627,179.997190971,-0.002442360,-2.782905579,1,-2.873217821,-164.623254772,0.002442360,2.632478714,1,0.003242493,0.185781145,-0.007326126,0.407814026,1,-0.032404900,-1.856663982,-0.012210846,-0.003663063,-0.030762291,-1.762549419,0.000000000,-0.000000000,8.000000000,3.500000000,3.163287401,181.243017476,0.000000000,-2.804438829,2.000000000,0.500000000,-2.874362230,-164.688824588,0.000000000,2.659170151,1.000000000,0.500000000,0.000953674,0.054641513,0.000000000,0.414248645,0.500000000,0.200000003,-0.032404900,-1.856663982,0.000000000,-0.000039328,0.000000000,0.100000001
2026-07-05 14:51:46.162,1783234306.162017345,188.597263102,1,1,158.657862819,1,0.008451988,5,1,0.003742455,5,1,0,0,0,0,1,1,1,0,1,0,-1.000000000,0.000000000,0.000000000,0.000000000,0,-1.000000000,0,0,0,,0,-1.000000000,,0,0,0.000000000,0.000000000,0,-1.000000000,0,,0,-1.000000000,,0,-1.000000000,0,,1,-0.030380821,-1.740692813,-0.021978378,-0.036629677,1,3.141543627,179.997190971,-0.002442360,-2.782905579,1,-2.873217821,-164.623254772,-0.002442360,2.646154404,1,0.003242493,0.185781145,0.007326126,0.407814026,1,-0.032404900,-1.856663982,-0.012210846,-0.003663063,-0.030762291,-1.762549419,0.000000000,-0.000000000,8.000000000,3.500000000,3.163287401,181.243017476,0.000000000,-2.804438829,2.000000000,0.500000000,-2.874362230,-164.688824588,0.000000000,2.659170151,1.000000000,0.500000000,0.000953674,0.054641513,0.000000000,0.414248645,0.500000000,0.200000003,-0.032404900,-1.856663982,0.000000000,-0.000039328,0.000000000,0.100000001
2026-07-05 14:51:47.162,1783234307.162061214,189.597307132,1,1,159.657906849,1,0.008478473,5,1,0.003793644,5,1,0,0,0,0,1,1,1,0,1,0,-1.000000000,0.000000000,0.000000000,0.000000000,0,-1.000000000,0,0,0,,0,-1.000000000,,0,0,0.000000000,0.000000000,0,-1.000000000,0,,0,-1.000000000,,0,-1.000000000,0,,1,-0.030380821,-1.740692813,-0.021978378,-0.026862144,1,3.141543627,179.997190971,-0.002442360,-2.769229889,1,-2.873217821,-164.623254772,-0.002442360,2.632478714,1,0.003242493,0.185781145,-0.007326126,0.407814026,1,-0.032404900,-1.856663982,-0.012210846,-0.003663063,-0.030762291,-1.762549419,0.000000000,-0.000000000,8.000000000,3.500000000,3.163287401,181.243017476,0.000000000,-2.804438829,2.000000000,0.500000000,-2.874362230,-164.688824588,0.000000000,2.659170151,1.000000000,0.500000000,0.000953674,0.054641513,0.000000000,0.414248645,0.500000000,0.200000003,-0.032404900,-1.856663982,0.000000000,-0.000039328,0.000000000,0.100000001
2026-07-05 14:51:48.162,1783234308.162030220,190.597275921,1,1,160.657875638,1,0.007520120,5,1,0.003689515,5,1,0,0,0,0,1,1,1,0,1,0,-1.000000000,0.000000000,0.000000000,0.000000000,0,-1.000000000,0,0,0,,0,-1.000000000,,0,0,0.000000000,0.000000000,0,-1.000000000,0,,0,-1.000000000,,0,-1.000000000,0,,1,-0.030380821,-1.740692813,-0.007326126,-0.031745911,1,3.141543627,179.997190971,-0.002442360,-2.782905579,1,-2.873217821,-164.623254772,-0.002442360,2.632478714,1,0.003242493,0.185781145,-0.007326126,0.407814026,1,-0.032404900,-1.856663982,0.012210846,-0.003663063,-0.030762291,-1.762549419,0.000000000,-0.000000000,8.000000000,3.500000000,3.163287401,181.243017476,0.000000000,-2.804438829,2.000000000,0.500000000,-2.874362230,-164.688824588,0.000000000,2.659170151,1.000000000,0.500000000,0.000953674,0.054641513,0.000000000,0.414248645,0.500000000,0.200000003,-0.032404900,-1.856663982,0.000000000,-0.000039328,0.000000000,0.100000001
2026-07-05 14:51:49.161,1783234309.161880493,191.597126274,1,1,161.657725991,1,0.007984902,5,1,0.003653722,5,1,0,0,0,0,1,1,1,0,1,0,-1.000000000,0.000000000,0.000000000,0.000000000,0,-1.000000000,0,0,0,,0,-1.000000000,,0,0,0.000000000,0.000000000,0,-1.000000000,0,,0,-1.000000000,,0,-1.000000000,0,,1,-0.030380821,-1.740692813,-0.021978378,-0.036629677,1,3.141543627,179.997190971,-0.002442360,-2.782905579,1,-2.873217821,-164.623254772,-0.002442360,2.646154404,1,0.003242493,0.185781145,-0.007326126,0.407814026,1,-0.032404900,-1.856663982,-0.012210846,-0.003663063,-0.030762291,-1.762549419,0.000000000,-0.000000000,8.000000000,3.500000000,3.163287401,181.243017476,0.000000000,-2.804438829,2.000000000,0.500000000,-2.874362230,-164.688824588,0.000000000,2.659170151,1.000000000,0.500000000,0.000953674,0.054641513,0.000000000,0.414248645,0.500000000,0.200000003,-0.032404900,-1.856663982,0.000000000,-0.000039328,0.000000000,0.100000001
2026-07-05 14:51:50.161,1783234310.161933899,192.597179422,1,1,162.657779139,1,0.008213583,5,1,0.003630865,5,1,0,0,0,0,1,1,1,0,1,0,-1.000000000,0.000000000,0.000000000,0.000000000,0,-1.000000000,0,0,0,,0,-1.000000000,,0,0,0.000000000,0.000000000,0,-1.000000000,0,,0,-1.000000000,,0,-1.000000000,0,,1,-0.030380821,-1.740692813,-0.007326126,-0.031745911,1,3.141543627,179.997190971,-0.002442360,-2.769229889,1,-2.873217821,-164.623254772,-0.002442360,2.632478714,1,0.003242493,0.185781145,0.007326126,0.402930260,1,-0.032404900,-1.856663982,-0.012210846,-0.003663063,-0.030762291,-1.762549419,0.000000000,-0.000000000,8.000000000,3.500000000,3.163287401,181.243017476,0.000000000,-2.804438829,2.000000000,0.500000000,-2.874362230,-164.688824588,0.000000000,2.659170151,1.000000000,0.500000000,0.000953674,0.054641513,0.000000000,0.414248645,0.500000000,0.200000003,-0.032404900,-1.856663982,0.000000000,-0.000039328,0.000000000,0.100000001
2026-07-05 14:51:51.162,1783234311.162043095,193.597288911,1,1,163.657888628,1,0.008468142,5,1,0.003627405,5,1,0,0,0,0,1,1,1,0,1,0,-1.000000000,0.000000000,0.000000000,0.000000000,0,-1.000000000,0,0,0,,0,-1.000000000,,0,0,0.000000000,0.000000000,0,-1.000000000,0,,0,-1.000000000,,0,-1.000000000,0,,1,-0.030380821,-1.740692813,0.007326126,-0.031745911,1,3.141543627,179.997190971,-0.002442360,-2.769229889,1,-2.873217821,-164.623254772,-0.002442360,2.646154404,1,0.003242493,0.185781145,-0.007326126,0.407814026,1,-0.032404900,-1.856663982,-0.012210846,-0.003663063,-0.030762291,-1.762549419,0.000000000,-0.000000000,8.000000000,3.500000000,3.163287401,181.243017476,0.000000000,-2.804438829,2.000000000,0.500000000,-2.874362230,-164.688824588,0.000000000,2.659170151,1.000000000,0.500000000,0.000953674,0.054641513,0.000000000,0.414248645,0.500000000,0.200000003,-0.032404900,-1.856663982,0.000000000,-0.000039328,0.000000000,0.100000001
2026-07-05 14:51:52.161,1783234312.161919594,194.597165109,1,1,164.657764826,1,0.008195173,5,1,0.003729731,5,1,0,0,0,0,1,1,1,0,1,0,-1.000000000,0.000000000,0.000000000,0.000000000,0,-1.000000000,0,0,0,,0,-1.000000000,,0,0,0.000000000,0.000000000,0,-1.000000000,0,,0,-1.000000000,,0,-1.000000000,0,,1,-0.030380821,-1.740692813,-0.007326126,-0.036629677,1,3.141543627,179.997190971,-0.002442360,-2.782905579,1,-2.873217821,-164.623254772,-0.002442360,2.632478714,1,0.003242493,0.185781145,-0.007326126,0.407814026,1,-0.032404900,-1.856663982,-0.036628723,-0.003663063,-0.030762291,-1.762549419,0.000000000,-0.000000000,8.000000000,3.500000000,3.163287401,181.243017476,0.000000000,-2.804438829,2.000000000,0.500000000,-2.874362230,-164.688824588,0.000000000,2.659170151,1.000000000,0.500000000,0.000953674,0.054641513,0.000000000,0.414248645,0.500000000,0.200000003,-0.032404900,-1.856663982,0.000000000,-0.000039328,0.000000000,0.100000001
2026-07-05 14:51:53.161,1783234313.161864996,195.597110616,1,1,165.657710333,1,0.008606027,5,1,0.003467026,5,1,0,0,0,0,1,1,1,0,1,0,-1.000000000,0.000000000,0.000000000,0.000000000,0,-1.000000000,0,0,0,,0,-1.000000000,,0,0,0.000000000,0.000000000,0,-1.000000000,0,,0,-1.000000000,,0,-1.000000000,0,,1,-0.030380821,-1.740692813,-0.007326126,-0.031745911,1,3.141543627,179.997190971,-0.002442360,-2.769229889,1,-2.873217821,-164.623254772,-0.007326126,2.632478714,1,0.003242493,0.185781145,-0.007326126,0.407814026,1,-0.032404900,-1.856663982,0.012210846,-0.003663063,-0.030762291,-1.762549419,0.000000000,-0.000000000,8.000000000,3.500000000,3.163287401,181.243017476,0.000000000,-2.804438829,2.000000000,0.500000000,-2.874362230,-164.688824588,0.000000000,2.659170151,1.000000000,0.500000000,0.000953674,0.054641513,0.000000000,0.414248645,0.500000000,0.200000003,-0.032404900,-1.856663982,0.000000000,-0.000039328,0.000000000,0.100000001
2026-07-05 14:51:54.162,1783234314.162080526,196.597326111,1,1,166.657925828,1,0.008376139,5,1,0.003796205,5,1,0,0,0,0,1,1,1,0,1,0,-1.000000000,0.000000000,0.000000000,0.000000000,0,-1.000000000,0,0,0,,0,-1.000000000,,0,0,0.000000000,0.000000000,0,-1.000000000,0,,0,-1.000000000,,0,-1.000000000,0,,1,-0.030380821,-1.740692813,0.007326126,-0.031745911,1,3.141543627,179.997190971,-0.002442360,-2.769229889,1,-2.873217821,-164.623254772,-0.002442360,2.632478714,1,0.003242493,0.185781145,-0.021978378,0.407814026,1,-0.032404900,-1.856663982,-0.036628723,-0.003663063,-0.030762291,-1.762549419,0.000000000,-0.000000000,8.000000000,3.500000000,3.163287401,181.243017476,0.000000000,-2.804438829,2.000000000,0.500000000,-2.874362230,-164.688824588,0.000000000,2.659170151,1.000000000,0.500000000,0.000953674,0.054641513,0.000000000,0.414248645,0.500000000,0.200000003,-0.032404900,-1.856663982,0.000000000,-0.000039328,0.000000000,0.100000001
2026-07-05 14:51:55.162,1783234315.162096977,197.597342692,1,1,167.657942409,1,0.018622774,5,1,0.014086798,5,1,0,0,0,0,1,1,1,0,1,0,-1.000000000,0.000000000,0.000000000,0.000000000,0,-1.000000000,0,0,0,,0,-1.000000000,,0,0,0.000000000,0.000000000,0,-1.000000000,0,,0,-1.000000000,,0,-1.000000000,0,,1,-0.030380821,-1.740692813,-0.007326126,-0.031745911,1,3.141543627,179.997190971,-0.007326126,-2.782905579,1,-2.873217821,-164.623254772,-0.002442360,2.632478714,1,0.003242493,0.185781145,-0.007326126,0.407814026,1,-0.032404900,-1.856663982,-0.012210846,-0.003663063,-0.030762291,-1.762549419,0.000000000,-0.000000000,8.000000000,3.500000000,3.163287401,181.243017476,0.000000000,-2.804438829,2.000000000,0.500000000,-2.874362230,-164.688824588,0.000000000,2.659170151,1.000000000,0.500000000,0.000953674,0.054641513,0.000000000,0.414248645,0.500000000,0.200000003,-0.032404900,-1.856663982,0.000000000,-0.000039328,0.000000000,0.100000001
2026-07-05 14:51:56.162,1783234316.162116289,198.597362008,1,1,168.657961725,1,1.018642090,5,1,1.014106114,5,1,0,0,0,0,1,1,1,0,1,0,-1.000000000,0.000000000,0.000000000,0.000000000,0,-1.000000000,0,0,0,,0,-1.000000000,,0,0,0.000000000,0.000000000,0,-1.000000000,0,,0,-1.000000000,,0,-1.000000000,0,,1,-0.030380821,-1.740692813,-0.007326126,-0.031745911,1,3.141543627,179.997190971,-0.007326126,-2.782905579,1,-2.873217821,-164.623254772,-0.002442360,2.632478714,1,0.003242493,0.185781145,-0.007326126,0.407814026,1,-0.032404900,-1.856663982,-0.012210846,-0.003663063,-0.030762291,-1.762549419,0.000000000,-0.000000000,8.000000000,3.500000000,3.163287401,181.243017476,0.000000000,-2.804438829,2.000000000,0.500000000,-2.874362230,-164.688824588,0.000000000,2.659170151,1.000000000,0.500000000,0.000953674,0.054641513,0.000000000,0.414248645,0.500000000,0.200000003,-0.032404900,-1.856663982,0.000000000,-0.000039328,0.000000000,0.100000001
2026-07-05 14:51:57.162,1783234317.162101269,199.597347059,1,1,169.657946776,1,2.018627141,5,1,2.014091165,5,1,0,0,0,0,1,1,1,0,1,0,-1.000000000,0.000000000,0.000000000,0.000000000,0,-1.000000000,0,0,0,,0,-1.000000000,,0,0,0.000000000,0.000000000,0,-1.000000000,0,,0,-1.000000000,,0,-1.000000000,0,,1,-0.030380821,-1.740692813,-0.007326126,-0.031745911,1,3.141543627,179.997190971,-0.007326126,-2.782905579,1,-2.873217821,-164.623254772,-0.002442360,2.632478714,1,0.003242493,0.185781145,-0.007326126,0.407814026,1,-0.032404900,-1.856663982,-0.012210846,-0.003663063,-0.030762291,-1.762549419,0.000000000,-0.000000000,8.000000000,3.500000000,3.163287401,181.243017476,0.000000000,-2.804438829,2.000000000,0.500000000,-2.874362230,-164.688824588,0.000000000,2.659170151,1.000000000,0.500000000,0.000953674,0.054641513,0.000000000,0.414248645,0.500000000,0.200000003,-0.032404900,-1.856663982,0.000000000,-0.000039328,0.000000000,0.100000001
2026-07-05 14:51:58.162,1783234318.162175179,200.597420949,1,1,170.658020666,1,3.018701031,5,1,3.014165055,5,1,0,0,0,0,1,1,1,0,1,0,-1.000000000,0.000000000,0.000000000,0.000000000,0,-1.000000000,0,0,0,,0,-1.000000000,,0,0,0.000000000,0.000000000,0,-1.000000000,0,,0,-1.000000000,,0,-1.000000000,0,,1,-0.030380821,-1.740692813,-0.007326126,-0.031745911,1,3.141543627,179.997190971,-0.007326126,-2.782905579,1,-2.873217821,-164.623254772,-0.002442360,2.632478714,1,0.003242493,0.185781145,-0.007326126,0.407814026,1,-0.032404900,-1.856663982,-0.012210846,-0.003663063,-0.030762291,-1.762549419,0.000000000,-0.000000000,8.000000000,3.500000000,3.163287401,181.243017476,0.000000000,-2.804438829,2.000000000,0.500000000,-2.874362230,-164.688824588,0.000000000,2.659170151,1.000000000,0.500000000,0.000953674,0.054641513,0.000000000,0.414248645,0.500000000,0.200000003,-0.032404900,-1.856663982,0.000000000,-0.000039328,0.000000000,0.100000001
2026-07-05 14:51:59.162,1783234319.162138700,201.597384261,1,1,171.657983978,1,4.018664343,5,1,4.014128367,5,1,0,0,0,0,1,1,1,0,1,0,-1.000000000,0.000000000,0.000000000,0.000000000,0,-1.000000000,0,0,0,,0,-1.000000000,,0,0,0.000000000,0.000000000,0,-1.000000000,0,,0,-1.000000000,,0,-1.000000000,0,,1,-0.030380821,-1.740692813,-0.007326126,-0.031745911,1,3.141543627,179.997190971,-0.007326126,-2.782905579,1,-2.873217821,-164.623254772,-0.002442360,2.632478714,1,0.003242493,0.185781145,-0.007326126,0.407814026,1,-0.032404900,-1.856663982,-0.012210846,-0.003663063,-0.030762291,-1.762549419,0.000000000,-0.000000000,8.000000000,3.500000000,3.163287401,181.243017476,0.000000000,-2.804438829,2.000000000,0.500000000,-2.874362230,-164.688824588,0.000000000,2.659170151,1.000000000,0.500000000,0.000953674,0.054641513,0.000000000,0.414248645,0.500000000,0.200000003,-0.032404900,-1.856663982,0.000000000,-0.000039328,0.000000000,0.100000001
2026-07-05 14:52:00.162,1783234320.162125349,202.597371073,1,1,172.657970790,1,5.018651155,5,1,5.014115179,5,1,0,0,0,0,1,1,1,0,1,0,-1.000000000,0.000000000,0.000000000,0.000000000,0,-1.000000000,0,0,0,,0,-1.000000000,,0,0,0.000000000,0.000000000,0,-1.000000000,0,,0,-1.000000000,,0,-1.000000000,0,,1,-0.030380821,-1.740692813,-0.007326126,-0.031745911,1,3.141543627,179.997190971,-0.007326126,-2.782905579,1,-2.873217821,-164.623254772,-0.002442360,2.632478714,1,0.003242493,0.185781145,-0.007326126,0.407814026,1,-0.032404900,-1.856663982,-0.012210846,-0.003663063,-0.030762291,-1.762549419,0.000000000,-0.000000000,8.000000000,3.500000000,3.163287401,181.243017476,0.000000000,-2.804438829,2.000000000,0.500000000,-2.874362230,-164.688824588,0.000000000,2.659170151,1.000000000,0.500000000,0.000953674,0.054641513,0.000000000,0.414248645,0.500000000,0.200000003,-0.032404900,-1.856663982,0.000000000,-0.000039328,0.000000000,0.100000001
2026-07-05 14:52:01.162,1783234321.161983967,203.597229753,1,1,173.657829470,1,0.008365967,5,1,0.003937812,5,1,0,0,0,0,1,1,1,0,1,0,-1.000000000,0.000000000,0.000000000,0.000000000,0,-1.000000000,0,0,0,,0,-1.000000000,,0,0,0.000000000,0.000000000,0,-1.000000000,0,,0,-1.000000000,,0,-1.000000000,0,,1,-0.030380821,-1.740692813,-0.007326126,-0.031745911,1,3.141543627,179.997190971,-0.002442360,-2.769229889,1,-2.873217821,-164.623254772,-0.002442360,2.632478714,1,0.003242493,0.185781145,-0.021978378,0.407814026,1,-0.032404900,-1.856663982,0.012210846,-0.003663063,-0.030762291,-1.762549419,0.000000000,-0.000000000,8.000000000,3.500000000,3.163287401,181.243017476,0.000000000,-2.804438829,2.000000000,0.500000000,-2.874362230,-164.688824588,0.000000000,2.659170151,1.000000000,0.500000000,0.000953674,0.054641513,0.000000000,0.414248645,0.500000000,0.200000003,-0.032404900,-1.856663982,0.000000000,-0.000039328,0.000000000,0.100000001
2026-07-05 14:52:02.161,1783234322.161925077,204.597170737,1,1,174.657770454,1,0.007985880,5,1,0.003552260,5,1,0,0,0,0,1,1,1,0,1,0,-1.000000000,0.000000000,0.000000000,0.000000000,0,-1.000000000,0,0,0,,0,-1.000000000,,0,0,0.000000000,0.000000000,0,-1.000000000,0,,0,-1.000000000,,0,-1.000000000,0,,1,-0.030380821,-1.740692813,-0.007326126,-0.036629677,1,3.141543627,179.997190971,-0.007326126,-2.769229889,1,-2.873217821,-164.623254772,-0.002442360,2.632478714,1,0.003242493,0.185781145,0.007326126,0.407814026,1,-0.032404900,-1.856663982,-0.036628723,-0.003663063,-0.030762291,-1.762549419,0.000000000,-0.000000000,8.000000000,3.500000000,3.163287401,181.243017476,0.000000000,-2.804438829,2.000000000,0.500000000,-2.874362230,-164.688824588,0.000000000,2.659170151,1.000000000,0.500000000,0.000953674,0.054641513,0.000000000,0.414248645,0.500000000,0.200000003,-0.032404900,-1.856663982,0.000000000,-0.000039328,0.000000000,0.100000001
2026-07-05 14:52:03.161,1783234323.161850452,205.597096156,1,1,175.657695873,1,0.008311658,5,1,0.003705099,5,1,0,0,0,0,1,1,1,0,1,0,-1.000000000,0.000000000,0.000000000,0.000000000,0,-1.000000000,0,0,0,,0,-1.000000000,,0,0,0.000000000,0.000000000,0,-1.000000000,0,,0,-1.000000000,,0,-1.000000000,0,,1,-0.030380821,-1.740692813,-0.007326126,-0.031745911,1,3.141543627,179.997190971,-0.007326126,-2.782905579,1,-2.873217821,-164.623254772,-0.002442360,2.632478714,1,0.003242493,0.185781145,-0.007326126,0.407814026,1,-0.032404900,-1.856663982,0.012210846,-0.003663063,-0.030762291,-1.762549419,0.000000000,-0.000000000,8.000000000,3.500000000,3.163287401,181.243017476,0.000000000,-2.804438829,2.000000000,0.500000000,-2.874362230,-164.688824588,0.000000000,2.659170151,1.000000000,0.500000000,0.000953674,0.054641513,0.000000000,0.414248645,0.500000000,0.200000003,-0.032404900,-1.856663982,0.000000000,-0.000039328,0.000000000,0.100000001
2026-07-05 14:52:04.162,1783234324.162063837,206.597309450,1,1,176.657909167,1,0.008313012,5,1,0.003879087,5,1,0,0,0,0,1,1,1,0,1,0,-1.000000000,0.000000000,0.000000000,0.000000000,0,-1.000000000,0,0,0,,0,-1.000000000,,0,0,0.000000000,0.000000000,0,-1.000000000,0,,0,-1.000000000,,0,-1.000000000,0,,1,-0.030380821,-1.740692813,0.007326126,-0.031745911,1,3.141543627,179.997190971,-0.002442360,-2.782905579,1,-2.873217821,-164.623254772,0.002442360,2.632478714,1,0.003242493,0.185781145,-0.007326126,0.407814026,1,-0.032404900,-1.856663982,-0.012210846,-0.003663063,-0.030762291,-1.762549419,0.000000000,-0.000000000,8.000000000,3.500000000,3.163287401,181.243017476,0.000000000,-2.804438829,2.000000000,0.500000000,-2.874362230,-164.688824588,0.000000000,2.659170151,1.000000000,0.500000000,0.000953674,0.054641513,0.000000000,0.414248645,0.500000000,0.200000003,-0.032404900,-1.856663982,0.000000000,-0.000039328,0.000000000,0.100000001
2026-07-05 14:52:05.162,1783234325.161978722,207.597224387,1,1,177.657824104,1,0.008307550,5,1,0.003667649,5,1,0,0,0,0,1,1,1,0,1,0,-1.000000000,0.000000000,0.000000000,0.000000000,0,-1.000000000,0,0,0,,0,-1.000000000,,0,0,0.000000000,0.000000000,0,-1.000000000,0,,0,-1.000000000,,0,-1.000000000,0,,1,-0.030380821,-1.740692813,-0.007326126,-0.036629677,1,3.141543627,179.997190971,-0.002442360,-2.769229889,1,-2.873217821,-164.623254772,-0.002442360,2.632478714,1,0.003242493,0.185781145,0.007326126,0.402930260,1,-0.032404900,-1.856663982,-0.012210846,-0.003663063,-0.030762291,-1.762549419,0.000000000,-0.000000000,8.000000000,3.500000000,3.163287401,181.243017476,0.000000000,-2.804438829,2.000000000,0.500000000,-2.874362230,-164.688824588,0.000000000,2.659170151,1.000000000,0.500000000,0.000953674,0.054641513,0.000000000,0.414248645,0.500000000,0.200000003,-0.032404900,-1.856663982,0.000000000,-0.000039328,0.000000000,0.100000001
2026-07-05 14:52:06.162,1783234326.161972761,208.597218495,1,1,178.657818212,1,0.008230085,5,1,0.003664509,5,1,0,0,0,0,1,1,1,0,1,0,-1.000000000,0.000000000,0.000000000,0.000000000,0,-1.000000000,0,0,0,,0,-1.000000000,,0,0,0.000000000,0.000000000,0,-1.000000000,0,,0,-1.000000000,,0,-1.000000000,0,,1,-0.030380821,-1.740692813,-0.007326126,-0.031745911,1,3.141543627,179.997190971,-0.002442360,-2.782905579,1,-2.873217821,-164.623254772,0.002442360,2.632478714,1,0.003242493,0.185781145,-0.007326126,0.407814026,1,-0.032404900,-1.856663982,0.012210846,-0.003663063,-0.030762291,-1.762549419,0.000000000,-0.000000000,8.000000000,3.500000000,3.163287401,181.243017476,0.000000000,-2.804438829,2.000000000,0.500000000,-2.874362230,-164.688824588,0.000000000,2.659170151,1.000000000,0.500000000,0.000953674,0.054641513,0.000000000,0.414248645,0.500000000,0.200000003,-0.032404900,-1.856663982,0.000000000,-0.000039328,0.000000000,0.100000001
2026-07-05 14:52:07.162,1783234327.161979914,209.597225667,1,1,179.657825384,1,0.008343208,5,1,0.003786212,5,1,0,0,0,0,1,1,1,0,1,0,-1.000000000,0.000000000,0.000000000,0.000000000,0,-1.000000000,0,0,0,,0,-1.000000000,,0,0,0.000000000,0.000000000,0,-1.000000000,0,,0,-1.000000000,,0,-1.000000000,0,,1,-0.030380821,-1.740692813,-0.007326126,-0.036629677,1,3.141543627,179.997190971,-0.002442360,-2.782905579,1,-2.872836351,-164.601398167,-0.002442360,2.632478714,1,0.003242493,0.185781145,-0.007326126,0.407814026,1,-0.032404900,-1.856663982,-0.012210846,-0.003663063,-0.030762291,-1.762549419,0.000000000,-0.000000000,8.000000000,3.500000000,3.163287401,181.243017476,0.000000000,-2.804438829,2.000000000,0.500000000,-2.874362230,-164.688824588,0.000000000,2.659170151,1.000000000,0.500000000,0.000953674,0.054641513,0.000000000,0.414248645,0.500000000,0.200000003,-0.032404900,-1.856663982,0.000000000,-0.000039328,0.000000000,0.100000001
2026-07-05 14:52:08.162,1783234328.161962986,210.597208655,1,1,180.657808372,1,0.008558015,5,1,0.003780564,5,1,0,0,0,0,1,1,1,0,1,0,-1.000000000,0.000000000,0.000000000,0.000000000,0,-1.000000000,0,0,0,,0,-1.000000000,,0,0,0.000000000,0.000000000,0,-1.000000000,0,,0,-1.000000000,,0,-1.000000000,0,,1,-0.030380821,-1.740692813,-0.007326126,-0.036629677,1,3.141543627,179.997190971,-0.007326126,-2.769229889,1,-2.873217821,-164.623254772,-0.002442360,2.632478714,1,0.003242493,0.185781145,0.007326126,0.407814026,1,-0.032404900,-1.856663982,-0.012210846,-0.003663063,-0.030762291,-1.762549419,0.000000000,-0.000000000,8.000000000,3.500000000,3.163287401,181.243017476,0.000000000,-2.804438829,2.000000000,0.500000000,-2.874362230,-164.688824588,0.000000000,2.659170151,1.000000000,0.500000000,0.000953674,0.054641513,0.000000000,0.414248645,0.500000000,0.200000003,-0.032404900,-1.856663982,0.000000000,-0.000039328,0.000000000,0.100000001
2026-07-05 14:52:09.162,1783234329.161973000,211.597218620,1,1,181.657818337,1,0.008111382,5,1,0.003585350,5,1,0,0,0,0,1,1,1,0,1,0,-1.000000000,0.000000000,0.000000000,0.000000000,0,-1.000000000,0,0,0,,0,-1.000000000,,0,0,0.000000000,0.000000000,0,-1.000000000,0,,0,-1.000000000,,0,-1.000000000,0,,1,-0.030380821,-1.740692813,-0.007326126,-0.036629677,1,3.141543627,179.997190971,-0.007326126,-2.782905579,1,-2.873217821,-164.623254772,-0.002442360,2.632478714,1,0.003242493,0.185781145,-0.021978378,0.407814026,1,-0.032788277,-1.878629871,-0.036628723,-0.003663063,-0.030762291,-1.762549419,0.000000000,-0.000000000,8.000000000,3.500000000,3.163287401,181.243017476,0.000000000,-2.804438829,2.000000000,0.500000000,-2.874362230,-164.688824588,0.000000000,2.659170151,1.000000000,0.500000000,0.000953674,0.054641513,0.000000000,0.414248645,0.500000000,0.200000003,-0.032404900,-1.856663982,0.000000000,-0.000039328,0.000000000,0.100000001
2026-07-05 14:52:10.161,1783234330.161911488,212.597157230,1,1,182.657756947,1,0.008143451,5,1,0.003718914,5,1,0,0,0,0,1,1,1,0,1,0,-1.000000000,0.000000000,0.000000000,0.000000000,0,-1.000000000,0,0,0,,0,-1.000000000,,0,0,0.000000000,0.000000000,0,-1.000000000,0,,0,-1.000000000,,0,-1.000000000,0,,1,-0.030380821,-1.740692813,-0.007326126,-0.036629677,1,3.141543627,179.997190971,0.002442360,-2.769229889,1,-2.873217821,-164.623254772,0.002442360,2.632478714,1,0.003242493,0.185781145,-0.007326126,0.407814026,1,-0.032404900,-1.856663982,-0.012210846,-0.003663063,-0.030762291,-1.762549419,0.000000000,-0.000000000,8.000000000,3.500000000,3.163287401,181.243017476,0.000000000,-2.804438829,2.000000000,0.500000000,-2.874362230,-164.688824588,0.000000000,2.659170151,1.000000000,0.500000000,0.000953674,0.054641513,0.000000000,0.414248645,0.500000000,0.200000003,-0.032404900,-1.856663982,0.000000000,-0.000039328,0.000000000,0.100000001
2026-07-05 14:52:11.161,1783234331.161895514,213.597141207,1,1,183.657740924,1,0.007963493,5,1,0.003599921,5,1,0,0,0,0,1,1,1,0,1,0,-1.000000000,0.000000000,0.000000000,0.000000000,0,-1.000000000,0,0,0,,0,-1.000000000,,0,0,0.000000000,0.000000000,0,-1.000000000,0,,0,-1.000000000,,0,-1.000000000,0,,1,-0.030380821,-1.740692813,0.007326126,-0.031745911,1,3.141543627,179.997190971,-0.002442360,-2.782905579,1,-2.873217821,-164.623254772,-0.002442360,2.632478714,1,0.003242493,0.185781145,0.007326126,0.407814026,1,-0.032404900,-1.856663982,-0.012210846,-0.003663063,-0.030762291,-1.762549419,0.000000000,-0.000000000,8.000000000,3.500000000,3.163287401,181.243017476,0.000000000,-2.804438829,2.000000000,0.500000000,-2.874362230,-164.688824588,0.000000000,2.659170151,1.000000000,0.500000000,0.000953674,0.054641513,0.000000000,0.414248645,0.500000000,0.200000003,-0.032404900,-1.856663982,0.000000000,-0.000039328,0.000000000,0.100000001
2026-07-05 14:52:12.161,1783234332.161883831,214.597129640,1,1,184.657729357,1,0.007934983,5,1,0.003594371,5,1,0,0,0,0,1,1,1,0,1,0,-1.000000000,0.000000000,0.000000000,0.000000000,0,-1.000000000,0,0,0,,0,-1.000000000,,0,0,0.000000000,0.000000000,0,-1.000000000,0,,0,-1.000000000,,0,-1.000000000,0,,1,-0.030380821,-1.740692813,-0.021978378,-0.036629677,1,3.141543627,179.997190971,-0.002442360,-2.782905579,1,-2.873217821,-164.623254772,-0.002442360,2.646154404,1,0.003242493,0.185781145,-0.021978378,0.407814026,1,-0.032404900,-1.856663982,0.012210846,-0.003663063,-0.030762291,-1.762549419,0.000000000,-0.000000000,8.000000000,3.500000000,3.163287401,181.243017476,0.000000000,-2.804438829,2.000000000,0.500000000,-2.874362230,-164.688824588,0.000000000,2.659170151,1.000000000,0.500000000,0.000953674,0.054641513,0.000000000,0.414248645,0.500000000,0.200000003,-0.032404900,-1.856663982,0.000000000,-0.000039328,0.000000000,0.100000001
2026-07-05 14:52:13.162,1783234333.161977053,215.597222868,1,1,185.657822585,1,0.008471439,5,1,0.003744703,5,1,0,0,0,0,1,1,1,0,1,0,-1.000000000,0.000000000,0.000000000,0.000000000,0,-1.000000000,0,0,0,,0,-1.000000000,,0,0,0.000000000,0.000000000,0,-1.000000000,0,,0,-1.000000000,,0,-1.000000000,0,,1,-0.030380821,-1.740692813,-0.007326126,-0.031745911,1,3.141543627,179.997190971,-0.002442360,-2.769229889,1,-2.873217821,-164.623254772,0.002442360,2.632478714,1,0.003242493,0.185781145,-0.021978378,0.407814026,1,-0.032404900,-1.856663982,-0.036628723,-0.003663063,-0.030762291,-1.762549419,0.000000000,-0.000000000,8.000000000,3.500000000,3.163287401,181.243017476,0.000000000,-2.804438829,2.000000000,0.500000000,-2.874362230,-164.688824588,0.000000000,2.659170151,1.000000000,0.500000000,0.000953674,0.054641513,0.000000000,0.414248645,0.500000000,0.200000003,-0.032404900,-1.856663982,0.000000000,-0.000039328,0.000000000,0.100000001
2026-07-05 14:52:14.161,1783234334.161942482,216.597188162,1,1,186.657787879,1,0.008398156,5,1,0.003819309,5,1,0,0,0,0,1,1,1,0,1,0,-1.000000000,0.000000000,0.000000000,0.000000000,0,-1.000000000,0,0,0,,0,-1.000000000,,0,0,0.000000000,0.000000000,0,-1.000000000,0,,0,-1.000000000,,0,-1.000000000,0,,1,-0.030380821,-1.740692813,-0.007326126,-0.036629677,1,3.141543627,179.997190971,-0.002442360,-2.782905579,1,-2.873217821,-164.623254772,-0.002442360,2.646154404,1,0.003242493,0.185781145,0.007326126,0.407814026,1,-0.032404900,-1.856663982,-0.036628723,-0.003663063,-0.030762291,-1.762549419,0.000000000,-0.000000000,8.000000000,3.500000000,3.163287401,181.243017476,0.000000000,-2.804438829,2.000000000,0.500000000,-2.874362230,-164.688824588,0.000000000,2.659170151,1.000000000,0.500000000,0.000953674,0.054641513,0.000000000,0.414248645,0.500000000,0.200000003,-0.032404900,-1.856663982,0.000000000,-0.000039328,0.000000000,0.100000001
2026-07-05 14:52:15.162,1783234335.162043571,217.597289431,1,1,187.657889148,1,0.008285896,5,1,0.003660284,5,1,0,0,0,0,1,1,1,0,1,0,-1.000000000,0.000000000,0.000000000,0.000000000,0,-1.000000000,0,0,0,,0,-1.000000000,,0,0,0.000000000,0.000000000,0,-1.000000000,0,,0,-1.000000000,,0,-1.000000000,0,,1,-0.030380821,-1.740692813,-0.007326126,-0.036629677,1,3.141543627,179.997190971,0.002442360,-2.782905579,1,-2.873217821,-164.623254772,-0.007326126,2.632478714,1,0.003242493,0.185781145,-0.007326126,0.407814026,1,-0.032404900,-1.856663982,-0.036628723,-0.003663063,-0.030762291,-1.762549419,0.000000000,-0.000000000,8.000000000,3.500000000,3.163287401,181.243017476,0.000000000,-2.804438829,2.000000000,0.500000000,-2.874362230,-164.688824588,0.000000000,2.659170151,1.000000000,0.500000000,0.000953674,0.054641513,0.000000000,0.414248645,0.500000000,0.200000003,-0.032404900,-1.856663982,0.000000000,-0.000039328,0.000000000,0.100000001
2026-07-05 14:52:16.162,1783234336.161998272,218.597243997,1,1,188.657843714,1,0.008328853,5,1,0.003733226,5,1,0,0,0,0,1,1,1,0,1,0,-1.000000000,0.000000000,0.000000000,0.000000000,0,-1.000000000,0,0,0,,0,-1.000000000,,0,0,0.000000000,0.000000000,0,-1.000000000,0,,0,-1.000000000,,0,-1.000000000,0,,1,-0.030380821,-1.740692813,-0.021978378,-0.036629677,1,3.141543627,179.997190971,-0.007326126,-2.769229889,1,-2.873217821,-164.623254772,-0.002442360,2.646154404,1,0.003242493,0.185781145,-0.021978378,0.407814026,1,-0.032788277,-1.878629871,-0.061050415,-0.003663063,-0.030762291,-1.762549419,0.000000000,-0.000000000,8.000000000,3.500000000,3.163287401,181.243017476,0.000000000,-2.804438829,2.000000000,0.500000000,-2.874362230,-164.688824588,0.000000000,2.659170151,1.000000000,0.500000000,0.000953674,0.054641513,0.000000000,0.414248645,0.500000000,0.200000003,-0.032404900,-1.856663982,0.000000000,-0.000039328,0.000000000,0.100000001
2026-07-05 14:52:17.161,1783234337.161887884,219.597133657,1,1,189.657733374,1,0.008157160,5,1,0.003728857,5,1,0,0,0,0,1,1,1,0,1,0,-1.000000000,0.000000000,0.000000000,0.000000000,0,-1.000000000,0,0,0,,0,-1.000000000,,0,0,0.000000000,0.000000000,0,-1.000000000,0,,0,-1.000000000,,0,-1.000000000,0,,1,-0.030380821,-1.740692813,-0.021978378,-0.031745911,1,3.141543627,179.997190971,-0.002442360,-2.769229889,1,-2.873217821,-164.623254772,-0.002442360,2.632478714,1,0.003242493,0.185781145,-0.007326126,0.407814026,1,-0.032404900,-1.856663982,-0.012210846,-0.003663063,-0.030762291,-1.762549419,0.000000000,-0.000000000,8.000000000,3.500000000,3.163287401,181.243017476,0.000000000,-2.804438829,2.000000000,0.500000000,-2.874362230,-164.688824588,0.000000000,2.659170151,1.000000000,0.500000000,0.000953674,0.054641513,0.000000000,0.414248645,0.500000000,0.200000003,-0.032404900,-1.856663982,0.000000000,-0.000039328,0.000000000,0.100000001
2026-07-05 14:52:18.161,1783234338.161942720,220.597188435,1,1,190.657788152,1,0.008274714,5,1,0.003617282,5,1,0,0,0,0,1,1,1,0,1,0,-1.000000000,0.000000000,0.000000000,0.000000000,0,-1.000000000,0,0,0,,0,-1.000000000,,0,0,0.000000000,0.000000000,0,-1.000000000,0,,0,-1.000000000,,0,-1.000000000,0,,1,-0.030380821,-1.740692813,-0.007326126,-0.031745911,1,3.141543627,179.997190971,-0.002442360,-2.782905579,1,-2.873217821,-164.623254772,-0.002442360,2.632478714,1,0.003242493,0.185781145,0.007326126,0.407814026,1,-0.032404900,-1.856663982,0.012210846,-0.003663063,-0.030762291,-1.762549419,0.000000000,-0.000000000,8.000000000,3.500000000,3.163287401,181.243017476,0.000000000,-2.804438829,2.000000000,0.500000000,-2.874362230,-164.688824588,0.000000000,2.659170151,1.000000000,0.500000000,0.000953674,0.054641513,0.000000000,0.414248645,0.500000000,0.200000003,-0.032404900,-1.856663982,0.000000000,-0.000039328,0.000000000,0.100000001
2026-07-05 14:52:19.161,1783234339.161837339,221.597082974,1,1,191.657682691,1,0.008154931,5,1,0.003512164,5,1,0,0,0,0,1,1,1,0,1,0,-1.000000000,0.000000000,0.000000000,0.000000000,0,-1.000000000,0,0,0,,0,-1.000000000,,0,0,0.000000000,0.000000000,0,-1.000000000,0,,0,-1.000000000,,0,-1.000000000,0,,1,-0.030380821,-1.740692813,-0.021978378,-0.041514397,1,3.141543627,179.997190971,-0.002442360,-2.769229889,1,-2.873217821,-164.623254772,-0.002442360,2.632478714,1,0.003242493,0.185781145,-0.021978378,0.407814026,1,-0.032404900,-1.856663982,-0.012210846,-0.003663063,-0.030762291,-1.762549419,0.000000000,-0.000000000,8.000000000,3.500000000,3.163287401,181.243017476,0.000000000,-2.804438829,2.000000000,0.500000000,-2.874362230,-164.688824588,0.000000000,2.659170151,1.000000000,0.500000000,0.000953674,0.054641513,0.000000000,0.414248645,0.500000000,0.200000003,-0.032404900,-1.856663982,0.000000000,-0.000039328,0.000000000,0.100000001
2026-07-05 14:52:20.162,1783234340.162071705,222.597317456,1,1,192.657917173,1,0.008129458,5,1,0.003865956,5,1,0,0,0,0,1,1,1,0,1,0,-1.000000000,0.000000000,0.000000000,0.000000000,0,-1.000000000,0,0,0,,0,-1.000000000,,0,0,0.000000000,0.000000000,0,-1.000000000,0,,0,-1.000000000,,0,-1.000000000,0,,1,-0.030380821,-1.740692813,-0.007326126,-0.031745911,1,3.141543627,179.997190971,-0.002442360,-2.782905579,1,-2.873217821,-164.623254772,-0.002442360,2.632478714,1,0.003242493,0.185781145,-0.021978378,0.407814026,1,-0.032404900,-1.856663982,-0.012210846,-0.003663063,-0.030762291,-1.762549419,0.000000000,-0.000000000,8.000000000,3.500000000,3.163287401,181.243017476,0.000000000,-2.804438829,2.000000000,0.500000000,-2.874362230,-164.688824588,0.000000000,2.659170151,1.000000000,0.500000000,0.000953674,0.054641513,0.000000000,0.414248645,0.500000000,0.200000003,-0.032404900,-1.856663982,0.000000000,-0.000039328,0.000000000,0.100000001
2026-07-05 14:52:21.162,1783234341.161976099,223.597221748,1,1,193.657821465,1,0.008618866,5,1,0.003823322,5,1,0,0,0,0,1,1,1,0,1,0,-1.000000000,0.000000000,0.000000000,0.000000000,0,-1.000000000,0,0,0,,0,-1.000000000,,0,0,0.000000000,0.000000000,0,-1.000000000,0,,0,-1.000000000,,0,-1.000000000,0,,1,-0.030380821,-1.740692813,-0.007326126,-0.031745911,1,3.141543627,179.997190971,-0.002442360,-2.782905579,1,-2.873217821,-164.623254772,-0.002442360,2.646154404,1,0.003242493,0.185781145,-0.007326126,0.407814026,1,-0.032404900,-1.856663982,-0.036628723,-0.003663063,-0.030762291,-1.762549419,0.000000000,-0.000000000,8.000000000,3.500000000,3.163287401,181.243017476,0.000000000,-2.804438829,2.000000000,0.500000000,-2.874362230,-164.688824588,0.000000000,2.659170151,1.000000000,0.500000000,0.000953674,0.054641513,0.000000000,0.414248645,0.500000000,0.200000003,-0.032404900,-1.856663982,0.000000000,-0.000039328,0.000000000,0.100000001
2026-07-05 14:52:22.162,1783234342.162001133,224.597246730,1,1,194.657846447,1,0.008135062,5,1,0.003773132,5,1,0,0,0,0,1,1,1,0,1,0,-1.000000000,0.000000000,0.000000000,0.000000000,0,-1.000000000,0,0,0,,0,-1.000000000,,0,0,0.000000000,0.000000000,0,-1.000000000,0,,0,-1.000000000,,0,-1.000000000,0,,1,-0.030380821,-1.740692813,-0.007326126,-0.041514397,1,3.141543627,179.997190971,0.002442360,-2.782905579,1,-2.872836351,-164.601398167,0.002442360,2.632478714,1,0.003242493,0.185781145,-0.007326126,0.407814026,1,-0.032404900,-1.856663982,0.012210846,-0.003663063,-0.030762291,-1.762549419,0.000000000,-0.000000000,8.000000000,3.500000000,3.163287401,181.243017476,0.000000000,-2.804438829,2.000000000,0.500000000,-2.874362230,-164.688824588,0.000000000,2.659170151,1.000000000,0.500000000,0.000953674,0.054641513,0.000000000,0.414248645,0.500000000,0.200000003,-0.032404900,-1.856663982,0.000000000,-0.000039328,0.000000000,0.100000001
2026-07-05 14:52:23.162,1783234343.162113190,225.597358924,1,1,195.657958641,1,0.008331366,5,1,0.003884395,5,1,0,0,0,0,1,1,1,0,1,0,-1.000000000,0.000000000,0.000000000,0.000000000,0,-1.000000000,0,0,0,,0,-1.000000000,,0,0,0.000000000,0.000000000,0,-1.000000000,0,,0,-1.000000000,,0,-1.000000000,0,,1,-0.030380821,-1.740692813,-0.007326126,-0.036629677,1,3.141543627,179.997190971,-0.002442360,-2.769229889,1,-2.873217821,-164.623254772,-0.002442360,2.632478714,1,0.003242493,0.185781145,-0.021978378,0.407814026,1,-0.032404900,-1.856663982,0.012210846,-0.003663063,-0.030762291,-1.762549419,0.000000000,-0.000000000,8.000000000,3.500000000,3.163287401,181.243017476,0.000000000,-2.804438829,2.000000000,0.500000000,-2.874362230,-164.688824588,0.000000000,2.659170151,1.000000000,0.500000000,0.000953674,0.054641513,0.000000000,0.414248645,0.500000000,0.200000003,-0.032404900,-1.856663982,0.000000000,-0.000039328,0.000000000,0.100000001
2026-07-05 14:52:24.161,1783234344.161859512,226.597105254,1,1,196.657704971,1,0.008299638,5,1,0.003591978,5,1,0,0,0,0,1,1,1,0,1,0,-1.000000000,0.000000000,0.000000000,0.000000000,0,-1.000000000,0,0,0,,0,-1.000000000,,0,0,0.000000000,0.000000000,0,-1.000000000,0,,0,-1.000000000,,0,-1.000000000,0,,1,-0.030380821,-1.740692813,-0.007326126,-0.036629677,1,3.141543627,179.997190971,-0.007326126,-2.782905579,1,-2.873217821,-164.623254772,-0.002442360,2.632478714,1,0.003242493,0.185781145,-0.007326126,0.407814026,1,-0.032404900,-1.856663982,-0.012210846,-0.006104946,-0.030762291,-1.762549419,0.000000000,-0.000000000,8.000000000,3.500000000,3.163287401,181.243017476,0.000000000,-2.804438829,2.000000000,0.500000000,-2.874362230,-164.688824588,0.000000000,2.659170151,1.000000000,0.500000000,0.000953674,0.054641513,0.000000000,0.414248645,0.500000000,0.200000003,-0.032404900,-1.856663982,0.000000000,-0.000039328,0.000000000,0.100000001
2026-07-05 14:52:25.162,1783234345.161992788,227.597238410,1,1,197.657838127,1,0.008207171,5,1,0.003703683,5,1,0,0,0,0,1,1,1,0,1,0,-1.000000000,0.000000000,0.000000000,0.000000000,0,-1.000000000,0,0,0,,0,-1.000000000,,0,0,0.000000000,0.000000000,0,-1.000000000,0,,0,-1.000000000,,0,-1.000000000,0,,1,-0.030380821,-1.740692813,-0.021978378,-0.036629677,1,3.141543627,179.997190971,-0.002442360,-2.782905579,1,-2.873217821,-164.623254772,-0.007326126,2.632478714,1,0.003242493,0.185781145,0.021978378,0.407814026,1,-0.032404900,-1.856663982,-0.036628723,-0.003663063,-0.030762291,-1.762549419,0.000000000,-0.000000000,8.000000000,3.500000000,3.163287401,181.243017476,0.000000000,-2.804438829,2.000000000,0.500000000,-2.874362230,-164.688824588,0.000000000,2.659170151,1.000000000,0.500000000,0.000953674,0.054641513,0.000000000,0.414248645,0.500000000,0.200000003,-0.032404900,-1.856663982,0.000000000,-0.000039328,0.000000000,0.100000001
2026-07-05 14:52:26.162,1783234346.161942244,228.597188038,1,1,198.657787755,1,0.008119263,5,1,0.003731171,5,1,0,0,0,0,1,1,1,0,1,0,-1.000000000,0.000000000,0.000000000,0.000000000,0,-1.000000000,0,0,0,,0,-1.000000000,,0,0,0.000000000,0.000000000,0,-1.000000000,0,,0,-1.000000000,,0,-1.000000000,0,,1,-0.030380821,-1.740692813,-0.007326126,-0.036629677,1,3.141543627,179.997190971,-0.002442360,-2.769229889,1,-2.873217821,-164.623254772,-0.002442360,2.632478714,1,0.003242493,0.185781145,0.007326126,0.407814026,1,-0.032404900,-1.856663982,0.012210846,-0.003663063,-0.030762291,-1.762549419,0.000000000,-0.000000000,8.000000000,3.500000000,3.163287401,181.243017476,0.000000000,-2.804438829,2.000000000,0.500000000,-2.874362230,-164.688824588,0.000000000,2.659170151,1.000000000,0.500000000,0.000953674,0.054641513,0.000000000,0.414248645,0.500000000,0.200000003,-0.032404900,-1.856663982,0.000000000,-0.000039328,0.000000000,0.100000001
2026-07-05 14:52:27.161,1783234347.161909342,229.597154872,1,1,199.657754589,1,0.008006221,5,1,0.003682084,5,1,0,0,0,0,1,1,1,0,1,0,-1.000000000,0.000000000,0.000000000,0.000000000,0,-1.000000000,0,0,0,,0,-1.000000000,,0,0,0.000000000,0.000000000,0,-1.000000000,0,,0,-1.000000000,,0,-1.000000000,0,,1,-0.030380821,-1.740692813,-0.007326126,-0.036629677,1,3.141543627,179.997190971,-0.002442360,-2.782905579,1,-2.873217821,-164.623254772,-0.002442360,2.646154404,1,0.003242493,0.185781145,-0.007326126,0.407814026,1,-0.032404900,-1.856663982,-0.012210846,-0.003663063,-0.030762291,-1.762549419,0.000000000,-0.000000000,8.000000000,3.500000000,3.163287401,181.243017476,0.000000000,-2.804438829,2.000000000,0.500000000,-2.874362230,-164.688824588,0.000000000,2.659170151,1.000000000,0.500000000,0.000953674,0.054641513,0.000000000,0.414248645,0.500000000,0.200000003,-0.032404900,-1.856663982,0.000000000,-0.000039328,0.000000000,0.100000001
2026-07-05 14:52:28.162,1783234348.162039757,230.597285471,1,1,200.657885188,1,0.007993548,5,1,0.613900827,5,1,0,0,0,0,1,1,1,0,1,0,-1.000000000,0.000000000,0.000000000,0.000000000,0,-1.000000000,0,0,0,,0,-1.000000000,,0,0,0.000000000,0.000000000,0,-1.000000000,0,,0,-1.000000000,,0,-1.000000000,0,,1,-0.030380821,-1.740692813,-0.007326126,-0.036629677,1,3.141543627,179.997190971,-0.002442360,-2.769229889,1,-2.873217821,-164.623254772,-0.002442360,2.632478714,1,0.003242493,0.185781145,-0.021978378,0.407814026,1,-0.032404900,-1.856663982,-0.012210846,-0.003663063,-0.030762291,-1.762549419,0.000000000,-0.000000000,8.000000000,3.500000000,3.163287401,181.243017476,0.000000000,-2.804438829,2.000000000,0.500000000,-2.874362230,-164.688824588,0.000000000,2.659170151,1.000000000,0.500000000,0.000953674,0.054641513,0.000000000,0.414248645,0.500000000,0.200000003,-0.032404900,-1.856663982,0.000000000,-0.000039328,0.000000000,0.100000001
2026-07-05 14:52:29.162,1783234349.162040234,231.597285902,1,1,201.657885619,1,0.008017689,5,1,1.613901258,5,1,0,0,0,0,1,1,1,0,1,0,-1.000000000,0.000000000,0.000000000,0.000000000,0,-1.000000000,0,0,0,,0,-1.000000000,,0,0,0.000000000,0.000000000,0,-1.000000000,0,,0,-1.000000000,,0,-1.000000000,0,,1,-0.030380821,-1.740692813,0.007326126,-0.031745911,1,3.141543627,179.997190971,0.002442360,-2.782905579,1,-2.873217821,-164.623254772,-0.002442360,2.632478714,1,0.003242493,0.185781145,-0.021978378,0.407814026,1,-0.032404900,-1.856663982,0.012210846,-0.003663063,-0.030762291,-1.762549419,0.000000000,-0.000000000,8.000000000,3.500000000,3.163287401,181.243017476,0.000000000,-2.804438829,2.000000000,0.500000000,-2.874362230,-164.688824588,0.000000000,2.659170151,1.000000000,0.500000000,0.000953674,0.054641513,0.000000000,0.414248645,0.500000000,0.200000003,-0.032404900,-1.856663982,0.000000000,-0.000039328,0.000000000,0.100000001
2026-07-05 14:52:30.162,1783234350.162060499,232.597306118,1,1,202.657905835,1,0.008241573,5,1,2.613921474,5,1,0,0,0,0,1,1,1,0,1,0,-1.000000000,0.000000000,0.000000000,0.000000000,0,-1.000000000,0,0,0,,0,-1.000000000,,0,0,0.000000000,0.000000000,0,-1.000000000,0,,0,-1.000000000,,0,-1.000000000,0,,1,-0.030380821,-1.740692813,-0.007326126,-0.036629677,1,3.141543627,179.997190971,-0.002442360,-2.769229889,1,-2.873217821,-164.623254772,-0.002442360,2.632478714,1,0.003242493,0.185781145,-0.021978378,0.407814026,1,-0.032404900,-1.856663982,0.012210846,-0.003663063,-0.030762291,-1.762549419,0.000000000,-0.000000000,8.000000000,3.500000000,3.163287401,181.243017476,0.000000000,-2.804438829,2.000000000,0.500000000,-2.874362230,-164.688824588,0.000000000,2.659170151,1.000000000,0.500000000,0.000953674,0.054641513,0.000000000,0.414248645,0.500000000,0.200000003,-0.032404900,-1.856663982,0.000000000,-0.000039328,0.000000000,0.100000001
2026-07-05 14:52:31.162,1783234351.162071705,233.597317482,1,1,203.657917199,1,0.008377946,5,1,3.613932838,5,1,0,0,0,0,1,1,1,0,1,0,-1.000000000,0.000000000,0.000000000,0.000000000,0,-1.000000000,0,0,0,,0,-1.000000000,,0,0,0.000000000,0.000000000,0,-1.000000000,0,,0,-1.000000000,,0,-1.000000000,0,,1,-0.030380821,-1.740692813,-0.021978378,-0.031745911,1,3.141543627,179.997190971,-0.002442360,-2.769229889,1,-2.873217821,-164.623254772,-0.002442360,2.646154404,1,0.003242493,0.185781145,-0.007326126,0.407814026,1,-0.032404900,-1.856663982,-0.012210846,-0.003663063,-0.030762291,-1.762549419,0.000000000,-0.000000000,8.000000000,3.500000000,3.163287401,181.243017476,0.000000000,-2.804438829,2.000000000,0.500000000,-2.874362230,-164.688824588,0.000000000,2.659170151,1.000000000,0.500000000,0.000953674,0.054641513,0.000000000,0.414248645,0.500000000,0.200000003,-0.032404900,-1.856663982,0.000000000,-0.000039328,0.000000000,0.100000001
2026-07-05 14:52:32.162,1783234352.162008047,234.597253793,1,1,204.657853510,1,0.008001050,5,1,4.613869149,5,1,0,0,0,0,1,1,1,0,1,0,-1.000000000,0.000000000,0.000000000,0.000000000,0,-1.000000000,0,0,0,,0,-1.000000000,,0,0,0.000000000,0.000000000,0,-1.000000000,0,,0,-1.000000000,,0,-1.000000000,0,,1,-0.030380821,-1.740692813,-0.021978378,-0.031745911,1,3.141543627,179.997190971,-0.002442360,-2.769229889,1,-2.873217821,-164.623254772,-0.007326126,2.632478714,1,0.003242493,0.185781145,0.007326126,0.407814026,1,-0.032404900,-1.856663982,-0.012210846,-0.003663063,-0.030762291,-1.762549419,0.000000000,-0.000000000,8.000000000,3.500000000,3.163287401,181.243017476,0.000000000,-2.804438829,2.000000000,0.500000000,-2.874362230,-164.688824588,0.000000000,2.659170151,1.000000000,0.500000000,0.000953674,0.054641513,0.000000000,0.414248645,0.500000000,0.200000003,-0.032404900,-1.856663982,0.000000000,-0.000039328,0.000000000,0.100000001
2026-07-05 14:52:33.162,1783234353.162025213,235.597270934,1,1,205.657870651,1,0.008136574,5,1,5.613886290,5,1,0,0,0,0,1,1,1,0,1,0,-1.000000000,0.000000000,0.000000000,0.000000000,0,-1.000000000,0,0,0,,0,-1.000000000,,0,0,0.000000000,0.000000000,0,-1.000000000,0,,0,-1.000000000,,0,-1.000000000,0,,1,-0.030380821,-1.740692813,-0.007326126,-0.036629677,1,3.141543627,179.997190971,-0.002442360,-2.769229889,1,-2.873217821,-164.623254772,-0.002442360,2.646154404,1,0.003242493,0.185781145,-0.007326126,0.407814026,1,-0.032404900,-1.856663982,0.012210846,-0.003663063,-0.030762291,-1.762549419,0.000000000,-0.000000000,8.000000000,3.500000000,3.163287401,181.243017476,0.000000000,-2.804438829,2.000000000,0.500000000,-2.874362230,-164.688824588,0.000000000,2.659170151,1.000000000,0.500000000,0.000953674,0.054641513,0.000000000,0.414248645,0.500000000,0.200000003,-0.032404900,-1.856663982,0.000000000,-0.000039328,0.000000000,0.100000001
2026-07-05 14:52:34.161,1783234354.161866426,236.597112275,1,1,206.657711992,1,0.008108163,5,1,6.613727631,5,1,0,0,0,0,1,1,1,0,1,0,-1.000000000,0.000000000,0.000000000,0.000000000,0,-1.000000000,0,0,0,,0,-1.000000000,,0,0,0.000000000,0.000000000,0,-1.000000000,0,,0,-1.000000000,,0,-1.000000000,0,,1,-0.030380821,-1.740692813,-0.021978378,-0.031745911,1,3.141543627,179.997190971,-0.002442360,-2.769229889,1,-2.873217821,-164.623254772,-0.002442360,2.632478714,1,0.003242493,0.185781145,-0.007326126,0.407814026,1,-0.032404900,-1.856663982,0.012210846,-0.006104946,-0.030762291,-1.762549419,0.000000000,-0.000000000,8.000000000,3.500000000,3.163287401,181.243017476,0.000000000,-2.804438829,2.000000000,0.500000000,-2.874362230,-164.688824588,0.000000000,2.659170151,1.000000000,0.500000000,0.000953674,0.054641513,0.000000000,0.414248645,0.500000000,0.200000003,-0.032404900,-1.856663982,0.000000000,-0.000039328,0.000000000,0.100000001
2026-07-05 14:52:35.162,1783234355.162092447,237.597338152,1,1,207.657937869,1,0.008127830,5,1,7.613953508,5,1,0,0,0,0,1,1,1,0,1,0,-1.000000000,0.000000000,0.000000000,0.000000000,0,-1.000000000,0,0,0,,0,-1.000000000,,0,0,0.000000000,0.000000000,0,-1.000000000,0,,0,-1.000000000,,0,-1.000000000,0,,1,-0.030380821,-1.740692813,-0.007326126,-0.031745911,1,3.141543627,179.997190971,-0.007326126,-2.769229889,1,-2.873217821,-164.623254772,-0.002442360,2.632478714,1,0.003242493,0.185781145,-0.007326126,0.407814026,1,-0.032404900,-1.856663982,0.012210846,-0.003663063,-0.030762291,-1.762549419,0.000000000,-0.000000000,8.000000000,3.500000000,3.163287401,181.243017476,0.000000000,-2.804438829,2.000000000,0.500000000,-2.874362230,-164.688824588,0.000000000,2.659170151,1.000000000,0.500000000,0.000953674,0.054641513,0.000000000,0.414248645,0.500000000,0.200000003,-0.032404900,-1.856663982,0.000000000,-0.000039328,0.000000000,0.100000001
2026-07-05 14:52:36.162,1783234356.161984444,238.597230106,1,1,208.657829823,1,0.008245583,5,1,8.613845462,5,1,0,0,0,0,1,1,1,0,1,0,-1.000000000,0.000000000,0.000000000,0.000000000,0,-1.000000000,0,0,0,,0,-1.000000000,,0,0,0.000000000,0.000000000,0,-1.000000000,0,,0,-1.000000000,,0,-1.000000000,0,,1,-0.030380821,-1.740692813,0.007326126,-0.031745911,1,3.141543627,179.997190971,0.002442360,-2.782905579,1,-2.873217821,-164.623254772,-0.002442360,2.632478714,1,0.003242493,0.185781145,-0.007326126,0.407814026,1,-0.032404900,-1.856663982,-0.036628723,-0.003663063,-0.030762291,-1.762549419,0.000000000,-0.000000000,8.000000000,3.500000000,3.163287401,181.243017476,0.000000000,-2.804438829,2.000000000,0.500000000,-2.874362230,-164.688824588,0.000000000,2.659170151,1.000000000,0.500000000,0.000953674,0.054641513,0.000000000,0.414248645,0.500000000,0.200000003,-0.032404900,-1.856663982,0.000000000,-0.000039328,0.000000000,0.100000001
2026-07-05 14:52:37.162,1783234357.162133455,239.597379224,1,1,209.657978941,1,0.608056271,5,1,9.613994580,5,1,0,0,0,0,1,1,1,0,1,0,-1.000000000,0.000000000,0.000000000,0.000000000,0,-1.000000000,0,0,0,,0,-1.000000000,,0,0,0.000000000,0.000000000,0,-1.000000000,0,,0,-1.000000000,,0,-1.000000000,0,,1,-0.030380821,-1.740692813,-0.007326126,-0.031745911,1,3.141543627,179.997190971,-0.002442360,-2.769229889,1,-2.873217821,-164.623254772,-0.002442360,2.632478714,1,0.003242493,0.185781145,-0.007326126,0.407814026,1,-0.032404900,-1.856663982,-0.012210846,-0.003663063,-0.030762291,-1.762549419,0.000000000,-0.000000000,8.000000000,3.500000000,3.163287401,181.243017476,0.000000000,-2.804438829,2.000000000,0.500000000,-2.874362230,-164.688824588,0.000000000,2.659170151,1.000000000,0.500000000,0.000953674,0.054641513,0.000000000,0.414248645,0.500000000,0.200000003,-0.032404900,-1.856663982,0.000000000,-0.000039328,0.000000000,0.100000001
2026-07-05 14:52:38.162,1783234358.162160397,240.597405985,1,1,210.658005702,1,1.608083032,5,1,10.614021341,5,1,0,0,0,0,1,1,1,0,1,0,-1.000000000,0.000000000,0.000000000,0.000000000,0,-1.000000000,0,0,0,,0,-1.000000000,,0,0,0.000000000,0.000000000,0,-1.000000000,0,,0,-1.000000000,,0,-1.000000000,0,,1,-0.030380821,-1.740692813,-0.007326126,-0.031745911,1,3.141543627,179.997190971,-0.002442360,-2.769229889,1,-2.873217821,-164.623254772,-0.002442360,2.632478714,1,0.003242493,0.185781145,-0.007326126,0.407814026,1,-0.032404900,-1.856663982,-0.012210846,-0.003663063,-0.030762291,-1.762549419,0.000000000,-0.000000000,8.000000000,3.500000000,3.163287401,181.243017476,0.000000000,-2.804438829,2.000000000,0.500000000,-2.874362230,-164.688824588,0.000000000,2.659170151,1.000000000,0.500000000,0.000953674,0.054641513,0.000000000,0.414248645,0.500000000,0.200000003,-0.032404900,-1.856663982,0.000000000,-0.000039328,0.000000000,0.100000001
2026-07-05 14:52:39.162,1783234359.162106514,241.597352196,1,1,211.657951913,1,2.608029243,5,1,11.613967552,5,1,0,0,0,0,1,1,1,0,1,0,-1.000000000,0.000000000,0.000000000,0.000000000,0,-1.000000000,0,0,0,,0,-1.000000000,,0,0,0.000000000,0.000000000,0,-1.000000000,0,,0,-1.000000000,,0,-1.000000000,0,,1,-0.030380821,-1.740692813,-0.007326126,-0.031745911,1,3.141543627,179.997190971,-0.002442360,-2.769229889,1,-2.873217821,-164.623254772,-0.002442360,2.632478714,1,0.003242493,0.185781145,-0.007326126,0.407814026,1,-0.032404900,-1.856663982,-0.012210846,-0.003663063,-0.030762291,-1.762549419,0.000000000,-0.000000000,8.000000000,3.500000000,3.163287401,181.243017476,0.000000000,-2.804438829,2.000000000,0.500000000,-2.874362230,-164.688824588,0.000000000,2.659170151,1.000000000,0.500000000,0.000953674,0.054641513,0.000000000,0.414248645,0.500000000,0.200000003,-0.032404900,-1.856663982,0.000000000,-0.000039328,0.000000000,0.100000001
2026-07-05 14:52:40.162,1783234360.161956787,242.597202546,1,1,212.657802263,1,3.607879593,5,1,0.003632846,5,1,0,0,0,0,1,1,1,0,1,0,-1.000000000,0.000000000,0.000000000,0.000000000,0,-1.000000000,0,0,0,,0,-1.000000000,,0,0,0.000000000,0.000000000,0,-1.000000000,0,,0,-1.000000000,,0,-1.000000000,0,,1,-0.030380821,-1.740692813,-0.007326126,-0.031745911,1,3.141543627,179.997190971,-0.002442360,-2.769229889,1,-2.873217821,-164.623254772,-0.002442360,2.632478714,1,0.003242493,0.185781145,-0.007326126,0.407814026,1,-0.032404900,-1.856663982,-0.012210846,-0.003663063,-0.030762291,-1.762549419,0.000000000,-0.000000000,8.000000000,3.500000000,3.163287401,181.243017476,0.000000000,-2.804438829,2.000000000,0.500000000,-2.874362230,-164.688824588,0.000000000,2.659170151,1.000000000,0.500000000,0.000953674,0.054641513,0.000000000,0.414248645,0.500000000,0.200000003,-0.032404900,-1.856663982,0.000000000,-0.000039328,0.000000000,0.100000001
2026-07-05 14:52:41.162,1783234361.162025452,243.597271233,1,1,213.657870950,1,4.607948280,5,1,0.003751783,5,1,0,0,0,0,1,1,1,0,1,0,-1.000000000,0.000000000,0.000000000,0.000000000,0,-1.000000000,0,0,0,,0,-1.000000000,,0,0,0.000000000,0.000000000,0,-1.000000000,0,,0,-1.000000000,,0,-1.000000000,0,,1,-0.030380821,-1.740692813,-0.007326126,-0.031745911,1,3.141543627,179.997190971,-0.002442360,-2.769229889,1,-2.873217821,-164.623254772,-0.002442360,2.632478714,1,0.003242493,0.185781145,-0.007326126,0.407814026,1,-0.032404900,-1.856663982,-0.012210846,-0.003663063,-0.030762291,-1.762549419,0.000000000,-0.000000000,8.000000000,3.500000000,3.163287401,181.243017476,0.000000000,-2.804438829,2.000000000,0.500000000,-2.874362230,-164.688824588,0.000000000,2.659170151,1.000000000,0.500000000,0.000953674,0.054641513,0.000000000,0.414248645,0.500000000,0.200000003,-0.032404900,-1.856663982,0.000000000,-0.000039328,0.000000000,0.100000001
2026-07-05 14:52:42.162,1783234362.162089586,244.597335113,1,1,214.657934830,1,5.608012160,5,1,0.383815213,5,1,0,0,0,0,1,1,1,0,1,0,-1.000000000,0.000000000,0.000000000,0.000000000,0,-1.000000000,0,0,0,,0,-1.000000000,,0,0,0.000000000,0.000000000,0,-1.000000000,0,,0,-1.000000000,,0,-1.000000000,0,,1,-0.030380821,-1.740692813,-0.007326126,-0.031745911,1,3.141543627,179.997190971,-0.002442360,-2.769229889,1,-2.873217821,-164.623254772,-0.002442360,2.632478714,1,0.003242493,0.185781145,-0.007326126,0.407814026,1,-0.032404900,-1.856663982,-0.012210846,-0.003663063,-0.030762291,-1.762549419,0.000000000,-0.000000000,8.000000000,3.500000000,3.163287401,181.243017476,0.000000000,-2.804438829,2.000000000,0.500000000,-2.874362230,-164.688824588,0.000000000,2.659170151,1.000000000,0.500000000,0.000953674,0.054641513,0.000000000,0.414248645,0.500000000,0.200000003,-0.032404900,-1.856663982,0.000000000,-0.000039328,0.000000000,0.100000001
2026-07-05 14:52:43.162,1783234363.162106991,245.597352625,1,1,215.657952342,1,0.241215038,5,1,1.383832725,5,1,0,0,0,0,1,1,1,0,1,0,-1.000000000,0.000000000,0.000000000,0.000000000,0,-1.000000000,0,0,0,,0,-1.000000000,,0,0,0.000000000,0.000000000,0,-1.000000000,0,,0,-1.000000000,,0,-1.000000000,0,,1,-0.030380821,-1.740692813,-0.021978378,-0.036629677,1,3.141543627,179.997190971,-0.002442360,-2.782905579,1,-2.873217821,-164.623254772,-0.002442360,2.632478714,1,0.003242493,0.185781145,-0.036630630,0.407814026,1,-0.032404900,-1.856663982,-0.036628723,-0.003663063,-0.030762291,-1.762549419,0.000000000,-0.000000000,8.000000000,3.500000000,3.163287401,181.243017476,0.000000000,-2.804438829,2.000000000,0.500000000,-2.874362230,-164.688824588,0.000000000,2.659170151,1.000000000,0.500000000,0.000953674,0.054641513,0.000000000,0.414248645,0.500000000,0.200000003,-0.032404900,-1.856663982,0.000000000,-0.000039328,0.000000000,0.100000001
2026-07-05 14:52:44.162,1783234364.162149191,246.597394864,1,1,216.657994581,1,1.241257277,5,1,2.383874964,5,1,0,0,0,0,1,1,1,0,1,0,-1.000000000,0.000000000,0.000000000,0.000000000,0,-1.000000000,0,0,0,,0,-1.000000000,,0,0,0.000000000,0.000000000,0,-1.000000000,0,,0,-1.000000000,,0,-1.000000000,0,,1,-0.030380821,-1.740692813,-0.021978378,-0.036629677,1,3.141543627,179.997190971,-0.002442360,-2.782905579,1,-2.873217821,-164.623254772,-0.002442360,2.632478714,1,0.003242493,0.185781145,-0.036630630,0.407814026,1,-0.032404900,-1.856663982,-0.036628723,-0.003663063,-0.030762291,-1.762549419,0.000000000,-0.000000000,8.000000000,3.500000000,3.163287401,181.243017476,0.000000000,-2.804438829,2.000000000,0.500000000,-2.874362230,-164.688824588,0.000000000,2.659170151,1.000000000,0.500000000,0.000953674,0.054641513,0.000000000,0.414248645,0.500000000,0.200000003,-0.032404900,-1.856663982,0.000000000,-0.000039328,0.000000000,0.100000001
2026-07-05 14:52:45.162,1783234365.162114620,247.597360223,1,1,217.657959940,1,2.241222636,5,1,0.035853686,5,1,0,0,0,0,1,1,1,0,1,0,-1.000000000,0.000000000,0.000000000,0.000000000,0,-1.000000000,0,0,0,,0,-1.000000000,,0,0,0.000000000,0.000000000,0,-1.000000000,0,,0,-1.000000000,,0,-1.000000000,0,,1,-0.030380821,-1.740692813,-0.021978378,-0.036629677,1,3.141543627,179.997190971,-0.002442360,-2.782905579,1,-2.873217821,-164.623254772,-0.002442360,2.632478714,1,0.003242493,0.185781145,-0.036630630,0.407814026,1,-0.032404900,-1.856663982,-0.036628723,-0.003663063,-0.030762291,-1.762549419,0.000000000,-0.000000000,8.000000000,3.500000000,3.163287401,181.243017476,0.000000000,-2.804438829,2.000000000,0.500000000,-2.874362230,-164.688824588,0.000000000,2.659170151,1.000000000,0.500000000,0.000953674,0.054641513,0.000000000,0.414248645,0.500000000,0.200000003,-0.032404900,-1.856663982,0.000000000,-0.000039328,0.000000000,0.100000001
2026-07-05 14:52:46.162,1783234366.162045956,248.597291648,1,1,218.657891365,1,0.467936669,5,1,1.035785111,5,1,0,0,0,0,1,1,1,0,1,0,-1.000000000,0.000000000,0.000000000,0.000000000,0,-1.000000000,0,0,0,,0,-1.000000000,,0,0,0.000000000,0.000000000,0,-1.000000000,0,,0,-1.000000000,,0,-1.000000000,0,,1,-0.030380821,-1.740692813,-0.007326126,-0.031745911,1,3.141543627,179.997190971,-0.007326126,-2.782905579,1,-2.873217821,-164.623254772,-0.002442360,2.632478714,1,0.003242493,0.185781145,-0.007326126,0.407814026,1,-0.032404900,-1.856663982,0.012210846,-0.003663063,-0.030762291,-1.762549419,0.000000000,-0.000000000,8.000000000,3.500000000,3.163287401,181.243017476,0.000000000,-2.804438829,2.000000000,0.500000000,-2.874362230,-164.688824588,0.000000000,2.659170151,1.000000000,0.500000000,0.000953674,0.054641513,0.000000000,0.414248645,0.500000000,0.200000003,-0.032404900,-1.856663982,0.000000000,-0.000039328,0.000000000,0.100000001
2026-07-05 14:52:47.162,1783234367.162063360,249.597308947,1,1,219.657908664,1,0.374357854,5,1,0.360222113,5,1,0,0,0,0,1,1,1,0,1,0,-1.000000000,0.000000000,0.000000000,0.000000000,0,-1.000000000,0,0,0,,0,-1.000000000,,0,0,0.000000000,0.000000000,0,-1.000000000,0,,0,-1.000000000,,0,-1.000000000,0,,1,-0.030380821,-1.740692813,-0.007326126,-0.036629677,1,3.141543627,179.997190971,-0.002442360,-2.769229889,1,-2.873217821,-164.623254772,-0.002442360,2.632478714,1,0.003242493,0.185781145,0.007326126,0.407814026,1,-0.032404900,-1.856663982,-0.012210846,-0.003663063,-0.030762291,-1.762549419,0.000000000,-0.000000000,8.000000000,3.500000000,3.163287401,181.243017476,0.000000000,-2.804438829,2.000000000,0.500000000,-2.874362230,-164.688824588,0.000000000,2.659170151,1.000000000,0.500000000,0.000953674,0.054641513,0.000000000,0.414248645,0.500000000,0.200000003,-0.032404900,-1.856663982,0.000000000,-0.000039328,0.000000000,0.100000001
2026-07-05 14:52:48.162,1783234368.162057638,250.597303529,1,1,220.657903246,1,0.008615674,5,1,1.360216695,5,1,0,0,0,0,1,1,1,0,1,0,-1.000000000,0.000000000,0.000000000,0.000000000,0,-1.000000000,0,0,0,,0,-1.000000000,,0,0,0.000000000,0.000000000,0,-1.000000000,0,,0,-1.000000000,,0,-1.000000000,0,,1,-0.030380821,-1.740692813,-0.007326126,-0.036629677,1,3.141543627,179.997190971,-0.002442360,-2.782905579,1,-2.873217821,-164.623254772,-0.002442360,2.632478714,1,0.003242493,0.185781145,-0.007326126,0.407814026,1,-0.032404900,-1.856663982,-0.036628723,-0.006104946,-0.030762291,-1.762549419,0.000000000,-0.000000000,8.000000000,3.500000000,3.163287401,181.243017476,0.000000000,-2.804438829,2.000000000,0.500000000,-2.874362230,-164.688824588,0.000000000,2.659170151,1.000000000,0.500000000,0.000953674,0.054641513,0.000000000,0.414248645,0.500000000,0.200000003,-0.032404900,-1.856663982,0.000000000,-0.000039328,0.000000000,0.100000001
2026-07-05 14:52:49.162,1783234369.162017822,251.597263508,1,1,221.657863225,1,0.008243711,5,1,0.003925700,5,1,0,0,0,0,1,1,1,0,1,0,-1.000000000,0.000000000,0.000000000,0.000000000,0,-1.000000000,0,0,0,,0,-1.000000000,,0,0,0.000000000,0.000000000,0,-1.000000000,0,,0,-1.000000000,,0,-1.000000000,0,,1,-0.030380821,-1.740692813,-0.007326126,-0.031745911,1,3.141543627,179.997190971,-0.002442360,-2.782905579,1,-2.873217821,-164.623254772,-0.002442360,2.646154404,1,0.003242493,0.185781145,-0.007326126,0.407814026,1,-0.032404900,-1.856663982,0.012210846,-0.003663063,-0.030762291,-1.762549419,0.000000000,-0.000000000,8.000000000,3.500000000,3.163287401,181.243017476,0.000000000,-2.804438829,2.000000000,0.500000000,-2.874362230,-164.688824588,0.000000000,2.659170151,1.000000000,0.500000000,0.000953674,0.054641513,0.000000000,0.414248645,0.500000000,0.200000003,-0.032404900,-1.856663982,0.000000000,-0.000039328,0.000000000,0.100000001
2026-07-05 14:52:50.161,1783234370.161889791,252.597135582,1,1,222.657735299,1,0.008191282,5,1,0.003646505,5,1,0,0,0,0,1,1,1,0,1,0,-1.000000000,0.000000000,0.000000000,0.000000000,0,-1.000000000,0,0,0,,0,-1.000000000,,0,0,0.000000000,0.000000000,0,-1.000000000,0,,0,-1.000000000,,0,-1.000000000,0,,1,-0.030380821,-1.740692813,0.007326126,-0.031745911,1,3.141543627,179.997190971,-0.002442360,-2.769229889,1,-2.873217821,-164.623254772,-0.002442360,2.646154404,1,0.003242493,0.185781145,-0.007326126,0.407814026,1,-0.032404900,-1.856663982,-0.036628723,-0.003663063,-0.030762291,-1.762549419,0.000000000,-0.000000000,8.000000000,3.500000000,3.163287401,181.243017476,0.000000000,-2.804438829,2.000000000,0.500000000,-2.874362230,-164.688824588,0.000000000,2.659170151,1.000000000,0.500000000,0.000953674,0.054641513,0.000000000,0.414248645,0.500000000,0.200000003,-0.032404900,-1.856663982,0.000000000,-0.000039328,0.000000000,0.100000001
2026-07-05 14:52:47.715,1783234367.715513945,250.150759453,1,1,220.211359170,1,0.008413069,5,1,0.003664037,5,1,0,0,0,0,1,1,1,0,1,0,-1.000000000,0.000000000,0.000000000,0.000000000,0,-1.000000000,0,0,0,,0,-1.000000000,,0,0,0.000000000,0.000000000,0,-1.000000000,0,,0,-1.000000000,,0,-1.000000000,0,,1,-0.030380821,-1.740692813,-0.007326126,-0.031745911,1,3.141543627,179.997190971,-0.002442360,-2.769229889,1,-2.873217821,-164.623254772,-0.002442360,2.646154404,1,0.003242493,0.185781145,-0.007326126,0.407814026,1,-0.032404900,-1.856663982,0.012210846,-0.003663063,-0.030762291,-1.762549419,0.000000000,-0.000000000,8.000000000,3.500000000,3.163287401,181.243017476,0.000000000,-2.804438829,2.000000000,0.500000000,-2.874362230,-164.688824588,0.000000000,2.659170151,1.000000000,0.500000000,0.000953674,0.054641513,0.000000000,0.414248645,0.500000000,0.200000003,-0.032404900,-1.856663982,0.000000000,-0.000039328,0.000000000,0.100000001
2026-07-05 14:52:48.715,1783234368.715583324,251.150829054,1,1,221.211428771,1,0.008215461,5,1,0.003684440,5,1,0,0,0,0,1,1,1,0,1,0,-1.000000000,0.000000000,0.000000000,0.000000000,0,-1.000000000,0,0,0,,0,-1.000000000,,0,0,0.000000000,0.000000000,0,-1.000000000,0,,0,-1.000000000,,0,-1.000000000,0,,1,-0.030380821,-1.740692813,-0.007326126,-0.031745911,1,3.141543627,179.997190971,-0.002442360,-2.782905579,1,-2.873217821,-164.623254772,-0.002442360,2.646154404,1,0.003242493,0.185781145,-0.007326126,0.407814026,1,-0.032404900,-1.856663982,-0.012210846,-0.003663063,-0.030762291,-1.762549419,0.000000000,-0.000000000,8.000000000,3.500000000,3.163287401,181.243017476,0.000000000,-2.804438829,2.000000000,0.500000000,-2.874362230,-164.688824588,0.000000000,2.659170151,1.000000000,0.500000000,0.000953674,0.054641513,0.000000000,0.414248645,0.500000000,0.200000003,-0.032404900,-1.856663982,0.000000000,-0.000039328,0.000000000,0.100000001
2026-07-05 14:52:49.715,1783234369.715684175,252.150929876,1,1,222.211529593,1,0.008626535,5,1,0.003884540,5,1,0,0,0,0,1,1,1,0,1,0,-1.000000000,0.000000000,0.000000000,0.000000000,0,-1.000000000,0,0,0,,0,-1.000000000,,0,0,0.000000000,0.000000000,0,-1.000000000,0,,0,-1.000000000,,0,-1.000000000,0,,1,-0.030380821,-1.740692813,0.007326126,-0.036629677,1,3.141543627,179.997190971,-0.002442360,-2.782905579,1,-2.873217821,-164.623254772,-0.002442360,2.632478714,1,0.003242493,0.185781145,-0.007326126,0.407814026,1,-0.032404900,-1.856663982,-0.012210846,-0.003663063,-0.030762291,-1.762549419,0.000000000,-0.000000000,8.000000000,3.500000000,3.163287401,181.243017476,0.000000000,-2.804438829,2.000000000,0.500000000,-2.874362230,-164.688824588,0.000000000,2.659170151,1.000000000,0.500000000,0.000953674,0.054641513,0.000000000,0.414248645,0.500000000,0.200000003,-0.032404900,-1.856663982,0.000000000,-0.000039328,0.000000000,0.100000001
2026-07-05 14:52:50.715,1783234370.715605974,253.150851836,1,1,223.211451553,1,0.008196714,5,1,0.003867538,5,1,0,0,0,0,1,1,1,0,1,0,-1.000000000,0.000000000,0.000000000,0.000000000,0,-1.000000000,0,0,0,,0,-1.000000000,,0,0,0.000000000,0.000000000,0,-1.000000000,0,,0,-1.000000000,,0,-1.000000000,0,,1,-0.030380821,-1.740692813,0.021978378,-0.036629677,1,3.141543627,179.997190971,-0.002442360,-2.782905579,1,-2.873217821,-164.623254772,-0.007326126,2.646154404,1,0.003242493,0.185781145,-0.021978378,0.407814026,1,-0.032404900,-1.856663982,0.036628723,-0.003663063,-0.030762291,-1.762549419,0.000000000,-0.000000000,8.000000000,3.500000000,3.163287401,181.243017476,0.000000000,-2.804438829,2.000000000,0.500000000,-2.874362230,-164.688824588,0.000000000,2.659170151,1.000000000,0.500000000,0.000953674,0.054641513,0.000000000,0.414248645,0.500000000,0.200000003,-0.032404900,-1.856663982,0.000000000,-0.000039328,0.000000000,0.100000001
2026-07-05 14:52:51.715,1783234371.715541601,254.150787074,1,1,224.211386791,1,0.008605995,5,1,0.003982072,5,1,0,0,0,0,1,1,1,0,1,0,-1.000000000,0.000000000,0.000000000,0.000000000,0,-1.000000000,0,0,0,,0,-1.000000000,,0,0,0.000000000,0.000000000,0,-1.000000000,0,,0,-1.000000000,,0,-1.000000000,0,,1,-0.030380821,-1.740692813,-0.021978378,-0.036629677,1,3.141543627,179.997190971,-0.002442360,-2.769229889,1,-2.873217821,-164.623254772,-0.002442360,2.646154404,1,0.003242493,0.185781145,-0.021978378,0.407814026,1,-0.032404900,-1.856663982,-0.012210846,-0.003663063,-0.030762291,-1.762549419,0.000000000,-0.000000000,8.000000000,3.500000000,3.163287401,181.243017476,0.000000000,-2.804438829,2.000000000,0.500000000,-2.874362230,-164.688824588,0.000000000,2.659170151,1.000000000,0.500000000,0.000953674,0.054641513,0.000000000,0.414248645,0.500000000,0.200000003,-0.032404900,-1.856663982,0.000000000,-0.000039328,0.000000000,0.100000001
2026-07-05 14:52:52.715,1783234372.715536356,255.150782154,1,1,225.211381871,1,0.008202186,5,1,0.003907883,5,1,0,0,0,0,1,1,1,0,1,0,-1.000000000,0.000000000,0.000000000,0.000000000,0,-1.000000000,0,0,0,,0,-1.000000000,,0,0,0.000000000,0.000000000,0,-1.000000000,0,,0,-1.000000000,,0,-1.000000000,0,,1,-0.030380821,-1.740692813,0.007326126,-0.031745911,1,3.141543627,179.997190971,-0.002442360,-2.782905579,1,-2.873217821,-164.623254772,-0.002442360,2.646154404,1,0.003242493,0.185781145,-0.007326126,0.407814026,1,-0.032404900,-1.856663982,-0.036628723,-0.003663063,-0.030762291,-1.762549419,0.000000000,-0.000000000,8.000000000,3.500000000,3.163287401,181.243017476,0.000000000,-2.804438829,2.000000000,0.500000000,-2.874362230,-164.688824588,0.000000000,2.659170151,1.000000000,0.500000000,0.000953674,0.054641513,0.000000000,0.414248645,0.500000000,0.200000003,-0.032404900,-1.856663982,0.000000000,-0.000039328,0.000000000,0.100000001
2026-07-05 14:52:53.715,1783234373.715656996,256.150902762,1,1,226.211502479,1,0.008381438,5,1,0.003990418,5,1,0,0,0,0,1,1,1,0,1,0,-1.000000000,0.000000000,0.000000000,0.000000000,0,-1.000000000,0,0,0,,0,-1.000000000,,0,0,0.000000000,0.000000000,0,-1.000000000,0,,0,-1.000000000,,0,-1.000000000,0,,1,-0.030380821,-1.740692813,-0.007326126,-0.031745911,1,3.141543627,179.997190971,-0.002442360,-2.782905579,1,-2.873217821,-164.623254772,-0.002442360,2.632478714,1,0.003242493,0.185781145,-0.007326126,0.407814026,1,-0.032404900,-1.856663982,-0.036628723,-0.003663063,-0.030762291,-1.762549419,0.000000000,-0.000000000,8.000000000,3.500000000,3.163287401,181.243017476,0.000000000,-2.804438829,2.000000000,0.500000000,-2.874362230,-164.688824588,0.000000000,2.659170151,1.000000000,0.500000000,0.000953674,0.054641513,0.000000000,0.414248645,0.500000000,0.200000003,-0.032404900,-1.856663982,0.000000000,-0.000039328,0.000000000,0.100000001
2026-07-05 14:52:54.715,1783234374.715562820,257.150808437,1,1,227.211408154,1,0.008368109,5,1,0.003716893,5,1,0,0,0,0,1,1,1,0,1,0,-1.000000000,0.000000000,0.000000000,0.000000000,0,-1.000000000,0,0,0,,0,-1.000000000,,0,0,0.000000000,0.000000000,0,-1.000000000,0,,0,-1.000000000,,0,-1.000000000,0,,1,-0.030380821,-1.740692813,-0.007326126,-0.036629677,1,3.141543627,179.997190971,-0.007326126,-2.782905579,1,-2.873217821,-164.623254772,0.002442360,2.646154404,1,0.003242493,0.185781145,-0.007326126,0.407814026,1,-0.032404900,-1.856663982,-0.061050415,-0.003663063,-0.030762291,-1.762549419,0.000000000,-0.000000000,8.000000000,3.500000000,3.163287401,181.243017476,0.000000000,-2.804438829,2.000000000,0.500000000,-2.874362230,-164.688824588,0.000000000,2.659170151,1.000000000,0.500000000,0.000953674,0.054641513,0.000000000,0.414248645,0.500000000,0.200000003,-0.032404900,-1.856663982,0.000000000,-0.000039328,0.000000000,0.100000001
2026-07-05 14:52:55.715,1783234375.715633631,258.150879345,1,1,228.211479062,1,0.008126541,5,1,0.003790676,5,1,0,0,0,0,1,1,1,0,1,0,-1.000000000,0.000000000,0.000000000,0.000000000,0,-1.000000000,0,0,0,,0,-1.000000000,,0,0,0.000000000,0.000000000,0,-1.000000000,0,,0,-1.000000000,,0,-1.000000000,0,,1,-0.030380821,-1.740692813,0.007326126,-0.026862144,1,3.141543627,179.997190971,-0.002442360,-2.782905579,1,-2.873217821,-164.623254772,-0.002442360,2.632478714,1,0.003242493,0.185781145,-0.007326126,0.407814026,1,-0.032404900,-1.856663982,-0.012210846,-0.003663063,-0.030762291,-1.762549419,0.000000000,-0.000000000,8.000000000,3.500000000,3.163287401,181.243017476,0.000000000,-2.804438829,2.000000000,0.500000000,-2.874362230,-164.688824588,0.000000000,2.659170151,1.000000000,0.500000000,0.000953674,0.054641513,0.000000000,0.414248645,0.500000000,0.200000003,-0.032404900,-1.856663982,0.000000000,-0.000039328,0.000000000,0.100000001
2026-07-05 14:52:56.715,1783234376.715545416,259.150791094,1,1,229.211390811,1,0.008261487,5,1,0.003943159,5,1,0,0,0,0,1,1,1,0,1,0,-1.000000000,0.000000000,0.000000000,0.000000000,0,-1.000000000,0,0,0,,0,-1.000000000,,0,0,0.000000000,0.000000000,0,-1.000000000,0,,0,-1.000000000,,0,-1.000000000,0,,1,-0.030380821,-1.740692813,0.007326126,-0.031745911,1,3.141543627,179.997190971,-0.002442360,-2.769229889,1,-2.873217821,-164.623254772,-0.007326126,2.632478714,1,0.003242493,0.185781145,-0.007326126,0.407814026,1,-0.032404900,-1.856663982,-0.012210846,-0.003663063,-0.030762291,-1.762549419,0.000000000,-0.000000000,8.000000000,3.500000000,3.163287401,181.243017476,0.000000000,-2.804438829,2.000000000,0.500000000,-2.874362230,-164.688824588,0.000000000,2.659170151,1.000000000,0.500000000,0.000953674,0.054641513,0.000000000,0.414248645,0.500000000,0.200000003,-0.032404900,-1.856663982,0.000000000,-0.000039328,0.000000000,0.100000001
2026-07-05 14:52:57.715,1783234377.715533495,260.150779312,1,1,230.211379029,1,0.008220862,5,1,0.003826474,5,1,0,0,0,0,1,1,1,0,1,0,-1.000000000,0.000000000,0.000000000,0.000000000,0,-1.000000000,0,0,0,,0,-1.000000000,,0,0,0.000000000,0.000000000,0,-1.000000000,0,,0,-1.000000000,,0,-1.000000000,0,,1,-0.030380821,-1.740692813,-0.021978378,-0.036629677,1,3.141543627,179.997190971,-0.002442360,-2.782905579,1,-2.873217821,-164.623254772,-0.002442360,2.646154404,1,0.003242493,0.185781145,-0.007326126,0.407814026,1,-0.032404900,-1.856663982,-0.012210846,-0.003663063,-0.030762291,-1.762549419,0.000000000,-0.000000000,8.000000000,3.500000000,3.163287401,181.243017476,0.000000000,-2.804438829,2.000000000,0.500000000,-2.874362230,-164.688824588,0.000000000,2.659170151,1.000000000,0.500000000,0.000953674,0.054641513,0.000000000,0.414248645,0.500000000,0.200000003,-0.032404900,-1.856663982,0.000000000,-0.000039328,0.000000000,0.100000001
2026-07-05 14:52:58.715,1783234378.715686321,261.150931981,1,1,231.211531698,1,0.008299161,5,1,0.003836992,5,1,0,0,0,0,1,1,1,0,1,0,-1.000000000,0.000000000,0.000000000,0.000000000,0,-1.000000000,0,0,0,,0,-1.000000000,,0,0,0.000000000,0.000000000,0,-1.000000000,0,,0,-1.000000000,,0,-1.000000000,0,,1,-0.030380821,-1.740692813,-0.021978378,-0.031745911,1,3.141543627,179.997190971,-0.002442360,-2.782905579,1,-2.873217821,-164.623254772,-0.002442360,2.632478714,1,0.003242493,0.185781145,-0.007326126,0.407814026,1,-0.032404900,-1.856663982,-0.012210846,-0.003663063,-0.030762291,-1.762549419,0.000000000,-0.000000000,8.000000000,3.500000000,3.163287401,181.243017476,0.000000000,-2.804438829,2.000000000,0.500000000,-2.874362230,-164.688824588,0.000000000,2.659170151,1.000000000,0.500000000,0.000953674,0.054641513,0.000000000,0.414248645,0.500000000,0.200000003,-0.032404900,-1.856663982,0.000000000,-0.000039328,0.000000000,0.100000001
2026-07-05 14:52:59.715,1783234379.715606689,262.150852552,1,1,232.211452269,1,0.008279212,5,1,0.003757499,5,1,0,0,0,0,1,1,1,0,1,0,-1.000000000,0.000000000,0.000000000,0.000000000,0,-1.000000000,0,0,0,,0,-1.000000000,,0,0,0.000000000,0.000000000,0,-1.000000000,0,,0,-1.000000000,,0,-1.000000000,0,,1,-0.030762291,-1.762549419,-0.021978378,-0.026862144,1,3.141543627,179.997190971,-0.002442360,-2.769229889,1,-2.872836351,-164.601398167,0.002442360,2.632478714,1,0.003242493,0.185781145,-0.021978378,0.407814026,1,-0.032404900,-1.856663982,-0.012210846,-0.003663063,-0.030762291,-1.762549419,0.000000000,-0.000000000,8.000000000,3.500000000,3.163287401,181.243017476,0.000000000,-2.804438829,2.000000000,0.500000000,-2.874362230,-164.688824588,0.000000000,2.659170151,1.000000000,0.500000000,0.000953674,0.054641513,0.000000000,0.414248645,0.500000000,0.200000003,-0.032404900,-1.856663982,0.000000000,-0.000039328,0.000000000,0.100000001
2026-07-05 14:53:00.715,1783234380.715398312,263.150644055,1,1,233.211243772,1,0.008124441,5,1,0.003584768,5,1,0,0,0,0,1,1,1,0,1,0,-1.000000000,0.000000000,0.000000000,0.000000000,0,-1.000000000,0,0,0,,0,-1.000000000,,0,0,0.000000000,0.000000000,0,-1.000000000,0,,0,-1.000000000,,0,-1.000000000,0,,1,-0.030380821,-1.740692813,-0.021978378,-0.036629677,1,3.141543627,179.997190971,-0.002442360,-2.782905579,1,-2.873217821,-164.623254772,-0.002442360,2.632478714,1,0.003242493,0.185781145,-0.007326126,0.407814026,1,-0.032404900,-1.856663982,-0.036628723,-0.003663063,-0.030762291,-1.762549419,0.000000000,-0.000000000,8.000000000,3.500000000,3.163287401,181.243017476,0.000000000,-2.804438829,2.000000000,0.500000000,-2.874362230,-164.688824588,0.000000000,2.659170151,1.000000000,0.500000000,0.000953674,0.054641513,0.000000000,0.414248645,0.500000000,0.200000003,-0.032404900,-1.856663982,0.000000000,-0.000039328,0.000000000,0.100000001
2026-07-05 14:53:01.715,1783234381.715625048,264.150870624,1,1,234.211470341,1,0.008363584,5,1,0.003812163,5,1,0,0,0,0,1,1,1,0,1,0,-1.000000000,0.000000000,0.000000000,0.000000000,0,-1.000000000,0,0,0,,0,-1.000000000,,0,0,0.000000000,0.000000000,0,-1.000000000,0,,0,-1.000000000,,0,-1.000000000,0,,1,-0.030380821,-1.740692813,-0.007326126,-0.031745911,1,3.141543627,179.997190971,-0.002442360,-2.782905579,1,-2.873217821,-164.623254772,-0.002442360,2.632478714,1,0.003242493,0.185781145,-0.021978378,0.407814026,1,-0.032404900,-1.856663982,-0.012210846,-0.003663063,-0.030762291,-1.762549419,0.000000000,-0.000000000,8.000000000,3.500000000,3.163287401,181.243017476,0.000000000,-2.804438829,2.000000000,0.500000000,-2.874362230,-164.688824588,0.000000000,2.659170151,1.000000000,0.500000000,0.000953674,0.054641513,0.000000000,0.414248645,0.500000000,0.200000003,-0.032404900,-1.856663982,0.000000000,-0.000039328,0.000000000,0.100000001
2026-07-05 14:53:02.715,1783234382.715554237,265.150799953,1,1,235.211399670,1,0.007842375,5,1,0.003798063,5,1,0,0,0,0,1,1,1,0,1,0,-1.000000000,0.000000000,0.000000000,0.000000000,0,-1.000000000,0,0,0,,0,-1.000000000,,0,0,0.000000000,0.000000000,0,-1.000000000,0,,0,-1.000000000,,0,-1.000000000,0,,1,-0.030380821,-1.740692813,-0.007326126,-0.031745911,1,3.141543627,179.997190971,-0.002442360,-2.769229889,1,-2.873217821,-164.623254772,-0.002442360,2.632478714,1,0.003242493,0.185781145,-0.007326126,0.407814026,1,-0.032404900,-1.856663982,-0.036628723,-0.003663063,-0.030762291,-1.762549419,0.000000000,-0.000000000,8.000000000,3.500000000,3.163287401,181.243017476,0.000000000,-2.804438829,2.000000000,0.500000000,-2.874362230,-164.688824588,0.000000000,2.659170151,1.000000000,0.500000000,0.000953674,0.054641513,0.000000000,0.414248645,0.500000000,0.200000003,-0.032404900,-1.856663982,0.000000000,-0.000039328,0.000000000,0.100000001
2026-07-05 14:53:03.715,1783234383.715585232,266.150830870,1,1,236.211430587,1,0.008067281,5,1,0.003775481,5,1,0,0,0,0,1,1,1,0,1,0,-1.000000000,0.000000000,0.000000000,0.000000000,0,-1.000000000,0,0,0,,0,-1.000000000,,0,0,0.000000000,0.000000000,0,-1.000000000,0,,0,-1.000000000,,0,-1.000000000,0,,0,-0.030380821,-1.740692813,0.007326126,-0.036629677,0,3.141543627,179.997190971,0.002442360,-2.782905579,0,-2.873217821,-164.623254772,-0.002442360,2.632478714,0,0.003242493,0.185781145,-0.021978378,0.407814026,0,-0.032404900,-1.856663982,-0.036628723,-0.003663063,-0.030762291,-1.762549419,0.000000000,-0.000000000,8.000000000,3.500000000,3.163287401,181.243017476,0.000000000,-2.804438829,2.000000000,0.500000000,-2.874362230,-164.688824588,0.000000000,2.659170151,1.000000000,0.500000000,0.000953674,0.054641513,0.000000000,0.414248645,0.500000000,0.200000003,-0.032404900,-1.856663982,0.000000000,-0.000039328,0.000000000,0.100000001
2026-07-05 14:53:04.715,1783234384.715572119,267.150817870,1,1,237.211417587,1,0.008196151,5,1,0.003851743,5,1,0,0,0,0,1,1,1,0,1,0,-1.000000000,0.000000000,0.000000000,0.000000000,0,-1.000000000,0,0,0,,0,-1.000000000,,0,0,0.000000000,0.000000000,0,-1.000000000,0,,0,-1.000000000,,0,-1.000000000,0,,1,-0.030380821,-1.740692813,-0.007326126,-0.031745911,1,3.141543627,179.997190971,-0.007326126,-2.769229889,1,-2.873217821,-164.623254772,-0.002442360,2.632478714,1,0.003242493,0.185781145,-0.007326126,0.407814026,1,-0.032404900,-1.856663982,-0.036628723,-0.003663063,-0.030762291,-1.762549419,0.000000000,-0.000000000,8.000000000,3.500000000,3.163287401,181.243017476,0.000000000,-2.804438829,2.000000000,0.500000000,-2.874362230,-164.688824588,0.000000000,2.659170151,1.000000000,0.500000000,0.000953674,0.054641513,0.000000000,0.414248645,0.500000000,0.200000003,-0.032404900,-1.856663982,0.000000000,-0.000039328,0.000000000,0.100000001
2026-07-05 14:53:05.715,1783234385.715555906,268.150801499,1,1,238.211401216,1,0.008569542,5,1,0.003748491,5,1,0,0,0,0,1,1,1,0,1,0,-1.000000000,0.000000000,0.000000000,0.000000000,0,-1.000000000,0,0,0,,0,-1.000000000,,0,0,0.000000000,0.000000000,0,-1.000000000,0,,0,-1.000000000,,0,-1.000000000,0,,1,-0.030380821,-1.740692813,-0.007326126,-0.036629677,1,3.141543627,179.997190971,-0.002442360,-2.782905579,1,-2.873217821,-164.623254772,-0.002442360,2.632478714,1,0.003242493,0.185781145,-0.021978378,0.407814026,1,-0.032404900,-1.856663982,-0.036628723,-0.003663063,-0.030762291,-1.762549419,0.000000000,-0.000000000,8.000000000,3.500000000,3.163287401,181.243017476,0.000000000,-2.804438829,2.000000000,0.500000000,-2.874362230,-164.688824588,0.000000000,2.659170151,1.000000000,0.500000000,0.000953674,0.054641513,0.000000000,0.414248645,0.500000000,0.200000003,-0.032404900,-1.856663982,0.000000000,-0.000039328,0.000000000,0.100000001
2026-07-05 14:53:06.715,1783234386.715481758,269.150727654,1,1,239.211327371,1,0.008034200,5,1,0.003634528,5,1,0,0,0,0,1,1,1,0,1,0,-1.000000000,0.000000000,0.000000000,0.000000000,0,-1.000000000,0,0,0,,0,-1.000000000,,0,0,0.000000000,0.000000000,0,-1.000000000,0,,0,-1.000000000,,0,-1.000000000,0,,1,-0.030380821,-1.740692813,-0.007326126,-0.031745911,1,3.141543627,179.997190971,-0.002442360,-2.769229889,1,-2.872836351,-164.601398167,-0.002442360,2.646154404,1,0.003242493,0.185781145,-0.007326126,0.407814026,1,-0.032404900,-1.856663982,0.036628723,-0.003663063,-0.030762291,-1.762549419,0.000000000,-0.000000000,8.000000000,3.500000000,3.163287401,181.243017476,0.000000000,-2.804438829,2.000000000,0.500000000,-2.874362230,-164.688824588,0.000000000,2.659170151,1.000000000,0.500000000,0.000953674,0.054641513,0.000000000,0.414248645,0.500000000,0.200000003,-0.032404900,-1.856663982,0.000000000,-0.000039328,0.000000000,0.100000001
2026-07-05 14:53:07.715,1783234387.715397358,270.150643031,1,1,240.211242748,1,0.008148316,5,1,0.003654351,5,1,0,0,0,0,1,1,1,0,1,0,-1.000000000,0.000000000,0.000000000,0.000000000,0,-1.000000000,0,0,0,,0,-1.000000000,,0,0,0.000000000,0.000000000,0,-1.000000000,0,,0,-1.000000000,,0,-1.000000000,0,,1,-0.030380821,-1.740692813,-0.007326126,-0.031745911,1,3.141543627,179.997190971,-0.002442360,-2.769229889,1,-2.873217821,-164.623254772,-0.002442360,2.646154404,1,0.003242493,0.185781145,-0.007326126,0.402930260,1,-0.032404900,-1.856663982,0.012210846,-0.003663063,-0.030762291,-1.762549419,0.000000000,-0.000000000,8.000000000,3.500000000,3.163287401,181.243017476,0.000000000,-2.804438829,2.000000000,0.500000000,-2.874362230,-164.688824588,0.000000000,2.659170151,1.000000000,0.500000000,0.000953674,0.054641513,0.000000000,0.414248645,0.500000000,0.200000003,-0.032404900,-1.856663982,0.000000000,-0.000039328,0.000000000,0.100000001
2026-07-05 14:53:08.715,1783234388.715399981,271.150645675,1,1,241.211245392,1,0.008394254,5,1,0.003642267,5,1,0,0,0,0,1,1,1,0,1,0,-1.000000000,0.000000000,0.000000000,0.000000000,0,-1.000000000,0,0,0,,0,-1.000000000,,0,0,0.000000000,0.000000000,0,-1.000000000,0,,0,-1.000000000,,0,-1.000000000,0,,1,-0.030380821,-1.740692813,-0.007326126,-0.036629677,1,3.141543627,179.997190971,0.002442360,-2.782905579,1,-2.873217821,-164.623254772,-0.002442360,2.646154404,1,0.003242493,0.185781145,0.007326126,0.407814026,1,-0.032404900,-1.856663982,0.012210846,-0.003663063,-0.030762291,-1.762549419,0.000000000,-0.000000000,8.000000000,3.500000000,3.163287401,181.243017476,0.000000000,-2.804438829,2.000000000,0.500000000,-2.874362230,-164.688824588,0.000000000,2.659170151,1.000000000,0.500000000,0.000953674,0.054641513,0.000000000,0.414248645,0.500000000,0.200000003,-0.032404900,-1.856663982,0.000000000,-0.000039328,0.000000000,0.100000001
2026-07-05 14:53:09.715,1783234389.715529680,272.150775533,1,1,242.211375250,1,0.008169111,5,1,0.003842503,5,1,0,0,0,0,1,1,1,0,1,0,-1.000000000,0.000000000,0.000000000,0.000000000,0,-1.000000000,0,0,0,,0,-1.000000000,,0,0,0.000000000,0.000000000,0,-1.000000000,0,,0,-1.000000000,,0,-1.000000000,0,,1,-0.030380821,-1.740692813,-0.007326126,-0.031745911,1,3.141543627,179.997190971,-0.002442360,-2.782905579,1,-2.873217821,-164.623254772,-0.002442360,2.632478714,1,0.003242493,0.185781145,-0.007326126,0.407814026,1,-0.032404900,-1.856663982,-0.012210846,-0.003663063,-0.030762291,-1.762549419,0.000000000,-0.000000000,8.000000000,3.500000000,3.163287401,181.243017476,0.000000000,-2.804438829,2.000000000,0.500000000,-2.874362230,-164.688824588,0.000000000,2.659170151,1.000000000,0.500000000,0.000953674,0.054641513,0.000000000,0.414248645,0.500000000,0.200000003,-0.032404900,-1.856663982,0.000000000,-0.000039328,0.000000000,0.100000001
2026-07-05 14:53:10.715,1783234390.715525866,273.150771572,1,1,243.211371289,1,0.008238626,5,1,0.003605462,5,1,0,0,0,0,1,1,1,0,1,0,-1.000000000,0.000000000,0.000000000,0.000000000,0,-1.000000000,0,0,0,,0,-1.000000000,,0,0,0.000000000,0.000000000,0,-1.000000000,0,,0,-1.000000000,,0,-1.000000000,0,,1,-0.030380821,-1.740692813,-0.021978378,-0.041514397,1,3.141543627,179.997190971,-0.002442360,-2.782905579,1,-2.872836351,-164.601398167,-0.002442360,2.632478714,1,0.003242493,0.185781145,-0.007326126,0.407814026,1,-0.032404900,-1.856663982,-0.012210846,-0.003663063,-0.030762291,-1.762549419,0.000000000,-0.000000000,8.000000000,3.500000000,3.163287401,181.243017476,0.000000000,-2.804438829,2.000000000,0.500000000,-2.874362230,-164.688824588,0.000000000,2.659170151,1.000000000,0.500000000,0.000953674,0.054641513,0.000000000,0.414248645,0.500000000,0.200000003,-0.032404900,-1.856663982,0.000000000,-0.000039328,0.000000000,0.100000001
2026-07-05 14:53:11.715,1783234391.715476990,274.150722737,1,1,244.211322454,1,0.008244628,5,1,0.003846211,5,1,0,0,0,0,1,1,1,0,1,0,-1.000000000,0.000000000,0.000000000,0.000000000,0,-1.000000000,0,0,0,,0,-1.000000000,,0,0,0.000000000,0.000000000,0,-1.000000000,0,,0,-1.000000000,,0,-1.000000000,0,,1,-0.030380821,-1.740692813,-0.021978378,-0.031745911,1,3.141543627,179.997190971,-0.002442360,-2.782905579,1,-2.873217821,-164.623254772,-0.002442360,2.646154404,1,0.003242493,0.185781145,-0.007326126,0.407814026,1,-0.032404900,-1.856663982,-0.061050415,-0.003663063,-0.030762291,-1.762549419,0.000000000,-0.000000000,8.000000000,3.500000000,3.163287401,181.243017476,0.000000000,-2.804438829,2.000000000,0.500000000,-2.874362230,-164.688824588,0.000000000,2.659170151,1.000000000,0.500000000,0.000953674,0.054641513,0.000000000,0.414248645,0.500000000,0.200000003,-0.032404900,-1.856663982,0.000000000,-0.000039328,0.000000000,0.100000001
2026-07-05 14:53:12.715,1783234392.715576887,275.150822413,1,1,245.211422130,1,0.008078953,5,1,0.003908723,5,1,0,0,0,0,1,1,1,0,1,0,-1.000000000,0.000000000,0.000000000,0.000000000,0,-1.000000000,0,0,0,,0,-1.000000000,,0,0,0.000000000,0.000000000,0,-1.000000000,0,,0,-1.000000000,,0,-1.000000000,0,,1,-0.030380821,-1.740692813,-0.007326126,-0.036629677,1,3.141543627,179.997190971,-0.002442360,-2.769229889,1,-2.873217821,-164.623254772,-0.002442360,2.646154404,1,0.003242493,0.185781145,0.007326126,0.402930260,1,-0.032404900,-1.856663982,-0.012210846,-0.003663063,-0.030762291,-1.762549419,0.000000000,-0.000000000,8.000000000,3.500000000,3.163287401,181.243017476,0.000000000,-2.804438829,2.000000000,0.500000000,-2.874362230,-164.688824588,0.000000000,2.659170151,1.000000000,0.500000000,0.000953674,0.054641513,0.000000000,0.414248645,0.500000000,0.200000003,-0.032404900,-1.856663982,0.000000000,-0.000039328,0.000000000,0.100000001
2026-07-05 14:53:13.715,1783234393.715503454,276.150748931,1,1,246.211348648,1,0.008115717,5,1,0.003724564,5,1,0,0,0,0,1,1,1,0,1,0,-1.000000000,0.000000000,0.000000000,0.000000000,0,-1.000000000,0,0,0,,0,-1.000000000,,0,0,0.000000000,0.000000000,0,-1.000000000,0,,0,-1.000000000,,0,-1.000000000,0,,1,-0.030380821,-1.740692813,-0.007326126,-0.031745911,1,3.141543627,179.997190971,-0.007326126,-2.769229889,1,-2.872836351,-164.601398167,0.002442360,2.632478714,1,0.003242493,0.185781145,-0.007326126,0.407814026,1,-0.032404900,-1.856663982,-0.036628723,-0.003663063,-0.030762291,-1.762549419,0.000000000,-0.000000000,8.000000000,3.500000000,3.163287401,181.243017476,0.000000000,-2.804438829,2.000000000,0.500000000,-2.874362230,-164.688824588,0.000000000,2.659170151,1.000000000,0.500000000,0.000953674,0.054641513,0.000000000,0.414248645,0.500000000,0.200000003,-0.032404900,-1.856663982,0.000000000,-0.000039328,0.000000000,0.100000001
2026-07-05 14:53:14.715,1783234394.715454578,277.150700177,1,1,247.211299894,1,0.008141719,5,1,0.003645410,5,1,0,0,0,0,1,1,1,0,1,0,-1.000000000,0.000000000,0.000000000,0.000000000,0,-1.000000000,0,0,0,,0,-1.000000000,,0,0,0.000000000,0.000000000,0,-1.000000000,0,,0,-1.000000000,,0,-1.000000000,0,,1,-0.030380821,-1.740692813,-0.021978378,-0.036629677,1,3.141543627,179.997190971,-0.007326126,-2.769229889,1,-2.873217821,-164.623254772,-0.002442360,2.632478714,1,0.003242493,0.185781145,-0.007326126,0.407814026,1,-0.032404900,-1.856663982,-0.012210846,-0.003663063,-0.030762291,-1.762549419,0.000000000,-0.000000000,8.000000000,3.500000000,3.163287401,181.243017476,0.000000000,-2.804438829,2.000000000,0.500000000,-2.874362230,-164.688824588,0.000000000,2.659170151,1.000000000,0.500000000,0.000953674,0.054641513,0.000000000,0.414248645,0.500000000,0.200000003,-0.032404900,-1.856663982,0.000000000,-0.000039328,0.000000000,0.100000001
2026-07-05 14:53:15.715,1783234395.715633631,278.150879316,1,1,248.211479033,1,0.008058651,5,1,0.003853878,5,1,0,0,0,0,1,1,1,0,1,0,-1.000000000,0.000000000,0.000000000,0.000000000,0,-1.000000000,0,0,0,,0,-1.000000000,,0,0,0.000000000,0.000000000,0,-1.000000000,0,,0,-1.000000000,,0,-1.000000000,0,,1,-0.030380821,-1.740692813,-0.007326126,-0.036629677,1,3.141543627,179.997190971,-0.002442360,-2.769229889,1,-2.873217821,-164.623254772,-0.007326126,2.646154404,1,0.003242493,0.185781145,-0.007326126,0.407814026,1,-0.032404900,-1.856663982,0.012210846,-0.003663063,-0.030762291,-1.762549419,0.000000000,-0.000000000,8.000000000,3.500000000,3.163287401,181.243017476,0.000000000,-2.804438829,2.000000000,0.500000000,-2.874362230,-164.688824588,0.000000000,2.659170151,1.000000000,0.500000000,0.000953674,0.054641513,0.000000000,0.414248645,0.500000000,0.200000003,-0.032404900,-1.856663982,0.000000000,-0.000039328,0.000000000,0.100000001
2026-07-05 14:53:16.715,1783234396.715460777,279.150706434,1,1,249.211306151,1,0.008460392,5,1,0.003869954,5,1,0,0,0,0,1,1,1,0,1,0,-1.000000000,0.000000000,0.000000000,0.000000000,0,-1.000000000,0,0,0,,0,-1.000000000,,0,0,0.000000000,0.000000000,0,-1.000000000,0,,0,-1.000000000,,0,-1.000000000,0,,1,-0.030380821,-1.740692813,-0.007326126,-0.031745911,1,3.141543627,179.997190971,-0.002442360,-2.782905579,1,-2.873217821,-164.623254772,-0.002442360,2.646154404,1,0.003242493,0.185781145,-0.007326126,0.407814026,1,-0.032404900,-1.856663982,-0.036628723,-0.003663063,-0.030762291,-1.762549419,0.000000000,-0.000000000,8.000000000,3.500000000,3.163287401,181.243017476,0.000000000,-2.804438829,2.000000000,0.500000000,-2.874362230,-164.688824588,0.000000000,2.659170151,1.000000000,0.500000000,0.000953674,0.054641513,0.000000000,0.414248645,0.500000000,0.200000003,-0.032404900,-1.856663982,0.000000000,-0.000039328,0.000000000,0.100000001
2026-07-05 14:53:17.715,1783234397.715559244,280.150804811,1,1,250.211404528,1,0.008296695,5,1,0.003716523,5,1,0,0,0,0,1,1,1,0,1,0,-1.000000000,0.000000000,0.000000000,0.000000000,0,-1.000000000,0,0,0,,0,-1.000000000,,0,0,0.000000000,0.000000000,0,-1.000000000,0,,0,-1.000000000,,0,-1.000000000,0,,1,-0.030380821,-1.740692813,-0.021978378,-0.036629677,1,3.141543627,179.997190971,-0.002442360,-2.782905579,1,-2.873217821,-164.623254772,-0.002442360,2.632478714,1,0.003242493,0.185781145,-0.007326126,0.407814026,1,-0.032404900,-1.856663982,-0.012210846,-0.003663063,-0.030762291,-1.762549419,0.000000000,-0.000000000,8.000000000,3.500000000,3.163287401,181.243017476,0.000000000,-2.804438829,2.000000000,0.500000000,-2.874362230,-164.688824588,0.000000000,2.659170151,1.000000000,0.500000000,0.000953674,0.054641513,0.000000000,0.414248645,0.500000000,0.200000003,-0.032404900,-1.856663982,0.000000000,-0.000039328,0.000000000,0.100000001
2026-07-05 14:53:18.715,1783234398.715602636,281.150848366,1,1,251.211448083,1,0.008373096,5,1,0.003840811,5,1,0,0,0,0,1,1,1,0,1,0,-1.000000000,0.000000000,0.000000000,0.000000000,0,-1.000000000,0,0,0,,0,-1.000000000,,0,0,0.000000000,0.000000000,0,-1.000000000,0,,0,-1.000000000,,0,-1.000000000,0,,1,-0.030380821,-1.740692813,0.007326126,-0.036629677,1,3.141543627,179.997190971,-0.007326126,-2.769229889,1,-2.873217821,-164.623254772,-0.002442360,2.632478714,1,0.003242493,0.185781145,-0.007326126,0.407814026,1,-0.032404900,-1.856663982,-0.036628723,-0.003663063,-0.030762291,-1.762549419,0.000000000,-0.000000000,8.000000000,3.500000000,3.163287401,181.243017476,0.000000000,-2.804438829,2.000000000,0.500000000,-2.874362230,-164.688824588,0.000000000,2.659170151,1.000000000,0.500000000,0.000953674,0.054641513,0.000000000,0.414248645,0.500000000,0.200000003,-0.032404900,-1.856663982,0.000000000,-0.000039328,0.000000000,0.100000001
2026-07-05 14:53:19.715,1783234399.715554237,282.150800059,1,1,252.211399776,1,0.008495407,5,1,0.003895588,5,1,0,0,0,0,1,1,1,0,1,0,-1.000000000,0.000000000,0.000000000,0.000000000,0,-1.000000000,0,0,0,,0,-1.000000000,,0,0,0.000000000,0.000000000,0,-1.000000000,0,,0,-1.000000000,,0,-1.000000000,0,,1,-0.030380821,-1.740692813,0.007326126,-0.036629677,1,3.141543627,179.997190971,-0.002442360,-2.769229889,1,-2.873217821,-164.623254772,-0.002442360,2.646154404,1,0.003242493,0.185781145,-0.007326126,0.412698746,1,-0.032404900,-1.856663982,-0.012210846,-0.003663063,-0.030762291,-1.762549419,0.000000000,-0.000000000,8.000000000,3.500000000,3.163287401,181.243017476,0.000000000,-2.804438829,2.000000000,0.500000000,-2.874362230,-164.688824588,0.000000000,2.659170151,1.000000000,0.500000000,0.000953674,0.054641513,0.000000000,0.414248645,0.500000000,0.200000003,-0.032404900,-1.856663982,0.000000000,-0.000039328,0.000000000,0.100000001
2026-07-05 14:53:20.710,1783234400.710657358,283.145902884,1,1,253.206502601,1,0.008460534,5,1,0.003669350,5,1,0,0,0,0,1,1,1,0,1,0,-1.000000000,0.000000000,0.000000000,0.000000000,0,-1.000000000,0,0,0,,0,-1.000000000,,0,0,0.000000000,0.000000000,0,-1.000000000,0,,0,-1.000000000,,0,-1.000000000,0,,1,-0.030380821,-1.740692813,-0.021978378,-0.036629677,1,3.141543627,179.997190971,-0.002442360,-2.769229889,1,-2.873217821,-164.623254772,-0.002442360,2.646154404,1,0.003242493,0.185781145,-0.007326126,0.407814026,1,-0.032404900,-1.856663982,-0.036628723,-0.003663063,-0.030762291,-1.762549419,0.000000000,-0.000000000,8.000000000,3.500000000,3.163287401,181.243017476,0.000000000,-2.804438829,2.000000000,0.500000000,-2.874362230,-164.688824588,0.000000000,2.659170151,1.000000000,0.500000000,0.000953674,0.054641513,0.000000000,0.414248645,0.500000000,0.200000003,-0.032404900,-1.856663982,0.000000000,-0.000039328,0.000000000,0.100000001
2026-07-05 14:53:21.704,1783234401.704692364,284.139938265,1,1,254.200537982,1,0.008400422,5,1,0.003923587,5,1,0,0,0,0,1,1,1,0,1,0,-1.000000000,0.000000000,0.000000000,0.000000000,0,-1.000000000,0,0,0,,0,-1.000000000,,0,0,0.000000000,0.000000000,0,-1.000000000,0,,0,-1.000000000,,0,-1.000000000,0,,1,-0.030380821,-1.740692813,0.007326126,-0.026862144,1,3.141543627,179.997190971,-0.002442360,-2.782905579,1,-2.873217821,-164.623254772,-0.002442360,2.632478714,1,0.003242493,0.185781145,-0.007326126,0.407814026,1,-0.032404900,-1.856663982,0.012210846,-0.003663063,-0.030762291,-1.762549419,0.000000000,-0.000000000,8.000000000,3.500000000,3.163287401,181.243017476,0.000000000,-2.804438829,2.000000000,0.500000000,-2.874362230,-164.688824588,0.000000000,2.659170151,1.000000000,0.500000000,0.000953674,0.054641513,0.000000000,0.414248645,0.500000000,0.200000003,-0.032404900,-1.856663982,0.000000000,-0.000039328,0.000000000,0.100000001
2026-07-05 14:53:22.699,1783234402.699154377,285.134400126,1,1,255.194999843,1,0.007987059,5,1,0.003789052,5,1,0,0,0,0,1,1,1,0,1,0,-1.000000000,0.000000000,0.000000000,0.000000000,0,-1.000000000,0,0,0,,0,-1.000000000,,0,0,0.000000000,0.000000000,0,-1.000000000,0,,0,-1.000000000,,0,-1.000000000,0,,1,-0.030380821,-1.740692813,0.007326126,-0.031745911,1,3.141543627,179.997190971,-0.002442360,-2.769229889,1,-2.873217821,-164.623254772,-0.002442360,2.632478714,1,0.003242493,0.185781145,-0.007326126,0.407814026,1,-0.032404900,-1.856663982,0.012210846,-0.003663063,-0.030762291,-1.762549419,0.000000000,-0.000000000,8.000000000,3.500000000,3.163287401,181.243017476,0.000000000,-2.804438829,2.000000000,0.500000000,-2.874362230,-164.688824588,0.000000000,2.659170151,1.000000000,0.500000000,0.000953674,0.054641513,0.000000000,0.414248645,0.500000000,0.200000003,-0.032404900,-1.856663982,0.000000000,-0.000039328,0.000000000,0.100000001
2026-07-05 14:53:23.694,1783234403.694451571,286.129697038,1,1,256.190296755,1,0.008523003,5,1,0.003839000,5,1,0,0,0,0,1,1,1,0,1,0,-1.000000000,0.000000000,0.000000000,0.000000000,0,-1.000000000,0,0,0,,0,-1.000000000,,0,0,0.000000000,0.000000000,0,-1.000000000,0,,0,-1.000000000,,0,-1.000000000,0,,1,-0.030380821,-1.740692813,-0.007326126,-0.031745911,1,3.141543627,179.997190971,-0.002442360,-2.769229889,1,-2.872836351,-164.601398167,0.002442360,2.632478714,1,0.003242493,0.185781145,-0.007326126,0.407814026,1,-0.032404900,-1.856663982,0.012210846,-0.003663063,-0.030762291,-1.762549419,0.000000000,-0.000000000,8.000000000,3.500000000,3.163287401,181.243017476,0.000000000,-2.804438829,2.000000000,0.500000000,-2.874362230,-164.688824588,0.000000000,2.659170151,1.000000000,0.500000000,0.000953674,0.054641513,0.000000000,0.414248645,0.500000000,0.200000003,-0.032404900,-1.856663982,0.000000000,-0.000039328,0.000000000,0.100000001
2026-07-05 14:53:24.690,1783234404.690460682,287.125706277,1,1,257.186305994,1,0.008355352,5,1,0.003817151,5,1,0,0,0,0,1,1,1,0,1,0,-1.000000000,0.000000000,0.000000000,0.000000000,0,-1.000000000,0,0,0,,0,-1.000000000,,0,0,0.000000000,0.000000000,0,-1.000000000,0,,0,-1.000000000,,0,-1.000000000,0,,1,-0.030762291,-1.762549419,-0.036630630,-0.031745911,1,3.141543627,179.997190971,-0.002442360,-2.769229889,1,-2.873217821,-164.623254772,-0.002442360,2.632478714,1,0.003242493,0.185781145,-0.007326126,0.407814026,1,-0.032404900,-1.856663982,0.036628723,-0.003663063,-0.030762291,-1.762549419,0.000000000,-0.000000000,8.000000000,3.500000000,3.163287401,181.243017476,0.000000000,-2.804438829,2.000000000,0.500000000,-2.874362230,-164.688824588,0.000000000,2.659170151,1.000000000,0.500000000,0.000953674,0.054641513,0.000000000,0.414248645,0.500000000,0.200000003,-0.032404900,-1.856663982,0.000000000,-0.000039328,0.000000000,0.100000001
2026-07-05 14:53:25.686,1783234405.686773062,288.122018745,1,1,258.182618462,1,0.007950102,5,1,0.003779816,5,1,0,0,0,0,1,1,1,0,1,0,-1.000000000,0.000000000,0.000000000,0.000000000,0,-1.000000000,0,0,0,,0,-1.000000000,,0,0,0.000000000,0.000000000,0,-1.000000000,0,,0,-1.000000000,,0,-1.000000000,0,,1,-0.030380821,-1.740692813,-0.007326126,-0.031745911,1,3.141543627,179.997190971,-0.007326126,-2.769229889,1,-2.873217821,-164.623254772,-0.007326126,2.632478714,1,0.003242493,0.185781145,-0.007326126,0.407814026,1,-0.032404900,-1.856663982,-0.036628723,-0.003663063,-0.030762291,-1.762549419,0.000000000,-0.000000000,8.000000000,3.500000000,3.163287401,181.243017476,0.000000000,-2.804438829,2.000000000,0.500000000,-2.874362230,-164.688824588,0.000000000,2.659170151,1.000000000,0.500000000,0.000953674,0.054641513,0.000000000,0.414248645,0.500000000,0.200000003,-0.032404900,-1.856663982,0.000000000,-0.000039328,0.000000000,0.100000001
2026-07-05 14:53:26.683,1783234406.683601141,289.118846955,1,1,259.179446672,1,0.008334873,5,1,0.003762700,5,1,0,0,0,0,1,1,1,0,1,0,-1.000000000,0.000000000,0.000000000,0.000000000,0,-1.000000000,0,0,0,,0,-1.000000000,,0,0,0.000000000,0.000000000,0,-1.000000000,0,,0,-1.000000000,,0,-1.000000000,0,,1,-0.030380821,-1.740692813,-0.021978378,-0.036629677,1,3.141543627,179.997190971,0.002442360,-2.782905579,1,-2.873217821,-164.623254772,-0.007326126,2.646154404,1,0.003242493,0.185781145,-0.007326126,0.407814026,1,-0.032404900,-1.856663982,0.012210846,-0.003663063,-0.030762291,-1.762549419,0.000000000,-0.000000000,8.000000000,3.500000000,3.163287401,181.243017476,0.000000000,-2.804438829,2.000000000,0.500000000,-2.874362230,-164.688824588,0.000000000,2.659170151,1.000000000,0.500000000,0.000953674,0.054641513,0.000000000,0.414248645,0.500000000,0.200000003,-0.032404900,-1.856663982,0.000000000,-0.000039328,0.000000000,0.100000001
2026-07-05 14:53:27.680,1783234407.680709839,290.115955520,1,1,260.176555237,1,0.008259816,5,1,0.003836073,5,1,0,0,0,0,1,1,1,0,1,0,-1.000000000,0.000000000,0.000000000,0.000000000,0,-1.000000000,0,0,0,,0,-1.000000000,,0,0,0.000000000,0.000000000,0,-1.000000000,0,,0,-1.000000000,,0,-1.000000000,0,,1,-0.030380821,-1.740692813,0.007326126,-0.036629677,1,3.141543627,179.997190971,-0.002442360,-2.769229889,1,-2.873217821,-164.623254772,-0.007326126,2.646154404,1,0.003242493,0.185781145,-0.007326126,0.402930260,1,-0.032404900,-1.856663982,-0.012210846,-0.003663063,-0.030762291,-1.762549419,0.000000000,-0.000000000,8.000000000,3.500000000,3.163287401,181.243017476,0.000000000,-2.804438829,2.000000000,0.500000000,-2.874362230,-164.688824588,0.000000000,2.659170151,1.000000000,0.500000000,0.000953674,0.054641513,0.000000000,0.414248645,0.500000000,0.200000003,-0.032404900,-1.856663982,0.000000000,-0.000039328,0.000000000,0.100000001
2026-07-05 14:53:28.678,1783234408.678466320,291.113711967,1,1,261.174311684,1,0.008386690,5,1,0.004021754,5,1,0,0,0,0,1,1,1,0,1,0,-1.000000000,0.000000000,0.000000000,0.000000000,0,-1.000000000,0,0,0,,0,-1.000000000,,0,0,0.000000000,0.000000000,0,-1.000000000,0,,0,-1.000000000,,0,-1.000000000,0,,1,-0.030380821,-1.740692813,-0.007326126,-0.036629677,1,3.141543627,179.997190971,-0.002442360,-2.769229889,1,-2.872836351,-164.601398167,0.002442360,2.632478714,1,0.003242493,0.185781145,-0.007326126,0.407814026,1,-0.032404900,-1.856663982,-0.036628723,-0.003663063,-0.030762291,-1.762549419,0.000000000,-0.000000000,8.000000000,3.500000000,3.163287401,181.243017476,0.000000000,-2.804438829,2.000000000,0.500000000,-2.874362230,-164.688824588,0.000000000,2.659170151,1.000000000,0.500000000,0.000953674,0.054641513,0.000000000,0.414248645,0.500000000,0.200000003,-0.032404900,-1.856663982,0.000000000,-0.000039328,0.000000000,0.100000001
2026-07-05 14:53:29.676,1783234409.676213026,292.111458684,1,1,262.172058401,1,0.008021065,5,1,0.003554157,5,1,0,0,0,0,1,1,1,0,1,0,-1.000000000,0.000000000,0.000000000,0.000000000,0,-1.000000000,0,0,0,,0,-1.000000000,,0,0,0.000000000,0.000000000,0,-1.000000000,0,,0,-1.000000000,,0,-1.000000000,0,,1,-0.030380821,-1.740692813,-0.021978378,-0.031745911,1,3.141543627,179.997190971,-0.002442360,-2.782905579,1,-2.873217821,-164.623254772,-0.002442360,2.646154404,1,0.003242493,0.185781145,-0.007326126,0.407814026,1,-0.032404900,-1.856663982,0.012210846,-0.003663063,-0.030762291,-1.762549419,0.000000000,-0.000000000,8.000000000,3.500000000,3.163287401,181.243017476,0.000000000,-2.804438829,2.000000000,0.500000000,-2.874362230,-164.688824588,0.000000000,2.659170151,1.000000000,0.500000000,0.000953674,0.054641513,0.000000000,0.414248645,0.500000000,0.200000003,-0.032404900,-1.856663982,0.000000000,-0.000039328,0.000000000,0.100000001
2026-07-05 14:53:30.674,1783234410.674450159,293.109695987,1,1,263.170295704,1,0.008730075,5,1,0.461701475,5,1,0,0,0,0,1,1,1,0,1,0,-1.000000000,0.000000000,0.000000000,0.000000000,0,-1.000000000,0,0,0,,0,-1.000000000,,0,0,0.000000000,0.000000000,0,-1.000000000,0,,0,-1.000000000,,0,-1.000000000,0,,1,-0.030380821,-1.740692813,-0.007326126,-0.031745911,1,3.141543627,179.997190971,-0.002442360,-2.769229889,1,-2.873217821,-164.623254772,-0.002442360,2.646154404,1,0.003242493,0.185781145,-0.007326126,0.407814026,1,-0.032404900,-1.856663982,-0.012210846,-0.003663063,-0.030762291,-1.762549419,0.000000000,-0.000000000,8.000000000,3.500000000,3.163287401,181.243017476,0.000000000,-2.804438829,2.000000000,0.500000000,-2.874362230,-164.688824588,0.000000000,2.659170151,1.000000000,0.500000000,0.000953674,0.054641513,0.000000000,0.414248645,0.500000000,0.200000003,-0.032404900,-1.856663982,0.000000000,-0.000039328,0.000000000,0.100000001
2026-07-05 14:53:31.672,1783234411.672789812,294.108035370,1,1,264.168635087,1,0.008208358,5,1,0.003903734,5,1,0,0,0,0,1,1,1,0,1,0,-1.000000000,0.000000000,0.000000000,0.000000000,0,-1.000000000,0,0,0,,0,-1.000000000,,0,0,0.000000000,0.000000000,0,-1.000000000,0,,0,-1.000000000,,0,-1.000000000,0,,1,-0.030380821,-1.740692813,0.007326126,-0.036629677,1,3.141543627,179.997190971,-0.002442360,-2.782905579,1,-2.873217821,-164.623254772,-0.002442360,2.632478714,1,0.003242493,0.185781145,-0.007326126,0.407814026,1,-0.032404900,-1.856663982,0.012210846,-0.003663063,-0.030762291,-1.762549419,0.000000000,-0.000000000,8.000000000,3.500000000,3.163287401,181.243017476,0.000000000,-2.804438829,2.000000000,0.500000000,-2.874362230,-164.688824588,0.000000000,2.659170151,1.000000000,0.500000000,0.000953674,0.054641513,0.000000000,0.414248645,0.500000000,0.200000003,-0.032404900,-1.856663982,0.000000000,-0.000039328,0.000000000,0.100000001
2026-07-05 14:53:32.671,1783234412.671464682,295.106710446,1,1,265.167310163,1,0.008120155,5,1,0.003877462,5,1,0,0,0,0,1,1,1,0,1,0,-1.000000000,0.000000000,0.000000000,0.000000000,0,-1.000000000,0,0,0,,0,-1.000000000,,0,0,0.000000000,0.000000000,0,-1.000000000,0,,0,-1.000000000,,0,-1.000000000,0,,1,-0.030380821,-1.740692813,-0.007326126,-0.031745911,1,3.141543627,179.997190971,-0.002442360,-2.769229889,1,-2.873217821,-164.623254772,-0.002442360,2.632478714,1,0.003242493,0.185781145,-0.021978378,0.407814026,1,-0.032404900,-1.856663982,-0.012210846,-0.003663063,-0.030762291,-1.762549419,0.000000000,-0.000000000,8.000000000,3.500000000,3.163287401,181.243017476,0.000000000,-2.804438829,2.000000000,0.500000000,-2.874362230,-164.688824588,0.000000000,2.659170151,1.000000000,0.500000000,0.000953674,0.054641513,0.000000000,0.414248645,0.500000000,0.200000003,-0.032404900,-1.856663982,0.000000000,-0.000039328,0.000000000,0.100000001
2026-07-05 14:53:33.670,1783234413.670135736,296.105381396,1,1,266.165981113,1,0.008355116,5,1,0.003796823,5,1,0,0,0,0,1,1,1,0,1,0,-1.000000000,0.000000000,0.000000000,0.000000000,0,-1.000000000,0,0,0,,0,-1.000000000,,0,0,0.000000000,0.000000000,0,-1.000000000,0,,0,-1.000000000,,0,-1.000000000,0,,1,-0.030380821,-1.740692813,-0.007326126,-0.036629677,1,3.141543627,179.997190971,-0.007326126,-2.782905579,1,-2.873217821,-164.623254772,-0.007326126,2.632478714,1,0.003242493,0.185781145,-0.007326126,0.407814026,1,-0.032404900,-1.856663982,-0.012210846,-0.003663063,-0.030762291,-1.762549419,0.000000000,-0.000000000,8.000000000,3.500000000,3.163287401,181.243017476,0.000000000,-2.804438829,2.000000000,0.500000000,-2.874362230,-164.688824588,0.000000000,2.659170151,1.000000000,0.500000000,0.000953674,0.054641513,0.000000000,0.414248645,0.500000000,0.200000003,-0.032404900,-1.856663982,0.000000000,-0.000039328,0.000000000,0.100000001
2026-07-05 14:53:34.669,1783234414.669076920,297.104322695,1,1,267.164922412,1,0.008577824,5,1,0.003759147,5,1,0,0,0,0,1,1,1,0,1,0,-1.000000000,0.000000000,0.000000000,0.000000000,0,-1.000000000,0,0,0,,0,-1.000000000,,0,0,0.000000000,0.000000000,0,-1.000000000,0,,0,-1.000000000,,0,-1.000000000,0,,1,-0.030380821,-1.740692813,-0.007326126,-0.036629677,1,3.141543627,179.997190971,-0.002442360,-2.782905579,1,-2.873217821,-164.623254772,-0.007326126,2.632478714,1,0.003242493,0.185781145,-0.007326126,0.407814026,1,-0.032404900,-1.856663982,-0.012210846,-0.006104946,-0.030762291,-1.762549419,0.000000000,-0.000000000,8.000000000,3.500000000,3.163287401,181.243017476,0.000000000,-2.804438829,2.000000000,0.500000000,-2.874362230,-164.688824588,0.000000000,2.659170151,1.000000000,0.500000000,0.000953674,0.054641513,0.000000000,0.414248645,0.500000000,0.200000003,-0.032404900,-1.856663982,0.000000000,-0.000039328,0.000000000,0.100000001
2026-07-05 14:53:35.668,1783234415.668100119,298.103345777,1,1,268.163945494,1,0.008222754,5,1,0.003894608,5,1,0,0,0,0,1,1,1,0,1,0,-1.000000000,0.000000000,0.000000000,0.000000000,0,-1.000000000,0,0,0,,0,-1.000000000,,0,0,0.000000000,0.000000000,0,-1.000000000,0,,0,-1.000000000,,0,-1.000000000,0,,1,-0.030380821,-1.740692813,-0.007326126,-0.031745911,1,3.141543627,179.997190971,-0.002442360,-2.769229889,1,-2.873217821,-164.623254772,-0.007326126,2.646154404,1,0.003242493,0.185781145,-0.007326126,0.407814026,1,-0.032404900,-1.856663982,-0.012210846,-0.003663063,-0.030762291,-1.762549419,0.000000000,-0.000000000,8.000000000,3.500000000,3.163287401,181.243017476,0.000000000,-2.804438829,2.000000000,0.500000000,-2.874362230,-164.688824588,0.000000000,2.659170151,1.000000000,0.500000000,0.000953674,0.054641513,0.000000000,0.414248645,0.500000000,0.200000003,-0.032404900,-1.856663982,0.000000000,-0.000039328,0.000000000,0.100000001
2026-07-05 14:53:36.667,1783234416.667171478,299.102417195,1,1,269.163016912,1,0.008289059,5,1,0.003818552,5,1,0,1,0,0,1,1,1,1,1,0,-1.000000000,0.000000000,0.000000000,0.000000000,0,-1.000000000,0,0,0,,0,-1.000000000,,0,0,0.000000000,0.000000000,0,-1.000000000,0,,0,-1.000000000,,0,-1.000000000,0,,1,-0.030380821,-1.740692813,-0.021978378,-0.036629677,1,3.141543627,179.997190971,-0.002442360,-2.769229889,1,-2.873217821,-164.623254772,-0.002442360,2.646154404,1,0.003242493,0.185781145,-0.007326126,0.407814026,1,-0.032404900,-1.856663982,-0.012210846,-0.003663063,-0.030762291,-1.762549419,0.000000000,-0.000000000,8.000000000,3.500000000,3.163287401,181.243017476,0.000000000,-2.804438829,2.000000000,0.500000000,-2.874362230,-164.688824588,0.000000000,2.659170151,1.000000000,0.500000000,0.000953674,0.054641513,0.000000000,0.414248645,0.500000000,0.200000003,-0.032404900,-1.856663982,0.000000000,-0.000039328,0.000000000,0.100000001
2026-07-05 14:53:37.666,1783234417.666524649,300.101770450,1,1,270.162370167,1,0.008488641,5,1,0.003788891,5,1,0,1,0,0,1,1,1,1,1,0,-1.000000000,0.000000000,0.000000000,0.000000000,0,-1.000000000,0,0,0,,0,-1.000000000,,0,0,0.000000000,0.000000000,0,-1.000000000,0,,0,-1.000000000,,0,-1.000000000,0,,1,-0.030380821,-1.740692813,0.007326126,-0.036629677,1,3.141543627,179.997190971,-0.002442360,-2.782905579,1,-2.873217821,-164.623254772,-0.002442360,2.646154404,1,0.003242493,0.185781145,-0.007326126,0.407814026,1,-0.032404900,-1.856663982,-0.036628723,-0.003663063,-0.030762291,-1.762549419,0.000000000,-0.000000000,8.000000000,3.500000000,3.163287401,181.243017476,0.000000000,-2.804438829,2.000000000,0.500000000,-2.874362230,-164.688824588,0.000000000,2.659170151,1.000000000,0.500000000,0.000953674,0.054641513,0.000000000,0.414248645,0.500000000,0.200000003,-0.032404900,-1.856663982,0.000000000,-0.000039328,0.000000000,0.100000001
2026-07-05 14:53:38.665,1783234418.665854454,301.101100202,1,1,271.161699919,1,0.008645898,5,1,0.003673364,5,1,0,1,0,0,1,1,1,1,1,0,-1.000000000,0.000000000,0.000000000,0.000000000,0,-1.000000000,0,0,0,,0,-1.000000000,,0,0,0.000000000,0.000000000,0,-1.000000000,0,,0,-1.000000000,,0,-1.000000000,0,,1,-0.030380821,-1.740692813,-0.007326126,-0.036629677,1,3.141543627,179.997190971,-0.002442360,-2.782905579,1,-2.873217821,-164.623254772,-0.002442360,2.646154404,1,0.003242493,0.185781145,-0.021978378,0.407814026,1,-0.032404900,-1.856663982,-0.036628723,-0.003663063,-0.030762291,-1.762549419,0.000000000,-0.000000000,8.000000000,3.500000000,3.163287401,181.243017476,0.000000000,-2.804438829,2.000000000,0.500000000,-2.874362230,-164.688824588,0.000000000,2.659170151,1.000000000,0.500000000,0.000953674,0.054641513,0.000000000,0.414248645,0.500000000,0.200000003,-0.032404900,-1.856663982,0.000000000,-0.000039328,0.000000000,0.100000001
2026-07-05 14:53:39.665,1783234419.665224791,302.100470512,1,1,272.161070229,1,0.008093533,5,1,0.003870745,5,1,0,1,0,0,1,1,1,1,1,0,-1.000000000,0.000000000,0.000000000,0.000000000,0,-1.000000000,0,0,0,,0,-1.000000000,,0,0,0.000000000,0.000000000,0,-1.000000000,0,,0,-1.000000000,,0,-1.000000000,0,,1,-0.030380821,-1.740692813,-0.021978378,-0.031745911,1,3.141543627,179.997190971,-0.002442360,-2.782905579,1,-2.873217821,-164.623254772,-0.002442360,2.632478714,1,0.003242493,0.185781145,-0.021978378,0.407814026,1,-0.032404900,-1.856663982,0.012210846,-0.003663063,-0.030762291,-1.762549419,0.000000000,-0.000000000,8.000000000,3.500000000,3.163287401,181.243017476,0.000000000,-2.804438829,2.000000000,0.500000000,-2.874362230,-164.688824588,0.000000000,2.659170151,1.000000000,0.500000000,0.000953674,0.054641513,0.000000000,0.414248645,0.500000000,0.200000003,-0.032404900,-1.856663982,0.000000000,-0.000039328,0.000000000,0.100000001
2026-07-05 14:53:40.664,1783234420.664818525,303.100064243,1,1,273.160663960,1,0.008529362,5,1,0.003963709,5,1,0,1,0,0,1,1,1,1,1,0,-1.000000000,0.000000000,0.000000000,0.000000000,0,-1.000000000,0,0,0,,0,-1.000000000,,0,0,0.000000000,0.000000000,0,-1.000000000,0,,0,-1.000000000,,0,-1.000000000,0,,1,-0.030380821,-1.740692813,-0.007326126,-0.031745911,1,3.141543627,179.997190971,-0.002442360,-2.769229889,1,-2.873217821,-164.623254772,-0.002442360,2.646154404,1,0.003242493,0.185781145,-0.007326126,0.407814026,1,-0.032404900,-1.856663982,-0.012210846,-0.003663063,-0.030762291,-1.762549419,0.000000000,-0.000000000,8.000000000,3.500000000,3.163287401,181.243017476,0.000000000,-2.804438829,2.000000000,0.500000000,-2.874362230,-164.688824588,0.000000000,2.659170151,1.000000000,0.500000000,0.000953674,0.054641513,0.000000000,0.414248645,0.500000000,0.200000003,-0.032404900,-1.856663982,0.000000000,-0.000039328,0.000000000,0.100000001
2026-07-05 14:53:41.664,1783234421.664535522,304.099781343,1,1,274.160381060,1,0.008625630,5,1,0.723755711,5,1,0,1,0,0,1,1,1,1,1,0,-1.000000000,0.000000000,0.000000000,0.000000000,0,-1.000000000,0,0,0,,0,-1.000000000,,0,0,0.000000000,0.000000000,0,-1.000000000,0,,0,-1.000000000,,0,-1.000000000,0,,1,-0.030380821,-1.740692813,-0.007326126,-0.036629677,1,3.141543627,179.997190971,-0.002442360,-2.782905579,1,-2.872836351,-164.601398167,-0.002442360,2.632478714,1,0.003242493,0.185781145,-0.021978378,0.402930260,1,-0.032404900,-1.856663982,-0.012210846,-0.003663063,-0.030762291,-1.762549419,0.000000000,-0.000000000,8.000000000,3.500000000,3.163287401,181.243017476,0.000000000,-2.804438829,2.000000000,0.500000000,-2.874362230,-164.688824588,0.000000000,2.659170151,1.000000000,0.500000000,0.000953674,0.054641513,0.000000000,0.414248645,0.500000000,0.200000003,-0.032404900,-1.856663982,0.000000000,-0.000039328,0.000000000,0.100000001
2026-07-05 14:53:42.664,1783234422.664013624,305.099259309,1,1,275.159859026,1,0.008137362,5,1,1.723233677,5,1,0,1,0,0,1,1,1,1,1,0,-1.000000000,0.000000000,0.000000000,0.000000000,0,-1.000000000,0,0,0,,0,-1.000000000,,0,0,0.000000000,0.000000000,0,-1.000000000,0,,0,-1.000000000,,0,-1.000000000,0,,1,-0.030380821,-1.740692813,-0.007326126,-0.041514397,1,3.141543627,179.997190971,-0.002442360,-2.782905579,1,-2.873217821,-164.623254772,-0.002442360,2.632478714,1,0.003242493,0.185781145,-0.007326126,0.407814026,1,-0.032404900,-1.856663982,0.012210846,-0.003663063,-0.030762291,-1.762549419,0.000000000,-0.000000000,8.000000000,3.500000000,3.163287401,181.243017476,0.000000000,-2.804438829,2.000000000,0.500000000,-2.874362230,-164.688824588,0.000000000,2.659170151,1.000000000,0.500000000,0.000953674,0.054641513,0.000000000,0.414248645,0.500000000,0.200000003,-0.032404900,-1.856663982,0.000000000,-0.000039328,0.000000000,0.100000001
2026-07-05 14:53:43.663,1783234423.663692713,306.098938512,1,1,276.159538229,1,0.008361569,5,1,2.722912880,5,1,0,1,0,0,1,1,1,1,1,0,-1.000000000,0.000000000,0.000000000,0.000000000,0,-1.000000000,0,0,0,,0,-1.000000000,,0,0,0.000000000,0.000000000,0,-1.000000000,0,,0,-1.000000000,,0,-1.000000000,0,,1,-0.030380821,-1.740692813,-0.007326126,-0.031745911,1,3.141543627,179.997190971,0.002442360,-2.769229889,1,-2.873217821,-164.623254772,-0.007326126,2.632478714,1,0.003242493,0.185781145,-0.007326126,0.407814026,1,-0.032404900,-1.856663982,-0.012210846,-0.003663063,-0.030762291,-1.762549419,0.000000000,-0.000000000,8.000000000,3.500000000,3.163287401,181.243017476,0.000000000,-2.804438829,2.000000000,0.500000000,-2.874362230,-164.688824588,0.000000000,2.659170151,1.000000000,0.500000000,0.000953674,0.054641513,0.000000000,0.414248645,0.500000000,0.200000003,-0.032404900,-1.856663982,0.000000000,-0.000039328,0.000000000,0.100000001
2026-07-05 14:53:44.663,1783234424.663455486,307.098701099,1,1,277.159300816,1,0.007947574,5,1,0.003813224,5,1,0,1,0,0,1,1,1,1,1,0,-1.000000000,0.000000000,0.000000000,0.000000000,0,-1.000000000,0,0,0,,0,-1.000000000,,0,0,0.000000000,0.000000000,0,-1.000000000,0,,0,-1.000000000,,0,-1.000000000,0,,1,-0.030380821,-1.740692813,-0.021978378,-0.036629677,1,3.141543627,179.997190971,-0.002442360,-2.782905579,1,-2.873217821,-164.623254772,0.002442360,2.632478714,1,0.003242493,0.185781145,-0.007326126,0.407814026,1,-0.032404900,-1.856663982,0.012210846,-0.003663063,-0.030762291,-1.762549419,0.000000000,-0.000000000,8.000000000,3.500000000,3.163287401,181.243017476,0.000000000,-2.804438829,2.000000000,0.500000000,-2.874362230,-164.688824588,0.000000000,2.659170151,1.000000000,0.500000000,0.000953674,0.054641513,0.000000000,0.414248645,0.500000000,0.200000003,-0.032404900,-1.856663982,0.000000000,-0.000039328,0.000000000,0.100000001
2026-07-05 14:53:45.663,1783234425.663082123,308.098327968,1,1,278.158927685,1,0.008110893,5,1,0.003790869,5,1,0,1,0,0,1,1,1,1,1,0,-1.000000000,0.000000000,0.000000000,0.000000000,0,-1.000000000,0,0,0,,0,-1.000000000,,0,0,0.000000000,0.000000000,0,-1.000000000,0,,0,-1.000000000,,0,-1.000000000,0,,1,-0.030380821,-1.740692813,0.007326126,-0.031745911,1,3.141543627,179.997190971,-0.002442360,-2.769229889,1,-2.873217821,-164.623254772,-0.007326126,2.646154404,1,0.003242493,0.185781145,-0.007326126,0.407814026,1,-0.032404900,-1.856663982,-0.012210846,-0.003663063,-0.030762291,-1.762549419,0.000000000,-0.000000000,8.000000000,3.500000000,3.163287401,181.243017476,0.000000000,-2.804438829,2.000000000,0.500000000,-2.874362230,-164.688824588,0.000000000,2.659170151,1.000000000,0.500000000,0.000953674,0.054641513,0.000000000,0.414248645,0.500000000,0.200000003,-0.032404900,-1.856663982,0.000000000,-0.000039328,0.000000000,0.100000001
2026-07-05 14:53:46.663,1783234426.663037539,309.098283014,1,1,279.158882731,1,0.008418163,5,1,0.003888335,5,1,0,1,0,0,1,1,1,1,1,0,-1.000000000,0.000000000,0.000000000,0.000000000,0,-1.000000000,0,0,0,,0,-1.000000000,,0,0,0.000000000,0.000000000,0,-1.000000000,0,,0,-1.000000000,,0,-1.000000000,0,,1,-0.030380821,-1.740692813,-0.007326126,-0.031745911,1,3.141543627,179.997190971,-0.002442360,-2.782905579,1,-2.873217821,-164.623254772,-0.002442360,2.632478714,1,0.003242493,0.185781145,-0.007326126,0.407814026,1,-0.032404900,-1.856663982,-0.012210846,-0.003663063,-0.030762291,-1.762549419,0.000000000,-0.000000000,8.000000000,3.500000000,3.163287401,181.243017476,0.000000000,-2.804438829,2.000000000,0.500000000,-2.874362230,-164.688824588,0.000000000,2.659170151,1.000000000,0.500000000,0.000953674,0.054641513,0.000000000,0.414248645,0.500000000,0.200000003,-0.032404900,-1.856663982,0.000000000,-0.000039328,0.000000000,0.100000001
2026-07-05 14:53:47.662,1783234427.662620306,310.097866141,1,1,280.158465858,1,0.008036121,5,1,0.003576027,5,1,0,1,0,0,1,1,1,1,1,0,-1.000000000,0.000000000,0.000000000,0.000000000,0,-1.000000000,0,0,0,,0,-1.000000000,,0,0,0.000000000,0.000000000,0,-1.000000000,0,,0,-1.000000000,,0,-1.000000000,0,,1,-0.030380821,-1.740692813,-0.007326126,-0.036629677,1,3.141543627,179.997190971,-0.002442360,-2.782905579,1,-2.873217821,-164.623254772,-0.002442360,2.632478714,1,0.003623962,0.207637751,0.007326126,0.407814026,1,-0.032404900,-1.856663982,0.012210846,-0.003663063,-0.030762291,-1.762549419,0.000000000,-0.000000000,8.000000000,3.500000000,3.163287401,181.243017476,0.000000000,-2.804438829,2.000000000,0.500000000,-2.874362230,-164.688824588,0.000000000,2.659170151,1.000000000,0.500000000,0.000953674,0.054641513,0.000000000,0.414248645,0.500000000,0.200000003,-0.032404900,-1.856663982,0.000000000,-0.000039328,0.000000000,0.100000001
2026-07-05 14:53:48.662,1783234428.662448883,311.097694645,1,1,281.158294362,1,0.008227066,5,1,0.003661899,5,1,0,1,0,0,1,1,1,1,1,0,-1.000000000,0.000000000,0.000000000,0.000000000,0,-1.000000000,0,0,0,,0,-1.000000000,,0,0,0.000000000,0.000000000,0,-1.000000000,0,,0,-1.000000000,,0,-1.000000000,0,,1,-0.030380821,-1.740692813,-0.021978378,-0.036629677,1,3.141543627,179.997190971,-0.002442360,-2.769229889,1,-2.873217821,-164.623254772,-0.002442360,2.632478714,1,0.003242493,0.185781145,-0.021978378,0.407814026,1,-0.032404900,-1.856663982,0.012210846,-0.003663063,-0.030762291,-1.762549419,0.000000000,-0.000000000,8.000000000,3.500000000,3.163287401,181.243017476,0.000000000,-2.804438829,2.000000000,0.500000000,-2.874362230,-164.688824588,0.000000000,2.659170151,1.000000000,0.500000000,0.000953674,0.054641513,0.000000000,0.414248645,0.500000000,0.200000003,-0.032404900,-1.856663982,0.000000000,-0.000039328,0.000000000,0.100000001
2026-07-05 14:53:49.662,1783234429.662393808,312.097639632,1,1,282.158239349,1,0.008146274,5,1,0.003746176,5,1,0,1,0,0,1,1,1,1,1,0,-1.000000000,0.000000000,0.000000000,0.000000000,0,-1.000000000,0,0,0,,0,-1.000000000,,0,0,0.000000000,0.000000000,0,-1.000000000,0,,0,-1.000000000,,0,-1.000000000,0,,1,-0.030380821,-1.740692813,-0.007326126,-0.036629677,1,3.141543627,179.997190971,-0.002442360,-2.769229889,1,-2.873217821,-164.623254772,-0.002442360,2.646154404,1,0.003242493,0.185781145,0.007326126,0.407814026,1,-0.032404900,-1.856663982,-0.012210846,-0.003663063,-0.030762291,-1.762549419,0.000000000,-0.000000000,8.000000000,3.500000000,3.163287401,181.243017476,0.000000000,-2.804438829,2.000000000,0.500000000,-2.874362230,-164.688824588,0.000000000,2.659170151,1.000000000,0.500000000,0.000953674,0.054641513,0.000000000,0.414248645,0.500000000,0.200000003,-0.032404900,-1.856663982,0.000000000,-0.000039328,0.000000000,0.100000001
2026-07-05 14:53:50.662,1783234430.662334681,313.097580449,1,1,283.158180166,1,0.008033245,5,1,0.003779496,5,1,0,1,0,0,1,1,1,1,1,0,-1.000000000,0.000000000,0.000000000,0.000000000,0,-1.000000000,0,0,0,,0,-1.000000000,,0,0,0.000000000,0.000000000,0,-1.000000000,0,,0,-1.000000000,,0,-1.000000000,0,,1,-0.030380821,-1.740692813,-0.007326126,-0.031745911,1,3.141543627,179.997190971,-0.002442360,-2.769229889,1,-2.873217821,-164.623254772,-0.002442360,2.646154404,1,0.003242493,0.185781145,-0.007326126,0.407814026,1,-0.032404900,-1.856663982,-0.012210846,-0.003663063,-0.030762291,-1.762549419,0.000000000,-0.000000000,8.000000000,3.500000000,3.163287401,181.243017476,0.000000000,-2.804438829,2.000000000,0.500000000,-2.874362230,-164.688824588,0.000000000,2.659170151,1.000000000,0.500000000,0.000953674,0.054641513,0.000000000,0.414248645,0.500000000,0.200000003,-0.032404900,-1.856663982,0.000000000,-0.000039328,0.000000000,0.100000001
2026-07-05 14:53:51.662,1783234431.662259102,314.097504810,1,1,284.158104527,1,0.008388054,5,1,0.003949500,5,1,0,1,0,0,1,1,1,1,1,0,-1.000000000,0.000000000,0.000000000,0.000000000,0,-1.000000000,0,0,0,,0,-1.000000000,,0,0,0.000000000,0.000000000,0,-1.000000000,0,,0,-1.000000000,,0,-1.000000000,0,,1,-0.030380821,-1.740692813,-0.021978378,-0.036629677,1,3.141543627,179.997190971,-0.002442360,-2.782905579,1,-2.872836351,-164.601398167,-0.002442360,2.646154404,1,0.003242493,0.185781145,-0.007326126,0.407814026,1,-0.032404900,-1.856663982,-0.012210846,-0.003663063,-0.030762291,-1.762549419,0.000000000,-0.000000000,8.000000000,3.500000000,3.163287401,181.243017476,0.000000000,-2.804438829,2.000000000,0.500000000,-2.874362230,-164.688824588,0.000000000,2.659170151,1.000000000,0.500000000,0.000953674,0.054641513,0.000000000,0.414248645,0.500000000,0.200000003,-0.032404900,-1.856663982,0.000000000,-0.000039328,0.000000000,0.100000001
2026-07-05 14:53:52.662,1783234432.662044048,315.097289921,1,1,285.157889638,1,0.008174582,5,1,0.003748380,5,1,0,1,0,0,1,1,1,1,1,0,-1.000000000,0.000000000,0.000000000,0.000000000,0,-1.000000000,0,0,0,,0,-1.000000000,,0,0,0.000000000,0.000000000,0,-1.000000000,0,,0,-1.000000000,,0,-1.000000000,0,,1,-0.030380821,-1.740692813,-0.007326126,-0.036629677,1,3.141543627,179.997190971,-0.002442360,-2.782905579,1,-2.873217821,-164.623254772,-0.002442360,2.646154404,1,0.003242493,0.185781145,-0.007326126,0.407814026,1,-0.032404900,-1.856663982,-0.012210846,-0.003663063,-0.030762291,-1.762549419,0.000000000,-0.000000000,8.000000000,3.500000000,3.163287401,181.243017476,0.000000000,-2.804438829,2.000000000,0.500000000,-2.874362230,-164.688824588,0.000000000,2.659170151,1.000000000,0.500000000,0.000953674,0.054641513,0.000000000,0.414248645,0.500000000,0.200000003,-0.032404900,-1.856663982,0.000000000,-0.000039328,0.000000000,0.100000001
2026-07-05 14:53:53.662,1783234433.661969185,316.097214880,1,1,286.157814597,1,0.008089932,5,1,0.003567056,5,1,0,1,0,0,1,1,1,1,1,0,-1.000000000,0.000000000,0.000000000,0.000000000,0,-1.000000000,0,0,0,,0,-1.000000000,,0,0,0.000000000,0.000000000,0,-1.000000000,0,,0,-1.000000000,,0,-1.000000000,0,,1,-0.030380821,-1.740692813,-0.007326126,-0.031745911,1,3.141543627,179.997190971,-0.002442360,-2.782905579,1,-2.873217821,-164.623254772,-0.002442360,2.632478714,1,0.003242493,0.185781145,-0.021978378,0.407814026,1,-0.032404900,-1.856663982,-0.036628723,-0.003663063,-0.030762291,-1.762549419,0.000000000,-0.000000000,8.000000000,3.500000000,3.163287401,181.243017476,0.000000000,-2.804438829,2.000000000,0.500000000,-2.874362230,-164.688824588,0.000000000,2.659170151,1.000000000,0.500000000,0.000953674,0.054641513,0.000000000,0.414248645,0.500000000,0.200000003,-0.032404900,-1.856663982,0.000000000,-0.000039328,0.000000000,0.100000001
2026-07-05 14:53:54.661,1783234434.661850929,317.097096694,1,1,287.157696411,1,0.008130443,5,1,0.003784004,5,1,0,1,0,0,1,1,1,1,1,0,-1.000000000,0.000000000,0.000000000,0.000000000,0,-1.000000000,0,0,0,,0,-1.000000000,,0,0,0.000000000,0.000000000,0,-1.000000000,0,,0,-1.000000000,,0,-1.000000000,0,,1,-0.030380821,-1.740692813,-0.007326126,-0.036629677,1,3.141543627,179.997190971,-0.002442360,-2.782905579,1,-2.873217821,-164.623254772,-0.002442360,2.646154404,1,0.003242493,0.185781145,-0.007326126,0.407814026,1,-0.032404900,-1.856663982,-0.012210846,-0.003663063,-0.030762291,-1.762549419,0.000000000,-0.000000000,8.000000000,3.500000000,3.163287401,181.243017476,0.000000000,-2.804438829,2.000000000,0.500000000,-2.874362230,-164.688824588,0.000000000,2.659170151,1.000000000,0.500000000,0.000953674,0.054641513,0.000000000,0.414248645,0.500000000,0.200000003,-0.032404900,-1.856663982,0.000000000,-0.000039328,0.000000000,0.100000001
2026-07-05 14:53:55.661,1783234435.661770582,318.097016118,1,1,288.157615835,1,0.008368760,5,1,0.003775651,5,1,0,1,0,0,1,1,1,1,1,0,-1.000000000,0.000000000,0.000000000,0.000000000,0,-1.000000000,0,0,0,,0,-1.000000000,,0,0,0.000000000,0.000000000,0,-1.000000000,0,,0,-1.000000000,,0,-1.000000000,0,,1,-0.030380821,-1.740692813,-0.007326126,-0.031745911,1,3.141543627,179.997190971,-0.002442360,-2.769229889,1,-2.873217821,-164.623254772,-0.002442360,2.632478714,1,0.003242493,0.185781145,-0.007326126,0.407814026,1,-0.032404900,-1.856663982,-0.012210846,-0.003663063,-0.030762291,-1.762549419,0.000000000,-0.000000000,8.000000000,3.500000000,3.163287401,181.243017476,0.000000000,-2.804438829,2.000000000,0.500000000,-2.874362230,-164.688824588,0.000000000,2.659170151,1.000000000,0.500000000,0.000953674,0.054641513,0.000000000,0.414248645,0.500000000,0.200000003,-0.032404900,-1.856663982,0.000000000,-0.000039328,0.000000000,0.100000001
2026-07-05 14:53:56.662,1783234436.661967754,319.097213654,1,1,289.157813371,1,0.008429644,5,1,0.002128177,5,1,0,1,0,0,1,1,1,1,1,0,-1.000000000,0.000000000,0.000000000,0.000000000,0,-1.000000000,0,0,0,,0,-1.000000000,,0,0,0.000000000,0.000000000,0,-1.000000000,0,,0,-1.000000000,,0,-1.000000000,0,,1,-0.030380821,-1.740692813,-0.007326126,-0.036629677,1,3.141543627,179.997190971,-0.002442360,-2.782905579,1,-2.873217821,-164.623254772,-0.007326126,2.632478714,1,0.003242493,0.185781145,-0.007326126,0.407814026,1,-0.032404900,-1.856663982,-0.012210846,-0.003663063,-0.030762291,-1.762549419,0.000000000,-0.000000000,8.000000000,3.500000000,3.163287401,181.243017476,0.000000000,-2.804438829,2.000000000,0.500000000,-2.874362230,-164.688824588,0.000000000,2.659170151,1.000000000,0.500000000,0.000953674,0.054641513,0.000000000,0.414248645,0.500000000,0.200000003,-0.032404900,-1.856663982,0.000000000,-0.000039328,0.000000000,0.100000001
2026-07-05 14:53:57.661,1783234437.661734343,320.096980044,1,1,290.157579761,1,0.008481310,5,1,0.003721916,5,1,0,1,0,0,1,1,1,1,1,0,-1.000000000,0.000000000,0.000000000,0.000000000,0,-1.000000000,0,0,0,,0,-1.000000000,,0,0,0.000000000,0.000000000,0,-1.000000000,0,,0,-1.000000000,,0,-1.000000000,0,,1,-0.030380821,-1.740692813,0.007326126,-0.031745911,1,3.141543627,179.997190971,-0.002442360,-2.782905579,1,-2.873217821,-164.623254772,-0.002442360,2.632478714,1,0.003242493,0.185781145,-0.007326126,0.407814026,1,-0.032404900,-1.856663982,0.012210846,-0.003663063,-0.030762291,-1.762549419,0.000000000,-0.000000000,8.000000000,3.500000000,3.163287401,181.243017476,0.000000000,-2.804438829,2.000000000,0.500000000,-2.874362230,-164.688824588,0.000000000,2.659170151,1.000000000,0.500000000,0.000953674,0.054641513,0.000000000,0.414248645,0.500000000,0.200000003,-0.032404900,-1.856663982,0.000000000,-0.000039328,0.000000000,0.100000001
2026-07-05 14:53:58.661,1783234438.661575317,321.096821052,1,1,291.157420769,1,0.008305597,5,1,0.003663594,5,1,0,1,0,0,1,1,1,1,1,0,-1.000000000,0.000000000,0.000000000,0.000000000,0,-1.000000000,0,0,0,,0,-1.000000000,,0,0,0.000000000,0.000000000,0,-1.000000000,0,,0,-1.000000000,,0,-1.000000000,0,,1,-0.030380821,-1.740692813,-0.007326126,-0.036629677,1,3.141543627,179.997190971,-0.002442360,-2.769229889,1,-2.873217821,-164.623254772,-0.002442360,2.632478714,1,0.003242493,0.185781145,-0.021978378,0.407814026,1,-0.032404900,-1.856663982,-0.012210846,-0.003663063,-0.030762291,-1.762549419,0.000000000,-0.000000000,8.000000000,3.500000000,3.163287401,181.243017476,0.000000000,-2.804438829,2.000000000,0.500000000,-2.874362230,-164.688824588,0.000000000,2.659170151,1.000000000,0.500000000,0.000953674,0.054641513,0.000000000,0.414248645,0.500000000,0.200000003,-0.032404900,-1.856663982,0.000000000,-0.000039328,0.000000000,0.100000001
2026-07-05 14:53:59.661,1783234439.661660433,322.096906148,1,1,292.157505865,1,0.008042157,5,1,0.003780619,5,1,0,1,0,0,1,1,1,1,1,0,-1.000000000,0.000000000,0.000000000,0.000000000,0,-1.000000000,0,0,0,,0,-1.000000000,,0,0,0.000000000,0.000000000,0,-1.000000000,0,,0,-1.000000000,,0,-1.000000000,0,,1,-0.030380821,-1.740692813,-0.007326126,-0.036629677,1,3.141543627,179.997190971,-0.002442360,-2.782905579,1,-2.873217821,-164.623254772,-0.002442360,2.646154404,1,0.003242493,0.185781145,0.007326126,0.407814026,1,-0.032404900,-1.856663982,-0.036628723,-0.003663063,-0.030762291,-1.762549419,0.000000000,-0.000000000,8.000000000,3.500000000,3.163287401,181.243017476,0.000000000,-2.804438829,2.000000000,0.500000000,-2.874362230,-164.688824588,0.000000000,2.659170151,1.000000000,0.500000000,0.000953674,0.054641513,0.000000000,0.414248645,0.500000000,0.200000003,-0.032404900,-1.856663982,0.000000000,-0.000039328,0.000000000,0.100000001
2026-07-05 14:54:00.661,1783234440.661557913,323.096803643,1,1,293.157403360,1,0.008410063,5,1,0.003588953,5,1,0,1,0,0,1,1,1,1,1,0,-1.000000000,0.000000000,0.000000000,0.000000000,0,-1.000000000,0,0,0,,0,-1.000000000,,0,0,0.000000000,0.000000000,0,-1.000000000,0,,0,-1.000000000,,0,-1.000000000,0,,1,-0.030380821,-1.740692813,-0.007326126,-0.036629677,1,3.141543627,179.997190971,-0.002442360,-2.769229889,1,-2.873217821,-164.623254772,-0.002442360,2.632478714,1,0.003242493,0.185781145,-0.007326126,0.407814026,1,-0.032404900,-1.856663982,0.012210846,-0.003663063,-0.030762291,-1.762549419,0.000000000,-0.000000000,8.000000000,3.500000000,3.163287401,181.243017476,0.000000000,-2.804438829,2.000000000,0.500000000,-2.874362230,-164.688824588,0.000000000,2.659170151,1.000000000,0.500000000,0.000953674,0.054641513,0.000000000,0.414248645,0.500000000,0.200000003,-0.032404900,-1.856663982,0.000000000,-0.000039328,0.000000000,0.100000001
2026-07-05 14:54:01.661,1783234441.661566019,324.096811759,1,1,294.157411476,1,0.008654567,5,1,0.003660361,5,1,0,1,0,0,1,1,1,1,1,0,-1.000000000,0.000000000,0.000000000,0.000000000,0,-1.000000000,0,0,0,,0,-1.000000000,,0,0,0.000000000,0.000000000,0,-1.000000000,0,,0,-1.000000000,,0,-1.000000000,0,,1,-0.030380821,-1.740692813,-0.007326126,-0.036629677,1,3.141543627,179.997190971,-0.002442360,-2.782905579,1,-2.873217821,-164.623254772,-0.002442360,2.646154404,1,0.003242493,0.185781145,-0.007326126,0.407814026,1,-0.032404900,-1.856663982,-0.012210846,-0.003663063,-0.030762291,-1.762549419,0.000000000,-0.000000000,8.000000000,3.500000000,3.163287401,181.243017476,0.000000000,-2.804438829,2.000000000,0.500000000,-2.874362230,-164.688824588,0.000000000,2.659170151,1.000000000,0.500000000,0.000953674,0.054641513,0.000000000,0.414248645,0.500000000,0.200000003,-0.032404900,-1.856663982,0.000000000,-0.000039328,0.000000000,0.100000001
2026-07-05 14:54:02.661,1783234442.661487341,325.096733096,1,1,295.157332813,1,0.008119394,5,1,0.003665958,5,1,0,1,0,0,1,1,1,1,1,0,-1.000000000,0.000000000,0.000000000,0.000000000,0,-1.000000000,0,0,0,,0,-1.000000000,,0,0,0.000000000,0.000000000,0,-1.000000000,0,,0,-1.000000000,,0,-1.000000000,0,,1,-0.030380821,-1.740692813,-0.007326126,-0.036629677,1,3.141543627,179.997190971,-0.002442360,-2.769229889,1,-2.873217821,-164.623254772,-0.002442360,2.646154404,1,0.003242493,0.185781145,-0.007326126,0.407814026,1,-0.032404900,-1.856663982,-0.012210846,-0.003663063,-0.030762291,-1.762549419,0.000000000,-0.000000000,8.000000000,3.500000000,3.163287401,181.243017476,0.000000000,-2.804438829,2.000000000,0.500000000,-2.874362230,-164.688824588,0.000000000,2.659170151,1.000000000,0.500000000,0.000953674,0.054641513,0.000000000,0.414248645,0.500000000,0.200000003,-0.032404900,-1.856663982,0.000000000,-0.000039328,0.000000000,0.100000001
2026-07-05 14:54:03.661,1783234443.661569357,326.096814869,1,1,296.157414586,1,0.008394593,5,1,0.003942369,5,1,0,1,0,0,1,1,1,1,1,0,-1.000000000,0.000000000,0.000000000,0.000000000,0,-1.000000000,0,0,0,,0,-1.000000000,,0,0,0.000000000,0.000000000,0,-1.000000000,0,,0,-1.000000000,,0,-1.000000000,0,,1,-0.030380821,-1.740692813,-0.007326126,-0.036629677,1,3.141543627,179.997190971,0.002442360,-2.782905579,1,-2.873217821,-164.623254772,-0.007326126,2.632478714,1,0.003242493,0.185781145,-0.021978378,0.407814026,1,-0.032404900,-1.856663982,-0.012210846,-0.003663063,-0.030762291,-1.762549419,0.000000000,-0.000000000,8.000000000,3.500000000,3.163287401,181.243017476,0.000000000,-2.804438829,2.000000000,0.500000000,-2.874362230,-164.688824588,0.000000000,2.659170151,1.000000000,0.500000000,0.000953674,0.054641513,0.000000000,0.414248645,0.500000000,0.200000003,-0.032404900,-1.856663982,0.000000000,-0.000039328,0.000000000,0.100000001
2026-07-05 14:54:04.661,1783234444.661434174,327.096679700,1,1,297.157279417,1,0.008319089,5,1,0.003720955,5,1,0,1,0,0,1,1,1,1,1,0,-1.000000000,0.000000000,0.000000000,0.000000000,0,-1.000000000,0,0,0,,0,-1.000000000,,0,0,0.000000000,0.000000000,0,-1.000000000,0,,0,-1.000000000,,0,-1.000000000,0,,1,-0.030380821,-1.740692813,-0.007326126,-0.031745911,1,3.141543627,179.997190971,-0.002442360,-2.769229889,1,-2.872836351,-164.601398167,0.002442360,2.632478714,1,0.003242493,0.185781145,-0.007326126,0.407814026,1,-0.032404900,-1.856663982,0.012210846,-0.003663063,-0.030762291,-1.762549419,0.000000000,-0.000000000,8.000000000,3.500000000,3.163287401,181.243017476,0.000000000,-2.804438829,2.000000000,0.500000000,-2.874362230,-164.688824588,0.000000000,2.659170151,1.000000000,0.500000000,0.000953674,0.054641513,0.000000000,0.414248645,0.500000000,0.200000003,-0.032404900,-1.856663982,0.000000000,-0.000039328,0.000000000,0.100000001
2026-07-05 14:54:05.661,1783234445.661419630,328.096665185,1,1,298.157264902,1,0.008378377,5,1,0.003649024,5,1,0,1,0,0,1,1,1,1,1,0,-1.000000000,0.000000000,0.000000000,0.000000000,0,-1.000000000,0,0,0,,0,-1.000000000,,0,0,0.000000000,0.000000000,0,-1.000000000,0,,0,-1.000000000,,0,-1.000000000,0,,1,-0.030380821,-1.740692813,-0.021978378,-0.041514397,1,3.141543627,179.997190971,-0.007326126,-2.782905579,1,-2.873217821,-164.623254772,-0.002442360,2.632478714,1,0.003242493,0.185781145,-0.007326126,0.407814026,1,-0.032404900,-1.856663982,-0.012210846,-0.003663063,-0.030762291,-1.762549419,0.000000000,-0.000000000,8.000000000,3.500000000,3.163287401,181.243017476,0.000000000,-2.804438829,2.000000000,0.500000000,-2.874362230,-164.688824588,0.000000000,2.659170151,1.000000000,0.500000000,0.000953674,0.054641513,0.000000000,0.414248645,0.500000000,0.200000003,-0.032404900,-1.856663982,0.000000000,-0.000039328,0.000000000,0.100000001
2026-07-05 14:54:06.661,1783234446.661409140,329.096654730,1,1,299.157254447,1,0.008445293,5,1,0.003758872,5,1,0,1,0,0,1,1,1,1,1,0,-1.000000000,0.000000000,0.000000000,0.000000000,0,-1.000000000,0,0,0,,0,-1.000000000,,0,0,0.000000000,0.000000000,0,-1.000000000,0,,0,-1.000000000,,0,-1.000000000,0,,1,-0.030380821,-1.740692813,-0.007326126,-0.036629677,1,3.141543627,179.997190971,-0.002442360,-2.769229889,1,-2.873217821,-164.623254772,-0.002442360,2.632478714,1,0.003242493,0.185781145,-0.007326126,0.407814026,1,-0.032404900,-1.856663982,0.012210846,-0.003663063,-0.030762291,-1.762549419,0.000000000,-0.000000000,8.000000000,3.500000000,3.163287401,181.243017476,0.000000000,-2.804438829,2.000000000,0.500000000,-2.874362230,-164.688824588,0.000000000,2.659170151,1.000000000,0.500000000,0.000953674,0.054641513,0.000000000,0.414248645,0.500000000,0.200000003,-0.032404900,-1.856663982,0.000000000,-0.000039328,0.000000000,0.100000001
2026-07-05 14:54:07.661,1783234447.661156893,330.096402629,1,1,300.157002346,1,0.008346610,5,1,0.003714867,5,1,0,1,0,0,1,1,1,1,1,0,-1.000000000,0.000000000,0.000000000,0.000000000,0,-1.000000000,0,0,0,,0,-1.000000000,,0,0,0.000000000,0.000000000,0,-1.000000000,0,,0,-1.000000000,,0,-1.000000000,0,,1,-0.030380821,-1.740692813,0.007326126,-0.031745911,1,3.141543627,179.997190971,-0.002442360,-2.782905579,1,-2.873217821,-164.623254772,-0.002442360,2.632478714,1,0.003242493,0.185781145,-0.007326126,0.407814026,1,-0.032404900,-1.856663982,-0.012210846,-0.003663063,-0.030762291,-1.762549419,0.000000000,-0.000000000,8.000000000,3.500000000,3.163287401,181.243017476,0.000000000,-2.804438829,2.000000000,0.500000000,-2.874362230,-164.688824588,0.000000000,2.659170151,1.000000000,0.500000000,0.000953674,0.054641513,0.000000000,0.414248645,0.500000000,0.200000003,-0.032404900,-1.856663982,0.000000000,-0.000039328,0.000000000,0.100000001
2026-07-05 14:54:08.659,1783234448.659607887,331.094853560,1,1,301.155453277,1,0.008248473,5,1,0.003708024,5,1,0,1,0,0,1,1,1,1,1,0,-1.000000000,0.000000000,0.000000000,0.000000000,0,-1.000000000,0,0,0,,0,-1.000000000,,0,0,0.000000000,0.000000000,0,-1.000000000,0,,0,-1.000000000,,0,-1.000000000,0,,1,-0.030762291,-1.762549419,-0.021978378,-0.036629677,1,3.141543627,179.997190971,-0.002442360,-2.769229889,1,-2.873217821,-164.623254772,-0.002442360,2.646154404,1,0.003242493,0.185781145,0.007326126,0.407814026,1,-0.032404900,-1.856663982,-0.012210846,-0.003663063,-0.030762291,-1.762549419,0.000000000,-0.000000000,8.000000000,3.500000000,3.163287401,181.243017476,0.000000000,-2.804438829,2.000000000,0.500000000,-2.874362230,-164.688824588,0.000000000,2.659170151,1.000000000,0.500000000,0.000953674,0.054641513,0.000000000,0.414248645,0.500000000,0.200000003,-0.032404900,-1.856663982,0.000000000,-0.000039328,0.000000000,0.100000001
2026-07-05 14:54:09.657,1783234449.657314539,332.092560199,1,1,302.153159916,1,0.008052212,5,1,0.003869526,5,1,0,1,0,0,1,1,1,1,1,0,-1.000000000,0.000000000,0.000000000,0.000000000,0,-1.000000000,0,0,0,,0,-1.000000000,,0,0,0.000000000,0.000000000,0,-1.000000000,0,,0,-1.000000000,,0,-1.000000000,0,,1,-0.030380821,-1.740692813,-0.021978378,-0.041514397,1,3.141543627,179.997190971,-0.002442360,-2.769229889,1,-2.873217821,-164.623254772,-0.002442360,2.632478714,1,0.003242493,0.185781145,-0.007326126,0.407814026,1,-0.032404900,-1.856663982,-0.012210846,-0.003663063,-0.030762291,-1.762549419,0.000000000,-0.000000000,8.000000000,3.500000000,3.163287401,181.243017476,0.000000000,-2.804438829,2.000000000,0.500000000,-2.874362230,-164.688824588,0.000000000,2.659170151,1.000000000,0.500000000,0.000953674,0.054641513,0.000000000,0.414248645,0.500000000,0.200000003,-0.032404900,-1.856663982,0.000000000,-0.000039328,0.000000000,0.100000001
2026-07-05 14:54:10.655,1783234450.655342579,333.090588357,1,1,303.151188074,1,0.008369464,5,1,0.003700701,5,1,0,1,0,0,1,1,1,1,1,0,-1.000000000,0.000000000,0.000000000,0.000000000,0,-1.000000000,0,0,0,,0,-1.000000000,,0,0,0.000000000,0.000000000,0,-1.000000000,0,,0,-1.000000000,,0,-1.000000000,0,,1,-0.030380821,-1.740692813,-0.007326126,-0.031745911,1,3.141543627,179.997190971,-0.002442360,-2.769229889,1,-2.873217821,-164.623254772,-0.002442360,2.632478714,1,0.003242493,0.185781145,-0.007326126,0.407814026,1,-0.032404900,-1.856663982,-0.012210846,-0.003663063,-0.030762291,-1.762549419,0.000000000,-0.000000000,8.000000000,3.500000000,3.163287401,181.243017476,0.000000000,-2.804438829,2.000000000,0.500000000,-2.874362230,-164.688824588,0.000000000,2.659170151,1.000000000,0.500000000,0.000953674,0.054641513,0.000000000,0.414248645,0.500000000,0.200000003,-0.032404900,-1.856663982,0.000000000,-0.000039328,0.000000000,0.100000001
2026-07-05 14:54:11.653,1783234451.652960300,334.088206045,1,1,304.148805762,1,0.008215947,5,1,0.003738609,5,1,0,1,0,0,1,1,1,1,1,0,-1.000000000,0.000000000,0.000000000,0.000000000,0,-1.000000000,0,0,0,,0,-1.000000000,,0,0,0.000000000,0.000000000,0,-1.000000000,0,,0,-1.000000000,,0,-1.000000000,0,,1,-0.030380821,-1.740692813,-0.007326126,-0.031745911,1,3.141543627,179.997190971,-0.002442360,-2.769229889,1,-2.873217821,-164.623254772,-0.002442360,2.632478714,1,0.003242493,0.185781145,-0.021978378,0.407814026,1,-0.032404900,-1.856663982,-0.012210846,-0.003663063,-0.030762291,-1.762549419,0.000000000,-0.000000000,8.000000000,3.500000000,3.163287401,181.243017476,0.000000000,-2.804438829,2.000000000,0.500000000,-2.874362230,-164.688824588,0.000000000,2.659170151,1.000000000,0.500000000,0.000953674,0.054641513,0.000000000,0.414248645,0.500000000,0.200000003,-0.032404900,-1.856663982,0.000000000,-0.000039328,0.000000000,0.100000001
2026-07-05 14:54:12.651,1783234452.651165962,335.086411617,1,1,305.147011334,1,0.008305796,5,1,0.003911772,5,1,0,1,0,0,1,1,1,1,1,0,-1.000000000,0.000000000,0.000000000,0.000000000,0,-1.000000000,0,0,0,,0,-1.000000000,,0,0,0.000000000,0.000000000,0,-1.000000000,0,,0,-1.000000000,,0,-1.000000000,0,,1,-0.030380821,-1.740692813,0.007326126,-0.031745911,1,3.141543627,179.997190971,-0.002442360,-2.782905579,1,-2.872836351,-164.601398167,-0.007326126,2.632478714,1,0.003242493,0.185781145,0.007326126,0.407814026,1,-0.032404900,-1.856663982,-0.036628723,-0.003663063,-0.030762291,-1.762549419,0.000000000,-0.000000000,8.000000000,3.500000000,3.163287401,181.243017476,0.000000000,-2.804438829,2.000000000,0.500000000,-2.874362230,-164.688824588,0.000000000,2.659170151,1.000000000,0.500000000,0.000953674,0.054641513,0.000000000,0.414248645,0.500000000,0.200000003,-0.032404900,-1.856663982,0.000000000,-0.000039328,0.000000000,0.100000001
2026-07-05 14:54:13.649,1783234453.649203300,336.084448969,1,1,306.145048686,1,0.008281879,5,1,0.003767353,5,1,0,1,0,0,1,1,1,1,1,0,-1.000000000,0.000000000,0.000000000,0.000000000,0,-1.000000000,0,0,0,,0,-1.000000000,,0,0,0.000000000,0.000000000,0,-1.000000000,0,,0,-1.000000000,,0,-1.000000000,0,,1,-0.030380821,-1.740692813,-0.007326126,-0.031745911,1,3.141543627,179.997190971,-0.002442360,-2.782905579,1,-2.873217821,-164.623254772,-0.002442360,2.646154404,1,0.003242493,0.185781145,-0.007326126,0.407814026,1,-0.032404900,-1.856663982,-0.036628723,-0.003663063,-0.030762291,-1.762549419,0.000000000,-0.000000000,8.000000000,3.500000000,3.163287401,181.243017476,0.000000000,-2.804438829,2.000000000,0.500000000,-2.874362230,-164.688824588,0.000000000,2.659170151,1.000000000,0.500000000,0.000953674,0.054641513,0.000000000,0.414248645,0.500000000,0.200000003,-0.032404900,-1.856663982,0.000000000,-0.000039328,0.000000000,0.100000001
2026-07-05 14:54:14.647,1783234454.647575378,337.082821116,1,1,307.143420833,1,0.008120631,5,1,0.003777626,5,1,0,1,0,0,1,1,1,1,1,0,-1.000000000,0.000000000,0.000000000,0.000000000,0,-1.000000000,0,0,0,,0,-1.000000000,,0,0,0.000000000,0.000000000,0,-1.000000000,0,,0,-1.000000000,,0,-1.000000000,0,,1,-0.030380821,-1.740692813,-0.021978378,-0.036629677,1,3.141543627,179.997190971,-0.002442360,-2.769229889,1,-2.873217821,-164.623254772,-0.002442360,2.632478714,1,0.003242493,0.185781145,-0.007326126,0.407814026,1,-0.032404900,-1.856663982,-0.012210846,-0.003663063,-0.030762291,-1.762549419,0.000000000,-0.000000000,8.000000000,3.500000000,3.163287401,181.243017476,0.000000000,-2.804438829,2.000000000,0.500000000,-2.874362230,-164.688824588,0.000000000,2.659170151,1.000000000,0.500000000,0.000953674,0.054641513,0.000000000,0.414248645,0.500000000,0.200000003,-0.032404900,-1.856663982,0.000000000,-0.000039328,0.000000000,0.100000001
2026-07-05 14:54:15.645,1783234455.645826817,338.081072544,1,1,308.141672261,1,0.008441706,5,1,0.003818109,5,1,0,1,0,0,1,1,1,1,1,0,-1.000000000,0.000000000,0.000000000,0.000000000,0,-1.000000000,0,0,0,,0,-1.000000000,,0,0,0.000000000,0.000000000,0,-1.000000000,0,,0,-1.000000000,,0,-1.000000000,0,,1,-0.030380821,-1.740692813,0.007326126,-0.036629677,1,3.141543627,179.997190971,0.002442360,-2.782905579,1,-2.873217821,-164.623254772,-0.002442360,2.632478714,1,0.003242493,0.185781145,-0.007326126,0.407814026,1,-0.032404900,-1.856663982,-0.061050415,-0.003663063,-0.030762291,-1.762549419,0.000000000,-0.000000000,8.000000000,3.500000000,3.163287401,181.243017476,0.000000000,-2.804438829,2.000000000,0.500000000,-2.874362230,-164.688824588,0.000000000,2.659170151,1.000000000,0.500000000,0.000953674,0.054641513,0.000000000,0.414248645,0.500000000,0.200000003,-0.032404900,-1.856663982,0.000000000,-0.000039328,0.000000000,0.100000001
2026-07-05 14:54:16.644,1783234456.644376993,339.079622817,1,1,309.140222534,1,0.008130436,5,1,0.003796148,5,1,0,1,0,0,1,1,1,1,1,0,-1.000000000,0.000000000,0.000000000,0.000000000,0,-1.000000000,0,0,0,,0,-1.000000000,,0,0,0.000000000,0.000000000,0,-1.000000000,0,,0,-1.000000000,,0,-1.000000000,0,,1,-0.030380821,-1.740692813,-0.007326126,-0.036629677,1,3.141543627,179.997190971,-0.007326126,-2.782905579,1,-2.872836351,-164.601398167,-0.002442360,2.632478714,1,0.003242493,0.185781145,-0.021978378,0.407814026,1,-0.032404900,-1.856663982,-0.012210846,-0.003663063,-0.030762291,-1.762549419,0.000000000,-0.000000000,8.000000000,3.500000000,3.163287401,181.243017476,0.000000000,-2.804438829,2.000000000,0.500000000,-2.874362230,-164.688824588,0.000000000,2.659170151,1.000000000,0.500000000,0.000953674,0.054641513,0.000000000,0.414248645,0.500000000,0.200000003,-0.032404900,-1.856663982,0.000000000,-0.000039328,0.000000000,0.100000001
2026-07-05 14:54:17.643,1783234457.642997503,340.078243181,1,1,310.138842898,1,0.008282685,5,1,0.003632351,5,1,0,1,0,0,1,1,1,1,1,0,-1.000000000,0.000000000,0.000000000,0.000000000,0,-1.000000000,0,0,0,,0,-1.000000000,,0,0,0.000000000,0.000000000,0,-1.000000000,0,,0,-1.000000000,,0,-1.000000000,0,,1,-0.030380821,-1.740692813,-0.007326126,-0.036629677,1,3.141543627,179.997190971,-0.002442360,-2.782905579,1,-2.873217821,-164.623254772,-0.002442360,2.632478714,1,0.003242493,0.185781145,-0.007326126,0.407814026,1,-0.032404900,-1.856663982,0.036628723,-0.003663063,-0.030762291,-1.762549419,0.000000000,-0.000000000,8.000000000,3.500000000,3.163287401,181.243017476,0.000000000,-2.804438829,2.000000000,0.500000000,-2.874362230,-164.688824588,0.000000000,2.659170151,1.000000000,0.500000000,0.000953674,0.054641513,0.000000000,0.414248645,0.500000000,0.200000003,-0.032404900,-1.856663982,0.000000000,-0.000039328,0.000000000,0.100000001
2026-07-05 14:54:18.641,1783234458.641302109,341.076547606,1,1,311.137147323,1,0.008145567,5,1,0.003715374,5,1,0,1,0,0,1,1,1,1,1,0,-1.000000000,0.000000000,0.000000000,0.000000000,0,-1.000000000,0,0,0,,0,-1.000000000,,0,0,0.000000000,0.000000000,0,-1.000000000,0,,0,-1.000000000,,0,-1.000000000,0,,1,-0.030380821,-1.740692813,-0.007326126,-0.036629677,1,3.141543627,179.997190971,-0.007326126,-2.782905579,1,-2.873217821,-164.623254772,-0.002442360,2.632478714,1,0.003623962,0.207637751,0.007326126,0.407814026,1,-0.032404900,-1.856663982,0.012210846,-0.003663063,-0.030762291,-1.762549419,0.000000000,-0.000000000,8.000000000,3.500000000,3.163287401,181.243017476,0.000000000,-2.804438829,2.000000000,0.500000000,-2.874362230,-164.688824588,0.000000000,2.659170151,1.000000000,0.500000000,0.000953674,0.054641513,0.000000000,0.414248645,0.500000000,0.200000003,-0.032404900,-1.856663982,0.000000000,-0.000039328,0.000000000,0.100000001
2026-07-05 14:54:19.640,1783234459.640243769,342.075489429,1,1,312.136089146,1,0.008413080,5,1,0.004078049,5,1,0,1,0,0,1,1,1,1,1,0,-1.000000000,0.000000000,0.000000000,0.000000000,0,-1.000000000,0,0,0,,0,-1.000000000,,0,0,0.000000000,0.000000000,0,-1.000000000,0,,0,-1.000000000,,0,-1.000000000,0,,1,-0.030380821,-1.740692813,-0.007326126,-0.036629677,1,3.141543627,179.997190971,-0.007326126,-2.782905579,1,-2.873217821,-164.623254772,-0.002442360,2.632478714,1,0.003242493,0.185781145,-0.007326126,0.407814026,1,-0.032404900,-1.856663982,-0.036628723,-0.003663063,-0.030762291,-1.762549419,0.000000000,-0.000000000,8.000000000,3.500000000,3.163287401,181.243017476,0.000000000,-2.804438829,2.000000000,0.500000000,-2.874362230,-164.688824588,0.000000000,2.659170151,1.000000000,0.500000000,0.000953674,0.054641513,0.000000000,0.414248645,0.500000000,0.200000003,-0.032404900,-1.856663982,0.000000000,-0.000039328,0.000000000,0.100000001
2026-07-05 14:54:20.639,1783234460.638926029,343.074171822,1,1,313.134771539,1,0.008323952,5,1,0.003683745,5,1,0,1,0,0,1,1,1,1,1,0,-1.000000000,0.000000000,0.000000000,0.000000000,0,-1.000000000,0,0,0,,0,-1.000000000,,0,0,0.000000000,0.000000000,0,-1.000000000,0,,0,-1.000000000,,0,-1.000000000,0,,1,-0.030380821,-1.740692813,0.007326126,-0.031745911,1,3.141543627,179.997190971,0.002442360,-2.782905579,1,-2.873217821,-164.623254772,-0.007326126,2.632478714,1,0.003242493,0.185781145,-0.007326126,0.407814026,1,-0.032404900,-1.856663982,0.012210846,-0.003663063,-0.030762291,-1.762549419,0.000000000,-0.000000000,8.000000000,3.500000000,3.163287401,181.243017476,0.000000000,-2.804438829,2.000000000,0.500000000,-2.874362230,-164.688824588,0.000000000,2.659170151,1.000000000,0.500000000,0.000953674,0.054641513,0.000000000,0.414248645,0.500000000,0.200000003,-0.032404900,-1.856663982,0.000000000,-0.000039328,0.000000000,0.100000001
2026-07-05 14:54:21.637,1783234461.637615681,344.072861431,1,1,314.133461148,1,0.008292527,5,1,0.003739822,5,1,0,1,0,0,1,1,1,1,1,0,-1.000000000,0.000000000,0.000000000,0.000000000,0,-1.000000000,0,0,0,,0,-1.000000000,,0,0,0.000000000,0.000000000,0,-1.000000000,0,,0,-1.000000000,,0,-1.000000000,0,,1,-0.030380821,-1.740692813,-0.021978378,-0.026862144,1,3.141543627,179.997190971,0.002442360,-2.782905579,1,-2.873217821,-164.623254772,0.002442360,2.632478714,1,0.003242493,0.185781145,-0.021978378,0.407814026,1,-0.032404900,-1.856663982,-0.012210846,-0.003663063,-0.030762291,-1.762549419,0.000000000,-0.000000000,8.000000000,3.500000000,3.163287401,181.243017476,0.000000000,-2.804438829,2.000000000,0.500000000,-2.874362230,-164.688824588,0.000000000,2.659170151,1.000000000,0.500000000,0.000953674,0.054641513,0.000000000,0.414248645,0.500000000,0.200000003,-0.032404900,-1.856663982,0.000000000,-0.000039328,0.000000000,0.100000001
2026-07-05 14:54:22.636,1783234462.636379480,345.071625132,1,1,315.132224849,1,0.008363893,5,1,0.003548668,5,1,0,1,0,0,1,1,1,1,1,0,-1.000000000,0.000000000,0.000000000,0.000000000,0,-1.000000000,0,0,0,,0,-1.000000000,,0,0,0.000000000,0.000000000,0,-1.000000000,0,,0,-1.000000000,,0,-1.000000000,0,,1,-0.030380821,-1.740692813,-0.007326126,-0.031745911,1,3.141543627,179.997190971,-0.002442360,-2.769229889,1,-2.873217821,-164.623254772,-0.002442360,2.632478714,1,0.003623962,0.207637751,0.007326126,0.407814026,1,-0.032404900,-1.856663982,-0.036628723,-0.003663063,-0.030762291,-1.762549419,0.000000000,-0.000000000,8.000000000,3.500000000,3.163287401,181.243017476,0.000000000,-2.804438829,2.000000000,0.500000000,-2.874362230,-164.688824588,0.000000000,2.659170151,1.000000000,0.500000000,0.000953674,0.054641513,0.000000000,0.414248645,0.500000000,0.200000003,-0.032404900,-1.856663982,0.000000000,-0.000039328,0.000000000,0.100000001
2026-07-05 14:54:23.635,1783234463.635415792,346.070661434,1,1,316.131261151,1,0.008205106,5,1,0.003927767,5,1,0,1,0,0,1,1,1,1,1,0,-1.000000000,0.000000000,0.000000000,0.000000000,0,-1.000000000,0,0,0,,0,-1.000000000,,0,0,0.000000000,0.000000000,0,-1.000000000,0,,0,-1.000000000,,0,-1.000000000,0,,1,-0.030380821,-1.740692813,-0.021978378,-0.036629677,1,3.141543627,179.997190971,-0.002442360,-2.769229889,1,-2.873217821,-164.623254772,-0.002442360,2.646154404,1,0.003242493,0.185781145,-0.021978378,0.407814026,1,-0.032404900,-1.856663982,-0.012210846,-0.003663063,-0.030762291,-1.762549419,0.000000000,-0.000000000,8.000000000,3.500000000,3.163287401,181.243017476,0.000000000,-2.804438829,2.000000000,0.500000000,-2.874362230,-164.688824588,0.000000000,2.659170151,1.000000000,0.500000000,0.000953674,0.054641513,0.000000000,0.414248645,0.500000000,0.200000003,-0.032404900,-1.856663982,0.000000000,-0.000039328,0.000000000,0.100000001
2026-07-05 14:54:24.634,1783234464.634273529,347.069519323,1,1,317.130119040,1,0.007870886,5,1,0.003719267,5,1,0,1,0,0,1,1,1,1,1,0,-1.000000000,0.000000000,0.000000000,0.000000000,0,-1.000000000,0,0,0,,0,-1.000000000,,0,0,0.000000000,0.000000000,0,-1.000000000,0,,0,-1.000000000,,0,-1.000000000,0,,1,-0.030380821,-1.740692813,-0.021978378,-0.031745911,1,3.141543627,179.997190971,-0.002442360,-2.782905579,1,-2.873217821,-164.623254772,-0.002442360,2.646154404,1,0.003242493,0.185781145,0.007326126,0.407814026,1,-0.032404900,-1.856663982,-0.036628723,-0.003663063,-0.030762291,-1.762549419,0.000000000,-0.000000000,8.000000000,3.500000000,3.163287401,181.243017476,0.000000000,-2.804438829,2.000000000,0.500000000,-2.874362230,-164.688824588,0.000000000,2.659170151,1.000000000,0.500000000,0.000953674,0.054641513,0.000000000,0.414248645,0.500000000,0.200000003,-0.032404900,-1.856663982,0.000000000,-0.000039328,0.000000000,0.100000001
2026-07-05 14:54:25.633,1783234465.633269787,348.068515392,1,1,318.129115109,1,0.008225969,5,1,0.003861448,5,1,0,1,0,0,1,1,1,1,1,0,-1.000000000,0.000000000,0.000000000,0.000000000,0,-1.000000000,0,0,0,,0,-1.000000000,,0,0,0.000000000,0.000000000,0,-1.000000000,0,,0,-1.000000000,,0,-1.000000000,0,,1,-0.030380821,-1.740692813,-0.021978378,-0.036629677,1,3.141543627,179.997190971,-0.002442360,-2.769229889,1,-2.873217821,-164.623254772,-0.002442360,2.632478714,1,0.003242493,0.185781145,-0.007326126,0.407814026,1,-0.032404900,-1.856663982,-0.012210846,-0.003663063,-0.030762291,-1.762549419,0.000000000,-0.000000000,8.000000000,3.500000000,3.163287401,181.243017476,0.000000000,-2.804438829,2.000000000,0.500000000,-2.874362230,-164.688824588,0.000000000,2.659170151,1.000000000,0.500000000,0.000953674,0.054641513,0.000000000,0.414248645,0.500000000,0.200000003,-0.032404900,-1.856663982,0.000000000,-0.000039328,0.000000000,0.100000001
2026-07-05 14:54:26.632,1783234466.632391453,349.067637209,1,1,319.128236926,1,0.008461850,5,1,0.003733214,5,1,0,0,0,0,1,1,1,0,1,0,-1.000000000,0.000000000,0.000000000,0.000000000,0,-1.000000000,0,0,0,,0,-1.000000000,,0,0,0.000000000,0.000000000,0,-1.000000000,0,,0,-1.000000000,,0,-1.000000000,0,,1,-0.030380821,-1.740692813,-0.007326126,-0.031745911,1,3.141543627,179.997190971,-0.002442360,-2.769229889,1,-2.873217821,-164.623254772,-0.002442360,2.632478714,1,0.003242493,0.185781145,-0.007326126,0.402930260,1,-0.032404900,-1.856663982,-0.036628723,-0.003663063,-0.030762291,-1.762549419,0.000000000,-0.000000000,8.000000000,3.500000000,3.163287401,181.243017476,0.000000000,-2.804438829,2.000000000,0.500000000,-2.874362230,-164.688824588,0.000000000,2.659170151,1.000000000,0.500000000,0.000953674,0.054641513,0.000000000,0.414248645,0.500000000,0.200000003,-0.032404900,-1.856663982,0.000000000,-0.000039328,0.000000000,0.100000001
2026-07-05 14:54:27.631,1783234467.631698608,350.066944403,1,1,320.127544120,1,0.008254167,5,1,0.003911742,5,1,0,0,0,0,1,1,1,0,1,0,-1.000000000,0.000000000,0.000000000,0.000000000,0,-1.000000000,0,0,0,,0,-1.000000000,,0,0,0.000000000,0.000000000,0,-1.000000000,0,,0,-1.000000000,,0,-1.000000000,0,,1,-0.030380821,-1.740692813,-0.007326126,-0.031745911,1,3.141543627,179.997190971,-0.002442360,-2.769229889,1,-2.873217821,-164.623254772,0.002442360,2.632478714,1,0.003242493,0.185781145,-0.021978378,0.407814026,1,-0.032404900,-1.856663982,-0.012210846,-0.003663063,-0.030762291,-1.762549419,0.000000000,-0.000000000,8.000000000,3.500000000,3.163287401,181.243017476,0.000000000,-2.804438829,2.000000000,0.500000000,-2.874362230,-164.688824588,0.000000000,2.659170151,1.000000000,0.500000000,0.000953674,0.054641513,0.000000000,0.414248645,0.500000000,0.200000003,-0.032404900,-1.856663982,0.000000000,-0.000039328,0.000000000,0.100000001
2026-07-05 14:54:28.630,1783234468.630612850,351.065858354,1,1,321.126458071,1,0.007919112,5,1,0.003724462,5,1,0,0,0,0,1,1,1,0,1,0,-1.000000000,0.000000000,0.000000000,0.000000000,0,-1.000000000,0,0,0,,0,-1.000000000,,0,0,0.000000000,0.000000000,0,-1.000000000,0,,0,-1.000000000,,0,-1.000000000,0,,1,-0.030380821,-1.740692813,-0.021978378,-0.031745911,1,3.141543627,179.997190971,-0.002442360,-2.769229889,1,-2.873217821,-164.623254772,0.002442360,2.632478714,1,0.003242493,0.185781145,-0.007326126,0.407814026,1,-0.032404900,-1.856663982,0.012210846,-0.003663063,-0.030762291,-1.762549419,0.000000000,-0.000000000,8.000000000,3.500000000,3.163287401,181.243017476,0.000000000,-2.804438829,2.000000000,0.500000000,-2.874362230,-164.688824588,0.000000000,2.659170151,1.000000000,0.500000000,0.000953674,0.054641513,0.000000000,0.414248645,0.500000000,0.200000003,-0.032404900,-1.856663982,0.000000000,-0.000039328,0.000000000,0.100000001
2026-07-05 14:54:29.629,1783234469.629770041,352.065015778,1,1,322.125615495,1,0.008562532,5,1,0.003655601,5,1,0,0,0,0,1,1,1,0,1,0,-1.000000000,0.000000000,0.000000000,0.000000000,0,-1.000000000,0,0,0,,0,-1.000000000,,0,0,0.000000000,0.000000000,0,-1.000000000,0,,0,-1.000000000,,0,-1.000000000,0,,1,-0.030380821,-1.740692813,-0.007326126,-0.036629677,1,3.141543627,179.997190971,-0.002442360,-2.769229889,1,-2.872836351,-164.601398167,0.002442360,2.632478714,1,0.003242493,0.185781145,-0.007326126,0.407814026,1,-0.032404900,-1.856663982,-0.012210846,-0.003663063,-0.030762291,-1.762549419,0.000000000,-0.000000000,8.000000000,3.500000000,3.163287401,181.243017476,0.000000000,-2.804438829,2.000000000,0.500000000,-2.874362230,-164.688824588,0.000000000,2.659170151,1.000000000,0.500000000,0.000953674,0.054641513,0.000000000,0.414248645,0.500000000,0.200000003,-0.032404900,-1.856663982,0.000000000,-0.000039328,0.000000000,0.100000001
2026-07-05 14:54:30.629,1783234470.628986597,353.064232445,1,1,323.124832162,1,0.008161530,5,1,0.003666904,5,1,0,0,0,0,1,1,1,0,1,0,-1.000000000,0.000000000,0.000000000,0.000000000,0,-1.000000000,0,0,0,,0,-1.000000000,,0,0,0.000000000,0.000000000,0,-1.000000000,0,,0,-1.000000000,,0,-1.000000000,0,,1,-0.030380821,-1.740692813,-0.021978378,-0.036629677,1,3.141543627,179.997190971,-0.002442360,-2.769229889,1,-2.873217821,-164.623254772,-0.002442360,2.632478714,1,0.003623962,0.207637751,0.007326126,0.407814026,1,-0.032404900,-1.856663982,-0.012210846,-0.003663063,-0.030762291,-1.762549419,0.000000000,-0.000000000,8.000000000,3.500000000,3.163287401,181.243017476,0.000000000,-2.804438829,2.000000000,0.500000000,-2.874362230,-164.688824588,0.000000000,2.659170151,1.000000000,0.500000000,0.000953674,0.054641513,0.000000000,0.414248645,0.500000000,0.200000003,-0.032404900,-1.856663982,0.000000000,-0.000039328,0.000000000,0.100000001
2026-07-05 14:54:31.628,1783234471.628286839,354.063532447,1,1,324.124132164,1,0.008279662,5,1,0.003749009,5,1,0,0,0,0,1,1,1,0,1,0,-1.000000000,0.000000000,0.000000000,0.000000000,0,-1.000000000,0,0,0,,0,-1.000000000,,0,0,0.000000000,0.000000000,0,-1.000000000,0,,0,-1.000000000,,0,-1.000000000,0,,1,-0.030380821,-1.740692813,-0.007326126,-0.036629677,1,3.141543627,179.997190971,-0.002442360,-2.782905579,1,-2.873217821,-164.623254772,-0.002442360,2.632478714,1,0.003242493,0.185781145,0.007326126,0.407814026,1,-0.032404900,-1.856663982,0.012210846,-0.003663063,-0.030762291,-1.762549419,0.000000000,-0.000000000,8.000000000,3.500000000,3.163287401,181.243017476,0.000000000,-2.804438829,2.000000000,0.500000000,-2.874362230,-164.688824588,0.000000000,2.659170151,1.000000000,0.500000000,0.000953674,0.054641513,0.000000000,0.414248645,0.500000000,0.200000003,-0.032404900,-1.856663982,0.000000000,-0.000039328,0.000000000,0.100000001
2026-07-05 14:54:32.627,1783234472.627616405,355.062862297,1,1,325.123462014,1,0.008288039,5,1,0.003778396,5,1,0,0,0,0,1,1,1,0,1,0,-1.000000000,0.000000000,0.000000000,0.000000000,0,-1.000000000,0,0,0,,0,-1.000000000,,0,0,0.000000000,0.000000000,0,-1.000000000,0,,0,-1.000000000,,0,-1.000000000,0,,1,-0.030380821,-1.740692813,-0.007326126,-0.031745911,1,3.141543627,179.997190971,-0.002442360,-2.769229889,1,-2.873217821,-164.623254772,-0.002442360,2.632478714,1,0.003242493,0.185781145,-0.007326126,0.407814026,1,-0.032404900,-1.856663982,-0.012210846,-0.003663063,-0.030762291,-1.762549419,0.000000000,-0.000000000,8.000000000,3.500000000,3.163287401,181.243017476,0.000000000,-2.804438829,2.000000000,0.500000000,-2.874362230,-164.688824588,0.000000000,2.659170151,1.000000000,0.500000000,0.000953674,0.054641513,0.000000000,0.414248645,0.500000000,0.200000003,-0.032404900,-1.856663982,0.000000000,-0.000039328,0.000000000,0.100000001
2026-07-05 14:54:33.626,1783234473.626793146,356.062038829,1,1,326.122638546,1,0.008180261,5,1,0.003730105,5,1,0,0,0,0,1,1,1,0,1,0,-1.000000000,0.000000000,0.000000000,0.000000000,0,-1.000000000,0,0,0,,0,-1.000000000,,0,0,0.000000000,0.000000000,0,-1.000000000,0,,0,-1.000000000,,0,-1.000000000,0,,1,-0.030380821,-1.740692813,-0.007326126,-0.031745911,1,3.141543627,179.997190971,-0.002442360,-2.769229889,1,-2.873217821,-164.623254772,-0.002442360,2.646154404,1,0.003242493,0.185781145,0.021978378,0.407814026,1,-0.032404900,-1.856663982,-0.012210846,-0.003663063,-0.030762291,-1.762549419,0.000000000,-0.000000000,8.000000000,3.500000000,3.163287401,181.243017476,0.000000000,-2.804438829,2.000000000,0.500000000,-2.874362230,-164.688824588,0.000000000,2.659170151,1.000000000,0.500000000,0.000953674,0.054641513,0.000000000,0.414248645,0.500000000,0.200000003,-0.032404900,-1.856663982,0.000000000,-0.000039328,0.000000000,0.100000001
2026-07-05 14:54:34.626,1783234474.626236200,357.061481984,1,1,327.122081701,1,0.008311323,5,1,0.003741529,5,1,0,0,0,0,1,1,1,0,1,0,-1.000000000,0.000000000,0.000000000,0.000000000,0,-1.000000000,0,0,0,,0,-1.000000000,,0,0,0.000000000,0.000000000,0,-1.000000000,0,,0,-1.000000000,,0,-1.000000000,0,,1,-0.030380821,-1.740692813,-0.007326126,-0.036629677,1,3.141543627,179.997190971,-0.002442360,-2.769229889,1,-2.873217821,-164.623254772,-0.002442360,2.632478714,1,0.003242493,0.185781145,0.007326126,0.407814026,1,-0.032404900,-1.856663982,0.012210846,-0.003663063,-0.030762291,-1.762549419,0.000000000,-0.000000000,8.000000000,3.500000000,3.163287401,181.243017476,0.000000000,-2.804438829,2.000000000,0.500000000,-2.874362230,-164.688824588,0.000000000,2.659170151,1.000000000,0.500000000,0.000953674,0.054641513,0.000000000,0.414248645,0.500000000,0.200000003,-0.032404900,-1.856663982,0.000000000,-0.000039328,0.000000000,0.100000001
2026-07-05 14:54:35.625,1783234475.625451326,358.060697040,1,1,328.121296757,1,0.008263789,5,1,0.003813504,5,1,0,0,0,0,1,1,1,0,1,0,-1.000000000,0.000000000,0.000000000,0.000000000,0,-1.000000000,0,0,0,,0,-1.000000000,,0,0,0.000000000,0.000000000,0,-1.000000000,0,,0,-1.000000000,,0,-1.000000000,0,,1,-0.030380821,-1.740692813,-0.007326126,-0.036629677,1,3.141543627,179.997190971,-0.007326126,-2.769229889,1,-2.873217821,-164.623254772,-0.002442360,2.632478714,1,0.003242493,0.185781145,-0.007326126,0.407814026,1,-0.032404900,-1.856663982,-0.036628723,-0.003663063,-0.030762291,-1.762549419,0.000000000,-0.000000000,8.000000000,3.500000000,3.163287401,181.243017476,0.000000000,-2.804438829,2.000000000,0.500000000,-2.874362230,-164.688824588,0.000000000,2.659170151,1.000000000,0.500000000,0.000953674,0.054641513,0.000000000,0.414248645,0.500000000,0.200000003,-0.032404900,-1.856663982,0.000000000,-0.000039328,0.000000000,0.100000001
2026-07-05 14:54:36.624,1783234476.624909401,359.060155091,1,1,329.120754808,1,0.008650299,5,1,0.003781319,5,1,0,0,0,0,1,1,1,0,1,0,-1.000000000,0.000000000,0.000000000,0.000000000,0,-1.000000000,0,0,0,,0,-1.000000000,,0,0,0.000000000,0.000000000,0,-1.000000000,0,,0,-1.000000000,,0,-1.000000000,0,,1,-0.030380821,-1.740692813,0.007326126,-0.031745911,1,3.141543627,179.997190971,0.002442360,-2.782905579,1,-2.873217821,-164.623254772,-0.002442360,2.632478714,1,0.003242493,0.185781145,-0.007326126,0.407814026,1,-0.032404900,-1.856663982,0.012210846,-0.003663063,-0.030762291,-1.762549419,0.000000000,-0.000000000,8.000000000,3.500000000,3.163287401,181.243017476,0.000000000,-2.804438829,2.000000000,0.500000000,-2.874362230,-164.688824588,0.000000000,2.659170151,1.000000000,0.500000000,0.000953674,0.054641513,0.000000000,0.414248645,0.500000000,0.200000003,-0.032404900,-1.856663982,0.000000000,-0.000039328,0.000000000,0.100000001
2026-07-05 14:54:37.624,1783234477.624297380,360.059543242,1,1,330.120142959,1,0.008064540,5,1,0.003699232,5,1,0,0,0,0,1,1,1,0,1,0,-1.000000000,0.000000000,0.000000000,0.000000000,0,-1.000000000,0,0,0,,0,-1.000000000,,0,0,0.000000000,0.000000000,0,-1.000000000,0,,0,-1.000000000,,0,-1.000000000,0,,1,-0.030380821,-1.740692813,0.007326126,-0.026862144,1,3.141543627,179.997190971,-0.002442360,-2.769229889,1,-2.873217821,-164.623254772,-0.002442360,2.646154404,1,0.003242493,0.185781145,-0.007326126,0.407814026,1,-0.032404900,-1.856663982,-0.012210846,-0.003663063,-0.030762291,-1.762549419,0.000000000,-0.000000000,8.000000000,3.500000000,3.163287401,181.243017476,0.000000000,-2.804438829,2.000000000,0.500000000,-2.874362230,-164.688824588,0.000000000,2.659170151,1.000000000,0.500000000,0.000953674,0.054641513,0.000000000,0.414248645,0.500000000,0.200000003,-0.032404900,-1.856663982,0.000000000,-0.000039328,0.000000000,0.100000001
2026-07-05 14:54:38.623,1783234478.623892546,361.059138164,1,1,331.119737881,1,0.008171675,5,1,0.003930629,5,1,0,0,0,0,1,1,1,0,1,0,-1.000000000,0.000000000,0.000000000,0.000000000,0,-1.000000000,0,0,0,,0,-1.000000000,,0,0,0.000000000,0.000000000,0,-1.000000000,0,,0,-1.000000000,,0,-1.000000000,0,,1,-0.030380821,-1.740692813,-0.007326126,-0.031745911,1,3.141543627,179.997190971,-0.002442360,-2.782905579,1,-2.873217821,-164.623254772,-0.002442360,2.632478714,0,0.003242493,0.185781145,-0.021978378,0.407814026,1,-0.032404900,-1.856663982,-0.036628723,-0.003663063,-0.030762291,-1.762549419,0.000000000,-0.000000000,8.000000000,3.500000000,3.163287401,181.243017476,0.000000000,-2.804438829,2.000000000,0.500000000,-2.874362230,-164.688824588,0.000000000,2.659170151,1.000000000,0.500000000,0.000953674,0.054641513,0.000000000,0.414248645,0.500000000,0.200000003,-0.032404900,-1.856663982,0.000000000,-0.000039328,0.000000000,0.100000001
2026-07-05 14:54:39.623,1783234479.623316765,362.058562401,1,1,332.119162118,1,0.558182183,5,1,0.103696398,5,1,0,0,0,0,1,1,1,0,1,0,-1.000000000,0.000000000,0.000000000,0.000000000,0,-1.000000000,0,0,0,,0,-1.000000000,,0,0,0.000000000,0.000000000,0,-1.000000000,0,,0,-1.000000000,,0,-1.000000000,0,,1,-0.030380821,-1.740692813,-0.007326126,-0.031745911,1,3.141543627,179.997190971,-0.002442360,-2.782905579,1,-2.873217821,-164.623254772,-0.007326126,2.632478714,1,0.003242493,0.185781145,-0.007326126,0.407814026,1,-0.032404900,-1.856663982,-0.036628723,-0.003663063,-0.030762291,-1.762549419,0.000000000,-0.000000000,8.000000000,3.500000000,3.163287401,181.243017476,0.000000000,-2.804438829,2.000000000,0.500000000,-2.874362230,-164.688824588,0.000000000,2.659170151,1.000000000,0.500000000,0.000953674,0.054641513,0.000000000,0.414248645,0.500000000,0.200000003,-0.032404900,-1.856663982,0.000000000,-0.000039328,0.000000000,0.100000001
2026-07-05 14:54:40.623,1783234480.623278141,363.058523660,1,1,333.119123377,1,1.558143442,5,1,1.103657657,5,1,0,0,0,0,1,1,1,0,1,0,-1.000000000,0.000000000,0.000000000,0.000000000,0,-1.000000000,0,0,0,,0,-1.000000000,,0,0,0.000000000,0.000000000,0,-1.000000000,0,,0,-1.000000000,,0,-1.000000000,0,,1,-0.030380821,-1.740692813,-0.007326126,-0.031745911,1,3.141543627,179.997190971,-0.002442360,-2.782905579,1,-2.873217821,-164.623254772,-0.007326126,2.632478714,1,0.003242493,0.185781145,-0.007326126,0.407814026,1,-0.032404900,-1.856663982,-0.036628723,-0.003663063,-0.030762291,-1.762549419,0.000000000,-0.000000000,8.000000000,3.500000000,3.163287401,181.243017476,0.000000000,-2.804438829,2.000000000,0.500000000,-2.874362230,-164.688824588,0.000000000,2.659170151,1.000000000,0.500000000,0.000953674,0.054641513,0.000000000,0.414248645,0.500000000,0.200000003,-0.032404900,-1.856663982,0.000000000,-0.000039328,0.000000000,0.100000001
2026-07-05 14:54:41.622,1783234481.622615099,364.057860843,1,1,334.118460560,1,2.557480625,5,1,2.102994840,5,1,0,0,0,0,1,1,1,0,1,0,-1.000000000,0.000000000,0.000000000,0.000000000,0,-1.000000000,0,0,0,,0,-1.000000000,,0,0,0.000000000,0.000000000,0,-1.000000000,0,,0,-1.000000000,,0,-1.000000000,0,,1,-0.030380821,-1.740692813,-0.007326126,-0.031745911,1,3.141543627,179.997190971,-0.002442360,-2.782905579,1,-2.873217821,-164.623254772,-0.007326126,2.632478714,1,0.003242493,0.185781145,-0.007326126,0.407814026,1,-0.032404900,-1.856663982,-0.036628723,-0.003663063,-0.030762291,-1.762549419,0.000000000,-0.000000000,8.000000000,3.500000000,3.163287401,181.243017476,0.000000000,-2.804438829,2.000000000,0.500000000,-2.874362230,-164.688824588,0.000000000,2.659170151,1.000000000,0.500000000,0.000953674,0.054641513,0.000000000,0.414248645,0.500000000,0.200000003,-0.032404900,-1.856663982,0.000000000,-0.000039328,0.000000000,0.100000001
2026-07-05 14:54:42.622,1783234482.622117519,365.057363211,1,1,335.117962928,1,3.556982993,5,1,3.102497208,5,1,0,0,0,0,1,1,1,0,1,0,-1.000000000,0.000000000,0.000000000,0.000000000,0,-1.000000000,0,0,0,,0,-1.000000000,,0,0,0.000000000,0.000000000,0,-1.000000000,0,,0,-1.000000000,,0,-1.000000000,0,,1,-0.030380821,-1.740692813,-0.007326126,-0.031745911,1,3.141543627,179.997190971,-0.002442360,-2.782905579,1,-2.873217821,-164.623254772,-0.007326126,2.632478714,1,0.003242493,0.185781145,-0.007326126,0.407814026,1,-0.032404900,-1.856663982,-0.036628723,-0.003663063,-0.030762291,-1.762549419,0.000000000,-0.000000000,8.000000000,3.500000000,3.163287401,181.243017476,0.000000000,-2.804438829,2.000000000,0.500000000,-2.874362230,-164.688824588,0.000000000,2.659170151,1.000000000,0.500000000,0.000953674,0.054641513,0.000000000,0.414248645,0.500000000,0.200000003,-0.032404900,-1.856663982,0.000000000,-0.000039328,0.000000000,0.100000001
2026-07-05 14:54:43.621,1783234483.621557474,366.056803206,1,1,336.117402923,1,4.556422988,5,1,4.101937203,5,1,0,0,0,0,1,1,1,0,1,0,-1.000000000,0.000000000,0.000000000,0.000000000,0,-1.000000000,0,0,0,,0,-1.000000000,,0,0,0.000000000,0.000000000,0,-1.000000000,0,,0,-1.000000000,,0,-1.000000000,0,,1,-0.030380821,-1.740692813,-0.007326126,-0.031745911,1,3.141543627,179.997190971,-0.002442360,-2.782905579,1,-2.873217821,-164.623254772,-0.007326126,2.632478714,1,0.003242493,0.185781145,-0.007326126,0.407814026,1,-0.032404900,-1.856663982,-0.036628723,-0.003663063,-0.030762291,-1.762549419,0.000000000,-0.000000000,8.000000000,3.500000000,3.163287401,181.243017476,0.000000000,-2.804438829,2.000000000,0.500000000,-2.874362230,-164.688824588,0.000000000,2.659170151,1.000000000,0.500000000,0.000953674,0.054641513,0.000000000,0.414248645,0.500000000,0.200000003,-0.032404900,-1.856663982,0.000000000,-0.000039328,0.000000000,0.100000001
2026-07-05 14:54:44.621,1783234484.621123552,367.056369331,1,1,337.116969048,1,5.555989113,5,1,5.101503328,5,1,0,0,0,0,1,1,1,0,1,0,-1.000000000,0.000000000,0.000000000,0.000000000,0,-1.000000000,0,0,0,,0,-1.000000000,,0,0,0.000000000,0.000000000,0,-1.000000000,0,,0,-1.000000000,,0,-1.000000000,0,,1,-0.030380821,-1.740692813,-0.007326126,-0.031745911,1,3.141543627,179.997190971,-0.002442360,-2.782905579,1,-2.873217821,-164.623254772,-0.007326126,2.632478714,1,0.003242493,0.185781145,-0.007326126,0.407814026,1,-0.032404900,-1.856663982,-0.036628723,-0.003663063,-0.030762291,-1.762549419,0.000000000,-0.000000000,8.000000000,3.500000000,3.163287401,181.243017476,0.000000000,-2.804438829,2.000000000,0.500000000,-2.874362230,-164.688824588,0.000000000,2.659170151,1.000000000,0.500000000,0.000953674,0.054641513,0.000000000,0.414248645,0.500000000,0.200000003,-0.032404900,-1.856663982,0.000000000,-0.000039328,0.000000000,0.100000001
2026-07-05 14:54:45.620,1783234485.620584011,368.055829679,1,1,338.116429396,1,6.555449461,5,1,6.100963676,5,1,0,0,0,0,1,1,1,0,1,0,-1.000000000,0.000000000,0.000000000,0.000000000,0,-1.000000000,0,0,0,,0,-1.000000000,,0,0,0.000000000,0.000000000,0,-1.000000000,0,,0,-1.000000000,,0,-1.000000000,0,,1,-0.030380821,-1.740692813,-0.007326126,-0.031745911,1,3.141543627,179.997190971,-0.002442360,-2.782905579,1,-2.873217821,-164.623254772,-0.007326126,2.632478714,1,0.003242493,0.185781145,-0.007326126,0.407814026,1,-0.032404900,-1.856663982,-0.036628723,-0.003663063,-0.030762291,-1.762549419,0.000000000,-0.000000000,8.000000000,3.500000000,3.163287401,181.243017476,0.000000000,-2.804438829,2.000000000,0.500000000,-2.874362230,-164.688824588,0.000000000,2.659170151,1.000000000,0.500000000,0.000953674,0.054641513,0.000000000,0.414248645,0.500000000,0.200000003,-0.032404900,-1.856663982,0.000000000,-0.000039328,0.000000000,0.100000001
2026-07-05 14:54:46.620,1783234486.620228529,369.055474429,1,1,339.116074146,1,7.555094211,5,1,7.100608426,5,1,0,0,0,0,1,1,1,0,1,0,-1.000000000,0.000000000,0.000000000,0.000000000,0,-1.000000000,0,0,0,,0,-1.000000000,,0,0,0.000000000,0.000000000,0,-1.000000000,0,,0,-1.000000000,,0,-1.000000000,0,,1,-0.030380821,-1.740692813,-0.007326126,-0.031745911,1,3.141543627,179.997190971,-0.002442360,-2.782905579,1,-2.873217821,-164.623254772,-0.007326126,2.632478714,1,0.003242493,0.185781145,-0.007326126,0.407814026,1,-0.032404900,-1.856663982,-0.036628723,-0.003663063,-0.030762291,-1.762549419,0.000000000,-0.000000000,8.000000000,3.500000000,3.163287401,181.243017476,0.000000000,-2.804438829,2.000000000,0.500000000,-2.874362230,-164.688824588,0.000000000,2.659170151,1.000000000,0.500000000,0.000953674,0.054641513,0.000000000,0.414248645,0.500000000,0.200000003,-0.032404900,-1.856663982,0.000000000,-0.000039328,0.000000000,0.100000001
2026-07-05 14:54:47.619,1783234487.619742632,370.054988406,1,1,340.115588123,1,8.554608188,5,1,8.100122403,5,1,0,0,0,0,1,1,1,0,1,0,-1.000000000,0.000000000,0.000000000,0.000000000,0,-1.000000000,0,0,0,,0,-1.000000000,,0,0,0.000000000,0.000000000,0,-1.000000000,0,,0,-1.000000000,,0,-1.000000000,0,,1,-0.030380821,-1.740692813,-0.007326126,-0.031745911,1,3.141543627,179.997190971,-0.002442360,-2.782905579,1,-2.873217821,-164.623254772,-0.007326126,2.632478714,1,0.003242493,0.185781145,-0.007326126,0.407814026,1,-0.032404900,-1.856663982,-0.036628723,-0.003663063,-0.030762291,-1.762549419,0.000000000,-0.000000000,8.000000000,3.500000000,3.163287401,181.243017476,0.000000000,-2.804438829,2.000000000,0.500000000,-2.874362230,-164.688824588,0.000000000,2.659170151,1.000000000,0.500000000,0.000953674,0.054641513,0.000000000,0.414248645,0.500000000,0.200000003,-0.032404900,-1.856663982,0.000000000,-0.000039328,0.000000000,0.100000001
2026-07-05 14:54:48.619,1783234488.619346857,371.054592561,1,1,341.115192278,1,9.554212343,5,1,9.099726558,5,1,0,0,0,0,1,1,1,0,1,0,-1.000000000,0.000000000,0.000000000,0.000000000,0,-1.000000000,0,0,0,,0,-1.000000000,,0,0,0.000000000,0.000000000,0,-1.000000000,0,,0,-1.000000000,,0,-1.000000000,0,,1,-0.030380821,-1.740692813,-0.007326126,-0.031745911,1,3.141543627,179.997190971,-0.002442360,-2.782905579,1,-2.873217821,-164.623254772,-0.007326126,2.632478714,1,0.003242493,0.185781145,-0.007326126,0.407814026,1,-0.032404900,-1.856663982,-0.036628723,-0.003663063,-0.030762291,-1.762549419,0.000000000,-0.000000000,8.000000000,3.500000000,3.163287401,181.243017476,0.000000000,-2.804438829,2.000000000,0.500000000,-2.874362230,-164.688824588,0.000000000,2.659170151,1.000000000,0.500000000,0.000953674,0.054641513,0.000000000,0.414248645,0.500000000,0.200000003,-0.032404900,-1.856663982,0.000000000,-0.000039328,0.000000000,0.100000001
2026-07-05 14:54:49.618,1783234489.618815184,372.054061054,1,1,342.114660771,1,10.553680836,5,1,10.099195051,5,1,0,0,0,0,1,1,1,0,1,0,-1.000000000,0.000000000,0.000000000,0.000000000,0,-1.000000000,0,0,0,,0,-1.000000000,,0,0,0.000000000,0.000000000,0,-1.000000000,0,,0,-1.000000000,,0,-1.000000000,0,,1,-0.030380821,-1.740692813,-0.007326126,-0.031745911,1,3.141543627,179.997190971,-0.002442360,-2.782905579,1,-2.873217821,-164.623254772,-0.007326126,2.632478714,1,0.003242493,0.185781145,-0.007326126,0.407814026,1,-0.032404900,-1.856663982,-0.036628723,-0.003663063,-0.030762291,-1.762549419,0.000000000,-0.000000000,8.000000000,3.500000000,3.163287401,181.243017476,0.000000000,-2.804438829,2.000000000,0.500000000,-2.874362230,-164.688824588,0.000000000,2.659170151,1.000000000,0.500000000,0.000953674,0.054641513,0.000000000,0.414248645,0.500000000,0.200000003,-0.032404900,-1.856663982,0.000000000,-0.000039328,0.000000000,0.100000001
2026-07-05 14:54:50.618,1783234490.618536234,373.053782012,1,1,343.114381729,1,11.553401794,5,1,11.098916009,5,1,0,0,0,0,1,1,1,0,1,0,-1.000000000,0.000000000,0.000000000,0.000000000,0,-1.000000000,0,0,0,,0,-1.000000000,,0,0,0.000000000,0.000000000,0,-1.000000000,0,,0,-1.000000000,,0,-1.000000000,0,,1,-0.030380821,-1.740692813,-0.007326126,-0.031745911,1,3.141543627,179.997190971,-0.002442360,-2.782905579,1,-2.873217821,-164.623254772,-0.007326126,2.632478714,1,0.003242493,0.185781145,-0.007326126,0.407814026,1,-0.032404900,-1.856663982,-0.036628723,-0.003663063,-0.030762291,-1.762549419,0.000000000,-0.000000000,8.000000000,3.500000000,3.163287401,181.243017476,0.000000000,-2.804438829,2.000000000,0.500000000,-2.874362230,-164.688824588,0.000000000,2.659170151,1.000000000,0.500000000,0.000953674,0.054641513,0.000000000,0.414248645,0.500000000,0.200000003,-0.032404900,-1.856663982,0.000000000,-0.000039328,0.000000000,0.100000001
2026-07-05 14:54:51.618,1783234491.618106604,374.053352344,1,1,344.113952061,1,12.552972126,5,1,12.098486341,5,1,0,0,0,0,1,1,1,0,1,0,-1.000000000,0.000000000,0.000000000,0.000000000,0,-1.000000000,0,0,0,,0,-1.000000000,,0,0,0.000000000,0.000000000,0,-1.000000000,0,,0,-1.000000000,,0,-1.000000000,0,,1,-0.030380821,-1.740692813,-0.007326126,-0.031745911,1,3.141543627,179.997190971,-0.002442360,-2.782905579,1,-2.873217821,-164.623254772,-0.007326126,2.632478714,1,0.003242493,0.185781145,-0.007326126,0.407814026,1,-0.032404900,-1.856663982,-0.036628723,-0.003663063,-0.030762291,-1.762549419,0.000000000,-0.000000000,8.000000000,3.500000000,3.163287401,181.243017476,0.000000000,-2.804438829,2.000000000,0.500000000,-2.874362230,-164.688824588,0.000000000,2.659170151,1.000000000,0.500000000,0.000953674,0.054641513,0.000000000,0.414248645,0.500000000,0.200000003,-0.032404900,-1.856663982,0.000000000,-0.000039328,0.000000000,0.100000001
2026-07-05 14:54:52.617,1783234492.617235184,375.052480814,1,1,345.113080531,1,0.118405695,5,1,0.123776785,5,1,0,0,0,0,1,1,1,0,1,0,-1.000000000,0.000000000,0.000000000,0.000000000,0,-1.000000000,0,0,0,,0,-1.000000000,,0,0,0.000000000,0.000000000,0,-1.000000000,0,,0,-1.000000000,,0,-1.000000000,0,,1,-0.030380821,-1.740692813,-0.007326126,-0.031745911,1,3.141543627,179.997190971,-0.002442360,-2.782905579,1,-2.873217821,-164.623254772,-0.002442360,2.632478714,1,0.003242493,0.185781145,-0.007326126,0.402930260,1,-0.032404900,-1.856663982,-0.036628723,-0.003663063,-0.030762291,-1.762549419,0.000000000,-0.000000000,8.000000000,3.500000000,3.163287401,181.243017476,0.000000000,-2.804438829,2.000000000,0.500000000,-2.874362230,-164.688824588,0.000000000,2.659170151,1.000000000,0.500000000,0.000953674,0.054641513,0.000000000,0.414248645,0.500000000,0.200000003,-0.032404900,-1.856663982,0.000000000,-0.000039328,0.000000000,0.100000001
2026-07-05 14:54:53.617,1783234493.617192268,376.052437953,1,1,346.113037670,1,1.118362834,5,1,1.123733924,5,1,0,0,0,0,1,1,1,0,1,0,-1.000000000,0.000000000,0.000000000,0.000000000,0,-1.000000000,0,0,0,,0,-1.000000000,,0,0,0.000000000,0.000000000,0,-1.000000000,0,,0,-1.000000000,,0,-1.000000000,0,,1,-0.030380821,-1.740692813,-0.007326126,-0.031745911,1,3.141543627,179.997190971,-0.002442360,-2.782905579,1,-2.873217821,-164.623254772,-0.002442360,2.632478714,1,0.003242493,0.185781145,-0.007326126,0.402930260,1,-0.032404900,-1.856663982,-0.036628723,-0.003663063,-0.030762291,-1.762549419,0.000000000,-0.000000000,8.000000000,3.500000000,3.163287401,181.243017476,0.000000000,-2.804438829,2.000000000,0.500000000,-2.874362230,-164.688824588,0.000000000,2.659170151,1.000000000,0.500000000,0.000953674,0.054641513,0.000000000,0.414248645,0.500000000,0.200000003,-0.032404900,-1.856663982,0.000000000,-0.000039328,0.000000000,0.100000001
2026-07-05 14:54:54.616,1783234494.616757870,377.052003388,1,1,347.112603105,1,2.117928269,5,1,2.123299359,5,1,0,0,0,0,1,1,1,0,1,0,-1.000000000,0.000000000,0.000000000,0.000000000,0,-1.000000000,0,0,0,,0,-1.000000000,,0,0,0.000000000,0.000000000,0,-1.000000000,0,,0,-1.000000000,,0,-1.000000000,0,,1,-0.030380821,-1.740692813,-0.007326126,-0.031745911,1,3.141543627,179.997190971,-0.002442360,-2.782905579,1,-2.873217821,-164.623254772,-0.002442360,2.632478714,1,0.003242493,0.185781145,-0.007326126,0.402930260,1,-0.032404900,-1.856663982,-0.036628723,-0.003663063,-0.030762291,-1.762549419,0.000000000,-0.000000000,8.000000000,3.500000000,3.163287401,181.243017476,0.000000000,-2.804438829,2.000000000,0.500000000,-2.874362230,-164.688824588,0.000000000,2.659170151,1.000000000,0.500000000,0.000953674,0.054641513,0.000000000,0.414248645,0.500000000,0.200000003,-0.032404900,-1.856663982,0.000000000,-0.000039328,0.000000000,0.100000001
2026-07-05 14:54:55.616,1783234495.616458893,378.051704795,1,1,348.112304512,1,0.804825257,5,1,0.804911559,5,1,0,0,0,0,1,1,1,0,1,0,-1.000000000,0.000000000,0.000000000,0.000000000,0,-1.000000000,0,0,0,,0,-1.000000000,,0,0,0.000000000,0.000000000,0,-1.000000000,0,,0,-1.000000000,,0,-1.000000000,0,,1,-0.030380821,-1.740692813,0.007326126,-0.031745911,1,3.141543627,179.997190971,-0.002442360,-2.782905579,1,-2.873217821,-164.623254772,-0.002442360,2.632478714,1,0.003242493,0.185781145,-0.007326126,0.407814026,1,-0.032404900,-1.856663982,-0.036628723,-0.003663063,-0.030762291,-1.762549419,0.000000000,-0.000000000,8.000000000,3.500000000,3.163287401,181.243017476,0.000000000,-2.804438829,2.000000000,0.500000000,-2.874362230,-164.688824588,0.000000000,2.659170151,1.000000000,0.500000000,0.000953674,0.054641513,0.000000000,0.414248645,0.500000000,0.200000003,-0.032404900,-1.856663982,0.000000000,-0.000039328,0.000000000,0.100000001
2026-07-05 14:54:56.616,1783234496.616159439,379.051405288,1,1,349.112005005,1,1.804525750,5,1,1.804612052,5,1,0,0,0,0,1,1,1,0,1,0,-1.000000000,0.000000000,0.000000000,0.000000000,0,-1.000000000,0,0,0,,0,-1.000000000,,0,0,0.000000000,0.000000000,0,-1.000000000,0,,0,-1.000000000,,0,-1.000000000,0,,1,-0.030380821,-1.740692813,0.007326126,-0.031745911,1,3.141543627,179.997190971,-0.002442360,-2.782905579,1,-2.873217821,-164.623254772,-0.002442360,2.632478714,1,0.003242493,0.185781145,-0.007326126,0.407814026,1,-0.032404900,-1.856663982,-0.036628723,-0.003663063,-0.030762291,-1.762549419,0.000000000,-0.000000000,8.000000000,3.500000000,3.163287401,181.243017476,0.000000000,-2.804438829,2.000000000,0.500000000,-2.874362230,-164.688824588,0.000000000,2.659170151,1.000000000,0.500000000,0.000953674,0.054641513,0.000000000,0.414248645,0.500000000,0.200000003,-0.032404900,-1.856663982,0.000000000,-0.000039328,0.000000000,0.100000001
2026-07-05 14:54:57.615,1783234497.615501404,380.050746914,1,1,350.111346631,1,2.803867376,5,1,0.288538197,5,1,0,0,0,0,1,1,1,0,1,0,-1.000000000,0.000000000,0.000000000,0.000000000,0,-1.000000000,0,0,0,,0,-1.000000000,,0,0,0.000000000,0.000000000,0,-1.000000000,0,,0,-1.000000000,,0,-1.000000000,0,,1,-0.030380821,-1.740692813,0.007326126,-0.031745911,1,3.141543627,179.997190971,-0.002442360,-2.782905579,1,-2.873217821,-164.623254772,-0.002442360,2.632478714,1,0.003242493,0.185781145,-0.007326126,0.407814026,1,-0.032404900,-1.856663982,-0.036628723,-0.003663063,-0.030762291,-1.762549419,0.000000000,-0.000000000,8.000000000,3.500000000,3.163287401,181.243017476,0.000000000,-2.804438829,2.000000000,0.500000000,-2.874362230,-164.688824588,0.000000000,2.659170151,1.000000000,0.500000000,0.000953674,0.054641513,0.000000000,0.414248645,0.500000000,0.200000003,-0.032404900,-1.856663982,0.000000000,-0.000039328,0.000000000,0.100000001
2026-07-05 14:54:58.615,1783234498.615103006,381.050348547,1,1,351.110948264,1,0.950465762,5,1,0.269496225,5,1,0,0,0,0,1,1,1,0,1,0,-1.000000000,0.000000000,0.000000000,0.000000000,0,-1.000000000,0,0,0,,0,-1.000000000,,0,0,0.000000000,0.000000000,0,-1.000000000,0,,0,-1.000000000,,0,-1.000000000,0,,1,-0.030380821,-1.740692813,0.007326126,-0.031745911,1,3.141543627,179.997190971,-0.002442360,-2.782905579,1,-2.873217821,-164.623254772,-0.002442360,2.632478714,1,0.003242493,0.185781145,-0.007326126,0.407814026,1,-0.032404900,-1.856663982,-0.036628723,-0.003663063,-0.030762291,-1.762549419,0.000000000,-0.000000000,8.000000000,3.500000000,3.163287401,181.243017476,0.000000000,-2.804438829,2.000000000,0.500000000,-2.874362230,-164.688824588,0.000000000,2.659170151,1.000000000,0.500000000,0.000953674,0.054641513,0.000000000,0.414248645,0.500000000,0.200000003,-0.032404900,-1.856663982,0.000000000,-0.000039328,0.000000000,0.100000001
2026-07-05 14:54:59.615,1783234499.615118265,382.050364123,1,1,352.110963840,1,1.950481338,5,1,1.269511801,5,1,0,0,0,0,1,1,1,0,1,0,-1.000000000,0.000000000,0.000000000,0.000000000,0,-1.000000000,0,0,0,,0,-1.000000000,,0,0,0.000000000,0.000000000,0,-1.000000000,0,,0,-1.000000000,,0,-1.000000000,0,,1,-0.030380821,-1.740692813,0.007326126,-0.031745911,1,3.141543627,179.997190971,-0.002442360,-2.782905579,1,-2.873217821,-164.623254772,-0.002442360,2.632478714,1,0.003242493,0.185781145,-0.007326126,0.407814026,1,-0.032404900,-1.856663982,-0.036628723,-0.003663063,-0.030762291,-1.762549419,0.000000000,-0.000000000,8.000000000,3.500000000,3.163287401,181.243017476,0.000000000,-2.804438829,2.000000000,0.500000000,-2.874362230,-164.688824588,0.000000000,2.659170151,1.000000000,0.500000000,0.000953674,0.054641513,0.000000000,0.414248645,0.500000000,0.200000003,-0.032404900,-1.856663982,0.000000000,-0.000039328,0.000000000,0.100000001
2026-07-05 14:55:00.614,1783234500.614298105,383.049543834,1,1,353.110143551,1,0.878478257,5,1,0.003733584,5,1,0,0,0,0,1,1,1,0,1,0,-1.000000000,0.000000000,0.000000000,0.000000000,0,-1.000000000,0,0,0,,0,-1.000000000,,0,0,0.000000000,0.000000000,0,-1.000000000,0,,0,-1.000000000,,0,-1.000000000,0,,1,-0.030380821,-1.740692813,-0.007326126,-0.031745911,1,3.141543627,179.997190971,-0.002442360,-2.782905579,1,-2.873217821,-164.623254772,-0.002442360,2.646154404,1,0.003242493,0.185781145,0.007326126,0.407814026,1,-0.032404900,-1.856663982,-0.012210846,-0.003663063,-0.030762291,-1.762549419,0.000000000,-0.000000000,8.000000000,3.500000000,3.163287401,181.243017476,0.000000000,-2.804438829,2.000000000,0.500000000,-2.874362230,-164.688824588,0.000000000,2.659170151,1.000000000,0.500000000,0.000953674,0.054641513,0.000000000,0.414248645,0.500000000,0.200000003,-0.032404900,-1.856663982,0.000000000,-0.000039328,0.000000000,0.100000001
2026-07-05 14:55:01.614,1783234501.613940954,384.049186772,1,1,354.109786489,1,0.690687681,5,1,0.003630428,5,1,0,0,0,0,1,1,1,0,1,0,-1.000000000,0.000000000,0.000000000,0.000000000,0,-1.000000000,0,0,0,,0,-1.000000000,,0,0,0.000000000,0.000000000,0,-1.000000000,0,,0,-1.000000000,,0,-1.000000000,0,,1,-0.030380821,-1.740692813,-0.021978378,-0.031745911,1,3.141543627,179.997190971,0.002442360,-2.769229889,1,-2.873217821,-164.623254772,-0.002442360,2.632478714,1,0.003242493,0.185781145,-0.007326126,0.407814026,1,-0.032404900,-1.856663982,-0.012210846,-0.003663063,-0.030762291,-1.762549419,0.000000000,-0.000000000,8.000000000,3.500000000,3.163287401,181.243017476,0.000000000,-2.804438829,2.000000000,0.500000000,-2.874362230,-164.688824588,0.000000000,2.659170151,1.000000000,0.500000000,0.000953674,0.054641513,0.000000000,0.414248645,0.500000000,0.200000003,-0.032404900,-1.856663982,0.000000000,-0.000039328,0.000000000,0.100000001
2026-07-05 14:55:02.613,1783234502.613553524,385.048799190,1,1,355.109398907,1,0.008545090,5,1,0.003854462,5,1,0,0,0,0,1,1,1,0,1,0,-1.000000000,0.000000000,0.000000000,0.000000000,0,-1.000000000,0,0,0,,0,-1.000000000,,0,0,0.000000000,0.000000000,0,-1.000000000,0,,0,-1.000000000,,0,-1.000000000,0,,1,-0.030380821,-1.740692813,-0.007326126,-0.036629677,1,3.141543627,179.997190971,-0.002442360,-2.782905579,1,-2.873217821,-164.623254772,-0.002442360,2.632478714,1,0.003242493,0.185781145,-0.007326126,0.407814026,1,-0.032404900,-1.856663982,-0.012210846,-0.003663063,-0.030762291,-1.762549419,0.000000000,-0.000000000,8.000000000,3.500000000,3.163287401,181.243017476,0.000000000,-2.804438829,2.000000000,0.500000000,-2.874362230,-164.688824588,0.000000000,2.659170151,1.000000000,0.500000000,0.000953674,0.054641513,0.000000000,0.414248645,0.500000000,0.200000003,-0.032404900,-1.856663982,0.000000000,-0.000039328,0.000000000,0.100000001
2026-07-05 14:55:03.613,1783234503.613249302,386.048494945,1,1,356.109094662,1,0.008250661,5,1,0.003887003,5,1,0,0,0,0,1,1,1,0,1,0,-1.000000000,0.000000000,0.000000000,0.000000000,0,-1.000000000,0,0,0,,0,-1.000000000,,0,0,0.000000000,0.000000000,0,-1.000000000,0,,0,-1.000000000,,0,-1.000000000,0,,1,-0.030380821,-1.740692813,-0.007326126,-0.031745911,1,3.141543627,179.997190971,-0.007326126,-2.782905579,1,-2.873217821,-164.623254772,-0.002442360,2.632478714,1,0.003242493,0.185781145,-0.007326126,0.407814026,1,-0.032404900,-1.856663982,-0.036628723,-0.003663063,-0.030762291,-1.762549419,0.000000000,-0.000000000,8.000000000,3.500000000,3.163287401,181.243017476,0.000000000,-2.804438829,2.000000000,0.500000000,-2.874362230,-164.688824588,0.000000000,2.659170151,1.000000000,0.500000000,0.000953674,0.054641513,0.000000000,0.414248645,0.500000000,0.200000003,-0.032404900,-1.856663982,0.000000000,-0.000039328,0.000000000,0.100000001
2026-07-05 14:55:04.612,1783234504.612917423,387.048163312,1,1,357.108763029,1,0.008257274,5,1,0.003811899,5,1,0,0,0,0,1,1,1,0,1,0,-1.000000000,0.000000000,0.000000000,0.000000000,0,-1.000000000,0,0,0,,0,-1.000000000,,0,0,0.000000000,0.000000000,0,-1.000000000,0,,0,-1.000000000,,0,-1.000000000,0,,1,-0.030380821,-1.740692813,0.007326126,-0.031745911,1,3.141543627,179.997190971,-0.007326126,-2.782905579,1,-2.873217821,-164.623254772,-0.002442360,2.646154404,1,0.003242493,0.185781145,-0.007326126,0.407814026,1,-0.032404900,-1.856663982,-0.012210846,-0.003663063,-0.030762291,-1.762549419,0.000000000,-0.000000000,8.000000000,3.500000000,3.163287401,181.243017476,0.000000000,-2.804438829,2.000000000,0.500000000,-2.874362230,-164.688824588,0.000000000,2.659170151,1.000000000,0.500000000,0.000953674,0.054641513,0.000000000,0.414248645,0.500000000,0.200000003,-0.032404900,-1.856663982,0.000000000,-0.000039328,0.000000000,0.100000001
2026-07-05 14:55:05.612,1783234505.612601519,388.047847223,1,1,358.108446940,1,0.008358530,5,1,0.003760976,5,1,0,0,0,0,1,1,1,0,1,0,-1.000000000,0.000000000,0.000000000,0.000000000,0,-1.000000000,0,0,0,,0,-1.000000000,,0,0,0.000000000,0.000000000,0,-1.000000000,0,,0,-1.000000000,,0,-1.000000000,0,,1,-0.030380821,-1.740692813,-0.007326126,-0.036629677,1,3.141543627,179.997190971,-0.002442360,-2.769229889,1,-2.873217821,-164.623254772,-0.002442360,2.632478714,1,0.003242493,0.185781145,-0.007326126,0.407814026,1,-0.032404900,-1.856663982,-0.012210846,-0.003663063,-0.030762291,-1.762549419,0.000000000,-0.000000000,8.000000000,3.500000000,3.163287401,181.243017476,0.000000000,-2.804438829,2.000000000,0.500000000,-2.874362230,-164.688824588,0.000000000,2.659170151,1.000000000,0.500000000,0.000953674,0.054641513,0.000000000,0.414248645,0.500000000,0.200000003,-0.032404900,-1.856663982,0.000000000,-0.000039328,0.000000000,0.100000001
2026-07-05 14:55:06.612,1783234506.612331867,389.047577515,1,1,359.108177232,1,0.008182761,5,1,0.003912323,5,1,0,0,0,0,1,1,1,0,1,0,-1.000000000,0.000000000,0.000000000,0.000000000,0,-1.000000000,0,0,0,,0,-1.000000000,,0,0,0.000000000,0.000000000,0,-1.000000000,0,,0,-1.000000000,,0,-1.000000000,0,,1,-0.030380821,-1.740692813,-0.021978378,-0.031745911,1,3.141543627,179.997190971,0.002442360,-2.782905579,1,-2.873217821,-164.623254772,-0.002442360,2.632478714,1,0.003242493,0.185781145,-0.021978378,0.407814026,1,-0.032404900,-1.856663982,-0.012210846,-0.003663063,-0.030762291,-1.762549419,0.000000000,-0.000000000,8.000000000,3.500000000,3.163287401,181.243017476,0.000000000,-2.804438829,2.000000000,0.500000000,-2.874362230,-164.688824588,0.000000000,2.659170151,1.000000000,0.500000000,0.000953674,0.054641513,0.000000000,0.414248645,0.500000000,0.200000003,-0.032404900,-1.856663982,0.000000000,-0.000039328,0.000000000,0.100000001
2026-07-05 14:55:07.612,1783234507.612018108,390.047263820,1,1,360.107863537,1,0.008164161,5,1,0.003875317,5,1,0,0,0,0,1,1,1,0,1,0,-1.000000000,0.000000000,0.000000000,0.000000000,0,-1.000000000,0,0,0,,0,-1.000000000,,0,0,0.000000000,0.000000000,0,-1.000000000,0,,0,-1.000000000,,0,-1.000000000,0,,1,-0.030380821,-1.740692813,-0.007326126,-0.036629677,1,3.141543627,179.997190971,-0.002442360,-2.769229889,1,-2.873217821,-164.623254772,-0.002442360,2.646154404,1,0.003242493,0.185781145,-0.007326126,0.407814026,1,-0.032404900,-1.856663982,-0.012210846,-0.003663063,-0.030762291,-1.762549419,0.000000000,-0.000000000,8.000000000,3.500000000,3.163287401,181.243017476,0.000000000,-2.804438829,2.000000000,0.500000000,-2.874362230,-164.688824588,0.000000000,2.659170151,1.000000000,0.500000000,0.000953674,0.054641513,0.000000000,0.414248645,0.500000000,0.200000003,-0.032404900,-1.856663982,0.000000000,-0.000039328,0.000000000,0.100000001
2026-07-05 14:55:08.611,1783234508.611681223,391.046926853,1,1,361.107526570,1,0.007868500,5,1,0.003707678,5,1,0,0,0,0,1,1,1,0,1,0,-1.000000000,0.000000000,0.000000000,0.000000000,0,-1.000000000,0,0,0,,0,-1.000000000,,0,0,0.000000000,0.000000000,0,-1.000000000,0,,0,-1.000000000,,0,-1.000000000,0,,1,-0.030380821,-1.740692813,-0.007326126,-0.031745911,1,3.141543627,179.997190971,-0.002442360,-2.769229889,1,-2.873217821,-164.623254772,-0.002442360,2.646154404,1,0.003242493,0.185781145,-0.007326126,0.407814026,1,-0.032404900,-1.856663982,-0.012210846,-0.003663063,-0.030762291,-1.762549419,0.000000000,-0.000000000,8.000000000,3.500000000,3.163287401,181.243017476,0.000000000,-2.804438829,2.000000000,0.500000000,-2.874362230,-164.688824588,0.000000000,2.659170151,1.000000000,0.500000000,0.000953674,0.054641513,0.000000000,0.414248645,0.500000000,0.200000003,-0.032404900,-1.856663982,0.000000000,-0.000039328,0.000000000,0.100000001
2026-07-05 14:55:09.611,1783234509.611549139,392.046794770,1,1,362.107394487,1,0.008686050,5,1,0.003796472,5,1,0,0,0,0,1,1,1,0,1,0,-1.000000000,0.000000000,0.000000000,0.000000000,0,-1.000000000,0,0,0,,0,-1.000000000,,0,0,0.000000000,0.000000000,0,-1.000000000,0,,0,-1.000000000,,0,-1.000000000,0,,1,-0.030380821,-1.740692813,0.007326126,-0.031745911,1,3.141543627,179.997190971,-0.002442360,-2.782905579,1,-2.873217821,-164.623254772,-0.002442360,2.632478714,1,0.003242493,0.185781145,-0.007326126,0.407814026,1,-0.032404900,-1.856663982,-0.012210846,-0.003663063,-0.030762291,-1.762549419,0.000000000,-0.000000000,8.000000000,3.500000000,3.163287401,181.243017476,0.000000000,-2.804438829,2.000000000,0.500000000,-2.874362230,-164.688824588,0.000000000,2.659170151,1.000000000,0.500000000,0.000953674,0.054641513,0.000000000,0.414248645,0.500000000,0.200000003,-0.032404900,-1.856663982,0.000000000,-0.000039328,0.000000000,0.100000001
2026-07-05 14:55:10.611,1783234510.611163616,393.046409345,1,1,363.107009062,1,0.008270959,5,1,0.003926961,5,1,0,0,0,0,1,1,1,0,1,0,-1.000000000,0.000000000,0.000000000,0.000000000,0,-1.000000000,0,0,0,,0,-1.000000000,,0,0,0.000000000,0.000000000,0,-1.000000000,0,,0,-1.000000000,,0,-1.000000000,0,,1,-0.030380821,-1.740692813,-0.021978378,-0.036629677,1,3.141543627,179.997190971,-0.007326126,-2.769229889,1,-2.873217821,-164.623254772,-0.002442360,2.632478714,1,0.003242493,0.185781145,0.007326126,0.407814026,1,-0.032404900,-1.856663982,0.012210846,-0.003663063,-0.030762291,-1.762549419,0.000000000,-0.000000000,8.000000000,3.500000000,3.163287401,181.243017476,0.000000000,-2.804438829,2.000000000,0.500000000,-2.874362230,-164.688824588,0.000000000,2.659170151,1.000000000,0.500000000,0.000953674,0.054641513,0.000000000,0.414248645,0.500000000,0.200000003,-0.032404900,-1.856663982,0.000000000,-0.000039328,0.000000000,0.100000001
2026-07-05 14:55:11.610,1783234511.610822678,394.046068338,1,1,364.106668055,1,0.008305067,5,1,0.003897021,5,1,0,0,0,0,1,1,1,0,1,0,-1.000000000,0.000000000,0.000000000,0.000000000,0,-1.000000000,0,0,0,,0,-1.000000000,,0,0,0.000000000,0.000000000,0,-1.000000000,0,,0,-1.000000000,,0,-1.000000000,0,,1,-0.030380821,-1.740692813,0.021978378,-0.026862144,1,3.141543627,179.997190971,-0.002442360,-2.782905579,1,-2.873217821,-164.623254772,-0.002442360,2.646154404,1,0.003242493,0.185781145,-0.007326126,0.407814026,1,-0.032404900,-1.856663982,-0.012210846,-0.003663063,-0.030762291,-1.762549419,0.000000000,-0.000000000,8.000000000,3.500000000,3.163287401,181.243017476,0.000000000,-2.804438829,2.000000000,0.500000000,-2.874362230,-164.688824588,0.000000000,2.659170151,1.000000000,0.500000000,0.000953674,0.054641513,0.000000000,0.414248645,0.500000000,0.200000003,-0.032404900,-1.856663982,0.000000000,-0.000039328,0.000000000,0.100000001
2026-07-05 14:55:12.615,1783234512.615602493,395.050848052,1,1,365.111447769,1,0.008470194,5,1,0.003812751,5,1,0,0,0,0,1,1,1,0,1,0,-1.000000000,0.000000000,0.000000000,0.000000000,0,-1.000000000,0,0,0,,0,-1.000000000,,0,0,0.000000000,0.000000000,0,-1.000000000,0,,0,-1.000000000,,0,-1.000000000,0,,1,-0.030380821,-1.740692813,-0.007326126,-0.036629677,1,3.141543627,179.997190971,-0.007326126,-2.769229889,1,-2.873217821,-164.623254772,-0.002442360,2.632478714,1,0.003242493,0.185781145,-0.007326126,0.407814026,1,-0.032404900,-1.856663982,-0.012210846,-0.003663063,-0.030762291,-1.762549419,0.000000000,-0.000000000,8.000000000,3.500000000,3.163287401,181.243017476,0.000000000,-2.804438829,2.000000000,0.500000000,-2.874362230,-164.688824588,0.000000000,2.659170151,1.000000000,0.500000000,0.000953674,0.054641513,0.000000000,0.414248645,0.500000000,0.200000003,-0.032404900,-1.856663982,0.000000000,-0.000039328,0.000000000,0.100000001
2026-07-05 14:55:13.623,1783234513.623173952,396.058419654,1,1,366.119019371,1,0.008466064,5,1,0.124692269,5,1,0,0,0,0,1,1,1,0,1,0,-1.000000000,0.000000000,0.000000000,0.000000000,0,-1.000000000,0,0,0,,0,-1.000000000,,0,0,0.000000000,0.000000000,0,-1.000000000,0,,0,-1.000000000,,0,-1.000000000,0,,1,-0.030380821,-1.740692813,0.007326126,-0.031745911,1,3.141543627,179.997190971,-0.002442360,-2.769229889,1,-2.873217821,-164.623254772,-0.007326126,2.632478714,1,0.003242493,0.185781145,-0.021978378,0.407814026,1,-0.032404900,-1.856663982,-0.012210846,-0.003663063,-0.030762291,-1.762549419,0.000000000,-0.000000000,8.000000000,3.500000000,3.163287401,181.243017476,0.000000000,-2.804438829,2.000000000,0.500000000,-2.874362230,-164.688824588,0.000000000,2.659170151,1.000000000,0.500000000,0.000953674,0.054641513,0.000000000,0.414248645,0.500000000,0.200000003,-0.032404900,-1.856663982,0.000000000,-0.000039328,0.000000000,0.100000001
2026-07-05 14:55:14.630,1783234514.630054951,397.065300640,1,1,367.125900357,1,0.008184550,5,1,1.131573255,5,1,0,0,0,0,1,1,1,0,1,0,-1.000000000,0.000000000,0.000000000,0.000000000,0,-1.000000000,0,0,0,,0,-1.000000000,,0,0,0.000000000,0.000000000,0,-1.000000000,0,,0,-1.000000000,,0,-1.000000000,0,,1,-0.030380821,-1.740692813,-0.007326126,-0.031745911,1,3.141543627,179.997190971,-0.002442360,-2.769229889,1,-2.873217821,-164.623254772,-0.002442360,2.632478714,1,0.003242493,0.185781145,0.007326126,0.407814026,1,-0.032404900,-1.856663982,0.012210846,-0.003663063,-0.030762291,-1.762549419,0.000000000,-0.000000000,8.000000000,3.500000000,3.163287401,181.243017476,0.000000000,-2.804438829,2.000000000,0.500000000,-2.874362230,-164.688824588,0.000000000,2.659170151,1.000000000,0.500000000,0.000953674,0.054641513,0.000000000,0.414248645,0.500000000,0.200000003,-0.032404900,-1.856663982,0.000000000,-0.000039328,0.000000000,0.100000001
2026-07-05 14:55:15.636,1783234515.636697292,398.071943142,1,1,368.132542859,1,0.008324205,5,1,2.138215757,5,1,0,0,0,0,1,1,1,0,1,0,-1.000000000,0.000000000,0.000000000,0.000000000,0,-1.000000000,0,0,0,,0,-1.000000000,,0,0,0.000000000,0.000000000,0,-1.000000000,0,,0,-1.000000000,,0,-1.000000000,0,,1,-0.030380821,-1.740692813,0.007326126,-0.036629677,1,3.141543627,179.997190971,-0.002442360,-2.782905579,1,-2.873217821,-164.623254772,-0.002442360,2.632478714,1,0.003242493,0.185781145,-0.007326126,0.407814026,1,-0.032404900,-1.856663982,-0.012210846,-0.003663063,-0.030762291,-1.762549419,0.000000000,-0.000000000,8.000000000,3.500000000,3.163287401,181.243017476,0.000000000,-2.804438829,2.000000000,0.500000000,-2.874362230,-164.688824588,0.000000000,2.659170151,1.000000000,0.500000000,0.000953674,0.054641513,0.000000000,0.414248645,0.500000000,0.200000003,-0.032404900,-1.856663982,0.000000000,-0.000039328,0.000000000,0.100000001
2026-07-05 14:55:16.643,1783234516.642975330,399.078220988,1,1,369.138820705,1,0.823113773,5,1,3.144493603,5,1,0,0,0,0,1,1,1,0,1,0,-1.000000000,0.000000000,0.000000000,0.000000000,0,-1.000000000,0,0,0,,0,-1.000000000,,0,0,0.000000000,0.000000000,0,-1.000000000,0,,0,-1.000000000,,0,-1.000000000,0,,1,-0.030380821,-1.740692813,-0.021978378,-0.036629677,1,3.141543627,179.997190971,-0.002442360,-2.769229889,1,-2.873217821,-164.623254772,-0.007326126,2.646154404,1,0.003242493,0.185781145,-0.007326126,0.407814026,1,-0.032404900,-1.856663982,-0.012210846,-0.003663063,-0.030762291,-1.762549419,0.000000000,-0.000000000,8.000000000,3.500000000,3.163287401,181.243017476,0.000000000,-2.804438829,2.000000000,0.500000000,-2.874362230,-164.688824588,0.000000000,2.659170151,1.000000000,0.500000000,0.000953674,0.054641513,0.000000000,0.414248645,0.500000000,0.200000003,-0.032404900,-1.856663982,0.000000000,-0.000039328,0.000000000,0.100000001
2026-07-05 14:55:17.648,1783234517.648783207,400.084028855,1,1,370.144628572,1,1.828921640,5,1,4.150301470,5,1,0,0,0,0,1,1,1,0,1,0,-1.000000000,0.000000000,0.000000000,0.000000000,0,-1.000000000,0,0,0,,0,-1.000000000,,0,0,0.000000000,0.000000000,0,-1.000000000,0,,0,-1.000000000,,0,-1.000000000,0,,1,-0.030380821,-1.740692813,-0.021978378,-0.036629677,1,3.141543627,179.997190971,-0.002442360,-2.769229889,1,-2.873217821,-164.623254772,-0.007326126,2.646154404,1,0.003242493,0.185781145,-0.007326126,0.407814026,1,-0.032404900,-1.856663982,-0.012210846,-0.003663063,-0.030762291,-1.762549419,0.000000000,-0.000000000,8.000000000,3.500000000,3.163287401,181.243017476,0.000000000,-2.804438829,2.000000000,0.500000000,-2.874362230,-164.688824588,0.000000000,2.659170151,1.000000000,0.500000000,0.000953674,0.054641513,0.000000000,0.414248645,0.500000000,0.200000003,-0.032404900,-1.856663982,0.000000000,-0.000039328,0.000000000,0.100000001
2026-07-05 14:55:18.654,1783234518.654258013,401.089503535,1,1,371.150103252,1,2.834396320,5,1,5.155776150,5,1,0,0,0,0,1,1,1,0,1,0,-1.000000000,0.000000000,0.000000000,0.000000000,0,-1.000000000,0,0,0,,0,-1.000000000,,0,0,0.000000000,0.000000000,0,-1.000000000,0,,0,-1.000000000,,0,-1.000000000,0,,1,-0.030380821,-1.740692813,-0.021978378,-0.036629677,1,3.141543627,179.997190971,-0.002442360,-2.769229889,1,-2.873217821,-164.623254772,-0.007326126,2.646154404,1,0.003242493,0.185781145,-0.007326126,0.407814026,1,-0.032404900,-1.856663982,-0.012210846,-0.003663063,-0.030762291,-1.762549419,0.000000000,-0.000000000,8.000000000,3.500000000,3.163287401,181.243017476,0.000000000,-2.804438829,2.000000000,0.500000000,-2.874362230,-164.688824588,0.000000000,2.659170151,1.000000000,0.500000000,0.000953674,0.054641513,0.000000000,0.414248645,0.500000000,0.200000003,-0.032404900,-1.856663982,0.000000000,-0.000039328,0.000000000,0.100000001
2026-07-05 14:55:19.659,1783234519.659616232,402.094861834,1,1,372.155461551,1,3.839754619,5,1,6.161134449,5,1,0,0,0,0,1,1,1,0,1,0,-1.000000000,0.000000000,0.000000000,0.000000000,0,-1.000000000,0,0,0,,0,-1.000000000,,0,0,0.000000000,0.000000000,0,-1.000000000,0,,0,-1.000000000,,0,-1.000000000,0,,1,-0.030380821,-1.740692813,-0.021978378,-0.036629677,1,3.141543627,179.997190971,-0.002442360,-2.769229889,1,-2.873217821,-164.623254772,-0.007326126,2.646154404,1,0.003242493,0.185781145,-0.007326126,0.407814026,1,-0.032404900,-1.856663982,-0.012210846,-0.003663063,-0.030762291,-1.762549419,0.000000000,-0.000000000,8.000000000,3.500000000,3.163287401,181.243017476,0.000000000,-2.804438829,2.000000000,0.500000000,-2.874362230,-164.688824588,0.000000000,2.659170151,1.000000000,0.500000000,0.000953674,0.054641513,0.000000000,0.414248645,0.500000000,0.200000003,-0.032404900,-1.856663982,0.000000000,-0.000039328,0.000000000,0.100000001
2026-07-05 14:55:20.664,1783234520.664497852,403.099743706,1,1,373.160343423,1,4.844636491,5,1,7.166016321,5,1,0,0,0,0,1,1,1,0,1,0,-1.000000000,0.000000000,0.000000000,0.000000000,0,-1.000000000,0,0,0,,0,-1.000000000,,0,0,0.000000000,0.000000000,0,-1.000000000,0,,0,-1.000000000,,0,-1.000000000,0,,1,-0.030380821,-1.740692813,-0.021978378,-0.036629677,1,3.141543627,179.997190971,-0.002442360,-2.769229889,1,-2.873217821,-164.623254772,-0.007326126,2.646154404,1,0.003242493,0.185781145,-0.007326126,0.407814026,1,-0.032404900,-1.856663982,-0.012210846,-0.003663063,-0.030762291,-1.762549419,0.000000000,-0.000000000,8.000000000,3.500000000,3.163287401,181.243017476,0.000000000,-2.804438829,2.000000000,0.500000000,-2.874362230,-164.688824588,0.000000000,2.659170151,1.000000000,0.500000000,0.000953674,0.054641513,0.000000000,0.414248645,0.500000000,0.200000003,-0.032404900,-1.856663982,0.000000000,-0.000039328,0.000000000,0.100000001
2026-07-05 14:55:21.669,1783234521.669182062,404.104427536,1,1,374.165027253,1,5.849320321,5,1,8.170700151,5,1,0,0,0,0,1,1,1,0,1,0,-1.000000000,0.000000000,0.000000000,0.000000000,0,-1.000000000,0,0,0,,0,-1.000000000,,0,0,0.000000000,0.000000000,0,-1.000000000,0,,0,-1.000000000,,0,-1.000000000,0,,1,-0.030380821,-1.740692813,-0.021978378,-0.036629677,1,3.141543627,179.997190971,-0.002442360,-2.769229889,1,-2.873217821,-164.623254772,-0.007326126,2.646154404,1,0.003242493,0.185781145,-0.007326126,0.407814026,1,-0.032404900,-1.856663982,-0.012210846,-0.003663063,-0.030762291,-1.762549419,0.000000000,-0.000000000,8.000000000,3.500000000,3.163287401,181.243017476,0.000000000,-2.804438829,2.000000000,0.500000000,-2.874362230,-164.688824588,0.000000000,2.659170151,1.000000000,0.500000000,0.000953674,0.054641513,0.000000000,0.414248645,0.500000000,0.200000003,-0.032404900,-1.856663982,0.000000000,-0.000039328,0.000000000,0.100000001
2026-07-05 14:55:22.673,1783234522.673310280,405.108556011,1,1,375.169155728,1,0.008245395,5,1,0.003873802,5,1,0,0,0,0,1,1,1,0,1,0,-1.000000000,0.000000000,0.000000000,0.000000000,0,-1.000000000,0,0,0,,0,-1.000000000,,0,0,0.000000000,0.000000000,0,-1.000000000,0,,0,-1.000000000,,0,-1.000000000,0,,1,-0.030380821,-1.740692813,-0.007326126,-0.031745911,1,3.141543627,179.997190971,-0.002442360,-2.782905579,1,-2.873217821,-164.623254772,-0.002442360,2.632478714,1,0.003242493,0.185781145,0.007326126,0.407814026,1,-0.032020569,-1.834643453,0.012210846,-0.003663063,-0.030762291,-1.762549419,0.000000000,-0.000000000,8.000000000,3.500000000,3.163287401,181.243017476,0.000000000,-2.804438829,2.000000000,0.500000000,-2.874362230,-164.688824588,0.000000000,2.659170151,1.000000000,0.500000000,0.000953674,0.054641513,0.000000000,0.414248645,0.500000000,0.200000003,-0.032404900,-1.856663982,0.000000000,-0.000039328,0.000000000,0.100000001
2026-07-05 14:55:23.677,1783234523.677457571,406.112703367,1,1,376.173303084,1,0.239183966,5,1,0.234737870,5,1,0,0,0,0,1,1,1,0,1,0,-1.000000000,0.000000000,0.000000000,0.000000000,0,-1.000000000,0,0,0,,0,-1.000000000,,0,0,0.000000000,0.000000000,0,-1.000000000,0,,0,-1.000000000,,0,-1.000000000,0,,1,-0.030380821,-1.740692813,-0.007326126,-0.031745911,1,3.141543627,179.997190971,-0.002442360,-2.782905579,1,-2.873217821,-164.623254772,-0.002442360,2.632478714,1,0.003242493,0.185781145,-0.007326126,0.407814026,1,-0.032404900,-1.856663982,-0.036628723,-0.003663063,-0.030762291,-1.762549419,0.000000000,-0.000000000,8.000000000,3.500000000,3.163287401,181.243017476,0.000000000,-2.804438829,2.000000000,0.500000000,-2.874362230,-164.688824588,0.000000000,2.659170151,1.000000000,0.500000000,0.000953674,0.054641513,0.000000000,0.414248645,0.500000000,0.200000003,-0.032404900,-1.856663982,0.000000000,-0.000039328,0.000000000,0.100000001
2026-07-05 14:55:24.681,1783234524.681430817,407.116676420,1,1,377.177276137,1,1.243157019,5,1,1.238710923,5,1,0,0,0,0,1,1,1,0,1,0,-1.000000000,0.000000000,0.000000000,0.000000000,0,-1.000000000,0,0,0,,0,-1.000000000,,0,0,0.000000000,0.000000000,0,-1.000000000,0,,0,-1.000000000,,0,-1.000000000,0,,1,-0.030380821,-1.740692813,-0.007326126,-0.031745911,1,3.141543627,179.997190971,-0.002442360,-2.782905579,1,-2.873217821,-164.623254772,-0.002442360,2.632478714,1,0.003242493,0.185781145,-0.007326126,0.407814026,1,-0.032404900,-1.856663982,-0.036628723,-0.003663063,-0.030762291,-1.762549419,0.000000000,-0.000000000,8.000000000,3.500000000,3.163287401,181.243017476,0.000000000,-2.804438829,2.000000000,0.500000000,-2.874362230,-164.688824588,0.000000000,2.659170151,1.000000000,0.500000000,0.000953674,0.054641513,0.000000000,0.414248645,0.500000000,0.200000003,-0.032404900,-1.856663982,0.000000000,-0.000039328,0.000000000,0.100000001
2026-07-05 14:55:25.685,1783234525.685059309,408.120304926,1,1,378.180904643,1,0.008351551,5,1,0.149266933,5,1,0,0,0,0,1,1,1,0,1,0,-1.000000000,0.000000000,0.000000000,0.000000000,0,-1.000000000,0,0,0,,0,-1.000000000,,0,0,0.000000000,0.000000000,0,-1.000000000,0,,0,-1.000000000,,0,-1.000000000,0,,1,-0.030380821,-1.740692813,-0.007326126,-0.036629677,1,3.141543627,179.997190971,-0.002442360,-2.769229889,1,-2.872836351,-164.601398167,-0.002442360,2.632478714,1,0.003242493,0.185781145,0.007326126,0.407814026,1,-0.032404900,-1.856663982,-0.012210846,-0.003663063,-0.030762291,-1.762549419,0.000000000,-0.000000000,8.000000000,3.500000000,3.163287401,181.243017476,0.000000000,-2.804438829,2.000000000,0.500000000,-2.874362230,-164.688824588,0.000000000,2.659170151,1.000000000,0.500000000,0.000953674,0.054641513,0.000000000,0.414248645,0.500000000,0.200000003,-0.032404900,-1.856663982,0.000000000,-0.000039328,0.000000000,0.100000001
2026-07-05 14:55:26.688,1783234526.688651085,409.123896610,1,1,379.184496327,1,0.008336611,5,1,0.003823029,5,1,0,0,0,0,1,1,1,0,1,0,-1.000000000,0.000000000,0.000000000,0.000000000,0,-1.000000000,0,0,0,,0,-1.000000000,,0,0,0.000000000,0.000000000,0,-1.000000000,0,,0,-1.000000000,,0,-1.000000000,0,,1,-0.030380821,-1.740692813,-0.007326126,-0.036629677,1,3.141543627,179.997190971,-0.002442360,-2.769229889,1,-2.873217821,-164.623254772,-0.002442360,2.646154404,1,0.003242493,0.185781145,-0.007326126,0.407814026,1,-0.032404900,-1.856663982,-0.012210846,-0.003663063,-0.030762291,-1.762549419,0.000000000,-0.000000000,8.000000000,3.500000000,3.163287401,181.243017476,0.000000000,-2.804438829,2.000000000,0.500000000,-2.874362230,-164.688824588,0.000000000,2.659170151,1.000000000,0.500000000,0.000953674,0.054641513,0.000000000,0.414248645,0.500000000,0.200000003,-0.032404900,-1.856663982,0.000000000,-0.000039328,0.000000000,0.100000001
2026-07-05 14:55:27.691,1783234527.691827059,410.127072629,1,1,380.187672346,1,0.008161324,5,1,0.003715437,5,1,0,0,0,0,1,1,1,0,1,0,-1.000000000,0.000000000,0.000000000,0.000000000,0,-1.000000000,0,0,0,,0,-1.000000000,,0,0,0.000000000,0.000000000,0,-1.000000000,0,,0,-1.000000000,,0,-1.000000000,0,,1,-0.030380821,-1.740692813,-0.007326126,-0.036629677,1,3.141543627,179.997190971,0.002442360,-2.782905579,1,-2.873217821,-164.623254772,-0.002442360,2.632478714,1,0.003242493,0.185781145,-0.007326126,0.407814026,1,-0.032404900,-1.856663982,-0.012210846,-0.003663063,-0.030762291,-1.762549419,0.000000000,-0.000000000,8.000000000,3.500000000,3.163287401,181.243017476,0.000000000,-2.804438829,2.000000000,0.500000000,-2.874362230,-164.688824588,0.000000000,2.659170151,1.000000000,0.500000000,0.000953674,0.054641513,0.000000000,0.414248645,0.500000000,0.200000003,-0.032404900,-1.856663982,0.000000000,-0.000039328,0.000000000,0.100000001
2026-07-05 14:55:28.695,1783234528.695047617,411.130293371,1,1,381.190893088,1,0.008101943,5,1,0.003747937,5,1,0,0,0,0,1,1,1,0,1,0,-1.000000000,0.000000000,0.000000000,0.000000000,0,-1.000000000,0,0,0,,0,-1.000000000,,0,0,0.000000000,0.000000000,0,-1.000000000,0,,0,-1.000000000,,0,-1.000000000,0,,1,-0.030380821,-1.740692813,0.007326126,-0.031745911,1,3.141543627,179.997190971,-0.002442360,-2.769229889,1,-2.872836351,-164.601398167,-0.002442360,2.646154404,1,0.003242493,0.185781145,0.007326126,0.407814026,1,-0.032404900,-1.856663982,-0.012210846,-0.003663063,-0.030762291,-1.762549419,0.000000000,-0.000000000,8.000000000,3.500000000,3.163287401,181.243017476,0.000000000,-2.804438829,2.000000000,0.500000000,-2.874362230,-164.688824588,0.000000000,2.659170151,1.000000000,0.500000000,0.000953674,0.054641513,0.000000000,0.414248645,0.500000000,0.200000003,-0.032404900,-1.856663982,0.000000000,-0.000039328,0.000000000,0.100000001
2026-07-05 14:55:29.697,1783234529.697894335,412.133139970,1,1,382.193739687,1,0.007991350,5,1,0.003855675,5,1,0,0,0,0,1,1,1,0,1,0,-1.000000000,0.000000000,0.000000000,0.000000000,0,-1.000000000,0,0,0,,0,-1.000000000,,0,0,0.000000000,0.000000000,0,-1.000000000,0,,0,-1.000000000,,0,-1.000000000,0,,1,-0.030380821,-1.740692813,-0.007326126,-0.031745911,1,3.141543627,179.997190971,-0.002442360,-2.769229889,1,-2.873217821,-164.623254772,-0.002442360,2.632478714,1,0.003242493,0.185781145,0.007326126,0.407814026,1,-0.032404900,-1.856663982,-0.036628723,-0.003663063,-0.030762291,-1.762549419,0.000000000,-0.000000000,8.000000000,3.500000000,3.163287401,181.243017476,0.000000000,-2.804438829,2.000000000,0.500000000,-2.874362230,-164.688824588,0.000000000,2.659170151,1.000000000,0.500000000,0.000953674,0.054641513,0.000000000,0.414248645,0.500000000,0.200000003,-0.032404900,-1.856663982,0.000000000,-0.000039328,0.000000000,0.100000001
2026-07-05 14:55:30.701,1783234530.700963020,413.136208807,1,1,383.196808524,1,0.008174564,5,1,0.003718220,5,1,0,0,0,0,1,1,1,0,1,0,-1.000000000,0.000000000,0.000000000,0.000000000,0,-1.000000000,0,0,0,,0,-1.000000000,,0,0,0.000000000,0.000000000,0,-1.000000000,0,,0,-1.000000000,,0,-1.000000000,0,,1,-0.030380821,-1.740692813,-0.007326126,-0.036629677,1,3.141543627,179.997190971,-0.002442360,-2.769229889,1,-2.873217821,-164.623254772,-0.007326126,2.646154404,1,0.003242493,0.185781145,-0.007326126,0.407814026,1,-0.032404900,-1.856663982,0.012210846,-0.003663063,-0.030762291,-1.762549419,0.000000000,-0.000000000,8.000000000,3.500000000,3.163287401,181.243017476,0.000000000,-2.804438829,2.000000000,0.500000000,-2.874362230,-164.688824588,0.000000000,2.659170151,1.000000000,0.500000000,0.000953674,0.054641513,0.000000000,0.414248645,0.500000000,0.200000003,-0.032404900,-1.856663982,0.000000000,-0.000039328,0.000000000,0.100000001
