wall_time,ros_time_sec,elapsed_sec,has_ready,driver_ready,ready_age_sec,has_state,state_age_sec,state_size,has_command,command_age_sec,command_size,service_mode,service_suction,service_pick,service_place,service_stack,service_payload_estimate,service_payload_state,service_arm_mission,service_nav_arm_event,action_move_joint,has_nav_state,nav_state_age_sec,nav_state_x,nav_state_y,nav_state_yaw,has_nav_task_points,nav_task_points_age_sec,nav_task_points_count,nav_task_points_min_id,nav_task_points_max_id,nav_task_points_summary,has_nav_mission_request,nav_mission_request_age_sec,nav_mission_action,nav_mission_task_index,nav_mission_point_id,nav_mission_x,nav_mission_y,has_nav_mission_response,nav_mission_response_age_sec,nav_mission_response_success,nav_mission_response_message,has_nav_arm_event_request,nav_arm_event_request_age_sec,nav_arm_event_request_message,has_nav_arm_event_response,nav_arm_event_response_age_sec,nav_arm_event_response_success,nav_arm_event_response_message,state_valid_0,state_q_rad_0,state_q_deg_0,state_dq_0,state_tau_est_0,state_valid_1,state_q_rad_1,state_q_deg_1,state_dq_1,state_tau_est_1,state_valid_2,state_q_rad_2,state_q_deg_2,state_dq_2,state_tau_est_2,state_valid_3,state_q_rad_3,state_q_deg_3,state_dq_3,state_tau_est_3,state_valid_4,state_q_rad_4,state_q_deg_4,state_dq_4,state_tau_est_4,cmd_q_rad_0,cmd_q_deg_0,cmd_dq_0,cmd_tau_0,cmd_kp_0,cmd_kd_0,cmd_q_rad_1,cmd_q_deg_1,cmd_dq_1,cmd_tau_1,cmd_kp_1,cmd_kd_1,cmd_q_rad_2,cmd_q_deg_2,cmd_dq_2,cmd_tau_2,cmd_kp_2,cmd_kd_2,cmd_q_rad_3,cmd_q_deg_3,cmd_dq_3,cmd_tau_3,cmd_kp_3,cmd_kd_3,cmd_q_rad_4,cmd_q_deg_4,cmd_dq_4,cmd_tau_4,cmd_kp_4,cmd_kd_4
2026-07-04 17:15:37.317,1783156537.317910671,1.019522570,1,1,0.998828988,1,0.003581549,5,1,0.008792565,5,1,0,0,0,0,1,1,0,0,1,0,-1.000000000,0.000000000,0.000000000,0.000000000,0,-1.000000000,0,0,0,,0,-1.000000000,,0,0,0.000000000,0.000000000,0,-1.000000000,0,,0,-1.000000000,,0,-1.000000000,0,,1,0.039810561,2.280977105,0.007326126,-0.012209892,1,3.146884203,180.303183446,-0.002442360,-2.700855255,1,-2.898014307,-166.043988761,-0.002442360,2.673503876,1,-0.202372551,-11.595093060,-0.007326126,0.422466278,1,0.914048195,52.371103838,0.012210846,-0.001221180,0.039810561,2.280977105,0.000000000,-0.000000000,2.000000000,1.000000000,3.156802416,180.871455185,0.000000000,-2.766747713,8.500000000,2.500000000,-2.898777246,-166.087701972,0.000000000,2.697513819,3.000000000,0.800000012,-0.204279900,-11.704376086,0.000000000,0.431604922,1.200000048,0.200000003,0.913664818,52.349137950,0.000000000,0.000147920,0.100000001,0.020000000
2026-07-04 17:15:38.317,1783156538.317667007,2.019278847,1,1,1.998585265,1,0.003639652,5,1,0.008851322,5,1,0,0,0,0,1,1,1,0,1,0,-1.000000000,0.000000000,0.000000000,0.000000000,0,-1.000000000,0,0,0,,0,-1.000000000,,0,0,0.000000000,0.000000000,0,-1.000000000,0,,0,-1.000000000,,0,-1.000000000,0,,1,0.039810561,2.280977105,-0.007326126,-0.012209892,1,3.146884203,180.303183446,-0.002442360,-2.700855255,1,-2.898014307,-166.043988761,-0.002442360,2.673503876,1,-0.202372551,-11.595093060,-0.007326126,0.422466278,1,0.913664818,52.349137950,-0.012210846,-0.001221180,0.039810561,2.280977105,0.000000000,-0.000000000,2.000000000,1.000000000,3.156802416,180.871455185,0.000000000,-2.766747713,8.500000000,2.500000000,-2.898777246,-166.087701972,0.000000000,2.697513819,3.000000000,0.800000012,-0.204279900,-11.704376086,0.000000000,0.431604922,1.200000048,0.200000003,0.913664818,52.349137950,0.000000000,0.000147920,0.100000001,0.020000000
2026-07-04 17:15:39.317,1783156539.317245483,3.018857242,1,1,2.998163660,1,0.003167180,5,1,0.008821933,5,1,0,0,0,0,1,1,1,0,1,0,-1.000000000,0.000000000,0.000000000,0.000000000,0,-1.000000000,0,0,0,,0,-1.000000000,,0,0,0.000000000,0.000000000,0,-1.000000000,0,,0,-1.000000000,,0,-1.000000000,0,,1,0.039810561,2.280977105,-0.007326126,-0.012209892,1,3.146884203,180.303183446,-0.002442360,-2.700855255,1,-2.898014307,-166.043988761,-0.002442360,2.673503876,1,-0.201991081,-11.573236454,0.021978378,0.422466278,1,0.913664818,52.349137950,-0.012210846,-0.003663063,0.039810561,2.280977105,0.000000000,-0.000000000,2.000000000,1.000000000,3.156802416,180.871455185,0.000000000,-2.766747713,8.500000000,2.500000000,-2.898777246,-166.087701972,0.000000000,2.697513819,3.000000000,0.800000012,-0.204279900,-11.704376086,0.000000000,0.431604922,1.200000048,0.200000003,0.913664818,52.349137950,0.000000000,0.000147920,0.100000001,0.020000000
2026-07-04 17:15:40.317,1783156540.317881823,4.019493498,1,1,3.998799916,1,0.003203410,5,1,0.008906676,5,1,0,0,0,0,1,1,1,0,1,0,-1.000000000,0.000000000,0.000000000,0.000000000,0,-1.000000000,0,0,0,,0,-1.000000000,,0,0,0.000000000,0.000000000,0,-1.000000000,0,,0,-1.000000000,,0,-1.000000000,0,,1,0.039810561,2.280977105,0.007326126,-0.012209892,1,3.146884203,180.303183446,-0.002442360,-2.700855255,1,-2.898014307,-166.043988761,-0.002442360,2.673503876,1,-0.201991081,-11.573236454,-0.007326126,0.422466278,1,0.913664818,52.349137950,-0.012210846,-0.001221180,0.039810561,2.280977105,0.000000000,-0.000000000,2.000000000,1.000000000,3.156802416,180.871455185,0.000000000,-2.766747713,8.500000000,2.500000000,-2.898777246,-166.087701972,0.000000000,2.697513819,3.000000000,0.800000012,-0.204279900,-11.704376086,0.000000000,0.431604922,1.200000048,0.200000003,0.913664818,52.349137950,0.000000000,0.000147920,0.100000001,0.020000000
2026-07-04 17:15:41.320,1783156541.320206404,5.021818144,1,1,5.001124562,1,0.002815070,5,1,0.008884995,5,1,0,0,0,0,1,1,1,0,1,0,-1.000000000,0.000000000,0.000000000,0.000000000,0,-1.000000000,0,0,0,,0,-1.000000000,,0,0,0.000000000,0.000000000,0,-1.000000000,0,,0,-1.000000000,,0,-1.000000000,0,,1,0.039810561,2.280977105,0.007326126,-0.012209892,1,3.146884203,180.303183446,-0.002442360,-2.700855255,1,-2.898014307,-166.043988761,-0.007326126,2.673503876,1,-0.201991081,-11.573236454,-0.007326126,0.422466278,1,0.913664818,52.349137950,-0.036628723,-0.003663063,0.039810561,2.280977105,0.000000000,-0.000000000,2.000000000,1.000000000,3.156802416,180.871455185,0.000000000,-2.766747713,8.500000000,2.500000000,-2.898777246,-166.087701972,0.000000000,2.697513819,3.000000000,0.800000012,-0.204279900,-11.704376086,0.000000000,0.431604922,1.200000048,0.200000003,0.913664818,52.349137950,0.000000000,0.000147920,0.100000001,0.020000000
2026-07-04 17:15:42.322,1783156542.322627783,6.024239542,1,1,6.003545960,1,0.002978419,5,1,0.009231402,5,1,0,0,0,0,1,1,1,0,1,0,-1.000000000,0.000000000,0.000000000,0.000000000,0,-1.000000000,0,0,0,,0,-1.000000000,,0,0,0.000000000,0.000000000,0,-1.000000000,0,,0,-1.000000000,,0,-1.000000000,0,,1,0.039810561,2.280977105,-0.007326126,-0.012209892,1,3.146884203,180.303183446,-0.002442360,-2.700855255,1,-2.898014307,-166.043988761,-0.002442360,2.673503876,1,-0.201609612,-11.551379849,0.007326126,0.422466278,1,0.913664818,52.349137950,-0.012210846,-0.003663063,0.039810561,2.280977105,0.000000000,-0.000000000,2.000000000,1.000000000,3.156802416,180.871455185,0.000000000,-2.766747713,8.500000000,2.500000000,-2.898777246,-166.087701972,0.000000000,2.697513819,3.000000000,0.800000012,-0.204279900,-11.704376086,0.000000000,0.431604922,1.200000048,0.200000003,0.913664818,52.349137950,0.000000000,0.000147920,0.100000001,0.020000000
2026-07-04 17:15:43.324,1783156543.324739933,7.026351623,1,1,7.005658041,1,0.003326707,5,1,0.008957788,5,1,0,0,0,0,1,1,1,0,1,0,-1.000000000,0.000000000,0.000000000,0.000000000,0,-1.000000000,0,0,0,,0,-1.000000000,,0,0,0.000000000,0.000000000,0,-1.000000000,0,,0,-1.000000000,,0,-1.000000000,0,,1,0.039810561,2.280977105,-0.007326126,-0.012209892,1,3.146884203,180.303183446,-0.002442360,-2.700855255,1,-2.898014307,-166.043988761,-0.002442360,2.673503876,1,-0.201991081,-11.573236454,-0.007326126,0.417582512,1,0.913664818,52.349137950,-0.036628723,-0.003663063,0.039810561,2.280977105,0.000000000,-0.000000000,2.000000000,1.000000000,3.156802416,180.871455185,0.000000000,-2.766747713,8.500000000,2.500000000,-2.898777246,-166.087701972,0.000000000,2.697513819,3.000000000,0.800000012,-0.204279900,-11.704376086,0.000000000,0.431604922,1.200000048,0.200000003,0.913664818,52.349137950,0.000000000,0.000147920,0.100000001,0.020000000
2026-07-04 17:15:44.326,1783156544.326895952,8.028507509,1,1,8.007813927,1,0.002825966,5,1,0.008817636,5,1,0,0,0,0,1,1,1,0,1,0,-1.000000000,0.000000000,0.000000000,0.000000000,0,-1.000000000,0,0,0,,0,-1.000000000,,0,0,0.000000000,0.000000000,0,-1.000000000,0,,0,-1.000000000,,0,-1.000000000,0,,1,0.039810561,2.280977105,-0.007326126,-0.012209892,1,3.146884203,180.303183446,-0.002442360,-2.700855255,1,-2.898014307,-166.043988761,-0.002442360,2.673503876,1,-0.201991081,-11.573236454,-0.021978378,0.422466278,1,0.913664818,52.349137950,-0.012210846,-0.003663063,0.039810561,2.280977105,0.000000000,-0.000000000,2.000000000,1.000000000,3.156802416,180.871455185,0.000000000,-2.766747713,8.500000000,2.500000000,-2.898777246,-166.087701972,0.000000000,2.697513819,3.000000000,0.800000012,-0.204279900,-11.704376086,0.000000000,0.431604922,1.200000048,0.200000003,0.913664818,52.349137950,0.000000000,0.000147920,0.100000001,0.020000000
2026-07-04 17:15:45.329,1783156545.328992367,9.030604031,1,1,9.009910449,1,0.003097536,5,1,0.008903038,5,1,0,0,0,0,1,1,1,0,1,0,-1.000000000,0.000000000,0.000000000,0.000000000,0,-1.000000000,0,0,0,,0,-1.000000000,,0,0,0.000000000,0.000000000,0,-1.000000000,0,,0,-1.000000000,,0,-1.000000000,0,,1,0.039810561,2.280977105,-0.007326126,-0.012209892,1,3.146884203,180.303183446,-0.002442360,-2.700855255,1,-2.898014307,-166.043988761,-0.007326126,2.673503876,1,-0.201609612,-11.551379849,-0.021978378,0.417582512,1,0.913281441,52.327172062,-0.036628723,-0.001221180,0.039810561,2.280977105,0.000000000,-0.000000000,2.000000000,1.000000000,3.156802416,180.871455185,0.000000000,-2.766747713,8.500000000,2.500000000,-2.898777246,-166.087701972,0.000000000,2.697513819,3.000000000,0.800000012,-0.204279900,-11.704376086,0.000000000,0.431604922,1.200000048,0.200000003,0.913664818,52.349137950,0.000000000,0.000147920,0.100000001,0.020000000
2026-07-04 17:15:46.331,1783156546.331021547,10.032633265,1,1,10.011939683,1,0.002826107,5,1,0.008923364,5,1,0,0,0,0,1,1,1,0,1,0,-1.000000000,0.000000000,0.000000000,0.000000000,0,-1.000000000,0,0,0,,0,-1.000000000,,0,0,0.000000000,0.000000000,0,-1.000000000,0,,0,-1.000000000,,0,-1.000000000,0,,1,0.039429091,2.259120500,-0.021978378,-0.012209892,1,3.146121264,180.259470235,-0.002442360,-2.687179565,1,-2.898014307,-166.043988761,-0.002442360,2.673503876,1,-0.201609612,-11.551379849,0.007326126,0.417582512,1,0.913664818,52.349137950,-0.012210846,-0.003663063,0.039810561,2.280977105,0.000000000,-0.000000000,2.000000000,1.000000000,3.156802416,180.871455185,0.000000000,-2.766747713,8.500000000,2.500000000,-2.898777246,-166.087701972,0.000000000,2.697513819,3.000000000,0.800000012,-0.204279900,-11.704376086,0.000000000,0.431604922,1.200000048,0.200000003,0.913664818,52.349137950,0.000000000,0.000147920,0.100000001,0.020000000
2026-07-04 17:15:47.333,1783156547.332985401,11.034597052,1,1,11.013903470,1,0.003210386,5,1,0.009158376,5,1,0,0,0,0,1,1,1,0,1,0,-1.000000000,0.000000000,0.000000000,0.000000000,0,-1.000000000,0,0,0,,0,-1.000000000,,0,0,0.000000000,0.000000000,0,-1.000000000,0,,0,-1.000000000,,0,-1.000000000,0,,1,0.039810561,2.280977105,-0.007326126,-0.012209892,1,3.146121264,180.259470235,-0.002442360,-2.700855255,1,-2.898014307,-166.043988761,0.002442360,2.673503876,1,-0.201609612,-11.551379849,-0.007326126,0.422466278,1,0.913664818,52.349137950,-0.036628723,-0.003663063,0.039810561,2.280977105,0.000000000,-0.000000000,2.000000000,1.000000000,3.156802416,180.871455185,0.000000000,-2.766747713,8.500000000,2.500000000,-2.898777246,-166.087701972,0.000000000,2.697513819,3.000000000,0.800000012,-0.204279900,-11.704376086,0.000000000,0.431604922,1.200000048,0.200000003,0.913664818,52.349137950,0.000000000,0.000147920,0.100000001,0.020000000
2026-07-04 17:15:48.334,1783156548.334912062,12.036523803,1,1,12.015830221,1,0.002465260,5,1,0.008910840,5,1,0,0,0,0,1,1,1,0,1,0,-1.000000000,0.000000000,0.000000000,0.000000000,0,-1.000000000,0,0,0,,0,-1.000000000,,0,0,0.000000000,0.000000000,0,-1.000000000,0,,0,-1.000000000,,0,-1.000000000,0,,1,0.039810561,2.280977105,-0.007326126,-0.012209892,1,3.146121264,180.259470235,-0.002442360,-2.700855255,1,-2.898014307,-166.043988761,-0.002442360,2.673503876,1,-0.201609612,-11.551379849,-0.007326126,0.417582512,1,0.913664818,52.349137950,-0.036628723,-0.003663063,0.039810561,2.280977105,0.000000000,-0.000000000,2.000000000,1.000000000,3.156802416,180.871455185,0.000000000,-2.766747713,8.500000000,2.500000000,-2.898777246,-166.087701972,0.000000000,2.697513819,3.000000000,0.800000012,-0.204279900,-11.704376086,0.000000000,0.431604922,1.200000048,0.200000003,0.913664818,52.349137950,0.000000000,0.000147920,0.100000001,0.020000000
2026-07-04 17:15:49.336,1783156549.336700916,13.038312706,1,1,13.017619124,1,0.002778931,5,1,0.008882691,5,1,0,0,0,0,1,1,1,0,1,0,-1.000000000,0.000000000,0.000000000,0.000000000,0,-1.000000000,0,0,0,,0,-1.000000000,,0,0,0.000000000,0.000000000,0,-1.000000000,0,,0,-1.000000000,,0,-1.000000000,0,,1,0.039810561,2.280977105,-0.021978378,-0.012209892,1,3.146121264,180.259470235,-0.007326126,-2.700855255,1,-2.898014307,-166.043988761,-0.002442360,2.673503876,1,-0.201609612,-11.551379849,-0.007326126,0.422466278,1,0.913664818,52.349137950,0.012210846,-0.003663063,0.039810561,2.280977105,0.000000000,-0.000000000,2.000000000,1.000000000,3.156802416,180.871455185,0.000000000,-2.766747713,8.500000000,2.500000000,-2.898777246,-166.087701972,0.000000000,2.697513819,3.000000000,0.800000012,-0.204279900,-11.704376086,0.000000000,0.431604922,1.200000048,0.200000003,0.913664818,52.349137950,0.000000000,0.000147920,0.100000001,0.020000000
2026-07-04 17:15:50.338,1783156550.338414669,14.040026331,1,1,14.019332749,1,0.002943853,5,1,0.008779211,5,1,0,0,0,0,1,1,1,0,1,0,-1.000000000,0.000000000,0.000000000,0.000000000,0,-1.000000000,0,0,0,,0,-1.000000000,,0,0,0.000000000,0.000000000,0,-1.000000000,0,,0,-1.000000000,,0,-1.000000000,0,,1,0.039810561,2.280977105,-0.021978378,-0.012209892,1,3.146121264,180.259470235,-0.002442360,-2.687179565,1,-2.898014307,-166.043988761,0.002442360,2.673503876,1,-0.201991081,-11.573236454,-0.007326126,0.422466278,1,0.913664818,52.349137950,0.012210846,-0.003663063,0.039810561,2.280977105,0.000000000,-0.000000000,2.000000000,1.000000000,3.156802416,180.871455185,0.000000000,-2.766747713,8.500000000,2.500000000,-2.898777246,-166.087701972,0.000000000,2.697513819,3.000000000,0.800000012,-0.204279900,-11.704376086,0.000000000,0.431604922,1.200000048,0.200000003,0.913664818,52.349137950,0.000000000,0.000147920,0.100000001,0.020000000
2026-07-04 17:15:51.340,1783156551.340198040,15.041809811,1,1,15.021116229,1,0.003077248,5,1,0.008782236,5,1,0,0,0,0,1,1,1,0,1,0,-1.000000000,0.000000000,0.000000000,0.000000000,0,-1.000000000,0,0,0,,0,-1.000000000,,0,0,0.000000000,0.000000000,0,-1.000000000,0,,0,-1.000000000,,0,-1.000000000,0,,1,0.039810561,2.280977105,-0.007326126,-0.012209892,1,3.146121264,180.259470235,-0.002442360,-2.700855255,1,-2.898014307,-166.043988761,-0.002442360,2.673503876,1,-0.201991081,-11.573236454,-0.007326126,0.422466278,1,0.913664818,52.349137950,-0.012210846,-0.003663063,0.039810561,2.280977105,0.000000000,-0.000000000,2.000000000,1.000000000,3.156802416,180.871455185,0.000000000,-2.766747713,8.500000000,2.500000000,-2.898777246,-166.087701972,0.000000000,2.697513819,3.000000000,0.800000012,-0.204279900,-11.704376086,0.000000000,0.431604922,1.200000048,0.200000003,0.913664818,52.349137950,0.000000000,0.000147920,0.100000001,0.020000000
2026-07-04 17:15:52.341,1783156552.341881752,16.043493672,1,1,16.022800090,1,0.002813342,5,1,0.008919850,5,1,0,0,0,0,1,1,1,0,1,0,-1.000000000,0.000000000,0.000000000,0.000000000,0,-1.000000000,0,0,0,,0,-1.000000000,,0,0,0.000000000,0.000000000,0,-1.000000000,0,,0,-1.000000000,,0,-1.000000000,0,,1,0.039810561,2.280977105,-0.007326126,-0.012209892,1,3.146121264,180.259470235,-0.002442360,-2.700855255,1,-2.898014307,-166.043988761,-0.002442360,2.673503876,1,-0.201609612,-11.551379849,-0.007326126,0.422466278,1,0.913281441,52.327172062,-0.036628723,-0.003663063,0.039810561,2.280977105,0.000000000,-0.000000000,2.000000000,1.000000000,3.156802416,180.871455185,0.000000000,-2.766747713,8.500000000,2.500000000,-2.898777246,-166.087701972,0.000000000,2.697513819,3.000000000,0.800000012,-0.204279900,-11.704376086,0.000000000,0.431604922,1.200000048,0.200000003,0.913664818,52.349137950,0.000000000,0.000147920,0.100000001,0.020000000
2026-07-04 17:15:53.343,1783156553.343475103,17.045087061,1,1,17.024393479,1,0.003543914,5,1,0.008865611,5,1,0,0,0,0,1,1,1,0,1,0,-1.000000000,0.000000000,0.000000000,0.000000000,0,-1.000000000,0,0,0,,0,-1.000000000,,0,0,0.000000000,0.000000000,0,-1.000000000,0,,0,-1.000000000,,0,-1.000000000,0,,1,0.039429091,2.259120500,-0.007326126,-0.012209892,1,3.146121264,180.259470235,-0.002442360,-2.687179565,1,-2.898014307,-166.043988761,-0.002442360,2.673503876,1,-0.201609612,-11.551379849,-0.007326126,0.417582512,1,0.913664818,52.349137950,-0.012210846,-0.003663063,0.039810561,2.280977105,0.000000000,-0.000000000,2.000000000,1.000000000,3.156802416,180.871455185,0.000000000,-2.766747713,8.500000000,2.500000000,-2.898777246,-166.087701972,0.000000000,2.697513819,3.000000000,0.800000012,-0.204279900,-11.704376086,0.000000000,0.431604922,1.200000048,0.200000003,0.913664818,52.349137950,0.000000000,0.000147920,0.100000001,0.020000000
2026-07-04 17:15:54.345,1783156554.345133305,18.046744930,1,1,18.026051348,1,0.003005135,5,1,0.008874138,5,1,0,0,0,0,1,1,1,0,1,0,-1.000000000,0.000000000,0.000000000,0.000000000,0,-1.000000000,0,0,0,,0,-1.000000000,,0,0,0.000000000,0.000000000,0,-1.000000000,0,,0,-1.000000000,,0,-1.000000000,0,,1,0.039810561,2.280977105,-0.007326126,-0.012209892,1,3.146121264,180.259470235,-0.002442360,-2.687179565,1,-2.898014307,-166.043988761,-0.002442360,2.673503876,1,-0.201609612,-11.551379849,-0.007326126,0.417582512,1,0.913281441,52.327172062,-0.036628723,-0.003663063,0.039810561,2.280977105,0.000000000,-0.000000000,2.000000000,1.000000000,3.156802416,180.871455185,0.000000000,-2.766747713,8.500000000,2.500000000,-2.898777246,-166.087701972,0.000000000,2.697513819,3.000000000,0.800000012,-0.204279900,-11.704376086,0.000000000,0.431604922,1.200000048,0.200000003,0.913664818,52.349137950,0.000000000,0.000147920,0.100000001,0.020000000
2026-07-04 17:15:55.346,1783156555.346575022,19.048186914,1,1,19.027493332,1,0.003191265,5,1,0.009121788,5,1,0,0,0,0,1,1,1,0,1,0,-1.000000000,0.000000000,0.000000000,0.000000000,0,-1.000000000,0,0,0,,0,-1.000000000,,0,0,0.000000000,0.000000000,0,-1.000000000,0,,0,-1.000000000,,0,-1.000000000,0,,1,0.039810561,2.280977105,-0.007326126,-0.012209892,1,3.146121264,180.259470235,-0.002442360,-2.687179565,1,-2.898014307,-166.043988761,-0.002442360,2.673503876,1,-0.201609612,-11.551379849,-0.007326126,0.417582512,1,0.913664818,52.349137950,-0.012210846,-0.003663063,0.039810561,2.280977105,0.000000000,-0.000000000,2.000000000,1.000000000,3.156802416,180.871455185,0.000000000,-2.766747713,8.500000000,2.500000000,-2.898777246,-166.087701972,0.000000000,2.697513819,3.000000000,0.800000012,-0.204279900,-11.704376086,0.000000000,0.431604922,1.200000048,0.200000003,0.913664818,52.349137950,0.000000000,0.000147920,0.100000001,0.020000000
2026-07-04 17:15:56.348,1783156556.348014355,20.049626117,1,1,20.028932535,1,0.002678361,5,1,0.008989481,5,1,0,0,0,0,1,1,1,0,1,0,-1.000000000,0.000000000,0.000000000,0.000000000,0,-1.000000000,0,0,0,,0,-1.000000000,,0,0,0.000000000,0.000000000,0,-1.000000000,0,,0,-1.000000000,,0,-1.000000000,0,,1,0.039429091,2.259120500,-0.007326126,-0.012209892,1,3.146121264,180.259470235,0.002442360,-2.700855255,1,-2.898014307,-166.043988761,-0.002442360,2.673503876,1,-0.201609612,-11.551379849,-0.007326126,0.422466278,1,0.913664818,52.349137950,-0.012210846,-0.003663063,0.039810561,2.280977105,0.000000000,-0.000000000,2.000000000,1.000000000,3.156802416,180.871455185,0.000000000,-2.766747713,8.500000000,2.500000000,-2.898777246,-166.087701972,0.000000000,2.697513819,3.000000000,0.800000012,-0.204279900,-11.704376086,0.000000000,0.431604922,1.200000048,0.200000003,0.913664818,52.349137950,0.000000000,0.000147920,0.100000001,0.020000000
2026-07-04 17:15:57.349,1783156557.349299192,21.050910877,1,1,21.030217295,1,0.003106117,5,1,0.008889781,5,1,0,0,0,0,1,1,1,0,1,0,-1.000000000,0.000000000,0.000000000,0.000000000,0,-1.000000000,0,0,0,,0,-1.000000000,,0,0,0.000000000,0.000000000,0,-1.000000000,0,,0,-1.000000000,,0,-1.000000000,0,,0,0.039810561,2.280977105,-0.007326126,-0.012209892,0,3.146121264,180.259470235,-0.007326126,-2.687179565,0,-2.898014307,-166.043988761,-0.002442360,2.673503876,0,-0.201609612,-11.551379849,-0.007326126,0.417582512,0,0.913664818,52.349137950,0.012210846,-0.003663063,0.039810561,2.280977105,0.000000000,-0.000000000,2.000000000,1.000000000,3.156802416,180.871455185,0.000000000,-2.766747713,8.500000000,2.500000000,-2.898777246,-166.087701972,0.000000000,2.697513819,3.000000000,0.800000012,-0.204279900,-11.704376086,0.000000000,0.431604922,1.200000048,0.200000003,0.913664818,52.349137950,0.000000000,0.000147920,0.100000001,0.020000000
2026-07-04 17:15:58.350,1783156558.350821972,22.052433739,1,1,22.031740157,1,0.003021762,5,1,0.008984014,5,1,0,0,0,0,1,1,1,0,1,0,-1.000000000,0.000000000,0.000000000,0.000000000,0,-1.000000000,0,0,0,,0,-1.000000000,,0,0,0.000000000,0.000000000,0,-1.000000000,0,,0,-1.000000000,,0,-1.000000000,0,,1,0.039429091,2.259120500,-0.021978378,-0.012209892,1,3.146121264,180.259470235,-0.002442360,-2.700855255,1,-2.898014307,-166.043988761,-0.007326126,2.673503876,1,-0.201609612,-11.551379849,-0.007326126,0.422466278,1,0.913664818,52.349137950,-0.012210846,-0.003663063,0.039810561,2.280977105,0.000000000,-0.000000000,2.000000000,1.000000000,3.156802416,180.871455185,0.000000000,-2.766747713,8.500000000,2.500000000,-2.898777246,-166.087701972,0.000000000,2.697513819,3.000000000,0.800000012,-0.204279900,-11.704376086,0.000000000,0.431604922,1.200000048,0.200000003,0.913664818,52.349137950,0.000000000,0.000147920,0.100000001,0.020000000
2026-07-04 17:15:59.352,1783156559.352137327,23.053748998,1,1,23.033055416,1,0.003231049,5,1,0.009010682,5,1,0,0,0,0,1,1,1,0,1,0,-1.000000000,0.000000000,0.000000000,0.000000000,0,-1.000000000,0,0,0,,0,-1.000000000,,0,0,0.000000000,0.000000000,0,-1.000000000,0,,0,-1.000000000,,0,-1.000000000,0,,1,0.039429091,2.259120500,-0.007326126,-0.012209892,1,3.146121264,180.259470235,-0.002442360,-2.700855255,1,-2.898014307,-166.043988761,-0.002442360,2.673503876,1,-0.201609612,-11.551379849,0.007326126,0.422466278,1,0.913664818,52.349137950,-0.012210846,-0.001221180,0.039810561,2.280977105,0.000000000,-0.000000000,2.000000000,1.000000000,3.156802416,180.871455185,0.000000000,-2.766747713,8.500000000,2.500000000,-2.898777246,-166.087701972,0.000000000,2.697513819,3.000000000,0.800000012,-0.204279900,-11.704376086,0.000000000,0.431604922,1.200000048,0.200000003,0.913664818,52.349137950,0.000000000,0.000147920,0.100000001,0.020000000
2026-07-04 17:16:00.353,1783156560.353366613,24.054978306,1,1,24.034284724,1,0.002488099,5,1,0.008996885,5,1,0,0,0,0,1,1,1,0,1,0,-1.000000000,0.000000000,0.000000000,0.000000000,0,-1.000000000,0,0,0,,0,-1.000000000,,0,0,0.000000000,0.000000000,0,-1.000000000,0,,0,-1.000000000,,0,-1.000000000,0,,1,0.039810561,2.280977105,-0.007326126,-0.012209892,1,3.146121264,180.259470235,-0.007326126,-2.700855255,1,-2.898014307,-166.043988761,-0.002442360,2.673503876,1,-0.201609612,-11.551379849,-0.007326126,0.422466278,1,0.913664818,52.349137950,-0.012210846,-0.003663063,0.039810561,2.280977105,0.000000000,-0.000000000,2.000000000,1.000000000,3.156802416,180.871455185,0.000000000,-2.766747713,8.500000000,2.500000000,-2.898777246,-166.087701972,0.000000000,2.697513819,3.000000000,0.800000012,-0.204279900,-11.704376086,0.000000000,0.431604922,1.200000048,0.200000003,0.913664818,52.349137950,0.000000000,0.000147920,0.100000001,0.020000000
2026-07-04 17:16:01.354,1783156561.354681969,25.056293719,1,1,25.035600137,1,0.003091770,5,1,0.008977455,5,1,0,0,0,0,1,1,1,0,1,0,-1.000000000,0.000000000,0.000000000,0.000000000,0,-1.000000000,0,0,0,,0,-1.000000000,,0,0,0.000000000,0.000000000,0,-1.000000000,0,,0,-1.000000000,,0,-1.000000000,0,,1,0.039810561,2.280977105,-0.007326126,-0.012209892,1,3.146121264,180.259470235,-0.002442360,-2.700855255,1,-2.898014307,-166.043988761,-0.002442360,2.687179565,1,-0.201609612,-11.551379849,-0.007326126,0.417582512,1,0.913664818,52.349137950,0.012210846,-0.001221180,0.039810561,2.280977105,0.000000000,-0.000000000,2.000000000,1.000000000,3.156802416,180.871455185,0.000000000,-2.766747713,8.500000000,2.500000000,-2.898777246,-166.087701972,0.000000000,2.697513819,3.000000000,0.800000012,-0.204279900,-11.704376086,0.000000000,0.431604922,1.200000048,0.200000003,0.913664818,52.349137950,0.000000000,0.000147920,0.100000001,0.020000000
2026-07-04 17:16:02.356,1783156562.355948448,26.057560310,1,1,26.036866728,1,0.002297368,5,1,0.009002561,5,1,0,0,0,0,1,1,1,0,1,0,-1.000000000,0.000000000,0.000000000,0.000000000,0,-1.000000000,0,0,0,,0,-1.000000000,,0,0,0.000000000,0.000000000,0,-1.000000000,0,,0,-1.000000000,,0,-1.000000000,0,,1,0.039810561,2.280977105,-0.021978378,-0.012209892,1,3.146121264,180.259470235,-0.002442360,-2.687179565,1,-2.898014307,-166.043988761,-0.002442360,2.673503876,1,-0.201609612,-11.551379849,-0.007326126,0.417582512,1,0.913664818,52.349137950,-0.012210846,-0.003663063,0.039810561,2.280977105,0.000000000,-0.000000000,2.000000000,1.000000000,3.156802416,180.871455185,0.000000000,-2.766747713,8.500000000,2.500000000,-2.898777246,-166.087701972,0.000000000,2.697513819,3.000000000,0.800000012,-0.204279900,-11.704376086,0.000000000,0.431604922,1.200000048,0.200000003,0.913664818,52.349137950,0.000000000,0.000147920,0.100000001,0.020000000
2026-07-04 17:16:03.357,1783156563.356964111,27.058575797,1,1,27.037882215,1,0.002993213,5,1,0.008745257,5,1,0,0,0,0,1,1,1,0,1,0,-1.000000000,0.000000000,0.000000000,0.000000000,0,-1.000000000,0,0,0,,0,-1.000000000,,0,0,0.000000000,0.000000000,0,-1.000000000,0,,0,-1.000000000,,0,-1.000000000,0,,1,0.039810561,2.280977105,-0.007326126,-0.012209892,1,3.146121264,180.259470235,-0.002442360,-2.687179565,1,-2.898014307,-166.043988761,-0.007326126,2.673503876,1,-0.201609612,-11.551379849,0.007326126,0.422466278,1,0.913664818,52.349137950,-0.036628723,-0.003663063,0.039810561,2.280977105,0.000000000,-0.000000000,2.000000000,1.000000000,3.156802416,180.871455185,0.000000000,-2.766747713,8.500000000,2.500000000,-2.898777246,-166.087701972,0.000000000,2.697513819,3.000000000,0.800000012,-0.204279900,-11.704376086,0.000000000,0.431604922,1.200000048,0.200000003,0.913664818,52.349137950,0.000000000,0.000147920,0.100000001,0.020000000
2026-07-04 17:16:04.358,1783156564.358167648,28.059779372,1,1,28.039085790,1,0.002572087,5,1,0.008876521,5,1,0,0,0,0,1,1,1,0,1,0,-1.000000000,0.000000000,0.000000000,0.000000000,0,-1.000000000,0,0,0,,0,-1.000000000,,0,0,0.000000000,0.000000000,0,-1.000000000,0,,0,-1.000000000,,0,-1.000000000,0,,1,0.039810561,2.280977105,-0.007326126,-0.012209892,1,3.146121264,180.259470235,-0.002442360,-2.687179565,1,-2.898014307,-166.043988761,-0.002442360,2.687179565,1,-0.201609612,-11.551379849,0.007326126,0.417582512,1,0.913664818,52.349137950,-0.012210846,-0.003663063,0.039810561,2.280977105,0.000000000,-0.000000000,2.000000000,1.000000000,3.156802416,180.871455185,0.000000000,-2.766747713,8.500000000,2.500000000,-2.898777246,-166.087701972,0.000000000,2.697513819,3.000000000,0.800000012,-0.204279900,-11.704376086,0.000000000,0.431604922,1.200000048,0.200000003,0.913664818,52.349137950,0.000000000,0.000147920,0.100000001,0.020000000
2026-07-04 17:16:05.359,1783156565.359185219,29.060796835,1,1,29.040103253,1,0.002496817,5,1,0.008821967,5,1,0,0,0,0,1,1,1,0,1,0,-1.000000000,0.000000000,0.000000000,0.000000000,0,-1.000000000,0,0,0,,0,-1.000000000,,0,0,0.000000000,0.000000000,0,-1.000000000,0,,0,-1.000000000,,0,-1.000000000,0,,1,0.039810561,2.280977105,-0.007326126,-0.012209892,1,3.146121264,180.259470235,-0.002442360,-2.700855255,1,-2.898014307,-166.043988761,0.002442360,2.687179565,1,-0.201609612,-11.551379849,0.007326126,0.422466278,1,0.913664818,52.349137950,-0.012210846,-0.003663063,0.039810561,2.280977105,0.000000000,-0.000000000,2.000000000,1.000000000,3.156802416,180.871455185,0.000000000,-2.766747713,8.500000000,2.500000000,-2.898777246,-166.087701972,0.000000000,2.697513819,3.000000000,0.800000012,-0.204279900,-11.704376086,0.000000000,0.431604922,1.200000048,0.200000003,0.913664818,52.349137950,0.000000000,0.000147920,0.100000001,0.020000000
2026-07-04 17:16:06.360,1783156566.360265732,30.061877551,1,1,30.041183969,1,0.003041016,5,1,0.008847245,5,1,0,0,0,0,1,1,1,0,1,0,-1.000000000,0.000000000,0.000000000,0.000000000,0,-1.000000000,0,0,0,,0,-1.000000000,,0,0,0.000000000,0.000000000,0,-1.000000000,0,,0,-1.000000000,,0,-1.000000000,0,,1,0.039810561,2.280977105,-0.007326126,-0.012209892,1,3.146121264,180.259470235,-0.002442360,-2.687179565,1,-2.898014307,-166.043988761,-0.002442360,2.673503876,1,-0.201609612,-11.551379849,-0.007326126,0.422466278,1,0.913664818,52.349137950,0.036628723,-0.003663063,0.039810561,2.280977105,0.000000000,-0.000000000,2.000000000,1.000000000,3.156802416,180.871455185,0.000000000,-2.766747713,8.500000000,2.500000000,-2.898777246,-166.087701972,0.000000000,2.697513819,3.000000000,0.800000012,-0.204279900,-11.704376086,0.000000000,0.431604922,1.200000048,0.200000003,0.913664818,52.349137950,0.000000000,0.000147920,0.100000001,0.020000000
2026-07-04 17:16:07.361,1783156567.361216545,31.062828301,1,1,31.042134719,1,0.002797406,5,1,0.008919186,5,1,0,0,0,0,1,1,1,0,1,0,-1.000000000,0.000000000,0.000000000,0.000000000,0,-1.000000000,0,0,0,,0,-1.000000000,,0,0,0.000000000,0.000000000,0,-1.000000000,0,,0,-1.000000000,,0,-1.000000000,0,,1,0.039810561,2.280977105,-0.007326126,-0.012209892,1,3.146121264,180.259470235,-0.002442360,-2.700855255,1,-2.898014307,-166.043988761,-0.002442360,2.673503876,1,-0.201609612,-11.551379849,-0.007326126,0.417582512,1,0.913664818,52.349137950,-0.012210846,-0.003663063,0.039810561,2.280977105,0.000000000,-0.000000000,2.000000000,1.000000000,3.156802416,180.871455185,0.000000000,-2.766747713,8.500000000,2.500000000,-2.898777246,-166.087701972,0.000000000,2.697513819,3.000000000,0.800000012,-0.204279900,-11.704376086,0.000000000,0.431604922,1.200000048,0.200000003,0.913664818,52.349137950,0.000000000,0.000147920,0.100000001,0.020000000
2026-07-04 17:16:08.362,1783156568.362266779,32.063878585,1,1,32.043185003,1,0.003429835,5,1,0.008978817,5,1,0,0,0,0,1,1,1,0,1,0,-1.000000000,0.000000000,0.000000000,0.000000000,0,-1.000000000,0,0,0,,0,-1.000000000,,0,0,0.000000000,0.000000000,0,-1.000000000,0,,0,-1.000000000,,0,-1.000000000,0,,1,0.039429091,2.259120500,-0.021978378,-0.012209892,1,3.146121264,180.259470235,-0.007326126,-2.687179565,1,-2.898014307,-166.043988761,-0.002442360,2.673503876,1,-0.201609612,-11.551379849,-0.007326126,0.422466278,1,0.913281441,52.327172062,-0.036628723,-0.001221180,0.039810561,2.280977105,0.000000000,-0.000000000,2.000000000,1.000000000,3.156802416,180.871455185,0.000000000,-2.766747713,8.500000000,2.500000000,-2.898777246,-166.087701972,0.000000000,2.697513819,3.000000000,0.800000012,-0.204279900,-11.704376086,0.000000000,0.431604922,1.200000048,0.200000003,0.913664818,52.349137950,0.000000000,0.000147920,0.100000001,0.020000000
2026-07-04 17:16:09.363,1783156569.363060713,33.064672454,1,1,33.043978872,1,0.002912197,5,1,0.008824390,5,1,0,0,0,0,1,1,1,0,1,0,-1.000000000,0.000000000,0.000000000,0.000000000,0,-1.000000000,0,0,0,,0,-1.000000000,,0,0,0.000000000,0.000000000,0,-1.000000000,0,,0,-1.000000000,,0,-1.000000000,0,,1,0.039810561,2.280977105,0.007326126,-0.012209892,1,3.146121264,180.259470235,-0.002442360,-2.687179565,1,-2.898014307,-166.043988761,-0.002442360,2.673503876,1,-0.201609612,-11.551379849,-0.007326126,0.417582512,1,0.913664818,52.349137950,-0.012210846,-0.001221180,0.039810561,2.280977105,0.000000000,-0.000000000,2.000000000,1.000000000,3.156802416,180.871455185,0.000000000,-2.766747713,8.500000000,2.500000000,-2.898777246,-166.087701972,0.000000000,2.697513819,3.000000000,0.800000012,-0.204279900,-11.704376086,0.000000000,0.431604922,1.200000048,0.200000003,0.913664818,52.349137950,0.000000000,0.000147920,0.100000001,0.020000000
2026-07-04 17:16:10.364,1783156570.364120483,34.065732252,1,1,34.045038670,1,0.003195433,5,1,0.009092203,5,1,0,0,0,0,1,1,1,0,1,0,-1.000000000,0.000000000,0.000000000,0.000000000,0,-1.000000000,0,0,0,,0,-1.000000000,,0,0,0.000000000,0.000000000,0,-1.000000000,0,,0,-1.000000000,,0,-1.000000000,0,,1,0.039810561,2.280977105,-0.021978378,-0.012209892,1,3.146121264,180.259470235,0.002442360,-2.687179565,1,-2.898014307,-166.043988761,-0.002442360,2.673503876,1,-0.201609612,-11.551379849,0.007326126,0.417582512,1,0.913664818,52.349137950,-0.012210846,-0.003663063,0.039810561,2.280977105,0.000000000,-0.000000000,2.000000000,1.000000000,3.156802416,180.871455185,0.000000000,-2.766747713,8.500000000,2.500000000,-2.898777246,-166.087701972,0.000000000,2.697513819,3.000000000,0.800000012,-0.204279900,-11.704376086,0.000000000,0.431604922,1.200000048,0.200000003,0.913664818,52.349137950,0.000000000,0.000147920,0.100000001,0.020000000
2026-07-04 17:16:11.365,1783156571.365126848,35.066738685,1,1,35.046045103,1,0.003619066,5,1,0.008960015,5,1,0,0,0,0,1,1,1,0,1,0,-1.000000000,0.000000000,0.000000000,0.000000000,0,-1.000000000,0,0,0,,0,-1.000000000,,0,0,0.000000000,0.000000000,0,-1.000000000,0,,0,-1.000000000,,0,-1.000000000,0,,1,0.039810561,2.280977105,-0.007326126,-0.012209892,1,3.146121264,180.259470235,-0.002442360,-2.687179565,1,-2.898014307,-166.043988761,0.002442360,2.673503876,1,-0.201609612,-11.551379849,-0.007326126,0.417582512,1,0.913664818,52.349137950,-0.036628723,-0.001221180,0.039810561,2.280977105,0.000000000,-0.000000000,2.000000000,1.000000000,3.156802416,180.871455185,0.000000000,-2.766747713,8.500000000,2.500000000,-2.898777246,-166.087701972,0.000000000,2.697513819,3.000000000,0.800000012,-0.204279900,-11.704376086,0.000000000,0.431604922,1.200000048,0.200000003,0.913664818,52.349137950,0.000000000,0.000147920,0.100000001,0.020000000
2026-07-04 17:16:12.365,1783156572.365916967,36.067528780,1,1,36.046835198,1,0.003222447,5,1,0.008949697,5,1,0,0,0,0,1,1,1,0,1,0,-1.000000000,0.000000000,0.000000000,0.000000000,0,-1.000000000,0,0,0,,0,-1.000000000,,0,0,0.000000000,0.000000000,0,-1.000000000,0,,0,-1.000000000,,0,-1.000000000,0,,1,0.039810561,2.280977105,-0.007326126,-0.012209892,1,3.146121264,180.259470235,0.002442360,-2.687179565,1,-2.898014307,-166.043988761,-0.002442360,2.673503876,1,-0.201609612,-11.551379849,-0.007326126,0.422466278,1,0.913664818,52.349137950,0.012210846,-0.003663063,0.039810561,2.280977105,0.000000000,-0.000000000,2.000000000,1.000000000,3.156802416,180.871455185,0.000000000,-2.766747713,8.500000000,2.500000000,-2.898777246,-166.087701972,0.000000000,2.697513819,3.000000000,0.800000012,-0.204279900,-11.704376086,0.000000000,0.431604922,1.200000048,0.200000003,0.913664818,52.349137950,0.000000000,0.000147920,0.100000001,0.020000000
2026-07-04 17:16:13.366,1783156573.366759777,37.068371321,1,1,37.047677739,1,0.003255043,5,1,0.009119582,5,1,0,0,0,0,1,1,1,0,1,0,-1.000000000,0.000000000,0.000000000,0.000000000,0,-1.000000000,0,0,0,,0,-1.000000000,,0,0,0.000000000,0.000000000,0,-1.000000000,0,,0,-1.000000000,,0,-1.000000000,0,,1,0.039810561,2.280977105,0.021978378,-0.012209892,1,3.146121264,180.259470235,-0.002442360,-2.687179565,1,-2.898014307,-166.043988761,-0.002442360,2.673503876,1,-0.201609612,-11.551379849,0.007326126,0.422466278,1,0.913664818,52.349137950,-0.012210846,-0.003663063,0.039810561,2.280977105,0.000000000,-0.000000000,2.000000000,1.000000000,3.156802416,180.871455185,0.000000000,-2.766747713,8.500000000,2.500000000,-2.898777246,-166.087701972,0.000000000,2.697513819,3.000000000,0.800000012,-0.204279900,-11.704376086,0.000000000,0.431604922,1.200000048,0.200000003,0.913664818,52.349137950,0.000000000,0.000147920,0.100000001,0.020000000
2026-07-04 17:16:14.367,1783156574.367406607,38.069018384,1,1,38.048324802,1,0.002501519,5,1,0.008786128,5,1,0,0,0,0,1,1,1,0,1,0,-1.000000000,0.000000000,0.000000000,0.000000000,0,-1.000000000,0,0,0,,0,-1.000000000,,0,0,0.000000000,0.000000000,0,-1.000000000,0,,0,-1.000000000,,0,-1.000000000,0,,1,0.039810561,2.280977105,-0.007326126,-0.012209892,1,3.146121264,180.259470235,-0.002442360,-2.700855255,1,-2.898014307,-166.043988761,0.002442360,2.673503876,1,-0.201609612,-11.551379849,0.007326126,0.417582512,1,0.913281441,52.327172062,-0.036628723,-0.003663063,0.039810561,2.280977105,0.000000000,-0.000000000,2.000000000,1.000000000,3.156802416,180.871455185,0.000000000,-2.766747713,8.500000000,2.500000000,-2.898777246,-166.087701972,0.000000000,2.697513819,3.000000000,0.800000012,-0.204279900,-11.704376086,0.000000000,0.431604922,1.200000048,0.200000003,0.913664818,52.349137950,0.000000000,0.000147920,0.100000001,0.020000000
2026-07-04 17:16:15.368,1783156575.368235826,39.069847632,1,1,39.049154050,1,0.003346741,5,1,0.008900855,5,1,0,0,0,0,1,1,1,0,1,0,-1.000000000,0.000000000,0.000000000,0.000000000,0,-1.000000000,0,0,0,,0,-1.000000000,,0,0,0.000000000,0.000000000,0,-1.000000000,0,,0,-1.000000000,,0,-1.000000000,0,,1,0.039810561,2.280977105,-0.007326126,-0.012209892,1,3.146121264,180.259470235,-0.002442360,-2.687179565,1,-2.898014307,-166.043988761,-0.002442360,2.673503876,1,-0.201609612,-11.551379849,-0.007326126,0.422466278,1,0.913664818,52.349137950,-0.012210846,-0.003663063,0.039810561,2.280977105,0.000000000,-0.000000000,2.000000000,1.000000000,3.156802416,180.871455185,0.000000000,-2.766747713,8.500000000,2.500000000,-2.898777246,-166.087701972,0.000000000,2.697513819,3.000000000,0.800000012,-0.204279900,-11.704376086,0.000000000,0.431604922,1.200000048,0.200000003,0.913664818,52.349137950,0.000000000,0.000147920,0.100000001,0.020000000
2026-07-04 17:16:16.369,1783156576.369059324,40.070671100,1,1,40.049977518,1,0.002794663,5,1,0.008928975,5,1,0,0,0,0,1,1,1,0,1,0,-1.000000000,0.000000000,0.000000000,0.000000000,0,-1.000000000,0,0,0,,0,-1.000000000,,0,0,0.000000000,0.000000000,0,-1.000000000,0,,0,-1.000000000,,0,-1.000000000,0,,1,0.039810561,2.280977105,-0.007326126,-0.012209892,1,3.146121264,180.259470235,-0.002442360,-2.700855255,1,-2.898014307,-166.043988761,-0.007326126,2.687179565,1,-0.201609612,-11.551379849,0.007326126,0.422466278,1,0.913664818,52.349137950,-0.012210846,-0.001221180,0.039810561,2.280977105,0.000000000,-0.000000000,2.000000000,1.000000000,3.156802416,180.871455185,0.000000000,-2.766747713,8.500000000,2.500000000,-2.898777246,-166.087701972,0.000000000,2.697513819,3.000000000,0.800000012,-0.204279900,-11.704376086,0.000000000,0.431604922,1.200000048,0.200000003,0.913664818,52.349137950,0.000000000,0.000147920,0.100000001,0.020000000
2026-07-04 17:16:17.369,1783156577.369624138,41.071235765,1,1,41.050542183,1,0.003165709,5,1,0.008952790,5,1,0,0,0,0,1,1,1,0,1,0,-1.000000000,0.000000000,0.000000000,0.000000000,0,-1.000000000,0,0,0,,0,-1.000000000,,0,0,0.000000000,0.000000000,0,-1.000000000,0,,0,-1.000000000,,0,-1.000000000,0,,1,0.039810561,2.280977105,-0.007326126,-0.012209892,1,3.146121264,180.259470235,-0.002442360,-2.700855255,1,-2.898014307,-166.043988761,0.002442360,2.673503876,1,-0.201609612,-11.551379849,-0.007326126,0.417582512,1,0.913664818,52.349137950,-0.012210846,-0.001221180,0.039810561,2.280977105,0.000000000,-0.000000000,2.000000000,1.000000000,3.156802416,180.871455185,0.000000000,-2.766747713,8.500000000,2.500000000,-2.898777246,-166.087701972,0.000000000,2.697513819,3.000000000,0.800000012,-0.204279900,-11.704376086,0.000000000,0.431604922,1.200000048,0.200000003,0.913664818,52.349137950,0.000000000,0.000147920,0.100000001,0.020000000
2026-07-04 17:16:18.370,1783156578.370539188,42.072150958,1,1,42.051457376,1,0.001514250,5,1,0.009045224,5,1,0,0,0,0,1,1,1,0,1,0,-1.000000000,0.000000000,0.000000000,0.000000000,0,-1.000000000,0,0,0,,0,-1.000000000,,0,0,0.000000000,0.000000000,0,-1.000000000,0,,0,-1.000000000,,0,-1.000000000,0,,1,0.039810561,2.280977105,-0.007326126,-0.012209892,1,3.146121264,180.259470235,-0.007326126,-2.687179565,1,-2.898014307,-166.043988761,-0.002442360,2.673503876,1,-0.201609612,-11.551379849,-0.007326126,0.422466278,1,0.913664818,52.349137950,-0.012210846,-0.003663063,0.039810561,2.280977105,0.000000000,-0.000000000,2.000000000,1.000000000,3.156802416,180.871455185,0.000000000,-2.766747713,8.500000000,2.500000000,-2.898777246,-166.087701972,0.000000000,2.697513819,3.000000000,0.800000012,-0.204279900,-11.704376086,0.000000000,0.431604922,1.200000048,0.200000003,0.913664818,52.349137950,0.000000000,0.000147920,0.100000001,0.020000000
2026-07-04 17:16:19.371,1783156579.371159554,43.072771216,1,1,43.052077634,1,0.002797108,5,1,0.008892452,5,1,0,0,0,0,1,1,1,0,1,0,-1.000000000,0.000000000,0.000000000,0.000000000,0,-1.000000000,0,0,0,,0,-1.000000000,,0,0,0.000000000,0.000000000,0,-1.000000000,0,,0,-1.000000000,,0,-1.000000000,0,,1,0.039810561,2.280977105,-0.007326126,-0.012209892,1,3.146121264,180.259470235,-0.007326126,-2.700855255,1,-2.898014307,-166.043988761,-0.002442360,2.673503876,1,-0.201609612,-11.551379849,-0.007326126,0.417582512,1,0.913664818,52.349137950,-0.012210846,-0.003663063,0.039810561,2.280977105,0.000000000,-0.000000000,2.000000000,1.000000000,3.156802416,180.871455185,0.000000000,-2.766747713,8.500000000,2.500000000,-2.898777246,-166.087701972,0.000000000,2.697513819,3.000000000,0.800000012,-0.204279900,-11.704376086,0.000000000,0.431604922,1.200000048,0.200000003,0.913664818,52.349137950,0.000000000,0.000147920,0.100000001,0.020000000
2026-07-04 17:16:20.371,1783156580.371740818,44.073352651,1,1,44.052659069,1,0.003555378,5,1,0.009042422,5,1,0,0,0,0,1,1,1,0,1,0,-1.000000000,0.000000000,0.000000000,0.000000000,0,-1.000000000,0,0,0,,0,-1.000000000,,0,0,0.000000000,0.000000000,0,-1.000000000,0,,0,-1.000000000,,0,-1.000000000,0,,1,0.039810561,2.280977105,-0.007326126,-0.012209892,1,3.146121264,180.259470235,-0.002442360,-2.700855255,1,-2.898014307,-166.043988761,-0.002442360,2.673503876,1,-0.201609612,-11.551379849,-0.007326126,0.417582512,1,0.913664818,52.349137950,-0.036628723,-0.003663063,0.039810561,2.280977105,0.000000000,-0.000000000,2.000000000,1.000000000,3.156802416,180.871455185,0.000000000,-2.766747713,8.500000000,2.500000000,-2.898777246,-166.087701972,0.000000000,2.697513819,3.000000000,0.800000012,-0.204279900,-11.704376086,0.000000000,0.431604922,1.200000048,0.200000003,0.913664818,52.349137950,0.000000000,0.000147920,0.100000001,0.020000000
2026-07-04 17:16:21.372,1783156581.372394800,45.074006578,1,1,45.053312996,1,0.003296556,5,1,0.008751739,5,1,0,0,0,0,1,1,1,0,1,0,-1.000000000,0.000000000,0.000000000,0.000000000,0,-1.000000000,0,0,0,,0,-1.000000000,,0,0,0.000000000,0.000000000,0,-1.000000000,0,,0,-1.000000000,,0,-1.000000000,0,,1,0.039810561,2.280977105,0.007326126,-0.012209892,1,3.146121264,180.259470235,-0.002442360,-2.687179565,1,-2.898014307,-166.043988761,0.002442360,2.673503876,1,-0.201609612,-11.551379849,-0.007326126,0.422466278,1,0.913664818,52.349137950,0.012210846,-0.003663063,0.039810561,2.280977105,0.000000000,-0.000000000,2.000000000,1.000000000,3.156802416,180.871455185,0.000000000,-2.766747713,8.500000000,2.500000000,-2.898777246,-166.087701972,0.000000000,2.697513819,3.000000000,0.800000012,-0.204279900,-11.704376086,0.000000000,0.431604922,1.200000048,0.200000003,0.913664818,52.349137950,0.000000000,0.000147920,0.100000001,0.020000000
2026-07-04 17:16:22.373,1783156582.372970343,46.074581979,1,1,46.053888397,1,0.003262201,5,1,0.008778261,5,1,0,0,0,0,1,1,1,0,1,0,-1.000000000,0.000000000,0.000000000,0.000000000,0,-1.000000000,0,0,0,,0,-1.000000000,,0,0,0.000000000,0.000000000,0,-1.000000000,0,,0,-1.000000000,,0,-1.000000000,0,,1,0.039810561,2.280977105,-0.007326126,-0.012209892,1,3.146121264,180.259470235,-0.002442360,-2.687179565,1,-2.898014307,-166.043988761,-0.002442360,2.673503876,1,-0.201609612,-11.551379849,-0.007326126,0.422466278,1,0.913664818,52.349137950,-0.036628723,-0.001221180,0.039810561,2.280977105,0.000000000,-0.000000000,2.000000000,1.000000000,3.156802416,180.871455185,0.000000000,-2.766747713,8.500000000,2.500000000,-2.898777246,-166.087701972,0.000000000,2.697513819,3.000000000,0.800000012,-0.204279900,-11.704376086,0.000000000,0.431604922,1.200000048,0.200000003,0.913664818,52.349137950,0.000000000,0.000147920,0.100000001,0.020000000
2026-07-04 17:16:23.373,1783156583.373457909,47.075069555,1,1,47.054375973,1,0.003205146,5,1,0.008735543,5,1,0,0,0,0,1,1,1,0,1,0,-1.000000000,0.000000000,0.000000000,0.000000000,0,-1.000000000,0,0,0,,0,-1.000000000,,0,0,0.000000000,0.000000000,0,-1.000000000,0,,0,-1.000000000,,0,-1.000000000,0,,1,0.039429091,2.259120500,-0.007326126,-0.012209892,1,3.146121264,180.259470235,-0.002442360,-2.700855255,1,-2.898014307,-166.043988761,-0.002442360,2.673503876,1,-0.201609612,-11.551379849,-0.007326126,0.422466278,1,0.913664818,52.349137950,0.012210846,-0.001221180,0.039810561,2.280977105,0.000000000,-0.000000000,2.000000000,1.000000000,3.156802416,180.871455185,0.000000000,-2.766747713,8.500000000,2.500000000,-2.898777246,-166.087701972,0.000000000,2.697513819,3.000000000,0.800000012,-0.204279900,-11.704376086,0.000000000,0.431604922,1.200000048,0.200000003,0.913664818,52.349137950,0.000000000,0.000147920,0.100000001,0.020000000
2026-07-04 17:16:24.374,1783156584.374197960,48.075809630,1,1,48.055116048,1,0.003077970,5,1,0.009010561,5,1,0,0,0,0,1,1,1,0,1,0,-1.000000000,0.000000000,0.000000000,0.000000000,0,-1.000000000,0,0,0,,0,-1.000000000,,0,0,0.000000000,0.000000000,0,-1.000000000,0,,0,-1.000000000,,0,-1.000000000,0,,1,0.039810561,2.280977105,-0.007326126,-0.012209892,1,3.146121264,180.259470235,-0.007326126,-2.687179565,1,-2.898014307,-166.043988761,-0.002442360,2.673503876,1,-0.201609612,-11.551379849,-0.007326126,0.417582512,1,0.913664818,52.349137950,-0.012210846,-0.003663063,0.039810561,2.280977105,0.000000000,-0.000000000,2.000000000,1.000000000,3.156802416,180.871455185,0.000000000,-2.766747713,8.500000000,2.500000000,-2.898777246,-166.087701972,0.000000000,2.697513819,3.000000000,0.800000012,-0.204279900,-11.704376086,0.000000000,0.431604922,1.200000048,0.200000003,0.913664818,52.349137950,0.000000000,0.000147920,0.100000001,0.020000000
2026-07-04 17:16:25.374,1783156585.374724150,49.076335829,1,1,49.055642247,1,0.003498722,5,1,0.008877976,5,1,0,0,0,0,1,1,1,0,1,0,-1.000000000,0.000000000,0.000000000,0.000000000,0,-1.000000000,0,0,0,,0,-1.000000000,,0,0,0.000000000,0.000000000,0,-1.000000000,0,,0,-1.000000000,,0,-1.000000000,0,,1,0.039810561,2.280977105,0.007326126,-0.012209892,1,3.146121264,180.259470235,-0.007326126,-2.687179565,1,-2.898014307,-166.043988761,-0.002442360,2.673503876,1,-0.201609612,-11.551379849,-0.007326126,0.422466278,1,0.913664818,52.349137950,-0.012210846,-0.001221180,0.039810561,2.280977105,0.000000000,-0.000000000,2.000000000,1.000000000,3.156802416,180.871455185,0.000000000,-2.766747713,8.500000000,2.500000000,-2.898777246,-166.087701972,0.000000000,2.697513819,3.000000000,0.800000012,-0.204279900,-11.704376086,0.000000000,0.431604922,1.200000048,0.200000003,0.913664818,52.349137950,0.000000000,0.000147920,0.100000001,0.020000000
2026-07-04 17:16:26.375,1783156586.375111818,50.076723551,1,1,50.056029969,1,0.003298714,5,1,0.008717434,5,1,0,1,0,0,1,1,1,0,1,0,-1.000000000,0.000000000,0.000000000,0.000000000,0,-1.000000000,0,0,0,,0,-1.000000000,,0,0,0.000000000,0.000000000,0,-1.000000000,0,,0,-1.000000000,,0,-1.000000000,0,,1,0.039810561,2.280977105,0.007326126,-0.012209892,1,3.146121264,180.259470235,-0.002442360,-2.687179565,1,-2.898014307,-166.043988761,-0.002442360,2.673503876,1,-0.201609612,-11.551379849,-0.007326126,0.422466278,1,0.913664818,52.349137950,-0.036628723,-0.003663063,0.039810561,2.280977105,0.000000000,-0.000000000,2.000000000,1.000000000,3.156802416,180.871455185,0.000000000,-2.766747713,8.500000000,2.500000000,-2.898777246,-166.087701972,0.000000000,2.697513819,3.000000000,0.800000012,-0.204279900,-11.704376086,0.000000000,0.431604922,1.200000048,0.200000003,0.913664818,52.349137950,0.000000000,0.000147920,0.100000001,0.020000000
2026-07-04 17:16:27.375,1783156587.375798941,51.077410734,1,1,51.056717152,1,0.003544784,5,1,0.008957086,5,1,0,1,0,0,1,1,1,0,1,0,-1.000000000,0.000000000,0.000000000,0.000000000,0,-1.000000000,0,0,0,,0,-1.000000000,,0,0,0.000000000,0.000000000,0,-1.000000000,0,,0,-1.000000000,,0,-1.000000000,0,,1,0.039429091,2.259120500,-0.007326126,-0.012209892,1,3.146121264,180.259470235,-0.002442360,-2.700855255,1,-2.898014307,-166.043988761,-0.002442360,2.673503876,1,-0.201609612,-11.551379849,-0.007326126,0.417582512,1,0.913664818,52.349137950,-0.012210846,-0.003663063,0.039810561,2.280977105,0.000000000,-0.000000000,2.000000000,1.000000000,3.156802416,180.871455185,0.000000000,-2.766747713,8.500000000,2.500000000,-2.898777246,-166.087701972,0.000000000,2.697513819,3.000000000,0.800000012,-0.204279900,-11.704376086,0.000000000,0.431604922,1.200000048,0.200000003,0.913664818,52.349137950,0.000000000,0.000147920,0.100000001,0.020000000
2026-07-04 17:16:28.376,1783156588.376383781,52.077995442,1,1,52.057301860,1,0.003920211,5,1,0.008839729,5,1,0,1,0,0,1,1,1,0,1,0,-1.000000000,0.000000000,0.000000000,0.000000000,0,-1.000000000,0,0,0,,0,-1.000000000,,0,0,0.000000000,0.000000000,0,-1.000000000,0,,0,-1.000000000,,0,-1.000000000,0,,1,0.039810561,2.280977105,-0.007326126,-0.012209892,1,3.146121264,180.259470235,-0.002442360,-2.687179565,1,-2.898014307,-166.043988761,-0.002442360,2.673503876,1,-0.201609612,-11.551379849,-0.007326126,0.422466278,1,0.913281441,52.327172062,-0.012210846,-0.001221180,0.039810561,2.280977105,0.000000000,-0.000000000,2.000000000,1.000000000,3.156802416,180.871455185,0.000000000,-2.766747713,8.500000000,2.500000000,-2.898777246,-166.087701972,0.000000000,2.697513819,3.000000000,0.800000012,-0.204279900,-11.704376086,0.000000000,0.431604922,1.200000048,0.200000003,0.913664818,52.349137950,0.000000000,0.000147920,0.100000001,0.020000000
2026-07-04 17:16:29.376,1783156589.376660824,53.078272541,1,1,53.057578959,1,0.003566083,5,1,0.008817110,5,1,0,1,0,0,1,1,1,0,1,0,-1.000000000,0.000000000,0.000000000,0.000000000,0,-1.000000000,0,0,0,,0,-1.000000000,,0,0,0.000000000,0.000000000,0,-1.000000000,0,,0,-1.000000000,,0,-1.000000000,0,,1,0.039810561,2.280977105,-0.007326126,-0.012209892,1,3.146121264,180.259470235,-0.002442360,-2.700855255,1,-2.898014307,-166.043988761,-0.002442360,2.687179565,1,-0.201609612,-11.551379849,-0.007326126,0.417582512,1,0.913664818,52.349137950,-0.036628723,-0.003663063,0.039810561,2.280977105,0.000000000,-0.000000000,2.000000000,1.000000000,3.156802416,180.871455185,0.000000000,-2.766747713,8.500000000,2.500000000,-2.898777246,-166.087701972,0.000000000,2.697513819,3.000000000,0.800000012,-0.204279900,-11.704376086,0.000000000,0.431604922,1.200000048,0.200000003,0.913664818,52.349137950,0.000000000,0.000147920,0.100000001,0.020000000
2026-07-04 17:16:30.377,1783156590.377100945,54.078712884,1,1,54.058019302,1,0.003253844,5,1,0.008873993,5,1,0,1,0,0,1,1,1,0,1,0,-1.000000000,0.000000000,0.000000000,0.000000000,0,-1.000000000,0,0,0,,0,-1.000000000,,0,0,0.000000000,0.000000000,0,-1.000000000,0,,0,-1.000000000,,0,-1.000000000,0,,1,0.039810561,2.280977105,0.007326126,-0.012209892,1,3.146121264,180.259470235,-0.007326126,-2.687179565,1,-2.898014307,-166.043988761,-0.002442360,2.673503876,1,-0.201609612,-11.551379849,-0.021978378,0.422466278,1,0.913664818,52.349137950,-0.012210846,-0.001221180,0.039810561,2.280977105,0.000000000,-0.000000000,2.000000000,1.000000000,3.156802416,180.871455185,0.000000000,-2.766747713,8.500000000,2.500000000,-2.898777246,-166.087701972,0.000000000,2.697513819,3.000000000,0.800000012,-0.204279900,-11.704376086,0.000000000,0.431604922,1.200000048,0.200000003,0.913664818,52.349137950,0.000000000,0.000147920,0.100000001,0.020000000
2026-07-04 17:16:31.377,1783156591.377588272,55.079200029,1,1,55.058506447,1,0.003137105,5,1,0.008287388,5,1,0,1,0,0,1,1,1,0,1,0,-1.000000000,0.000000000,0.000000000,0.000000000,0,-1.000000000,0,0,0,,0,-1.000000000,,0,0,0.000000000,0.000000000,0,-1.000000000,0,,0,-1.000000000,,0,-1.000000000,0,,1,0.039810561,2.280977105,-0.021978378,-0.012209892,1,3.146121264,180.259470235,-0.002442360,-2.687179565,1,-2.898014307,-166.043988761,-0.007326126,2.673503876,1,-0.201609612,-11.551379849,-0.007326126,0.417582512,1,0.913664818,52.349137950,-0.061050415,-0.003663063,0.039810561,2.280977105,0.000000000,-0.000000000,2.000000000,1.000000000,3.156802416,180.871455185,0.000000000,-2.766747713,8.500000000,2.500000000,-2.898777246,-166.087701972,0.000000000,2.697513819,3.000000000,0.800000012,-0.204279900,-11.704376086,0.000000000,0.431604922,1.200000048,0.200000003,0.913664818,52.349137950,0.000000000,0.000147920,0.100000001,0.020000000
2026-07-04 17:16:32.378,1783156592.377991199,56.079602790,1,1,56.058909208,1,0.003503736,5,1,0.008939774,5,1,0,1,0,0,1,1,1,0,1,0,-1.000000000,0.000000000,0.000000000,0.000000000,0,-1.000000000,0,0,0,,0,-1.000000000,,0,0,0.000000000,0.000000000,0,-1.000000000,0,,0,-1.000000000,,0,-1.000000000,0,,1,0.039810561,2.280977105,-0.007326126,-0.012209892,1,3.146121264,180.259470235,-0.002442360,-2.687179565,1,-2.898014307,-166.043988761,-0.002442360,2.673503876,1,-0.201609612,-11.551379849,-0.007326126,0.422466278,1,0.913664818,52.349137950,-0.036628723,-0.001221180,0.039810561,2.280977105,0.000000000,-0.000000000,2.000000000,1.000000000,3.156802416,180.871455185,0.000000000,-2.766747713,8.500000000,2.500000000,-2.898777246,-166.087701972,0.000000000,2.697513819,3.000000000,0.800000012,-0.204279900,-11.704376086,0.000000000,0.431604922,1.200000048,0.200000003,0.913664818,52.349137950,0.000000000,0.000147920,0.100000001,0.020000000
2026-07-04 17:16:33.378,1783156593.378436327,57.080048220,1,1,57.059354638,1,0.003587769,5,1,0.008895017,5,1,0,1,0,0,1,1,1,0,1,0,-1.000000000,0.000000000,0.000000000,0.000000000,0,-1.000000000,0,0,0,,0,-1.000000000,,0,0,0.000000000,0.000000000,0,-1.000000000,0,,0,-1.000000000,,0,-1.000000000,0,,1,0.039429091,2.259120500,-0.007326126,-0.012209892,1,3.146121264,180.259470235,-0.002442360,-2.700855255,1,-2.898014307,-166.043988761,-0.002442360,2.673503876,1,-0.201609612,-11.551379849,-0.007326126,0.422466278,1,0.913664818,52.349137950,-0.036628723,-0.001221180,0.039810561,2.280977105,0.000000000,-0.000000000,2.000000000,1.000000000,3.156802416,180.871455185,0.000000000,-2.766747713,8.500000000,2.500000000,-2.898777246,-166.087701972,0.000000000,2.697513819,3.000000000,0.800000012,-0.204279900,-11.704376086,0.000000000,0.431604922,1.200000048,0.200000003,0.913664818,52.349137950,0.000000000,0.000147920,0.100000001,0.020000000
2026-07-04 17:16:34.378,1783156594.378920555,58.080532224,1,1,58.059838642,1,0.002915198,5,1,0.008967050,5,1,0,1,0,0,1,1,1,0,1,0,-1.000000000,0.000000000,0.000000000,0.000000000,0,-1.000000000,0,0,0,,0,-1.000000000,,0,0,0.000000000,0.000000000,0,-1.000000000,0,,0,-1.000000000,,0,-1.000000000,0,,1,0.039810561,2.280977105,-0.021978378,-0.012209892,1,3.146121264,180.259470235,-0.002442360,-2.700855255,1,-2.898014307,-166.043988761,-0.002442360,2.673503876,1,-0.201609612,-11.551379849,-0.007326126,0.422466278,1,0.913664818,52.349137950,-0.012210846,-0.003663063,0.039810561,2.280977105,0.000000000,-0.000000000,2.000000000,1.000000000,3.156802416,180.871455185,0.000000000,-2.766747713,8.500000000,2.500000000,-2.898777246,-166.087701972,0.000000000,2.697513819,3.000000000,0.800000012,-0.204279900,-11.704376086,0.000000000,0.431604922,1.200000048,0.200000003,0.913664818,52.349137950,0.000000000,0.000147920,0.100000001,0.020000000
2026-07-04 17:16:35.379,1783156595.379354715,59.080966457,1,1,59.060272875,1,0.003368833,5,1,0.008216136,5,1,0,1,0,0,1,1,1,0,1,0,-1.000000000,0.000000000,0.000000000,0.000000000,0,-1.000000000,0,0,0,,0,-1.000000000,,0,0,0.000000000,0.000000000,0,-1.000000000,0,,0,-1.000000000,,0,-1.000000000,0,,1,0.039810561,2.280977105,-0.007326126,-0.012209892,1,3.146121264,180.259470235,-0.002442360,-2.687179565,1,-2.898014307,-166.043988761,-0.007326126,2.673503876,1,-0.201609612,-11.551379849,-0.021978378,0.417582512,1,0.913664818,52.349137950,-0.012210846,-0.003663063,0.039810561,2.280977105,0.000000000,-0.000000000,2.000000000,1.000000000,3.156802416,180.871455185,0.000000000,-2.766747713,8.500000000,2.500000000,-2.898777246,-166.087701972,0.000000000,2.697513819,3.000000000,0.800000012,-0.204279900,-11.704376086,0.000000000,0.431604922,1.200000048,0.200000003,0.913664818,52.349137950,0.000000000,0.000147920,0.100000001,0.020000000
2026-07-04 17:16:36.379,1783156596.379632235,60.081243793,1,1,60.060550211,1,0.003330543,5,1,0.009008785,5,1,0,1,0,0,1,1,1,0,1,0,-1.000000000,0.000000000,0.000000000,0.000000000,0,-1.000000000,0,0,0,,0,-1.000000000,,0,0,0.000000000,0.000000000,0,-1.000000000,0,,0,-1.000000000,,0,-1.000000000,0,,1,0.039810561,2.280977105,-0.007326126,-0.012209892,1,3.146121264,180.259470235,-0.002442360,-2.687179565,1,-2.898014307,-166.043988761,-0.002442360,2.687179565,1,-0.201609612,-11.551379849,-0.021978378,0.417582512,1,0.913664818,52.349137950,-0.036628723,-0.001221180,0.039810561,2.280977105,0.000000000,-0.000000000,2.000000000,1.000000000,3.156802416,180.871455185,0.000000000,-2.766747713,8.500000000,2.500000000,-2.898777246,-166.087701972,0.000000000,2.697513819,3.000000000,0.800000012,-0.204279900,-11.704376086,0.000000000,0.431604922,1.200000048,0.200000003,0.913664818,52.349137950,0.000000000,0.000147920,0.100000001,0.020000000
2026-07-04 17:16:37.380,1783156597.379974365,61.081586116,1,1,61.060892534,1,0.002946196,5,1,0.008796942,5,1,0,1,0,0,1,1,1,0,1,0,-1.000000000,0.000000000,0.000000000,0.000000000,0,-1.000000000,0,0,0,,0,-1.000000000,,0,0,0.000000000,0.000000000,0,-1.000000000,0,,0,-1.000000000,,0,-1.000000000,0,,1,0.039810561,2.280977105,-0.007326126,-0.012209892,1,3.146121264,180.259470235,-0.007326126,-2.687179565,1,-2.898014307,-166.043988761,-0.002442360,2.673503876,1,-0.201609612,-11.551379849,-0.007326126,0.422466278,1,0.913664818,52.349137950,0.012210846,-0.001221180,0.039810561,2.280977105,0.000000000,-0.000000000,2.000000000,1.000000000,3.156802416,180.871455185,0.000000000,-2.766747713,8.500000000,2.500000000,-2.898777246,-166.087701972,0.000000000,2.697513819,3.000000000,0.800000012,-0.204279900,-11.704376086,0.000000000,0.431604922,1.200000048,0.200000003,0.913664818,52.349137950,0.000000000,0.000147920,0.100000001,0.020000000
2026-07-04 17:16:38.380,1783156598.380277395,62.081889186,1,1,62.061195604,1,0.003456209,5,1,0.008887298,5,1,0,1,0,0,1,1,1,0,1,0,-1.000000000,0.000000000,0.000000000,0.000000000,0,-1.000000000,0,0,0,,0,-1.000000000,,0,0,0.000000000,0.000000000,0,-1.000000000,0,,0,-1.000000000,,0,-1.000000000,0,,1,-0.215777963,-12.363166615,-0.183149338,0.686203003,1,2.997345209,171.735230226,-0.002442360,-1.442735672,1,-2.898014307,-166.043988761,-0.002442360,2.673503876,1,-0.200846672,-11.507666638,-0.007326126,0.422466278,1,0.913664818,52.349137950,-0.036628723,-0.003663063,0.039810561,2.280977105,0.000000000,-0.000000000,2.000000000,1.000000000,3.156802416,180.871455185,0.000000000,-2.766747713,8.500000000,2.500000000,-2.898777246,-166.087701972,0.000000000,2.697513819,3.000000000,0.800000012,-0.204279900,-11.704376086,0.000000000,0.431604922,1.200000048,0.200000003,0.913664818,52.349137950,0.000000000,0.000147920,0.100000001,0.020000000
2026-07-04 17:16:39.380,1783156599.380744696,63.082356447,1,1,63.061662865,1,0.003563559,5,1,0.009115498,5,1,0,1,0,0,1,1,1,0,1,0,-1.000000000,0.000000000,0.000000000,0.000000000,0,-1.000000000,0,0,0,,0,-1.000000000,,0,0,0.000000000,0.000000000,0,-1.000000000,0,,0,-1.000000000,,0,-1.000000000,0,,1,-0.294361681,-16.865681957,0.007326126,0.642246246,1,2.997726679,171.757086832,-0.002442360,-1.442735672,1,-2.898014307,-166.043988761,-0.002442360,2.673503876,1,-0.201228142,-11.529523244,0.007326126,0.422466278,1,0.913664818,52.349137950,-0.012210846,-0.003663063,0.039810561,2.280977105,0.000000000,-0.000000000,2.000000000,1.000000000,3.156802416,180.871455185,0.000000000,-2.766747713,8.500000000,2.500000000,-2.898777246,-166.087701972,0.000000000,2.697513819,3.000000000,0.800000012,-0.204279900,-11.704376086,0.000000000,0.431604922,1.200000048,0.200000003,0.913664818,52.349137950,0.000000000,0.000147920,0.100000001,0.020000000
2026-07-04 17:16:40.380,1783156600.380922794,64.082534736,1,1,64.061841154,1,0.003654755,5,1,0.008805894,5,1,0,1,0,0,1,1,1,0,1,0,-1.000000000,0.000000000,0.000000000,0.000000000,0,-1.000000000,0,0,0,,0,-1.000000000,,0,0,0.000000000,0.000000000,0,-1.000000000,0,,0,-1.000000000,,0,-1.000000000,0,,1,-0.292835802,-16.778255536,-0.007326126,0.637362480,1,2.998489618,171.800800042,-0.002442360,-1.442735672,1,-2.898014307,-166.043988761,-0.002442360,2.673503876,1,-0.201228142,-11.529523244,-0.007326126,0.422466278,1,0.913664818,52.349137950,-0.012210846,-0.003663063,0.039810561,2.280977105,0.000000000,-0.000000000,2.000000000,1.000000000,3.156802416,180.871455185,0.000000000,-2.766747713,8.500000000,2.500000000,-2.898777246,-166.087701972,0.000000000,2.697513819,3.000000000,0.800000012,-0.204279900,-11.704376086,0.000000000,0.431604922,1.200000048,0.200000003,0.913664818,52.349137950,0.000000000,0.000147920,0.100000001,0.020000000
2026-07-04 17:16:41.381,1783156601.381217241,65.082829017,1,1,65.062135435,1,0.003451880,5,1,0.008459908,5,1,0,1,0,0,1,1,1,0,1,0,-1.000000000,0.000000000,0.000000000,0.000000000,0,-1.000000000,0,0,0,,0,-1.000000000,,0,0,0.000000000,0.000000000,0,-1.000000000,0,,0,-1.000000000,,0,-1.000000000,0,,1,-0.285206407,-16.341123429,-0.007326126,0.617826462,1,2.998489618,171.800800042,-0.007326126,-1.456409454,1,-2.898014307,-166.043988761,-0.002442360,2.673503876,1,-0.201228142,-11.529523244,0.007326126,0.422466278,1,0.913664818,52.349137950,-0.036628723,-0.003663063,0.039810561,2.280977105,0.000000000,-0.000000000,2.000000000,1.000000000,3.156802416,180.871455185,0.000000000,-2.766747713,8.500000000,2.500000000,-2.898777246,-166.087701972,0.000000000,2.697513819,3.000000000,0.800000012,-0.204279900,-11.704376086,0.000000000,0.431604922,1.200000048,0.200000003,0.913664818,52.349137950,0.000000000,0.000147920,0.100000001,0.020000000
2026-07-04 17:16:42.381,1783156602.381532907,66.083144609,1,1,66.062451027,1,0.003669102,5,1,0.008800910,5,1,0,1,0,0,1,1,1,0,1,0,-1.000000000,0.000000000,0.000000000,0.000000000,0,-1.000000000,0,0,0,,0,-1.000000000,,0,0,0.000000000,0.000000000,0,-1.000000000,0,,0,-1.000000000,,0,-1.000000000,0,,1,-0.282154649,-16.166270586,0.007326126,0.612942696,1,2.998489618,171.800800042,-0.002442360,-1.442735672,1,-2.898014307,-166.043988761,-0.002442360,2.673503876,1,-0.201228142,-11.529523244,-0.007326126,0.422466278,1,0.913664818,52.349137950,0.036628723,-0.003663063,0.039810561,2.280977105,0.000000000,-0.000000000,2.000000000,1.000000000,3.156802416,180.871455185,0.000000000,-2.766747713,8.500000000,2.500000000,-2.898777246,-166.087701972,0.000000000,2.697513819,3.000000000,0.800000012,-0.204279900,-11.704376086,0.000000000,0.431604922,1.200000048,0.200000003,0.913664818,52.349137950,0.000000000,0.000147920,0.100000001,0.020000000
2026-07-04 17:16:43.381,1783156603.381901026,67.083512779,1,1,67.062819197,1,0.003094908,5,1,0.008986919,5,1,0,1,0,0,1,1,1,0,1,0,-1.000000000,0.000000000,0.000000000,0.000000000,0,-1.000000000,0,0,0,,0,-1.000000000,,0,0,0.000000000,0.000000000,0,-1.000000000,0,,0,-1.000000000,,0,-1.000000000,0,,1,-0.097138979,-5.565653497,-0.021978378,0.261294365,1,3.098436594,177.527339926,-0.002442360,-2.290597916,1,-2.898014307,-166.043988761,-0.007326126,2.673503876,1,-0.201228142,-11.529523244,-0.007326126,0.417582512,1,0.913664818,52.349137950,0.012210846,-0.003663063,0.039810561,2.280977105,0.000000000,-0.000000000,2.000000000,1.000000000,3.156802416,180.871455185,0.000000000,-2.766747713,8.500000000,2.500000000,-2.898777246,-166.087701972,0.000000000,2.697513819,3.000000000,0.800000012,-0.204279900,-11.704376086,0.000000000,0.431604922,1.200000048,0.200000003,0.913664818,52.349137950,0.000000000,0.000147920,0.100000001,0.020000000
2026-07-04 17:16:44.382,1783156604.382268667,68.083880460,1,1,68.063186878,1,0.003364329,5,1,0.009096163,5,1,0,1,0,0,1,1,1,0,1,0,-1.000000000,0.000000000,0.000000000,0.000000000,0,-1.000000000,0,0,0,,0,-1.000000000,,0,0,0.000000000,0.000000000,0,-1.000000000,0,,0,-1.000000000,,0,-1.000000000,0,,1,-0.097138979,-5.565653497,-0.007326126,0.256410599,1,3.098436594,177.527339926,-0.002442360,-2.290597916,1,-2.898014307,-166.043988761,-0.002442360,2.673503876,1,-0.201228142,-11.529523244,-0.007326126,0.422466278,1,0.913664818,52.349137950,-0.036628723,-0.003663063,0.039810561,2.280977105,0.000000000,-0.000000000,2.000000000,1.000000000,3.156802416,180.871455185,0.000000000,-2.766747713,8.500000000,2.500000000,-2.898777246,-166.087701972,0.000000000,2.697513819,3.000000000,0.800000012,-0.204279900,-11.704376086,0.000000000,0.431604922,1.200000048,0.200000003,0.913664818,52.349137950,0.000000000,0.000147920,0.100000001,0.020000000
2026-07-04 17:16:45.382,1783156605.382335663,69.083947400,1,1,69.063253818,1,0.002988471,5,1,0.008750002,5,1,0,1,0,0,1,1,1,0,1,0,-1.000000000,0.000000000,0.000000000,0.000000000,0,-1.000000000,0,0,0,,0,-1.000000000,,0,0,0.000000000,0.000000000,0,-1.000000000,0,,0,-1.000000000,,0,-1.000000000,0,,1,-0.097520448,-5.587510102,-0.007326126,0.256410599,1,3.098436594,177.527339926,-0.007326126,-2.290597916,1,-2.898014307,-166.043988761,-0.002442360,2.673503876,1,-0.201228142,-11.529523244,-0.007326126,0.417582512,1,0.913664818,52.349137950,0.012210846,-0.003663063,0.039810561,2.280977105,0.000000000,-0.000000000,2.000000000,1.000000000,3.156802416,180.871455185,0.000000000,-2.766747713,8.500000000,2.500000000,-2.898777246,-166.087701972,0.000000000,2.697513819,3.000000000,0.800000012,-0.204279900,-11.704376086,0.000000000,0.431604922,1.200000048,0.200000003,0.913664818,52.349137950,0.000000000,0.000147920,0.100000001,0.020000000
2026-07-04 17:16:46.382,1783156606.382772446,70.084384197,1,1,70.063690615,1,0.003470069,5,1,0.008905845,5,1,0,1,0,0,1,1,1,0,1,0,-1.000000000,0.000000000,0.000000000,0.000000000,0,-1.000000000,0,0,0,,0,-1.000000000,,0,0,0.000000000,0.000000000,0,-1.000000000,0,,0,-1.000000000,,0,-1.000000000,0,,1,-0.097520448,-5.587510102,-0.007326126,0.256410599,1,3.098818064,177.549196531,-0.002442360,-2.290597916,1,-2.898014307,-166.043988761,-0.002442360,2.673503876,1,-0.201228142,-11.529523244,-0.007326126,0.417582512,1,0.913664818,52.349137950,0.036628723,-0.001221180,0.039810561,2.280977105,0.000000000,-0.000000000,2.000000000,1.000000000,3.156802416,180.871455185,0.000000000,-2.766747713,8.500000000,2.500000000,-2.898777246,-166.087701972,0.000000000,2.697513819,3.000000000,0.800000012,-0.204279900,-11.704376086,0.000000000,0.431604922,1.200000048,0.200000003,0.913664818,52.349137950,0.000000000,0.000147920,0.100000001,0.020000000
2026-07-04 17:16:47.383,1783156607.382958174,71.084569914,1,1,71.063876332,1,0.003254871,5,1,0.008719258,5,1,0,1,0,0,1,1,1,0,1,0,-1.000000000,0.000000000,0.000000000,0.000000000,0,-1.000000000,0,0,0,,0,-1.000000000,,0,0,0.000000000,0.000000000,0,-1.000000000,0,,0,-1.000000000,,0,-1.000000000,0,,1,-0.097138979,-5.565653497,-0.007326126,0.256410599,1,3.098436594,177.527339926,-0.002442360,-2.304273605,1,-2.898014307,-166.043988761,-0.002442360,2.673503876,1,-0.201228142,-11.529523244,-0.007326126,0.422466278,1,0.913664818,52.349137950,-0.036628723,-0.003663063,0.039810561,2.280977105,0.000000000,-0.000000000,2.000000000,1.000000000,3.156802416,180.871455185,0.000000000,-2.766747713,8.500000000,2.500000000,-2.898777246,-166.087701972,0.000000000,2.697513819,3.000000000,0.800000012,-0.204279900,-11.704376086,0.000000000,0.431604922,1.200000048,0.200000003,0.913664818,52.349137950,0.000000000,0.000147920,0.100000001,0.020000000
2026-07-04 17:16:48.383,1783156608.383198023,72.084809645,1,1,72.064116063,1,0.003242749,5,1,0.008835226,5,1,0,1,0,0,1,1,1,0,1,0,-1.000000000,0.000000000,0.000000000,0.000000000,0,-1.000000000,0,0,0,,0,-1.000000000,,0,0,0.000000000,0.000000000,0,-1.000000000,0,,0,-1.000000000,,0,-1.000000000,0,,1,-0.097138979,-5.565653497,-0.007326126,0.251525879,1,3.098818064,177.549196531,-0.002442360,-2.290597916,1,-2.898014307,-166.043988761,-0.002442360,2.673503876,1,-0.201228142,-11.529523244,-0.007326126,0.417582512,1,0.913664818,52.349137950,-0.012210846,-0.003663063,0.039810561,2.280977105,0.000000000,-0.000000000,2.000000000,1.000000000,3.156802416,180.871455185,0.000000000,-2.766747713,8.500000000,2.500000000,-2.898777246,-166.087701972,0.000000000,2.697513819,3.000000000,0.800000012,-0.204279900,-11.704376086,0.000000000,0.431604922,1.200000048,0.200000003,0.913664818,52.349137950,0.000000000,0.000147920,0.100000001,0.020000000
2026-07-04 17:16:49.383,1783156609.383335590,73.084947401,1,1,73.064253819,1,0.003039672,5,1,0.008828420,5,1,0,1,0,0,1,1,1,0,1,0,-1.000000000,0.000000000,0.000000000,0.000000000,0,-1.000000000,0,0,0,,0,-1.000000000,,0,0,0.000000000,0.000000000,0,-1.000000000,0,,0,-1.000000000,,0,-1.000000000,0,,1,-0.097138979,-5.565653497,0.007326126,0.256410599,1,3.098436594,177.527339926,-0.002442360,-2.290597916,1,-2.898014307,-166.043988761,0.002442360,2.673503876,1,-0.201228142,-11.529523244,-0.021978378,0.417582512,1,0.913664818,52.349137950,-0.012210846,-0.003663063,0.039810561,2.280977105,0.000000000,-0.000000000,2.000000000,1.000000000,3.156802416,180.871455185,0.000000000,-2.766747713,8.500000000,2.500000000,-2.898777246,-166.087701972,0.000000000,2.697513819,3.000000000,0.800000012,-0.204279900,-11.704376086,0.000000000,0.431604922,1.200000048,0.200000003,0.913664818,52.349137950,0.000000000,0.000147920,0.100000001,0.020000000
2026-07-04 17:16:50.383,1783156610.383650780,74.085262488,1,1,74.064568906,1,0.003452318,5,1,0.009028776,5,1,0,1,0,0,1,1,1,0,1,0,-1.000000000,0.000000000,0.000000000,0.000000000,0,-1.000000000,0,0,0,,0,-1.000000000,,0,0,0.000000000,0.000000000,0,-1.000000000,0,,0,-1.000000000,,0,-1.000000000,0,,1,-0.097138979,-5.565653497,0.007326126,0.256410599,1,3.098436594,177.527339926,-0.002442360,-2.290597916,1,-2.898014307,-166.043988761,-0.002442360,2.673503876,1,-0.201228142,-11.529523244,-0.007326126,0.417582512,1,0.913664818,52.349137950,-0.036628723,-0.003663063,0.039810561,2.280977105,0.000000000,-0.000000000,2.000000000,1.000000000,3.156802416,180.871455185,0.000000000,-2.766747713,8.500000000,2.500000000,-2.898777246,-166.087701972,0.000000000,2.697513819,3.000000000,0.800000012,-0.204279900,-11.704376086,0.000000000,0.431604922,1.200000048,0.200000003,0.913664818,52.349137950,0.000000000,0.000147920,0.100000001,0.020000000
2026-07-04 17:16:51.383,1783156611.383737326,75.085349087,1,1,75.064655505,1,0.003662214,5,1,0.008759762,5,1,0,1,0,0,1,1,1,0,1,0,-1.000000000,0.000000000,0.000000000,0.000000000,0,-1.000000000,0,0,0,,0,-1.000000000,,0,0,0.000000000,0.000000000,0,-1.000000000,0,,0,-1.000000000,,0,-1.000000000,0,,1,-0.097138979,-5.565653497,0.007326126,0.256410599,1,3.098436594,177.527339926,-0.007326126,-2.304273605,1,-2.898014307,-166.043988761,-0.002442360,2.673503876,1,-0.201228142,-11.529523244,0.007326126,0.417582512,1,0.913664818,52.349137950,-0.012210846,-0.003663063,0.039810561,2.280977105,0.000000000,-0.000000000,2.000000000,1.000000000,3.156802416,180.871455185,0.000000000,-2.766747713,8.500000000,2.500000000,-2.898777246,-166.087701972,0.000000000,2.697513819,3.000000000,0.800000012,-0.204279900,-11.704376086,0.000000000,0.431604922,1.200000048,0.200000003,0.913664818,52.349137950,0.000000000,0.000147920,0.100000001,0.020000000
2026-07-04 17:16:52.384,1783156612.384069443,76.085681089,1,1,76.064987507,1,0.003382265,5,1,0.008884264,5,1,0,1,0,0,1,1,1,0,1,0,-1.000000000,0.000000000,0.000000000,0.000000000,0,-1.000000000,0,0,0,,0,-1.000000000,,0,0,0.000000000,0.000000000,0,-1.000000000,0,,0,-1.000000000,,0,-1.000000000,0,,1,-0.097138979,-5.565653497,-0.007326126,0.251525879,1,3.098436594,177.527339926,-0.007326126,-2.290597916,1,-2.898014307,-166.043988761,-0.002442360,2.687179565,1,-0.201228142,-11.529523244,-0.007326126,0.417582512,1,0.913664818,52.349137950,-0.012210846,-0.001221180,0.039810561,2.280977105,0.000000000,-0.000000000,2.000000000,1.000000000,3.156802416,180.871455185,0.000000000,-2.766747713,8.500000000,2.500000000,-2.898777246,-166.087701972,0.000000000,2.697513819,3.000000000,0.800000012,-0.204279900,-11.704376086,0.000000000,0.431604922,1.200000048,0.200000003,0.913664818,52.349137950,0.000000000,0.000147920,0.100000001,0.020000000
2026-07-04 17:16:53.384,1783156613.384209156,77.085820937,1,1,77.065127355,1,0.003393817,5,1,0.008828866,5,1,0,1,0,0,1,1,1,0,1,0,-1.000000000,0.000000000,0.000000000,0.000000000,0,-1.000000000,0,0,0,,0,-1.000000000,,0,0,0.000000000,0.000000000,0,-1.000000000,0,,0,-1.000000000,,0,-1.000000000,0,,1,-0.097138979,-5.565653497,0.007326126,0.256410599,1,3.098818064,177.549196531,-0.002442360,-2.290597916,1,-2.898014307,-166.043988761,-0.002442360,2.673503876,1,-0.201228142,-11.529523244,-0.007326126,0.417582512,1,0.913664818,52.349137950,-0.012210846,-0.001221180,0.039810561,2.280977105,0.000000000,-0.000000000,2.000000000,1.000000000,3.156802416,180.871455185,0.000000000,-2.766747713,8.500000000,2.500000000,-2.898777246,-166.087701972,0.000000000,2.697513819,3.000000000,0.800000012,-0.204279900,-11.704376086,0.000000000,0.431604922,1.200000048,0.200000003,0.913664818,52.349137950,0.000000000,0.000147920,0.100000001,0.020000000
2026-07-04 17:16:54.384,1783156614.384505272,78.086117067,1,1,78.065423485,1,0.003549706,5,1,0.008983074,5,1,0,1,0,0,1,1,1,0,1,0,-1.000000000,0.000000000,0.000000000,0.000000000,0,-1.000000000,0,0,0,,0,-1.000000000,,0,0,0.000000000,0.000000000,0,-1.000000000,0,,0,-1.000000000,,0,-1.000000000,0,,1,-0.097138979,-5.565653497,0.007326126,0.256410599,1,3.098436594,177.527339926,-0.002442360,-2.304273605,1,-2.898014307,-166.043988761,-0.002442360,2.673503876,1,-0.201228142,-11.529523244,-0.007326126,0.422466278,1,0.913664818,52.349137950,-0.012210846,-0.001221180,0.039810561,2.280977105,0.000000000,-0.000000000,2.000000000,1.000000000,3.156802416,180.871455185,0.000000000,-2.766747713,8.500000000,2.500000000,-2.898777246,-166.087701972,0.000000000,2.697513819,3.000000000,0.800000012,-0.204279900,-11.704376086,0.000000000,0.431604922,1.200000048,0.200000003,0.913664818,52.349137950,0.000000000,0.000147920,0.100000001,0.020000000
2026-07-04 17:16:55.384,1783156615.384548903,79.086160554,1,1,79.065466972,1,0.003327105,5,1,0.008540941,5,1,0,1,0,0,1,1,1,0,1,0,-1.000000000,0.000000000,0.000000000,0.000000000,0,-1.000000000,0,0,0,,0,-1.000000000,,0,0,0.000000000,0.000000000,0,-1.000000000,0,,0,-1.000000000,,0,-1.000000000,0,,1,-0.097138979,-5.565653497,-0.007326126,0.256410599,1,3.098436594,177.527339926,-0.002442360,-2.290597916,1,-2.898014307,-166.043988761,-0.002442360,2.673503876,1,-0.201228142,-11.529523244,-0.021978378,0.417582512,1,0.913664818,52.349137950,0.012210846,-0.003663063,0.039810561,2.280977105,0.000000000,-0.000000000,2.000000000,1.000000000,3.156802416,180.871455185,0.000000000,-2.766747713,8.500000000,2.500000000,-2.898777246,-166.087701972,0.000000000,2.697513819,3.000000000,0.800000012,-0.204279900,-11.704376086,0.000000000,0.431604922,1.200000048,0.200000003,0.913664818,52.349137950,0.000000000,0.000147920,0.100000001,0.020000000
2026-07-04 17:16:56.384,1783156616.384744883,80.086356814,1,1,80.065663232,1,0.003331233,5,1,0.008646805,5,1,0,1,0,0,1,1,1,0,1,0,-1.000000000,0.000000000,0.000000000,0.000000000,0,-1.000000000,0,0,0,,0,-1.000000000,,0,0,0.000000000,0.000000000,0,-1.000000000,0,,0,-1.000000000,,0,-1.000000000,0,,1,-0.097138979,-5.565653497,-0.007326126,0.256410599,1,3.098436594,177.527339926,-0.002442360,-2.290597916,1,-2.898014307,-166.043988761,-0.002442360,2.673503876,1,-0.201228142,-11.529523244,-0.021978378,0.422466278,1,0.913664818,52.349137950,0.012210846,-0.003663063,0.039810561,2.280977105,0.000000000,-0.000000000,2.000000000,1.000000000,3.156802416,180.871455185,0.000000000,-2.766747713,8.500000000,2.500000000,-2.898777246,-166.087701972,0.000000000,2.697513819,3.000000000,0.800000012,-0.204279900,-11.704376086,0.000000000,0.431604922,1.200000048,0.200000003,0.913664818,52.349137950,0.000000000,0.000147920,0.100000001,0.020000000
2026-07-04 17:16:57.385,1783156617.384921789,81.086533565,1,1,81.065839983,1,0.003517797,5,1,0.009008040,5,1,0,1,0,0,1,1,1,0,1,0,-1.000000000,0.000000000,0.000000000,0.000000000,0,-1.000000000,0,0,0,,0,-1.000000000,,0,0,0.000000000,0.000000000,0,-1.000000000,0,,0,-1.000000000,,0,-1.000000000,0,,1,-0.097138979,-5.565653497,-0.007326126,0.256410599,1,3.098436594,177.527339926,-0.002442360,-2.304273605,1,-2.898014307,-166.043988761,-0.007326126,2.673503876,1,-0.201228142,-11.529523244,-0.007326126,0.417582512,1,0.913664818,52.349137950,-0.036628723,-0.003663063,0.039810561,2.280977105,0.000000000,-0.000000000,2.000000000,1.000000000,3.156802416,180.871455185,0.000000000,-2.766747713,8.500000000,2.500000000,-2.898777246,-166.087701972,0.000000000,2.697513819,3.000000000,0.800000012,-0.204279900,-11.704376086,0.000000000,0.431604922,1.200000048,0.200000003,0.913664818,52.349137950,0.000000000,0.000147920,0.100000001,0.020000000
2026-07-04 17:16:58.385,1783156618.385002613,82.086614198,1,1,82.065920616,1,0.003260299,5,1,0.008829830,5,1,0,1,0,0,1,1,1,0,1,0,-1.000000000,0.000000000,0.000000000,0.000000000,0,-1.000000000,0,0,0,,0,-1.000000000,,0,0,0.000000000,0.000000000,0,-1.000000000,0,,0,-1.000000000,,0,-1.000000000,0,,1,-0.097138979,-5.565653497,0.007326126,0.251525879,1,3.098436594,177.527339926,0.002442360,-2.304273605,1,-2.898014307,-166.043988761,-0.002442360,2.673503876,1,-0.201228142,-11.529523244,-0.021978378,0.422466278,1,0.913664818,52.349137950,-0.036628723,-0.003663063,0.039810561,2.280977105,0.000000000,-0.000000000,2.000000000,1.000000000,3.156802416,180.871455185,0.000000000,-2.766747713,8.500000000,2.500000000,-2.898777246,-166.087701972,0.000000000,2.697513819,3.000000000,0.800000012,-0.204279900,-11.704376086,0.000000000,0.431604922,1.200000048,0.200000003,0.913664818,52.349137950,0.000000000,0.000147920,0.100000001,0.020000000
2026-07-04 17:16:59.385,1783156619.385169744,83.086781310,1,1,83.066087728,1,0.003654246,5,1,0.008834536,5,1,0,1,0,0,1,1,1,0,1,0,-1.000000000,0.000000000,0.000000000,0.000000000,0,-1.000000000,0,0,0,,0,-1.000000000,,0,0,0.000000000,0.000000000,0,-1.000000000,0,,0,-1.000000000,,0,-1.000000000,0,,1,-0.097138979,-5.565653497,0.007326126,0.256410599,1,3.098436594,177.527339926,-0.002442360,-2.290597916,1,-2.898014307,-166.043988761,-0.002442360,2.673503876,1,-0.201228142,-11.529523244,-0.007326126,0.422466278,1,0.913664818,52.349137950,0.012210846,-0.003663063,0.039810561,2.280977105,0.000000000,-0.000000000,2.000000000,1.000000000,3.156802416,180.871455185,0.000000000,-2.766747713,8.500000000,2.500000000,-2.898777246,-166.087701972,0.000000000,2.697513819,3.000000000,0.800000012,-0.204279900,-11.704376086,0.000000000,0.431604922,1.200000048,0.200000003,0.913664818,52.349137950,0.000000000,0.000147920,0.100000001,0.020000000
2026-07-04 17:17:00.385,1783156620.385486841,84.087098599,1,1,84.066405017,1,0.003206704,5,1,0.008990640,5,1,0,1,0,0,1,1,1,0,1,0,-1.000000000,0.000000000,0.000000000,0.000000000,0,-1.000000000,0,0,0,,0,-1.000000000,,0,0,0.000000000,0.000000000,0,-1.000000000,0,,0,-1.000000000,,0,-1.000000000,0,,1,-0.097138979,-5.565653497,-0.007326126,0.256410599,1,3.098436594,177.527339926,-0.002442360,-2.290597916,1,-2.898014307,-166.043988761,-0.002442360,2.673503876,1,-0.201228142,-11.529523244,-0.007326126,0.417582512,1,0.913664818,52.349137950,-0.036628723,-0.003663063,0.039810561,2.280977105,0.000000000,-0.000000000,2.000000000,1.000000000,3.156802416,180.871455185,0.000000000,-2.766747713,8.500000000,2.500000000,-2.898777246,-166.087701972,0.000000000,2.697513819,3.000000000,0.800000012,-0.204279900,-11.704376086,0.000000000,0.431604922,1.200000048,0.200000003,0.913664818,52.349137950,0.000000000,0.000147920,0.100000001,0.020000000
2026-07-04 17:17:01.385,1783156621.385436535,85.087048131,1,1,85.066354549,1,0.003049838,5,1,0.008951119,5,1,0,1,0,0,1,1,1,0,1,0,-1.000000000,0.000000000,0.000000000,0.000000000,0,-1.000000000,0,0,0,,0,-1.000000000,,0,0,0.000000000,0.000000000,0,-1.000000000,0,,0,-1.000000000,,0,-1.000000000,0,,1,-0.097138979,-5.565653497,-0.007326126,0.256410599,1,3.098436594,177.527339926,-0.002442360,-2.290597916,1,-2.898014307,-166.043988761,-0.002442360,2.673503876,1,-0.201228142,-11.529523244,-0.021978378,0.417582512,1,0.913664818,52.349137950,-0.012210846,-0.003663063,0.039810561,2.280977105,0.000000000,-0.000000000,2.000000000,1.000000000,3.156802416,180.871455185,0.000000000,-2.766747713,8.500000000,2.500000000,-2.898777246,-166.087701972,0.000000000,2.697513819,3.000000000,0.800000012,-0.204279900,-11.704376086,0.000000000,0.431604922,1.200000048,0.200000003,0.913664818,52.349137950,0.000000000,0.000147920,0.100000001,0.020000000
2026-07-04 17:17:02.385,1783156622.385655880,86.087267438,1,1,86.066573856,1,0.003383814,5,1,0.008550729,5,1,0,1,0,0,1,1,1,0,1,0,-1.000000000,0.000000000,0.000000000,0.000000000,0,-1.000000000,0,0,0,,0,-1.000000000,,0,0,0.000000000,0.000000000,0,-1.000000000,0,,0,-1.000000000,,0,-1.000000000,0,,1,-0.097138979,-5.565653497,-0.007326126,0.256410599,1,3.098436594,177.527339926,-0.002442360,-2.290597916,1,-2.898014307,-166.043988761,-0.002442360,2.673503876,1,-0.201228142,-11.529523244,-0.007326126,0.422466278,1,0.913664818,52.349137950,0.012210846,-0.001221180,0.039810561,2.280977105,0.000000000,-0.000000000,2.000000000,1.000000000,3.156802416,180.871455185,0.000000000,-2.766747713,8.500000000,2.500000000,-2.898777246,-166.087701972,0.000000000,2.697513819,3.000000000,0.800000012,-0.204279900,-11.704376086,0.000000000,0.431604922,1.200000048,0.200000003,0.913664818,52.349137950,0.000000000,0.000147920,0.100000001,0.020000000
2026-07-04 17:17:03.385,1783156623.385729074,87.087340764,1,1,87.066647182,1,0.003407734,5,1,0.008844793,5,1,0,1,0,0,1,1,1,0,1,0,-1.000000000,0.000000000,0.000000000,0.000000000,0,-1.000000000,0,0,0,,0,-1.000000000,,0,0,0.000000000,0.000000000,0,-1.000000000,0,,0,-1.000000000,,0,-1.000000000,0,,1,-0.097138979,-5.565653497,0.007326126,0.256410599,1,3.098436594,177.527339926,-0.002442360,-2.290597916,1,-2.898014307,-166.043988761,-0.002442360,2.687179565,1,-0.201228142,-11.529523244,-0.007326126,0.417582512,1,0.913664818,52.349137950,-0.012210846,-0.003663063,0.039810561,2.280977105,0.000000000,-0.000000000,2.000000000,1.000000000,3.156802416,180.871455185,0.000000000,-2.766747713,8.500000000,2.500000000,-2.898777246,-166.087701972,0.000000000,2.697513819,3.000000000,0.800000012,-0.204279900,-11.704376086,0.000000000,0.431604922,1.200000048,0.200000003,0.913664818,52.349137950,0.000000000,0.000147920,0.100000001,0.020000000
2026-07-04 17:17:04.385,1783156624.385886669,88.087498511,1,1,88.066804929,1,0.003529520,5,1,0.008649905,5,1,0,1,0,0,1,1,1,0,1,0,-1.000000000,0.000000000,0.000000000,0.000000000,0,-1.000000000,0,0,0,,0,-1.000000000,,0,0,0.000000000,0.000000000,0,-1.000000000,0,,0,-1.000000000,,0,-1.000000000,0,,1,-0.097138979,-5.565653497,-0.007326126,0.256410599,1,3.098436594,177.527339926,-0.002442360,-2.290597916,1,-2.898014307,-166.043988761,-0.002442360,2.673503876,0,-0.201228142,-11.529523244,-0.007326126,0.422466278,0,0.913664818,52.349137950,-0.012210846,-0.003663063,0.039810561,2.280977105,0.000000000,-0.000000000,2.000000000,1.000000000,3.156802416,180.871455185,0.000000000,-2.766747713,8.500000000,2.500000000,-2.898777246,-166.087701972,0.000000000,2.697513819,3.000000000,0.800000012,-0.204279900,-11.704376086,0.000000000,0.431604922,1.200000048,0.200000003,0.913664818,52.349137950,0.000000000,0.000147920,0.100000001,0.020000000
2026-07-04 17:17:05.385,1783156625.385931253,89.087543071,1,1,89.066849489,1,0.003315338,5,1,0.008703131,5,1,0,1,0,0,1,1,1,0,1,0,-1.000000000,0.000000000,0.000000000,0.000000000,0,-1.000000000,0,0,0,,0,-1.000000000,,0,0,0.000000000,0.000000000,0,-1.000000000,0,,0,-1.000000000,,0,-1.000000000,0,,1,-0.097138979,-5.565653497,-0.007326126,0.256410599,1,3.098436594,177.527339926,-0.002442360,-2.290597916,1,-2.898014307,-166.043988761,-0.002442360,2.673503876,1,-0.201228142,-11.529523244,-0.007326126,0.417582512,1,0.913664818,52.349137950,-0.012210846,-0.001221180,0.039810561,2.280977105,0.000000000,-0.000000000,2.000000000,1.000000000,3.156802416,180.871455185,0.000000000,-2.766747713,8.500000000,2.500000000,-2.898777246,-166.087701972,0.000000000,2.697513819,3.000000000,0.800000012,-0.204279900,-11.704376086,0.000000000,0.431604922,1.200000048,0.200000003,0.913664818,52.349137950,0.000000000,0.000147920,0.100000001,0.020000000
2026-07-04 17:17:06.386,1783156626.386068583,90.087680101,1,1,90.066986519,1,0.002996297,5,1,0.008832364,5,1,0,1,0,0,1,1,1,0,1,0,-1.000000000,0.000000000,0.000000000,0.000000000,0,-1.000000000,0,0,0,,0,-1.000000000,,0,0,0.000000000,0.000000000,0,-1.000000000,0,,0,-1.000000000,,0,-1.000000000,0,,1,-0.097138979,-5.565653497,-0.007326126,0.256410599,1,3.098436594,177.527339926,-0.002442360,-2.290597916,1,-2.898014307,-166.043988761,-0.007326126,2.673503876,1,-0.201228142,-11.529523244,-0.007326126,0.422466278,1,0.913664818,52.349137950,-0.012210846,-0.003663063,0.039810561,2.280977105,0.000000000,-0.000000000,2.000000000,1.000000000,3.156802416,180.871455185,0.000000000,-2.766747713,8.500000000,2.500000000,-2.898777246,-166.087701972,0.000000000,2.697513819,3.000000000,0.800000012,-0.204279900,-11.704376086,0.000000000,0.431604922,1.200000048,0.200000003,0.913664818,52.349137950,0.000000000,0.000147920,0.100000001,0.020000000
2026-07-04 17:17:07.386,1783156627.386219025,91.087830791,1,1,91.067137209,1,0.003660889,5,1,0.008811407,5,1,0,1,0,0,1,1,1,0,1,0,-1.000000000,0.000000000,0.000000000,0.000000000,0,-1.000000000,0,0,0,,0,-1.000000000,,0,0,0.000000000,0.000000000,0,-1.000000000,0,,0,-1.000000000,,0,-1.000000000,0,,1,-0.097138979,-5.565653497,-0.007326126,0.251525879,1,3.098436594,177.527339926,-0.002442360,-2.290597916,1,-2.898014307,-166.043988761,0.002442360,2.687179565,1,-0.201228142,-11.529523244,-0.021978378,0.417582512,1,0.913664818,52.349137950,-0.036628723,-0.001221180,0.039810561,2.280977105,0.000000000,-0.000000000,2.000000000,1.000000000,3.156802416,180.871455185,0.000000000,-2.766747713,8.500000000,2.500000000,-2.898777246,-166.087701972,0.000000000,2.697513819,3.000000000,0.800000012,-0.204279900,-11.704376086,0.000000000,0.431604922,1.200000048,0.200000003,0.913664818,52.349137950,0.000000000,0.000147920,0.100000001,0.020000000
2026-07-04 17:17:08.386,1783156628.386333227,92.087944961,1,1,92.067251379,1,0.003669530,5,1,0.008734465,5,1,0,1,0,0,1,1,1,0,1,0,-1.000000000,0.000000000,0.000000000,0.000000000,0,-1.000000000,0,0,0,,0,-1.000000000,,0,0,0.000000000,0.000000000,0,-1.000000000,0,,0,-1.000000000,,0,-1.000000000,0,,1,-0.097138979,-5.565653497,-0.021978378,0.256410599,1,3.098436594,177.527339926,-0.002442360,-2.304273605,1,-2.898014307,-166.043988761,0.002442360,2.673503876,1,-0.201228142,-11.529523244,-0.007326126,0.417582512,1,0.913664818,52.349137950,-0.012210846,-0.003663063,0.039810561,2.280977105,0.000000000,-0.000000000,2.000000000,1.000000000,3.156802416,180.871455185,0.000000000,-2.766747713,8.500000000,2.500000000,-2.898777246,-166.087701972,0.000000000,2.697513819,3.000000000,0.800000012,-0.204279900,-11.704376086,0.000000000,0.431604922,1.200000048,0.200000003,0.913664818,52.349137950,0.000000000,0.000147920,0.100000001,0.020000000
2026-07-04 17:17:09.386,1783156629.386440516,93.088052238,1,1,93.067358656,1,0.003222408,5,1,0.008982761,5,1,0,1,0,0,1,1,1,0,1,0,-1.000000000,0.000000000,0.000000000,0.000000000,0,-1.000000000,0,0,0,,0,-1.000000000,,0,0,0.000000000,0.000000000,0,-1.000000000,0,,0,-1.000000000,,0,-1.000000000,0,,1,-0.097138979,-5.565653497,-0.007326126,0.256410599,1,3.098436594,177.527339926,-0.002442360,-2.290597916,1,-2.898014307,-166.043988761,-0.002442360,2.673503876,1,-0.201228142,-11.529523244,-0.021978378,0.417582512,1,0.913664818,52.349137950,-0.012210846,-0.003663063,0.039810561,2.280977105,0.000000000,-0.000000000,2.000000000,1.000000000,3.156802416,180.871455185,0.000000000,-2.766747713,8.500000000,2.500000000,-2.898777246,-166.087701972,0.000000000,2.697513819,3.000000000,0.800000012,-0.204279900,-11.704376086,0.000000000,0.431604922,1.200000048,0.200000003,0.913664818,52.349137950,0.000000000,0.000147920,0.100000001,0.020000000
2026-07-04 17:17:10.386,1783156630.386534929,94.088146570,1,1,94.067452988,1,0.003288969,5,1,0.008953917,5,1,0,1,0,0,1,1,1,0,1,0,-1.000000000,0.000000000,0.000000000,0.000000000,0,-1.000000000,0,0,0,,0,-1.000000000,,0,0,0.000000000,0.000000000,0,-1.000000000,0,,0,-1.000000000,,0,-1.000000000,0,,1,-0.097138979,-5.565653497,-0.007326126,0.256410599,1,3.098436594,177.527339926,-0.002442360,-2.290597916,1,-2.898014307,-166.043988761,-0.002442360,2.673503876,1,-0.201228142,-11.529523244,-0.007326126,0.422466278,1,0.913664818,52.349137950,-0.012210846,-0.003663063,0.039810561,2.280977105,0.000000000,-0.000000000,2.000000000,1.000000000,3.156802416,180.871455185,0.000000000,-2.766747713,8.500000000,2.500000000,-2.898777246,-166.087701972,0.000000000,2.697513819,3.000000000,0.800000012,-0.204279900,-11.704376086,0.000000000,0.431604922,1.200000048,0.200000003,0.913664818,52.349137950,0.000000000,0.000147920,0.100000001,0.020000000
2026-07-04 17:17:11.386,1783156631.386637449,95.088249339,1,1,95.067555757,1,0.002779915,5,1,0.008747657,5,1,0,1,0,0,1,1,1,0,1,0,-1.000000000,0.000000000,0.000000000,0.000000000,0,-1.000000000,0,0,0,,0,-1.000000000,,0,0,0.000000000,0.000000000,0,-1.000000000,0,,0,-1.000000000,,0,-1.000000000,0,,1,-0.097138979,-5.565653497,-0.007326126,0.256410599,1,3.098818064,177.549196531,0.002442360,-2.304273605,1,-2.898014307,-166.043988761,-0.002442360,2.673503876,1,-0.201228142,-11.529523244,-0.021978378,0.417582512,1,0.913664818,52.349137950,-0.012210846,-0.003663063,0.039810561,2.280977105,0.000000000,-0.000000000,2.000000000,1.000000000,3.156802416,180.871455185,0.000000000,-2.766747713,8.500000000,2.500000000,-2.898777246,-166.087701972,0.000000000,2.697513819,3.000000000,0.800000012,-0.204279900,-11.704376086,0.000000000,0.431604922,1.200000048,0.200000003,0.913664818,52.349137950,0.000000000,0.000147920,0.100000001,0.020000000
2026-07-04 17:17:12.386,1783156632.386747122,96.088358894,1,1,96.067665312,1,0.003405851,5,1,0.008982398,5,1,0,1,0,0,1,1,1,0,1,0,-1.000000000,0.000000000,0.000000000,0.000000000,0,-1.000000000,0,0,0,,0,-1.000000000,,0,0,0.000000000,0.000000000,0,-1.000000000,0,,0,-1.000000000,,0,-1.000000000,0,,1,-0.097138979,-5.565653497,-0.007326126,0.251525879,1,3.098436594,177.527339926,-0.002442360,-2.290597916,1,-2.898014307,-166.043988761,-0.002442360,2.673503876,1,-0.201228142,-11.529523244,-0.007326126,0.417582512,1,0.913664818,52.349137950,0.012210846,-0.003663063,0.039810561,2.280977105,0.000000000,-0.000000000,2.000000000,1.000000000,3.156802416,180.871455185,0.000000000,-2.766747713,8.500000000,2.500000000,-2.898777246,-166.087701972,0.000000000,2.697513819,3.000000000,0.800000012,-0.204279900,-11.704376086,0.000000000,0.431604922,1.200000048,0.200000003,0.913664818,52.349137950,0.000000000,0.000147920,0.100000001,0.020000000
2026-07-04 17:17:13.386,1783156633.386716127,97.088327970,1,1,97.067634388,1,0.003305745,5,1,0.008876220,5,1,0,1,0,0,1,1,1,0,1,0,-1.000000000,0.000000000,0.000000000,0.000000000,0,-1.000000000,0,0,0,,0,-1.000000000,,0,0,0.000000000,0.000000000,0,-1.000000000,0,,0,-1.000000000,,0,-1.000000000,0,,1,-0.097138979,-5.565653497,-0.021978378,0.256410599,1,3.098436594,177.527339926,-0.002442360,-2.290597916,1,-2.898014307,-166.043988761,-0.002442360,2.673503876,1,-0.201228142,-11.529523244,-0.007326126,0.417582512,1,0.913664818,52.349137950,-0.036628723,-0.003663063,0.039810561,2.280977105,0.000000000,-0.000000000,2.000000000,1.000000000,3.156802416,180.871455185,0.000000000,-2.766747713,8.500000000,2.500000000,-2.898777246,-166.087701972,0.000000000,2.697513819,3.000000000,0.800000012,-0.204279900,-11.704376086,0.000000000,0.431604922,1.200000048,0.200000003,0.913664818,52.349137950,0.000000000,0.000147920,0.100000001,0.020000000
2026-07-04 17:17:14.387,1783156634.386948586,98.088560353,1,1,98.067866771,1,0.002956965,5,1,0.009119225,5,1,0,1,0,0,1,1,1,0,1,0,-1.000000000,0.000000000,0.000000000,0.000000000,0,-1.000000000,0,0,0,,0,-1.000000000,,0,0,0.000000000,0.000000000,0,-1.000000000,0,,0,-1.000000000,,0,-1.000000000,0,,1,-0.097138979,-5.565653497,-0.007326126,0.256410599,1,3.098436594,177.527339926,-0.002442360,-2.290597916,1,-2.898014307,-166.043988761,-0.002442360,2.687179565,1,-0.201228142,-11.529523244,-0.007326126,0.417582512,1,0.913664818,52.349137950,-0.012210846,-0.003663063,0.039810561,2.280977105,0.000000000,-0.000000000,2.000000000,1.000000000,3.156802416,180.871455185,0.000000000,-2.766747713,8.500000000,2.500000000,-2.898777246,-166.087701972,0.000000000,2.697513819,3.000000000,0.800000012,-0.204279900,-11.704376086,0.000000000,0.431604922,1.200000048,0.200000003,0.913664818,52.349137950,0.000000000,0.000147920,0.100000001,0.020000000
2026-07-04 17:17:15.387,1783156635.386964560,99.088576114,1,1,99.067882532,1,0.003343465,5,1,0.008897385,5,1,0,1,0,0,1,1,1,0,1,0,-1.000000000,0.000000000,0.000000000,0.000000000,0,-1.000000000,0,0,0,,0,-1.000000000,,0,0,0.000000000,0.000000000,0,-1.000000000,0,,0,-1.000000000,,0,-1.000000000,0,,1,-0.097138979,-5.565653497,-0.007326126,0.256410599,1,3.098436594,177.527339926,-0.002442360,-2.290597916,1,-2.898014307,-166.043988761,-0.002442360,2.659828186,1,-0.201228142,-11.529523244,-0.007326126,0.422466278,1,0.913664818,52.349137950,0.012210846,-0.003663063,0.039810561,2.280977105,0.000000000,-0.000000000,2.000000000,1.000000000,3.156802416,180.871455185,0.000000000,-2.766747713,8.500000000,2.500000000,-2.898777246,-166.087701972,0.000000000,2.697513819,3.000000000,0.800000012,-0.204279900,-11.704376086,0.000000000,0.431604922,1.200000048,0.200000003,0.913664818,52.349137950,0.000000000,0.000147920,0.100000001,0.020000000
2026-07-04 17:17:16.387,1783156636.386963367,100.088575115,1,1,100.067881533,1,0.003042329,5,1,0.008700973,5,1,0,1,0,0,1,1,1,0,1,0,-1.000000000,0.000000000,0.000000000,0.000000000,0,-1.000000000,0,0,0,,0,-1.000000000,,0,0,0.000000000,0.000000000,0,-1.000000000,0,,0,-1.000000000,,0,-1.000000000,0,,1,-0.097138979,-5.565653497,0.007326126,0.256410599,1,3.098436594,177.527339926,-0.002442360,-2.290597916,1,-2.898014307,-166.043988761,-0.002442360,2.673503876,1,-0.201228142,-11.529523244,-0.007326126,0.422466278,1,0.913664818,52.349137950,-0.036628723,-0.003663063,0.039810561,2.280977105,0.000000000,-0.000000000,2.000000000,1.000000000,3.156802416,180.871455185,0.000000000,-2.766747713,8.500000000,2.500000000,-2.898777246,-166.087701972,0.000000000,2.697513819,3.000000000,0.800000012,-0.204279900,-11.704376086,0.000000000,0.431604922,1.200000048,0.200000003,0.913664818,52.349137950,0.000000000,0.000147920,0.100000001,0.020000000
2026-07-04 17:17:17.387,1783156637.387013197,101.088624919,1,1,101.067931337,1,0.003085611,5,1,0.008724109,5,1,0,1,0,0,1,1,1,0,1,0,-1.000000000,0.000000000,0.000000000,0.000000000,0,-1.000000000,0,0,0,,0,-1.000000000,,0,0,0.000000000,0.000000000,0,-1.000000000,0,,0,-1.000000000,,0,-1.000000000,0,,1,-0.097138979,-5.565653497,-0.007326126,0.256410599,1,3.098818064,177.549196531,-0.002442360,-2.304273605,1,-2.898014307,-166.043988761,-0.002442360,2.687179565,1,-0.201228142,-11.529523244,-0.007326126,0.417582512,1,0.913664818,52.349137950,-0.036628723,-0.003663063,0.039810561,2.280977105,0.000000000,-0.000000000,2.000000000,1.000000000,3.156802416,180.871455185,0.000000000,-2.766747713,8.500000000,2.500000000,-2.898777246,-166.087701972,0.000000000,2.697513819,3.000000000,0.800000012,-0.204279900,-11.704376086,0.000000000,0.431604922,1.200000048,0.200000003,0.913664818,52.349137950,0.000000000,0.000147920,0.100000001,0.020000000
2026-07-04 17:17:18.387,1783156638.387107849,102.088719544,1,1,102.068025962,1,0.003228639,5,1,0.008878448,5,1,0,1,0,0,1,1,1,0,1,0,-1.000000000,0.000000000,0.000000000,0.000000000,0,-1.000000000,0,0,0,,0,-1.000000000,,0,0,0.000000000,0.000000000,0,-1.000000000,0,,0,-1.000000000,,0,-1.000000000,0,,1,-0.097138979,-5.565653497,-0.021978378,0.251525879,1,3.098436594,177.527339926,-0.007326126,-2.290597916,1,-2.898014307,-166.043988761,-0.002442360,2.673503876,1,-0.201228142,-11.529523244,-0.007326126,0.422466278,1,0.913664818,52.349137950,-0.036628723,-0.003663063,0.039810561,2.280977105,0.000000000,-0.000000000,2.000000000,1.000000000,3.156802416,180.871455185,0.000000000,-2.766747713,8.500000000,2.500000000,-2.898777246,-166.087701972,0.000000000,2.697513819,3.000000000,0.800000012,-0.204279900,-11.704376086,0.000000000,0.431604922,1.200000048,0.200000003,0.913664818,52.349137950,0.000000000,0.000147920,0.100000001,0.020000000
2026-07-04 17:17:19.387,1783156639.387212992,103.088824678,1,1,103.068131096,1,0.003455276,5,1,0.008947514,5,1,0,1,0,0,1,1,1,0,1,0,-1.000000000,0.000000000,0.000000000,0.000000000,0,-1.000000000,0,0,0,,0,-1.000000000,,0,0,0.000000000,0.000000000,0,-1.000000000,0,,0,-1.000000000,,0,-1.000000000,0,,1,-0.097138979,-5.565653497,-0.007326126,0.256410599,1,3.098436594,177.527339926,0.002442360,-2.304273605,1,-2.898014307,-166.043988761,-0.007326126,2.687179565,1,-0.201228142,-11.529523244,-0.007326126,0.422466278,1,0.913664818,52.349137950,-0.012210846,-0.003663063,0.039810561,2.280977105,0.000000000,-0.000000000,2.000000000,1.000000000,3.156802416,180.871455185,0.000000000,-2.766747713,8.500000000,2.500000000,-2.898777246,-166.087701972,0.000000000,2.697513819,3.000000000,0.800000012,-0.204279900,-11.704376086,0.000000000,0.431604922,1.200000048,0.200000003,0.913664818,52.349137950,0.000000000,0.000147920,0.100000001,0.020000000
2026-07-04 17:17:20.387,1783156640.387269258,104.088881081,1,1,104.068187499,1,0.002926027,5,1,0.008777206,5,1,0,1,0,0,1,1,1,0,1,0,-1.000000000,0.000000000,0.000000000,0.000000000,0,-1.000000000,0,0,0,,0,-1.000000000,,0,0,0.000000000,0.000000000,0,-1.000000000,0,,0,-1.000000000,,0,-1.000000000,0,,1,-0.097138979,-5.565653497,-0.021978378,0.256410599,1,3.098436594,177.527339926,-0.007326126,-2.290597916,1,-2.898014307,-166.043988761,-0.002442360,2.673503876,1,-0.201228142,-11.529523244,-0.021978378,0.417582512,1,0.913281441,52.327172062,-0.036628723,-0.003663063,0.039810561,2.280977105,0.000000000,-0.000000000,2.000000000,1.000000000,3.156802416,180.871455185,0.000000000,-2.766747713,8.500000000,2.500000000,-2.898777246,-166.087701972,0.000000000,2.697513819,3.000000000,0.800000012,-0.204279900,-11.704376086,0.000000000,0.431604922,1.200000048,0.200000003,0.913664818,52.349137950,0.000000000,0.000147920,0.100000001,0.020000000
2026-07-04 17:17:21.387,1783156641.387381554,105.088993128,1,1,105.068299546,1,0.003084004,5,1,0.008720387,5,1,0,1,0,0,1,1,1,0,1,0,-1.000000000,0.000000000,0.000000000,0.000000000,0,-1.000000000,0,0,0,,0,-1.000000000,,0,0,0.000000000,0.000000000,0,-1.000000000,0,,0,-1.000000000,,0,-1.000000000,0,,1,-0.097138979,-5.565653497,-0.007326126,0.256410599,1,3.098436594,177.527339926,-0.007326126,-2.304273605,1,-2.898014307,-166.043988761,-0.002442360,2.673503876,1,-0.201228142,-11.529523244,-0.007326126,0.422466278,1,0.913664818,52.349137950,-0.012210846,-0.003663063,0.039810561,2.280977105,0.000000000,-0.000000000,2.000000000,1.000000000,3.156802416,180.871455185,0.000000000,-2.766747713,8.500000000,2.500000000,-2.898777246,-166.087701972,0.000000000,2.697513819,3.000000000,0.800000012,-0.204279900,-11.704376086,0.000000000,0.431604922,1.200000048,0.200000003,0.913664818,52.349137950,0.000000000,0.000147920,0.100000001,0.020000000
2026-07-04 17:17:22.387,1783156642.387340307,106.088951938,1,1,106.068258356,1,0.003153117,5,1,0.008579691,5,1,0,1,0,0,1,1,1,0,1,0,-1.000000000,0.000000000,0.000000000,0.000000000,0,-1.000000000,0,0,0,,0,-1.000000000,,0,0,0.000000000,0.000000000,0,-1.000000000,0,,0,-1.000000000,,0,-1.000000000,0,,1,-0.097138979,-5.565653497,-0.007326126,0.256410599,1,3.098436594,177.527339926,-0.002442360,-2.290597916,1,-2.898014307,-166.043988761,-0.002442360,2.673503876,1,-0.201228142,-11.529523244,0.007326126,0.417582512,1,0.913664818,52.349137950,0.012210846,-0.001221180,0.039810561,2.280977105,0.000000000,-0.000000000,2.000000000,1.000000000,3.156802416,180.871455185,0.000000000,-2.766747713,8.500000000,2.500000000,-2.898777246,-166.087701972,0.000000000,2.697513819,3.000000000,0.800000012,-0.204279900,-11.704376086,0.000000000,0.431604922,1.200000048,0.200000003,0.913664818,52.349137950,0.000000000,0.000147920,0.100000001,0.020000000
2026-07-04 17:17:23.387,1783156643.387319326,107.088930994,1,1,107.068237412,1,0.003187684,5,1,0.008679793,5,1,0,1,0,0,1,1,1,0,1,0,-1.000000000,0.000000000,0.000000000,0.000000000,0,-1.000000000,0,0,0,,0,-1.000000000,,0,0,0.000000000,0.000000000,0,-1.000000000,0,,0,-1.000000000,,0,-1.000000000,0,,1,-0.097138979,-5.565653497,-0.007326126,0.256410599,1,3.098436594,177.527339926,-0.002442360,-2.290597916,1,-2.898014307,-166.043988761,-0.002442360,2.673503876,1,-0.201228142,-11.529523244,-0.007326126,0.417582512,1,0.913664818,52.349137950,0.012210846,-0.001221180,0.039810561,2.280977105,0.000000000,-0.000000000,2.000000000,1.000000000,3.156802416,180.871455185,0.000000000,-2.766747713,8.500000000,2.500000000,-2.898777246,-166.087701972,0.000000000,2.697513819,3.000000000,0.800000012,-0.204279900,-11.704376086,0.000000000,0.431604922,1.200000048,0.200000003,0.913664818,52.349137950,0.000000000,0.000147920,0.100000001,0.020000000
2026-07-04 17:17:24.387,1783156644.387427092,108.089038931,1,1,108.068345349,1,0.003226098,5,1,0.008742914,5,1,0,1,0,0,1,1,1,0,1,0,-1.000000000,0.000000000,0.000000000,0.000000000,0,-1.000000000,0,0,0,,0,-1.000000000,,0,0,0.000000000,0.000000000,0,-1.000000000,0,,0,-1.000000000,,0,-1.000000000,0,,1,-0.097138979,-5.565653497,-0.007326126,0.256410599,1,3.098436594,177.527339926,-0.002442360,-2.290597916,1,-2.898014307,-166.043988761,-0.002442360,2.673503876,1,-0.201228142,-11.529523244,-0.007326126,0.417582512,1,0.913664818,52.349137950,-0.012210846,-0.003663063,0.039810561,2.280977105,0.000000000,-0.000000000,2.000000000,1.000000000,3.156802416,180.871455185,0.000000000,-2.766747713,8.500000000,2.500000000,-2.898777246,-166.087701972,0.000000000,2.697513819,3.000000000,0.800000012,-0.204279900,-11.704376086,0.000000000,0.431604922,1.200000048,0.200000003,0.913664818,52.349137950,0.000000000,0.000147920,0.100000001,0.020000000
2026-07-04 17:17:25.387,1783156645.387374878,109.088986530,1,1,109.068292948,1,0.003602873,5,1,0.008786590,5,1,0,1,0,0,1,1,1,0,1,0,-1.000000000,0.000000000,0.000000000,0.000000000,0,-1.000000000,0,0,0,,0,-1.000000000,,0,0,0.000000000,0.000000000,0,-1.000000000,0,,0,-1.000000000,,0,-1.000000000,0,,1,-0.097138979,-5.565653497,-0.007326126,0.251525879,1,3.098436594,177.527339926,-0.002442360,-2.290597916,1,-2.898014307,-166.043988761,-0.002442360,2.673503876,1,-0.201228142,-11.529523244,0.007326126,0.417582512,1,0.913664818,52.349137950,-0.012210846,-0.003663063,0.039810561,2.280977105,0.000000000,-0.000000000,2.000000000,1.000000000,3.156802416,180.871455185,0.000000000,-2.766747713,8.500000000,2.500000000,-2.898777246,-166.087701972,0.000000000,2.697513819,3.000000000,0.800000012,-0.204279900,-11.704376086,0.000000000,0.431604922,1.200000048,0.200000003,0.913664818,52.349137950,0.000000000,0.000147920,0.100000001,0.020000000
2026-07-04 17:17:26.387,1783156646.387514591,110.089126439,1,1,110.068432857,1,0.003352973,5,1,0.008567572,5,1,0,1,0,0,1,1,1,0,1,0,-1.000000000,0.000000000,0.000000000,0.000000000,0,-1.000000000,0,0,0,,0,-1.000000000,,0,0,0.000000000,0.000000000,0,-1.000000000,0,,0,-1.000000000,,0,-1.000000000,0,,1,-0.093705751,-5.368944049,0.021978378,0.236874580,1,3.098818064,177.549196531,-0.002442360,-2.290597916,1,-2.898014307,-166.043988761,-0.002442360,2.673503876,1,-0.201228142,-11.529523244,-0.021978378,0.417582512,1,0.913664818,52.349137950,-0.012210846,-0.003663063,0.039810561,2.280977105,0.000000000,-0.000000000,2.000000000,1.000000000,3.156802416,180.871455185,0.000000000,-2.766747713,8.500000000,2.500000000,-2.898777246,-166.087701972,0.000000000,2.697513819,3.000000000,0.800000012,-0.204279900,-11.704376086,0.000000000,0.431604922,1.200000048,0.200000003,0.913664818,52.349137950,0.000000000,0.000147920,0.100000001,0.020000000
2026-07-04 17:17:27.387,1783156647.387614012,111.089225765,1,1,111.068532183,1,0.003589017,5,1,0.009013286,5,1,0,1,0,0,1,1,1,0,1,0,-1.000000000,0.000000000,0.000000000,0.000000000,0,-1.000000000,0,0,0,,0,-1.000000000,,0,0,0.000000000,0.000000000,0,-1.000000000,0,,0,-1.000000000,,0,-1.000000000,0,,1,-0.071961977,-4.123117544,-0.007326126,0.207570076,1,3.098436594,177.527339926,-0.002442360,-2.290597916,1,-2.898014307,-166.043988761,-0.002442360,2.673503876,1,-0.201228142,-11.529523244,-0.007326126,0.422466278,1,0.913664818,52.349137950,-0.012210846,-0.003663063,0.039810561,2.280977105,0.000000000,-0.000000000,2.000000000,1.000000000,3.156802416,180.871455185,0.000000000,-2.766747713,8.500000000,2.500000000,-2.898777246,-166.087701972,0.000000000,2.697513819,3.000000000,0.800000012,-0.204279900,-11.704376086,0.000000000,0.431604922,1.200000048,0.200000003,0.913664818,52.349137950,0.000000000,0.000147920,0.100000001,0.020000000
2026-07-04 17:17:28.388,1783156648.388612509,112.090224286,1,1,112.069530704,1,0.004442224,5,1,0.010024785,5,1,0,1,0,0,1,1,1,0,1,0,-1.000000000,0.000000000,0.000000000,0.000000000,0,-1.000000000,0,0,0,,0,-1.000000000,,0,0,0.000000000,0.000000000,0,-1.000000000,0,,0,-1.000000000,,0,-1.000000000,0,,1,-0.071580507,-4.101260939,0.007326126,0.207570076,1,3.098436594,177.527339926,-0.002442360,-2.290597916,1,-2.898014307,-166.043988761,-0.002442360,2.673503876,1,-0.201228142,-11.529523244,0.007326126,0.422466278,1,0.913664818,52.349137950,-0.012210846,-0.003663063,0.039810561,2.280977105,0.000000000,-0.000000000,2.000000000,1.000000000,3.156802416,180.871455185,0.000000000,-2.766747713,8.500000000,2.500000000,-2.898777246,-166.087701972,0.000000000,2.697513819,3.000000000,0.800000012,-0.204279900,-11.704376086,0.000000000,0.431604922,1.200000048,0.200000003,0.913664818,52.349137950,0.000000000,0.000147920,0.100000001,0.020000000
2026-07-04 17:17:29.387,1783156649.387532234,113.089144095,1,1,113.068450513,1,0.003061941,5,1,0.008585959,5,1,0,1,0,0,1,1,1,0,1,0,-1.000000000,0.000000000,0.000000000,0.000000000,0,-1.000000000,0,0,0,,0,-1.000000000,,0,0,0.000000000,0.000000000,0,-1.000000000,0,,0,-1.000000000,,0,-1.000000000,0,,1,-0.071961977,-4.123117544,-0.007326126,0.207570076,1,3.098436594,177.527339926,-0.002442360,-2.290597916,1,-2.898014307,-166.043988761,-0.002442360,2.673503876,1,-0.201228142,-11.529523244,0.007326126,0.422466278,1,0.913664818,52.349137950,0.012210846,-0.001221180,0.039810561,2.280977105,0.000000000,-0.000000000,2.000000000,1.000000000,3.156802416,180.871455185,0.000000000,-2.766747713,8.500000000,2.500000000,-2.898777246,-166.087701972,0.000000000,2.697513819,3.000000000,0.800000012,-0.204279900,-11.704376086,0.000000000,0.431604922,1.200000048,0.200000003,0.913664818,52.349137950,0.000000000,0.000147920,0.100000001,0.020000000
2026-07-04 17:17:30.387,1783156650.387560368,114.089172110,1,1,114.068478528,1,0.003154690,5,1,0.008902474,5,1,0,1,0,0,1,1,1,0,1,0,-1.000000000,0.000000000,0.000000000,0.000000000,0,-1.000000000,0,0,0,,0,-1.000000000,,0,0,0.000000000,0.000000000,0,-1.000000000,0,,0,-1.000000000,,0,-1.000000000,0,,1,-0.071961977,-4.123117544,-0.007326126,0.202686310,1,3.098818064,177.549196531,-0.002442360,-2.290597916,1,-2.898014307,-166.043988761,-0.002442360,2.673503876,1,-0.201228142,-11.529523244,-0.007326126,0.422466278,1,0.913664818,52.349137950,0.012210846,-0.001221180,0.039810561,2.280977105,0.000000000,-0.000000000,2.000000000,1.000000000,3.156802416,180.871455185,0.000000000,-2.766747713,8.500000000,2.500000000,-2.898777246,-166.087701972,0.000000000,2.697513819,3.000000000,0.800000012,-0.204279900,-11.704376086,0.000000000,0.431604922,1.200000048,0.200000003,0.913664818,52.349137950,0.000000000,0.000147920,0.100000001,0.020000000
2026-07-04 17:17:31.387,1783156651.387588978,115.089200580,1,1,115.068506998,1,0.003451163,5,1,0.008723104,5,1,0,1,0,0,1,1,1,0,1,0,-1.000000000,0.000000000,0.000000000,0.000000000,0,-1.000000000,0,0,0,,0,-1.000000000,,0,0,0.000000000,0.000000000,0,-1.000000000,0,,0,-1.000000000,,0,-1.000000000,0,,1,-0.071580507,-4.101260939,-0.007326126,0.207570076,1,3.098818064,177.549196531,0.002442360,-2.290597916,1,-2.898014307,-166.043988761,-0.002442360,2.673503876,1,-0.201228142,-11.529523244,-0.007326126,0.417582512,1,0.913664818,52.349137950,-0.036628723,-0.001221180,0.039810561,2.280977105,0.000000000,-0.000000000,2.000000000,1.000000000,3.156802416,180.871455185,0.000000000,-2.766747713,8.500000000,2.500000000,-2.898777246,-166.087701972,0.000000000,2.697513819,3.000000000,0.800000012,-0.204279900,-11.704376086,0.000000000,0.431604922,1.200000048,0.200000003,0.913664818,52.349137950,0.000000000,0.000147920,0.100000001,0.020000000
2026-07-04 17:17:32.387,1783156652.387643337,116.089255050,1,1,116.068561468,1,0.003800481,5,1,0.008954395,5,1,0,1,0,0,1,1,1,0,1,0,-1.000000000,0.000000000,0.000000000,0.000000000,0,-1.000000000,0,0,0,,0,-1.000000000,,0,0,0.000000000,0.000000000,0,-1.000000000,0,,0,-1.000000000,,0,-1.000000000,0,,1,-0.071580507,-4.101260939,-0.007326126,0.202686310,1,3.098436594,177.527339926,-0.002442360,-2.290597916,1,-2.898014307,-166.043988761,-0.002442360,2.673503876,1,-0.201228142,-11.529523244,-0.007326126,0.417582512,1,0.913664818,52.349137950,0.012210846,-0.001221180,0.039810561,2.280977105,0.000000000,-0.000000000,2.000000000,1.000000000,3.156802416,180.871455185,0.000000000,-2.766747713,8.500000000,2.500000000,-2.898777246,-166.087701972,0.000000000,2.697513819,3.000000000,0.800000012,-0.204279900,-11.704376086,0.000000000,0.431604922,1.200000048,0.200000003,0.913664818,52.349137950,0.000000000,0.000147920,0.100000001,0.020000000
2026-07-04 17:17:33.387,1783156653.387637138,117.089249044,1,1,117.068555462,1,0.003550500,5,1,0.008912953,5,1,0,1,0,0,1,1,1,0,1,0,-1.000000000,0.000000000,0.000000000,0.000000000,0,-1.000000000,0,0,0,,0,-1.000000000,,0,0,0.000000000,0.000000000,0,-1.000000000,0,,0,-1.000000000,,0,-1.000000000,0,,1,-0.071580507,-4.101260939,-0.007326126,0.202686310,1,3.098436594,177.527339926,-0.002442360,-2.290597916,1,-2.898014307,-166.043988761,-0.002442360,2.673503876,1,-0.201228142,-11.529523244,0.007326126,0.422466278,1,0.913664818,52.349137950,-0.061050415,-0.003663063,0.039810561,2.280977105,0.000000000,-0.000000000,2.000000000,1.000000000,3.156802416,180.871455185,0.000000000,-2.766747713,8.500000000,2.500000000,-2.898777246,-166.087701972,0.000000000,2.697513819,3.000000000,0.800000012,-0.204279900,-11.704376086,0.000000000,0.431604922,1.200000048,0.200000003,0.913664818,52.349137950,0.000000000,0.000147920,0.100000001,0.020000000
2026-07-04 17:17:34.387,1783156654.387636662,118.089248551,1,1,118.068554969,1,0.003758693,5,1,0.009004513,5,1,0,1,0,0,1,1,1,0,1,0,-1.000000000,0.000000000,0.000000000,0.000000000,0,-1.000000000,0,0,0,,0,-1.000000000,,0,0,0.000000000,0.000000000,0,-1.000000000,0,,0,-1.000000000,,0,-1.000000000,0,,1,-0.071580507,-4.101260939,0.007326126,0.202686310,1,3.098436594,177.527339926,-0.002442360,-2.290597916,1,-2.898014307,-166.043988761,-0.002442360,2.673503876,1,-0.201228142,-11.529523244,-0.007326126,0.422466278,1,0.913664818,52.349137950,-0.012210846,-0.003663063,0.039810561,2.280977105,0.000000000,-0.000000000,2.000000000,1.000000000,3.156802416,180.871455185,0.000000000,-2.766747713,8.500000000,2.500000000,-2.898777246,-166.087701972,0.000000000,2.697513819,3.000000000,0.800000012,-0.204279900,-11.704376086,0.000000000,0.431604922,1.200000048,0.200000003,0.913664818,52.349137950,0.000000000,0.000147920,0.100000001,0.020000000
2026-07-04 17:17:35.387,1783156655.387638807,119.089250590,1,1,119.068557008,1,0.003704631,5,1,0.008927625,5,1,0,1,0,0,1,1,1,0,1,0,-1.000000000,0.000000000,0.000000000,0.000000000,0,-1.000000000,0,0,0,,0,-1.000000000,,0,0,0.000000000,0.000000000,0,-1.000000000,0,,0,-1.000000000,,0,-1.000000000,0,,1,-0.071580507,-4.101260939,0.007326126,0.207570076,1,3.098436594,177.527339926,-0.002442360,-2.290597916,1,-2.898014307,-166.043988761,-0.002442360,2.673503876,1,-0.201228142,-11.529523244,-0.007326126,0.417582512,1,0.913664818,52.349137950,-0.036628723,-0.003663063,0.039810561,2.280977105,0.000000000,-0.000000000,2.000000000,1.000000000,3.156802416,180.871455185,0.000000000,-2.766747713,8.500000000,2.500000000,-2.898777246,-166.087701972,0.000000000,2.697513819,3.000000000,0.800000012,-0.204279900,-11.704376086,0.000000000,0.431604922,1.200000048,0.200000003,0.913664818,52.349137950,0.000000000,0.000147920,0.100000001,0.020000000
2026-07-04 17:17:36.387,1783156656.387682676,120.089294311,1,1,120.068600729,1,0.003434247,5,1,0.008590391,5,1,0,1,0,0,1,1,1,0,1,0,-1.000000000,0.000000000,0.000000000,0.000000000,0,-1.000000000,0,0,0,,0,-1.000000000,,0,0,0.000000000,0.000000000,0,-1.000000000,0,,0,-1.000000000,,0,-1.000000000,0,,1,-0.071580507,-4.101260939,-0.007326126,0.207570076,1,3.098436594,177.527339926,-0.002442360,-2.290597916,1,-2.898014307,-166.043988761,-0.002442360,2.673503876,1,-0.201228142,-11.529523244,-0.007326126,0.422466278,1,0.913281441,52.327172062,-0.061050415,-0.003663063,0.039810561,2.280977105,0.000000000,-0.000000000,2.000000000,1.000000000,3.156802416,180.871455185,0.000000000,-2.766747713,8.500000000,2.500000000,-2.898777246,-166.087701972,0.000000000,2.697513819,3.000000000,0.800000012,-0.204279900,-11.704376086,0.000000000,0.431604922,1.200000048,0.200000003,0.913664818,52.349137950,0.000000000,0.000147920,0.100000001,0.020000000
2026-07-04 17:17:37.387,1783156657.387674570,121.089286455,1,1,121.068592873,1,0.003735648,5,1,0.008880622,5,1,0,1,0,0,1,1,1,0,1,0,-1.000000000,0.000000000,0.000000000,0.000000000,0,-1.000000000,0,0,0,,0,-1.000000000,,0,0,0.000000000,0.000000000,0,-1.000000000,0,,0,-1.000000000,,0,-1.000000000,0,,1,-0.071580507,-4.101260939,-0.007326126,0.207570076,1,3.098436594,177.527339926,-0.002442360,-2.290597916,1,-2.898014307,-166.043988761,-0.002442360,2.687179565,1,-0.201228142,-11.529523244,-0.007326126,0.422466278,1,0.913664818,52.349137950,-0.012210846,-0.003663063,0.039810561,2.280977105,0.000000000,-0.000000000,2.000000000,1.000000000,3.156802416,180.871455185,0.000000000,-2.766747713,8.500000000,2.500000000,-2.898777246,-166.087701972,0.000000000,2.697513819,3.000000000,0.800000012,-0.204279900,-11.704376086,0.000000000,0.431604922,1.200000048,0.200000003,0.913664818,52.349137950,0.000000000,0.000147920,0.100000001,0.020000000
2026-07-04 17:17:38.387,1783156658.387732029,122.089343724,1,1,122.068650142,1,0.003810761,5,1,0.008841209,5,1,0,1,0,0,1,1,1,0,1,0,-1.000000000,0.000000000,0.000000000,0.000000000,0,-1.000000000,0,0,0,,0,-1.000000000,,0,0,0.000000000,0.000000000,0,-1.000000000,0,,0,-1.000000000,,0,-1.000000000,0,,1,-0.071580507,-4.101260939,-0.021978378,0.202686310,1,3.098818064,177.549196531,-0.002442360,-2.290597916,1,-2.898014307,-166.043988761,-0.002442360,2.673503876,1,-0.201228142,-11.529523244,-0.007326126,0.417582512,1,0.913664818,52.349137950,-0.036628723,-0.003663063,0.039810561,2.280977105,0.000000000,-0.000000000,2.000000000,1.000000000,3.156802416,180.871455185,0.000000000,-2.766747713,8.500000000,2.500000000,-2.898777246,-166.087701972,0.000000000,2.697513819,3.000000000,0.800000012,-0.204279900,-11.704376086,0.000000000,0.431604922,1.200000048,0.200000003,0.913664818,52.349137950,0.000000000,0.000147920,0.100000001,0.020000000
2026-07-04 17:17:39.387,1783156659.387794971,123.089406722,1,1,123.068713140,1,0.003921848,5,1,0.008975587,5,1,0,1,0,0,1,1,1,0,1,0,-1.000000000,0.000000000,0.000000000,0.000000000,0,-1.000000000,0,0,0,,0,-1.000000000,,0,0,0.000000000,0.000000000,0,-1.000000000,0,,0,-1.000000000,,0,-1.000000000,0,,1,-0.071580507,-4.101260939,-0.007326126,0.202686310,1,3.098436594,177.527339926,-0.002442360,-2.290597916,1,-2.898014307,-166.043988761,-0.002442360,2.673503876,1,-0.201228142,-11.529523244,0.007326126,0.417582512,1,0.913664818,52.349137950,-0.036628723,-0.003663063,0.039810561,2.280977105,0.000000000,-0.000000000,2.000000000,1.000000000,3.156802416,180.871455185,0.000000000,-2.766747713,8.500000000,2.500000000,-2.898777246,-166.087701972,0.000000000,2.697513819,3.000000000,0.800000012,-0.204279900,-11.704376086,0.000000000,0.431604922,1.200000048,0.200000003,0.913664818,52.349137950,0.000000000,0.000147920,0.100000001,0.020000000
2026-07-04 17:17:40.387,1783156660.387667418,124.089279202,1,1,124.068585620,1,0.003648984,5,1,0.008212112,5,1,0,1,0,0,1,1,1,0,1,0,-1.000000000,0.000000000,0.000000000,0.000000000,0,-1.000000000,0,0,0,,0,-1.000000000,,0,0,0.000000000,0.000000000,0,-1.000000000,0,,0,-1.000000000,,0,-1.000000000,0,,1,-0.071580507,-4.101260939,-0.007326126,0.207570076,1,3.098436594,177.527339926,-0.002442360,-2.290597916,1,-2.898014307,-166.043988761,-0.002442360,2.673503876,1,-0.201228142,-11.529523244,-0.007326126,0.417582512,1,0.913281441,52.327172062,-0.036628723,-0.001221180,0.039810561,2.280977105,0.000000000,-0.000000000,2.000000000,1.000000000,3.156802416,180.871455185,0.000000000,-2.766747713,8.500000000,2.500000000,-2.898777246,-166.087701972,0.000000000,2.697513819,3.000000000,0.800000012,-0.204279900,-11.704376086,0.000000000,0.431604922,1.200000048,0.200000003,0.913664818,52.349137950,0.000000000,0.000147920,0.100000001,0.020000000
2026-07-04 17:17:41.387,1783156661.387684107,125.089295899,1,1,125.068602317,1,0.001763963,5,1,0.008925635,5,1,0,1,0,0,1,1,1,0,1,0,-1.000000000,0.000000000,0.000000000,0.000000000,0,-1.000000000,0,0,0,,0,-1.000000000,,0,0,0.000000000,0.000000000,0,-1.000000000,0,,0,-1.000000000,,0,-1.000000000,0,,1,-0.071580507,-4.101260939,-0.007326126,0.207570076,1,3.098436594,177.527339926,-0.002442360,-2.290597916,1,-2.898014307,-166.043988761,0.002442360,2.673503876,1,-0.201228142,-11.529523244,-0.007326126,0.422466278,1,0.913664818,52.349137950,0.012210846,-0.003663063,0.039810561,2.280977105,0.000000000,-0.000000000,2.000000000,1.000000000,3.156802416,180.871455185,0.000000000,-2.766747713,8.500000000,2.500000000,-2.898777246,-166.087701972,0.000000000,2.697513819,3.000000000,0.800000012,-0.204279900,-11.704376086,0.000000000,0.431604922,1.200000048,0.200000003,0.913664818,52.349137950,0.000000000,0.000147920,0.100000001,0.020000000
2026-07-04 17:17:42.387,1783156662.387829542,126.089441162,1,1,126.068747580,1,0.003452627,5,1,0.009015367,5,1,0,1,0,0,1,1,1,0,1,0,-1.000000000,0.000000000,0.000000000,0.000000000,0,-1.000000000,0,0,0,,0,-1.000000000,,0,0,0.000000000,0.000000000,0,-1.000000000,0,,0,-1.000000000,,0,-1.000000000,0,,1,-0.071961977,-4.123117544,0.007326126,0.202686310,1,3.098436594,177.527339926,-0.002442360,-2.290597916,1,-2.898014307,-166.043988761,-0.002442360,2.673503876,1,-0.201228142,-11.529523244,-0.007326126,0.417582512,1,0.913664818,52.349137950,0.012210846,-0.003663063,0.039810561,2.280977105,0.000000000,-0.000000000,2.000000000,1.000000000,3.156802416,180.871455185,0.000000000,-2.766747713,8.500000000,2.500000000,-2.898777246,-166.087701972,0.000000000,2.697513819,3.000000000,0.800000012,-0.204279900,-11.704376086,0.000000000,0.431604922,1.200000048,0.200000003,0.913664818,52.349137950,0.000000000,0.000147920,0.100000001,0.020000000
2026-07-04 17:17:43.387,1783156663.387750149,127.089361849,1,1,127.068668267,1,0.003496196,5,1,0.008671791,5,1,0,1,0,0,1,1,1,0,1,0,-1.000000000,0.000000000,0.000000000,0.000000000,0,-1.000000000,0,0,0,,0,-1.000000000,,0,0,0.000000000,0.000000000,0,-1.000000000,0,,0,-1.000000000,,0,-1.000000000,0,,1,-0.071580507,-4.101260939,0.007326126,0.202686310,1,3.098436594,177.527339926,-0.002442360,-2.290597916,1,-2.898014307,-166.043988761,-0.002442360,2.673503876,1,-0.201228142,-11.529523244,-0.007326126,0.417582512,1,0.913664818,52.349137950,-0.036628723,-0.003663063,0.039810561,2.280977105,0.000000000,-0.000000000,2.000000000,1.000000000,3.156802416,180.871455185,0.000000000,-2.766747713,8.500000000,2.500000000,-2.898777246,-166.087701972,0.000000000,2.697513819,3.000000000,0.800000012,-0.204279900,-11.704376086,0.000000000,0.431604922,1.200000048,0.200000003,0.913664818,52.349137950,0.000000000,0.000147920,0.100000001,0.020000000
2026-07-04 17:17:44.387,1783156664.387705088,128.089316789,1,1,128.068623207,1,0.002736814,5,1,0.008746531,5,1,0,1,0,0,1,1,1,0,1,0,-1.000000000,0.000000000,0.000000000,0.000000000,0,-1.000000000,0,0,0,,0,-1.000000000,,0,0,0.000000000,0.000000000,0,-1.000000000,0,,0,-1.000000000,,0,-1.000000000,0,,1,-0.071961977,-4.123117544,-0.007326126,0.207570076,1,3.098436594,177.527339926,-0.002442360,-2.290597916,1,-2.898014307,-166.043988761,-0.002442360,2.673503876,1,-0.201228142,-11.529523244,-0.007326126,0.417582512,1,0.913664818,52.349137950,0.012210846,-0.001221180,0.039810561,2.280977105,0.000000000,-0.000000000,2.000000000,1.000000000,3.156802416,180.871455185,0.000000000,-2.766747713,8.500000000,2.500000000,-2.898777246,-166.087701972,0.000000000,2.697513819,3.000000000,0.800000012,-0.204279900,-11.704376086,0.000000000,0.431604922,1.200000048,0.200000003,0.913664818,52.349137950,0.000000000,0.000147920,0.100000001,0.020000000
2026-07-04 17:17:45.388,1783156665.387934685,129.089546349,1,1,129.068852767,1,0.003541578,5,1,0.009075390,5,1,0,1,0,0,1,1,1,0,1,0,-1.000000000,0.000000000,0.000000000,0.000000000,0,-1.000000000,0,0,0,,0,-1.000000000,,0,0,0.000000000,0.000000000,0,-1.000000000,0,,0,-1.000000000,,0,-1.000000000,0,,1,-0.071580507,-4.101260939,-0.007326126,0.207570076,1,3.098436594,177.527339926,-0.002442360,-2.290597916,1,-2.898014307,-166.043988761,0.002442360,2.673503876,1,-0.201228142,-11.529523244,-0.007326126,0.417582512,1,0.913664818,52.349137950,-0.012210846,-0.003663063,0.039810561,2.280977105,0.000000000,-0.000000000,2.000000000,1.000000000,3.156802416,180.871455185,0.000000000,-2.766747713,8.500000000,2.500000000,-2.898777246,-166.087701972,0.000000000,2.697513819,3.000000000,0.800000012,-0.204279900,-11.704376086,0.000000000,0.431604922,1.200000048,0.200000003,0.913664818,52.349137950,0.000000000,0.000147920,0.100000001,0.020000000
2026-07-04 17:17:46.387,1783156666.387746572,130.089358274,1,1,130.068664692,1,0.003155706,5,1,0.008835655,5,1,0,1,0,0,1,1,1,0,1,0,-1.000000000,0.000000000,0.000000000,0.000000000,0,-1.000000000,0,0,0,,0,-1.000000000,,0,0,0.000000000,0.000000000,0,-1.000000000,0,,0,-1.000000000,,0,-1.000000000,0,,1,-0.071580507,-4.101260939,-0.007326126,0.207570076,1,3.098818064,177.549196531,-0.002442360,-2.290597916,1,-2.898014307,-166.043988761,0.002442360,2.673503876,1,-0.201228142,-11.529523244,-0.007326126,0.417582512,1,0.913281441,52.327172062,-0.012210846,-0.003663063,0.039810561,2.280977105,0.000000000,-0.000000000,2.000000000,1.000000000,3.156802416,180.871455185,0.000000000,-2.766747713,8.500000000,2.500000000,-2.898777246,-166.087701972,0.000000000,2.697513819,3.000000000,0.800000012,-0.204279900,-11.704376086,0.000000000,0.431604922,1.200000048,0.200000003,0.913664818,52.349137950,0.000000000,0.000147920,0.100000001,0.020000000
2026-07-04 17:17:47.387,1783156667.387678623,131.089290347,1,1,131.068596765,1,0.003475257,5,1,0.008887907,5,1,0,1,0,0,1,1,1,0,1,0,-1.000000000,0.000000000,0.000000000,0.000000000,0,-1.000000000,0,0,0,,0,-1.000000000,,0,0,0.000000000,0.000000000,0,-1.000000000,0,,0,-1.000000000,,0,-1.000000000,0,,1,-0.071580507,-4.101260939,0.007326126,0.202686310,1,3.098436594,177.527339926,-0.002442360,-2.290597916,1,-2.898014307,-166.043988761,0.002442360,2.673503876,1,-0.201228142,-11.529523244,0.007326126,0.422466278,1,0.913664818,52.349137950,-0.012210846,-0.001221180,0.039810561,2.280977105,0.000000000,-0.000000000,2.000000000,1.000000000,3.156802416,180.871455185,0.000000000,-2.766747713,8.500000000,2.500000000,-2.898777246,-166.087701972,0.000000000,2.697513819,3.000000000,0.800000012,-0.204279900,-11.704376086,0.000000000,0.431604922,1.200000048,0.200000003,0.913664818,52.349137950,0.000000000,0.000147920,0.100000001,0.020000000
2026-07-04 17:17:48.388,1783156668.387977362,132.089589336,1,1,132.068895754,1,0.003647288,5,1,0.009215682,5,1,0,1,0,0,1,1,1,0,1,0,-1.000000000,0.000000000,0.000000000,0.000000000,0,-1.000000000,0,0,0,,0,-1.000000000,,0,0,0.000000000,0.000000000,0,-1.000000000,0,,0,-1.000000000,,0,-1.000000000,0,,1,-0.071580507,-4.101260939,-0.007326126,0.202686310,1,3.098436594,177.527339926,-0.002442360,-2.290597916,1,-2.898014307,-166.043988761,-0.002442360,2.673503876,1,-0.201228142,-11.529523244,-0.007326126,0.417582512,1,0.913664818,52.349137950,-0.012210846,-0.003663063,0.039810561,2.280977105,0.000000000,-0.000000000,2.000000000,1.000000000,3.156802416,180.871455185,0.000000000,-2.766747713,8.500000000,2.500000000,-2.898777246,-166.087701972,0.000000000,2.697513819,3.000000000,0.800000012,-0.204279900,-11.704376086,0.000000000,0.431604922,1.200000048,0.200000003,0.913664818,52.349137950,0.000000000,0.000147920,0.100000001,0.020000000
2026-07-04 17:17:49.387,1783156669.387924910,133.089536845,1,1,133.068843263,1,0.003531523,5,1,0.009113109,5,1,0,1,0,0,1,1,1,0,1,0,-1.000000000,0.000000000,0.000000000,0.000000000,0,-1.000000000,0,0,0,,0,-1.000000000,,0,0,0.000000000,0.000000000,0,-1.000000000,0,,0,-1.000000000,,0,-1.000000000,0,,1,-0.071580507,-4.101260939,-0.021978378,0.202686310,1,3.098818064,177.549196531,-0.002442360,-2.290597916,1,-2.898014307,-166.043988761,-0.002442360,2.673503876,1,-0.201228142,-11.529523244,-0.021978378,0.417582512,1,0.913664818,52.349137950,-0.061050415,-0.003663063,0.039810561,2.280977105,0.000000000,-0.000000000,2.000000000,1.000000000,3.156802416,180.871455185,0.000000000,-2.766747713,8.500000000,2.500000000,-2.898777246,-166.087701972,0.000000000,2.697513819,3.000000000,0.800000012,-0.204279900,-11.704376086,0.000000000,0.431604922,1.200000048,0.200000003,0.913664818,52.349137950,0.000000000,0.000147920,0.100000001,0.020000000
2026-07-04 17:17:50.388,1783156670.387929678,134.089541264,1,1,134.068847682,1,0.003347130,5,1,0.008737100,5,1,0,1,0,0,1,1,1,0,1,0,-1.000000000,0.000000000,0.000000000,0.000000000,0,-1.000000000,0,0,0,,0,-1.000000000,,0,0,0.000000000,0.000000000,0,-1.000000000,0,,0,-1.000000000,,0,-1.000000000,0,,1,-0.071580507,-4.101260939,-0.007326126,0.207570076,1,3.098436594,177.527339926,-0.002442360,-2.290597916,1,-2.898014307,-166.043988761,-0.002442360,2.673503876,1,-0.201228142,-11.529523244,-0.007326126,0.422466278,1,0.913664818,52.349137950,-0.012210846,-0.003663063,0.039810561,2.280977105,0.000000000,-0.000000000,2.000000000,1.000000000,3.156802416,180.871455185,0.000000000,-2.766747713,8.500000000,2.500000000,-2.898777246,-166.087701972,0.000000000,2.697513819,3.000000000,0.800000012,-0.204279900,-11.704376086,0.000000000,0.431604922,1.200000048,0.200000003,0.913664818,52.349137950,0.000000000,0.000147920,0.100000001,0.020000000
2026-07-04 17:17:51.388,1783156671.388115883,135.089727581,1,1,135.069033999,1,0.003295357,5,1,0.008599133,5,1,0,1,0,0,1,1,1,0,1,0,-1.000000000,0.000000000,0.000000000,0.000000000,0,-1.000000000,0,0,0,,0,-1.000000000,,0,0,0.000000000,0.000000000,0,-1.000000000,0,,0,-1.000000000,,0,-1.000000000,0,,1,-0.071580507,-4.101260939,-0.007326126,0.202686310,1,3.098436594,177.527339926,-0.002442360,-2.290597916,1,-2.898014307,-166.043988761,-0.002442360,2.673503876,1,-0.201228142,-11.529523244,-0.021978378,0.417582512,1,0.913664818,52.349137950,-0.036628723,-0.003663063,0.039810561,2.280977105,0.000000000,-0.000000000,2.000000000,1.000000000,3.156802416,180.871455185,0.000000000,-2.766747713,8.500000000,2.500000000,-2.898777246,-166.087701972,0.000000000,2.697513819,3.000000000,0.800000012,-0.204279900,-11.704376086,0.000000000,0.431604922,1.200000048,0.200000003,0.913664818,52.349137950,0.000000000,0.000147920,0.100000001,0.020000000
2026-07-04 17:17:52.388,1783156672.388309479,136.089921124,1,1,136.069227542,1,0.003645076,5,1,0.008382908,5,1,0,1,0,0,1,1,1,0,1,0,-1.000000000,0.000000000,0.000000000,0.000000000,0,-1.000000000,0,0,0,,0,-1.000000000,,0,0,0.000000000,0.000000000,0,-1.000000000,0,,0,-1.000000000,,0,-1.000000000,0,,1,-0.071580507,-4.101260939,-0.007326126,0.202686310,1,3.098818064,177.549196531,-0.002442360,-2.290597916,1,-2.898014307,-166.043988761,-0.002442360,2.673503876,1,-0.201228142,-11.529523244,-0.007326126,0.417582512,1,0.913664818,52.349137950,-0.036628723,-0.003663063,0.039810561,2.280977105,0.000000000,-0.000000000,2.000000000,1.000000000,3.156802416,180.871455185,0.000000000,-2.766747713,8.500000000,2.500000000,-2.898777246,-166.087701972,0.000000000,2.697513819,3.000000000,0.800000012,-0.204279900,-11.704376086,0.000000000,0.431604922,1.200000048,0.200000003,0.913664818,52.349137950,0.000000000,0.000147920,0.100000001,0.020000000
2026-07-04 17:17:53.388,1783156673.388457537,137.090069113,1,1,137.069375531,1,0.003387362,5,1,0.008728031,5,1,0,1,0,0,1,1,1,0,1,0,-1.000000000,0.000000000,0.000000000,0.000000000,0,-1.000000000,0,0,0,,0,-1.000000000,,0,0,0.000000000,0.000000000,0,-1.000000000,0,,0,-1.000000000,,0,-1.000000000,0,,1,-0.071580507,-4.101260939,0.007326126,0.202686310,1,3.098436594,177.527339926,-0.002442360,-2.290597916,1,-2.898014307,-166.043988761,-0.002442360,2.673503876,1,-0.201228142,-11.529523244,-0.007326126,0.422466278,1,0.913281441,52.327172062,-0.012210846,-0.003663063,0.039810561,2.280977105,0.000000000,-0.000000000,2.000000000,1.000000000,3.156802416,180.871455185,0.000000000,-2.766747713,8.500000000,2.500000000,-2.898777246,-166.087701972,0.000000000,2.697513819,3.000000000,0.800000012,-0.204279900,-11.704376086,0.000000000,0.431604922,1.200000048,0.200000003,0.913664818,52.349137950,0.000000000,0.000147920,0.100000001,0.020000000
2026-07-04 17:17:54.388,1783156674.388602018,138.090213792,1,1,138.069520210,1,0.003711255,5,1,0.008899212,5,1,0,1,0,0,1,1,1,0,1,0,-1.000000000,0.000000000,0.000000000,0.000000000,0,-1.000000000,0,0,0,,0,-1.000000000,,0,0,0.000000000,0.000000000,0,-1.000000000,0,,0,-1.000000000,,0,-1.000000000,0,,1,-0.071580507,-4.101260939,-0.007326126,0.202686310,1,3.098436594,177.527339926,-0.002442360,-2.290597916,1,-2.898014307,-166.043988761,0.002442360,2.673503876,1,-0.201228142,-11.529523244,0.007326126,0.422466278,1,0.913664818,52.349137950,-0.012210846,-0.003663063,0.039810561,2.280977105,0.000000000,-0.000000000,2.000000000,1.000000000,3.156802416,180.871455185,0.000000000,-2.766747713,8.500000000,2.500000000,-2.898777246,-166.087701972,0.000000000,2.697513819,3.000000000,0.800000012,-0.204279900,-11.704376086,0.000000000,0.431604922,1.200000048,0.200000003,0.913664818,52.349137950,0.000000000,0.000147920,0.100000001,0.020000000
2026-07-04 17:17:55.388,1783156675.388688087,139.090299807,1,1,139.069606225,1,0.003509646,5,1,0.008820218,5,1,0,1,0,0,1,1,1,0,1,0,-1.000000000,0.000000000,0.000000000,0.000000000,0,-1.000000000,0,0,0,,0,-1.000000000,,0,0,0.000000000,0.000000000,0,-1.000000000,0,,0,-1.000000000,,0,-1.000000000,0,,1,-0.071580507,-4.101260939,-0.007326126,0.207570076,1,3.098436594,177.527339926,-0.002442360,-2.290597916,1,-2.898014307,-166.043988761,-0.002442360,2.673503876,1,-0.201228142,-11.529523244,-0.007326126,0.417582512,1,0.913664818,52.349137950,-0.036628723,-0.003663063,0.039810561,2.280977105,0.000000000,-0.000000000,2.000000000,1.000000000,3.156802416,180.871455185,0.000000000,-2.766747713,8.500000000,2.500000000,-2.898777246,-166.087701972,0.000000000,2.697513819,3.000000000,0.800000012,-0.204279900,-11.704376086,0.000000000,0.431604922,1.200000048,0.200000003,0.913664818,52.349137950,0.000000000,0.000147920,0.100000001,0.020000000
2026-07-04 17:17:56.388,1783156676.388859987,140.090471594,1,1,140.069778012,1,0.003784904,5,1,0.008960241,5,1,0,1,0,0,1,1,1,0,1,0,-1.000000000,0.000000000,0.000000000,0.000000000,0,-1.000000000,0,0,0,,0,-1.000000000,,0,0,0.000000000,0.000000000,0,-1.000000000,0,,0,-1.000000000,,0,-1.000000000,0,,1,-0.071580507,-4.101260939,-0.007326126,0.202686310,1,3.098436594,177.527339926,-0.002442360,-2.290597916,1,-2.898014307,-166.043988761,0.002442360,2.673503876,1,-0.201228142,-11.529523244,0.021978378,0.422466278,1,0.913664818,52.349137950,-0.012210846,-0.003663063,0.039810561,2.280977105,0.000000000,-0.000000000,2.000000000,1.000000000,3.156802416,180.871455185,0.000000000,-2.766747713,8.500000000,2.500000000,-2.898777246,-166.087701972,0.000000000,2.697513819,3.000000000,0.800000012,-0.204279900,-11.704376086,0.000000000,0.431604922,1.200000048,0.200000003,0.913664818,52.349137950,0.000000000,0.000147920,0.100000001,0.020000000
2026-07-04 17:17:57.389,1783156677.389042854,141.090654777,1,1,141.069961195,1,0.003338097,5,1,0.008836830,5,1,0,1,0,0,1,1,1,0,1,0,-1.000000000,0.000000000,0.000000000,0.000000000,0,-1.000000000,0,0,0,,0,-1.000000000,,0,0,0.000000000,0.000000000,0,-1.000000000,0,,0,-1.000000000,,0,-1.000000000,0,,1,-0.071580507,-4.101260939,-0.007326126,0.202686310,1,3.098818064,177.549196531,-0.002442360,-2.290597916,1,-2.898014307,-166.043988761,-0.002442360,2.673503876,1,-0.201228142,-11.529523244,-0.007326126,0.417582512,1,0.913664818,52.349137950,0.012210846,-0.003663063,0.039810561,2.280977105,0.000000000,-0.000000000,2.000000000,1.000000000,3.156802416,180.871455185,0.000000000,-2.766747713,8.500000000,2.500000000,-2.898777246,-166.087701972,0.000000000,2.697513819,3.000000000,0.800000012,-0.204279900,-11.704376086,0.000000000,0.431604922,1.200000048,0.200000003,0.913664818,52.349137950,0.000000000,0.000147920,0.100000001,0.020000000
2026-07-04 17:17:58.389,1783156678.389150620,142.090762458,1,1,142.070068876,1,0.003631372,5,1,0.008913291,5,1,0,1,0,0,1,1,1,0,1,0,-1.000000000,0.000000000,0.000000000,0.000000000,0,-1.000000000,0,0,0,,0,-1.000000000,,0,0,0.000000000,0.000000000,0,-1.000000000,0,,0,-1.000000000,,0,-1.000000000,0,,1,-0.071580507,-4.101260939,-0.007326126,0.202686310,1,3.098436594,177.527339926,-0.002442360,-2.290597916,1,-2.898014307,-166.043988761,-0.002442360,2.673503876,1,-0.201228142,-11.529523244,-0.007326126,0.417582512,1,0.913664818,52.349137950,-0.012210846,-0.001221180,0.039810561,2.280977105,0.000000000,-0.000000000,2.000000000,1.000000000,3.156802416,180.871455185,0.000000000,-2.766747713,8.500000000,2.500000000,-2.898777246,-166.087701972,0.000000000,2.697513819,3.000000000,0.800000012,-0.204279900,-11.704376086,0.000000000,0.431604922,1.200000048,0.200000003,0.913664818,52.349137950,0.000000000,0.000147920,0.100000001,0.020000000
2026-07-04 17:17:59.389,1783156679.389245272,143.090857000,1,1,143.070163418,1,0.003605382,5,1,0.008944739,5,1,0,1,0,0,1,1,1,0,1,0,-1.000000000,0.000000000,0.000000000,0.000000000,0,-1.000000000,0,0,0,,0,-1.000000000,,0,0,0.000000000,0.000000000,0,-1.000000000,0,,0,-1.000000000,,0,-1.000000000,0,,1,-0.071580507,-4.101260939,0.007326126,0.202686310,1,3.098436594,177.527339926,-0.002442360,-2.290597916,1,-2.898014307,-166.043988761,-0.007326126,2.673503876,1,-0.201228142,-11.529523244,-0.007326126,0.422466278,1,0.913664818,52.349137950,0.012210846,-0.001221180,0.039810561,2.280977105,0.000000000,-0.000000000,2.000000000,1.000000000,3.156802416,180.871455185,0.000000000,-2.766747713,8.500000000,2.500000000,-2.898777246,-166.087701972,0.000000000,2.697513819,3.000000000,0.800000012,-0.204279900,-11.704376086,0.000000000,0.431604922,1.200000048,0.200000003,0.913664818,52.349137950,0.000000000,0.000147920,0.100000001,0.020000000
2026-07-04 17:18:00.389,1783156680.389457941,144.091069680,1,1,144.070376098,1,0.003653782,5,1,0.008989200,5,1,0,1,0,0,1,1,1,0,1,0,-1.000000000,0.000000000,0.000000000,0.000000000,0,-1.000000000,0,0,0,,0,-1.000000000,,0,0,0.000000000,0.000000000,0,-1.000000000,0,,0,-1.000000000,,0,-1.000000000,0,,1,-0.071580507,-4.101260939,-0.007326126,0.202686310,1,3.098818064,177.549196531,-0.002442360,-2.290597916,1,-2.898014307,-166.043988761,-0.002442360,2.673503876,1,-0.201228142,-11.529523244,-0.021978378,0.417582512,1,0.913664818,52.349137950,-0.012210846,-0.003663063,0.039810561,2.280977105,0.000000000,-0.000000000,2.000000000,1.000000000,3.156802416,180.871455185,0.000000000,-2.766747713,8.500000000,2.500000000,-2.898777246,-166.087701972,0.000000000,2.697513819,3.000000000,0.800000012,-0.204279900,-11.704376086,0.000000000,0.431604922,1.200000048,0.200000003,0.913664818,52.349137950,0.000000000,0.000147920,0.100000001,0.020000000
2026-07-04 17:18:01.389,1783156681.389568090,145.091179766,1,1,145.070486184,1,0.003680965,5,1,0.008990487,5,1,0,1,0,0,1,1,1,0,1,0,-1.000000000,0.000000000,0.000000000,0.000000000,0,-1.000000000,0,0,0,,0,-1.000000000,,0,0,0.000000000,0.000000000,0,-1.000000000,0,,0,-1.000000000,,0,-1.000000000,0,,1,-0.071580507,-4.101260939,-0.021978378,0.202686310,1,3.098818064,177.549196531,-0.002442360,-2.290597916,1,-2.898014307,-166.043988761,-0.002442360,2.673503876,1,-0.201228142,-11.529523244,-0.007326126,0.422466278,1,0.913664818,52.349137950,-0.012210846,-0.003663063,0.039810561,2.280977105,0.000000000,-0.000000000,2.000000000,1.000000000,3.156802416,180.871455185,0.000000000,-2.766747713,8.500000000,2.500000000,-2.898777246,-166.087701972,0.000000000,2.697513819,3.000000000,0.800000012,-0.204279900,-11.704376086,0.000000000,0.431604922,1.200000048,0.200000003,0.913664818,52.349137950,0.000000000,0.000147920,0.100000001,0.020000000
2026-07-04 17:18:02.389,1783156682.389706612,146.091318136,1,1,146.070624554,1,0.003537067,5,1,0.008768861,5,1,0,1,0,0,1,1,1,0,1,0,-1.000000000,0.000000000,0.000000000,0.000000000,0,-1.000000000,0,0,0,,0,-1.000000000,,0,0,0.000000000,0.000000000,0,-1.000000000,0,,0,-1.000000000,,0,-1.000000000,0,,1,-0.071580507,-4.101260939,-0.007326126,0.207570076,1,3.098436594,177.527339926,-0.002442360,-2.290597916,1,-2.898014307,-166.043988761,0.002442360,2.673503876,1,-0.201228142,-11.529523244,-0.007326126,0.417582512,1,0.913664818,52.349137950,0.012210846,-0.003663063,0.039810561,2.280977105,0.000000000,-0.000000000,2.000000000,1.000000000,3.156802416,180.871455185,0.000000000,-2.766747713,8.500000000,2.500000000,-2.898777246,-166.087701972,0.000000000,2.697513819,3.000000000,0.800000012,-0.204279900,-11.704376086,0.000000000,0.431604922,1.200000048,0.200000003,0.913664818,52.349137950,0.000000000,0.000147920,0.100000001,0.020000000
2026-07-04 17:18:03.389,1783156683.389815092,147.091426860,1,1,147.070733278,1,0.003665445,5,1,0.008567184,5,1,0,1,0,0,1,1,1,0,1,0,-1.000000000,0.000000000,0.000000000,0.000000000,0,-1.000000000,0,0,0,,0,-1.000000000,,0,0,0.000000000,0.000000000,0,-1.000000000,0,,0,-1.000000000,,0,-1.000000000,0,,1,-0.071580507,-4.101260939,-0.007326126,0.207570076,1,3.098436594,177.527339926,-0.002442360,-2.290597916,1,-2.898014307,-166.043988761,-0.002442360,2.673503876,1,-0.201228142,-11.529523244,-0.007326126,0.422466278,1,0.913664818,52.349137950,0.012210846,-0.003663063,0.039810561,2.280977105,0.000000000,-0.000000000,2.000000000,1.000000000,3.156802416,180.871455185,0.000000000,-2.766747713,8.500000000,2.500000000,-2.898777246,-166.087701972,0.000000000,2.697513819,3.000000000,0.800000012,-0.204279900,-11.704376086,0.000000000,0.431604922,1.200000048,0.200000003,0.913664818,52.349137950,0.000000000,0.000147920,0.100000001,0.020000000
2026-07-04 17:18:04.390,1783156684.390066385,148.091678200,1,1,148.070984618,1,0.003428391,5,1,0.009002433,5,1,0,1,0,0,1,1,1,0,1,0,-1.000000000,0.000000000,0.000000000,0.000000000,0,-1.000000000,0,0,0,,0,-1.000000000,,0,0,0.000000000,0.000000000,0,-1.000000000,0,,0,-1.000000000,,0,-1.000000000,0,,1,-0.071580507,-4.101260939,-0.007326126,0.202686310,1,3.098436594,177.527339926,-0.002442360,-2.290597916,1,-2.898014307,-166.043988761,-0.002442360,2.673503876,1,-0.201228142,-11.529523244,-0.007326126,0.417582512,1,0.913664818,52.349137950,0.012210846,-0.001221180,0.039810561,2.280977105,0.000000000,-0.000000000,2.000000000,1.000000000,3.156802416,180.871455185,0.000000000,-2.766747713,8.500000000,2.500000000,-2.898777246,-166.087701972,0.000000000,2.697513819,3.000000000,0.800000012,-0.204279900,-11.704376086,0.000000000,0.431604922,1.200000048,0.200000003,0.913664818,52.349137950,0.000000000,0.000147920,0.100000001,0.020000000
2026-07-04 17:18:05.390,1783156685.390198708,149.091810444,1,1,149.071116862,1,0.003451757,5,1,0.008984201,5,1,0,1,0,0,1,1,1,0,1,0,-1.000000000,0.000000000,0.000000000,0.000000000,0,-1.000000000,0,0,0,,0,-1.000000000,,0,0,0.000000000,0.000000000,0,-1.000000000,0,,0,-1.000000000,,0,-1.000000000,0,,1,-0.071580507,-4.101260939,-0.007326126,0.207570076,1,3.098436594,177.527339926,-0.002442360,-2.304273605,1,-2.898014307,-166.043988761,-0.002442360,2.673503876,1,-0.201228142,-11.529523244,-0.007326126,0.422466278,1,0.913664818,52.349137950,0.012210846,-0.003663063,0.039810561,2.280977105,0.000000000,-0.000000000,2.000000000,1.000000000,3.156802416,180.871455185,0.000000000,-2.766747713,8.500000000,2.500000000,-2.898777246,-166.087701972,0.000000000,2.697513819,3.000000000,0.800000012,-0.204279900,-11.704376086,0.000000000,0.431604922,1.200000048,0.200000003,0.913664818,52.349137950,0.000000000,0.000147920,0.100000001,0.020000000
2026-07-04 17:18:06.390,1783156686.390211344,150.091823030,1,1,150.071129448,1,0.002694502,5,1,0.008930903,5,1,0,1,0,0,1,1,1,0,1,0,-1.000000000,0.000000000,0.000000000,0.000000000,0,-1.000000000,0,0,0,,0,-1.000000000,,0,0,0.000000000,0.000000000,0,-1.000000000,0,,0,-1.000000000,,0,-1.000000000,0,,1,-0.071580507,-4.101260939,-0.007326126,0.202686310,1,3.098436594,177.527339926,-0.002442360,-2.290597916,1,-2.898014307,-166.043988761,-0.002442360,2.673503876,1,-0.201228142,-11.529523244,-0.007326126,0.417582512,1,0.913664818,52.349137950,0.012210846,-0.003663063,0.039810561,2.280977105,0.000000000,-0.000000000,2.000000000,1.000000000,3.156802416,180.871455185,0.000000000,-2.766747713,8.500000000,2.500000000,-2.898777246,-166.087701972,0.000000000,2.697513819,3.000000000,0.800000012,-0.204279900,-11.704376086,0.000000000,0.431604922,1.200000048,0.200000003,0.913664818,52.349137950,0.000000000,0.000147920,0.100000001,0.020000000
2026-07-04 17:18:07.390,1783156687.390304089,151.091915648,1,1,151.071222066,1,0.003080324,5,1,0.008761538,5,1,0,1,0,0,1,1,1,0,1,0,-1.000000000,0.000000000,0.000000000,0.000000000,0,-1.000000000,0,0,0,,0,-1.000000000,,0,0,0.000000000,0.000000000,0,-1.000000000,0,,0,-1.000000000,,0,-1.000000000,0,,1,-0.071199037,-4.079404333,-0.007326126,0.202686310,1,3.098436594,177.527339926,-0.002442360,-2.290597916,1,-2.898014307,-166.043988761,-0.002442360,2.673503876,1,-0.201228142,-11.529523244,0.007326126,0.417582512,1,0.913281441,52.327172062,-0.061050415,-0.003663063,0.039810561,2.280977105,0.000000000,-0.000000000,2.000000000,1.000000000,3.156802416,180.871455185,0.000000000,-2.766747713,8.500000000,2.500000000,-2.898777246,-166.087701972,0.000000000,2.697513819,3.000000000,0.800000012,-0.204279900,-11.704376086,0.000000000,0.431604922,1.200000048,0.200000003,0.913664818,52.349137950,0.000000000,0.000147920,0.100000001,0.020000000
2026-07-04 17:18:08.390,1783156688.390448093,152.092059929,1,1,152.071366347,1,0.003204331,5,1,0.009049367,5,1,0,1,0,0,1,1,1,0,1,0,-1.000000000,0.000000000,0.000000000,0.000000000,0,-1.000000000,0,0,0,,0,-1.000000000,,0,0,0.000000000,0.000000000,0,-1.000000000,0,,0,-1.000000000,,0,-1.000000000,0,,1,-0.071199037,-4.079404333,-0.021978378,0.202686310,1,3.098818064,177.549196531,-0.002442360,-2.290597916,1,-2.898014307,-166.043988761,-0.002442360,2.673503876,1,-0.201228142,-11.529523244,-0.021978378,0.422466278,1,0.913664818,52.349137950,-0.012210846,-0.001221180,0.039810561,2.280977105,0.000000000,-0.000000000,2.000000000,1.000000000,3.156802416,180.871455185,0.000000000,-2.766747713,8.500000000,2.500000000,-2.898777246,-166.087701972,0.000000000,2.697513819,3.000000000,0.800000012,-0.204279900,-11.704376086,0.000000000,0.431604922,1.200000048,0.200000003,0.913664818,52.349137950,0.000000000,0.000147920,0.100000001,0.020000000
2026-07-04 17:18:09.390,1783156689.390584230,153.092196145,1,1,153.071502563,1,0.003187375,5,1,0.008777824,5,1,0,1,0,0,1,1,1,0,1,0,-1.000000000,0.000000000,0.000000000,0.000000000,0,-1.000000000,0,0,0,,0,-1.000000000,,0,0,0.000000000,0.000000000,0,-1.000000000,0,,0,-1.000000000,,0,-1.000000000,0,,1,-0.071199037,-4.079404333,-0.007326126,0.202686310,1,3.098818064,177.549196531,-0.002442360,-2.290597916,1,-2.898014307,-166.043988761,-0.007326126,2.687179565,1,-0.201228142,-11.529523244,-0.007326126,0.417582512,1,0.913664818,52.349137950,-0.036628723,-0.003663063,0.039810561,2.280977105,0.000000000,-0.000000000,2.000000000,1.000000000,3.156802416,180.871455185,0.000000000,-2.766747713,8.500000000,2.500000000,-2.898777246,-166.087701972,0.000000000,2.697513819,3.000000000,0.800000012,-0.204279900,-11.704376086,0.000000000,0.431604922,1.200000048,0.200000003,0.913664818,52.349137950,0.000000000,0.000147920,0.100000001,0.020000000
2026-07-04 17:18:10.390,1783156690.390661716,154.092273289,1,1,154.071579707,1,0.003349575,5,1,0.008877728,5,1,0,1,0,0,1,1,1,0,1,0,-1.000000000,0.000000000,0.000000000,0.000000000,0,-1.000000000,0,0,0,,0,-1.000000000,,0,0,0.000000000,0.000000000,0,-1.000000000,0,,0,-1.000000000,,0,-1.000000000,0,,1,-0.071199037,-4.079404333,-0.021978378,0.202686310,1,3.098436594,177.527339926,-0.002442360,-2.304273605,1,-2.898014307,-166.043988761,-0.002442360,2.673503876,1,-0.201228142,-11.529523244,-0.007326126,0.422466278,1,0.913664818,52.349137950,-0.012210846,-0.003663063,0.039810561,2.280977105,0.000000000,-0.000000000,2.000000000,1.000000000,3.156802416,180.871455185,0.000000000,-2.766747713,8.500000000,2.500000000,-2.898777246,-166.087701972,0.000000000,2.697513819,3.000000000,0.800000012,-0.204279900,-11.704376086,0.000000000,0.431604922,1.200000048,0.200000003,0.913664818,52.349137950,0.000000000,0.000147920,0.100000001,0.020000000
2026-07-04 17:18:11.390,1783156691.390748501,155.092360212,1,1,155.071666630,1,0.003266050,5,1,0.008868051,5,1,0,1,0,0,1,1,1,0,1,0,-1.000000000,0.000000000,0.000000000,0.000000000,0,-1.000000000,0,0,0,,0,-1.000000000,,0,0,0.000000000,0.000000000,0,-1.000000000,0,,0,-1.000000000,,0,-1.000000000,0,,1,-0.071199037,-4.079404333,-0.007326126,0.202686310,1,3.098436594,177.527339926,-0.002442360,-2.290597916,1,-2.898014307,-166.043988761,-0.002442360,2.673503876,1,-0.201228142,-11.529523244,-0.007326126,0.417582512,1,0.913664818,52.349137950,-0.012210846,-0.001221180,0.039810561,2.280977105,0.000000000,-0.000000000,2.000000000,1.000000000,3.156802416,180.871455185,0.000000000,-2.766747713,8.500000000,2.500000000,-2.898777246,-166.087701972,0.000000000,2.697513819,3.000000000,0.800000012,-0.204279900,-11.704376086,0.000000000,0.431604922,1.200000048,0.200000003,0.913664818,52.349137950,0.000000000,0.000147920,0.100000001,0.020000000
2026-07-04 17:18:12.390,1783156692.390916824,156.092528678,1,1,156.071835096,1,0.003080409,5,1,0.008900297,5,1,0,1,0,0,1,1,1,0,1,0,-1.000000000,0.000000000,0.000000000,0.000000000,0,-1.000000000,0,0,0,,0,-1.000000000,,0,0,0.000000000,0.000000000,0,-1.000000000,0,,0,-1.000000000,,0,-1.000000000,0,,1,-0.071199037,-4.079404333,-0.007326126,0.202686310,1,3.098818064,177.549196531,-0.002442360,-2.290597916,1,-2.898014307,-166.043988761,-0.002442360,2.673503876,1,-0.201228142,-11.529523244,-0.007326126,0.417582512,1,0.913664818,52.349137950,-0.012210846,-0.003663063,0.039810561,2.280977105,0.000000000,-0.000000000,2.000000000,1.000000000,3.156802416,180.871455185,0.000000000,-2.766747713,8.500000000,2.500000000,-2.898777246,-166.087701972,0.000000000,2.697513819,3.000000000,0.800000012,-0.204279900,-11.704376086,0.000000000,0.431604922,1.200000048,0.200000003,0.913664818,52.349137950,0.000000000,0.000147920,0.100000001,0.020000000
2026-07-04 17:18:13.391,1783156693.390961885,157.092573547,1,1,157.071879965,1,0.003730513,5,1,0.009000947,5,1,0,1,0,0,1,1,1,0,1,0,-1.000000000,0.000000000,0.000000000,0.000000000,0,-1.000000000,0,0,0,,0,-1.000000000,,0,0,0.000000000,0.000000000,0,-1.000000000,0,,0,-1.000000000,,0,-1.000000000,0,,1,-0.071199037,-4.079404333,-0.007326126,0.202686310,1,3.098436594,177.527339926,-0.002442360,-2.290597916,1,-2.898014307,-166.043988761,-0.002442360,2.673503876,1,-0.201228142,-11.529523244,-0.007326126,0.422466278,1,0.913664818,52.349137950,-0.036628723,-0.001221180,0.039810561,2.280977105,0.000000000,-0.000000000,2.000000000,1.000000000,3.156802416,180.871455185,0.000000000,-2.766747713,8.500000000,2.500000000,-2.898777246,-166.087701972,0.000000000,2.697513819,3.000000000,0.800000012,-0.204279900,-11.704376086,0.000000000,0.431604922,1.200000048,0.200000003,0.913664818,52.349137950,0.000000000,0.000147920,0.100000001,0.020000000
2026-07-04 17:18:14.391,1783156694.391073465,158.092685398,1,1,158.071991816,1,0.003909042,5,1,0.008853708,5,1,0,1,0,0,1,1,1,0,1,0,-1.000000000,0.000000000,0.000000000,0.000000000,0,-1.000000000,0,0,0,,0,-1.000000000,,0,0,0.000000000,0.000000000,0,-1.000000000,0,,0,-1.000000000,,0,-1.000000000,0,,1,-0.071199037,-4.079404333,-0.007326126,0.207570076,1,3.098436594,177.527339926,-0.002442360,-2.304273605,1,-2.898014307,-166.043988761,-0.002442360,2.673503876,1,-0.201228142,-11.529523244,-0.007326126,0.417582512,1,0.913664818,52.349137950,-0.036628723,-0.003663063,0.039810561,2.280977105,0.000000000,-0.000000000,2.000000000,1.000000000,3.156802416,180.871455185,0.000000000,-2.766747713,8.500000000,2.500000000,-2.898777246,-166.087701972,0.000000000,2.697513819,3.000000000,0.800000012,-0.204279900,-11.704376086,0.000000000,0.431604922,1.200000048,0.200000003,0.913664818,52.349137950,0.000000000,0.000147920,0.100000001,0.020000000
