wall_time,ros_time_sec,elapsed_sec,has_ready,driver_ready,ready_age_sec,has_state,state_age_sec,state_size,has_command,command_age_sec,command_size,service_mode,service_suction,service_pick,service_place,service_stack,service_payload_estimate,service_payload_state,service_arm_mission,service_nav_arm_event,action_move_joint,has_nav_state,nav_state_age_sec,nav_state_x,nav_state_y,nav_state_yaw,has_nav_task_points,nav_task_points_age_sec,nav_task_points_count,nav_task_points_min_id,nav_task_points_max_id,nav_task_points_summary,has_nav_mission_request,nav_mission_request_age_sec,nav_mission_action,nav_mission_task_index,nav_mission_point_id,nav_mission_x,nav_mission_y,has_nav_mission_response,nav_mission_response_age_sec,nav_mission_response_success,nav_mission_response_message,has_nav_arm_event_request,nav_arm_event_request_age_sec,nav_arm_event_request_message,has_nav_arm_event_response,nav_arm_event_response_age_sec,nav_arm_event_response_success,nav_arm_event_response_message,state_valid_0,state_q_rad_0,state_q_deg_0,state_dq_0,state_tau_est_0,state_valid_1,state_q_rad_1,state_q_deg_1,state_dq_1,state_tau_est_1,state_valid_2,state_q_rad_2,state_q_deg_2,state_dq_2,state_tau_est_2,state_valid_3,state_q_rad_3,state_q_deg_3,state_dq_3,state_tau_est_3,state_valid_4,state_q_rad_4,state_q_deg_4,state_dq_4,state_tau_est_4,cmd_q_rad_0,cmd_q_deg_0,cmd_dq_0,cmd_tau_0,cmd_kp_0,cmd_kd_0,cmd_q_rad_1,cmd_q_deg_1,cmd_dq_1,cmd_tau_1,cmd_kp_1,cmd_kd_1,cmd_q_rad_2,cmd_q_deg_2,cmd_dq_2,cmd_tau_2,cmd_kp_2,cmd_kd_2,cmd_q_rad_3,cmd_q_deg_3,cmd_dq_3,cmd_tau_3,cmd_kp_3,cmd_kd_3,cmd_q_rad_4,cmd_q_deg_4,cmd_dq_4,cmd_tau_4,cmd_kp_4,cmd_kd_4
2026-07-05 12:19:26.004,1783225166.004396439,1.011069562,1,1,0.864859842,1,0.005734364,5,1,0.001280979,5,1,0,0,0,0,1,1,0,0,1,0,-1.000000000,0.000000000,0.000000000,0.000000000,0,-1.000000000,0,0,0,,0,-1.000000000,,0,0,0.000000000,0.000000000,0,-1.000000000,0,,0,-1.000000000,,0,-1.000000000,0,,1,-0.113542177,-6.505487526,-0.007326126,-0.021978378,1,3.135440111,179.647485286,0.002442360,-2.769229889,1,-2.865206957,-164.164266060,-0.007326126,2.659828186,1,-0.186732292,-10.698972240,0.007326126,0.422466278,1,1.346624374,77.155893242,-0.012210846,-0.003663063,-0.113542177,-6.505487526,0.000000000,-0.000000000,6.000000000,2.500000000,3.150317430,180.499892894,0.000000000,-2.784898281,2.000000000,0.500000000,-2.867877245,-164.317262297,0.000000000,2.679786205,1.000000000,0.500000000,-0.187495232,-10.742685451,0.000000000,0.430281579,0.500000000,0.200000003,1.346624374,77.155893242,0.000000000,0.000199606,0.000000000,0.100000001
2026-07-05 12:19:27.004,1783225167.004534721,2.011207604,1,1,1.864997884,1,0.005506742,5,1,0.001329009,5,1,0,0,0,0,1,1,0,0,1,0,-1.000000000,0.000000000,0.000000000,0.000000000,0,-1.000000000,0,0,0,,0,-1.000000000,,0,0,0.000000000,0.000000000,0,-1.000000000,0,,0,-1.000000000,,0,-1.000000000,0,,1,-0.113542177,-6.505487526,-0.007326126,-0.021978378,1,3.135440111,179.647485286,0.002442360,-2.769229889,1,-2.865206957,-164.164266060,-0.002442360,2.659828186,1,-0.186732292,-10.698972240,-0.007326126,0.422466278,1,1.346240997,77.133927354,-0.012210846,-0.003663063,-0.113542177,-6.505487526,0.000000000,-0.000000000,6.000000000,2.500000000,3.150317430,180.499892894,0.000000000,-2.784898281,2.000000000,0.500000000,-2.867877245,-164.317262297,0.000000000,2.679786205,1.000000000,0.500000000,-0.187495232,-10.742685451,0.000000000,0.430281579,0.500000000,0.200000003,1.346624374,77.155893242,0.000000000,0.000199606,0.000000000,0.100000001
2026-07-05 12:19:28.004,1783225168.004523277,3.011196314,1,1,2.864986594,1,0.005529290,5,1,0.001008256,5,1,0,0,0,0,1,1,0,0,1,0,-1.000000000,0.000000000,0.000000000,0.000000000,0,-1.000000000,0,0,0,,0,-1.000000000,,0,0,0.000000000,0.000000000,0,-1.000000000,0,,0,-1.000000000,,0,-1.000000000,0,,1,-0.113542177,-6.505487526,0.007326126,-0.026862144,1,3.135058641,179.625628680,-0.002442360,-2.782905579,1,-2.865206957,-164.164266060,-0.002442360,2.659828186,1,-0.186732292,-10.698972240,-0.007326126,0.422466278,1,1.346240997,77.133927354,-0.012210846,-0.003663063,-0.113542177,-6.505487526,0.000000000,-0.000000000,6.000000000,2.500000000,3.150317430,180.499892894,0.000000000,-2.784898281,2.000000000,0.500000000,-2.867877245,-164.317262297,0.000000000,2.679786205,1.000000000,0.500000000,-0.187495232,-10.742685451,0.000000000,0.430281579,0.500000000,0.200000003,1.346624374,77.155893242,0.000000000,0.000199606,0.000000000,0.100000001
2026-07-05 12:19:29.004,1783225169.004470825,4.011143758,1,1,3.864934038,1,0.005458779,5,1,0.001076182,5,1,0,1,0,0,1,1,1,0,1,0,-1.000000000,0.000000000,0.000000000,0.000000000,0,-1.000000000,0,0,0,,0,-1.000000000,,0,0,0.000000000,0.000000000,0,-1.000000000,0,,0,-1.000000000,,0,-1.000000000,0,,1,-0.113542177,-6.505487526,-0.007326126,-0.026862144,1,3.135058641,179.625628680,-0.007326126,-2.782905579,1,-2.865206957,-164.164266060,-0.002442360,2.659828186,1,-0.186732292,-10.698972240,-0.007326126,0.422466278,1,1.346240997,77.133927354,-0.036628723,-0.003663063,-0.113542177,-6.505487526,0.000000000,-0.000000000,6.000000000,2.500000000,3.150317430,180.499892894,0.000000000,-2.784898281,2.000000000,0.500000000,-2.867877245,-164.317262297,0.000000000,2.679786205,1.000000000,0.500000000,-0.187495232,-10.742685451,0.000000000,0.430281579,0.500000000,0.200000003,1.346624374,77.155893242,0.000000000,0.000199606,0.000000000,0.100000001
2026-07-05 12:19:30.004,1783225170.004451036,5.011124012,1,1,4.864914292,1,0.005315218,5,1,0.001011693,5,1,0,1,0,0,1,1,1,0,1,0,-1.000000000,0.000000000,0.000000000,0.000000000,0,-1.000000000,0,0,0,,0,-1.000000000,,0,0,0.000000000,0.000000000,0,-1.000000000,0,,0,-1.000000000,,0,-1.000000000,0,,1,-0.113542177,-6.505487526,-0.007326126,-0.021978378,1,3.135058641,179.625628680,-0.007326126,-2.769229889,1,-2.865206957,-164.164266060,0.002442360,2.659828186,1,-0.186732292,-10.698972240,-0.007326126,0.422466278,1,1.346240997,77.133927354,-0.036628723,-0.003663063,-0.113542177,-6.505487526,0.000000000,-0.000000000,6.000000000,2.500000000,3.150317430,180.499892894,0.000000000,-2.784898281,2.000000000,0.500000000,-2.867877245,-164.317262297,0.000000000,2.679786205,1.000000000,0.500000000,-0.187495232,-10.742685451,0.000000000,0.430281579,0.500000000,0.200000003,1.346624374,77.155893242,0.000000000,0.000199606,0.000000000,0.100000001
2026-07-05 12:19:31.004,1783225171.004419565,6.011092465,1,1,5.864882745,1,0.005036651,5,1,0.001118857,5,1,0,1,0,0,1,1,1,0,1,0,-1.000000000,0.000000000,0.000000000,0.000000000,0,-1.000000000,0,0,0,,0,-1.000000000,,0,0,0.000000000,0.000000000,0,-1.000000000,0,,0,-1.000000000,,0,-1.000000000,0,,1,-0.113542177,-6.505487526,-0.021978378,-0.026862144,1,3.135058641,179.625628680,0.002442360,-2.782905579,1,-2.865206957,-164.164266060,-0.002442360,2.659828186,1,-0.186732292,-10.698972240,-0.007326126,0.422466278,1,1.346624374,77.155893242,-0.012210846,-0.003663063,-0.113542177,-6.505487526,0.000000000,-0.000000000,6.000000000,2.500000000,3.150317430,180.499892894,0.000000000,-2.784898281,2.000000000,0.500000000,-2.867877245,-164.317262297,0.000000000,2.679786205,1.000000000,0.500000000,-0.187495232,-10.742685451,0.000000000,0.430281579,0.500000000,0.200000003,1.346624374,77.155893242,0.000000000,0.000199606,0.000000000,0.100000001
2026-07-05 12:19:32.004,1783225172.004453897,7.011126788,1,1,6.864917068,1,0.004973740,5,1,0.000807857,5,1,0,1,0,0,1,1,1,0,1,0,-1.000000000,0.000000000,0.000000000,0.000000000,0,-1.000000000,0,0,0,,0,-1.000000000,,0,0,0.000000000,0.000000000,0,-1.000000000,0,,0,-1.000000000,,0,-1.000000000,0,,1,-0.113542177,-6.505487526,-0.007326126,-0.021978378,1,3.135058641,179.625628680,-0.007326126,-2.782905579,1,-2.865206957,-164.164266060,0.002442360,2.659828186,1,-0.186732292,-10.698972240,0.007326126,0.422466278,1,1.346240997,77.133927354,-0.012210846,-0.003663063,-0.113542177,-6.505487526,0.000000000,-0.000000000,6.000000000,2.500000000,3.150317430,180.499892894,0.000000000,-2.784898281,2.000000000,0.500000000,-2.867877245,-164.317262297,0.000000000,2.679786205,1.000000000,0.500000000,-0.187495232,-10.742685451,0.000000000,0.430281579,0.500000000,0.200000003,1.346624374,77.155893242,0.000000000,0.000199606,0.000000000,0.100000001
2026-07-05 12:19:33.004,1783225173.004420519,8.011093434,1,1,7.864883714,1,0.005371582,5,1,0.000973509,5,1,0,1,0,0,1,1,1,0,1,0,-1.000000000,0.000000000,0.000000000,0.000000000,0,-1.000000000,0,0,0,,0,-1.000000000,,0,0,0.000000000,0.000000000,0,-1.000000000,0,,0,-1.000000000,,0,-1.000000000,0,,1,-0.113542177,-6.505487526,-0.021978378,-0.026862144,1,3.135058641,179.625628680,-0.002442360,-2.782905579,1,-2.865206957,-164.164266060,-0.007326126,2.659828186,1,-0.186732292,-10.698972240,-0.021978378,0.422466278,1,1.346240997,77.133927354,-0.061050415,-0.003663063,-0.113542177,-6.505487526,0.000000000,-0.000000000,6.000000000,2.500000000,3.150317430,180.499892894,0.000000000,-2.784898281,2.000000000,0.500000000,-2.867877245,-164.317262297,0.000000000,2.679786205,1.000000000,0.500000000,-0.187495232,-10.742685451,0.000000000,0.430281579,0.500000000,0.200000003,1.346624374,77.155893242,0.000000000,0.000199606,0.000000000,0.100000001
2026-07-05 12:19:34.004,1783225174.004434347,9.011107260,1,1,8.864897540,1,0.005231234,5,1,0.000957432,5,1,0,1,0,0,1,1,1,0,1,0,-1.000000000,0.000000000,0.000000000,0.000000000,0,-1.000000000,0,0,0,,0,-1.000000000,,0,0,0.000000000,0.000000000,0,-1.000000000,0,,0,-1.000000000,,0,-1.000000000,0,,1,-0.113160707,-6.483630921,0.007326126,-0.021978378,1,3.135058641,179.625628680,-0.002442360,-2.769229889,1,-2.865206957,-164.164266060,-0.002442360,2.659828186,1,-0.186732292,-10.698972240,-0.021978378,0.422466278,1,1.346240997,77.133927354,0.012210846,-0.003663063,-0.113542177,-6.505487526,0.000000000,-0.000000000,6.000000000,2.500000000,3.150317430,180.499892894,0.000000000,-2.784898281,2.000000000,0.500000000,-2.867877245,-164.317262297,0.000000000,2.679786205,1.000000000,0.500000000,-0.187495232,-10.742685451,0.000000000,0.430281579,0.500000000,0.200000003,1.346624374,77.155893242,0.000000000,0.000199606,0.000000000,0.100000001
2026-07-05 12:19:35.004,1783225175.004395247,10.011068218,1,1,9.864858498,1,0.005520731,5,1,0.001210375,5,1,0,1,0,0,1,1,1,0,1,0,-1.000000000,0.000000000,0.000000000,0.000000000,0,-1.000000000,0,0,0,,0,-1.000000000,,0,0,0.000000000,0.000000000,0,-1.000000000,0,,0,-1.000000000,,0,-1.000000000,0,,1,-0.113542177,-6.505487526,0.007326126,-0.026862144,1,3.135058641,179.625628680,-0.002442360,-2.782905579,1,-2.865206957,-164.164266060,-0.002442360,2.659828186,1,-0.186732292,-10.698972240,-0.007326126,0.422466278,1,1.346240997,77.133927354,-0.012210846,-0.003663063,-0.113542177,-6.505487526,0.000000000,-0.000000000,6.000000000,2.500000000,3.150317430,180.499892894,0.000000000,-2.784898281,2.000000000,0.500000000,-2.867877245,-164.317262297,0.000000000,2.679786205,1.000000000,0.500000000,-0.187495232,-10.742685451,0.000000000,0.430281579,0.500000000,0.200000003,1.346624374,77.155893242,0.000000000,0.000199606,0.000000000,0.100000001
2026-07-05 12:19:36.004,1783225176.004398584,11.011071632,1,1,10.864861912,1,0.005323244,5,1,0.001219229,5,1,0,1,0,0,1,1,1,0,1,0,-1.000000000,0.000000000,0.000000000,0.000000000,0,-1.000000000,0,0,0,,0,-1.000000000,,0,0,0.000000000,0.000000000,0,-1.000000000,0,,0,-1.000000000,,0,-1.000000000,0,,1,-0.113542177,-6.505487526,-0.007326126,-0.026862144,1,3.135058641,179.625628680,-0.007326126,-2.769229889,1,-2.864825487,-164.142409454,-0.002442360,2.659828186,1,-0.186732292,-10.698972240,0.007326126,0.422466278,1,1.346240997,77.133927354,-0.012210846,-0.003663063,-0.113542177,-6.505487526,0.000000000,-0.000000000,6.000000000,2.500000000,3.150317430,180.499892894,0.000000000,-2.784898281,2.000000000,0.500000000,-2.867877245,-164.317262297,0.000000000,2.679786205,1.000000000,0.500000000,-0.187495232,-10.742685451,0.000000000,0.430281579,0.500000000,0.200000003,1.346624374,77.155893242,0.000000000,0.000199606,0.000000000,0.100000001
2026-07-05 12:19:37.004,1783225177.004419565,12.011092391,1,1,11.864882671,1,0.004999889,5,1,0.000895730,5,1,0,1,0,0,1,1,1,0,1,0,-1.000000000,0.000000000,0.000000000,0.000000000,0,-1.000000000,0,0,0,,0,-1.000000000,,0,0,0.000000000,0.000000000,0,-1.000000000,0,,0,-1.000000000,,0,-1.000000000,0,,1,-0.113542177,-6.505487526,-0.007326126,-0.026862144,1,3.135058641,179.625628680,-0.007326126,-2.769229889,1,-2.864825487,-164.142409454,-0.002442360,2.659828186,1,-0.186732292,-10.698972240,-0.007326126,0.422466278,1,1.346624374,77.155893242,0.012210846,-0.003663063,-0.113542177,-6.505487526,0.000000000,-0.000000000,6.000000000,2.500000000,3.150317430,180.499892894,0.000000000,-2.784898281,2.000000000,0.500000000,-2.867877245,-164.317262297,0.000000000,2.679786205,1.000000000,0.500000000,-0.187495232,-10.742685451,0.000000000,0.430281579,0.500000000,0.200000003,1.346624374,77.155893242,0.000000000,0.000199606,0.000000000,0.100000001
2026-07-05 12:19:38.004,1783225178.004426956,13.011099972,1,1,12.864890252,1,0.005220619,5,1,0.000566552,5,1,0,1,0,0,1,1,1,0,1,0,-1.000000000,0.000000000,0.000000000,0.000000000,0,-1.000000000,0,0,0,,0,-1.000000000,,0,0,0.000000000,0.000000000,0,-1.000000000,0,,0,-1.000000000,,0,-1.000000000,0,,1,-0.113542177,-6.505487526,-0.007326126,-0.021978378,1,3.135058641,179.625628680,-0.002442360,-2.782905579,1,-2.864825487,-164.142409454,-0.002442360,2.659828186,1,-0.186732292,-10.698972240,-0.007326126,0.422466278,1,1.346240997,77.133927354,-0.036628723,-0.003663063,-0.113542177,-6.505487526,0.000000000,-0.000000000,6.000000000,2.500000000,3.150317430,180.499892894,0.000000000,-2.784898281,2.000000000,0.500000000,-2.867877245,-164.317262297,0.000000000,2.679786205,1.000000000,0.500000000,-0.187495232,-10.742685451,0.000000000,0.430281579,0.500000000,0.200000003,1.346624374,77.155893242,0.000000000,0.000199606,0.000000000,0.100000001
2026-07-05 12:19:39.004,1783225179.004454374,14.011127325,1,1,13.864917605,1,0.005154498,5,1,0.001001177,5,1,0,1,0,0,1,1,1,0,1,0,-1.000000000,0.000000000,0.000000000,0.000000000,0,-1.000000000,0,0,0,,0,-1.000000000,,0,0,0.000000000,0.000000000,0,-1.000000000,0,,0,-1.000000000,,0,-1.000000000,0,,1,-0.113542177,-6.505487526,-0.007326126,-0.021978378,1,3.135058641,179.625628680,-0.002442360,-2.769229889,0,-2.864825487,-164.142409454,-0.002442360,2.659828186,1,-0.186732292,-10.698972240,0.007326126,0.422466278,1,1.346624374,77.155893242,-0.036628723,-0.003663063,-0.113542177,-6.505487526,0.000000000,-0.000000000,6.000000000,2.500000000,3.150317430,180.499892894,0.000000000,-2.784898281,2.000000000,0.500000000,-2.867877245,-164.317262297,0.000000000,2.679786205,1.000000000,0.500000000,-0.187495232,-10.742685451,0.000000000,0.430281579,0.500000000,0.200000003,1.346624374,77.155893242,0.000000000,0.000199606,0.000000000,0.100000001
2026-07-05 12:19:40.004,1783225180.004411697,15.011084524,1,1,14.864874804,1,0.005322259,5,1,0.000453272,5,1,0,1,0,0,1,1,1,0,1,0,-1.000000000,0.000000000,0.000000000,0.000000000,0,-1.000000000,0,0,0,,0,-1.000000000,,0,0,0.000000000,0.000000000,0,-1.000000000,0,,0,-1.000000000,,0,-1.000000000,0,,1,-0.113160707,-6.483630921,-0.021978378,-0.021978378,1,3.135058641,179.625628680,-0.002442360,-2.782905579,1,-2.864825487,-164.142409454,0.002442360,2.659828186,1,-0.186732292,-10.698972240,-0.007326126,0.422466278,1,1.346240997,77.133927354,-0.061050415,-0.006104946,-0.113542177,-6.505487526,0.000000000,-0.000000000,6.000000000,2.500000000,3.150317430,180.499892894,0.000000000,-2.784898281,2.000000000,0.500000000,-2.867877245,-164.317262297,0.000000000,2.679786205,1.000000000,0.500000000,-0.187495232,-10.742685451,0.000000000,0.430281579,0.500000000,0.200000003,1.346624374,77.155893242,0.000000000,0.000199606,0.000000000,0.100000001
2026-07-05 12:19:41.004,1783225181.004449129,16.011121890,1,1,15.864912170,1,0.005620259,5,1,0.001133907,5,1,0,1,0,0,1,1,1,0,1,0,-1.000000000,0.000000000,0.000000000,0.000000000,0,-1.000000000,0,0,0,,0,-1.000000000,,0,0,0.000000000,0.000000000,0,-1.000000000,0,,0,-1.000000000,,0,-1.000000000,0,,1,-0.113542177,-6.505487526,-0.007326126,-0.026862144,1,3.135058641,179.625628680,-0.002442360,-2.782905579,1,-2.865206957,-164.164266060,-0.002442360,2.659828186,1,-0.186732292,-10.698972240,-0.007326126,0.422466278,1,1.346624374,77.155893242,-0.012210846,-0.003663063,-0.113542177,-6.505487526,0.000000000,-0.000000000,6.000000000,2.500000000,3.150317430,180.499892894,0.000000000,-2.784898281,2.000000000,0.500000000,-2.867877245,-164.317262297,0.000000000,2.679786205,1.000000000,0.500000000,-0.187495232,-10.742685451,0.000000000,0.430281579,0.500000000,0.200000003,1.346624374,77.155893242,0.000000000,0.000199606,0.000000000,0.100000001
2026-07-05 12:19:42.004,1783225182.004569054,17.011241998,1,1,16.865032278,1,0.005474079,5,1,0.001357902,5,1,0,1,0,0,1,1,1,0,1,0,-1.000000000,0.000000000,0.000000000,0.000000000,0,-1.000000000,0,0,0,,0,-1.000000000,,0,0,0.000000000,0.000000000,0,-1.000000000,0,,0,-1.000000000,,0,-1.000000000,0,,1,-0.113542177,-6.505487526,-0.007326126,-0.021978378,1,3.135058641,179.625628680,-0.007326126,-2.782905579,1,-2.865206957,-164.164266060,0.002442360,2.659828186,1,-0.186732292,-10.698972240,0.007326126,0.422466278,1,1.346624374,77.155893242,0.012210846,-0.003663063,-0.113542177,-6.505487526,0.000000000,-0.000000000,6.000000000,2.500000000,3.150317430,180.499892894,0.000000000,-2.784898281,2.000000000,0.500000000,-2.867877245,-164.317262297,0.000000000,2.679786205,1.000000000,0.500000000,-0.187495232,-10.742685451,0.000000000,0.430281579,0.500000000,0.200000003,1.346624374,77.155893242,0.000000000,0.000199606,0.000000000,0.100000001
2026-07-05 12:19:43.004,1783225183.004400969,18.011073794,1,1,17.864864074,1,0.004942006,5,1,0.001208946,5,1,0,1,0,0,1,1,1,0,1,0,-1.000000000,0.000000000,0.000000000,0.000000000,0,-1.000000000,0,0,0,,0,-1.000000000,,0,0,0.000000000,0.000000000,0,-1.000000000,0,,0,-1.000000000,,0,-1.000000000,0,,1,-0.113542177,-6.505487526,-0.007326126,-0.026862144,1,3.135058641,179.625628680,0.002442360,-2.769229889,1,-2.865206957,-164.164266060,-0.002442360,2.659828186,1,-0.186732292,-10.698972240,-0.007326126,0.422466278,1,1.346240997,77.133927354,-0.012210846,-0.003663063,-0.113542177,-6.505487526,0.000000000,-0.000000000,6.000000000,2.500000000,3.150317430,180.499892894,0.000000000,-2.784898281,2.000000000,0.500000000,-2.867877245,-164.317262297,0.000000000,2.679786205,1.000000000,0.500000000,-0.187495232,-10.742685451,0.000000000,0.430281579,0.500000000,0.200000003,1.346624374,77.155893242,0.000000000,0.000199606,0.000000000,0.100000001
2026-07-05 12:19:44.004,1783225184.004383802,19.011056728,1,1,18.864847008,1,0.005371313,5,1,0.001018416,5,1,0,1,0,0,1,1,1,0,1,0,-1.000000000,0.000000000,0.000000000,0.000000000,0,-1.000000000,0,0,0,,0,-1.000000000,,0,0,0.000000000,0.000000000,0,-1.000000000,0,,0,-1.000000000,,0,-1.000000000,0,,1,-0.113542177,-6.505487526,-0.007326126,-0.026862144,1,3.135058641,179.625628680,-0.002442360,-2.769229889,1,-2.865206957,-164.164266060,-0.002442360,2.659828186,1,-0.186732292,-10.698972240,-0.007326126,0.422466278,1,1.346240997,77.133927354,0.012210846,-0.003663063,-0.113542177,-6.505487526,0.000000000,-0.000000000,6.000000000,2.500000000,3.150317430,180.499892894,0.000000000,-2.784898281,2.000000000,0.500000000,-2.867877245,-164.317262297,0.000000000,2.679786205,1.000000000,0.500000000,-0.187495232,-10.742685451,0.000000000,0.430281579,0.500000000,0.200000003,1.346624374,77.155893242,0.000000000,0.000199606,0.000000000,0.100000001
2026-07-05 12:19:45.004,1783225185.004441261,20.011114311,1,1,19.864904591,1,0.005577375,5,1,0.000885798,5,1,0,1,0,0,1,1,1,0,1,0,-1.000000000,0.000000000,0.000000000,0.000000000,0,-1.000000000,0,0,0,,0,-1.000000000,,0,0,0.000000000,0.000000000,0,-1.000000000,0,,0,-1.000000000,,0,-1.000000000,0,,1,-0.113542177,-6.505487526,-0.007326126,-0.021978378,1,3.135058641,179.625628680,-0.007326126,-2.769229889,1,-2.865206957,-164.164266060,-0.002442360,2.659828186,1,-0.186732292,-10.698972240,-0.007326126,0.422466278,1,1.346624374,77.155893242,0.012210846,-0.003663063,-0.113542177,-6.505487526,0.000000000,-0.000000000,6.000000000,2.500000000,3.150317430,180.499892894,0.000000000,-2.784898281,2.000000000,0.500000000,-2.867877245,-164.317262297,0.000000000,2.679786205,1.000000000,0.500000000,-0.187495232,-10.742685451,0.000000000,0.430281579,0.500000000,0.200000003,1.346624374,77.155893242,0.000000000,0.000199606,0.000000000,0.100000001
2026-07-05 12:19:46.004,1783225186.004459620,21.011132429,1,1,20.864922709,1,0.005344526,5,1,0.001071154,5,1,0,1,0,0,1,1,1,0,1,0,-1.000000000,0.000000000,0.000000000,0.000000000,0,-1.000000000,0,0,0,,0,-1.000000000,,0,0,0.000000000,0.000000000,0,-1.000000000,0,,0,-1.000000000,,0,-1.000000000,0,,1,-0.113160707,-6.483630921,0.007326126,-0.021978378,1,3.135058641,179.625628680,-0.002442360,-2.782905579,1,-2.864825487,-164.142409454,-0.002442360,2.659828186,1,-0.186732292,-10.698972240,0.007326126,0.422466278,1,1.346624374,77.155893242,-0.012210846,-0.003663063,-0.113542177,-6.505487526,0.000000000,-0.000000000,6.000000000,2.500000000,3.150317430,180.499892894,0.000000000,-2.784898281,2.000000000,0.500000000,-2.867877245,-164.317262297,0.000000000,2.679786205,1.000000000,0.500000000,-0.187495232,-10.742685451,0.000000000,0.430281579,0.500000000,0.200000003,1.346624374,77.155893242,0.000000000,0.000199606,0.000000000,0.100000001
2026-07-05 12:19:47.004,1783225187.004356146,22.011028930,1,1,21.864819210,1,0.005729559,5,1,0.001232566,5,1,0,1,0,0,1,1,1,0,1,0,-1.000000000,0.000000000,0.000000000,0.000000000,0,-1.000000000,0,0,0,,0,-1.000000000,,0,0,0.000000000,0.000000000,0,-1.000000000,0,,0,-1.000000000,,0,-1.000000000,0,,1,-0.113542177,-6.505487526,-0.007326126,-0.026862144,1,3.135058641,179.625628680,-0.007326126,-2.769229889,1,-2.865206957,-164.164266060,-0.002442360,2.659828186,1,-0.186732292,-10.698972240,-0.007326126,0.422466278,1,1.346240997,77.133927354,-0.012210846,-0.003663063,-0.113542177,-6.505487526,0.000000000,-0.000000000,6.000000000,2.500000000,3.150317430,180.499892894,0.000000000,-2.784898281,2.000000000,0.500000000,-2.867877245,-164.317262297,0.000000000,2.679786205,1.000000000,0.500000000,-0.187495232,-10.742685451,0.000000000,0.430281579,0.500000000,0.200000003,1.346624374,77.155893242,0.000000000,0.000199606,0.000000000,0.100000001
2026-07-05 12:19:48.004,1783225188.004344225,23.011017378,1,1,22.864807658,1,0.005600115,5,1,0.001205697,5,1,0,1,0,0,1,1,1,0,1,0,-1.000000000,0.000000000,0.000000000,0.000000000,0,-1.000000000,0,0,0,,0,-1.000000000,,0,0,0.000000000,0.000000000,0,-1.000000000,0,,0,-1.000000000,,0,-1.000000000,0,,1,-0.113542177,-6.505487526,-0.007326126,-0.026862144,1,3.135058641,179.625628680,0.002442360,-2.782905579,1,-2.864825487,-164.142409454,0.002442360,2.659828186,1,-0.186732292,-10.698972240,-0.007326126,0.422466278,1,1.346240997,77.133927354,-0.012210846,-0.003663063,-0.113542177,-6.505487526,0.000000000,-0.000000000,6.000000000,2.500000000,3.150317430,180.499892894,0.000000000,-2.784898281,2.000000000,0.500000000,-2.867877245,-164.317262297,0.000000000,2.679786205,1.000000000,0.500000000,-0.187495232,-10.742685451,0.000000000,0.430281579,0.500000000,0.200000003,1.346624374,77.155893242,0.000000000,0.000199606,0.000000000,0.100000001
2026-07-05 12:19:49.004,1783225189.004419804,24.011092866,1,1,23.864883146,1,0.004935301,5,1,0.000957885,5,1,0,1,0,0,1,1,1,0,1,0,-1.000000000,0.000000000,0.000000000,0.000000000,0,-1.000000000,0,0,0,,0,-1.000000000,,0,0,0.000000000,0.000000000,0,-1.000000000,0,,0,-1.000000000,,0,-1.000000000,0,,1,-0.113542177,-6.505487526,-0.021978378,-0.021978378,1,3.135058641,179.625628680,-0.002442360,-2.782905579,1,-2.865206957,-164.164266060,-0.007326126,2.659828186,1,-0.186732292,-10.698972240,-0.007326126,0.422466278,1,1.346624374,77.155893242,-0.036628723,-0.003663063,-0.113542177,-6.505487526,0.000000000,-0.000000000,6.000000000,2.500000000,3.150317430,180.499892894,0.000000000,-2.784898281,2.000000000,0.500000000,-2.867877245,-164.317262297,0.000000000,2.679786205,1.000000000,0.500000000,-0.187495232,-10.742685451,0.000000000,0.430281579,0.500000000,0.200000003,1.346624374,77.155893242,0.000000000,0.000199606,0.000000000,0.100000001
2026-07-05 12:19:50.004,1783225190.004549742,25.011222688,1,1,24.865012968,1,0.005767341,5,1,0.001037728,5,1,0,1,0,0,1,1,1,0,1,0,-1.000000000,0.000000000,0.000000000,0.000000000,0,-1.000000000,0,0,0,,0,-1.000000000,,0,0,0.000000000,0.000000000,0,-1.000000000,0,,0,-1.000000000,,0,-1.000000000,0,,1,-0.113542177,-6.505487526,-0.007326126,-0.021978378,1,3.135058641,179.625628680,0.002442360,-2.769229889,1,-2.864825487,-164.142409454,-0.002442360,2.659828186,1,-0.186732292,-10.698972240,-0.007326126,0.422466278,1,1.346240997,77.133927354,0.012210846,-0.003663063,-0.113542177,-6.505487526,0.000000000,-0.000000000,6.000000000,2.500000000,3.150317430,180.499892894,0.000000000,-2.784898281,2.000000000,0.500000000,-2.867877245,-164.317262297,0.000000000,2.679786205,1.000000000,0.500000000,-0.187495232,-10.742685451,0.000000000,0.430281579,0.500000000,0.200000003,1.346624374,77.155893242,0.000000000,0.000199606,0.000000000,0.100000001
2026-07-05 12:19:51.004,1783225191.004432201,26.011104989,1,1,25.864895269,1,0.005154192,5,1,0.000943586,5,1,0,1,0,0,1,1,1,0,1,0,-1.000000000,0.000000000,0.000000000,0.000000000,0,-1.000000000,0,0,0,,0,-1.000000000,,0,0,0.000000000,0.000000000,0,-1.000000000,0,,0,-1.000000000,,0,-1.000000000,0,,1,-0.113542177,-6.505487526,0.007326126,-0.021978378,1,3.135058641,179.625628680,-0.002442360,-2.782905579,1,-2.864825487,-164.142409454,-0.002442360,2.659828186,1,-0.186732292,-10.698972240,-0.007326126,0.422466278,1,1.346240997,77.133927354,-0.012210846,-0.003663063,-0.113542177,-6.505487526,0.000000000,-0.000000000,6.000000000,2.500000000,3.150317430,180.499892894,0.000000000,-2.784898281,2.000000000,0.500000000,-2.867877245,-164.317262297,0.000000000,2.679786205,1.000000000,0.500000000,-0.187495232,-10.742685451,0.000000000,0.430281579,0.500000000,0.200000003,1.346624374,77.155893242,0.000000000,0.000199606,0.000000000,0.100000001
2026-07-05 12:19:52.005,1783225192.004552841,27.011225955,1,1,26.865016235,1,0.004646172,5,1,0.001019584,5,1,0,1,0,0,1,1,1,0,1,0,-1.000000000,0.000000000,0.000000000,0.000000000,0,-1.000000000,0,0,0,,0,-1.000000000,,0,0,0.000000000,0.000000000,0,-1.000000000,0,,0,-1.000000000,,0,-1.000000000,0,,1,-0.113542177,-6.505487526,0.007326126,-0.021978378,1,3.135058641,179.625628680,-0.002442360,-2.782905579,1,-2.865206957,-164.164266060,-0.002442360,2.659828186,1,-0.186732292,-10.698972240,-0.007326126,0.422466278,1,1.346240997,77.133927354,-0.012210846,-0.003663063,-0.113542177,-6.505487526,0.000000000,-0.000000000,6.000000000,2.500000000,3.150317430,180.499892894,0.000000000,-2.784898281,2.000000000,0.500000000,-2.867877245,-164.317262297,0.000000000,2.679786205,1.000000000,0.500000000,-0.187495232,-10.742685451,0.000000000,0.430281579,0.500000000,0.200000003,1.346624374,77.155893242,0.000000000,0.000199606,0.000000000,0.100000001
2026-07-05 12:19:53.004,1783225193.004466772,28.011139581,1,1,27.864929861,1,0.005331414,5,1,0.000650262,5,1,0,1,0,0,1,1,1,0,1,0,-1.000000000,0.000000000,0.000000000,0.000000000,0,-1.000000000,0,0,0,,0,-1.000000000,,0,0,0.000000000,0.000000000,0,-1.000000000,0,,0,-1.000000000,,0,-1.000000000,0,,1,-0.113160707,-6.483630921,-0.007326126,-0.026862144,1,3.135058641,179.625628680,-0.002442360,-2.782905579,1,-2.864825487,-164.142409454,-0.002442360,2.659828186,1,-0.186732292,-10.698972240,-0.007326126,0.422466278,1,1.346624374,77.155893242,0.012210846,-0.003663063,-0.113542177,-6.505487526,0.000000000,-0.000000000,6.000000000,2.500000000,3.150317430,180.499892894,0.000000000,-2.784898281,2.000000000,0.500000000,-2.867877245,-164.317262297,0.000000000,2.679786205,1.000000000,0.500000000,-0.187495232,-10.742685451,0.000000000,0.430281579,0.500000000,0.200000003,1.346624374,77.155893242,0.000000000,0.000199606,0.000000000,0.100000001
2026-07-05 12:19:54.004,1783225194.004449129,29.011122039,1,1,28.864912319,1,0.004857454,5,1,0.000542019,5,1,0,1,0,0,1,1,1,0,1,0,-1.000000000,0.000000000,0.000000000,0.000000000,0,-1.000000000,0,0,0,,0,-1.000000000,,0,0,0.000000000,0.000000000,0,-1.000000000,0,,0,-1.000000000,,0,-1.000000000,0,,1,-0.113542177,-6.505487526,-0.007326126,-0.021978378,1,3.135058641,179.625628680,-0.002442360,-2.782905579,1,-2.865206957,-164.164266060,-0.002442360,2.659828186,1,-0.186732292,-10.698972240,-0.007326126,0.422466278,1,1.346240997,77.133927354,-0.012210846,-0.003663063,-0.113542177,-6.505487526,0.000000000,-0.000000000,6.000000000,2.500000000,3.150317430,180.499892894,0.000000000,-2.784898281,2.000000000,0.500000000,-2.867877245,-164.317262297,0.000000000,2.679786205,1.000000000,0.500000000,-0.187495232,-10.742685451,0.000000000,0.430281579,0.500000000,0.200000003,1.346624374,77.155893242,0.000000000,0.000199606,0.000000000,0.100000001
2026-07-05 12:19:55.004,1783225195.004390001,30.011062852,1,1,29.864853132,1,0.005475721,5,1,0.000412083,5,1,0,1,0,0,1,1,1,0,1,0,-1.000000000,0.000000000,0.000000000,0.000000000,0,-1.000000000,0,0,0,,0,-1.000000000,,0,0,0.000000000,0.000000000,0,-1.000000000,0,,0,-1.000000000,,0,-1.000000000,0,,1,-0.113542177,-6.505487526,-0.007326126,-0.021978378,1,3.135058641,179.625628680,-0.007326126,-2.782905579,1,-2.865206957,-164.164266060,-0.002442360,2.659828186,1,-0.186732292,-10.698972240,-0.007326126,0.422466278,1,1.346240997,77.133927354,-0.012210846,-0.003663063,-0.113542177,-6.505487526,0.000000000,-0.000000000,6.000000000,2.500000000,3.150317430,180.499892894,0.000000000,-2.784898281,2.000000000,0.500000000,-2.867877245,-164.317262297,0.000000000,2.679786205,1.000000000,0.500000000,-0.187495232,-10.742685451,0.000000000,0.430281579,0.500000000,0.200000003,1.346624374,77.155893242,0.000000000,0.000199606,0.000000000,0.100000001
2026-07-05 12:19:56.004,1783225196.004479885,31.011153049,1,1,30.864943329,1,0.004842230,5,1,0.000730838,5,1,0,1,0,0,1,1,1,0,1,0,-1.000000000,0.000000000,0.000000000,0.000000000,0,-1.000000000,0,0,0,,0,-1.000000000,,0,0,0.000000000,0.000000000,0,-1.000000000,0,,0,-1.000000000,,0,-1.000000000,0,,1,-0.113542177,-6.505487526,-0.021978378,-0.026862144,1,3.135058641,179.625628680,-0.002442360,-2.769229889,1,-2.865206957,-164.164266060,-0.007326126,2.659828186,1,-0.186732292,-10.698972240,-0.007326126,0.422466278,1,1.346240997,77.133927354,0.012210846,-0.003663063,-0.113542177,-6.505487526,0.000000000,-0.000000000,6.000000000,2.500000000,3.150317430,180.499892894,0.000000000,-2.784898281,2.000000000,0.500000000,-2.867877245,-164.317262297,0.000000000,2.679786205,1.000000000,0.500000000,-0.187495232,-10.742685451,0.000000000,0.430281579,0.500000000,0.200000003,1.346624374,77.155893242,0.000000000,0.000199606,0.000000000,0.100000001
2026-07-05 12:19:57.004,1783225197.004414320,32.011087181,1,1,31.864877461,1,0.004449948,5,1,0.001215793,5,1,0,1,0,0,1,1,1,0,1,0,-1.000000000,0.000000000,0.000000000,0.000000000,0,-1.000000000,0,0,0,,0,-1.000000000,,0,0,0.000000000,0.000000000,0,-1.000000000,0,,0,-1.000000000,,0,-1.000000000,0,,1,-0.113542177,-6.505487526,0.007326126,-0.021978378,1,3.135058641,179.625628680,-0.007326126,-2.769229889,1,-2.865206957,-164.164266060,-0.002442360,2.659828186,1,-0.186732292,-10.698972240,-0.007326126,0.422466278,1,1.346240997,77.133927354,-0.036628723,-0.006104946,-0.113542177,-6.505487526,0.000000000,-0.000000000,6.000000000,2.500000000,3.150317430,180.499892894,0.000000000,-2.784898281,2.000000000,0.500000000,-2.867877245,-164.317262297,0.000000000,2.679786205,1.000000000,0.500000000,-0.187495232,-10.742685451,0.000000000,0.430281579,0.500000000,0.200000003,1.346624374,77.155893242,0.000000000,0.000199606,0.000000000,0.100000001
2026-07-05 12:19:58.004,1783225198.004441500,33.011114590,1,1,32.864904870,1,0.004761957,5,1,0.001067747,5,1,0,1,0,0,1,1,1,0,1,0,-1.000000000,0.000000000,0.000000000,0.000000000,0,-1.000000000,0,0,0,,0,-1.000000000,,0,0,0.000000000,0.000000000,0,-1.000000000,0,,0,-1.000000000,,0,-1.000000000,0,,1,-0.113542177,-6.505487526,-0.007326126,-0.026862144,1,3.135058641,179.625628680,-0.002442360,-2.769229889,1,-2.865206957,-164.164266060,-0.002442360,2.659828186,1,-0.186732292,-10.698972240,-0.007326126,0.422466278,1,1.346240997,77.133927354,-0.012210846,-0.003663063,-0.113542177,-6.505487526,0.000000000,-0.000000000,6.000000000,2.500000000,3.150317430,180.499892894,0.000000000,-2.784898281,2.000000000,0.500000000,-2.867877245,-164.317262297,0.000000000,2.679786205,1.000000000,0.500000000,-0.187495232,-10.742685451,0.000000000,0.430281579,0.500000000,0.200000003,1.346624374,77.155893242,0.000000000,0.000199606,0.000000000,0.100000001
2026-07-05 12:19:59.004,1783225199.004473448,34.011146351,1,1,33.864936631,1,0.005170969,5,1,0.000992027,5,1,0,1,0,0,1,1,1,0,1,0,-1.000000000,0.000000000,0.000000000,0.000000000,0,-1.000000000,0,0,0,,0,-1.000000000,,0,0,0.000000000,0.000000000,0,-1.000000000,0,,0,-1.000000000,,0,-1.000000000,0,,1,-0.113542177,-6.505487526,0.007326126,-0.021978378,1,3.135058641,179.625628680,-0.002442360,-2.769229889,1,-2.865206957,-164.164266060,-0.002442360,2.659828186,1,-0.186732292,-10.698972240,-0.007326126,0.422466278,1,1.346240997,77.133927354,-0.012210846,-0.003663063,-0.113542177,-6.505487526,0.000000000,-0.000000000,6.000000000,2.500000000,3.150317430,180.499892894,0.000000000,-2.784898281,2.000000000,0.500000000,-2.867877245,-164.317262297,0.000000000,2.679786205,1.000000000,0.500000000,-0.187495232,-10.742685451,0.000000000,0.430281579,0.500000000,0.200000003,1.346624374,77.155893242,0.000000000,0.000199606,0.000000000,0.100000001
2026-07-05 12:20:00.004,1783225200.004399776,35.011072841,1,1,34.864863121,1,0.005071441,5,1,0.001294918,5,1,0,1,0,0,1,1,1,0,1,0,-1.000000000,0.000000000,0.000000000,0.000000000,0,-1.000000000,0,0,0,,0,-1.000000000,,0,0,0.000000000,0.000000000,0,-1.000000000,0,,0,-1.000000000,,0,-1.000000000,0,,1,-0.113542177,-6.505487526,-0.007326126,-0.026862144,1,3.135058641,179.625628680,-0.002442360,-2.769229889,1,-2.864825487,-164.142409454,0.002442360,2.659828186,1,-0.186732292,-10.698972240,-0.007326126,0.422466278,1,1.346624374,77.155893242,0.012210846,-0.003663063,-0.113542177,-6.505487526,0.000000000,-0.000000000,6.000000000,2.500000000,3.150317430,180.499892894,0.000000000,-2.784898281,2.000000000,0.500000000,-2.867877245,-164.317262297,0.000000000,2.679786205,1.000000000,0.500000000,-0.187495232,-10.742685451,0.000000000,0.430281579,0.500000000,0.200000003,1.346624374,77.155893242,0.000000000,0.000199606,0.000000000,0.100000001
2026-07-05 12:20:01.004,1783225201.004401684,36.011074528,1,1,35.864864808,1,0.003994407,5,1,0.001149656,5,1,0,1,0,0,1,1,1,0,1,0,-1.000000000,0.000000000,0.000000000,0.000000000,0,-1.000000000,0,0,0,,0,-1.000000000,,0,0,0.000000000,0.000000000,0,-1.000000000,0,,0,-1.000000000,,0,-1.000000000,0,,1,-0.113542177,-6.505487526,-0.021978378,-0.026862144,1,3.135058641,179.625628680,-0.007326126,-2.769229889,1,-2.865206957,-164.164266060,-0.007326126,2.659828186,1,-0.186732292,-10.698972240,-0.021978378,0.422466278,1,1.346624374,77.155893242,-0.036628723,-0.003663063,-0.113542177,-6.505487526,0.000000000,-0.000000000,6.000000000,2.500000000,3.150317430,180.499892894,0.000000000,-2.784898281,2.000000000,0.500000000,-2.867877245,-164.317262297,0.000000000,2.679786205,1.000000000,0.500000000,-0.187495232,-10.742685451,0.000000000,0.430281579,0.500000000,0.200000003,1.346624374,77.155893242,0.000000000,0.000199606,0.000000000,0.100000001
2026-07-05 12:20:02.004,1783225202.004385948,37.011059048,1,1,36.864849328,1,0.004538210,5,1,0.001273128,5,1,0,1,0,0,1,1,1,0,1,0,-1.000000000,0.000000000,0.000000000,0.000000000,0,-1.000000000,0,0,0,,0,-1.000000000,,0,0,0.000000000,0.000000000,0,-1.000000000,0,,0,-1.000000000,,0,-1.000000000,0,,1,-0.113542177,-6.505487526,-0.007326126,-0.026862144,1,3.135058641,179.625628680,-0.002442360,-2.782905579,0,-2.864825487,-164.142409454,-0.002442360,2.659828186,1,-0.186350822,-10.677115635,0.007326126,0.422466278,1,1.346240997,77.133927354,-0.012210846,-0.003663063,-0.113542177,-6.505487526,0.000000000,-0.000000000,6.000000000,2.500000000,3.150317430,180.499892894,0.000000000,-2.784898281,2.000000000,0.500000000,-2.867877245,-164.317262297,0.000000000,2.679786205,1.000000000,0.500000000,-0.187495232,-10.742685451,0.000000000,0.430281579,0.500000000,0.200000003,1.346624374,77.155893242,0.000000000,0.000199606,0.000000000,0.100000001
2026-07-05 12:20:03.005,1783225203.004582644,38.011255514,1,1,37.865045794,1,0.004386565,5,1,0.000865751,5,1,0,1,0,0,1,1,1,0,1,0,-1.000000000,0.000000000,0.000000000,0.000000000,0,-1.000000000,0,0,0,,0,-1.000000000,,0,0,0.000000000,0.000000000,0,-1.000000000,0,,0,-1.000000000,,0,-1.000000000,0,,1,-0.113542177,-6.505487526,-0.007326126,-0.026862144,1,3.135058641,179.625628680,-0.002442360,-2.782905579,1,-2.865206957,-164.164266060,-0.002442360,2.659828186,1,-0.186732292,-10.698972240,-0.007326126,0.422466278,1,1.346240997,77.133927354,-0.036628723,-0.001221180,-0.113542177,-6.505487526,0.000000000,-0.000000000,6.000000000,2.500000000,3.150317430,180.499892894,0.000000000,-2.784898281,2.000000000,0.500000000,-2.867877245,-164.317262297,0.000000000,2.679786205,1.000000000,0.500000000,-0.187495232,-10.742685451,0.000000000,0.430281579,0.500000000,0.200000003,1.346624374,77.155893242,0.000000000,0.000199606,0.000000000,0.100000001
2026-07-05 12:20:04.004,1783225204.004600286,39.011273182,1,1,38.865063462,1,0.005422130,5,1,0.000730598,5,1,0,1,0,0,1,1,1,0,1,0,-1.000000000,0.000000000,0.000000000,0.000000000,0,-1.000000000,0,0,0,,0,-1.000000000,,0,0,0.000000000,0.000000000,0,-1.000000000,0,,0,-1.000000000,,0,-1.000000000,0,,1,-0.113542177,-6.505487526,0.007326126,-0.021978378,1,3.135058641,179.625628680,-0.002442360,-2.769229889,1,-2.865206957,-164.164266060,-0.002442360,2.659828186,1,-0.186350822,-10.677115635,0.007326126,0.422466278,1,1.346624374,77.155893242,0.012210846,-0.003663063,-0.113542177,-6.505487526,0.000000000,-0.000000000,6.000000000,2.500000000,3.150317430,180.499892894,0.000000000,-2.784898281,2.000000000,0.500000000,-2.867877245,-164.317262297,0.000000000,2.679786205,1.000000000,0.500000000,-0.187495232,-10.742685451,0.000000000,0.430281579,0.500000000,0.200000003,1.346624374,77.155893242,0.000000000,0.000199606,0.000000000,0.100000001
2026-07-05 12:20:05.005,1783225205.004768848,40.011441631,1,1,39.865231911,1,0.005984226,5,1,0.001183516,5,1,0,1,0,0,1,1,1,0,1,0,-1.000000000,0.000000000,0.000000000,0.000000000,0,-1.000000000,0,0,0,,0,-1.000000000,,0,0,0.000000000,0.000000000,0,-1.000000000,0,,0,-1.000000000,,0,-1.000000000,0,,1,-0.113542177,-6.505487526,-0.021978378,-0.026862144,1,3.135058641,179.625628680,-0.002442360,-2.769229889,1,-2.865206957,-164.164266060,-0.002442360,2.673503876,1,-0.186350822,-10.677115635,-0.007326126,0.422466278,1,1.346624374,77.155893242,-0.012210846,-0.003663063,-0.113542177,-6.505487526,0.000000000,-0.000000000,6.000000000,2.500000000,3.150317430,180.499892894,0.000000000,-2.784898281,2.000000000,0.500000000,-2.867877245,-164.317262297,0.000000000,2.679786205,1.000000000,0.500000000,-0.187495232,-10.742685451,0.000000000,0.430281579,0.500000000,0.200000003,1.346624374,77.155893242,0.000000000,0.000199606,0.000000000,0.100000001
2026-07-05 12:20:06.004,1783225206.004409313,41.011082185,1,1,40.864872465,1,0.003989240,5,1,0.000550603,5,1,0,1,0,0,1,1,1,0,1,0,-1.000000000,0.000000000,0.000000000,0.000000000,0,-1.000000000,0,0,0,,0,-1.000000000,,0,0,0.000000000,0.000000000,0,-1.000000000,0,,0,-1.000000000,,0,-1.000000000,0,,1,-0.113542177,-6.505487526,-0.021978378,-0.026862144,1,3.135058641,179.625628680,-0.002442360,-2.769229889,1,-2.865206957,-164.164266060,-0.002442360,2.659828186,1,-0.186732292,-10.698972240,-0.007326126,0.422466278,1,1.346624374,77.155893242,0.012210846,-0.003663063,-0.113542177,-6.505487526,0.000000000,-0.000000000,6.000000000,2.500000000,3.150317430,180.499892894,0.000000000,-2.784898281,2.000000000,0.500000000,-2.867877245,-164.317262297,0.000000000,2.679786205,1.000000000,0.500000000,-0.187495232,-10.742685451,0.000000000,0.430281579,0.500000000,0.200000003,1.346624374,77.155893242,0.000000000,0.000199606,0.000000000,0.100000001
2026-07-05 12:20:07.004,1783225207.004518509,42.011191307,1,1,41.864981587,1,0.005755908,5,1,0.000636454,5,1,0,1,0,0,1,1,1,0,1,0,-1.000000000,0.000000000,0.000000000,0.000000000,0,-1.000000000,0,0,0,,0,-1.000000000,,0,0,0.000000000,0.000000000,0,-1.000000000,0,,0,-1.000000000,,0,-1.000000000,0,,1,-0.113542177,-6.505487526,-0.007326126,-0.026862144,1,3.135058641,179.625628680,-0.002442360,-2.769229889,1,-2.864825487,-164.142409454,-0.002442360,2.659828186,1,-0.186350822,-10.677115635,-0.007326126,0.422466278,1,1.346240997,77.133927354,-0.012210846,-0.003663063,-0.113542177,-6.505487526,0.000000000,-0.000000000,6.000000000,2.500000000,3.150317430,180.499892894,0.000000000,-2.784898281,2.000000000,0.500000000,-2.867877245,-164.317262297,0.000000000,2.679786205,1.000000000,0.500000000,-0.187495232,-10.742685451,0.000000000,0.430281579,0.500000000,0.200000003,1.346624374,77.155893242,0.000000000,0.000199606,0.000000000,0.100000001
2026-07-05 12:20:08.004,1783225208.004464626,43.011137563,1,1,42.864927843,1,0.004816717,5,1,0.001141095,5,1,0,1,0,0,1,1,1,0,1,0,-1.000000000,0.000000000,0.000000000,0.000000000,0,-1.000000000,0,0,0,,0,-1.000000000,,0,0,0.000000000,0.000000000,0,-1.000000000,0,,0,-1.000000000,,0,-1.000000000,0,,1,-0.113542177,-6.505487526,-0.007326126,-0.026862144,1,3.135058641,179.625628680,-0.002442360,-2.782905579,1,-2.865206957,-164.164266060,-0.002442360,2.659828186,1,-0.186732292,-10.698972240,-0.021978378,0.422466278,1,1.346240997,77.133927354,-0.036628723,-0.003663063,-0.113542177,-6.505487526,0.000000000,-0.000000000,6.000000000,2.500000000,3.150317430,180.499892894,0.000000000,-2.784898281,2.000000000,0.500000000,-2.867877245,-164.317262297,0.000000000,2.679786205,1.000000000,0.500000000,-0.187495232,-10.742685451,0.000000000,0.430281579,0.500000000,0.200000003,1.346624374,77.155893242,0.000000000,0.000199606,0.000000000,0.100000001
2026-07-05 12:20:09.004,1783225209.004392862,44.011065929,1,1,43.864856209,1,0.005512459,5,1,0.001203768,5,1,0,1,0,0,1,1,1,0,1,0,-1.000000000,0.000000000,0.000000000,0.000000000,0,-1.000000000,0,0,0,,0,-1.000000000,,0,0,0.000000000,0.000000000,0,-1.000000000,0,,0,-1.000000000,,0,-1.000000000,0,,1,-0.113160707,-6.483630921,0.007326126,-0.021978378,1,3.135058641,179.625628680,-0.002442360,-2.782905579,1,-2.865206957,-164.164266060,-0.002442360,2.659828186,1,-0.186732292,-10.698972240,-0.007326126,0.422466278,1,1.346240997,77.133927354,-0.036628723,-0.003663063,-0.113542177,-6.505487526,0.000000000,-0.000000000,6.000000000,2.500000000,3.150317430,180.499892894,0.000000000,-2.784898281,2.000000000,0.500000000,-2.867877245,-164.317262297,0.000000000,2.679786205,1.000000000,0.500000000,-0.187495232,-10.742685451,0.000000000,0.430281579,0.500000000,0.200000003,1.346624374,77.155893242,0.000000000,0.000199606,0.000000000,0.100000001
2026-07-05 12:20:10.004,1783225210.004433393,45.011106309,1,1,44.864896589,1,0.005324100,5,1,0.000954730,5,1,0,1,0,0,1,1,1,0,1,0,-1.000000000,0.000000000,0.000000000,0.000000000,0,-1.000000000,0,0,0,,0,-1.000000000,,0,0,0.000000000,0.000000000,0,-1.000000000,0,,0,-1.000000000,,0,-1.000000000,0,,1,-0.113542177,-6.505487526,-0.007326126,-0.026862144,1,3.135058641,179.625628680,-0.002442360,-2.769229889,1,-2.864825487,-164.142409454,-0.002442360,2.659828186,1,-0.186732292,-10.698972240,-0.007326126,0.422466278,1,1.346240997,77.133927354,-0.012210846,-0.003663063,-0.113542177,-6.505487526,0.000000000,-0.000000000,6.000000000,2.500000000,3.150317430,180.499892894,0.000000000,-2.784898281,2.000000000,0.500000000,-2.867877245,-164.317262297,0.000000000,2.679786205,1.000000000,0.500000000,-0.187495232,-10.742685451,0.000000000,0.430281579,0.500000000,0.200000003,1.346624374,77.155893242,0.000000000,0.000199606,0.000000000,0.100000001
2026-07-05 12:20:11.004,1783225211.004485846,46.011158865,1,1,45.864949145,1,0.005650993,5,1,0.001275257,5,1,0,1,0,0,1,1,1,0,1,0,-1.000000000,0.000000000,0.000000000,0.000000000,0,-1.000000000,0,0,0,,0,-1.000000000,,0,0,0.000000000,0.000000000,0,-1.000000000,0,,0,-1.000000000,,0,-1.000000000,0,,1,-0.113160707,-6.483630921,-0.007326126,-0.026862144,1,3.135058641,179.625628680,-0.002442360,-2.769229889,1,-2.864825487,-164.142409454,-0.002442360,2.659828186,1,-0.186732292,-10.698972240,-0.007326126,0.422466278,1,1.346240997,77.133927354,-0.012210846,-0.003663063,-0.113542177,-6.505487526,0.000000000,-0.000000000,6.000000000,2.500000000,3.150317430,180.499892894,0.000000000,-2.784898281,2.000000000,0.500000000,-2.867877245,-164.317262297,0.000000000,2.679786205,1.000000000,0.500000000,-0.187495232,-10.742685451,0.000000000,0.430281579,0.500000000,0.200000003,1.346624374,77.155893242,0.000000000,0.000199606,0.000000000,0.100000001
2026-07-05 12:20:12.005,1783225212.004821301,47.011494200,1,1,46.865284480,1,0.005482806,5,1,0.001565133,5,1,0,1,0,0,1,1,1,0,1,0,-1.000000000,0.000000000,0.000000000,0.000000000,0,-1.000000000,0,0,0,,0,-1.000000000,,0,0,0.000000000,0.000000000,0,-1.000000000,0,,0,-1.000000000,,0,-1.000000000,0,,1,-0.113542177,-6.505487526,-0.007326126,-0.026862144,1,3.135058641,179.625628680,-0.007326126,-2.769229889,1,-2.865206957,-164.164266060,-0.002442360,2.659828186,1,-0.186732292,-10.698972240,0.007326126,0.422466278,1,1.346624374,77.155893242,-0.012210846,-0.003663063,-0.113542177,-6.505487526,0.000000000,-0.000000000,6.000000000,2.500000000,3.150317430,180.499892894,0.000000000,-2.784898281,2.000000000,0.500000000,-2.867877245,-164.317262297,0.000000000,2.679786205,1.000000000,0.500000000,-0.187495232,-10.742685451,0.000000000,0.430281579,0.500000000,0.200000003,1.346624374,77.155893242,0.000000000,0.000199606,0.000000000,0.100000001
2026-07-05 12:20:13.004,1783225213.004522324,48.011195191,1,1,47.864985471,1,0.005287059,5,1,0.001183666,5,1,0,1,0,0,1,1,1,0,1,0,-1.000000000,0.000000000,0.000000000,0.000000000,0,-1.000000000,0,0,0,,0,-1.000000000,,0,0,0.000000000,0.000000000,0,-1.000000000,0,,0,-1.000000000,,0,-1.000000000,0,,1,-0.113542177,-6.505487526,0.007326126,-0.021978378,1,3.135058641,179.625628680,-0.002442360,-2.769229889,1,-2.865206957,-164.164266060,0.002442360,2.659828186,1,-0.186350822,-10.677115635,-0.007326126,0.422466278,1,1.346240997,77.133927354,-0.012210846,-0.003663063,-0.113542177,-6.505487526,0.000000000,-0.000000000,6.000000000,2.500000000,3.150317430,180.499892894,0.000000000,-2.784898281,2.000000000,0.500000000,-2.867877245,-164.317262297,0.000000000,2.679786205,1.000000000,0.500000000,-0.187495232,-10.742685451,0.000000000,0.430281579,0.500000000,0.200000003,1.346624374,77.155893242,0.000000000,0.000199606,0.000000000,0.100000001
2026-07-05 12:20:14.004,1783225214.004441738,49.011114733,1,1,48.864905013,1,0.005193440,5,1,0.001138253,5,1,0,1,0,0,1,1,1,0,1,0,-1.000000000,0.000000000,0.000000000,0.000000000,0,-1.000000000,0,0,0,,0,-1.000000000,,0,0,0.000000000,0.000000000,0,-1.000000000,0,,0,-1.000000000,,0,-1.000000000,0,,1,-0.113542177,-6.505487526,-0.007326126,-0.026862144,1,3.135058641,179.625628680,-0.002442360,-2.769229889,1,-2.865206957,-164.164266060,-0.002442360,2.659828186,1,-0.186732292,-10.698972240,-0.007326126,0.422466278,1,1.346240997,77.133927354,-0.036628723,-0.003663063,-0.113542177,-6.505487526,0.000000000,-0.000000000,6.000000000,2.500000000,3.150317430,180.499892894,0.000000000,-2.784898281,2.000000000,0.500000000,-2.867877245,-164.317262297,0.000000000,2.679786205,1.000000000,0.500000000,-0.187495232,-10.742685451,0.000000000,0.430281579,0.500000000,0.200000003,1.346624374,77.155893242,0.000000000,0.000199606,0.000000000,0.100000001
2026-07-05 12:20:15.004,1783225215.004425287,50.011098160,1,1,49.864888440,1,0.003283729,5,1,0.001152114,5,1,0,1,0,0,1,1,1,0,1,0,-1.000000000,0.000000000,0.000000000,0.000000000,0,-1.000000000,0,0,0,,0,-1.000000000,,0,0,0.000000000,0.000000000,0,-1.000000000,0,,0,-1.000000000,,0,-1.000000000,0,,1,-0.113542177,-6.505487526,-0.007326126,-0.021978378,1,3.135058641,179.625628680,-0.002442360,-2.769229889,1,-2.865206957,-164.164266060,-0.007326126,2.659828186,1,-0.186732292,-10.698972240,-0.007326126,0.422466278,1,1.346240997,77.133927354,-0.012210846,-0.003663063,-0.113542177,-6.505487526,0.000000000,-0.000000000,6.000000000,2.500000000,3.150317430,180.499892894,0.000000000,-2.784898281,2.000000000,0.500000000,-2.867877245,-164.317262297,0.000000000,2.679786205,1.000000000,0.500000000,-0.187495232,-10.742685451,0.000000000,0.430281579,0.500000000,0.200000003,1.346624374,77.155893242,0.000000000,0.000199606,0.000000000,0.100000001
2026-07-05 12:20:16.005,1783225216.004827023,51.011500126,1,1,50.865290406,1,0.005345298,5,1,0.001439632,5,1,0,1,0,0,1,1,1,0,1,0,-1.000000000,0.000000000,0.000000000,0.000000000,0,-1.000000000,0,0,0,,0,-1.000000000,,0,0,0.000000000,0.000000000,0,-1.000000000,0,,0,-1.000000000,,0,-1.000000000,0,,1,-0.113542177,-6.505487526,-0.021978378,-0.026862144,1,3.135058641,179.625628680,-0.007326126,-2.769229889,1,-2.865206957,-164.164266060,-0.002442360,2.659828186,1,-0.186732292,-10.698972240,-0.007326126,0.422466278,1,1.346240997,77.133927354,0.012210846,-0.003663063,-0.113542177,-6.505487526,0.000000000,-0.000000000,6.000000000,2.500000000,3.150317430,180.499892894,0.000000000,-2.784898281,2.000000000,0.500000000,-2.867877245,-164.317262297,0.000000000,2.679786205,1.000000000,0.500000000,-0.187495232,-10.742685451,0.000000000,0.430281579,0.500000000,0.200000003,1.346624374,77.155893242,0.000000000,0.000199606,0.000000000,0.100000001
2026-07-05 12:20:17.004,1783225217.004486322,52.011159302,1,1,51.864949582,1,0.005592331,5,1,0.000936951,5,1,0,1,0,0,1,1,1,0,1,0,-1.000000000,0.000000000,0.000000000,0.000000000,0,-1.000000000,0,0,0,,0,-1.000000000,,0,0,0.000000000,0.000000000,0,-1.000000000,0,,0,-1.000000000,,0,-1.000000000,0,,1,-0.113160707,-6.483630921,0.007326126,-0.026862144,1,3.135058641,179.625628680,-0.002442360,-2.769229889,1,-2.865206957,-164.164266060,-0.002442360,2.659828186,1,-0.186732292,-10.698972240,-0.007326126,0.422466278,1,1.346624374,77.155893242,0.012210846,-0.003663063,-0.113542177,-6.505487526,0.000000000,-0.000000000,6.000000000,2.500000000,3.150317430,180.499892894,0.000000000,-2.784898281,2.000000000,0.500000000,-2.867877245,-164.317262297,0.000000000,2.679786205,1.000000000,0.500000000,-0.187495232,-10.742685451,0.000000000,0.430281579,0.500000000,0.200000003,1.346624374,77.155893242,0.000000000,0.000199606,0.000000000,0.100000001
2026-07-05 12:20:18.004,1783225218.004440308,53.011113289,1,1,52.864903569,1,0.005151265,5,1,0.001053694,5,1,0,1,0,0,1,1,1,0,1,0,-1.000000000,0.000000000,0.000000000,0.000000000,0,-1.000000000,0,0,0,,0,-1.000000000,,0,0,0.000000000,0.000000000,0,-1.000000000,0,,0,-1.000000000,,0,-1.000000000,0,,1,-0.113542177,-6.505487526,0.007326126,-0.026862144,1,3.135058641,179.625628680,-0.007326126,-2.782905579,1,-2.865206957,-164.164266060,-0.002442360,2.659828186,1,-0.186732292,-10.698972240,-0.007326126,0.422466278,1,1.346240997,77.133927354,-0.012210846,-0.003663063,-0.113542177,-6.505487526,0.000000000,-0.000000000,6.000000000,2.500000000,3.150317430,180.499892894,0.000000000,-2.784898281,2.000000000,0.500000000,-2.867877245,-164.317262297,0.000000000,2.679786205,1.000000000,0.500000000,-0.187495232,-10.742685451,0.000000000,0.430281579,0.500000000,0.200000003,1.346624374,77.155893242,0.000000000,0.000199606,0.000000000,0.100000001
2026-07-05 12:20:19.004,1783225219.004417181,54.011090171,1,1,53.864880451,1,0.005671157,5,1,0.001112819,5,1,0,1,0,0,1,1,1,0,1,0,-1.000000000,0.000000000,0.000000000,0.000000000,0,-1.000000000,0,0,0,,0,-1.000000000,,0,0,0.000000000,0.000000000,0,-1.000000000,0,,0,-1.000000000,,0,-1.000000000,0,,1,-0.113160707,-6.483630921,-0.007326126,-0.026862144,1,3.135058641,179.625628680,-0.002442360,-2.769229889,1,-2.865206957,-164.164266060,-0.002442360,2.659828186,1,-0.186350822,-10.677115635,-0.021978378,0.422466278,1,1.346624374,77.155893242,-0.012210846,-0.003663063,-0.113542177,-6.505487526,0.000000000,-0.000000000,6.000000000,2.500000000,3.150317430,180.499892894,0.000000000,-2.784898281,2.000000000,0.500000000,-2.867877245,-164.317262297,0.000000000,2.679786205,1.000000000,0.500000000,-0.187495232,-10.742685451,0.000000000,0.430281579,0.500000000,0.200000003,1.346624374,77.155893242,0.000000000,0.000199606,0.000000000,0.100000001
2026-07-05 12:20:20.004,1783225220.004475594,55.011148645,1,1,54.864938925,1,0.004610520,5,1,0.000975346,5,1,0,1,0,0,1,1,1,0,1,0,-1.000000000,0.000000000,0.000000000,0.000000000,0,-1.000000000,0,0,0,,0,-1.000000000,,0,0,0.000000000,0.000000000,0,-1.000000000,0,,0,-1.000000000,,0,-1.000000000,0,,1,-0.113160707,-6.483630921,-0.007326126,-0.021978378,1,3.135058641,179.625628680,-0.002442360,-2.769229889,1,-2.865206957,-164.164266060,-0.002442360,2.659828186,1,-0.186350822,-10.677115635,-0.007326126,0.422466278,1,1.346240997,77.133927354,-0.012210846,-0.003663063,-0.113542177,-6.505487526,0.000000000,-0.000000000,6.000000000,2.500000000,3.150317430,180.499892894,0.000000000,-2.784898281,2.000000000,0.500000000,-2.867877245,-164.317262297,0.000000000,2.679786205,1.000000000,0.500000000,-0.187495232,-10.742685451,0.000000000,0.430281579,0.500000000,0.200000003,1.346624374,77.155893242,0.000000000,0.000199606,0.000000000,0.100000001
2026-07-05 12:20:21.005,1783225221.004674196,56.011347247,1,1,55.865137527,1,0.005344617,5,1,0.000912882,5,1,0,1,0,0,1,1,1,0,1,0,-1.000000000,0.000000000,0.000000000,0.000000000,0,-1.000000000,0,0,0,,0,-1.000000000,,0,0,0.000000000,0.000000000,0,-1.000000000,0,,0,-1.000000000,,0,-1.000000000,0,,1,-0.113542177,-6.505487526,-0.007326126,-0.026862144,1,3.135058641,179.625628680,-0.002442360,-2.769229889,1,-2.865206957,-164.164266060,-0.002442360,2.659828186,1,-0.186350822,-10.677115635,-0.007326126,0.422466278,1,1.346240997,77.133927354,-0.012210846,-0.003663063,-0.113542177,-6.505487526,0.000000000,-0.000000000,6.000000000,2.500000000,3.150317430,180.499892894,0.000000000,-2.784898281,2.000000000,0.500000000,-2.867877245,-164.317262297,0.000000000,2.679786205,1.000000000,0.500000000,-0.187495232,-10.742685451,0.000000000,0.430281579,0.500000000,0.200000003,1.346624374,77.155893242,0.000000000,0.000199606,0.000000000,0.100000001
2026-07-05 12:20:22.004,1783225222.004455566,57.011128547,1,1,56.864918827,1,0.005660498,5,1,0.001266900,5,1,0,1,0,0,1,1,1,0,1,0,-1.000000000,0.000000000,0.000000000,0.000000000,0,-1.000000000,0,0,0,,0,-1.000000000,,0,0,0.000000000,0.000000000,0,-1.000000000,0,,0,-1.000000000,,0,-1.000000000,0,,1,-0.113542177,-6.505487526,-0.007326126,-0.021978378,1,3.135058641,179.625628680,-0.002442360,-2.769229889,1,-2.864825487,-164.142409454,0.002442360,2.659828186,1,-0.186350822,-10.677115635,-0.021978378,0.422466278,1,1.346624374,77.155893242,-0.012210846,-0.003663063,-0.113542177,-6.505487526,0.000000000,-0.000000000,6.000000000,2.500000000,3.150317430,180.499892894,0.000000000,-2.784898281,2.000000000,0.500000000,-2.867877245,-164.317262297,0.000000000,2.679786205,1.000000000,0.500000000,-0.187495232,-10.742685451,0.000000000,0.430281579,0.500000000,0.200000003,1.346624374,77.155893242,0.000000000,0.000199606,0.000000000,0.100000001
2026-07-05 12:20:23.004,1783225223.004447937,58.011121039,1,1,57.864911319,1,0.004695962,5,1,0.000974642,5,1,0,1,0,0,1,1,1,0,1,0,-1.000000000,0.000000000,0.000000000,0.000000000,0,-1.000000000,0,0,0,,0,-1.000000000,,0,0,0.000000000,0.000000000,0,-1.000000000,0,,0,-1.000000000,,0,-1.000000000,0,,1,-0.113542177,-6.505487526,-0.007326126,-0.026862144,1,3.135058641,179.625628680,-0.002442360,-2.782905579,1,-2.865206957,-164.164266060,-0.002442360,2.659828186,1,-0.186350822,-10.677115635,-0.021978378,0.422466278,1,1.346240997,77.133927354,0.012210846,-0.003663063,-0.113542177,-6.505487526,0.000000000,-0.000000000,6.000000000,2.500000000,3.150317430,180.499892894,0.000000000,-2.784898281,2.000000000,0.500000000,-2.867877245,-164.317262297,0.000000000,2.679786205,1.000000000,0.500000000,-0.187495232,-10.742685451,0.000000000,0.430281579,0.500000000,0.200000003,1.346624374,77.155893242,0.000000000,0.000199606,0.000000000,0.100000001
2026-07-05 12:20:24.004,1783225224.004446268,59.011119210,1,1,58.864909490,1,0.004860597,5,1,0.001076692,5,1,0,1,0,0,1,1,1,0,1,0,-1.000000000,0.000000000,0.000000000,0.000000000,0,-1.000000000,0,0,0,,0,-1.000000000,,0,0,0.000000000,0.000000000,0,-1.000000000,0,,0,-1.000000000,,0,-1.000000000,0,,1,-0.113160707,-6.483630921,-0.007326126,-0.026862144,1,3.135058641,179.625628680,-0.002442360,-2.769229889,1,-2.865206957,-164.164266060,-0.002442360,2.659828186,1,-0.186350822,-10.677115635,-0.021978378,0.422466278,1,1.346624374,77.155893242,-0.012210846,-0.003663063,-0.113542177,-6.505487526,0.000000000,-0.000000000,6.000000000,2.500000000,3.150317430,180.499892894,0.000000000,-2.784898281,2.000000000,0.500000000,-2.867877245,-164.317262297,0.000000000,2.679786205,1.000000000,0.500000000,-0.187495232,-10.742685451,0.000000000,0.430281579,0.500000000,0.200000003,1.346624374,77.155893242,0.000000000,0.000199606,0.000000000,0.100000001
2026-07-05 12:20:25.004,1783225225.004468918,60.011141954,1,1,59.864932234,1,0.004495371,5,1,0.000620518,5,1,0,1,0,0,1,1,1,0,1,0,-1.000000000,0.000000000,0.000000000,0.000000000,0,-1.000000000,0,0,0,,0,-1.000000000,,0,0,0.000000000,0.000000000,0,-1.000000000,0,,0,-1.000000000,,0,-1.000000000,0,,1,-0.113160707,-6.483630921,-0.007326126,-0.026862144,1,3.135058641,179.625628680,-0.002442360,-2.782905579,1,-2.864825487,-164.142409454,-0.002442360,2.659828186,1,-0.186350822,-10.677115635,-0.007326126,0.422466278,1,1.346240997,77.133927354,-0.012210846,-0.003663063,-0.113542177,-6.505487526,0.000000000,-0.000000000,6.000000000,2.500000000,3.150317430,180.499892894,0.000000000,-2.784898281,2.000000000,0.500000000,-2.867877245,-164.317262297,0.000000000,2.679786205,1.000000000,0.500000000,-0.187495232,-10.742685451,0.000000000,0.430281579,0.500000000,0.200000003,1.346624374,77.155893242,0.000000000,0.000199606,0.000000000,0.100000001
2026-07-05 12:20:26.005,1783225226.004817486,61.011490391,1,1,60.865280671,1,0.005783376,5,1,0.001619422,5,1,0,1,0,0,1,1,1,0,1,0,-1.000000000,0.000000000,0.000000000,0.000000000,0,-1.000000000,0,0,0,,0,-1.000000000,,0,0,0.000000000,0.000000000,0,-1.000000000,0,,0,-1.000000000,,0,-1.000000000,0,,1,-0.113160707,-6.483630921,-0.007326126,-0.026862144,1,3.135058641,179.625628680,0.002442360,-2.782905579,1,-2.864825487,-164.142409454,0.002442360,2.659828186,1,-0.186350822,-10.677115635,-0.007326126,0.422466278,1,1.346240997,77.133927354,0.012210846,-0.003663063,-0.113542177,-6.505487526,0.000000000,-0.000000000,6.000000000,2.500000000,3.150317430,180.499892894,0.000000000,-2.784898281,2.000000000,0.500000000,-2.867877245,-164.317262297,0.000000000,2.679786205,1.000000000,0.500000000,-0.187495232,-10.742685451,0.000000000,0.430281579,0.500000000,0.200000003,1.346624374,77.155893242,0.000000000,0.000199606,0.000000000,0.100000001
2026-07-05 12:20:27.004,1783225227.004539728,62.011212639,1,1,61.865002919,1,0.005124058,5,1,0.000956097,5,1,0,1,0,0,1,1,1,0,1,0,-1.000000000,0.000000000,0.000000000,0.000000000,0,-1.000000000,0,0,0,,0,-1.000000000,,0,0,0.000000000,0.000000000,0,-1.000000000,0,,0,-1.000000000,,0,-1.000000000,0,,1,-0.113160707,-6.483630921,-0.007326126,-0.026862144,1,3.135058641,179.625628680,0.002442360,-2.769229889,1,-2.864825487,-164.142409454,-0.002442360,2.659828186,1,-0.186350822,-10.677115635,0.007326126,0.422466278,1,1.346240997,77.133927354,-0.012210846,-0.003663063,-0.113542177,-6.505487526,0.000000000,-0.000000000,6.000000000,2.500000000,3.150317430,180.499892894,0.000000000,-2.784898281,2.000000000,0.500000000,-2.867877245,-164.317262297,0.000000000,2.679786205,1.000000000,0.500000000,-0.187495232,-10.742685451,0.000000000,0.430281579,0.500000000,0.200000003,1.346624374,77.155893242,0.000000000,0.000199606,0.000000000,0.100000001
2026-07-05 12:20:28.004,1783225228.004446983,63.011119795,1,1,62.864910075,1,0.004549862,5,1,0.000608728,5,1,0,1,0,0,1,1,1,0,1,0,-1.000000000,0.000000000,0.000000000,0.000000000,0,-1.000000000,0,0,0,,0,-1.000000000,,0,0,0.000000000,0.000000000,0,-1.000000000,0,,0,-1.000000000,,0,-1.000000000,0,,1,-0.113160707,-6.483630921,-0.021978378,-0.021978378,1,3.135058641,179.625628680,-0.002442360,-2.769229889,1,-2.865206957,-164.164266060,-0.002442360,2.673503876,1,-0.186350822,-10.677115635,-0.021978378,0.422466278,1,1.346624374,77.155893242,0.012210846,-0.003663063,-0.113542177,-6.505487526,0.000000000,-0.000000000,6.000000000,2.500000000,3.150317430,180.499892894,0.000000000,-2.784898281,2.000000000,0.500000000,-2.867877245,-164.317262297,0.000000000,2.679786205,1.000000000,0.500000000,-0.187495232,-10.742685451,0.000000000,0.430281579,0.500000000,0.200000003,1.346624374,77.155893242,0.000000000,0.000199606,0.000000000,0.100000001
2026-07-05 12:20:29.004,1783225229.004441023,64.011113929,1,1,63.864904209,1,0.003711156,5,1,0.000786202,5,1,0,1,0,0,1,1,1,0,1,0,-1.000000000,0.000000000,0.000000000,0.000000000,0,-1.000000000,0,0,0,,0,-1.000000000,,0,0,0.000000000,0.000000000,0,-1.000000000,0,,0,-1.000000000,,0,-1.000000000,0,,1,-0.113542177,-6.505487526,-0.007326126,-0.026862144,1,3.135058641,179.625628680,-0.002442360,-2.782905579,1,-2.865206957,-164.164266060,-0.002442360,2.673503876,1,-0.186350822,-10.677115635,0.007326126,0.422466278,1,1.346240997,77.133927354,-0.012210846,-0.003663063,-0.113542177,-6.505487526,0.000000000,-0.000000000,6.000000000,2.500000000,3.150317430,180.499892894,0.000000000,-2.784898281,2.000000000,0.500000000,-2.867877245,-164.317262297,0.000000000,2.679786205,1.000000000,0.500000000,-0.187495232,-10.742685451,0.000000000,0.430281579,0.500000000,0.200000003,1.346624374,77.155893242,0.000000000,0.000199606,0.000000000,0.100000001
2026-07-05 12:20:30.004,1783225230.004427433,65.011100511,1,1,64.864890791,1,0.005404118,5,1,0.000502679,5,1,0,1,0,0,1,1,1,0,1,0,-1.000000000,0.000000000,0.000000000,0.000000000,0,-1.000000000,0,0,0,,0,-1.000000000,,0,0,0.000000000,0.000000000,0,-1.000000000,0,,0,-1.000000000,,0,-1.000000000,0,,1,-0.113542177,-6.505487526,-0.021978378,-0.021978378,1,3.135058641,179.625628680,-0.002442360,-2.782905579,1,-2.864825487,-164.142409454,-0.002442360,2.659828186,1,-0.186350822,-10.677115635,-0.021978378,0.422466278,1,1.346240997,77.133927354,-0.012210846,-0.003663063,-0.113542177,-6.505487526,0.000000000,-0.000000000,6.000000000,2.500000000,3.150317430,180.499892894,0.000000000,-2.784898281,2.000000000,0.500000000,-2.867877245,-164.317262297,0.000000000,2.679786205,1.000000000,0.500000000,-0.187495232,-10.742685451,0.000000000,0.430281579,0.500000000,0.200000003,1.346624374,77.155893242,0.000000000,0.000199606,0.000000000,0.100000001
2026-07-05 12:20:31.004,1783225231.004447937,66.011120998,1,1,65.864911278,1,0.005829418,5,1,0.000559905,5,1,0,1,0,0,1,1,1,0,1,0,-1.000000000,0.000000000,0.000000000,0.000000000,0,-1.000000000,0,0,0,,0,-1.000000000,,0,0,0.000000000,0.000000000,0,-1.000000000,0,,0,-1.000000000,,0,-1.000000000,0,,1,-0.113160707,-6.483630921,-0.007326126,-0.026862144,1,3.135058641,179.625628680,-0.002442360,-2.769229889,1,-2.864825487,-164.142409454,-0.002442360,2.659828186,1,-0.186350822,-10.677115635,-0.007326126,0.422466278,1,1.346624374,77.155893242,-0.012210846,-0.003663063,-0.113542177,-6.505487526,0.000000000,-0.000000000,6.000000000,2.500000000,3.150317430,180.499892894,0.000000000,-2.784898281,2.000000000,0.500000000,-2.867877245,-164.317262297,0.000000000,2.679786205,1.000000000,0.500000000,-0.187495232,-10.742685451,0.000000000,0.430281579,0.500000000,0.200000003,1.346624374,77.155893242,0.000000000,0.000199606,0.000000000,0.100000001
2026-07-05 12:20:32.004,1783225232.004384995,67.011058070,1,1,66.864848350,1,0.005377706,5,1,0.001278717,5,1,0,1,0,0,1,1,1,0,1,0,-1.000000000,0.000000000,0.000000000,0.000000000,0,-1.000000000,0,0,0,,0,-1.000000000,,0,0,0.000000000,0.000000000,0,-1.000000000,0,,0,-1.000000000,,0,-1.000000000,0,,1,-0.113160707,-6.483630921,0.007326126,-0.021978378,1,3.135058641,179.625628680,-0.007326126,-2.769229889,1,-2.865206957,-164.164266060,-0.007326126,2.659828186,1,-0.186350822,-10.677115635,-0.007326126,0.422466278,1,1.346240997,77.133927354,-0.012210846,-0.003663063,-0.113542177,-6.505487526,0.000000000,-0.000000000,6.000000000,2.500000000,3.150317430,180.499892894,0.000000000,-2.784898281,2.000000000,0.500000000,-2.867877245,-164.317262297,0.000000000,2.679786205,1.000000000,0.500000000,-0.187495232,-10.742685451,0.000000000,0.430281579,0.500000000,0.200000003,1.346624374,77.155893242,0.000000000,0.000199606,0.000000000,0.100000001
2026-07-05 12:20:33.004,1783225233.004397869,68.011070655,1,1,67.864860935,1,0.005302367,5,1,0.001223374,5,1,0,1,0,0,1,1,1,0,1,0,-1.000000000,0.000000000,0.000000000,0.000000000,0,-1.000000000,0,0,0,,0,-1.000000000,,0,0,0.000000000,0.000000000,0,-1.000000000,0,,0,-1.000000000,,0,-1.000000000,0,,1,-0.113542177,-6.505487526,-0.007326126,-0.021978378,1,3.135058641,179.625628680,-0.002442360,-2.782905579,1,-2.865206957,-164.164266060,-0.002442360,2.659828186,1,-0.186350822,-10.677115635,-0.007326126,0.422466278,1,1.346240997,77.133927354,0.012210846,-0.003663063,-0.113542177,-6.505487526,0.000000000,-0.000000000,6.000000000,2.500000000,3.150317430,180.499892894,0.000000000,-2.784898281,2.000000000,0.500000000,-2.867877245,-164.317262297,0.000000000,2.679786205,1.000000000,0.500000000,-0.187495232,-10.742685451,0.000000000,0.430281579,0.500000000,0.200000003,1.346624374,77.155893242,0.000000000,0.000199606,0.000000000,0.100000001
2026-07-05 12:20:34.004,1783225234.004397869,69.011070790,1,1,68.864861070,1,0.005620766,5,1,0.000943543,5,1,0,1,0,0,1,1,1,0,1,0,-1.000000000,0.000000000,0.000000000,0.000000000,0,-1.000000000,0,0,0,,0,-1.000000000,,0,0,0.000000000,0.000000000,0,-1.000000000,0,,0,-1.000000000,,0,-1.000000000,0,,1,-0.113160707,-6.483630921,-0.021978378,-0.026862144,1,3.135058641,179.625628680,0.002442360,-2.782905579,1,-2.864825487,-164.142409454,-0.002442360,2.673503876,1,-0.186350822,-10.677115635,-0.007326126,0.422466278,1,1.346240997,77.133927354,-0.036628723,-0.003663063,-0.113542177,-6.505487526,0.000000000,-0.000000000,6.000000000,2.500000000,3.150317430,180.499892894,0.000000000,-2.784898281,2.000000000,0.500000000,-2.867877245,-164.317262297,0.000000000,2.679786205,1.000000000,0.500000000,-0.187495232,-10.742685451,0.000000000,0.430281579,0.500000000,0.200000003,1.346624374,77.155893242,0.000000000,0.000199606,0.000000000,0.100000001
2026-07-05 12:20:35.004,1783225235.004392862,70.011065967,1,1,69.864856247,1,0.005006265,5,1,0.001225182,5,1,0,1,0,0,1,1,1,0,1,0,-1.000000000,0.000000000,0.000000000,0.000000000,0,-1.000000000,0,0,0,,0,-1.000000000,,0,0,0.000000000,0.000000000,0,-1.000000000,0,,0,-1.000000000,,0,-1.000000000,0,,1,-0.113160707,-6.483630921,-0.007326126,-0.026862144,1,3.135058641,179.625628680,-0.002442360,-2.782905579,1,-2.865206957,-164.164266060,-0.002442360,2.659828186,1,-0.186350822,-10.677115635,-0.021978378,0.422466278,1,1.346240997,77.133927354,-0.012210846,-0.003663063,-0.113542177,-6.505487526,0.000000000,-0.000000000,6.000000000,2.500000000,3.150317430,180.499892894,0.000000000,-2.784898281,2.000000000,0.500000000,-2.867877245,-164.317262297,0.000000000,2.679786205,1.000000000,0.500000000,-0.187495232,-10.742685451,0.000000000,0.430281579,0.500000000,0.200000003,1.346624374,77.155893242,0.000000000,0.000199606,0.000000000,0.100000001
2026-07-05 12:20:36.004,1783225236.004392385,71.011065424,1,1,70.864855704,1,0.005056672,5,1,0.001120125,5,1,0,1,0,0,1,1,1,0,1,0,-1.000000000,0.000000000,0.000000000,0.000000000,0,-1.000000000,0,0,0,,0,-1.000000000,,0,0,0.000000000,0.000000000,0,-1.000000000,0,,0,-1.000000000,,0,-1.000000000,0,,1,-0.113160707,-6.483630921,-0.007326126,-0.021978378,1,3.135058641,179.625628680,-0.002442360,-2.782905579,1,-2.865206957,-164.164266060,-0.002442360,2.659828186,1,-0.186350822,-10.677115635,-0.021978378,0.422466278,1,1.346240997,77.133927354,-0.012210846,-0.003663063,-0.113542177,-6.505487526,0.000000000,-0.000000000,6.000000000,2.500000000,3.150317430,180.499892894,0.000000000,-2.784898281,2.000000000,0.500000000,-2.867877245,-164.317262297,0.000000000,2.679786205,1.000000000,0.500000000,-0.187495232,-10.742685451,0.000000000,0.430281579,0.500000000,0.200000003,1.346624374,77.155893242,0.000000000,0.000199606,0.000000000,0.100000001
2026-07-05 12:20:37.005,1783225237.004728794,72.011401779,1,1,71.865192059,1,0.004368074,5,1,0.001182187,5,1,0,1,0,0,1,1,1,0,1,0,-1.000000000,0.000000000,0.000000000,0.000000000,0,-1.000000000,0,0,0,,0,-1.000000000,,0,0,0.000000000,0.000000000,0,-1.000000000,0,,0,-1.000000000,,0,-1.000000000,0,,1,-0.113160707,-6.483630921,-0.007326126,-0.026862144,1,3.135058641,179.625628680,0.002442360,-2.769229889,1,-2.864825487,-164.142409454,-0.007326126,2.659828186,1,-0.186350822,-10.677115635,-0.007326126,0.422466278,1,1.346240997,77.133927354,0.012210846,-0.003663063,-0.113542177,-6.505487526,0.000000000,-0.000000000,6.000000000,2.500000000,3.150317430,180.499892894,0.000000000,-2.784898281,2.000000000,0.500000000,-2.867877245,-164.317262297,0.000000000,2.679786205,1.000000000,0.500000000,-0.187495232,-10.742685451,0.000000000,0.430281579,0.500000000,0.200000003,1.346624374,77.155893242,0.000000000,0.000199606,0.000000000,0.100000001
2026-07-05 12:20:38.004,1783225238.004458189,73.011131292,1,1,72.864921572,1,0.005602903,5,1,0.000763396,5,1,0,1,0,0,1,1,1,0,1,0,-1.000000000,0.000000000,0.000000000,0.000000000,0,-1.000000000,0,0,0,,0,-1.000000000,,0,0,0.000000000,0.000000000,0,-1.000000000,0,,0,-1.000000000,,0,-1.000000000,0,,1,-0.113542177,-6.505487526,-0.021978378,-0.031745911,1,3.135058641,179.625628680,-0.002442360,-2.769229889,1,-2.864825487,-164.142409454,-0.002442360,2.659828186,0,-0.186350822,-10.677115635,-0.007326126,0.422466278,1,1.346624374,77.155893242,-0.012210846,-0.003663063,-0.113542177,-6.505487526,0.000000000,-0.000000000,6.000000000,2.500000000,3.150317430,180.499892894,0.000000000,-2.784898281,2.000000000,0.500000000,-2.867877245,-164.317262297,0.000000000,2.679786205,1.000000000,0.500000000,-0.187495232,-10.742685451,0.000000000,0.430281579,0.500000000,0.200000003,1.346624374,77.155893242,0.000000000,0.000199606,0.000000000,0.100000001
2026-07-05 12:20:39.004,1783225239.004421949,74.011094758,1,1,73.864885038,1,0.005661016,5,1,0.000827554,5,1,0,1,0,0,1,1,1,0,1,0,-1.000000000,0.000000000,0.000000000,0.000000000,0,-1.000000000,0,0,0,,0,-1.000000000,,0,0,0.000000000,0.000000000,0,-1.000000000,0,,0,-1.000000000,,0,-1.000000000,0,,1,-0.113160707,-6.483630921,0.007326126,-0.021978378,1,3.135058641,179.625628680,-0.007326126,-2.782905579,1,-2.864825487,-164.142409454,-0.002442360,2.659828186,1,-0.186350822,-10.677115635,-0.021978378,0.422466278,1,1.346624374,77.155893242,-0.012210846,-0.003663063,-0.113542177,-6.505487526,0.000000000,-0.000000000,6.000000000,2.500000000,3.150317430,180.499892894,0.000000000,-2.784898281,2.000000000,0.500000000,-2.867877245,-164.317262297,0.000000000,2.679786205,1.000000000,0.500000000,-0.187495232,-10.742685451,0.000000000,0.430281579,0.500000000,0.200000003,1.346624374,77.155893242,0.000000000,0.000199606,0.000000000,0.100000001
2026-07-05 12:20:40.004,1783225240.004390717,75.011063643,1,1,74.864853923,1,0.004970986,5,1,0.001202090,5,1,0,1,0,0,1,1,1,0,1,0,-1.000000000,0.000000000,0.000000000,0.000000000,0,-1.000000000,0,0,0,,0,-1.000000000,,0,0,0.000000000,0.000000000,0,-1.000000000,0,,0,-1.000000000,,0,-1.000000000,0,,1,-0.113160707,-6.483630921,-0.007326126,-0.021978378,1,3.135058641,179.625628680,-0.007326126,-2.769229889,1,-2.865206957,-164.164266060,-0.007326126,2.659828186,1,-0.186350822,-10.677115635,-0.007326126,0.422466278,1,1.346624374,77.155893242,-0.012210846,-0.003663063,-0.113542177,-6.505487526,0.000000000,-0.000000000,6.000000000,2.500000000,3.150317430,180.499892894,0.000000000,-2.784898281,2.000000000,0.500000000,-2.867877245,-164.317262297,0.000000000,2.679786205,1.000000000,0.500000000,-0.187495232,-10.742685451,0.000000000,0.430281579,0.500000000,0.200000003,1.346624374,77.155893242,0.000000000,0.000199606,0.000000000,0.100000001
2026-07-05 12:20:41.004,1783225241.004474640,76.011147596,1,1,75.864937876,1,0.004945006,5,1,0.000601830,5,1,0,1,0,0,1,1,1,0,1,0,-1.000000000,0.000000000,0.000000000,0.000000000,0,-1.000000000,0,0,0,,0,-1.000000000,,0,0,0.000000000,0.000000000,0,-1.000000000,0,,0,-1.000000000,,0,-1.000000000,0,,1,-0.113160707,-6.483630921,-0.007326126,-0.026862144,1,3.135058641,179.625628680,-0.002442360,-2.782905579,1,-2.865206957,-164.164266060,-0.007326126,2.673503876,1,-0.186350822,-10.677115635,-0.007326126,0.422466278,1,1.346240997,77.133927354,-0.012210846,-0.003663063,-0.113542177,-6.505487526,0.000000000,-0.000000000,6.000000000,2.500000000,3.150317430,180.499892894,0.000000000,-2.784898281,2.000000000,0.500000000,-2.867877245,-164.317262297,0.000000000,2.679786205,1.000000000,0.500000000,-0.187495232,-10.742685451,0.000000000,0.430281579,0.500000000,0.200000003,1.346624374,77.155893242,0.000000000,0.000199606,0.000000000,0.100000001
2026-07-05 12:20:42.004,1783225242.004658222,77.011331068,1,1,76.865121348,1,0.005837498,5,1,0.001479055,5,1,0,1,0,0,1,1,1,0,1,0,-1.000000000,0.000000000,0.000000000,0.000000000,0,-1.000000000,0,0,0,,0,-1.000000000,,0,0,0.000000000,0.000000000,0,-1.000000000,0,,0,-1.000000000,,0,-1.000000000,0,,1,-0.113542177,-6.505487526,-0.007326126,-0.026862144,1,3.135058641,179.625628680,-0.002442360,-2.782905579,1,-2.865206957,-164.164266060,-0.002442360,2.659828186,1,-0.186350822,-10.677115635,-0.007326126,0.422466278,1,1.346240997,77.133927354,-0.012210846,-0.003663063,-0.113542177,-6.505487526,0.000000000,-0.000000000,6.000000000,2.500000000,3.150317430,180.499892894,0.000000000,-2.784898281,2.000000000,0.500000000,-2.867877245,-164.317262297,0.000000000,2.679786205,1.000000000,0.500000000,-0.187495232,-10.742685451,0.000000000,0.430281579,0.500000000,0.200000003,1.346624374,77.155893242,0.000000000,0.000199606,0.000000000,0.100000001
2026-07-05 12:20:43.004,1783225243.004415512,78.011088438,1,1,77.864878718,1,0.005149263,5,1,0.001224671,5,1,0,1,0,0,1,1,1,0,1,0,-1.000000000,0.000000000,0.000000000,0.000000000,0,-1.000000000,0,0,0,,0,-1.000000000,,0,0,0.000000000,0.000000000,0,-1.000000000,0,,0,-1.000000000,,0,-1.000000000,0,,1,-0.113160707,-6.483630921,-0.007326126,-0.026862144,1,3.135058641,179.625628680,-0.002442360,-2.782905579,1,-2.864825487,-164.142409454,-0.002442360,2.659828186,1,-0.186350822,-10.677115635,0.007326126,0.422466278,1,1.346624374,77.155893242,-0.012210846,-0.003663063,-0.113542177,-6.505487526,0.000000000,-0.000000000,6.000000000,2.500000000,3.150317430,180.499892894,0.000000000,-2.784898281,2.000000000,0.500000000,-2.867877245,-164.317262297,0.000000000,2.679786205,1.000000000,0.500000000,-0.187495232,-10.742685451,0.000000000,0.430281579,0.500000000,0.200000003,1.346624374,77.155893242,0.000000000,0.000199606,0.000000000,0.100000001
2026-07-05 12:20:44.004,1783225244.004377127,79.011049909,1,1,78.864840189,1,0.005459684,5,1,0.001254207,5,1,0,1,0,0,1,1,1,0,1,0,-1.000000000,0.000000000,0.000000000,0.000000000,0,-1.000000000,0,0,0,,0,-1.000000000,,0,0,0.000000000,0.000000000,0,-1.000000000,0,,0,-1.000000000,,0,-1.000000000,0,,1,-0.113160707,-6.483630921,-0.007326126,-0.026862144,1,3.135058641,179.625628680,-0.002442360,-2.782905579,1,-2.865206957,-164.164266060,0.002442360,2.659828186,1,-0.186350822,-10.677115635,-0.007326126,0.422466278,1,1.346240997,77.133927354,0.012210846,-0.003663063,-0.113542177,-6.505487526,0.000000000,-0.000000000,6.000000000,2.500000000,3.150317430,180.499892894,0.000000000,-2.784898281,2.000000000,0.500000000,-2.867877245,-164.317262297,0.000000000,2.679786205,1.000000000,0.500000000,-0.187495232,-10.742685451,0.000000000,0.430281579,0.500000000,0.200000003,1.346624374,77.155893242,0.000000000,0.000199606,0.000000000,0.100000001
2026-07-05 12:20:45.004,1783225245.004420757,80.011093718,1,1,79.864883998,1,0.004472695,5,1,0.000100322,5,1,0,1,0,0,1,1,1,0,1,0,-1.000000000,0.000000000,0.000000000,0.000000000,0,-1.000000000,0,0,0,,0,-1.000000000,,0,0,0.000000000,0.000000000,0,-1.000000000,0,,0,-1.000000000,,0,-1.000000000,0,,1,-0.113160707,-6.483630921,0.007326126,-0.021978378,1,3.135058641,179.625628680,-0.002442360,-2.769229889,1,-2.864825487,-164.142409454,0.002442360,2.659828186,1,-0.186350822,-10.677115635,-0.007326126,0.422466278,1,1.346240997,77.133927354,-0.012210846,-0.003663063,-0.113542177,-6.505487526,0.000000000,-0.000000000,6.000000000,2.500000000,3.150317430,180.499892894,0.000000000,-2.784898281,2.000000000,0.500000000,-2.867877245,-164.317262297,0.000000000,2.679786205,1.000000000,0.500000000,-0.187495232,-10.742685451,0.000000000,0.430281579,0.500000000,0.200000003,1.346624374,77.155893242,0.000000000,0.000199606,0.000000000,0.100000001
2026-07-05 12:20:46.004,1783225246.004387140,81.011060039,1,1,80.864850319,1,0.005346903,5,1,0.001184880,5,1,0,1,0,0,1,1,1,0,1,0,-1.000000000,0.000000000,0.000000000,0.000000000,0,-1.000000000,0,0,0,,0,-1.000000000,,0,0,0.000000000,0.000000000,0,-1.000000000,0,,0,-1.000000000,,0,-1.000000000,0,,1,-0.113160707,-6.483630921,-0.021978378,-0.021978378,1,3.135058641,179.625628680,-0.002442360,-2.769229889,1,-2.865206957,-164.164266060,-0.002442360,2.659828186,1,-0.186350822,-10.677115635,0.007326126,0.422466278,1,1.346240997,77.133927354,-0.036628723,-0.003663063,-0.113542177,-6.505487526,0.000000000,-0.000000000,6.000000000,2.500000000,3.150317430,180.499892894,0.000000000,-2.784898281,2.000000000,0.500000000,-2.867877245,-164.317262297,0.000000000,2.679786205,1.000000000,0.500000000,-0.187495232,-10.742685451,0.000000000,0.430281579,0.500000000,0.200000003,1.346624374,77.155893242,0.000000000,0.000199606,0.000000000,0.100000001
2026-07-05 12:20:47.005,1783225247.004570007,82.011243130,1,1,81.865033410,1,0.003842914,5,1,0.000633000,5,1,0,1,0,0,1,1,1,0,1,0,-1.000000000,0.000000000,0.000000000,0.000000000,0,-1.000000000,0,0,0,,0,-1.000000000,,0,0,0.000000000,0.000000000,0,-1.000000000,0,,0,-1.000000000,,0,-1.000000000,0,,1,-0.113160707,-6.483630921,-0.007326126,-0.026862144,1,3.135058641,179.625628680,-0.002442360,-2.782905579,1,-2.865206957,-164.164266060,-0.002442360,2.673503876,1,-0.186350822,-10.677115635,-0.007326126,0.422466278,1,1.346624374,77.155893242,0.012210846,-0.003663063,-0.113542177,-6.505487526,0.000000000,-0.000000000,6.000000000,2.500000000,3.150317430,180.499892894,0.000000000,-2.784898281,2.000000000,0.500000000,-2.867877245,-164.317262297,0.000000000,2.679786205,1.000000000,0.500000000,-0.187495232,-10.742685451,0.000000000,0.430281579,0.500000000,0.200000003,1.346624374,77.155893242,0.000000000,0.000199606,0.000000000,0.100000001
2026-07-05 12:20:48.004,1783225248.004403114,83.011076166,1,1,82.864866446,1,0.005173938,5,1,0.001217757,5,1,0,1,0,0,1,1,1,0,1,0,-1.000000000,0.000000000,0.000000000,0.000000000,0,-1.000000000,0,0,0,,0,-1.000000000,,0,0,0.000000000,0.000000000,0,-1.000000000,0,,0,-1.000000000,,0,-1.000000000,0,,1,-0.113542177,-6.505487526,-0.021978378,-0.021978378,1,3.135058641,179.625628680,-0.002442360,-2.769229889,1,-2.864825487,-164.142409454,-0.002442360,2.673503876,1,-0.186350822,-10.677115635,0.007326126,0.422466278,1,1.346624374,77.155893242,-0.012210846,-0.003663063,-0.113542177,-6.505487526,0.000000000,-0.000000000,6.000000000,2.500000000,3.150317430,180.499892894,0.000000000,-2.784898281,2.000000000,0.500000000,-2.867877245,-164.317262297,0.000000000,2.679786205,1.000000000,0.500000000,-0.187495232,-10.742685451,0.000000000,0.430281579,0.500000000,0.200000003,1.346624374,77.155893242,0.000000000,0.000199606,0.000000000,0.100000001
2026-07-05 12:20:49.005,1783225249.004610062,84.011282985,1,1,83.865073265,1,0.004740293,5,1,0.001039555,5,1,0,1,0,0,1,1,1,0,1,0,-1.000000000,0.000000000,0.000000000,0.000000000,0,-1.000000000,0,0,0,,0,-1.000000000,,0,0,0.000000000,0.000000000,0,-1.000000000,0,,0,-1.000000000,,0,-1.000000000,0,,1,-0.113160707,-6.483630921,-0.007326126,-0.026862144,1,3.135058641,179.625628680,-0.002442360,-2.782905579,1,-2.865206957,-164.164266060,-0.002442360,2.659828186,1,-0.186350822,-10.677115635,0.007326126,0.422466278,1,1.346240997,77.133927354,-0.036628723,-0.003663063,-0.113542177,-6.505487526,0.000000000,-0.000000000,6.000000000,2.500000000,3.150317430,180.499892894,0.000000000,-2.784898281,2.000000000,0.500000000,-2.867877245,-164.317262297,0.000000000,2.679786205,1.000000000,0.500000000,-0.187495232,-10.742685451,0.000000000,0.430281579,0.500000000,0.200000003,1.346624374,77.155893242,0.000000000,0.000199606,0.000000000,0.100000001
2026-07-05 12:20:50.004,1783225250.004455090,85.011128175,1,1,84.864918455,1,0.005539972,5,1,0.001270437,5,1,0,1,0,0,1,1,1,0,1,0,-1.000000000,0.000000000,0.000000000,0.000000000,0,-1.000000000,0,0,0,,0,-1.000000000,,0,0,0.000000000,0.000000000,0,-1.000000000,0,,0,-1.000000000,,0,-1.000000000,0,,1,-0.113160707,-6.483630921,-0.007326126,-0.021978378,1,3.135058641,179.625628680,-0.002442360,-2.769229889,1,-2.864825487,-164.142409454,-0.002442360,2.673503876,1,-0.186350822,-10.677115635,-0.007326126,0.422466278,1,1.346240997,77.133927354,-0.012210846,-0.003663063,-0.113542177,-6.505487526,0.000000000,-0.000000000,6.000000000,2.500000000,3.150317430,180.499892894,0.000000000,-2.784898281,2.000000000,0.500000000,-2.867877245,-164.317262297,0.000000000,2.679786205,1.000000000,0.500000000,-0.187495232,-10.742685451,0.000000000,0.430281579,0.500000000,0.200000003,1.346624374,77.155893242,0.000000000,0.000199606,0.000000000,0.100000001
2026-07-05 12:20:51.004,1783225251.004462481,86.011135516,1,1,85.864925796,1,0.005637363,5,1,0.001160489,5,1,0,1,0,0,1,1,1,0,1,0,-1.000000000,0.000000000,0.000000000,0.000000000,0,-1.000000000,0,0,0,,0,-1.000000000,,0,0,0.000000000,0.000000000,0,-1.000000000,0,,0,-1.000000000,,0,-1.000000000,0,,1,-0.113160707,-6.483630921,-0.007326126,-0.021978378,1,3.135058641,179.625628680,-0.002442360,-2.782905579,1,-2.865206957,-164.164266060,-0.002442360,2.659828186,1,-0.186350822,-10.677115635,-0.007326126,0.422466278,1,1.346240997,77.133927354,-0.012210846,-0.003663063,-0.113542177,-6.505487526,0.000000000,-0.000000000,6.000000000,2.500000000,3.150317430,180.499892894,0.000000000,-2.784898281,2.000000000,0.500000000,-2.867877245,-164.317262297,0.000000000,2.679786205,1.000000000,0.500000000,-0.187495232,-10.742685451,0.000000000,0.430281579,0.500000000,0.200000003,1.346624374,77.155893242,0.000000000,0.000199606,0.000000000,0.100000001
2026-07-05 12:20:52.004,1783225252.004401207,87.011074124,1,1,86.864864404,1,0.004807422,5,1,0.001103935,5,1,0,1,0,0,1,1,1,0,1,0,-1.000000000,0.000000000,0.000000000,0.000000000,0,-1.000000000,0,0,0,,0,-1.000000000,,0,0,0.000000000,0.000000000,0,-1.000000000,0,,0,-1.000000000,,0,-1.000000000,0,,1,-0.113160707,-6.483630921,-0.007326126,-0.026862144,1,3.135058641,179.625628680,-0.007326126,-2.782905579,1,-2.864825487,-164.142409454,-0.002442360,2.659828186,1,-0.186350822,-10.677115635,-0.007326126,0.422466278,1,1.346240997,77.133927354,-0.036628723,-0.003663063,-0.113542177,-6.505487526,0.000000000,-0.000000000,6.000000000,2.500000000,3.150317430,180.499892894,0.000000000,-2.784898281,2.000000000,0.500000000,-2.867877245,-164.317262297,0.000000000,2.679786205,1.000000000,0.500000000,-0.187495232,-10.742685451,0.000000000,0.430281579,0.500000000,0.200000003,1.346624374,77.155893242,0.000000000,0.000199606,0.000000000,0.100000001
2026-07-05 12:20:53.004,1783225253.004404306,88.011077147,1,1,87.864867427,1,0.004860574,5,1,0.000701249,5,1,0,1,0,0,1,1,1,0,1,0,-1.000000000,0.000000000,0.000000000,0.000000000,0,-1.000000000,0,0,0,,0,-1.000000000,,0,0,0.000000000,0.000000000,0,-1.000000000,0,,0,-1.000000000,,0,-1.000000000,0,,1,-0.113542177,-6.505487526,-0.007326126,-0.026862144,1,3.135058641,179.625628680,-0.002442360,-2.782905579,1,-2.865206957,-164.164266060,-0.002442360,2.659828186,1,-0.186350822,-10.677115635,-0.007326126,0.422466278,1,1.346240997,77.133927354,-0.012210846,-0.003663063,-0.113542177,-6.505487526,0.000000000,-0.000000000,6.000000000,2.500000000,3.150317430,180.499892894,0.000000000,-2.784898281,2.000000000,0.500000000,-2.867877245,-164.317262297,0.000000000,2.679786205,1.000000000,0.500000000,-0.187495232,-10.742685451,0.000000000,0.430281579,0.500000000,0.200000003,1.346624374,77.155893242,0.000000000,0.000199606,0.000000000,0.100000001
2026-07-05 12:20:54.004,1783225254.004434347,89.011107279,1,1,88.864897559,1,0.004925997,5,1,0.001102043,5,1,0,1,0,0,1,1,1,0,1,0,-1.000000000,0.000000000,0.000000000,0.000000000,0,-1.000000000,0,0,0,,0,-1.000000000,,0,0,0.000000000,0.000000000,0,-1.000000000,0,,0,-1.000000000,,0,-1.000000000,0,,1,-0.113542177,-6.505487526,-0.021978378,-0.026862144,1,3.135058641,179.625628680,-0.002442360,-2.769229889,1,-2.864825487,-164.142409454,-0.002442360,2.659828186,1,-0.186350822,-10.677115635,0.007326126,0.422466278,1,1.346624374,77.155893242,-0.012210846,-0.003663063,-0.113542177,-6.505487526,0.000000000,-0.000000000,6.000000000,2.500000000,3.150317430,180.499892894,0.000000000,-2.784898281,2.000000000,0.500000000,-2.867877245,-164.317262297,0.000000000,2.679786205,1.000000000,0.500000000,-0.187495232,-10.742685451,0.000000000,0.430281579,0.500000000,0.200000003,1.346624374,77.155893242,0.000000000,0.000199606,0.000000000,0.100000001
2026-07-05 12:20:55.004,1783225255.004463434,90.011136272,1,1,89.864926552,1,0.005425786,5,1,0.001026107,5,1,0,1,0,0,1,1,1,0,1,0,-1.000000000,0.000000000,0.000000000,0.000000000,0,-1.000000000,0,0,0,,0,-1.000000000,,0,0,0.000000000,0.000000000,0,-1.000000000,0,,0,-1.000000000,,0,-1.000000000,0,,1,-0.113160707,-6.483630921,-0.021978378,-0.026862144,1,3.135058641,179.625628680,-0.002442360,-2.769229889,1,-2.864825487,-164.142409454,-0.002442360,2.659828186,1,-0.186350822,-10.677115635,-0.007326126,0.422466278,1,1.346624374,77.155893242,-0.012210846,-0.003663063,-0.113542177,-6.505487526,0.000000000,-0.000000000,6.000000000,2.500000000,3.150317430,180.499892894,0.000000000,-2.784898281,2.000000000,0.500000000,-2.867877245,-164.317262297,0.000000000,2.679786205,1.000000000,0.500000000,-0.187495232,-10.742685451,0.000000000,0.430281579,0.500000000,0.200000003,1.346624374,77.155893242,0.000000000,0.000199606,0.000000000,0.100000001
2026-07-05 12:20:56.004,1783225256.004420519,91.011093536,1,1,90.864883816,1,0.005561432,5,1,0.001204169,5,1,0,1,0,0,1,1,1,0,1,0,-1.000000000,0.000000000,0.000000000,0.000000000,0,-1.000000000,0,0,0,,0,-1.000000000,,0,0,0.000000000,0.000000000,0,-1.000000000,0,,0,-1.000000000,,0,-1.000000000,0,,1,-0.113160707,-6.483630921,-0.007326126,-0.021978378,1,3.135058641,179.625628680,-0.002442360,-2.769229889,1,-2.864825487,-164.142409454,-0.002442360,2.659828186,1,-0.186350822,-10.677115635,-0.021978378,0.422466278,1,1.346624374,77.155893242,-0.012210846,-0.003663063,-0.113542177,-6.505487526,0.000000000,-0.000000000,6.000000000,2.500000000,3.150317430,180.499892894,0.000000000,-2.784898281,2.000000000,0.500000000,-2.867877245,-164.317262297,0.000000000,2.679786205,1.000000000,0.500000000,-0.187495232,-10.742685451,0.000000000,0.430281579,0.500000000,0.200000003,1.346624374,77.155893242,0.000000000,0.000199606,0.000000000,0.100000001
2026-07-05 12:20:57.004,1783225257.004401207,92.011074093,1,1,91.864864373,1,0.005736211,5,1,0.001158593,5,1,0,1,0,0,1,1,1,0,1,0,-1.000000000,0.000000000,0.000000000,0.000000000,0,-1.000000000,0,0,0,,0,-1.000000000,,0,0,0.000000000,0.000000000,0,-1.000000000,0,,0,-1.000000000,,0,-1.000000000,0,,1,-0.113160707,-6.483630921,-0.021978378,-0.026862144,1,3.135058641,179.625628680,-0.007326126,-2.782905579,1,-2.864825487,-164.142409454,-0.002442360,2.659828186,1,-0.186350822,-10.677115635,-0.007326126,0.422466278,1,1.346240997,77.133927354,-0.061050415,-0.003663063,-0.113542177,-6.505487526,0.000000000,-0.000000000,6.000000000,2.500000000,3.150317430,180.499892894,0.000000000,-2.784898281,2.000000000,0.500000000,-2.867877245,-164.317262297,0.000000000,2.679786205,1.000000000,0.500000000,-0.187495232,-10.742685451,0.000000000,0.430281579,0.500000000,0.200000003,1.346624374,77.155893242,0.000000000,0.000199606,0.000000000,0.100000001
2026-07-05 12:20:58.004,1783225258.004391670,93.011064507,1,1,92.864854787,1,0.005668988,5,1,0.001136411,5,1,0,1,0,0,1,1,1,0,1,0,-1.000000000,0.000000000,0.000000000,0.000000000,0,-1.000000000,0,0,0,,0,-1.000000000,,0,0,0.000000000,0.000000000,0,-1.000000000,0,,0,-1.000000000,,0,-1.000000000,0,,1,-0.113160707,-6.483630921,-0.007326126,-0.026862144,1,3.135058641,179.625628680,0.002442360,-2.782905579,1,-2.864825487,-164.142409454,-0.007326126,2.659828186,1,-0.186350822,-10.677115635,-0.007326126,0.422466278,1,1.346240997,77.133927354,-0.061050415,-0.003663063,-0.113542177,-6.505487526,0.000000000,-0.000000000,6.000000000,2.500000000,3.150317430,180.499892894,0.000000000,-2.784898281,2.000000000,0.500000000,-2.867877245,-164.317262297,0.000000000,2.679786205,1.000000000,0.500000000,-0.187495232,-10.742685451,0.000000000,0.430281579,0.500000000,0.200000003,1.346624374,77.155893242,0.000000000,0.000199606,0.000000000,0.100000001
2026-07-05 12:20:59.004,1783225259.004398108,94.011070975,1,1,93.864861255,1,0.005576197,5,1,0.001121017,5,1,0,1,0,0,1,1,1,0,1,0,-1.000000000,0.000000000,0.000000000,0.000000000,0,-1.000000000,0,0,0,,0,-1.000000000,,0,0,0.000000000,0.000000000,0,-1.000000000,0,,0,-1.000000000,,0,-1.000000000,0,,1,-0.113542177,-6.505487526,-0.007326126,-0.021978378,1,3.135058641,179.625628680,-0.007326126,-2.769229889,1,-2.865206957,-164.164266060,-0.007326126,2.659828186,1,-0.186350822,-10.677115635,-0.007326126,0.422466278,1,1.346624374,77.155893242,-0.012210846,-0.003663063,-0.113542177,-6.505487526,0.000000000,-0.000000000,6.000000000,2.500000000,3.150317430,180.499892894,0.000000000,-2.784898281,2.000000000,0.500000000,-2.867877245,-164.317262297,0.000000000,2.679786205,1.000000000,0.500000000,-0.187495232,-10.742685451,0.000000000,0.430281579,0.500000000,0.200000003,1.346624374,77.155893242,0.000000000,0.000199606,0.000000000,0.100000001
2026-07-05 12:21:00.004,1783225260.004436970,95.011109962,1,1,94.864900242,1,0.005789374,5,1,0.001096815,5,1,0,1,0,0,1,1,1,0,1,0,-1.000000000,0.000000000,0.000000000,0.000000000,0,-1.000000000,0,0,0,,0,-1.000000000,,0,0,0.000000000,0.000000000,0,-1.000000000,0,,0,-1.000000000,,0,-1.000000000,0,,1,-0.113160707,-6.483630921,-0.021978378,-0.026862144,1,3.135058641,179.625628680,-0.002442360,-2.782905579,1,-2.864825487,-164.142409454,0.002442360,2.659828186,1,-0.186350822,-10.677115635,-0.021978378,0.422466278,1,1.346624374,77.155893242,0.036628723,-0.003663063,-0.113542177,-6.505487526,0.000000000,-0.000000000,6.000000000,2.500000000,3.150317430,180.499892894,0.000000000,-2.784898281,2.000000000,0.500000000,-2.867877245,-164.317262297,0.000000000,2.679786205,1.000000000,0.500000000,-0.187495232,-10.742685451,0.000000000,0.430281579,0.500000000,0.200000003,1.346624374,77.155893242,0.000000000,0.000199606,0.000000000,0.100000001
2026-07-05 12:21:01.004,1783225261.004381657,96.011054532,1,1,95.864844812,1,0.005542837,5,1,0.001133317,5,1,0,1,0,0,1,1,1,0,1,0,-1.000000000,0.000000000,0.000000000,0.000000000,0,-1.000000000,0,0,0,,0,-1.000000000,,0,0,0.000000000,0.000000000,0,-1.000000000,0,,0,-1.000000000,,0,-1.000000000,0,,1,-0.113542177,-6.505487526,-0.021978378,-0.026862144,1,3.135058641,179.625628680,-0.002442360,-2.782905579,1,-2.865206957,-164.164266060,-0.007326126,2.659828186,1,-0.186350822,-10.677115635,-0.021978378,0.422466278,1,1.346240997,77.133927354,0.012210846,-0.003663063,-0.113542177,-6.505487526,0.000000000,-0.000000000,6.000000000,2.500000000,3.150317430,180.499892894,0.000000000,-2.784898281,2.000000000,0.500000000,-2.867877245,-164.317262297,0.000000000,2.679786205,1.000000000,0.500000000,-0.187495232,-10.742685451,0.000000000,0.430281579,0.500000000,0.200000003,1.346624374,77.155893242,0.000000000,0.000199606,0.000000000,0.100000001
2026-07-05 12:21:02.005,1783225262.004522800,97.011195590,1,1,96.864985870,1,0.005886650,5,1,0.001331878,5,1,0,1,0,0,1,1,1,0,1,0,-1.000000000,0.000000000,0.000000000,0.000000000,0,-1.000000000,0,0,0,,0,-1.000000000,,0,0,0.000000000,0.000000000,0,-1.000000000,0,,0,-1.000000000,,0,-1.000000000,0,,1,-0.113160707,-6.483630921,-0.007326126,-0.026862144,1,3.135058641,179.625628680,-0.007326126,-2.769229889,1,-2.864825487,-164.142409454,0.002442360,2.659828186,1,-0.186350822,-10.677115635,-0.007326126,0.422466278,1,1.346240997,77.133927354,0.012210846,-0.003663063,-0.113542177,-6.505487526,0.000000000,-0.000000000,6.000000000,2.500000000,3.150317430,180.499892894,0.000000000,-2.784898281,2.000000000,0.500000000,-2.867877245,-164.317262297,0.000000000,2.679786205,1.000000000,0.500000000,-0.187495232,-10.742685451,0.000000000,0.430281579,0.500000000,0.200000003,1.346624374,77.155893242,0.000000000,0.000199606,0.000000000,0.100000001
2026-07-05 12:21:03.004,1783225263.004387140,98.011060012,1,1,97.864850292,1,0.005618175,5,1,0.001108841,5,1,0,1,0,0,1,1,1,0,1,0,-1.000000000,0.000000000,0.000000000,0.000000000,0,-1.000000000,0,0,0,,0,-1.000000000,,0,0,0.000000000,0.000000000,0,-1.000000000,0,,0,-1.000000000,,0,-1.000000000,0,,1,-0.113160707,-6.483630921,-0.007326126,-0.026862144,1,3.135058641,179.625628680,-0.002442360,-2.769229889,1,-2.865206957,-164.164266060,-0.002442360,2.659828186,1,-0.186350822,-10.677115635,-0.007326126,0.422466278,1,1.346624374,77.155893242,0.036628723,-0.001221180,-0.113542177,-6.505487526,0.000000000,-0.000000000,6.000000000,2.500000000,3.150317430,180.499892894,0.000000000,-2.784898281,2.000000000,0.500000000,-2.867877245,-164.317262297,0.000000000,2.679786205,1.000000000,0.500000000,-0.187495232,-10.742685451,0.000000000,0.430281579,0.500000000,0.200000003,1.346624374,77.155893242,0.000000000,0.000199606,0.000000000,0.100000001
2026-07-05 12:21:04.004,1783225264.004443645,99.011116455,1,1,98.864906735,1,0.005230721,5,1,0.000972857,5,1,0,1,0,0,1,1,1,0,1,0,-1.000000000,0.000000000,0.000000000,0.000000000,0,-1.000000000,0,0,0,,0,-1.000000000,,0,0,0.000000000,0.000000000,0,-1.000000000,0,,0,-1.000000000,,0,-1.000000000,0,,1,-0.113160707,-6.483630921,-0.007326126,-0.026862144,1,3.135058641,179.625628680,-0.002442360,-2.782905579,1,-2.865206957,-164.164266060,-0.002442360,2.659828186,1,-0.186350822,-10.677115635,-0.021978378,0.422466278,1,1.346624374,77.155893242,-0.036628723,-0.003663063,-0.113542177,-6.505487526,0.000000000,-0.000000000,6.000000000,2.500000000,3.150317430,180.499892894,0.000000000,-2.784898281,2.000000000,0.500000000,-2.867877245,-164.317262297,0.000000000,2.679786205,1.000000000,0.500000000,-0.187495232,-10.742685451,0.000000000,0.430281579,0.500000000,0.200000003,1.346624374,77.155893242,0.000000000,0.000199606,0.000000000,0.100000001
2026-07-05 12:21:05.004,1783225265.004494667,100.011167629,1,1,99.864957909,1,0.004859201,5,1,0.000774051,5,1,0,1,0,0,1,1,1,0,1,0,-1.000000000,0.000000000,0.000000000,0.000000000,0,-1.000000000,0,0,0,,0,-1.000000000,,0,0,0.000000000,0.000000000,0,-1.000000000,0,,0,-1.000000000,,0,-1.000000000,0,,1,-0.113160707,-6.483630921,-0.007326126,-0.026862144,1,3.135058641,179.625628680,-0.002442360,-2.782905579,1,-2.864825487,-164.142409454,-0.002442360,2.673503876,1,-0.186350822,-10.677115635,-0.007326126,0.422466278,1,1.346240997,77.133927354,-0.036628723,-0.003663063,-0.113542177,-6.505487526,0.000000000,-0.000000000,6.000000000,2.500000000,3.150317430,180.499892894,0.000000000,-2.784898281,2.000000000,0.500000000,-2.867877245,-164.317262297,0.000000000,2.679786205,1.000000000,0.500000000,-0.187495232,-10.742685451,0.000000000,0.430281579,0.500000000,0.200000003,1.346624374,77.155893242,0.000000000,0.000199606,0.000000000,0.100000001
2026-07-05 12:21:06.004,1783225266.004377365,101.011050278,1,1,100.864840558,1,0.005368595,5,1,0.001120456,5,1,0,1,0,0,1,1,1,0,1,0,-1.000000000,0.000000000,0.000000000,0.000000000,0,-1.000000000,0,0,0,,0,-1.000000000,,0,0,0.000000000,0.000000000,0,-1.000000000,0,,0,-1.000000000,,0,-1.000000000,0,,1,-0.113160707,-6.483630921,-0.021978378,-0.026862144,1,3.135058641,179.625628680,-0.002442360,-2.782905579,1,-2.864825487,-164.142409454,-0.002442360,2.659828186,1,-0.186350822,-10.677115635,-0.021978378,0.422466278,1,1.346624374,77.155893242,-0.036628723,-0.003663063,-0.113542177,-6.505487526,0.000000000,-0.000000000,6.000000000,2.500000000,3.150317430,180.499892894,0.000000000,-2.784898281,2.000000000,0.500000000,-2.867877245,-164.317262297,0.000000000,2.679786205,1.000000000,0.500000000,-0.187495232,-10.742685451,0.000000000,0.430281579,0.500000000,0.200000003,1.346624374,77.155893242,0.000000000,0.000199606,0.000000000,0.100000001
2026-07-05 12:21:07.004,1783225267.004477739,102.011150534,1,1,101.864940814,1,0.005247563,5,1,0.000445634,5,1,0,1,0,0,1,1,1,0,1,0,-1.000000000,0.000000000,0.000000000,0.000000000,0,-1.000000000,0,0,0,,0,-1.000000000,,0,0,0.000000000,0.000000000,0,-1.000000000,0,,0,-1.000000000,,0,-1.000000000,0,,1,-0.113160707,-6.483630921,0.007326126,-0.021978378,1,3.135058641,179.625628680,-0.007326126,-2.782905579,1,-2.865206957,-164.164266060,-0.002442360,2.659828186,1,-0.186350822,-10.677115635,-0.007326126,0.422466278,1,1.346624374,77.155893242,-0.012210846,-0.003663063,-0.113542177,-6.505487526,0.000000000,-0.000000000,6.000000000,2.500000000,3.150317430,180.499892894,0.000000000,-2.784898281,2.000000000,0.500000000,-2.867877245,-164.317262297,0.000000000,2.679786205,1.000000000,0.500000000,-0.187495232,-10.742685451,0.000000000,0.430281579,0.500000000,0.200000003,1.346624374,77.155893242,0.000000000,0.000199606,0.000000000,0.100000001
2026-07-05 12:21:08.004,1783225268.004502296,103.011175284,1,1,102.864965564,1,0.005490575,5,1,0.001258280,5,1,0,1,0,0,1,1,1,0,1,0,-1.000000000,0.000000000,0.000000000,0.000000000,0,-1.000000000,0,0,0,,0,-1.000000000,,0,0,0.000000000,0.000000000,0,-1.000000000,0,,0,-1.000000000,,0,-1.000000000,0,,1,-0.113160707,-6.483630921,-0.021978378,-0.021978378,1,3.135058641,179.625628680,-0.002442360,-2.782905579,1,-2.865206957,-164.164266060,-0.002442360,2.659828186,1,-0.186350822,-10.677115635,0.007326126,0.422466278,1,1.346240997,77.133927354,-0.012210846,-0.003663063,-0.113542177,-6.505487526,0.000000000,-0.000000000,6.000000000,2.500000000,3.150317430,180.499892894,0.000000000,-2.784898281,2.000000000,0.500000000,-2.867877245,-164.317262297,0.000000000,2.679786205,1.000000000,0.500000000,-0.187495232,-10.742685451,0.000000000,0.430281579,0.500000000,0.200000003,1.346624374,77.155893242,0.000000000,0.000199606,0.000000000,0.100000001
2026-07-05 12:21:09.004,1783225269.004477501,104.011150325,1,1,103.864940605,1,0.005585363,5,1,0.000892730,5,1,0,1,0,0,1,1,1,0,1,0,-1.000000000,0.000000000,0.000000000,0.000000000,0,-1.000000000,0,0,0,,0,-1.000000000,,0,0,0.000000000,0.000000000,0,-1.000000000,0,,0,-1.000000000,,0,-1.000000000,0,,1,-0.113160707,-6.483630921,-0.021978378,-0.021978378,1,3.135058641,179.625628680,-0.002442360,-2.769229889,1,-2.865206957,-164.164266060,0.002442360,2.659828186,1,-0.186350822,-10.677115635,-0.007326126,0.422466278,1,1.346240997,77.133927354,-0.036628723,-0.003663063,-0.113542177,-6.505487526,0.000000000,-0.000000000,6.000000000,2.500000000,3.150317430,180.499892894,0.000000000,-2.784898281,2.000000000,0.500000000,-2.867877245,-164.317262297,0.000000000,2.679786205,1.000000000,0.500000000,-0.187495232,-10.742685451,0.000000000,0.430281579,0.500000000,0.200000003,1.346624374,77.155893242,0.000000000,0.000199606,0.000000000,0.100000001
2026-07-05 12:21:10.004,1783225270.004484653,105.011157449,1,1,104.864947729,1,0.005376485,5,1,0.001120589,5,1,0,1,0,0,1,1,1,0,1,0,-1.000000000,0.000000000,0.000000000,0.000000000,0,-1.000000000,0,0,0,,0,-1.000000000,,0,0,0.000000000,0.000000000,0,-1.000000000,0,,0,-1.000000000,,0,-1.000000000,0,,1,-0.113160707,-6.483630921,-0.007326126,-0.021978378,1,3.135058641,179.625628680,0.002442360,-2.769229889,1,-2.865206957,-164.164266060,-0.007326126,2.659828186,1,-0.186350822,-10.677115635,-0.007326126,0.422466278,1,1.346240997,77.133927354,0.012210846,-0.003663063,-0.113542177,-6.505487526,0.000000000,-0.000000000,6.000000000,2.500000000,3.150317430,180.499892894,0.000000000,-2.784898281,2.000000000,0.500000000,-2.867877245,-164.317262297,0.000000000,2.679786205,1.000000000,0.500000000,-0.187495232,-10.742685451,0.000000000,0.430281579,0.500000000,0.200000003,1.346624374,77.155893242,0.000000000,0.000199606,0.000000000,0.100000001
2026-07-05 12:21:11.004,1783225271.004405499,106.011078543,1,1,105.864868823,1,0.004169993,5,1,0.001019359,5,1,0,1,0,0,1,1,1,0,1,0,-1.000000000,0.000000000,0.000000000,0.000000000,0,-1.000000000,0,0,0,,0,-1.000000000,,0,0,0.000000000,0.000000000,0,-1.000000000,0,,0,-1.000000000,,0,-1.000000000,0,,1,-0.113160707,-6.483630921,-0.007326126,-0.026862144,1,3.135058641,179.625628680,-0.002442360,-2.782905579,1,-2.864825487,-164.142409454,-0.002442360,2.659828186,1,-0.186350822,-10.677115635,-0.007326126,0.422466278,1,1.346240997,77.133927354,-0.012210846,-0.003663063,-0.113542177,-6.505487526,0.000000000,-0.000000000,6.000000000,2.500000000,3.150317430,180.499892894,0.000000000,-2.784898281,2.000000000,0.500000000,-2.867877245,-164.317262297,0.000000000,2.679786205,1.000000000,0.500000000,-0.187495232,-10.742685451,0.000000000,0.430281579,0.500000000,0.200000003,1.346624374,77.155893242,0.000000000,0.000199606,0.000000000,0.100000001
2026-07-05 12:21:12.004,1783225272.004394531,107.011067510,1,1,106.864857790,1,0.005253426,5,1,0.001092415,5,1,0,1,0,0,1,1,1,0,1,0,-1.000000000,0.000000000,0.000000000,0.000000000,0,-1.000000000,0,0,0,,0,-1.000000000,,0,0,0.000000000,0.000000000,0,-1.000000000,0,,0,-1.000000000,,0,-1.000000000,0,,1,-0.113160707,-6.483630921,0.007326126,-0.026862144,1,3.135058641,179.625628680,-0.002442360,-2.782905579,1,-2.865206957,-164.164266060,-0.002442360,2.659828186,1,-0.186350822,-10.677115635,-0.007326126,0.422466278,1,1.346240997,77.133927354,-0.036628723,-0.003663063,-0.113542177,-6.505487526,0.000000000,-0.000000000,6.000000000,2.500000000,3.150317430,180.499892894,0.000000000,-2.784898281,2.000000000,0.500000000,-2.867877245,-164.317262297,0.000000000,2.679786205,1.000000000,0.500000000,-0.187495232,-10.742685451,0.000000000,0.430281579,0.500000000,0.200000003,1.346624374,77.155893242,0.000000000,0.000199606,0.000000000,0.100000001
2026-07-05 12:21:13.004,1783225273.004474163,108.011146944,1,1,107.864937224,1,0.005797603,5,1,0.001058224,5,1,0,1,0,0,1,1,1,0,1,0,-1.000000000,0.000000000,0.000000000,0.000000000,0,-1.000000000,0,0,0,,0,-1.000000000,,0,0,0.000000000,0.000000000,0,-1.000000000,0,,0,-1.000000000,,0,-1.000000000,0,,1,-0.113160707,-6.483630921,-0.007326126,-0.026862144,1,3.135058641,179.625628680,-0.002442360,-2.782905579,1,-2.864825487,-164.142409454,0.002442360,2.659828186,1,-0.186350822,-10.677115635,-0.007326126,0.422466278,1,1.346624374,77.155893242,0.012210846,-0.003663063,-0.113542177,-6.505487526,0.000000000,-0.000000000,6.000000000,2.500000000,3.150317430,180.499892894,0.000000000,-2.784898281,2.000000000,0.500000000,-2.867877245,-164.317262297,0.000000000,2.679786205,1.000000000,0.500000000,-0.187495232,-10.742685451,0.000000000,0.430281579,0.500000000,0.200000003,1.346624374,77.155893242,0.000000000,0.000199606,0.000000000,0.100000001
2026-07-05 12:21:14.005,1783225274.004647970,109.011320955,1,1,108.865111235,1,0.005700056,5,1,0.000294235,5,1,0,1,0,0,1,1,1,0,1,0,-1.000000000,0.000000000,0.000000000,0.000000000,0,-1.000000000,0,0,0,,0,-1.000000000,,0,0,0.000000000,0.000000000,0,-1.000000000,0,,0,-1.000000000,,0,-1.000000000,0,,1,-0.113160707,-6.483630921,-0.021978378,-0.026862144,1,3.135058641,179.625628680,-0.002442360,-2.769229889,1,-2.865206957,-164.164266060,-0.002442360,2.659828186,1,-0.186350822,-10.677115635,-0.007326126,0.422466278,1,1.346240997,77.133927354,0.012210846,-0.003663063,-0.113542177,-6.505487526,0.000000000,-0.000000000,6.000000000,2.500000000,3.150317430,180.499892894,0.000000000,-2.784898281,2.000000000,0.500000000,-2.867877245,-164.317262297,0.000000000,2.679786205,1.000000000,0.500000000,-0.187495232,-10.742685451,0.000000000,0.430281579,0.500000000,0.200000003,1.346624374,77.155893242,0.000000000,0.000199606,0.000000000,0.100000001
2026-07-05 12:21:15.004,1783225275.004450083,110.011122932,1,1,109.864913212,1,0.004009855,5,1,0.001131229,5,1,0,1,0,0,1,1,1,0,1,0,-1.000000000,0.000000000,0.000000000,0.000000000,0,-1.000000000,0,0,0,,0,-1.000000000,,0,0,0.000000000,0.000000000,0,-1.000000000,0,,0,-1.000000000,,0,-1.000000000,0,,1,-0.113160707,-6.483630921,0.007326126,-0.026862144,1,3.135058641,179.625628680,-0.002442360,-2.769229889,1,-2.865206957,-164.164266060,-0.002442360,2.673503876,1,-0.186350822,-10.677115635,-0.007326126,0.422466278,1,1.346240997,77.133927354,-0.012210846,-0.003663063,-0.113542177,-6.505487526,0.000000000,-0.000000000,6.000000000,2.500000000,3.150317430,180.499892894,0.000000000,-2.784898281,2.000000000,0.500000000,-2.867877245,-164.317262297,0.000000000,2.679786205,1.000000000,0.500000000,-0.187495232,-10.742685451,0.000000000,0.430281579,0.500000000,0.200000003,1.346624374,77.155893242,0.000000000,0.000199606,0.000000000,0.100000001
2026-07-05 12:21:16.004,1783225276.004458189,111.011131053,1,1,110.864921333,1,0.005171958,5,1,0.001177607,5,1,0,1,0,0,1,1,1,0,1,0,-1.000000000,0.000000000,0.000000000,0.000000000,0,-1.000000000,0,0,0,,0,-1.000000000,,0,0,0.000000000,0.000000000,0,-1.000000000,0,,0,-1.000000000,,0,-1.000000000,0,,1,-0.113160707,-6.483630921,0.007326126,-0.021978378,1,3.135058641,179.625628680,-0.002442360,-2.782905579,1,-2.865206957,-164.164266060,-0.002442360,2.659828186,1,-0.186350822,-10.677115635,-0.007326126,0.422466278,1,1.346624374,77.155893242,-0.012210846,-0.003663063,-0.113542177,-6.505487526,0.000000000,-0.000000000,6.000000000,2.500000000,3.150317430,180.499892894,0.000000000,-2.784898281,2.000000000,0.500000000,-2.867877245,-164.317262297,0.000000000,2.679786205,1.000000000,0.500000000,-0.187495232,-10.742685451,0.000000000,0.430281579,0.500000000,0.200000003,1.346624374,77.155893242,0.000000000,0.000199606,0.000000000,0.100000001
2026-07-05 12:21:17.004,1783225277.004408598,112.011081476,1,1,111.864871756,1,0.005429418,5,1,0.001224637,5,1,0,1,0,0,1,1,1,0,1,0,-1.000000000,0.000000000,0.000000000,0.000000000,0,-1.000000000,0,0,0,,0,-1.000000000,,0,0,0.000000000,0.000000000,0,-1.000000000,0,,0,-1.000000000,,0,-1.000000000,0,,1,-0.113160707,-6.483630921,-0.007326126,-0.026862144,1,3.135058641,179.625628680,-0.002442360,-2.769229889,1,-2.865206957,-164.164266060,-0.007326126,2.659828186,1,-0.186350822,-10.677115635,-0.007326126,0.422466278,1,1.346240997,77.133927354,-0.012210846,-0.003663063,-0.113542177,-6.505487526,0.000000000,-0.000000000,6.000000000,2.500000000,3.150317430,180.499892894,0.000000000,-2.784898281,2.000000000,0.500000000,-2.867877245,-164.317262297,0.000000000,2.679786205,1.000000000,0.500000000,-0.187495232,-10.742685451,0.000000000,0.430281579,0.500000000,0.200000003,1.346624374,77.155893242,0.000000000,0.000199606,0.000000000,0.100000001
2026-07-05 12:21:18.004,1783225278.004465103,113.011138017,1,1,112.864928297,1,0.005810245,5,1,0.001050421,5,1,0,1,0,0,1,1,1,0,1,0,-1.000000000,0.000000000,0.000000000,0.000000000,0,-1.000000000,0,0,0,,0,-1.000000000,,0,0,0.000000000,0.000000000,0,-1.000000000,0,,0,-1.000000000,,0,-1.000000000,0,,1,-0.113160707,-6.483630921,-0.007326126,-0.026862144,1,3.135058641,179.625628680,-0.002442360,-2.782905579,1,-2.865206957,-164.164266060,-0.002442360,2.659828186,1,-0.186350822,-10.677115635,-0.007326126,0.422466278,1,1.346240997,77.133927354,-0.012210846,-0.003663063,-0.113542177,-6.505487526,0.000000000,-0.000000000,6.000000000,2.500000000,3.150317430,180.499892894,0.000000000,-2.784898281,2.000000000,0.500000000,-2.867877245,-164.317262297,0.000000000,2.679786205,1.000000000,0.500000000,-0.187495232,-10.742685451,0.000000000,0.430281579,0.500000000,0.200000003,1.346624374,77.155893242,0.000000000,0.000199606,0.000000000,0.100000001
2026-07-05 12:21:19.004,1783225279.004411221,114.011084068,1,1,113.864874348,1,0.005504980,5,1,0.001168411,5,1,0,1,0,0,1,1,1,0,1,0,-1.000000000,0.000000000,0.000000000,0.000000000,0,-1.000000000,0,0,0,,0,-1.000000000,,0,0,0.000000000,0.000000000,0,-1.000000000,0,,0,-1.000000000,,0,-1.000000000,0,,1,-0.113160707,-6.483630921,-0.007326126,-0.021978378,1,3.135058641,179.625628680,-0.002442360,-2.769229889,1,-2.864825487,-164.142409454,-0.002442360,2.659828186,1,-0.186350822,-10.677115635,-0.007326126,0.422466278,1,1.346624374,77.155893242,0.012210846,-0.003663063,-0.113542177,-6.505487526,0.000000000,-0.000000000,6.000000000,2.500000000,3.150317430,180.499892894,0.000000000,-2.784898281,2.000000000,0.500000000,-2.867877245,-164.317262297,0.000000000,2.679786205,1.000000000,0.500000000,-0.187495232,-10.742685451,0.000000000,0.430281579,0.500000000,0.200000003,1.346624374,77.155893242,0.000000000,0.000199606,0.000000000,0.100000001
2026-07-05 12:21:20.004,1783225280.004459381,115.011132123,1,1,114.864922403,1,0.005022191,5,1,0.001155608,5,1,0,1,0,0,1,1,1,0,1,0,-1.000000000,0.000000000,0.000000000,0.000000000,0,-1.000000000,0,0,0,,0,-1.000000000,,0,0,0.000000000,0.000000000,0,-1.000000000,0,,0,-1.000000000,,0,-1.000000000,0,,1,-0.113160707,-6.483630921,-0.007326126,-0.026862144,1,3.135058641,179.625628680,-0.002442360,-2.769229889,1,-2.864825487,-164.142409454,-0.002442360,2.659828186,1,-0.186350822,-10.677115635,-0.007326126,0.422466278,1,1.346240997,77.133927354,-0.036628723,-0.003663063,-0.113542177,-6.505487526,0.000000000,-0.000000000,6.000000000,2.500000000,3.150317430,180.499892894,0.000000000,-2.784898281,2.000000000,0.500000000,-2.867877245,-164.317262297,0.000000000,2.679786205,1.000000000,0.500000000,-0.187495232,-10.742685451,0.000000000,0.430281579,0.500000000,0.200000003,1.346624374,77.155893242,0.000000000,0.000199606,0.000000000,0.100000001
2026-07-05 12:21:21.004,1783225281.004509926,116.011182900,1,1,115.864973180,1,0.004957769,5,1,0.010984839,5,1,0,1,0,0,1,1,1,0,1,0,-1.000000000,0.000000000,0.000000000,0.000000000,0,-1.000000000,0,0,0,,0,-1.000000000,,0,0,0.000000000,0.000000000,0,-1.000000000,0,,0,-1.000000000,,0,-1.000000000,0,,1,-0.113160707,-6.483630921,-0.007326126,-0.026862144,1,3.135058641,179.625628680,-0.002442360,-2.782905579,1,-2.865206957,-164.164266060,-0.002442360,2.659828186,1,-0.186350822,-10.677115635,0.007326126,0.422466278,1,1.346624374,77.155893242,0.012210846,-0.003663063,-0.113542177,-6.505487526,0.000000000,-0.000000000,6.000000000,2.500000000,3.150317430,180.499892894,0.000000000,-2.784898281,2.000000000,0.500000000,-2.867877245,-164.317262297,0.000000000,2.679786205,1.000000000,0.500000000,-0.187495232,-10.742685451,0.000000000,0.430281579,0.500000000,0.200000003,1.346624374,77.155893242,0.000000000,0.000199606,0.000000000,0.100000001
2026-07-05 12:21:22.004,1783225282.004440784,117.011113874,1,1,116.864904154,1,0.005502637,5,1,0.000830464,5,1,0,1,0,0,1,1,1,0,1,0,-1.000000000,0.000000000,0.000000000,0.000000000,0,-1.000000000,0,0,0,,0,-1.000000000,,0,0,0.000000000,0.000000000,0,-1.000000000,0,,0,-1.000000000,,0,-1.000000000,0,,1,-0.113160707,-6.483630921,-0.021978378,-0.026862144,1,3.135058641,179.625628680,-0.007326126,-2.769229889,1,-2.864825487,-164.142409454,-0.002442360,2.659828186,1,-0.186350822,-10.677115635,-0.007326126,0.422466278,1,1.346240997,77.133927354,-0.036628723,-0.003663063,-0.113542177,-6.505487526,0.000000000,-0.000000000,6.000000000,2.500000000,3.150317430,180.499892894,0.000000000,-2.784898281,2.000000000,0.500000000,-2.867877245,-164.317262297,0.000000000,2.679786205,1.000000000,0.500000000,-0.187495232,-10.742685451,0.000000000,0.430281579,0.500000000,0.200000003,1.346624374,77.155893242,0.000000000,0.000199606,0.000000000,0.100000001
2026-07-05 12:21:23.004,1783225283.004425049,118.011097967,1,1,117.864888247,1,0.004583883,5,1,0.000492687,5,1,0,1,0,0,1,1,1,0,1,0,-1.000000000,0.000000000,0.000000000,0.000000000,0,-1.000000000,0,0,0,,0,-1.000000000,,0,0,0.000000000,0.000000000,0,-1.000000000,0,,0,-1.000000000,,0,-1.000000000,0,,1,-0.113160707,-6.483630921,-0.036630630,-0.026862144,1,3.135058641,179.625628680,-0.002442360,-2.782905579,1,-2.865206957,-164.164266060,-0.002442360,2.659828186,1,-0.186350822,-10.677115635,0.007326126,0.422466278,1,1.346240997,77.133927354,-0.036628723,-0.003663063,-0.113542177,-6.505487526,0.000000000,-0.000000000,6.000000000,2.500000000,3.150317430,180.499892894,0.000000000,-2.784898281,2.000000000,0.500000000,-2.867877245,-164.317262297,0.000000000,2.679786205,1.000000000,0.500000000,-0.187495232,-10.742685451,0.000000000,0.430281579,0.500000000,0.200000003,1.346624374,77.155893242,0.000000000,0.000199606,0.000000000,0.100000001
2026-07-05 12:21:24.004,1783225284.004408836,119.011081836,1,1,118.864872116,1,0.005527097,5,1,0.001273863,5,1,0,1,0,0,1,1,1,0,1,0,-1.000000000,0.000000000,0.000000000,0.000000000,0,-1.000000000,0,0,0,,0,-1.000000000,,0,0,0.000000000,0.000000000,0,-1.000000000,0,,0,-1.000000000,,0,-1.000000000,0,,1,-0.113160707,-6.483630921,-0.007326126,-0.026862144,1,3.135058641,179.625628680,-0.002442360,-2.769229889,1,-2.865206957,-164.164266060,-0.007326126,2.659828186,1,-0.186350822,-10.677115635,-0.007326126,0.422466278,1,1.346624374,77.155893242,-0.012210846,-0.003663063,-0.113542177,-6.505487526,0.000000000,-0.000000000,6.000000000,2.500000000,3.150317430,180.499892894,0.000000000,-2.784898281,2.000000000,0.500000000,-2.867877245,-164.317262297,0.000000000,2.679786205,1.000000000,0.500000000,-0.187495232,-10.742685451,0.000000000,0.430281579,0.500000000,0.200000003,1.346624374,77.155893242,0.000000000,0.000199606,0.000000000,0.100000001
2026-07-05 12:21:25.004,1783225285.004406214,120.011079116,1,1,119.864869396,1,0.005417347,5,1,0.001192327,5,1,0,1,0,0,1,1,1,0,1,0,-1.000000000,0.000000000,0.000000000,0.000000000,0,-1.000000000,0,0,0,,0,-1.000000000,,0,0,0.000000000,0.000000000,0,-1.000000000,0,,0,-1.000000000,,0,-1.000000000,0,,1,-0.113160707,-6.483630921,-0.007326126,-0.026862144,1,3.135058641,179.625628680,0.002442360,-2.769229889,1,-2.864825487,-164.142409454,-0.002442360,2.659828186,1,-0.186350822,-10.677115635,-0.021978378,0.422466278,1,1.346240997,77.133927354,0.012210846,-0.003663063,-0.113542177,-6.505487526,0.000000000,-0.000000000,6.000000000,2.500000000,3.150317430,180.499892894,0.000000000,-2.784898281,2.000000000,0.500000000,-2.867877245,-164.317262297,0.000000000,2.679786205,1.000000000,0.500000000,-0.187495232,-10.742685451,0.000000000,0.430281579,0.500000000,0.200000003,1.346624374,77.155893242,0.000000000,0.000199606,0.000000000,0.100000001
2026-07-05 12:21:26.004,1783225286.004473925,121.011146814,1,1,120.864937094,1,0.005508879,5,1,0.001331750,5,1,0,1,0,0,1,1,1,0,1,0,-1.000000000,0.000000000,0.000000000,0.000000000,0,-1.000000000,0,0,0,,0,-1.000000000,,0,0,0.000000000,0.000000000,0,-1.000000000,0,,0,-1.000000000,,0,-1.000000000,0,,1,-0.113160707,-6.483630921,-0.021978378,-0.026862144,1,3.135058641,179.625628680,-0.002442360,-2.769229889,1,-2.864825487,-164.142409454,0.002442360,2.659828186,1,-0.186350822,-10.677115635,-0.007326126,0.422466278,1,1.346624374,77.155893242,0.012210846,-0.003663063,-0.113542177,-6.505487526,0.000000000,-0.000000000,6.000000000,2.500000000,3.150317430,180.499892894,0.000000000,-2.784898281,2.000000000,0.500000000,-2.867877245,-164.317262297,0.000000000,2.679786205,1.000000000,0.500000000,-0.187495232,-10.742685451,0.000000000,0.430281579,0.500000000,0.200000003,1.346624374,77.155893242,0.000000000,0.000199606,0.000000000,0.100000001
2026-07-05 12:21:27.005,1783225287.004585266,122.011258179,1,1,121.865048459,1,0.005110707,5,1,0.000612962,5,1,0,1,0,0,1,1,1,0,1,0,-1.000000000,0.000000000,0.000000000,0.000000000,0,-1.000000000,0,0,0,,0,-1.000000000,,0,0,0.000000000,0.000000000,0,-1.000000000,0,,0,-1.000000000,,0,-1.000000000,0,,1,-0.113160707,-6.483630921,0.007326126,-0.026862144,1,3.135058641,179.625628680,-0.007326126,-2.782905579,1,-2.865206957,-164.164266060,-0.002442360,2.659828186,1,-0.186350822,-10.677115635,-0.021978378,0.422466278,1,1.346240997,77.133927354,-0.061050415,-0.003663063,-0.113542177,-6.505487526,0.000000000,-0.000000000,6.000000000,2.500000000,3.150317430,180.499892894,0.000000000,-2.784898281,2.000000000,0.500000000,-2.867877245,-164.317262297,0.000000000,2.679786205,1.000000000,0.500000000,-0.187495232,-10.742685451,0.000000000,0.430281579,0.500000000,0.200000003,1.346624374,77.155893242,0.000000000,0.000199606,0.000000000,0.100000001
2026-07-05 12:21:28.004,1783225288.004444838,123.011117944,1,1,122.864908224,1,0.005388488,5,1,0.000803827,5,1,0,1,0,0,1,1,1,0,1,0,-1.000000000,0.000000000,0.000000000,0.000000000,0,-1.000000000,0,0,0,,0,-1.000000000,,0,0,0.000000000,0.000000000,0,-1.000000000,0,,0,-1.000000000,,0,-1.000000000,0,,1,-0.113160707,-6.483630921,-0.007326126,-0.026862144,1,3.135058641,179.625628680,0.002442360,-2.782905579,1,-2.864825487,-164.142409454,-0.002442360,2.659828186,1,-0.186350822,-10.677115635,0.007326126,0.422466278,1,1.346240997,77.133927354,0.012210846,-0.003663063,-0.113542177,-6.505487526,0.000000000,-0.000000000,6.000000000,2.500000000,3.150317430,180.499892894,0.000000000,-2.784898281,2.000000000,0.500000000,-2.867877245,-164.317262297,0.000000000,2.679786205,1.000000000,0.500000000,-0.187495232,-10.742685451,0.000000000,0.430281579,0.500000000,0.200000003,1.346624374,77.155893242,0.000000000,0.000199606,0.000000000,0.100000001
2026-07-05 12:21:29.004,1783225289.004443884,124.011116781,1,1,123.864907061,1,0.005591697,5,1,0.001098679,5,1,0,1,0,0,1,1,1,0,1,0,-1.000000000,0.000000000,0.000000000,0.000000000,0,-1.000000000,0,0,0,,0,-1.000000000,,0,0,0.000000000,0.000000000,0,-1.000000000,0,,0,-1.000000000,,0,-1.000000000,0,,1,-0.113160707,-6.483630921,0.007326126,-0.026862144,1,3.135058641,179.625628680,-0.002442360,-2.769229889,1,-2.865206957,-164.164266060,-0.002442360,2.659828186,1,-0.186350822,-10.677115635,-0.007326126,0.422466278,1,1.346240997,77.133927354,-0.012210846,-0.003663063,-0.113542177,-6.505487526,0.000000000,-0.000000000,6.000000000,2.500000000,3.150317430,180.499892894,0.000000000,-2.784898281,2.000000000,0.500000000,-2.867877245,-164.317262297,0.000000000,2.679786205,1.000000000,0.500000000,-0.187495232,-10.742685451,0.000000000,0.430281579,0.500000000,0.200000003,1.346624374,77.155893242,0.000000000,0.000199606,0.000000000,0.100000001
2026-07-05 12:21:30.004,1783225290.004568815,125.011241707,1,1,124.865031987,1,0.005305082,5,1,0.000366143,5,1,0,1,0,0,1,1,1,0,1,0,-1.000000000,0.000000000,0.000000000,0.000000000,0,-1.000000000,0,0,0,,0,-1.000000000,,0,0,0.000000000,0.000000000,0,-1.000000000,0,,0,-1.000000000,,0,-1.000000000,0,,1,-0.113160707,-6.483630921,-0.007326126,-0.026862144,1,3.135058641,179.625628680,-0.002442360,-2.769229889,1,-2.864825487,-164.142409454,0.002442360,2.659828186,1,-0.186350822,-10.677115635,-0.007326126,0.427350044,1,1.346240997,77.133927354,-0.012210846,-0.003663063,-0.113542177,-6.505487526,0.000000000,-0.000000000,6.000000000,2.500000000,3.150317430,180.499892894,0.000000000,-2.784898281,2.000000000,0.500000000,-2.867877245,-164.317262297,0.000000000,2.679786205,1.000000000,0.500000000,-0.187495232,-10.742685451,0.000000000,0.430281579,0.500000000,0.200000003,1.346624374,77.155893242,0.000000000,0.000199606,0.000000000,0.100000001
2026-07-05 12:21:31.004,1783225291.004475117,126.011148163,1,1,125.864938443,1,0.005699884,5,1,0.000699010,5,1,0,1,0,0,1,1,1,0,1,0,-1.000000000,0.000000000,0.000000000,0.000000000,0,-1.000000000,0,0,0,,0,-1.000000000,,0,0,0.000000000,0.000000000,0,-1.000000000,0,,0,-1.000000000,,0,-1.000000000,0,,1,-0.113160707,-6.483630921,-0.021978378,-0.026862144,1,3.135058641,179.625628680,-0.002442360,-2.769229889,1,-2.865206957,-164.164266060,-0.002442360,2.673503876,1,-0.186350822,-10.677115635,0.007326126,0.422466278,1,1.346240997,77.133927354,-0.036628723,-0.003663063,-0.113542177,-6.505487526,0.000000000,-0.000000000,6.000000000,2.500000000,3.150317430,180.499892894,0.000000000,-2.784898281,2.000000000,0.500000000,-2.867877245,-164.317262297,0.000000000,2.679786205,1.000000000,0.500000000,-0.187495232,-10.742685451,0.000000000,0.430281579,0.500000000,0.200000003,1.346624374,77.155893242,0.000000000,0.000199606,0.000000000,0.100000001
2026-07-05 12:21:32.004,1783225292.004583597,127.011256632,1,1,126.865046912,1,0.004686404,5,1,0.009697356,5,1,0,1,0,0,1,1,1,0,1,0,-1.000000000,0.000000000,0.000000000,0.000000000,0,-1.000000000,0,0,0,,0,-1.000000000,,0,0,0.000000000,0.000000000,0,-1.000000000,0,,0,-1.000000000,,0,-1.000000000,0,,1,-0.113160707,-6.483630921,0.007326126,-0.021978378,1,3.135058641,179.625628680,-0.007326126,-2.782905579,1,-2.865206957,-164.164266060,-0.002442360,2.659828186,1,-0.186350822,-10.677115635,-0.007326126,0.422466278,1,1.346240997,77.133927354,-0.012210846,-0.003663063,-0.113542177,-6.505487526,0.000000000,-0.000000000,6.000000000,2.500000000,3.150317430,180.499892894,0.000000000,-2.784898281,2.000000000,0.500000000,-2.867877245,-164.317262297,0.000000000,2.679786205,1.000000000,0.500000000,-0.187495232,-10.742685451,0.000000000,0.430281579,0.500000000,0.200000003,1.346624374,77.155893242,0.000000000,0.000199606,0.000000000,0.100000001
2026-07-05 12:21:33.004,1783225293.004428387,128.011101307,1,1,127.864891587,1,0.004782094,5,1,0.000671515,5,1,0,1,0,0,1,1,1,0,1,0,-1.000000000,0.000000000,0.000000000,0.000000000,0,-1.000000000,0,0,0,,0,-1.000000000,,0,0,0.000000000,0.000000000,0,-1.000000000,0,,0,-1.000000000,,0,-1.000000000,0,,1,-0.113160707,-6.483630921,-0.007326126,-0.026862144,1,3.135058641,179.625628680,-0.002442360,-2.782905579,1,-2.864825487,-164.142409454,-0.002442360,2.659828186,1,-0.186350822,-10.677115635,-0.007326126,0.422466278,1,1.346624374,77.155893242,0.012210846,-0.003663063,-0.113542177,-6.505487526,0.000000000,-0.000000000,6.000000000,2.500000000,3.150317430,180.499892894,0.000000000,-2.784898281,2.000000000,0.500000000,-2.867877245,-164.317262297,0.000000000,2.679786205,1.000000000,0.500000000,-0.187495232,-10.742685451,0.000000000,0.430281579,0.500000000,0.200000003,1.346624374,77.155893242,0.000000000,0.000199606,0.000000000,0.100000001
2026-07-05 12:21:34.004,1783225294.004416704,129.011089649,1,1,128.864879929,1,0.004982771,5,1,0.001198598,5,1,0,1,0,0,1,1,1,0,1,0,-1.000000000,0.000000000,0.000000000,0.000000000,0,-1.000000000,0,0,0,,0,-1.000000000,,0,0,0.000000000,0.000000000,0,-1.000000000,0,,0,-1.000000000,,0,-1.000000000,0,,1,-0.113542177,-6.505487526,-0.007326126,-0.026862144,1,3.135058641,179.625628680,-0.002442360,-2.769229889,1,-2.865206957,-164.164266060,-0.007326126,2.659828186,1,-0.186350822,-10.677115635,0.007326126,0.422466278,1,1.346240997,77.133927354,-0.036628723,-0.003663063,-0.113542177,-6.505487526,0.000000000,-0.000000000,6.000000000,2.500000000,3.150317430,180.499892894,0.000000000,-2.784898281,2.000000000,0.500000000,-2.867877245,-164.317262297,0.000000000,2.679786205,1.000000000,0.500000000,-0.187495232,-10.742685451,0.000000000,0.430281579,0.500000000,0.200000003,1.346624374,77.155893242,0.000000000,0.000199606,0.000000000,0.100000001
2026-07-05 12:21:35.004,1783225295.004389048,130.011061960,1,1,129.864852240,1,0.005084897,5,1,0.001180330,5,1,0,1,0,0,1,1,1,0,1,0,-1.000000000,0.000000000,0.000000000,0.000000000,0,-1.000000000,0,0,0,,0,-1.000000000,,0,0,0.000000000,0.000000000,0,-1.000000000,0,,0,-1.000000000,,0,-1.000000000,0,,1,-0.113160707,-6.483630921,-0.007326126,-0.026862144,1,3.135058641,179.625628680,-0.002442360,-2.769229889,1,-2.864825487,-164.142409454,-0.002442360,2.673503876,1,-0.186350822,-10.677115635,-0.007326126,0.422466278,1,1.346240997,77.133927354,-0.012210846,-0.003663063,-0.113542177,-6.505487526,0.000000000,-0.000000000,6.000000000,2.500000000,3.150317430,180.499892894,0.000000000,-2.784898281,2.000000000,0.500000000,-2.867877245,-164.317262297,0.000000000,2.679786205,1.000000000,0.500000000,-0.187495232,-10.742685451,0.000000000,0.430281579,0.500000000,0.200000003,1.346624374,77.155893242,0.000000000,0.000199606,0.000000000,0.100000001
2026-07-05 12:21:36.004,1783225296.004426479,131.011099368,1,1,130.864889648,1,0.004955299,5,1,0.001173340,5,1,0,1,0,0,1,1,1,0,1,0,-1.000000000,0.000000000,0.000000000,0.000000000,0,-1.000000000,0,0,0,,0,-1.000000000,,0,0,0.000000000,0.000000000,0,-1.000000000,0,,0,-1.000000000,,0,-1.000000000,0,,1,-0.113160707,-6.483630921,-0.007326126,-0.021978378,1,3.135058641,179.625628680,-0.002442360,-2.769229889,1,-2.865206957,-164.164266060,-0.002442360,2.659828186,1,-0.186350822,-10.677115635,-0.007326126,0.422466278,1,1.346240997,77.133927354,-0.036628723,-0.003663063,-0.113542177,-6.505487526,0.000000000,-0.000000000,6.000000000,2.500000000,3.150317430,180.499892894,0.000000000,-2.784898281,2.000000000,0.500000000,-2.867877245,-164.317262297,0.000000000,2.679786205,1.000000000,0.500000000,-0.187495232,-10.742685451,0.000000000,0.430281579,0.500000000,0.200000003,1.346624374,77.155893242,0.000000000,0.000199606,0.000000000,0.100000001
2026-07-05 12:21:37.004,1783225297.004418135,132.011090878,1,1,131.864881158,1,0.005138571,5,1,0.000863565,5,1,0,1,0,0,1,1,1,0,1,0,-1.000000000,0.000000000,0.000000000,0.000000000,0,-1.000000000,0,0,0,,0,-1.000000000,,0,0,0.000000000,0.000000000,0,-1.000000000,0,,0,-1.000000000,,0,-1.000000000,0,,1,-0.113160707,-6.483630921,0.007326126,-0.021978378,1,3.135058641,179.625628680,-0.007326126,-2.769229889,1,-2.864825487,-164.142409454,-0.002442360,2.659828186,1,-0.186350822,-10.677115635,-0.007326126,0.422466278,1,1.346240997,77.133927354,0.012210846,-0.003663063,-0.113542177,-6.505487526,0.000000000,-0.000000000,6.000000000,2.500000000,3.150317430,180.499892894,0.000000000,-2.784898281,2.000000000,0.500000000,-2.867877245,-164.317262297,0.000000000,2.679786205,1.000000000,0.500000000,-0.187495232,-10.742685451,0.000000000,0.430281579,0.500000000,0.200000003,1.346624374,77.155893242,0.000000000,0.000199606,0.000000000,0.100000001
2026-07-05 12:21:38.004,1783225298.004415274,133.011088240,1,1,132.864878520,1,0.005130146,5,1,0.010892964,5,1,0,1,0,0,1,1,1,0,1,0,-1.000000000,0.000000000,0.000000000,0.000000000,0,-1.000000000,0,0,0,,0,-1.000000000,,0,0,0.000000000,0.000000000,0,-1.000000000,0,,0,-1.000000000,,0,-1.000000000,0,,1,-0.113160707,-6.483630921,-0.007326126,-0.021978378,1,3.135058641,179.625628680,-0.002442360,-2.782905579,1,-2.865206957,-164.164266060,-0.002442360,2.659828186,1,-0.186350822,-10.677115635,0.007326126,0.422466278,1,1.346240997,77.133927354,-0.012210846,-0.003663063,-0.113542177,-6.505487526,0.000000000,-0.000000000,6.000000000,2.500000000,3.150317430,180.499892894,0.000000000,-2.784898281,2.000000000,0.500000000,-2.867877245,-164.317262297,0.000000000,2.679786205,1.000000000,0.500000000,-0.187495232,-10.742685451,0.000000000,0.430281579,0.500000000,0.200000003,1.346624374,77.155893242,0.000000000,0.000199606,0.000000000,0.100000001
2026-07-05 12:21:39.004,1783225299.004406214,134.011079157,1,1,133.864869437,1,0.004840476,5,1,0.000498711,5,1,0,1,0,0,1,1,1,0,1,0,-1.000000000,0.000000000,0.000000000,0.000000000,0,-1.000000000,0,0,0,,0,-1.000000000,,0,0,0.000000000,0.000000000,0,-1.000000000,0,,0,-1.000000000,,0,-1.000000000,0,,1,-0.113160707,-6.483630921,-0.036630630,-0.026862144,1,3.135058641,179.625628680,-0.002442360,-2.769229889,1,-2.864825487,-164.142409454,-0.002442360,2.659828186,1,-0.186350822,-10.677115635,-0.007326126,0.422466278,1,1.346240997,77.133927354,0.012210846,-0.003663063,-0.113542177,-6.505487526,0.000000000,-0.000000000,6.000000000,2.500000000,3.150317430,180.499892894,0.000000000,-2.784898281,2.000000000,0.500000000,-2.867877245,-164.317262297,0.000000000,2.679786205,1.000000000,0.500000000,-0.187495232,-10.742685451,0.000000000,0.430281579,0.500000000,0.200000003,1.346624374,77.155893242,0.000000000,0.000199606,0.000000000,0.100000001
2026-07-05 12:21:40.004,1783225300.004421473,135.011094400,1,1,134.864884680,1,0.005341179,5,1,0.001138646,5,1,0,1,0,0,1,1,1,0,1,0,-1.000000000,0.000000000,0.000000000,0.000000000,0,-1.000000000,0,0,0,,0,-1.000000000,,0,0,0.000000000,0.000000000,0,-1.000000000,0,,0,-1.000000000,,0,-1.000000000,0,,1,-0.113160707,-6.483630921,-0.007326126,-0.026862144,1,3.135058641,179.625628680,-0.002442360,-2.769229889,1,-2.864825487,-164.142409454,-0.002442360,2.659828186,1,-0.186350822,-10.677115635,-0.021978378,0.422466278,1,1.346240997,77.133927354,-0.012210846,-0.003663063,-0.113542177,-6.505487526,0.000000000,-0.000000000,6.000000000,2.500000000,3.150317430,180.499892894,0.000000000,-2.784898281,2.000000000,0.500000000,-2.867877245,-164.317262297,0.000000000,2.679786205,1.000000000,0.500000000,-0.187495232,-10.742685451,0.000000000,0.430281579,0.500000000,0.200000003,1.346624374,77.155893242,0.000000000,0.000199606,0.000000000,0.100000001
2026-07-05 12:21:41.004,1783225301.004477262,136.011150088,1,1,135.864940368,1,0.005134803,5,1,0.000997241,5,1,0,1,0,0,1,1,1,0,1,0,-1.000000000,0.000000000,0.000000000,0.000000000,0,-1.000000000,0,0,0,,0,-1.000000000,,0,0,0.000000000,0.000000000,0,-1.000000000,0,,0,-1.000000000,,0,-1.000000000,0,,1,-0.113160707,-6.483630921,0.007326126,-0.026862144,1,3.135058641,179.625628680,-0.002442360,-2.782905579,1,-2.864825487,-164.142409454,-0.002442360,2.659828186,1,-0.186350822,-10.677115635,-0.007326126,0.422466278,1,1.346624374,77.155893242,-0.012210846,-0.003663063,-0.113542177,-6.505487526,0.000000000,-0.000000000,6.000000000,2.500000000,3.150317430,180.499892894,0.000000000,-2.784898281,2.000000000,0.500000000,-2.867877245,-164.317262297,0.000000000,2.679786205,1.000000000,0.500000000,-0.187495232,-10.742685451,0.000000000,0.430281579,0.500000000,0.200000003,1.346624374,77.155893242,0.000000000,0.000199606,0.000000000,0.100000001
2026-07-05 12:21:42.004,1783225302.004457712,137.011130532,1,1,136.864920812,1,0.005227326,5,1,0.001276522,5,1,0,1,0,0,1,1,1,0,1,0,-1.000000000,0.000000000,0.000000000,0.000000000,0,-1.000000000,0,0,0,,0,-1.000000000,,0,0,0.000000000,0.000000000,0,-1.000000000,0,,0,-1.000000000,,0,-1.000000000,0,,1,-0.113542177,-6.505487526,-0.021978378,-0.026862144,1,3.135058641,179.625628680,-0.002442360,-2.782905579,1,-2.864825487,-164.142409454,0.002442360,2.659828186,1,-0.186350822,-10.677115635,-0.021978378,0.422466278,1,1.346624374,77.155893242,0.012210846,-0.003663063,-0.113542177,-6.505487526,0.000000000,-0.000000000,6.000000000,2.500000000,3.150317430,180.499892894,0.000000000,-2.784898281,2.000000000,0.500000000,-2.867877245,-164.317262297,0.000000000,2.679786205,1.000000000,0.500000000,-0.187495232,-10.742685451,0.000000000,0.430281579,0.500000000,0.200000003,1.346624374,77.155893242,0.000000000,0.000199606,0.000000000,0.100000001
2026-07-05 12:21:43.005,1783225303.005178213,138.011851163,1,1,137.865641443,1,0.005243437,5,1,0.001355564,5,1,0,1,0,0,1,1,1,0,1,0,-1.000000000,0.000000000,0.000000000,0.000000000,0,-1.000000000,0,0,0,,0,-1.000000000,,0,0,0.000000000,0.000000000,0,-1.000000000,0,,0,-1.000000000,,0,-1.000000000,0,,1,-0.113160707,-6.483630921,-0.021978378,-0.031745911,1,3.135058641,179.625628680,-0.002442360,-2.782905579,1,-2.865206957,-164.164266060,-0.002442360,2.659828186,1,-0.186350822,-10.677115635,0.007326126,0.422466278,1,1.346624374,77.155893242,-0.012210846,-0.003663063,-0.113542177,-6.505487526,0.000000000,-0.000000000,6.000000000,2.500000000,3.150317430,180.499892894,0.000000000,-2.784898281,2.000000000,0.500000000,-2.867877245,-164.317262297,0.000000000,2.679786205,1.000000000,0.500000000,-0.187495232,-10.742685451,0.000000000,0.430281579,0.500000000,0.200000003,1.346624374,77.155893242,0.000000000,0.000199606,0.000000000,0.100000001
2026-07-05 12:21:44.004,1783225304.004496336,139.011169345,1,1,138.864959625,1,0.005320022,5,1,0.000882433,5,1,0,1,0,0,1,1,1,0,1,0,-1.000000000,0.000000000,0.000000000,0.000000000,0,-1.000000000,0,0,0,,0,-1.000000000,,0,0,0.000000000,0.000000000,0,-1.000000000,0,,0,-1.000000000,,0,-1.000000000,0,,1,-0.113160707,-6.483630921,-0.007326126,-0.026862144,1,3.135058641,179.625628680,-0.002442360,-2.769229889,1,-2.864825487,-164.142409454,-0.002442360,2.659828186,1,-0.186350822,-10.677115635,-0.007326126,0.422466278,1,1.346240997,77.133927354,-0.012210846,-0.003663063,-0.113542177,-6.505487526,0.000000000,-0.000000000,6.000000000,2.500000000,3.150317430,180.499892894,0.000000000,-2.784898281,2.000000000,0.500000000,-2.867877245,-164.317262297,0.000000000,2.679786205,1.000000000,0.500000000,-0.187495232,-10.742685451,0.000000000,0.430281579,0.500000000,0.200000003,1.346624374,77.155893242,0.000000000,0.000199606,0.000000000,0.100000001
2026-07-05 12:21:45.005,1783225305.004489899,140.011162941,1,1,139.864953221,1,0.005041898,5,1,0.000529606,5,1,0,1,0,0,1,1,1,0,1,0,-1.000000000,0.000000000,0.000000000,0.000000000,0,-1.000000000,0,0,0,,0,-1.000000000,,0,0,0.000000000,0.000000000,0,-1.000000000,0,,0,-1.000000000,,0,-1.000000000,0,,1,-0.113160707,-6.483630921,-0.021978378,-0.026862144,1,3.135058641,179.625628680,-0.002442360,-2.782905579,1,-2.865206957,-164.164266060,-0.002442360,2.659828186,1,-0.186350822,-10.677115635,-0.021978378,0.422466278,1,1.346240997,77.133927354,-0.036628723,-0.006104946,-0.113542177,-6.505487526,0.000000000,-0.000000000,6.000000000,2.500000000,3.150317430,180.499892894,0.000000000,-2.784898281,2.000000000,0.500000000,-2.867877245,-164.317262297,0.000000000,2.679786205,1.000000000,0.500000000,-0.187495232,-10.742685451,0.000000000,0.430281579,0.500000000,0.200000003,1.346624374,77.155893242,0.000000000,0.000199606,0.000000000,0.100000001
2026-07-05 12:21:46.004,1783225306.004461527,141.011134431,1,1,140.864924711,1,0.005147019,5,1,0.000890251,5,1,0,1,0,0,1,1,1,0,1,0,-1.000000000,0.000000000,0.000000000,0.000000000,0,-1.000000000,0,0,0,,0,-1.000000000,,0,0,0.000000000,0.000000000,0,-1.000000000,0,,0,-1.000000000,,0,-1.000000000,0,,1,-0.113160707,-6.483630921,0.007326126,-0.021978378,1,3.135058641,179.625628680,-0.007326126,-2.769229889,1,-2.864825487,-164.142409454,-0.002442360,2.659828186,1,-0.186350822,-10.677115635,-0.007326126,0.422466278,1,1.346240997,77.133927354,-0.012210846,-0.003663063,-0.113542177,-6.505487526,0.000000000,-0.000000000,6.000000000,2.500000000,3.150317430,180.499892894,0.000000000,-2.784898281,2.000000000,0.500000000,-2.867877245,-164.317262297,0.000000000,2.679786205,1.000000000,0.500000000,-0.187495232,-10.742685451,0.000000000,0.430281579,0.500000000,0.200000003,1.346624374,77.155893242,0.000000000,0.000199606,0.000000000,0.100000001
2026-07-05 12:21:47.004,1783225307.004493713,142.011166881,1,1,141.864957161,1,0.004901371,5,1,0.000687686,5,1,0,1,0,0,1,1,1,0,1,0,-1.000000000,0.000000000,0.000000000,0.000000000,0,-1.000000000,0,0,0,,0,-1.000000000,,0,0,0.000000000,0.000000000,0,-1.000000000,0,,0,-1.000000000,,0,-1.000000000,0,,1,-0.113160707,-6.483630921,-0.007326126,-0.026862144,1,3.135058641,179.625628680,-0.002442360,-2.782905579,1,-2.865206957,-164.164266060,-0.007326126,2.659828186,1,-0.186350822,-10.677115635,0.007326126,0.422466278,1,1.346240997,77.133927354,-0.012210846,-0.003663063,-0.113542177,-6.505487526,0.000000000,-0.000000000,6.000000000,2.500000000,3.150317430,180.499892894,0.000000000,-2.784898281,2.000000000,0.500000000,-2.867877245,-164.317262297,0.000000000,2.679786205,1.000000000,0.500000000,-0.187495232,-10.742685451,0.000000000,0.430281579,0.500000000,0.200000003,1.346624374,77.155893242,0.000000000,0.000199606,0.000000000,0.100000001
2026-07-05 12:21:48.004,1783225308.004419804,143.011092714,1,1,142.864882994,1,0.004900253,5,1,0.001161547,5,1,0,1,0,0,1,1,1,0,1,0,-1.000000000,0.000000000,0.000000000,0.000000000,0,-1.000000000,0,0,0,,0,-1.000000000,,0,0,0.000000000,0.000000000,0,-1.000000000,0,,0,-1.000000000,,0,-1.000000000,0,,1,-0.113160707,-6.483630921,-0.021978378,-0.021978378,1,3.135058641,179.625628680,0.002442360,-2.769229889,1,-2.864825487,-164.142409454,-0.002442360,2.673503876,1,-0.186350822,-10.677115635,-0.007326126,0.422466278,1,1.346240997,77.133927354,0.012210846,-0.003663063,-0.113542177,-6.505487526,0.000000000,-0.000000000,6.000000000,2.500000000,3.150317430,180.499892894,0.000000000,-2.784898281,2.000000000,0.500000000,-2.867877245,-164.317262297,0.000000000,2.679786205,1.000000000,0.500000000,-0.187495232,-10.742685451,0.000000000,0.430281579,0.500000000,0.200000003,1.346624374,77.155893242,0.000000000,0.000199606,0.000000000,0.100000001
2026-07-05 12:21:49.004,1783225309.004426956,144.011099914,1,1,143.864890194,1,0.005187973,5,1,0.000748538,5,1,0,1,0,0,1,1,1,0,1,0,-1.000000000,0.000000000,0.000000000,0.000000000,0,-1.000000000,0,0,0,,0,-1.000000000,,0,0,0.000000000,0.000000000,0,-1.000000000,0,,0,-1.000000000,,0,-1.000000000,0,,1,-0.113160707,-6.483630921,-0.021978378,-0.026862144,1,3.135058641,179.625628680,-0.002442360,-2.769229889,1,-2.865206957,-164.164266060,-0.002442360,2.659828186,1,-0.186350822,-10.677115635,-0.007326126,0.422466278,1,1.346624374,77.155893242,-0.012210846,-0.003663063,-0.113542177,-6.505487526,0.000000000,-0.000000000,6.000000000,2.500000000,3.150317430,180.499892894,0.000000000,-2.784898281,2.000000000,0.500000000,-2.867877245,-164.317262297,0.000000000,2.679786205,1.000000000,0.500000000,-0.187495232,-10.742685451,0.000000000,0.430281579,0.500000000,0.200000003,1.346624374,77.155893242,0.000000000,0.000199606,0.000000000,0.100000001
2026-07-05 12:21:50.004,1783225310.004418135,145.011091085,1,1,144.864881365,1,0.005538110,5,1,0.000553314,5,1,0,1,0,0,1,1,1,0,1,0,-1.000000000,0.000000000,0.000000000,0.000000000,0,-1.000000000,0,0,0,,0,-1.000000000,,0,0,0.000000000,0.000000000,0,-1.000000000,0,,0,-1.000000000,,0,-1.000000000,0,,1,-0.113160707,-6.483630921,-0.021978378,-0.026862144,1,3.135058641,179.625628680,-0.002442360,-2.782905579,1,-2.865206957,-164.164266060,-0.007326126,2.659828186,1,-0.186350822,-10.677115635,0.007326126,0.422466278,1,1.346240997,77.133927354,-0.012210846,-0.003663063,-0.113542177,-6.505487526,0.000000000,-0.000000000,6.000000000,2.500000000,3.150317430,180.499892894,0.000000000,-2.784898281,2.000000000,0.500000000,-2.867877245,-164.317262297,0.000000000,2.679786205,1.000000000,0.500000000,-0.187495232,-10.742685451,0.000000000,0.430281579,0.500000000,0.200000003,1.346624374,77.155893242,0.000000000,0.000199606,0.000000000,0.100000001
2026-07-05 12:21:51.004,1783225311.004462242,146.011135306,1,1,145.864925586,1,0.005053537,5,1,0.000106093,5,1,0,1,0,0,1,1,1,0,1,0,-1.000000000,0.000000000,0.000000000,0.000000000,0,-1.000000000,0,0,0,,0,-1.000000000,,0,0,0.000000000,0.000000000,0,-1.000000000,0,,0,-1.000000000,,0,-1.000000000,0,,1,-0.113160707,-6.483630921,-0.007326126,-0.021978378,1,3.135058641,179.625628680,-0.002442360,-2.782905579,1,-2.865206957,-164.164266060,-0.002442360,2.659828186,1,-0.186350822,-10.677115635,0.007326126,0.422466278,1,1.346240997,77.133927354,-0.061050415,-0.003663063,-0.113542177,-6.505487526,0.000000000,-0.000000000,6.000000000,2.500000000,3.150317430,180.499892894,0.000000000,-2.784898281,2.000000000,0.500000000,-2.867877245,-164.317262297,0.000000000,2.679786205,1.000000000,0.500000000,-0.187495232,-10.742685451,0.000000000,0.430281579,0.500000000,0.200000003,1.346624374,77.155893242,0.000000000,0.000199606,0.000000000,0.100000001
2026-07-05 12:21:52.004,1783225312.004409313,147.011082255,1,1,146.864872535,1,0.004910728,5,1,0.000813773,5,1,0,1,0,0,1,1,1,0,1,0,-1.000000000,0.000000000,0.000000000,0.000000000,0,-1.000000000,0,0,0,,0,-1.000000000,,0,0,0.000000000,0.000000000,0,-1.000000000,0,,0,-1.000000000,,0,-1.000000000,0,,1,-0.113160707,-6.483630921,-0.007326126,-0.026862144,1,3.135058641,179.625628680,-0.002442360,-2.782905579,1,-2.864825487,-164.142409454,-0.002442360,2.659828186,1,-0.186350822,-10.677115635,-0.007326126,0.422466278,1,1.346240997,77.133927354,-0.012210846,-0.003663063,-0.113542177,-6.505487526,0.000000000,-0.000000000,6.000000000,2.500000000,3.150317430,180.499892894,0.000000000,-2.784898281,2.000000000,0.500000000,-2.867877245,-164.317262297,0.000000000,2.679786205,1.000000000,0.500000000,-0.187495232,-10.742685451,0.000000000,0.430281579,0.500000000,0.200000003,1.346624374,77.155893242,0.000000000,0.000199606,0.000000000,0.100000001
2026-07-05 12:21:53.004,1783225313.004495144,148.011167984,1,1,147.864958264,1,0.005382989,5,1,0.001292638,5,1,0,1,0,0,1,1,1,0,1,0,-1.000000000,0.000000000,0.000000000,0.000000000,0,-1.000000000,0,0,0,,0,-1.000000000,,0,0,0.000000000,0.000000000,0,-1.000000000,0,,0,-1.000000000,,0,-1.000000000,0,,1,-0.113160707,-6.483630921,-0.021978378,-0.026862144,1,3.135058641,179.625628680,0.002442360,-2.769229889,1,-2.864825487,-164.142409454,-0.002442360,2.659828186,1,-0.186350822,-10.677115635,0.007326126,0.422466278,1,1.346240997,77.133927354,-0.012210846,-0.003663063,-0.113542177,-6.505487526,0.000000000,-0.000000000,6.000000000,2.500000000,3.150317430,180.499892894,0.000000000,-2.784898281,2.000000000,0.500000000,-2.867877245,-164.317262297,0.000000000,2.679786205,1.000000000,0.500000000,-0.187495232,-10.742685451,0.000000000,0.430281579,0.500000000,0.200000003,1.346624374,77.155893242,0.000000000,0.000199606,0.000000000,0.100000001
2026-07-05 12:21:54.004,1783225314.004411936,149.011084774,1,1,148.864875054,1,0.005341608,5,1,0.000864845,5,1,0,1,0,0,1,1,1,0,1,0,-1.000000000,0.000000000,0.000000000,0.000000000,0,-1.000000000,0,0,0,,0,-1.000000000,,0,0,0.000000000,0.000000000,0,-1.000000000,0,,0,-1.000000000,,0,-1.000000000,0,,1,-0.113160707,-6.483630921,0.007326126,-0.026862144,1,3.135058641,179.625628680,-0.002442360,-2.769229889,1,-2.865206957,-164.164266060,-0.002442360,2.659828186,1,-0.186350822,-10.677115635,-0.007326126,0.422466278,1,1.346240997,77.133927354,-0.036628723,-0.006104946,-0.113542177,-6.505487526,0.000000000,-0.000000000,6.000000000,2.500000000,3.150317430,180.499892894,0.000000000,-2.784898281,2.000000000,0.500000000,-2.867877245,-164.317262297,0.000000000,2.679786205,1.000000000,0.500000000,-0.187495232,-10.742685451,0.000000000,0.430281579,0.500000000,0.200000003,1.346624374,77.155893242,0.000000000,0.000199606,0.000000000,0.100000001
2026-07-05 12:21:55.004,1783225315.004508495,150.011181274,1,1,149.864971554,1,0.005401382,5,1,0.000555115,5,1,0,1,0,0,1,1,1,0,1,0,-1.000000000,0.000000000,0.000000000,0.000000000,0,-1.000000000,0,0,0,,0,-1.000000000,,0,0,0.000000000,0.000000000,0,-1.000000000,0,,0,-1.000000000,,0,-1.000000000,0,,1,-0.113542177,-6.505487526,0.007326126,-0.026862144,1,3.135058641,179.625628680,-0.007326126,-2.782905579,1,-2.865206957,-164.164266060,-0.002442360,2.673503876,1,-0.186350822,-10.677115635,-0.007326126,0.422466278,1,1.346240997,77.133927354,-0.012210846,-0.003663063,-0.113542177,-6.505487526,0.000000000,-0.000000000,6.000000000,2.500000000,3.150317430,180.499892894,0.000000000,-2.784898281,2.000000000,0.500000000,-2.867877245,-164.317262297,0.000000000,2.679786205,1.000000000,0.500000000,-0.187495232,-10.742685451,0.000000000,0.430281579,0.500000000,0.200000003,1.346624374,77.155893242,0.000000000,0.000199606,0.000000000,0.100000001
2026-07-05 12:21:56.004,1783225316.004538059,151.011211047,1,1,150.865001327,1,0.005220120,5,1,0.000692243,5,1,0,1,0,0,1,1,1,0,1,0,-1.000000000,0.000000000,0.000000000,0.000000000,0,-1.000000000,0,0,0,,0,-1.000000000,,0,0,0.000000000,0.000000000,0,-1.000000000,0,,0,-1.000000000,,0,-1.000000000,0,,1,-0.113542177,-6.505487526,-0.021978378,-0.026862144,1,3.135058641,179.625628680,-0.002442360,-2.769229889,1,-2.865206957,-164.164266060,-0.002442360,2.659828186,1,-0.186350822,-10.677115635,-0.007326126,0.422466278,1,1.346240997,77.133927354,-0.036628723,-0.003663063,-0.113542177,-6.505487526,0.000000000,-0.000000000,6.000000000,2.500000000,3.150317430,180.499892894,0.000000000,-2.784898281,2.000000000,0.500000000,-2.867877245,-164.317262297,0.000000000,2.679786205,1.000000000,0.500000000,-0.187495232,-10.742685451,0.000000000,0.430281579,0.500000000,0.200000003,1.346624374,77.155893242,0.000000000,0.000199606,0.000000000,0.100000001
2026-07-05 12:21:57.004,1783225317.004489660,152.011162676,1,1,151.864952956,1,0.004923877,5,1,0.000817031,5,1,0,1,0,0,1,1,1,0,1,0,-1.000000000,0.000000000,0.000000000,0.000000000,0,-1.000000000,0,0,0,,0,-1.000000000,,0,0,0.000000000,0.000000000,0,-1.000000000,0,,0,-1.000000000,,0,-1.000000000,0,,1,-0.113160707,-6.483630921,-0.007326126,-0.026862144,1,3.135058641,179.625628680,-0.002442360,-2.769229889,1,-2.864825487,-164.142409454,-0.002442360,2.659828186,1,-0.186350822,-10.677115635,-0.007326126,0.422466278,1,1.346240997,77.133927354,-0.036628723,-0.003663063,-0.113542177,-6.505487526,0.000000000,-0.000000000,6.000000000,2.500000000,3.150317430,180.499892894,0.000000000,-2.784898281,2.000000000,0.500000000,-2.867877245,-164.317262297,0.000000000,2.679786205,1.000000000,0.500000000,-0.187495232,-10.742685451,0.000000000,0.430281579,0.500000000,0.200000003,1.346624374,77.155893242,0.000000000,0.000199606,0.000000000,0.100000001
2026-07-05 12:21:58.005,1783225318.004472017,153.011145024,1,1,152.864935304,1,0.004841079,5,1,0.000240393,5,1,0,1,0,0,1,1,1,0,1,0,-1.000000000,0.000000000,0.000000000,0.000000000,0,-1.000000000,0,0,0,,0,-1.000000000,,0,0,0.000000000,0.000000000,0,-1.000000000,0,,0,-1.000000000,,0,-1.000000000,0,,1,-0.113160707,-6.483630921,-0.007326126,-0.031745911,1,3.135058641,179.625628680,-0.002442360,-2.782905579,1,-2.865206957,-164.164266060,-0.002442360,2.673503876,1,-0.186350822,-10.677115635,-0.007326126,0.422466278,1,1.346240997,77.133927354,-0.012210846,-0.003663063,-0.113542177,-6.505487526,0.000000000,-0.000000000,6.000000000,2.500000000,3.150317430,180.499892894,0.000000000,-2.784898281,2.000000000,0.500000000,-2.867877245,-164.317262297,0.000000000,2.679786205,1.000000000,0.500000000,-0.187495232,-10.742685451,0.000000000,0.430281579,0.500000000,0.200000003,1.346624374,77.155893242,0.000000000,0.000199606,0.000000000,0.100000001
2026-07-05 12:21:59.004,1783225319.004411697,154.011084476,1,1,153.864874756,1,0.005002612,5,1,0.000948380,5,1,0,1,0,0,1,1,1,0,1,0,-1.000000000,0.000000000,0.000000000,0.000000000,0,-1.000000000,0,0,0,,0,-1.000000000,,0,0,0.000000000,0.000000000,0,-1.000000000,0,,0,-1.000000000,,0,-1.000000000,0,,0,-0.113542177,-6.505487526,-0.021978378,-0.026862144,0,3.135058641,179.625628680,-0.002442360,-2.782905579,0,-2.864825487,-164.142409454,-0.002442360,2.673503876,0,-0.186350822,-10.677115635,0.007326126,0.422466278,0,1.346240997,77.133927354,0.012210846,-0.003663063,-0.113542177,-6.505487526,0.000000000,-0.000000000,6.000000000,2.500000000,3.150317430,180.499892894,0.000000000,-2.784898281,2.000000000,0.500000000,-2.867877245,-164.317262297,0.000000000,2.679786205,1.000000000,0.500000000,-0.187495232,-10.742685451,0.000000000,0.430281579,0.500000000,0.200000003,1.346624374,77.155893242,0.000000000,0.000199606,0.000000000,0.100000001
2026-07-05 12:22:00.004,1783225320.004433155,155.011106208,1,1,154.864896488,1,0.005053889,5,1,0.001102507,5,1,0,1,0,0,1,1,1,0,1,0,-1.000000000,0.000000000,0.000000000,0.000000000,0,-1.000000000,0,0,0,,0,-1.000000000,,0,0,0.000000000,0.000000000,0,-1.000000000,0,,0,-1.000000000,,0,-1.000000000,0,,1,-0.113160707,-6.483630921,-0.007326126,-0.026862144,1,3.135058641,179.625628680,-0.002442360,-2.782905579,1,-2.865206957,-164.164266060,-0.002442360,2.673503876,1,-0.186350822,-10.677115635,-0.007326126,0.422466278,1,1.346240997,77.133927354,-0.012210846,-0.003663063,-0.113542177,-6.505487526,0.000000000,-0.000000000,6.000000000,2.500000000,3.150317430,180.499892894,0.000000000,-2.784898281,2.000000000,0.500000000,-2.867877245,-164.317262297,0.000000000,2.679786205,1.000000000,0.500000000,-0.187495232,-10.742685451,0.000000000,0.430281579,0.500000000,0.200000003,1.346624374,77.155893242,0.000000000,0.000199606,0.000000000,0.100000001
2026-07-05 12:22:01.004,1783225321.004439592,156.011112524,1,1,155.864902804,1,0.004863204,5,1,0.000552029,5,1,0,1,0,0,1,1,1,0,1,0,-1.000000000,0.000000000,0.000000000,0.000000000,0,-1.000000000,0,0,0,,0,-1.000000000,,0,0,0.000000000,0.000000000,0,-1.000000000,0,,0,-1.000000000,,0,-1.000000000,0,,1,-0.113160707,-6.483630921,-0.007326126,-0.026862144,1,3.135058641,179.625628680,-0.002442360,-2.769229889,1,-2.864825487,-164.142409454,-0.002442360,2.659828186,1,-0.186350822,-10.677115635,-0.021978378,0.422466278,1,1.346240997,77.133927354,-0.036628723,-0.003663063,-0.113542177,-6.505487526,0.000000000,-0.000000000,6.000000000,2.500000000,3.150317430,180.499892894,0.000000000,-2.784898281,2.000000000,0.500000000,-2.867877245,-164.317262297,0.000000000,2.679786205,1.000000000,0.500000000,-0.187495232,-10.742685451,0.000000000,0.430281579,0.500000000,0.200000003,1.346624374,77.155893242,0.000000000,0.000199606,0.000000000,0.100000001
2026-07-05 12:22:02.004,1783225322.004434586,157.011107688,1,1,156.864897968,1,0.004785339,5,1,0.000714426,5,1,0,1,0,0,1,1,1,0,1,0,-1.000000000,0.000000000,0.000000000,0.000000000,0,-1.000000000,0,0,0,,0,-1.000000000,,0,0,0.000000000,0.000000000,0,-1.000000000,0,,0,-1.000000000,,0,-1.000000000,0,,1,-0.113160707,-6.483630921,-0.007326126,-0.026862144,1,3.135058641,179.625628680,-0.007326126,-2.782905579,1,-2.865206957,-164.164266060,0.002442360,2.659828186,1,-0.186350822,-10.677115635,-0.007326126,0.422466278,1,1.346624374,77.155893242,0.012210846,-0.003663063,-0.113542177,-6.505487526,0.000000000,-0.000000000,6.000000000,2.500000000,3.150317430,180.499892894,0.000000000,-2.784898281,2.000000000,0.500000000,-2.867877245,-164.317262297,0.000000000,2.679786205,1.000000000,0.500000000,-0.187495232,-10.742685451,0.000000000,0.430281579,0.500000000,0.200000003,1.346624374,77.155893242,0.000000000,0.000199606,0.000000000,0.100000001
2026-07-05 12:22:03.004,1783225323.004482269,158.011155149,1,1,157.864945429,1,0.004890309,5,1,0.000390171,5,1,0,1,0,0,1,1,1,0,1,0,-1.000000000,0.000000000,0.000000000,0.000000000,0,-1.000000000,0,0,0,,0,-1.000000000,,0,0,0.000000000,0.000000000,0,-1.000000000,0,,0,-1.000000000,,0,-1.000000000,0,,1,-0.113160707,-6.483630921,0.007326126,-0.026862144,1,3.135058641,179.625628680,-0.002442360,-2.769229889,1,-2.864825487,-164.142409454,-0.002442360,2.659828186,1,-0.186350822,-10.677115635,0.007326126,0.422466278,1,1.346624374,77.155893242,0.012210846,-0.003663063,-0.113542177,-6.505487526,0.000000000,-0.000000000,6.000000000,2.500000000,3.150317430,180.499892894,0.000000000,-2.784898281,2.000000000,0.500000000,-2.867877245,-164.317262297,0.000000000,2.679786205,1.000000000,0.500000000,-0.187495232,-10.742685451,0.000000000,0.430281579,0.500000000,0.200000003,1.346624374,77.155893242,0.000000000,0.000199606,0.000000000,0.100000001
2026-07-05 12:22:04.004,1783225324.004410505,159.011083655,1,1,158.864873935,1,0.004904507,5,1,0.000877331,5,1,0,1,0,0,1,1,1,0,1,0,-1.000000000,0.000000000,0.000000000,0.000000000,0,-1.000000000,0,0,0,,0,-1.000000000,,0,0,0.000000000,0.000000000,0,-1.000000000,0,,0,-1.000000000,,0,-1.000000000,0,,1,-0.113542177,-6.505487526,-0.007326126,-0.026862144,1,3.135058641,179.625628680,-0.002442360,-2.769229889,1,-2.865206957,-164.164266060,-0.002442360,2.659828186,1,-0.186350822,-10.677115635,-0.007326126,0.422466278,1,1.346624374,77.155893242,-0.012210846,-0.003663063,-0.113542177,-6.505487526,0.000000000,-0.000000000,6.000000000,2.500000000,3.150317430,180.499892894,0.000000000,-2.784898281,2.000000000,0.500000000,-2.867877245,-164.317262297,0.000000000,2.679786205,1.000000000,0.500000000,-0.187495232,-10.742685451,0.000000000,0.430281579,0.500000000,0.200000003,1.346624374,77.155893242,0.000000000,0.000199606,0.000000000,0.100000001
2026-07-05 12:22:05.004,1783225325.004422903,160.011095798,1,1,159.864886078,1,0.005241491,5,1,0.001007190,5,1,0,1,0,0,1,1,1,0,1,0,-1.000000000,0.000000000,0.000000000,0.000000000,0,-1.000000000,0,0,0,,0,-1.000000000,,0,0,0.000000000,0.000000000,0,-1.000000000,0,,0,-1.000000000,,0,-1.000000000,0,,1,-0.113160707,-6.483630921,-0.007326126,-0.026862144,1,3.135058641,179.625628680,-0.002442360,-2.782905579,1,-2.865206957,-164.164266060,-0.007326126,2.659828186,1,-0.186350822,-10.677115635,0.021978378,0.422466278,1,1.346240997,77.133927354,0.012210846,-0.001221180,-0.113542177,-6.505487526,0.000000000,-0.000000000,6.000000000,2.500000000,3.150317430,180.499892894,0.000000000,-2.784898281,2.000000000,0.500000000,-2.867877245,-164.317262297,0.000000000,2.679786205,1.000000000,0.500000000,-0.187495232,-10.742685451,0.000000000,0.430281579,0.500000000,0.200000003,1.346624374,77.155893242,0.000000000,0.000199606,0.000000000,0.100000001
2026-07-05 12:22:06.004,1783225326.004452467,161.011125277,1,1,160.864915557,1,0.004731057,5,1,0.001132495,5,1,0,1,0,0,1,1,1,0,1,0,-1.000000000,0.000000000,0.000000000,0.000000000,0,-1.000000000,0,0,0,,0,-1.000000000,,0,0,0.000000000,0.000000000,0,-1.000000000,0,,0,-1.000000000,,0,-1.000000000,0,,1,-0.113160707,-6.483630921,-0.007326126,-0.021978378,1,3.135058641,179.625628680,-0.002442360,-2.769229889,1,-2.864825487,-164.142409454,-0.002442360,2.659828186,1,-0.186350822,-10.677115635,-0.007326126,0.422466278,1,1.346240997,77.133927354,-0.036628723,-0.003663063,-0.113542177,-6.505487526,0.000000000,-0.000000000,6.000000000,2.500000000,3.150317430,180.499892894,0.000000000,-2.784898281,2.000000000,0.500000000,-2.867877245,-164.317262297,0.000000000,2.679786205,1.000000000,0.500000000,-0.187495232,-10.742685451,0.000000000,0.430281579,0.500000000,0.200000003,1.346624374,77.155893242,0.000000000,0.000199606,0.000000000,0.100000001
2026-07-05 12:22:07.004,1783225327.004384756,162.011057736,1,1,161.864848016,1,0.005688831,5,1,0.001228606,5,1,0,1,0,0,1,1,1,0,1,0,-1.000000000,0.000000000,0.000000000,0.000000000,0,-1.000000000,0,0,0,,0,-1.000000000,,0,0,0.000000000,0.000000000,0,-1.000000000,0,,0,-1.000000000,,0,-1.000000000,0,,1,-0.113160707,-6.483630921,-0.007326126,-0.026862144,1,3.135058641,179.625628680,-0.002442360,-2.782905579,1,-2.864825487,-164.142409454,-0.002442360,2.659828186,1,-0.186350822,-10.677115635,-0.021978378,0.422466278,1,1.346624374,77.155893242,-0.012210846,-0.003663063,-0.113542177,-6.505487526,0.000000000,-0.000000000,6.000000000,2.500000000,3.150317430,180.499892894,0.000000000,-2.784898281,2.000000000,0.500000000,-2.867877245,-164.317262297,0.000000000,2.679786205,1.000000000,0.500000000,-0.187495232,-10.742685451,0.000000000,0.430281579,0.500000000,0.200000003,1.346624374,77.155893242,0.000000000,0.000199606,0.000000000,0.100000001
2026-07-05 12:22:08.004,1783225328.004403830,163.011076564,1,1,162.864866844,1,0.004407454,5,1,0.000489664,5,1,0,1,0,0,1,1,1,0,1,0,-1.000000000,0.000000000,0.000000000,0.000000000,0,-1.000000000,0,0,0,,0,-1.000000000,,0,0,0.000000000,0.000000000,0,-1.000000000,0,,0,-1.000000000,,0,-1.000000000,0,,1,-0.113160707,-6.483630921,-0.021978378,-0.026862144,1,3.135058641,179.625628680,0.002442360,-2.782905579,1,-2.865206957,-164.164266060,-0.002442360,2.659828186,1,-0.186350822,-10.677115635,-0.021978378,0.422466278,1,1.346240997,77.133927354,0.012210846,-0.003663063,-0.113542177,-6.505487526,0.000000000,-0.000000000,6.000000000,2.500000000,3.150317430,180.499892894,0.000000000,-2.784898281,2.000000000,0.500000000,-2.867877245,-164.317262297,0.000000000,2.679786205,1.000000000,0.500000000,-0.187495232,-10.742685451,0.000000000,0.430281579,0.500000000,0.200000003,1.346624374,77.155893242,0.000000000,0.000199606,0.000000000,0.100000001
2026-07-05 12:22:09.004,1783225329.004430532,164.011103472,1,1,163.864893752,1,0.004778869,5,1,0.000694591,5,1,0,1,0,0,1,1,1,0,1,0,-1.000000000,0.000000000,0.000000000,0.000000000,0,-1.000000000,0,0,0,,0,-1.000000000,,0,0,0.000000000,0.000000000,0,-1.000000000,0,,0,-1.000000000,,0,-1.000000000,0,,1,-0.113160707,-6.483630921,-0.021978378,-0.026862144,1,3.135058641,179.625628680,0.002442360,-2.769229889,1,-2.865206957,-164.164266060,-0.002442360,2.659828186,1,-0.186350822,-10.677115635,-0.007326126,0.422466278,1,1.346240997,77.133927354,-0.012210846,-0.001221180,-0.113542177,-6.505487526,0.000000000,-0.000000000,6.000000000,2.500000000,3.150317430,180.499892894,0.000000000,-2.784898281,2.000000000,0.500000000,-2.867877245,-164.317262297,0.000000000,2.679786205,1.000000000,0.500000000,-0.187495232,-10.742685451,0.000000000,0.430281579,0.500000000,0.200000003,1.346624374,77.155893242,0.000000000,0.000199606,0.000000000,0.100000001
2026-07-05 12:22:10.005,1783225330.004547834,165.011220800,1,1,164.865011080,1,0.005270946,5,1,0.000820123,5,1,0,1,0,0,1,1,1,0,1,0,-1.000000000,0.000000000,0.000000000,0.000000000,0,-1.000000000,0,0,0,,0,-1.000000000,,0,0,0.000000000,0.000000000,0,-1.000000000,0,,0,-1.000000000,,0,-1.000000000,0,,1,-0.113160707,-6.483630921,-0.021978378,-0.026862144,1,3.135058641,179.625628680,-0.002442360,-2.782905579,1,-2.864825487,-164.142409454,-0.002442360,2.659828186,1,-0.186350822,-10.677115635,-0.007326126,0.422466278,1,1.346240997,77.133927354,-0.012210846,-0.003663063,-0.113542177,-6.505487526,0.000000000,-0.000000000,6.000000000,2.500000000,3.150317430,180.499892894,0.000000000,-2.784898281,2.000000000,0.500000000,-2.867877245,-164.317262297,0.000000000,2.679786205,1.000000000,0.500000000,-0.187495232,-10.742685451,0.000000000,0.430281579,0.500000000,0.200000003,1.346624374,77.155893242,0.000000000,0.000199606,0.000000000,0.100000001
2026-07-05 12:22:11.004,1783225331.004395008,166.011067961,1,1,165.864858241,1,0.004945781,5,1,0.001198520,5,1,0,1,0,0,1,1,1,0,1,0,-1.000000000,0.000000000,0.000000000,0.000000000,0,-1.000000000,0,0,0,,0,-1.000000000,,0,0,0.000000000,0.000000000,0,-1.000000000,0,,0,-1.000000000,,0,-1.000000000,0,,1,-0.113160707,-6.483630921,-0.021978378,-0.021978378,1,3.135058641,179.625628680,-0.002442360,-2.782905579,1,-2.864825487,-164.142409454,-0.002442360,2.659828186,1,-0.186350822,-10.677115635,-0.007326126,0.422466278,1,1.346240997,77.133927354,-0.061050415,-0.003663063,-0.113542177,-6.505487526,0.000000000,-0.000000000,6.000000000,2.500000000,3.150317430,180.499892894,0.000000000,-2.784898281,2.000000000,0.500000000,-2.867877245,-164.317262297,0.000000000,2.679786205,1.000000000,0.500000000,-0.187495232,-10.742685451,0.000000000,0.430281579,0.500000000,0.200000003,1.346624374,77.155893242,0.000000000,0.000199606,0.000000000,0.100000001
2026-07-05 12:22:12.004,1783225332.004457712,167.011130546,1,1,166.864920826,1,0.005549742,5,1,0.001250308,5,1,0,1,0,0,1,1,1,0,1,0,-1.000000000,0.000000000,0.000000000,0.000000000,0,-1.000000000,0,0,0,,0,-1.000000000,,0,0,0.000000000,0.000000000,0,-1.000000000,0,,0,-1.000000000,,0,-1.000000000,0,,1,-0.113160707,-6.483630921,0.007326126,-0.021978378,1,3.135058641,179.625628680,-0.007326126,-2.769229889,1,-2.864825487,-164.142409454,-0.002442360,2.659828186,1,-0.186350822,-10.677115635,-0.007326126,0.422466278,1,1.346240997,77.133927354,-0.036628723,-0.003663063,-0.113542177,-6.505487526,0.000000000,-0.000000000,6.000000000,2.500000000,3.150317430,180.499892894,0.000000000,-2.784898281,2.000000000,0.500000000,-2.867877245,-164.317262297,0.000000000,2.679786205,1.000000000,0.500000000,-0.187495232,-10.742685451,0.000000000,0.430281579,0.500000000,0.200000003,1.346624374,77.155893242,0.000000000,0.000199606,0.000000000,0.100000001
2026-07-05 12:22:13.004,1783225333.004394770,168.011067555,1,1,167.864857835,1,0.004652472,5,1,0.000778923,5,1,0,1,0,0,1,1,1,0,1,0,-1.000000000,0.000000000,0.000000000,0.000000000,0,-1.000000000,0,0,0,,0,-1.000000000,,0,0,0.000000000,0.000000000,0,-1.000000000,0,,0,-1.000000000,,0,-1.000000000,0,,1,-0.113542177,-6.505487526,-0.007326126,-0.026862144,1,3.135058641,179.625628680,-0.002442360,-2.782905579,1,-2.865206957,-164.164266060,-0.002442360,2.673503876,1,-0.186350822,-10.677115635,0.007326126,0.422466278,1,1.346240997,77.133927354,-0.012210846,-0.003663063,-0.113542177,-6.505487526,0.000000000,-0.000000000,6.000000000,2.500000000,3.150317430,180.499892894,0.000000000,-2.784898281,2.000000000,0.500000000,-2.867877245,-164.317262297,0.000000000,2.679786205,1.000000000,0.500000000,-0.187495232,-10.742685451,0.000000000,0.430281579,0.500000000,0.200000003,1.346624374,77.155893242,0.000000000,0.000199606,0.000000000,0.100000001
2026-07-05 12:22:14.004,1783225334.004676104,169.011348923,1,1,168.865139203,1,0.005284124,5,1,0.001006834,5,1,0,1,0,0,1,1,1,0,1,0,-1.000000000,0.000000000,0.000000000,0.000000000,0,-1.000000000,0,0,0,,0,-1.000000000,,0,0,0.000000000,0.000000000,0,-1.000000000,0,,0,-1.000000000,,0,-1.000000000,0,,1,-0.113160707,-6.483630921,0.007326126,-0.026862144,1,3.135058641,179.625628680,-0.002442360,-2.769229889,1,-2.864825487,-164.142409454,-0.002442360,2.673503876,1,-0.186350822,-10.677115635,-0.007326126,0.422466278,1,1.346240997,77.133927354,-0.012210846,-0.003663063,-0.113542177,-6.505487526,0.000000000,-0.000000000,6.000000000,2.500000000,3.150317430,180.499892894,0.000000000,-2.784898281,2.000000000,0.500000000,-2.867877245,-164.317262297,0.000000000,2.679786205,1.000000000,0.500000000,-0.187495232,-10.742685451,0.000000000,0.430281579,0.500000000,0.200000003,1.346624374,77.155893242,0.000000000,0.000199606,0.000000000,0.100000001
2026-07-05 12:22:15.004,1783225335.004451990,170.011124970,1,1,169.864915250,1,0.005003898,5,1,0.000857438,5,1,0,1,0,0,1,1,1,0,1,0,-1.000000000,0.000000000,0.000000000,0.000000000,0,-1.000000000,0,0,0,,0,-1.000000000,,0,0,0.000000000,0.000000000,0,-1.000000000,0,,0,-1.000000000,,0,-1.000000000,0,,1,-0.113160707,-6.483630921,-0.007326126,-0.026862144,1,3.135058641,179.625628680,-0.002442360,-2.769229889,1,-2.864825487,-164.142409454,-0.002442360,2.659828186,1,-0.186350822,-10.677115635,0.021978378,0.422466278,1,1.346240997,77.133927354,-0.036628723,-0.003663063,-0.113542177,-6.505487526,0.000000000,-0.000000000,6.000000000,2.500000000,3.150317430,180.499892894,0.000000000,-2.784898281,2.000000000,0.500000000,-2.867877245,-164.317262297,0.000000000,2.679786205,1.000000000,0.500000000,-0.187495232,-10.742685451,0.000000000,0.430281579,0.500000000,0.200000003,1.346624374,77.155893242,0.000000000,0.000199606,0.000000000,0.100000001
2026-07-05 12:22:16.005,1783225336.004651546,171.011324383,1,1,170.865114663,1,0.004787191,5,1,0.001247689,5,1,0,1,0,0,1,1,1,0,1,0,-1.000000000,0.000000000,0.000000000,0.000000000,0,-1.000000000,0,0,0,,0,-1.000000000,,0,0,0.000000000,0.000000000,0,-1.000000000,0,,0,-1.000000000,,0,-1.000000000,0,,1,-0.113160707,-6.483630921,0.007326126,-0.026862144,1,3.135058641,179.625628680,-0.002442360,-2.782905579,1,-2.865206957,-164.164266060,-0.007326126,2.659828186,1,-0.186350822,-10.677115635,0.007326126,0.422466278,1,1.346240997,77.133927354,-0.012210846,-0.003663063,-0.113542177,-6.505487526,0.000000000,-0.000000000,6.000000000,2.500000000,3.150317430,180.499892894,0.000000000,-2.784898281,2.000000000,0.500000000,-2.867877245,-164.317262297,0.000000000,2.679786205,1.000000000,0.500000000,-0.187495232,-10.742685451,0.000000000,0.430281579,0.500000000,0.200000003,1.346624374,77.155893242,0.000000000,0.000199606,0.000000000,0.100000001
2026-07-05 12:22:17.004,1783225337.004445553,172.011118484,1,1,171.864908764,1,0.004774974,5,1,0.000819803,5,1,0,1,0,0,1,1,1,0,1,0,-1.000000000,0.000000000,0.000000000,0.000000000,0,-1.000000000,0,0,0,,0,-1.000000000,,0,0,0.000000000,0.000000000,0,-1.000000000,0,,0,-1.000000000,,0,-1.000000000,0,,1,-0.113160707,-6.483630921,-0.007326126,-0.021978378,1,3.135058641,179.625628680,-0.002442360,-2.769229889,1,-2.865206957,-164.164266060,-0.002442360,2.659828186,1,-0.186350822,-10.677115635,0.007326126,0.422466278,1,1.346240997,77.133927354,-0.012210846,-0.003663063,-0.113542177,-6.505487526,0.000000000,-0.000000000,6.000000000,2.500000000,3.150317430,180.499892894,0.000000000,-2.784898281,2.000000000,0.500000000,-2.867877245,-164.317262297,0.000000000,2.679786205,1.000000000,0.500000000,-0.187495232,-10.742685451,0.000000000,0.430281579,0.500000000,0.200000003,1.346624374,77.155893242,0.000000000,0.000199606,0.000000000,0.100000001
2026-07-05 12:22:18.004,1783225338.004454374,173.011127372,1,1,172.864917652,1,0.005617972,5,1,0.000983754,5,1,0,1,0,0,1,1,1,0,1,0,-1.000000000,0.000000000,0.000000000,0.000000000,0,-1.000000000,0,0,0,,0,-1.000000000,,0,0,0.000000000,0.000000000,0,-1.000000000,0,,0,-1.000000000,,0,-1.000000000,0,,1,-0.113160707,-6.483630921,-0.007326126,-0.031745911,1,3.135058641,179.625628680,-0.002442360,-2.782905579,1,-2.864825487,-164.142409454,-0.002442360,2.659828186,1,-0.186350822,-10.677115635,0.007326126,0.422466278,1,1.346240997,77.133927354,-0.012210846,-0.003663063,-0.113542177,-6.505487526,0.000000000,-0.000000000,6.000000000,2.500000000,3.150317430,180.499892894,0.000000000,-2.784898281,2.000000000,0.500000000,-2.867877245,-164.317262297,0.000000000,2.679786205,1.000000000,0.500000000,-0.187495232,-10.742685451,0.000000000,0.430281579,0.500000000,0.200000003,1.346624374,77.155893242,0.000000000,0.000199606,0.000000000,0.100000001
2026-07-05 12:22:19.004,1783225339.004433393,174.011106226,1,1,173.864896506,1,0.005105029,5,1,0.000795941,5,1,0,1,0,0,1,1,1,0,1,0,-1.000000000,0.000000000,0.000000000,0.000000000,0,-1.000000000,0,0,0,,0,-1.000000000,,0,0,0.000000000,0.000000000,0,-1.000000000,0,,0,-1.000000000,,0,-1.000000000,0,,1,-0.113542177,-6.505487526,-0.007326126,-0.021978378,1,3.135058641,179.625628680,-0.002442360,-2.769229889,1,-2.865206957,-164.164266060,-0.002442360,2.659828186,1,-0.186350822,-10.677115635,-0.007326126,0.422466278,1,1.346240997,77.133927354,0.012210846,-0.003663063,-0.113542177,-6.505487526,0.000000000,-0.000000000,6.000000000,2.500000000,3.150317430,180.499892894,0.000000000,-2.784898281,2.000000000,0.500000000,-2.867877245,-164.317262297,0.000000000,2.679786205,1.000000000,0.500000000,-0.187495232,-10.742685451,0.000000000,0.430281579,0.500000000,0.200000003,1.346624374,77.155893242,0.000000000,0.000199606,0.000000000,0.100000001
2026-07-05 12:22:20.005,1783225340.004701614,175.011374639,1,1,174.865164919,1,0.005589493,5,1,0.000765198,5,1,0,1,0,0,1,1,1,0,1,0,-1.000000000,0.000000000,0.000000000,0.000000000,0,-1.000000000,0,0,0,,0,-1.000000000,,0,0,0.000000000,0.000000000,0,-1.000000000,0,,0,-1.000000000,,0,-1.000000000,0,,1,-0.113160707,-6.483630921,-0.007326126,-0.021978378,1,3.135058641,179.625628680,-0.002442360,-2.769229889,1,-2.864825487,-164.142409454,-0.002442360,2.659828186,1,-0.186350822,-10.677115635,-0.021978378,0.427350044,1,1.346240997,77.133927354,-0.036628723,-0.003663063,-0.113542177,-6.505487526,0.000000000,-0.000000000,6.000000000,2.500000000,3.150317430,180.499892894,0.000000000,-2.784898281,2.000000000,0.500000000,-2.867877245,-164.317262297,0.000000000,2.679786205,1.000000000,0.500000000,-0.187495232,-10.742685451,0.000000000,0.430281579,0.500000000,0.200000003,1.346624374,77.155893242,0.000000000,0.000199606,0.000000000,0.100000001
2026-07-05 12:22:21.004,1783225341.004448652,176.011121586,1,1,175.864911866,1,0.004043104,5,1,0.000936509,5,1,0,1,0,0,1,1,1,0,1,0,-1.000000000,0.000000000,0.000000000,0.000000000,0,-1.000000000,0,0,0,,0,-1.000000000,,0,0,0.000000000,0.000000000,0,-1.000000000,0,,0,-1.000000000,,0,-1.000000000,0,,1,-0.113160707,-6.483630921,-0.007326126,-0.021978378,1,3.135058641,179.625628680,-0.007326126,-2.769229889,1,-2.865206957,-164.164266060,-0.007326126,2.673503876,1,-0.186350822,-10.677115635,-0.007326126,0.422466278,1,1.346240997,77.133927354,-0.012210846,-0.003663063,-0.113542177,-6.505487526,0.000000000,-0.000000000,6.000000000,2.500000000,3.150317430,180.499892894,0.000000000,-2.784898281,2.000000000,0.500000000,-2.867877245,-164.317262297,0.000000000,2.679786205,1.000000000,0.500000000,-0.187495232,-10.742685451,0.000000000,0.430281579,0.500000000,0.200000003,1.346624374,77.155893242,0.000000000,0.000199606,0.000000000,0.100000001
2026-07-05 12:22:22.004,1783225342.004399300,177.011072301,1,1,176.864862581,1,0.005187456,5,1,0.001029118,5,1,0,1,0,0,1,1,1,0,1,0,-1.000000000,0.000000000,0.000000000,0.000000000,0,-1.000000000,0,0,0,,0,-1.000000000,,0,0,0.000000000,0.000000000,0,-1.000000000,0,,0,-1.000000000,,0,-1.000000000,0,,1,-0.113160707,-6.483630921,-0.007326126,-0.026862144,1,3.135058641,179.625628680,-0.002442360,-2.769229889,1,-2.865206957,-164.164266060,-0.002442360,2.659828186,1,-0.186350822,-10.677115635,-0.007326126,0.422466278,1,1.346240997,77.133927354,0.012210846,-0.003663063,-0.113542177,-6.505487526,0.000000000,-0.000000000,6.000000000,2.500000000,3.150317430,180.499892894,0.000000000,-2.784898281,2.000000000,0.500000000,-2.867877245,-164.317262297,0.000000000,2.679786205,1.000000000,0.500000000,-0.187495232,-10.742685451,0.000000000,0.430281579,0.500000000,0.200000003,1.346624374,77.155893242,0.000000000,0.000199606,0.000000000,0.100000001
2026-07-05 12:22:23.004,1783225343.004405260,178.011078165,1,1,177.864868445,1,0.005215112,5,1,0.000655610,5,1,0,1,0,0,1,1,1,0,1,0,-1.000000000,0.000000000,0.000000000,0.000000000,0,-1.000000000,0,0,0,,0,-1.000000000,,0,0,0.000000000,0.000000000,0,-1.000000000,0,,0,-1.000000000,,0,-1.000000000,0,,1,-0.113160707,-6.483630921,-0.007326126,-0.021978378,1,3.135058641,179.625628680,0.002442360,-2.769229889,1,-2.865206957,-164.164266060,-0.002442360,2.659828186,1,-0.186350822,-10.677115635,-0.021978378,0.422466278,1,1.346624374,77.155893242,-0.036628723,-0.006104946,-0.113542177,-6.505487526,0.000000000,-0.000000000,6.000000000,2.500000000,3.150317430,180.499892894,0.000000000,-2.784898281,2.000000000,0.500000000,-2.867877245,-164.317262297,0.000000000,2.679786205,1.000000000,0.500000000,-0.187495232,-10.742685451,0.000000000,0.430281579,0.500000000,0.200000003,1.346624374,77.155893242,0.000000000,0.000199606,0.000000000,0.100000001
2026-07-05 12:22:24.004,1783225344.004391670,179.011064694,1,1,178.864854974,1,0.004732720,5,1,0.001048569,5,1,0,1,0,0,1,1,1,0,1,0,-1.000000000,0.000000000,0.000000000,0.000000000,0,-1.000000000,0,0,0,,0,-1.000000000,,0,0,0.000000000,0.000000000,0,-1.000000000,0,,0,-1.000000000,,0,-1.000000000,0,,1,-0.113160707,-6.483630921,-0.021978378,-0.026862144,1,3.135058641,179.625628680,-0.002442360,-2.782905579,1,-2.864825487,-164.142409454,-0.002442360,2.659828186,1,-0.186350822,-10.677115635,-0.021978378,0.422466278,1,1.346240997,77.133927354,-0.012210846,-0.003663063,-0.113542177,-6.505487526,0.000000000,-0.000000000,6.000000000,2.500000000,3.150317430,180.499892894,0.000000000,-2.784898281,2.000000000,0.500000000,-2.867877245,-164.317262297,0.000000000,2.679786205,1.000000000,0.500000000,-0.187495232,-10.742685451,0.000000000,0.430281579,0.500000000,0.200000003,1.346624374,77.155893242,0.000000000,0.000199606,0.000000000,0.100000001
2026-07-05 12:22:25.004,1783225345.004446745,180.011119620,1,1,179.864909900,1,0.004293010,5,1,0.001178403,5,1,0,1,0,0,1,1,1,0,1,0,-1.000000000,0.000000000,0.000000000,0.000000000,0,-1.000000000,0,0,0,,0,-1.000000000,,0,0,0.000000000,0.000000000,0,-1.000000000,0,,0,-1.000000000,,0,-1.000000000,0,,1,-0.113160707,-6.483630921,-0.036630630,-0.031745911,1,3.135058641,179.625628680,-0.002442360,-2.769229889,1,-2.864825487,-164.142409454,0.002442360,2.659828186,1,-0.186350822,-10.677115635,0.007326126,0.422466278,1,1.346240997,77.133927354,-0.036628723,-0.003663063,-0.113542177,-6.505487526,0.000000000,-0.000000000,6.000000000,2.500000000,3.150317430,180.499892894,0.000000000,-2.784898281,2.000000000,0.500000000,-2.867877245,-164.317262297,0.000000000,2.679786205,1.000000000,0.500000000,-0.187495232,-10.742685451,0.000000000,0.430281579,0.500000000,0.200000003,1.346624374,77.155893242,0.000000000,0.000199606,0.000000000,0.100000001
2026-07-05 12:22:26.004,1783225346.004454374,181.011127449,1,1,180.864917729,1,0.004240261,5,1,0.000762201,5,1,0,1,0,0,1,1,1,0,1,0,-1.000000000,0.000000000,0.000000000,0.000000000,0,-1.000000000,0,0,0,,0,-1.000000000,,0,0,0.000000000,0.000000000,0,-1.000000000,0,,0,-1.000000000,,0,-1.000000000,0,,1,-0.113160707,-6.483630921,-0.007326126,-0.026862144,1,3.135058641,179.625628680,-0.002442360,-2.782905579,1,-2.864825487,-164.142409454,-0.002442360,2.659828186,1,-0.186350822,-10.677115635,-0.007326126,0.422466278,1,1.346624374,77.155893242,-0.012210846,-0.003663063,-0.113542177,-6.505487526,0.000000000,-0.000000000,6.000000000,2.500000000,3.150317430,180.499892894,0.000000000,-2.784898281,2.000000000,0.500000000,-2.867877245,-164.317262297,0.000000000,2.679786205,1.000000000,0.500000000,-0.187495232,-10.742685451,0.000000000,0.430281579,0.500000000,0.200000003,1.346624374,77.155893242,0.000000000,0.000199606,0.000000000,0.100000001
2026-07-05 12:22:27.004,1783225347.004463196,182.011136137,1,1,181.864926417,1,0.005777675,5,1,0.000553850,5,1,0,1,0,0,1,1,1,0,1,0,-1.000000000,0.000000000,0.000000000,0.000000000,0,-1.000000000,0,0,0,,0,-1.000000000,,0,0,0.000000000,0.000000000,0,-1.000000000,0,,0,-1.000000000,,0,-1.000000000,0,,1,-0.113160707,-6.483630921,-0.007326126,-0.021978378,1,3.135058641,179.625628680,-0.002442360,-2.782905579,1,-2.865206957,-164.164266060,-0.002442360,2.659828186,1,-0.186350822,-10.677115635,0.007326126,0.422466278,1,1.346624374,77.155893242,0.012210846,-0.003663063,-0.113542177,-6.505487526,0.000000000,-0.000000000,6.000000000,2.500000000,3.150317430,180.499892894,0.000000000,-2.784898281,2.000000000,0.500000000,-2.867877245,-164.317262297,0.000000000,2.679786205,1.000000000,0.500000000,-0.187495232,-10.742685451,0.000000000,0.430281579,0.500000000,0.200000003,1.346624374,77.155893242,0.000000000,0.000199606,0.000000000,0.100000001
2026-07-05 12:22:28.004,1783225348.004409552,183.011082556,1,1,182.864872836,1,0.004801123,5,1,0.000456891,5,1,0,1,0,0,1,1,1,0,1,0,-1.000000000,0.000000000,0.000000000,0.000000000,0,-1.000000000,0,0,0,,0,-1.000000000,,0,0,0.000000000,0.000000000,0,-1.000000000,0,,0,-1.000000000,,0,-1.000000000,0,,1,-0.113542177,-6.505487526,-0.007326126,-0.026862144,1,3.135058641,179.625628680,0.002442360,-2.782905579,1,-2.864825487,-164.142409454,-0.002442360,2.659828186,1,-0.186350822,-10.677115635,0.007326126,0.422466278,1,1.346624374,77.155893242,-0.012210846,-0.003663063,-0.113542177,-6.505487526,0.000000000,-0.000000000,6.000000000,2.500000000,3.150317430,180.499892894,0.000000000,-2.784898281,2.000000000,0.500000000,-2.867877245,-164.317262297,0.000000000,2.679786205,1.000000000,0.500000000,-0.187495232,-10.742685451,0.000000000,0.430281579,0.500000000,0.200000003,1.346624374,77.155893242,0.000000000,0.000199606,0.000000000,0.100000001
2026-07-05 12:22:29.004,1783225349.004429102,184.011101927,1,1,183.864892207,1,0.005607555,5,1,0.001218516,5,1,0,1,0,0,1,1,1,0,1,0,-1.000000000,0.000000000,0.000000000,0.000000000,0,-1.000000000,0,0,0,,0,-1.000000000,,0,0,0.000000000,0.000000000,0,-1.000000000,0,,0,-1.000000000,,0,-1.000000000,0,,1,-0.113160707,-6.483630921,-0.007326126,-0.021978378,1,3.135058641,179.625628680,-0.002442360,-2.769229889,1,-2.864825487,-164.142409454,-0.002442360,2.659828186,1,-0.186350822,-10.677115635,-0.007326126,0.422466278,1,1.346240997,77.133927354,-0.012210846,-0.003663063,-0.113542177,-6.505487526,0.000000000,-0.000000000,6.000000000,2.500000000,3.150317430,180.499892894,0.000000000,-2.784898281,2.000000000,0.500000000,-2.867877245,-164.317262297,0.000000000,2.679786205,1.000000000,0.500000000,-0.187495232,-10.742685451,0.000000000,0.430281579,0.500000000,0.200000003,1.346624374,77.155893242,0.000000000,0.000199606,0.000000000,0.100000001
2026-07-05 12:22:30.004,1783225350.004460335,185.011133316,1,1,184.864923596,1,0.005240949,5,1,0.000823333,5,1,0,1,0,0,1,1,1,0,1,0,-1.000000000,0.000000000,0.000000000,0.000000000,0,-1.000000000,0,0,0,,0,-1.000000000,,0,0,0.000000000,0.000000000,0,-1.000000000,0,,0,-1.000000000,,0,-1.000000000,0,,1,-0.113160707,-6.483630921,-0.007326126,-0.026862144,1,3.135058641,179.625628680,-0.002442360,-2.769229889,1,-2.865206957,-164.164266060,-0.002442360,2.673503876,1,-0.186350822,-10.677115635,-0.021978378,0.422466278,1,1.346624374,77.155893242,0.012210846,-0.003663063,-0.113542177,-6.505487526,0.000000000,-0.000000000,6.000000000,2.500000000,3.150317430,180.499892894,0.000000000,-2.784898281,2.000000000,0.500000000,-2.867877245,-164.317262297,0.000000000,2.679786205,1.000000000,0.500000000,-0.187495232,-10.742685451,0.000000000,0.430281579,0.500000000,0.200000003,1.346624374,77.155893242,0.000000000,0.000199606,0.000000000,0.100000001
2026-07-05 12:22:31.004,1783225351.004441738,186.011114686,1,1,185.864904966,1,0.004749534,5,1,0.000968390,5,1,0,1,0,0,1,1,1,0,1,0,-1.000000000,0.000000000,0.000000000,0.000000000,0,-1.000000000,0,0,0,,0,-1.000000000,,0,0,0.000000000,0.000000000,0,-1.000000000,0,,0,-1.000000000,,0,-1.000000000,0,,1,-0.113160707,-6.483630921,0.007326126,-0.021978378,1,3.135058641,179.625628680,-0.002442360,-2.769229889,1,-2.865206957,-164.164266060,-0.007326126,2.659828186,1,-0.186350822,-10.677115635,-0.007326126,0.422466278,0,1.346240997,77.133927354,-0.012210846,-0.003663063,-0.113542177,-6.505487526,0.000000000,-0.000000000,6.000000000,2.500000000,3.150317430,180.499892894,0.000000000,-2.784898281,2.000000000,0.500000000,-2.867877245,-164.317262297,0.000000000,2.679786205,1.000000000,0.500000000,-0.187495232,-10.742685451,0.000000000,0.430281579,0.500000000,0.200000003,1.346624374,77.155893242,0.000000000,0.000199606,0.000000000,0.100000001
2026-07-05 12:22:32.004,1783225352.004357100,187.011030157,1,1,186.864820437,1,0.004533592,5,1,0.000454745,5,1,0,1,0,0,1,1,1,0,1,0,-1.000000000,0.000000000,0.000000000,0.000000000,0,-1.000000000,0,0,0,,0,-1.000000000,,0,0,0.000000000,0.000000000,0,-1.000000000,0,,0,-1.000000000,,0,-1.000000000,0,,1,-0.113160707,-6.483630921,-0.007326126,-0.026862144,1,3.135058641,179.625628680,-0.002442360,-2.782905579,1,-2.864825487,-164.142409454,-0.002442360,2.659828186,1,-0.186350822,-10.677115635,-0.007326126,0.422466278,1,1.346240997,77.133927354,0.012210846,-0.003663063,-0.113542177,-6.505487526,0.000000000,-0.000000000,6.000000000,2.500000000,3.150317430,180.499892894,0.000000000,-2.784898281,2.000000000,0.500000000,-2.867877245,-164.317262297,0.000000000,2.679786205,1.000000000,0.500000000,-0.187495232,-10.742685451,0.000000000,0.430281579,0.500000000,0.200000003,1.346624374,77.155893242,0.000000000,0.000199606,0.000000000,0.100000001
2026-07-05 12:22:33.004,1783225353.004657507,188.011330292,1,1,187.865120572,1,0.005210145,5,1,0.011186789,5,1,0,1,0,0,1,1,1,0,1,0,-1.000000000,0.000000000,0.000000000,0.000000000,0,-1.000000000,0,0,0,,0,-1.000000000,,0,0,0.000000000,0.000000000,0,-1.000000000,0,,0,-1.000000000,,0,-1.000000000,0,,1,-0.113160707,-6.483630921,-0.021978378,-0.026862144,1,3.135058641,179.625628680,-0.002442360,-2.782905579,1,-2.865206957,-164.164266060,-0.002442360,2.659828186,1,-0.186350822,-10.677115635,-0.021978378,0.422466278,1,1.346240997,77.133927354,-0.036628723,-0.003663063,-0.113542177,-6.505487526,0.000000000,-0.000000000,6.000000000,2.500000000,3.150317430,180.499892894,0.000000000,-2.784898281,2.000000000,0.500000000,-2.867877245,-164.317262297,0.000000000,2.679786205,1.000000000,0.500000000,-0.187495232,-10.742685451,0.000000000,0.430281579,0.500000000,0.200000003,1.346624374,77.155893242,0.000000000,0.000199606,0.000000000,0.100000001
2026-07-05 12:22:34.004,1783225354.004464149,189.011137182,1,1,188.864927462,1,0.005012265,5,1,0.000900812,5,1,0,1,0,0,1,1,1,0,1,0,-1.000000000,0.000000000,0.000000000,0.000000000,0,-1.000000000,0,0,0,,0,-1.000000000,,0,0,0.000000000,0.000000000,0,-1.000000000,0,,0,-1.000000000,,0,-1.000000000,0,,1,-0.113160707,-6.483630921,-0.007326126,-0.021978378,1,3.135058641,179.625628680,-0.007326126,-2.769229889,1,-2.864825487,-164.142409454,-0.002442360,2.659828186,1,-0.186350822,-10.677115635,-0.007326126,0.422466278,1,1.346240997,77.133927354,-0.036628723,-0.003663063,-0.113542177,-6.505487526,0.000000000,-0.000000000,6.000000000,2.500000000,3.150317430,180.499892894,0.000000000,-2.784898281,2.000000000,0.500000000,-2.867877245,-164.317262297,0.000000000,2.679786205,1.000000000,0.500000000,-0.187495232,-10.742685451,0.000000000,0.430281579,0.500000000,0.200000003,1.346624374,77.155893242,0.000000000,0.000199606,0.000000000,0.100000001
2026-07-05 12:22:35.005,1783225355.004529476,190.011202390,1,1,189.864992670,1,0.004515827,5,1,0.000898049,5,1,0,1,0,0,1,1,1,0,1,0,-1.000000000,0.000000000,0.000000000,0.000000000,0,-1.000000000,0,0,0,,0,-1.000000000,,0,0,0.000000000,0.000000000,0,-1.000000000,0,,0,-1.000000000,,0,-1.000000000,0,,1,-0.113160707,-6.483630921,0.007326126,-0.026862144,1,3.135058641,179.625628680,-0.007326126,-2.769229889,1,-2.865206957,-164.164266060,0.002442360,2.659828186,1,-0.186350822,-10.677115635,-0.007326126,0.422466278,1,1.346240997,77.133927354,-0.012210846,-0.003663063,-0.113542177,-6.505487526,0.000000000,-0.000000000,6.000000000,2.500000000,3.150317430,180.499892894,0.000000000,-2.784898281,2.000000000,0.500000000,-2.867877245,-164.317262297,0.000000000,2.679786205,1.000000000,0.500000000,-0.187495232,-10.742685451,0.000000000,0.430281579,0.500000000,0.200000003,1.346624374,77.155893242,0.000000000,0.000199606,0.000000000,0.100000001
2026-07-05 12:22:36.004,1783225356.004366398,191.011039162,1,1,190.864829442,1,0.005153086,5,1,0.000134842,5,1,0,1,0,0,1,1,1,0,1,0,-1.000000000,0.000000000,0.000000000,0.000000000,0,-1.000000000,0,0,0,,0,-1.000000000,,0,0,0.000000000,0.000000000,0,-1.000000000,0,,0,-1.000000000,,0,-1.000000000,0,,1,-0.113160707,-6.483630921,-0.021978378,-0.026862144,1,3.135058641,179.625628680,-0.007326126,-2.769229889,1,-2.865206957,-164.164266060,-0.007326126,2.659828186,1,-0.186350822,-10.677115635,-0.021978378,0.422466278,1,1.346240997,77.133927354,-0.036628723,-0.003663063,-0.113542177,-6.505487526,0.000000000,-0.000000000,6.000000000,2.500000000,3.150317430,180.499892894,0.000000000,-2.784898281,2.000000000,0.500000000,-2.867877245,-164.317262297,0.000000000,2.679786205,1.000000000,0.500000000,-0.187495232,-10.742685451,0.000000000,0.430281579,0.500000000,0.200000003,1.346624374,77.155893242,0.000000000,0.000199606,0.000000000,0.100000001
2026-07-05 12:22:37.004,1783225357.004633188,192.011305940,1,1,191.865096220,1,0.005493252,5,1,0.001108549,5,1,0,1,0,0,1,1,1,0,1,0,-1.000000000,0.000000000,0.000000000,0.000000000,0,-1.000000000,0,0,0,,0,-1.000000000,,0,0,0.000000000,0.000000000,0,-1.000000000,0,,0,-1.000000000,,0,-1.000000000,0,,1,-0.113160707,-6.483630921,-0.007326126,-0.031745911,1,3.135058641,179.625628680,-0.007326126,-2.782905579,1,-2.865206957,-164.164266060,-0.002442360,2.673503876,1,-0.186350822,-10.677115635,-0.007326126,0.422466278,1,1.346624374,77.155893242,-0.012210846,-0.003663063,-0.113542177,-6.505487526,0.000000000,-0.000000000,6.000000000,2.500000000,3.150317430,180.499892894,0.000000000,-2.784898281,2.000000000,0.500000000,-2.867877245,-164.317262297,0.000000000,2.679786205,1.000000000,0.500000000,-0.187495232,-10.742685451,0.000000000,0.430281579,0.500000000,0.200000003,1.346624374,77.155893242,0.000000000,0.000199606,0.000000000,0.100000001
2026-07-05 12:22:38.004,1783225358.004392147,193.011065036,1,1,192.864855316,1,0.005772603,5,1,0.001281142,5,1,0,1,0,0,1,1,1,0,1,0,-1.000000000,0.000000000,0.000000000,0.000000000,0,-1.000000000,0,0,0,,0,-1.000000000,,0,0,0.000000000,0.000000000,0,-1.000000000,0,,0,-1.000000000,,0,-1.000000000,0,,1,-0.113160707,-6.483630921,0.007326126,-0.026862144,1,3.135058641,179.625628680,-0.002442360,-2.782905579,1,-2.864825487,-164.142409454,-0.002442360,2.659828186,1,-0.186350822,-10.677115635,-0.021978378,0.422466278,1,1.346240997,77.133927354,-0.061050415,-0.003663063,-0.113542177,-6.505487526,0.000000000,-0.000000000,6.000000000,2.500000000,3.150317430,180.499892894,0.000000000,-2.784898281,2.000000000,0.500000000,-2.867877245,-164.317262297,0.000000000,2.679786205,1.000000000,0.500000000,-0.187495232,-10.742685451,0.000000000,0.430281579,0.500000000,0.200000003,1.346624374,77.155893242,0.000000000,0.000199606,0.000000000,0.100000001
2026-07-05 12:22:39.004,1783225359.004461050,194.011133892,1,1,193.864924172,1,0.004821989,5,1,0.000839376,5,1,0,1,0,0,1,1,1,0,1,0,-1.000000000,0.000000000,0.000000000,0.000000000,0,-1.000000000,0,0,0,,0,-1.000000000,,0,0,0.000000000,0.000000000,0,-1.000000000,0,,0,-1.000000000,,0,-1.000000000,0,,1,-0.113160707,-6.483630921,-0.007326126,-0.021978378,1,3.135058641,179.625628680,-0.002442360,-2.769229889,1,-2.865206957,-164.164266060,-0.002442360,2.659828186,1,-0.186350822,-10.677115635,-0.007326126,0.422466278,1,1.346624374,77.155893242,0.012210846,-0.003663063,-0.113542177,-6.505487526,0.000000000,-0.000000000,6.000000000,2.500000000,3.150317430,180.499892894,0.000000000,-2.784898281,2.000000000,0.500000000,-2.867877245,-164.317262297,0.000000000,2.679786205,1.000000000,0.500000000,-0.187495232,-10.742685451,0.000000000,0.430281579,0.500000000,0.200000003,1.346624374,77.155893242,0.000000000,0.000199606,0.000000000,0.100000001
2026-07-05 12:22:40.005,1783225360.004521847,195.011194681,1,1,194.864984961,1,0.005080257,5,1,0.000997731,5,1,0,1,0,0,1,1,1,0,1,0,-1.000000000,0.000000000,0.000000000,0.000000000,0,-1.000000000,0,0,0,,0,-1.000000000,,0,0,0.000000000,0.000000000,0,-1.000000000,0,,0,-1.000000000,,0,-1.000000000,0,,1,-0.113160707,-6.483630921,-0.021978378,-0.026862144,1,3.135058641,179.625628680,-0.002442360,-2.782905579,1,-2.865206957,-164.164266060,-0.002442360,2.659828186,1,-0.186350822,-10.677115635,-0.007326126,0.422466278,1,1.346624374,77.155893242,-0.012210846,-0.003663063,-0.113542177,-6.505487526,0.000000000,-0.000000000,6.000000000,2.500000000,3.150317430,180.499892894,0.000000000,-2.784898281,2.000000000,0.500000000,-2.867877245,-164.317262297,0.000000000,2.679786205,1.000000000,0.500000000,-0.187495232,-10.742685451,0.000000000,0.430281579,0.500000000,0.200000003,1.346624374,77.155893242,0.000000000,0.000199606,0.000000000,0.100000001
2026-07-05 12:22:41.004,1783225361.004405022,196.011077941,1,1,195.864868221,1,0.005224646,5,1,0.000971819,5,1,0,1,0,0,1,1,1,0,1,0,-1.000000000,0.000000000,0.000000000,0.000000000,0,-1.000000000,0,0,0,,0,-1.000000000,,0,0,0.000000000,0.000000000,0,-1.000000000,0,,0,-1.000000000,,0,-1.000000000,0,,1,-0.113160707,-6.483630921,-0.021978378,-0.026862144,1,3.135058641,179.625628680,-0.002442360,-2.782905579,1,-2.864825487,-164.142409454,0.002442360,2.659828186,1,-0.186350822,-10.677115635,-0.007326126,0.422466278,1,1.346240997,77.133927354,-0.012210846,-0.003663063,-0.113542177,-6.505487526,0.000000000,-0.000000000,6.000000000,2.500000000,3.150317430,180.499892894,0.000000000,-2.784898281,2.000000000,0.500000000,-2.867877245,-164.317262297,0.000000000,2.679786205,1.000000000,0.500000000,-0.187495232,-10.742685451,0.000000000,0.430281579,0.500000000,0.200000003,1.346624374,77.155893242,0.000000000,0.000199606,0.000000000,0.100000001
2026-07-05 12:22:42.004,1783225362.004398108,197.011071002,1,1,196.864861282,1,0.005472959,5,1,0.001170574,5,1,0,1,0,0,1,1,1,0,1,0,-1.000000000,0.000000000,0.000000000,0.000000000,0,-1.000000000,0,0,0,,0,-1.000000000,,0,0,0.000000000,0.000000000,0,-1.000000000,0,,0,-1.000000000,,0,-1.000000000,0,,1,-0.113160707,-6.483630921,-0.007326126,-0.021978378,1,3.135058641,179.625628680,-0.002442360,-2.769229889,1,-2.864825487,-164.142409454,0.002442360,2.659828186,1,-0.186350822,-10.677115635,-0.007326126,0.422466278,1,1.346240997,77.133927354,0.012210846,-0.003663063,-0.113542177,-6.505487526,0.000000000,-0.000000000,6.000000000,2.500000000,3.150317430,180.499892894,0.000000000,-2.784898281,2.000000000,0.500000000,-2.867877245,-164.317262297,0.000000000,2.679786205,1.000000000,0.500000000,-0.187495232,-10.742685451,0.000000000,0.430281579,0.500000000,0.200000003,1.346624374,77.155893242,0.000000000,0.000199606,0.000000000,0.100000001
2026-07-05 12:22:43.004,1783225363.004537821,198.011210763,1,1,197.865001043,1,0.005275208,5,1,0.001117475,5,1,0,1,0,0,1,1,1,0,1,0,-1.000000000,0.000000000,0.000000000,0.000000000,0,-1.000000000,0,0,0,,0,-1.000000000,,0,0,0.000000000,0.000000000,0,-1.000000000,0,,0,-1.000000000,,0,-1.000000000,0,,1,-0.113160707,-6.483630921,-0.007326126,-0.021978378,1,3.135058641,179.625628680,-0.002442360,-2.769229889,1,-2.864825487,-164.142409454,-0.002442360,2.673503876,1,-0.186350822,-10.677115635,-0.021978378,0.422466278,1,1.346240997,77.133927354,-0.012210846,-0.003663063,-0.113542177,-6.505487526,0.000000000,-0.000000000,6.000000000,2.500000000,3.150317430,180.499892894,0.000000000,-2.784898281,2.000000000,0.500000000,-2.867877245,-164.317262297,0.000000000,2.679786205,1.000000000,0.500000000,-0.187495232,-10.742685451,0.000000000,0.430281579,0.500000000,0.200000003,1.346624374,77.155893242,0.000000000,0.000199606,0.000000000,0.100000001
2026-07-05 12:22:44.004,1783225364.004380465,199.011053325,1,1,198.864843605,1,0.005356442,5,1,0.000963730,5,1,0,1,0,0,1,1,1,0,1,0,-1.000000000,0.000000000,0.000000000,0.000000000,0,-1.000000000,0,0,0,,0,-1.000000000,,0,0,0.000000000,0.000000000,0,-1.000000000,0,,0,-1.000000000,,0,-1.000000000,0,,1,-0.113160707,-6.483630921,-0.007326126,-0.026862144,1,3.135058641,179.625628680,-0.002442360,-2.782905579,1,-2.864825487,-164.142409454,-0.002442360,2.673503876,1,-0.186350822,-10.677115635,-0.021978378,0.422466278,1,1.346240997,77.133927354,-0.036628723,-0.003663063,-0.113542177,-6.505487526,0.000000000,-0.000000000,6.000000000,2.500000000,3.150317430,180.499892894,0.000000000,-2.784898281,2.000000000,0.500000000,-2.867877245,-164.317262297,0.000000000,2.679786205,1.000000000,0.500000000,-0.187495232,-10.742685451,0.000000000,0.430281579,0.500000000,0.200000003,1.346624374,77.155893242,0.000000000,0.000199606,0.000000000,0.100000001
2026-07-05 12:22:45.005,1783225365.005255461,200.011928316,1,1,199.865718596,1,0.005311149,5,1,0.001748360,5,1,0,1,0,0,1,1,1,0,1,0,-1.000000000,0.000000000,0.000000000,0.000000000,0,-1.000000000,0,0,0,,0,-1.000000000,,0,0,0.000000000,0.000000000,0,-1.000000000,0,,0,-1.000000000,,0,-1.000000000,0,,1,-0.113160707,-6.483630921,-0.007326126,-0.026862144,1,3.135058641,179.625628680,-0.002442360,-2.782905579,1,-2.865206957,-164.164266060,-0.002442360,2.659828186,0,-0.186350822,-10.677115635,-0.007326126,0.422466278,0,1.346240997,77.133927354,-0.012210846,-0.003663063,-0.113542177,-6.505487526,0.000000000,-0.000000000,6.000000000,2.500000000,3.150317430,180.499892894,0.000000000,-2.784898281,2.000000000,0.500000000,-2.867877245,-164.317262297,0.000000000,2.679786205,1.000000000,0.500000000,-0.187495232,-10.742685451,0.000000000,0.430281579,0.500000000,0.200000003,1.346624374,77.155893242,0.000000000,0.000199606,0.000000000,0.100000001
2026-07-05 12:22:46.004,1783225366.004557610,201.011230443,1,1,200.865020723,1,0.005474378,5,1,0.011493086,5,1,0,1,0,0,1,1,1,0,1,0,-1.000000000,0.000000000,0.000000000,0.000000000,0,-1.000000000,0,0,0,,0,-1.000000000,,0,0,0.000000000,0.000000000,0,-1.000000000,0,,0,-1.000000000,,0,-1.000000000,0,,1,-0.113160707,-6.483630921,-0.007326126,-0.026862144,1,3.135058641,179.625628680,-0.002442360,-2.782905579,1,-2.865206957,-164.164266060,-0.002442360,2.659828186,1,-0.186350822,-10.677115635,-0.007326126,0.422466278,1,1.346240997,77.133927354,-0.036628723,-0.003663063,-0.113542177,-6.505487526,0.000000000,-0.000000000,6.000000000,2.500000000,3.150317430,180.499892894,0.000000000,-2.784898281,2.000000000,0.500000000,-2.867877245,-164.317262297,0.000000000,2.679786205,1.000000000,0.500000000,-0.187495232,-10.742685451,0.000000000,0.430281579,0.500000000,0.200000003,1.346624374,77.155893242,0.000000000,0.000199606,0.000000000,0.100000001
2026-07-05 12:22:47.004,1783225367.004527092,202.011199914,1,1,201.864990194,1,0.005731391,5,1,0.000399774,5,1,0,1,0,0,1,1,1,0,1,0,-1.000000000,0.000000000,0.000000000,0.000000000,0,-1.000000000,0,0,0,,0,-1.000000000,,0,0,0.000000000,0.000000000,0,-1.000000000,0,,0,-1.000000000,,0,-1.000000000,0,,1,-0.113160707,-6.483630921,-0.007326126,-0.026862144,1,3.135058641,179.625628680,-0.002442360,-2.782905579,1,-2.865206957,-164.164266060,-0.002442360,2.659828186,1,-0.186350822,-10.677115635,-0.007326126,0.422466278,1,1.346240997,77.133927354,-0.036628723,-0.003663063,-0.113542177,-6.505487526,0.000000000,-0.000000000,6.000000000,2.500000000,3.150317430,180.499892894,0.000000000,-2.784898281,2.000000000,0.500000000,-2.867877245,-164.317262297,0.000000000,2.679786205,1.000000000,0.500000000,-0.187495232,-10.742685451,0.000000000,0.430281579,0.500000000,0.200000003,1.346624374,77.155893242,0.000000000,0.000199606,0.000000000,0.100000001
2026-07-05 12:22:48.004,1783225368.004432201,203.011105045,1,1,202.864895325,1,0.005004708,5,1,0.000792547,5,1,0,1,0,0,1,1,1,0,1,0,-1.000000000,0.000000000,0.000000000,0.000000000,0,-1.000000000,0,0,0,,0,-1.000000000,,0,0,0.000000000,0.000000000,0,-1.000000000,0,,0,-1.000000000,,0,-1.000000000,0,,1,-0.113160707,-6.483630921,-0.007326126,-0.026862144,1,3.135058641,179.625628680,-0.002442360,-2.769229889,1,-2.864825487,-164.142409454,-0.002442360,2.659828186,1,-0.186350822,-10.677115635,-0.007326126,0.422466278,1,1.346240997,77.133927354,0.036628723,-0.003663063,-0.113542177,-6.505487526,0.000000000,-0.000000000,6.000000000,2.500000000,3.150317430,180.499892894,0.000000000,-2.784898281,2.000000000,0.500000000,-2.867877245,-164.317262297,0.000000000,2.679786205,1.000000000,0.500000000,-0.187495232,-10.742685451,0.000000000,0.430281579,0.500000000,0.200000003,1.346624374,77.155893242,0.000000000,0.000199606,0.000000000,0.100000001
2026-07-05 12:22:49.004,1783225369.004433393,204.011106277,1,1,203.864896557,1,0.004927585,5,1,0.001164237,5,1,0,1,0,0,1,1,1,0,1,0,-1.000000000,0.000000000,0.000000000,0.000000000,0,-1.000000000,0,0,0,,0,-1.000000000,,0,0,0.000000000,0.000000000,0,-1.000000000,0,,0,-1.000000000,,0,-1.000000000,0,,1,-0.113160707,-6.483630921,0.007326126,-0.026862144,1,3.135058641,179.625628680,-0.007326126,-2.769229889,1,-2.865206957,-164.164266060,-0.002442360,2.659828186,1,-0.186350822,-10.677115635,-0.007326126,0.422466278,1,1.346240997,77.133927354,-0.012210846,-0.003663063,-0.113542177,-6.505487526,0.000000000,-0.000000000,6.000000000,2.500000000,3.150317430,180.499892894,0.000000000,-2.784898281,2.000000000,0.500000000,-2.867877245,-164.317262297,0.000000000,2.679786205,1.000000000,0.500000000,-0.187495232,-10.742685451,0.000000000,0.430281579,0.500000000,0.200000003,1.346624374,77.155893242,0.000000000,0.000199606,0.000000000,0.100000001
2026-07-05 12:22:50.004,1783225370.004448414,205.011121380,1,1,204.864911660,1,0.005100971,5,1,0.000848778,5,1,0,1,0,0,1,1,1,0,1,0,-1.000000000,0.000000000,0.000000000,0.000000000,0,-1.000000000,0,0,0,,0,-1.000000000,,0,0,0.000000000,0.000000000,0,-1.000000000,0,,0,-1.000000000,,0,-1.000000000,0,,1,-0.113160707,-6.483630921,-0.007326126,-0.021978378,1,3.135058641,179.625628680,0.002442360,-2.782905579,1,-2.865206957,-164.164266060,-0.002442360,2.673503876,1,-0.186350822,-10.677115635,0.007326126,0.422466278,1,1.346240997,77.133927354,-0.012210846,-0.003663063,-0.113542177,-6.505487526,0.000000000,-0.000000000,6.000000000,2.500000000,3.150317430,180.499892894,0.000000000,-2.784898281,2.000000000,0.500000000,-2.867877245,-164.317262297,0.000000000,2.679786205,1.000000000,0.500000000,-0.187495232,-10.742685451,0.000000000,0.430281579,0.500000000,0.200000003,1.346624374,77.155893242,0.000000000,0.000199606,0.000000000,0.100000001
2026-07-05 12:22:51.004,1783225371.004397392,206.011070343,1,1,205.864860623,1,0.005162504,5,1,0.000910052,5,1,0,1,0,0,1,1,1,0,1,0,-1.000000000,0.000000000,0.000000000,0.000000000,0,-1.000000000,0,0,0,,0,-1.000000000,,0,0,0.000000000,0.000000000,0,-1.000000000,0,,0,-1.000000000,,0,-1.000000000,0,,1,-0.113160707,-6.483630921,-0.021978378,-0.026862144,1,3.135058641,179.625628680,-0.007326126,-2.782905579,1,-2.864825487,-164.142409454,-0.002442360,2.673503876,1,-0.186350822,-10.677115635,0.007326126,0.422466278,1,1.346240997,77.133927354,-0.012210846,-0.003663063,-0.113542177,-6.505487526,0.000000000,-0.000000000,6.000000000,2.500000000,3.150317430,180.499892894,0.000000000,-2.784898281,2.000000000,0.500000000,-2.867877245,-164.317262297,0.000000000,2.679786205,1.000000000,0.500000000,-0.187495232,-10.742685451,0.000000000,0.430281579,0.500000000,0.200000003,1.346624374,77.155893242,0.000000000,0.000199606,0.000000000,0.100000001
2026-07-05 12:22:52.004,1783225372.004460812,207.011133767,1,1,206.864924047,1,0.005337140,5,1,0.001074243,5,1,0,1,0,0,1,1,1,0,1,0,-1.000000000,0.000000000,0.000000000,0.000000000,0,-1.000000000,0,0,0,,0,-1.000000000,,0,0,0.000000000,0.000000000,0,-1.000000000,0,,0,-1.000000000,,0,-1.000000000,0,,1,-0.113160707,-6.483630921,-0.021978378,-0.026862144,1,3.135058641,179.625628680,-0.002442360,-2.782905579,1,-2.864825487,-164.142409454,-0.002442360,2.659828186,1,-0.186350822,-10.677115635,-0.021978378,0.422466278,1,1.346240997,77.133927354,-0.012210846,-0.003663063,-0.113542177,-6.505487526,0.000000000,-0.000000000,6.000000000,2.500000000,3.150317430,180.499892894,0.000000000,-2.784898281,2.000000000,0.500000000,-2.867877245,-164.317262297,0.000000000,2.679786205,1.000000000,0.500000000,-0.187495232,-10.742685451,0.000000000,0.430281579,0.500000000,0.200000003,1.346624374,77.155893242,0.000000000,0.000199606,0.000000000,0.100000001
2026-07-05 12:22:53.004,1783225373.004421949,208.011094705,1,1,207.864884985,1,0.004977193,5,1,0.001007523,5,1,0,1,0,0,1,1,1,0,1,0,-1.000000000,0.000000000,0.000000000,0.000000000,0,-1.000000000,0,0,0,,0,-1.000000000,,0,0,0.000000000,0.000000000,0,-1.000000000,0,,0,-1.000000000,,0,-1.000000000,0,,1,-0.113160707,-6.483630921,-0.007326126,-0.026862144,1,3.135058641,179.625628680,-0.002442360,-2.782905579,1,-2.864825487,-164.142409454,-0.002442360,2.659828186,1,-0.186350822,-10.677115635,-0.021978378,0.422466278,1,1.346624374,77.155893242,0.012210846,-0.003663063,-0.113542177,-6.505487526,0.000000000,-0.000000000,6.000000000,2.500000000,3.150317430,180.499892894,0.000000000,-2.784898281,2.000000000,0.500000000,-2.867877245,-164.317262297,0.000000000,2.679786205,1.000000000,0.500000000,-0.187495232,-10.742685451,0.000000000,0.430281579,0.500000000,0.200000003,1.346624374,77.155893242,0.000000000,0.000199606,0.000000000,0.100000001
2026-07-05 12:22:54.004,1783225374.004473448,209.011146379,1,1,208.864936659,1,0.004783448,5,1,0.000599837,5,1,0,1,0,0,1,1,1,0,1,0,-1.000000000,0.000000000,0.000000000,0.000000000,0,-1.000000000,0,0,0,,0,-1.000000000,,0,0,0.000000000,0.000000000,0,-1.000000000,0,,0,-1.000000000,,0,-1.000000000,0,,1,-0.113160707,-6.483630921,-0.007326126,-0.026862144,1,3.135058641,179.625628680,-0.002442360,-2.782905579,1,-2.864825487,-164.142409454,-0.002442360,2.659828186,1,-0.186350822,-10.677115635,-0.021978378,0.422466278,1,1.346240997,77.133927354,-0.012210846,-0.003663063,-0.113542177,-6.505487526,0.000000000,-0.000000000,6.000000000,2.500000000,3.150317430,180.499892894,0.000000000,-2.784898281,2.000000000,0.500000000,-2.867877245,-164.317262297,0.000000000,2.679786205,1.000000000,0.500000000,-0.187495232,-10.742685451,0.000000000,0.430281579,0.500000000,0.200000003,1.346624374,77.155893242,0.000000000,0.000199606,0.000000000,0.100000001
2026-07-05 12:22:55.004,1783225375.004503012,210.011175963,1,1,209.864966243,1,0.003596928,5,1,0.001263221,5,1,0,1,0,0,1,1,1,0,1,0,-1.000000000,0.000000000,0.000000000,0.000000000,0,-1.000000000,0,0,0,,0,-1.000000000,,0,0,0.000000000,0.000000000,0,-1.000000000,0,,0,-1.000000000,,0,-1.000000000,0,,1,-0.113160707,-6.483630921,0.007326126,-0.021978378,1,3.135058641,179.625628680,-0.002442360,-2.769229889,1,-2.865206957,-164.164266060,-0.007326126,2.659828186,1,-0.186350822,-10.677115635,0.007326126,0.422466278,1,1.346240997,77.133927354,0.012210846,-0.003663063,-0.113542177,-6.505487526,0.000000000,-0.000000000,6.000000000,2.500000000,3.150317430,180.499892894,0.000000000,-2.784898281,2.000000000,0.500000000,-2.867877245,-164.317262297,0.000000000,2.679786205,1.000000000,0.500000000,-0.187495232,-10.742685451,0.000000000,0.430281579,0.500000000,0.200000003,1.346624374,77.155893242,0.000000000,0.000199606,0.000000000,0.100000001
2026-07-05 12:22:56.004,1783225376.004461527,211.011134503,1,1,210.864924783,1,0.005163348,5,1,0.000957374,5,1,0,1,0,0,1,1,1,0,1,0,-1.000000000,0.000000000,0.000000000,0.000000000,0,-1.000000000,0,0,0,,0,-1.000000000,,0,0,0.000000000,0.000000000,0,-1.000000000,0,,0,-1.000000000,,0,-1.000000000,0,,1,-0.113542177,-6.505487526,-0.021978378,-0.026862144,1,3.135058641,179.625628680,-0.002442360,-2.769229889,1,-2.865206957,-164.164266060,-0.002442360,2.659828186,1,-0.186350822,-10.677115635,0.007326126,0.422466278,1,1.346624374,77.155893242,-0.012210846,-0.003663063,-0.113542177,-6.505487526,0.000000000,-0.000000000,6.000000000,2.500000000,3.150317430,180.499892894,0.000000000,-2.784898281,2.000000000,0.500000000,-2.867877245,-164.317262297,0.000000000,2.679786205,1.000000000,0.500000000,-0.187495232,-10.742685451,0.000000000,0.430281579,0.500000000,0.200000003,1.346624374,77.155893242,0.000000000,0.000199606,0.000000000,0.100000001
2026-07-05 12:22:57.004,1783225377.004448175,212.011121104,1,1,211.864911384,1,0.005246351,5,1,0.010588364,5,1,0,1,0,0,1,1,1,0,1,0,-1.000000000,0.000000000,0.000000000,0.000000000,0,-1.000000000,0,0,0,,0,-1.000000000,,0,0,0.000000000,0.000000000,0,-1.000000000,0,,0,-1.000000000,,0,-1.000000000,0,,1,-0.113160707,-6.483630921,0.007326126,-0.021978378,1,3.135058641,179.625628680,-0.002442360,-2.769229889,1,-2.864825487,-164.142409454,-0.002442360,2.659828186,1,-0.186350822,-10.677115635,-0.007326126,0.422466278,1,1.346240997,77.133927354,-0.036628723,-0.003663063,-0.113542177,-6.505487526,0.000000000,-0.000000000,6.000000000,2.500000000,3.150317430,180.499892894,0.000000000,-2.784898281,2.000000000,0.500000000,-2.867877245,-164.317262297,0.000000000,2.679786205,1.000000000,0.500000000,-0.187495232,-10.742685451,0.000000000,0.430281579,0.500000000,0.200000003,1.346624374,77.155893242,0.000000000,0.000199606,0.000000000,0.100000001
2026-07-05 12:22:58.004,1783225378.004415035,213.011087834,1,1,212.864878114,1,0.004991660,5,1,0.001146816,5,1,0,1,0,0,1,1,1,0,1,0,-1.000000000,0.000000000,0.000000000,0.000000000,0,-1.000000000,0,0,0,,0,-1.000000000,,0,0,0.000000000,0.000000000,0,-1.000000000,0,,0,-1.000000000,,0,-1.000000000,0,,1,-0.113160707,-6.483630921,-0.007326126,-0.026862144,1,3.135058641,179.625628680,-0.002442360,-2.769229889,1,-2.864825487,-164.142409454,-0.002442360,2.659828186,1,-0.186350822,-10.677115635,-0.007326126,0.422466278,1,1.346240997,77.133927354,0.012210846,-0.003663063,-0.113542177,-6.505487526,0.000000000,-0.000000000,6.000000000,2.500000000,3.150317430,180.499892894,0.000000000,-2.784898281,2.000000000,0.500000000,-2.867877245,-164.317262297,0.000000000,2.679786205,1.000000000,0.500000000,-0.187495232,-10.742685451,0.000000000,0.430281579,0.500000000,0.200000003,1.346624374,77.155893242,0.000000000,0.000199606,0.000000000,0.100000001
2026-07-05 12:22:59.004,1783225379.004432201,214.011105070,1,1,213.864895350,1,0.004736408,5,1,0.000972400,5,1,0,1,0,0,1,1,1,0,1,0,-1.000000000,0.000000000,0.000000000,0.000000000,0,-1.000000000,0,0,0,,0,-1.000000000,,0,0,0.000000000,0.000000000,0,-1.000000000,0,,0,-1.000000000,,0,-1.000000000,0,,1,-0.113160707,-6.483630921,0.007326126,-0.026862144,1,3.135058641,179.625628680,-0.002442360,-2.782905579,1,-2.864825487,-164.142409454,-0.002442360,2.659828186,1,-0.186350822,-10.677115635,0.007326126,0.422466278,1,1.346240997,77.133927354,-0.012210846,-0.003663063,-0.113542177,-6.505487526,0.000000000,-0.000000000,6.000000000,2.500000000,3.150317430,180.499892894,0.000000000,-2.784898281,2.000000000,0.500000000,-2.867877245,-164.317262297,0.000000000,2.679786205,1.000000000,0.500000000,-0.187495232,-10.742685451,0.000000000,0.430281579,0.500000000,0.200000003,1.346624374,77.155893242,0.000000000,0.000199606,0.000000000,0.100000001
2026-07-05 12:23:00.004,1783225380.004524708,215.011197729,1,1,214.864988009,1,0.004804758,5,1,0.010709608,5,1,0,1,0,0,1,1,1,0,1,0,-1.000000000,0.000000000,0.000000000,0.000000000,0,-1.000000000,0,0,0,,0,-1.000000000,,0,0,0.000000000,0.000000000,0,-1.000000000,0,,0,-1.000000000,,0,-1.000000000,0,,1,-0.113160707,-6.483630921,-0.007326126,-0.026862144,1,3.135058641,179.625628680,-0.002442360,-2.769229889,1,-2.864825487,-164.142409454,0.002442360,2.659828186,1,-0.186350822,-10.677115635,0.007326126,0.422466278,1,1.346240997,77.133927354,-0.036628723,-0.003663063,-0.113542177,-6.505487526,0.000000000,-0.000000000,6.000000000,2.500000000,3.150317430,180.499892894,0.000000000,-2.784898281,2.000000000,0.500000000,-2.867877245,-164.317262297,0.000000000,2.679786205,1.000000000,0.500000000,-0.187495232,-10.742685451,0.000000000,0.430281579,0.500000000,0.200000003,1.346624374,77.155893242,0.000000000,0.000199606,0.000000000,0.100000001
2026-07-05 12:23:01.004,1783225381.004400969,216.011073889,1,1,215.864864169,1,0.004788077,5,1,0.001205416,5,1,0,1,0,0,1,1,1,0,1,0,-1.000000000,0.000000000,0.000000000,0.000000000,0,-1.000000000,0,0,0,,0,-1.000000000,,0,0,0.000000000,0.000000000,0,-1.000000000,0,,0,-1.000000000,,0,-1.000000000,0,,1,-0.113160707,-6.483630921,-0.021978378,-0.026862144,1,3.135058641,179.625628680,-0.002442360,-2.782905579,1,-2.864825487,-164.142409454,-0.002442360,2.659828186,1,-0.186350822,-10.677115635,-0.007326126,0.422466278,1,1.346240997,77.133927354,-0.012210846,-0.003663063,-0.113542177,-6.505487526,0.000000000,-0.000000000,6.000000000,2.500000000,3.150317430,180.499892894,0.000000000,-2.784898281,2.000000000,0.500000000,-2.867877245,-164.317262297,0.000000000,2.679786205,1.000000000,0.500000000,-0.187495232,-10.742685451,0.000000000,0.430281579,0.500000000,0.200000003,1.346624374,77.155893242,0.000000000,0.000199606,0.000000000,0.100000001
2026-07-05 12:23:02.004,1783225382.004457235,217.011130138,1,1,216.864920418,1,0.005432745,5,1,0.000640358,5,1,0,1,0,0,1,1,1,0,1,0,-1.000000000,0.000000000,0.000000000,0.000000000,0,-1.000000000,0,0,0,,0,-1.000000000,,0,0,0.000000000,0.000000000,0,-1.000000000,0,,0,-1.000000000,,0,-1.000000000,0,,1,-0.113160707,-6.483630921,-0.021978378,-0.026862144,1,3.135058641,179.625628680,-0.007326126,-2.769229889,1,-2.865206957,-164.164266060,-0.002442360,2.659828186,1,-0.186350822,-10.677115635,-0.007326126,0.422466278,1,1.346240997,77.133927354,0.012210846,-0.003663063,-0.113542177,-6.505487526,0.000000000,-0.000000000,6.000000000,2.500000000,3.150317430,180.499892894,0.000000000,-2.784898281,2.000000000,0.500000000,-2.867877245,-164.317262297,0.000000000,2.679786205,1.000000000,0.500000000,-0.187495232,-10.742685451,0.000000000,0.430281579,0.500000000,0.200000003,1.346624374,77.155893242,0.000000000,0.000199606,0.000000000,0.100000001
2026-07-05 12:23:03.004,1783225383.004395962,218.011069061,1,1,217.864859341,1,0.005221006,5,1,0.001130663,5,1,0,1,0,0,1,1,1,0,1,0,-1.000000000,0.000000000,0.000000000,0.000000000,0,-1.000000000,0,0,0,,0,-1.000000000,,0,0,0.000000000,0.000000000,0,-1.000000000,0,,0,-1.000000000,,0,-1.000000000,0,,1,-0.113160707,-6.483630921,-0.007326126,-0.026862144,1,3.135058641,179.625628680,-0.002442360,-2.782905579,1,-2.865206957,-164.164266060,-0.002442360,2.659828186,1,-0.186350822,-10.677115635,-0.007326126,0.422466278,1,1.346624374,77.155893242,-0.012210846,-0.003663063,-0.113542177,-6.505487526,0.000000000,-0.000000000,6.000000000,2.500000000,3.150317430,180.499892894,0.000000000,-2.784898281,2.000000000,0.500000000,-2.867877245,-164.317262297,0.000000000,2.679786205,1.000000000,0.500000000,-0.187495232,-10.742685451,0.000000000,0.430281579,0.500000000,0.200000003,1.346624374,77.155893242,0.000000000,0.000199606,0.000000000,0.100000001
2026-07-05 12:23:04.004,1783225384.004444361,219.011117328,1,1,218.864907608,1,0.004996493,5,1,0.000726454,5,1,0,1,0,0,1,1,1,0,1,0,-1.000000000,0.000000000,0.000000000,0.000000000,0,-1.000000000,0,0,0,,0,-1.000000000,,0,0,0.000000000,0.000000000,0,-1.000000000,0,,0,-1.000000000,,0,-1.000000000,0,,1,-0.113542177,-6.505487526,-0.007326126,-0.026862144,1,3.135058641,179.625628680,-0.002442360,-2.782905579,1,-2.864825487,-164.142409454,-0.002442360,2.659828186,1,-0.186350822,-10.677115635,-0.021978378,0.422466278,1,1.346240997,77.133927354,-0.012210846,-0.003663063,-0.113542177,-6.505487526,0.000000000,-0.000000000,6.000000000,2.500000000,3.150317430,180.499892894,0.000000000,-2.784898281,2.000000000,0.500000000,-2.867877245,-164.317262297,0.000000000,2.679786205,1.000000000,0.500000000,-0.187495232,-10.742685451,0.000000000,0.430281579,0.500000000,0.200000003,1.346624374,77.155893242,0.000000000,0.000199606,0.000000000,0.100000001
2026-07-05 12:23:05.004,1783225385.004461050,220.011133915,1,1,219.864924195,1,0.004957386,5,1,0.000791572,5,1,0,1,0,0,1,1,1,0,1,0,-1.000000000,0.000000000,0.000000000,0.000000000,0,-1.000000000,0,0,0,,0,-1.000000000,,0,0,0.000000000,0.000000000,0,-1.000000000,0,,0,-1.000000000,,0,-1.000000000,0,,1,-0.113160707,-6.483630921,0.007326126,-0.026862144,1,3.135058641,179.625628680,-0.002442360,-2.782905579,1,-2.864825487,-164.142409454,-0.002442360,2.659828186,1,-0.186350822,-10.677115635,-0.021978378,0.422466278,1,1.346624374,77.155893242,-0.036628723,-0.006104946,-0.113542177,-6.505487526,0.000000000,-0.000000000,6.000000000,2.500000000,3.150317430,180.499892894,0.000000000,-2.784898281,2.000000000,0.500000000,-2.867877245,-164.317262297,0.000000000,2.679786205,1.000000000,0.500000000,-0.187495232,-10.742685451,0.000000000,0.430281579,0.500000000,0.200000003,1.346624374,77.155893242,0.000000000,0.000199606,0.000000000,0.100000001
2026-07-05 12:23:06.004,1783225386.004493475,221.011166434,1,1,220.864956714,1,0.005506303,5,1,0.000955510,5,1,0,1,0,0,1,1,1,0,1,0,-1.000000000,0.000000000,0.000000000,0.000000000,0,-1.000000000,0,0,0,,0,-1.000000000,,0,0,0.000000000,0.000000000,0,-1.000000000,0,,0,-1.000000000,,0,-1.000000000,0,,1,-0.113160707,-6.483630921,-0.007326126,-0.021978378,1,3.135058641,179.625628680,-0.002442360,-2.769229889,1,-2.864825487,-164.142409454,-0.002442360,2.659828186,1,-0.186350822,-10.677115635,-0.007326126,0.422466278,1,1.346240997,77.133927354,-0.012210846,-0.003663063,-0.113542177,-6.505487526,0.000000000,-0.000000000,6.000000000,2.500000000,3.150317430,180.499892894,0.000000000,-2.784898281,2.000000000,0.500000000,-2.867877245,-164.317262297,0.000000000,2.679786205,1.000000000,0.500000000,-0.187495232,-10.742685451,0.000000000,0.430281579,0.500000000,0.200000003,1.346624374,77.155893242,0.000000000,0.000199606,0.000000000,0.100000001
2026-07-05 12:23:07.005,1783225387.004681826,222.011354763,1,1,221.865145043,1,0.005123479,5,1,0.000918567,5,1,0,1,0,0,1,1,1,0,1,0,-1.000000000,0.000000000,0.000000000,0.000000000,0,-1.000000000,0,0,0,,0,-1.000000000,,0,0,0.000000000,0.000000000,0,-1.000000000,0,,0,-1.000000000,,0,-1.000000000,0,,1,-0.113160707,-6.483630921,0.007326126,-0.026862144,1,3.135058641,179.625628680,-0.002442360,-2.769229889,1,-2.865206957,-164.164266060,-0.002442360,2.659828186,1,-0.186350822,-10.677115635,-0.007326126,0.422466278,1,1.346240997,77.133927354,0.012210846,-0.003663063,-0.113542177,-6.505487526,0.000000000,-0.000000000,6.000000000,2.500000000,3.150317430,180.499892894,0.000000000,-2.784898281,2.000000000,0.500000000,-2.867877245,-164.317262297,0.000000000,2.679786205,1.000000000,0.500000000,-0.187495232,-10.742685451,0.000000000,0.430281579,0.500000000,0.200000003,1.346624374,77.155893242,0.000000000,0.000199606,0.000000000,0.100000001
2026-07-05 12:23:08.004,1783225388.004392624,223.011065615,1,1,222.864855895,1,0.005457637,5,1,0.001207231,5,1,0,1,0,0,1,1,1,0,1,0,-1.000000000,0.000000000,0.000000000,0.000000000,0,-1.000000000,0,0,0,,0,-1.000000000,,0,0,0.000000000,0.000000000,0,-1.000000000,0,,0,-1.000000000,,0,-1.000000000,0,,1,-0.113160707,-6.483630921,0.007326126,-0.026862144,1,3.135058641,179.625628680,-0.002442360,-2.769229889,1,-2.864825487,-164.142409454,-0.002442360,2.659828186,1,-0.186350822,-10.677115635,-0.007326126,0.422466278,1,1.346240997,77.133927354,-0.036628723,-0.003663063,-0.113542177,-6.505487526,0.000000000,-0.000000000,6.000000000,2.500000000,3.150317430,180.499892894,0.000000000,-2.784898281,2.000000000,0.500000000,-2.867877245,-164.317262297,0.000000000,2.679786205,1.000000000,0.500000000,-0.187495232,-10.742685451,0.000000000,0.430281579,0.500000000,0.200000003,1.346624374,77.155893242,0.000000000,0.000199606,0.000000000,0.100000001
2026-07-05 12:23:09.005,1783225389.004522085,224.011194851,1,1,223.864985131,1,0.004510110,5,1,0.000980537,5,1,0,1,0,0,1,1,1,0,1,0,-1.000000000,0.000000000,0.000000000,0.000000000,0,-1.000000000,0,0,0,,0,-1.000000000,,0,0,0.000000000,0.000000000,0,-1.000000000,0,,0,-1.000000000,,0,-1.000000000,0,,1,-0.113160707,-6.483630921,-0.007326126,-0.026862144,1,3.135058641,179.625628680,-0.002442360,-2.782905579,1,-2.864825487,-164.142409454,-0.002442360,2.659828186,1,-0.186350822,-10.677115635,-0.007326126,0.422466278,1,1.346624374,77.155893242,0.012210846,-0.003663063,-0.113542177,-6.505487526,0.000000000,-0.000000000,6.000000000,2.500000000,3.150317430,180.499892894,0.000000000,-2.784898281,2.000000000,0.500000000,-2.867877245,-164.317262297,0.000000000,2.679786205,1.000000000,0.500000000,-0.187495232,-10.742685451,0.000000000,0.430281579,0.500000000,0.200000003,1.346624374,77.155893242,0.000000000,0.000199606,0.000000000,0.100000001
2026-07-05 12:23:10.004,1783225390.004446745,225.011119649,1,1,224.864909929,1,0.005244014,5,1,0.000959686,5,1,0,1,0,0,1,1,1,0,1,0,-1.000000000,0.000000000,0.000000000,0.000000000,0,-1.000000000,0,0,0,,0,-1.000000000,,0,0,0.000000000,0.000000000,0,-1.000000000,0,,0,-1.000000000,,0,-1.000000000,0,,1,-0.113542177,-6.505487526,-0.021978378,-0.026862144,1,3.135058641,179.625628680,0.002442360,-2.782905579,1,-2.865206957,-164.164266060,0.002442360,2.659828186,1,-0.186350822,-10.677115635,-0.007326126,0.422466278,1,1.346624374,77.155893242,0.012210846,-0.003663063,-0.113542177,-6.505487526,0.000000000,-0.000000000,6.000000000,2.500000000,3.150317430,180.499892894,0.000000000,-2.784898281,2.000000000,0.500000000,-2.867877245,-164.317262297,0.000000000,2.679786205,1.000000000,0.500000000,-0.187495232,-10.742685451,0.000000000,0.430281579,0.500000000,0.200000003,1.346624374,77.155893242,0.000000000,0.000199606,0.000000000,0.100000001
2026-07-05 12:23:11.004,1783225391.004439592,226.011112482,1,1,225.864902762,1,0.005382428,5,1,0.000978021,5,1,0,1,0,0,1,1,1,0,1,0,-1.000000000,0.000000000,0.000000000,0.000000000,0,-1.000000000,0,0,0,,0,-1.000000000,,0,0,0.000000000,0.000000000,0,-1.000000000,0,,0,-1.000000000,,0,-1.000000000,0,,1,-0.113542177,-6.505487526,0.007326126,-0.021978378,1,3.135058641,179.625628680,-0.002442360,-2.769229889,1,-2.865206957,-164.164266060,-0.002442360,2.659828186,1,-0.186350822,-10.677115635,-0.007326126,0.422466278,1,1.346240997,77.133927354,-0.012210846,-0.003663063,-0.113542177,-6.505487526,0.000000000,-0.000000000,6.000000000,2.500000000,3.150317430,180.499892894,0.000000000,-2.784898281,2.000000000,0.500000000,-2.867877245,-164.317262297,0.000000000,2.679786205,1.000000000,0.500000000,-0.187495232,-10.742685451,0.000000000,0.430281579,0.500000000,0.200000003,1.346624374,77.155893242,0.000000000,0.000199606,0.000000000,0.100000001
2026-07-05 12:23:12.005,1783225392.005187750,227.011860718,1,1,226.865650998,1,0.005993004,5,1,0.001408973,5,1,0,1,0,0,1,1,1,0,1,0,-1.000000000,0.000000000,0.000000000,0.000000000,0,-1.000000000,0,0,0,,0,-1.000000000,,0,0,0.000000000,0.000000000,0,-1.000000000,0,,0,-1.000000000,,0,-1.000000000,0,,1,-0.113160707,-6.483630921,-0.007326126,-0.021978378,1,3.135058641,179.625628680,-0.002442360,-2.769229889,1,-2.865206957,-164.164266060,-0.002442360,2.673503876,1,-0.186350822,-10.677115635,-0.007326126,0.422466278,1,1.346240997,77.133927354,-0.012210846,-0.003663063,-0.113542177,-6.505487526,0.000000000,-0.000000000,6.000000000,2.500000000,3.150317430,180.499892894,0.000000000,-2.784898281,2.000000000,0.500000000,-2.867877245,-164.317262297,0.000000000,2.679786205,1.000000000,0.500000000,-0.187495232,-10.742685451,0.000000000,0.430281579,0.500000000,0.200000003,1.346624374,77.155893242,0.000000000,0.000199606,0.000000000,0.100000001
2026-07-05 12:23:13.004,1783225393.004411459,228.011084286,1,1,227.864874566,1,0.004257843,5,1,0.001138994,5,1,0,1,0,0,1,1,1,0,1,0,-1.000000000,0.000000000,0.000000000,0.000000000,0,-1.000000000,0,0,0,,0,-1.000000000,,0,0,0.000000000,0.000000000,0,-1.000000000,0,,0,-1.000000000,,0,-1.000000000,0,,1,-0.113160707,-6.483630921,-0.021978378,-0.031745911,1,3.135058641,179.625628680,-0.002442360,-2.782905579,1,-2.864825487,-164.142409454,-0.002442360,2.673503876,1,-0.186350822,-10.677115635,-0.007326126,0.422466278,1,1.346240997,77.133927354,-0.036628723,-0.003663063,-0.113542177,-6.505487526,0.000000000,-0.000000000,6.000000000,2.500000000,3.150317430,180.499892894,0.000000000,-2.784898281,2.000000000,0.500000000,-2.867877245,-164.317262297,0.000000000,2.679786205,1.000000000,0.500000000,-0.187495232,-10.742685451,0.000000000,0.430281579,0.500000000,0.200000003,1.346624374,77.155893242,0.000000000,0.000199606,0.000000000,0.100000001
2026-07-05 12:23:14.004,1783225394.004407406,229.011080328,1,1,228.864870608,1,0.004826521,5,1,0.001082389,5,1,0,1,0,0,1,1,1,0,1,0,-1.000000000,0.000000000,0.000000000,0.000000000,0,-1.000000000,0,0,0,,0,-1.000000000,,0,0,0.000000000,0.000000000,0,-1.000000000,0,,0,-1.000000000,,0,-1.000000000,0,,1,-0.113160707,-6.483630921,-0.007326126,-0.026862144,1,3.135058641,179.625628680,-0.002442360,-2.769229889,1,-2.864825487,-164.142409454,-0.002442360,2.659828186,1,-0.186350822,-10.677115635,-0.007326126,0.422466278,1,1.346240997,77.133927354,-0.036628723,-0.003663063,-0.113542177,-6.505487526,0.000000000,-0.000000000,6.000000000,2.500000000,3.150317430,180.499892894,0.000000000,-2.784898281,2.000000000,0.500000000,-2.867877245,-164.317262297,0.000000000,2.679786205,1.000000000,0.500000000,-0.187495232,-10.742685451,0.000000000,0.430281579,0.500000000,0.200000003,1.346624374,77.155893242,0.000000000,0.000199606,0.000000000,0.100000001
2026-07-05 12:23:15.005,1783225395.004483938,230.011156870,1,1,229.864947150,1,0.004951142,5,1,0.000532701,5,1,0,1,0,0,1,1,1,0,1,0,-1.000000000,0.000000000,0.000000000,0.000000000,0,-1.000000000,0,0,0,,0,-1.000000000,,0,0,0.000000000,0.000000000,0,-1.000000000,0,,0,-1.000000000,,0,-1.000000000,0,,1,-0.113160707,-6.483630921,-0.007326126,-0.026862144,1,3.135058641,179.625628680,-0.002442360,-2.769229889,1,-2.865206957,-164.164266060,0.002442360,2.659828186,1,-0.186350822,-10.677115635,-0.007326126,0.422466278,1,1.346624374,77.155893242,-0.012210846,-0.003663063,-0.113542177,-6.505487526,0.000000000,-0.000000000,6.000000000,2.500000000,3.150317430,180.499892894,0.000000000,-2.784898281,2.000000000,0.500000000,-2.867877245,-164.317262297,0.000000000,2.679786205,1.000000000,0.500000000,-0.187495232,-10.742685451,0.000000000,0.430281579,0.500000000,0.200000003,1.346624374,77.155893242,0.000000000,0.000199606,0.000000000,0.100000001
2026-07-05 12:23:16.004,1783225396.004522800,231.011195676,1,1,230.864985956,1,0.004513758,5,1,0.000584922,5,1,0,1,0,0,1,1,1,0,1,0,-1.000000000,0.000000000,0.000000000,0.000000000,0,-1.000000000,0,0,0,,0,-1.000000000,,0,0,0.000000000,0.000000000,0,-1.000000000,0,,0,-1.000000000,,0,-1.000000000,0,,1,-0.113160707,-6.483630921,-0.007326126,-0.026862144,1,3.135058641,179.625628680,-0.002442360,-2.782905579,1,-2.865206957,-164.164266060,-0.002442360,2.659828186,1,-0.186350822,-10.677115635,-0.021978378,0.422466278,1,1.346240997,77.133927354,-0.012210846,-0.003663063,-0.113542177,-6.505487526,0.000000000,-0.000000000,6.000000000,2.500000000,3.150317430,180.499892894,0.000000000,-2.784898281,2.000000000,0.500000000,-2.867877245,-164.317262297,0.000000000,2.679786205,1.000000000,0.500000000,-0.187495232,-10.742685451,0.000000000,0.430281579,0.500000000,0.200000003,1.346624374,77.155893242,0.000000000,0.000199606,0.000000000,0.100000001
2026-07-05 12:23:17.004,1783225397.004471302,232.011144326,1,1,231.864934606,1,0.004867543,5,1,0.000700442,5,1,0,1,0,0,1,1,1,0,1,0,-1.000000000,0.000000000,0.000000000,0.000000000,0,-1.000000000,0,0,0,,0,-1.000000000,,0,0,0.000000000,0.000000000,0,-1.000000000,0,,0,-1.000000000,,0,-1.000000000,0,,1,-0.113160707,-6.483630921,-0.007326126,-0.026862144,1,3.135058641,179.625628680,0.002442360,-2.782905579,1,-2.864825487,-164.142409454,-0.002442360,2.659828186,1,-0.186350822,-10.677115635,-0.007326126,0.422466278,1,1.346624374,77.155893242,-0.012210846,-0.003663063,-0.113542177,-6.505487526,0.000000000,-0.000000000,6.000000000,2.500000000,3.150317430,180.499892894,0.000000000,-2.784898281,2.000000000,0.500000000,-2.867877245,-164.317262297,0.000000000,2.679786205,1.000000000,0.500000000,-0.187495232,-10.742685451,0.000000000,0.430281579,0.500000000,0.200000003,1.346624374,77.155893242,0.000000000,0.000199606,0.000000000,0.100000001
2026-07-05 12:23:18.004,1783225398.004447699,233.011120601,1,1,232.864910881,1,0.004070600,5,1,0.000497061,5,1,0,1,0,0,1,1,1,0,1,0,-1.000000000,0.000000000,0.000000000,0.000000000,0,-1.000000000,0,0,0,,0,-1.000000000,,0,0,0.000000000,0.000000000,0,-1.000000000,0,,0,-1.000000000,,0,-1.000000000,0,,1,-0.113160707,-6.483630921,-0.007326126,-0.026862144,1,3.135058641,179.625628680,-0.002442360,-2.782905579,1,-2.864825487,-164.142409454,-0.002442360,2.659828186,1,-0.186350822,-10.677115635,-0.021978378,0.422466278,1,1.346240997,77.133927354,-0.012210846,-0.003663063,-0.113542177,-6.505487526,0.000000000,-0.000000000,6.000000000,2.500000000,3.150317430,180.499892894,0.000000000,-2.784898281,2.000000000,0.500000000,-2.867877245,-164.317262297,0.000000000,2.679786205,1.000000000,0.500000000,-0.187495232,-10.742685451,0.000000000,0.430281579,0.500000000,0.200000003,1.346624374,77.155893242,0.000000000,0.000199606,0.000000000,0.100000001
2026-07-05 12:23:19.004,1783225399.004450321,234.011123163,1,1,233.864913443,1,0.004310163,5,1,0.001052833,5,1,0,1,0,0,1,1,1,0,1,0,-1.000000000,0.000000000,0.000000000,0.000000000,0,-1.000000000,0,0,0,,0,-1.000000000,,0,0,0.000000000,0.000000000,0,-1.000000000,0,,0,-1.000000000,,0,-1.000000000,0,,1,-0.113160707,-6.483630921,-0.021978378,-0.031745911,1,3.135058641,179.625628680,-0.002442360,-2.769229889,1,-2.864825487,-164.142409454,-0.002442360,2.659828186,1,-0.186350822,-10.677115635,-0.007326126,0.422466278,1,1.346240997,77.133927354,-0.012210846,-0.003663063,-0.113542177,-6.505487526,0.000000000,-0.000000000,6.000000000,2.500000000,3.150317430,180.499892894,0.000000000,-2.784898281,2.000000000,0.500000000,-2.867877245,-164.317262297,0.000000000,2.679786205,1.000000000,0.500000000,-0.187495232,-10.742685451,0.000000000,0.430281579,0.500000000,0.200000003,1.346624374,77.155893242,0.000000000,0.000199606,0.000000000,0.100000001
2026-07-05 12:23:20.004,1783225400.004578352,235.011251335,1,1,234.865041615,1,0.005552015,5,1,0.000402881,5,1,0,1,0,0,1,1,1,0,1,0,-1.000000000,0.000000000,0.000000000,0.000000000,0,-1.000000000,0,0,0,,0,-1.000000000,,0,0,0.000000000,0.000000000,0,-1.000000000,0,,0,-1.000000000,,0,-1.000000000,0,,1,-0.113160707,-6.483630921,0.007326126,-0.021978378,1,3.135058641,179.625628680,-0.002442360,-2.782905579,1,-2.864825487,-164.142409454,0.002442360,2.659828186,1,-0.186350822,-10.677115635,-0.007326126,0.422466278,1,1.346240997,77.133927354,-0.036628723,-0.003663063,-0.113542177,-6.505487526,0.000000000,-0.000000000,6.000000000,2.500000000,3.150317430,180.499892894,0.000000000,-2.784898281,2.000000000,0.500000000,-2.867877245,-164.317262297,0.000000000,2.679786205,1.000000000,0.500000000,-0.187495232,-10.742685451,0.000000000,0.430281579,0.500000000,0.200000003,1.346624374,77.155893242,0.000000000,0.000199606,0.000000000,0.100000001
2026-07-05 12:23:21.004,1783225401.004476309,236.011149255,1,1,235.864939535,1,0.005159821,5,1,0.000663700,5,1,0,1,0,0,1,1,1,0,1,0,-1.000000000,0.000000000,0.000000000,0.000000000,0,-1.000000000,0,0,0,,0,-1.000000000,,0,0,0.000000000,0.000000000,0,-1.000000000,0,,0,-1.000000000,,0,-1.000000000,0,,1,-0.113160707,-6.483630921,-0.021978378,-0.026862144,1,3.135058641,179.625628680,-0.002442360,-2.782905579,1,-2.864825487,-164.142409454,-0.007326126,2.659828186,1,-0.186350822,-10.677115635,-0.007326126,0.422466278,1,1.346240997,77.133927354,-0.036628723,-0.003663063,-0.113542177,-6.505487526,0.000000000,-0.000000000,6.000000000,2.500000000,3.150317430,180.499892894,0.000000000,-2.784898281,2.000000000,0.500000000,-2.867877245,-164.317262297,0.000000000,2.679786205,1.000000000,0.500000000,-0.187495232,-10.742685451,0.000000000,0.430281579,0.500000000,0.200000003,1.346624374,77.155893242,0.000000000,0.000199606,0.000000000,0.100000001
2026-07-05 12:23:22.004,1783225402.004436731,237.011109577,1,1,236.864899857,1,0.005572145,5,1,0.000782984,5,1,0,1,0,0,1,1,1,0,1,0,-1.000000000,0.000000000,0.000000000,0.000000000,0,-1.000000000,0,0,0,,0,-1.000000000,,0,0,0.000000000,0.000000000,0,-1.000000000,0,,0,-1.000000000,,0,-1.000000000,0,,1,-0.113160707,-6.483630921,0.007326126,-0.026862144,1,3.135058641,179.625628680,0.002442360,-2.769229889,1,-2.865206957,-164.164266060,-0.007326126,2.659828186,1,-0.186350822,-10.677115635,0.007326126,0.422466278,1,1.346240997,77.133927354,-0.012210846,-0.003663063,-0.113542177,-6.505487526,0.000000000,-0.000000000,6.000000000,2.500000000,3.150317430,180.499892894,0.000000000,-2.784898281,2.000000000,0.500000000,-2.867877245,-164.317262297,0.000000000,2.679786205,1.000000000,0.500000000,-0.187495232,-10.742685451,0.000000000,0.430281579,0.500000000,0.200000003,1.346624374,77.155893242,0.000000000,0.000199606,0.000000000,0.100000001
2026-07-05 12:23:23.004,1783225403.004474878,238.011147914,1,1,237.864938194,1,0.005007256,5,1,0.001092045,5,1,0,1,0,0,1,1,1,0,1,0,-1.000000000,0.000000000,0.000000000,0.000000000,0,-1.000000000,0,0,0,,0,-1.000000000,,0,0,0.000000000,0.000000000,0,-1.000000000,0,,0,-1.000000000,,0,-1.000000000,0,,1,-0.113160707,-6.483630921,-0.021978378,-0.031745911,1,3.135058641,179.625628680,0.002442360,-2.782905579,1,-2.865206957,-164.164266060,-0.002442360,2.659828186,1,-0.186350822,-10.677115635,-0.021978378,0.422466278,1,1.346624374,77.155893242,-0.012210846,-0.003663063,-0.113542177,-6.505487526,0.000000000,-0.000000000,6.000000000,2.500000000,3.150317430,180.499892894,0.000000000,-2.784898281,2.000000000,0.500000000,-2.867877245,-164.317262297,0.000000000,2.679786205,1.000000000,0.500000000,-0.187495232,-10.742685451,0.000000000,0.430281579,0.500000000,0.200000003,1.346624374,77.155893242,0.000000000,0.000199606,0.000000000,0.100000001
2026-07-05 12:23:24.004,1783225404.004505396,239.011178175,1,1,238.864968455,1,0.005539586,5,1,0.000905085,5,1,0,1,0,0,1,1,1,0,1,0,-1.000000000,0.000000000,0.000000000,0.000000000,0,-1.000000000,0,0,0,,0,-1.000000000,,0,0,0.000000000,0.000000000,0,-1.000000000,0,,0,-1.000000000,,0,-1.000000000,0,,1,-0.113160707,-6.483630921,0.007326126,-0.026862144,1,3.135058641,179.625628680,-0.002442360,-2.769229889,1,-2.864825487,-164.142409454,0.002442360,2.659828186,1,-0.186350822,-10.677115635,-0.007326126,0.422466278,1,1.346240997,77.133927354,-0.012210846,-0.003663063,-0.113542177,-6.505487526,0.000000000,-0.000000000,6.000000000,2.500000000,3.150317430,180.499892894,0.000000000,-2.784898281,2.000000000,0.500000000,-2.867877245,-164.317262297,0.000000000,2.679786205,1.000000000,0.500000000,-0.187495232,-10.742685451,0.000000000,0.430281579,0.500000000,0.200000003,1.346624374,77.155893242,0.000000000,0.000199606,0.000000000,0.100000001
2026-07-05 12:23:25.004,1783225405.004439354,240.011112228,1,1,239.864902508,1,0.005350212,5,1,0.000593376,5,1,0,1,0,0,1,1,1,0,1,0,-1.000000000,0.000000000,0.000000000,0.000000000,0,-1.000000000,0,0,0,,0,-1.000000000,,0,0,0.000000000,0.000000000,0,-1.000000000,0,,0,-1.000000000,,0,-1.000000000,0,,1,-0.113160707,-6.483630921,0.007326126,-0.026862144,1,3.135058641,179.625628680,-0.002442360,-2.769229889,1,-2.865206957,-164.164266060,-0.002442360,2.659828186,1,-0.186350822,-10.677115635,-0.021978378,0.422466278,1,1.346240997,77.133927354,-0.036628723,-0.003663063,-0.113542177,-6.505487526,0.000000000,-0.000000000,6.000000000,2.500000000,3.150317430,180.499892894,0.000000000,-2.784898281,2.000000000,0.500000000,-2.867877245,-164.317262297,0.000000000,2.679786205,1.000000000,0.500000000,-0.187495232,-10.742685451,0.000000000,0.430281579,0.500000000,0.200000003,1.346624374,77.155893242,0.000000000,0.000199606,0.000000000,0.100000001
2026-07-05 12:23:26.005,1783225406.004711390,241.011384370,1,1,240.865174650,1,0.005506403,5,1,0.000968497,5,1,0,1,0,0,1,1,1,0,1,0,-1.000000000,0.000000000,0.000000000,0.000000000,0,-1.000000000,0,0,0,,0,-1.000000000,,0,0,0.000000000,0.000000000,0,-1.000000000,0,,0,-1.000000000,,0,-1.000000000,0,,1,-0.113160707,-6.483630921,-0.007326126,-0.026862144,1,3.135058641,179.625628680,-0.002442360,-2.782905579,1,-2.864825487,-164.142409454,0.002442360,2.673503876,1,-0.186350822,-10.677115635,-0.007326126,0.422466278,1,1.346240997,77.133927354,-0.036628723,-0.003663063,-0.113542177,-6.505487526,0.000000000,-0.000000000,6.000000000,2.500000000,3.150317430,180.499892894,0.000000000,-2.784898281,2.000000000,0.500000000,-2.867877245,-164.317262297,0.000000000,2.679786205,1.000000000,0.500000000,-0.187495232,-10.742685451,0.000000000,0.430281579,0.500000000,0.200000003,1.346624374,77.155893242,0.000000000,0.000199606,0.000000000,0.100000001
2026-07-05 12:23:27.004,1783225407.004380226,242.011053091,1,1,241.864843371,1,0.005097664,5,1,0.000933726,5,1,0,1,0,0,1,1,1,0,1,0,-1.000000000,0.000000000,0.000000000,0.000000000,0,-1.000000000,0,0,0,,0,-1.000000000,,0,0,0.000000000,0.000000000,0,-1.000000000,0,,0,-1.000000000,,0,-1.000000000,0,,1,-0.113160707,-6.483630921,-0.007326126,-0.026862144,1,3.135058641,179.625628680,-0.002442360,-2.769229889,1,-2.865206957,-164.164266060,-0.007326126,2.673503876,1,-0.186350822,-10.677115635,-0.007326126,0.422466278,1,1.346240997,77.133927354,-0.012210846,-0.003663063,-0.113542177,-6.505487526,0.000000000,-0.000000000,6.000000000,2.500000000,3.150317430,180.499892894,0.000000000,-2.784898281,2.000000000,0.500000000,-2.867877245,-164.317262297,0.000000000,2.679786205,1.000000000,0.500000000,-0.187495232,-10.742685451,0.000000000,0.430281579,0.500000000,0.200000003,1.346624374,77.155893242,0.000000000,0.000199606,0.000000000,0.100000001
2026-07-05 12:23:28.005,1783225408.004847288,243.011520334,1,1,242.865310614,1,0.005294571,5,1,0.000575744,5,1,0,1,0,0,1,1,1,0,1,0,-1.000000000,0.000000000,0.000000000,0.000000000,0,-1.000000000,0,0,0,,0,-1.000000000,,0,0,0.000000000,0.000000000,0,-1.000000000,0,,0,-1.000000000,,0,-1.000000000,0,,1,-0.113160707,-6.483630921,-0.021978378,-0.026862144,1,3.135058641,179.625628680,-0.002442360,-2.782905579,1,-2.864825487,-164.142409454,0.002442360,2.659828186,1,-0.186350822,-10.677115635,-0.007326126,0.422466278,1,1.346240997,77.133927354,-0.036628723,-0.003663063,-0.113542177,-6.505487526,0.000000000,-0.000000000,6.000000000,2.500000000,3.150317430,180.499892894,0.000000000,-2.784898281,2.000000000,0.500000000,-2.867877245,-164.317262297,0.000000000,2.679786205,1.000000000,0.500000000,-0.187495232,-10.742685451,0.000000000,0.430281579,0.500000000,0.200000003,1.346624374,77.155893242,0.000000000,0.000199606,0.000000000,0.100000001
2026-07-05 12:23:29.004,1783225409.004429340,244.011102217,1,1,243.864892497,1,0.005355260,5,1,0.000966572,5,1,0,1,0,0,1,1,1,0,1,0,-1.000000000,0.000000000,0.000000000,0.000000000,0,-1.000000000,0,0,0,,0,-1.000000000,,0,0,0.000000000,0.000000000,0,-1.000000000,0,,0,-1.000000000,,0,-1.000000000,0,,1,-0.113160707,-6.483630921,-0.007326126,-0.026862144,1,3.135058641,179.625628680,-0.002442360,-2.769229889,1,-2.864825487,-164.142409454,-0.002442360,2.659828186,1,-0.186350822,-10.677115635,0.007326126,0.422466278,1,1.346240997,77.133927354,-0.012210846,-0.003663063,-0.113542177,-6.505487526,0.000000000,-0.000000000,6.000000000,2.500000000,3.150317430,180.499892894,0.000000000,-2.784898281,2.000000000,0.500000000,-2.867877245,-164.317262297,0.000000000,2.679786205,1.000000000,0.500000000,-0.187495232,-10.742685451,0.000000000,0.430281579,0.500000000,0.200000003,1.346624374,77.155893242,0.000000000,0.000199606,0.000000000,0.100000001
2026-07-05 12:23:30.004,1783225410.004489660,245.011162696,1,1,244.864952976,1,0.005438811,5,1,0.001280665,5,1,0,1,0,0,1,1,1,0,1,0,-1.000000000,0.000000000,0.000000000,0.000000000,0,-1.000000000,0,0,0,,0,-1.000000000,,0,0,0.000000000,0.000000000,0,-1.000000000,0,,0,-1.000000000,,0,-1.000000000,0,,1,-0.113160707,-6.483630921,-0.021978378,-0.026862144,1,3.135058641,179.625628680,-0.002442360,-2.769229889,1,-2.865206957,-164.164266060,-0.002442360,2.659828186,1,-0.186350822,-10.677115635,-0.007326126,0.422466278,1,1.346624374,77.155893242,-0.012210846,-0.003663063,-0.113542177,-6.505487526,0.000000000,-0.000000000,6.000000000,2.500000000,3.150317430,180.499892894,0.000000000,-2.784898281,2.000000000,0.500000000,-2.867877245,-164.317262297,0.000000000,2.679786205,1.000000000,0.500000000,-0.187495232,-10.742685451,0.000000000,0.430281579,0.500000000,0.200000003,1.346624374,77.155893242,0.000000000,0.000199606,0.000000000,0.100000001
2026-07-05 12:23:31.004,1783225411.004425287,246.011098167,1,1,245.864888447,1,0.004525983,5,1,0.000123836,5,1,0,1,0,0,1,1,1,0,1,0,-1.000000000,0.000000000,0.000000000,0.000000000,0,-1.000000000,0,0,0,,0,-1.000000000,,0,0,0.000000000,0.000000000,0,-1.000000000,0,,0,-1.000000000,,0,-1.000000000,0,,1,-0.113160707,-6.483630921,-0.007326126,-0.026862144,1,3.135058641,179.625628680,-0.007326126,-2.769229889,1,-2.865206957,-164.164266060,-0.002442360,2.659828186,1,-0.186350822,-10.677115635,0.007326126,0.422466278,1,1.346624374,77.155893242,-0.012210846,-0.003663063,-0.113542177,-6.505487526,0.000000000,-0.000000000,6.000000000,2.500000000,3.150317430,180.499892894,0.000000000,-2.784898281,2.000000000,0.500000000,-2.867877245,-164.317262297,0.000000000,2.679786205,1.000000000,0.500000000,-0.187495232,-10.742685451,0.000000000,0.430281579,0.500000000,0.200000003,1.346624374,77.155893242,0.000000000,0.000199606,0.000000000,0.100000001
2026-07-05 12:23:32.004,1783225412.004460573,247.011133346,1,1,246.864923626,1,0.002786815,5,1,0.001002609,5,1,0,1,0,0,1,1,1,0,1,0,-1.000000000,0.000000000,0.000000000,0.000000000,0,-1.000000000,0,0,0,,0,-1.000000000,,0,0,0.000000000,0.000000000,0,-1.000000000,0,,0,-1.000000000,,0,-1.000000000,0,,1,-0.113160707,-6.483630921,-0.007326126,-0.026862144,1,3.135058641,179.625628680,-0.002442360,-2.769229889,1,-2.864825487,-164.142409454,-0.002442360,2.659828186,1,-0.186350822,-10.677115635,-0.021978378,0.422466278,1,1.346624374,77.155893242,-0.012210846,-0.003663063,-0.113542177,-6.505487526,0.000000000,-0.000000000,6.000000000,2.500000000,3.150317430,180.499892894,0.000000000,-2.784898281,2.000000000,0.500000000,-2.867877245,-164.317262297,0.000000000,2.679786205,1.000000000,0.500000000,-0.187495232,-10.742685451,0.000000000,0.430281579,0.500000000,0.200000003,1.346624374,77.155893242,0.000000000,0.000199606,0.000000000,0.100000001
2026-07-05 12:23:33.004,1783225413.004555941,248.011228975,1,1,247.865019255,1,0.005754350,5,1,0.001407185,5,1,0,1,0,0,1,1,1,0,1,0,-1.000000000,0.000000000,0.000000000,0.000000000,0,-1.000000000,0,0,0,,0,-1.000000000,,0,0,0.000000000,0.000000000,0,-1.000000000,0,,0,-1.000000000,,0,-1.000000000,0,,1,-0.113160707,-6.483630921,0.007326126,-0.021978378,1,3.135058641,179.625628680,-0.002442360,-2.769229889,1,-2.864825487,-164.142409454,-0.002442360,2.659828186,1,-0.186350822,-10.677115635,-0.007326126,0.422466278,1,1.346240997,77.133927354,-0.036628723,-0.003663063,-0.113542177,-6.505487526,0.000000000,-0.000000000,6.000000000,2.500000000,3.150317430,180.499892894,0.000000000,-2.784898281,2.000000000,0.500000000,-2.867877245,-164.317262297,0.000000000,2.679786205,1.000000000,0.500000000,-0.187495232,-10.742685451,0.000000000,0.430281579,0.500000000,0.200000003,1.346624374,77.155893242,0.000000000,0.000199606,0.000000000,0.100000001
2026-07-05 12:23:34.004,1783225414.004412889,249.011085880,1,1,248.864876160,1,0.005183013,5,1,0.000528462,5,1,0,1,0,0,1,1,1,0,1,0,-1.000000000,0.000000000,0.000000000,0.000000000,0,-1.000000000,0,0,0,,0,-1.000000000,,0,0,0.000000000,0.000000000,0,-1.000000000,0,,0,-1.000000000,,0,-1.000000000,0,,1,-0.113160707,-6.483630921,0.007326126,-0.021978378,1,3.135058641,179.625628680,-0.002442360,-2.782905579,1,-2.865206957,-164.164266060,-0.002442360,2.659828186,1,-0.186350822,-10.677115635,-0.007326126,0.422466278,1,1.346240997,77.133927354,-0.012210846,-0.003663063,-0.113542177,-6.505487526,0.000000000,-0.000000000,6.000000000,2.500000000,3.150317430,180.499892894,0.000000000,-2.784898281,2.000000000,0.500000000,-2.867877245,-164.317262297,0.000000000,2.679786205,1.000000000,0.500000000,-0.187495232,-10.742685451,0.000000000,0.430281579,0.500000000,0.200000003,1.346624374,77.155893242,0.000000000,0.000199606,0.000000000,0.100000001
2026-07-05 12:23:35.004,1783225415.004426718,250.011099733,1,1,249.864890013,1,0.005273262,5,1,0.000840144,5,1,0,1,0,0,1,1,1,0,1,0,-1.000000000,0.000000000,0.000000000,0.000000000,0,-1.000000000,0,0,0,,0,-1.000000000,,0,0,0.000000000,0.000000000,0,-1.000000000,0,,0,-1.000000000,,0,-1.000000000,0,,1,-0.113160707,-6.483630921,0.007326126,-0.026862144,1,3.135058641,179.625628680,-0.002442360,-2.769229889,1,-2.864825487,-164.142409454,-0.002442360,2.659828186,1,-0.186350822,-10.677115635,-0.007326126,0.422466278,1,1.346240997,77.133927354,0.012210846,-0.003663063,-0.113542177,-6.505487526,0.000000000,-0.000000000,6.000000000,2.500000000,3.150317430,180.499892894,0.000000000,-2.784898281,2.000000000,0.500000000,-2.867877245,-164.317262297,0.000000000,2.679786205,1.000000000,0.500000000,-0.187495232,-10.742685451,0.000000000,0.430281579,0.500000000,0.200000003,1.346624374,77.155893242,0.000000000,0.000199606,0.000000000,0.100000001
2026-07-05 12:23:36.004,1783225416.004406929,251.011079886,1,1,250.864870166,1,0.005499362,5,1,0.000979739,5,1,0,1,0,0,1,1,1,0,1,0,-1.000000000,0.000000000,0.000000000,0.000000000,0,-1.000000000,0,0,0,,0,-1.000000000,,0,0,0.000000000,0.000000000,0,-1.000000000,0,,0,-1.000000000,,0,-1.000000000,0,,1,-0.113160707,-6.483630921,-0.007326126,-0.031745911,1,3.135058641,179.625628680,-0.002442360,-2.782905579,1,-2.865206957,-164.164266060,-0.002442360,2.659828186,1,-0.186350822,-10.677115635,-0.007326126,0.422466278,1,1.346240997,77.133927354,-0.012210846,-0.003663063,-0.113542177,-6.505487526,0.000000000,-0.000000000,6.000000000,2.500000000,3.150317430,180.499892894,0.000000000,-2.784898281,2.000000000,0.500000000,-2.867877245,-164.317262297,0.000000000,2.679786205,1.000000000,0.500000000,-0.187495232,-10.742685451,0.000000000,0.430281579,0.500000000,0.200000003,1.346624374,77.155893242,0.000000000,0.000199606,0.000000000,0.100000001
2026-07-05 12:23:37.004,1783225417.004459381,252.011132083,1,1,251.864922363,1,0.004580646,5,1,0.000540306,5,1,0,1,0,0,1,1,1,0,1,0,-1.000000000,0.000000000,0.000000000,0.000000000,0,-1.000000000,0,0,0,,0,-1.000000000,,0,0,0.000000000,0.000000000,0,-1.000000000,0,,0,-1.000000000,,0,-1.000000000,0,,1,-0.113160707,-6.483630921,-0.007326126,-0.026862144,1,3.135058641,179.625628680,-0.007326126,-2.782905579,1,-2.864825487,-164.142409454,-0.002442360,2.659828186,1,-0.186350822,-10.677115635,-0.007326126,0.422466278,1,1.346240997,77.133927354,-0.012210846,-0.003663063,-0.113542177,-6.505487526,0.000000000,-0.000000000,6.000000000,2.500000000,3.150317430,180.499892894,0.000000000,-2.784898281,2.000000000,0.500000000,-2.867877245,-164.317262297,0.000000000,2.679786205,1.000000000,0.500000000,-0.187495232,-10.742685451,0.000000000,0.430281579,0.500000000,0.200000003,1.346624374,77.155893242,0.000000000,0.000199606,0.000000000,0.100000001
2026-07-05 12:23:38.004,1783225418.004469395,253.011142381,1,1,252.864932661,1,0.005009519,5,1,0.000668929,5,1,0,1,0,0,1,1,1,0,1,0,-1.000000000,0.000000000,0.000000000,0.000000000,0,-1.000000000,0,0,0,,0,-1.000000000,,0,0,0.000000000,0.000000000,0,-1.000000000,0,,0,-1.000000000,,0,-1.000000000,0,,1,-0.113160707,-6.483630921,-0.021978378,-0.026862144,1,3.135058641,179.625628680,-0.002442360,-2.769229889,1,-2.865206957,-164.164266060,-0.002442360,2.659828186,1,-0.186350822,-10.677115635,-0.021978378,0.422466278,1,1.346240997,77.133927354,-0.012210846,-0.003663063,-0.113542177,-6.505487526,0.000000000,-0.000000000,6.000000000,2.500000000,3.150317430,180.499892894,0.000000000,-2.784898281,2.000000000,0.500000000,-2.867877245,-164.317262297,0.000000000,2.679786205,1.000000000,0.500000000,-0.187495232,-10.742685451,0.000000000,0.430281579,0.500000000,0.200000003,1.346624374,77.155893242,0.000000000,0.000199606,0.000000000,0.100000001
2026-07-05 12:23:39.004,1783225419.004397869,254.011070753,1,1,253.864861033,1,0.004881761,5,1,0.001210511,5,1,0,1,0,0,1,1,1,0,1,0,-1.000000000,0.000000000,0.000000000,0.000000000,0,-1.000000000,0,0,0,,0,-1.000000000,,0,0,0.000000000,0.000000000,0,-1.000000000,0,,0,-1.000000000,,0,-1.000000000,0,,1,-0.113160707,-6.483630921,0.007326126,-0.021978378,1,3.135058641,179.625628680,-0.007326126,-2.782905579,1,-2.864825487,-164.142409454,-0.002442360,2.659828186,1,-0.186350822,-10.677115635,0.007326126,0.422466278,1,1.346624374,77.155893242,-0.012210846,-0.003663063,-0.113542177,-6.505487526,0.000000000,-0.000000000,6.000000000,2.500000000,3.150317430,180.499892894,0.000000000,-2.784898281,2.000000000,0.500000000,-2.867877245,-164.317262297,0.000000000,2.679786205,1.000000000,0.500000000,-0.187495232,-10.742685451,0.000000000,0.430281579,0.500000000,0.200000003,1.346624374,77.155893242,0.000000000,0.000199606,0.000000000,0.100000001
2026-07-05 12:23:40.004,1783225420.004502773,255.011175819,1,1,254.864966099,1,0.004958401,5,1,0.000913088,5,1,0,1,0,0,1,1,1,0,1,0,-1.000000000,0.000000000,0.000000000,0.000000000,0,-1.000000000,0,0,0,,0,-1.000000000,,0,0,0.000000000,0.000000000,0,-1.000000000,0,,0,-1.000000000,,0,-1.000000000,0,,0,-0.113160707,-6.483630921,-0.021978378,-0.026862144,0,3.135058641,179.625628680,-0.002442360,-2.769229889,0,-2.864825487,-164.142409454,-0.002442360,2.659828186,0,-0.186350822,-10.677115635,-0.007326126,0.422466278,1,1.346240997,77.133927354,-0.036628723,-0.003663063,-0.113542177,-6.505487526,0.000000000,-0.000000000,6.000000000,2.500000000,3.150317430,180.499892894,0.000000000,-2.784898281,2.000000000,0.500000000,-2.867877245,-164.317262297,0.000000000,2.679786205,1.000000000,0.500000000,-0.187495232,-10.742685451,0.000000000,0.430281579,0.500000000,0.200000003,1.346624374,77.155893242,0.000000000,0.000199606,0.000000000,0.100000001
2026-07-05 12:23:41.004,1783225421.004449844,256.011122684,1,1,255.864912964,1,0.004444459,5,1,0.000600830,5,1,0,1,0,0,1,1,1,0,1,0,-1.000000000,0.000000000,0.000000000,0.000000000,0,-1.000000000,0,0,0,,0,-1.000000000,,0,0,0.000000000,0.000000000,0,-1.000000000,0,,0,-1.000000000,,0,-1.000000000,0,,0,-0.113160707,-6.483630921,-0.007326126,-0.021978378,0,3.135058641,179.625628680,-0.002442360,-2.782905579,0,-2.864825487,-164.142409454,-0.002442360,2.659828186,0,-0.186350822,-10.677115635,-0.007326126,0.422466278,0,1.346240997,77.133927354,0.012210846,-0.003663063,-0.113542177,-6.505487526,0.000000000,-0.000000000,6.000000000,2.500000000,3.150317430,180.499892894,0.000000000,-2.784898281,2.000000000,0.500000000,-2.867877245,-164.317262297,0.000000000,2.679786205,1.000000000,0.500000000,-0.187495232,-10.742685451,0.000000000,0.430281579,0.500000000,0.200000003,1.346624374,77.155893242,0.000000000,0.000199606,0.000000000,0.100000001
2026-07-05 12:23:42.004,1783225422.004406214,257.011079102,1,1,256.864869382,1,0.004814730,5,1,0.001166322,5,1,0,1,0,0,1,1,1,0,1,0,-1.000000000,0.000000000,0.000000000,0.000000000,0,-1.000000000,0,0,0,,0,-1.000000000,,0,0,0.000000000,0.000000000,0,-1.000000000,0,,0,-1.000000000,,0,-1.000000000,0,,1,-0.113160707,-6.483630921,-0.007326126,-0.026862144,1,3.135058641,179.625628680,-0.007326126,-2.782905579,1,-2.865206957,-164.164266060,-0.007326126,2.659828186,1,-0.186350822,-10.677115635,-0.007326126,0.422466278,1,1.346624374,77.155893242,0.012210846,-0.003663063,-0.113542177,-6.505487526,0.000000000,-0.000000000,6.000000000,2.500000000,3.150317430,180.499892894,0.000000000,-2.784898281,2.000000000,0.500000000,-2.867877245,-164.317262297,0.000000000,2.679786205,1.000000000,0.500000000,-0.187495232,-10.742685451,0.000000000,0.430281579,0.500000000,0.200000003,1.346624374,77.155893242,0.000000000,0.000199606,0.000000000,0.100000001
2026-07-05 12:23:43.006,1783225423.005115032,258.011787947,1,1,257.865578227,1,0.006075857,5,1,0.001012238,5,1,0,1,0,0,1,1,1,0,1,0,-1.000000000,0.000000000,0.000000000,0.000000000,0,-1.000000000,0,0,0,,0,-1.000000000,,0,0,0.000000000,0.000000000,0,-1.000000000,0,,0,-1.000000000,,0,-1.000000000,0,,1,-0.113542177,-6.505487526,-0.007326126,-0.026862144,1,3.135058641,179.625628680,-0.002442360,-2.782905579,1,-2.865206957,-164.164266060,-0.007326126,2.659828186,1,-0.186350822,-10.677115635,-0.021978378,0.422466278,1,1.346240997,77.133927354,-0.012210846,-0.003663063,-0.113542177,-6.505487526,0.000000000,-0.000000000,6.000000000,2.500000000,3.150317430,180.499892894,0.000000000,-2.784898281,2.000000000,0.500000000,-2.867877245,-164.317262297,0.000000000,2.679786205,1.000000000,0.500000000,-0.187495232,-10.742685451,0.000000000,0.430281579,0.500000000,0.200000003,1.346624374,77.155893242,0.000000000,0.000199606,0.000000000,0.100000001
2026-07-05 12:23:44.006,1783225424.004656792,259.011329879,1,1,258.865120159,1,0.005451770,5,1,0.000979352,5,1,0,1,0,0,1,1,1,0,1,0,-1.000000000,0.000000000,0.000000000,0.000000000,0,-1.000000000,0,0,0,,0,-1.000000000,,0,0,0.000000000,0.000000000,0,-1.000000000,0,,0,-1.000000000,,0,-1.000000000,0,,1,-0.113160707,-6.483630921,0.007326126,-0.021978378,1,3.135058641,179.625628680,-0.002442360,-2.769229889,1,-2.865206957,-164.164266060,-0.002442360,2.659828186,1,-0.186350822,-10.677115635,0.007326126,0.422466278,1,1.346240997,77.133927354,-0.036628723,-0.003663063,-0.113542177,-6.505487526,0.000000000,-0.000000000,6.000000000,2.500000000,3.150317430,180.499892894,0.000000000,-2.784898281,2.000000000,0.500000000,-2.867877245,-164.317262297,0.000000000,2.679786205,1.000000000,0.500000000,-0.187495232,-10.742685451,0.000000000,0.430281579,0.500000000,0.200000003,1.346624374,77.155893242,0.000000000,0.000199606,0.000000000,0.100000001
2026-07-05 12:23:45.004,1783225425.004436255,260.011109281,1,1,259.864899561,1,0.002716522,5,1,0.000467428,5,1,0,1,0,0,1,1,1,0,1,0,-1.000000000,0.000000000,0.000000000,0.000000000,0,-1.000000000,0,0,0,,0,-1.000000000,,0,0,0.000000000,0.000000000,0,-1.000000000,0,,0,-1.000000000,,0,-1.000000000,0,,1,-0.113160707,-6.483630921,-0.007326126,-0.026862144,1,3.135058641,179.625628680,-0.002442360,-2.769229889,1,-2.865206957,-164.164266060,-0.002442360,2.659828186,1,-0.186350822,-10.677115635,-0.007326126,0.422466278,1,1.346624374,77.155893242,-0.036628723,-0.003663063,-0.113542177,-6.505487526,0.000000000,-0.000000000,6.000000000,2.500000000,3.150317430,180.499892894,0.000000000,-2.784898281,2.000000000,0.500000000,-2.867877245,-164.317262297,0.000000000,2.679786205,1.000000000,0.500000000,-0.187495232,-10.742685451,0.000000000,0.430281579,0.500000000,0.200000003,1.346624374,77.155893242,0.000000000,0.000199606,0.000000000,0.100000001
2026-07-05 12:23:46.438,1783225426.437909365,261.444582163,1,1,261.298372443,1,0.004911736,5,1,0.000165690,5,1,0,1,0,0,1,1,1,0,1,0,-1.000000000,0.000000000,0.000000000,0.000000000,0,-1.000000000,0,0,0,,0,-1.000000000,,0,0,0.000000000,0.000000000,0,-1.000000000,0,,0,-1.000000000,,0,-1.000000000,0,,1,-0.113160707,-6.483630921,0.007326126,-0.026862144,1,3.135058641,179.625628680,-0.002442360,-2.782905579,1,-2.865206957,-164.164266060,-0.002442360,2.659828186,1,-0.186350822,-10.677115635,-0.007326126,0.422466278,1,1.346624374,77.155893242,0.012210846,-0.003663063,-0.113542177,-6.505487526,0.000000000,-0.000000000,6.000000000,2.500000000,3.150317430,180.499892894,0.000000000,-2.784898281,2.000000000,0.500000000,-2.867877245,-164.317262297,0.000000000,2.679786205,1.000000000,0.500000000,-0.187495232,-10.742685451,0.000000000,0.430281579,0.500000000,0.200000003,1.346624374,77.155893242,0.000000000,0.000199606,0.000000000,0.100000001
2026-07-05 12:23:47.438,1783225427.437940598,262.444613437,1,1,262.298403717,1,0.005472062,5,1,0.000358491,5,1,0,1,0,0,1,1,1,0,1,0,-1.000000000,0.000000000,0.000000000,0.000000000,0,-1.000000000,0,0,0,,0,-1.000000000,,0,0,0.000000000,0.000000000,0,-1.000000000,0,,0,-1.000000000,,0,-1.000000000,0,,1,-0.113160707,-6.483630921,-0.007326126,-0.021978378,1,3.135058641,179.625628680,-0.002442360,-2.769229889,1,-2.864825487,-164.142409454,-0.002442360,2.659828186,1,-0.186350822,-10.677115635,-0.007326126,0.422466278,1,1.346240997,77.133927354,-0.012210846,-0.003663063,-0.113542177,-6.505487526,0.000000000,-0.000000000,6.000000000,2.500000000,3.150317430,180.499892894,0.000000000,-2.784898281,2.000000000,0.500000000,-2.867877245,-164.317262297,0.000000000,2.679786205,1.000000000,0.500000000,-0.187495232,-10.742685451,0.000000000,0.430281579,0.500000000,0.200000003,1.346624374,77.155893242,0.000000000,0.000199606,0.000000000,0.100000001
2026-07-05 12:23:48.438,1783225428.437900782,263.444573813,1,1,263.298364093,1,0.005664808,5,1,0.001100254,5,1,0,1,0,0,1,1,1,0,1,0,-1.000000000,0.000000000,0.000000000,0.000000000,0,-1.000000000,0,0,0,,0,-1.000000000,,0,0,0.000000000,0.000000000,0,-1.000000000,0,,0,-1.000000000,,0,-1.000000000,0,,1,-0.113542177,-6.505487526,-0.021978378,-0.026862144,1,3.135058641,179.625628680,-0.002442360,-2.782905579,1,-2.865206957,-164.164266060,-0.002442360,2.659828186,1,-0.186350822,-10.677115635,-0.007326126,0.422466278,1,1.346240997,77.133927354,-0.012210846,-0.003663063,-0.113542177,-6.505487526,0.000000000,-0.000000000,6.000000000,2.500000000,3.150317430,180.499892894,0.000000000,-2.784898281,2.000000000,0.500000000,-2.867877245,-164.317262297,0.000000000,2.679786205,1.000000000,0.500000000,-0.187495232,-10.742685451,0.000000000,0.430281579,0.500000000,0.200000003,1.346624374,77.155893242,0.000000000,0.000199606,0.000000000,0.100000001
2026-07-05 12:23:49.438,1783225429.437959909,264.444632986,1,1,264.298423266,1,0.005328023,5,1,0.000622676,5,1,0,1,0,0,1,1,1,0,1,0,-1.000000000,0.000000000,0.000000000,0.000000000,0,-1.000000000,0,0,0,,0,-1.000000000,,0,0,0.000000000,0.000000000,0,-1.000000000,0,,0,-1.000000000,,0,-1.000000000,0,,1,-0.113160707,-6.483630921,0.007326126,-0.026862144,1,3.135058641,179.625628680,-0.002442360,-2.769229889,1,-2.864825487,-164.142409454,-0.002442360,2.659828186,1,-0.186350822,-10.677115635,-0.007326126,0.422466278,1,1.346240997,77.133927354,-0.012210846,-0.003663063,-0.113542177,-6.505487526,0.000000000,-0.000000000,6.000000000,2.500000000,3.150317430,180.499892894,0.000000000,-2.784898281,2.000000000,0.500000000,-2.867877245,-164.317262297,0.000000000,2.679786205,1.000000000,0.500000000,-0.187495232,-10.742685451,0.000000000,0.430281579,0.500000000,0.200000003,1.346624374,77.155893242,0.000000000,0.000199606,0.000000000,0.100000001
2026-07-05 12:23:50.438,1783225430.437906981,265.444579815,1,1,265.298370095,1,0.005507393,5,1,0.001135280,5,1,0,1,0,0,1,1,1,0,1,0,-1.000000000,0.000000000,0.000000000,0.000000000,0,-1.000000000,0,0,0,,0,-1.000000000,,0,0,0.000000000,0.000000000,0,-1.000000000,0,,0,-1.000000000,,0,-1.000000000,0,,1,-0.113160707,-6.483630921,0.007326126,-0.026862144,1,3.135058641,179.625628680,-0.002442360,-2.782905579,1,-2.865206957,-164.164266060,0.002442360,2.659828186,1,-0.186350822,-10.677115635,0.007326126,0.422466278,1,1.346624374,77.155893242,0.012210846,-0.003663063,-0.113542177,-6.505487526,0.000000000,-0.000000000,6.000000000,2.500000000,3.150317430,180.499892894,0.000000000,-2.784898281,2.000000000,0.500000000,-2.867877245,-164.317262297,0.000000000,2.679786205,1.000000000,0.500000000,-0.187495232,-10.742685451,0.000000000,0.430281579,0.500000000,0.200000003,1.346624374,77.155893242,0.000000000,0.000199606,0.000000000,0.100000001
2026-07-05 12:23:51.438,1783225431.438018084,266.444690966,1,1,266.298481246,1,0.005430789,5,1,0.001292580,5,1,0,1,0,0,1,1,1,0,1,0,-1.000000000,0.000000000,0.000000000,0.000000000,0,-1.000000000,0,0,0,,0,-1.000000000,,0,0,0.000000000,0.000000000,0,-1.000000000,0,,0,-1.000000000,,0,-1.000000000,0,,1,-0.113160707,-6.483630921,-0.007326126,-0.026862144,1,3.135058641,179.625628680,-0.002442360,-2.769229889,1,-2.864825487,-164.142409454,-0.002442360,2.659828186,1,-0.186350822,-10.677115635,-0.007326126,0.422466278,1,1.346240997,77.133927354,-0.036628723,-0.003663063,-0.113542177,-6.505487526,0.000000000,-0.000000000,6.000000000,2.500000000,3.150317430,180.499892894,0.000000000,-2.784898281,2.000000000,0.500000000,-2.867877245,-164.317262297,0.000000000,2.679786205,1.000000000,0.500000000,-0.187495232,-10.742685451,0.000000000,0.430281579,0.500000000,0.200000003,1.346624374,77.155893242,0.000000000,0.000199606,0.000000000,0.100000001
2026-07-05 12:23:52.438,1783225432.437904596,267.444577487,1,1,267.298367767,1,0.004799080,5,1,0.001121039,5,1,0,1,0,0,1,1,1,0,1,0,-1.000000000,0.000000000,0.000000000,0.000000000,0,-1.000000000,0,0,0,,0,-1.000000000,,0,0,0.000000000,0.000000000,0,-1.000000000,0,,0,-1.000000000,,0,-1.000000000,0,,1,-0.113160707,-6.483630921,-0.021978378,-0.026862144,1,3.135058641,179.625628680,-0.002442360,-2.769229889,1,-2.864825487,-164.142409454,-0.002442360,2.659828186,1,-0.186350822,-10.677115635,-0.007326126,0.422466278,1,1.346624374,77.155893242,0.012210846,-0.003663063,-0.113542177,-6.505487526,0.000000000,-0.000000000,6.000000000,2.500000000,3.150317430,180.499892894,0.000000000,-2.784898281,2.000000000,0.500000000,-2.867877245,-164.317262297,0.000000000,2.679786205,1.000000000,0.500000000,-0.187495232,-10.742685451,0.000000000,0.430281579,0.500000000,0.200000003,1.346624374,77.155893242,0.000000000,0.000199606,0.000000000,0.100000001
2026-07-05 12:23:53.438,1783225433.437966108,268.444639128,1,1,268.298429408,1,0.005630533,5,1,0.001219819,5,1,0,1,0,0,1,1,1,0,1,0,-1.000000000,0.000000000,0.000000000,0.000000000,0,-1.000000000,0,0,0,,0,-1.000000000,,0,0,0.000000000,0.000000000,0,-1.000000000,0,,0,-1.000000000,,0,-1.000000000,0,,1,-0.113160707,-6.483630921,-0.007326126,-0.026862144,1,3.135058641,179.625628680,0.002442360,-2.782905579,1,-2.864825487,-164.142409454,-0.002442360,2.659828186,1,-0.186350822,-10.677115635,-0.007326126,0.422466278,1,1.346624374,77.155893242,-0.012210846,-0.003663063,-0.113542177,-6.505487526,0.000000000,-0.000000000,6.000000000,2.500000000,3.150317430,180.499892894,0.000000000,-2.784898281,2.000000000,0.500000000,-2.867877245,-164.317262297,0.000000000,2.679786205,1.000000000,0.500000000,-0.187495232,-10.742685451,0.000000000,0.430281579,0.500000000,0.200000003,1.346624374,77.155893242,0.000000000,0.000199606,0.000000000,0.100000001
2026-07-05 12:23:54.438,1783225434.437925100,269.444598146,1,1,269.298388426,1,0.005591327,5,1,0.000379613,5,1,0,1,0,0,1,1,1,0,1,0,-1.000000000,0.000000000,0.000000000,0.000000000,0,-1.000000000,0,0,0,,0,-1.000000000,,0,0,0.000000000,0.000000000,0,-1.000000000,0,,0,-1.000000000,,0,-1.000000000,0,,1,-0.113160707,-6.483630921,-0.021978378,-0.026862144,1,3.135058641,179.625628680,-0.002442360,-2.782905579,1,-2.864825487,-164.142409454,-0.002442360,2.659828186,1,-0.186350822,-10.677115635,-0.007326126,0.422466278,1,1.346240997,77.133927354,-0.012210846,-0.003663063,-0.113542177,-6.505487526,0.000000000,-0.000000000,6.000000000,2.500000000,3.150317430,180.499892894,0.000000000,-2.784898281,2.000000000,0.500000000,-2.867877245,-164.317262297,0.000000000,2.679786205,1.000000000,0.500000000,-0.187495232,-10.742685451,0.000000000,0.430281579,0.500000000,0.200000003,1.346624374,77.155893242,0.000000000,0.000199606,0.000000000,0.100000001
2026-07-05 12:23:55.438,1783225435.437901735,270.444574853,1,1,270.298365133,1,0.005013543,5,1,0.000304188,5,1,0,1,0,0,1,1,1,0,1,0,-1.000000000,0.000000000,0.000000000,0.000000000,0,-1.000000000,0,0,0,,0,-1.000000000,,0,0,0.000000000,0.000000000,0,-1.000000000,0,,0,-1.000000000,,0,-1.000000000,0,,1,-0.113160707,-6.483630921,0.007326126,-0.021978378,1,3.135058641,179.625628680,-0.002442360,-2.769229889,0,-2.865206957,-164.164266060,-0.002442360,2.659828186,0,-0.186350822,-10.677115635,-0.021978378,0.417582512,1,1.346240997,77.133927354,0.036628723,-0.003663063,-0.113542177,-6.505487526,0.000000000,-0.000000000,6.000000000,2.500000000,3.150317430,180.499892894,0.000000000,-2.784898281,2.000000000,0.500000000,-2.867877245,-164.317262297,0.000000000,2.679786205,1.000000000,0.500000000,-0.187495232,-10.742685451,0.000000000,0.430281579,0.500000000,0.200000003,1.346624374,77.155893242,0.000000000,0.000199606,0.000000000,0.100000001
2026-07-05 12:23:56.438,1783225436.437903404,271.444576394,1,1,271.298366674,1,0.005671967,5,1,0.001039722,5,1,0,1,0,0,1,1,1,0,1,0,-1.000000000,0.000000000,0.000000000,0.000000000,0,-1.000000000,0,0,0,,0,-1.000000000,,0,0,0.000000000,0.000000000,0,-1.000000000,0,,0,-1.000000000,,0,-1.000000000,0,,1,-0.113160707,-6.483630921,-0.007326126,-0.026862144,1,3.135058641,179.625628680,-0.002442360,-2.782905579,1,-2.865206957,-164.164266060,-0.002442360,2.659828186,1,-0.186350822,-10.677115635,-0.007326126,0.422466278,1,1.346240997,77.133927354,-0.036628723,-0.003663063,-0.113542177,-6.505487526,0.000000000,-0.000000000,6.000000000,2.500000000,3.150317430,180.499892894,0.000000000,-2.784898281,2.000000000,0.500000000,-2.867877245,-164.317262297,0.000000000,2.679786205,1.000000000,0.500000000,-0.187495232,-10.742685451,0.000000000,0.430281579,0.500000000,0.200000003,1.346624374,77.155893242,0.000000000,0.000199606,0.000000000,0.100000001
2026-07-05 12:23:57.438,1783225437.437892199,272.444564986,1,1,272.298355266,1,0.005562504,5,1,0.000647167,5,1,0,1,0,0,1,1,1,0,1,0,-1.000000000,0.000000000,0.000000000,0.000000000,0,-1.000000000,0,0,0,,0,-1.000000000,,0,0,0.000000000,0.000000000,0,-1.000000000,0,,0,-1.000000000,,0,-1.000000000,0,,1,-0.113160707,-6.483630921,-0.007326126,-0.026862144,1,3.135058641,179.625628680,0.002442360,-2.769229889,1,-2.864825487,-164.142409454,-0.002442360,2.659828186,1,-0.186350822,-10.677115635,-0.007326126,0.422466278,1,1.346240997,77.133927354,-0.036628723,-0.003663063,-0.113542177,-6.505487526,0.000000000,-0.000000000,6.000000000,2.500000000,3.150317430,180.499892894,0.000000000,-2.784898281,2.000000000,0.500000000,-2.867877245,-164.317262297,0.000000000,2.679786205,1.000000000,0.500000000,-0.187495232,-10.742685451,0.000000000,0.430281579,0.500000000,0.200000003,1.346624374,77.155893242,0.000000000,0.000199606,0.000000000,0.100000001
2026-07-05 12:23:58.438,1783225438.437960863,273.444633814,1,1,273.298424094,1,0.005621999,5,1,0.000864921,5,1,0,1,0,0,1,1,1,0,1,0,-1.000000000,0.000000000,0.000000000,0.000000000,0,-1.000000000,0,0,0,,0,-1.000000000,,0,0,0.000000000,0.000000000,0,-1.000000000,0,,0,-1.000000000,,0,-1.000000000,0,,1,-0.113160707,-6.483630921,-0.007326126,-0.021978378,1,3.135058641,179.625628680,-0.002442360,-2.769229889,1,-2.865206957,-164.164266060,-0.002442360,2.659828186,1,-0.186350822,-10.677115635,-0.007326126,0.422466278,1,1.346240997,77.133927354,-0.012210846,-0.003663063,-0.113542177,-6.505487526,0.000000000,-0.000000000,6.000000000,2.500000000,3.150317430,180.499892894,0.000000000,-2.784898281,2.000000000,0.500000000,-2.867877245,-164.317262297,0.000000000,2.679786205,1.000000000,0.500000000,-0.187495232,-10.742685451,0.000000000,0.430281579,0.500000000,0.200000003,1.346624374,77.155893242,0.000000000,0.000199606,0.000000000,0.100000001
2026-07-05 12:23:59.438,1783225439.438008547,274.444681445,1,1,274.298471725,1,0.005607649,5,1,0.001154223,5,1,0,1,0,0,1,1,1,0,1,0,-1.000000000,0.000000000,0.000000000,0.000000000,0,-1.000000000,0,0,0,,0,-1.000000000,,0,0,0.000000000,0.000000000,0,-1.000000000,0,,0,-1.000000000,,0,-1.000000000,0,,1,-0.113160707,-6.483630921,-0.007326126,-0.021978378,1,3.135058641,179.625628680,-0.002442360,-2.782905579,1,-2.864825487,-164.142409454,-0.002442360,2.659828186,1,-0.186350822,-10.677115635,-0.021978378,0.422466278,1,1.346624374,77.155893242,-0.012210846,-0.003663063,-0.113542177,-6.505487526,0.000000000,-0.000000000,6.000000000,2.500000000,3.150317430,180.499892894,0.000000000,-2.784898281,2.000000000,0.500000000,-2.867877245,-164.317262297,0.000000000,2.679786205,1.000000000,0.500000000,-0.187495232,-10.742685451,0.000000000,0.430281579,0.500000000,0.200000003,1.346624374,77.155893242,0.000000000,0.000199606,0.000000000,0.100000001
2026-07-05 12:24:00.438,1783225440.437915802,275.444588930,1,1,275.298379210,1,0.004889198,5,1,0.000867941,5,1,0,1,0,0,1,1,1,0,1,0,-1.000000000,0.000000000,0.000000000,0.000000000,0,-1.000000000,0,0,0,,0,-1.000000000,,0,0,0.000000000,0.000000000,0,-1.000000000,0,,0,-1.000000000,,0,-1.000000000,0,,1,-0.113542177,-6.505487526,-0.007326126,-0.026862144,1,3.135058641,179.625628680,-0.002442360,-2.782905579,1,-2.864825487,-164.142409454,-0.002442360,2.659828186,1,-0.186350822,-10.677115635,-0.007326126,0.422466278,1,1.346240997,77.133927354,-0.012210846,-0.003663063,-0.113542177,-6.505487526,0.000000000,-0.000000000,6.000000000,2.500000000,3.150317430,180.499892894,0.000000000,-2.784898281,2.000000000,0.500000000,-2.867877245,-164.317262297,0.000000000,2.679786205,1.000000000,0.500000000,-0.187495232,-10.742685451,0.000000000,0.430281579,0.500000000,0.200000003,1.346624374,77.155893242,0.000000000,0.000199606,0.000000000,0.100000001
2026-07-05 12:24:01.438,1783225441.437891483,276.444564436,1,1,276.298354716,1,0.005684289,5,1,0.000975347,5,1,0,1,0,0,1,1,1,0,1,0,-1.000000000,0.000000000,0.000000000,0.000000000,0,-1.000000000,0,0,0,,0,-1.000000000,,0,0,0.000000000,0.000000000,0,-1.000000000,0,,0,-1.000000000,,0,-1.000000000,0,,1,-0.113160707,-6.483630921,-0.021978378,-0.026862144,1,3.135058641,179.625628680,-0.007326126,-2.769229889,1,-2.864825487,-164.142409454,0.002442360,2.659828186,1,-0.186350822,-10.677115635,-0.007326126,0.422466278,1,1.346624374,77.155893242,-0.012210846,-0.003663063,-0.113542177,-6.505487526,0.000000000,-0.000000000,6.000000000,2.500000000,3.150317430,180.499892894,0.000000000,-2.784898281,2.000000000,0.500000000,-2.867877245,-164.317262297,0.000000000,2.679786205,1.000000000,0.500000000,-0.187495232,-10.742685451,0.000000000,0.430281579,0.500000000,0.200000003,1.346624374,77.155893242,0.000000000,0.000199606,0.000000000,0.100000001
2026-07-05 12:24:02.438,1783225442.437913895,277.444586677,1,1,277.298376957,1,0.005021178,5,1,0.000723600,5,1,0,1,0,0,1,1,1,0,1,0,-1.000000000,0.000000000,0.000000000,0.000000000,0,-1.000000000,0,0,0,,0,-1.000000000,,0,0,0.000000000,0.000000000,0,-1.000000000,0,,0,-1.000000000,,0,-1.000000000,0,,1,-0.113160707,-6.483630921,-0.007326126,-0.026862144,1,3.135058641,179.625628680,-0.002442360,-2.782905579,1,-2.865206957,-164.164266060,-0.007326126,2.659828186,1,-0.186350822,-10.677115635,-0.007326126,0.422466278,1,1.346624374,77.155893242,-0.012210846,-0.003663063,-0.113542177,-6.505487526,0.000000000,-0.000000000,6.000000000,2.500000000,3.150317430,180.499892894,0.000000000,-2.784898281,2.000000000,0.500000000,-2.867877245,-164.317262297,0.000000000,2.679786205,1.000000000,0.500000000,-0.187495232,-10.742685451,0.000000000,0.430281579,0.500000000,0.200000003,1.346624374,77.155893242,0.000000000,0.000199606,0.000000000,0.100000001
2026-07-05 12:24:03.438,1783225443.437929153,278.444602047,1,1,278.298392327,1,0.005661728,5,1,0.001066337,5,1,0,1,0,0,1,1,1,0,1,0,-1.000000000,0.000000000,0.000000000,0.000000000,0,-1.000000000,0,0,0,,0,-1.000000000,,0,0,0.000000000,0.000000000,0,-1.000000000,0,,0,-1.000000000,,0,-1.000000000,0,,1,-0.113160707,-6.483630921,-0.007326126,-0.026862144,1,3.135058641,179.625628680,-0.002442360,-2.769229889,1,-2.865206957,-164.164266060,-0.002442360,2.659828186,1,-0.186350822,-10.677115635,-0.021978378,0.422466278,1,1.346240997,77.133927354,-0.036628723,-0.003663063,-0.113542177,-6.505487526,0.000000000,-0.000000000,6.000000000,2.500000000,3.150317430,180.499892894,0.000000000,-2.784898281,2.000000000,0.500000000,-2.867877245,-164.317262297,0.000000000,2.679786205,1.000000000,0.500000000,-0.187495232,-10.742685451,0.000000000,0.430281579,0.500000000,0.200000003,1.346624374,77.155893242,0.000000000,0.000199606,0.000000000,0.100000001
2026-07-05 12:24:04.438,1783225444.437974215,279.444647137,1,1,279.298437417,1,0.005636426,5,1,0.000798859,5,1,0,1,0,0,1,1,1,0,1,0,-1.000000000,0.000000000,0.000000000,0.000000000,0,-1.000000000,0,0,0,,0,-1.000000000,,0,0,0.000000000,0.000000000,0,-1.000000000,0,,0,-1.000000000,,0,-1.000000000,0,,1,-0.113160707,-6.483630921,-0.007326126,-0.021978378,1,3.135058641,179.625628680,-0.002442360,-2.769229889,1,-2.864825487,-164.142409454,-0.002442360,2.673503876,1,-0.186350822,-10.677115635,-0.007326126,0.422466278,1,1.346240997,77.133927354,0.012210846,-0.006104946,-0.113542177,-6.505487526,0.000000000,-0.000000000,6.000000000,2.500000000,3.150317430,180.499892894,0.000000000,-2.784898281,2.000000000,0.500000000,-2.867877245,-164.317262297,0.000000000,2.679786205,1.000000000,0.500000000,-0.187495232,-10.742685451,0.000000000,0.430281579,0.500000000,0.200000003,1.346624374,77.155893242,0.000000000,0.000199606,0.000000000,0.100000001
2026-07-05 12:24:05.438,1783225445.437970400,280.444643268,1,1,280.298433548,1,0.005331291,5,1,0.001071895,5,1,0,1,0,0,1,1,1,0,1,0,-1.000000000,0.000000000,0.000000000,0.000000000,0,-1.000000000,0,0,0,,0,-1.000000000,,0,0,0.000000000,0.000000000,0,-1.000000000,0,,0,-1.000000000,,0,-1.000000000,0,,1,-0.113542177,-6.505487526,-0.021978378,-0.026862144,1,3.135058641,179.625628680,-0.002442360,-2.769229889,1,-2.865206957,-164.164266060,-0.002442360,2.659828186,1,-0.186350822,-10.677115635,-0.007326126,0.422466278,1,1.346624374,77.155893242,0.012210846,-0.003663063,-0.113542177,-6.505487526,0.000000000,-0.000000000,6.000000000,2.500000000,3.150317430,180.499892894,0.000000000,-2.784898281,2.000000000,0.500000000,-2.867877245,-164.317262297,0.000000000,2.679786205,1.000000000,0.500000000,-0.187495232,-10.742685451,0.000000000,0.430281579,0.500000000,0.200000003,1.346624374,77.155893242,0.000000000,0.000199606,0.000000000,0.100000001
2026-07-05 12:24:06.438,1783225446.437926769,281.444599573,1,1,281.298389853,1,0.005332380,5,1,0.000948076,5,1,0,1,0,0,1,1,1,0,1,0,-1.000000000,0.000000000,0.000000000,0.000000000,0,-1.000000000,0,0,0,,0,-1.000000000,,0,0,0.000000000,0.000000000,0,-1.000000000,0,,0,-1.000000000,,0,-1.000000000,0,,1,-0.113160707,-6.483630921,-0.007326126,-0.026862144,1,3.135058641,179.625628680,-0.002442360,-2.782905579,1,-2.864825487,-164.142409454,-0.002442360,2.659828186,1,-0.186350822,-10.677115635,-0.007326126,0.422466278,1,1.346240997,77.133927354,-0.012210846,-0.003663063,-0.113542177,-6.505487526,0.000000000,-0.000000000,6.000000000,2.500000000,3.150317430,180.499892894,0.000000000,-2.784898281,2.000000000,0.500000000,-2.867877245,-164.317262297,0.000000000,2.679786205,1.000000000,0.500000000,-0.187495232,-10.742685451,0.000000000,0.430281579,0.500000000,0.200000003,1.346624374,77.155893242,0.000000000,0.000199606,0.000000000,0.100000001
2026-07-05 12:24:07.438,1783225447.437882185,282.444555107,1,1,282.298345387,1,0.005481810,5,1,0.000931591,5,1,0,1,0,0,1,1,1,0,1,0,-1.000000000,0.000000000,0.000000000,0.000000000,0,-1.000000000,0,0,0,,0,-1.000000000,,0,0,0.000000000,0.000000000,0,-1.000000000,0,,0,-1.000000000,,0,-1.000000000,0,,1,-0.113160707,-6.483630921,0.007326126,-0.026862144,1,3.135058641,179.625628680,-0.002442360,-2.782905579,1,-2.865206957,-164.164266060,-0.002442360,2.659828186,1,-0.186350822,-10.677115635,0.007326126,0.422466278,1,1.346240997,77.133927354,-0.012210846,-0.003663063,-0.113542177,-6.505487526,0.000000000,-0.000000000,6.000000000,2.500000000,3.150317430,180.499892894,0.000000000,-2.784898281,2.000000000,0.500000000,-2.867877245,-164.317262297,0.000000000,2.679786205,1.000000000,0.500000000,-0.187495232,-10.742685451,0.000000000,0.430281579,0.500000000,0.200000003,1.346624374,77.155893242,0.000000000,0.000199606,0.000000000,0.100000001
2026-07-05 12:24:08.438,1783225448.437900543,283.444573490,1,1,283.298363770,1,0.005543864,5,1,0.000840611,5,1,0,1,0,0,1,1,1,0,1,0,-1.000000000,0.000000000,0.000000000,0.000000000,0,-1.000000000,0,0,0,,0,-1.000000000,,0,0,0.000000000,0.000000000,0,-1.000000000,0,,0,-1.000000000,,0,-1.000000000,0,,1,-0.113160707,-6.483630921,0.007326126,-0.026862144,1,3.135058641,179.625628680,-0.002442360,-2.755556107,1,-2.865206957,-164.164266060,-0.002442360,2.659828186,1,-0.186350822,-10.677115635,-0.007326126,0.422466278,1,1.346240997,77.133927354,-0.036628723,-0.003663063,-0.113542177,-6.505487526,0.000000000,-0.000000000,6.000000000,2.500000000,3.150317430,180.499892894,0.000000000,-2.784898281,2.000000000,0.500000000,-2.867877245,-164.317262297,0.000000000,2.679786205,1.000000000,0.500000000,-0.187495232,-10.742685451,0.000000000,0.430281579,0.500000000,0.200000003,1.346624374,77.155893242,0.000000000,0.000199606,0.000000000,0.100000001
2026-07-05 12:24:09.438,1783225449.437943697,284.444616618,1,1,284.298406898,1,0.005523178,5,1,0.001190577,5,1,0,1,0,0,1,1,1,0,1,0,-1.000000000,0.000000000,0.000000000,0.000000000,0,-1.000000000,0,0,0,,0,-1.000000000,,0,0,0.000000000,0.000000000,0,-1.000000000,0,,0,-1.000000000,,0,-1.000000000,0,,1,-0.113160707,-6.483630921,-0.007326126,-0.021978378,1,3.135058641,179.625628680,-0.007326126,-2.769229889,1,-2.865206957,-164.164266060,-0.002442360,2.673503876,1,-0.186350822,-10.677115635,-0.007326126,0.422466278,1,1.346624374,77.155893242,-0.012210846,-0.003663063,-0.113542177,-6.505487526,0.000000000,-0.000000000,6.000000000,2.500000000,3.150317430,180.499892894,0.000000000,-2.784898281,2.000000000,0.500000000,-2.867877245,-164.317262297,0.000000000,2.679786205,1.000000000,0.500000000,-0.187495232,-10.742685451,0.000000000,0.430281579,0.500000000,0.200000003,1.346624374,77.155893242,0.000000000,0.000199606,0.000000000,0.100000001
2026-07-05 12:24:10.438,1783225450.437882662,285.444555606,1,1,285.298345886,1,0.005516933,5,1,0.000940982,5,1,0,1,0,0,1,1,1,0,1,0,-1.000000000,0.000000000,0.000000000,0.000000000,0,-1.000000000,0,0,0,,0,-1.000000000,,0,0,0.000000000,0.000000000,0,-1.000000000,0,,0,-1.000000000,,0,-1.000000000,0,,1,-0.113160707,-6.483630921,-0.007326126,-0.026862144,1,3.135058641,179.625628680,-0.002442360,-2.769229889,1,-2.864825487,-164.142409454,0.002442360,2.659828186,1,-0.186350822,-10.677115635,-0.007326126,0.422466278,1,1.346240997,77.133927354,0.012210846,-0.003663063,-0.113542177,-6.505487526,0.000000000,-0.000000000,6.000000000,2.500000000,3.150317430,180.499892894,0.000000000,-2.784898281,2.000000000,0.500000000,-2.867877245,-164.317262297,0.000000000,2.679786205,1.000000000,0.500000000,-0.187495232,-10.742685451,0.000000000,0.430281579,0.500000000,0.200000003,1.346624374,77.155893242,0.000000000,0.000199606,0.000000000,0.100000001
2026-07-05 12:24:11.438,1783225451.437851667,286.444524545,1,1,286.298314825,1,0.005279489,5,1,0.000905352,5,1,0,1,0,0,1,1,1,0,1,0,-1.000000000,0.000000000,0.000000000,0.000000000,0,-1.000000000,0,0,0,,0,-1.000000000,,0,0,0.000000000,0.000000000,0,-1.000000000,0,,0,-1.000000000,,0,-1.000000000,0,,1,-0.113160707,-6.483630921,-0.007326126,-0.026862144,1,3.135058641,179.625628680,-0.002442360,-2.769229889,1,-2.865206957,-164.164266060,-0.002442360,2.673503876,1,-0.186350822,-10.677115635,-0.021978378,0.422466278,1,1.346624374,77.155893242,-0.012210846,-0.003663063,-0.113542177,-6.505487526,0.000000000,-0.000000000,6.000000000,2.500000000,3.150317430,180.499892894,0.000000000,-2.784898281,2.000000000,0.500000000,-2.867877245,-164.317262297,0.000000000,2.679786205,1.000000000,0.500000000,-0.187495232,-10.742685451,0.000000000,0.430281579,0.500000000,0.200000003,1.346624374,77.155893242,0.000000000,0.000199606,0.000000000,0.100000001
2026-07-05 12:24:12.438,1783225452.438056946,287.444729838,1,1,287.298520118,1,0.005642848,5,1,0.000895760,5,1,0,1,0,0,1,1,1,0,1,0,-1.000000000,0.000000000,0.000000000,0.000000000,0,-1.000000000,0,0,0,,0,-1.000000000,,0,0,0.000000000,0.000000000,0,-1.000000000,0,,0,-1.000000000,,0,-1.000000000,0,,1,-0.113160707,-6.483630921,0.007326126,-0.026862144,1,3.135058641,179.625628680,-0.002442360,-2.769229889,1,-2.865206957,-164.164266060,-0.002442360,2.659828186,1,-0.186350822,-10.677115635,-0.021978378,0.422466278,1,1.346624374,77.155893242,0.036628723,-0.003663063,-0.113542177,-6.505487526,0.000000000,-0.000000000,6.000000000,2.500000000,3.150317430,180.499892894,0.000000000,-2.784898281,2.000000000,0.500000000,-2.867877245,-164.317262297,0.000000000,2.679786205,1.000000000,0.500000000,-0.187495232,-10.742685451,0.000000000,0.430281579,0.500000000,0.200000003,1.346624374,77.155893242,0.000000000,0.000199606,0.000000000,0.100000001
2026-07-05 12:24:13.438,1783225453.437911034,288.444584087,1,1,288.298374367,1,0.005559433,5,1,0.001086048,5,1,0,1,0,0,1,1,1,0,1,0,-1.000000000,0.000000000,0.000000000,0.000000000,0,-1.000000000,0,0,0,,0,-1.000000000,,0,0,0.000000000,0.000000000,0,-1.000000000,0,,0,-1.000000000,,0,-1.000000000,0,,1,-0.113160707,-6.483630921,-0.007326126,-0.026862144,1,3.135058641,179.625628680,-0.002442360,-2.769229889,1,-2.864825487,-164.142409454,-0.002442360,2.659828186,1,-0.186350822,-10.677115635,-0.021978378,0.422466278,1,1.346240997,77.133927354,-0.036628723,-0.003663063,-0.113542177,-6.505487526,0.000000000,-0.000000000,6.000000000,2.500000000,3.150317430,180.499892894,0.000000000,-2.784898281,2.000000000,0.500000000,-2.867877245,-164.317262297,0.000000000,2.679786205,1.000000000,0.500000000,-0.187495232,-10.742685451,0.000000000,0.430281579,0.500000000,0.200000003,1.346624374,77.155893242,0.000000000,0.000199606,0.000000000,0.100000001
2026-07-05 12:24:14.438,1783225454.437904596,289.444577662,1,1,289.298367942,1,0.005569830,5,1,0.000580174,5,1,0,1,0,0,1,1,1,0,1,0,-1.000000000,0.000000000,0.000000000,0.000000000,0,-1.000000000,0,0,0,,0,-1.000000000,,0,0,0.000000000,0.000000000,0,-1.000000000,0,,0,-1.000000000,,0,-1.000000000,0,,1,-0.113160707,-6.483630921,-0.007326126,-0.026862144,1,3.135058641,179.625628680,-0.002442360,-2.769229889,1,-2.864825487,-164.142409454,0.002442360,2.659828186,1,-0.186350822,-10.677115635,-0.021978378,0.422466278,1,1.346240997,77.133927354,-0.036628723,-0.003663063,-0.113542177,-6.505487526,0.000000000,-0.000000000,6.000000000,2.500000000,3.150317430,180.499892894,0.000000000,-2.784898281,2.000000000,0.500000000,-2.867877245,-164.317262297,0.000000000,2.679786205,1.000000000,0.500000000,-0.187495232,-10.742685451,0.000000000,0.430281579,0.500000000,0.200000003,1.346624374,77.155893242,0.000000000,0.000199606,0.000000000,0.100000001
2026-07-05 12:24:15.438,1783225455.437894821,290.444567853,1,1,290.298358133,1,0.004942058,5,1,0.000997722,5,1,0,1,0,0,1,1,1,0,1,0,-1.000000000,0.000000000,0.000000000,0.000000000,0,-1.000000000,0,0,0,,0,-1.000000000,,0,0,0.000000000,0.000000000,0,-1.000000000,0,,0,-1.000000000,,0,-1.000000000,0,,1,-0.113160707,-6.483630921,-0.007326126,-0.021978378,1,3.135058641,179.625628680,-0.002442360,-2.782905579,1,-2.864825487,-164.142409454,-0.002442360,2.659828186,1,-0.186350822,-10.677115635,-0.007326126,0.422466278,1,1.346240997,77.133927354,-0.036628723,-0.003663063,-0.113542177,-6.505487526,0.000000000,-0.000000000,6.000000000,2.500000000,3.150317430,180.499892894,0.000000000,-2.784898281,2.000000000,0.500000000,-2.867877245,-164.317262297,0.000000000,2.679786205,1.000000000,0.500000000,-0.187495232,-10.742685451,0.000000000,0.430281579,0.500000000,0.200000003,1.346624374,77.155893242,0.000000000,0.000199606,0.000000000,0.100000001
2026-07-05 12:24:16.438,1783225456.437893867,291.444566695,1,1,291.298356975,1,0.005694468,5,1,0.001139239,5,1,0,1,0,0,1,1,1,0,1,0,-1.000000000,0.000000000,0.000000000,0.000000000,0,-1.000000000,0,0,0,,0,-1.000000000,,0,0,0.000000000,0.000000000,0,-1.000000000,0,,0,-1.000000000,,0,-1.000000000,0,,1,-0.113160707,-6.483630921,-0.021978378,-0.026862144,1,3.135058641,179.625628680,-0.002442360,-2.769229889,1,-2.864825487,-164.142409454,-0.007326126,2.659828186,1,-0.186350822,-10.677115635,-0.021978378,0.422466278,1,1.346240997,77.133927354,-0.012210846,-0.003663063,-0.113542177,-6.505487526,0.000000000,-0.000000000,6.000000000,2.500000000,3.150317430,180.499892894,0.000000000,-2.784898281,2.000000000,0.500000000,-2.867877245,-164.317262297,0.000000000,2.679786205,1.000000000,0.500000000,-0.187495232,-10.742685451,0.000000000,0.430281579,0.500000000,0.200000003,1.346624374,77.155893242,0.000000000,0.000199606,0.000000000,0.100000001
2026-07-05 12:24:17.438,1783225457.437903643,292.444576611,1,1,292.298366891,1,0.005319066,5,1,0.001056021,5,1,0,1,0,0,1,1,1,0,1,0,-1.000000000,0.000000000,0.000000000,0.000000000,0,-1.000000000,0,0,0,,0,-1.000000000,,0,0,0.000000000,0.000000000,0,-1.000000000,0,,0,-1.000000000,,0,-1.000000000,0,,1,-0.113160707,-6.483630921,-0.007326126,-0.026862144,1,3.135058641,179.625628680,-0.002442360,-2.769229889,1,-2.864825487,-164.142409454,-0.002442360,2.659828186,1,-0.186350822,-10.677115635,-0.007326126,0.422466278,1,1.346240997,77.133927354,-0.012210846,-0.003663063,-0.113542177,-6.505487526,0.000000000,-0.000000000,6.000000000,2.500000000,3.150317430,180.499892894,0.000000000,-2.784898281,2.000000000,0.500000000,-2.867877245,-164.317262297,0.000000000,2.679786205,1.000000000,0.500000000,-0.187495232,-10.742685451,0.000000000,0.430281579,0.500000000,0.200000003,1.346624374,77.155893242,0.000000000,0.000199606,0.000000000,0.100000001
2026-07-05 12:24:18.438,1783225458.437891006,293.444563921,1,1,293.298354201,1,0.005520692,5,1,0.001038908,5,1,0,1,0,0,1,1,1,0,1,0,-1.000000000,0.000000000,0.000000000,0.000000000,0,-1.000000000,0,0,0,,0,-1.000000000,,0,0,0.000000000,0.000000000,0,-1.000000000,0,,0,-1.000000000,,0,-1.000000000,0,,1,-0.113160707,-6.483630921,-0.021978378,-0.021978378,1,3.135058641,179.625628680,-0.002442360,-2.769229889,1,-2.865206957,-164.164266060,-0.007326126,2.659828186,1,-0.186350822,-10.677115635,-0.007326126,0.422466278,1,1.346624374,77.155893242,-0.012210846,-0.003663063,-0.113542177,-6.505487526,0.000000000,-0.000000000,6.000000000,2.500000000,3.150317430,180.499892894,0.000000000,-2.784898281,2.000000000,0.500000000,-2.867877245,-164.317262297,0.000000000,2.679786205,1.000000000,0.500000000,-0.187495232,-10.742685451,0.000000000,0.430281579,0.500000000,0.200000003,1.346624374,77.155893242,0.000000000,0.000199606,0.000000000,0.100000001
2026-07-05 12:24:19.438,1783225459.437922239,294.444595216,1,1,294.298385496,1,0.005663827,5,1,0.001239584,5,1,0,1,0,0,1,1,1,0,1,0,-1.000000000,0.000000000,0.000000000,0.000000000,0,-1.000000000,0,0,0,,0,-1.000000000,,0,0,0.000000000,0.000000000,0,-1.000000000,0,,0,-1.000000000,,0,-1.000000000,0,,1,-0.113160707,-6.483630921,-0.007326126,-0.026862144,1,3.135058641,179.625628680,0.002442360,-2.769229889,1,-2.864825487,-164.142409454,-0.002442360,2.659828186,1,-0.186350822,-10.677115635,0.007326126,0.422466278,1,1.346624374,77.155893242,-0.012210846,-0.003663063,-0.113542177,-6.505487526,0.000000000,-0.000000000,6.000000000,2.500000000,3.150317430,180.499892894,0.000000000,-2.784898281,2.000000000,0.500000000,-2.867877245,-164.317262297,0.000000000,2.679786205,1.000000000,0.500000000,-0.187495232,-10.742685451,0.000000000,0.430281579,0.500000000,0.200000003,1.346624374,77.155893242,0.000000000,0.000199606,0.000000000,0.100000001
2026-07-05 12:24:20.438,1783225460.438634634,295.445307722,1,1,295.299098002,1,0.005866462,5,1,0.001261295,5,1,0,1,0,0,1,1,1,0,1,0,-1.000000000,0.000000000,0.000000000,0.000000000,0,-1.000000000,0,0,0,,0,-1.000000000,,0,0,0.000000000,0.000000000,0,-1.000000000,0,,0,-1.000000000,,0,-1.000000000,0,,1,-0.113160707,-6.483630921,-0.007326126,-0.026862144,1,3.135058641,179.625628680,-0.002442360,-2.782905579,1,-2.864825487,-164.142409454,0.002442360,2.659828186,1,-0.186350822,-10.677115635,-0.007326126,0.422466278,1,1.346240997,77.133927354,-0.012210846,-0.003663063,-0.113542177,-6.505487526,0.000000000,-0.000000000,6.000000000,2.500000000,3.150317430,180.499892894,0.000000000,-2.784898281,2.000000000,0.500000000,-2.867877245,-164.317262297,0.000000000,2.679786205,1.000000000,0.500000000,-0.187495232,-10.742685451,0.000000000,0.430281579,0.500000000,0.200000003,1.346624374,77.155893242,0.000000000,0.000199606,0.000000000,0.100000001
2026-07-05 12:24:21.439,1783225461.439591408,296.446264375,1,1,296.300054655,1,0.005503400,5,1,0.000944158,5,1,0,1,0,0,1,1,1,0,1,0,-1.000000000,0.000000000,0.000000000,0.000000000,0,-1.000000000,0,0,0,,0,-1.000000000,,0,0,0.000000000,0.000000000,0,-1.000000000,0,,0,-1.000000000,,0,-1.000000000,0,,1,-0.113160707,-6.483630921,-0.007326126,-0.021978378,1,3.135058641,179.625628680,0.002442360,-2.769229889,1,-2.865206957,-164.164266060,-0.002442360,2.659828186,1,-0.186350822,-10.677115635,-0.007326126,0.422466278,1,1.346240997,77.133927354,0.012210846,-0.003663063,-0.113542177,-6.505487526,0.000000000,-0.000000000,6.000000000,2.500000000,3.150317430,180.499892894,0.000000000,-2.784898281,2.000000000,0.500000000,-2.867877245,-164.317262297,0.000000000,2.679786205,1.000000000,0.500000000,-0.187495232,-10.742685451,0.000000000,0.430281579,0.500000000,0.200000003,1.346624374,77.155893242,0.000000000,0.000199606,0.000000000,0.100000001
2026-07-05 12:24:22.440,1783225462.440677881,297.447350850,1,1,297.301141130,1,0.005505522,5,1,0.001125036,5,1,0,1,0,0,1,1,1,0,1,0,-1.000000000,0.000000000,0.000000000,0.000000000,0,-1.000000000,0,0,0,,0,-1.000000000,,0,0,0.000000000,0.000000000,0,-1.000000000,0,,0,-1.000000000,,0,-1.000000000,0,,1,-0.113160707,-6.483630921,-0.007326126,-0.026862144,1,3.135058641,179.625628680,0.002442360,-2.769229889,1,-2.864825487,-164.142409454,-0.002442360,2.659828186,1,-0.186350822,-10.677115635,-0.021978378,0.422466278,1,1.346624374,77.155893242,-0.036628723,-0.003663063,-0.113542177,-6.505487526,0.000000000,-0.000000000,6.000000000,2.500000000,3.150317430,180.499892894,0.000000000,-2.784898281,2.000000000,0.500000000,-2.867877245,-164.317262297,0.000000000,2.679786205,1.000000000,0.500000000,-0.187495232,-10.742685451,0.000000000,0.430281579,0.500000000,0.200000003,1.346624374,77.155893242,0.000000000,0.000199606,0.000000000,0.100000001
2026-07-05 12:24:23.441,1783225463.441735029,298.448407804,1,1,298.302198084,1,0.005790597,5,1,0.001292242,5,1,0,1,0,0,1,1,1,0,1,0,-1.000000000,0.000000000,0.000000000,0.000000000,0,-1.000000000,0,0,0,,0,-1.000000000,,0,0,0.000000000,0.000000000,0,-1.000000000,0,,0,-1.000000000,,0,-1.000000000,0,,1,-0.113160707,-6.483630921,-0.021978378,-0.026862144,1,3.135058641,179.625628680,-0.002442360,-2.782905579,1,-2.864825487,-164.142409454,0.002442360,2.659828186,1,-0.186350822,-10.677115635,-0.021978378,0.422466278,1,1.346240997,77.133927354,-0.012210846,-0.003663063,-0.113542177,-6.505487526,0.000000000,-0.000000000,6.000000000,2.500000000,3.150317430,180.499892894,0.000000000,-2.784898281,2.000000000,0.500000000,-2.867877245,-164.317262297,0.000000000,2.679786205,1.000000000,0.500000000,-0.187495232,-10.742685451,0.000000000,0.430281579,0.500000000,0.200000003,1.346624374,77.155893242,0.000000000,0.000199606,0.000000000,0.100000001
2026-07-05 12:24:24.442,1783225464.442732096,299.449405072,1,1,299.303195352,1,0.005736831,5,1,0.001216674,5,1,0,1,0,0,1,1,1,0,1,0,-1.000000000,0.000000000,0.000000000,0.000000000,0,-1.000000000,0,0,0,,0,-1.000000000,,0,0,0.000000000,0.000000000,0,-1.000000000,0,,0,-1.000000000,,0,-1.000000000,0,,1,-0.113160707,-6.483630921,-0.007326126,-0.026862144,1,3.135058641,179.625628680,-0.002442360,-2.782905579,1,-2.864825487,-164.142409454,-0.002442360,2.659828186,1,-0.186350822,-10.677115635,-0.021978378,0.422466278,1,1.346240997,77.133927354,-0.012210846,-0.003663063,-0.113542177,-6.505487526,0.000000000,-0.000000000,6.000000000,2.500000000,3.150317430,180.499892894,0.000000000,-2.784898281,2.000000000,0.500000000,-2.867877245,-164.317262297,0.000000000,2.679786205,1.000000000,0.500000000,-0.187495232,-10.742685451,0.000000000,0.430281579,0.500000000,0.200000003,1.346624374,77.155893242,0.000000000,0.000199606,0.000000000,0.100000001
2026-07-05 12:24:25.443,1783225465.443541050,300.450213799,1,1,300.304004079,1,0.004790906,5,1,0.001094897,5,1,0,1,0,0,1,1,1,0,1,0,-1.000000000,0.000000000,0.000000000,0.000000000,0,-1.000000000,0,0,0,,0,-1.000000000,,0,0,0.000000000,0.000000000,0,-1.000000000,0,,0,-1.000000000,,0,-1.000000000,0,,1,-0.113160707,-6.483630921,-0.007326126,-0.026862144,1,3.135058641,179.625628680,-0.002442360,-2.769229889,1,-2.864825487,-164.142409454,-0.002442360,2.659828186,1,-0.186350822,-10.677115635,-0.021978378,0.422466278,1,1.346240997,77.133927354,-0.036628723,-0.003663063,-0.113542177,-6.505487526,0.000000000,-0.000000000,6.000000000,2.500000000,3.150317430,180.499892894,0.000000000,-2.784898281,2.000000000,0.500000000,-2.867877245,-164.317262297,0.000000000,2.679786205,1.000000000,0.500000000,-0.187495232,-10.742685451,0.000000000,0.430281579,0.500000000,0.200000003,1.346624374,77.155893242,0.000000000,0.000199606,0.000000000,0.100000001
2026-07-05 12:24:26.444,1783225466.444416761,301.451089810,1,1,301.304880090,1,0.005624341,5,1,0.010738729,5,1,0,1,0,0,1,1,1,0,1,0,-1.000000000,0.000000000,0.000000000,0.000000000,0,-1.000000000,0,0,0,,0,-1.000000000,,0,0,0.000000000,0.000000000,0,-1.000000000,0,,0,-1.000000000,,0,-1.000000000,0,,1,-0.113160707,-6.483630921,-0.007326126,-0.021978378,1,3.135058641,179.625628680,-0.002442360,-2.782905579,1,-2.865206957,-164.164266060,-0.002442360,2.673503876,1,-0.186350822,-10.677115635,-0.007326126,0.422466278,1,1.346240997,77.133927354,-0.012210846,-0.003663063,-0.113542177,-6.505487526,0.000000000,-0.000000000,6.000000000,2.500000000,3.150317430,180.499892894,0.000000000,-2.784898281,2.000000000,0.500000000,-2.867877245,-164.317262297,0.000000000,2.679786205,1.000000000,0.500000000,-0.187495232,-10.742685451,0.000000000,0.430281579,0.500000000,0.200000003,1.346624374,77.155893242,0.000000000,0.000199606,0.000000000,0.100000001
2026-07-05 12:24:27.445,1783225467.445230007,302.451902926,1,1,302.305693206,1,0.005617979,5,1,0.001182086,5,1,0,1,0,0,1,1,1,0,1,0,-1.000000000,0.000000000,0.000000000,0.000000000,0,-1.000000000,0,0,0,,0,-1.000000000,,0,0,0.000000000,0.000000000,0,-1.000000000,0,,0,-1.000000000,,0,-1.000000000,0,,1,-0.113160707,-6.483630921,-0.007326126,-0.026862144,1,3.135058641,179.625628680,-0.002442360,-2.782905579,1,-2.864825487,-164.142409454,-0.002442360,2.659828186,1,-0.186350822,-10.677115635,-0.007326126,0.422466278,1,1.346240997,77.133927354,-0.036628723,-0.003663063,-0.113542177,-6.505487526,0.000000000,-0.000000000,6.000000000,2.500000000,3.150317430,180.499892894,0.000000000,-2.784898281,2.000000000,0.500000000,-2.867877245,-164.317262297,0.000000000,2.679786205,1.000000000,0.500000000,-0.187495232,-10.742685451,0.000000000,0.430281579,0.500000000,0.200000003,1.346624374,77.155893242,0.000000000,0.000199606,0.000000000,0.100000001
2026-07-05 12:24:28.446,1783225468.445941687,303.452614725,1,1,303.306405005,1,0.005666192,5,1,0.001250906,5,1,0,1,0,0,1,1,1,0,1,0,-1.000000000,0.000000000,0.000000000,0.000000000,0,-1.000000000,0,0,0,,0,-1.000000000,,0,0,0.000000000,0.000000000,0,-1.000000000,0,,0,-1.000000000,,0,-1.000000000,0,,1,-0.113160707,-6.483630921,0.007326126,-0.026862144,1,3.135058641,179.625628680,-0.002442360,-2.769229889,1,-2.864825487,-164.142409454,-0.002442360,2.659828186,1,-0.186350822,-10.677115635,-0.021978378,0.422466278,1,1.346240997,77.133927354,-0.036628723,-0.003663063,-0.113542177,-6.505487526,0.000000000,-0.000000000,6.000000000,2.500000000,3.150317430,180.499892894,0.000000000,-2.784898281,2.000000000,0.500000000,-2.867877245,-164.317262297,0.000000000,2.679786205,1.000000000,0.500000000,-0.187495232,-10.742685451,0.000000000,0.430281579,0.500000000,0.200000003,1.346624374,77.155893242,0.000000000,0.000199606,0.000000000,0.100000001
2026-07-05 12:24:29.446,1783225469.446645498,304.453318509,1,1,304.307108789,1,0.005490291,5,1,0.001131878,5,1,0,1,0,0,1,1,1,0,1,0,-1.000000000,0.000000000,0.000000000,0.000000000,0,-1.000000000,0,0,0,,0,-1.000000000,,0,0,0.000000000,0.000000000,0,-1.000000000,0,,0,-1.000000000,,0,-1.000000000,0,,1,-0.113160707,-6.483630921,-0.007326126,-0.026862144,1,3.135058641,179.625628680,-0.002442360,-2.769229889,1,-2.865206957,-164.164266060,-0.002442360,2.659828186,1,-0.186350822,-10.677115635,-0.007326126,0.422466278,1,1.346240997,77.133927354,-0.012210846,-0.003663063,-0.113542177,-6.505487526,0.000000000,-0.000000000,6.000000000,2.500000000,3.150317430,180.499892894,0.000000000,-2.784898281,2.000000000,0.500000000,-2.867877245,-164.317262297,0.000000000,2.679786205,1.000000000,0.500000000,-0.187495232,-10.742685451,0.000000000,0.430281579,0.500000000,0.200000003,1.346624374,77.155893242,0.000000000,0.000199606,0.000000000,0.100000001
2026-07-05 12:24:30.447,1783225470.447354078,305.454026931,1,1,305.307817211,1,0.005632558,5,1,0.001242933,5,1,0,1,0,0,1,1,1,0,1,0,-1.000000000,0.000000000,0.000000000,0.000000000,0,-1.000000000,0,0,0,,0,-1.000000000,,0,0,0.000000000,0.000000000,0,-1.000000000,0,,0,-1.000000000,,0,-1.000000000,0,,1,-0.113160707,-6.483630921,-0.007326126,-0.026862144,1,3.135058641,179.625628680,-0.002442360,-2.769229889,1,-2.864825487,-164.142409454,-0.002442360,2.659828186,1,-0.186350822,-10.677115635,-0.007326126,0.422466278,1,1.346624374,77.155893242,0.012210846,-0.003663063,-0.113542177,-6.505487526,0.000000000,-0.000000000,6.000000000,2.500000000,3.150317430,180.499892894,0.000000000,-2.784898281,2.000000000,0.500000000,-2.867877245,-164.317262297,0.000000000,2.679786205,1.000000000,0.500000000,-0.187495232,-10.742685451,0.000000000,0.430281579,0.500000000,0.200000003,1.346624374,77.155893242,0.000000000,0.000199606,0.000000000,0.100000001
2026-07-05 12:24:31.448,1783225471.447913647,306.454586539,1,1,306.308376819,1,0.005753997,5,1,0.001094632,5,1,0,1,0,0,1,1,1,0,1,0,-1.000000000,0.000000000,0.000000000,0.000000000,0,-1.000000000,0,0,0,,0,-1.000000000,,0,0,0.000000000,0.000000000,0,-1.000000000,0,,0,-1.000000000,,0,-1.000000000,0,,1,-0.113160707,-6.483630921,-0.007326126,-0.026862144,1,3.135058641,179.625628680,-0.002442360,-2.769229889,1,-2.865206957,-164.164266060,-0.002442360,2.659828186,1,-0.186350822,-10.677115635,-0.007326126,0.422466278,1,1.346624374,77.155893242,0.012210846,-0.003663063,-0.113542177,-6.505487526,0.000000000,-0.000000000,6.000000000,2.500000000,3.150317430,180.499892894,0.000000000,-2.784898281,2.000000000,0.500000000,-2.867877245,-164.317262297,0.000000000,2.679786205,1.000000000,0.500000000,-0.187495232,-10.742685451,0.000000000,0.430281579,0.500000000,0.200000003,1.346624374,77.155893242,0.000000000,0.000199606,0.000000000,0.100000001
2026-07-05 12:24:32.448,1783225472.448468208,307.455141153,1,1,307.308931433,1,0.005142884,5,1,0.001094391,5,1,0,1,0,0,1,1,1,0,1,0,-1.000000000,0.000000000,0.000000000,0.000000000,0,-1.000000000,0,0,0,,0,-1.000000000,,0,0,0.000000000,0.000000000,0,-1.000000000,0,,0,-1.000000000,,0,-1.000000000,0,,1,-0.113160707,-6.483630921,-0.007326126,-0.026862144,1,3.135058641,179.625628680,-0.007326126,-2.769229889,1,-2.865206957,-164.164266060,-0.002442360,2.659828186,1,-0.186350822,-10.677115635,-0.007326126,0.422466278,1,1.346240997,77.133927354,-0.036628723,-0.003663063,-0.113542177,-6.505487526,0.000000000,-0.000000000,6.000000000,2.500000000,3.150317430,180.499892894,0.000000000,-2.784898281,2.000000000,0.500000000,-2.867877245,-164.317262297,0.000000000,2.679786205,1.000000000,0.500000000,-0.187495232,-10.742685451,0.000000000,0.430281579,0.500000000,0.200000003,1.346624374,77.155893242,0.000000000,0.000199606,0.000000000,0.100000001
2026-07-05 12:24:33.449,1783225473.448982000,308.455654867,1,1,308.309445147,1,0.005535906,5,1,0.001087683,5,1,0,1,0,0,1,1,1,0,1,0,-1.000000000,0.000000000,0.000000000,0.000000000,0,-1.000000000,0,0,0,,0,-1.000000000,,0,0,0.000000000,0.000000000,0,-1.000000000,0,,0,-1.000000000,,0,-1.000000000,0,,1,-0.113542177,-6.505487526,-0.007326126,-0.026862144,1,3.135058641,179.625628680,0.002442360,-2.769229889,1,-2.864825487,-164.142409454,-0.002442360,2.659828186,1,-0.186350822,-10.677115635,-0.021978378,0.422466278,1,1.346624374,77.155893242,-0.012210846,-0.003663063,-0.113542177,-6.505487526,0.000000000,-0.000000000,6.000000000,2.500000000,3.150317430,180.499892894,0.000000000,-2.784898281,2.000000000,0.500000000,-2.867877245,-164.317262297,0.000000000,2.679786205,1.000000000,0.500000000,-0.187495232,-10.742685451,0.000000000,0.430281579,0.500000000,0.200000003,1.346624374,77.155893242,0.000000000,0.000199606,0.000000000,0.100000001
2026-07-05 12:24:34.449,1783225474.449516058,309.456189042,1,1,309.309979322,1,0.005475198,5,1,0.001127809,5,1,0,1,0,0,1,1,1,0,1,0,-1.000000000,0.000000000,0.000000000,0.000000000,0,-1.000000000,0,0,0,,0,-1.000000000,,0,0,0.000000000,0.000000000,0,-1.000000000,0,,0,-1.000000000,,0,-1.000000000,0,,1,-0.113160707,-6.483630921,-0.007326126,-0.021978378,1,3.135058641,179.625628680,0.002442360,-2.782905579,1,-2.864825487,-164.142409454,-0.002442360,2.659828186,1,-0.186350822,-10.677115635,-0.007326126,0.422466278,1,1.346240997,77.133927354,0.012210846,-0.003663063,-0.113542177,-6.505487526,0.000000000,-0.000000000,6.000000000,2.500000000,3.150317430,180.499892894,0.000000000,-2.784898281,2.000000000,0.500000000,-2.867877245,-164.317262297,0.000000000,2.679786205,1.000000000,0.500000000,-0.187495232,-10.742685451,0.000000000,0.430281579,0.500000000,0.200000003,1.346624374,77.155893242,0.000000000,0.000199606,0.000000000,0.100000001
2026-07-05 12:24:35.450,1783225475.449959755,310.456632735,1,1,310.310423015,1,0.005659941,5,1,0.001186230,5,1,0,1,0,0,1,1,1,0,1,0,-1.000000000,0.000000000,0.000000000,0.000000000,0,-1.000000000,0,0,0,,0,-1.000000000,,0,0,0.000000000,0.000000000,0,-1.000000000,0,,0,-1.000000000,,0,-1.000000000,0,,1,-0.113542177,-6.505487526,-0.021978378,-0.026862144,1,3.135058641,179.625628680,-0.007326126,-2.769229889,1,-2.864825487,-164.142409454,-0.002442360,2.659828186,1,-0.186350822,-10.677115635,-0.007326126,0.417582512,1,1.346624374,77.155893242,-0.012210846,-0.003663063,-0.113542177,-6.505487526,0.000000000,-0.000000000,6.000000000,2.500000000,3.150317430,180.499892894,0.000000000,-2.784898281,2.000000000,0.500000000,-2.867877245,-164.317262297,0.000000000,2.679786205,1.000000000,0.500000000,-0.187495232,-10.742685451,0.000000000,0.430281579,0.500000000,0.200000003,1.346624374,77.155893242,0.000000000,0.000199606,0.000000000,0.100000001
2026-07-05 12:24:36.450,1783225476.450372696,311.457045662,1,1,311.310835942,1,0.005574027,5,1,0.001043610,5,1,0,1,0,0,1,1,1,0,1,0,-1.000000000,0.000000000,0.000000000,0.000000000,0,-1.000000000,0,0,0,,0,-1.000000000,,0,0,0.000000000,0.000000000,0,-1.000000000,0,,0,-1.000000000,,0,-1.000000000,0,,1,-0.113542177,-6.505487526,-0.036630630,-0.026862144,1,3.135058641,179.625628680,-0.002442360,-2.769229889,1,-2.864825487,-164.142409454,-0.002442360,2.659828186,1,-0.186350822,-10.677115635,-0.007326126,0.422466278,1,1.346240997,77.133927354,-0.012210846,-0.003663063,-0.113542177,-6.505487526,0.000000000,-0.000000000,6.000000000,2.500000000,3.150317430,180.499892894,0.000000000,-2.784898281,2.000000000,0.500000000,-2.867877245,-164.317262297,0.000000000,2.679786205,1.000000000,0.500000000,-0.187495232,-10.742685451,0.000000000,0.430281579,0.500000000,0.200000003,1.346624374,77.155893242,0.000000000,0.000199606,0.000000000,0.100000001
2026-07-05 12:24:37.451,1783225477.450840950,312.457513672,1,1,312.311303952,1,0.005180955,5,1,0.001110406,5,1,0,1,0,0,1,1,1,0,1,0,-1.000000000,0.000000000,0.000000000,0.000000000,0,-1.000000000,0,0,0,,0,-1.000000000,,0,0,0.000000000,0.000000000,0,-1.000000000,0,,0,-1.000000000,,0,-1.000000000,0,,1,-0.113542177,-6.505487526,-0.036630630,-0.026862144,1,3.135058641,179.625628680,-0.002442360,-2.769229889,1,-2.865206957,-164.164266060,-0.002442360,2.659828186,1,-0.186350822,-10.677115635,-0.007326126,0.422466278,1,1.346624374,77.155893242,0.012210846,-0.003663063,-0.113542177,-6.505487526,0.000000000,-0.000000000,6.000000000,2.500000000,3.150317430,180.499892894,0.000000000,-2.784898281,2.000000000,0.500000000,-2.867877245,-164.317262297,0.000000000,2.679786205,1.000000000,0.500000000,-0.187495232,-10.742685451,0.000000000,0.430281579,0.500000000,0.200000003,1.346624374,77.155893242,0.000000000,0.000199606,0.000000000,0.100000001
2026-07-05 12:24:38.451,1783225478.451216221,313.457889161,1,1,313.311679441,1,0.005440186,5,1,0.001154260,5,1,0,1,0,0,1,1,1,0,1,0,-1.000000000,0.000000000,0.000000000,0.000000000,0,-1.000000000,0,0,0,,0,-1.000000000,,0,0,0.000000000,0.000000000,0,-1.000000000,0,,0,-1.000000000,,0,-1.000000000,0,,1,-0.113160707,-6.483630921,-0.007326126,-0.026862144,1,3.135058641,179.625628680,-0.002442360,-2.769229889,1,-2.865206957,-164.164266060,-0.002442360,2.659828186,1,-0.186350822,-10.677115635,0.007326126,0.422466278,1,1.346240997,77.133927354,-0.036628723,-0.003663063,-0.113542177,-6.505487526,0.000000000,-0.000000000,6.000000000,2.500000000,3.150317430,180.499892894,0.000000000,-2.784898281,2.000000000,0.500000000,-2.867877245,-164.317262297,0.000000000,2.679786205,1.000000000,0.500000000,-0.187495232,-10.742685451,0.000000000,0.430281579,0.500000000,0.200000003,1.346624374,77.155893242,0.000000000,0.000199606,0.000000000,0.100000001
2026-07-05 12:24:39.451,1783225479.451576233,314.458249149,1,1,314.312039429,1,0.005635349,5,1,0.001174888,5,1,0,1,0,0,1,1,1,0,1,0,-1.000000000,0.000000000,0.000000000,0.000000000,0,-1.000000000,0,0,0,,0,-1.000000000,,0,0,0.000000000,0.000000000,0,-1.000000000,0,,0,-1.000000000,,0,-1.000000000,0,,1,-0.113160707,-6.483630921,0.007326126,-0.026862144,1,3.135058641,179.625628680,-0.007326126,-2.782905579,1,-2.865206957,-164.164266060,-0.002442360,2.659828186,1,-0.186350822,-10.677115635,0.007326126,0.422466278,1,1.346624374,77.155893242,0.012210846,-0.003663063,-0.113542177,-6.505487526,0.000000000,-0.000000000,6.000000000,2.500000000,3.150317430,180.499892894,0.000000000,-2.784898281,2.000000000,0.500000000,-2.867877245,-164.317262297,0.000000000,2.679786205,1.000000000,0.500000000,-0.187495232,-10.742685451,0.000000000,0.430281579,0.500000000,0.200000003,1.346624374,77.155893242,0.000000000,0.000199606,0.000000000,0.100000001
2026-07-05 12:24:40.452,1783225480.451971769,315.458644789,1,1,315.312435069,1,0.005580814,5,1,0.001225165,5,1,0,1,0,0,1,1,1,0,1,0,-1.000000000,0.000000000,0.000000000,0.000000000,0,-1.000000000,0,0,0,,0,-1.000000000,,0,0,0.000000000,0.000000000,0,-1.000000000,0,,0,-1.000000000,,0,-1.000000000,0,,1,-0.113160707,-6.483630921,-0.007326126,-0.026862144,1,3.135058641,179.625628680,-0.002442360,-2.782905579,1,-2.865206957,-164.164266060,-0.002442360,2.659828186,1,-0.186350822,-10.677115635,-0.007326126,0.422466278,1,1.346240997,77.133927354,-0.012210846,-0.003663063,-0.113542177,-6.505487526,0.000000000,-0.000000000,6.000000000,2.500000000,3.150317430,180.499892894,0.000000000,-2.784898281,2.000000000,0.500000000,-2.867877245,-164.317262297,0.000000000,2.679786205,1.000000000,0.500000000,-0.187495232,-10.742685451,0.000000000,0.430281579,0.500000000,0.200000003,1.346624374,77.155893242,0.000000000,0.000199606,0.000000000,0.100000001
2026-07-05 12:24:41.452,1783225481.452250004,316.458922976,1,1,316.312713256,1,0.005302477,5,1,0.001223439,5,1,0,1,0,0,1,1,1,0,1,0,-1.000000000,0.000000000,0.000000000,0.000000000,0,-1.000000000,0,0,0,,0,-1.000000000,,0,0,0.000000000,0.000000000,0,-1.000000000,0,,0,-1.000000000,,0,-1.000000000,0,,1,-0.113160707,-6.483630921,-0.007326126,-0.026862144,1,3.135058641,179.625628680,-0.002442360,-2.782905579,1,-2.864825487,-164.142409454,-0.002442360,2.659828186,1,-0.186350822,-10.677115635,-0.007326126,0.422466278,1,1.346624374,77.155893242,0.012210846,-0.003663063,-0.113542177,-6.505487526,0.000000000,-0.000000000,6.000000000,2.500000000,3.150317430,180.499892894,0.000000000,-2.784898281,2.000000000,0.500000000,-2.867877245,-164.317262297,0.000000000,2.679786205,1.000000000,0.500000000,-0.187495232,-10.742685451,0.000000000,0.430281579,0.500000000,0.200000003,1.346624374,77.155893242,0.000000000,0.000199606,0.000000000,0.100000001
2026-07-05 12:24:42.452,1783225482.452534199,317.459207255,1,1,317.312997535,1,0.004709309,5,1,0.001186659,5,1,0,1,0,0,1,1,1,0,1,0,-1.000000000,0.000000000,0.000000000,0.000000000,0,-1.000000000,0,0,0,,0,-1.000000000,,0,0,0.000000000,0.000000000,0,-1.000000000,0,,0,-1.000000000,,0,-1.000000000,0,,1,-0.113160707,-6.483630921,-0.021978378,-0.026862144,1,3.135058641,179.625628680,-0.007326126,-2.769229889,1,-2.865206957,-164.164266060,0.002442360,2.659828186,1,-0.186350822,-10.677115635,-0.021978378,0.422466278,1,1.346624374,77.155893242,0.012210846,-0.003663063,-0.113542177,-6.505487526,0.000000000,-0.000000000,6.000000000,2.500000000,3.150317430,180.499892894,0.000000000,-2.784898281,2.000000000,0.500000000,-2.867877245,-164.317262297,0.000000000,2.679786205,1.000000000,0.500000000,-0.187495232,-10.742685451,0.000000000,0.430281579,0.500000000,0.200000003,1.346624374,77.155893242,0.000000000,0.000199606,0.000000000,0.100000001
2026-07-05 12:24:43.453,1783225483.452881098,318.459553964,1,1,318.313344244,1,0.005352536,5,1,0.001091045,5,1,0,1,0,0,1,1,1,0,1,0,-1.000000000,0.000000000,0.000000000,0.000000000,0,-1.000000000,0,0,0,,0,-1.000000000,,0,0,0.000000000,0.000000000,0,-1.000000000,0,,0,-1.000000000,,0,-1.000000000,0,,1,-0.113160707,-6.483630921,-0.007326126,-0.026862144,1,3.135058641,179.625628680,-0.002442360,-2.769229889,1,-2.864825487,-164.142409454,-0.002442360,2.659828186,1,-0.186350822,-10.677115635,-0.007326126,0.417582512,1,1.346240997,77.133927354,-0.036628723,-0.003663063,-0.113542177,-6.505487526,0.000000000,-0.000000000,6.000000000,2.500000000,3.150317430,180.499892894,0.000000000,-2.784898281,2.000000000,0.500000000,-2.867877245,-164.317262297,0.000000000,2.679786205,1.000000000,0.500000000,-0.187495232,-10.742685451,0.000000000,0.430281579,0.500000000,0.200000003,1.346624374,77.155893242,0.000000000,0.000199606,0.000000000,0.100000001
2026-07-05 12:24:44.453,1783225484.453083992,319.459756827,1,1,319.313547107,1,0.005508976,5,1,0.001002124,5,1,0,1,0,0,1,1,1,0,1,0,-1.000000000,0.000000000,0.000000000,0.000000000,0,-1.000000000,0,0,0,,0,-1.000000000,,0,0,0.000000000,0.000000000,0,-1.000000000,0,,0,-1.000000000,,0,-1.000000000,0,,0,-0.113160707,-6.483630921,-0.021978378,-0.026862144,0,3.135058641,179.625628680,-0.002442360,-2.782905579,0,-2.864825487,-164.142409454,-0.002442360,2.659828186,0,-0.186350822,-10.677115635,-0.007326126,0.417582512,0,1.346624374,77.155893242,0.012210846,-0.003663063,-0.113542177,-6.505487526,0.000000000,-0.000000000,6.000000000,2.500000000,3.150317430,180.499892894,0.000000000,-2.784898281,2.000000000,0.500000000,-2.867877245,-164.317262297,0.000000000,2.679786205,1.000000000,0.500000000,-0.187495232,-10.742685451,0.000000000,0.430281579,0.500000000,0.200000003,1.346624374,77.155893242,0.000000000,0.000199606,0.000000000,0.100000001
2026-07-05 12:24:45.453,1783225485.453329563,320.460002468,1,1,320.313792748,1,0.005424151,5,1,0.000914524,5,1,0,1,0,0,1,1,1,0,1,0,-1.000000000,0.000000000,0.000000000,0.000000000,0,-1.000000000,0,0,0,,0,-1.000000000,,0,0,0.000000000,0.000000000,0,-1.000000000,0,,0,-1.000000000,,0,-1.000000000,0,,1,-0.113160707,-6.483630921,-0.007326126,-0.026862144,1,3.135058641,179.625628680,-0.002442360,-2.769229889,1,-2.864825487,-164.142409454,-0.002442360,2.659828186,1,-0.186350822,-10.677115635,0.007326126,0.422466278,1,1.346624374,77.155893242,0.012210846,-0.003663063,-0.113542177,-6.505487526,0.000000000,-0.000000000,6.000000000,2.500000000,3.150317430,180.499892894,0.000000000,-2.784898281,2.000000000,0.500000000,-2.867877245,-164.317262297,0.000000000,2.679786205,1.000000000,0.500000000,-0.187495232,-10.742685451,0.000000000,0.430281579,0.500000000,0.200000003,1.346624374,77.155893242,0.000000000,0.000199606,0.000000000,0.100000001
2026-07-05 12:24:46.453,1783225486.453581572,321.460254578,1,1,321.314044858,1,0.005630363,5,1,0.001164475,5,1,0,1,0,0,1,1,1,0,1,0,-1.000000000,0.000000000,0.000000000,0.000000000,0,-1.000000000,0,0,0,,0,-1.000000000,,0,0,0.000000000,0.000000000,0,-1.000000000,0,,0,-1.000000000,,0,-1.000000000,0,,1,-0.113160707,-6.483630921,-0.007326126,-0.026862144,1,3.135058641,179.625628680,0.002442360,-2.782905579,1,-2.864825487,-164.142409454,-0.002442360,2.659828186,1,-0.186350822,-10.677115635,-0.007326126,0.422466278,1,1.346240997,77.133927354,-0.012210846,-0.003663063,-0.113542177,-6.505487526,0.000000000,-0.000000000,6.000000000,2.500000000,3.150317430,180.499892894,0.000000000,-2.784898281,2.000000000,0.500000000,-2.867877245,-164.317262297,0.000000000,2.679786205,1.000000000,0.500000000,-0.187495232,-10.742685451,0.000000000,0.430281579,0.500000000,0.200000003,1.346624374,77.155893242,0.000000000,0.000199606,0.000000000,0.100000001
2026-07-05 12:24:47.453,1783225487.453782082,322.460454837,1,1,322.314245117,1,0.005219792,5,1,0.000958523,5,1,0,1,0,0,1,1,1,0,1,0,-1.000000000,0.000000000,0.000000000,0.000000000,0,-1.000000000,0,0,0,,0,-1.000000000,,0,0,0.000000000,0.000000000,0,-1.000000000,0,,0,-1.000000000,,0,-1.000000000,0,,1,-0.113160707,-6.483630921,-0.021978378,-0.026862144,1,3.135058641,179.625628680,-0.002442360,-2.769229889,1,-2.865206957,-164.164266060,-0.002442360,2.673503876,1,-0.186350822,-10.677115635,-0.021978378,0.422466278,1,1.346624374,77.155893242,-0.012210846,-0.003663063,-0.113542177,-6.505487526,0.000000000,-0.000000000,6.000000000,2.500000000,3.150317430,180.499892894,0.000000000,-2.784898281,2.000000000,0.500000000,-2.867877245,-164.317262297,0.000000000,2.679786205,1.000000000,0.500000000,-0.187495232,-10.742685451,0.000000000,0.430281579,0.500000000,0.200000003,1.346624374,77.155893242,0.000000000,0.000199606,0.000000000,0.100000001
2026-07-05 12:24:48.454,1783225488.454028130,323.460700968,1,1,323.314491248,1,0.004651581,5,1,0.001183243,5,1,0,1,0,0,1,1,1,0,1,0,-1.000000000,0.000000000,0.000000000,0.000000000,0,-1.000000000,0,0,0,,0,-1.000000000,,0,0,0.000000000,0.000000000,0,-1.000000000,0,,0,-1.000000000,,0,-1.000000000,0,,1,-0.113160707,-6.483630921,-0.007326126,-0.021978378,1,3.135058641,179.625628680,-0.002442360,-2.769229889,1,-2.865206957,-164.164266060,-0.002442360,2.659828186,1,-0.186350822,-10.677115635,0.007326126,0.422466278,1,1.346624374,77.155893242,0.012210846,-0.003663063,-0.113542177,-6.505487526,0.000000000,-0.000000000,6.000000000,2.500000000,3.150317430,180.499892894,0.000000000,-2.784898281,2.000000000,0.500000000,-2.867877245,-164.317262297,0.000000000,2.679786205,1.000000000,0.500000000,-0.187495232,-10.742685451,0.000000000,0.430281579,0.500000000,0.200000003,1.346624374,77.155893242,0.000000000,0.000199606,0.000000000,0.100000001
2026-07-05 12:24:49.454,1783225489.454210997,324.460883927,1,1,324.314674207,1,0.005606386,5,1,0.001196490,5,1,0,1,0,0,1,1,1,0,1,0,-1.000000000,0.000000000,0.000000000,0.000000000,0,-1.000000000,0,0,0,,0,-1.000000000,,0,0,0.000000000,0.000000000,0,-1.000000000,0,,0,-1.000000000,,0,-1.000000000,0,,1,-0.113160707,-6.483630921,0.007326126,-0.021978378,1,3.135058641,179.625628680,-0.002442360,-2.782905579,1,-2.864825487,-164.142409454,-0.002442360,2.659828186,1,-0.186350822,-10.677115635,-0.021978378,0.422466278,1,1.346240997,77.133927354,-0.036628723,-0.003663063,-0.113542177,-6.505487526,0.000000000,-0.000000000,6.000000000,2.500000000,3.150317430,180.499892894,0.000000000,-2.784898281,2.000000000,0.500000000,-2.867877245,-164.317262297,0.000000000,2.679786205,1.000000000,0.500000000,-0.187495232,-10.742685451,0.000000000,0.430281579,0.500000000,0.200000003,1.346624374,77.155893242,0.000000000,0.000199606,0.000000000,0.100000001
2026-07-05 12:24:50.455,1783225490.454796791,325.461469849,1,1,325.315260129,1,0.006130605,5,1,0.001509199,5,1,0,1,0,0,1,1,1,0,1,0,-1.000000000,0.000000000,0.000000000,0.000000000,0,-1.000000000,0,0,0,,0,-1.000000000,,0,0,0.000000000,0.000000000,0,-1.000000000,0,,0,-1.000000000,,0,-1.000000000,0,,1,-0.113160707,-6.483630921,-0.007326126,-0.026862144,1,3.135058641,179.625628680,-0.007326126,-2.769229889,1,-2.864825487,-164.142409454,-0.002442360,2.659828186,1,-0.186350822,-10.677115635,-0.007326126,0.422466278,1,1.346240997,77.133927354,-0.012210846,-0.003663063,-0.113542177,-6.505487526,0.000000000,-0.000000000,6.000000000,2.500000000,3.150317430,180.499892894,0.000000000,-2.784898281,2.000000000,0.500000000,-2.867877245,-164.317262297,0.000000000,2.679786205,1.000000000,0.500000000,-0.187495232,-10.742685451,0.000000000,0.430281579,0.500000000,0.200000003,1.346624374,77.155893242,0.000000000,0.000199606,0.000000000,0.100000001
2026-07-05 12:24:51.454,1783225491.454540253,326.461213193,1,1,326.315003473,1,0.005392408,5,1,0.001080459,5,1,0,1,0,0,1,1,1,0,1,0,-1.000000000,0.000000000,0.000000000,0.000000000,0,-1.000000000,0,0,0,,0,-1.000000000,,0,0,0.000000000,0.000000000,0,-1.000000000,0,,0,-1.000000000,,0,-1.000000000,0,,1,-0.113160707,-6.483630921,-0.007326126,-0.021978378,1,3.135058641,179.625628680,-0.002442360,-2.782905579,1,-2.864825487,-164.142409454,0.002442360,2.659828186,1,-0.186350822,-10.677115635,-0.007326126,0.422466278,1,1.346240997,77.133927354,-0.036628723,-0.003663063,-0.113542177,-6.505487526,0.000000000,-0.000000000,6.000000000,2.500000000,3.150317430,180.499892894,0.000000000,-2.784898281,2.000000000,0.500000000,-2.867877245,-164.317262297,0.000000000,2.679786205,1.000000000,0.500000000,-0.187495232,-10.742685451,0.000000000,0.430281579,0.500000000,0.200000003,1.346624374,77.155893242,0.000000000,0.000199606,0.000000000,0.100000001
2026-07-05 12:24:52.454,1783225492.454711199,327.461384318,1,1,327.315174598,1,0.004816738,5,1,0.001045897,5,1,0,1,0,0,1,1,1,0,1,0,-1.000000000,0.000000000,0.000000000,0.000000000,0,-1.000000000,0,0,0,,0,-1.000000000,,0,0,0.000000000,0.000000000,0,-1.000000000,0,,0,-1.000000000,,0,-1.000000000,0,,1,-0.113160707,-6.483630921,-0.021978378,-0.031745911,1,3.135058641,179.625628680,-0.007326126,-2.769229889,1,-2.864825487,-164.142409454,-0.002442360,2.659828186,1,-0.186350822,-10.677115635,-0.007326126,0.422466278,1,1.346240997,77.133927354,-0.012210846,-0.003663063,-0.113542177,-6.505487526,0.000000000,-0.000000000,6.000000000,2.500000000,3.150317430,180.499892894,0.000000000,-2.784898281,2.000000000,0.500000000,-2.867877245,-164.317262297,0.000000000,2.679786205,1.000000000,0.500000000,-0.187495232,-10.742685451,0.000000000,0.430281579,0.500000000,0.200000003,1.346624374,77.155893242,0.000000000,0.000199606,0.000000000,0.100000001
2026-07-05 12:24:53.454,1783225493.454803705,328.461476769,1,1,328.315267049,1,0.005268555,5,1,0.001136768,5,1,0,1,0,0,1,1,1,0,1,0,-1.000000000,0.000000000,0.000000000,0.000000000,0,-1.000000000,0,0,0,,0,-1.000000000,,0,0,0.000000000,0.000000000,0,-1.000000000,0,,0,-1.000000000,,0,-1.000000000,0,,1,-0.113160707,-6.483630921,-0.007326126,-0.026862144,1,3.135058641,179.625628680,-0.002442360,-2.769229889,1,-2.865206957,-164.164266060,-0.007326126,2.673503876,1,-0.186350822,-10.677115635,-0.007326126,0.422466278,1,1.346240997,77.133927354,-0.012210846,-0.003663063,-0.113542177,-6.505487526,0.000000000,-0.000000000,6.000000000,2.500000000,3.150317430,180.499892894,0.000000000,-2.784898281,2.000000000,0.500000000,-2.867877245,-164.317262297,0.000000000,2.679786205,1.000000000,0.500000000,-0.187495232,-10.742685451,0.000000000,0.430281579,0.500000000,0.200000003,1.346624374,77.155893242,0.000000000,0.000199606,0.000000000,0.100000001
2026-07-05 12:24:54.455,1783225494.454923630,329.461596340,1,1,329.315386620,1,0.005706069,5,1,0.001214252,5,1,0,1,0,0,1,1,1,0,1,0,-1.000000000,0.000000000,0.000000000,0.000000000,0,-1.000000000,0,0,0,,0,-1.000000000,,0,0,0.000000000,0.000000000,0,-1.000000000,0,,0,-1.000000000,,0,-1.000000000,0,,1,-0.113160707,-6.483630921,-0.021978378,-0.031745911,1,3.135058641,179.625628680,-0.002442360,-2.769229889,1,-2.865206957,-164.164266060,-0.002442360,2.659828186,1,-0.186350822,-10.677115635,-0.021978378,0.422466278,1,1.346624374,77.155893242,-0.012210846,-0.003663063,-0.113542177,-6.505487526,0.000000000,-0.000000000,6.000000000,2.500000000,3.150317430,180.499892894,0.000000000,-2.784898281,2.000000000,0.500000000,-2.867877245,-164.317262297,0.000000000,2.679786205,1.000000000,0.500000000,-0.187495232,-10.742685451,0.000000000,0.430281579,0.500000000,0.200000003,1.346624374,77.155893242,0.000000000,0.000199606,0.000000000,0.100000001
2026-07-05 12:24:55.455,1783225495.455097914,330.461770876,1,1,330.315561156,1,0.005712890,5,1,0.001162199,5,1,0,1,0,0,1,1,1,0,1,0,-1.000000000,0.000000000,0.000000000,0.000000000,0,-1.000000000,0,0,0,,0,-1.000000000,,0,0,0.000000000,0.000000000,0,-1.000000000,0,,0,-1.000000000,,0,-1.000000000,0,,1,-0.113160707,-6.483630921,-0.007326126,-0.026862144,1,3.135058641,179.625628680,-0.002442360,-2.782905579,1,-2.864825487,-164.142409454,-0.002442360,2.659828186,1,-0.186350822,-10.677115635,-0.007326126,0.422466278,1,1.346240997,77.133927354,-0.012210846,-0.003663063,-0.113542177,-6.505487526,0.000000000,-0.000000000,6.000000000,2.500000000,3.150317430,180.499892894,0.000000000,-2.784898281,2.000000000,0.500000000,-2.867877245,-164.317262297,0.000000000,2.679786205,1.000000000,0.500000000,-0.187495232,-10.742685451,0.000000000,0.430281579,0.500000000,0.200000003,1.346624374,77.155893242,0.000000000,0.000199606,0.000000000,0.100000001
2026-07-05 12:24:56.455,1783225496.455251455,331.461924275,1,1,331.315714555,1,0.005394903,5,1,0.000959596,5,1,0,1,0,0,1,1,1,0,1,0,-1.000000000,0.000000000,0.000000000,0.000000000,0,-1.000000000,0,0,0,,0,-1.000000000,,0,0,0.000000000,0.000000000,0,-1.000000000,0,,0,-1.000000000,,0,-1.000000000,0,,1,-0.113160707,-6.483630921,-0.007326126,-0.026862144,1,3.135058641,179.625628680,-0.002442360,-2.782905579,1,-2.864825487,-164.142409454,-0.002442360,2.659828186,1,-0.186350822,-10.677115635,-0.007326126,0.422466278,1,1.346240997,77.133927354,-0.012210846,-0.003663063,-0.113542177,-6.505487526,0.000000000,-0.000000000,6.000000000,2.500000000,3.150317430,180.499892894,0.000000000,-2.784898281,2.000000000,0.500000000,-2.867877245,-164.317262297,0.000000000,2.679786205,1.000000000,0.500000000,-0.187495232,-10.742685451,0.000000000,0.430281579,0.500000000,0.200000003,1.346624374,77.155893242,0.000000000,0.000199606,0.000000000,0.100000001
2026-07-05 12:24:57.455,1783225497.455338240,332.462011272,1,1,332.315801552,1,0.005609997,5,1,0.001162555,5,1,0,1,0,0,1,1,1,0,1,0,-1.000000000,0.000000000,0.000000000,0.000000000,0,-1.000000000,0,0,0,,0,-1.000000000,,0,0,0.000000000,0.000000000,0,-1.000000000,0,,0,-1.000000000,,0,-1.000000000,0,,1,-0.113542177,-6.505487526,-0.021978378,-0.026862144,1,3.135058641,179.625628680,-0.002442360,-2.782905579,1,-2.865206957,-164.164266060,-0.002442360,2.659828186,1,-0.186350822,-10.677115635,-0.007326126,0.422466278,1,1.346240997,77.133927354,-0.012210846,-0.003663063,-0.113542177,-6.505487526,0.000000000,-0.000000000,6.000000000,2.500000000,3.150317430,180.499892894,0.000000000,-2.784898281,2.000000000,0.500000000,-2.867877245,-164.317262297,0.000000000,2.679786205,1.000000000,0.500000000,-0.187495232,-10.742685451,0.000000000,0.430281579,0.500000000,0.200000003,1.346624374,77.155893242,0.000000000,0.000199606,0.000000000,0.100000001
2026-07-05 12:24:58.455,1783225498.455436230,333.462109109,1,1,333.315899389,1,0.002518597,5,1,0.001269093,5,1,0,1,0,0,1,1,1,0,1,0,-1.000000000,0.000000000,0.000000000,0.000000000,0,-1.000000000,0,0,0,,0,-1.000000000,,0,0,0.000000000,0.000000000,0,-1.000000000,0,,0,-1.000000000,,0,-1.000000000,0,,1,-0.113160707,-6.483630921,-0.007326126,-0.031745911,1,3.135058641,179.625628680,-0.002442360,-2.782905579,1,-2.865206957,-164.164266060,-0.007326126,2.659828186,1,-0.186350822,-10.677115635,-0.021978378,0.422466278,1,1.346624374,77.155893242,0.012210846,-0.003663063,-0.113542177,-6.505487526,0.000000000,-0.000000000,6.000000000,2.500000000,3.150317430,180.499892894,0.000000000,-2.784898281,2.000000000,0.500000000,-2.867877245,-164.317262297,0.000000000,2.679786205,1.000000000,0.500000000,-0.187495232,-10.742685451,0.000000000,0.430281579,0.500000000,0.200000003,1.346624374,77.155893242,0.000000000,0.000199606,0.000000000,0.100000001
2026-07-05 12:24:59.455,1783225499.455540895,334.462214008,1,1,334.316004288,1,0.005410026,5,1,0.001095338,5,1,0,1,0,0,1,1,1,0,1,0,-1.000000000,0.000000000,0.000000000,0.000000000,0,-1.000000000,0,0,0,,0,-1.000000000,,0,0,0.000000000,0.000000000,0,-1.000000000,0,,0,-1.000000000,,0,-1.000000000,0,,1,-0.113160707,-6.483630921,-0.021978378,-0.026862144,1,3.135058641,179.625628680,-0.002442360,-2.769229889,1,-2.864825487,-164.142409454,-0.002442360,2.659828186,1,-0.186350822,-10.677115635,-0.007326126,0.422466278,1,1.346240997,77.133927354,-0.036628723,-0.003663063,-0.113542177,-6.505487526,0.000000000,-0.000000000,6.000000000,2.500000000,3.150317430,180.499892894,0.000000000,-2.784898281,2.000000000,0.500000000,-2.867877245,-164.317262297,0.000000000,2.679786205,1.000000000,0.500000000,-0.187495232,-10.742685451,0.000000000,0.430281579,0.500000000,0.200000003,1.346624374,77.155893242,0.000000000,0.000199606,0.000000000,0.100000001
2026-07-05 12:25:00.455,1783225500.455614805,335.462287704,1,1,335.316077984,1,0.005545826,5,1,0.001251086,5,1,0,1,0,0,1,1,1,0,1,0,-1.000000000,0.000000000,0.000000000,0.000000000,0,-1.000000000,0,0,0,,0,-1.000000000,,0,0,0.000000000,0.000000000,0,-1.000000000,0,,0,-1.000000000,,0,-1.000000000,0,,1,-0.113160707,-6.483630921,-0.021978378,-0.026862144,1,3.135058641,179.625628680,-0.002442360,-2.782905579,1,-2.864825487,-164.142409454,-0.002442360,2.659828186,1,-0.186350822,-10.677115635,0.007326126,0.422466278,1,1.346240997,77.133927354,-0.036628723,-0.003663063,-0.113542177,-6.505487526,0.000000000,-0.000000000,6.000000000,2.500000000,3.150317430,180.499892894,0.000000000,-2.784898281,2.000000000,0.500000000,-2.867877245,-164.317262297,0.000000000,2.679786205,1.000000000,0.500000000,-0.187495232,-10.742685451,0.000000000,0.430281579,0.500000000,0.200000003,1.346624374,77.155893242,0.000000000,0.000199606,0.000000000,0.100000001
2026-07-05 12:25:01.455,1783225501.455712318,336.462385188,1,1,336.316175468,1,0.005643145,5,1,0.001073636,5,1,0,1,0,0,1,1,1,0,1,0,-1.000000000,0.000000000,0.000000000,0.000000000,0,-1.000000000,0,0,0,,0,-1.000000000,,0,0,0.000000000,0.000000000,0,-1.000000000,0,,0,-1.000000000,,0,-1.000000000,0,,1,-0.113160707,-6.483630921,-0.007326126,-0.021978378,1,3.135058641,179.625628680,0.002442360,-2.782905579,1,-2.865206957,-164.164266060,-0.002442360,2.659828186,1,-0.186350822,-10.677115635,0.007326126,0.422466278,1,1.346624374,77.155893242,0.036628723,-0.003663063,-0.113542177,-6.505487526,0.000000000,-0.000000000,6.000000000,2.500000000,3.150317430,180.499892894,0.000000000,-2.784898281,2.000000000,0.500000000,-2.867877245,-164.317262297,0.000000000,2.679786205,1.000000000,0.500000000,-0.187495232,-10.742685451,0.000000000,0.430281579,0.500000000,0.200000003,1.346624374,77.155893242,0.000000000,0.000199606,0.000000000,0.100000001
2026-07-05 12:25:02.455,1783225502.455781221,337.462454028,1,1,337.316244308,1,0.005109513,5,1,0.001186332,5,1,0,1,0,0,1,1,1,0,1,0,-1.000000000,0.000000000,0.000000000,0.000000000,0,-1.000000000,0,0,0,,0,-1.000000000,,0,0,0.000000000,0.000000000,0,-1.000000000,0,,0,-1.000000000,,0,-1.000000000,0,,1,-0.113160707,-6.483630921,-0.007326126,-0.026862144,1,3.135058641,179.625628680,-0.002442360,-2.769229889,1,-2.865206957,-164.164266060,-0.002442360,2.659828186,1,-0.186350822,-10.677115635,-0.021978378,0.422466278,1,1.346624374,77.155893242,0.012210846,-0.003663063,-0.113542177,-6.505487526,0.000000000,-0.000000000,6.000000000,2.500000000,3.150317430,180.499892894,0.000000000,-2.784898281,2.000000000,0.500000000,-2.867877245,-164.317262297,0.000000000,2.679786205,1.000000000,0.500000000,-0.187495232,-10.742685451,0.000000000,0.430281579,0.500000000,0.200000003,1.346624374,77.155893242,0.000000000,0.000199606,0.000000000,0.100000001
2026-07-05 12:25:03.456,1783225503.455962181,338.462635138,1,1,338.316425418,1,0.005746580,5,1,0.000959861,5,1,0,1,0,0,1,1,1,0,1,0,-1.000000000,0.000000000,0.000000000,0.000000000,0,-1.000000000,0,0,0,,0,-1.000000000,,0,0,0.000000000,0.000000000,0,-1.000000000,0,,0,-1.000000000,,0,-1.000000000,0,,1,-0.113160707,-6.483630921,-0.007326126,-0.021978378,1,3.135058641,179.625628680,-0.002442360,-2.782905579,1,-2.864825487,-164.142409454,-0.002442360,2.659828186,1,-0.186350822,-10.677115635,-0.007326126,0.422466278,1,1.346240997,77.133927354,-0.012210846,-0.003663063,-0.113542177,-6.505487526,0.000000000,-0.000000000,6.000000000,2.500000000,3.150317430,180.499892894,0.000000000,-2.784898281,2.000000000,0.500000000,-2.867877245,-164.317262297,0.000000000,2.679786205,1.000000000,0.500000000,-0.187495232,-10.742685451,0.000000000,0.430281579,0.500000000,0.200000003,1.346624374,77.155893242,0.000000000,0.000199606,0.000000000,0.100000001
2026-07-05 12:25:04.456,1783225504.455945015,339.462617873,1,1,339.316408153,1,0.005677610,5,1,0.000899818,5,1,0,1,0,0,1,1,1,0,1,0,-1.000000000,0.000000000,0.000000000,0.000000000,0,-1.000000000,0,0,0,,0,-1.000000000,,0,0,0.000000000,0.000000000,0,-1.000000000,0,,0,-1.000000000,,0,-1.000000000,0,,1,-0.113160707,-6.483630921,-0.007326126,-0.026862144,1,3.135058641,179.625628680,-0.002442360,-2.769229889,1,-2.865206957,-164.164266060,-0.002442360,2.659828186,1,-0.186350822,-10.677115635,-0.007326126,0.422466278,1,1.346240997,77.133927354,-0.012210846,-0.003663063,-0.113542177,-6.505487526,0.000000000,-0.000000000,6.000000000,2.500000000,3.150317430,180.499892894,0.000000000,-2.784898281,2.000000000,0.500000000,-2.867877245,-164.317262297,0.000000000,2.679786205,1.000000000,0.500000000,-0.187495232,-10.742685451,0.000000000,0.430281579,0.500000000,0.200000003,1.346624374,77.155893242,0.000000000,0.000199606,0.000000000,0.100000001
2026-07-05 12:25:05.456,1783225505.456052780,340.462725626,1,1,340.316515906,1,0.005212959,5,1,0.001078610,5,1,0,1,0,0,1,1,1,0,1,0,-1.000000000,0.000000000,0.000000000,0.000000000,0,-1.000000000,0,0,0,,0,-1.000000000,,0,0,0.000000000,0.000000000,0,-1.000000000,0,,0,-1.000000000,,0,-1.000000000,0,,1,-0.113160707,-6.483630921,0.007326126,-0.026862144,1,3.135058641,179.625628680,-0.002442360,-2.769229889,1,-2.864825487,-164.142409454,-0.002442360,2.659828186,1,-0.186350822,-10.677115635,-0.007326126,0.422466278,1,1.346240997,77.133927354,-0.012210846,-0.003663063,-0.113542177,-6.505487526,0.000000000,-0.000000000,6.000000000,2.500000000,3.150317430,180.499892894,0.000000000,-2.784898281,2.000000000,0.500000000,-2.867877245,-164.317262297,0.000000000,2.679786205,1.000000000,0.500000000,-0.187495232,-10.742685451,0.000000000,0.430281579,0.500000000,0.200000003,1.346624374,77.155893242,0.000000000,0.000199606,0.000000000,0.100000001
2026-07-05 12:25:06.456,1783225506.456072330,341.462745390,1,1,341.316535670,1,0.005701981,5,1,0.001245223,5,1,0,1,0,0,1,1,1,0,1,0,-1.000000000,0.000000000,0.000000000,0.000000000,0,-1.000000000,0,0,0,,0,-1.000000000,,0,0,0.000000000,0.000000000,0,-1.000000000,0,,0,-1.000000000,,0,-1.000000000,0,,1,-0.113160707,-6.483630921,-0.007326126,-0.026862144,1,3.135058641,179.625628680,-0.002442360,-2.769229889,1,-2.864825487,-164.142409454,0.002442360,2.659828186,1,-0.186350822,-10.677115635,-0.021978378,0.422466278,1,1.346624374,77.155893242,-0.012210846,-0.003663063,-0.113542177,-6.505487526,0.000000000,-0.000000000,6.000000000,2.500000000,3.150317430,180.499892894,0.000000000,-2.784898281,2.000000000,0.500000000,-2.867877245,-164.317262297,0.000000000,2.679786205,1.000000000,0.500000000,-0.187495232,-10.742685451,0.000000000,0.430281579,0.500000000,0.200000003,1.346624374,77.155893242,0.000000000,0.000199606,0.000000000,0.100000001
2026-07-05 12:25:07.456,1783225507.456196308,342.462869409,1,1,342.316659689,1,0.005509610,5,1,0.001186985,5,1,0,1,0,0,1,1,1,0,1,0,-1.000000000,0.000000000,0.000000000,0.000000000,0,-1.000000000,0,0,0,,0,-1.000000000,,0,0,0.000000000,0.000000000,0,-1.000000000,0,,0,-1.000000000,,0,-1.000000000,0,,1,-0.113542177,-6.505487526,-0.021978378,-0.026862144,1,3.135058641,179.625628680,-0.002442360,-2.782905579,1,-2.865206957,-164.164266060,-0.002442360,2.659828186,1,-0.186350822,-10.677115635,-0.021978378,0.422466278,1,1.346240997,77.133927354,-0.036628723,-0.003663063,-0.113542177,-6.505487526,0.000000000,-0.000000000,6.000000000,2.500000000,3.150317430,180.499892894,0.000000000,-2.784898281,2.000000000,0.500000000,-2.867877245,-164.317262297,0.000000000,2.679786205,1.000000000,0.500000000,-0.187495232,-10.742685451,0.000000000,0.430281579,0.500000000,0.200000003,1.346624374,77.155893242,0.000000000,0.000199606,0.000000000,0.100000001
2026-07-05 12:25:08.456,1783225508.456238747,343.462911744,1,1,343.316702024,1,0.004974129,5,1,0.001255322,5,1,0,1,0,0,1,1,1,0,1,0,-1.000000000,0.000000000,0.000000000,0.000000000,0,-1.000000000,0,0,0,,0,-1.000000000,,0,0,0.000000000,0.000000000,0,-1.000000000,0,,0,-1.000000000,,0,-1.000000000,0,,1,-0.113160707,-6.483630921,-0.007326126,-0.026862144,1,3.135058641,179.625628680,-0.002442360,-2.769229889,1,-2.864825487,-164.142409454,0.002442360,2.659828186,1,-0.186350822,-10.677115635,0.007326126,0.422466278,1,1.346624374,77.155893242,0.012210846,-0.003663063,-0.113542177,-6.505487526,0.000000000,-0.000000000,6.000000000,2.500000000,3.150317430,180.499892894,0.000000000,-2.784898281,2.000000000,0.500000000,-2.867877245,-164.317262297,0.000000000,2.679786205,1.000000000,0.500000000,-0.187495232,-10.742685451,0.000000000,0.430281579,0.500000000,0.200000003,1.346624374,77.155893242,0.000000000,0.000199606,0.000000000,0.100000001
2026-07-05 12:25:09.456,1783225509.456260920,344.462933886,1,1,344.316724166,1,0.004851032,5,1,0.000740641,5,1,0,1,0,0,1,1,1,0,1,0,-1.000000000,0.000000000,0.000000000,0.000000000,0,-1.000000000,0,0,0,,0,-1.000000000,,0,0,0.000000000,0.000000000,0,-1.000000000,0,,0,-1.000000000,,0,-1.000000000,0,,1,-0.113160707,-6.483630921,-0.007326126,-0.021978378,1,3.135058641,179.625628680,-0.002442360,-2.769229889,1,-2.864825487,-164.142409454,-0.002442360,2.659828186,1,-0.186350822,-10.677115635,0.007326126,0.422466278,1,1.346624374,77.155893242,0.012210846,-0.003663063,-0.113542177,-6.505487526,0.000000000,-0.000000000,6.000000000,2.500000000,3.150317430,180.499892894,0.000000000,-2.784898281,2.000000000,0.500000000,-2.867877245,-164.317262297,0.000000000,2.679786205,1.000000000,0.500000000,-0.187495232,-10.742685451,0.000000000,0.430281579,0.500000000,0.200000003,1.346624374,77.155893242,0.000000000,0.000199606,0.000000000,0.100000001
2026-07-05 12:25:10.456,1783225510.456351280,345.463024255,1,1,345.316814535,1,0.005531835,5,1,0.001218616,5,1,0,1,0,0,1,1,1,0,1,0,-1.000000000,0.000000000,0.000000000,0.000000000,0,-1.000000000,0,0,0,,0,-1.000000000,,0,0,0.000000000,0.000000000,0,-1.000000000,0,,0,-1.000000000,,0,-1.000000000,0,,1,-0.113160707,-6.483630921,0.007326126,-0.026862144,1,3.135058641,179.625628680,-0.002442360,-2.769229889,1,-2.865206957,-164.164266060,-0.007326126,2.659828186,1,-0.186350822,-10.677115635,-0.007326126,0.422466278,1,1.346240997,77.133927354,0.012210846,-0.003663063,-0.113542177,-6.505487526,0.000000000,-0.000000000,6.000000000,2.500000000,3.150317430,180.499892894,0.000000000,-2.784898281,2.000000000,0.500000000,-2.867877245,-164.317262297,0.000000000,2.679786205,1.000000000,0.500000000,-0.187495232,-10.742685451,0.000000000,0.430281579,0.500000000,0.200000003,1.346624374,77.155893242,0.000000000,0.000199606,0.000000000,0.100000001
2026-07-05 12:25:11.456,1783225511.456328630,346.463001656,1,1,346.316791936,1,0.005417120,5,1,0.001144436,5,1,0,1,0,0,1,1,1,0,1,0,-1.000000000,0.000000000,0.000000000,0.000000000,0,-1.000000000,0,0,0,,0,-1.000000000,,0,0,0.000000000,0.000000000,0,-1.000000000,0,,0,-1.000000000,,0,-1.000000000,0,,1,-0.113542177,-6.505487526,-0.021978378,-0.021978378,1,3.135058641,179.625628680,-0.002442360,-2.769229889,1,-2.864825487,-164.142409454,-0.002442360,2.673503876,1,-0.186350822,-10.677115635,0.007326126,0.422466278,1,1.346240997,77.133927354,-0.036628723,-0.003663063,-0.113542177,-6.505487526,0.000000000,-0.000000000,6.000000000,2.500000000,3.150317430,180.499892894,0.000000000,-2.784898281,2.000000000,0.500000000,-2.867877245,-164.317262297,0.000000000,2.679786205,1.000000000,0.500000000,-0.187495232,-10.742685451,0.000000000,0.430281579,0.500000000,0.200000003,1.346624374,77.155893242,0.000000000,0.000199606,0.000000000,0.100000001
2026-07-05 12:25:12.456,1783225512.456420183,347.463092918,1,1,347.316883198,1,0.005176068,5,1,0.000924923,5,1,0,1,0,0,1,1,1,0,1,0,-1.000000000,0.000000000,0.000000000,0.000000000,0,-1.000000000,0,0,0,,0,-1.000000000,,0,0,0.000000000,0.000000000,0,-1.000000000,0,,0,-1.000000000,,0,-1.000000000,0,,1,-0.113160707,-6.483630921,-0.007326126,-0.026862144,1,3.135058641,179.625628680,-0.002442360,-2.769229889,1,-2.865206957,-164.164266060,-0.002442360,2.659828186,1,-0.186350822,-10.677115635,-0.021978378,0.422466278,1,1.346624374,77.155893242,0.012210846,-0.003663063,-0.113542177,-6.505487526,0.000000000,-0.000000000,6.000000000,2.500000000,3.150317430,180.499892894,0.000000000,-2.784898281,2.000000000,0.500000000,-2.867877245,-164.317262297,0.000000000,2.679786205,1.000000000,0.500000000,-0.187495232,-10.742685451,0.000000000,0.430281579,0.500000000,0.200000003,1.346624374,77.155893242,0.000000000,0.000199606,0.000000000,0.100000001
2026-07-05 12:25:13.456,1783225513.456438541,348.463111548,1,1,348.316901828,1,0.005513971,5,1,0.001206476,5,1,0,1,0,0,1,1,1,0,1,0,-1.000000000,0.000000000,0.000000000,0.000000000,0,-1.000000000,0,0,0,,0,-1.000000000,,0,0,0.000000000,0.000000000,0,-1.000000000,0,,0,-1.000000000,,0,-1.000000000,0,,1,-0.113542177,-6.505487526,-0.021978378,-0.026862144,1,3.135058641,179.625628680,-0.002442360,-2.769229889,1,-2.865206957,-164.164266060,-0.002442360,2.659828186,1,-0.186350822,-10.677115635,-0.007326126,0.422466278,1,1.346240997,77.133927354,-0.012210846,-0.003663063,-0.113542177,-6.505487526,0.000000000,-0.000000000,6.000000000,2.500000000,3.150317430,180.499892894,0.000000000,-2.784898281,2.000000000,0.500000000,-2.867877245,-164.317262297,0.000000000,2.679786205,1.000000000,0.500000000,-0.187495232,-10.742685451,0.000000000,0.430281579,0.500000000,0.200000003,1.346624374,77.155893242,0.000000000,0.000199606,0.000000000,0.100000001
2026-07-05 12:25:14.456,1783225514.456414223,349.463087265,1,1,349.316877545,1,0.005230331,5,1,0.011117687,5,1,0,1,0,0,1,1,1,0,1,0,-1.000000000,0.000000000,0.000000000,0.000000000,0,-1.000000000,0,0,0,,0,-1.000000000,,0,0,0.000000000,0.000000000,0,-1.000000000,0,,0,-1.000000000,,0,-1.000000000,0,,1,-0.113160707,-6.483630921,-0.007326126,-0.026862144,1,3.135058641,179.625628680,-0.002442360,-2.782905579,1,-2.865206957,-164.164266060,-0.002442360,2.659828186,1,-0.186350822,-10.677115635,-0.007326126,0.422466278,1,1.346240997,77.133927354,0.012210846,-0.006104946,-0.113542177,-6.505487526,0.000000000,-0.000000000,6.000000000,2.500000000,3.150317430,180.499892894,0.000000000,-2.784898281,2.000000000,0.500000000,-2.867877245,-164.317262297,0.000000000,2.679786205,1.000000000,0.500000000,-0.187495232,-10.742685451,0.000000000,0.430281579,0.500000000,0.200000003,1.346624374,77.155893242,0.000000000,0.000199606,0.000000000,0.100000001
2026-07-05 12:25:15.456,1783225515.456537485,350.463210444,1,1,350.317000724,1,0.005581186,5,1,0.001139966,5,1,0,1,0,0,1,1,1,0,1,0,-1.000000000,0.000000000,0.000000000,0.000000000,0,-1.000000000,0,0,0,,0,-1.000000000,,0,0,0.000000000,0.000000000,0,-1.000000000,0,,0,-1.000000000,,0,-1.000000000,0,,1,-0.113160707,-6.483630921,-0.007326126,-0.021978378,1,3.135058641,179.625628680,-0.002442360,-2.769229889,1,-2.864825487,-164.142409454,0.002442360,2.659828186,1,-0.186350822,-10.677115635,-0.021978378,0.422466278,1,1.346624374,77.155893242,0.012210846,-0.003663063,-0.113542177,-6.505487526,0.000000000,-0.000000000,6.000000000,2.500000000,3.150317430,180.499892894,0.000000000,-2.784898281,2.000000000,0.500000000,-2.867877245,-164.317262297,0.000000000,2.679786205,1.000000000,0.500000000,-0.187495232,-10.742685451,0.000000000,0.430281579,0.500000000,0.200000003,1.346624374,77.155893242,0.000000000,0.000199606,0.000000000,0.100000001
2026-07-05 12:25:16.457,1783225516.456674099,351.463347033,1,1,351.317137313,1,0.005300129,5,1,0.001149643,5,1,0,1,0,0,1,1,1,0,1,0,-1.000000000,0.000000000,0.000000000,0.000000000,0,-1.000000000,0,0,0,,0,-1.000000000,,0,0,0.000000000,0.000000000,0,-1.000000000,0,,0,-1.000000000,,0,-1.000000000,0,,1,-0.113160707,-6.483630921,-0.007326126,-0.021978378,1,3.135058641,179.625628680,0.002442360,-2.769229889,1,-2.864825487,-164.142409454,-0.002442360,2.659828186,1,-0.186350822,-10.677115635,-0.021978378,0.422466278,1,1.346240997,77.133927354,-0.012210846,-0.003663063,-0.113542177,-6.505487526,0.000000000,-0.000000000,6.000000000,2.500000000,3.150317430,180.499892894,0.000000000,-2.784898281,2.000000000,0.500000000,-2.867877245,-164.317262297,0.000000000,2.679786205,1.000000000,0.500000000,-0.187495232,-10.742685451,0.000000000,0.430281579,0.500000000,0.200000003,1.346624374,77.155893242,0.000000000,0.000199606,0.000000000,0.100000001
2026-07-05 12:25:17.456,1783225517.456590176,352.463263037,1,1,352.317053317,1,0.005609466,5,1,0.001274401,5,1,0,1,0,0,1,1,1,0,1,0,-1.000000000,0.000000000,0.000000000,0.000000000,0,-1.000000000,0,0,0,,0,-1.000000000,,0,0,0.000000000,0.000000000,0,-1.000000000,0,,0,-1.000000000,,0,-1.000000000,0,,1,-0.113160707,-6.483630921,0.007326126,-0.026862144,1,3.135058641,179.625628680,-0.002442360,-2.782905579,1,-2.865206957,-164.164266060,-0.002442360,2.659828186,1,-0.186350822,-10.677115635,-0.007326126,0.422466278,1,1.346624374,77.155893242,0.012210846,-0.003663063,-0.113542177,-6.505487526,0.000000000,-0.000000000,6.000000000,2.500000000,3.150317430,180.499892894,0.000000000,-2.784898281,2.000000000,0.500000000,-2.867877245,-164.317262297,0.000000000,2.679786205,1.000000000,0.500000000,-0.187495232,-10.742685451,0.000000000,0.430281579,0.500000000,0.200000003,1.346624374,77.155893242,0.000000000,0.000199606,0.000000000,0.100000001
2026-07-05 12:25:18.456,1783225518.456585646,353.463258585,1,1,353.317048865,1,0.005519915,5,1,0.001254728,5,1,0,1,0,0,1,1,1,0,1,0,-1.000000000,0.000000000,0.000000000,0.000000000,0,-1.000000000,0,0,0,,0,-1.000000000,,0,0,0.000000000,0.000000000,0,-1.000000000,0,,0,-1.000000000,,0,-1.000000000,0,,1,-0.113160707,-6.483630921,-0.007326126,-0.021978378,1,3.135058641,179.625628680,-0.002442360,-2.769229889,1,-2.865206957,-164.164266060,-0.002442360,2.659828186,1,-0.186350822,-10.677115635,-0.007326126,0.422466278,1,1.346624374,77.155893242,-0.012210846,-0.003663063,-0.113542177,-6.505487526,0.000000000,-0.000000000,6.000000000,2.500000000,3.150317430,180.499892894,0.000000000,-2.784898281,2.000000000,0.500000000,-2.867877245,-164.317262297,0.000000000,2.679786205,1.000000000,0.500000000,-0.187495232,-10.742685451,0.000000000,0.430281579,0.500000000,0.200000003,1.346624374,77.155893242,0.000000000,0.000199606,0.000000000,0.100000001
2026-07-05 12:25:19.456,1783225519.456623316,354.463296242,1,1,354.317086522,1,0.005500878,5,1,0.001154834,5,1,0,1,0,0,1,1,1,0,1,0,-1.000000000,0.000000000,0.000000000,0.000000000,0,-1.000000000,0,0,0,,0,-1.000000000,,0,0,0.000000000,0.000000000,0,-1.000000000,0,,0,-1.000000000,,0,-1.000000000,0,,1,-0.113160707,-6.483630921,-0.007326126,-0.021978378,1,3.135058641,179.625628680,-0.002442360,-2.769229889,1,-2.865206957,-164.164266060,-0.002442360,2.659828186,1,-0.186350822,-10.677115635,-0.007326126,0.422466278,1,1.346240997,77.133927354,-0.012210846,-0.003663063,-0.113542177,-6.505487526,0.000000000,-0.000000000,6.000000000,2.500000000,3.150317430,180.499892894,0.000000000,-2.784898281,2.000000000,0.500000000,-2.867877245,-164.317262297,0.000000000,2.679786205,1.000000000,0.500000000,-0.187495232,-10.742685451,0.000000000,0.430281579,0.500000000,0.200000003,1.346624374,77.155893242,0.000000000,0.000199606,0.000000000,0.100000001
2026-07-05 12:25:20.456,1783225520.456629515,355.463302378,1,1,355.317092658,1,0.005560434,5,1,0.000979336,5,1,0,1,0,0,1,1,1,0,1,0,-1.000000000,0.000000000,0.000000000,0.000000000,0,-1.000000000,0,0,0,,0,-1.000000000,,0,0,0.000000000,0.000000000,0,-1.000000000,0,,0,-1.000000000,,0,-1.000000000,0,,1,-0.113160707,-6.483630921,-0.007326126,-0.026862144,1,3.135058641,179.625628680,-0.002442360,-2.769229889,1,-2.864825487,-164.142409454,-0.002442360,2.659828186,1,-0.186350822,-10.677115635,-0.021978378,0.422466278,1,1.346240997,77.133927354,-0.012210846,-0.003663063,-0.113542177,-6.505487526,0.000000000,-0.000000000,6.000000000,2.500000000,3.150317430,180.499892894,0.000000000,-2.784898281,2.000000000,0.500000000,-2.867877245,-164.317262297,0.000000000,2.679786205,1.000000000,0.500000000,-0.187495232,-10.742685451,0.000000000,0.430281579,0.500000000,0.200000003,1.346624374,77.155893242,0.000000000,0.000199606,0.000000000,0.100000001
2026-07-05 12:25:21.456,1783225521.456658840,356.463331866,1,1,356.317122146,1,0.005658645,5,1,0.001182637,5,1,0,1,0,0,1,1,1,0,1,0,-1.000000000,0.000000000,0.000000000,0.000000000,0,-1.000000000,0,0,0,,0,-1.000000000,,0,0,0.000000000,0.000000000,0,-1.000000000,0,,0,-1.000000000,,0,-1.000000000,0,,1,-0.113160707,-6.483630921,0.007326126,-0.026862144,1,3.135058641,179.625628680,-0.007326126,-2.769229889,1,-2.864825487,-164.142409454,-0.002442360,2.659828186,1,-0.186350822,-10.677115635,-0.021978378,0.422466278,1,1.346240997,77.133927354,-0.012210846,-0.003663063,-0.113542177,-6.505487526,0.000000000,-0.000000000,6.000000000,2.500000000,3.150317430,180.499892894,0.000000000,-2.784898281,2.000000000,0.500000000,-2.867877245,-164.317262297,0.000000000,2.679786205,1.000000000,0.500000000,-0.187495232,-10.742685451,0.000000000,0.430281579,0.500000000,0.200000003,1.346624374,77.155893242,0.000000000,0.000199606,0.000000000,0.100000001
2026-07-05 12:25:22.456,1783225522.456696272,357.463369301,1,1,357.317159581,1,0.005406117,5,1,0.001148435,5,1,0,1,0,0,1,1,1,0,1,0,-1.000000000,0.000000000,0.000000000,0.000000000,0,-1.000000000,0,0,0,,0,-1.000000000,,0,0,0.000000000,0.000000000,0,-1.000000000,0,,0,-1.000000000,,0,-1.000000000,0,,1,-0.113160707,-6.483630921,0.007326126,-0.026862144,1,3.135058641,179.625628680,-0.002442360,-2.769229889,1,-2.865206957,-164.164266060,-0.002442360,2.659828186,1,-0.186350822,-10.677115635,-0.007326126,0.422466278,1,1.346240997,77.133927354,-0.061050415,-0.003663063,-0.113542177,-6.505487526,0.000000000,-0.000000000,6.000000000,2.500000000,3.150317430,180.499892894,0.000000000,-2.784898281,2.000000000,0.500000000,-2.867877245,-164.317262297,0.000000000,2.679786205,1.000000000,0.500000000,-0.187495232,-10.742685451,0.000000000,0.430281579,0.500000000,0.200000003,1.346624374,77.155893242,0.000000000,0.000199606,0.000000000,0.100000001
2026-07-05 12:25:23.456,1783225523.456721067,358.463394006,1,1,358.317184286,1,0.005703947,5,1,0.001149771,5,1,0,1,0,0,1,1,1,0,1,0,-1.000000000,0.000000000,0.000000000,0.000000000,0,-1.000000000,0,0,0,,0,-1.000000000,,0,0,0.000000000,0.000000000,0,-1.000000000,0,,0,-1.000000000,,0,-1.000000000,0,,1,-0.113542177,-6.505487526,-0.021978378,-0.026862144,1,3.135058641,179.625628680,-0.002442360,-2.769229889,1,-2.864825487,-164.142409454,-0.002442360,2.659828186,1,-0.186350822,-10.677115635,-0.021978378,0.422466278,1,1.346240997,77.133927354,-0.036628723,-0.003663063,-0.113542177,-6.505487526,0.000000000,-0.000000000,6.000000000,2.500000000,3.150317430,180.499892894,0.000000000,-2.784898281,2.000000000,0.500000000,-2.867877245,-164.317262297,0.000000000,2.679786205,1.000000000,0.500000000,-0.187495232,-10.742685451,0.000000000,0.430281579,0.500000000,0.200000003,1.346624374,77.155893242,0.000000000,0.000199606,0.000000000,0.100000001
2026-07-05 12:25:24.458,1783225524.458719969,359.465392970,1,1,359.319183250,1,0.005915863,5,1,0.001419707,5,1,0,1,0,0,1,1,1,0,1,0,-1.000000000,0.000000000,0.000000000,0.000000000,0,-1.000000000,0,0,0,,0,-1.000000000,,0,0,0.000000000,0.000000000,0,-1.000000000,0,,0,-1.000000000,,0,-1.000000000,0,,1,-0.113160707,-6.483630921,-0.007326126,-0.021978378,1,3.135058641,179.625628680,-0.002442360,-2.782905579,1,-2.865206957,-164.164266060,-0.002442360,2.659828186,1,-0.186350822,-10.677115635,-0.021978378,0.422466278,1,1.346240997,77.133927354,-0.012210846,-0.003663063,-0.113542177,-6.505487526,0.000000000,-0.000000000,6.000000000,2.500000000,3.150317430,180.499892894,0.000000000,-2.784898281,2.000000000,0.500000000,-2.867877245,-164.317262297,0.000000000,2.679786205,1.000000000,0.500000000,-0.187495232,-10.742685451,0.000000000,0.430281579,0.500000000,0.200000003,1.346624374,77.155893242,0.000000000,0.000199606,0.000000000,0.100000001
2026-07-05 12:25:25.462,1783225525.462320328,360.468993384,1,1,360.322783664,1,0.005706151,5,1,0.000821188,5,1,0,1,0,0,1,1,1,0,1,0,-1.000000000,0.000000000,0.000000000,0.000000000,0,-1.000000000,0,0,0,,0,-1.000000000,,0,0,0.000000000,0.000000000,0,-1.000000000,0,,0,-1.000000000,,0,-1.000000000,0,,1,-0.113160707,-6.483630921,-0.021978378,-0.026862144,1,3.135058641,179.625628680,0.002442360,-2.769229889,1,-2.865206957,-164.164266060,-0.007326126,2.659828186,1,-0.186350822,-10.677115635,-0.007326126,0.422466278,1,1.346240997,77.133927354,-0.012210846,-0.003663063,-0.113542177,-6.505487526,0.000000000,-0.000000000,6.000000000,2.500000000,3.150317430,180.499892894,0.000000000,-2.784898281,2.000000000,0.500000000,-2.867877245,-164.317262297,0.000000000,2.679786205,1.000000000,0.500000000,-0.187495232,-10.742685451,0.000000000,0.430281579,0.500000000,0.200000003,1.346624374,77.155893242,0.000000000,0.000199606,0.000000000,0.100000001
2026-07-05 12:25:26.465,1783225526.465761423,361.472434572,1,1,361.326224852,1,0.005547062,5,1,0.001248758,5,1,0,1,0,0,1,1,1,0,1,0,-1.000000000,0.000000000,0.000000000,0.000000000,0,-1.000000000,0,0,0,,0,-1.000000000,,0,0,0.000000000,0.000000000,0,-1.000000000,0,,0,-1.000000000,,0,-1.000000000,0,,1,-0.113160707,-6.483630921,-0.021978378,-0.026862144,1,3.135058641,179.625628680,-0.002442360,-2.782905579,1,-2.865206957,-164.164266060,-0.002442360,2.659828186,1,-0.186350822,-10.677115635,-0.021978378,0.422466278,1,1.346624374,77.155893242,-0.012210846,-0.003663063,-0.113542177,-6.505487526,0.000000000,-0.000000000,6.000000000,2.500000000,3.150317430,180.499892894,0.000000000,-2.784898281,2.000000000,0.500000000,-2.867877245,-164.317262297,0.000000000,2.679786205,1.000000000,0.500000000,-0.187495232,-10.742685451,0.000000000,0.430281579,0.500000000,0.200000003,1.346624374,77.155893242,0.000000000,0.000199606,0.000000000,0.100000001
2026-07-05 12:25:27.469,1783225527.469060183,362.475733034,1,1,362.329523314,1,0.005194337,5,1,0.001101572,5,1,0,1,0,0,1,1,1,0,1,0,-1.000000000,0.000000000,0.000000000,0.000000000,0,-1.000000000,0,0,0,,0,-1.000000000,,0,0,0.000000000,0.000000000,0,-1.000000000,0,,0,-1.000000000,,0,-1.000000000,0,,1,-0.113160707,-6.483630921,-0.007326126,-0.026862144,1,3.135058641,179.625628680,-0.002442360,-2.782905579,1,-2.864825487,-164.142409454,0.002442360,2.659828186,1,-0.186350822,-10.677115635,-0.007326126,0.422466278,1,1.346624374,77.155893242,-0.036628723,-0.003663063,-0.113542177,-6.505487526,0.000000000,-0.000000000,6.000000000,2.500000000,3.150317430,180.499892894,0.000000000,-2.784898281,2.000000000,0.500000000,-2.867877245,-164.317262297,0.000000000,2.679786205,1.000000000,0.500000000,-0.187495232,-10.742685451,0.000000000,0.430281579,0.500000000,0.200000003,1.346624374,77.155893242,0.000000000,0.000199606,0.000000000,0.100000001
2026-07-05 12:25:28.472,1783225528.472202063,363.478874822,1,1,363.332665102,1,0.005010256,5,1,0.001064624,5,1,0,1,0,0,1,1,1,0,1,0,-1.000000000,0.000000000,0.000000000,0.000000000,0,-1.000000000,0,0,0,,0,-1.000000000,,0,0,0.000000000,0.000000000,0,-1.000000000,0,,0,-1.000000000,,0,-1.000000000,0,,1,-0.113160707,-6.483630921,-0.021978378,-0.026862144,1,3.135058641,179.625628680,-0.002442360,-2.782905579,1,-2.864825487,-164.142409454,-0.002442360,2.659828186,1,-0.186350822,-10.677115635,-0.007326126,0.422466278,1,1.346240997,77.133927354,-0.036628723,-0.003663063,-0.113542177,-6.505487526,0.000000000,-0.000000000,6.000000000,2.500000000,3.150317430,180.499892894,0.000000000,-2.784898281,2.000000000,0.500000000,-2.867877245,-164.317262297,0.000000000,2.679786205,1.000000000,0.500000000,-0.187495232,-10.742685451,0.000000000,0.430281579,0.500000000,0.200000003,1.346624374,77.155893242,0.000000000,0.000199606,0.000000000,0.100000001
2026-07-05 12:25:29.475,1783225529.475130320,364.481803279,1,1,364.335593559,1,0.005173581,5,1,0.001010134,5,1,0,1,0,0,1,1,1,0,1,0,-1.000000000,0.000000000,0.000000000,0.000000000,0,-1.000000000,0,0,0,,0,-1.000000000,,0,0,0.000000000,0.000000000,0,-1.000000000,0,,0,-1.000000000,,0,-1.000000000,0,,1,-0.113542177,-6.505487526,-0.021978378,-0.026862144,1,3.135058641,179.625628680,-0.002442360,-2.769229889,1,-2.864825487,-164.142409454,-0.002442360,2.659828186,1,-0.186350822,-10.677115635,-0.021978378,0.422466278,1,1.346240997,77.133927354,-0.012210846,-0.003663063,-0.113542177,-6.505487526,0.000000000,-0.000000000,6.000000000,2.500000000,3.150317430,180.499892894,0.000000000,-2.784898281,2.000000000,0.500000000,-2.867877245,-164.317262297,0.000000000,2.679786205,1.000000000,0.500000000,-0.187495232,-10.742685451,0.000000000,0.430281579,0.500000000,0.200000003,1.346624374,77.155893242,0.000000000,0.000199606,0.000000000,0.100000001
2026-07-05 12:25:30.478,1783225530.477945566,365.484618507,1,1,365.338408787,1,0.005357589,5,1,0.001204403,5,1,0,1,0,0,1,1,1,0,1,0,-1.000000000,0.000000000,0.000000000,0.000000000,0,-1.000000000,0,0,0,,0,-1.000000000,,0,0,0.000000000,0.000000000,0,-1.000000000,0,,0,-1.000000000,,0,-1.000000000,0,,1,-0.113160707,-6.483630921,-0.007326126,-0.026862144,1,3.135058641,179.625628680,-0.002442360,-2.769229889,1,-2.865206957,-164.164266060,-0.002442360,2.659828186,1,-0.186350822,-10.677115635,-0.007326126,0.422466278,1,1.346624374,77.155893242,-0.012210846,-0.003663063,-0.113542177,-6.505487526,0.000000000,-0.000000000,6.000000000,2.500000000,3.150317430,180.499892894,0.000000000,-2.784898281,2.000000000,0.500000000,-2.867877245,-164.317262297,0.000000000,2.679786205,1.000000000,0.500000000,-0.187495232,-10.742685451,0.000000000,0.430281579,0.500000000,0.200000003,1.346624374,77.155893242,0.000000000,0.000199606,0.000000000,0.100000001
2026-07-05 12:25:31.480,1783225531.480547905,366.487220684,1,1,366.341010964,1,0.005329567,5,1,0.000082610,5,1,0,1,0,0,1,1,1,0,1,0,-1.000000000,0.000000000,0.000000000,0.000000000,0,-1.000000000,0,0,0,,0,-1.000000000,,0,0,0.000000000,0.000000000,0,-1.000000000,0,,0,-1.000000000,,0,-1.000000000,0,,1,-0.113160707,-6.483630921,-0.007326126,-0.026862144,1,3.135058641,179.625628680,-0.002442360,-2.782905579,1,-2.864825487,-164.142409454,-0.002442360,2.659828186,1,-0.186350822,-10.677115635,-0.007326126,0.422466278,1,1.346624374,77.155893242,-0.012210846,-0.003663063,-0.113542177,-6.505487526,0.000000000,-0.000000000,6.000000000,2.500000000,3.150317430,180.499892894,0.000000000,-2.784898281,2.000000000,0.500000000,-2.867877245,-164.317262297,0.000000000,2.679786205,1.000000000,0.500000000,-0.187495232,-10.742685451,0.000000000,0.430281579,0.500000000,0.200000003,1.346624374,77.155893242,0.000000000,0.000199606,0.000000000,0.100000001
2026-07-05 12:25:32.483,1783225532.483083963,367.489757047,1,1,367.343547327,1,0.005663193,5,1,0.001033785,5,1,0,1,0,0,1,1,1,0,1,0,-1.000000000,0.000000000,0.000000000,0.000000000,0,-1.000000000,0,0,0,,0,-1.000000000,,0,0,0.000000000,0.000000000,0,-1.000000000,0,,0,-1.000000000,,0,-1.000000000,0,,1,-0.113160707,-6.483630921,-0.007326126,-0.026862144,1,3.135058641,179.625628680,-0.002442360,-2.782905579,1,-2.865206957,-164.164266060,-0.002442360,2.659828186,1,-0.186350822,-10.677115635,0.007326126,0.422466278,1,1.346240997,77.133927354,-0.012210846,-0.003663063,-0.113542177,-6.505487526,0.000000000,-0.000000000,6.000000000,2.500000000,3.150317430,180.499892894,0.000000000,-2.784898281,2.000000000,0.500000000,-2.867877245,-164.317262297,0.000000000,2.679786205,1.000000000,0.500000000,-0.187495232,-10.742685451,0.000000000,0.430281579,0.500000000,0.200000003,1.346624374,77.155893242,0.000000000,0.000199606,0.000000000,0.100000001
2026-07-05 12:25:33.485,1783225533.485446453,368.492119392,1,1,368.345909672,1,0.005416018,5,1,0.001096489,5,1,0,1,0,0,1,1,1,0,1,0,-1.000000000,0.000000000,0.000000000,0.000000000,0,-1.000000000,0,0,0,,0,-1.000000000,,0,0,0.000000000,0.000000000,0,-1.000000000,0,,0,-1.000000000,,0,-1.000000000,0,,1,-0.113160707,-6.483630921,-0.021978378,-0.026862144,1,3.135058641,179.625628680,-0.002442360,-2.782905579,1,-2.865206957,-164.164266060,-0.002442360,2.659828186,1,-0.186350822,-10.677115635,-0.021978378,0.422466278,1,1.346240997,77.133927354,-0.012210846,-0.003663063,-0.113542177,-6.505487526,0.000000000,-0.000000000,6.000000000,2.500000000,3.150317430,180.499892894,0.000000000,-2.784898281,2.000000000,0.500000000,-2.867877245,-164.317262297,0.000000000,2.679786205,1.000000000,0.500000000,-0.187495232,-10.742685451,0.000000000,0.430281579,0.500000000,0.200000003,1.346624374,77.155893242,0.000000000,0.000199606,0.000000000,0.100000001
2026-07-05 12:25:34.487,1783225534.487754583,369.494427517,1,1,369.348217797,1,0.005330752,5,1,0.000454232,5,1,0,1,0,0,1,1,1,0,1,0,-1.000000000,0.000000000,0.000000000,0.000000000,0,-1.000000000,0,0,0,,0,-1.000000000,,0,0,0.000000000,0.000000000,0,-1.000000000,0,,0,-1.000000000,,0,-1.000000000,0,,1,-0.113160707,-6.483630921,-0.007326126,-0.026862144,1,3.135058641,179.625628680,-0.002442360,-2.769229889,1,-2.865206957,-164.164266060,-0.002442360,2.659828186,1,-0.186350822,-10.677115635,-0.007326126,0.422466278,1,1.346240997,77.133927354,-0.012210846,-0.003663063,-0.113542177,-6.505487526,0.000000000,-0.000000000,6.000000000,2.500000000,3.150317430,180.499892894,0.000000000,-2.784898281,2.000000000,0.500000000,-2.867877245,-164.317262297,0.000000000,2.679786205,1.000000000,0.500000000,-0.187495232,-10.742685451,0.000000000,0.430281579,0.500000000,0.200000003,1.346624374,77.155893242,0.000000000,0.000199606,0.000000000,0.100000001
2026-07-05 12:25:35.490,1783225535.489875555,370.496548446,1,1,370.350338726,1,0.005405302,5,1,0.001021591,5,1,0,1,0,0,1,1,1,0,1,0,-1.000000000,0.000000000,0.000000000,0.000000000,0,-1.000000000,0,0,0,,0,-1.000000000,,0,0,0.000000000,0.000000000,0,-1.000000000,0,,0,-1.000000000,,0,-1.000000000,0,,1,-0.113542177,-6.505487526,0.007326126,-0.021978378,1,3.135058641,179.625628680,-0.002442360,-2.769229889,1,-2.864825487,-164.142409454,0.002442360,2.659828186,1,-0.186350822,-10.677115635,-0.007326126,0.422466278,1,1.346240997,77.133927354,-0.012210846,-0.003663063,-0.113542177,-6.505487526,0.000000000,-0.000000000,6.000000000,2.500000000,3.150317430,180.499892894,0.000000000,-2.784898281,2.000000000,0.500000000,-2.867877245,-164.317262297,0.000000000,2.679786205,1.000000000,0.500000000,-0.187495232,-10.742685451,0.000000000,0.430281579,0.500000000,0.200000003,1.346624374,77.155893242,0.000000000,0.000199606,0.000000000,0.100000001
2026-07-05 12:25:36.492,1783225536.491976976,371.498649786,1,1,371.352440066,1,0.004843507,5,1,0.000524261,5,1,0,1,0,0,1,1,1,0,1,0,-1.000000000,0.000000000,0.000000000,0.000000000,0,-1.000000000,0,0,0,,0,-1.000000000,,0,0,0.000000000,0.000000000,0,-1.000000000,0,,0,-1.000000000,,0,-1.000000000,0,,1,-0.113160707,-6.483630921,-0.007326126,-0.026862144,1,3.135058641,179.625628680,-0.002442360,-2.782905579,1,-2.864825487,-164.142409454,-0.002442360,2.659828186,1,-0.186350822,-10.677115635,-0.007326126,0.422466278,1,1.346240997,77.133927354,-0.012210846,-0.003663063,-0.113542177,-6.505487526,0.000000000,-0.000000000,6.000000000,2.500000000,3.150317430,180.499892894,0.000000000,-2.784898281,2.000000000,0.500000000,-2.867877245,-164.317262297,0.000000000,2.679786205,1.000000000,0.500000000,-0.187495232,-10.742685451,0.000000000,0.430281579,0.500000000,0.200000003,1.346624374,77.155893242,0.000000000,0.000199606,0.000000000,0.100000001
2026-07-05 12:25:37.493,1783225537.493814230,372.500487145,1,1,372.354277425,1,0.005635900,5,1,0.001133542,5,1,0,1,0,0,1,1,1,0,1,0,-1.000000000,0.000000000,0.000000000,0.000000000,0,-1.000000000,0,0,0,,0,-1.000000000,,0,0,0.000000000,0.000000000,0,-1.000000000,0,,0,-1.000000000,,0,-1.000000000,0,,1,-0.113160707,-6.483630921,-0.007326126,-0.021978378,1,3.135058641,179.625628680,-0.002442360,-2.782905579,1,-2.865206957,-164.164266060,-0.002442360,2.673503876,1,-0.186350822,-10.677115635,-0.007326126,0.422466278,1,1.346240997,77.133927354,-0.012210846,-0.003663063,-0.113542177,-6.505487526,0.000000000,-0.000000000,6.000000000,2.500000000,3.150317430,180.499892894,0.000000000,-2.784898281,2.000000000,0.500000000,-2.867877245,-164.317262297,0.000000000,2.679786205,1.000000000,0.500000000,-0.187495232,-10.742685451,0.000000000,0.430281579,0.500000000,0.200000003,1.346624374,77.155893242,0.000000000,0.000199606,0.000000000,0.100000001
2026-07-05 12:25:38.495,1783225538.495704174,373.502376902,1,1,373.356167182,1,0.005673537,5,1,0.000772491,5,1,0,1,0,0,1,1,1,0,1,0,-1.000000000,0.000000000,0.000000000,0.000000000,0,-1.000000000,0,0,0,,0,-1.000000000,,0,0,0.000000000,0.000000000,0,-1.000000000,0,,0,-1.000000000,,0,-1.000000000,0,,1,-0.113160707,-6.483630921,-0.007326126,-0.021978378,1,3.135058641,179.625628680,-0.002442360,-2.769229889,1,-2.865206957,-164.164266060,-0.002442360,2.673503876,1,-0.186350822,-10.677115635,0.007326126,0.422466278,1,1.346240997,77.133927354,-0.012210846,-0.003663063,-0.113542177,-6.505487526,0.000000000,-0.000000000,6.000000000,2.500000000,3.150317430,180.499892894,0.000000000,-2.784898281,2.000000000,0.500000000,-2.867877245,-164.317262297,0.000000000,2.679786205,1.000000000,0.500000000,-0.187495232,-10.742685451,0.000000000,0.430281579,0.500000000,0.200000003,1.346624374,77.155893242,0.000000000,0.000199606,0.000000000,0.100000001
2026-07-05 12:25:39.497,1783225539.497493267,374.504166213,1,1,374.357956493,1,0.005786181,5,1,0.001058297,5,1,0,1,0,0,1,1,1,0,1,0,-1.000000000,0.000000000,0.000000000,0.000000000,0,-1.000000000,0,0,0,,0,-1.000000000,,0,0,0.000000000,0.000000000,0,-1.000000000,0,,0,-1.000000000,,0,-1.000000000,0,,1,-0.113160707,-6.483630921,-0.021978378,-0.031745911,1,3.135058641,179.625628680,-0.002442360,-2.782905579,1,-2.864825487,-164.142409454,-0.007326126,2.659828186,1,-0.186350822,-10.677115635,-0.007326126,0.422466278,1,1.346240997,77.133927354,-0.012210846,-0.003663063,-0.113542177,-6.505487526,0.000000000,-0.000000000,6.000000000,2.500000000,3.150317430,180.499892894,0.000000000,-2.784898281,2.000000000,0.500000000,-2.867877245,-164.317262297,0.000000000,2.679786205,1.000000000,0.500000000,-0.187495232,-10.742685451,0.000000000,0.430281579,0.500000000,0.200000003,1.346624374,77.155893242,0.000000000,0.000199606,0.000000000,0.100000001
2026-07-05 12:25:40.499,1783225540.499091148,375.505764135,1,1,375.359554415,1,0.004750441,5,1,0.001031981,5,1,0,1,0,0,1,1,1,0,1,0,-1.000000000,0.000000000,0.000000000,0.000000000,0,-1.000000000,0,0,0,,0,-1.000000000,,0,0,0.000000000,0.000000000,0,-1.000000000,0,,0,-1.000000000,,0,-1.000000000,0,,1,-0.113160707,-6.483630921,-0.007326126,-0.026862144,1,3.135058641,179.625628680,-0.002442360,-2.769229889,1,-2.865206957,-164.164266060,-0.002442360,2.659828186,1,-0.186350822,-10.677115635,-0.007326126,0.422466278,1,1.346240997,77.133927354,-0.012210846,-0.003663063,-0.113542177,-6.505487526,0.000000000,-0.000000000,6.000000000,2.500000000,3.150317430,180.499892894,0.000000000,-2.784898281,2.000000000,0.500000000,-2.867877245,-164.317262297,0.000000000,2.679786205,1.000000000,0.500000000,-0.187495232,-10.742685451,0.000000000,0.430281579,0.500000000,0.200000003,1.346624374,77.155893242,0.000000000,0.000199606,0.000000000,0.100000001
2026-07-05 12:25:41.500,1783225541.500680685,376.507353733,1,1,376.361144013,1,0.004510015,5,1,0.000831686,5,1,0,1,0,0,1,1,1,0,1,0,-1.000000000,0.000000000,0.000000000,0.000000000,0,-1.000000000,0,0,0,,0,-1.000000000,,0,0,0.000000000,0.000000000,0,-1.000000000,0,,0,-1.000000000,,0,-1.000000000,0,,1,-0.113160707,-6.483630921,-0.007326126,-0.026862144,1,3.135058641,179.625628680,-0.002442360,-2.769229889,1,-2.864825487,-164.142409454,-0.002442360,2.659828186,1,-0.186350822,-10.677115635,-0.007326126,0.422466278,1,1.346240997,77.133927354,0.012210846,-0.001221180,-0.113542177,-6.505487526,0.000000000,-0.000000000,6.000000000,2.500000000,3.150317430,180.499892894,0.000000000,-2.784898281,2.000000000,0.500000000,-2.867877245,-164.317262297,0.000000000,2.679786205,1.000000000,0.500000000,-0.187495232,-10.742685451,0.000000000,0.430281579,0.500000000,0.200000003,1.346624374,77.155893242,0.000000000,0.000199606,0.000000000,0.100000001
2026-07-05 12:25:42.502,1783225542.502271414,377.508944292,1,1,377.362734572,1,0.005823968,5,1,0.000953198,5,1,0,1,0,0,1,1,1,0,1,0,-1.000000000,0.000000000,0.000000000,0.000000000,0,-1.000000000,0,0,0,,0,-1.000000000,,0,0,0.000000000,0.000000000,0,-1.000000000,0,,0,-1.000000000,,0,-1.000000000,0,,1,-0.113160707,-6.483630921,-0.007326126,-0.026862144,1,3.135058641,179.625628680,-0.007326126,-2.782905579,1,-2.865206957,-164.164266060,-0.002442360,2.659828186,1,-0.186350822,-10.677115635,-0.007326126,0.422466278,1,1.346240997,77.133927354,-0.036628723,-0.003663063,-0.113542177,-6.505487526,0.000000000,-0.000000000,6.000000000,2.500000000,3.150317430,180.499892894,0.000000000,-2.784898281,2.000000000,0.500000000,-2.867877245,-164.317262297,0.000000000,2.679786205,1.000000000,0.500000000,-0.187495232,-10.742685451,0.000000000,0.430281579,0.500000000,0.200000003,1.346624374,77.155893242,0.000000000,0.000199606,0.000000000,0.100000001
2026-07-05 12:25:43.503,1783225543.503615141,378.510288217,1,1,378.364078497,1,0.005426676,5,1,0.001161017,5,1,0,1,0,0,1,1,1,0,1,0,-1.000000000,0.000000000,0.000000000,0.000000000,0,-1.000000000,0,0,0,,0,-1.000000000,,0,0,0.000000000,0.000000000,0,-1.000000000,0,,0,-1.000000000,,0,-1.000000000,0,,1,-0.113160707,-6.483630921,-0.007326126,-0.021978378,1,3.135058641,179.625628680,-0.002442360,-2.769229889,1,-2.864825487,-164.142409454,-0.002442360,2.659828186,1,-0.186350822,-10.677115635,0.007326126,0.422466278,1,1.346240997,77.133927354,-0.036628723,-0.003663063,-0.113542177,-6.505487526,0.000000000,-0.000000000,6.000000000,2.500000000,3.150317430,180.499892894,0.000000000,-2.784898281,2.000000000,0.500000000,-2.867877245,-164.317262297,0.000000000,2.679786205,1.000000000,0.500000000,-0.187495232,-10.742685451,0.000000000,0.430281579,0.500000000,0.200000003,1.346624374,77.155893242,0.000000000,0.000199606,0.000000000,0.100000001
2026-07-05 12:25:44.505,1783225544.504980564,379.511653344,1,1,379.365443624,1,0.005678881,5,1,0.001234971,5,1,0,1,0,0,1,1,1,0,1,0,-1.000000000,0.000000000,0.000000000,0.000000000,0,-1.000000000,0,0,0,,0,-1.000000000,,0,0,0.000000000,0.000000000,0,-1.000000000,0,,0,-1.000000000,,0,-1.000000000,0,,1,-0.113160707,-6.483630921,-0.007326126,-0.026862144,1,3.135058641,179.625628680,-0.002442360,-2.769229889,1,-2.864825487,-164.142409454,0.002442360,2.659828186,1,-0.186350822,-10.677115635,-0.007326126,0.422466278,1,1.346240997,77.133927354,-0.036628723,-0.003663063,-0.113542177,-6.505487526,0.000000000,-0.000000000,6.000000000,2.500000000,3.150317430,180.499892894,0.000000000,-2.784898281,2.000000000,0.500000000,-2.867877245,-164.317262297,0.000000000,2.679786205,1.000000000,0.500000000,-0.187495232,-10.742685451,0.000000000,0.430281579,0.500000000,0.200000003,1.346624374,77.155893242,0.000000000,0.000199606,0.000000000,0.100000001
2026-07-05 12:25:45.506,1783225545.506385565,380.513058625,1,1,380.366848905,1,0.005861337,5,1,0.001229155,5,1,0,1,0,0,1,1,1,0,1,0,-1.000000000,0.000000000,0.000000000,0.000000000,0,-1.000000000,0,0,0,,0,-1.000000000,,0,0,0.000000000,0.000000000,0,-1.000000000,0,,0,-1.000000000,,0,-1.000000000,0,,1,-0.113160707,-6.483630921,0.007326126,-0.026862144,1,3.135058641,179.625628680,0.002442360,-2.769229889,1,-2.865206957,-164.164266060,-0.002442360,2.659828186,1,-0.186350822,-10.677115635,-0.007326126,0.422466278,1,1.346240997,77.133927354,-0.036628723,-0.003663063,-0.113542177,-6.505487526,0.000000000,-0.000000000,6.000000000,2.500000000,3.150317430,180.499892894,0.000000000,-2.784898281,2.000000000,0.500000000,-2.867877245,-164.317262297,0.000000000,2.679786205,1.000000000,0.500000000,-0.187495232,-10.742685451,0.000000000,0.430281579,0.500000000,0.200000003,1.346624374,77.155893242,0.000000000,0.000199606,0.000000000,0.100000001
2026-07-05 12:25:46.507,1783225546.507634163,381.514306988,1,1,381.368097268,1,0.005170925,5,1,0.000885228,5,1,0,1,0,0,1,1,1,0,1,0,-1.000000000,0.000000000,0.000000000,0.000000000,0,-1.000000000,0,0,0,,0,-1.000000000,,0,0,0.000000000,0.000000000,0,-1.000000000,0,,0,-1.000000000,,0,-1.000000000,0,,1,-0.113160707,-6.483630921,-0.021978378,-0.026862144,1,3.135058641,179.625628680,-0.007326126,-2.769229889,1,-2.865206957,-164.164266060,-0.002442360,2.659828186,1,-0.186350822,-10.677115635,-0.007326126,0.422466278,1,1.346240997,77.133927354,-0.012210846,-0.003663063,-0.113542177,-6.505487526,0.000000000,-0.000000000,6.000000000,2.500000000,3.150317430,180.499892894,0.000000000,-2.784898281,2.000000000,0.500000000,-2.867877245,-164.317262297,0.000000000,2.679786205,1.000000000,0.500000000,-0.187495232,-10.742685451,0.000000000,0.430281579,0.500000000,0.200000003,1.346624374,77.155893242,0.000000000,0.000199606,0.000000000,0.100000001
2026-07-05 12:25:47.508,1783225547.508798361,382.515471320,1,1,382.369261600,1,0.004848943,5,1,0.001240947,5,1,0,1,0,0,1,1,1,0,1,0,-1.000000000,0.000000000,0.000000000,0.000000000,0,-1.000000000,0,0,0,,0,-1.000000000,,0,0,0.000000000,0.000000000,0,-1.000000000,0,,0,-1.000000000,,0,-1.000000000,0,,1,-0.113160707,-6.483630921,0.007326126,-0.026862144,1,3.135058641,179.625628680,-0.002442360,-2.769229889,1,-2.865206957,-164.164266060,-0.002442360,2.659828186,1,-0.186350822,-10.677115635,-0.007326126,0.422466278,1,1.346240997,77.133927354,-0.012210846,-0.003663063,-0.113542177,-6.505487526,0.000000000,-0.000000000,6.000000000,2.500000000,3.150317430,180.499892894,0.000000000,-2.784898281,2.000000000,0.500000000,-2.867877245,-164.317262297,0.000000000,2.679786205,1.000000000,0.500000000,-0.187495232,-10.742685451,0.000000000,0.430281579,0.500000000,0.200000003,1.346624374,77.155893242,0.000000000,0.000199606,0.000000000,0.100000001
2026-07-05 12:25:48.510,1783225548.509985685,383.516658754,1,1,383.370449034,1,0.005363764,5,1,0.001147403,5,1,0,1,0,0,1,1,1,0,1,0,-1.000000000,0.000000000,0.000000000,0.000000000,0,-1.000000000,0,0,0,,0,-1.000000000,,0,0,0.000000000,0.000000000,0,-1.000000000,0,,0,-1.000000000,,0,-1.000000000,0,,1,-0.113160707,-6.483630921,-0.021978378,-0.031745911,1,3.135058641,179.625628680,-0.007326126,-2.769229889,1,-2.865206957,-164.164266060,-0.002442360,2.659828186,1,-0.186350822,-10.677115635,-0.007326126,0.422466278,1,1.346240997,77.133927354,-0.012210846,-0.003663063,-0.113542177,-6.505487526,0.000000000,-0.000000000,6.000000000,2.500000000,3.150317430,180.499892894,0.000000000,-2.784898281,2.000000000,0.500000000,-2.867877245,-164.317262297,0.000000000,2.679786205,1.000000000,0.500000000,-0.187495232,-10.742685451,0.000000000,0.430281579,0.500000000,0.200000003,1.346624374,77.155893242,0.000000000,0.000199606,0.000000000,0.100000001
2026-07-05 12:25:49.511,1783225549.511069536,384.517742368,1,1,384.371532648,1,0.005229059,5,1,0.001227325,5,1,0,1,0,0,1,1,1,0,1,0,-1.000000000,0.000000000,0.000000000,0.000000000,0,-1.000000000,0,0,0,,0,-1.000000000,,0,0,0.000000000,0.000000000,0,-1.000000000,0,,0,-1.000000000,,0,-1.000000000,0,,1,-0.113160707,-6.483630921,-0.007326126,-0.031745911,1,3.135058641,179.625628680,-0.002442360,-2.769229889,1,-2.865206957,-164.164266060,-0.002442360,2.659828186,1,-0.186350822,-10.677115635,-0.007326126,0.422466278,1,1.346240997,77.133927354,-0.012210846,-0.003663063,-0.113542177,-6.505487526,0.000000000,-0.000000000,6.000000000,2.500000000,3.150317430,180.499892894,0.000000000,-2.784898281,2.000000000,0.500000000,-2.867877245,-164.317262297,0.000000000,2.679786205,1.000000000,0.500000000,-0.187495232,-10.742685451,0.000000000,0.430281579,0.500000000,0.200000003,1.346624374,77.155893242,0.000000000,0.000199606,0.000000000,0.100000001
2026-07-05 12:25:50.512,1783225550.512182951,385.518855971,1,1,385.372646251,1,0.005696927,5,1,0.001294137,5,1,0,1,0,0,1,1,1,0,1,0,-1.000000000,0.000000000,0.000000000,0.000000000,0,-1.000000000,0,0,0,,0,-1.000000000,,0,0,0.000000000,0.000000000,0,-1.000000000,0,,0,-1.000000000,,0,-1.000000000,0,,1,-0.113160707,-6.483630921,-0.007326126,-0.026862144,1,3.135058641,179.625628680,-0.002442360,-2.769229889,1,-2.865206957,-164.164266060,-0.002442360,2.659828186,1,-0.186350822,-10.677115635,-0.007326126,0.422466278,1,1.346240997,77.133927354,0.012210846,-0.006104946,-0.113542177,-6.505487526,0.000000000,-0.000000000,6.000000000,2.500000000,3.150317430,180.499892894,0.000000000,-2.784898281,2.000000000,0.500000000,-2.867877245,-164.317262297,0.000000000,2.679786205,1.000000000,0.500000000,-0.187495232,-10.742685451,0.000000000,0.430281579,0.500000000,0.200000003,1.346624374,77.155893242,0.000000000,0.000199606,0.000000000,0.100000001
2026-07-05 12:25:51.513,1783225551.513220072,386.519893015,1,1,386.373683295,1,0.005667247,5,1,0.001264849,5,1,0,1,0,0,1,1,1,0,1,0,-1.000000000,0.000000000,0.000000000,0.000000000,0,-1.000000000,0,0,0,,0,-1.000000000,,0,0,0.000000000,0.000000000,0,-1.000000000,0,,0,-1.000000000,,0,-1.000000000,0,,1,-0.113160707,-6.483630921,-0.007326126,-0.026862144,1,3.135058641,179.625628680,-0.002442360,-2.769229889,1,-2.865206957,-164.164266060,-0.002442360,2.659828186,1,-0.186350822,-10.677115635,0.007326126,0.422466278,1,1.346240997,77.133927354,0.012210846,-0.003663063,-0.113542177,-6.505487526,0.000000000,-0.000000000,6.000000000,2.500000000,3.150317430,180.499892894,0.000000000,-2.784898281,2.000000000,0.500000000,-2.867877245,-164.317262297,0.000000000,2.679786205,1.000000000,0.500000000,-0.187495232,-10.742685451,0.000000000,0.430281579,0.500000000,0.200000003,1.346624374,77.155893242,0.000000000,0.000199606,0.000000000,0.100000001
2026-07-05 12:25:52.514,1783225552.514180183,387.520853008,1,1,387.374643288,1,0.005555499,5,1,0.000843694,5,1,0,1,0,0,1,1,1,0,1,0,-1.000000000,0.000000000,0.000000000,0.000000000,0,-1.000000000,0,0,0,,0,-1.000000000,,0,0,0.000000000,0.000000000,0,-1.000000000,0,,0,-1.000000000,,0,-1.000000000,0,,1,-0.113160707,-6.483630921,-0.007326126,-0.026862144,1,3.135058641,179.625628680,-0.002442360,-2.782905579,1,-2.864825487,-164.142409454,-0.002442360,2.659828186,1,-0.186350822,-10.677115635,-0.007326126,0.427350044,1,1.346240997,77.133927354,-0.012210846,-0.003663063,-0.113542177,-6.505487526,0.000000000,-0.000000000,6.000000000,2.500000000,3.150317430,180.499892894,0.000000000,-2.784898281,2.000000000,0.500000000,-2.867877245,-164.317262297,0.000000000,2.679786205,1.000000000,0.500000000,-0.187495232,-10.742685451,0.000000000,0.430281579,0.500000000,0.200000003,1.346624374,77.155893242,0.000000000,0.000199606,0.000000000,0.100000001
2026-07-05 12:25:53.515,1783225553.515152454,388.521825194,1,1,388.375615474,1,0.005431497,5,1,0.001165817,5,1,0,1,0,0,1,1,1,0,1,0,-1.000000000,0.000000000,0.000000000,0.000000000,0,-1.000000000,0,0,0,,0,-1.000000000,,0,0,0.000000000,0.000000000,0,-1.000000000,0,,0,-1.000000000,,0,-1.000000000,0,,1,-0.113160707,-6.483630921,-0.007326126,-0.026862144,1,3.135058641,179.625628680,-0.002442360,-2.769229889,1,-2.864825487,-164.142409454,-0.002442360,2.659828186,1,-0.186350822,-10.677115635,-0.007326126,0.422466278,1,1.346240997,77.133927354,-0.012210846,-0.003663063,-0.113542177,-6.505487526,0.000000000,-0.000000000,6.000000000,2.500000000,3.150317430,180.499892894,0.000000000,-2.784898281,2.000000000,0.500000000,-2.867877245,-164.317262297,0.000000000,2.679786205,1.000000000,0.500000000,-0.187495232,-10.742685451,0.000000000,0.430281579,0.500000000,0.200000003,1.346624374,77.155893242,0.000000000,0.000199606,0.000000000,0.100000001
2026-07-05 12:25:54.516,1783225554.516056061,389.522728955,1,1,389.376519235,1,0.005179473,5,1,0.000584787,5,1,0,1,0,0,1,1,1,0,1,0,-1.000000000,0.000000000,0.000000000,0.000000000,0,-1.000000000,0,0,0,,0,-1.000000000,,0,0,0.000000000,0.000000000,0,-1.000000000,0,,0,-1.000000000,,0,-1.000000000,0,,1,-0.113160707,-6.483630921,0.007326126,-0.021978378,1,3.135058641,179.625628680,-0.002442360,-2.782905579,1,-2.865206957,-164.164266060,-0.002442360,2.659828186,1,-0.186350822,-10.677115635,-0.021978378,0.422466278,1,1.346624374,77.155893242,0.012210846,-0.003663063,-0.113542177,-6.505487526,0.000000000,-0.000000000,6.000000000,2.500000000,3.150317430,180.499892894,0.000000000,-2.784898281,2.000000000,0.500000000,-2.867877245,-164.317262297,0.000000000,2.679786205,1.000000000,0.500000000,-0.187495232,-10.742685451,0.000000000,0.430281579,0.500000000,0.200000003,1.346624374,77.155893242,0.000000000,0.000199606,0.000000000,0.100000001
2026-07-05 12:25:55.517,1783225555.516975403,390.523648204,1,1,390.377438484,1,0.005636144,5,1,0.001245906,5,1,0,1,0,0,1,1,1,0,1,0,-1.000000000,0.000000000,0.000000000,0.000000000,0,-1.000000000,0,0,0,,0,-1.000000000,,0,0,0.000000000,0.000000000,0,-1.000000000,0,,0,-1.000000000,,0,-1.000000000,0,,1,-0.113160707,-6.483630921,-0.007326126,-0.021978378,1,3.135058641,179.625628680,-0.002442360,-2.782905579,1,-2.864825487,-164.142409454,-0.002442360,2.659828186,1,-0.186350822,-10.677115635,0.007326126,0.422466278,1,1.346624374,77.155893242,-0.012210846,-0.003663063,-0.113542177,-6.505487526,0.000000000,-0.000000000,6.000000000,2.500000000,3.150317430,180.499892894,0.000000000,-2.784898281,2.000000000,0.500000000,-2.867877245,-164.317262297,0.000000000,2.679786205,1.000000000,0.500000000,-0.187495232,-10.742685451,0.000000000,0.430281579,0.500000000,0.200000003,1.346624374,77.155893242,0.000000000,0.000199606,0.000000000,0.100000001
2026-07-05 12:25:56.517,1783225556.517823696,391.524496758,1,1,391.378287038,1,0.005243148,5,1,0.001178347,5,1,0,1,0,0,1,1,1,0,1,0,-1.000000000,0.000000000,0.000000000,0.000000000,0,-1.000000000,0,0,0,,0,-1.000000000,,0,0,0.000000000,0.000000000,0,-1.000000000,0,,0,-1.000000000,,0,-1.000000000,0,,1,-0.113160707,-6.483630921,-0.021978378,-0.021978378,1,3.135058641,179.625628680,-0.002442360,-2.782905579,1,-2.865206957,-164.164266060,-0.002442360,2.673503876,1,-0.186350822,-10.677115635,-0.007326126,0.422466278,1,1.346240997,77.133927354,-0.036628723,-0.003663063,-0.113542177,-6.505487526,0.000000000,-0.000000000,6.000000000,2.500000000,3.150317430,180.499892894,0.000000000,-2.784898281,2.000000000,0.500000000,-2.867877245,-164.317262297,0.000000000,2.679786205,1.000000000,0.500000000,-0.187495232,-10.742685451,0.000000000,0.430281579,0.500000000,0.200000003,1.346624374,77.155893242,0.000000000,0.000199606,0.000000000,0.100000001
2026-07-05 12:25:57.518,1783225557.518639088,392.525312109,1,1,392.379102389,1,0.005762021,5,1,0.001251199,5,1,0,1,0,0,1,1,1,0,1,0,-1.000000000,0.000000000,0.000000000,0.000000000,0,-1.000000000,0,0,0,,0,-1.000000000,,0,0,0.000000000,0.000000000,0,-1.000000000,0,,0,-1.000000000,,0,-1.000000000,0,,1,-0.113160707,-6.483630921,-0.007326126,-0.026862144,1,3.135058641,179.625628680,-0.002442360,-2.782905579,1,-2.864825487,-164.142409454,-0.002442360,2.659828186,1,-0.186350822,-10.677115635,-0.007326126,0.422466278,1,1.346240997,77.133927354,-0.012210846,-0.003663063,-0.113542177,-6.505487526,0.000000000,-0.000000000,6.000000000,2.500000000,3.150317430,180.499892894,0.000000000,-2.784898281,2.000000000,0.500000000,-2.867877245,-164.317262297,0.000000000,2.679786205,1.000000000,0.500000000,-0.187495232,-10.742685451,0.000000000,0.430281579,0.500000000,0.200000003,1.346624374,77.155893242,0.000000000,0.000199606,0.000000000,0.100000001
2026-07-05 12:25:58.519,1783225558.519467115,393.526139904,1,1,393.379930184,1,0.005540044,5,1,0.001211959,5,1,0,1,0,0,1,1,1,0,1,0,-1.000000000,0.000000000,0.000000000,0.000000000,0,-1.000000000,0,0,0,,0,-1.000000000,,0,0,0.000000000,0.000000000,0,-1.000000000,0,,0,-1.000000000,,0,-1.000000000,0,,1,-0.113160707,-6.483630921,-0.021978378,-0.026862144,1,3.135058641,179.625628680,-0.002442360,-2.782905579,1,-2.864825487,-164.142409454,-0.002442360,2.659828186,1,-0.186350822,-10.677115635,-0.007326126,0.422466278,1,1.346240997,77.133927354,-0.012210846,-0.003663063,-0.113542177,-6.505487526,0.000000000,-0.000000000,6.000000000,2.500000000,3.150317430,180.499892894,0.000000000,-2.784898281,2.000000000,0.500000000,-2.867877245,-164.317262297,0.000000000,2.679786205,1.000000000,0.500000000,-0.187495232,-10.742685451,0.000000000,0.430281579,0.500000000,0.200000003,1.346624374,77.155893242,0.000000000,0.000199606,0.000000000,0.100000001
2026-07-05 12:25:59.520,1783225559.520243645,394.526916578,1,1,394.380706858,1,0.005654908,5,1,0.001025832,5,1,0,1,0,0,1,1,1,0,1,0,-1.000000000,0.000000000,0.000000000,0.000000000,0,-1.000000000,0,0,0,,0,-1.000000000,,0,0,0.000000000,0.000000000,0,-1.000000000,0,,0,-1.000000000,,0,-1.000000000,0,,1,-0.113160707,-6.483630921,-0.007326126,-0.026862144,1,3.135058641,179.625628680,-0.002442360,-2.769229889,1,-2.864825487,-164.142409454,-0.002442360,2.659828186,1,-0.186350822,-10.677115635,0.007326126,0.422466278,1,1.346240997,77.133927354,-0.036628723,-0.003663063,-0.113542177,-6.505487526,0.000000000,-0.000000000,6.000000000,2.500000000,3.150317430,180.499892894,0.000000000,-2.784898281,2.000000000,0.500000000,-2.867877245,-164.317262297,0.000000000,2.679786205,1.000000000,0.500000000,-0.187495232,-10.742685451,0.000000000,0.430281579,0.500000000,0.200000003,1.346624374,77.155893242,0.000000000,0.000199606,0.000000000,0.100000001
2026-07-05 12:26:00.521,1783225560.521045923,395.527718951,1,1,395.381509231,1,0.005596860,5,1,0.000879169,5,1,0,1,0,0,1,1,1,0,1,0,-1.000000000,0.000000000,0.000000000,0.000000000,0,-1.000000000,0,0,0,,0,-1.000000000,,0,0,0.000000000,0.000000000,0,-1.000000000,0,,0,-1.000000000,,0,-1.000000000,0,,1,-0.113160707,-6.483630921,-0.007326126,-0.026862144,1,3.135058641,179.625628680,-0.002442360,-2.769229889,1,-2.865206957,-164.164266060,-0.002442360,2.659828186,1,-0.186350822,-10.677115635,0.007326126,0.422466278,1,1.346240997,77.133927354,-0.012210846,-0.003663063,-0.113542177,-6.505487526,0.000000000,-0.000000000,6.000000000,2.500000000,3.150317430,180.499892894,0.000000000,-2.784898281,2.000000000,0.500000000,-2.867877245,-164.317262297,0.000000000,2.679786205,1.000000000,0.500000000,-0.187495232,-10.742685451,0.000000000,0.430281579,0.500000000,0.200000003,1.346624374,77.155893242,0.000000000,0.000199606,0.000000000,0.100000001
2026-07-05 12:26:01.522,1783225561.521784306,396.528457218,1,1,396.382247498,1,0.004720756,5,1,0.000685342,5,1,0,1,0,0,1,1,1,0,1,0,-1.000000000,0.000000000,0.000000000,0.000000000,0,-1.000000000,0,0,0,,0,-1.000000000,,0,0,0.000000000,0.000000000,0,-1.000000000,0,,0,-1.000000000,,0,-1.000000000,0,,1,-0.113160707,-6.483630921,0.007326126,-0.021978378,1,3.135058641,179.625628680,-0.002442360,-2.769229889,1,-2.864825487,-164.142409454,-0.002442360,2.659828186,1,-0.186350822,-10.677115635,-0.007326126,0.422466278,1,1.346240997,77.133927354,-0.012210846,-0.003663063,-0.113542177,-6.505487526,0.000000000,-0.000000000,6.000000000,2.500000000,3.150317430,180.499892894,0.000000000,-2.784898281,2.000000000,0.500000000,-2.867877245,-164.317262297,0.000000000,2.679786205,1.000000000,0.500000000,-0.187495232,-10.742685451,0.000000000,0.430281579,0.500000000,0.200000003,1.346624374,77.155893242,0.000000000,0.000199606,0.000000000,0.100000001
2026-07-05 12:26:02.522,1783225562.522472858,397.529145887,1,1,397.382936167,1,0.004819145,5,1,0.001121257,5,1,0,1,0,0,1,1,1,0,1,0,-1.000000000,0.000000000,0.000000000,0.000000000,0,-1.000000000,0,0,0,,0,-1.000000000,,0,0,0.000000000,0.000000000,0,-1.000000000,0,,0,-1.000000000,,0,-1.000000000,0,,1,-0.113542177,-6.505487526,-0.036630630,-0.031745911,1,3.135058641,179.625628680,-0.002442360,-2.769229889,1,-2.865206957,-164.164266060,-0.002442360,2.659828186,1,-0.186350822,-10.677115635,-0.007326126,0.422466278,1,1.346624374,77.155893242,0.012210846,-0.003663063,-0.113542177,-6.505487526,0.000000000,-0.000000000,6.000000000,2.500000000,3.150317430,180.499892894,0.000000000,-2.784898281,2.000000000,0.500000000,-2.867877245,-164.317262297,0.000000000,2.679786205,1.000000000,0.500000000,-0.187495232,-10.742685451,0.000000000,0.430281579,0.500000000,0.200000003,1.346624374,77.155893242,0.000000000,0.000199606,0.000000000,0.100000001
2026-07-05 12:26:03.523,1783225563.523179770,398.529852665,1,1,398.383642945,1,0.005645064,5,1,0.000560449,5,1,0,1,0,0,1,1,1,0,1,0,-1.000000000,0.000000000,0.000000000,0.000000000,0,-1.000000000,0,0,0,,0,-1.000000000,,0,0,0.000000000,0.000000000,0,-1.000000000,0,,0,-1.000000000,,0,-1.000000000,0,,1,-0.113160707,-6.483630921,-0.007326126,-0.021978378,1,3.135058641,179.625628680,0.002442360,-2.782905579,1,-2.864825487,-164.142409454,-0.002442360,2.659828186,1,-0.186350822,-10.677115635,-0.021978378,0.422466278,1,1.346624374,77.155893242,-0.012210846,-0.003663063,-0.113542177,-6.505487526,0.000000000,-0.000000000,6.000000000,2.500000000,3.150317430,180.499892894,0.000000000,-2.784898281,2.000000000,0.500000000,-2.867877245,-164.317262297,0.000000000,2.679786205,1.000000000,0.500000000,-0.187495232,-10.742685451,0.000000000,0.430281579,0.500000000,0.200000003,1.346624374,77.155893242,0.000000000,0.000199606,0.000000000,0.100000001
2026-07-05 12:26:04.524,1783225564.523895979,399.530568907,1,1,399.384359187,1,0.004805029,5,1,0.001097630,5,1,0,1,0,0,1,1,1,0,1,0,-1.000000000,0.000000000,0.000000000,0.000000000,0,-1.000000000,0,0,0,,0,-1.000000000,,0,0,0.000000000,0.000000000,0,-1.000000000,0,,0,-1.000000000,,0,-1.000000000,0,,1,-0.113160707,-6.483630921,-0.007326126,-0.026862144,1,3.135058641,179.625628680,-0.002442360,-2.769229889,1,-2.865206957,-164.164266060,-0.002442360,2.659828186,1,-0.186350822,-10.677115635,-0.021978378,0.422466278,1,1.346624374,77.155893242,-0.036628723,-0.003663063,-0.113542177,-6.505487526,0.000000000,-0.000000000,6.000000000,2.500000000,3.150317430,180.499892894,0.000000000,-2.784898281,2.000000000,0.500000000,-2.867877245,-164.317262297,0.000000000,2.679786205,1.000000000,0.500000000,-0.187495232,-10.742685451,0.000000000,0.430281579,0.500000000,0.200000003,1.346624374,77.155893242,0.000000000,0.000199606,0.000000000,0.100000001
2026-07-05 12:26:05.524,1783225565.524530411,400.531203459,1,1,400.384993739,1,0.005314740,5,1,0.001029384,5,1,0,1,0,0,1,1,1,0,1,0,-1.000000000,0.000000000,0.000000000,0.000000000,0,-1.000000000,0,0,0,,0,-1.000000000,,0,0,0.000000000,0.000000000,0,-1.000000000,0,,0,-1.000000000,,0,-1.000000000,0,,1,-0.113160707,-6.483630921,-0.007326126,-0.026862144,1,3.135058641,179.625628680,-0.002442360,-2.769229889,1,-2.865206957,-164.164266060,-0.002442360,2.659828186,1,-0.186350822,-10.677115635,0.007326126,0.422466278,1,1.346240997,77.133927354,0.012210846,-0.003663063,-0.113542177,-6.505487526,0.000000000,-0.000000000,6.000000000,2.500000000,3.150317430,180.499892894,0.000000000,-2.784898281,2.000000000,0.500000000,-2.867877245,-164.317262297,0.000000000,2.679786205,1.000000000,0.500000000,-0.187495232,-10.742685451,0.000000000,0.430281579,0.500000000,0.200000003,1.346624374,77.155893242,0.000000000,0.000199606,0.000000000,0.100000001
2026-07-05 12:26:06.525,1783225566.525240660,401.531913496,1,1,401.385703776,1,0.005593678,5,1,0.001149753,5,1,0,1,0,0,1,1,1,0,1,0,-1.000000000,0.000000000,0.000000000,0.000000000,0,-1.000000000,0,0,0,,0,-1.000000000,,0,0,0.000000000,0.000000000,0,-1.000000000,0,,0,-1.000000000,,0,-1.000000000,0,,1,-0.113160707,-6.483630921,-0.007326126,-0.026862144,1,3.135058641,179.625628680,-0.002442360,-2.782905579,1,-2.865206957,-164.164266060,-0.002442360,2.659828186,1,-0.186350822,-10.677115635,-0.007326126,0.422466278,1,1.346240997,77.133927354,0.012210846,-0.003663063,-0.113542177,-6.505487526,0.000000000,-0.000000000,6.000000000,2.500000000,3.150317430,180.499892894,0.000000000,-2.784898281,2.000000000,0.500000000,-2.867877245,-164.317262297,0.000000000,2.679786205,1.000000000,0.500000000,-0.187495232,-10.742685451,0.000000000,0.430281579,0.500000000,0.200000003,1.346624374,77.155893242,0.000000000,0.000199606,0.000000000,0.100000001
2026-07-05 12:26:07.525,1783225567.525799751,402.532472585,1,1,402.386262865,1,0.005697028,5,1,0.001312201,5,1,0,1,0,0,1,1,1,0,1,0,-1.000000000,0.000000000,0.000000000,0.000000000,0,-1.000000000,0,0,0,,0,-1.000000000,,0,0,0.000000000,0.000000000,0,-1.000000000,0,,0,-1.000000000,,0,-1.000000000,0,,1,-0.113160707,-6.483630921,-0.007326126,-0.021978378,1,3.135058641,179.625628680,0.002442360,-2.769229889,1,-2.864825487,-164.142409454,-0.002442360,2.659828186,1,-0.186350822,-10.677115635,-0.007326126,0.422466278,1,1.346240997,77.133927354,-0.036628723,-0.003663063,-0.113542177,-6.505487526,0.000000000,-0.000000000,6.000000000,2.500000000,3.150317430,180.499892894,0.000000000,-2.784898281,2.000000000,0.500000000,-2.867877245,-164.317262297,0.000000000,2.679786205,1.000000000,0.500000000,-0.187495232,-10.742685451,0.000000000,0.430281579,0.500000000,0.200000003,1.346624374,77.155893242,0.000000000,0.000199606,0.000000000,0.100000001
2026-07-05 12:26:08.526,1783225568.526547909,403.533220844,1,1,403.387011124,1,0.005396616,5,1,0.001286779,5,1,0,1,0,0,1,1,1,0,1,0,-1.000000000,0.000000000,0.000000000,0.000000000,0,-1.000000000,0,0,0,,0,-1.000000000,,0,0,0.000000000,0.000000000,0,-1.000000000,0,,0,-1.000000000,,0,-1.000000000,0,,1,-0.113160707,-6.483630921,-0.007326126,-0.026862144,1,3.135058641,179.625628680,-0.002442360,-2.769229889,1,-2.865206957,-164.164266060,-0.002442360,2.659828186,1,-0.186350822,-10.677115635,-0.021978378,0.417582512,1,1.346240997,77.133927354,-0.036628723,-0.003663063,-0.113542177,-6.505487526,0.000000000,-0.000000000,6.000000000,2.500000000,3.150317430,180.499892894,0.000000000,-2.784898281,2.000000000,0.500000000,-2.867877245,-164.317262297,0.000000000,2.679786205,1.000000000,0.500000000,-0.187495232,-10.742685451,0.000000000,0.430281579,0.500000000,0.200000003,1.346624374,77.155893242,0.000000000,0.000199606,0.000000000,0.100000001
2026-07-05 12:26:09.527,1783225569.527069807,404.533742604,1,1,404.387532884,1,0.005125726,5,1,0.000930813,5,1,0,1,0,0,1,1,1,0,1,0,-1.000000000,0.000000000,0.000000000,0.000000000,0,-1.000000000,0,0,0,,0,-1.000000000,,0,0,0.000000000,0.000000000,0,-1.000000000,0,,0,-1.000000000,,0,-1.000000000,0,,1,-0.113160707,-6.483630921,0.007326126,-0.026862144,1,3.135058641,179.625628680,0.002442360,-2.782905579,1,-2.865206957,-164.164266060,-0.007326126,2.659828186,1,-0.186350822,-10.677115635,-0.007326126,0.422466278,1,1.346240997,77.133927354,-0.036628723,-0.003663063,-0.113542177,-6.505487526,0.000000000,-0.000000000,6.000000000,2.500000000,3.150317430,180.499892894,0.000000000,-2.784898281,2.000000000,0.500000000,-2.867877245,-164.317262297,0.000000000,2.679786205,1.000000000,0.500000000,-0.187495232,-10.742685451,0.000000000,0.430281579,0.500000000,0.200000003,1.346624374,77.155893242,0.000000000,0.000199606,0.000000000,0.100000001
2026-07-05 12:26:10.527,1783225570.527682543,405.534355536,1,1,405.388145816,1,0.004849874,5,1,0.000840338,5,1,0,1,0,0,1,1,1,0,1,0,-1.000000000,0.000000000,0.000000000,0.000000000,0,-1.000000000,0,0,0,,0,-1.000000000,,0,0,0.000000000,0.000000000,0,-1.000000000,0,,0,-1.000000000,,0,-1.000000000,0,,1,-0.113160707,-6.483630921,-0.007326126,-0.026862144,1,3.135058641,179.625628680,-0.002442360,-2.769229889,1,-2.865206957,-164.164266060,-0.002442360,2.659828186,1,-0.186350822,-10.677115635,-0.007326126,0.422466278,1,1.346624374,77.155893242,0.012210846,-0.003663063,-0.113542177,-6.505487526,0.000000000,-0.000000000,6.000000000,2.500000000,3.150317430,180.499892894,0.000000000,-2.784898281,2.000000000,0.500000000,-2.867877245,-164.317262297,0.000000000,2.679786205,1.000000000,0.500000000,-0.187495232,-10.742685451,0.000000000,0.430281579,0.500000000,0.200000003,1.346624374,77.155893242,0.000000000,0.000199606,0.000000000,0.100000001
2026-07-05 12:26:11.528,1783225571.528298855,406.534971799,1,1,406.388762079,1,0.005380943,5,1,0.720595583,5,1,0,1,0,0,1,1,1,0,1,0,-1.000000000,0.000000000,0.000000000,0.000000000,0,-1.000000000,0,0,0,,0,-1.000000000,,0,0,0.000000000,0.000000000,0,-1.000000000,0,,0,-1.000000000,,0,-1.000000000,0,,1,-0.113160707,-6.483630921,-0.007326126,-0.026862144,1,3.135058641,179.625628680,-0.002442360,-2.769229889,1,-2.864825487,-164.142409454,-0.002442360,2.659828186,1,-0.186350822,-10.677115635,-0.007326126,0.422466278,1,1.346240997,77.133927354,0.012210846,-0.003663063,-0.113542177,-6.505487526,0.000000000,-0.000000000,6.000000000,2.500000000,3.150317430,180.499892894,0.000000000,-2.784898281,2.000000000,0.500000000,-2.867877245,-164.317262297,0.000000000,2.679786205,1.000000000,0.500000000,-0.187495232,-10.742685451,0.000000000,0.430281579,0.500000000,0.200000003,1.346624374,77.155893242,0.000000000,0.000199606,0.000000000,0.100000001
2026-07-05 12:26:12.529,1783225572.528856516,407.535529507,1,1,407.389319787,1,0.005332711,5,1,0.001172969,5,1,0,1,0,0,1,1,1,0,1,0,-1.000000000,0.000000000,0.000000000,0.000000000,0,-1.000000000,0,0,0,,0,-1.000000000,,0,0,0.000000000,0.000000000,0,-1.000000000,0,,0,-1.000000000,,0,-1.000000000,0,,1,-0.113160707,-6.483630921,0.007326126,-0.026862144,1,3.135058641,179.625628680,-0.002442360,-2.769229889,1,-2.864825487,-164.142409454,-0.002442360,2.659828186,1,-0.186350822,-10.677115635,-0.007326126,0.422466278,1,1.346624374,77.155893242,0.012210846,-0.003663063,-0.113542177,-6.505487526,0.000000000,-0.000000000,6.000000000,2.500000000,3.150317430,180.499892894,0.000000000,-2.784898281,2.000000000,0.500000000,-2.867877245,-164.317262297,0.000000000,2.679786205,1.000000000,0.500000000,-0.187495232,-10.742685451,0.000000000,0.430281579,0.500000000,0.200000003,1.346624374,77.155893242,0.000000000,0.000199606,0.000000000,0.100000001
2026-07-05 12:26:13.529,1783225573.529437542,408.536110246,1,1,408.389900526,1,0.004410064,5,1,0.000711259,5,1,0,1,0,0,1,1,1,0,1,0,-1.000000000,0.000000000,0.000000000,0.000000000,0,-1.000000000,0,0,0,,0,-1.000000000,,0,0,0.000000000,0.000000000,0,-1.000000000,0,,0,-1.000000000,,0,-1.000000000,0,,1,-0.113160707,-6.483630921,-0.007326126,-0.026862144,1,3.135058641,179.625628680,-0.002442360,-2.769229889,1,-2.864825487,-164.142409454,-0.002442360,2.659828186,1,-0.186350822,-10.677115635,-0.007326126,0.422466278,1,1.346240997,77.133927354,-0.012210846,-0.003663063,-0.113542177,-6.505487526,0.000000000,-0.000000000,6.000000000,2.500000000,3.150317430,180.499892894,0.000000000,-2.784898281,2.000000000,0.500000000,-2.867877245,-164.317262297,0.000000000,2.679786205,1.000000000,0.500000000,-0.187495232,-10.742685451,0.000000000,0.430281579,0.500000000,0.200000003,1.346624374,77.155893242,0.000000000,0.000199606,0.000000000,0.100000001
2026-07-05 12:26:14.530,1783225574.529950380,409.536623431,1,1,409.390413711,1,0.005697547,5,1,0.000964363,5,1,0,1,0,0,1,1,1,0,1,0,-1.000000000,0.000000000,0.000000000,0.000000000,0,-1.000000000,0,0,0,,0,-1.000000000,,0,0,0.000000000,0.000000000,0,-1.000000000,0,,0,-1.000000000,,0,-1.000000000,0,,1,-0.113160707,-6.483630921,-0.007326126,-0.021978378,1,3.135058641,179.625628680,-0.002442360,-2.769229889,1,-2.864825487,-164.142409454,-0.007326126,2.659828186,1,-0.186350822,-10.677115635,-0.007326126,0.422466278,1,1.346240997,77.133927354,0.012210846,-0.003663063,-0.113542177,-6.505487526,0.000000000,-0.000000000,6.000000000,2.500000000,3.150317430,180.499892894,0.000000000,-2.784898281,2.000000000,0.500000000,-2.867877245,-164.317262297,0.000000000,2.679786205,1.000000000,0.500000000,-0.187495232,-10.742685451,0.000000000,0.430281579,0.500000000,0.200000003,1.346624374,77.155893242,0.000000000,0.000199606,0.000000000,0.100000001
2026-07-05 12:26:15.530,1783225575.530615807,410.537288654,1,1,410.391078934,1,0.005837748,5,1,0.001277625,5,1,0,1,0,0,1,1,1,0,1,0,-1.000000000,0.000000000,0.000000000,0.000000000,0,-1.000000000,0,0,0,,0,-1.000000000,,0,0,0.000000000,0.000000000,0,-1.000000000,0,,0,-1.000000000,,0,-1.000000000,0,,1,-0.113160707,-6.483630921,-0.007326126,-0.026862144,1,3.135058641,179.625628680,-0.002442360,-2.769229889,1,-2.864825487,-164.142409454,-0.002442360,2.659828186,1,-0.186350822,-10.677115635,-0.007326126,0.422466278,1,1.346240997,77.133927354,0.012210846,-0.003663063,-0.113542177,-6.505487526,0.000000000,-0.000000000,6.000000000,2.500000000,3.150317430,180.499892894,0.000000000,-2.784898281,2.000000000,0.500000000,-2.867877245,-164.317262297,0.000000000,2.679786205,1.000000000,0.500000000,-0.187495232,-10.742685451,0.000000000,0.430281579,0.500000000,0.200000003,1.346624374,77.155893242,0.000000000,0.000199606,0.000000000,0.100000001
2026-07-05 12:26:16.531,1783225576.531091928,411.537765024,1,1,411.391555304,1,0.004341802,5,1,0.001043059,5,1,0,1,0,0,1,1,1,0,1,0,-1.000000000,0.000000000,0.000000000,0.000000000,0,-1.000000000,0,0,0,,0,-1.000000000,,0,0,0.000000000,0.000000000,0,-1.000000000,0,,0,-1.000000000,,0,-1.000000000,0,,1,-0.113160707,-6.483630921,0.007326126,-0.031745911,1,3.135058641,179.625628680,-0.002442360,-2.769229889,1,-2.864825487,-164.142409454,-0.002442360,2.659828186,1,-0.186350822,-10.677115635,-0.021978378,0.422466278,1,1.346240997,77.133927354,-0.036628723,-0.003663063,-0.113542177,-6.505487526,0.000000000,-0.000000000,6.000000000,2.500000000,3.150317430,180.499892894,0.000000000,-2.784898281,2.000000000,0.500000000,-2.867877245,-164.317262297,0.000000000,2.679786205,1.000000000,0.500000000,-0.187495232,-10.742685451,0.000000000,0.430281579,0.500000000,0.200000003,1.346624374,77.155893242,0.000000000,0.000199606,0.000000000,0.100000001
2026-07-05 12:26:17.531,1783225577.531660318,412.538333221,1,1,412.392123501,1,0.004864489,5,1,0.001266794,5,1,0,1,0,0,1,1,1,0,1,0,-1.000000000,0.000000000,0.000000000,0.000000000,0,-1.000000000,0,0,0,,0,-1.000000000,,0,0,0.000000000,0.000000000,0,-1.000000000,0,,0,-1.000000000,,0,-1.000000000,0,,1,-0.113542177,-6.505487526,-0.021978378,-0.026862144,1,3.135058641,179.625628680,-0.002442360,-2.782905579,1,-2.865206957,-164.164266060,0.002442360,2.659828186,1,-0.186350822,-10.677115635,-0.021978378,0.422466278,1,1.346240997,77.133927354,-0.012210846,-0.003663063,-0.113542177,-6.505487526,0.000000000,-0.000000000,6.000000000,2.500000000,3.150317430,180.499892894,0.000000000,-2.784898281,2.000000000,0.500000000,-2.867877245,-164.317262297,0.000000000,2.679786205,1.000000000,0.500000000,-0.187495232,-10.742685451,0.000000000,0.430281579,0.500000000,0.200000003,1.346624374,77.155893242,0.000000000,0.000199606,0.000000000,0.100000001
2026-07-05 12:26:18.532,1783225578.532117367,413.538790187,1,1,413.392580467,1,0.005109179,5,1,0.000909847,5,1,0,1,0,0,1,1,1,0,1,0,-1.000000000,0.000000000,0.000000000,0.000000000,0,-1.000000000,0,0,0,,0,-1.000000000,,0,0,0.000000000,0.000000000,0,-1.000000000,0,,0,-1.000000000,,0,-1.000000000,0,,1,-0.113160707,-6.483630921,-0.007326126,-0.021978378,1,3.135058641,179.625628680,-0.002442360,-2.782905579,1,-2.864825487,-164.142409454,-0.002442360,2.659828186,1,-0.186350822,-10.677115635,-0.007326126,0.422466278,1,1.346240997,77.133927354,0.012210846,-0.003663063,-0.113542177,-6.505487526,0.000000000,-0.000000000,6.000000000,2.500000000,3.150317430,180.499892894,0.000000000,-2.784898281,2.000000000,0.500000000,-2.867877245,-164.317262297,0.000000000,2.679786205,1.000000000,0.500000000,-0.187495232,-10.742685451,0.000000000,0.430281579,0.500000000,0.200000003,1.346624374,77.155893242,0.000000000,0.000199606,0.000000000,0.100000001
2026-07-05 12:26:19.532,1783225579.532640696,414.539313673,1,1,414.393103953,1,0.005481430,5,1,0.001198130,5,1,0,1,0,0,1,1,1,0,1,0,-1.000000000,0.000000000,0.000000000,0.000000000,0,-1.000000000,0,0,0,,0,-1.000000000,,0,0,0.000000000,0.000000000,0,-1.000000000,0,,0,-1.000000000,,0,-1.000000000,0,,1,-0.113160707,-6.483630921,-0.007326126,-0.026862144,1,3.135058641,179.625628680,-0.002442360,-2.769229889,1,-2.865206957,-164.164266060,-0.002442360,2.659828186,1,-0.186350822,-10.677115635,-0.007326126,0.422466278,1,1.346624374,77.155893242,-0.012210846,-0.003663063,-0.113542177,-6.505487526,0.000000000,-0.000000000,6.000000000,2.500000000,3.150317430,180.499892894,0.000000000,-2.784898281,2.000000000,0.500000000,-2.867877245,-164.317262297,0.000000000,2.679786205,1.000000000,0.500000000,-0.187495232,-10.742685451,0.000000000,0.430281579,0.500000000,0.200000003,1.346624374,77.155893242,0.000000000,0.000199606,0.000000000,0.100000001
2026-07-05 12:26:20.533,1783225580.533139706,415.539812721,1,1,415.393603001,1,0.005105345,5,1,0.001073495,5,1,0,1,0,0,1,1,1,0,1,0,-1.000000000,0.000000000,0.000000000,0.000000000,0,-1.000000000,0,0,0,,0,-1.000000000,,0,0,0.000000000,0.000000000,0,-1.000000000,0,,0,-1.000000000,,0,-1.000000000,0,,1,-0.113160707,-6.483630921,-0.007326126,-0.026862144,1,3.135058641,179.625628680,-0.002442360,-2.782905579,1,-2.864825487,-164.142409454,-0.002442360,2.659828186,1,-0.186350822,-10.677115635,-0.007326126,0.422466278,1,1.346240997,77.133927354,-0.036628723,-0.003663063,-0.113542177,-6.505487526,0.000000000,-0.000000000,6.000000000,2.500000000,3.150317430,180.499892894,0.000000000,-2.784898281,2.000000000,0.500000000,-2.867877245,-164.317262297,0.000000000,2.679786205,1.000000000,0.500000000,-0.187495232,-10.742685451,0.000000000,0.430281579,0.500000000,0.200000003,1.346624374,77.155893242,0.000000000,0.000199606,0.000000000,0.100000001
2026-07-05 12:26:21.533,1783225581.533663988,416.540336880,1,1,416.394127160,1,0.005401865,5,1,0.001100014,5,1,0,1,0,0,1,1,1,0,1,0,-1.000000000,0.000000000,0.000000000,0.000000000,0,-1.000000000,0,0,0,,0,-1.000000000,,0,0,0.000000000,0.000000000,0,-1.000000000,0,,0,-1.000000000,,0,-1.000000000,0,,1,-0.113160707,-6.483630921,0.007326126,-0.026862144,1,3.135058641,179.625628680,-0.007326126,-2.769229889,1,-2.864825487,-164.142409454,-0.002442360,2.659828186,1,-0.186350822,-10.677115635,-0.021978378,0.422466278,1,1.346240997,77.133927354,-0.012210846,-0.003663063,-0.113542177,-6.505487526,0.000000000,-0.000000000,6.000000000,2.500000000,3.150317430,180.499892894,0.000000000,-2.784898281,2.000000000,0.500000000,-2.867877245,-164.317262297,0.000000000,2.679786205,1.000000000,0.500000000,-0.187495232,-10.742685451,0.000000000,0.430281579,0.500000000,0.200000003,1.346624374,77.155893242,0.000000000,0.000199606,0.000000000,0.100000001
2026-07-05 12:26:22.534,1783225582.534203291,417.540876279,1,1,417.394666559,1,0.005373624,5,1,0.000319783,5,1,0,1,0,0,1,1,1,0,1,0,-1.000000000,0.000000000,0.000000000,0.000000000,0,-1.000000000,0,0,0,,0,-1.000000000,,0,0,0.000000000,0.000000000,0,-1.000000000,0,,0,-1.000000000,,0,-1.000000000,0,,1,-0.113160707,-6.483630921,-0.021978378,-0.026862144,1,3.135058641,179.625628680,-0.002442360,-2.769229889,1,-2.864825487,-164.142409454,-0.002442360,2.659828186,1,-0.186350822,-10.677115635,-0.007326126,0.422466278,1,1.346624374,77.155893242,0.012210846,-0.003663063,-0.113542177,-6.505487526,0.000000000,-0.000000000,6.000000000,2.500000000,3.150317430,180.499892894,0.000000000,-2.784898281,2.000000000,0.500000000,-2.867877245,-164.317262297,0.000000000,2.679786205,1.000000000,0.500000000,-0.187495232,-10.742685451,0.000000000,0.430281579,0.500000000,0.200000003,1.346624374,77.155893242,0.000000000,0.000199606,0.000000000,0.100000001
2026-07-05 12:26:23.535,1783225583.534742594,418.541415459,1,1,418.395205739,1,0.005693250,5,1,0.000979372,5,1,0,1,0,0,1,1,1,0,1,0,-1.000000000,0.000000000,0.000000000,0.000000000,0,-1.000000000,0,0,0,,0,-1.000000000,,0,0,0.000000000,0.000000000,0,-1.000000000,0,,0,-1.000000000,,0,-1.000000000,0,,1,-0.113160707,-6.483630921,0.007326126,-0.026862144,1,3.135058641,179.625628680,-0.002442360,-2.769229889,1,-2.864825487,-164.142409454,0.002442360,2.659828186,1,-0.186350822,-10.677115635,-0.007326126,0.422466278,1,1.346624374,77.155893242,-0.012210846,-0.003663063,-0.113542177,-6.505487526,0.000000000,-0.000000000,6.000000000,2.500000000,3.150317430,180.499892894,0.000000000,-2.784898281,2.000000000,0.500000000,-2.867877245,-164.317262297,0.000000000,2.679786205,1.000000000,0.500000000,-0.187495232,-10.742685451,0.000000000,0.430281579,0.500000000,0.200000003,1.346624374,77.155893242,0.000000000,0.000199606,0.000000000,0.100000001
2026-07-05 12:26:24.535,1783225584.535197973,419.541870993,1,1,419.395661273,1,0.005621943,5,1,0.001219125,5,1,0,1,0,0,1,1,1,0,1,0,-1.000000000,0.000000000,0.000000000,0.000000000,0,-1.000000000,0,0,0,,0,-1.000000000,,0,0,0.000000000,0.000000000,0,-1.000000000,0,,0,-1.000000000,,0,-1.000000000,0,,1,-0.113160707,-6.483630921,0.007326126,-0.026862144,1,3.135058641,179.625628680,-0.007326126,-2.782905579,1,-2.864825487,-164.142409454,-0.007326126,2.659828186,1,-0.186350822,-10.677115635,-0.007326126,0.422466278,1,1.346624374,77.155893242,0.012210846,-0.003663063,-0.113542177,-6.505487526,0.000000000,-0.000000000,6.000000000,2.500000000,3.150317430,180.499892894,0.000000000,-2.784898281,2.000000000,0.500000000,-2.867877245,-164.317262297,0.000000000,2.679786205,1.000000000,0.500000000,-0.187495232,-10.742685451,0.000000000,0.430281579,0.500000000,0.200000003,1.346624374,77.155893242,0.000000000,0.000199606,0.000000000,0.100000001
2026-07-05 12:26:25.535,1783225585.535646915,420.542319915,1,1,420.396110195,1,0.005461981,5,1,0.001061046,5,1,0,1,0,0,1,1,1,0,1,0,-1.000000000,0.000000000,0.000000000,0.000000000,0,-1.000000000,0,0,0,,0,-1.000000000,,0,0,0.000000000,0.000000000,0,-1.000000000,0,,0,-1.000000000,,0,-1.000000000,0,,1,-0.113160707,-6.483630921,-0.007326126,-0.026862144,1,3.135058641,179.625628680,-0.007326126,-2.769229889,1,-2.865206957,-164.164266060,-0.002442360,2.673503876,1,-0.186350822,-10.677115635,-0.021978378,0.422466278,1,1.346240997,77.133927354,-0.012210846,-0.003663063,-0.113542177,-6.505487526,0.000000000,-0.000000000,6.000000000,2.500000000,3.150317430,180.499892894,0.000000000,-2.784898281,2.000000000,0.500000000,-2.867877245,-164.317262297,0.000000000,2.679786205,1.000000000,0.500000000,-0.187495232,-10.742685451,0.000000000,0.430281579,0.500000000,0.200000003,1.346624374,77.155893242,0.000000000,0.000199606,0.000000000,0.100000001
2026-07-05 12:26:26.536,1783225586.536129236,421.542802262,1,1,421.396592542,1,0.005702856,5,1,0.001110834,5,1,0,1,0,0,1,1,1,0,1,0,-1.000000000,0.000000000,0.000000000,0.000000000,0,-1.000000000,0,0,0,,0,-1.000000000,,0,0,0.000000000,0.000000000,0,-1.000000000,0,,0,-1.000000000,,0,-1.000000000,0,,1,-0.113542177,-6.505487526,-0.007326126,-0.021978378,1,3.135058641,179.625628680,-0.002442360,-2.769229889,1,-2.864825487,-164.142409454,-0.002442360,2.659828186,1,-0.186350822,-10.677115635,-0.007326126,0.422466278,1,1.346240997,77.133927354,-0.012210846,-0.003663063,-0.113542177,-6.505487526,0.000000000,-0.000000000,6.000000000,2.500000000,3.150317430,180.499892894,0.000000000,-2.784898281,2.000000000,0.500000000,-2.867877245,-164.317262297,0.000000000,2.679786205,1.000000000,0.500000000,-0.187495232,-10.742685451,0.000000000,0.430281579,0.500000000,0.200000003,1.346624374,77.155893242,0.000000000,0.000199606,0.000000000,0.100000001
2026-07-05 12:26:27.536,1783225587.536680698,422.543353562,1,1,422.397143842,1,0.005478273,5,1,0.001328063,5,1,0,1,0,0,1,1,1,0,1,0,-1.000000000,0.000000000,0.000000000,0.000000000,0,-1.000000000,0,0,0,,0,-1.000000000,,0,0,0.000000000,0.000000000,0,-1.000000000,0,,0,-1.000000000,,0,-1.000000000,0,,1,-0.113160707,-6.483630921,-0.007326126,-0.026862144,1,3.135058641,179.625628680,-0.007326126,-2.782905579,1,-2.865206957,-164.164266060,-0.002442360,2.659828186,1,-0.186350822,-10.677115635,-0.007326126,0.422466278,1,1.346240997,77.133927354,-0.036628723,-0.003663063,-0.113542177,-6.505487526,0.000000000,-0.000000000,6.000000000,2.500000000,3.150317430,180.499892894,0.000000000,-2.784898281,2.000000000,0.500000000,-2.867877245,-164.317262297,0.000000000,2.679786205,1.000000000,0.500000000,-0.187495232,-10.742685451,0.000000000,0.430281579,0.500000000,0.200000003,1.346624374,77.155893242,0.000000000,0.000199606,0.000000000,0.100000001
2026-07-05 12:26:28.537,1783225588.536998034,423.543671074,1,1,423.397461354,1,0.005531604,5,1,0.001247946,5,1,0,1,0,0,1,1,1,0,1,0,-1.000000000,0.000000000,0.000000000,0.000000000,0,-1.000000000,0,0,0,,0,-1.000000000,,0,0,0.000000000,0.000000000,0,-1.000000000,0,,0,-1.000000000,,0,-1.000000000,0,,1,-0.113160707,-6.483630921,0.007326126,-0.026862144,1,3.135058641,179.625628680,0.002442360,-2.769229889,1,-2.865206957,-164.164266060,-0.002442360,2.659828186,1,-0.186350822,-10.677115635,-0.007326126,0.422466278,1,1.346240997,77.133927354,-0.012210846,-0.003663063,-0.113542177,-6.505487526,0.000000000,-0.000000000,6.000000000,2.500000000,3.150317430,180.499892894,0.000000000,-2.784898281,2.000000000,0.500000000,-2.867877245,-164.317262297,0.000000000,2.679786205,1.000000000,0.500000000,-0.187495232,-10.742685451,0.000000000,0.430281579,0.500000000,0.200000003,1.346624374,77.155893242,0.000000000,0.000199606,0.000000000,0.100000001
2026-07-05 12:26:29.534,1783225589.533912659,424.540585389,1,1,424.394375669,1,0.005667436,5,1,0.001025022,5,1,0,1,0,0,1,1,1,0,1,0,-1.000000000,0.000000000,0.000000000,0.000000000,0,-1.000000000,0,0,0,,0,-1.000000000,,0,0,0.000000000,0.000000000,0,-1.000000000,0,,0,-1.000000000,,0,-1.000000000,0,,1,-0.113160707,-6.483630921,0.007326126,-0.026862144,1,3.135058641,179.625628680,-0.002442360,-2.769229889,1,-2.864825487,-164.142409454,-0.002442360,2.659828186,1,-0.186350822,-10.677115635,-0.007326126,0.422466278,1,1.346240997,77.133927354,-0.036628723,-0.003663063,-0.113542177,-6.505487526,0.000000000,-0.000000000,6.000000000,2.500000000,3.150317430,180.499892894,0.000000000,-2.784898281,2.000000000,0.500000000,-2.867877245,-164.317262297,0.000000000,2.679786205,1.000000000,0.500000000,-0.187495232,-10.742685451,0.000000000,0.430281579,0.500000000,0.200000003,1.346624374,77.155893242,0.000000000,0.000199606,0.000000000,0.100000001
2026-07-05 12:26:30.528,1783225590.528488874,425.535161877,1,1,425.388952157,1,0.005477955,5,1,0.001205402,5,1,0,1,0,0,1,1,1,0,1,0,-1.000000000,0.000000000,0.000000000,0.000000000,0,-1.000000000,0,0,0,,0,-1.000000000,,0,0,0.000000000,0.000000000,0,-1.000000000,0,,0,-1.000000000,,0,-1.000000000,0,,1,-0.113160707,-6.483630921,-0.007326126,-0.026862144,1,3.135058641,179.625628680,0.002442360,-2.769229889,1,-2.864825487,-164.142409454,-0.002442360,2.659828186,1,-0.186350822,-10.677115635,-0.007326126,0.422466278,1,1.346624374,77.155893242,-0.012210846,-0.003663063,-0.113542177,-6.505487526,0.000000000,-0.000000000,6.000000000,2.500000000,3.150317430,180.499892894,0.000000000,-2.784898281,2.000000000,0.500000000,-2.867877245,-164.317262297,0.000000000,2.679786205,1.000000000,0.500000000,-0.187495232,-10.742685451,0.000000000,0.430281579,0.500000000,0.200000003,1.346624374,77.155893242,0.000000000,0.000199606,0.000000000,0.100000001
2026-07-05 12:26:31.523,1783225591.523447037,426.530120058,1,1,426.383910338,1,0.005319368,5,1,0.001269735,5,1,0,1,0,0,1,1,1,0,1,0,-1.000000000,0.000000000,0.000000000,0.000000000,0,-1.000000000,0,0,0,,0,-1.000000000,,0,0,0.000000000,0.000000000,0,-1.000000000,0,,0,-1.000000000,,0,-1.000000000,0,,1,-0.113160707,-6.483630921,-0.007326126,-0.021978378,1,3.135058641,179.625628680,-0.002442360,-2.769229889,1,-2.865206957,-164.164266060,-0.002442360,2.659828186,1,-0.186350822,-10.677115635,-0.021978378,0.422466278,1,1.346240997,77.133927354,0.012210846,-0.003663063,-0.113542177,-6.505487526,0.000000000,-0.000000000,6.000000000,2.500000000,3.150317430,180.499892894,0.000000000,-2.784898281,2.000000000,0.500000000,-2.867877245,-164.317262297,0.000000000,2.679786205,1.000000000,0.500000000,-0.187495232,-10.742685451,0.000000000,0.430281579,0.500000000,0.200000003,1.346624374,77.155893242,0.000000000,0.000199606,0.000000000,0.100000001
2026-07-05 12:26:32.519,1783225592.519133329,427.525806305,1,1,427.379596585,1,0.006081759,5,1,0.001758713,5,1,0,1,0,0,1,1,1,0,1,0,-1.000000000,0.000000000,0.000000000,0.000000000,0,-1.000000000,0,0,0,,0,-1.000000000,,0,0,0.000000000,0.000000000,0,-1.000000000,0,,0,-1.000000000,,0,-1.000000000,0,,1,-0.113542177,-6.505487526,-0.007326126,-0.026862144,1,3.135058641,179.625628680,-0.002442360,-2.782905579,1,-2.865206957,-164.164266060,-0.002442360,2.659828186,1,-0.186350822,-10.677115635,-0.021978378,0.422466278,1,1.346240997,77.133927354,0.012210846,-0.003663063,-0.113542177,-6.505487526,0.000000000,-0.000000000,6.000000000,2.500000000,3.150317430,180.499892894,0.000000000,-2.784898281,2.000000000,0.500000000,-2.867877245,-164.317262297,0.000000000,2.679786205,1.000000000,0.500000000,-0.187495232,-10.742685451,0.000000000,0.430281579,0.500000000,0.200000003,1.346624374,77.155893242,0.000000000,0.000199606,0.000000000,0.100000001
2026-07-05 12:26:33.514,1783225593.514155865,428.520828584,1,1,428.374618864,1,0.005654551,5,1,0.001203934,5,1,0,1,0,0,1,1,1,0,1,0,-1.000000000,0.000000000,0.000000000,0.000000000,0,-1.000000000,0,0,0,,0,-1.000000000,,0,0,0.000000000,0.000000000,0,-1.000000000,0,,0,-1.000000000,,0,-1.000000000,0,,1,-0.113160707,-6.483630921,-0.007326126,-0.026862144,1,3.135058641,179.625628680,-0.002442360,-2.769229889,1,-2.865206957,-164.164266060,-0.002442360,2.659828186,1,-0.186350822,-10.677115635,-0.007326126,0.422466278,1,1.346624374,77.155893242,-0.012210846,-0.003663063,-0.113542177,-6.505487526,0.000000000,-0.000000000,6.000000000,2.500000000,3.150317430,180.499892894,0.000000000,-2.784898281,2.000000000,0.500000000,-2.867877245,-164.317262297,0.000000000,2.679786205,1.000000000,0.500000000,-0.187495232,-10.742685451,0.000000000,0.430281579,0.500000000,0.200000003,1.346624374,77.155893242,0.000000000,0.000199606,0.000000000,0.100000001
2026-07-05 12:26:34.510,1783225594.509946823,429.516619739,1,1,429.370410019,1,0.005667330,5,1,0.010737992,5,1,0,1,0,0,1,1,1,0,1,0,-1.000000000,0.000000000,0.000000000,0.000000000,0,-1.000000000,0,0,0,,0,-1.000000000,,0,0,0.000000000,0.000000000,0,-1.000000000,0,,0,-1.000000000,,0,-1.000000000,0,,1,-0.113542177,-6.505487526,-0.007326126,-0.026862144,1,3.135058641,179.625628680,-0.007326126,-2.769229889,1,-2.865206957,-164.164266060,-0.002442360,2.659828186,1,-0.186350822,-10.677115635,-0.007326126,0.422466278,1,1.346240997,77.133927354,0.012210846,-0.003663063,-0.113542177,-6.505487526,0.000000000,-0.000000000,6.000000000,2.500000000,3.150317430,180.499892894,0.000000000,-2.784898281,2.000000000,0.500000000,-2.867877245,-164.317262297,0.000000000,2.679786205,1.000000000,0.500000000,-0.187495232,-10.742685451,0.000000000,0.430281579,0.500000000,0.200000003,1.346624374,77.155893242,0.000000000,0.000199606,0.000000000,0.100000001
2026-07-05 12:26:35.505,1783225595.505836010,430.512509041,1,1,430.366299321,1,0.005503935,5,1,0.001159157,5,1,0,1,0,0,1,1,1,0,1,0,-1.000000000,0.000000000,0.000000000,0.000000000,0,-1.000000000,0,0,0,,0,-1.000000000,,0,0,0.000000000,0.000000000,0,-1.000000000,0,,0,-1.000000000,,0,-1.000000000,0,,1,-0.113160707,-6.483630921,-0.007326126,-0.026862144,1,3.135058641,179.625628680,-0.002442360,-2.769229889,1,-2.865206957,-164.164266060,-0.007326126,2.659828186,1,-0.186350822,-10.677115635,0.007326126,0.427350044,1,1.346240997,77.133927354,-0.012210846,-0.003663063,-0.113542177,-6.505487526,0.000000000,-0.000000000,6.000000000,2.500000000,3.150317430,180.499892894,0.000000000,-2.784898281,2.000000000,0.500000000,-2.867877245,-164.317262297,0.000000000,2.679786205,1.000000000,0.500000000,-0.187495232,-10.742685451,0.000000000,0.430281579,0.500000000,0.200000003,1.346624374,77.155893242,0.000000000,0.000199606,0.000000000,0.100000001
2026-07-05 12:26:36.502,1783225596.502121449,431.508794303,1,1,431.362584583,1,0.005519719,5,1,0.000988839,5,1,0,1,0,0,1,1,1,0,1,0,-1.000000000,0.000000000,0.000000000,0.000000000,0,-1.000000000,0,0,0,,0,-1.000000000,,0,0,0.000000000,0.000000000,0,-1.000000000,0,,0,-1.000000000,,0,-1.000000000,0,,1,-0.113160707,-6.483630921,0.007326126,-0.026862144,1,3.135058641,179.625628680,-0.002442360,-2.769229889,1,-2.865206957,-164.164266060,-0.002442360,2.659828186,1,-0.186350822,-10.677115635,-0.007326126,0.422466278,1,1.346240997,77.133927354,-0.012210846,-0.003663063,-0.113542177,-6.505487526,0.000000000,-0.000000000,6.000000000,2.500000000,3.150317430,180.499892894,0.000000000,-2.784898281,2.000000000,0.500000000,-2.867877245,-164.317262297,0.000000000,2.679786205,1.000000000,0.500000000,-0.187495232,-10.742685451,0.000000000,0.430281579,0.500000000,0.200000003,1.346624374,77.155893242,0.000000000,0.000199606,0.000000000,0.100000001
2026-07-05 12:26:37.498,1783225597.498577833,432.505250966,1,1,432.359041246,1,0.004929687,5,1,0.001021189,5,1,0,1,0,0,1,1,1,0,1,0,-1.000000000,0.000000000,0.000000000,0.000000000,0,-1.000000000,0,0,0,,0,-1.000000000,,0,0,0.000000000,0.000000000,0,-1.000000000,0,,0,-1.000000000,,0,-1.000000000,0,,1,-0.113160707,-6.483630921,0.007326126,-0.026862144,1,3.135058641,179.625628680,-0.002442360,-2.782905579,1,-2.864825487,-164.142409454,-0.002442360,2.673503876,1,-0.186350822,-10.677115635,0.007326126,0.422466278,1,1.346240997,77.133927354,-0.012210846,-0.003663063,-0.113542177,-6.505487526,0.000000000,-0.000000000,6.000000000,2.500000000,3.150317430,180.499892894,0.000000000,-2.784898281,2.000000000,0.500000000,-2.867877245,-164.317262297,0.000000000,2.679786205,1.000000000,0.500000000,-0.187495232,-10.742685451,0.000000000,0.430281579,0.500000000,0.200000003,1.346624374,77.155893242,0.000000000,0.000199606,0.000000000,0.100000001
2026-07-05 12:26:38.495,1783225598.495249510,433.501922449,1,1,433.355712729,1,0.004957756,5,1,0.000883313,5,1,0,1,0,0,1,1,1,0,1,0,-1.000000000,0.000000000,0.000000000,0.000000000,0,-1.000000000,0,0,0,,0,-1.000000000,,0,0,0.000000000,0.000000000,0,-1.000000000,0,,0,-1.000000000,,0,-1.000000000,0,,1,-0.113160707,-6.483630921,-0.007326126,-0.021978378,1,3.135058641,179.625628680,-0.002442360,-2.782905579,1,-2.864825487,-164.142409454,0.002442360,2.659828186,1,-0.186350822,-10.677115635,-0.007326126,0.422466278,1,1.346240997,77.133927354,0.012210846,-0.003663063,-0.113542177,-6.505487526,0.000000000,-0.000000000,6.000000000,2.500000000,3.150317430,180.499892894,0.000000000,-2.784898281,2.000000000,0.500000000,-2.867877245,-164.317262297,0.000000000,2.679786205,1.000000000,0.500000000,-0.187495232,-10.742685451,0.000000000,0.430281579,0.500000000,0.200000003,1.346624374,77.155893242,0.000000000,0.000199606,0.000000000,0.100000001
2026-07-05 12:26:39.492,1783225599.492098331,434.498771123,1,1,434.352561403,1,0.004737215,5,1,0.001086240,5,1,0,1,0,0,1,1,1,0,1,0,-1.000000000,0.000000000,0.000000000,0.000000000,0,-1.000000000,0,0,0,,0,-1.000000000,,0,0,0.000000000,0.000000000,0,-1.000000000,0,,0,-1.000000000,,0,-1.000000000,0,,1,-0.113542177,-6.505487526,0.007326126,-0.026862144,1,3.135058641,179.625628680,-0.002442360,-2.769229889,1,-2.864825487,-164.142409454,-0.002442360,2.659828186,1,-0.186350822,-10.677115635,-0.007326126,0.422466278,1,1.346240997,77.133927354,-0.012210846,-0.003663063,-0.113542177,-6.505487526,0.000000000,-0.000000000,6.000000000,2.500000000,3.150317430,180.499892894,0.000000000,-2.784898281,2.000000000,0.500000000,-2.867877245,-164.317262297,0.000000000,2.679786205,1.000000000,0.500000000,-0.187495232,-10.742685451,0.000000000,0.430281579,0.500000000,0.200000003,1.346624374,77.155893242,0.000000000,0.000199606,0.000000000,0.100000001
2026-07-05 12:26:40.489,1783225600.489081383,435.495754227,1,1,435.349544507,1,0.005384238,5,1,0.001111748,5,1,0,1,0,0,1,1,1,0,1,0,-1.000000000,0.000000000,0.000000000,0.000000000,0,-1.000000000,0,0,0,,0,-1.000000000,,0,0,0.000000000,0.000000000,0,-1.000000000,0,,0,-1.000000000,,0,-1.000000000,0,,1,-0.113160707,-6.483630921,-0.007326126,-0.021978378,1,3.135058641,179.625628680,0.002442360,-2.782905579,1,-2.864825487,-164.142409454,-0.002442360,2.673503876,1,-0.186350822,-10.677115635,0.007326126,0.422466278,1,1.346624374,77.155893242,-0.012210846,-0.003663063,-0.113542177,-6.505487526,0.000000000,-0.000000000,6.000000000,2.500000000,3.150317430,180.499892894,0.000000000,-2.784898281,2.000000000,0.500000000,-2.867877245,-164.317262297,0.000000000,2.679786205,1.000000000,0.500000000,-0.187495232,-10.742685451,0.000000000,0.430281579,0.500000000,0.200000003,1.346624374,77.155893242,0.000000000,0.000199606,0.000000000,0.100000001
2026-07-05 12:26:41.486,1783225601.486305475,436.492978342,1,1,436.346768622,1,0.005473472,5,1,0.001078570,5,1,0,1,0,0,1,1,1,0,1,0,-1.000000000,0.000000000,0.000000000,0.000000000,0,-1.000000000,0,0,0,,0,-1.000000000,,0,0,0.000000000,0.000000000,0,-1.000000000,0,,0,-1.000000000,,0,-1.000000000,0,,1,-0.113160707,-6.483630921,0.007326126,-0.026862144,1,3.135058641,179.625628680,-0.002442360,-2.782905579,1,-2.864825487,-164.142409454,-0.002442360,2.659828186,1,-0.186350822,-10.677115635,-0.021978378,0.422466278,1,1.346240997,77.133927354,-0.012210846,-0.003663063,-0.113542177,-6.505487526,0.000000000,-0.000000000,6.000000000,2.500000000,3.150317430,180.499892894,0.000000000,-2.784898281,2.000000000,0.500000000,-2.867877245,-164.317262297,0.000000000,2.679786205,1.000000000,0.500000000,-0.187495232,-10.742685451,0.000000000,0.430281579,0.500000000,0.200000003,1.346624374,77.155893242,0.000000000,0.000199606,0.000000000,0.100000001
2026-07-05 12:26:42.483,1783225602.483722448,437.490395441,1,1,437.344185721,1,0.005327334,5,1,0.000859343,5,1,0,1,0,0,1,1,1,0,1,0,-1.000000000,0.000000000,0.000000000,0.000000000,0,-1.000000000,0,0,0,,0,-1.000000000,,0,0,0.000000000,0.000000000,0,-1.000000000,0,,0,-1.000000000,,0,-1.000000000,0,,1,-0.113160707,-6.483630921,-0.007326126,-0.026862144,1,3.135058641,179.625628680,0.002442360,-2.769229889,1,-2.865206957,-164.164266060,-0.002442360,2.659828186,1,-0.186350822,-10.677115635,-0.007326126,0.422466278,1,1.346240997,77.133927354,-0.036628723,-0.003663063,-0.113542177,-6.505487526,0.000000000,-0.000000000,6.000000000,2.500000000,3.150317430,180.499892894,0.000000000,-2.784898281,2.000000000,0.500000000,-2.867877245,-164.317262297,0.000000000,2.679786205,1.000000000,0.500000000,-0.187495232,-10.742685451,0.000000000,0.430281579,0.500000000,0.200000003,1.346624374,77.155893242,0.000000000,0.000199606,0.000000000,0.100000001
2026-07-05 12:26:43.482,1783225603.482612133,438.489285064,1,1,438.343075344,1,0.006545738,5,1,0.002616202,5,1,0,1,0,0,1,1,1,0,1,0,-1.000000000,0.000000000,0.000000000,0.000000000,0,-1.000000000,0,0,0,,0,-1.000000000,,0,0,0.000000000,0.000000000,0,-1.000000000,0,,0,-1.000000000,,0,-1.000000000,0,,1,-0.113160707,-6.483630921,-0.007326126,-0.026862144,1,3.135058641,179.625628680,-0.002442360,-2.769229889,1,-2.864825487,-164.142409454,-0.002442360,2.659828186,1,-0.186350822,-10.677115635,-0.021978378,0.422466278,1,1.346240997,77.133927354,-0.012210846,-0.003663063,-0.113542177,-6.505487526,0.000000000,-0.000000000,6.000000000,2.500000000,3.150317430,180.499892894,0.000000000,-2.784898281,2.000000000,0.500000000,-2.867877245,-164.317262297,0.000000000,2.679786205,1.000000000,0.500000000,-0.187495232,-10.742685451,0.000000000,0.430281579,0.500000000,0.200000003,1.346624374,77.155893242,0.000000000,0.000199606,0.000000000,0.100000001
2026-07-05 12:26:44.478,1783225604.478826284,439.485499054,1,1,439.339289334,1,0.005213800,5,1,0.000981983,5,1,0,1,0,0,1,1,1,0,1,0,-1.000000000,0.000000000,0.000000000,0.000000000,0,-1.000000000,0,0,0,,0,-1.000000000,,0,0,0.000000000,0.000000000,0,-1.000000000,0,,0,-1.000000000,,0,-1.000000000,0,,1,-0.113160707,-6.483630921,-0.007326126,-0.026862144,1,3.135058641,179.625628680,-0.002442360,-2.769229889,1,-2.864825487,-164.142409454,-0.002442360,2.659828186,1,-0.186350822,-10.677115635,0.007326126,0.422466278,1,1.346240997,77.133927354,0.012210846,-0.003663063,-0.113542177,-6.505487526,0.000000000,-0.000000000,6.000000000,2.500000000,3.150317430,180.499892894,0.000000000,-2.784898281,2.000000000,0.500000000,-2.867877245,-164.317262297,0.000000000,2.679786205,1.000000000,0.500000000,-0.187495232,-10.742685451,0.000000000,0.430281579,0.500000000,0.200000003,1.346624374,77.155893242,0.000000000,0.000199606,0.000000000,0.100000001
2026-07-05 12:26:45.476,1783225605.476625443,440.483298273,1,1,440.337088553,1,0.003013098,5,1,0.001133068,5,1,0,1,0,0,1,1,1,0,1,0,-1.000000000,0.000000000,0.000000000,0.000000000,0,-1.000000000,0,0,0,,0,-1.000000000,,0,0,0.000000000,0.000000000,0,-1.000000000,0,,0,-1.000000000,,0,-1.000000000,0,,1,-0.113160707,-6.483630921,-0.007326126,-0.021978378,1,3.135058641,179.625628680,-0.002442360,-2.769229889,1,-2.864825487,-164.142409454,-0.002442360,2.659828186,1,-0.186350822,-10.677115635,-0.007326126,0.422466278,1,1.346240997,77.133927354,-0.012210846,-0.003663063,-0.113542177,-6.505487526,0.000000000,-0.000000000,6.000000000,2.500000000,3.150317430,180.499892894,0.000000000,-2.784898281,2.000000000,0.500000000,-2.867877245,-164.317262297,0.000000000,2.679786205,1.000000000,0.500000000,-0.187495232,-10.742685451,0.000000000,0.430281579,0.500000000,0.200000003,1.346624374,77.155893242,0.000000000,0.000199606,0.000000000,0.100000001
2026-07-05 12:26:46.474,1783225606.474640131,441.481313098,1,1,441.335103378,1,0.005334136,5,1,0.001046993,5,1,0,1,0,0,1,1,1,0,1,0,-1.000000000,0.000000000,0.000000000,0.000000000,0,-1.000000000,0,0,0,,0,-1.000000000,,0,0,0.000000000,0.000000000,0,-1.000000000,0,,0,-1.000000000,,0,-1.000000000,0,,1,-0.113160707,-6.483630921,-0.021978378,-0.026862144,1,3.135058641,179.625628680,-0.007326126,-2.769229889,1,-2.864825487,-164.142409454,-0.002442360,2.659828186,1,-0.186350822,-10.677115635,0.007326126,0.422466278,1,1.346240997,77.133927354,-0.012210846,-0.003663063,-0.113542177,-6.505487526,0.000000000,-0.000000000,6.000000000,2.500000000,3.150317430,180.499892894,0.000000000,-2.784898281,2.000000000,0.500000000,-2.867877245,-164.317262297,0.000000000,2.679786205,1.000000000,0.500000000,-0.187495232,-10.742685451,0.000000000,0.430281579,0.500000000,0.200000003,1.346624374,77.155893242,0.000000000,0.000199606,0.000000000,0.100000001
2026-07-05 12:26:47.472,1783225607.472563982,442.479236935,1,1,442.333027215,1,0.005329327,5,1,0.011120333,5,1,0,1,0,0,1,1,1,0,1,0,-1.000000000,0.000000000,0.000000000,0.000000000,0,-1.000000000,0,0,0,,0,-1.000000000,,0,0,0.000000000,0.000000000,0,-1.000000000,0,,0,-1.000000000,,0,-1.000000000,0,,1,-0.113160707,-6.483630921,-0.007326126,-0.026862144,1,3.135058641,179.625628680,0.002442360,-2.782905579,1,-2.865206957,-164.164266060,-0.002442360,2.659828186,1,-0.186350822,-10.677115635,-0.007326126,0.422466278,1,1.346240997,77.133927354,-0.012210846,-0.003663063,-0.113542177,-6.505487526,0.000000000,-0.000000000,6.000000000,2.500000000,3.150317430,180.499892894,0.000000000,-2.784898281,2.000000000,0.500000000,-2.867877245,-164.317262297,0.000000000,2.679786205,1.000000000,0.500000000,-0.187495232,-10.742685451,0.000000000,0.430281579,0.500000000,0.200000003,1.346624374,77.155893242,0.000000000,0.000199606,0.000000000,0.100000001
2026-07-05 12:26:48.470,1783225608.470689297,443.477362087,1,1,443.331152367,1,0.005316059,5,1,0.000889149,5,1,0,1,0,0,1,1,1,0,1,0,-1.000000000,0.000000000,0.000000000,0.000000000,0,-1.000000000,0,0,0,,0,-1.000000000,,0,0,0.000000000,0.000000000,0,-1.000000000,0,,0,-1.000000000,,0,-1.000000000,0,,1,-0.113160707,-6.483630921,-0.007326126,-0.026862144,1,3.135058641,179.625628680,0.002442360,-2.769229889,1,-2.864825487,-164.142409454,-0.002442360,2.659828186,1,-0.186350822,-10.677115635,-0.007326126,0.422466278,1,1.346240997,77.133927354,-0.012210846,-0.003663063,-0.113542177,-6.505487526,0.000000000,-0.000000000,6.000000000,2.500000000,3.150317430,180.499892894,0.000000000,-2.784898281,2.000000000,0.500000000,-2.867877245,-164.317262297,0.000000000,2.679786205,1.000000000,0.500000000,-0.187495232,-10.742685451,0.000000000,0.430281579,0.500000000,0.200000003,1.346624374,77.155893242,0.000000000,0.000199606,0.000000000,0.100000001
2026-07-05 12:26:49.469,1783225609.468900442,444.475573347,1,1,444.329363627,1,0.005405578,5,1,0.001225929,5,1,0,1,0,0,1,1,1,0,1,0,-1.000000000,0.000000000,0.000000000,0.000000000,0,-1.000000000,0,0,0,,0,-1.000000000,,0,0,0.000000000,0.000000000,0,-1.000000000,0,,0,-1.000000000,,0,-1.000000000,0,,1,-0.113160707,-6.483630921,-0.007326126,-0.021978378,1,3.135058641,179.625628680,-0.002442360,-2.769229889,1,-2.865206957,-164.164266060,-0.002442360,2.659828186,1,-0.186350822,-10.677115635,-0.007326126,0.422466278,1,1.346240997,77.133927354,-0.012210846,-0.003663063,-0.113542177,-6.505487526,0.000000000,-0.000000000,6.000000000,2.500000000,3.150317430,180.499892894,0.000000000,-2.784898281,2.000000000,0.500000000,-2.867877245,-164.317262297,0.000000000,2.679786205,1.000000000,0.500000000,-0.187495232,-10.742685451,0.000000000,0.430281579,0.500000000,0.200000003,1.346624374,77.155893242,0.000000000,0.000199606,0.000000000,0.100000001
2026-07-05 12:26:50.467,1783225610.467284203,445.473957067,1,1,445.327747347,1,0.005642541,5,1,0.000887442,5,1,0,1,0,0,1,1,1,0,1,0,-1.000000000,0.000000000,0.000000000,0.000000000,0,-1.000000000,0,0,0,,0,-1.000000000,,0,0,0.000000000,0.000000000,0,-1.000000000,0,,0,-1.000000000,,0,-1.000000000,0,,1,-0.113542177,-6.505487526,-0.021978378,-0.021978378,1,3.135058641,179.625628680,-0.002442360,-2.769229889,1,-2.865206957,-164.164266060,-0.002442360,2.659828186,1,-0.186350822,-10.677115635,-0.007326126,0.422466278,1,1.346240997,77.133927354,-0.012210846,-0.003663063,-0.113542177,-6.505487526,0.000000000,-0.000000000,6.000000000,2.500000000,3.150317430,180.499892894,0.000000000,-2.784898281,2.000000000,0.500000000,-2.867877245,-164.317262297,0.000000000,2.679786205,1.000000000,0.500000000,-0.187495232,-10.742685451,0.000000000,0.430281579,0.500000000,0.200000003,1.346624374,77.155893242,0.000000000,0.000199606,0.000000000,0.100000001
2026-07-05 12:26:51.465,1783225611.465693235,446.472366064,1,1,446.326156344,1,0.005653023,5,1,0.011268628,5,1,0,1,0,0,1,1,1,0,1,0,-1.000000000,0.000000000,0.000000000,0.000000000,0,-1.000000000,0,0,0,,0,-1.000000000,,0,0,0.000000000,0.000000000,0,-1.000000000,0,,0,-1.000000000,,0,-1.000000000,0,,1,-0.113160707,-6.483630921,-0.007326126,-0.021978378,1,3.135058641,179.625628680,-0.002442360,-2.769229889,1,-2.865206957,-164.164266060,-0.002442360,2.659828186,1,-0.186350822,-10.677115635,-0.007326126,0.422466278,1,1.346240997,77.133927354,-0.012210846,-0.003663063,-0.113542177,-6.505487526,0.000000000,-0.000000000,6.000000000,2.500000000,3.150317430,180.499892894,0.000000000,-2.784898281,2.000000000,0.500000000,-2.867877245,-164.317262297,0.000000000,2.679786205,1.000000000,0.500000000,-0.187495232,-10.742685451,0.000000000,0.430281579,0.500000000,0.200000003,1.346624374,77.155893242,0.000000000,0.000199606,0.000000000,0.100000001
2026-07-05 12:26:52.464,1783225612.464153290,447.470826340,1,1,447.324616620,1,0.005621152,5,1,0.001117865,5,1,0,1,0,0,1,1,1,0,1,0,-1.000000000,0.000000000,0.000000000,0.000000000,0,-1.000000000,0,0,0,,0,-1.000000000,,0,0,0.000000000,0.000000000,0,-1.000000000,0,,0,-1.000000000,,0,-1.000000000,0,,1,-0.113160707,-6.483630921,-0.007326126,-0.026862144,1,3.135058641,179.625628680,-0.007326126,-2.769229889,1,-2.864825487,-164.142409454,-0.002442360,2.659828186,1,-0.186350822,-10.677115635,-0.007326126,0.422466278,1,1.346240997,77.133927354,-0.012210846,-0.003663063,-0.113542177,-6.505487526,0.000000000,-0.000000000,6.000000000,2.500000000,3.150317430,180.499892894,0.000000000,-2.784898281,2.000000000,0.500000000,-2.867877245,-164.317262297,0.000000000,2.679786205,1.000000000,0.500000000,-0.187495232,-10.742685451,0.000000000,0.430281579,0.500000000,0.200000003,1.346624374,77.155893242,0.000000000,0.000199606,0.000000000,0.100000001
2026-07-05 12:26:53.462,1783225613.462731123,448.469404024,1,1,448.323194304,1,0.005658308,5,1,0.001271543,5,1,0,1,0,0,1,1,1,0,1,0,-1.000000000,0.000000000,0.000000000,0.000000000,0,-1.000000000,0,0,0,,0,-1.000000000,,0,0,0.000000000,0.000000000,0,-1.000000000,0,,0,-1.000000000,,0,-1.000000000,0,,1,-0.113160707,-6.483630921,-0.007326126,-0.026862144,1,3.135058641,179.625628680,-0.002442360,-2.769229889,1,-2.865206957,-164.164266060,-0.002442360,2.659828186,1,-0.186350822,-10.677115635,-0.007326126,0.422466278,1,1.346240997,77.133927354,-0.012210846,-0.003663063,-0.113542177,-6.505487526,0.000000000,-0.000000000,6.000000000,2.500000000,3.150317430,180.499892894,0.000000000,-2.784898281,2.000000000,0.500000000,-2.867877245,-164.317262297,0.000000000,2.679786205,1.000000000,0.500000000,-0.187495232,-10.742685451,0.000000000,0.430281579,0.500000000,0.200000003,1.346624374,77.155893242,0.000000000,0.000199606,0.000000000,0.100000001
2026-07-05 12:26:54.461,1783225614.461391687,449.468064534,1,1,449.321854814,1,0.005620796,5,1,0.001126950,5,1,0,1,0,0,1,1,1,0,1,0,-1.000000000,0.000000000,0.000000000,0.000000000,0,-1.000000000,0,0,0,,0,-1.000000000,,0,0,0.000000000,0.000000000,0,-1.000000000,0,,0,-1.000000000,,0,-1.000000000,0,,1,-0.113160707,-6.483630921,0.007326126,-0.021978378,1,3.135058641,179.625628680,-0.002442360,-2.769229889,1,-2.865206957,-164.164266060,-0.002442360,2.659828186,1,-0.186350822,-10.677115635,0.007326126,0.422466278,1,1.346240997,77.133927354,0.012210846,-0.003663063,-0.113542177,-6.505487526,0.000000000,-0.000000000,6.000000000,2.500000000,3.150317430,180.499892894,0.000000000,-2.784898281,2.000000000,0.500000000,-2.867877245,-164.317262297,0.000000000,2.679786205,1.000000000,0.500000000,-0.187495232,-10.742685451,0.000000000,0.430281579,0.500000000,0.200000003,1.346624374,77.155893242,0.000000000,0.000199606,0.000000000,0.100000001
2026-07-05 12:26:55.460,1783225615.460059166,450.466732112,1,1,450.320522392,1,0.005407567,5,1,0.001062650,5,1,0,1,0,0,1,1,1,0,1,0,-1.000000000,0.000000000,0.000000000,0.000000000,0,-1.000000000,0,0,0,,0,-1.000000000,,0,0,0.000000000,0.000000000,0,-1.000000000,0,,0,-1.000000000,,0,-1.000000000,0,,1,-0.113160707,-6.483630921,-0.007326126,-0.026862144,1,3.135058641,179.625628680,-0.002442360,-2.769229889,1,-2.865206957,-164.164266060,-0.002442360,2.659828186,1,-0.186350822,-10.677115635,-0.021978378,0.422466278,1,1.346624374,77.155893242,-0.012210846,-0.003663063,-0.113542177,-6.505487526,0.000000000,-0.000000000,6.000000000,2.500000000,3.150317430,180.499892894,0.000000000,-2.784898281,2.000000000,0.500000000,-2.867877245,-164.317262297,0.000000000,2.679786205,1.000000000,0.500000000,-0.187495232,-10.742685451,0.000000000,0.430281579,0.500000000,0.200000003,1.346624374,77.155893242,0.000000000,0.000199606,0.000000000,0.100000001
2026-07-05 12:26:56.459,1783225616.458896875,451.465569758,1,1,451.319360038,1,0.005625649,5,1,0.001104047,5,1,0,1,0,0,1,1,1,0,1,0,-1.000000000,0.000000000,0.000000000,0.000000000,0,-1.000000000,0,0,0,,0,-1.000000000,,0,0,0.000000000,0.000000000,0,-1.000000000,0,,0,-1.000000000,,0,-1.000000000,0,,1,-0.113160707,-6.483630921,-0.021978378,-0.026862144,1,3.135058641,179.625628680,0.002442360,-2.769229889,1,-2.864825487,-164.142409454,-0.002442360,2.659828186,1,-0.186350822,-10.677115635,-0.007326126,0.422466278,1,1.346240997,77.133927354,0.012210846,-0.003663063,-0.113542177,-6.505487526,0.000000000,-0.000000000,6.000000000,2.500000000,3.150317430,180.499892894,0.000000000,-2.784898281,2.000000000,0.500000000,-2.867877245,-164.317262297,0.000000000,2.679786205,1.000000000,0.500000000,-0.187495232,-10.742685451,0.000000000,0.430281579,0.500000000,0.200000003,1.346624374,77.155893242,0.000000000,0.000199606,0.000000000,0.100000001
2026-07-05 12:26:57.457,1783225617.457777262,452.464449989,1,1,452.318240269,1,0.005696024,5,1,0.000960486,5,1,0,1,0,0,1,1,1,0,1,0,-1.000000000,0.000000000,0.000000000,0.000000000,0,-1.000000000,0,0,0,,0,-1.000000000,,0,0,0.000000000,0.000000000,0,-1.000000000,0,,0,-1.000000000,,0,-1.000000000,0,,1,-0.113160707,-6.483630921,-0.021978378,-0.021978378,1,3.135058641,179.625628680,-0.002442360,-2.769229889,1,-2.865206957,-164.164266060,-0.002442360,2.673503876,1,-0.186350822,-10.677115635,-0.007326126,0.422466278,1,1.346240997,77.133927354,-0.012210846,-0.003663063,-0.113542177,-6.505487526,0.000000000,-0.000000000,6.000000000,2.500000000,3.150317430,180.499892894,0.000000000,-2.784898281,2.000000000,0.500000000,-2.867877245,-164.317262297,0.000000000,2.679786205,1.000000000,0.500000000,-0.187495232,-10.742685451,0.000000000,0.430281579,0.500000000,0.200000003,1.346624374,77.155893242,0.000000000,0.000199606,0.000000000,0.100000001
2026-07-05 12:26:58.456,1783225618.456637621,453.463310654,1,1,453.317100934,1,0.005493042,5,1,0.001159427,5,1,0,1,0,0,1,1,1,0,1,0,-1.000000000,0.000000000,0.000000000,0.000000000,0,-1.000000000,0,0,0,,0,-1.000000000,,0,0,0.000000000,0.000000000,0,-1.000000000,0,,0,-1.000000000,,0,-1.000000000,0,,1,-0.113160707,-6.483630921,-0.007326126,-0.031745911,1,3.135058641,179.625628680,-0.002442360,-2.782905579,1,-2.864825487,-164.142409454,-0.002442360,2.659828186,1,-0.186350822,-10.677115635,-0.007326126,0.422466278,1,1.346624374,77.155893242,-0.012210846,-0.003663063,-0.113542177,-6.505487526,0.000000000,-0.000000000,6.000000000,2.500000000,3.150317430,180.499892894,0.000000000,-2.784898281,2.000000000,0.500000000,-2.867877245,-164.317262297,0.000000000,2.679786205,1.000000000,0.500000000,-0.187495232,-10.742685451,0.000000000,0.430281579,0.500000000,0.200000003,1.346624374,77.155893242,0.000000000,0.000199606,0.000000000,0.100000001
2026-07-05 12:26:59.455,1783225619.455678225,454.462351131,1,1,454.316141411,1,0.005498613,5,1,0.001140208,5,1,0,1,0,0,1,1,1,0,1,0,-1.000000000,0.000000000,0.000000000,0.000000000,0,-1.000000000,0,0,0,,0,-1.000000000,,0,0,0.000000000,0.000000000,0,-1.000000000,0,,0,-1.000000000,,0,-1.000000000,0,,1,-0.113542177,-6.505487526,-0.007326126,-0.026862144,1,3.135058641,179.625628680,-0.002442360,-2.769229889,1,-2.864825487,-164.142409454,-0.002442360,2.659828186,1,-0.186350822,-10.677115635,-0.007326126,0.422466278,1,1.346624374,77.155893242,0.012210846,-0.003663063,-0.113542177,-6.505487526,0.000000000,-0.000000000,6.000000000,2.500000000,3.150317430,180.499892894,0.000000000,-2.784898281,2.000000000,0.500000000,-2.867877245,-164.317262297,0.000000000,2.679786205,1.000000000,0.500000000,-0.187495232,-10.742685451,0.000000000,0.430281579,0.500000000,0.200000003,1.346624374,77.155893242,0.000000000,0.000199606,0.000000000,0.100000001
2026-07-05 12:27:00.454,1783225620.454601526,455.461274466,1,1,455.315064746,1,0.005672734,5,1,0.001176532,5,1,0,1,0,0,1,1,1,0,1,0,-1.000000000,0.000000000,0.000000000,0.000000000,0,-1.000000000,0,0,0,,0,-1.000000000,,0,0,0.000000000,0.000000000,0,-1.000000000,0,,0,-1.000000000,,0,-1.000000000,0,,1,-0.113160707,-6.483630921,-0.007326126,-0.026862144,1,3.135058641,179.625628680,-0.002442360,-2.782905579,1,-2.865206957,-164.164266060,-0.002442360,2.659828186,1,-0.186350822,-10.677115635,-0.007326126,0.422466278,1,1.346240997,77.133927354,-0.036628723,-0.003663063,-0.113542177,-6.505487526,0.000000000,-0.000000000,6.000000000,2.500000000,3.150317430,180.499892894,0.000000000,-2.784898281,2.000000000,0.500000000,-2.867877245,-164.317262297,0.000000000,2.679786205,1.000000000,0.500000000,-0.187495232,-10.742685451,0.000000000,0.430281579,0.500000000,0.200000003,1.346624374,77.155893242,0.000000000,0.000199606,0.000000000,0.100000001
2026-07-05 12:27:01.453,1783225621.453669786,456.460342842,1,1,456.314133122,1,0.003072175,5,1,0.001166327,5,1,0,1,0,0,1,1,1,0,1,0,-1.000000000,0.000000000,0.000000000,0.000000000,0,-1.000000000,0,0,0,,0,-1.000000000,,0,0,0.000000000,0.000000000,0,-1.000000000,0,,0,-1.000000000,,0,-1.000000000,0,,1,-0.113160707,-6.483630921,0.007326126,-0.026862144,1,3.135058641,179.625628680,-0.002442360,-2.782905579,1,-2.864825487,-164.142409454,-0.002442360,2.659828186,1,-0.186350822,-10.677115635,-0.021978378,0.422466278,1,1.346240997,77.133927354,0.012210846,-0.003663063,-0.113542177,-6.505487526,0.000000000,-0.000000000,6.000000000,2.500000000,3.150317430,180.499892894,0.000000000,-2.784898281,2.000000000,0.500000000,-2.867877245,-164.317262297,0.000000000,2.679786205,1.000000000,0.500000000,-0.187495232,-10.742685451,0.000000000,0.430281579,0.500000000,0.200000003,1.346624374,77.155893242,0.000000000,0.000199606,0.000000000,0.100000001
2026-07-05 12:27:02.452,1783225622.452742815,457.459415829,1,1,457.313206109,1,0.005448145,5,1,0.001101991,5,1,0,1,0,0,1,1,1,0,1,0,-1.000000000,0.000000000,0.000000000,0.000000000,0,-1.000000000,0,0,0,,0,-1.000000000,,0,0,0.000000000,0.000000000,0,-1.000000000,0,,0,-1.000000000,,0,-1.000000000,0,,1,-0.113160707,-6.483630921,-0.007326126,-0.021978378,1,3.135058641,179.625628680,-0.002442360,-2.769229889,1,-2.865206957,-164.164266060,-0.007326126,2.673503876,1,-0.186350822,-10.677115635,-0.007326126,0.422466278,1,1.346240997,77.133927354,-0.012210846,-0.003663063,-0.113542177,-6.505487526,0.000000000,-0.000000000,6.000000000,2.500000000,3.150317430,180.499892894,0.000000000,-2.784898281,2.000000000,0.500000000,-2.867877245,-164.317262297,0.000000000,2.679786205,1.000000000,0.500000000,-0.187495232,-10.742685451,0.000000000,0.430281579,0.500000000,0.200000003,1.346624374,77.155893242,0.000000000,0.000199606,0.000000000,0.100000001
2026-07-05 12:27:03.452,1783225623.451908350,458.458581397,1,1,458.312371677,1,0.005304088,5,1,0.001246173,5,1,0,1,0,0,1,1,1,0,1,0,-1.000000000,0.000000000,0.000000000,0.000000000,0,-1.000000000,0,0,0,,0,-1.000000000,,0,0,0.000000000,0.000000000,0,-1.000000000,0,,0,-1.000000000,,0,-1.000000000,0,,1,-0.113160707,-6.483630921,0.007326126,-0.026862144,1,3.135058641,179.625628680,-0.007326126,-2.769229889,1,-2.865206957,-164.164266060,0.002442360,2.673503876,1,-0.186350822,-10.677115635,0.007326126,0.422466278,1,1.346240997,77.133927354,-0.012210846,-0.003663063,-0.113542177,-6.505487526,0.000000000,-0.000000000,6.000000000,2.500000000,3.150317430,180.499892894,0.000000000,-2.784898281,2.000000000,0.500000000,-2.867877245,-164.317262297,0.000000000,2.679786205,1.000000000,0.500000000,-0.187495232,-10.742685451,0.000000000,0.430281579,0.500000000,0.200000003,1.346624374,77.155893242,0.000000000,0.000199606,0.000000000,0.100000001
2026-07-05 12:27:04.451,1783225624.451123476,459.457796396,1,1,459.311586676,1,0.005753346,5,1,0.001332893,5,1,0,1,0,0,1,1,1,0,1,0,-1.000000000,0.000000000,0.000000000,0.000000000,0,-1.000000000,0,0,0,,0,-1.000000000,,0,0,0.000000000,0.000000000,0,-1.000000000,0,,0,-1.000000000,,0,-1.000000000,0,,1,-0.113160707,-6.483630921,-0.021978378,-0.026862144,1,3.135058641,179.625628680,-0.007326126,-2.769229889,1,-2.865206957,-164.164266060,-0.002442360,2.659828186,1,-0.186350822,-10.677115635,0.007326126,0.422466278,1,1.346240997,77.133927354,-0.012210846,-0.003663063,-0.113542177,-6.505487526,0.000000000,-0.000000000,6.000000000,2.500000000,3.150317430,180.499892894,0.000000000,-2.784898281,2.000000000,0.500000000,-2.867877245,-164.317262297,0.000000000,2.679786205,1.000000000,0.500000000,-0.187495232,-10.742685451,0.000000000,0.430281579,0.500000000,0.200000003,1.346624374,77.155893242,0.000000000,0.000199606,0.000000000,0.100000001
2026-07-05 12:27:05.450,1783225625.450302601,460.456975758,1,1,460.310766038,1,0.005569324,5,1,0.000980214,5,1,0,1,0,0,1,1,1,0,1,0,-1.000000000,0.000000000,0.000000000,0.000000000,0,-1.000000000,0,0,0,,0,-1.000000000,,0,0,0.000000000,0.000000000,0,-1.000000000,0,,0,-1.000000000,,0,-1.000000000,0,,1,-0.113160707,-6.483630921,-0.021978378,-0.026862144,1,3.135058641,179.625628680,-0.002442360,-2.769229889,1,-2.864825487,-164.142409454,-0.002442360,2.659828186,1,-0.186350822,-10.677115635,-0.007326126,0.422466278,1,1.346624374,77.155893242,0.012210846,-0.003663063,-0.113542177,-6.505487526,0.000000000,-0.000000000,6.000000000,2.500000000,3.150317430,180.499892894,0.000000000,-2.784898281,2.000000000,0.500000000,-2.867877245,-164.317262297,0.000000000,2.679786205,1.000000000,0.500000000,-0.187495232,-10.742685451,0.000000000,0.430281579,0.500000000,0.200000003,1.346624374,77.155893242,0.000000000,0.000199606,0.000000000,0.100000001
2026-07-05 12:27:06.449,1783225626.449570656,461.456243611,1,1,461.310033891,1,0.005677033,5,1,0.001158364,5,1,0,1,0,0,1,1,1,0,1,0,-1.000000000,0.000000000,0.000000000,0.000000000,0,-1.000000000,0,0,0,,0,-1.000000000,,0,0,0.000000000,0.000000000,0,-1.000000000,0,,0,-1.000000000,,0,-1.000000000,0,,1,-0.113542177,-6.505487526,-0.021978378,-0.026862144,1,3.135058641,179.625628680,-0.002442360,-2.782905579,1,-2.865206957,-164.164266060,-0.007326126,2.659828186,1,-0.186350822,-10.677115635,-0.007326126,0.422466278,1,1.346624374,77.155893242,-0.012210846,-0.003663063,-0.113542177,-6.505487526,0.000000000,-0.000000000,6.000000000,2.500000000,3.150317430,180.499892894,0.000000000,-2.784898281,2.000000000,0.500000000,-2.867877245,-164.317262297,0.000000000,2.679786205,1.000000000,0.500000000,-0.187495232,-10.742685451,0.000000000,0.430281579,0.500000000,0.200000003,1.346624374,77.155893242,0.000000000,0.000199606,0.000000000,0.100000001
2026-07-05 12:27:07.449,1783225627.448888779,462.455561861,1,1,462.309352141,1,0.005583168,5,1,0.000938945,5,1,0,1,0,0,1,1,1,0,1,0,-1.000000000,0.000000000,0.000000000,0.000000000,0,-1.000000000,0,0,0,,0,-1.000000000,,0,0,0.000000000,0.000000000,0,-1.000000000,0,,0,-1.000000000,,0,-1.000000000,0,,1,-0.113542177,-6.505487526,0.007326126,-0.026862144,1,3.135058641,179.625628680,-0.002442360,-2.782905579,1,-2.865206957,-164.164266060,-0.002442360,2.659828186,1,-0.186350822,-10.677115635,-0.021978378,0.422466278,1,1.346624374,77.155893242,0.012210846,-0.003663063,-0.113542177,-6.505487526,0.000000000,-0.000000000,6.000000000,2.500000000,3.150317430,180.499892894,0.000000000,-2.784898281,2.000000000,0.500000000,-2.867877245,-164.317262297,0.000000000,2.679786205,1.000000000,0.500000000,-0.187495232,-10.742685451,0.000000000,0.430281579,0.500000000,0.200000003,1.346624374,77.155893242,0.000000000,0.000199606,0.000000000,0.100000001
2026-07-05 12:27:08.448,1783225628.448234797,463.454907555,1,1,463.308697835,1,0.005242481,5,1,0.001258975,5,1,0,1,0,0,1,1,1,0,1,0,-1.000000000,0.000000000,0.000000000,0.000000000,0,-1.000000000,0,0,0,,0,-1.000000000,,0,0,0.000000000,0.000000000,0,-1.000000000,0,,0,-1.000000000,,0,-1.000000000,0,,1,-0.113160707,-6.483630921,-0.021978378,-0.026862144,1,3.135058641,179.625628680,-0.002442360,-2.782905579,1,-2.864825487,-164.142409454,-0.007326126,2.659828186,1,-0.186350822,-10.677115635,-0.007326126,0.422466278,1,1.346624374,77.155893242,0.012210846,-0.003663063,-0.113542177,-6.505487526,0.000000000,-0.000000000,6.000000000,2.500000000,3.150317430,180.499892894,0.000000000,-2.784898281,2.000000000,0.500000000,-2.867877245,-164.317262297,0.000000000,2.679786205,1.000000000,0.500000000,-0.187495232,-10.742685451,0.000000000,0.430281579,0.500000000,0.200000003,1.346624374,77.155893242,0.000000000,0.000199606,0.000000000,0.100000001
2026-07-05 12:27:09.447,1783225629.447422266,464.454095097,1,1,464.307885377,1,0.005635420,5,1,0.001182699,5,1,0,1,0,0,1,1,1,0,1,0,-1.000000000,0.000000000,0.000000000,0.000000000,0,-1.000000000,0,0,0,,0,-1.000000000,,0,0,0.000000000,0.000000000,0,-1.000000000,0,,0,-1.000000000,,0,-1.000000000,0,,1,-0.113160707,-6.483630921,0.007326126,-0.026862144,1,3.135058641,179.625628680,-0.002442360,-2.782905579,1,-2.864825487,-164.142409454,-0.002442360,2.659828186,1,-0.186350822,-10.677115635,0.007326126,0.422466278,1,1.346240997,77.133927354,0.012210846,-0.003663063,-0.113542177,-6.505487526,0.000000000,-0.000000000,6.000000000,2.500000000,3.150317430,180.499892894,0.000000000,-2.784898281,2.000000000,0.500000000,-2.867877245,-164.317262297,0.000000000,2.679786205,1.000000000,0.500000000,-0.187495232,-10.742685451,0.000000000,0.430281579,0.500000000,0.200000003,1.346624374,77.155893242,0.000000000,0.000199606,0.000000000,0.100000001
2026-07-05 12:27:10.446,1783225630.446788073,465.453461138,1,1,465.307251418,1,0.005640361,5,1,0.001125906,5,1,0,1,0,0,1,1,1,0,1,0,-1.000000000,0.000000000,0.000000000,0.000000000,0,-1.000000000,0,0,0,,0,-1.000000000,,0,0,0.000000000,0.000000000,0,-1.000000000,0,,0,-1.000000000,,0,-1.000000000,0,,1,-0.113160707,-6.483630921,-0.007326126,-0.026862144,1,3.135058641,179.625628680,-0.002442360,-2.769229889,1,-2.864825487,-164.142409454,-0.002442360,2.659828186,1,-0.186350822,-10.677115635,-0.007326126,0.422466278,1,1.346240997,77.133927354,-0.012210846,-0.003663063,-0.113542177,-6.505487526,0.000000000,-0.000000000,6.000000000,2.500000000,3.150317430,180.499892894,0.000000000,-2.784898281,2.000000000,0.500000000,-2.867877245,-164.317262297,0.000000000,2.679786205,1.000000000,0.500000000,-0.187495232,-10.742685451,0.000000000,0.430281579,0.500000000,0.200000003,1.346624374,77.155893242,0.000000000,0.000199606,0.000000000,0.100000001
2026-07-05 12:27:11.446,1783225631.446741343,466.453414105,1,1,466.307204385,1,0.006300782,5,1,0.001772665,5,1,0,1,0,0,1,1,1,0,1,0,-1.000000000,0.000000000,0.000000000,0.000000000,0,-1.000000000,0,0,0,,0,-1.000000000,,0,0,0.000000000,0.000000000,0,-1.000000000,0,,0,-1.000000000,,0,-1.000000000,0,,1,-0.113160707,-6.483630921,-0.007326126,-0.026862144,1,3.135058641,179.625628680,-0.002442360,-2.782905579,1,-2.865206957,-164.164266060,-0.002442360,2.659828186,1,-0.186350822,-10.677115635,-0.007326126,0.422466278,1,1.346624374,77.155893242,-0.012210846,-0.003663063,-0.113542177,-6.505487526,0.000000000,-0.000000000,6.000000000,2.500000000,3.150317430,180.499892894,0.000000000,-2.784898281,2.000000000,0.500000000,-2.867877245,-164.317262297,0.000000000,2.679786205,1.000000000,0.500000000,-0.187495232,-10.742685451,0.000000000,0.430281579,0.500000000,0.200000003,1.346624374,77.155893242,0.000000000,0.000199606,0.000000000,0.100000001
2026-07-05 12:27:12.445,1783225632.445600033,467.452272971,1,1,467.306063251,1,0.005780992,5,1,0.001216534,5,1,0,1,0,0,1,1,1,0,1,0,-1.000000000,0.000000000,0.000000000,0.000000000,0,-1.000000000,0,0,0,,0,-1.000000000,,0,0,0.000000000,0.000000000,0,-1.000000000,0,,0,-1.000000000,,0,-1.000000000,0,,1,-0.113160707,-6.483630921,-0.007326126,-0.021978378,1,3.135058641,179.625628680,-0.007326126,-2.782905579,1,-2.864825487,-164.142409454,0.002442360,2.659828186,1,-0.186350822,-10.677115635,0.007326126,0.422466278,1,1.346240997,77.133927354,-0.012210846,-0.003663063,-0.113542177,-6.505487526,0.000000000,-0.000000000,6.000000000,2.500000000,3.150317430,180.499892894,0.000000000,-2.784898281,2.000000000,0.500000000,-2.867877245,-164.317262297,0.000000000,2.679786205,1.000000000,0.500000000,-0.187495232,-10.742685451,0.000000000,0.430281579,0.500000000,0.200000003,1.346624374,77.155893242,0.000000000,0.000199606,0.000000000,0.100000001
2026-07-05 12:27:13.445,1783225633.445016384,468.451689204,1,1,468.305479484,1,0.005428023,5,1,0.001197852,5,1,0,1,0,0,1,1,1,0,1,0,-1.000000000,0.000000000,0.000000000,0.000000000,0,-1.000000000,0,0,0,,0,-1.000000000,,0,0,0.000000000,0.000000000,0,-1.000000000,0,,0,-1.000000000,,0,-1.000000000,0,,1,-0.113160707,-6.483630921,-0.021978378,-0.026862144,1,3.135058641,179.625628680,-0.002442360,-2.782905579,1,-2.864825487,-164.142409454,-0.002442360,2.659828186,1,-0.186350822,-10.677115635,-0.007326126,0.422466278,1,1.346624374,77.155893242,-0.012210846,-0.003663063,-0.113542177,-6.505487526,0.000000000,-0.000000000,6.000000000,2.500000000,3.150317430,180.499892894,0.000000000,-2.784898281,2.000000000,0.500000000,-2.867877245,-164.317262297,0.000000000,2.679786205,1.000000000,0.500000000,-0.187495232,-10.742685451,0.000000000,0.430281579,0.500000000,0.200000003,1.346624374,77.155893242,0.000000000,0.000199606,0.000000000,0.100000001
2026-07-05 12:27:14.444,1783225634.444506884,469.451179696,1,1,469.304969976,1,0.005330631,5,1,0.001161611,5,1,0,1,0,0,1,1,1,0,1,0,-1.000000000,0.000000000,0.000000000,0.000000000,0,-1.000000000,0,0,0,,0,-1.000000000,,0,0,0.000000000,0.000000000,0,-1.000000000,0,,0,-1.000000000,,0,-1.000000000,0,,1,-0.113160707,-6.483630921,-0.007326126,-0.026862144,1,3.135058641,179.625628680,-0.002442360,-2.769229889,1,-2.864825487,-164.142409454,0.002442360,2.659828186,1,-0.186350822,-10.677115635,-0.007326126,0.422466278,1,1.346624374,77.155893242,0.012210846,-0.003663063,-0.113542177,-6.505487526,0.000000000,-0.000000000,6.000000000,2.500000000,3.150317430,180.499892894,0.000000000,-2.784898281,2.000000000,0.500000000,-2.867877245,-164.317262297,0.000000000,2.679786205,1.000000000,0.500000000,-0.187495232,-10.742685451,0.000000000,0.430281579,0.500000000,0.200000003,1.346624374,77.155893242,0.000000000,0.000199606,0.000000000,0.100000001
2026-07-05 12:27:15.444,1783225635.443948030,470.450620858,1,1,470.304411138,1,0.005710137,5,1,0.001078314,5,1,0,1,0,0,1,1,1,0,1,0,-1.000000000,0.000000000,0.000000000,0.000000000,0,-1.000000000,0,0,0,,0,-1.000000000,,0,0,0.000000000,0.000000000,0,-1.000000000,0,,0,-1.000000000,,0,-1.000000000,0,,1,-0.113160707,-6.483630921,-0.007326126,-0.026862144,1,3.135058641,179.625628680,-0.002442360,-2.782905579,1,-2.864825487,-164.142409454,-0.002442360,2.673503876,1,-0.186350822,-10.677115635,-0.007326126,0.422466278,1,1.346240997,77.133927354,-0.036628723,-0.003663063,-0.113542177,-6.505487526,0.000000000,-0.000000000,6.000000000,2.500000000,3.150317430,180.499892894,0.000000000,-2.784898281,2.000000000,0.500000000,-2.867877245,-164.317262297,0.000000000,2.679786205,1.000000000,0.500000000,-0.187495232,-10.742685451,0.000000000,0.430281579,0.500000000,0.200000003,1.346624374,77.155893242,0.000000000,0.000199606,0.000000000,0.100000001
2026-07-05 12:27:16.443,1783225636.443566799,471.450239806,1,1,471.304030086,1,0.005237362,5,1,0.000549552,5,1,0,1,0,0,1,1,1,0,1,0,-1.000000000,0.000000000,0.000000000,0.000000000,0,-1.000000000,0,0,0,,0,-1.000000000,,0,0,0.000000000,0.000000000,0,-1.000000000,0,,0,-1.000000000,,0,-1.000000000,0,,1,-0.113160707,-6.483630921,-0.036630630,-0.026862144,1,3.135058641,179.625628680,-0.002442360,-2.769229889,1,-2.864825487,-164.142409454,-0.002442360,2.659828186,1,-0.186350822,-10.677115635,-0.021978378,0.422466278,1,1.346240997,77.133927354,-0.012210846,-0.003663063,-0.113542177,-6.505487526,0.000000000,-0.000000000,6.000000000,2.500000000,3.150317430,180.499892894,0.000000000,-2.784898281,2.000000000,0.500000000,-2.867877245,-164.317262297,0.000000000,2.679786205,1.000000000,0.500000000,-0.187495232,-10.742685451,0.000000000,0.430281579,0.500000000,0.200000003,1.346624374,77.155893242,0.000000000,0.000199606,0.000000000,0.100000001
2026-07-05 12:27:17.443,1783225637.442923069,472.449595983,1,1,472.303386263,1,0.005648200,5,1,0.001193467,5,1,0,1,0,0,1,1,1,0,1,0,-1.000000000,0.000000000,0.000000000,0.000000000,0,-1.000000000,0,0,0,,0,-1.000000000,,0,0,0.000000000,0.000000000,0,-1.000000000,0,,0,-1.000000000,,0,-1.000000000,0,,1,-0.113160707,-6.483630921,0.007326126,-0.021978378,1,3.135058641,179.625628680,-0.002442360,-2.782905579,1,-2.864825487,-164.142409454,-0.002442360,2.659828186,1,-0.186350822,-10.677115635,-0.007326126,0.422466278,1,1.346240997,77.133927354,-0.012210846,-0.003663063,-0.113542177,-6.505487526,0.000000000,-0.000000000,6.000000000,2.500000000,3.150317430,180.499892894,0.000000000,-2.784898281,2.000000000,0.500000000,-2.867877245,-164.317262297,0.000000000,2.679786205,1.000000000,0.500000000,-0.187495232,-10.742685451,0.000000000,0.430281579,0.500000000,0.200000003,1.346624374,77.155893242,0.000000000,0.000199606,0.000000000,0.100000001
2026-07-05 12:27:18.442,1783225638.442538023,473.449210874,1,1,473.303001154,1,0.005643799,5,1,0.001212608,5,1,0,1,0,0,1,1,1,0,1,0,-1.000000000,0.000000000,0.000000000,0.000000000,0,-1.000000000,0,0,0,,0,-1.000000000,,0,0,0.000000000,0.000000000,0,-1.000000000,0,,0,-1.000000000,,0,-1.000000000,0,,1,-0.113160707,-6.483630921,-0.007326126,-0.031745911,1,3.135058641,179.625628680,-0.002442360,-2.782905579,1,-2.864825487,-164.142409454,-0.002442360,2.659828186,1,-0.186350822,-10.677115635,0.007326126,0.422466278,1,1.346240997,77.133927354,-0.012210846,-0.003663063,-0.113542177,-6.505487526,0.000000000,-0.000000000,6.000000000,2.500000000,3.150317430,180.499892894,0.000000000,-2.784898281,2.000000000,0.500000000,-2.867877245,-164.317262297,0.000000000,2.679786205,1.000000000,0.500000000,-0.187495232,-10.742685451,0.000000000,0.430281579,0.500000000,0.200000003,1.346624374,77.155893242,0.000000000,0.000199606,0.000000000,0.100000001
2026-07-05 12:27:19.442,1783225639.442029715,474.448702820,1,1,474.302493100,1,0.003953505,5,1,0.000801571,5,1,0,1,0,0,1,1,1,0,1,0,-1.000000000,0.000000000,0.000000000,0.000000000,0,-1.000000000,0,0,0,,0,-1.000000000,,0,0,0.000000000,0.000000000,0,-1.000000000,0,,0,-1.000000000,,0,-1.000000000,0,,1,-0.113160707,-6.483630921,-0.021978378,-0.026862144,1,3.135058641,179.625628680,-0.002442360,-2.769229889,1,-2.865206957,-164.164266060,-0.002442360,2.659828186,1,-0.186350822,-10.677115635,-0.007326126,0.422466278,1,1.346240997,77.133927354,-0.036628723,-0.003663063,-0.113542177,-6.505487526,0.000000000,-0.000000000,6.000000000,2.500000000,3.150317430,180.499892894,0.000000000,-2.784898281,2.000000000,0.500000000,-2.867877245,-164.317262297,0.000000000,2.679786205,1.000000000,0.500000000,-0.187495232,-10.742685451,0.000000000,0.430281579,0.500000000,0.200000003,1.346624374,77.155893242,0.000000000,0.000199606,0.000000000,0.100000001
2026-07-05 12:27:20.441,1783225640.441533804,475.448206545,1,1,475.301996825,1,0.002686551,5,1,0.000642314,5,1,0,1,0,0,1,1,1,0,1,0,-1.000000000,0.000000000,0.000000000,0.000000000,0,-1.000000000,0,0,0,,0,-1.000000000,,0,0,0.000000000,0.000000000,0,-1.000000000,0,,0,-1.000000000,,0,-1.000000000,0,,1,-0.113160707,-6.483630921,-0.021978378,-0.026862144,1,3.135058641,179.625628680,-0.002442360,-2.769229889,1,-2.865206957,-164.164266060,-0.002442360,2.659828186,1,-0.186350822,-10.677115635,-0.007326126,0.422466278,1,1.346624374,77.155893242,0.012210846,-0.003663063,-0.113542177,-6.505487526,0.000000000,-0.000000000,6.000000000,2.500000000,3.150317430,180.499892894,0.000000000,-2.784898281,2.000000000,0.500000000,-2.867877245,-164.317262297,0.000000000,2.679786205,1.000000000,0.500000000,-0.187495232,-10.742685451,0.000000000,0.430281579,0.500000000,0.200000003,1.346624374,77.155893242,0.000000000,0.000199606,0.000000000,0.100000001
2026-07-05 12:27:21.441,1783225641.441137075,476.447809959,1,1,476.301600239,1,0.005470374,5,1,0.001057655,5,1,0,1,0,0,1,1,1,0,1,0,-1.000000000,0.000000000,0.000000000,0.000000000,0,-1.000000000,0,0,0,,0,-1.000000000,,0,0,0.000000000,0.000000000,0,-1.000000000,0,,0,-1.000000000,,0,-1.000000000,0,,1,-0.113160707,-6.483630921,-0.007326126,-0.026862144,1,3.135058641,179.625628680,0.002442360,-2.782905579,1,-2.864825487,-164.142409454,-0.002442360,2.659828186,1,-0.186350822,-10.677115635,-0.021978378,0.422466278,1,1.346624374,77.155893242,-0.036628723,-0.003663063,-0.113542177,-6.505487526,0.000000000,-0.000000000,6.000000000,2.500000000,3.150317430,180.499892894,0.000000000,-2.784898281,2.000000000,0.500000000,-2.867877245,-164.317262297,0.000000000,2.679786205,1.000000000,0.500000000,-0.187495232,-10.742685451,0.000000000,0.430281579,0.500000000,0.200000003,1.346624374,77.155893242,0.000000000,0.000199606,0.000000000,0.100000001
2026-07-05 12:27:22.440,1783225642.440709352,477.447382282,1,1,477.301172562,1,0.005444975,5,1,0.000823425,5,1,0,1,0,0,1,1,1,0,1,0,-1.000000000,0.000000000,0.000000000,0.000000000,0,-1.000000000,0,0,0,,0,-1.000000000,,0,0,0.000000000,0.000000000,0,-1.000000000,0,,0,-1.000000000,,0,-1.000000000,0,,1,-0.113542177,-6.505487526,-0.007326126,-0.026862144,1,3.135058641,179.625628680,-0.002442360,-2.769229889,1,-2.865206957,-164.164266060,-0.002442360,2.659828186,1,-0.186350822,-10.677115635,-0.007326126,0.422466278,1,1.346624374,77.155893242,-0.012210846,-0.003663063,-0.113542177,-6.505487526,0.000000000,-0.000000000,6.000000000,2.500000000,3.150317430,180.499892894,0.000000000,-2.784898281,2.000000000,0.500000000,-2.867877245,-164.317262297,0.000000000,2.679786205,1.000000000,0.500000000,-0.187495232,-10.742685451,0.000000000,0.430281579,0.500000000,0.200000003,1.346624374,77.155893242,0.000000000,0.000199606,0.000000000,0.100000001
2026-07-05 12:27:23.440,1783225643.440257311,478.446930118,1,1,478.300720398,1,0.005594922,5,1,0.001189815,5,1,0,1,0,0,1,1,1,0,1,0,-1.000000000,0.000000000,0.000000000,0.000000000,0,-1.000000000,0,0,0,,0,-1.000000000,,0,0,0.000000000,0.000000000,0,-1.000000000,0,,0,-1.000000000,,0,-1.000000000,0,,1,-0.113160707,-6.483630921,-0.007326126,-0.026862144,1,3.135058641,179.625628680,0.002442360,-2.769229889,1,-2.865206957,-164.164266060,-0.007326126,2.659828186,1,-0.186350822,-10.677115635,0.007326126,0.422466278,1,1.346240997,77.133927354,-0.012210846,-0.003663063,-0.113542177,-6.505487526,0.000000000,-0.000000000,6.000000000,2.500000000,3.150317430,180.499892894,0.000000000,-2.784898281,2.000000000,0.500000000,-2.867877245,-164.317262297,0.000000000,2.679786205,1.000000000,0.500000000,-0.187495232,-10.742685451,0.000000000,0.430281579,0.500000000,0.200000003,1.346624374,77.155893242,0.000000000,0.000199606,0.000000000,0.100000001
2026-07-05 12:27:24.440,1783225644.439938784,479.446611779,1,1,479.300402059,1,0.005185199,5,1,0.000829716,5,1,0,1,0,0,1,1,1,0,1,0,-1.000000000,0.000000000,0.000000000,0.000000000,0,-1.000000000,0,0,0,,0,-1.000000000,,0,0,0.000000000,0.000000000,0,-1.000000000,0,,0,-1.000000000,,0,-1.000000000,0,,1,-0.113160707,-6.483630921,-0.007326126,-0.021978378,1,3.135058641,179.625628680,-0.002442360,-2.769229889,1,-2.864825487,-164.142409454,-0.002442360,2.659828186,1,-0.186350822,-10.677115635,-0.007326126,0.422466278,1,1.346624374,77.155893242,0.012210846,-0.003663063,-0.113542177,-6.505487526,0.000000000,-0.000000000,6.000000000,2.500000000,3.150317430,180.499892894,0.000000000,-2.784898281,2.000000000,0.500000000,-2.867877245,-164.317262297,0.000000000,2.679786205,1.000000000,0.500000000,-0.187495232,-10.742685451,0.000000000,0.430281579,0.500000000,0.200000003,1.346624374,77.155893242,0.000000000,0.000199606,0.000000000,0.100000001
2026-07-05 12:27:25.439,1783225645.439441681,480.446114522,1,1,480.299904802,1,0.005644076,5,1,0.001171331,5,1,0,1,0,0,1,1,1,0,1,0,-1.000000000,0.000000000,0.000000000,0.000000000,0,-1.000000000,0,0,0,,0,-1.000000000,,0,0,0.000000000,0.000000000,0,-1.000000000,0,,0,-1.000000000,,0,-1.000000000,0,,1,-0.113160707,-6.483630921,-0.007326126,-0.026862144,1,3.135058641,179.625628680,-0.002442360,-2.769229889,1,-2.864825487,-164.142409454,-0.002442360,2.659828186,1,-0.186350822,-10.677115635,0.007326126,0.422466278,1,1.346240997,77.133927354,-0.012210846,-0.003663063,-0.113542177,-6.505487526,0.000000000,-0.000000000,6.000000000,2.500000000,3.150317430,180.499892894,0.000000000,-2.784898281,2.000000000,0.500000000,-2.867877245,-164.317262297,0.000000000,2.679786205,1.000000000,0.500000000,-0.187495232,-10.742685451,0.000000000,0.430281579,0.500000000,0.200000003,1.346624374,77.155893242,0.000000000,0.000199606,0.000000000,0.100000001
2026-07-05 12:27:26.439,1783225646.439213514,481.445886436,1,1,481.299676716,1,0.005040632,5,1,0.001356287,5,1,0,1,0,0,1,1,1,0,1,0,-1.000000000,0.000000000,0.000000000,0.000000000,0,-1.000000000,0,0,0,,0,-1.000000000,,0,0,0.000000000,0.000000000,0,-1.000000000,0,,0,-1.000000000,,0,-1.000000000,0,,1,-0.113160707,-6.483630921,0.007326126,-0.026862144,1,3.135058641,179.625628680,-0.002442360,-2.782905579,1,-2.864825487,-164.142409454,-0.002442360,2.659828186,1,-0.186350822,-10.677115635,-0.007326126,0.422466278,1,1.346240997,77.133927354,-0.036628723,-0.003663063,-0.113542177,-6.505487526,0.000000000,-0.000000000,6.000000000,2.500000000,3.150317430,180.499892894,0.000000000,-2.784898281,2.000000000,0.500000000,-2.867877245,-164.317262297,0.000000000,2.679786205,1.000000000,0.500000000,-0.187495232,-10.742685451,0.000000000,0.430281579,0.500000000,0.200000003,1.346624374,77.155893242,0.000000000,0.000199606,0.000000000,0.100000001
2026-07-05 12:27:27.438,1783225647.438720465,482.445393512,1,1,482.299183792,1,0.005298357,5,1,0.000715159,5,1,0,1,0,0,1,1,1,0,1,0,-1.000000000,0.000000000,0.000000000,0.000000000,0,-1.000000000,0,0,0,,0,-1.000000000,,0,0,0.000000000,0.000000000,0,-1.000000000,0,,0,-1.000000000,,0,-1.000000000,0,,1,-0.113160707,-6.483630921,0.007326126,-0.026862144,1,3.135058641,179.625628680,-0.007326126,-2.769229889,1,-2.865206957,-164.164266060,-0.007326126,2.659828186,1,-0.186350822,-10.677115635,-0.007326126,0.422466278,1,1.346624374,77.155893242,-0.036628723,-0.003663063,-0.113542177,-6.505487526,0.000000000,-0.000000000,6.000000000,2.500000000,3.150317430,180.499892894,0.000000000,-2.784898281,2.000000000,0.500000000,-2.867877245,-164.317262297,0.000000000,2.679786205,1.000000000,0.500000000,-0.187495232,-10.742685451,0.000000000,0.430281579,0.500000000,0.200000003,1.346624374,77.155893242,0.000000000,0.000199606,0.000000000,0.100000001
2026-07-05 12:27:28.438,1783225648.438307285,483.444980274,1,1,483.298770554,1,0.005692215,5,1,0.001258610,5,1,0,1,0,0,1,1,1,0,1,0,-1.000000000,0.000000000,0.000000000,0.000000000,0,-1.000000000,0,0,0,,0,-1.000000000,,0,0,0.000000000,0.000000000,0,-1.000000000,0,,0,-1.000000000,,0,-1.000000000,0,,1,-0.113542177,-6.505487526,-0.021978378,-0.026862144,1,3.135058641,179.625628680,-0.002442360,-2.769229889,1,-2.864825487,-164.142409454,-0.002442360,2.673503876,1,-0.186350822,-10.677115635,-0.021978378,0.422466278,1,1.346624374,77.155893242,-0.036628723,-0.003663063,-0.113542177,-6.505487526,0.000000000,-0.000000000,6.000000000,2.500000000,3.150317430,180.499892894,0.000000000,-2.784898281,2.000000000,0.500000000,-2.867877245,-164.317262297,0.000000000,2.679786205,1.000000000,0.500000000,-0.187495232,-10.742685451,0.000000000,0.430281579,0.500000000,0.200000003,1.346624374,77.155893242,0.000000000,0.000199606,0.000000000,0.100000001
2026-07-05 12:27:29.438,1783225649.437991381,484.444664414,1,1,484.298454694,1,0.005420859,5,1,0.001320365,5,1,0,1,0,0,1,1,1,0,1,0,-1.000000000,0.000000000,0.000000000,0.000000000,0,-1.000000000,0,0,0,,0,-1.000000000,,0,0,0.000000000,0.000000000,0,-1.000000000,0,,0,-1.000000000,,0,-1.000000000,0,,1,-0.113160707,-6.483630921,-0.007326126,-0.026862144,1,3.135058641,179.625628680,-0.002442360,-2.782905579,1,-2.865206957,-164.164266060,-0.002442360,2.659828186,1,-0.186350822,-10.677115635,-0.007326126,0.422466278,1,1.346240997,77.133927354,-0.012210846,-0.003663063,-0.113542177,-6.505487526,0.000000000,-0.000000000,6.000000000,2.500000000,3.150317430,180.499892894,0.000000000,-2.784898281,2.000000000,0.500000000,-2.867877245,-164.317262297,0.000000000,2.679786205,1.000000000,0.500000000,-0.187495232,-10.742685451,0.000000000,0.430281579,0.500000000,0.200000003,1.346624374,77.155893242,0.000000000,0.000199606,0.000000000,0.100000001
2026-07-05 12:27:30.437,1783225650.437626600,485.444299644,1,1,485.298089924,1,0.005713977,5,1,0.001158289,5,1,0,1,0,0,1,1,1,0,1,0,-1.000000000,0.000000000,0.000000000,0.000000000,0,-1.000000000,0,0,0,,0,-1.000000000,,0,0,0.000000000,0.000000000,0,-1.000000000,0,,0,-1.000000000,,0,-1.000000000,0,,1,-0.113160707,-6.483630921,-0.007326126,-0.021978378,1,3.135058641,179.625628680,-0.002442360,-2.782905579,1,-2.864825487,-164.142409454,-0.002442360,2.673503876,1,-0.186350822,-10.677115635,-0.021978378,0.422466278,1,1.346624374,77.155893242,0.012210846,-0.003663063,-0.113542177,-6.505487526,0.000000000,-0.000000000,6.000000000,2.500000000,3.150317430,180.499892894,0.000000000,-2.784898281,2.000000000,0.500000000,-2.867877245,-164.317262297,0.000000000,2.679786205,1.000000000,0.500000000,-0.187495232,-10.742685451,0.000000000,0.430281579,0.500000000,0.200000003,1.346624374,77.155893242,0.000000000,0.000199606,0.000000000,0.100000001
2026-07-05 12:27:31.437,1783225651.437276363,486.443949320,1,1,486.297739600,1,0.005558749,5,1,0.001097155,5,1,0,1,0,0,1,1,1,0,1,0,-1.000000000,0.000000000,0.000000000,0.000000000,0,-1.000000000,0,0,0,,0,-1.000000000,,0,0,0.000000000,0.000000000,0,-1.000000000,0,,0,-1.000000000,,0,-1.000000000,0,,1,-0.113160707,-6.483630921,-0.007326126,-0.026862144,1,3.135058641,179.625628680,-0.002442360,-2.782905579,1,-2.864825487,-164.142409454,-0.002442360,2.659828186,1,-0.186350822,-10.677115635,-0.021978378,0.422466278,1,1.346240997,77.133927354,0.012210846,-0.003663063,-0.113542177,-6.505487526,0.000000000,-0.000000000,6.000000000,2.500000000,3.150317430,180.499892894,0.000000000,-2.784898281,2.000000000,0.500000000,-2.867877245,-164.317262297,0.000000000,2.679786205,1.000000000,0.500000000,-0.187495232,-10.742685451,0.000000000,0.430281579,0.500000000,0.200000003,1.346624374,77.155893242,0.000000000,0.000199606,0.000000000,0.100000001
2026-07-05 12:27:32.437,1783225652.436908960,487.443582075,1,1,487.297372355,1,0.005539343,5,1,0.001083050,5,1,0,1,0,0,1,1,1,0,1,0,-1.000000000,0.000000000,0.000000000,0.000000000,0,-1.000000000,0,0,0,,0,-1.000000000,,0,0,0.000000000,0.000000000,0,-1.000000000,0,,0,-1.000000000,,0,-1.000000000,0,,1,-0.113542177,-6.505487526,-0.007326126,-0.026862144,1,3.135058641,179.625628680,-0.002442360,-2.769229889,1,-2.864825487,-164.142409454,-0.002442360,2.659828186,1,-0.186350822,-10.677115635,-0.007326126,0.422466278,1,1.346624374,77.155893242,-0.036628723,-0.003663063,-0.113542177,-6.505487526,0.000000000,-0.000000000,6.000000000,2.500000000,3.150317430,180.499892894,0.000000000,-2.784898281,2.000000000,0.500000000,-2.867877245,-164.317262297,0.000000000,2.679786205,1.000000000,0.500000000,-0.187495232,-10.742685451,0.000000000,0.430281579,0.500000000,0.200000003,1.346624374,77.155893242,0.000000000,0.000199606,0.000000000,0.100000001
2026-07-05 12:27:33.436,1783225653.436633587,488.443306438,1,1,488.297096718,1,0.005312403,5,1,0.001237083,5,1,0,1,0,0,1,1,1,0,1,0,-1.000000000,0.000000000,0.000000000,0.000000000,0,-1.000000000,0,0,0,,0,-1.000000000,,0,0,0.000000000,0.000000000,0,-1.000000000,0,,0,-1.000000000,,0,-1.000000000,0,,1,-0.113160707,-6.483630921,-0.007326126,-0.026862144,1,3.135058641,179.625628680,-0.002442360,-2.769229889,1,-2.865206957,-164.164266060,-0.002442360,2.659828186,1,-0.186350822,-10.677115635,-0.007326126,0.422466278,1,1.346624374,77.155893242,0.012210846,-0.003663063,-0.113542177,-6.505487526,0.000000000,-0.000000000,6.000000000,2.500000000,3.150317430,180.499892894,0.000000000,-2.784898281,2.000000000,0.500000000,-2.867877245,-164.317262297,0.000000000,2.679786205,1.000000000,0.500000000,-0.187495232,-10.742685451,0.000000000,0.430281579,0.500000000,0.200000003,1.346624374,77.155893242,0.000000000,0.000199606,0.000000000,0.100000001
2026-07-05 12:27:34.436,1783225654.436373711,489.443046629,1,1,489.296836909,1,0.005369007,5,1,0.001267189,5,1,0,1,0,0,1,1,1,0,1,0,-1.000000000,0.000000000,0.000000000,0.000000000,0,-1.000000000,0,0,0,,0,-1.000000000,,0,0,0.000000000,0.000000000,0,-1.000000000,0,,0,-1.000000000,,0,-1.000000000,0,,1,-0.113160707,-6.483630921,-0.021978378,-0.026862144,1,3.135058641,179.625628680,-0.002442360,-2.782905579,1,-2.865206957,-164.164266060,-0.007326126,2.659828186,1,-0.186350822,-10.677115635,-0.021978378,0.422466278,1,1.346240997,77.133927354,-0.036628723,-0.003663063,-0.113542177,-6.505487526,0.000000000,-0.000000000,6.000000000,2.500000000,3.150317430,180.499892894,0.000000000,-2.784898281,2.000000000,0.500000000,-2.867877245,-164.317262297,0.000000000,2.679786205,1.000000000,0.500000000,-0.187495232,-10.742685451,0.000000000,0.430281579,0.500000000,0.200000003,1.346624374,77.155893242,0.000000000,0.000199606,0.000000000,0.100000001
2026-07-05 12:27:35.436,1783225655.436153173,490.442826105,1,1,490.296616385,1,0.005677153,5,1,0.001210516,5,1,0,1,0,0,1,1,1,0,1,0,-1.000000000,0.000000000,0.000000000,0.000000000,0,-1.000000000,0,0,0,,0,-1.000000000,,0,0,0.000000000,0.000000000,0,-1.000000000,0,,0,-1.000000000,,0,-1.000000000,0,,1,-0.113160707,-6.483630921,0.007326126,-0.026862144,1,3.135058641,179.625628680,-0.002442360,-2.769229889,1,-2.864825487,-164.142409454,-0.002442360,2.659828186,1,-0.186350822,-10.677115635,-0.007326126,0.422466278,1,1.346624374,77.155893242,0.012210846,-0.003663063,-0.113542177,-6.505487526,0.000000000,-0.000000000,6.000000000,2.500000000,3.150317430,180.499892894,0.000000000,-2.784898281,2.000000000,0.500000000,-2.867877245,-164.317262297,0.000000000,2.679786205,1.000000000,0.500000000,-0.187495232,-10.742685451,0.000000000,0.430281579,0.500000000,0.200000003,1.346624374,77.155893242,0.000000000,0.000199606,0.000000000,0.100000001
2026-07-05 12:27:36.436,1783225656.435896397,491.442569267,1,1,491.296359547,1,0.005711283,5,1,0.001155340,5,1,0,1,0,0,1,1,1,0,1,0,-1.000000000,0.000000000,0.000000000,0.000000000,0,-1.000000000,0,0,0,,0,-1.000000000,,0,0,0.000000000,0.000000000,0,-1.000000000,0,,0,-1.000000000,,0,-1.000000000,0,,1,-0.113160707,-6.483630921,-0.007326126,-0.026862144,1,3.135058641,179.625628680,-0.002442360,-2.782905579,1,-2.864825487,-164.142409454,-0.002442360,2.659828186,1,-0.186350822,-10.677115635,-0.007326126,0.417582512,1,1.346240997,77.133927354,-0.012210846,-0.003663063,-0.113542177,-6.505487526,0.000000000,-0.000000000,6.000000000,2.500000000,3.150317430,180.499892894,0.000000000,-2.784898281,2.000000000,0.500000000,-2.867877245,-164.317262297,0.000000000,2.679786205,1.000000000,0.500000000,-0.187495232,-10.742685451,0.000000000,0.430281579,0.500000000,0.200000003,1.346624374,77.155893242,0.000000000,0.000199606,0.000000000,0.100000001
2026-07-05 12:27:37.435,1783225657.435703039,492.442376078,1,1,492.296166358,1,0.005438181,5,1,0.001082212,5,1,0,1,0,0,1,1,1,0,1,0,-1.000000000,0.000000000,0.000000000,0.000000000,0,-1.000000000,0,0,0,,0,-1.000000000,,0,0,0.000000000,0.000000000,0,-1.000000000,0,,0,-1.000000000,,0,-1.000000000,0,,1,-0.113160707,-6.483630921,-0.007326126,-0.026862144,1,3.135058641,179.625628680,-0.002442360,-2.769229889,1,-2.864825487,-164.142409454,0.002442360,2.659828186,1,-0.186350822,-10.677115635,-0.007326126,0.422466278,1,1.346240997,77.133927354,-0.036628723,-0.003663063,-0.113542177,-6.505487526,0.000000000,-0.000000000,6.000000000,2.500000000,3.150317430,180.499892894,0.000000000,-2.784898281,2.000000000,0.500000000,-2.867877245,-164.317262297,0.000000000,2.679786205,1.000000000,0.500000000,-0.187495232,-10.742685451,0.000000000,0.430281579,0.500000000,0.200000003,1.346624374,77.155893242,0.000000000,0.000199606,0.000000000,0.100000001
2026-07-05 12:27:38.435,1783225658.435443878,493.442117022,1,1,493.295907302,1,0.005559376,5,1,0.001217709,5,1,0,1,0,0,1,1,1,0,1,0,-1.000000000,0.000000000,0.000000000,0.000000000,0,-1.000000000,0,0,0,,0,-1.000000000,,0,0,0.000000000,0.000000000,0,-1.000000000,0,,0,-1.000000000,,0,-1.000000000,0,,1,-0.113160707,-6.483630921,-0.007326126,-0.021978378,1,3.135058641,179.625628680,-0.002442360,-2.782905579,1,-2.865206957,-164.164266060,-0.002442360,2.659828186,1,-0.186350822,-10.677115635,-0.007326126,0.422466278,1,1.346240997,77.133927354,-0.036628723,-0.003663063,-0.113542177,-6.505487526,0.000000000,-0.000000000,6.000000000,2.500000000,3.150317430,180.499892894,0.000000000,-2.784898281,2.000000000,0.500000000,-2.867877245,-164.317262297,0.000000000,2.679786205,1.000000000,0.500000000,-0.187495232,-10.742685451,0.000000000,0.430281579,0.500000000,0.200000003,1.346624374,77.155893242,0.000000000,0.000199606,0.000000000,0.100000001
2026-07-05 12:27:39.435,1783225659.435188770,494.441861717,1,1,494.295651997,1,0.005696363,5,1,0.001060849,5,1,0,1,0,0,1,1,1,0,1,0,-1.000000000,0.000000000,0.000000000,0.000000000,0,-1.000000000,0,0,0,,0,-1.000000000,,0,0,0.000000000,0.000000000,0,-1.000000000,0,,0,-1.000000000,,0,-1.000000000,0,,1,-0.113160707,-6.483630921,-0.007326126,-0.021978378,1,3.135058641,179.625628680,-0.002442360,-2.769229889,1,-2.864825487,-164.142409454,-0.002442360,2.659828186,1,-0.186350822,-10.677115635,-0.007326126,0.422466278,1,1.346240997,77.133927354,-0.036628723,-0.003663063,-0.113542177,-6.505487526,0.000000000,-0.000000000,6.000000000,2.500000000,3.150317430,180.499892894,0.000000000,-2.784898281,2.000000000,0.500000000,-2.867877245,-164.317262297,0.000000000,2.679786205,1.000000000,0.500000000,-0.187495232,-10.742685451,0.000000000,0.430281579,0.500000000,0.200000003,1.346624374,77.155893242,0.000000000,0.000199606,0.000000000,0.100000001
2026-07-05 12:27:40.435,1783225660.434937000,495.441610082,1,1,495.295400362,1,0.005773816,5,1,0.001186494,5,1,0,1,0,0,1,1,1,0,1,0,-1.000000000,0.000000000,0.000000000,0.000000000,0,-1.000000000,0,0,0,,0,-1.000000000,,0,0,0.000000000,0.000000000,0,-1.000000000,0,,0,-1.000000000,,0,-1.000000000,0,,1,-0.113160707,-6.483630921,-0.007326126,-0.026862144,1,3.135058641,179.625628680,-0.002442360,-2.769229889,1,-2.865206957,-164.164266060,-0.002442360,2.659828186,1,-0.186350822,-10.677115635,-0.007326126,0.422466278,1,1.346240997,77.133927354,-0.012210846,-0.003663063,-0.113542177,-6.505487526,0.000000000,-0.000000000,6.000000000,2.500000000,3.150317430,180.499892894,0.000000000,-2.784898281,2.000000000,0.500000000,-2.867877245,-164.317262297,0.000000000,2.679786205,1.000000000,0.500000000,-0.187495232,-10.742685451,0.000000000,0.430281579,0.500000000,0.200000003,1.346624374,77.155893242,0.000000000,0.000199606,0.000000000,0.100000001
2026-07-05 12:27:41.434,1783225661.434695244,496.441368145,1,1,496.295158425,1,0.005843807,5,1,0.001346830,5,1,0,1,0,0,1,1,1,0,1,0,-1.000000000,0.000000000,0.000000000,0.000000000,0,-1.000000000,0,0,0,,0,-1.000000000,,0,0,0.000000000,0.000000000,0,-1.000000000,0,,0,-1.000000000,,0,-1.000000000,0,,1,-0.113160707,-6.483630921,-0.007326126,-0.021978378,1,3.135058641,179.625628680,-0.002442360,-2.769229889,1,-2.864825487,-164.142409454,-0.002442360,2.659828186,1,-0.186350822,-10.677115635,-0.007326126,0.422466278,1,1.346240997,77.133927354,-0.061050415,-0.003663063,-0.113542177,-6.505487526,0.000000000,-0.000000000,6.000000000,2.500000000,3.150317430,180.499892894,0.000000000,-2.784898281,2.000000000,0.500000000,-2.867877245,-164.317262297,0.000000000,2.679786205,1.000000000,0.500000000,-0.187495232,-10.742685451,0.000000000,0.430281579,0.500000000,0.200000003,1.346624374,77.155893242,0.000000000,0.000199606,0.000000000,0.100000001
2026-07-05 12:27:42.434,1783225662.434457541,497.441130409,1,1,497.294920689,1,0.005265498,5,1,0.001197720,5,1,0,1,0,0,1,1,1,0,1,0,-1.000000000,0.000000000,0.000000000,0.000000000,0,-1.000000000,0,0,0,,0,-1.000000000,,0,0,0.000000000,0.000000000,0,-1.000000000,0,,0,-1.000000000,,0,-1.000000000,0,,1,-0.113160707,-6.483630921,-0.007326126,-0.021978378,1,3.135058641,179.625628680,-0.002442360,-2.769229889,1,-2.865206957,-164.164266060,0.002442360,2.659828186,1,-0.186350822,-10.677115635,-0.007326126,0.422466278,1,1.346240997,77.133927354,-0.012210846,-0.003663063,-0.113542177,-6.505487526,0.000000000,-0.000000000,6.000000000,2.500000000,3.150317430,180.499892894,0.000000000,-2.784898281,2.000000000,0.500000000,-2.867877245,-164.317262297,0.000000000,2.679786205,1.000000000,0.500000000,-0.187495232,-10.742685451,0.000000000,0.430281579,0.500000000,0.200000003,1.346624374,77.155893242,0.000000000,0.000199606,0.000000000,0.100000001
2026-07-05 12:27:43.434,1783225663.434233427,498.440906228,1,1,498.294696508,1,0.005455394,5,1,0.001110732,5,1,0,1,0,0,1,1,1,0,1,0,-1.000000000,0.000000000,0.000000000,0.000000000,0,-1.000000000,0,0,0,,0,-1.000000000,,0,0,0.000000000,0.000000000,0,-1.000000000,0,,0,-1.000000000,,0,-1.000000000,0,,1,-0.113160707,-6.483630921,-0.007326126,-0.026862144,1,3.135058641,179.625628680,-0.002442360,-2.782905579,1,-2.865206957,-164.164266060,-0.002442360,2.659828186,1,-0.186350822,-10.677115635,-0.007326126,0.422466278,1,1.346240997,77.133927354,-0.012210846,-0.003663063,-0.113542177,-6.505487526,0.000000000,-0.000000000,6.000000000,2.500000000,3.150317430,180.499892894,0.000000000,-2.784898281,2.000000000,0.500000000,-2.867877245,-164.317262297,0.000000000,2.679786205,1.000000000,0.500000000,-0.187495232,-10.742685451,0.000000000,0.430281579,0.500000000,0.200000003,1.346624374,77.155893242,0.000000000,0.000199606,0.000000000,0.100000001
2026-07-05 12:27:44.434,1783225664.433989525,499.440662450,1,1,499.294452730,1,0.005739381,5,1,0.001344588,5,1,0,1,0,0,1,1,1,0,1,0,-1.000000000,0.000000000,0.000000000,0.000000000,0,-1.000000000,0,0,0,,0,-1.000000000,,0,0,0.000000000,0.000000000,0,-1.000000000,0,,0,-1.000000000,,0,-1.000000000,0,,1,-0.113160707,-6.483630921,0.007326126,-0.026862144,1,3.135058641,179.625628680,-0.007326126,-2.782905579,1,-2.865206957,-164.164266060,-0.002442360,2.659828186,1,-0.186350822,-10.677115635,0.007326126,0.422466278,1,1.346624374,77.155893242,0.012210846,-0.003663063,-0.113542177,-6.505487526,0.000000000,-0.000000000,6.000000000,2.500000000,3.150317430,180.499892894,0.000000000,-2.784898281,2.000000000,0.500000000,-2.867877245,-164.317262297,0.000000000,2.679786205,1.000000000,0.500000000,-0.187495232,-10.742685451,0.000000000,0.430281579,0.500000000,0.200000003,1.346624374,77.155893242,0.000000000,0.000199606,0.000000000,0.100000001
2026-07-05 12:27:45.433,1783225665.433769941,500.440442968,1,1,500.294233248,1,0.005559377,5,1,0.001222978,5,1,0,1,0,0,1,1,1,0,1,0,-1.000000000,0.000000000,0.000000000,0.000000000,0,-1.000000000,0,0,0,,0,-1.000000000,,0,0,0.000000000,0.000000000,0,-1.000000000,0,,0,-1.000000000,,0,-1.000000000,0,,1,-0.113160707,-6.483630921,-0.007326126,-0.026862144,1,3.135058641,179.625628680,-0.002442360,-2.782905579,1,-2.865206957,-164.164266060,0.002442360,2.673503876,1,-0.186350822,-10.677115635,0.007326126,0.427350044,1,1.346624374,77.155893242,-0.012210846,-0.003663063,-0.113542177,-6.505487526,0.000000000,-0.000000000,6.000000000,2.500000000,3.150317430,180.499892894,0.000000000,-2.784898281,2.000000000,0.500000000,-2.867877245,-164.317262297,0.000000000,2.679786205,1.000000000,0.500000000,-0.187495232,-10.742685451,0.000000000,0.430281579,0.500000000,0.200000003,1.346624374,77.155893242,0.000000000,0.000199606,0.000000000,0.100000001
2026-07-05 12:27:46.433,1783225666.433494568,501.440167384,1,1,501.293957664,1,0.005192547,5,1,0.001236355,5,1,0,1,0,0,1,1,1,0,1,0,-1.000000000,0.000000000,0.000000000,0.000000000,0,-1.000000000,0,0,0,,0,-1.000000000,,0,0,0.000000000,0.000000000,0,-1.000000000,0,,0,-1.000000000,,0,-1.000000000,0,,1,-0.113160707,-6.483630921,-0.007326126,-0.026862144,1,3.135058641,179.625628680,-0.002442360,-2.782905579,1,-2.865206957,-164.164266060,-0.007326126,2.659828186,1,-0.186350822,-10.677115635,-0.007326126,0.422466278,1,1.346240997,77.133927354,-0.012210846,-0.003663063,-0.113542177,-6.505487526,0.000000000,-0.000000000,6.000000000,2.500000000,3.150317430,180.499892894,0.000000000,-2.784898281,2.000000000,0.500000000,-2.867877245,-164.317262297,0.000000000,2.679786205,1.000000000,0.500000000,-0.187495232,-10.742685451,0.000000000,0.430281579,0.500000000,0.200000003,1.346624374,77.155893242,0.000000000,0.000199606,0.000000000,0.100000001
2026-07-05 12:27:47.433,1783225667.433348894,502.440021776,1,1,502.293812056,1,0.005204420,5,1,0.001237926,5,1,0,1,0,0,1,1,1,0,1,0,-1.000000000,0.000000000,0.000000000,0.000000000,0,-1.000000000,0,0,0,,0,-1.000000000,,0,0,0.000000000,0.000000000,0,-1.000000000,0,,0,-1.000000000,,0,-1.000000000,0,,1,-0.113160707,-6.483630921,-0.007326126,-0.026862144,1,3.135058641,179.625628680,-0.002442360,-2.769229889,1,-2.865206957,-164.164266060,-0.002442360,2.659828186,1,-0.186350822,-10.677115635,-0.007326126,0.422466278,1,1.346624374,77.155893242,0.012210846,-0.003663063,-0.113542177,-6.505487526,0.000000000,-0.000000000,6.000000000,2.500000000,3.150317430,180.499892894,0.000000000,-2.784898281,2.000000000,0.500000000,-2.867877245,-164.317262297,0.000000000,2.679786205,1.000000000,0.500000000,-0.187495232,-10.742685451,0.000000000,0.430281579,0.500000000,0.200000003,1.346624374,77.155893242,0.000000000,0.000199606,0.000000000,0.100000001
2026-07-05 12:27:48.433,1783225668.433209419,503.439882304,1,1,503.293672584,1,0.005361559,5,1,0.001041548,5,1,0,1,0,0,1,1,1,0,1,0,-1.000000000,0.000000000,0.000000000,0.000000000,0,-1.000000000,0,0,0,,0,-1.000000000,,0,0,0.000000000,0.000000000,0,-1.000000000,0,,0,-1.000000000,,0,-1.000000000,0,,1,-0.113160707,-6.483630921,-0.021978378,-0.021978378,1,3.135058641,179.625628680,-0.002442360,-2.782905579,1,-2.865206957,-164.164266060,-0.002442360,2.659828186,1,-0.186350822,-10.677115635,-0.007326126,0.422466278,1,1.346240997,77.133927354,-0.012210846,-0.003663063,-0.113542177,-6.505487526,0.000000000,-0.000000000,6.000000000,2.500000000,3.150317430,180.499892894,0.000000000,-2.784898281,2.000000000,0.500000000,-2.867877245,-164.317262297,0.000000000,2.679786205,1.000000000,0.500000000,-0.187495232,-10.742685451,0.000000000,0.430281579,0.500000000,0.200000003,1.346624374,77.155893242,0.000000000,0.000199606,0.000000000,0.100000001
2026-07-05 12:27:49.432,1783225669.432792664,504.439465560,1,1,504.293255840,1,0.005717596,5,1,0.001180271,5,1,0,1,0,0,1,1,1,0,1,0,-1.000000000,0.000000000,0.000000000,0.000000000,0,-1.000000000,0,0,0,,0,-1.000000000,,0,0,0.000000000,0.000000000,0,-1.000000000,0,,0,-1.000000000,,0,-1.000000000,0,,1,-0.113160707,-6.483630921,-0.021978378,-0.026862144,1,3.135058641,179.625628680,-0.002442360,-2.782905579,1,-2.864825487,-164.142409454,0.002442360,2.659828186,1,-0.186350822,-10.677115635,-0.007326126,0.422466278,1,1.346240997,77.133927354,0.012210846,-0.003663063,-0.113542177,-6.505487526,0.000000000,-0.000000000,6.000000000,2.500000000,3.150317430,180.499892894,0.000000000,-2.784898281,2.000000000,0.500000000,-2.867877245,-164.317262297,0.000000000,2.679786205,1.000000000,0.500000000,-0.187495232,-10.742685451,0.000000000,0.430281579,0.500000000,0.200000003,1.346624374,77.155893242,0.000000000,0.000199606,0.000000000,0.100000001
2026-07-05 12:27:50.432,1783225670.432541370,505.439214398,1,1,505.293004678,1,0.005259332,5,1,0.001089263,5,1,0,1,0,0,1,1,1,0,1,0,-1.000000000,0.000000000,0.000000000,0.000000000,0,-1.000000000,0,0,0,,0,-1.000000000,,0,0,0.000000000,0.000000000,0,-1.000000000,0,,0,-1.000000000,,0,-1.000000000,0,,1,-0.113160707,-6.483630921,-0.021978378,-0.031745911,1,3.135058641,179.625628680,-0.002442360,-2.782905579,1,-2.865206957,-164.164266060,-0.002442360,2.659828186,1,-0.186350822,-10.677115635,0.007326126,0.422466278,1,1.346624374,77.155893242,0.036628723,-0.003663063,-0.113542177,-6.505487526,0.000000000,-0.000000000,6.000000000,2.500000000,3.150317430,180.499892894,0.000000000,-2.784898281,2.000000000,0.500000000,-2.867877245,-164.317262297,0.000000000,2.679786205,1.000000000,0.500000000,-0.187495232,-10.742685451,0.000000000,0.430281579,0.500000000,0.200000003,1.346624374,77.155893242,0.000000000,0.000199606,0.000000000,0.100000001
2026-07-05 12:27:51.432,1783225671.432286739,506.438959549,1,1,506.292749829,1,0.005658823,5,1,0.001258866,5,1,0,1,0,0,1,1,1,0,1,0,-1.000000000,0.000000000,0.000000000,0.000000000,0,-1.000000000,0,0,0,,0,-1.000000000,,0,0,0.000000000,0.000000000,0,-1.000000000,0,,0,-1.000000000,,0,-1.000000000,0,,1,-0.113160707,-6.483630921,-0.021978378,-0.026862144,1,3.135058641,179.625628680,-0.002442360,-2.769229889,1,-2.865206957,-164.164266060,-0.007326126,2.659828186,1,-0.186350822,-10.677115635,-0.007326126,0.422466278,1,1.346240997,77.133927354,-0.012210846,-0.003663063,-0.113542177,-6.505487526,0.000000000,-0.000000000,6.000000000,2.500000000,3.150317430,180.499892894,0.000000000,-2.784898281,2.000000000,0.500000000,-2.867877245,-164.317262297,0.000000000,2.679786205,1.000000000,0.500000000,-0.187495232,-10.742685451,0.000000000,0.430281579,0.500000000,0.200000003,1.346624374,77.155893242,0.000000000,0.000199606,0.000000000,0.100000001
2026-07-05 12:27:52.432,1783225672.432050705,507.438723537,1,1,507.292513817,1,0.005563376,5,1,0.000942070,5,1,0,1,0,0,1,1,1,0,1,0,-1.000000000,0.000000000,0.000000000,0.000000000,0,-1.000000000,0,0,0,,0,-1.000000000,,0,0,0.000000000,0.000000000,0,-1.000000000,0,,0,-1.000000000,,0,-1.000000000,0,,1,-0.113160707,-6.483630921,-0.007326126,-0.026862144,1,3.135058641,179.625628680,-0.002442360,-2.769229889,1,-2.864825487,-164.142409454,-0.002442360,2.659828186,1,-0.186350822,-10.677115635,-0.007326126,0.422466278,1,1.346240997,77.133927354,-0.012210846,-0.003663063,-0.113542177,-6.505487526,0.000000000,-0.000000000,6.000000000,2.500000000,3.150317430,180.499892894,0.000000000,-2.784898281,2.000000000,0.500000000,-2.867877245,-164.317262297,0.000000000,2.679786205,1.000000000,0.500000000,-0.187495232,-10.742685451,0.000000000,0.430281579,0.500000000,0.200000003,1.346624374,77.155893242,0.000000000,0.000199606,0.000000000,0.100000001
2026-07-05 12:27:53.431,1783225673.431827307,508.438500059,1,1,508.292290339,1,0.005120850,5,1,0.001115558,5,1,0,1,0,0,1,1,1,0,1,0,-1.000000000,0.000000000,0.000000000,0.000000000,0,-1.000000000,0,0,0,,0,-1.000000000,,0,0,0.000000000,0.000000000,0,-1.000000000,0,,0,-1.000000000,,0,-1.000000000,0,,1,-0.113160707,-6.483630921,0.007326126,-0.026862144,1,3.135058641,179.625628680,-0.002442360,-2.782905579,1,-2.864825487,-164.142409454,-0.002442360,2.659828186,1,-0.186350822,-10.677115635,-0.007326126,0.422466278,1,1.346240997,77.133927354,-0.036628723,-0.003663063,-0.113542177,-6.505487526,0.000000000,-0.000000000,6.000000000,2.500000000,3.150317430,180.499892894,0.000000000,-2.784898281,2.000000000,0.500000000,-2.867877245,-164.317262297,0.000000000,2.679786205,1.000000000,0.500000000,-0.187495232,-10.742685451,0.000000000,0.430281579,0.500000000,0.200000003,1.346624374,77.155893242,0.000000000,0.000199606,0.000000000,0.100000001
2026-07-05 12:27:54.431,1783225674.431648254,509.438321168,1,1,509.292111448,1,0.005633153,5,1,0.001292703,5,1,0,1,0,0,1,1,1,0,1,0,-1.000000000,0.000000000,0.000000000,0.000000000,0,-1.000000000,0,0,0,,0,-1.000000000,,0,0,0.000000000,0.000000000,0,-1.000000000,0,,0,-1.000000000,,0,-1.000000000,0,,1,-0.113160707,-6.483630921,-0.007326126,-0.026862144,1,3.135058641,179.625628680,-0.002442360,-2.769229889,1,-2.864825487,-164.142409454,0.002442360,2.659828186,1,-0.186350822,-10.677115635,-0.007326126,0.422466278,1,1.346240997,77.133927354,-0.012210846,-0.003663063,-0.113542177,-6.505487526,0.000000000,-0.000000000,6.000000000,2.500000000,3.150317430,180.499892894,0.000000000,-2.784898281,2.000000000,0.500000000,-2.867877245,-164.317262297,0.000000000,2.679786205,1.000000000,0.500000000,-0.187495232,-10.742685451,0.000000000,0.430281579,0.500000000,0.200000003,1.346624374,77.155893242,0.000000000,0.000199606,0.000000000,0.100000001
2026-07-05 12:27:55.431,1783225675.431349277,510.438022276,1,1,510.291812556,1,0.005816698,5,1,0.001324623,5,1,0,1,0,0,1,1,1,0,1,0,-1.000000000,0.000000000,0.000000000,0.000000000,0,-1.000000000,0,0,0,,0,-1.000000000,,0,0,0.000000000,0.000000000,0,-1.000000000,0,,0,-1.000000000,,0,-1.000000000,0,,1,-0.113160707,-6.483630921,0.007326126,-0.021978378,1,3.135058641,179.625628680,-0.007326126,-2.769229889,1,-2.864825487,-164.142409454,-0.007326126,2.659828186,1,-0.186350822,-10.677115635,-0.007326126,0.422466278,1,1.346624374,77.155893242,0.012210846,-0.003663063,-0.113542177,-6.505487526,0.000000000,-0.000000000,6.000000000,2.500000000,3.150317430,180.499892894,0.000000000,-2.784898281,2.000000000,0.500000000,-2.867877245,-164.317262297,0.000000000,2.679786205,1.000000000,0.500000000,-0.187495232,-10.742685451,0.000000000,0.430281579,0.500000000,0.200000003,1.346624374,77.155893242,0.000000000,0.000199606,0.000000000,0.100000001
2026-07-05 12:27:56.431,1783225676.431085825,511.437758644,1,1,511.291548924,1,0.005102927,5,1,0.001091352,5,1,0,1,0,0,1,1,1,0,1,0,-1.000000000,0.000000000,0.000000000,0.000000000,0,-1.000000000,0,0,0,,0,-1.000000000,,0,0,0.000000000,0.000000000,0,-1.000000000,0,,0,-1.000000000,,0,-1.000000000,0,,1,-0.113160707,-6.483630921,-0.007326126,-0.026862144,1,3.135058641,179.625628680,0.002442360,-2.769229889,1,-2.864825487,-164.142409454,-0.002442360,2.673503876,1,-0.186350822,-10.677115635,-0.007326126,0.427350044,1,1.346240997,77.133927354,0.012210846,-0.003663063,-0.113542177,-6.505487526,0.000000000,-0.000000000,6.000000000,2.500000000,3.150317430,180.499892894,0.000000000,-2.784898281,2.000000000,0.500000000,-2.867877245,-164.317262297,0.000000000,2.679786205,1.000000000,0.500000000,-0.187495232,-10.742685451,0.000000000,0.430281579,0.500000000,0.200000003,1.346624374,77.155893242,0.000000000,0.000199606,0.000000000,0.100000001
2026-07-05 12:27:57.430,1783225677.430820465,512.437493327,1,1,512.291283607,1,0.005596423,5,1,0.001257760,5,1,0,1,0,0,1,1,1,0,1,0,-1.000000000,0.000000000,0.000000000,0.000000000,0,-1.000000000,0,0,0,,0,-1.000000000,,0,0,0.000000000,0.000000000,0,-1.000000000,0,,0,-1.000000000,,0,-1.000000000,0,,1,-0.113160707,-6.483630921,-0.007326126,-0.026862144,1,3.135058641,179.625628680,-0.002442360,-2.782905579,1,-2.865206957,-164.164266060,-0.007326126,2.659828186,1,-0.186350822,-10.677115635,-0.007326126,0.422466278,1,1.346240997,77.133927354,-0.012210846,-0.003663063,-0.113542177,-6.505487526,0.000000000,-0.000000000,6.000000000,2.500000000,3.150317430,180.499892894,0.000000000,-2.784898281,2.000000000,0.500000000,-2.867877245,-164.317262297,0.000000000,2.679786205,1.000000000,0.500000000,-0.187495232,-10.742685451,0.000000000,0.430281579,0.500000000,0.200000003,1.346624374,77.155893242,0.000000000,0.000199606,0.000000000,0.100000001
2026-07-05 12:27:58.430,1783225678.430825710,513.437498704,1,1,513.291288984,1,0.005760689,5,1,0.001295206,5,1,0,1,0,0,1,1,1,0,1,0,-1.000000000,0.000000000,0.000000000,0.000000000,0,-1.000000000,0,0,0,,0,-1.000000000,,0,0,0.000000000,0.000000000,0,-1.000000000,0,,0,-1.000000000,,0,-1.000000000,0,,1,-0.113160707,-6.483630921,-0.007326126,-0.026862144,1,3.135058641,179.625628680,-0.002442360,-2.769229889,1,-2.865206957,-164.164266060,-0.002442360,2.659828186,1,-0.186350822,-10.677115635,-0.007326126,0.422466278,1,1.346240997,77.133927354,-0.012210846,-0.003663063,-0.113542177,-6.505487526,0.000000000,-0.000000000,6.000000000,2.500000000,3.150317430,180.499892894,0.000000000,-2.784898281,2.000000000,0.500000000,-2.867877245,-164.317262297,0.000000000,2.679786205,1.000000000,0.500000000,-0.187495232,-10.742685451,0.000000000,0.430281579,0.500000000,0.200000003,1.346624374,77.155893242,0.000000000,0.000199606,0.000000000,0.100000001
2026-07-05 12:27:59.430,1783225679.430469036,514.437142166,1,1,514.290932446,1,0.005820668,5,1,0.001429413,5,1,0,1,0,0,1,1,1,0,1,0,-1.000000000,0.000000000,0.000000000,0.000000000,0,-1.000000000,0,0,0,,0,-1.000000000,,0,0,0.000000000,0.000000000,0,-1.000000000,0,,0,-1.000000000,,0,-1.000000000,0,,1,-0.113160707,-6.483630921,-0.007326126,-0.026862144,1,3.135058641,179.625628680,-0.002442360,-2.769229889,1,-2.865206957,-164.164266060,-0.002442360,2.673503876,1,-0.186350822,-10.677115635,-0.007326126,0.422466278,1,1.346240997,77.133927354,-0.061050415,-0.003663063,-0.113542177,-6.505487526,0.000000000,-0.000000000,6.000000000,2.500000000,3.150317430,180.499892894,0.000000000,-2.784898281,2.000000000,0.500000000,-2.867877245,-164.317262297,0.000000000,2.679786205,1.000000000,0.500000000,-0.187495232,-10.742685451,0.000000000,0.430281579,0.500000000,0.200000003,1.346624374,77.155893242,0.000000000,0.000199606,0.000000000,0.100000001
2026-07-05 12:28:00.430,1783225680.430146456,515.436819541,1,1,515.290609821,1,0.005388151,5,1,0.001035636,5,1,0,1,0,0,1,1,1,0,1,0,-1.000000000,0.000000000,0.000000000,0.000000000,0,-1.000000000,0,0,0,,0,-1.000000000,,0,0,0.000000000,0.000000000,0,-1.000000000,0,,0,-1.000000000,,0,-1.000000000,0,,1,-0.113160707,-6.483630921,-0.007326126,-0.026862144,1,3.135058641,179.625628680,-0.002442360,-2.769229889,1,-2.865206957,-164.164266060,-0.002442360,2.659828186,1,-0.186350822,-10.677115635,-0.021978378,0.422466278,1,1.346240997,77.133927354,-0.012210846,-0.001221180,-0.113542177,-6.505487526,0.000000000,-0.000000000,6.000000000,2.500000000,3.150317430,180.499892894,0.000000000,-2.784898281,2.000000000,0.500000000,-2.867877245,-164.317262297,0.000000000,2.679786205,1.000000000,0.500000000,-0.187495232,-10.742685451,0.000000000,0.430281579,0.500000000,0.200000003,1.346624374,77.155893242,0.000000000,0.000199606,0.000000000,0.100000001
2026-07-05 12:28:01.430,1783225681.430018902,516.436691766,1,1,516.290482046,1,0.005664275,5,1,0.001097939,5,1,0,1,0,0,1,1,1,0,1,0,-1.000000000,0.000000000,0.000000000,0.000000000,0,-1.000000000,0,0,0,,0,-1.000000000,,0,0,0.000000000,0.000000000,0,-1.000000000,0,,0,-1.000000000,,0,-1.000000000,0,,1,-0.113160707,-6.483630921,-0.007326126,-0.026862144,1,3.135058641,179.625628680,-0.002442360,-2.769229889,1,-2.864825487,-164.142409454,-0.002442360,2.659828186,1,-0.186350822,-10.677115635,-0.007326126,0.422466278,1,1.346624374,77.155893242,0.012210846,-0.003663063,-0.113542177,-6.505487526,0.000000000,-0.000000000,6.000000000,2.500000000,3.150317430,180.499892894,0.000000000,-2.784898281,2.000000000,0.500000000,-2.867877245,-164.317262297,0.000000000,2.679786205,1.000000000,0.500000000,-0.187495232,-10.742685451,0.000000000,0.430281579,0.500000000,0.200000003,1.346624374,77.155893242,0.000000000,0.000199606,0.000000000,0.100000001
2026-07-05 12:28:02.429,1783225682.429625034,517.436297924,1,1,517.290088204,1,0.005709702,5,1,0.001203329,5,1,0,1,0,0,1,1,1,0,1,0,-1.000000000,0.000000000,0.000000000,0.000000000,0,-1.000000000,0,0,0,,0,-1.000000000,,0,0,0.000000000,0.000000000,0,-1.000000000,0,,0,-1.000000000,,0,-1.000000000,0,,1,-0.113160707,-6.483630921,-0.007326126,-0.026862144,1,3.135058641,179.625628680,-0.007326126,-2.769229889,1,-2.864825487,-164.142409454,-0.002442360,2.659828186,1,-0.186350822,-10.677115635,-0.007326126,0.427350044,1,1.346624374,77.155893242,0.012210846,-0.003663063,-0.113542177,-6.505487526,0.000000000,-0.000000000,6.000000000,2.500000000,3.150317430,180.499892894,0.000000000,-2.784898281,2.000000000,0.500000000,-2.867877245,-164.317262297,0.000000000,2.679786205,1.000000000,0.500000000,-0.187495232,-10.742685451,0.000000000,0.430281579,0.500000000,0.200000003,1.346624374,77.155893242,0.000000000,0.000199606,0.000000000,0.100000001
2026-07-05 12:28:03.429,1783225683.429416656,518.436089647,1,1,518.289879927,1,0.005568194,5,1,0.001242904,5,1,0,1,0,0,1,1,1,0,1,0,-1.000000000,0.000000000,0.000000000,0.000000000,0,-1.000000000,0,0,0,,0,-1.000000000,,0,0,0.000000000,0.000000000,0,-1.000000000,0,,0,-1.000000000,,0,-1.000000000,0,,1,-0.113160707,-6.483630921,0.007326126,-0.021978378,1,3.135058641,179.625628680,-0.002442360,-2.782905579,1,-2.865206957,-164.164266060,-0.002442360,2.659828186,1,-0.186350822,-10.677115635,-0.007326126,0.422466278,1,1.346240997,77.133927354,-0.036628723,-0.003663063,-0.113542177,-6.505487526,0.000000000,-0.000000000,6.000000000,2.500000000,3.150317430,180.499892894,0.000000000,-2.784898281,2.000000000,0.500000000,-2.867877245,-164.317262297,0.000000000,2.679786205,1.000000000,0.500000000,-0.187495232,-10.742685451,0.000000000,0.430281579,0.500000000,0.200000003,1.346624374,77.155893242,0.000000000,0.000199606,0.000000000,0.100000001
2026-07-05 12:28:04.429,1783225684.429136038,519.435808949,1,1,519.289599229,1,0.005627788,5,1,0.001273543,5,1,0,1,0,0,1,1,1,0,1,0,-1.000000000,0.000000000,0.000000000,0.000000000,0,-1.000000000,0,0,0,,0,-1.000000000,,0,0,0.000000000,0.000000000,0,-1.000000000,0,,0,-1.000000000,,0,-1.000000000,0,,1,-0.113160707,-6.483630921,-0.007326126,-0.026862144,1,3.135058641,179.625628680,-0.002442360,-2.769229889,1,-2.865206957,-164.164266060,-0.002442360,2.659828186,1,-0.186350822,-10.677115635,-0.007326126,0.422466278,1,1.346240997,77.133927354,0.012210846,-0.003663063,-0.113542177,-6.505487526,0.000000000,-0.000000000,6.000000000,2.500000000,3.150317430,180.499892894,0.000000000,-2.784898281,2.000000000,0.500000000,-2.867877245,-164.317262297,0.000000000,2.679786205,1.000000000,0.500000000,-0.187495232,-10.742685451,0.000000000,0.430281579,0.500000000,0.200000003,1.346624374,77.155893242,0.000000000,0.000199606,0.000000000,0.100000001
2026-07-05 12:28:05.429,1783225685.428895712,520.435568718,1,1,520.289358998,1,0.005746887,5,1,0.001132009,5,1,0,1,0,0,1,1,1,0,1,0,-1.000000000,0.000000000,0.000000000,0.000000000,0,-1.000000000,0,0,0,,0,-1.000000000,,0,0,0.000000000,0.000000000,0,-1.000000000,0,,0,-1.000000000,,0,-1.000000000,0,,1,-0.113160707,-6.483630921,-0.007326126,-0.026862144,1,3.135058641,179.625628680,-0.002442360,-2.769229889,1,-2.864825487,-164.142409454,-0.002442360,2.659828186,1,-0.186350822,-10.677115635,-0.021978378,0.422466278,1,1.346240997,77.133927354,-0.012210846,-0.003663063,-0.113542177,-6.505487526,0.000000000,-0.000000000,6.000000000,2.500000000,3.150317430,180.499892894,0.000000000,-2.784898281,2.000000000,0.500000000,-2.867877245,-164.317262297,0.000000000,2.679786205,1.000000000,0.500000000,-0.187495232,-10.742685451,0.000000000,0.430281579,0.500000000,0.200000003,1.346624374,77.155893242,0.000000000,0.000199606,0.000000000,0.100000001
2026-07-05 12:28:06.428,1783225686.428648710,521.435321599,1,1,521.289111879,1,0.005447059,5,1,0.001220267,5,1,0,1,0,0,1,1,1,0,1,0,-1.000000000,0.000000000,0.000000000,0.000000000,0,-1.000000000,0,0,0,,0,-1.000000000,,0,0,0.000000000,0.000000000,0,-1.000000000,0,,0,-1.000000000,,0,-1.000000000,0,,1,-0.113160707,-6.483630921,0.007326126,-0.026862144,1,3.135058641,179.625628680,-0.002442360,-2.782905579,1,-2.865206957,-164.164266060,-0.002442360,2.659828186,1,-0.186350822,-10.677115635,-0.021978378,0.422466278,1,1.346240997,77.133927354,-0.012210846,-0.003663063,-0.113542177,-6.505487526,0.000000000,-0.000000000,6.000000000,2.500000000,3.150317430,180.499892894,0.000000000,-2.784898281,2.000000000,0.500000000,-2.867877245,-164.317262297,0.000000000,2.679786205,1.000000000,0.500000000,-0.187495232,-10.742685451,0.000000000,0.430281579,0.500000000,0.200000003,1.346624374,77.155893242,0.000000000,0.000199606,0.000000000,0.100000001
2026-07-05 12:28:07.428,1783225687.428430319,522.435103290,1,1,522.288893570,1,0.005740970,5,1,0.001308386,5,1,0,1,0,0,1,1,1,0,1,0,-1.000000000,0.000000000,0.000000000,0.000000000,0,-1.000000000,0,0,0,,0,-1.000000000,,0,0,0.000000000,0.000000000,0,-1.000000000,0,,0,-1.000000000,,0,-1.000000000,0,,1,-0.113160707,-6.483630921,-0.021978378,-0.026862144,1,3.135058641,179.625628680,-0.002442360,-2.769229889,1,-2.864825487,-164.142409454,-0.002442360,2.659828186,1,-0.186350822,-10.677115635,-0.021978378,0.422466278,1,1.346240997,77.133927354,-0.036628723,-0.003663063,-0.113542177,-6.505487526,0.000000000,-0.000000000,6.000000000,2.500000000,3.150317430,180.499892894,0.000000000,-2.784898281,2.000000000,0.500000000,-2.867877245,-164.317262297,0.000000000,2.679786205,1.000000000,0.500000000,-0.187495232,-10.742685451,0.000000000,0.430281579,0.500000000,0.200000003,1.346624374,77.155893242,0.000000000,0.000199606,0.000000000,0.100000001
2026-07-05 12:28:08.428,1783225688.428170919,523.434844038,1,1,523.288634318,1,0.005675987,5,1,0.001292750,5,1,0,1,0,0,1,1,1,0,1,0,-1.000000000,0.000000000,0.000000000,0.000000000,0,-1.000000000,0,0,0,,0,-1.000000000,,0,0,0.000000000,0.000000000,0,-1.000000000,0,,0,-1.000000000,,0,-1.000000000,0,,1,-0.113160707,-6.483630921,-0.007326126,-0.026862144,1,3.135058641,179.625628680,-0.002442360,-2.782905579,1,-2.865206957,-164.164266060,-0.002442360,2.659828186,1,-0.186350822,-10.677115635,0.007326126,0.422466278,1,1.346240997,77.133927354,-0.012210846,-0.003663063,-0.113542177,-6.505487526,0.000000000,-0.000000000,6.000000000,2.500000000,3.150317430,180.499892894,0.000000000,-2.784898281,2.000000000,0.500000000,-2.867877245,-164.317262297,0.000000000,2.679786205,1.000000000,0.500000000,-0.187495232,-10.742685451,0.000000000,0.430281579,0.500000000,0.200000003,1.346624374,77.155893242,0.000000000,0.000199606,0.000000000,0.100000001
2026-07-05 12:28:09.428,1783225689.427911997,524.434584893,1,1,524.288375173,1,0.005683459,5,1,0.001296332,5,1,0,1,0,0,1,1,1,0,1,0,-1.000000000,0.000000000,0.000000000,0.000000000,0,-1.000000000,0,0,0,,0,-1.000000000,,0,0,0.000000000,0.000000000,0,-1.000000000,0,,0,-1.000000000,,0,-1.000000000,0,,1,-0.113542177,-6.505487526,-0.007326126,-0.026862144,1,3.135058641,179.625628680,-0.002442360,-2.769229889,1,-2.864825487,-164.142409454,-0.002442360,2.659828186,1,-0.186350822,-10.677115635,-0.007326126,0.422466278,1,1.346240997,77.133927354,-0.012210846,-0.003663063,-0.113542177,-6.505487526,0.000000000,-0.000000000,6.000000000,2.500000000,3.150317430,180.499892894,0.000000000,-2.784898281,2.000000000,0.500000000,-2.867877245,-164.317262297,0.000000000,2.679786205,1.000000000,0.500000000,-0.187495232,-10.742685451,0.000000000,0.430281579,0.500000000,0.200000003,1.346624374,77.155893242,0.000000000,0.000199606,0.000000000,0.100000001
2026-07-05 12:28:10.427,1783225690.427686214,525.434358980,1,1,525.288149260,1,0.005680023,5,1,0.001247642,5,1,0,1,0,0,1,1,1,0,1,0,-1.000000000,0.000000000,0.000000000,0.000000000,0,-1.000000000,0,0,0,,0,-1.000000000,,0,0,0.000000000,0.000000000,0,-1.000000000,0,,0,-1.000000000,,0,-1.000000000,0,,1,-0.113160707,-6.483630921,-0.007326126,-0.026862144,1,3.135058641,179.625628680,-0.002442360,-2.769229889,1,-2.865206957,-164.164266060,-0.002442360,2.659828186,1,-0.186350822,-10.677115635,-0.007326126,0.422466278,1,1.346240997,77.133927354,-0.036628723,-0.003663063,-0.113542177,-6.505487526,0.000000000,-0.000000000,6.000000000,2.500000000,3.150317430,180.499892894,0.000000000,-2.784898281,2.000000000,0.500000000,-2.867877245,-164.317262297,0.000000000,2.679786205,1.000000000,0.500000000,-0.187495232,-10.742685451,0.000000000,0.430281579,0.500000000,0.200000003,1.346624374,77.155893242,0.000000000,0.000199606,0.000000000,0.100000001
2026-07-05 12:28:11.427,1783225691.427436829,526.434109798,1,1,526.287900078,1,0.005411013,5,1,0.001154212,5,1,0,1,0,0,1,1,1,0,1,0,-1.000000000,0.000000000,0.000000000,0.000000000,0,-1.000000000,0,0,0,,0,-1.000000000,,0,0,0.000000000,0.000000000,0,-1.000000000,0,,0,-1.000000000,,0,-1.000000000,0,,1,-0.113160707,-6.483630921,-0.007326126,-0.031745911,1,3.135058641,179.625628680,-0.002442360,-2.769229889,1,-2.864825487,-164.142409454,-0.002442360,2.659828186,1,-0.186350822,-10.677115635,0.007326126,0.422466278,1,1.346624374,77.155893242,-0.012210846,-0.003663063,-0.113542177,-6.505487526,0.000000000,-0.000000000,6.000000000,2.500000000,3.150317430,180.499892894,0.000000000,-2.784898281,2.000000000,0.500000000,-2.867877245,-164.317262297,0.000000000,2.679786205,1.000000000,0.500000000,-0.187495232,-10.742685451,0.000000000,0.430281579,0.500000000,0.200000003,1.346624374,77.155893242,0.000000000,0.000199606,0.000000000,0.100000001
2026-07-05 12:28:12.427,1783225692.427401543,527.434074369,1,1,527.287864649,1,0.005874866,5,1,0.001036595,5,1,0,1,0,0,1,1,1,0,1,0,-1.000000000,0.000000000,0.000000000,0.000000000,0,-1.000000000,0,0,0,,0,-1.000000000,,0,0,0.000000000,0.000000000,0,-1.000000000,0,,0,-1.000000000,,0,-1.000000000,0,,1,-0.113160707,-6.483630921,0.007326126,-0.021978378,1,3.135058641,179.625628680,-0.007326126,-2.755556107,1,-2.864825487,-164.142409454,-0.002442360,2.659828186,1,-0.186350822,-10.677115635,-0.007326126,0.422466278,1,1.346240997,77.133927354,-0.012210846,-0.003663063,-0.113542177,-6.505487526,0.000000000,-0.000000000,6.000000000,2.500000000,3.150317430,180.499892894,0.000000000,-2.784898281,2.000000000,0.500000000,-2.867877245,-164.317262297,0.000000000,2.679786205,1.000000000,0.500000000,-0.187495232,-10.742685451,0.000000000,0.430281579,0.500000000,0.200000003,1.346624374,77.155893242,0.000000000,0.000199606,0.000000000,0.100000001
2026-07-05 12:28:13.427,1783225693.426979542,528.433652449,1,1,528.287442729,1,0.005671159,5,1,0.001217965,5,1,0,1,0,0,1,1,1,0,1,0,-1.000000000,0.000000000,0.000000000,0.000000000,0,-1.000000000,0,0,0,,0,-1.000000000,,0,0,0.000000000,0.000000000,0,-1.000000000,0,,0,-1.000000000,,0,-1.000000000,0,,1,-0.113160707,-6.483630921,0.007326126,-0.026862144,1,3.135058641,179.625628680,-0.002442360,-2.782905579,1,-2.865206957,-164.164266060,-0.002442360,2.659828186,1,-0.186350822,-10.677115635,-0.007326126,0.422466278,1,1.346240997,77.133927354,-0.012210846,-0.003663063,-0.113542177,-6.505487526,0.000000000,-0.000000000,6.000000000,2.500000000,3.150317430,180.499892894,0.000000000,-2.784898281,2.000000000,0.500000000,-2.867877245,-164.317262297,0.000000000,2.679786205,1.000000000,0.500000000,-0.187495232,-10.742685451,0.000000000,0.430281579,0.500000000,0.200000003,1.346624374,77.155893242,0.000000000,0.000199606,0.000000000,0.100000001
2026-07-05 12:28:14.427,1783225694.426871300,529.433544349,1,1,529.287334629,1,0.005780161,5,1,0.001267137,5,1,0,1,0,0,1,1,1,0,1,0,-1.000000000,0.000000000,0.000000000,0.000000000,0,-1.000000000,0,0,0,,0,-1.000000000,,0,0,0.000000000,0.000000000,0,-1.000000000,0,,0,-1.000000000,,0,-1.000000000,0,,1,-0.113160707,-6.483630921,0.007326126,-0.026862144,1,3.135058641,179.625628680,0.002442360,-2.782905579,1,-2.865206957,-164.164266060,-0.002442360,2.659828186,1,-0.186350822,-10.677115635,-0.007326126,0.422466278,1,1.346240997,77.133927354,-0.012210846,-0.003663063,-0.113542177,-6.505487526,0.000000000,-0.000000000,6.000000000,2.500000000,3.150317430,180.499892894,0.000000000,-2.784898281,2.000000000,0.500000000,-2.867877245,-164.317262297,0.000000000,2.679786205,1.000000000,0.500000000,-0.187495232,-10.742685451,0.000000000,0.430281579,0.500000000,0.200000003,1.346624374,77.155893242,0.000000000,0.000199606,0.000000000,0.100000001
2026-07-05 12:28:15.426,1783225695.426665068,530.433337891,1,1,530.287128171,1,0.005834912,5,1,0.001359386,5,1,0,1,0,0,1,1,1,0,1,0,-1.000000000,0.000000000,0.000000000,0.000000000,0,-1.000000000,0,0,0,,0,-1.000000000,,0,0,0.000000000,0.000000000,0,-1.000000000,0,,0,-1.000000000,,0,-1.000000000,0,,1,-0.113160707,-6.483630921,-0.021978378,-0.026862144,1,3.135058641,179.625628680,0.002442360,-2.782905579,1,-2.865206957,-164.164266060,-0.002442360,2.659828186,1,-0.186350822,-10.677115635,-0.021978378,0.422466278,1,1.346624374,77.155893242,0.012210846,-0.003663063,-0.113542177,-6.505487526,0.000000000,-0.000000000,6.000000000,2.500000000,3.150317430,180.499892894,0.000000000,-2.784898281,2.000000000,0.500000000,-2.867877245,-164.317262297,0.000000000,2.679786205,1.000000000,0.500000000,-0.187495232,-10.742685451,0.000000000,0.430281579,0.500000000,0.200000003,1.346624374,77.155893242,0.000000000,0.000199606,0.000000000,0.100000001
2026-07-05 12:28:16.426,1783225696.426217318,531.432890219,1,1,531.286680499,1,0.005728418,5,1,0.001196986,5,1,0,1,0,0,1,1,1,0,1,0,-1.000000000,0.000000000,0.000000000,0.000000000,0,-1.000000000,0,0,0,,0,-1.000000000,,0,0,0.000000000,0.000000000,0,-1.000000000,0,,0,-1.000000000,,0,-1.000000000,0,,1,-0.113160707,-6.483630921,-0.021978378,-0.026862144,1,3.135058641,179.625628680,-0.002442360,-2.769229889,1,-2.865206957,-164.164266060,-0.002442360,2.659828186,1,-0.186350822,-10.677115635,0.007326126,0.422466278,1,1.346240997,77.133927354,-0.012210846,-0.003663063,-0.113542177,-6.505487526,0.000000000,-0.000000000,6.000000000,2.500000000,3.150317430,180.499892894,0.000000000,-2.784898281,2.000000000,0.500000000,-2.867877245,-164.317262297,0.000000000,2.679786205,1.000000000,0.500000000,-0.187495232,-10.742685451,0.000000000,0.430281579,0.500000000,0.200000003,1.346624374,77.155893242,0.000000000,0.000199606,0.000000000,0.100000001
2026-07-05 12:28:17.426,1783225697.426014900,532.432687843,1,1,532.286478123,1,0.005776410,5,1,0.001363621,5,1,0,1,0,0,1,1,1,0,1,0,-1.000000000,0.000000000,0.000000000,0.000000000,0,-1.000000000,0,0,0,,0,-1.000000000,,0,0,0.000000000,0.000000000,0,-1.000000000,0,,0,-1.000000000,,0,-1.000000000,0,,1,-0.113160707,-6.483630921,-0.007326126,-0.021978378,1,3.135058641,179.625628680,-0.007326126,-2.782905579,1,-2.865206957,-164.164266060,-0.002442360,2.673503876,1,-0.186350822,-10.677115635,-0.007326126,0.422466278,1,1.346240997,77.133927354,-0.012210846,-0.003663063,-0.113542177,-6.505487526,0.000000000,-0.000000000,6.000000000,2.500000000,3.150317430,180.499892894,0.000000000,-2.784898281,2.000000000,0.500000000,-2.867877245,-164.317262297,0.000000000,2.679786205,1.000000000,0.500000000,-0.187495232,-10.742685451,0.000000000,0.430281579,0.500000000,0.200000003,1.346624374,77.155893242,0.000000000,0.000199606,0.000000000,0.100000001
2026-07-05 12:28:18.425,1783225698.425812960,533.432486036,1,1,533.286276316,1,0.005806322,5,1,0.001120140,5,1,0,1,0,0,1,1,1,0,1,0,-1.000000000,0.000000000,0.000000000,0.000000000,0,-1.000000000,0,0,0,,0,-1.000000000,,0,0,0.000000000,0.000000000,0,-1.000000000,0,,0,-1.000000000,,0,-1.000000000,0,,1,-0.113160707,-6.483630921,-0.007326126,-0.026862144,1,3.135058641,179.625628680,-0.002442360,-2.769229889,1,-2.864825487,-164.142409454,0.002442360,2.659828186,1,-0.186350822,-10.677115635,-0.021978378,0.422466278,1,1.346624374,77.155893242,0.012210846,-0.003663063,-0.113542177,-6.505487526,0.000000000,-0.000000000,6.000000000,2.500000000,3.150317430,180.499892894,0.000000000,-2.784898281,2.000000000,0.500000000,-2.867877245,-164.317262297,0.000000000,2.679786205,1.000000000,0.500000000,-0.187495232,-10.742685451,0.000000000,0.430281579,0.500000000,0.200000003,1.346624374,77.155893242,0.000000000,0.000199606,0.000000000,0.100000001
2026-07-05 12:28:19.425,1783225699.425489187,534.432162040,1,1,534.285952320,1,0.005700575,5,1,0.001023205,5,1,0,1,0,0,1,1,1,0,1,0,-1.000000000,0.000000000,0.000000000,0.000000000,0,-1.000000000,0,0,0,,0,-1.000000000,,0,0,0.000000000,0.000000000,0,-1.000000000,0,,0,-1.000000000,,0,-1.000000000,0,,1,-0.113160707,-6.483630921,-0.007326126,-0.021978378,1,3.135058641,179.625628680,-0.002442360,-2.769229889,1,-2.865206957,-164.164266060,-0.002442360,2.659828186,1,-0.186350822,-10.677115635,-0.021978378,0.422466278,1,1.346240997,77.133927354,-0.012210846,-0.003663063,-0.113542177,-6.505487526,0.000000000,-0.000000000,6.000000000,2.500000000,3.150317430,180.499892894,0.000000000,-2.784898281,2.000000000,0.500000000,-2.867877245,-164.317262297,0.000000000,2.679786205,1.000000000,0.500000000,-0.187495232,-10.742685451,0.000000000,0.430281579,0.500000000,0.200000003,1.346624374,77.155893242,0.000000000,0.000199606,0.000000000,0.100000001
2026-07-05 12:28:20.425,1783225700.425258636,535.431931790,1,1,535.285722070,1,0.005661544,5,1,0.001204375,5,1,0,1,0,0,1,1,1,0,1,0,-1.000000000,0.000000000,0.000000000,0.000000000,0,-1.000000000,0,0,0,,0,-1.000000000,,0,0,0.000000000,0.000000000,0,-1.000000000,0,,0,-1.000000000,,0,-1.000000000,0,,1,-0.113160707,-6.483630921,-0.007326126,-0.026862144,1,3.135058641,179.625628680,-0.002442360,-2.782905579,1,-2.864825487,-164.142409454,-0.002442360,2.659828186,1,-0.186350822,-10.677115635,-0.007326126,0.422466278,1,1.346240997,77.133927354,-0.036628723,-0.003663063,-0.113542177,-6.505487526,0.000000000,-0.000000000,6.000000000,2.500000000,3.150317430,180.499892894,0.000000000,-2.784898281,2.000000000,0.500000000,-2.867877245,-164.317262297,0.000000000,2.679786205,1.000000000,0.500000000,-0.187495232,-10.742685451,0.000000000,0.430281579,0.500000000,0.200000003,1.346624374,77.155893242,0.000000000,0.000199606,0.000000000,0.100000001
2026-07-05 12:28:21.425,1783225701.425046206,536.431719171,1,1,536.285509451,1,0.005390226,5,1,0.001094481,5,1,0,1,0,0,1,1,1,0,1,0,-1.000000000,0.000000000,0.000000000,0.000000000,0,-1.000000000,0,0,0,,0,-1.000000000,,0,0,0.000000000,0.000000000,0,-1.000000000,0,,0,-1.000000000,,0,-1.000000000,0,,1,-0.113160707,-6.483630921,-0.021978378,-0.026862144,1,3.135058641,179.625628680,-0.002442360,-2.769229889,1,-2.865206957,-164.164266060,-0.002442360,2.659828186,1,-0.186350822,-10.677115635,0.007326126,0.422466278,1,1.346240997,77.133927354,0.012210846,-0.003663063,-0.113542177,-6.505487526,0.000000000,-0.000000000,6.000000000,2.500000000,3.150317430,180.499892894,0.000000000,-2.784898281,2.000000000,0.500000000,-2.867877245,-164.317262297,0.000000000,2.679786205,1.000000000,0.500000000,-0.187495232,-10.742685451,0.000000000,0.430281579,0.500000000,0.200000003,1.346624374,77.155893242,0.000000000,0.000199606,0.000000000,0.100000001
2026-07-05 12:28:22.424,1783225702.424761057,537.431434070,1,1,537.285224350,1,0.005608386,5,1,0.001156010,5,1,0,1,0,0,1,1,1,0,1,0,-1.000000000,0.000000000,0.000000000,0.000000000,0,-1.000000000,0,0,0,,0,-1.000000000,,0,0,0.000000000,0.000000000,0,-1.000000000,0,,0,-1.000000000,,0,-1.000000000,0,,1,-0.113160707,-6.483630921,-0.007326126,-0.026862144,1,3.135058641,179.625628680,-0.002442360,-2.782905579,1,-2.864825487,-164.142409454,-0.002442360,2.659828186,1,-0.186350822,-10.677115635,-0.007326126,0.422466278,1,1.346240997,77.133927354,0.012210846,-0.003663063,-0.113542177,-6.505487526,0.000000000,-0.000000000,6.000000000,2.500000000,3.150317430,180.499892894,0.000000000,-2.784898281,2.000000000,0.500000000,-2.867877245,-164.317262297,0.000000000,2.679786205,1.000000000,0.500000000,-0.187495232,-10.742685451,0.000000000,0.430281579,0.500000000,0.200000003,1.346624374,77.155893242,0.000000000,0.000199606,0.000000000,0.100000001
2026-07-05 12:28:23.424,1783225703.424502373,538.431175152,1,1,538.284965432,1,0.005000250,5,1,0.000995569,5,1,0,1,0,0,1,1,1,0,1,0,-1.000000000,0.000000000,0.000000000,0.000000000,0,-1.000000000,0,0,0,,0,-1.000000000,,0,0,0.000000000,0.000000000,0,-1.000000000,0,,0,-1.000000000,,0,-1.000000000,0,,1,-0.113160707,-6.483630921,-0.007326126,-0.026862144,1,3.135058641,179.625628680,-0.002442360,-2.769229889,1,-2.865206957,-164.164266060,-0.002442360,2.659828186,1,-0.186350822,-10.677115635,0.007326126,0.422466278,1,1.346240997,77.133927354,-0.012210846,-0.003663063,-0.113542177,-6.505487526,0.000000000,-0.000000000,6.000000000,2.500000000,3.150317430,180.499892894,0.000000000,-2.784898281,2.000000000,0.500000000,-2.867877245,-164.317262297,0.000000000,2.679786205,1.000000000,0.500000000,-0.187495232,-10.742685451,0.000000000,0.430281579,0.500000000,0.200000003,1.346624374,77.155893242,0.000000000,0.000199606,0.000000000,0.100000001
2026-07-05 12:28:24.424,1783225704.424278259,539.430951086,1,1,539.284741366,1,0.005412693,5,1,0.001136832,5,1,0,1,0,0,1,1,1,0,1,0,-1.000000000,0.000000000,0.000000000,0.000000000,0,-1.000000000,0,0,0,,0,-1.000000000,,0,0,0.000000000,0.000000000,0,-1.000000000,0,,0,-1.000000000,,0,-1.000000000,0,,1,-0.113160707,-6.483630921,-0.007326126,-0.021978378,1,3.135058641,179.625628680,-0.002442360,-2.782905579,1,-2.864825487,-164.142409454,-0.002442360,2.659828186,1,-0.186350822,-10.677115635,0.007326126,0.422466278,1,1.346240997,77.133927354,-0.012210846,-0.003663063,-0.113542177,-6.505487526,0.000000000,-0.000000000,6.000000000,2.500000000,3.150317430,180.499892894,0.000000000,-2.784898281,2.000000000,0.500000000,-2.867877245,-164.317262297,0.000000000,2.679786205,1.000000000,0.500000000,-0.187495232,-10.742685451,0.000000000,0.430281579,0.500000000,0.200000003,1.346624374,77.155893242,0.000000000,0.000199606,0.000000000,0.100000001
2026-07-05 12:28:25.424,1783225705.424031019,540.430703928,1,1,540.284494208,1,0.005543745,5,1,0.001057532,5,1,0,1,0,0,1,1,1,0,1,0,-1.000000000,0.000000000,0.000000000,0.000000000,0,-1.000000000,0,0,0,,0,-1.000000000,,0,0,0.000000000,0.000000000,0,-1.000000000,0,,0,-1.000000000,,0,-1.000000000,0,,1,-0.113160707,-6.483630921,-0.007326126,-0.026862144,1,3.135058641,179.625628680,-0.002442360,-2.782905579,1,-2.865206957,-164.164266060,-0.002442360,2.659828186,1,-0.186350822,-10.677115635,0.007326126,0.427350044,1,1.346240997,77.133927354,-0.012210846,-0.003663063,-0.113542177,-6.505487526,0.000000000,-0.000000000,6.000000000,2.500000000,3.150317430,180.499892894,0.000000000,-2.784898281,2.000000000,0.500000000,-2.867877245,-164.317262297,0.000000000,2.679786205,1.000000000,0.500000000,-0.187495232,-10.742685451,0.000000000,0.430281579,0.500000000,0.200000003,1.346624374,77.155893242,0.000000000,0.000199606,0.000000000,0.100000001
2026-07-05 12:28:26.423,1783225706.423825979,541.430498758,1,1,541.284289038,1,0.005467927,5,1,0.001259095,5,1,0,1,0,0,1,1,1,0,1,0,-1.000000000,0.000000000,0.000000000,0.000000000,0,-1.000000000,0,0,0,,0,-1.000000000,,0,0,0.000000000,0.000000000,0,-1.000000000,0,,0,-1.000000000,,0,-1.000000000,0,,1,-0.113160707,-6.483630921,-0.007326126,-0.026862144,1,3.135058641,179.625628680,-0.007326126,-2.769229889,1,-2.864825487,-164.142409454,-0.002442360,2.659828186,1,-0.186350822,-10.677115635,0.007326126,0.422466278,1,1.346240997,77.133927354,-0.012210846,-0.003663063,-0.113542177,-6.505487526,0.000000000,-0.000000000,6.000000000,2.500000000,3.150317430,180.499892894,0.000000000,-2.784898281,2.000000000,0.500000000,-2.867877245,-164.317262297,0.000000000,2.679786205,1.000000000,0.500000000,-0.187495232,-10.742685451,0.000000000,0.430281579,0.500000000,0.200000003,1.346624374,77.155893242,0.000000000,0.000199606,0.000000000,0.100000001
2026-07-05 12:28:27.423,1783225707.423594475,542.430267432,1,1,542.284057712,1,0.005658189,5,1,0.001172531,5,1,0,1,0,0,1,1,1,0,1,0,-1.000000000,0.000000000,0.000000000,0.000000000,0,-1.000000000,0,0,0,,0,-1.000000000,,0,0,0.000000000,0.000000000,0,-1.000000000,0,,0,-1.000000000,,0,-1.000000000,0,,1,-0.113160707,-6.483630921,-0.007326126,-0.026862144,1,3.135058641,179.625628680,-0.002442360,-2.769229889,1,-2.864825487,-164.142409454,-0.002442360,2.673503876,1,-0.186350822,-10.677115635,0.007326126,0.422466278,1,1.346624374,77.155893242,-0.012210846,-0.003663063,-0.113542177,-6.505487526,0.000000000,-0.000000000,6.000000000,2.500000000,3.150317430,180.499892894,0.000000000,-2.784898281,2.000000000,0.500000000,-2.867877245,-164.317262297,0.000000000,2.679786205,1.000000000,0.500000000,-0.187495232,-10.742685451,0.000000000,0.430281579,0.500000000,0.200000003,1.346624374,77.155893242,0.000000000,0.000199606,0.000000000,0.100000001
2026-07-05 12:28:28.423,1783225708.423320055,543.429993051,1,1,543.283783331,1,0.005583081,5,1,0.001062189,5,1,0,1,0,0,1,1,1,0,1,0,-1.000000000,0.000000000,0.000000000,0.000000000,0,-1.000000000,0,0,0,,0,-1.000000000,,0,0,0.000000000,0.000000000,0,-1.000000000,0,,0,-1.000000000,,0,-1.000000000,0,,1,-0.113160707,-6.483630921,-0.007326126,-0.021978378,1,3.135058641,179.625628680,-0.002442360,-2.782905579,1,-2.865206957,-164.164266060,-0.002442360,2.659828186,1,-0.186350822,-10.677115635,0.007326126,0.422466278,1,1.346240997,77.133927354,-0.036628723,-0.003663063,-0.113542177,-6.505487526,0.000000000,-0.000000000,6.000000000,2.500000000,3.150317430,180.499892894,0.000000000,-2.784898281,2.000000000,0.500000000,-2.867877245,-164.317262297,0.000000000,2.679786205,1.000000000,0.500000000,-0.187495232,-10.742685451,0.000000000,0.430281579,0.500000000,0.200000003,1.346624374,77.155893242,0.000000000,0.000199606,0.000000000,0.100000001
2026-07-05 12:28:29.423,1783225709.423062086,544.429734890,1,1,544.283525170,1,0.005537896,5,1,0.001070312,5,1,0,1,0,0,1,1,1,0,1,0,-1.000000000,0.000000000,0.000000000,0.000000000,0,-1.000000000,0,0,0,,0,-1.000000000,,0,0,0.000000000,0.000000000,0,-1.000000000,0,,0,-1.000000000,,0,-1.000000000,0,,1,-0.113160707,-6.483630921,0.007326126,-0.026862144,1,3.135058641,179.625628680,-0.002442360,-2.769229889,1,-2.864825487,-164.142409454,-0.002442360,2.659828186,1,-0.186350822,-10.677115635,-0.007326126,0.422466278,1,1.346624374,77.155893242,-0.012210846,-0.003663063,-0.113542177,-6.505487526,0.000000000,-0.000000000,6.000000000,2.500000000,3.150317430,180.499892894,0.000000000,-2.784898281,2.000000000,0.500000000,-2.867877245,-164.317262297,0.000000000,2.679786205,1.000000000,0.500000000,-0.187495232,-10.742685451,0.000000000,0.430281579,0.500000000,0.200000003,1.346624374,77.155893242,0.000000000,0.000199606,0.000000000,0.100000001
2026-07-05 12:28:30.423,1783225710.422869444,545.429542335,1,1,545.283332615,1,0.005591664,5,1,0.001008991,5,1,0,1,0,0,1,1,1,0,1,0,-1.000000000,0.000000000,0.000000000,0.000000000,0,-1.000000000,0,0,0,,0,-1.000000000,,0,0,0.000000000,0.000000000,0,-1.000000000,0,,0,-1.000000000,,0,-1.000000000,0,,1,-0.113160707,-6.483630921,-0.007326126,-0.026862144,1,3.135058641,179.625628680,-0.002442360,-2.769229889,1,-2.865206957,-164.164266060,-0.002442360,2.659828186,1,-0.186350822,-10.677115635,-0.007326126,0.422466278,1,1.346240997,77.133927354,0.012210846,-0.003663063,-0.113542177,-6.505487526,0.000000000,-0.000000000,6.000000000,2.500000000,3.150317430,180.499892894,0.000000000,-2.784898281,2.000000000,0.500000000,-2.867877245,-164.317262297,0.000000000,2.679786205,1.000000000,0.500000000,-0.187495232,-10.742685451,0.000000000,0.430281579,0.500000000,0.200000003,1.346624374,77.155893242,0.000000000,0.000199606,0.000000000,0.100000001
2026-07-05 12:28:31.422,1783225711.422549725,546.429222725,1,1,546.283013005,1,0.005624391,5,1,0.001143189,5,1,0,1,0,0,1,1,1,0,1,0,-1.000000000,0.000000000,0.000000000,0.000000000,0,-1.000000000,0,0,0,,0,-1.000000000,,0,0,0.000000000,0.000000000,0,-1.000000000,0,,0,-1.000000000,,0,-1.000000000,0,,1,-0.113160707,-6.483630921,-0.007326126,-0.021978378,1,3.135058641,179.625628680,0.002442360,-2.769229889,1,-2.865206957,-164.164266060,-0.002442360,2.659828186,1,-0.186350822,-10.677115635,-0.021978378,0.422466278,1,1.346624374,77.155893242,-0.012210846,-0.003663063,-0.113542177,-6.505487526,0.000000000,-0.000000000,6.000000000,2.500000000,3.150317430,180.499892894,0.000000000,-2.784898281,2.000000000,0.500000000,-2.867877245,-164.317262297,0.000000000,2.679786205,1.000000000,0.500000000,-0.187495232,-10.742685451,0.000000000,0.430281579,0.500000000,0.200000003,1.346624374,77.155893242,0.000000000,0.000199606,0.000000000,0.100000001
2026-07-05 12:28:32.422,1783225712.422327757,547.429000773,1,1,547.282791053,1,0.005695291,5,1,0.001248923,5,1,0,1,0,0,1,1,1,0,1,0,-1.000000000,0.000000000,0.000000000,0.000000000,0,-1.000000000,0,0,0,,0,-1.000000000,,0,0,0.000000000,0.000000000,0,-1.000000000,0,,0,-1.000000000,,0,-1.000000000,0,,1,-0.113160707,-6.483630921,-0.021978378,-0.026862144,1,3.135058641,179.625628680,0.002442360,-2.769229889,1,-2.865206957,-164.164266060,-0.002442360,2.659828186,1,-0.186350822,-10.677115635,-0.007326126,0.422466278,1,1.346240997,77.133927354,-0.012210846,-0.003663063,-0.113542177,-6.505487526,0.000000000,-0.000000000,6.000000000,2.500000000,3.150317430,180.499892894,0.000000000,-2.784898281,2.000000000,0.500000000,-2.867877245,-164.317262297,0.000000000,2.679786205,1.000000000,0.500000000,-0.187495232,-10.742685451,0.000000000,0.430281579,0.500000000,0.200000003,1.346624374,77.155893242,0.000000000,0.000199606,0.000000000,0.100000001
2026-07-05 12:28:33.422,1783225713.422048569,548.428721490,1,1,548.282511770,1,0.005643926,5,1,0.001352212,5,1,0,1,0,0,1,1,1,0,1,0,-1.000000000,0.000000000,0.000000000,0.000000000,0,-1.000000000,0,0,0,,0,-1.000000000,,0,0,0.000000000,0.000000000,0,-1.000000000,0,,0,-1.000000000,,0,-1.000000000,0,,1,-0.113160707,-6.483630921,-0.007326126,-0.026862144,1,3.135058641,179.625628680,-0.007326126,-2.769229889,1,-2.865206957,-164.164266060,-0.007326126,2.659828186,1,-0.186350822,-10.677115635,-0.007326126,0.422466278,1,1.346240997,77.133927354,-0.036628723,-0.003663063,-0.113542177,-6.505487526,0.000000000,-0.000000000,6.000000000,2.500000000,3.150317430,180.499892894,0.000000000,-2.784898281,2.000000000,0.500000000,-2.867877245,-164.317262297,0.000000000,2.679786205,1.000000000,0.500000000,-0.187495232,-10.742685451,0.000000000,0.430281579,0.500000000,0.200000003,1.346624374,77.155893242,0.000000000,0.000199606,0.000000000,0.100000001
2026-07-05 12:28:34.422,1783225714.421833515,549.428506281,1,1,549.282296561,1,0.005721350,5,1,0.001259759,5,1,0,1,0,0,1,1,1,0,1,0,-1.000000000,0.000000000,0.000000000,0.000000000,0,-1.000000000,0,0,0,,0,-1.000000000,,0,0,0.000000000,0.000000000,0,-1.000000000,0,,0,-1.000000000,,0,-1.000000000,0,,1,-0.113160707,-6.483630921,0.007326126,-0.026862144,1,3.135058641,179.625628680,-0.002442360,-2.755556107,1,-2.865206957,-164.164266060,-0.002442360,2.659828186,1,-0.186350822,-10.677115635,-0.007326126,0.422466278,1,1.346240997,77.133927354,-0.036628723,-0.003663063,-0.113542177,-6.505487526,0.000000000,-0.000000000,6.000000000,2.500000000,3.150317430,180.499892894,0.000000000,-2.784898281,2.000000000,0.500000000,-2.867877245,-164.317262297,0.000000000,2.679786205,1.000000000,0.500000000,-0.187495232,-10.742685451,0.000000000,0.430281579,0.500000000,0.200000003,1.346624374,77.155893242,0.000000000,0.000199606,0.000000000,0.100000001
2026-07-05 12:28:35.421,1783225715.421559095,550.428231945,1,1,550.282022225,1,0.005680023,5,1,0.001194141,5,1,0,1,0,0,1,1,1,0,1,0,-1.000000000,0.000000000,0.000000000,0.000000000,0,-1.000000000,0,0,0,,0,-1.000000000,,0,0,0.000000000,0.000000000,0,-1.000000000,0,,0,-1.000000000,,0,-1.000000000,0,,1,-0.113160707,-6.483630921,-0.021978378,-0.026862144,1,3.135058641,179.625628680,-0.007326126,-2.769229889,1,-2.864825487,-164.142409454,-0.002442360,2.659828186,1,-0.186350822,-10.677115635,-0.007326126,0.422466278,1,1.346240997,77.133927354,-0.036628723,-0.003663063,-0.113542177,-6.505487526,0.000000000,-0.000000000,6.000000000,2.500000000,3.150317430,180.499892894,0.000000000,-2.784898281,2.000000000,0.500000000,-2.867877245,-164.317262297,0.000000000,2.679786205,1.000000000,0.500000000,-0.187495232,-10.742685451,0.000000000,0.430281579,0.500000000,0.200000003,1.346624374,77.155893242,0.000000000,0.000199606,0.000000000,0.100000001
2026-07-05 12:28:36.421,1783225716.421329975,551.428002801,1,1,551.281793081,1,0.005768469,5,1,0.001198915,5,1,0,1,0,0,1,1,1,0,1,0,-1.000000000,0.000000000,0.000000000,0.000000000,0,-1.000000000,0,0,0,,0,-1.000000000,,0,0,0.000000000,0.000000000,0,-1.000000000,0,,0,-1.000000000,,0,-1.000000000,0,,1,-0.113160707,-6.483630921,-0.021978378,-0.026862144,1,3.135058641,179.625628680,-0.002442360,-2.769229889,1,-2.865206957,-164.164266060,-0.002442360,2.659828186,1,-0.186350822,-10.677115635,-0.007326126,0.422466278,1,1.346240997,77.133927354,-0.036628723,-0.003663063,-0.113542177,-6.505487526,0.000000000,-0.000000000,6.000000000,2.500000000,3.150317430,180.499892894,0.000000000,-2.784898281,2.000000000,0.500000000,-2.867877245,-164.317262297,0.000000000,2.679786205,1.000000000,0.500000000,-0.187495232,-10.742685451,0.000000000,0.430281579,0.500000000,0.200000003,1.346624374,77.155893242,0.000000000,0.000199606,0.000000000,0.100000001
2026-07-05 12:28:37.421,1783225717.421088934,552.427762067,1,1,552.281552347,1,0.005706282,5,1,0.001215528,5,1,0,1,0,0,1,1,1,0,1,0,-1.000000000,0.000000000,0.000000000,0.000000000,0,-1.000000000,0,0,0,,0,-1.000000000,,0,0,0.000000000,0.000000000,0,-1.000000000,0,,0,-1.000000000,,0,-1.000000000,0,,1,-0.113160707,-6.483630921,-0.007326126,-0.021978378,1,3.135058641,179.625628680,-0.002442360,-2.782905579,1,-2.865206957,-164.164266060,-0.002442360,2.659828186,1,-0.186350822,-10.677115635,-0.021978378,0.417582512,1,1.346240997,77.133927354,-0.012210846,-0.003663063,-0.113542177,-6.505487526,0.000000000,-0.000000000,6.000000000,2.500000000,3.150317430,180.499892894,0.000000000,-2.784898281,2.000000000,0.500000000,-2.867877245,-164.317262297,0.000000000,2.679786205,1.000000000,0.500000000,-0.187495232,-10.742685451,0.000000000,0.430281579,0.500000000,0.200000003,1.346624374,77.155893242,0.000000000,0.000199606,0.000000000,0.100000001
2026-07-05 12:28:38.420,1783225718.420834780,553.427507641,1,1,553.281297921,1,0.005611021,5,1,0.001132826,5,1,0,1,0,0,1,1,1,0,1,0,-1.000000000,0.000000000,0.000000000,0.000000000,0,-1.000000000,0,0,0,,0,-1.000000000,,0,0,0.000000000,0.000000000,0,-1.000000000,0,,0,-1.000000000,,0,-1.000000000,0,,1,-0.113160707,-6.483630921,0.007326126,-0.026862144,1,3.135058641,179.625628680,0.002442360,-2.782905579,1,-2.864825487,-164.142409454,-0.002442360,2.659828186,1,-0.186350822,-10.677115635,-0.007326126,0.422466278,1,1.346240997,77.133927354,-0.012210846,-0.003663063,-0.113542177,-6.505487526,0.000000000,-0.000000000,6.000000000,2.500000000,3.150317430,180.499892894,0.000000000,-2.784898281,2.000000000,0.500000000,-2.867877245,-164.317262297,0.000000000,2.679786205,1.000000000,0.500000000,-0.187495232,-10.742685451,0.000000000,0.430281579,0.500000000,0.200000003,1.346624374,77.155893242,0.000000000,0.000199606,0.000000000,0.100000001
2026-07-05 12:28:39.420,1783225719.420643568,554.427316389,1,1,554.281106669,1,0.005346477,5,1,0.001301623,5,1,0,1,0,0,1,1,1,0,1,0,-1.000000000,0.000000000,0.000000000,0.000000000,0,-1.000000000,0,0,0,,0,-1.000000000,,0,0,0.000000000,0.000000000,0,-1.000000000,0,,0,-1.000000000,,0,-1.000000000,0,,1,-0.113160707,-6.483630921,-0.007326126,-0.026862144,1,3.135058641,179.625628680,-0.002442360,-2.782905579,1,-2.864825487,-164.142409454,-0.002442360,2.673503876,1,-0.186350822,-10.677115635,-0.007326126,0.422466278,1,1.346624374,77.155893242,-0.012210846,-0.003663063,-0.113542177,-6.505487526,0.000000000,-0.000000000,6.000000000,2.500000000,3.150317430,180.499892894,0.000000000,-2.784898281,2.000000000,0.500000000,-2.867877245,-164.317262297,0.000000000,2.679786205,1.000000000,0.500000000,-0.187495232,-10.742685451,0.000000000,0.430281579,0.500000000,0.200000003,1.346624374,77.155893242,0.000000000,0.000199606,0.000000000,0.100000001
2026-07-05 12:28:40.420,1783225720.420461416,555.427134203,1,1,555.280924483,1,0.005810144,5,1,0.001245438,5,1,0,1,0,0,1,1,1,0,1,0,-1.000000000,0.000000000,0.000000000,0.000000000,0,-1.000000000,0,0,0,,0,-1.000000000,,0,0,0.000000000,0.000000000,0,-1.000000000,0,,0,-1.000000000,,0,-1.000000000,0,,1,-0.113160707,-6.483630921,-0.007326126,-0.026862144,1,3.135058641,179.625628680,-0.002442360,-2.782905579,1,-2.864825487,-164.142409454,-0.002442360,2.659828186,1,-0.186350822,-10.677115635,-0.007326126,0.422466278,1,1.346240997,77.133927354,0.012210846,-0.003663063,-0.113542177,-6.505487526,0.000000000,-0.000000000,6.000000000,2.500000000,3.150317430,180.499892894,0.000000000,-2.784898281,2.000000000,0.500000000,-2.867877245,-164.317262297,0.000000000,2.679786205,1.000000000,0.500000000,-0.187495232,-10.742685451,0.000000000,0.430281579,0.500000000,0.200000003,1.346624374,77.155893242,0.000000000,0.000199606,0.000000000,0.100000001
2026-07-05 12:28:41.420,1783225721.420109987,556.426782951,1,1,556.280573231,1,0.005721943,5,1,0.001213770,5,1,0,1,0,0,1,1,1,0,1,0,-1.000000000,0.000000000,0.000000000,0.000000000,0,-1.000000000,0,0,0,,0,-1.000000000,,0,0,0.000000000,0.000000000,0,-1.000000000,0,,0,-1.000000000,,0,-1.000000000,0,,1,-0.113160707,-6.483630921,-0.021978378,-0.031745911,1,3.135058641,179.625628680,-0.002442360,-2.782905579,1,-2.865206957,-164.164266060,-0.002442360,2.659828186,1,-0.186350822,-10.677115635,0.007326126,0.422466278,1,1.346240997,77.133927354,-0.012210846,-0.003663063,-0.113542177,-6.505487526,0.000000000,-0.000000000,6.000000000,2.500000000,3.150317430,180.499892894,0.000000000,-2.784898281,2.000000000,0.500000000,-2.867877245,-164.317262297,0.000000000,2.679786205,1.000000000,0.500000000,-0.187495232,-10.742685451,0.000000000,0.430281579,0.500000000,0.200000003,1.346624374,77.155893242,0.000000000,0.000199606,0.000000000,0.100000001
2026-07-05 12:28:42.420,1783225722.419942379,557.426615441,1,1,557.280405721,1,0.005661190,5,1,0.001306499,5,1,0,1,0,0,1,1,1,0,1,0,-1.000000000,0.000000000,0.000000000,0.000000000,0,-1.000000000,0,0,0,,0,-1.000000000,,0,0,0.000000000,0.000000000,0,-1.000000000,0,,0,-1.000000000,,0,-1.000000000,0,,1,-0.113160707,-6.483630921,-0.021978378,-0.026862144,1,3.135058641,179.625628680,0.002442360,-2.769229889,1,-2.864825487,-164.142409454,-0.002442360,2.659828186,1,-0.186350822,-10.677115635,-0.007326126,0.422466278,1,1.346624374,77.155893242,0.012210846,-0.003663063,-0.113542177,-6.505487526,0.000000000,-0.000000000,6.000000000,2.500000000,3.150317430,180.499892894,0.000000000,-2.784898281,2.000000000,0.500000000,-2.867877245,-164.317262297,0.000000000,2.679786205,1.000000000,0.500000000,-0.187495232,-10.742685451,0.000000000,0.430281579,0.500000000,0.200000003,1.346624374,77.155893242,0.000000000,0.000199606,0.000000000,0.100000001
2026-07-05 12:28:43.419,1783225723.419619322,558.426292366,1,1,558.280082646,1,0.005589407,5,1,0.001263488,5,1,0,1,0,0,1,1,1,0,1,0,-1.000000000,0.000000000,0.000000000,0.000000000,0,-1.000000000,0,0,0,,0,-1.000000000,,0,0,0.000000000,0.000000000,0,-1.000000000,0,,0,-1.000000000,,0,-1.000000000,0,,1,-0.113160707,-6.483630921,0.007326126,-0.026862144,1,3.135058641,179.625628680,0.002442360,-2.769229889,1,-2.864825487,-164.142409454,0.002442360,2.659828186,1,-0.186350822,-10.677115635,-0.007326126,0.427350044,1,1.346624374,77.155893242,0.012210846,-0.001221180,-0.113542177,-6.505487526,0.000000000,-0.000000000,6.000000000,2.500000000,3.150317430,180.499892894,0.000000000,-2.784898281,2.000000000,0.500000000,-2.867877245,-164.317262297,0.000000000,2.679786205,1.000000000,0.500000000,-0.187495232,-10.742685451,0.000000000,0.430281579,0.500000000,0.200000003,1.346624374,77.155893242,0.000000000,0.000199606,0.000000000,0.100000001
2026-07-05 12:28:44.419,1783225724.419380426,559.426053341,1,1,559.279843621,1,0.005465137,5,1,0.001237823,5,1,0,1,0,0,1,1,1,0,1,0,-1.000000000,0.000000000,0.000000000,0.000000000,0,-1.000000000,0,0,0,,0,-1.000000000,,0,0,0.000000000,0.000000000,0,-1.000000000,0,,0,-1.000000000,,0,-1.000000000,0,,1,-0.113160707,-6.483630921,-0.007326126,-0.026862144,1,3.135058641,179.625628680,-0.002442360,-2.782905579,1,-2.864825487,-164.142409454,-0.002442360,2.659828186,1,-0.186350822,-10.677115635,0.007326126,0.422466278,1,1.346624374,77.155893242,-0.012210846,-0.003663063,-0.113542177,-6.505487526,0.000000000,-0.000000000,6.000000000,2.500000000,3.150317430,180.499892894,0.000000000,-2.784898281,2.000000000,0.500000000,-2.867877245,-164.317262297,0.000000000,2.679786205,1.000000000,0.500000000,-0.187495232,-10.742685451,0.000000000,0.430281579,0.500000000,0.200000003,1.346624374,77.155893242,0.000000000,0.000199606,0.000000000,0.100000001
2026-07-05 12:28:45.419,1783225725.419181824,560.425854645,1,1,560.279644925,1,0.005685421,5,1,0.001300814,5,1,0,1,0,0,1,1,1,0,1,0,-1.000000000,0.000000000,0.000000000,0.000000000,0,-1.000000000,0,0,0,,0,-1.000000000,,0,0,0.000000000,0.000000000,0,-1.000000000,0,,0,-1.000000000,,0,-1.000000000,0,,1,-0.113160707,-6.483630921,-0.021978378,-0.026862144,1,3.135058641,179.625628680,-0.002442360,-2.782905579,1,-2.864825487,-164.142409454,0.002442360,2.659828186,1,-0.186350822,-10.677115635,-0.007326126,0.422466278,1,1.346240997,77.133927354,-0.036628723,-0.003663063,-0.113542177,-6.505487526,0.000000000,-0.000000000,6.000000000,2.500000000,3.150317430,180.499892894,0.000000000,-2.784898281,2.000000000,0.500000000,-2.867877245,-164.317262297,0.000000000,2.679786205,1.000000000,0.500000000,-0.187495232,-10.742685451,0.000000000,0.430281579,0.500000000,0.200000003,1.346624374,77.155893242,0.000000000,0.000199606,0.000000000,0.100000001
2026-07-05 12:28:46.419,1783225726.418894291,561.425567200,1,1,561.279357480,1,0.005569087,5,1,0.001254391,5,1,0,1,0,0,1,1,1,0,1,0,-1.000000000,0.000000000,0.000000000,0.000000000,0,-1.000000000,0,0,0,,0,-1.000000000,,0,0,0.000000000,0.000000000,0,-1.000000000,0,,0,-1.000000000,,0,-1.000000000,0,,1,-0.113160707,-6.483630921,0.007326126,-0.021978378,1,3.135058641,179.625628680,-0.002442360,-2.769229889,1,-2.865206957,-164.164266060,-0.002442360,2.659828186,1,-0.186350822,-10.677115635,-0.021978378,0.422466278,1,1.346240997,77.133927354,-0.012210846,-0.003663063,-0.113542177,-6.505487526,0.000000000,-0.000000000,6.000000000,2.500000000,3.150317430,180.499892894,0.000000000,-2.784898281,2.000000000,0.500000000,-2.867877245,-164.317262297,0.000000000,2.679786205,1.000000000,0.500000000,-0.187495232,-10.742685451,0.000000000,0.430281579,0.500000000,0.200000003,1.346624374,77.155893242,0.000000000,0.000199606,0.000000000,0.100000001
2026-07-05 12:28:47.418,1783225727.418654680,562.425327581,1,1,562.279117861,1,0.005631800,5,1,0.001075105,5,1,0,1,0,0,1,1,1,0,1,0,-1.000000000,0.000000000,0.000000000,0.000000000,0,-1.000000000,0,0,0,,0,-1.000000000,,0,0,0.000000000,0.000000000,0,-1.000000000,0,,0,-1.000000000,,0,-1.000000000,0,,1,-0.113160707,-6.483630921,0.007326126,-0.021978378,1,3.135058641,179.625628680,-0.002442360,-2.769229889,1,-2.864825487,-164.142409454,0.002442360,2.659828186,1,-0.186350822,-10.677115635,-0.007326126,0.422466278,1,1.346240997,77.133927354,-0.012210846,-0.003663063,-0.113542177,-6.505487526,0.000000000,-0.000000000,6.000000000,2.500000000,3.150317430,180.499892894,0.000000000,-2.784898281,2.000000000,0.500000000,-2.867877245,-164.317262297,0.000000000,2.679786205,1.000000000,0.500000000,-0.187495232,-10.742685451,0.000000000,0.430281579,0.500000000,0.200000003,1.346624374,77.155893242,0.000000000,0.000199606,0.000000000,0.100000001
2026-07-05 12:28:48.418,1783225728.418394089,563.425066938,1,1,563.278857218,1,0.005678981,5,1,0.001241483,5,1,0,1,0,0,1,1,1,0,1,0,-1.000000000,0.000000000,0.000000000,0.000000000,0,-1.000000000,0,0,0,,0,-1.000000000,,0,0,0.000000000,0.000000000,0,-1.000000000,0,,0,-1.000000000,,0,-1.000000000,0,,1,-0.113160707,-6.483630921,-0.007326126,-0.026862144,1,3.135058641,179.625628680,-0.002442360,-2.782905579,1,-2.864825487,-164.142409454,-0.002442360,2.659828186,1,-0.186350822,-10.677115635,-0.007326126,0.422466278,1,1.346240997,77.133927354,-0.036628723,-0.003663063,-0.113542177,-6.505487526,0.000000000,-0.000000000,6.000000000,2.500000000,3.150317430,180.499892894,0.000000000,-2.784898281,2.000000000,0.500000000,-2.867877245,-164.317262297,0.000000000,2.679786205,1.000000000,0.500000000,-0.187495232,-10.742685451,0.000000000,0.430281579,0.500000000,0.200000003,1.346624374,77.155893242,0.000000000,0.000199606,0.000000000,0.100000001
2026-07-05 12:28:49.418,1783225729.418163776,564.424836653,1,1,564.278626933,1,0.005576378,5,1,0.000942764,5,1,0,1,0,0,1,1,1,0,1,0,-1.000000000,0.000000000,0.000000000,0.000000000,0,-1.000000000,0,0,0,,0,-1.000000000,,0,0,0.000000000,0.000000000,0,-1.000000000,0,,0,-1.000000000,,0,-1.000000000,0,,1,-0.113160707,-6.483630921,0.007326126,-0.026862144,1,3.135058641,179.625628680,-0.002442360,-2.769229889,1,-2.864825487,-164.142409454,-0.002442360,2.659828186,1,-0.186350822,-10.677115635,-0.021978378,0.422466278,1,1.346240997,77.133927354,-0.012210846,-0.003663063,-0.113542177,-6.505487526,0.000000000,-0.000000000,6.000000000,2.500000000,3.150317430,180.499892894,0.000000000,-2.784898281,2.000000000,0.500000000,-2.867877245,-164.317262297,0.000000000,2.679786205,1.000000000,0.500000000,-0.187495232,-10.742685451,0.000000000,0.430281579,0.500000000,0.200000003,1.346624374,77.155893242,0.000000000,0.000199606,0.000000000,0.100000001
2026-07-05 12:28:50.418,1783225730.417911530,565.424584420,1,1,565.278374700,1,0.005584808,5,1,0.001132770,5,1,0,1,0,0,1,1,1,0,1,0,-1.000000000,0.000000000,0.000000000,0.000000000,0,-1.000000000,0,0,0,,0,-1.000000000,,0,0,0.000000000,0.000000000,0,-1.000000000,0,,0,-1.000000000,,0,-1.000000000,0,,1,-0.113160707,-6.483630921,-0.007326126,-0.026862144,1,3.135058641,179.625628680,-0.002442360,-2.769229889,1,-2.865206957,-164.164266060,-0.002442360,2.659828186,1,-0.186350822,-10.677115635,-0.007326126,0.422466278,1,1.346240997,77.133927354,-0.012210846,-0.003663063,-0.113542177,-6.505487526,0.000000000,-0.000000000,6.000000000,2.500000000,3.150317430,180.499892894,0.000000000,-2.784898281,2.000000000,0.500000000,-2.867877245,-164.317262297,0.000000000,2.679786205,1.000000000,0.500000000,-0.187495232,-10.742685451,0.000000000,0.430281579,0.500000000,0.200000003,1.346624374,77.155893242,0.000000000,0.000199606,0.000000000,0.100000001
2026-07-05 12:28:51.417,1783225731.417654514,566.424327377,1,1,566.278117657,1,0.005764879,5,1,0.001253093,5,1,0,1,0,0,1,1,1,0,1,0,-1.000000000,0.000000000,0.000000000,0.000000000,0,-1.000000000,0,0,0,,0,-1.000000000,,0,0,0.000000000,0.000000000,0,-1.000000000,0,,0,-1.000000000,,0,-1.000000000,0,,1,-0.113160707,-6.483630921,-0.007326126,-0.026862144,1,3.135058641,179.625628680,0.002442360,-2.769229889,1,-2.864825487,-164.142409454,-0.002442360,2.659828186,1,-0.186350822,-10.677115635,0.007326126,0.422466278,1,1.346240997,77.133927354,-0.061050415,-0.003663063,-0.113542177,-6.505487526,0.000000000,-0.000000000,6.000000000,2.500000000,3.150317430,180.499892894,0.000000000,-2.784898281,2.000000000,0.500000000,-2.867877245,-164.317262297,0.000000000,2.679786205,1.000000000,0.500000000,-0.187495232,-10.742685451,0.000000000,0.430281579,0.500000000,0.200000003,1.346624374,77.155893242,0.000000000,0.000199606,0.000000000,0.100000001
2026-07-05 12:28:52.417,1783225732.417419672,567.424092591,1,1,567.277882871,1,0.005674232,5,1,0.001283681,5,1,0,1,0,0,1,1,1,0,1,0,-1.000000000,0.000000000,0.000000000,0.000000000,0,-1.000000000,0,0,0,,0,-1.000000000,,0,0,0.000000000,0.000000000,0,-1.000000000,0,,0,-1.000000000,,0,-1.000000000,0,,1,-0.113160707,-6.483630921,-0.007326126,-0.021978378,1,3.135058641,179.625628680,-0.002442360,-2.782905579,1,-2.864825487,-164.142409454,0.002442360,2.659828186,1,-0.186350822,-10.677115635,0.007326126,0.422466278,1,1.346240997,77.133927354,0.036628723,-0.003663063,-0.113542177,-6.505487526,0.000000000,-0.000000000,6.000000000,2.500000000,3.150317430,180.499892894,0.000000000,-2.784898281,2.000000000,0.500000000,-2.867877245,-164.317262297,0.000000000,2.679786205,1.000000000,0.500000000,-0.187495232,-10.742685451,0.000000000,0.430281579,0.500000000,0.200000003,1.346624374,77.155893242,0.000000000,0.000199606,0.000000000,0.100000001
2026-07-05 12:28:53.417,1783225733.417202473,568.423875486,1,1,568.277665766,1,0.005668957,5,1,0.001304794,5,1,0,1,0,0,1,1,1,0,1,0,-1.000000000,0.000000000,0.000000000,0.000000000,0,-1.000000000,0,0,0,,0,-1.000000000,,0,0,0.000000000,0.000000000,0,-1.000000000,0,,0,-1.000000000,,0,-1.000000000,0,,1,-0.113160707,-6.483630921,-0.007326126,-0.021978378,1,3.135058641,179.625628680,-0.002442360,-2.769229889,1,-2.865206957,-164.164266060,-0.002442360,2.659828186,1,-0.186350822,-10.677115635,0.007326126,0.422466278,1,1.346240997,77.133927354,-0.012210846,-0.003663063,-0.113542177,-6.505487526,0.000000000,-0.000000000,6.000000000,2.500000000,3.150317430,180.499892894,0.000000000,-2.784898281,2.000000000,0.500000000,-2.867877245,-164.317262297,0.000000000,2.679786205,1.000000000,0.500000000,-0.187495232,-10.742685451,0.000000000,0.430281579,0.500000000,0.200000003,1.346624374,77.155893242,0.000000000,0.000199606,0.000000000,0.100000001
2026-07-05 12:28:54.417,1783225734.416941166,569.423613958,1,1,569.277404238,1,0.005572664,5,1,0.001012546,5,1,0,1,0,0,1,1,1,0,1,0,-1.000000000,0.000000000,0.000000000,0.000000000,0,-1.000000000,0,0,0,,0,-1.000000000,,0,0,0.000000000,0.000000000,0,-1.000000000,0,,0,-1.000000000,,0,-1.000000000,0,,1,-0.113160707,-6.483630921,-0.021978378,-0.026862144,1,3.135058641,179.625628680,-0.002442360,-2.769229889,1,-2.864825487,-164.142409454,-0.002442360,2.659828186,1,-0.186350822,-10.677115635,-0.007326126,0.422466278,1,1.346240997,77.133927354,-0.012210846,-0.003663063,-0.113542177,-6.505487526,0.000000000,-0.000000000,6.000000000,2.500000000,3.150317430,180.499892894,0.000000000,-2.784898281,2.000000000,0.500000000,-2.867877245,-164.317262297,0.000000000,2.679786205,1.000000000,0.500000000,-0.187495232,-10.742685451,0.000000000,0.430281579,0.500000000,0.200000003,1.346624374,77.155893242,0.000000000,0.000199606,0.000000000,0.100000001
2026-07-05 12:28:55.416,1783225735.416711330,570.423384312,1,1,570.277174592,1,0.005677403,5,1,0.001189372,5,1,0,1,0,0,1,1,1,0,1,0,-1.000000000,0.000000000,0.000000000,0.000000000,0,-1.000000000,0,0,0,,0,-1.000000000,,0,0,0.000000000,0.000000000,0,-1.000000000,0,,0,-1.000000000,,0,-1.000000000,0,,1,-0.113160707,-6.483630921,-0.007326126,-0.026862144,1,3.135058641,179.625628680,-0.002442360,-2.782905579,1,-2.865206957,-164.164266060,-0.002442360,2.673503876,1,-0.186350822,-10.677115635,-0.007326126,0.422466278,1,1.346240997,77.133927354,-0.012210846,-0.003663063,-0.113542177,-6.505487526,0.000000000,-0.000000000,6.000000000,2.500000000,3.150317430,180.499892894,0.000000000,-2.784898281,2.000000000,0.500000000,-2.867877245,-164.317262297,0.000000000,2.679786205,1.000000000,0.500000000,-0.187495232,-10.742685451,0.000000000,0.430281579,0.500000000,0.200000003,1.346624374,77.155893242,0.000000000,0.000199606,0.000000000,0.100000001
2026-07-05 12:28:56.416,1783225736.416449308,571.423122185,1,1,571.276912465,1,0.005692078,5,1,0.001271078,5,1,0,1,0,0,1,1,1,0,1,0,-1.000000000,0.000000000,0.000000000,0.000000000,0,-1.000000000,0,0,0,,0,-1.000000000,,0,0,0.000000000,0.000000000,0,-1.000000000,0,,0,-1.000000000,,0,-1.000000000,0,,1,-0.113160707,-6.483630921,-0.007326126,-0.026862144,1,3.135058641,179.625628680,-0.002442360,-2.782905579,1,-2.865206957,-164.164266060,-0.002442360,2.659828186,1,-0.186350822,-10.677115635,0.007326126,0.422466278,1,1.346240997,77.133927354,-0.036628723,-0.003663063,-0.113542177,-6.505487526,0.000000000,-0.000000000,6.000000000,2.500000000,3.150317430,180.499892894,0.000000000,-2.784898281,2.000000000,0.500000000,-2.867877245,-164.317262297,0.000000000,2.679786205,1.000000000,0.500000000,-0.187495232,-10.742685451,0.000000000,0.430281579,0.500000000,0.200000003,1.346624374,77.155893242,0.000000000,0.000199606,0.000000000,0.100000001
2026-07-05 12:28:57.416,1783225737.416200399,572.422873305,1,1,572.276663585,1,0.005647467,5,1,0.001099384,5,1,0,1,0,0,1,1,1,0,1,0,-1.000000000,0.000000000,0.000000000,0.000000000,0,-1.000000000,0,0,0,,0,-1.000000000,,0,0,0.000000000,0.000000000,0,-1.000000000,0,,0,-1.000000000,,0,-1.000000000,0,,1,-0.113160707,-6.483630921,-0.007326126,-0.021978378,1,3.135058641,179.625628680,-0.007326126,-2.769229889,1,-2.864825487,-164.142409454,0.002442360,2.659828186,1,-0.186350822,-10.677115635,-0.007326126,0.422466278,1,1.346240997,77.133927354,-0.012210846,-0.003663063,-0.113542177,-6.505487526,0.000000000,-0.000000000,6.000000000,2.500000000,3.150317430,180.499892894,0.000000000,-2.784898281,2.000000000,0.500000000,-2.867877245,-164.317262297,0.000000000,2.679786205,1.000000000,0.500000000,-0.187495232,-10.742685451,0.000000000,0.430281579,0.500000000,0.200000003,1.346624374,77.155893242,0.000000000,0.000199606,0.000000000,0.100000001
2026-07-05 12:28:58.416,1783225738.415945768,573.422618655,1,1,573.276408935,1,0.005365395,5,1,0.001242909,5,1,0,1,0,0,1,1,1,0,1,0,-1.000000000,0.000000000,0.000000000,0.000000000,0,-1.000000000,0,0,0,,0,-1.000000000,,0,0,0.000000000,0.000000000,0,-1.000000000,0,,0,-1.000000000,,0,-1.000000000,0,,1,-0.113160707,-6.483630921,-0.007326126,-0.026862144,1,3.135058641,179.625628680,-0.002442360,-2.782905579,1,-2.865206957,-164.164266060,-0.002442360,2.659828186,1,-0.186350822,-10.677115635,-0.021978378,0.422466278,1,1.346240997,77.133927354,-0.036628723,-0.003663063,-0.113542177,-6.505487526,0.000000000,-0.000000000,6.000000000,2.500000000,3.150317430,180.499892894,0.000000000,-2.784898281,2.000000000,0.500000000,-2.867877245,-164.317262297,0.000000000,2.679786205,1.000000000,0.500000000,-0.187495232,-10.742685451,0.000000000,0.430281579,0.500000000,0.200000003,1.346624374,77.155893242,0.000000000,0.000199606,0.000000000,0.100000001
2026-07-05 12:28:59.415,1783225739.415763855,574.422436943,1,1,574.276227223,1,0.005860184,5,1,0.001093099,5,1,0,1,0,0,1,1,1,0,1,0,-1.000000000,0.000000000,0.000000000,0.000000000,0,-1.000000000,0,0,0,,0,-1.000000000,,0,0,0.000000000,0.000000000,0,-1.000000000,0,,0,-1.000000000,,0,-1.000000000,0,,1,-0.113160707,-6.483630921,-0.007326126,-0.026862144,1,3.135058641,179.625628680,-0.002442360,-2.769229889,1,-2.864825487,-164.142409454,-0.002442360,2.659828186,1,-0.186350822,-10.677115635,-0.021978378,0.422466278,1,1.346240997,77.133927354,-0.036628723,-0.003663063,-0.113542177,-6.505487526,0.000000000,-0.000000000,6.000000000,2.500000000,3.150317430,180.499892894,0.000000000,-2.784898281,2.000000000,0.500000000,-2.867877245,-164.317262297,0.000000000,2.679786205,1.000000000,0.500000000,-0.187495232,-10.742685451,0.000000000,0.430281579,0.500000000,0.200000003,1.346624374,77.155893242,0.000000000,0.000199606,0.000000000,0.100000001
2026-07-05 12:29:00.415,1783225740.415504932,575.422177783,1,1,575.275968063,1,0.005582132,5,1,0.000793216,5,1,0,1,0,0,1,1,1,0,1,0,-1.000000000,0.000000000,0.000000000,0.000000000,0,-1.000000000,0,0,0,,0,-1.000000000,,0,0,0.000000000,0.000000000,0,-1.000000000,0,,0,-1.000000000,,0,-1.000000000,0,,1,-0.113160707,-6.483630921,0.007326126,-0.021978378,1,3.135058641,179.625628680,-0.002442360,-2.782905579,1,-2.864825487,-164.142409454,0.002442360,2.659828186,1,-0.186350822,-10.677115635,-0.007326126,0.422466278,1,1.346240997,77.133927354,-0.012210846,-0.003663063,-0.113542177,-6.505487526,0.000000000,-0.000000000,6.000000000,2.500000000,3.150317430,180.499892894,0.000000000,-2.784898281,2.000000000,0.500000000,-2.867877245,-164.317262297,0.000000000,2.679786205,1.000000000,0.500000000,-0.187495232,-10.742685451,0.000000000,0.430281579,0.500000000,0.200000003,1.346624374,77.155893242,0.000000000,0.000199606,0.000000000,0.100000001
2026-07-05 12:29:01.415,1783225741.415218115,576.421891022,1,1,576.275681302,1,0.005692959,5,1,0.001330972,5,1,0,1,0,0,1,1,1,0,1,0,-1.000000000,0.000000000,0.000000000,0.000000000,0,-1.000000000,0,0,0,,0,-1.000000000,,0,0,0.000000000,0.000000000,0,-1.000000000,0,,0,-1.000000000,,0,-1.000000000,0,,1,-0.113160707,-6.483630921,-0.007326126,-0.026862144,1,3.135058641,179.625628680,-0.002442360,-2.769229889,1,-2.865206957,-164.164266060,-0.002442360,2.659828186,1,-0.186350822,-10.677115635,-0.007326126,0.422466278,1,1.346240997,77.133927354,-0.012210846,-0.003663063,-0.113542177,-6.505487526,0.000000000,-0.000000000,6.000000000,2.500000000,3.150317430,180.499892894,0.000000000,-2.784898281,2.000000000,0.500000000,-2.867877245,-164.317262297,0.000000000,2.679786205,1.000000000,0.500000000,-0.187495232,-10.742685451,0.000000000,0.430281579,0.500000000,0.200000003,1.346624374,77.155893242,0.000000000,0.000199606,0.000000000,0.100000001
2026-07-05 12:29:02.415,1783225742.414975882,577.421648970,1,1,577.275439250,1,0.004685859,5,1,0.001127534,5,1,0,1,0,0,1,1,1,0,1,0,-1.000000000,0.000000000,0.000000000,0.000000000,0,-1.000000000,0,0,0,,0,-1.000000000,,0,0,0.000000000,0.000000000,0,-1.000000000,0,,0,-1.000000000,,0,-1.000000000,0,,1,-0.113160707,-6.483630921,0.007326126,-0.026862144,1,3.135058641,179.625628680,-0.007326126,-2.769229889,1,-2.864825487,-164.142409454,-0.002442360,2.659828186,1,-0.186350822,-10.677115635,-0.007326126,0.422466278,1,1.346624374,77.155893242,-0.012210846,-0.003663063,-0.113542177,-6.505487526,0.000000000,-0.000000000,6.000000000,2.500000000,3.150317430,180.499892894,0.000000000,-2.784898281,2.000000000,0.500000000,-2.867877245,-164.317262297,0.000000000,2.679786205,1.000000000,0.500000000,-0.187495232,-10.742685451,0.000000000,0.430281579,0.500000000,0.200000003,1.346624374,77.155893242,0.000000000,0.000199606,0.000000000,0.100000001
2026-07-05 12:29:03.414,1783225743.414754629,578.421427368,1,1,578.275217648,1,0.005616367,5,1,0.000888835,5,1,0,1,0,0,1,1,1,0,1,0,-1.000000000,0.000000000,0.000000000,0.000000000,0,-1.000000000,0,0,0,,0,-1.000000000,,0,0,0.000000000,0.000000000,0,-1.000000000,0,,0,-1.000000000,,0,-1.000000000,0,,1,-0.113160707,-6.483630921,0.007326126,-0.026862144,1,3.135058641,179.625628680,-0.002442360,-2.782905579,1,-2.864825487,-164.142409454,-0.002442360,2.659828186,1,-0.186350822,-10.677115635,-0.007326126,0.422466278,1,1.346240997,77.133927354,-0.036628723,-0.003663063,-0.113542177,-6.505487526,0.000000000,-0.000000000,6.000000000,2.500000000,3.150317430,180.499892894,0.000000000,-2.784898281,2.000000000,0.500000000,-2.867877245,-164.317262297,0.000000000,2.679786205,1.000000000,0.500000000,-0.187495232,-10.742685451,0.000000000,0.430281579,0.500000000,0.200000003,1.346624374,77.155893242,0.000000000,0.000199606,0.000000000,0.100000001
2026-07-05 12:29:04.414,1783225744.414495707,579.421168694,1,1,579.274958974,1,0.005570045,5,1,0.001118118,5,1,0,1,0,0,1,1,1,0,1,0,-1.000000000,0.000000000,0.000000000,0.000000000,0,-1.000000000,0,0,0,,0,-1.000000000,,0,0,0.000000000,0.000000000,0,-1.000000000,0,,0,-1.000000000,,0,-1.000000000,0,,1,-0.113160707,-6.483630921,0.007326126,-0.021978378,1,3.135058641,179.625628680,0.002442360,-2.782905579,1,-2.865206957,-164.164266060,-0.007326126,2.659828186,1,-0.186350822,-10.677115635,-0.007326126,0.422466278,1,1.346624374,77.155893242,0.012210846,-0.003663063,-0.113542177,-6.505487526,0.000000000,-0.000000000,6.000000000,2.500000000,3.150317430,180.499892894,0.000000000,-2.784898281,2.000000000,0.500000000,-2.867877245,-164.317262297,0.000000000,2.679786205,1.000000000,0.500000000,-0.187495232,-10.742685451,0.000000000,0.430281579,0.500000000,0.200000003,1.346624374,77.155893242,0.000000000,0.000199606,0.000000000,0.100000001
2026-07-05 12:29:05.414,1783225745.414279938,580.420952971,1,1,580.274743251,1,0.005758140,5,1,0.001375395,5,1,0,1,0,0,1,1,1,0,1,0,-1.000000000,0.000000000,0.000000000,0.000000000,0,-1.000000000,0,0,0,,0,-1.000000000,,0,0,0.000000000,0.000000000,0,-1.000000000,0,,0,-1.000000000,,0,-1.000000000,0,,1,-0.113160707,-6.483630921,0.007326126,-0.026862144,1,3.135058641,179.625628680,0.002442360,-2.782905579,1,-2.864825487,-164.142409454,-0.002442360,2.659828186,1,-0.186350822,-10.677115635,-0.007326126,0.422466278,1,1.346624374,77.155893242,-0.012210846,-0.003663063,-0.113542177,-6.505487526,0.000000000,-0.000000000,6.000000000,2.500000000,3.150317430,180.499892894,0.000000000,-2.784898281,2.000000000,0.500000000,-2.867877245,-164.317262297,0.000000000,2.679786205,1.000000000,0.500000000,-0.187495232,-10.742685451,0.000000000,0.430281579,0.500000000,0.200000003,1.346624374,77.155893242,0.000000000,0.000199606,0.000000000,0.100000001
2026-07-05 12:29:06.414,1783225746.414025068,581.420697791,1,1,581.274488071,1,0.005125347,5,1,0.001214584,5,1,0,1,0,0,1,1,1,0,1,0,-1.000000000,0.000000000,0.000000000,0.000000000,0,-1.000000000,0,0,0,,0,-1.000000000,,0,0,0.000000000,0.000000000,0,-1.000000000,0,,0,-1.000000000,,0,-1.000000000,0,,1,-0.113160707,-6.483630921,-0.007326126,-0.026862144,1,3.135058641,179.625628680,-0.002442360,-2.769229889,1,-2.864825487,-164.142409454,-0.007326126,2.659828186,1,-0.186350822,-10.677115635,-0.007326126,0.422466278,1,1.346240997,77.133927354,-0.012210846,-0.003663063,-0.113542177,-6.505487526,0.000000000,-0.000000000,6.000000000,2.500000000,3.150317430,180.499892894,0.000000000,-2.784898281,2.000000000,0.500000000,-2.867877245,-164.317262297,0.000000000,2.679786205,1.000000000,0.500000000,-0.187495232,-10.742685451,0.000000000,0.430281579,0.500000000,0.200000003,1.346624374,77.155893242,0.000000000,0.000199606,0.000000000,0.100000001
2026-07-05 12:29:07.413,1783225747.413752317,582.420425124,1,1,582.274215404,1,0.005359115,5,1,0.001209202,5,1,0,1,0,0,1,1,1,0,1,0,-1.000000000,0.000000000,0.000000000,0.000000000,0,-1.000000000,0,0,0,,0,-1.000000000,,0,0,0.000000000,0.000000000,0,-1.000000000,0,,0,-1.000000000,,0,-1.000000000,0,,1,-0.113160707,-6.483630921,-0.007326126,-0.026862144,1,3.135058641,179.625628680,-0.002442360,-2.782905579,1,-2.864825487,-164.142409454,-0.002442360,2.659828186,1,-0.186350822,-10.677115635,-0.021978378,0.422466278,1,1.346240997,77.133927354,-0.012210846,-0.003663063,-0.113542177,-6.505487526,0.000000000,-0.000000000,6.000000000,2.500000000,3.150317430,180.499892894,0.000000000,-2.784898281,2.000000000,0.500000000,-2.867877245,-164.317262297,0.000000000,2.679786205,1.000000000,0.500000000,-0.187495232,-10.742685451,0.000000000,0.430281579,0.500000000,0.200000003,1.346624374,77.155893242,0.000000000,0.000199606,0.000000000,0.100000001
2026-07-05 12:29:08.413,1783225748.413499117,583.420172046,1,1,583.273962326,1,0.005358663,5,1,0.001282470,5,1,0,1,0,0,1,1,1,0,1,0,-1.000000000,0.000000000,0.000000000,0.000000000,0,-1.000000000,0,0,0,,0,-1.000000000,,0,0,0.000000000,0.000000000,0,-1.000000000,0,,0,-1.000000000,,0,-1.000000000,0,,1,-0.113160707,-6.483630921,-0.007326126,-0.021978378,1,3.135058641,179.625628680,-0.007326126,-2.782905579,1,-2.864825487,-164.142409454,-0.002442360,2.659828186,1,-0.186350822,-10.677115635,0.007326126,0.422466278,1,1.346240997,77.133927354,-0.012210846,-0.003663063,-0.113542177,-6.505487526,0.000000000,-0.000000000,6.000000000,2.500000000,3.150317430,180.499892894,0.000000000,-2.784898281,2.000000000,0.500000000,-2.867877245,-164.317262297,0.000000000,2.679786205,1.000000000,0.500000000,-0.187495232,-10.742685451,0.000000000,0.430281579,0.500000000,0.200000003,1.346624374,77.155893242,0.000000000,0.000199606,0.000000000,0.100000001
2026-07-05 12:29:09.413,1783225749.413285494,584.419958216,1,1,584.273748496,1,0.005434675,5,1,0.001037754,5,1,0,1,0,0,1,1,1,0,1,0,-1.000000000,0.000000000,0.000000000,0.000000000,0,-1.000000000,0,0,0,,0,-1.000000000,,0,0,0.000000000,0.000000000,0,-1.000000000,0,,0,-1.000000000,,0,-1.000000000,0,,1,-0.113160707,-6.483630921,-0.007326126,-0.026862144,1,3.135058641,179.625628680,-0.002442360,-2.782905579,1,-2.865206957,-164.164266060,0.002442360,2.659828186,1,-0.186350822,-10.677115635,-0.021978378,0.422466278,1,1.346624374,77.155893242,0.012210846,-0.003663063,-0.113542177,-6.505487526,0.000000000,-0.000000000,6.000000000,2.500000000,3.150317430,180.499892894,0.000000000,-2.784898281,2.000000000,0.500000000,-2.867877245,-164.317262297,0.000000000,2.679786205,1.000000000,0.500000000,-0.187495232,-10.742685451,0.000000000,0.430281579,0.500000000,0.200000003,1.346624374,77.155893242,0.000000000,0.000199606,0.000000000,0.100000001
2026-07-05 12:29:10.413,1783225750.413012505,585.419685294,1,1,585.273475574,1,0.005353188,5,1,0.001314437,5,1,0,1,0,0,1,1,1,0,1,0,-1.000000000,0.000000000,0.000000000,0.000000000,0,-1.000000000,0,0,0,,0,-1.000000000,,0,0,0.000000000,0.000000000,0,-1.000000000,0,,0,-1.000000000,,0,-1.000000000,0,,1,-0.113160707,-6.483630921,-0.007326126,-0.026862144,1,3.135058641,179.625628680,-0.002442360,-2.769229889,1,-2.864825487,-164.142409454,-0.002442360,2.659828186,1,-0.186350822,-10.677115635,-0.007326126,0.422466278,1,1.346624374,77.155893242,-0.012210846,-0.003663063,-0.113542177,-6.505487526,0.000000000,-0.000000000,6.000000000,2.500000000,3.150317430,180.499892894,0.000000000,-2.784898281,2.000000000,0.500000000,-2.867877245,-164.317262297,0.000000000,2.679786205,1.000000000,0.500000000,-0.187495232,-10.742685451,0.000000000,0.430281579,0.500000000,0.200000003,1.346624374,77.155893242,0.000000000,0.000199606,0.000000000,0.100000001
2026-07-05 12:29:11.412,1783225751.412769318,586.419442157,1,1,586.273232437,1,0.005679156,5,1,0.001164165,5,1,0,1,0,0,1,1,1,0,1,0,-1.000000000,0.000000000,0.000000000,0.000000000,0,-1.000000000,0,0,0,,0,-1.000000000,,0,0,0.000000000,0.000000000,0,-1.000000000,0,,0,-1.000000000,,0,-1.000000000,0,,1,-0.113160707,-6.483630921,-0.007326126,-0.026862144,1,3.135058641,179.625628680,-0.002442360,-2.769229889,1,-2.865206957,-164.164266060,-0.007326126,2.659828186,1,-0.186350822,-10.677115635,-0.007326126,0.422466278,1,1.346240997,77.133927354,-0.012210846,-0.003663063,-0.113542177,-6.505487526,0.000000000,-0.000000000,6.000000000,2.500000000,3.150317430,180.499892894,0.000000000,-2.784898281,2.000000000,0.500000000,-2.867877245,-164.317262297,0.000000000,2.679786205,1.000000000,0.500000000,-0.187495232,-10.742685451,0.000000000,0.430281579,0.500000000,0.200000003,1.346624374,77.155893242,0.000000000,0.000199606,0.000000000,0.100000001
2026-07-05 12:29:12.412,1783225752.412595272,587.419268208,1,1,587.273058488,1,0.005621450,5,1,0.001332937,5,1,0,1,0,0,1,1,1,0,1,0,-1.000000000,0.000000000,0.000000000,0.000000000,0,-1.000000000,0,0,0,,0,-1.000000000,,0,0,0.000000000,0.000000000,0,-1.000000000,0,,0,-1.000000000,,0,-1.000000000,0,,1,-0.113160707,-6.483630921,-0.007326126,-0.026862144,1,3.135058641,179.625628680,-0.007326126,-2.769229889,1,-2.864825487,-164.142409454,-0.002442360,2.659828186,1,-0.186350822,-10.677115635,-0.007326126,0.422466278,1,1.346240997,77.133927354,0.012210846,-0.003663063,-0.113542177,-6.505487526,0.000000000,-0.000000000,6.000000000,2.500000000,3.150317430,180.499892894,0.000000000,-2.784898281,2.000000000,0.500000000,-2.867877245,-164.317262297,0.000000000,2.679786205,1.000000000,0.500000000,-0.187495232,-10.742685451,0.000000000,0.430281579,0.500000000,0.200000003,1.346624374,77.155893242,0.000000000,0.000199606,0.000000000,0.100000001
2026-07-05 12:29:13.412,1783225753.412269831,588.418942690,1,1,588.272732970,1,0.005319372,5,1,0.000624552,5,1,0,1,0,0,1,1,1,0,1,0,-1.000000000,0.000000000,0.000000000,0.000000000,0,-1.000000000,0,0,0,,0,-1.000000000,,0,0,0.000000000,0.000000000,0,-1.000000000,0,,0,-1.000000000,,0,-1.000000000,0,,1,-0.113160707,-6.483630921,0.007326126,-0.026862144,1,3.135058641,179.625628680,0.002442360,-2.782905579,1,-2.865206957,-164.164266060,-0.002442360,2.659828186,1,-0.186350822,-10.677115635,-0.007326126,0.422466278,1,1.346240997,77.133927354,-0.012210846,-0.003663063,-0.113542177,-6.505487526,0.000000000,-0.000000000,6.000000000,2.500000000,3.150317430,180.499892894,0.000000000,-2.784898281,2.000000000,0.500000000,-2.867877245,-164.317262297,0.000000000,2.679786205,1.000000000,0.500000000,-0.187495232,-10.742685451,0.000000000,0.430281579,0.500000000,0.200000003,1.346624374,77.155893242,0.000000000,0.000199606,0.000000000,0.100000001
2026-07-05 12:29:14.412,1783225754.412021875,589.418694769,1,1,589.272485049,1,0.005597414,5,1,0.001266935,5,1,0,1,0,0,1,1,1,0,1,0,-1.000000000,0.000000000,0.000000000,0.000000000,0,-1.000000000,0,0,0,,0,-1.000000000,,0,0,0.000000000,0.000000000,0,-1.000000000,0,,0,-1.000000000,,0,-1.000000000,0,,1,-0.113160707,-6.483630921,-0.007326126,-0.026862144,1,3.135058641,179.625628680,0.002442360,-2.769229889,1,-2.864825487,-164.142409454,-0.002442360,2.659828186,1,-0.186350822,-10.677115635,-0.007326126,0.422466278,1,1.346240997,77.133927354,-0.036628723,-0.003663063,-0.113542177,-6.505487526,0.000000000,-0.000000000,6.000000000,2.500000000,3.150317430,180.499892894,0.000000000,-2.784898281,2.000000000,0.500000000,-2.867877245,-164.317262297,0.000000000,2.679786205,1.000000000,0.500000000,-0.187495232,-10.742685451,0.000000000,0.430281579,0.500000000,0.200000003,1.346624374,77.155893242,0.000000000,0.000199606,0.000000000,0.100000001
2026-07-05 12:29:15.411,1783225755.411767483,590.418440467,1,1,590.272230747,1,0.005442037,5,1,0.001166962,5,1,0,1,0,0,1,1,1,0,1,0,-1.000000000,0.000000000,0.000000000,0.000000000,0,-1.000000000,0,0,0,,0,-1.000000000,,0,0,0.000000000,0.000000000,0,-1.000000000,0,,0,-1.000000000,,0,-1.000000000,0,,1,-0.113160707,-6.483630921,-0.021978378,-0.031745911,1,3.135058641,179.625628680,-0.002442360,-2.782905579,1,-2.864825487,-164.142409454,0.002442360,2.659828186,1,-0.186350822,-10.677115635,-0.007326126,0.422466278,1,1.346240997,77.133927354,0.012210846,-0.003663063,-0.113542177,-6.505487526,0.000000000,-0.000000000,6.000000000,2.500000000,3.150317430,180.499892894,0.000000000,-2.784898281,2.000000000,0.500000000,-2.867877245,-164.317262297,0.000000000,2.679786205,1.000000000,0.500000000,-0.187495232,-10.742685451,0.000000000,0.430281579,0.500000000,0.200000003,1.346624374,77.155893242,0.000000000,0.000199606,0.000000000,0.100000001
2026-07-05 12:29:16.411,1783225756.411554098,591.418226864,1,1,591.272017144,1,0.005666328,5,1,0.001231627,5,1,0,1,0,0,1,1,1,0,1,0,-1.000000000,0.000000000,0.000000000,0.000000000,0,-1.000000000,0,0,0,,0,-1.000000000,,0,0,0.000000000,0.000000000,0,-1.000000000,0,,0,-1.000000000,,0,-1.000000000,0,,1,-0.113160707,-6.483630921,-0.007326126,-0.026862144,1,3.135058641,179.625628680,-0.002442360,-2.769229889,1,-2.864825487,-164.142409454,-0.002442360,2.659828186,1,-0.186350822,-10.677115635,-0.007326126,0.422466278,1,1.346240997,77.133927354,-0.012210846,-0.003663063,-0.113542177,-6.505487526,0.000000000,-0.000000000,6.000000000,2.500000000,3.150317430,180.499892894,0.000000000,-2.784898281,2.000000000,0.500000000,-2.867877245,-164.317262297,0.000000000,2.679786205,1.000000000,0.500000000,-0.187495232,-10.742685451,0.000000000,0.430281579,0.500000000,0.200000003,1.346624374,77.155893242,0.000000000,0.000199606,0.000000000,0.100000001
2026-07-05 12:29:17.411,1783225757.411302328,592.417975267,1,1,592.271765547,1,0.005539653,5,1,0.001294516,5,1,0,1,0,0,1,1,1,0,1,0,-1.000000000,0.000000000,0.000000000,0.000000000,0,-1.000000000,0,0,0,,0,-1.000000000,,0,0,0.000000000,0.000000000,0,-1.000000000,0,,0,-1.000000000,,0,-1.000000000,0,,1,-0.113160707,-6.483630921,-0.007326126,-0.031745911,1,3.135058641,179.625628680,-0.002442360,-2.769229889,1,-2.864825487,-164.142409454,-0.002442360,2.659828186,1,-0.186350822,-10.677115635,0.007326126,0.422466278,1,1.346624374,77.155893242,-0.012210846,-0.003663063,-0.113542177,-6.505487526,0.000000000,-0.000000000,6.000000000,2.500000000,3.150317430,180.499892894,0.000000000,-2.784898281,2.000000000,0.500000000,-2.867877245,-164.317262297,0.000000000,2.679786205,1.000000000,0.500000000,-0.187495232,-10.742685451,0.000000000,0.430281579,0.500000000,0.200000003,1.346624374,77.155893242,0.000000000,0.000199606,0.000000000,0.100000001
2026-07-05 12:29:18.411,1783225758.411060810,593.417733677,1,1,593.271523957,1,0.005502898,5,1,0.001291835,5,1,0,1,0,0,1,1,1,0,1,0,-1.000000000,0.000000000,0.000000000,0.000000000,0,-1.000000000,0,0,0,,0,-1.000000000,,0,0,0.000000000,0.000000000,0,-1.000000000,0,,0,-1.000000000,,0,-1.000000000,0,,1,-0.113160707,-6.483630921,-0.021978378,-0.026862144,1,3.135058641,179.625628680,-0.002442360,-2.769229889,1,-2.865206957,-164.164266060,-0.007326126,2.659828186,1,-0.186350822,-10.677115635,-0.007326126,0.422466278,1,1.346624374,77.155893242,0.012210846,-0.003663063,-0.113542177,-6.505487526,0.000000000,-0.000000000,6.000000000,2.500000000,3.150317430,180.499892894,0.000000000,-2.784898281,2.000000000,0.500000000,-2.867877245,-164.317262297,0.000000000,2.679786205,1.000000000,0.500000000,-0.187495232,-10.742685451,0.000000000,0.430281579,0.500000000,0.200000003,1.346624374,77.155893242,0.000000000,0.000199606,0.000000000,0.100000001
2026-07-05 12:29:19.411,1783225759.410851955,594.417524740,1,1,594.271315020,1,0.005665317,5,1,0.001200629,5,1,0,1,0,0,1,1,1,0,1,0,-1.000000000,0.000000000,0.000000000,0.000000000,0,-1.000000000,0,0,0,,0,-1.000000000,,0,0,0.000000000,0.000000000,0,-1.000000000,0,,0,-1.000000000,,0,-1.000000000,0,,1,-0.113160707,-6.483630921,-0.007326126,-0.026862144,1,3.135058641,179.625628680,-0.002442360,-2.769229889,1,-2.865206957,-164.164266060,-0.002442360,2.659828186,1,-0.186350822,-10.677115635,-0.021978378,0.422466278,1,1.346240997,77.133927354,-0.036628723,-0.003663063,-0.113542177,-6.505487526,0.000000000,-0.000000000,6.000000000,2.500000000,3.150317430,180.499892894,0.000000000,-2.784898281,2.000000000,0.500000000,-2.867877245,-164.317262297,0.000000000,2.679786205,1.000000000,0.500000000,-0.187495232,-10.742685451,0.000000000,0.430281579,0.500000000,0.200000003,1.346624374,77.155893242,0.000000000,0.000199606,0.000000000,0.100000001
2026-07-05 12:29:20.410,1783225760.410577059,595.417250186,1,1,595.271040466,1,0.005242209,5,1,0.000976053,5,1,0,1,0,0,1,1,1,0,1,0,-1.000000000,0.000000000,0.000000000,0.000000000,0,-1.000000000,0,0,0,,0,-1.000000000,,0,0,0.000000000,0.000000000,0,-1.000000000,0,,0,-1.000000000,,0,-1.000000000,0,,1,-0.113160707,-6.483630921,0.007326126,-0.026862144,1,3.135058641,179.625628680,-0.002442360,-2.782905579,1,-2.864825487,-164.142409454,-0.002442360,2.659828186,1,-0.186350822,-10.677115635,-0.007326126,0.422466278,1,1.346240997,77.133927354,-0.012210846,-0.003663063,-0.113542177,-6.505487526,0.000000000,-0.000000000,6.000000000,2.500000000,3.150317430,180.499892894,0.000000000,-2.784898281,2.000000000,0.500000000,-2.867877245,-164.317262297,0.000000000,2.679786205,1.000000000,0.500000000,-0.187495232,-10.742685451,0.000000000,0.430281579,0.500000000,0.200000003,1.346624374,77.155893242,0.000000000,0.000199606,0.000000000,0.100000001
2026-07-05 12:29:21.410,1783225761.410383940,596.417056692,1,1,596.270846972,1,0.005605385,5,1,0.001342204,5,1,0,1,0,0,1,1,1,0,1,0,-1.000000000,0.000000000,0.000000000,0.000000000,0,-1.000000000,0,0,0,,0,-1.000000000,,0,0,0.000000000,0.000000000,0,-1.000000000,0,,0,-1.000000000,,0,-1.000000000,0,,1,-0.113160707,-6.483630921,-0.007326126,-0.026862144,0,3.135058641,179.625628680,-0.002442360,-2.782905579,0,-2.865206957,-164.164266060,-0.002442360,2.659828186,1,-0.186350822,-10.677115635,-0.007326126,0.422466278,1,1.346624374,77.155893242,0.012210846,-0.003663063,-0.113542177,-6.505487526,0.000000000,-0.000000000,6.000000000,2.500000000,3.150317430,180.499892894,0.000000000,-2.784898281,2.000000000,0.500000000,-2.867877245,-164.317262297,0.000000000,2.679786205,1.000000000,0.500000000,-0.187495232,-10.742685451,0.000000000,0.430281579,0.500000000,0.200000003,1.346624374,77.155893242,0.000000000,0.000199606,0.000000000,0.100000001
2026-07-05 12:29:22.410,1783225762.410073519,597.416746583,1,1,597.270536863,1,0.005608853,5,1,0.000778307,5,1,0,1,0,0,1,1,1,0,1,0,-1.000000000,0.000000000,0.000000000,0.000000000,0,-1.000000000,0,0,0,,0,-1.000000000,,0,0,0.000000000,0.000000000,0,-1.000000000,0,,0,-1.000000000,,0,-1.000000000,0,,1,-0.113160707,-6.483630921,-0.007326126,-0.026862144,1,3.135058641,179.625628680,-0.002442360,-2.782905579,1,-2.864825487,-164.142409454,0.002442360,2.659828186,1,-0.186350822,-10.677115635,-0.021978378,0.422466278,1,1.346240997,77.133927354,-0.012210846,-0.003663063,-0.113542177,-6.505487526,0.000000000,-0.000000000,6.000000000,2.500000000,3.150317430,180.499892894,0.000000000,-2.784898281,2.000000000,0.500000000,-2.867877245,-164.317262297,0.000000000,2.679786205,1.000000000,0.500000000,-0.187495232,-10.742685451,0.000000000,0.430281579,0.500000000,0.200000003,1.346624374,77.155893242,0.000000000,0.000199606,0.000000000,0.100000001
2026-07-05 12:29:23.409,1783225763.409830570,598.416503612,1,1,598.270293892,1,0.005692328,5,1,0.001237252,5,1,0,1,0,0,1,1,1,0,1,0,-1.000000000,0.000000000,0.000000000,0.000000000,0,-1.000000000,0,0,0,,0,-1.000000000,,0,0,0.000000000,0.000000000,0,-1.000000000,0,,0,-1.000000000,,0,-1.000000000,0,,1,-0.113160707,-6.483630921,0.007326126,-0.026862144,1,3.135058641,179.625628680,-0.002442360,-2.769229889,1,-2.865206957,-164.164266060,-0.002442360,2.659828186,1,-0.186350822,-10.677115635,-0.007326126,0.422466278,1,1.346240997,77.133927354,-0.012210846,-0.003663063,-0.113542177,-6.505487526,0.000000000,-0.000000000,6.000000000,2.500000000,3.150317430,180.499892894,0.000000000,-2.784898281,2.000000000,0.500000000,-2.867877245,-164.317262297,0.000000000,2.679786205,1.000000000,0.500000000,-0.187495232,-10.742685451,0.000000000,0.430281579,0.500000000,0.200000003,1.346624374,77.155893242,0.000000000,0.000199606,0.000000000,0.100000001
2026-07-05 12:29:24.409,1783225764.409605026,599.416277973,1,1,599.270068253,1,0.005692115,5,1,0.001168217,5,1,0,1,0,0,1,1,1,0,1,0,-1.000000000,0.000000000,0.000000000,0.000000000,0,-1.000000000,0,0,0,,0,-1.000000000,,0,0,0.000000000,0.000000000,0,-1.000000000,0,,0,-1.000000000,,0,-1.000000000,0,,1,-0.113160707,-6.483630921,0.007326126,-0.026862144,1,3.135058641,179.625628680,-0.002442360,-2.782905579,1,-2.864825487,-164.142409454,-0.002442360,2.659828186,1,-0.186350822,-10.677115635,-0.007326126,0.422466278,1,1.346240997,77.133927354,-0.036628723,-0.003663063,-0.113542177,-6.505487526,0.000000000,-0.000000000,6.000000000,2.500000000,3.150317430,180.499892894,0.000000000,-2.784898281,2.000000000,0.500000000,-2.867877245,-164.317262297,0.000000000,2.679786205,1.000000000,0.500000000,-0.187495232,-10.742685451,0.000000000,0.430281579,0.500000000,0.200000003,1.346624374,77.155893242,0.000000000,0.000199606,0.000000000,0.100000001
2026-07-05 12:29:25.409,1783225765.409349918,600.416022699,1,1,600.269812979,1,0.005494534,5,1,0.001276044,5,1,0,1,0,0,1,1,1,0,1,0,-1.000000000,0.000000000,0.000000000,0.000000000,0,-1.000000000,0,0,0,,0,-1.000000000,,0,0,0.000000000,0.000000000,0,-1.000000000,0,,0,-1.000000000,,0,-1.000000000,0,,1,-0.113160707,-6.483630921,-0.007326126,-0.026862144,1,3.135058641,179.625628680,-0.007326126,-2.782905579,1,-2.864825487,-164.142409454,-0.002442360,2.659828186,1,-0.186350822,-10.677115635,-0.021978378,0.422466278,1,1.346240997,77.133927354,-0.012210846,-0.003663063,-0.113542177,-6.505487526,0.000000000,-0.000000000,6.000000000,2.500000000,3.150317430,180.499892894,0.000000000,-2.784898281,2.000000000,0.500000000,-2.867877245,-164.317262297,0.000000000,2.679786205,1.000000000,0.500000000,-0.187495232,-10.742685451,0.000000000,0.430281579,0.500000000,0.200000003,1.346624374,77.155893242,0.000000000,0.000199606,0.000000000,0.100000001
2026-07-05 12:29:26.409,1783225766.409081459,601.415754156,1,1,601.269544436,1,0.005399047,5,1,0.001212183,5,1,0,1,0,0,1,1,1,0,1,0,-1.000000000,0.000000000,0.000000000,0.000000000,0,-1.000000000,0,0,0,,0,-1.000000000,,0,0,0.000000000,0.000000000,0,-1.000000000,0,,0,-1.000000000,,0,-1.000000000,0,,1,-0.113160707,-6.483630921,-0.007326126,-0.026862144,1,3.135058641,179.625628680,-0.002442360,-2.782905579,1,-2.865206957,-164.164266060,-0.007326126,2.659828186,1,-0.186350822,-10.677115635,-0.007326126,0.422466278,1,1.346624374,77.155893242,-0.036628723,-0.003663063,-0.113542177,-6.505487526,0.000000000,-0.000000000,6.000000000,2.500000000,3.150317430,180.499892894,0.000000000,-2.784898281,2.000000000,0.500000000,-2.867877245,-164.317262297,0.000000000,2.679786205,1.000000000,0.500000000,-0.187495232,-10.742685451,0.000000000,0.430281579,0.500000000,0.200000003,1.346624374,77.155893242,0.000000000,0.000199606,0.000000000,0.100000001
2026-07-05 12:29:27.408,1783225767.408868313,602.415541226,1,1,602.269331506,1,0.005535120,5,1,0.001127998,5,1,0,1,0,0,1,1,1,0,1,0,-1.000000000,0.000000000,0.000000000,0.000000000,0,-1.000000000,0,0,0,,0,-1.000000000,,0,0,0.000000000,0.000000000,0,-1.000000000,0,,0,-1.000000000,,0,-1.000000000,0,,1,-0.113160707,-6.483630921,-0.007326126,-0.026862144,1,3.135058641,179.625628680,-0.007326126,-2.769229889,1,-2.865206957,-164.164266060,-0.002442360,2.659828186,1,-0.186350822,-10.677115635,-0.007326126,0.422466278,1,1.346240997,77.133927354,-0.036628723,-0.003663063,-0.113542177,-6.505487526,0.000000000,-0.000000000,6.000000000,2.500000000,3.150317430,180.499892894,0.000000000,-2.784898281,2.000000000,0.500000000,-2.867877245,-164.317262297,0.000000000,2.679786205,1.000000000,0.500000000,-0.187495232,-10.742685451,0.000000000,0.430281579,0.500000000,0.200000003,1.346624374,77.155893242,0.000000000,0.000199606,0.000000000,0.100000001
2026-07-05 12:29:28.408,1783225768.408618927,603.415291821,1,1,603.269082101,1,0.004941641,5,1,0.001178570,5,1,0,1,0,0,1,1,1,0,1,0,-1.000000000,0.000000000,0.000000000,0.000000000,0,-1.000000000,0,0,0,,0,-1.000000000,,0,0,0.000000000,0.000000000,0,-1.000000000,0,,0,-1.000000000,,0,-1.000000000,0,,1,-0.113160707,-6.483630921,-0.007326126,-0.026862144,1,3.135058641,179.625628680,-0.002442360,-2.782905579,1,-2.864825487,-164.142409454,-0.002442360,2.659828186,1,-0.186350822,-10.677115635,-0.021978378,0.422466278,1,1.346240997,77.133927354,-0.036628723,-0.003663063,-0.113542177,-6.505487526,0.000000000,-0.000000000,6.000000000,2.500000000,3.150317430,180.499892894,0.000000000,-2.784898281,2.000000000,0.500000000,-2.867877245,-164.317262297,0.000000000,2.679786205,1.000000000,0.500000000,-0.187495232,-10.742685451,0.000000000,0.430281579,0.500000000,0.200000003,1.346624374,77.155893242,0.000000000,0.000199606,0.000000000,0.100000001
2026-07-05 12:29:29.408,1783225769.408776522,604.415449384,1,1,604.269239664,1,0.006074682,5,1,0.001639180,5,1,0,1,0,0,1,1,1,0,1,0,-1.000000000,0.000000000,0.000000000,0.000000000,0,-1.000000000,0,0,0,,0,-1.000000000,,0,0,0.000000000,0.000000000,0,-1.000000000,0,,0,-1.000000000,,0,-1.000000000,0,,1,-0.113160707,-6.483630921,-0.007326126,-0.026862144,1,3.135058641,179.625628680,-0.002442360,-2.769229889,1,-2.864825487,-164.142409454,-0.002442360,2.673503876,1,-0.186350822,-10.677115635,-0.007326126,0.422466278,1,1.346624374,77.155893242,0.012210846,-0.001221180,-0.113542177,-6.505487526,0.000000000,-0.000000000,6.000000000,2.500000000,3.150317430,180.499892894,0.000000000,-2.784898281,2.000000000,0.500000000,-2.867877245,-164.317262297,0.000000000,2.679786205,1.000000000,0.500000000,-0.187495232,-10.742685451,0.000000000,0.430281579,0.500000000,0.200000003,1.346624374,77.155893242,0.000000000,0.000199606,0.000000000,0.100000001
2026-07-05 12:29:30.408,1783225770.408173084,605.414846025,1,1,605.268636305,1,0.005592637,5,1,0.001278983,5,1,0,1,0,0,1,1,1,0,1,0,-1.000000000,0.000000000,0.000000000,0.000000000,0,-1.000000000,0,0,0,,0,-1.000000000,,0,0,0.000000000,0.000000000,0,-1.000000000,0,,0,-1.000000000,,0,-1.000000000,0,,1,-0.113160707,-6.483630921,-0.021978378,-0.031745911,1,3.135058641,179.625628680,-0.002442360,-2.782905579,1,-2.865206957,-164.164266060,-0.002442360,2.659828186,1,-0.186350822,-10.677115635,-0.021978378,0.422466278,1,1.346240997,77.133927354,-0.012210846,-0.003663063,-0.113542177,-6.505487526,0.000000000,-0.000000000,6.000000000,2.500000000,3.150317430,180.499892894,0.000000000,-2.784898281,2.000000000,0.500000000,-2.867877245,-164.317262297,0.000000000,2.679786205,1.000000000,0.500000000,-0.187495232,-10.742685451,0.000000000,0.430281579,0.500000000,0.200000003,1.346624374,77.155893242,0.000000000,0.000199606,0.000000000,0.100000001
2026-07-05 12:29:31.408,1783225771.408282042,606.414955093,1,1,606.268745373,1,0.005960961,5,1,0.001635228,5,1,0,1,0,0,1,1,1,0,1,0,-1.000000000,0.000000000,0.000000000,0.000000000,0,-1.000000000,0,0,0,,0,-1.000000000,,0,0,0.000000000,0.000000000,0,-1.000000000,0,,0,-1.000000000,,0,-1.000000000,0,,1,-0.113160707,-6.483630921,-0.007326126,-0.026862144,1,3.135058641,179.625628680,-0.002442360,-2.769229889,1,-2.865206957,-164.164266060,-0.002442360,2.659828186,1,-0.186350822,-10.677115635,-0.007326126,0.422466278,1,1.346240997,77.133927354,-0.012210846,-0.003663063,-0.113542177,-6.505487526,0.000000000,-0.000000000,6.000000000,2.500000000,3.150317430,180.499892894,0.000000000,-2.784898281,2.000000000,0.500000000,-2.867877245,-164.317262297,0.000000000,2.679786205,1.000000000,0.500000000,-0.187495232,-10.742685451,0.000000000,0.430281579,0.500000000,0.200000003,1.346624374,77.155893242,0.000000000,0.000199606,0.000000000,0.100000001
2026-07-05 12:29:32.407,1783225772.407659292,607.414332181,1,1,607.268122461,1,0.005453434,5,1,0.000901705,5,1,0,1,0,0,1,1,1,0,1,0,-1.000000000,0.000000000,0.000000000,0.000000000,0,-1.000000000,0,0,0,,0,-1.000000000,,0,0,0.000000000,0.000000000,0,-1.000000000,0,,0,-1.000000000,,0,-1.000000000,0,,1,-0.113160707,-6.483630921,-0.021978378,-0.031745911,1,3.135058641,179.625628680,-0.002442360,-2.769229889,1,-2.864825487,-164.142409454,-0.002442360,2.659828186,1,-0.186350822,-10.677115635,-0.007326126,0.422466278,1,1.346240997,77.133927354,-0.061050415,-0.003663063,-0.113542177,-6.505487526,0.000000000,-0.000000000,6.000000000,2.500000000,3.150317430,180.499892894,0.000000000,-2.784898281,2.000000000,0.500000000,-2.867877245,-164.317262297,0.000000000,2.679786205,1.000000000,0.500000000,-0.187495232,-10.742685451,0.000000000,0.430281579,0.500000000,0.200000003,1.346624374,77.155893242,0.000000000,0.000199606,0.000000000,0.100000001
2026-07-05 12:29:33.407,1783225773.407377243,608.414050138,1,1,608.267840418,1,0.005632542,5,1,0.001191401,5,1,0,1,0,0,1,1,1,0,1,0,-1.000000000,0.000000000,0.000000000,0.000000000,0,-1.000000000,0,0,0,,0,-1.000000000,,0,0,0.000000000,0.000000000,0,-1.000000000,0,,0,-1.000000000,,0,-1.000000000,0,,1,-0.113160707,-6.483630921,0.007326126,-0.026862144,1,3.135058641,179.625628680,-0.002442360,-2.769229889,1,-2.865206957,-164.164266060,-0.002442360,2.659828186,1,-0.186350822,-10.677115635,0.007326126,0.422466278,1,1.346240997,77.133927354,-0.036628723,-0.003663063,-0.113542177,-6.505487526,0.000000000,-0.000000000,6.000000000,2.500000000,3.150317430,180.499892894,0.000000000,-2.784898281,2.000000000,0.500000000,-2.867877245,-164.317262297,0.000000000,2.679786205,1.000000000,0.500000000,-0.187495232,-10.742685451,0.000000000,0.430281579,0.500000000,0.200000003,1.346624374,77.155893242,0.000000000,0.000199606,0.000000000,0.100000001
2026-07-05 12:29:34.407,1783225774.407183170,609.413855990,1,1,609.267646270,1,0.005229482,5,1,0.000985120,5,1,0,1,0,0,1,1,1,0,1,0,-1.000000000,0.000000000,0.000000000,0.000000000,0,-1.000000000,0,0,0,,0,-1.000000000,,0,0,0.000000000,0.000000000,0,-1.000000000,0,,0,-1.000000000,,0,-1.000000000,0,,1,-0.113160707,-6.483630921,-0.007326126,-0.021978378,1,3.135058641,179.625628680,-0.002442360,-2.782905579,1,-2.865206957,-164.164266060,-0.002442360,2.659828186,1,-0.186350822,-10.677115635,-0.007326126,0.422466278,1,1.346624374,77.155893242,0.012210846,-0.003663063,-0.113542177,-6.505487526,0.000000000,-0.000000000,6.000000000,2.500000000,3.150317430,180.499892894,0.000000000,-2.784898281,2.000000000,0.500000000,-2.867877245,-164.317262297,0.000000000,2.679786205,1.000000000,0.500000000,-0.187495232,-10.742685451,0.000000000,0.430281579,0.500000000,0.200000003,1.346624374,77.155893242,0.000000000,0.000199606,0.000000000,0.100000001
2026-07-05 12:29:35.407,1783225775.406888723,610.413561754,1,1,610.267352034,1,0.005589395,5,1,0.001262839,5,1,0,1,0,0,1,1,1,0,1,0,-1.000000000,0.000000000,0.000000000,0.000000000,0,-1.000000000,0,0,0,,0,-1.000000000,,0,0,0.000000000,0.000000000,0,-1.000000000,0,,0,-1.000000000,,0,-1.000000000,0,,1,-0.113160707,-6.483630921,-0.021978378,-0.026862144,1,3.135058641,179.625628680,-0.002442360,-2.782905579,1,-2.865206957,-164.164266060,-0.002442360,2.673503876,1,-0.186350822,-10.677115635,-0.007326126,0.422466278,1,1.346240997,77.133927354,-0.036628723,-0.003663063,-0.113542177,-6.505487526,0.000000000,-0.000000000,6.000000000,2.500000000,3.150317430,180.499892894,0.000000000,-2.784898281,2.000000000,0.500000000,-2.867877245,-164.317262297,0.000000000,2.679786205,1.000000000,0.500000000,-0.187495232,-10.742685451,0.000000000,0.430281579,0.500000000,0.200000003,1.346624374,77.155893242,0.000000000,0.000199606,0.000000000,0.100000001
2026-07-05 12:29:36.406,1783225776.406661272,611.413334277,1,1,611.267124557,1,0.005707824,5,1,0.001170340,5,1,0,1,0,0,1,1,1,0,1,0,-1.000000000,0.000000000,0.000000000,0.000000000,0,-1.000000000,0,0,0,,0,-1.000000000,,0,0,0.000000000,0.000000000,0,-1.000000000,0,,0,-1.000000000,,0,-1.000000000,0,,1,-0.113160707,-6.483630921,-0.007326126,-0.026862144,1,3.135058641,179.625628680,-0.007326126,-2.782905579,1,-2.865206957,-164.164266060,-0.002442360,2.659828186,1,-0.186350822,-10.677115635,-0.007326126,0.422466278,1,1.346624374,77.155893242,-0.036628723,-0.003663063,-0.113542177,-6.505487526,0.000000000,-0.000000000,6.000000000,2.500000000,3.150317430,180.499892894,0.000000000,-2.784898281,2.000000000,0.500000000,-2.867877245,-164.317262297,0.000000000,2.679786205,1.000000000,0.500000000,-0.187495232,-10.742685451,0.000000000,0.430281579,0.500000000,0.200000003,1.346624374,77.155893242,0.000000000,0.000199606,0.000000000,0.100000001
2026-07-05 12:29:37.406,1783225777.406433344,612.413106243,1,1,612.266896523,1,0.005687975,5,1,0.001163796,5,1,0,1,0,0,1,1,1,0,1,0,-1.000000000,0.000000000,0.000000000,0.000000000,0,-1.000000000,0,0,0,,0,-1.000000000,,0,0,0.000000000,0.000000000,0,-1.000000000,0,,0,-1.000000000,,0,-1.000000000,0,,1,-0.113160707,-6.483630921,0.007326126,-0.026862144,1,3.135058641,179.625628680,-0.002442360,-2.769229889,1,-2.865206957,-164.164266060,-0.002442360,2.659828186,1,-0.186350822,-10.677115635,-0.007326126,0.422466278,1,1.346240997,77.133927354,-0.012210846,-0.003663063,-0.113542177,-6.505487526,0.000000000,-0.000000000,6.000000000,2.500000000,3.150317430,180.499892894,0.000000000,-2.784898281,2.000000000,0.500000000,-2.867877245,-164.317262297,0.000000000,2.679786205,1.000000000,0.500000000,-0.187495232,-10.742685451,0.000000000,0.430281579,0.500000000,0.200000003,1.346624374,77.155893242,0.000000000,0.000199606,0.000000000,0.100000001
2026-07-05 12:29:38.406,1783225778.406163216,613.412836007,1,1,613.266626287,1,0.005597418,5,1,0.001250751,5,1,0,1,0,0,1,1,1,0,1,0,-1.000000000,0.000000000,0.000000000,0.000000000,0,-1.000000000,0,0,0,,0,-1.000000000,,0,0,0.000000000,0.000000000,0,-1.000000000,0,,0,-1.000000000,,0,-1.000000000,0,,1,-0.113160707,-6.483630921,0.007326126,-0.026862144,1,3.135058641,179.625628680,-0.002442360,-2.782905579,1,-2.865206957,-164.164266060,-0.002442360,2.659828186,1,-0.186350822,-10.677115635,-0.007326126,0.422466278,1,1.346624374,77.155893242,0.012210846,-0.003663063,-0.113542177,-6.505487526,0.000000000,-0.000000000,6.000000000,2.500000000,3.150317430,180.499892894,0.000000000,-2.784898281,2.000000000,0.500000000,-2.867877245,-164.317262297,0.000000000,2.679786205,1.000000000,0.500000000,-0.187495232,-10.742685451,0.000000000,0.430281579,0.500000000,0.200000003,1.346624374,77.155893242,0.000000000,0.000199606,0.000000000,0.100000001
2026-07-05 12:29:39.406,1783225779.405911446,614.412584461,1,1,614.266374741,1,0.005843107,5,1,0.001253036,5,1,0,1,0,0,1,1,1,0,1,0,-1.000000000,0.000000000,0.000000000,0.000000000,0,-1.000000000,0,0,0,,0,-1.000000000,,0,0,0.000000000,0.000000000,0,-1.000000000,0,,0,-1.000000000,,0,-1.000000000,0,,1,-0.113160707,-6.483630921,-0.021978378,-0.026862144,1,3.135058641,179.625628680,-0.002442360,-2.782905579,1,-2.865206957,-164.164266060,-0.007326126,2.659828186,1,-0.186350822,-10.677115635,-0.007326126,0.422466278,1,1.346240997,77.133927354,-0.012210846,-0.003663063,-0.113542177,-6.505487526,0.000000000,-0.000000000,6.000000000,2.500000000,3.150317430,180.499892894,0.000000000,-2.784898281,2.000000000,0.500000000,-2.867877245,-164.317262297,0.000000000,2.679786205,1.000000000,0.500000000,-0.187495232,-10.742685451,0.000000000,0.430281579,0.500000000,0.200000003,1.346624374,77.155893242,0.000000000,0.000199606,0.000000000,0.100000001
2026-07-05 12:29:40.405,1783225780.405687094,615.412359896,1,1,615.266150176,1,0.005625021,5,1,0.001262402,5,1,0,1,0,0,1,1,1,0,1,0,-1.000000000,0.000000000,0.000000000,0.000000000,0,-1.000000000,0,0,0,,0,-1.000000000,,0,0,0.000000000,0.000000000,0,-1.000000000,0,,0,-1.000000000,,0,-1.000000000,0,,1,-0.113160707,-6.483630921,0.007326126,-0.026862144,1,3.135058641,179.625628680,-0.002442360,-2.782905579,1,-2.865206957,-164.164266060,-0.002442360,2.659828186,1,-0.186350822,-10.677115635,-0.007326126,0.422466278,1,1.346240997,77.133927354,-0.012210846,-0.003663063,-0.113542177,-6.505487526,0.000000000,-0.000000000,6.000000000,2.500000000,3.150317430,180.499892894,0.000000000,-2.784898281,2.000000000,0.500000000,-2.867877245,-164.317262297,0.000000000,2.679786205,1.000000000,0.500000000,-0.187495232,-10.742685451,0.000000000,0.430281579,0.500000000,0.200000003,1.346624374,77.155893242,0.000000000,0.000199606,0.000000000,0.100000001
2026-07-05 12:29:41.405,1783225781.405421019,616.412094105,1,1,616.265884385,1,0.005685619,5,1,0.001191802,5,1,0,1,0,0,1,1,1,0,1,0,-1.000000000,0.000000000,0.000000000,0.000000000,0,-1.000000000,0,0,0,,0,-1.000000000,,0,0,0.000000000,0.000000000,0,-1.000000000,0,,0,-1.000000000,,0,-1.000000000,0,,1,-0.113160707,-6.483630921,-0.007326126,-0.026862144,1,3.135058641,179.625628680,-0.002442360,-2.782905579,1,-2.865206957,-164.164266060,-0.002442360,2.659828186,1,-0.186350822,-10.677115635,-0.021978378,0.422466278,1,1.346624374,77.155893242,0.012210846,-0.003663063,-0.113542177,-6.505487526,0.000000000,-0.000000000,6.000000000,2.500000000,3.150317430,180.499892894,0.000000000,-2.784898281,2.000000000,0.500000000,-2.867877245,-164.317262297,0.000000000,2.679786205,1.000000000,0.500000000,-0.187495232,-10.742685451,0.000000000,0.430281579,0.500000000,0.200000003,1.346624374,77.155893242,0.000000000,0.000199606,0.000000000,0.100000001
2026-07-05 12:29:42.404,1783225782.404908895,617.411581629,1,1,617.265371909,1,0.005583822,5,1,0.001136277,5,1,0,1,0,0,1,1,1,0,1,0,-1.000000000,0.000000000,0.000000000,0.000000000,0,-1.000000000,0,0,0,,0,-1.000000000,,0,0,0.000000000,0.000000000,0,-1.000000000,0,,0,-1.000000000,,0,-1.000000000,0,,1,-0.113160707,-6.483630921,-0.007326126,-0.026862144,1,3.135058641,179.625628680,-0.002442360,-2.782905579,1,-2.865206957,-164.164266060,-0.002442360,2.673503876,1,-0.186350822,-10.677115635,-0.007326126,0.422466278,1,1.346240997,77.133927354,-0.061050415,-0.003663063,-0.113542177,-6.505487526,0.000000000,-0.000000000,6.000000000,2.500000000,3.150317430,180.499892894,0.000000000,-2.784898281,2.000000000,0.500000000,-2.867877245,-164.317262297,0.000000000,2.679786205,1.000000000,0.500000000,-0.187495232,-10.742685451,0.000000000,0.430281579,0.500000000,0.200000003,1.346624374,77.155893242,0.000000000,0.000199606,0.000000000,0.100000001
2026-07-05 12:29:43.404,1783225783.404016733,618.410689612,1,1,618.264479892,1,0.005566369,5,1,0.001249439,5,1,0,1,0,0,1,1,1,0,1,0,-1.000000000,0.000000000,0.000000000,0.000000000,0,-1.000000000,0,0,0,,0,-1.000000000,,0,0,0.000000000,0.000000000,0,-1.000000000,0,,0,-1.000000000,,0,-1.000000000,0,,1,-0.113160707,-6.483630921,-0.021978378,-0.026862144,1,3.135058641,179.625628680,-0.002442360,-2.782905579,1,-2.865206957,-164.164266060,-0.002442360,2.659828186,1,-0.186350822,-10.677115635,-0.007326126,0.422466278,1,1.346240997,77.133927354,-0.012210846,-0.003663063,-0.113542177,-6.505487526,0.000000000,-0.000000000,6.000000000,2.500000000,3.150317430,180.499892894,0.000000000,-2.784898281,2.000000000,0.500000000,-2.867877245,-164.317262297,0.000000000,2.679786205,1.000000000,0.500000000,-0.187495232,-10.742685451,0.000000000,0.430281579,0.500000000,0.200000003,1.346624374,77.155893242,0.000000000,0.000199606,0.000000000,0.100000001
2026-07-05 12:29:44.403,1783225784.403166771,619.409839763,1,1,619.263630043,1,0.005705163,5,1,0.001148259,5,1,0,1,0,0,1,1,1,0,1,0,-1.000000000,0.000000000,0.000000000,0.000000000,0,-1.000000000,0,0,0,,0,-1.000000000,,0,0,0.000000000,0.000000000,0,-1.000000000,0,,0,-1.000000000,,0,-1.000000000,0,,1,-0.113160707,-6.483630921,-0.007326126,-0.026862144,1,3.135058641,179.625628680,-0.002442360,-2.782905579,1,-2.865206957,-164.164266060,-0.007326126,2.659828186,1,-0.186350822,-10.677115635,-0.007326126,0.422466278,1,1.346240997,77.133927354,-0.036628723,-0.003663063,-0.113542177,-6.505487526,0.000000000,-0.000000000,6.000000000,2.500000000,3.150317430,180.499892894,0.000000000,-2.784898281,2.000000000,0.500000000,-2.867877245,-164.317262297,0.000000000,2.679786205,1.000000000,0.500000000,-0.187495232,-10.742685451,0.000000000,0.430281579,0.500000000,0.200000003,1.346624374,77.155893242,0.000000000,0.000199606,0.000000000,0.100000001
2026-07-05 12:29:45.402,1783225785.402319908,620.408992714,1,1,620.262782994,1,0.005335307,5,1,0.001244114,5,1,0,1,0,0,1,1,1,0,1,0,-1.000000000,0.000000000,0.000000000,0.000000000,0,-1.000000000,0,0,0,,0,-1.000000000,,0,0,0.000000000,0.000000000,0,-1.000000000,0,,0,-1.000000000,,0,-1.000000000,0,,1,-0.113160707,-6.483630921,-0.021978378,-0.026862144,1,3.135058641,179.625628680,-0.002442360,-2.769229889,1,-2.865206957,-164.164266060,0.002442360,2.659828186,1,-0.186350822,-10.677115635,-0.007326126,0.422466278,1,1.346240997,77.133927354,-0.012210846,-0.003663063,-0.113542177,-6.505487526,0.000000000,-0.000000000,6.000000000,2.500000000,3.150317430,180.499892894,0.000000000,-2.784898281,2.000000000,0.500000000,-2.867877245,-164.317262297,0.000000000,2.679786205,1.000000000,0.500000000,-0.187495232,-10.742685451,0.000000000,0.430281579,0.500000000,0.200000003,1.346624374,77.155893242,0.000000000,0.000199606,0.000000000,0.100000001
2026-07-05 12:29:46.401,1783225786.401491642,621.408164574,1,1,621.261954854,1,0.005702445,5,1,0.001247110,5,1,0,1,0,0,1,1,1,0,1,0,-1.000000000,0.000000000,0.000000000,0.000000000,0,-1.000000000,0,0,0,,0,-1.000000000,,0,0,0.000000000,0.000000000,0,-1.000000000,0,,0,-1.000000000,,0,-1.000000000,0,,1,-0.113160707,-6.483630921,0.007326126,-0.026862144,1,3.135058641,179.625628680,-0.002442360,-2.769229889,1,-2.865206957,-164.164266060,-0.007326126,2.673503876,1,-0.186350822,-10.677115635,-0.021978378,0.422466278,1,1.346624374,77.155893242,0.036628723,-0.003663063,-0.113542177,-6.505487526,0.000000000,-0.000000000,6.000000000,2.500000000,3.150317430,180.499892894,0.000000000,-2.784898281,2.000000000,0.500000000,-2.867877245,-164.317262297,0.000000000,2.679786205,1.000000000,0.500000000,-0.187495232,-10.742685451,0.000000000,0.430281579,0.500000000,0.200000003,1.346624374,77.155893242,0.000000000,0.000199606,0.000000000,0.100000001
2026-07-05 12:29:47.400,1783225787.400685310,622.407358154,1,1,622.261148434,1,0.005664799,5,1,0.001251008,5,1,0,1,0,0,1,1,1,0,1,0,-1.000000000,0.000000000,0.000000000,0.000000000,0,-1.000000000,0,0,0,,0,-1.000000000,,0,0,0.000000000,0.000000000,0,-1.000000000,0,,0,-1.000000000,,0,-1.000000000,0,,1,-0.113160707,-6.483630921,-0.007326126,-0.026862144,1,3.135058641,179.625628680,-0.002442360,-2.769229889,1,-2.865206957,-164.164266060,-0.002442360,2.659828186,1,-0.186350822,-10.677115635,0.007326126,0.422466278,1,1.346624374,77.155893242,0.012210846,-0.003663063,-0.113542177,-6.505487526,0.000000000,-0.000000000,6.000000000,2.500000000,3.150317430,180.499892894,0.000000000,-2.784898281,2.000000000,0.500000000,-2.867877245,-164.317262297,0.000000000,2.679786205,1.000000000,0.500000000,-0.187495232,-10.742685451,0.000000000,0.430281579,0.500000000,0.200000003,1.346624374,77.155893242,0.000000000,0.000199606,0.000000000,0.100000001
2026-07-05 12:29:48.399,1783225788.399847507,623.406520465,1,1,623.260310745,1,0.005239553,5,1,0.000914195,5,1,0,1,0,0,1,1,1,0,1,0,-1.000000000,0.000000000,0.000000000,0.000000000,0,-1.000000000,0,0,0,,0,-1.000000000,,0,0,0.000000000,0.000000000,0,-1.000000000,0,,0,-1.000000000,,0,-1.000000000,0,,1,-0.113160707,-6.483630921,-0.007326126,-0.026862144,1,3.135058641,179.625628680,-0.002442360,-2.769229889,1,-2.864825487,-164.142409454,-0.002442360,2.659828186,1,-0.186350822,-10.677115635,-0.007326126,0.427350044,1,1.346240997,77.133927354,-0.012210846,-0.003663063,-0.113542177,-6.505487526,0.000000000,-0.000000000,6.000000000,2.500000000,3.150317430,180.499892894,0.000000000,-2.784898281,2.000000000,0.500000000,-2.867877245,-164.317262297,0.000000000,2.679786205,1.000000000,0.500000000,-0.187495232,-10.742685451,0.000000000,0.430281579,0.500000000,0.200000003,1.346624374,77.155893242,0.000000000,0.000199606,0.000000000,0.100000001
2026-07-05 12:29:49.399,1783225789.399044037,624.405716960,1,1,624.259507240,1,0.005673336,5,1,0.001123139,5,1,0,1,0,0,1,1,1,0,1,0,-1.000000000,0.000000000,0.000000000,0.000000000,0,-1.000000000,0,0,0,,0,-1.000000000,,0,0,0.000000000,0.000000000,0,-1.000000000,0,,0,-1.000000000,,0,-1.000000000,0,,1,-0.113160707,-6.483630921,-0.007326126,-0.026862144,1,3.135058641,179.625628680,-0.002442360,-2.769229889,1,-2.865206957,-164.164266060,-0.007326126,2.673503876,1,-0.186350822,-10.677115635,-0.007326126,0.422466278,1,1.346240997,77.133927354,-0.012210846,-0.003663063,-0.113542177,-6.505487526,0.000000000,-0.000000000,6.000000000,2.500000000,3.150317430,180.499892894,0.000000000,-2.784898281,2.000000000,0.500000000,-2.867877245,-164.317262297,0.000000000,2.679786205,1.000000000,0.500000000,-0.187495232,-10.742685451,0.000000000,0.430281579,0.500000000,0.200000003,1.346624374,77.155893242,0.000000000,0.000199606,0.000000000,0.100000001
2026-07-05 12:29:50.398,1783225790.398265600,625.404938426,1,1,625.258728706,1,0.005469550,5,1,0.001191220,5,1,0,1,0,0,1,1,1,0,1,0,-1.000000000,0.000000000,0.000000000,0.000000000,0,-1.000000000,0,0,0,,0,-1.000000000,,0,0,0.000000000,0.000000000,0,-1.000000000,0,,0,-1.000000000,,0,-1.000000000,0,,1,-0.113160707,-6.483630921,-0.007326126,-0.026862144,1,3.135058641,179.625628680,-0.002442360,-2.769229889,0,-2.865206957,-164.164266060,-0.002442360,2.659828186,0,-0.186350822,-10.677115635,0.007326126,0.422466278,1,1.346240997,77.133927354,-0.012210846,-0.003663063,-0.113542177,-6.505487526,0.000000000,-0.000000000,6.000000000,2.500000000,3.150317430,180.499892894,0.000000000,-2.784898281,2.000000000,0.500000000,-2.867877245,-164.317262297,0.000000000,2.679786205,1.000000000,0.500000000,-0.187495232,-10.742685451,0.000000000,0.430281579,0.500000000,0.200000003,1.346624374,77.155893242,0.000000000,0.000199606,0.000000000,0.100000001
2026-07-05 12:29:51.397,1783225791.397450209,626.404123298,1,1,626.257913578,1,0.005583986,5,1,0.001137125,5,1,0,1,0,0,1,1,1,0,1,0,-1.000000000,0.000000000,0.000000000,0.000000000,0,-1.000000000,0,0,0,,0,-1.000000000,,0,0,0.000000000,0.000000000,0,-1.000000000,0,,0,-1.000000000,,0,-1.000000000,0,,1,-0.113160707,-6.483630921,-0.007326126,-0.026862144,1,3.135058641,179.625628680,-0.002442360,-2.782905579,1,-2.865206957,-164.164266060,-0.002442360,2.659828186,1,-0.186350822,-10.677115635,-0.007326126,0.422466278,1,1.346240997,77.133927354,-0.061050415,-0.003663063,-0.113542177,-6.505487526,0.000000000,-0.000000000,6.000000000,2.500000000,3.150317430,180.499892894,0.000000000,-2.784898281,2.000000000,0.500000000,-2.867877245,-164.317262297,0.000000000,2.679786205,1.000000000,0.500000000,-0.187495232,-10.742685451,0.000000000,0.430281579,0.500000000,0.200000003,1.346624374,77.155893242,0.000000000,0.000199606,0.000000000,0.100000001
2026-07-05 12:29:52.396,1783225792.396726370,627.403399251,1,1,627.257189531,1,0.005462480,5,1,0.001344252,5,1,0,1,0,0,1,1,1,0,1,0,-1.000000000,0.000000000,0.000000000,0.000000000,0,-1.000000000,0,0,0,,0,-1.000000000,,0,0,0.000000000,0.000000000,0,-1.000000000,0,,0,-1.000000000,,0,-1.000000000,0,,1,-0.113160707,-6.483630921,0.007326126,-0.026862144,1,3.135058641,179.625628680,-0.002442360,-2.769229889,1,-2.865206957,-164.164266060,-0.002442360,2.659828186,1,-0.186350822,-10.677115635,-0.007326126,0.422466278,1,1.346240997,77.133927354,-0.012210846,-0.003663063,-0.113542177,-6.505487526,0.000000000,-0.000000000,6.000000000,2.500000000,3.150317430,180.499892894,0.000000000,-2.784898281,2.000000000,0.500000000,-2.867877245,-164.317262297,0.000000000,2.679786205,1.000000000,0.500000000,-0.187495232,-10.742685451,0.000000000,0.430281579,0.500000000,0.200000003,1.346624374,77.155893242,0.000000000,0.000199606,0.000000000,0.100000001
2026-07-05 12:29:53.396,1783225793.395851851,628.402524800,1,1,628.256315080,1,0.005477910,5,1,0.001272200,5,1,0,1,0,0,1,1,1,0,1,0,-1.000000000,0.000000000,0.000000000,0.000000000,0,-1.000000000,0,0,0,,0,-1.000000000,,0,0,0.000000000,0.000000000,0,-1.000000000,0,,0,-1.000000000,,0,-1.000000000,0,,1,-0.113160707,-6.483630921,0.007326126,-0.026862144,1,3.135058641,179.625628680,-0.002442360,-2.782905579,1,-2.865206957,-164.164266060,-0.002442360,2.673503876,1,-0.186350822,-10.677115635,-0.007326126,0.422466278,1,1.346240997,77.133927354,-0.036628723,-0.003663063,-0.113542177,-6.505487526,0.000000000,-0.000000000,6.000000000,2.500000000,3.150317430,180.499892894,0.000000000,-2.784898281,2.000000000,0.500000000,-2.867877245,-164.317262297,0.000000000,2.679786205,1.000000000,0.500000000,-0.187495232,-10.742685451,0.000000000,0.430281579,0.500000000,0.200000003,1.346624374,77.155893242,0.000000000,0.000199606,0.000000000,0.100000001
2026-07-05 12:29:54.395,1783225794.395080090,629.401753235,1,1,629.255543515,1,0.005624120,5,1,0.001199423,5,1,0,1,0,0,1,1,1,0,1,0,-1.000000000,0.000000000,0.000000000,0.000000000,0,-1.000000000,0,0,0,,0,-1.000000000,,0,0,0.000000000,0.000000000,0,-1.000000000,0,,0,-1.000000000,,0,-1.000000000,0,,1,-0.113160707,-6.483630921,-0.007326126,-0.026862144,1,3.135058641,179.625628680,-0.002442360,-2.769229889,1,-2.865206957,-164.164266060,-0.002442360,2.659828186,1,-0.186350822,-10.677115635,-0.007326126,0.422466278,1,1.346240997,77.133927354,-0.012210846,-0.003663063,-0.113542177,-6.505487526,0.000000000,-0.000000000,6.000000000,2.500000000,3.150317430,180.499892894,0.000000000,-2.784898281,2.000000000,0.500000000,-2.867877245,-164.317262297,0.000000000,2.679786205,1.000000000,0.500000000,-0.187495232,-10.742685451,0.000000000,0.430281579,0.500000000,0.200000003,1.346624374,77.155893242,0.000000000,0.000199606,0.000000000,0.100000001
2026-07-05 12:29:55.394,1783225795.394286633,630.400959398,1,1,630.254749678,1,0.005751040,5,1,0.001210731,5,1,0,1,0,0,1,1,1,0,1,0,-1.000000000,0.000000000,0.000000000,0.000000000,0,-1.000000000,0,0,0,,0,-1.000000000,,0,0,0.000000000,0.000000000,0,-1.000000000,0,,0,-1.000000000,,0,-1.000000000,0,,1,-0.113160707,-6.483630921,-0.007326126,-0.026862144,1,3.135058641,179.625628680,-0.002442360,-2.769229889,1,-2.865206957,-164.164266060,-0.002442360,2.659828186,1,-0.186350822,-10.677115635,-0.021978378,0.422466278,1,1.346624374,77.155893242,-0.012210846,-0.003663063,-0.113542177,-6.505487526,0.000000000,-0.000000000,6.000000000,2.500000000,3.150317430,180.499892894,0.000000000,-2.784898281,2.000000000,0.500000000,-2.867877245,-164.317262297,0.000000000,2.679786205,1.000000000,0.500000000,-0.187495232,-10.742685451,0.000000000,0.430281579,0.500000000,0.200000003,1.346624374,77.155893242,0.000000000,0.000199606,0.000000000,0.100000001
                                                                                                                                                                                                                                                                                                                                                                                                                                                                                                                                                                                                                                                                                                                                                                                                                                                                                                                                                                                                                                                                                                                                                                                                                                                                                                                                                                                                                                                                                                                                                                                                                                                                                                                                                                                                                                                                                                                                                                                                                                                                                                                                                                                                                                                                                                                                                                                                                                                                                                                                                                                                                                                                                                                                                                                                                                                                                                                                                                                                                                                                                                                                                                                                                                                                                                                                                                                                                                                                                                                                                                                                                                                                                                                                                                                             